{
"type": "FeatureCollection",
"name": "SULSEL_PAKET_9",
"crs": { "type": "name", "properties": { "name": "urn:ogc:def:crs:OGC:1.3:CRS84" } },
"features": [
{ "type": "Feature", "properties": { "OBJECTID": 1050, "WADMPR": "Sulawesi Selatan", "WADMKK": "Kab. Luwu Utara", "WADMKC": "Kec. Mappedeceng", "WADMKD": "Desa Tarra Tallu", "POKTAN": "Harappan Baru", "K_POKTAN": "Nurhayati", "P_SID": "Universitas Negeri Makassar", "NO_HP_1": "085240240757", "NAMA_PEMIL": "Isak R", "N_PETAK": "TT01", "LUAS_HA": 0.94149412418, "PAKET": "Paket Sulawesi Selatan 9" }, "geometry": { "type": "MultiPolygon", "coordinates": [ [ [ [ 120.378350995901769, -2.609395822758984, 0.0 ], [ 120.378110275269023, -2.609424161295976, 0.0 ], [ 120.37731017632359, -2.609518350891108, 0.0 ], [ 120.377080699015096, -2.608834143980516, 0.0 ], [ 120.377079134194787, -2.608829479197084, 0.0 ], [ 120.377242807209882, -2.608816203405013, 0.0 ], [ 120.377579922575478, -2.60878885861888, 0.0 ], [ 120.378245180770591, -2.608734926275758, 0.0 ], [ 120.378242855123744, -2.608867811899927, 0.0 ], [ 120.378312622729368, -2.609138229045982, 0.0 ], [ 120.378401924509262, -2.609389827878204, 0.0 ], [ 120.378350995901769, -2.609395822758984, 0.0 ] ] ] ] } },
{ "type": "Feature", "properties": { "OBJECTID": 1051, "WADMPR": "Sulawesi Selatan", "WADMKK": "Kab. Luwu Utara", "WADMKC": "Kec. Mappedeceng", "WADMKD": "Desa Tarra Tallu", "POKTAN": "Harappan Baru", "K_POKTAN": "Nurhayati", "P_SID": "Universitas Negeri Makassar", "NO_HP_1": "085240240757", "NAMA_PEMIL": "Hafsah", "N_PETAK": "TT02", "LUAS_HA": 0.16146523319, "PAKET": "Paket Sulawesi Selatan 9" }, "geometry": { "type": "MultiPolygon", "coordinates": [ [ [ [ 120.375739844917916, -2.600976762767345, 0.0 ], [ 120.375457783350043, -2.601031410071471, 0.0 ], [ 120.375362020840612, -2.600817281492311, 0.0 ], [ 120.375298277793377, -2.600646300586277, 0.0 ], [ 120.375613282427139, -2.600559219232537, 0.0 ], [ 120.375739844917916, -2.600976762767345, 0.0 ] ] ] ] } },
{ "type": "Feature", "properties": { "OBJECTID": 1052, "WADMPR": "Sulawesi Selatan", "WADMKK": "Kab. Luwu Utara", "WADMKC": "Kec. Mappedeceng", "WADMKD": "Desa Tarra Tallu", "POKTAN": "Harappan Baru", "K_POKTAN": "Nurhayati", "P_SID": "Universitas Negeri Makassar", "NO_HP_1": "085240240757", "NAMA_PEMIL": "Isak R 2", "N_PETAK": "TT03", "LUAS_HA": 1.89169521813, "PAKET": "Paket Sulawesi Selatan 9" }, "geometry": { "type": "MultiPolygon", "coordinates": [ [ [ [ 120.37601233050475, -2.600338180262781, 0.0 ], [ 120.375985583767715, -2.600197624320856, 0.0 ], [ 120.375860125644294, -2.599538336724834, 0.0 ], [ 120.375856973520627, -2.599521773910681, 0.0 ], [ 120.376308553696845, -2.599443951077433, 0.0 ], [ 120.376665406483426, -2.599382452737984, 0.0 ], [ 120.37778812642091, -2.599188968995691, 0.0 ], [ 120.377756731088311, -2.6000246199402, 0.0 ], [ 120.376012390759342, -2.600338495025483, 0.0 ], [ 120.37601233050475, -2.600338180262781, 0.0 ] ] ] ] } },
{ "type": "Feature", "properties": { "OBJECTID": 1053, "WADMPR": "Sulawesi Selatan", "WADMKK": "Kab. Luwu Utara", "WADMKC": "Kec. Mappedeceng", "WADMKD": "Desa Tarra Tallu", "POKTAN": "Harappan Baru", "K_POKTAN": "Nurhayati", "P_SID": "Universitas Negeri Makassar", "NO_HP_1": "085240240757", "NAMA_PEMIL": "Isak R 3", "N_PETAK": "TT04", "LUAS_HA": 2.5411852645100002, "PAKET": "Paket Sulawesi Selatan 9" }, "geometry": { "type": "MultiPolygon", "coordinates": [ [ [ [ 120.378800577784546, -2.598222640262577, 0.0 ], [ 120.378890824751807, -2.598193568778129, 0.0 ], [ 120.379123214065089, -2.59855829692782, 0.0 ], [ 120.379150611911314, -2.598608069007128, 0.0 ], [ 120.379463169489782, -2.599175884759234, 0.0 ], [ 120.379511737376788, -2.599264117245184, 0.0 ], [ 120.379507417933041, -2.599269308132023, 0.0 ], [ 120.379307854773742, -2.599509117751552, 0.0 ], [ 120.379047613456692, -2.599663331697343, 0.0 ], [ 120.378786576239577, -2.599798587035139, 0.0 ], [ 120.37862448243402, -2.599869095682152, 0.0 ], [ 120.378609473648339, -2.599817283041148, 0.0 ], [ 120.378394272177957, -2.599074406158877, 0.0 ], [ 120.378211551521986, -2.599088601058043, 0.0 ], [ 120.378105162623228, -2.599112380931615, 0.0 ], [ 120.37787854695739, -2.599134836103758, 0.0 ], [ 120.377859105413449, -2.599136763350884, 0.0 ], [ 120.377777874149615, -2.598697937359873, 0.0 ], [ 120.377744349222439, -2.59851682918827, 0.0 ], [ 120.377580300290674, -2.59763060576779, 0.0 ], [ 120.377586773610801, -2.597629576943348, 0.0 ], [ 120.377804098380466, -2.597595041178181, 0.0 ], [ 120.378034746606318, -2.597558388408856, 0.0 ], [ 120.378310535402989, -2.598380500959308, 0.0 ], [ 120.378800577784546, -2.598222640262577, 0.0 ] ] ] ] } },
{ "type": "Feature", "properties": { "OBJECTID": 1054, "WADMPR": "Sulawesi Selatan", "WADMKK": "Kab. Luwu Utara", "WADMKC": "Kec. Mappedeceng", "WADMKD": "Desa Tarra Tallu", "POKTAN": "Harappan Baru", "K_POKTAN": "Nurhayati", "P_SID": "Universitas Negeri Makassar", "NO_HP_1": "085240240757", "NAMA_PEMIL": "Ratnawati", "N_PETAK": "TT05", "LUAS_HA": 2.0014651833700001, "PAKET": "Paket Sulawesi Selatan 9" }, "geometry": { "type": "MultiPolygon", "coordinates": [ [ [ [ 120.383488782281574, -2.59793077878237, 0.0 ], [ 120.382863769647315, -2.598193844870025, 0.0 ], [ 120.382886110605568, -2.598316124789278, 0.0 ], [ 120.38288551345579, -2.598316364008951, 0.0 ], [ 120.382709752653, -2.598386630738389, 0.0 ], [ 120.382478277950213, -2.59847917007761, 0.0 ], [ 120.382081224568878, -2.597566154054732, 0.0 ], [ 120.382234061652639, -2.597477392767416, 0.0 ], [ 120.382454713913944, -2.597349248369085, 0.0 ], [ 120.382530942249218, -2.597292344665902, 0.0 ], [ 120.382581690992311, -2.597254461624061, 0.0 ], [ 120.383529830037673, -2.596869392608312, 0.0 ], [ 120.383786026204234, -2.597220660604933, 0.0 ], [ 120.383912892665876, -2.597752273248773, 0.0 ], [ 120.383488782281574, -2.59793077878237, 0.0 ] ] ] ] } },
{ "type": "Feature", "properties": { "OBJECTID": 1055, "WADMPR": "Sulawesi Selatan", "WADMKK": "Kab. Luwu Utara", "WADMKC": "Kec. Mappedeceng", "WADMKD": "Desa Tarra Tallu", "POKTAN": "Harappan Baru", "K_POKTAN": "Nurhayati", "P_SID": "Universitas Negeri Makassar", "NO_HP_1": "085240240757", "NAMA_PEMIL": "Ramla", "N_PETAK": "TT06", "LUAS_HA": 2.8814845352599998, "PAKET": "Paket Sulawesi Selatan 9" }, "geometry": { "type": "MultiPolygon", "coordinates": [ [ [ [ 120.389932981422021, -2.606662531250777, 0.0 ], [ 120.390068125243829, -2.606889815112822, 0.0 ], [ 120.390184060446131, -2.607049202858377, 0.0 ], [ 120.390198108755726, -2.607195233872915, 0.0 ], [ 120.390198198687926, -2.607196984852919, 0.0 ], [ 120.389573042162283, -2.607293435343706, 0.0 ], [ 120.389542469709227, -2.607299259353283, 0.0 ], [ 120.389499742019552, -2.607304822559456, 0.0 ], [ 120.389320789522912, -2.607328123993682, 0.0 ], [ 120.389302965859201, -2.607263236109418, 0.0 ], [ 120.389260099673947, -2.607107183050005, 0.0 ], [ 120.389255889048059, -2.607091854105761, 0.0 ], [ 120.389135268378027, -2.607126239684192, 0.0 ], [ 120.388860360017702, -2.607204612902535, 0.0 ], [ 120.388777375075847, -2.607090855858246, 0.0 ], [ 120.388773401871049, -2.606995804712597, 0.0 ], [ 120.388768878281212, -2.606887582096192, 0.0 ], [ 120.388798901248379, -2.606741181460336, 0.0 ], [ 120.38898531272207, -2.606755214481495, 0.0 ], [ 120.389027990949103, -2.606567650976274, 0.0 ], [ 120.389121215571663, -2.606416239317923, 0.0 ], [ 120.389180122964376, -2.606359380580898, 0.0 ], [ 120.389207232128115, -2.60619454294374, 0.0 ], [ 120.389276439456125, -2.605773729473981, 0.0 ], [ 120.389261894720676, -2.605520777162099, 0.0 ], [ 120.38926075348104, -2.605478376825602, 0.0 ], [ 120.389255957396585, -2.605417519702712, 0.0 ], [ 120.389188892253628, -2.60425119163915, 0.0 ], [ 120.38914487673469, -2.604088202108812, 0.0 ], [ 120.389161299254624, -2.604061670309761, 0.0 ], [ 120.389208711512879, -2.60398506785657, 0.0 ], [ 120.389228323928023, -2.603953382042903, 0.0 ], [ 120.389381500955551, -2.603814584275597, 0.0 ], [ 120.389415918909549, -2.603783396686367, 0.0 ], [ 120.389591848784903, -2.604127366684565, 0.0 ], [ 120.389702772964711, -2.604371872563831, 0.0 ], [ 120.389741501369258, -2.604683291600566, 0.0 ], [ 120.389730603384692, -2.605021389925184, 0.0 ], [ 120.389774853626704, -2.605226935374731, 0.0 ], [ 120.389909751933601, -2.605493744440707, 0.0 ], [ 120.390028250203613, -2.605705175053743, 0.0 ], [ 120.389780904265422, -2.606337759080247, 0.0 ], [ 120.389932981422021, -2.606662531250777, 0.0 ] ] ] ] } },
{ "type": "Feature", "properties": { "OBJECTID": 1056, "WADMPR": "Sulawesi Selatan", "WADMKK": "Kab. Luwu Utara", "WADMKC": "Kec. Mappedeceng", "WADMKD": "Desa Tarra Tallu", "POKTAN": "Harappan Baru", "K_POKTAN": "Nurhayati", "P_SID": "Universitas Negeri Makassar", "NO_HP_1": "085240240757", "NAMA_PEMIL": "Apriadi", "N_PETAK": "TT07", "LUAS_HA": 2.6137135860099998, "PAKET": "Paket Sulawesi Selatan 9" }, "geometry": { "type": "MultiPolygon", "coordinates": [ [ [ [ 120.379938208481576, -2.600936492025426, 0.0 ], [ 120.379945506479999, -2.601116323159715, 0.0 ], [ 120.380209139140561, -2.601482932691169, 0.0 ], [ 120.380307059123538, -2.601758877070495, 0.0 ], [ 120.380240410366696, -2.60177408640493, 0.0 ], [ 120.379298187961012, -2.601989119702068, 0.0 ], [ 120.379155854958753, -2.602090576718695, 0.0 ], [ 120.378164711232444, -2.602108186343685, 0.0 ], [ 120.3781547512408, -2.602042261541101, 0.0 ], [ 120.378113057771429, -2.601766293779406, 0.0 ], [ 120.37807848603336, -2.601537463982709, 0.0 ], [ 120.37800366783506, -2.601042248700765, 0.0 ], [ 120.378004099509667, -2.601042217224517, 0.0 ], [ 120.379717385349068, -2.600918393169252, 0.0 ], [ 120.379936829820849, -2.600902533625003, 0.0 ], [ 120.379938208481576, -2.600936492025426, 0.0 ] ] ] ] } },
{ "type": "Feature", "properties": { "OBJECTID": 1057, "WADMPR": "Sulawesi Selatan", "WADMKK": "Kab. Luwu Utara", "WADMKC": "Kec. Mappedeceng", "WADMKD": "Desa Tarra Tallu", "POKTAN": "Harappan Baru", "K_POKTAN": "Nurhayati", "P_SID": "Universitas Negeri Makassar", "NO_HP_1": "085240240757", "NAMA_PEMIL": "Isak R 4", "N_PETAK": "TT08", "LUAS_HA": 1.33299003295, "PAKET": "Paket Sulawesi Selatan 9" }, "geometry": { "type": "MultiPolygon", "coordinates": [ [ [ [ 120.378869312069128, -2.60287784323782, 0.0 ], [ 120.378871460549476, -2.602881677947039, 0.0 ], [ 120.378747483609573, -2.602888211521702, 0.0 ], [ 120.378279235398509, -2.602912888019318, 0.0 ], [ 120.37799081922094, -2.602928087461237, 0.0 ], [ 120.377513955504696, -2.602953218116454, 0.0 ], [ 120.377508665692403, -2.602939321792235, 0.0 ], [ 120.377464294041943, -2.602822761561129, 0.0 ], [ 120.377363442269143, -2.602557832078219, 0.0 ], [ 120.377193023439304, -2.602110128879303, 0.0 ], [ 120.378109607072815, -2.602059302794544, 0.0 ], [ 120.378173387891593, -2.602132363717544, 0.0 ], [ 120.378445943625479, -2.60212224544523, 0.0 ], [ 120.378869312069128, -2.60287784323782, 0.0 ] ] ] ] } },
{ "type": "Feature", "properties": { "OBJECTID": 1058, "WADMPR": "Sulawesi Selatan", "WADMKK": "Kab. Luwu Utara", "WADMKC": "Kec. Mappedeceng", "WADMKD": "Desa Tarra Tallu", "POKTAN": "Harappan Baru", "K_POKTAN": "Nurhayati", "P_SID": "Universitas Negeri Makassar", "NO_HP_1": "085240240757", "NAMA_PEMIL": "Yakub Barra", "N_PETAK": "TT09", "LUAS_HA": 2.0073530346399999, "PAKET": "Paket Sulawesi Selatan 9" }, "geometry": { "type": "MultiPolygon", "coordinates": [ [ [ [ 120.382991378049724, -2.609153129013634, 0.0 ], [ 120.383739390060896, -2.609155639021481, 0.0 ], [ 120.383867395963648, -2.609573920000344, 0.0 ], [ 120.383989637212039, -2.609973364678979, 0.0 ], [ 120.383948489631166, -2.610005587387889, 0.0 ], [ 120.38387510405289, -2.610008881604529, 0.0 ], [ 120.383200499203781, -2.61003916177782, 0.0 ], [ 120.382847813875628, -2.610054992543837, 0.0 ], [ 120.3819482238315, -2.610181480390963, 0.0 ], [ 120.381921628180635, -2.609776391567152, 0.0 ], [ 120.38247104919958, -2.609753324856001, 0.0 ], [ 120.382473018714904, -2.609494544937263, 0.0 ], [ 120.381916003820606, -2.609451825341409, 0.0 ], [ 120.381894609848473, -2.609149728676982, 0.0 ], [ 120.382991378049724, -2.609153129013634, 0.0 ] ] ] ] } },
{ "type": "Feature", "properties": { "OBJECTID": 1059, "WADMPR": "Sulawesi Selatan", "WADMKK": "Kab. Luwu Utara", "WADMKC": "Kec. Mappedeceng", "WADMKD": "Desa Tarra Tallu", "POKTAN": "Harappan Baru", "K_POKTAN": "Nurhayati", "P_SID": "Universitas Negeri Makassar", "NO_HP_1": "085240240757", "NAMA_PEMIL": "Hermin Rudi", "N_PETAK": "TT10", "LUAS_HA": 0.60414385984999996, "PAKET": "Paket Sulawesi Selatan 9" }, "geometry": { "type": "MultiPolygon", "coordinates": [ [ [ [ 120.383580122824469, -2.608633509728634, 0.0 ], [ 120.382875070528144, -2.608567480604677, 0.0 ], [ 120.381757082823128, -2.608462649331727, 0.0 ], [ 120.381727661502396, -2.608202438591604, 0.0 ], [ 120.383496246654545, -2.608336968176502, 0.0 ], [ 120.383580122824469, -2.608633509728634, 0.0 ] ] ] ] } },
{ "type": "Feature", "properties": { "OBJECTID": 1060, "WADMPR": "Sulawesi Selatan", "WADMKK": "Kab. Luwu Utara", "WADMKC": "Kec. Mappedeceng", "WADMKD": "Desa Tarra Tallu", "POKTAN": "Harappan Baru", "K_POKTAN": "Nurhayati", "P_SID": "Universitas Negeri Makassar", "NO_HP_1": "085240240757", "NAMA_PEMIL": "Lintje Sampe", "N_PETAK": "TT11", "LUAS_HA": 0.48903323712000002, "PAKET": "Paket Sulawesi Selatan 9" }, "geometry": { "type": "MultiPolygon", "coordinates": [ [ [ [ 120.383580122824469, -2.608633509728634, 0.0 ], [ 120.383739390060896, -2.609155639021481, 0.0 ], [ 120.382991378049724, -2.609153129013634, 0.0 ], [ 120.382875070528144, -2.608567480604677, 0.0 ], [ 120.383580122824469, -2.608633509728634, 0.0 ] ] ] ] } },
{ "type": "Feature", "properties": { "OBJECTID": 1061, "WADMPR": "Sulawesi Selatan", "WADMKK": "Kab. Luwu Utara", "WADMKC": "Kec. Mappedeceng", "WADMKD": "Desa Tarra Tallu", "POKTAN": "Harappan Baru", "K_POKTAN": "Nurhayati", "P_SID": "Universitas Negeri Makassar", "NO_HP_1": "085240240757", "NAMA_PEMIL": "Marten Badeng", "N_PETAK": "TT12", "LUAS_HA": 0.38449518164000002, "PAKET": "Paket Sulawesi Selatan 9" }, "geometry": { "type": "MultiPolygon", "coordinates": [ [ [ [ 120.378963293920947, -2.610690229570366, 0.0 ], [ 120.378929567545583, -2.610694020212804, 0.0 ], [ 120.378812099898596, -2.610306899843522, 0.0 ], [ 120.378851327426901, -2.610301580353621, 0.0 ], [ 120.379555555944194, -2.610206079546913, 0.0 ], [ 120.379709568441854, -2.610606354299762, 0.0 ], [ 120.378963293920947, -2.610690229570366, 0.0 ] ] ] ] } },
{ "type": "Feature", "properties": { "OBJECTID": 1062, "WADMPR": "Sulawesi Selatan", "WADMKK": "Kab. Luwu Utara", "WADMKC": "Kec. Mappedeceng", "WADMKD": "Desa Tarra Tallu", "POKTAN": "Harappan Baru", "K_POKTAN": "Nurhayati", "P_SID": "Universitas Negeri Makassar", "NO_HP_1": "085240240757", "NAMA_PEMIL": "Yohana Tumba", "N_PETAK": "TT13", "LUAS_HA": 1.1467426460200001, "PAKET": "Paket Sulawesi Selatan 9" }, "geometry": { "type": "MultiPolygon", "coordinates": [ [ [ [ 120.380012753285996, -2.604589741423354, 0.0 ], [ 120.379920271503352, -2.604290511797615, 0.0 ], [ 120.379912632661899, -2.604265798427832, 0.0 ], [ 120.379914554513107, -2.60426520037862, 0.0 ], [ 120.381421159958677, -2.603796344225884, 0.0 ], [ 120.381710441283872, -2.604658127670405, 0.0 ], [ 120.380968129175926, -2.604947158984146, 0.0 ], [ 120.380967765849732, -2.604936400394536, 0.0 ], [ 120.380967122834477, -2.6049173617468, 0.0 ], [ 120.380998080197287, -2.604903251383917, 0.0 ], [ 120.381024254066119, -2.604891320977629, 0.0 ], [ 120.381017093664013, -2.604821355521096, 0.0 ], [ 120.380963347480588, -2.604296213499424, 0.0 ], [ 120.380048454572602, -2.604578717533741, 0.0 ], [ 120.380012753285996, -2.604589741423354, 0.0 ] ] ] ] } },
{ "type": "Feature", "properties": { "OBJECTID": 1063, "WADMPR": "Sulawesi Selatan", "WADMKK": "Kab. Luwu Utara", "WADMKC": "Kec. Mappedeceng", "WADMKD": "Desa Tarra Tallu", "POKTAN": "Harappan Baru", "K_POKTAN": "Nurhayati", "P_SID": "Universitas Negeri Makassar", "NO_HP_1": "085240240757", "NAMA_PEMIL": "Yohanes Minggu", "N_PETAK": "TT14", "LUAS_HA": 0.58035557004000005, "PAKET": "Paket Sulawesi Selatan 9" }, "geometry": { "type": "MultiPolygon", "coordinates": [ [ [ [ 120.384812596923894, -2.604146312702142, 0.0 ], [ 120.385088807502484, -2.604477965585602, 0.0 ], [ 120.385602520040379, -2.604392903209884, 0.0 ], [ 120.385702021930797, -2.604618369542095, 0.0 ], [ 120.385420504452782, -2.604784439250409, 0.0 ], [ 120.385204512478367, -2.604840199915259, 0.0 ], [ 120.385066180559875, -2.604854745550028, 0.0 ], [ 120.384928697601367, -2.604819341039729, 0.0 ], [ 120.384798977590776, -2.604769971856683, 0.0 ], [ 120.384633411502818, -2.604630192928994, 0.0 ], [ 120.384405477430846, -2.604380363962605, 0.0 ], [ 120.384812596923894, -2.604146312702142, 0.0 ] ] ] ] } },
{ "type": "Feature", "properties": { "OBJECTID": 1064, "WADMPR": "Sulawesi Selatan", "WADMKK": "Kab. Luwu Utara", "WADMKC": "Kec. Mappedeceng", "WADMKD": "Desa Tarra Tallu", "POKTAN": "Harappan Baru", "K_POKTAN": "Nurhayati", "P_SID": "Universitas Negeri Makassar", "NO_HP_1": "085240240757", "NAMA_PEMIL": "Anthon Matongan", "N_PETAK": "TT15", "LUAS_HA": 1.3163807995400001, "PAKET": "Paket Sulawesi Selatan 9" }, "geometry": { "type": "MultiPolygon", "coordinates": [ [ [ [ 120.377972759935005, -2.60103934568923, 0.0 ], [ 120.377975419230324, -2.60105035518967, 0.0 ], [ 120.376824982187259, -2.601269198914338, 0.0 ], [ 120.376817407197677, -2.601228269868727, 0.0 ], [ 120.376653327688928, -2.600341711900455, 0.0 ], [ 120.376651004740097, -2.600329159163323, 0.0 ], [ 120.377414696431174, -2.600214306744817, 0.0 ], [ 120.377760870667657, -2.600162244991566, 0.0 ], [ 120.377972759935005, -2.60103934568923, 0.0 ] ] ] ] } },
{ "type": "Feature", "properties": { "OBJECTID": 1065, "WADMPR": "Sulawesi Selatan", "WADMKK": "Kab. Luwu Utara", "WADMKC": "Kec. Mappedeceng", "WADMKD": "Desa Tarra Tallu", "POKTAN": "Harappan Baru", "K_POKTAN": "Nurhayati", "P_SID": "Universitas Negeri Makassar", "NO_HP_1": "085240240757", "NAMA_PEMIL": "Imelda", "N_PETAK": "TT16", "LUAS_HA": 0.15716899466000001, "PAKET": "Paket Sulawesi Selatan 9" }, "geometry": { "type": "MultiPolygon", "coordinates": [ [ [ [ 120.378138263969731, -2.599930529270466, 0.0 ], [ 120.378141768627756, -2.599977338982967, 0.0 ], [ 120.377807108411389, -2.600015732839779, 0.0 ], [ 120.377807854848697, -2.599618087704528, 0.0 ], [ 120.37780901947076, -2.599617933920456, 0.0 ], [ 120.378111876961611, -2.599578079564651, 0.0 ], [ 120.378138263969731, -2.599930529270466, 0.0 ] ] ] ] } },
{ "type": "Feature", "properties": { "OBJECTID": 1066, "WADMPR": "Sulawesi Selatan", "WADMKK": "Kab. Luwu Utara", "WADMKC": "Kec. Mappedeceng", "WADMKD": "Desa Tarra Tallu", "POKTAN": "Harappan Baru", "K_POKTAN": "Nurhayati", "P_SID": "Universitas Negeri Makassar", "NO_HP_1": "085240240757", "NAMA_PEMIL": "Yulius Tangkin", "N_PETAK": "TT17", "LUAS_HA": 0.27239804326, "PAKET": "Paket Sulawesi Selatan 9" }, "geometry": { "type": "MultiPolygon", "coordinates": [ [ [ [ 120.377363442269143, -2.602557832078219, 0.0 ], [ 120.377348421792249, -2.602558515562976, 0.0 ], [ 120.3768621367783, -2.602580650576499, 0.0 ], [ 120.376859333591483, -2.602580778280242, 0.0 ], [ 120.376841307580321, -2.602516633236007, 0.0 ], [ 120.376730604633735, -2.602122704998806, 0.0 ], [ 120.377193023439304, -2.602110128879303, 0.0 ], [ 120.377363442269143, -2.602557832078219, 0.0 ] ] ] ] } },
{ "type": "Feature", "properties": { "OBJECTID": 3537, "WADMPR": "Sulawesi Selatan", "WADMKK": "Kab. Luwu Utara", "WADMKC": "Kec. Mappedeceng", "WADMKD": "Desa Benteng", "POKTAN": "Gapoktan Muda Usaha", "K_POKTAN": "Amir Billa", "P_SID": "Universitas Negeri Makassar", "NO_HP_1": null, "NAMA_PEMIL": "Pemerintah Desa", "N_PETAK": "BEB001", "LUAS_HA": 0.4334239758, "PAKET": "Paket Sulawesi Selatan 9" }, "geometry": { "type": "MultiPolygon", "coordinates": [ [ [ [ 120.37884903865222, -2.570132272985973, 0.0 ], [ 120.37891467027589, -2.57070284156282, 0.0 ], [ 120.378263546725407, -2.570652541581467, 0.0 ], [ 120.37821608410502, -2.570119617726107, 0.0 ], [ 120.37884903865222, -2.570132272985973, 0.0 ] ] ] ] } },
{ "type": "Feature", "properties": { "OBJECTID": 3538, "WADMPR": "Sulawesi Selatan", "WADMKK": "Kab. Luwu Utara", "WADMKC": "Kec. Mappedeceng", "WADMKD": "Desa Benteng", "POKTAN": "Gapoktan Muda Usaha", "K_POKTAN": "Amir Billa", "P_SID": "Universitas Negeri Makassar", "NO_HP_1": null, "NAMA_PEMIL": "Pemerintah Desa", "N_PETAK": "BEB002", "LUAS_HA": 0.95977204447999998, "PAKET": "Paket Sulawesi Selatan 9" }, "geometry": { "type": "MultiPolygon", "coordinates": [ [ [ [ 120.37884903865222, -2.570132272985973, 0.0 ], [ 120.37821608410502, -2.570119617726107, 0.0 ], [ 120.37776102265309, -2.570110036349035, 0.0 ], [ 120.377710884549742, -2.569484467034499, 0.0 ], [ 120.37877247576921, -2.5693144924698, 0.0 ], [ 120.37884903865222, -2.570132272985973, 0.0 ] ] ] ] } },
{ "type": "Feature", "properties": { "OBJECTID": 3539, "WADMPR": "Sulawesi Selatan", "WADMKK": "Kab. Luwu Utara", "WADMKC": "Kec. Mappedeceng", "WADMKD": "Desa Benteng", "POKTAN": "Gapoktan Muda Usaha", "K_POKTAN": "Amir Billa", "P_SID": "Universitas Negeri Makassar", "NO_HP_1": null, "NAMA_PEMIL": "Pemerintah Desa", "N_PETAK": "BEB003", "LUAS_HA": 0.76598594356000005, "PAKET": "Paket Sulawesi Selatan 9" }, "geometry": { "type": "MultiPolygon", "coordinates": [ [ [ [ 120.37891467027589, -2.57070284156282, 0.0 ], [ 120.379022789470241, -2.571651563368903, 0.0 ], [ 120.378564826805359, -2.571603885810646, 0.0 ], [ 120.378333303539193, -2.571577126483135, 0.0 ], [ 120.378288161169735, -2.570978783244186, 0.0 ], [ 120.378263546725407, -2.570652541581467, 0.0 ], [ 120.37891467027589, -2.57070284156282, 0.0 ] ] ] ] } },
{ "type": "Feature", "properties": { "OBJECTID": 3540, "WADMPR": "Sulawesi Selatan", "WADMKK": "Kab. Luwu Utara", "WADMKC": "Kec. Mappedeceng", "WADMKD": "Desa Benteng", "POKTAN": "Gapoktan Muda Usaha", "K_POKTAN": "Amir Billa", "P_SID": "Universitas Negeri Makassar", "NO_HP_1": null, "NAMA_PEMIL": "Pemerintah Desa", "N_PETAK": "BEB004", "LUAS_HA": 0.53885652261999994, "PAKET": "Paket Sulawesi Selatan 9" }, "geometry": { "type": "MultiPolygon", "coordinates": [ [ [ [ 120.37779725813698, -2.569441866149134, 0.0 ], [ 120.377802889691679, -2.568940975245766, 0.0 ], [ 120.37869035237793, -2.56880722717176, 0.0 ], [ 120.378742897067127, -2.569254308039831, 0.0 ], [ 120.37779725813698, -2.569441866149134, 0.0 ] ] ] ] } },
{ "type": "Feature", "properties": { "OBJECTID": 3541, "WADMPR": "Sulawesi Selatan", "WADMKK": "Kab. Luwu Utara", "WADMKC": "Kec. Mappedeceng", "WADMKD": "Desa Benteng", "POKTAN": "Gapoktan Muda Usaha", "K_POKTAN": "Amir Billa", "P_SID": "Universitas Negeri Makassar", "NO_HP_1": null, "NAMA_PEMIL": "Pemerintah Desa", "N_PETAK": "BEB005", "LUAS_HA": 0.50386965301999997, "PAKET": "Paket Sulawesi Selatan 9" }, "geometry": { "type": "MultiPolygon", "coordinates": [ [ [ [ 120.37821608410502, -2.570119617726107, 0.0 ], [ 120.378263546725407, -2.570652541581467, 0.0 ], [ 120.378288161169735, -2.570978783244186, 0.0 ], [ 120.377789322519334, -2.570962965968079, 0.0 ], [ 120.377773850582798, -2.570561080529387, 0.0 ], [ 120.37776102265309, -2.570110036349035, 0.0 ], [ 120.37821608410502, -2.570119617726107, 0.0 ] ] ] ] } },
{ "type": "Feature", "properties": { "OBJECTID": 3542, "WADMPR": "Sulawesi Selatan", "WADMKK": "Kab. Luwu Utara", "WADMKC": "Kec. Mappedeceng", "WADMKD": "Desa Benteng", "POKTAN": "Gapoktan Muda Usaha", "K_POKTAN": "Amir Billa", "P_SID": "Universitas Negeri Makassar", "NO_HP_1": null, "NAMA_PEMIL": "Pemerintah Desa", "N_PETAK": "BEB006", "LUAS_HA": 0.36279685344000001, "PAKET": "Paket Sulawesi Selatan 9" }, "geometry": { "type": "MultiPolygon", "coordinates": [ [ [ [ 120.378333303539193, -2.571577126483135, 0.0 ], [ 120.37780151822551, -2.571515665015909, 0.0 ], [ 120.377792045666411, -2.571129132803208, 0.0 ], [ 120.377789322519334, -2.570962965968079, 0.0 ], [ 120.378288125196832, -2.570981306741885, 0.0 ], [ 120.378333303539193, -2.571577126483135, 0.0 ] ] ] ] } },
{ "type": "Feature", "properties": { "OBJECTID": 3543, "WADMPR": "Sulawesi Selatan", "WADMKK": "Kab. Luwu Utara", "WADMKC": "Kec. Mappedeceng", "WADMKD": "Desa Benteng", "POKTAN": "Gapoktan Muda Usaha", "K_POKTAN": "Amir Billa", "P_SID": "Universitas Negeri Makassar", "NO_HP_1": null, "NAMA_PEMIL": "Pemerintah Desa", "N_PETAK": "BEB007", "LUAS_HA": 0.44953820119, "PAKET": "Paket Sulawesi Selatan 9" }, "geometry": { "type": "MultiPolygon", "coordinates": [ [ [ [ 120.379022789470241, -2.571651563368903, 0.0 ], [ 120.379094094017319, -2.572393712699636, 0.0 ], [ 120.378607107532048, -2.57234195221929, 0.0 ], [ 120.378522931887915, -2.572292815960623, 0.0 ], [ 120.378576789587214, -2.571978451644156, 0.0 ], [ 120.378572513310928, -2.571953378545516, 0.0 ], [ 120.378564826805359, -2.571603885810646, 0.0 ], [ 120.379022789470241, -2.571651563368903, 0.0 ] ] ] ] } },
{ "type": "Feature", "properties": { "OBJECTID": 3544, "WADMPR": "Sulawesi Selatan", "WADMKK": "Kab. Luwu Utara", "WADMKC": "Kec. Mappedeceng", "WADMKD": "Desa Benteng", "POKTAN": "Gapoktan Muda Usaha", "K_POKTAN": "Amir Billa", "P_SID": "Universitas Negeri Makassar", "NO_HP_1": null, "NAMA_PEMIL": "Pemerintah Desa", "N_PETAK": "BEB008", "LUAS_HA": 0.35334589704000002, "PAKET": "Paket Sulawesi Selatan 9" }, "geometry": { "type": "MultiPolygon", "coordinates": [ [ [ [ 120.37780151822551, -2.571515665015909, 0.0 ], [ 120.378333303539193, -2.571577126483135, 0.0 ], [ 120.378564826805359, -2.571603885810646, 0.0 ], [ 120.378572513310928, -2.571953378545516, 0.0 ], [ 120.378215897046061, -2.571900587442087, 0.0 ], [ 120.377683135968027, -2.57181981123523, 0.0 ], [ 120.377734996273148, -2.571504120418751, 0.0 ], [ 120.37780151822551, -2.571515665015909, 0.0 ] ] ] ] } },
{ "type": "Feature", "properties": { "OBJECTID": 3545, "WADMPR": "Sulawesi Selatan", "WADMKK": "Kab. Luwu Utara", "WADMKC": "Kec. Mappedeceng", "WADMKD": "Desa Benteng", "POKTAN": "Gapoktan Muda Usaha", "K_POKTAN": "Amir Billa", "P_SID": "Universitas Negeri Makassar", "NO_HP_1": null, "NAMA_PEMIL": "Pemerintah Desa", "N_PETAK": "BEB009", "LUAS_HA": 0.12685652478000001, "PAKET": "Paket Sulawesi Selatan 9" }, "geometry": { "type": "MultiPolygon", "coordinates": [ [ [ [ 120.378572513310928, -2.571953378545516, 0.0 ], [ 120.378576789587214, -2.571978451644156, 0.0 ], [ 120.378522931887915, -2.572292815960623, 0.0 ], [ 120.378400023342465, -2.572189695198233, 0.0 ], [ 120.378178812602187, -2.572186760710395, 0.0 ], [ 120.378215897046061, -2.571900587442087, 0.0 ], [ 120.378572513310928, -2.571953378545516, 0.0 ] ] ] ] } },
{ "type": "Feature", "properties": { "OBJECTID": 3546, "WADMPR": "Sulawesi Selatan", "WADMKK": "Kab. Luwu Utara", "WADMKC": "Kec. Mappedeceng", "WADMKD": "Desa Benteng", "POKTAN": "Gapoktan Muda Usaha", "K_POKTAN": "Amir Billa", "P_SID": "Universitas Negeri Makassar", "NO_HP_1": null, "NAMA_PEMIL": "Pemerintah Desa", "N_PETAK": "BEB010", "LUAS_HA": 0.21147420506, "PAKET": "Paket Sulawesi Selatan 9" }, "geometry": { "type": "MultiPolygon", "coordinates": [ [ [ [ 120.378215897046061, -2.571900587442087, 0.0 ], [ 120.378178719072707, -2.572179442027561, 0.0 ], [ 120.37765834795448, -2.572190009061615, 0.0 ], [ 120.377683135968027, -2.57181981123523, 0.0 ], [ 120.378215897046061, -2.571900587442087, 0.0 ] ] ] ] } },
{ "type": "Feature", "properties": { "OBJECTID": 3547, "WADMPR": "Sulawesi Selatan", "WADMKK": "Kab. Luwu Utara", "WADMKC": "Kec. Mappedeceng", "WADMKD": "Desa Benteng", "POKTAN": "Gapoktan Muda Usaha", "K_POKTAN": "Amir Billa", "P_SID": "Universitas Negeri Makassar", "NO_HP_1": null, "NAMA_PEMIL": "Pemerintah Desa", "N_PETAK": "BEB011", "LUAS_HA": 0.40945375472000001, "PAKET": "Paket Sulawesi Selatan 9" }, "geometry": { "type": "MultiPolygon", "coordinates": [ [ [ [ 120.377580400115448, -2.570106250203253, 0.0 ], [ 120.377597083438673, -2.570546223729195, 0.0 ], [ 120.377608486842291, -2.570827827542132, 0.0 ], [ 120.377275958918403, -2.570828580274735, 0.0 ], [ 120.377275581203207, -2.570127165736039, 0.0 ], [ 120.377255911231373, -2.569778125360131, 0.0 ], [ 120.377567886948441, -2.569767929746092, 0.0 ], [ 120.377580400115448, -2.570106250203253, 0.0 ] ] ] ] } },
{ "type": "Feature", "properties": { "OBJECTID": 3548, "WADMPR": "Sulawesi Selatan", "WADMKK": "Kab. Luwu Utara", "WADMKC": "Kec. Mappedeceng", "WADMKD": "Desa Benteng", "POKTAN": "Gapoktan Muda Usaha", "K_POKTAN": "Amir Billa", "P_SID": "Universitas Negeri Makassar", "NO_HP_1": null, "NAMA_PEMIL": "Pemerintah Desa", "N_PETAK": "BEB012", "LUAS_HA": 0.09772759709000001, "PAKET": "Paket Sulawesi Selatan 9" }, "geometry": { "type": "MultiPolygon", "coordinates": [ [ [ [ 120.37776102265309, -2.570110036349035, 0.0 ], [ 120.377773850582798, -2.570561080529387, 0.0 ], [ 120.377597083438673, -2.570546223729195, 0.0 ], [ 120.377580400115448, -2.570106250203253, 0.0 ], [ 120.37776102265309, -2.570110036349035, 0.0 ] ] ] ] } },
{ "type": "Feature", "properties": { "OBJECTID": 3549, "WADMPR": "Sulawesi Selatan", "WADMKK": "Kab. Luwu Utara", "WADMKC": "Kec. Mappedeceng", "WADMKD": "Desa Benteng", "POKTAN": "Gapoktan Muda Usaha", "K_POKTAN": "Amir Billa", "P_SID": "Universitas Negeri Makassar", "NO_HP_1": null, "NAMA_PEMIL": "Pemerintah Desa", "N_PETAK": "BEB013", "LUAS_HA": 0.1234021859, "PAKET": "Paket Sulawesi Selatan 9" }, "geometry": { "type": "MultiPolygon", "coordinates": [ [ [ [ 120.377773850582798, -2.570561080529387, 0.0 ], [ 120.377789322519334, -2.570962965968079, 0.0 ], [ 120.377792045666411, -2.571129132803208, 0.0 ], [ 120.377617795724746, -2.571120013677614, 0.0 ], [ 120.377608486842291, -2.570827827542132, 0.0 ], [ 120.377597083438673, -2.570546223729195, 0.0 ], [ 120.377773850582798, -2.570561080529387, 0.0 ] ] ] ] } },
{ "type": "Feature", "properties": { "OBJECTID": 3550, "WADMPR": "Sulawesi Selatan", "WADMKK": "Kab. Luwu Utara", "WADMKC": "Kec. Mappedeceng", "WADMKD": "Desa Benteng", "POKTAN": "Gapoktan Muda Usaha", "K_POKTAN": "Amir Billa", "P_SID": "Universitas Negeri Makassar", "NO_HP_1": null, "NAMA_PEMIL": "Pemerintah Desa", "N_PETAK": "BEB014", "LUAS_HA": 0.33415285711999998, "PAKET": "Paket Sulawesi Selatan 9" }, "geometry": { "type": "MultiPolygon", "coordinates": [ [ [ [ 120.377255911231373, -2.569778125360131, 0.0 ], [ 120.377275581203207, -2.570127165736039, 0.0 ], [ 120.376694379941796, -2.570103153837408, 0.0 ], [ 120.376765376920616, -2.569636344541607, 0.0 ], [ 120.377240093055889, -2.569565561601337, 0.0 ], [ 120.377255911231373, -2.569778125360131, 0.0 ] ] ] ] } },
{ "type": "Feature", "properties": { "OBJECTID": 3551, "WADMPR": "Sulawesi Selatan", "WADMKK": "Kab. Luwu Utara", "WADMKC": "Kec. Mappedeceng", "WADMKD": "Desa Benteng", "POKTAN": "Gapoktan Muda Usaha", "K_POKTAN": "Amir Billa", "P_SID": "Universitas Negeri Makassar", "NO_HP_1": null, "NAMA_PEMIL": "Pemerintah Desa", "N_PETAK": "BEB015", "LUAS_HA": 0.90567815518000006, "PAKET": "Paket Sulawesi Selatan 9" }, "geometry": { "type": "MultiPolygon", "coordinates": [ [ [ [ 120.377275581203207, -2.570127165736039, 0.0 ], [ 120.377275958918403, -2.570828580274735, 0.0 ], [ 120.377278324135432, -2.571035499888353, 0.0 ], [ 120.377227140120453, -2.571188909840259, 0.0 ], [ 120.377135304950457, -2.571274062148177, 0.0 ], [ 120.37654540184883, -2.57122216766885, 0.0 ], [ 120.376597967222438, -2.570850793529246, 0.0 ], [ 120.376694379941796, -2.570103153837408, 0.0 ], [ 120.377275581203207, -2.570127165736039, 0.0 ] ] ] ] } },
{ "type": "Feature", "properties": { "OBJECTID": 3552, "WADMPR": "Sulawesi Selatan", "WADMKK": "Kab. Luwu Utara", "WADMKC": "Kec. Mappedeceng", "WADMKD": "Desa Benteng", "POKTAN": "Gapoktan Muda Usaha", "K_POKTAN": "Amir Billa", "P_SID": "Universitas Negeri Makassar", "NO_HP_1": null, "NAMA_PEMIL": "Pemerintah Desa", "N_PETAK": "BEB016", "LUAS_HA": 0.16904041034, "PAKET": "Paket Sulawesi Selatan 9" }, "geometry": { "type": "MultiPolygon", "coordinates": [ [ [ [ 120.379159397388321, -2.569783274878205, 0.0 ], [ 120.378900433108583, -2.569826146459434, 0.0 ], [ 120.378851615209896, -2.56929171893762, 0.0 ], [ 120.379086854474849, -2.569251361860836, 0.0 ], [ 120.379153844973985, -2.569654560309687, 0.0 ], [ 120.379159397388321, -2.569783274878205, 0.0 ] ] ] ] } },
{ "type": "Feature", "properties": { "OBJECTID": 3553, "WADMPR": "Sulawesi Selatan", "WADMKK": "Kab. Luwu Utara", "WADMKC": "Kec. Mappedeceng", "WADMKD": "Desa Benteng", "POKTAN": "Gapoktan Muda Usaha", "K_POKTAN": "Amir Billa", "P_SID": "Universitas Negeri Makassar", "NO_HP_1": null, "NAMA_PEMIL": "Pemerintah Desa", "N_PETAK": "BEB017", "LUAS_HA": 0.4114895416, "PAKET": "Paket Sulawesi Selatan 9" }, "geometry": { "type": "MultiPolygon", "coordinates": [ [ [ [ 120.379550906449253, -2.570842405552526, 0.0 ], [ 120.379020369394539, -2.57081592321623, 0.0 ], [ 120.378927242798113, -2.569991157665754, 0.0 ], [ 120.379222362522114, -2.569974559778075, 0.0 ], [ 120.379306753104288, -2.570280945309321, 0.0 ], [ 120.379550906449253, -2.570842405552526, 0.0 ] ] ] ] } },
{ "type": "Feature", "properties": { "OBJECTID": 3554, "WADMPR": "Sulawesi Selatan", "WADMKK": "Kab. Luwu Utara", "WADMKC": "Kec. Mappedeceng", "WADMKD": "Desa Benteng", "POKTAN": "Gapoktan Muda Usaha", "K_POKTAN": "Amir Billa", "P_SID": "Universitas Negeri Makassar", "NO_HP_1": null, "NAMA_PEMIL": "Pemerintah Desa", "N_PETAK": "BEB018", "LUAS_HA": 0.40841455047000003, "PAKET": "Paket Sulawesi Selatan 9" }, "geometry": { "type": "MultiPolygon", "coordinates": [ [ [ [ 120.377537138228377, -2.571502940508253, 0.0 ], [ 120.377734996273148, -2.571504120418751, 0.0 ], [ 120.377683135968027, -2.57181981123523, 0.0 ], [ 120.37765834795448, -2.572190009061615, 0.0 ], [ 120.377202063424534, -2.57221773516028, 0.0 ], [ 120.37722971667813, -2.571493324956919, 0.0 ], [ 120.377537138228377, -2.571502940508253, 0.0 ] ] ] ] } },
{ "type": "Feature", "properties": { "OBJECTID": 3555, "WADMPR": "Sulawesi Selatan", "WADMKK": "Kab. Luwu Utara", "WADMKC": "Kec. Mappedeceng", "WADMKD": "Desa Benteng", "POKTAN": "Gapoktan Muda Usaha", "K_POKTAN": "Amir Billa", "P_SID": "Universitas Negeri Makassar", "NO_HP_1": null, "NAMA_PEMIL": "Pemerintah Desa", "N_PETAK": "BEB019", "LUAS_HA": 0.11181351625, "PAKET": "Paket Sulawesi Selatan 9" }, "geometry": { "type": "MultiPolygon", "coordinates": [ [ [ [ 120.377617795724746, -2.571120013677614, 0.0 ], [ 120.377792045666411, -2.571129132803208, 0.0 ], [ 120.37780151822551, -2.571515665015909, 0.0 ], [ 120.377734996273148, -2.571504120418751, 0.0 ], [ 120.377537138228377, -2.571502940508253, 0.0 ], [ 120.377580329968282, -2.571117750983376, 0.0 ], [ 120.377617795724746, -2.571120013677614, 0.0 ] ] ] ] } },
{ "type": "Feature", "properties": { "OBJECTID": 3556, "WADMPR": "Sulawesi Selatan", "WADMKK": "Kab. Luwu Utara", "WADMKC": "Kec. Mappedeceng", "WADMKD": "Desa Benteng", "POKTAN": "Gapoktan Muda Usaha", "K_POKTAN": "Amir Billa", "P_SID": "Universitas Negeri Makassar", "NO_HP_1": null, "NAMA_PEMIL": "Pemerintah Desa", "N_PETAK": "BEB020", "LUAS_HA": 0.2746414157, "PAKET": "Paket Sulawesi Selatan 9" }, "geometry": { "type": "MultiPolygon", "coordinates": [ [ [ [ 120.377617795724746, -2.571120013677614, 0.0 ], [ 120.377580329968282, -2.571117750983376, 0.0 ], [ 120.377537138228377, -2.571502940508253, 0.0 ], [ 120.37722971667813, -2.571493324956919, 0.0 ], [ 120.377227140120453, -2.571188909840259, 0.0 ], [ 120.377278324135432, -2.571035499888353, 0.0 ], [ 120.377275958918403, -2.570828580274735, 0.0 ], [ 120.377608486842291, -2.570827827542132, 0.0 ], [ 120.377617795724746, -2.571120013677614, 0.0 ] ] ] ] } },
{ "type": "Feature", "properties": { "OBJECTID": 3557, "WADMPR": "Sulawesi Selatan", "WADMKK": "Kab. Luwu Utara", "WADMKC": "Kec. Mappedeceng", "WADMKD": "Desa Benteng", "POKTAN": "Gapoktan Muda Usaha", "K_POKTAN": "Amir Billa", "P_SID": "Universitas Negeri Makassar", "NO_HP_1": null, "NAMA_PEMIL": "Pemerintah Desa", "N_PETAK": "BEB021", "LUAS_HA": 0.3646827095, "PAKET": "Paket Sulawesi Selatan 9" }, "geometry": { "type": "MultiPolygon", "coordinates": [ [ [ [ 120.377492072301379, -2.572815412900923, 0.0 ], [ 120.377170621327195, -2.572571969121043, 0.0 ], [ 120.376876608668567, -2.57247328291561, 0.0 ], [ 120.376613538084371, -2.572417493472472, 0.0 ], [ 120.376616956407474, -2.572255941058813, 0.0 ], [ 120.377140350147101, -2.572257213599471, 0.0 ], [ 120.377593177683025, -2.572254718880117, 0.0 ], [ 120.377492072301379, -2.572815412900923, 0.0 ] ] ] ] } },
{ "type": "Feature", "properties": { "OBJECTID": 3558, "WADMPR": "Sulawesi Selatan", "WADMKK": "Kab. Luwu Utara", "WADMKC": "Kec. Mappedeceng", "WADMKD": "Desa Benteng", "POKTAN": "Gapoktan Muda Usaha", "K_POKTAN": "Amir Billa", "P_SID": "Universitas Negeri Makassar", "NO_HP_1": null, "NAMA_PEMIL": "Pemerintah Desa", "N_PETAK": "BEB022", "LUAS_HA": 0.74021530235, "PAKET": "Paket Sulawesi Selatan 9" }, "geometry": { "type": "MultiPolygon", "coordinates": [ [ [ [ 120.37722971667813, -2.571493324956919, 0.0 ], [ 120.377202063424534, -2.57221773516028, 0.0 ], [ 120.376548089023117, -2.572167936101323, 0.0 ], [ 120.376652208033079, -2.571543171679991, 0.0 ], [ 120.376530633182256, -2.5714570633927, 0.0 ], [ 120.37654540184883, -2.57122216766885, 0.0 ], [ 120.377135304950457, -2.571274062148177, 0.0 ], [ 120.377227140120453, -2.571188909840259, 0.0 ], [ 120.37722971667813, -2.571493324956919, 0.0 ] ] ] ] } },
{ "type": "Feature", "properties": { "OBJECTID": 3559, "WADMPR": "Sulawesi Selatan", "WADMKK": "Kab. Luwu Utara", "WADMKC": "Kec. Mappedeceng", "WADMKD": "Desa Benteng", "POKTAN": "Gapoktan Muda Usaha", "K_POKTAN": "Amir Billa", "P_SID": "Universitas Negeri Makassar", "NO_HP_1": null, "NAMA_PEMIL": "Pemerintah Desa", "N_PETAK": "BEB023", "LUAS_HA": 0.22598872664, "PAKET": "Paket Sulawesi Selatan 9" }, "geometry": { "type": "MultiPolygon", "coordinates": [ [ [ [ 120.377837256384282, -2.572809338879836, 0.0 ], [ 120.377492072301379, -2.572815412900923, 0.0 ], [ 120.377593177683025, -2.572254718880117, 0.0 ], [ 120.377904625498104, -2.572246986509185, 0.0 ], [ 120.377837256384282, -2.572809338879836, 0.0 ] ] ] ] } },
{ "type": "Feature", "properties": { "OBJECTID": 3560, "WADMPR": "Sulawesi Selatan", "WADMKK": "Kab. Luwu Utara", "WADMKC": "Kec. Mappedeceng", "WADMKD": "Desa Benteng", "POKTAN": "Gapoktan Muda Usaha", "K_POKTAN": "Amir Billa", "P_SID": "Universitas Negeri Makassar", "NO_HP_1": null, "NAMA_PEMIL": "Pemerintah Desa", "N_PETAK": "BEB024", "LUAS_HA": 0.47666091765000002, "PAKET": "Paket Sulawesi Selatan 9" }, "geometry": { "type": "MultiPolygon", "coordinates": [ [ [ [ 120.379153694787192, -2.573000338694612, 0.0 ], [ 120.378812805866346, -2.572980427704522, 0.0 ], [ 120.378412215451476, -2.572956678407934, 0.0 ], [ 120.378423289703164, -2.572898004839033, 0.0 ], [ 120.378498864231233, -2.572327442557366, 0.0 ], [ 120.378601622566862, -2.572387058615789, 0.0 ], [ 120.379099748954332, -2.572439469306005, 0.0 ], [ 120.379153694787192, -2.573000338694612, 0.0 ] ] ] ] } },
{ "type": "Feature", "properties": { "OBJECTID": 3561, "WADMPR": "Sulawesi Selatan", "WADMKK": "Kab. Luwu Utara", "WADMKC": "Kec. Mappedeceng", "WADMKD": "Desa Benteng", "POKTAN": "Gapoktan Muda Usaha", "K_POKTAN": "Amir Billa", "P_SID": "Universitas Negeri Makassar", "NO_HP_1": null, "NAMA_PEMIL": "Pemerintah Desa", "N_PETAK": "BEB025", "LUAS_HA": 1.43188906764, "PAKET": "Paket Sulawesi Selatan 9" }, "geometry": { "type": "MultiPolygon", "coordinates": [ [ [ [ 120.379550906449253, -2.570842405552526, 0.0 ], [ 120.379634763733407, -2.570863010819266, 0.0 ], [ 120.380333003665214, -2.570925087422779, 0.0 ], [ 120.380415977815233, -2.570989952823993, 0.0 ], [ 120.38043222766521, -2.571061266364325, 0.0 ], [ 120.380496593043404, -2.571598859499716, 0.0 ], [ 120.380501628347588, -2.571771503252251, 0.0 ], [ 120.379112840385346, -2.571650561524166, 0.0 ], [ 120.379020369394539, -2.57081592321623, 0.0 ], [ 120.379550906449253, -2.570842405552526, 0.0 ] ] ] ] } },
{ "type": "Feature", "properties": { "OBJECTID": 3562, "WADMPR": "Sulawesi Selatan", "WADMKK": "Kab. Luwu Utara", "WADMKC": "Kec. Mappedeceng", "WADMKD": "Desa Benteng", "POKTAN": "Gapoktan Muda Usaha", "K_POKTAN": "Amir Billa", "P_SID": "Universitas Negeri Makassar", "NO_HP_1": null, "NAMA_PEMIL": "Pemerintah Desa", "N_PETAK": "BEB026", "LUAS_HA": 1.28381574201, "PAKET": "Paket Sulawesi Selatan 9" }, "geometry": { "type": "MultiPolygon", "coordinates": [ [ [ [ 120.380501628347588, -2.571771503252251, 0.0 ], [ 120.380431653897745, -2.572364178064333, 0.0 ], [ 120.38031600198201, -2.572673618592603, 0.0 ], [ 120.380242780979643, -2.572598957775654, 0.0 ], [ 120.380033043790036, -2.572557373124198, 0.0 ], [ 120.379188856480596, -2.572408820410658, 0.0 ], [ 120.379112840385346, -2.571650561524166, 0.0 ], [ 120.380501628347588, -2.571771503252251, 0.0 ] ] ] ] } },
{ "type": "Feature", "properties": { "OBJECTID": 3563, "WADMPR": "Sulawesi Selatan", "WADMKK": "Kab. Luwu Utara", "WADMKC": "Kec. Mappedeceng", "WADMKD": "Desa Benteng", "POKTAN": "Gapoktan Muda Usaha", "K_POKTAN": "Amir Billa", "P_SID": "Universitas Negeri Makassar", "NO_HP_1": null, "NAMA_PEMIL": "Pemerintah Desa", "N_PETAK": "BEB027", "LUAS_HA": 0.78895680552000003, "PAKET": "Paket Sulawesi Selatan 9" }, "geometry": { "type": "MultiPolygon", "coordinates": [ [ [ [ 120.38031600198201, -2.572673618592603, 0.0 ], [ 120.380431653897745, -2.572364178064333, 0.0 ], [ 120.380501628347588, -2.571771503252251, 0.0 ], [ 120.381007926874418, -2.57177696393569, 0.0 ], [ 120.381039659452767, -2.572875051442395, 0.0 ], [ 120.380920145848108, -2.572881749593023, 0.0 ], [ 120.380722694296992, -2.572841206356543, 0.0 ], [ 120.380557823384947, -2.57283801286394, 0.0 ], [ 120.38042421650448, -2.572797657585795, 0.0 ], [ 120.38031600198201, -2.572673618592603, 0.0 ] ] ] ] } },
{ "type": "Feature", "properties": { "OBJECTID": 3564, "WADMPR": "Sulawesi Selatan", "WADMKK": "Kab. Luwu Utara", "WADMKC": "Kec. Mappedeceng", "WADMKD": "Desa Benteng", "POKTAN": "Gapoktan Muda Usaha", "K_POKTAN": "Amir Billa", "P_SID": "Universitas Negeri Makassar", "NO_HP_1": null, "NAMA_PEMIL": "Pemerintah Desa", "N_PETAK": "BEB028", "LUAS_HA": 0.56189634531, "PAKET": "Paket Sulawesi Selatan 9" }, "geometry": { "type": "MultiPolygon", "coordinates": [ [ [ [ 120.379153694787192, -2.573000338694612, 0.0 ], [ 120.379259369624265, -2.574193134705354, 0.0 ], [ 120.378722138016315, -2.573874848445428, 0.0 ], [ 120.378812805866346, -2.572980427704522, 0.0 ], [ 120.379153694787192, -2.573000338694612, 0.0 ] ] ] ] } },
{ "type": "Feature", "properties": { "OBJECTID": 3565, "WADMPR": "Sulawesi Selatan", "WADMKK": "Kab. Luwu Utara", "WADMKC": "Kec. Mappedeceng", "WADMKD": "Desa Benteng", "POKTAN": "Gapoktan Muda Usaha", "K_POKTAN": "Amir Billa", "P_SID": "Universitas Negeri Makassar", "NO_HP_1": null, "NAMA_PEMIL": "Pemerintah Desa", "N_PETAK": "BEB029", "LUAS_HA": 0.31667910683, "PAKET": "Paket Sulawesi Selatan 9" }, "geometry": { "type": "MultiPolygon", "coordinates": [ [ [ [ 120.378498864231233, -2.572327442557366, 0.0 ], [ 120.378423289703164, -2.572898004839033, 0.0 ], [ 120.378036941851406, -2.572861653342557, 0.0 ], [ 120.378093772709462, -2.572229986624563, 0.0 ], [ 120.378337899074836, -2.572228271617405, 0.0 ], [ 120.378441938045057, -2.572255339412322, 0.0 ], [ 120.378498864231233, -2.572327442557366, 0.0 ] ] ] ] } },
{ "type": "Feature", "properties": { "OBJECTID": 3566, "WADMPR": "Sulawesi Selatan", "WADMKK": "Kab. Luwu Utara", "WADMKC": "Kec. Mappedeceng", "WADMKD": "Desa Benteng", "POKTAN": "Gapoktan Muda Usaha", "K_POKTAN": "Amir Billa", "P_SID": "Universitas Negeri Makassar", "NO_HP_1": null, "NAMA_PEMIL": "Pemerintah Desa", "N_PETAK": "BEB030", "LUAS_HA": 0.46843866034999998, "PAKET": "Paket Sulawesi Selatan 9" }, "geometry": { "type": "MultiPolygon", "coordinates": [ [ [ [ 120.378812805866346, -2.572980427704522, 0.0 ], [ 120.378722138016315, -2.573874848445428, 0.0 ], [ 120.378205580922895, -2.573639752172767, 0.0 ], [ 120.378412215451476, -2.572956678407934, 0.0 ], [ 120.378812805866346, -2.572980427704522, 0.0 ] ] ] ] } },
{ "type": "Feature", "properties": { "OBJECTID": 3567, "WADMPR": "Sulawesi Selatan", "WADMKK": "Kab. Luwu Utara", "WADMKC": "Kec. Mappedeceng", "WADMKD": "Desa Benteng", "POKTAN": "Gapoktan Muda Usaha", "K_POKTAN": "Amir Billa", "P_SID": "Universitas Negeri Makassar", "NO_HP_1": null, "NAMA_PEMIL": "Pemerintah Desa", "N_PETAK": "BEB031", "LUAS_HA": 0.71019867797000003, "PAKET": "Paket Sulawesi Selatan 9" }, "geometry": { "type": "MultiPolygon", "coordinates": [ [ [ [ 120.378036941851406, -2.572861653342557, 0.0 ], [ 120.378423289703164, -2.572898004839033, 0.0 ], [ 120.378412215451476, -2.572956678407934, 0.0 ], [ 120.378205580922895, -2.573639752172767, 0.0 ], [ 120.378120187596664, -2.573921662654584, 0.0 ], [ 120.378085408115112, -2.574052580562068, 0.0 ], [ 120.377747193778077, -2.573520478687101, 0.0 ], [ 120.377787705538253, -2.573324741243766, 0.0 ], [ 120.377766987856262, -2.573222835465458, 0.0 ], [ 120.377746966249561, -2.573200278669901, 0.0 ], [ 120.377681026158484, -2.57312332368241, 0.0 ], [ 120.377641311197635, -2.573093533639621, 0.0 ], [ 120.377601964059409, -2.573061372084624, 0.0 ], [ 120.377551603823576, -2.572997466260006, 0.0 ], [ 120.377533626375794, -2.572925168861389, 0.0 ], [ 120.377533188406005, -2.572922996099351, 0.0 ], [ 120.377532694678166, -2.572921421386468, 0.0 ], [ 120.377514772988434, -2.572849347919032, 0.0 ], [ 120.377492072301379, -2.572815412900923, 0.0 ], [ 120.377837256384282, -2.572809338879836, 0.0 ], [ 120.378036941851406, -2.572861653342557, 0.0 ] ] ] ] } },
{ "type": "Feature", "properties": { "OBJECTID": 3568, "WADMPR": "Sulawesi Selatan", "WADMKK": "Kab. Luwu Utara", "WADMKC": "Kec. Mappedeceng", "WADMKD": "Desa Benteng", "POKTAN": "Gapoktan Muda Usaha", "K_POKTAN": "Amir Billa", "P_SID": "Universitas Negeri Makassar", "NO_HP_1": null, "NAMA_PEMIL": "Pemerintah Desa", "N_PETAK": "BEB032", "LUAS_HA": 0.70726737922000005, "PAKET": "Paket Sulawesi Selatan 9" }, "geometry": { "type": "MultiPolygon", "coordinates": [ [ [ [ 120.378085408115112, -2.574052580562068, 0.0 ], [ 120.378142603198626, -2.574143801495211, 0.0 ], [ 120.377426509026236, -2.574447594281025, 0.0 ], [ 120.377300762220443, -2.574500441142391, 0.0 ], [ 120.377245930555318, -2.574392941580925, 0.0 ], [ 120.377225453891697, -2.574350953133944, 0.0 ], [ 120.377224255095371, -2.574350445916309, 0.0 ], [ 120.377221164125444, -2.574344386284338, 0.0 ], [ 120.377098676462765, -2.574297260909816, 0.0 ], [ 120.377068464638, -2.574284465355731, 0.0 ], [ 120.377058435398567, -2.574281778181444, 0.0 ], [ 120.377019232151952, -2.574266695651431, 0.0 ], [ 120.376993059182382, -2.574116383863952, 0.0 ], [ 120.377747193778077, -2.573520478687101, 0.0 ], [ 120.378085408115112, -2.574052580562068, 0.0 ] ] ] ] } },
{ "type": "Feature", "properties": { "OBJECTID": 3569, "WADMPR": "Sulawesi Selatan", "WADMKK": "Kab. Luwu Utara", "WADMKC": "Kec. Mappedeceng", "WADMKD": "Desa Benteng", "POKTAN": "Gapoktan Muda Usaha", "K_POKTAN": "Amir Billa", "P_SID": "Universitas Negeri Makassar", "NO_HP_1": null, "NAMA_PEMIL": "Pemerintah Desa", "N_PETAK": "BEB033", "LUAS_HA": 0.99357914792000002, "PAKET": "Paket Sulawesi Selatan 9" }, "geometry": { "type": "MultiPolygon", "coordinates": [ [ [ [ 120.378512352263328, -2.574736816251004, 0.0 ], [ 120.378583695481211, -2.575078616185124, 0.0 ], [ 120.377675130203102, -2.575212699706299, 0.0 ], [ 120.377426509026236, -2.574447594281025, 0.0 ], [ 120.378142603198626, -2.574143801495211, 0.0 ], [ 120.378512352263328, -2.574736816251004, 0.0 ] ] ] ] } },
{ "type": "Feature", "properties": { "OBJECTID": 3570, "WADMPR": "Sulawesi Selatan", "WADMKK": "Kab. Luwu Utara", "WADMKC": "Kec. Mappedeceng", "WADMKD": "Desa Benteng", "POKTAN": "Gapoktan Muda Usaha", "K_POKTAN": "Amir Billa", "P_SID": "Universitas Negeri Makassar", "NO_HP_1": null, "NAMA_PEMIL": "Pemerintah Desa", "N_PETAK": "BEB034", "LUAS_HA": 0.62987753551000003, "PAKET": "Paket Sulawesi Selatan 9" }, "geometry": { "type": "MultiPolygon", "coordinates": [ [ [ [ 120.378727681437454, -2.575574410630509, 0.0 ], [ 120.378480750985887, -2.575639060194419, 0.0 ], [ 120.378405260094723, -2.575318226155161, 0.0 ], [ 120.378233420336187, -2.575354620819041, 0.0 ], [ 120.378302001736074, -2.575679734731921, 0.0 ], [ 120.377749053576053, -2.575813057426615, 0.0 ], [ 120.37756871162685, -2.575231673602786, 0.0 ], [ 120.377675130203102, -2.575212699706299, 0.0 ], [ 120.378583695481211, -2.575078616185124, 0.0 ], [ 120.378727681437454, -2.575574410630509, 0.0 ] ] ] ] } },
{ "type": "Feature", "properties": { "OBJECTID": 3571, "WADMPR": "Sulawesi Selatan", "WADMKK": "Kab. Luwu Utara", "WADMKC": "Kec. Mappedeceng", "WADMKD": "Desa Benteng", "POKTAN": "Gapoktan Muda Usaha", "K_POKTAN": "Amir Billa", "P_SID": "Universitas Negeri Makassar", "NO_HP_1": null, "NAMA_PEMIL": "Pemerintah Desa", "N_PETAK": "BEB035", "LUAS_HA": 0.69984979683000004, "PAKET": "Paket Sulawesi Selatan 9" }, "geometry": { "type": "MultiPolygon", "coordinates": [ [ [ [ 120.379312701220215, -2.574876343368487, 0.0 ], [ 120.379365285479594, -2.575431717000072, 0.0 ], [ 120.378727681437454, -2.575574410630509, 0.0 ], [ 120.378583695481211, -2.575078616185124, 0.0 ], [ 120.378512352263328, -2.574736816251004, 0.0 ], [ 120.378902153511604, -2.574651752076647, 0.0 ], [ 120.379312701220215, -2.574876343368487, 0.0 ] ] ] ] } },
{ "type": "Feature", "properties": { "OBJECTID": 3572, "WADMPR": "Sulawesi Selatan", "WADMKK": "Kab. Luwu Utara", "WADMKC": "Kec. Mappedeceng", "WADMKD": "Desa Benteng", "POKTAN": "Gapoktan Muda Usaha", "K_POKTAN": "Amir Billa", "P_SID": "Universitas Negeri Makassar", "NO_HP_1": null, "NAMA_PEMIL": "Pemerintah Desa", "N_PETAK": "BEB036", "LUAS_HA": 0.50222372217, "PAKET": "Paket Sulawesi Selatan 9" }, "geometry": { "type": "MultiPolygon", "coordinates": [ [ [ [ 120.379289286471476, -2.574659564487263, 0.0 ], [ 120.379312701220215, -2.574876343368487, 0.0 ], [ 120.378902153511604, -2.574651752076647, 0.0 ], [ 120.378512352263328, -2.574736816251004, 0.0 ], [ 120.378142603198626, -2.574143801495211, 0.0 ], [ 120.378085408115112, -2.574052580562068, 0.0 ], [ 120.378120187596664, -2.573921662654584, 0.0 ], [ 120.378800375437095, -2.574269320772487, 0.0 ], [ 120.378788293944694, -2.574401877244782, 0.0 ], [ 120.379289286471476, -2.574659564487263, 0.0 ] ] ] ] } },
{ "type": "Feature", "properties": { "OBJECTID": 3573, "WADMPR": "Sulawesi Selatan", "WADMKK": "Kab. Luwu Utara", "WADMKC": "Kec. Mappedeceng", "WADMKD": "Desa Benteng", "POKTAN": "Gapoktan Muda Usaha", "K_POKTAN": "Amir Billa", "P_SID": "Universitas Negeri Makassar", "NO_HP_1": null, "NAMA_PEMIL": "Pemerintah Desa", "N_PETAK": "BEB037", "LUAS_HA": 0.54089874135000005, "PAKET": "Paket Sulawesi Selatan 9" }, "geometry": { "type": "MultiPolygon", "coordinates": [ [ [ [ 120.378722138016315, -2.573874848445428, 0.0 ], [ 120.379259369624265, -2.574193134705354, 0.0 ], [ 120.379289286471476, -2.574659564487263, 0.0 ], [ 120.378788293944694, -2.574401877244782, 0.0 ], [ 120.378800375437095, -2.574269320772487, 0.0 ], [ 120.378120187596664, -2.573921662654584, 0.0 ], [ 120.378205580922895, -2.573639752172767, 0.0 ], [ 120.378722138016315, -2.573874848445428, 0.0 ] ] ] ] } },
{ "type": "Feature", "properties": { "OBJECTID": 3574, "WADMPR": "Sulawesi Selatan", "WADMKK": "Kab. Luwu Utara", "WADMKC": "Kec. Mappedeceng", "WADMKD": "Desa Benteng", "POKTAN": "Gapoktan Muda Usaha", "K_POKTAN": "Amir Billa", "P_SID": "Universitas Negeri Makassar", "NO_HP_1": null, "NAMA_PEMIL": "Pemerintah Desa", "N_PETAK": "BEB038", "LUAS_HA": 0.92025206295999995, "PAKET": "Paket Sulawesi Selatan 9" }, "geometry": { "type": "MultiPolygon", "coordinates": [ [ [ [ 120.380266046440966, -2.572748352254621, 0.0 ], [ 120.380216533366365, -2.5728609248917, 0.0 ], [ 120.379915991629787, -2.57346147236899, 0.0 ], [ 120.379217380277964, -2.573204538758432, 0.0 ], [ 120.379195229076572, -2.572456144535408, 0.0 ], [ 120.380197804085469, -2.572633138308618, 0.0 ], [ 120.380289062790098, -2.572697456022752, 0.0 ], [ 120.380266046440966, -2.572748352254621, 0.0 ] ] ] ] } },
{ "type": "Feature", "properties": { "OBJECTID": 3575, "WADMPR": "Sulawesi Selatan", "WADMKK": "Kab. Luwu Utara", "WADMKC": "Kec. Mappedeceng", "WADMKD": "Desa Benteng", "POKTAN": "Gapoktan Muda Usaha", "K_POKTAN": "Amir Billa", "P_SID": "Universitas Negeri Makassar", "NO_HP_1": null, "NAMA_PEMIL": "Pemerintah Desa", "N_PETAK": "BEB039", "LUAS_HA": 0.52453392308000002, "PAKET": "Paket Sulawesi Selatan 9" }, "geometry": { "type": "MultiPolygon", "coordinates": [ [ [ [ 120.379915991629787, -2.57346147236899, 0.0 ], [ 120.379480850161144, -2.574275664590175, 0.0 ], [ 120.379303536229258, -2.57420953833946, 0.0 ], [ 120.379217380277964, -2.573204538758432, 0.0 ], [ 120.379915991629787, -2.57346147236899, 0.0 ] ] ] ] } },
{ "type": "Feature", "properties": { "OBJECTID": 3576, "WADMPR": "Sulawesi Selatan", "WADMKK": "Kab. Luwu Utara", "WADMKC": "Kec. Mappedeceng", "WADMKD": "Desa Benteng", "POKTAN": "Gapoktan Muda Usaha", "K_POKTAN": "Amir Billa", "P_SID": "Universitas Negeri Makassar", "NO_HP_1": null, "NAMA_PEMIL": "Pemerintah Desa", "N_PETAK": "BEB040", "LUAS_HA": 0.54699039170999997, "PAKET": "Paket Sulawesi Selatan 9" }, "geometry": { "type": "MultiPolygon", "coordinates": [ [ [ [ 120.381297667753188, -2.573251038204774, 0.0 ], [ 120.380780061150972, -2.573426542700759, 0.0 ], [ 120.380356357260098, -2.573349421338662, 0.0 ], [ 120.380216533366365, -2.5728609248917, 0.0 ], [ 120.380266046440966, -2.572748352254621, 0.0 ], [ 120.380405311855725, -2.572828074456027, 0.0 ], [ 120.380607291493334, -2.572887556515468, 0.0 ], [ 120.381038791607011, -2.572945303782717, 0.0 ], [ 120.381058984084916, -2.573012331154132, 0.0 ], [ 120.381116063155901, -2.573058623756424, 0.0 ], [ 120.381286887579904, -2.573061977328337, 0.0 ], [ 120.381297667753188, -2.573251038204774, 0.0 ] ] ] ] } },
{ "type": "Feature", "properties": { "OBJECTID": 3577, "WADMPR": "Sulawesi Selatan", "WADMKK": "Kab. Luwu Utara", "WADMKC": "Kec. Mappedeceng", "WADMKD": "Desa Benteng", "POKTAN": "Gapoktan Muda Usaha", "K_POKTAN": "Amir Billa", "P_SID": "Universitas Negeri Makassar", "NO_HP_1": null, "NAMA_PEMIL": "Pemerintah Desa", "N_PETAK": "BEB041", "LUAS_HA": 0.56374479059000004, "PAKET": "Paket Sulawesi Selatan 9" }, "geometry": { "type": "MultiPolygon", "coordinates": [ [ [ [ 120.380356357260098, -2.573349421338662, 0.0 ], [ 120.380651575010234, -2.574244680247773, 0.0 ], [ 120.380217837383384, -2.574074776729503, 0.0 ], [ 120.380079714107637, -2.574019180640619, 0.0 ], [ 120.379942658327082, -2.573410268568978, 0.0 ], [ 120.380216533366365, -2.5728609248917, 0.0 ], [ 120.380356357260098, -2.573349421338662, 0.0 ] ] ] ] } },
{ "type": "Feature", "properties": { "OBJECTID": 3578, "WADMPR": "Sulawesi Selatan", "WADMKK": "Kab. Luwu Utara", "WADMKC": "Kec. Mappedeceng", "WADMKD": "Desa Benteng", "POKTAN": "Gapoktan Muda Usaha", "K_POKTAN": "Amir Billa", "P_SID": "Universitas Negeri Makassar", "NO_HP_1": null, "NAMA_PEMIL": "Pemerintah Desa", "N_PETAK": "BEB042", "LUAS_HA": 0.93198482925000004, "PAKET": "Paket Sulawesi Selatan 9" }, "geometry": { "type": "MultiPolygon", "coordinates": [ [ [ [ 120.381342633855525, -2.574355574749916, 0.0 ], [ 120.380651575010234, -2.574244680247773, 0.0 ], [ 120.380356357260098, -2.573349421338662, 0.0 ], [ 120.380780061150972, -2.573426542700759, 0.0 ], [ 120.381297667753188, -2.573251038204774, 0.0 ], [ 120.381342633855525, -2.574355574749916, 0.0 ] ] ] ] } },
{ "type": "Feature", "properties": { "OBJECTID": 3579, "WADMPR": "Sulawesi Selatan", "WADMKK": "Kab. Luwu Utara", "WADMKC": "Kec. Mappedeceng", "WADMKD": "Desa Benteng", "POKTAN": "Gapoktan Muda Usaha", "K_POKTAN": "Amir Billa", "P_SID": "Universitas Negeri Makassar", "NO_HP_1": null, "NAMA_PEMIL": "Pemerintah Desa", "N_PETAK": "BEB043", "LUAS_HA": 0.78665907206999997, "PAKET": "Paket Sulawesi Selatan 9" }, "geometry": { "type": "MultiPolygon", "coordinates": [ [ [ [ 120.380217837383384, -2.574074776729503, 0.0 ], [ 120.37976209244664, -2.574920199707378, 0.0 ], [ 120.379346204563717, -2.574677523049218, 0.0 ], [ 120.379303536229258, -2.57420953833946, 0.0 ], [ 120.379480850161144, -2.574275664590175, 0.0 ], [ 120.379915991629787, -2.57346147236899, 0.0 ], [ 120.379942658327082, -2.573410268568978, 0.0 ], [ 120.380079714107637, -2.574019180640619, 0.0 ], [ 120.380217837383384, -2.574074776729503, 0.0 ] ] ] ] } },
{ "type": "Feature", "properties": { "OBJECTID": 3580, "WADMPR": "Sulawesi Selatan", "WADMKK": "Kab. Luwu Utara", "WADMKC": "Kec. Mappedeceng", "WADMKD": "Desa Benteng", "POKTAN": "Gapoktan Muda Usaha", "K_POKTAN": "Amir Billa", "P_SID": "Universitas Negeri Makassar", "NO_HP_1": null, "NAMA_PEMIL": "Pemerintah Desa", "N_PETAK": "BEB044", "LUAS_HA": 0.26460249729000002, "PAKET": "Paket Sulawesi Selatan 9" }, "geometry": { "type": "MultiPolygon", "coordinates": [ [ [ [ 120.37976209244664, -2.574920199707378, 0.0 ], [ 120.379801607758054, -2.575298038173855, 0.0 ], [ 120.379392949525027, -2.575362214694394, 0.0 ], [ 120.379346204563717, -2.574677523049218, 0.0 ], [ 120.37976209244664, -2.574920199707378, 0.0 ] ] ] ] } },
{ "type": "Feature", "properties": { "OBJECTID": 3581, "WADMPR": "Sulawesi Selatan", "WADMKK": "Kab. Luwu Utara", "WADMKC": "Kec. Mappedeceng", "WADMKD": "Desa Benteng", "POKTAN": "Gapoktan Muda Usaha", "K_POKTAN": "Amir Billa", "P_SID": "Universitas Negeri Makassar", "NO_HP_1": null, "NAMA_PEMIL": "Pemerintah Desa", "N_PETAK": "BEB045", "LUAS_HA": 1.7363644790899999, "PAKET": "Paket Sulawesi Selatan 9" }, "geometry": { "type": "MultiPolygon", "coordinates": [ [ [ [ 120.380651575010234, -2.574244680247773, 0.0 ], [ 120.381342633855525, -2.574355574749916, 0.0 ], [ 120.381211491117483, -2.575332644985508, 0.0 ], [ 120.380424583427839, -2.575191883098853, 0.0 ], [ 120.380324742492917, -2.575183365619807, 0.0 ], [ 120.379801607758054, -2.575298038173855, 0.0 ], [ 120.37976209244664, -2.574920199707378, 0.0 ], [ 120.380217837383384, -2.574074776729503, 0.0 ], [ 120.380651575010234, -2.574244680247773, 0.0 ] ] ] ] } },
{ "type": "Feature", "properties": { "OBJECTID": 3582, "WADMPR": "Sulawesi Selatan", "WADMKK": "Kab. Luwu Utara", "WADMKC": "Kec. Mappedeceng", "WADMKD": "Desa Benteng", "POKTAN": "Gapoktan Muda Usaha", "K_POKTAN": "Amir Billa", "P_SID": "Universitas Negeri Makassar", "NO_HP_1": null, "NAMA_PEMIL": "Pemerintah Desa", "N_PETAK": "BEB046", "LUAS_HA": 1.2638559084400001, "PAKET": "Paket Sulawesi Selatan 9" }, "geometry": { "type": "MultiPolygon", "coordinates": [ [ [ [ 120.379392549326781, -2.576316852240893, 0.0 ], [ 120.378569844123035, -2.576391380857501, 0.0 ], [ 120.378438221147007, -2.576419840802942, 0.0 ], [ 120.377991886716245, -2.576506736896363, 0.0 ], [ 120.377918326669487, -2.576222590699956, 0.0 ], [ 120.378077846615383, -2.576114883395121, 0.0 ], [ 120.377961367323337, -2.575841551546318, 0.0 ], [ 120.378335975424989, -2.575727642516654, 0.0 ], [ 120.37872820664154, -2.575631710934658, 0.0 ], [ 120.379332942261499, -2.575486237499831, 0.0 ], [ 120.379392549326781, -2.576316852240893, 0.0 ] ] ] ] } },
{ "type": "Feature", "properties": { "OBJECTID": 3583, "WADMPR": "Sulawesi Selatan", "WADMKK": "Kab. Luwu Utara", "WADMKC": "Kec. Mappedeceng", "WADMKD": "Desa Benteng", "POKTAN": "Gapoktan Muda Usaha", "K_POKTAN": "Amir Billa", "P_SID": "Universitas Negeri Makassar", "NO_HP_1": null, "NAMA_PEMIL": "Pemerintah Desa", "N_PETAK": "BEB047", "LUAS_HA": 0.96974710889000004, "PAKET": "Paket Sulawesi Selatan 9" }, "geometry": { "type": "MultiPolygon", "coordinates": [ [ [ [ 120.379489167990755, -2.577151907834207, 0.0 ], [ 120.379103553985942, -2.577253415212908, 0.0 ], [ 120.378426062312997, -2.576957365589919, 0.0 ], [ 120.378438221147007, -2.576419840802942, 0.0 ], [ 120.378569844123035, -2.576391380857501, 0.0 ], [ 120.379392549326781, -2.576316852240893, 0.0 ], [ 120.379489167990755, -2.577151907834207, 0.0 ] ] ] ] } },
{ "type": "Feature", "properties": { "OBJECTID": 3584, "WADMPR": "Sulawesi Selatan", "WADMKK": "Kab. Luwu Utara", "WADMKC": "Kec. Mappedeceng", "WADMKD": "Desa Benteng", "POKTAN": "Gapoktan Muda Usaha", "K_POKTAN": "Amir Billa", "P_SID": "Universitas Negeri Makassar", "NO_HP_1": null, "NAMA_PEMIL": "Pemerintah Desa", "N_PETAK": "BEB048", "LUAS_HA": 0.25843476453000003, "PAKET": "Paket Sulawesi Selatan 9" }, "geometry": { "type": "MultiPolygon", "coordinates": [ [ [ [ 120.378426062312997, -2.576957365589919, 0.0 ], [ 120.377964882773199, -2.576776116224721, 0.0 ], [ 120.377902651486238, -2.576747158954163, 0.0 ], [ 120.377833702263615, -2.576543042527362, 0.0 ], [ 120.377991886716245, -2.576506736896363, 0.0 ], [ 120.378438221147007, -2.576419840802942, 0.0 ], [ 120.378426062312997, -2.576957365589919, 0.0 ] ] ] ] } },
{ "type": "Feature", "properties": { "OBJECTID": 3585, "WADMPR": "Sulawesi Selatan", "WADMKK": "Kab. Luwu Utara", "WADMKC": "Kec. Mappedeceng", "WADMKD": "Desa Benteng", "POKTAN": "Gapoktan Muda Usaha", "K_POKTAN": "Amir Billa", "P_SID": "Universitas Negeri Makassar", "NO_HP_1": null, "NAMA_PEMIL": "Pemerintah Desa", "N_PETAK": "BEB049", "LUAS_HA": 0.5360187855, "PAKET": "Paket Sulawesi Selatan 9" }, "geometry": { "type": "MultiPolygon", "coordinates": [ [ [ [ 120.381335325065265, -2.575745340275205, 0.0 ], [ 120.38121749858874, -2.575708374541819, 0.0 ], [ 120.380400436630907, -2.575451072209148, 0.0 ], [ 120.38041863171452, -2.575263367510331, 0.0 ], [ 120.380635538299543, -2.575297506674531, 0.0 ], [ 120.381127419794666, -2.575381416119399, 0.0 ], [ 120.381497856840724, -2.575461329876418, 0.0 ], [ 120.381650950231233, -2.575532302573663, 0.0 ], [ 120.381817353588076, -2.575657994520782, 0.0 ], [ 120.382015378906658, -2.575798986633856, 0.0 ], [ 120.38188929755313, -2.576001185706104, 0.0 ], [ 120.381414698329763, -2.575742584752447, 0.0 ], [ 120.381335325065265, -2.575745340275205, 0.0 ] ] ] ] } },
{ "type": "Feature", "properties": { "OBJECTID": 3586, "WADMPR": "Sulawesi Selatan", "WADMKK": "Kab. Luwu Utara", "WADMKC": "Kec. Mappedeceng", "WADMKD": "Desa Benteng", "POKTAN": "Gapoktan Muda Usaha", "K_POKTAN": "Amir Billa", "P_SID": "Universitas Negeri Makassar", "NO_HP_1": null, "NAMA_PEMIL": "Pemerintah Desa", "N_PETAK": "BEB050", "LUAS_HA": 0.8513417153, "PAKET": "Paket Sulawesi Selatan 9" }, "geometry": { "type": "MultiPolygon", "coordinates": [ [ [ [ 120.381335325065265, -2.575745340275205, 0.0 ], [ 120.381242920624345, -2.576322693337602, 0.0 ], [ 120.381173863483127, -2.576500314837631, 0.0 ], [ 120.381086812706258, -2.576671278656534, 0.0 ], [ 120.380935657354712, -2.576833517252965, 0.0 ], [ 120.380677757872263, -2.576767317257861, 0.0 ], [ 120.380701814736994, -2.576365833816112, 0.0 ], [ 120.380642076370805, -2.575887559962894, 0.0 ], [ 120.380400436630907, -2.575451072209148, 0.0 ], [ 120.38121749858874, -2.575708374541819, 0.0 ], [ 120.381335325065265, -2.575745340275205, 0.0 ] ] ] ] } },
{ "type": "Feature", "properties": { "OBJECTID": 3587, "WADMPR": "Sulawesi Selatan", "WADMKK": "Kab. Luwu Utara", "WADMKC": "Kec. Mappedeceng", "WADMKD": "Desa Benteng", "POKTAN": "Gapoktan Muda Usaha", "K_POKTAN": "Amir Billa", "P_SID": "Universitas Negeri Makassar", "NO_HP_1": null, "NAMA_PEMIL": "Pemerintah Desa", "N_PETAK": "BEB051", "LUAS_HA": 0.89376757236000004, "PAKET": "Paket Sulawesi Selatan 9" }, "geometry": { "type": "MultiPolygon", "coordinates": [ [ [ [ 120.380327770510235, -2.576303348920362, 0.0 ], [ 120.379482744133384, -2.576306849981108, 0.0 ], [ 120.379412616798845, -2.575462144662197, 0.0 ], [ 120.380148619263423, -2.575330509095693, 0.0 ], [ 120.380327770510235, -2.576303348920362, 0.0 ] ] ] ] } },
{ "type": "Feature", "properties": { "OBJECTID": 3588, "WADMPR": "Sulawesi Selatan", "WADMKK": "Kab. Luwu Utara", "WADMKC": "Kec. Mappedeceng", "WADMKD": "Desa Benteng", "POKTAN": "Gapoktan Muda Usaha", "K_POKTAN": "Amir Billa", "P_SID": "Universitas Negeri Makassar", "NO_HP_1": null, "NAMA_PEMIL": "Pemerintah Desa", "N_PETAK": "BEB052", "LUAS_HA": 0.42665447504999998, "PAKET": "Paket Sulawesi Selatan 9" }, "geometry": { "type": "MultiPolygon", "coordinates": [ [ [ [ 120.380400436630907, -2.575451072209148, 0.0 ], [ 120.380642076370805, -2.575887559962894, 0.0 ], [ 120.380701814736994, -2.576365833816112, 0.0 ], [ 120.380327770510235, -2.576303348920362, 0.0 ], [ 120.380148619263423, -2.575330509095693, 0.0 ], [ 120.380252804823158, -2.575274034369158, 0.0 ], [ 120.38041863171452, -2.575263367510331, 0.0 ], [ 120.380400436630907, -2.575451072209148, 0.0 ] ] ] ] } },
{ "type": "Feature", "properties": { "OBJECTID": 3589, "WADMPR": "Sulawesi Selatan", "WADMKK": "Kab. Luwu Utara", "WADMKC": "Kec. Mappedeceng", "WADMKD": "Desa Benteng", "POKTAN": "Gapoktan Muda Usaha", "K_POKTAN": "Amir Billa", "P_SID": "Universitas Negeri Makassar", "NO_HP_1": null, "NAMA_PEMIL": "Pemerintah Desa", "N_PETAK": "BEB053", "LUAS_HA": 0.49635080592000003, "PAKET": "Paket Sulawesi Selatan 9" }, "geometry": { "type": "MultiPolygon", "coordinates": [ [ [ [ 120.380701814736994, -2.576365833816112, 0.0 ], [ 120.380677757872263, -2.576767317257861, 0.0 ], [ 120.380935657354712, -2.576833517252965, 0.0 ], [ 120.381073399317984, -2.577239473922532, 0.0 ], [ 120.380570770025088, -2.577191985221873, 0.0 ], [ 120.380402042820037, -2.577164351753368, 0.0 ], [ 120.380327770510235, -2.576303348920362, 0.0 ], [ 120.380701814736994, -2.576365833816112, 0.0 ] ] ] ] } },
{ "type": "Feature", "properties": { "OBJECTID": 3590, "WADMPR": "Sulawesi Selatan", "WADMKK": "Kab. Luwu Utara", "WADMKC": "Kec. Mappedeceng", "WADMKD": "Desa Benteng", "POKTAN": "Gapoktan Muda Usaha", "K_POKTAN": "Amir Billa", "P_SID": "Universitas Negeri Makassar", "NO_HP_1": null, "NAMA_PEMIL": "Pemerintah Desa", "N_PETAK": "BEB054", "LUAS_HA": 0.89263355739000005, "PAKET": "Paket Sulawesi Selatan 9" }, "geometry": { "type": "MultiPolygon", "coordinates": [ [ [ [ 120.380402042820037, -2.577164351753368, 0.0 ], [ 120.379536847347708, -2.577144835565662, 0.0 ], [ 120.379482744133384, -2.576306849981108, 0.0 ], [ 120.380327770510235, -2.576303348920362, 0.0 ], [ 120.380402042820037, -2.577164351753368, 0.0 ] ] ] ] } },
{ "type": "Feature", "properties": { "OBJECTID": 3591, "WADMPR": "Sulawesi Selatan", "WADMKK": "Kab. Luwu Utara", "WADMKC": "Kec. Mappedeceng", "WADMKD": "Desa Benteng", "POKTAN": "Gapoktan Muda Usaha", "K_POKTAN": "Amir Billa", "P_SID": "Universitas Negeri Makassar", "NO_HP_1": null, "NAMA_PEMIL": "Pemerintah Desa", "N_PETAK": "BEB055", "LUAS_HA": 0.57536706288999995, "PAKET": "Paket Sulawesi Selatan 9" }, "geometry": { "type": "MultiPolygon", "coordinates": [ [ [ [ 120.378426062312997, -2.576957365589919, 0.0 ], [ 120.379103553985942, -2.577253415212908, 0.0 ], [ 120.378690725596584, -2.577505070702387, 0.0 ], [ 120.378433979944248, -2.577748809459933, 0.0 ], [ 120.378196090377287, -2.577414102478826, 0.0 ], [ 120.377964882773199, -2.576776116224721, 0.0 ], [ 120.378426062312997, -2.576957365589919, 0.0 ] ] ] ] } },
{ "type": "Feature", "properties": { "OBJECTID": 3592, "WADMPR": "Sulawesi Selatan", "WADMKK": "Kab. Luwu Utara", "WADMKC": "Kec. Mappedeceng", "WADMKD": "Desa Benteng", "POKTAN": "Gapoktan Muda Usaha", "K_POKTAN": "Amir Billa", "P_SID": "Universitas Negeri Makassar", "NO_HP_1": null, "NAMA_PEMIL": "Pemerintah Desa", "N_PETAK": "BEB056", "LUAS_HA": 0.6333617232, "PAKET": "Paket Sulawesi Selatan 9" }, "geometry": { "type": "MultiPolygon", "coordinates": [ [ [ [ 120.381073399317984, -2.577239473922532, 0.0 ], [ 120.381121771152834, -2.577324050664345, 0.0 ], [ 120.38129697707393, -2.577673618942299, 0.0 ], [ 120.38120029635661, -2.577747588180614, 0.0 ], [ 120.380287640062647, -2.577795135337169, 0.0 ], [ 120.380273671792565, -2.577816757737139, 0.0 ], [ 120.380099527970856, -2.577574304110783, 0.0 ], [ 120.380570770025088, -2.577191985221873, 0.0 ], [ 120.381073399317984, -2.577239473922532, 0.0 ] ] ] ] } },
{ "type": "Feature", "properties": { "OBJECTID": 3593, "WADMPR": "Sulawesi Selatan", "WADMKK": "Kab. Luwu Utara", "WADMKC": "Kec. Mappedeceng", "WADMKD": "Desa Benteng", "POKTAN": "Gapoktan Muda Usaha", "K_POKTAN": "Amir Billa", "P_SID": "Universitas Negeri Makassar", "NO_HP_1": null, "NAMA_PEMIL": "Pemerintah Desa", "N_PETAK": "BEB057", "LUAS_HA": 0.2693786029, "PAKET": "Paket Sulawesi Selatan 9" }, "geometry": { "type": "MultiPolygon", "coordinates": [ [ [ [ 120.380402042820037, -2.577164351753368, 0.0 ], [ 120.380570770025088, -2.577191985221873, 0.0 ], [ 120.380099527970856, -2.577574304110783, 0.0 ], [ 120.379536847347708, -2.577144835565662, 0.0 ], [ 120.380402042820037, -2.577164351753368, 0.0 ] ] ] ] } },
{ "type": "Feature", "properties": { "OBJECTID": 3594, "WADMPR": "Sulawesi Selatan", "WADMKK": "Kab. Luwu Utara", "WADMKC": "Kec. Mappedeceng", "WADMKD": "Desa Benteng", "POKTAN": "Gapoktan Muda Usaha", "K_POKTAN": "Amir Billa", "P_SID": "Universitas Negeri Makassar", "NO_HP_1": null, "NAMA_PEMIL": "Pemerintah Desa", "N_PETAK": "BEB058", "LUAS_HA": 0.40903899512000003, "PAKET": "Paket Sulawesi Selatan 9" }, "geometry": { "type": "MultiPolygon", "coordinates": [ [ [ [ 120.381646765685787, -2.577114073355744, 0.0 ], [ 120.381121771152834, -2.577324050664345, 0.0 ], [ 120.381073399317984, -2.577239473922532, 0.0 ], [ 120.380935657354712, -2.576833517252965, 0.0 ], [ 120.381086812706258, -2.576671278656534, 0.0 ], [ 120.381173863483127, -2.576500314837631, 0.0 ], [ 120.381398656223041, -2.576549806328444, 0.0 ], [ 120.381448454382735, -2.576848234658257, 0.0 ], [ 120.381646765685787, -2.577114073355744, 0.0 ] ] ] ] } },
{ "type": "Feature", "properties": { "OBJECTID": 3595, "WADMPR": "Sulawesi Selatan", "WADMKK": "Kab. Luwu Utara", "WADMKC": "Kec. Mappedeceng", "WADMKD": "Desa Benteng", "POKTAN": "Gapoktan Muda Usaha", "K_POKTAN": "Amir Billa", "P_SID": "Universitas Negeri Makassar", "NO_HP_1": null, "NAMA_PEMIL": "Pemerintah Desa", "N_PETAK": "BEB059", "LUAS_HA": 0.45207093075, "PAKET": "Paket Sulawesi Selatan 9" }, "geometry": { "type": "MultiPolygon", "coordinates": [ [ [ [ 120.382055632561446, -2.57759074911371, 0.0 ], [ 120.381384212211742, -2.577821514251411, 0.0 ], [ 120.38129697707393, -2.577673618942299, 0.0 ], [ 120.381121771152834, -2.577324050664345, 0.0 ], [ 120.381646765685787, -2.577114073355744, 0.0 ], [ 120.382055632561446, -2.57759074911371, 0.0 ] ] ] ] } },
{ "type": "Feature", "properties": { "OBJECTID": 3596, "WADMPR": "Sulawesi Selatan", "WADMKK": "Kab. Luwu Utara", "WADMKC": "Kec. Mappedeceng", "WADMKD": "Desa Benteng", "POKTAN": "Gapoktan Muda Usaha", "K_POKTAN": "Amir Billa", "P_SID": "Universitas Negeri Makassar", "NO_HP_1": null, "NAMA_PEMIL": "Pemerintah Desa", "N_PETAK": "BEB060", "LUAS_HA": 0.66307434192000003, "PAKET": "Paket Sulawesi Selatan 9" }, "geometry": { "type": "MultiPolygon", "coordinates": [ [ [ [ 120.38138025339606, -2.578757657240033, 0.0 ], [ 120.380273671792565, -2.577816757737139, 0.0 ], [ 120.380287640062647, -2.577795135337169, 0.0 ], [ 120.38120029635661, -2.577747588180614, 0.0 ], [ 120.38129697707393, -2.577673618942299, 0.0 ], [ 120.38138025339606, -2.578757657240033, 0.0 ] ] ] ] } },
{ "type": "Feature", "properties": { "OBJECTID": 3597, "WADMPR": "Sulawesi Selatan", "WADMKK": "Kab. Luwu Utara", "WADMKC": "Kec. Mappedeceng", "WADMKD": "Desa Benteng", "POKTAN": "Gapoktan Muda Usaha", "K_POKTAN": "Amir Billa", "P_SID": "Universitas Negeri Makassar", "NO_HP_1": null, "NAMA_PEMIL": "Pemerintah Desa", "N_PETAK": "BEB061", "LUAS_HA": 0.58621292146000004, "PAKET": "Paket Sulawesi Selatan 9" }, "geometry": { "type": "MultiPolygon", "coordinates": [ [ [ [ 120.381325725701686, -2.578788885298763, 0.0 ], [ 120.380410834592453, -2.578872099567718, 0.0 ], [ 120.380236084627654, -2.577845871489728, 0.0 ], [ 120.381325725701686, -2.578788885298763, 0.0 ] ] ] ] } },
{ "type": "Feature", "properties": { "OBJECTID": 3598, "WADMPR": "Sulawesi Selatan", "WADMKK": "Kab. Luwu Utara", "WADMKC": "Kec. Mappedeceng", "WADMKD": "Desa Benteng", "POKTAN": "Gapoktan Muda Usaha", "K_POKTAN": "Amir Billa", "P_SID": "Universitas Negeri Makassar", "NO_HP_1": null, "NAMA_PEMIL": "Pemerintah Desa", "N_PETAK": "BEB062", "LUAS_HA": 0.82874670867, "PAKET": "Paket Sulawesi Selatan 9" }, "geometry": { "type": "MultiPolygon", "coordinates": [ [ [ [ 120.381361480048326, -2.579796815770408, 0.0 ], [ 120.38132767093532, -2.57978258399902, 0.0 ], [ 120.381294306986774, -2.579765037326581, 0.0 ], [ 120.381254820453705, -2.579751917117221, 0.0 ], [ 120.380936096223877, -2.579617748160501, 0.0 ], [ 120.38071384316936, -2.57948554512177, 0.0 ], [ 120.380501526724174, -2.579397656176866, 0.0 ], [ 120.380410834592453, -2.578872099567718, 0.0 ], [ 120.381325725701686, -2.578788885298763, 0.0 ], [ 120.381361480048326, -2.579796815770408, 0.0 ] ] ] ] } },
{ "type": "Feature", "properties": { "OBJECTID": 3599, "WADMPR": "Sulawesi Selatan", "WADMKK": "Kab. Luwu Utara", "WADMKC": "Kec. Mappedeceng", "WADMKD": "Desa Benteng", "POKTAN": "Gapoktan Muda Usaha", "K_POKTAN": "Amir Billa", "P_SID": "Universitas Negeri Makassar", "NO_HP_1": null, "NAMA_PEMIL": "Pemerintah Desa", "N_PETAK": "BEB063", "LUAS_HA": 1.6827821886200001, "PAKET": "Paket Sulawesi Selatan 9" }, "geometry": { "type": "MultiPolygon", "coordinates": [ [ [ [ 120.380236084627654, -2.577845871489728, 0.0 ], [ 120.380410834592453, -2.578872099567718, 0.0 ], [ 120.379935997048733, -2.578556933955269, 0.0 ], [ 120.379311965574857, -2.578147043651086, 0.0 ], [ 120.378981693150649, -2.577934248766496, 0.0 ], [ 120.378890840040299, -2.577872310658563, 0.0 ], [ 120.378690725596584, -2.577505070702387, 0.0 ], [ 120.379103553985942, -2.577253415212908, 0.0 ], [ 120.379489167990755, -2.577151907834207, 0.0 ], [ 120.379584809991002, -2.577262463292016, 0.0 ], [ 120.380236084627654, -2.577845871489728, 0.0 ] ] ] ] } },
{ "type": "Feature", "properties": { "OBJECTID": 3600, "WADMPR": "Sulawesi Selatan", "WADMKK": "Kab. Luwu Utara", "WADMKC": "Kec. Mappedeceng", "WADMKD": "Desa Benteng", "POKTAN": "Gapoktan Muda Usaha", "K_POKTAN": "Amir Billa", "P_SID": "Universitas Negeri Makassar", "NO_HP_1": null, "NAMA_PEMIL": "Pemerintah Desa", "N_PETAK": "BEB064", "LUAS_HA": 0.1946476594, "PAKET": "Paket Sulawesi Selatan 9" }, "geometry": { "type": "MultiPolygon", "coordinates": [ [ [ [ 120.378981693150649, -2.577934248766496, 0.0 ], [ 120.378863124733471, -2.578179727712211, 0.0 ], [ 120.378433979944248, -2.577748809459933, 0.0 ], [ 120.378690725596584, -2.577505070702387, 0.0 ], [ 120.378890840040299, -2.577872310658563, 0.0 ], [ 120.378981693150649, -2.577934248766496, 0.0 ] ] ] ] } },
{ "type": "Feature", "properties": { "OBJECTID": 3601, "WADMPR": "Sulawesi Selatan", "WADMKK": "Kab. Luwu Utara", "WADMKC": "Kec. Mappedeceng", "WADMKD": "Desa Benteng", "POKTAN": "Gapoktan Muda Usaha", "K_POKTAN": "Amir Billa", "P_SID": "Universitas Negeri Makassar", "NO_HP_1": null, "NAMA_PEMIL": "Pemerintah Desa", "N_PETAK": "BEB065", "LUAS_HA": 0.24654485025, "PAKET": "Paket Sulawesi Selatan 9" }, "geometry": { "type": "MultiPolygon", "coordinates": [ [ [ [ 120.379311965574857, -2.578147043651086, 0.0 ], [ 120.379352944083166, -2.578539779387256, 0.0 ], [ 120.379174243396733, -2.578647417444301, 0.0 ], [ 120.378863124733471, -2.578179727712211, 0.0 ], [ 120.378981693150649, -2.577934248766496, 0.0 ], [ 120.379311965574857, -2.578147043651086, 0.0 ] ] ] ] } },
{ "type": "Feature", "properties": { "OBJECTID": 3602, "WADMPR": "Sulawesi Selatan", "WADMKK": "Kab. Luwu Utara", "WADMKC": "Kec. Mappedeceng", "WADMKD": "Desa Benteng", "POKTAN": "Gapoktan Muda Usaha", "K_POKTAN": "Amir Billa", "P_SID": "Universitas Negeri Makassar", "NO_HP_1": null, "NAMA_PEMIL": "Pemerintah Desa", "N_PETAK": "BEB066", "LUAS_HA": 0.91311639385, "PAKET": "Paket Sulawesi Selatan 9" }, "geometry": { "type": "MultiPolygon", "coordinates": [ [ [ [ 120.378433979944248, -2.577748809459933, 0.0 ], [ 120.378863124733471, -2.578179727712211, 0.0 ], [ 120.379174243396733, -2.578647417444301, 0.0 ], [ 120.379072182035657, -2.578700667201986, 0.0 ], [ 120.378835648646373, -2.578712343999428, 0.0 ], [ 120.378755681829261, -2.578715451157109, 0.0 ], [ 120.378670387428542, -2.578699546646703, 0.0 ], [ 120.37807471247811, -2.578673655165005, 0.0 ], [ 120.378056382496084, -2.578466956784553, 0.0 ], [ 120.378123453034959, -2.578399701884678, 0.0 ], [ 120.378040680333243, -2.577702233571188, 0.0 ], [ 120.378433979944248, -2.577748809459933, 0.0 ] ] ] ] } },
{ "type": "Feature", "properties": { "OBJECTID": 3603, "WADMPR": "Sulawesi Selatan", "WADMKK": "Kab. Luwu Utara", "WADMKC": "Kec. Mappedeceng", "WADMKD": "Desa Benteng", "POKTAN": "Gapoktan Muda Usaha", "K_POKTAN": "Amir Billa", "P_SID": "Universitas Negeri Makassar", "NO_HP_1": null, "NAMA_PEMIL": "Pemerintah Desa", "N_PETAK": "BEB067", "LUAS_HA": 0.46174617342000002, "PAKET": "Paket Sulawesi Selatan 9" }, "geometry": { "type": "MultiPolygon", "coordinates": [ [ [ [ 120.379345313335648, -2.578865142412326, 0.0 ], [ 120.379405978003547, -2.578940789785577, 0.0 ], [ 120.379510278676435, -2.579393073231699, 0.0 ], [ 120.37888312925304, -2.579374162287706, 0.0 ], [ 120.378835648646373, -2.578712343999428, 0.0 ], [ 120.379072182035657, -2.578700667201986, 0.0 ], [ 120.379174243396733, -2.578647417444301, 0.0 ], [ 120.379345313335648, -2.578865142412326, 0.0 ] ] ] ] } },
{ "type": "Feature", "properties": { "OBJECTID": 3604, "WADMPR": "Sulawesi Selatan", "WADMKK": "Kab. Luwu Utara", "WADMKC": "Kec. Mappedeceng", "WADMKD": "Desa Benteng", "POKTAN": "Gapoktan Muda Usaha", "K_POKTAN": "Amir Billa", "P_SID": "Universitas Negeri Makassar", "NO_HP_1": null, "NAMA_PEMIL": "Pemerintah Desa", "N_PETAK": "BEB068", "LUAS_HA": 0.35697189112, "PAKET": "Paket Sulawesi Selatan 9" }, "geometry": { "type": "MultiPolygon", "coordinates": [ [ [ [ 120.379935997048733, -2.578556933955269, 0.0 ], [ 120.379898904510924, -2.578754298272202, 0.0 ], [ 120.379345313335648, -2.578865142412326, 0.0 ], [ 120.379174243396733, -2.578647417444301, 0.0 ], [ 120.379352944083166, -2.578539779387256, 0.0 ], [ 120.379311965574857, -2.578147043651086, 0.0 ], [ 120.379935997048733, -2.578556933955269, 0.0 ] ] ] ] } },
{ "type": "Feature", "properties": { "OBJECTID": 3605, "WADMPR": "Sulawesi Selatan", "WADMKK": "Kab. Luwu Utara", "WADMKC": "Kec. Mappedeceng", "WADMKD": "Desa Benteng", "POKTAN": "Gapoktan Muda Usaha", "K_POKTAN": "Amir Billa", "P_SID": "Universitas Negeri Makassar", "NO_HP_1": null, "NAMA_PEMIL": "Pemerintah Desa", "N_PETAK": "BEB069", "LUAS_HA": 0.7527855118, "PAKET": "Paket Sulawesi Selatan 9" }, "geometry": { "type": "MultiPolygon", "coordinates": [ [ [ [ 120.380410834592453, -2.578872099567718, 0.0 ], [ 120.380490226742609, -2.579394088566289, 0.0 ], [ 120.379962268943586, -2.579336103878063, 0.0 ], [ 120.379510278676435, -2.579393073231699, 0.0 ], [ 120.379405978003547, -2.578940789785577, 0.0 ], [ 120.379345313335648, -2.578865142412326, 0.0 ], [ 120.379898904510924, -2.578754298272202, 0.0 ], [ 120.379935997048733, -2.578556933955269, 0.0 ], [ 120.380410834592453, -2.578872099567718, 0.0 ] ] ] ] } },
{ "type": "Feature", "properties": { "OBJECTID": 3606, "WADMPR": "Sulawesi Selatan", "WADMKK": "Kab. Luwu Utara", "WADMKC": "Kec. Mappedeceng", "WADMKD": "Desa Benteng", "POKTAN": "Gapoktan Muda Usaha", "K_POKTAN": "Amir Billa", "P_SID": "Universitas Negeri Makassar", "NO_HP_1": null, "NAMA_PEMIL": "Pemerintah Desa", "N_PETAK": "BEB070", "LUAS_HA": 1.4400738259899999, "PAKET": "Paket Sulawesi Selatan 9" }, "geometry": { "type": "MultiPolygon", "coordinates": [ [ [ [ 120.382649988206481, -2.578313032420454, 0.0 ], [ 120.38189954173049, -2.578846026422923, 0.0 ], [ 120.381661610794708, -2.579013159129943, 0.0 ], [ 120.38138025339606, -2.578757657240033, 0.0 ], [ 120.38129697707393, -2.577673618942299, 0.0 ], [ 120.381384212211742, -2.577821514251411, 0.0 ], [ 120.382055632561446, -2.57759074911371, 0.0 ], [ 120.382649988206481, -2.578313032420454, 0.0 ] ] ] ] } },
{ "type": "Feature", "properties": { "OBJECTID": 3607, "WADMPR": "Sulawesi Selatan", "WADMKK": "Kab. Luwu Utara", "WADMKC": "Kec. Mappedeceng", "WADMKD": "Desa Benteng", "POKTAN": "Gapoktan Muda Usaha", "K_POKTAN": "Amir Billa", "P_SID": "Universitas Negeri Makassar", "NO_HP_1": null, "NAMA_PEMIL": "Pemerintah Desa", "N_PETAK": "BEB071", "LUAS_HA": 0.18724390933000001, "PAKET": "Paket Sulawesi Selatan 9" }, "geometry": { "type": "MultiPolygon", "coordinates": [ [ [ [ 120.38229013708019, -2.579316346671988, 0.0 ], [ 120.382189568593731, -2.579470455397143, 0.0 ], [ 120.381661610794708, -2.579013159129943, 0.0 ], [ 120.38189954173049, -2.578846026422923, 0.0 ], [ 120.38229013708019, -2.579316346671988, 0.0 ] ] ] ] } },
{ "type": "Feature", "properties": { "OBJECTID": 3608, "WADMPR": "Sulawesi Selatan", "WADMKK": "Kab. Luwu Utara", "WADMKC": "Kec. Mappedeceng", "WADMKD": "Desa Benteng", "POKTAN": "Gapoktan Muda Usaha", "K_POKTAN": "Amir Billa", "P_SID": "Universitas Negeri Makassar", "NO_HP_1": null, "NAMA_PEMIL": "Pemerintah Desa", "N_PETAK": "BEB072", "LUAS_HA": 0.74494094496999996, "PAKET": "Paket Sulawesi Selatan 9" }, "geometry": { "type": "MultiPolygon", "coordinates": [ [ [ [ 120.382168325707767, -2.579500410915159, 0.0 ], [ 120.381855730357756, -2.580095487816436, 0.0 ], [ 120.381710756945949, -2.58002566265418, 0.0 ], [ 120.381546429224386, -2.579893593614429, 0.0 ], [ 120.381361480048326, -2.579796815770408, 0.0 ], [ 120.381325725701686, -2.578788885298763, 0.0 ], [ 120.382168325707767, -2.579500410915159, 0.0 ] ] ] ] } },
{ "type": "Feature", "properties": { "OBJECTID": 3609, "WADMPR": "Sulawesi Selatan", "WADMKK": "Kab. Luwu Utara", "WADMKC": "Kec. Mappedeceng", "WADMKD": "Desa Benteng", "POKTAN": "Gapoktan Muda Usaha", "K_POKTAN": "Amir Billa", "P_SID": "Universitas Negeri Makassar", "NO_HP_1": null, "NAMA_PEMIL": "Pemerintah Desa", "N_PETAK": "BEB073", "LUAS_HA": 0.85766127523000002, "PAKET": "Paket Sulawesi Selatan 9" }, "geometry": { "type": "MultiPolygon", "coordinates": [ [ [ [ 120.383071879963381, -2.580248625273782, 0.0 ], [ 120.382760390779481, -2.580783202083069, 0.0 ], [ 120.382625603089195, -2.580662643466155, 0.0 ], [ 120.382526299948836, -2.580570520513049, 0.0 ], [ 120.382398821948186, -2.580406723391548, 0.0 ], [ 120.382296773177586, -2.580338626726189, 0.0 ], [ 120.382055761164452, -2.580215525725862, 0.0 ], [ 120.381855730357756, -2.580095487816436, 0.0 ], [ 120.382168325707767, -2.579500410915159, 0.0 ], [ 120.382707347865903, -2.579939361012634, 0.0 ], [ 120.383071879963381, -2.580248625273782, 0.0 ] ] ] ] } },
{ "type": "Feature", "properties": { "OBJECTID": 3610, "WADMPR": "Sulawesi Selatan", "WADMKK": "Kab. Luwu Utara", "WADMKC": "Kec. Mappedeceng", "WADMKD": "Desa Benteng", "POKTAN": "Gapoktan Muda Usaha", "K_POKTAN": "Amir Billa", "P_SID": "Universitas Negeri Makassar", "NO_HP_1": null, "NAMA_PEMIL": "Pemerintah Desa", "N_PETAK": "BEB074", "LUAS_HA": 1.0141365342199999, "PAKET": "Paket Sulawesi Selatan 9" }, "geometry": { "type": "MultiPolygon", "coordinates": [ [ [ [ 120.383152028443419, -2.579029014177593, 0.0 ], [ 120.382560631567912, -2.579605484105741, 0.0 ], [ 120.38229013708019, -2.579316346671988, 0.0 ], [ 120.38189954173049, -2.578846026422923, 0.0 ], [ 120.382649988206481, -2.578313032420454, 0.0 ], [ 120.383152028443419, -2.579029014177593, 0.0 ] ] ] ] } },
{ "type": "Feature", "properties": { "OBJECTID": 3611, "WADMPR": "Sulawesi Selatan", "WADMKK": "Kab. Luwu Utara", "WADMKC": "Kec. Mappedeceng", "WADMKD": "Desa Benteng", "POKTAN": "Gapoktan Muda Usaha", "K_POKTAN": "Amir Billa", "P_SID": "Universitas Negeri Makassar", "NO_HP_1": null, "NAMA_PEMIL": "Pemerintah Desa", "N_PETAK": "BEB075", "LUAS_HA": 0.70128850717000002, "PAKET": "Paket Sulawesi Selatan 9" }, "geometry": { "type": "MultiPolygon", "coordinates": [ [ [ [ 120.383568302135473, -2.579411919424501, 0.0 ], [ 120.383299368870894, -2.579933245622726, 0.0 ], [ 120.383183266394667, -2.580165201462819, 0.0 ], [ 120.382560631567912, -2.579605484105741, 0.0 ], [ 120.383152028443419, -2.579029014177593, 0.0 ], [ 120.383345498695917, -2.579227406419648, 0.0 ], [ 120.383568302135473, -2.579411919424501, 0.0 ] ] ] ] } },
{ "type": "Feature", "properties": { "OBJECTID": 3612, "WADMPR": "Sulawesi Selatan", "WADMKK": "Kab. Luwu Utara", "WADMKC": "Kec. Mappedeceng", "WADMKD": "Desa Benteng", "POKTAN": "Gapoktan Muda Usaha", "K_POKTAN": "Amir Billa", "P_SID": "Universitas Negeri Makassar", "NO_HP_1": null, "NAMA_PEMIL": "Pemerintah Desa", "N_PETAK": "BEB076", "LUAS_HA": 0.37410182676999998, "PAKET": "Paket Sulawesi Selatan 9" }, "geometry": { "type": "MultiPolygon", "coordinates": [ [ [ [ 120.384068848598531, -2.579485399431576, 0.0 ], [ 120.384027792748498, -2.579954955256937, 0.0 ], [ 120.383299368870894, -2.579933245622726, 0.0 ], [ 120.383568302135473, -2.579411919424501, 0.0 ], [ 120.383643228252481, -2.579439977372999, 0.0 ], [ 120.383732955411574, -2.579465177276063, 0.0 ], [ 120.384068848598531, -2.579485399431576, 0.0 ] ] ] ] } },
{ "type": "Feature", "properties": { "OBJECTID": 3613, "WADMPR": "Sulawesi Selatan", "WADMKK": "Kab. Luwu Utara", "WADMKC": "Kec. Mappedeceng", "WADMKD": "Desa Benteng", "POKTAN": "Gapoktan Muda Usaha", "K_POKTAN": "Amir Billa", "P_SID": "Universitas Negeri Makassar", "NO_HP_1": null, "NAMA_PEMIL": "Pemerintah Desa", "N_PETAK": "BEB077", "LUAS_HA": 0.477096321, "PAKET": "Paket Sulawesi Selatan 9" }, "geometry": { "type": "MultiPolygon", "coordinates": [ [ [ [ 120.384027792748498, -2.579954955256937, 0.0 ], [ 120.383997710426002, -2.580125956847382, 0.0 ], [ 120.383932667858403, -2.580474823654129, 0.0 ], [ 120.38347248656612, -2.580493162629296, 0.0 ], [ 120.383151199268468, -2.58022766117756, 0.0 ], [ 120.383183266394667, -2.580165201462819, 0.0 ], [ 120.383299368870894, -2.579933245622726, 0.0 ], [ 120.384027792748498, -2.579954955256937, 0.0 ] ] ] ] } },
{ "type": "Feature", "properties": { "OBJECTID": 3614, "WADMPR": "Sulawesi Selatan", "WADMKK": "Kab. Luwu Utara", "WADMKC": "Kec. Mappedeceng", "WADMKD": "Desa Benteng", "POKTAN": "Gapoktan Muda Usaha", "K_POKTAN": "Amir Billa", "P_SID": "Universitas Negeri Makassar", "NO_HP_1": null, "NAMA_PEMIL": "Pemerintah Desa", "N_PETAK": "BEB078", "LUAS_HA": 0.68777363771, "PAKET": "Paket Sulawesi Selatan 9" }, "geometry": { "type": "MultiPolygon", "coordinates": [ [ [ [ 120.383997710426002, -2.580125956847382, 0.0 ], [ 120.384027792748498, -2.579954955256937, 0.0 ], [ 120.384068848598531, -2.579485399431576, 0.0 ], [ 120.384979386089867, -2.579503232088427, 0.0 ], [ 120.384927032956284, -2.580087739257692, 0.0 ], [ 120.383997710426002, -2.580125956847382, 0.0 ] ] ] ] } },
{ "type": "Feature", "properties": { "OBJECTID": 3615, "WADMPR": "Sulawesi Selatan", "WADMKK": "Kab. Luwu Utara", "WADMKC": "Kec. Mappedeceng", "WADMKD": "Desa Benteng", "POKTAN": "Gapoktan Muda Usaha", "K_POKTAN": "Amir Billa", "P_SID": "Universitas Negeri Makassar", "NO_HP_1": null, "NAMA_PEMIL": "Pemerintah Desa", "N_PETAK": "BEB079", "LUAS_HA": 0.34013520644, "PAKET": "Paket Sulawesi Selatan 9" }, "geometry": { "type": "MultiPolygon", "coordinates": [ [ [ [ 120.382760390779481, -2.580783202083069, 0.0 ], [ 120.383004392139014, -2.581275162718555, 0.0 ], [ 120.383040036768307, -2.581339178260407, 0.0 ], [ 120.382697909480953, -2.58141647229229, 0.0 ], [ 120.382322062113531, -2.580961132050561, 0.0 ], [ 120.382625603089195, -2.580662643466155, 0.0 ], [ 120.382760390779481, -2.580783202083069, 0.0 ] ] ] ] } },
{ "type": "Feature", "properties": { "OBJECTID": 3616, "WADMPR": "Sulawesi Selatan", "WADMKK": "Kab. Luwu Utara", "WADMKC": "Kec. Mappedeceng", "WADMKD": "Desa Benteng", "POKTAN": "Gapoktan Muda Usaha", "K_POKTAN": "Amir Billa", "P_SID": "Universitas Negeri Makassar", "NO_HP_1": null, "NAMA_PEMIL": "Pemerintah Desa", "N_PETAK": "BEB080", "LUAS_HA": 0.59208801165000002, "PAKET": "Paket Sulawesi Selatan 9" }, "geometry": { "type": "MultiPolygon", "coordinates": [ [ [ [ 120.383426591464058, -2.580591845237393, 0.0 ], [ 120.383406942176748, -2.58131531115265, 0.0 ], [ 120.383004392139014, -2.581275162718555, 0.0 ], [ 120.382760390779481, -2.580783202083069, 0.0 ], [ 120.383071879963381, -2.580248625273782, 0.0 ], [ 120.383426591464058, -2.580591845237393, 0.0 ] ] ] ] } },
{ "type": "Feature", "properties": { "OBJECTID": 3617, "WADMPR": "Sulawesi Selatan", "WADMKK": "Kab. Luwu Utara", "WADMKC": "Kec. Mappedeceng", "WADMKD": "Desa Benteng", "POKTAN": "Gapoktan Muda Usaha", "K_POKTAN": "Amir Billa", "P_SID": "Universitas Negeri Makassar", "NO_HP_1": null, "NAMA_PEMIL": "Pemerintah Desa", "N_PETAK": "BEB081", "LUAS_HA": 0.31638717461, "PAKET": "Paket Sulawesi Selatan 9" }, "geometry": { "type": "MultiPolygon", "coordinates": [ [ [ [ 120.383903844586825, -2.581020340716123, 0.0 ], [ 120.383864555005289, -2.581367436757773, 0.0 ], [ 120.383406942176748, -2.58131531115265, 0.0 ], [ 120.383426591464058, -2.580591845237393, 0.0 ], [ 120.383903844586825, -2.581020340716123, 0.0 ] ] ] ] } },
{ "type": "Feature", "properties": { "OBJECTID": 3618, "WADMPR": "Sulawesi Selatan", "WADMKK": "Kab. Luwu Utara", "WADMKC": "Kec. Mappedeceng", "WADMKD": "Desa Benteng", "POKTAN": "Gapoktan Muda Usaha", "K_POKTAN": "Amir Billa", "P_SID": "Universitas Negeri Makassar", "NO_HP_1": null, "NAMA_PEMIL": "Pemerintah Desa", "N_PETAK": "BEB082", "LUAS_HA": 0.07927549191, "PAKET": "Paket Sulawesi Selatan 9" }, "geometry": { "type": "MultiPolygon", "coordinates": [ [ [ [ 120.384237141430958, -2.581357568496969, 0.0 ], [ 120.383864555005289, -2.581367436757773, 0.0 ], [ 120.383903844586825, -2.581020340716123, 0.0 ], [ 120.384237141430958, -2.581357568496969, 0.0 ] ] ] ] } },
{ "type": "Feature", "properties": { "OBJECTID": 3619, "WADMPR": "Sulawesi Selatan", "WADMKK": "Kab. Luwu Utara", "WADMKC": "Kec. Mappedeceng", "WADMKD": "Desa Benteng", "POKTAN": "Gapoktan Muda Usaha", "K_POKTAN": "Amir Billa", "P_SID": "Universitas Negeri Makassar", "NO_HP_1": null, "NAMA_PEMIL": "Pemerintah Desa", "N_PETAK": "BEB083", "LUAS_HA": 0.14307601625, "PAKET": "Paket Sulawesi Selatan 9" }, "geometry": { "type": "MultiPolygon", "coordinates": [ [ [ [ 120.383406942176748, -2.58131531115265, 0.0 ], [ 120.383425924167113, -2.581612097320374, 0.0 ], [ 120.383076203903784, -2.581621356740186, 0.0 ], [ 120.383040036768307, -2.581339178260407, 0.0 ], [ 120.383004392139014, -2.581275162718555, 0.0 ], [ 120.383406942176748, -2.58131531115265, 0.0 ] ] ] ] } },
{ "type": "Feature", "properties": { "OBJECTID": 3620, "WADMPR": "Sulawesi Selatan", "WADMKK": "Kab. Luwu Utara", "WADMKC": "Kec. Mappedeceng", "WADMKD": "Desa Benteng", "POKTAN": "Gapoktan Muda Usaha", "K_POKTAN": "Amir Billa", "P_SID": "Universitas Negeri Makassar", "NO_HP_1": null, "NAMA_PEMIL": "Pemerintah Desa", "N_PETAK": "BEB084", "LUAS_HA": 0.29574829081999998, "PAKET": "Paket Sulawesi Selatan 9" }, "geometry": { "type": "MultiPolygon", "coordinates": [ [ [ [ 120.383864555005289, -2.581367436757773, 0.0 ], [ 120.384237141430958, -2.581357568496969, 0.0 ], [ 120.384481667994692, -2.581592247484195, 0.0 ], [ 120.383868329459915, -2.581610168274608, 0.0 ], [ 120.383425924167113, -2.581612097320374, 0.0 ], [ 120.383406942176748, -2.58131531115265, 0.0 ], [ 120.383864555005289, -2.581367436757773, 0.0 ] ] ] ] } },
{ "type": "Feature", "properties": { "OBJECTID": 3621, "WADMPR": "Sulawesi Selatan", "WADMKK": "Kab. Luwu Utara", "WADMKC": "Kec. Mappedeceng", "WADMKD": "Desa Benteng", "POKTAN": "Gapoktan Muda Usaha", "K_POKTAN": "Amir Billa", "P_SID": "Universitas Negeri Makassar", "NO_HP_1": null, "NAMA_PEMIL": "Pemerintah Desa", "N_PETAK": "BEB085", "LUAS_HA": 0.49125595112999998, "PAKET": "Paket Sulawesi Selatan 9" }, "geometry": { "type": "MultiPolygon", "coordinates": [ [ [ [ 120.383895007848423, -2.582140899582782, 0.0 ], [ 120.383134976398082, -2.582116468600077, 0.0 ], [ 120.383076203903784, -2.581621356740186, 0.0 ], [ 120.383425924167113, -2.581612097320374, 0.0 ], [ 120.383868329459915, -2.581610168274608, 0.0 ], [ 120.383895007848423, -2.582140899582782, 0.0 ] ] ] ] } },
{ "type": "Feature", "properties": { "OBJECTID": 3622, "WADMPR": "Sulawesi Selatan", "WADMKK": "Kab. Luwu Utara", "WADMKC": "Kec. Mappedeceng", "WADMKD": "Desa Benteng", "POKTAN": "Gapoktan Muda Usaha", "K_POKTAN": "Amir Billa", "P_SID": "Universitas Negeri Makassar", "NO_HP_1": null, "NAMA_PEMIL": "Pemerintah Desa", "N_PETAK": "BEB086", "LUAS_HA": 0.37792209807, "PAKET": "Paket Sulawesi Selatan 9" }, "geometry": { "type": "MultiPolygon", "coordinates": [ [ [ [ 120.383134976398082, -2.582116468600077, 0.0 ], [ 120.383895007848423, -2.582140899582782, 0.0 ], [ 120.383901997379326, -2.582497916945272, 0.0 ], [ 120.383314965813042, -2.582449251032074, 0.0 ], [ 120.383016515000236, -2.582411921073231, 0.0 ], [ 120.382952027314218, -2.582365488176663, 0.0 ], [ 120.383002042210592, -2.582080190848103, 0.0 ], [ 120.383134976398082, -2.582116468600077, 0.0 ] ] ] ] } },
{ "type": "Feature", "properties": { "OBJECTID": 3623, "WADMPR": "Sulawesi Selatan", "WADMKK": "Kab. Luwu Utara", "WADMKC": "Kec. Mappedeceng", "WADMKD": "Desa Benteng", "POKTAN": "Gapoktan Muda Usaha", "K_POKTAN": "Amir Billa", "P_SID": "Universitas Negeri Makassar", "NO_HP_1": null, "NAMA_PEMIL": "Pemerintah Desa", "N_PETAK": "BEB087", "LUAS_HA": 0.59733813692000004, "PAKET": "Paket Sulawesi Selatan 9" }, "geometry": { "type": "MultiPolygon", "coordinates": [ [ [ [ 120.384929631097634, -2.582156604443696, 0.0 ], [ 120.383895007848423, -2.582140899582782, 0.0 ], [ 120.383868329459915, -2.581610168274608, 0.0 ], [ 120.384481667994692, -2.581592247484195, 0.0 ], [ 120.384881716118343, -2.581942950706548, 0.0 ], [ 120.384929631097634, -2.582156604443696, 0.0 ] ] ] ] } },
{ "type": "Feature", "properties": { "OBJECTID": 3624, "WADMPR": "Sulawesi Selatan", "WADMKK": "Kab. Luwu Utara", "WADMKC": "Kec. Mappedeceng", "WADMKD": "Desa Benteng", "POKTAN": "Gapoktan Muda Usaha", "K_POKTAN": "Amir Billa", "P_SID": "Universitas Negeri Makassar", "NO_HP_1": null, "NAMA_PEMIL": "Pemerintah Desa", "N_PETAK": "BEB088", "LUAS_HA": 0.53658488977999996, "PAKET": "Paket Sulawesi Selatan 9" }, "geometry": { "type": "MultiPolygon", "coordinates": [ [ [ [ 120.384929631097634, -2.582156604443696, 0.0 ], [ 120.385041792744573, -2.582565482111249, 0.0 ], [ 120.384879676455967, -2.582571854707282, 0.0 ], [ 120.384433797981501, -2.58256195676887, 0.0 ], [ 120.384206212846493, -2.582541096094644, 0.0 ], [ 120.383901997379326, -2.582497916945272, 0.0 ], [ 120.383895007848423, -2.582140899582782, 0.0 ], [ 120.384929631097634, -2.582156604443696, 0.0 ] ] ] ] } },
{ "type": "Feature", "properties": { "OBJECTID": 3625, "WADMPR": "Sulawesi Selatan", "WADMKK": "Kab. Luwu Utara", "WADMKC": "Kec. Mappedeceng", "WADMKD": "Desa Benteng", "POKTAN": "Gapoktan Muda Usaha", "K_POKTAN": "Amir Billa", "P_SID": "Universitas Negeri Makassar", "NO_HP_1": null, "NAMA_PEMIL": "Pemerintah Desa", "N_PETAK": "BEB089", "LUAS_HA": 0.15629696029000001, "PAKET": "Paket Sulawesi Selatan 9" }, "geometry": { "type": "MultiPolygon", "coordinates": [ [ [ [ 120.384960279093661, -2.582002562268372, 0.0 ], [ 120.385563454389967, -2.582595009551994, 0.0 ], [ 120.385104667046789, -2.582559216534548, 0.0 ], [ 120.384992186140494, -2.582153188818552, 0.0 ], [ 120.384960279093661, -2.582002562268372, 0.0 ] ] ] ] } },
{ "type": "Feature", "properties": { "OBJECTID": 3626, "WADMPR": "Sulawesi Selatan", "WADMKK": "Kab. Luwu Utara", "WADMKC": "Kec. Mappedeceng", "WADMKD": "Desa Benteng", "POKTAN": "Gapoktan Muda Usaha", "K_POKTAN": "Amir Billa", "P_SID": "Universitas Negeri Makassar", "NO_HP_1": null, "NAMA_PEMIL": "Pemerintah Desa", "N_PETAK": "BEB090", "LUAS_HA": 0.99007043553999996, "PAKET": "Paket Sulawesi Selatan 9" }, "geometry": { "type": "MultiPolygon", "coordinates": [ [ [ [ 120.387257815795579, -2.586266735521406, 0.0 ], [ 120.387005365305413, -2.585602643746938, 0.0 ], [ 120.386469247957507, -2.585812471768122, 0.0 ], [ 120.386469588800537, -2.585985295385001, 0.0 ], [ 120.38640515507393, -2.586030042052755, 0.0 ], [ 120.386263445301779, -2.585935297575872, 0.0 ], [ 120.386090274546632, -2.585890224454261, 0.0 ], [ 120.385961909814341, -2.585858687028747, 0.0 ], [ 120.385908090785847, -2.585715429523418, 0.0 ], [ 120.385861293663879, -2.58528045712734, 0.0 ], [ 120.38709980940871, -2.585226629105591, 0.0 ], [ 120.387403346787096, -2.586186895508774, 0.0 ], [ 120.387257815795579, -2.586266735521406, 0.0 ] ] ] ] } },
{ "type": "Feature", "properties": { "OBJECTID": 3627, "WADMPR": "Sulawesi Selatan", "WADMKK": "Kab. Luwu Utara", "WADMKC": "Kec. Mappedeceng", "WADMKD": "Desa Benteng", "POKTAN": "Gapoktan Muda Usaha", "K_POKTAN": "Amir Billa", "P_SID": "Universitas Negeri Makassar", "NO_HP_1": null, "NAMA_PEMIL": "Pemerintah Desa", "N_PETAK": "BEB091", "LUAS_HA": 0.54601594491000005, "PAKET": "Paket Sulawesi Selatan 9" }, "geometry": { "type": "MultiPolygon", "coordinates": [ [ [ [ 120.387257815795579, -2.586266735521406, 0.0 ], [ 120.386713655810581, -2.586448665673345, 0.0 ], [ 120.386661664204553, -2.586399021297723, 0.0 ], [ 120.386539114488642, -2.586219415893254, 0.0 ], [ 120.38640515507393, -2.586030042052755, 0.0 ], [ 120.386469588800537, -2.585985295385001, 0.0 ], [ 120.386469247957507, -2.585812471768122, 0.0 ], [ 120.387005365305413, -2.585602643746938, 0.0 ], [ 120.387257815795579, -2.586266735521406, 0.0 ] ] ] ] } },
{ "type": "Feature", "properties": { "OBJECTID": 3628, "WADMPR": "Sulawesi Selatan", "WADMKK": "Kab. Luwu Utara", "WADMKC": "Kec. Mappedeceng", "WADMKD": "Desa Benteng", "POKTAN": "Gapoktan Muda Usaha", "K_POKTAN": "Amir Billa", "P_SID": "Universitas Negeri Makassar", "NO_HP_1": null, "NAMA_PEMIL": "Pemerintah Desa", "N_PETAK": "BEB092", "LUAS_HA": 0.26574234108, "PAKET": "Paket Sulawesi Selatan 9" }, "geometry": { "type": "MultiPolygon", "coordinates": [ [ [ [ 120.388505685389077, -2.588953387288939, 0.0 ], [ 120.388421827205661, -2.588989820623681, 0.0 ], [ 120.388042218873352, -2.58783334912971, 0.0 ], [ 120.388319006816801, -2.587808071884979, 0.0 ], [ 120.388394173952065, -2.588270986216969, 0.0 ], [ 120.388505685389077, -2.588953387288939, 0.0 ] ] ] ] } },
{ "type": "Feature", "properties": { "OBJECTID": 3629, "WADMPR": "Sulawesi Selatan", "WADMKK": "Kab. Luwu Utara", "WADMKC": "Kec. Mappedeceng", "WADMKD": "Desa Benteng", "POKTAN": "Gapoktan Muda Usaha", "K_POKTAN": "Amir Billa", "P_SID": "Universitas Negeri Makassar", "NO_HP_1": null, "NAMA_PEMIL": "Pemerintah Desa", "N_PETAK": "BEB093", "LUAS_HA": 0.29088569403999998, "PAKET": "Paket Sulawesi Selatan 9" }, "geometry": { "type": "MultiPolygon", "coordinates": [ [ [ [ 120.388570981565636, -2.588130090331333, 0.0 ], [ 120.388621795059862, -2.588399925616045, 0.0 ], [ 120.388662397651615, -2.588637527399896, 0.0 ], [ 120.388701796051123, -2.588851355605527, 0.0 ], [ 120.388505685389077, -2.588953387288939, 0.0 ], [ 120.388394173952065, -2.588270986216969, 0.0 ], [ 120.388319006816801, -2.587808071884979, 0.0 ], [ 120.388549220670029, -2.587749722071976, 0.0 ], [ 120.388570981565636, -2.588130090331333, 0.0 ] ] ] ] } },
{ "type": "Feature", "properties": { "OBJECTID": 3630, "WADMPR": "Sulawesi Selatan", "WADMKK": "Kab. Luwu Utara", "WADMKC": "Kec. Mappedeceng", "WADMKD": "Desa Benteng", "POKTAN": "Gapoktan Muda Usaha", "K_POKTAN": "Amir Billa", "P_SID": "Universitas Negeri Makassar", "NO_HP_1": null, "NAMA_PEMIL": "Pemerintah Desa", "N_PETAK": "BEB094", "LUAS_HA": 0.04544323324, "PAKET": "Paket Sulawesi Selatan 9" }, "geometry": { "type": "MultiPolygon", "coordinates": [ [ [ [ 120.38885503153449, -2.588831089383234, 0.0 ], [ 120.388701796051123, -2.588851355605527, 0.0 ], [ 120.388662397651615, -2.588637527399896, 0.0 ], [ 120.388821456245296, -2.58858790910466, 0.0 ], [ 120.38885503153449, -2.588831089383234, 0.0 ] ] ] ] } },
{ "type": "Feature", "properties": { "OBJECTID": 3631, "WADMPR": "Sulawesi Selatan", "WADMKK": "Kab. Luwu Utara", "WADMKC": "Kec. Mappedeceng", "WADMKD": "Desa Benteng", "POKTAN": "Gapoktan Muda Usaha", "K_POKTAN": "Amir Billa", "P_SID": "Universitas Negeri Makassar", "NO_HP_1": null, "NAMA_PEMIL": "Pemerintah Desa", "N_PETAK": "BEB095", "LUAS_HA": 0.04610524802, "PAKET": "Paket Sulawesi Selatan 9" }, "geometry": { "type": "MultiPolygon", "coordinates": [ [ [ [ 120.388821456245296, -2.58858790910466, 0.0 ], [ 120.388662397651615, -2.588637527399896, 0.0 ], [ 120.388621795059862, -2.588399925616045, 0.0 ], [ 120.388783109153223, -2.58837560704859, 0.0 ], [ 120.388821456245296, -2.58858790910466, 0.0 ] ] ] ] } },
{ "type": "Feature", "properties": { "OBJECTID": 3632, "WADMPR": "Sulawesi Selatan", "WADMKK": "Kab. Luwu Utara", "WADMKC": "Kec. Mappedeceng", "WADMKD": "Desa Benteng", "POKTAN": "Gapoktan Muda Usaha", "K_POKTAN": "Amir Billa", "P_SID": "Universitas Negeri Makassar", "NO_HP_1": null, "NAMA_PEMIL": "Pemerintah Desa", "N_PETAK": "BEB096", "LUAS_HA": 0.05803296894, "PAKET": "Paket Sulawesi Selatan 9" }, "geometry": { "type": "MultiPolygon", "coordinates": [ [ [ [ 120.388783109153223, -2.58837560704859, 0.0 ], [ 120.388621795059862, -2.588399925616045, 0.0 ], [ 120.388570981565636, -2.588130090331333, 0.0 ], [ 120.388740554133278, -2.588092424925435, 0.0 ], [ 120.388783109153223, -2.58837560704859, 0.0 ] ] ] ] } },
{ "type": "Feature", "properties": { "OBJECTID": 3633, "WADMPR": "Sulawesi Selatan", "WADMKK": "Kab. Luwu Utara", "WADMKC": "Kec. Mappedeceng", "WADMKD": "Desa Benteng", "POKTAN": "Gapoktan Muda Usaha", "K_POKTAN": "Amir Billa", "P_SID": "Universitas Negeri Makassar", "NO_HP_1": null, "NAMA_PEMIL": "Pemerintah Desa", "N_PETAK": "BEB097", "LUAS_HA": 0.12115593412, "PAKET": "Paket Sulawesi Selatan 9" }, "geometry": { "type": "MultiPolygon", "coordinates": [ [ [ [ 120.388829965630521, -2.588066727697253, 0.0 ], [ 120.388740554133278, -2.588092424925435, 0.0 ], [ 120.388570981565636, -2.588130090331333, 0.0 ], [ 120.388549220670029, -2.587749722071976, 0.0 ], [ 120.388795500012407, -2.587673643024175, 0.0 ], [ 120.388848452993784, -2.587657766392738, 0.0 ], [ 120.38879515827, -2.587726092385196, 0.0 ], [ 120.388823432055801, -2.587825730073348, 0.0 ], [ 120.388784618215595, -2.587962802041659, 0.0 ], [ 120.388829965630521, -2.588066727697253, 0.0 ] ] ] ] } },
{ "type": "Feature", "properties": { "OBJECTID": 3634, "WADMPR": "Sulawesi Selatan", "WADMKK": "Kab. Luwu Utara", "WADMKC": "Kec. Mappedeceng", "WADMKD": "Desa Benteng", "POKTAN": "Gapoktan Muda Usaha", "K_POKTAN": "Amir Billa", "P_SID": "Universitas Negeri Makassar", "NO_HP_1": null, "NAMA_PEMIL": "Pemerintah Desa", "N_PETAK": "BEB098", "LUAS_HA": 0.14184959126, "PAKET": "Paket Sulawesi Selatan 9" }, "geometry": { "type": "MultiPolygon", "coordinates": [ [ [ [ 120.388979207224679, -2.588801419849574, 0.0 ], [ 120.38885503153449, -2.588831089383234, 0.0 ], [ 120.388821456245296, -2.58858790910466, 0.0 ], [ 120.388783109153223, -2.58837560704859, 0.0 ], [ 120.388740554133278, -2.588092424925435, 0.0 ], [ 120.388829965630521, -2.588066727697253, 0.0 ], [ 120.388871499919901, -2.588150090354361, 0.0 ], [ 120.388936382408133, -2.588261899467057, 0.0 ], [ 120.388976466990471, -2.588550248195361, 0.0 ], [ 120.389016171159483, -2.588647043126514, 0.0 ], [ 120.388979207224679, -2.588801419849574, 0.0 ] ] ] ] } },
{ "type": "Feature", "properties": { "OBJECTID": 3635, "WADMPR": "Sulawesi Selatan", "WADMKK": "Kab. Luwu Utara", "WADMKC": "Kec. Mappedeceng", "WADMKD": "Desa Benteng", "POKTAN": "Gapoktan Muda Usaha", "K_POKTAN": "Amir Billa", "P_SID": "Universitas Negeri Makassar", "NO_HP_1": null, "NAMA_PEMIL": "Pemerintah Desa", "N_PETAK": "BEB099", "LUAS_HA": 0.90620798181999995, "PAKET": "Paket Sulawesi Selatan 9" }, "geometry": { "type": "MultiPolygon", "coordinates": [ [ [ [ 120.389388448218369, -2.587640654092866, 0.0 ], [ 120.389361416396355, -2.588074149802139, 0.0 ], [ 120.38946351552886, -2.588505540198469, 0.0 ], [ 120.389838469869574, -2.588999008097687, 0.0 ], [ 120.389503062316521, -2.589006469772698, 0.0 ], [ 120.389280418956218, -2.588893703781366, 0.0 ], [ 120.388979207224679, -2.588801419849574, 0.0 ], [ 120.389016171159483, -2.588647043126514, 0.0 ], [ 120.388976466990471, -2.588550248195361, 0.0 ], [ 120.388936382408133, -2.588261899467057, 0.0 ], [ 120.388871499919901, -2.588150090354361, 0.0 ], [ 120.388829965630521, -2.588066727697253, 0.0 ], [ 120.388784618215595, -2.587962802041659, 0.0 ], [ 120.388823432055801, -2.587825730073348, 0.0 ], [ 120.38879515827, -2.587726092385196, 0.0 ], [ 120.388848452993784, -2.587657766392738, 0.0 ], [ 120.389024003355189, -2.587600787146584, 0.0 ], [ 120.389388448218369, -2.587640654092866, 0.0 ] ] ] ] } },
{ "type": "Feature", "properties": { "OBJECTID": 3636, "WADMPR": "Sulawesi Selatan", "WADMKK": "Kab. Luwu Utara", "WADMKC": "Kec. Mappedeceng", "WADMKD": "Desa Benteng", "POKTAN": "Gapoktan Muda Usaha", "K_POKTAN": "Amir Billa", "P_SID": "Universitas Negeri Makassar", "NO_HP_1": null, "NAMA_PEMIL": "Pemerintah Desa", "N_PETAK": "BEB100", "LUAS_HA": 1.75959728099, "PAKET": "Paket Sulawesi Selatan 9" }, "geometry": { "type": "MultiPolygon", "coordinates": [ [ [ [ 120.389838469869574, -2.588999008097687, 0.0 ], [ 120.38946351552886, -2.588505540198469, 0.0 ], [ 120.389361416396355, -2.588074149802139, 0.0 ], [ 120.389388448218369, -2.587640654092866, 0.0 ], [ 120.389665752372593, -2.587686360337216, 0.0 ], [ 120.389966261733662, -2.587465830383735, 0.0 ], [ 120.390859677032495, -2.587916504942712, 0.0 ], [ 120.390434982988154, -2.588658362893113, 0.0 ], [ 120.390271907122838, -2.588830202651707, 0.0 ], [ 120.390009363541367, -2.588843839071842, 0.0 ], [ 120.389895396055749, -2.588925522694694, 0.0 ], [ 120.389838469869574, -2.588999008097687, 0.0 ] ] ] ] } },
{ "type": "Feature", "properties": { "OBJECTID": 3637, "WADMPR": "Sulawesi Selatan", "WADMKK": "Kab. Luwu Utara", "WADMKC": "Kec. Mappedeceng", "WADMKD": "Desa Benteng", "POKTAN": "Gapoktan Muda Usaha", "K_POKTAN": "Amir Billa", "P_SID": "Universitas Negeri Makassar", "NO_HP_1": null, "NAMA_PEMIL": "Pemerintah Desa", "N_PETAK": "BEB101", "LUAS_HA": 0.15446576097, "PAKET": "Paket Sulawesi Selatan 9" }, "geometry": { "type": "MultiPolygon", "coordinates": [ [ [ [ 120.369838929822777, -2.569647499732298, 0.0 ], [ 120.369822312150063, -2.56984561768104, 0.0 ], [ 120.36914231496587, -2.569744293764074, 0.0 ], [ 120.369169533846957, -2.569575684370307, 0.0 ], [ 120.369838929822777, -2.569647499732298, 0.0 ] ] ] ] } },
{ "type": "Feature", "properties": { "OBJECTID": 3638, "WADMPR": "Sulawesi Selatan", "WADMKK": "Kab. Luwu Utara", "WADMKC": "Kec. Mappedeceng", "WADMKD": "Desa Benteng", "POKTAN": "Gapoktan Muda Usaha", "K_POKTAN": "Amir Billa", "P_SID": "Universitas Negeri Makassar", "NO_HP_1": null, "NAMA_PEMIL": "Pemerintah Desa", "N_PETAK": "BEB102", "LUAS_HA": 0.28467878285999998, "PAKET": "Paket Sulawesi Selatan 9" }, "geometry": { "type": "MultiPolygon", "coordinates": [ [ [ [ 120.370936481333615, -2.569760656029416, 0.0 ], [ 120.370915064878432, -2.569988493873836, 0.0 ], [ 120.370091852457108, -2.569875835801156, 0.0 ], [ 120.370130269696233, -2.569593401014572, 0.0 ], [ 120.370667116394316, -2.569620374380747, 0.0 ], [ 120.370649928551416, -2.569719600179383, 0.0 ], [ 120.370936481333615, -2.569760656029416, 0.0 ] ] ] ] } },
{ "type": "Feature", "properties": { "OBJECTID": 3639, "WADMPR": "Sulawesi Selatan", "WADMKK": "Kab. Luwu Utara", "WADMKC": "Kec. Mappedeceng", "WADMKD": "Desa Benteng", "POKTAN": "Gapoktan Muda Usaha", "K_POKTAN": "Amir Billa", "P_SID": "Universitas Negeri Makassar", "NO_HP_1": null, "NAMA_PEMIL": "Pemerintah Desa", "N_PETAK": "BEB103", "LUAS_HA": 0.21857740887, "PAKET": "Paket Sulawesi Selatan 9" }, "geometry": { "type": "MultiPolygon", "coordinates": [ [ [ [ 120.371047547606281, -2.569657430046334, 0.0 ], [ 120.371559940838665, -2.569692886717291, 0.0 ], [ 120.371634134008104, -2.569674696130278, 0.0 ], [ 120.371661059710163, -2.569906489193102, 0.0 ], [ 120.371531348692884, -2.569932577626332, 0.0 ], [ 120.371302624116879, -2.569957726268001, 0.0 ], [ 120.371215602118355, -2.569988372465389, 0.0 ], [ 120.371099264919167, -2.570009846477205, 0.0 ], [ 120.371008175287102, -2.569999808244518, 0.0 ], [ 120.371008956797937, -2.569970324870553, 0.0 ], [ 120.371047547606281, -2.569657430046334, 0.0 ] ] ] ] } },
{ "type": "Feature", "properties": { "OBJECTID": 3640, "WADMPR": "Sulawesi Selatan", "WADMKK": "Kab. Luwu Utara", "WADMKC": "Kec. Mappedeceng", "WADMKD": "Desa Benteng", "POKTAN": "Gapoktan Muda Usaha", "K_POKTAN": "Amir Billa", "P_SID": "Universitas Negeri Makassar", "NO_HP_1": null, "NAMA_PEMIL": "Pemerintah Desa", "N_PETAK": "BEB104", "LUAS_HA": 0.11633278731, "PAKET": "Paket Sulawesi Selatan 9" }, "geometry": { "type": "MultiPolygon", "coordinates": [ [ [ [ 120.369452643124987, -2.569899427716393, 0.0 ], [ 120.369416492177379, -2.570197107810202, 0.0 ], [ 120.369093892769001, -2.570131328697812, 0.0 ], [ 120.369136085362129, -2.569850966848605, 0.0 ], [ 120.369452643124987, -2.569899427716393, 0.0 ] ] ] ] } },
{ "type": "Feature", "properties": { "OBJECTID": 3641, "WADMPR": "Sulawesi Selatan", "WADMKK": "Kab. Luwu Utara", "WADMKC": "Kec. Mappedeceng", "WADMKD": "Desa Benteng", "POKTAN": "Gapoktan Muda Usaha", "K_POKTAN": "Amir Billa", "P_SID": "Universitas Negeri Makassar", "NO_HP_1": null, "NAMA_PEMIL": "Pemerintah Desa", "N_PETAK": "BEB105", "LUAS_HA": 0.08250393357, "PAKET": "Paket Sulawesi Selatan 9" }, "geometry": { "type": "MultiPolygon", "coordinates": [ [ [ [ 120.369613375357062, -2.569923034020746, 0.0 ], [ 120.369533073092953, -2.570366105711173, 0.0 ], [ 120.369396010117839, -2.570341415723703, 0.0 ], [ 120.369408497204404, -2.570254634743549, 0.0 ], [ 120.369416492177379, -2.570197107810202, 0.0 ], [ 120.369452643124987, -2.569899427716393, 0.0 ], [ 120.369613375357062, -2.569923034020746, 0.0 ] ] ] ] } },
{ "type": "Feature", "properties": { "OBJECTID": 3642, "WADMPR": "Sulawesi Selatan", "WADMKK": "Kab. Luwu Utara", "WADMKC": "Kec. Mappedeceng", "WADMKD": "Desa Benteng", "POKTAN": "Gapoktan Muda Usaha", "K_POKTAN": "Amir Billa", "P_SID": "Universitas Negeri Makassar", "NO_HP_1": null, "NAMA_PEMIL": "Pemerintah Desa", "N_PETAK": "BEB106", "LUAS_HA": 0.28777832342999998, "PAKET": "Paket Sulawesi Selatan 9" }, "geometry": { "type": "MultiPolygon", "coordinates": [ [ [ [ 120.370026476240923, -2.569986098979257, 0.0 ], [ 120.369938815723799, -2.57053133455338, 0.0 ], [ 120.369514386979404, -2.570467527654216, 0.0 ], [ 120.369533073092953, -2.570366105711173, 0.0 ], [ 120.369613375357062, -2.569923034020746, 0.0 ], [ 120.370026476240923, -2.569986098979257, 0.0 ] ] ] ] } },
{ "type": "Feature", "properties": { "OBJECTID": 3643, "WADMPR": "Sulawesi Selatan", "WADMKK": "Kab. Luwu Utara", "WADMKC": "Kec. Mappedeceng", "WADMKD": "Desa Benteng", "POKTAN": "Gapoktan Muda Usaha", "K_POKTAN": "Amir Billa", "P_SID": "Universitas Negeri Makassar", "NO_HP_1": null, "NAMA_PEMIL": "Pemerintah Desa", "N_PETAK": "BEB107", "LUAS_HA": 0.33085317636, "PAKET": "Paket Sulawesi Selatan 9" }, "geometry": { "type": "MultiPolygon", "coordinates": [ [ [ [ 120.370522716750088, -2.570038851411823, 0.0 ], [ 120.370480882087122, -2.570320016355595, 0.0 ], [ 120.370447269026272, -2.570534305014121, 0.0 ], [ 120.370249764415121, -2.57054018837897, 0.0 ], [ 120.370247630323888, -2.570540187479594, 0.0 ], [ 120.370074361542606, -2.570556879796129, 0.0 ], [ 120.369938815723799, -2.57053133455338, 0.0 ], [ 120.370026476240923, -2.569986098979257, 0.0 ], [ 120.370522716750088, -2.570038851411823, 0.0 ] ] ] ] } },
{ "type": "Feature", "properties": { "OBJECTID": 3644, "WADMPR": "Sulawesi Selatan", "WADMKK": "Kab. Luwu Utara", "WADMKC": "Kec. Mappedeceng", "WADMKD": "Desa Benteng", "POKTAN": "Gapoktan Muda Usaha", "K_POKTAN": "Amir Billa", "P_SID": "Universitas Negeri Makassar", "NO_HP_1": null, "NAMA_PEMIL": "Pemerintah Desa", "N_PETAK": "BEB108", "LUAS_HA": 0.12815098675, "PAKET": "Paket Sulawesi Selatan 9" }, "geometry": { "type": "MultiPolygon", "coordinates": [ [ [ [ 120.370480882087122, -2.570320016355595, 0.0 ], [ 120.370522716750088, -2.570038851411823, 0.0 ], [ 120.370894127761858, -2.57011250588738, 0.0 ], [ 120.370864559851611, -2.570371559200055, 0.0 ], [ 120.370480882087122, -2.570320016355595, 0.0 ] ] ] ] } },
{ "type": "Feature", "properties": { "OBJECTID": 3645, "WADMPR": "Sulawesi Selatan", "WADMKK": "Kab. Luwu Utara", "WADMKC": "Kec. Mappedeceng", "WADMKD": "Desa Benteng", "POKTAN": "Gapoktan Muda Usaha", "K_POKTAN": "Amir Billa", "P_SID": "Universitas Negeri Makassar", "NO_HP_1": null, "NAMA_PEMIL": "Pemerintah Desa", "N_PETAK": "BEB109", "LUAS_HA": 0.08617652967, "PAKET": "Paket Sulawesi Selatan 9" }, "geometry": { "type": "MultiPolygon", "coordinates": [ [ [ [ 120.371265255487174, -2.5701215206916, 0.0 ], [ 120.37129296629746, -2.570356491958478, 0.0 ], [ 120.370947869448628, -2.570335903778869, 0.0 ], [ 120.370968546661175, -2.570119457646797, 0.0 ], [ 120.371058370947139, -2.570132968161886, 0.0 ], [ 120.371150153956478, -2.570131754976444, 0.0 ], [ 120.371265255487174, -2.5701215206916, 0.0 ] ] ] ] } },
{ "type": "Feature", "properties": { "OBJECTID": 3646, "WADMPR": "Sulawesi Selatan", "WADMKK": "Kab. Luwu Utara", "WADMKC": "Kec. Mappedeceng", "WADMKD": "Desa Benteng", "POKTAN": "Gapoktan Muda Usaha", "K_POKTAN": "Amir Billa", "P_SID": "Universitas Negeri Makassar", "NO_HP_1": null, "NAMA_PEMIL": "Pemerintah Desa", "N_PETAK": "BEB110", "LUAS_HA": 0.16866330147, "PAKET": "Paket Sulawesi Selatan 9" }, "geometry": { "type": "MultiPolygon", "coordinates": [ [ [ [ 120.37129296629746, -2.570356491958478, 0.0 ], [ 120.371265255487174, -2.5701215206916, 0.0 ], [ 120.371261279584473, -2.570093218127454, 0.0 ], [ 120.371579256477617, -2.570042314701027, 0.0 ], [ 120.37166991893173, -2.570449711185177, 0.0 ], [ 120.371305145815882, -2.570476282554353, 0.0 ], [ 120.37129296629746, -2.570356491958478, 0.0 ] ] ] ] } },
{ "type": "Feature", "properties": { "OBJECTID": 3647, "WADMPR": "Sulawesi Selatan", "WADMKK": "Kab. Luwu Utara", "WADMKC": "Kec. Mappedeceng", "WADMKD": "Desa Benteng", "POKTAN": "Gapoktan Muda Usaha", "K_POKTAN": "Amir Billa", "P_SID": "Universitas Negeri Makassar", "NO_HP_1": null, "NAMA_PEMIL": "Pemerintah Desa", "N_PETAK": "BEB111", "LUAS_HA": 0.06189896546, "PAKET": "Paket Sulawesi Selatan 9" }, "geometry": { "type": "MultiPolygon", "coordinates": [ [ [ [ 120.371904762494864, -2.569875994981146, 0.0 ], [ 120.371672085398473, -2.569894011099677, 0.0 ], [ 120.371656705192891, -2.569657331120879, 0.0 ], [ 120.371844801096699, -2.56964041487322, 0.0 ], [ 120.371904762494864, -2.569875994981146, 0.0 ] ] ] ] } },
{ "type": "Feature", "properties": { "OBJECTID": 3648, "WADMPR": "Sulawesi Selatan", "WADMKK": "Kab. Luwu Utara", "WADMKC": "Kec. Mappedeceng", "WADMKD": "Desa Benteng", "POKTAN": "Gapoktan Muda Usaha", "K_POKTAN": "Amir Billa", "P_SID": "Universitas Negeri Makassar", "NO_HP_1": null, "NAMA_PEMIL": "Pemerintah Desa", "N_PETAK": "BEB112", "LUAS_HA": 0.14970759032, "PAKET": "Paket Sulawesi Selatan 9" }, "geometry": { "type": "MultiPolygon", "coordinates": [ [ [ [ 120.372210296368166, -2.569710812903622, 0.0 ], [ 120.372221183560782, -2.569733169150368, 0.0 ], [ 120.372276460390367, -2.569718517395586, 0.0 ], [ 120.372357280664005, -2.569695814010572, 0.0 ], [ 120.372429392802246, -2.569675549586918, 0.0 ], [ 120.372466035679054, -2.569665780251512, 0.0 ], [ 120.372482935738958, -2.569763050923996, 0.0 ], [ 120.372239594481812, -2.569820505012274, 0.0 ], [ 120.371919571630997, -2.569836518340594, 0.0 ], [ 120.371832647658607, -2.569529444827992, 0.0 ], [ 120.37216878186382, -2.569532091532778, 0.0 ], [ 120.372210296368166, -2.569710812903622, 0.0 ] ] ] ] } },
{ "type": "Feature", "properties": { "OBJECTID": 3649, "WADMPR": "Sulawesi Selatan", "WADMKK": "Kab. Luwu Utara", "WADMKC": "Kec. Mappedeceng", "WADMKD": "Desa Benteng", "POKTAN": "Gapoktan Muda Usaha", "K_POKTAN": "Amir Billa", "P_SID": "Universitas Negeri Makassar", "NO_HP_1": null, "NAMA_PEMIL": "Pemerintah Desa", "N_PETAK": "BEB113", "LUAS_HA": 0.14526642619, "PAKET": "Paket Sulawesi Selatan 9" }, "geometry": { "type": "MultiPolygon", "coordinates": [ [ [ [ 120.37779725813698, -2.569441866149134, 0.0 ], [ 120.377562437056895, -2.569472015021404, 0.0 ], [ 120.377560060148767, -2.568983143557205, 0.0 ], [ 120.377802889691679, -2.568940975245766, 0.0 ], [ 120.37779725813698, -2.569441866149134, 0.0 ] ] ] ] } },
{ "type": "Feature", "properties": { "OBJECTID": 4147, "WADMPR": "Sulawesi Selatan", "WADMKK": "Kab. Luwu Utara", "WADMKC": "Kec. Mappedeceng", "WADMKD": "Desa Mappedeceng", "POKTAN": "Gapoktan Tomammesa", "K_POKTAN": "Kasum .T", "P_SID": "Universitas Negeri Makassar", "NO_HP_1": "0877-7049-7988", "NAMA_PEMIL": "Pemerintah Desa", "N_PETAK": "MDB001", "LUAS_HA": 0.74148192305000005, "PAKET": "Paket Sulawesi Selatan 9" }, "geometry": { "type": "MultiPolygon", "coordinates": [ [ [ [ 120.364980991779362, -2.547752062907307, 0.0 ], [ 120.364993466275564, -2.547852375986338, 0.0 ], [ 120.364059733469958, -2.548211917745732, 0.0 ], [ 120.36394167586775, -2.54786847475026, 0.0 ], [ 120.364298468399625, -2.547119300815041, 0.0 ], [ 120.364425293492559, -2.547236879977959, 0.0 ], [ 120.364532155434631, -2.547335950193883, 0.0 ], [ 120.364752768125754, -2.5475404785102, 0.0 ], [ 120.364980991779362, -2.547752062907307, 0.0 ] ] ] ] } },
{ "type": "Feature", "properties": { "OBJECTID": 4148, "WADMPR": "Sulawesi Selatan", "WADMKK": "Kab. Luwu Utara", "WADMKC": "Kec. Mappedeceng", "WADMKD": "Desa Mappedeceng", "POKTAN": "Gapoktan Tomammesa", "K_POKTAN": "Kasum .T", "P_SID": "Universitas Negeri Makassar", "NO_HP_1": "0877-7049-7988", "NAMA_PEMIL": "Pemerintah Desa", "N_PETAK": "MDB002", "LUAS_HA": 0.09754532493, "PAKET": "Paket Sulawesi Selatan 9" }, "geometry": { "type": "MultiPolygon", "coordinates": [ [ [ [ 120.364059733469958, -2.548211917745732, 0.0 ], [ 120.363985947693436, -2.548303144074794, 0.0 ], [ 120.363698851720642, -2.548252165105282, 0.0 ], [ 120.36394167586775, -2.54786847475026, 0.0 ], [ 120.364059733469958, -2.548211917745732, 0.0 ] ] ] ] } },
{ "type": "Feature", "properties": { "OBJECTID": 4149, "WADMPR": "Sulawesi Selatan", "WADMKK": "Kab. Luwu Utara", "WADMKC": "Kec. Mappedeceng", "WADMKD": "Desa Mappedeceng", "POKTAN": "Gapoktan Tomammesa", "K_POKTAN": "Kasum .T", "P_SID": "Universitas Negeri Makassar", "NO_HP_1": "0877-7049-7988", "NAMA_PEMIL": "Pemerintah Desa", "N_PETAK": "MDB003", "LUAS_HA": 0.94113651011, "PAKET": "Paket Sulawesi Selatan 9" }, "geometry": { "type": "MultiPolygon", "coordinates": [ [ [ [ 120.364852600966856, -2.549168457358348, 0.0 ], [ 120.364211331287947, -2.5494434790333, 0.0 ], [ 120.363578109642162, -2.548515111583072, 0.0 ], [ 120.363698851720642, -2.548252165105282, 0.0 ], [ 120.363985947693436, -2.548303144074794, 0.0 ], [ 120.364059733469958, -2.548211917745732, 0.0 ], [ 120.364852600966856, -2.549168457358348, 0.0 ] ] ] ] } },
{ "type": "Feature", "properties": { "OBJECTID": 4150, "WADMPR": "Sulawesi Selatan", "WADMKK": "Kab. Luwu Utara", "WADMKC": "Kec. Mappedeceng", "WADMKD": "Desa Mappedeceng", "POKTAN": "Gapoktan Tomammesa", "K_POKTAN": "Kasum .T", "P_SID": "Universitas Negeri Makassar", "NO_HP_1": "0877-7049-7988", "NAMA_PEMIL": "Pemerintah Desa", "N_PETAK": "MDB004", "LUAS_HA": 2.40947838069, "PAKET": "Paket Sulawesi Selatan 9" }, "geometry": { "type": "MultiPolygon", "coordinates": [ [ [ [ 120.365870853856904, -2.549831192955139, 0.0 ], [ 120.365377155731267, -2.549632640633831, 0.0 ], [ 120.364852600966856, -2.549168457358348, 0.0 ], [ 120.364059733469958, -2.548211917745732, 0.0 ], [ 120.364993466275564, -2.547852375986338, 0.0 ], [ 120.364980991779362, -2.547752062907307, 0.0 ], [ 120.36575686298886, -2.548614935430862, 0.0 ], [ 120.365894325262957, -2.548767812984124, 0.0 ], [ 120.365898222025407, -2.548771966053323, 0.0 ], [ 120.36601776800569, -2.548894155141113, 0.0 ], [ 120.366123068724733, -2.54901015239659, 0.0 ], [ 120.365897685130108, -2.549294564792262, 0.0 ], [ 120.365854754193606, -2.549670205315692, 0.0 ], [ 120.365870853856904, -2.549831192955139, 0.0 ] ] ] ] } },
{ "type": "Feature", "properties": { "OBJECTID": 4151, "WADMPR": "Sulawesi Selatan", "WADMKK": "Kab. Luwu Utara", "WADMKC": "Kec. Mappedeceng", "WADMKD": "Desa Mappedeceng", "POKTAN": "Gapoktan Tomammesa", "K_POKTAN": "Kasum .T", "P_SID": "Universitas Negeri Makassar", "NO_HP_1": "0877-7049-7988", "NAMA_PEMIL": "Pemerintah Desa", "N_PETAK": "MDB005", "LUAS_HA": 0.9813425783, "PAKET": "Paket Sulawesi Selatan 9" }, "geometry": { "type": "MultiPolygon", "coordinates": [ [ [ [ 120.365377155731267, -2.549632640633831, 0.0 ], [ 120.365173237155204, -2.550201466324552, 0.0 ], [ 120.364819062549714, -2.550024378122487, 0.0 ], [ 120.364287800641591, -2.550099507486209, 0.0 ], [ 120.364211331287947, -2.5494434790333, 0.0 ], [ 120.364852600966856, -2.549168457358348, 0.0 ], [ 120.365377155731267, -2.549632640633831, 0.0 ] ] ] ] } },
{ "type": "Feature", "properties": { "OBJECTID": 4152, "WADMPR": "Sulawesi Selatan", "WADMKK": "Kab. Luwu Utara", "WADMKC": "Kec. Mappedeceng", "WADMKD": "Desa Mappedeceng", "POKTAN": "Gapoktan Tomammesa", "K_POKTAN": "Kasum .T", "P_SID": "Universitas Negeri Makassar", "NO_HP_1": "0877-7049-7988", "NAMA_PEMIL": "Pemerintah Desa", "N_PETAK": "MDB006", "LUAS_HA": 0.77370122426, "PAKET": "Paket Sulawesi Selatan 9" }, "geometry": { "type": "MultiPolygon", "coordinates": [ [ [ [ 120.364211331287947, -2.5494434790333, 0.0 ], [ 120.364287800641591, -2.550099507486209, 0.0 ], [ 120.363810201279875, -2.54992242018352, 0.0 ], [ 120.363574085175969, -2.549337495728821, 0.0 ], [ 120.36347212633757, -2.548715006592261, 0.0 ], [ 120.363578109642162, -2.548515111583072, 0.0 ], [ 120.364211331287947, -2.5494434790333, 0.0 ] ] ] ] } },
{ "type": "Feature", "properties": { "OBJECTID": 4153, "WADMPR": "Sulawesi Selatan", "WADMKK": "Kab. Luwu Utara", "WADMKC": "Kec. Mappedeceng", "WADMKD": "Desa Mappedeceng", "POKTAN": "Gapoktan Tomammesa", "K_POKTAN": "Kasum .T", "P_SID": "Universitas Negeri Makassar", "NO_HP_1": "0877-7049-7988", "NAMA_PEMIL": "Pemerintah Desa", "N_PETAK": "MDB007", "LUAS_HA": 1.0578459601500001, "PAKET": "Paket Sulawesi Selatan 9" }, "geometry": { "type": "MultiPolygon", "coordinates": [ [ [ [ 120.363810201279875, -2.54992242018352, 0.0 ], [ 120.36396693242807, -2.550700849064867, 0.0 ], [ 120.363971189818585, -2.55072199482413, 0.0 ], [ 120.363924829767143, -2.550724930211288, 0.0 ], [ 120.363547253902652, -2.55074882609739, 0.0 ], [ 120.363211861638206, -2.549853998862886, 0.0 ], [ 120.363101852968157, -2.549364327002024, 0.0 ], [ 120.36347212633757, -2.548715006592261, 0.0 ], [ 120.363574085175969, -2.549337495728821, 0.0 ], [ 120.363810201279875, -2.54992242018352, 0.0 ] ] ] ] } },
{ "type": "Feature", "properties": { "OBJECTID": 4154, "WADMPR": "Sulawesi Selatan", "WADMKK": "Kab. Luwu Utara", "WADMKC": "Kec. Mappedeceng", "WADMKD": "Desa Mappedeceng", "POKTAN": "Gapoktan Tomammesa", "K_POKTAN": "Kasum .T", "P_SID": "Universitas Negeri Makassar", "NO_HP_1": "0877-7049-7988", "NAMA_PEMIL": "Pemerintah Desa", "N_PETAK": "MDB008", "LUAS_HA": 0.40945084568000001, "PAKET": "Paket Sulawesi Selatan 9" }, "geometry": { "type": "MultiPolygon", "coordinates": [ [ [ [ 120.364287800641591, -2.550099507486209, 0.0 ], [ 120.364411052727974, -2.550844380863452, 0.0 ], [ 120.363971189818585, -2.55072199482413, 0.0 ], [ 120.36396693242807, -2.550700849064867, 0.0 ], [ 120.363810201279875, -2.54992242018352, 0.0 ], [ 120.364287800641591, -2.550099507486209, 0.0 ] ] ] ] } },
{ "type": "Feature", "properties": { "OBJECTID": 4155, "WADMPR": "Sulawesi Selatan", "WADMKK": "Kab. Luwu Utara", "WADMKC": "Kec. Mappedeceng", "WADMKD": "Desa Mappedeceng", "POKTAN": "Gapoktan Tomammesa", "K_POKTAN": "Kasum .T", "P_SID": "Universitas Negeri Makassar", "NO_HP_1": "0877-7049-7988", "NAMA_PEMIL": "Pemerintah Desa", "N_PETAK": "MDB009", "LUAS_HA": 0.71647735827000003, "PAKET": "Paket Sulawesi Selatan 9" }, "geometry": { "type": "MultiPolygon", "coordinates": [ [ [ [ 120.365173237155204, -2.550201466324552, 0.0 ], [ 120.364856625432935, -2.550990310254576, 0.0 ], [ 120.364414790310434, -2.550845420479732, 0.0 ], [ 120.364411052727974, -2.550844380863452, 0.0 ], [ 120.364287800641591, -2.550099507486209, 0.0 ], [ 120.364819062549714, -2.550024378122487, 0.0 ], [ 120.365173237155204, -2.550201466324552, 0.0 ] ] ] ] } },
{ "type": "Feature", "properties": { "OBJECTID": 4156, "WADMPR": "Sulawesi Selatan", "WADMKK": "Kab. Luwu Utara", "WADMKC": "Kec. Mappedeceng", "WADMKD": "Desa Mappedeceng", "POKTAN": "Gapoktan Tomammesa", "K_POKTAN": "Kasum .T", "P_SID": "Universitas Negeri Makassar", "NO_HP_1": "0877-7049-7988", "NAMA_PEMIL": "Pemerintah Desa", "N_PETAK": "MDB010", "LUAS_HA": 0.60792139863000005, "PAKET": "Paket Sulawesi Selatan 9" }, "geometry": { "type": "MultiPolygon", "coordinates": [ [ [ [ 120.365870853856904, -2.549831192955139, 0.0 ], [ 120.366010376477789, -2.549997546849283, 0.0 ], [ 120.366117702470092, -2.550265861380353, 0.0 ], [ 120.366042574905009, -2.550528808757463, 0.0 ], [ 120.365173237155204, -2.550201466324552, 0.0 ], [ 120.365377155731267, -2.549632640633831, 0.0 ], [ 120.365870853856904, -2.549831192955139, 0.0 ] ] ] ] } },
{ "type": "Feature", "properties": { "OBJECTID": 4157, "WADMPR": "Sulawesi Selatan", "WADMKK": "Kab. Luwu Utara", "WADMKC": "Kec. Mappedeceng", "WADMKD": "Desa Mappedeceng", "POKTAN": "Gapoktan Tomammesa", "K_POKTAN": "Kasum .T", "P_SID": "Universitas Negeri Makassar", "NO_HP_1": "0877-7049-7988", "NAMA_PEMIL": "Pemerintah Desa", "N_PETAK": "MDB011", "LUAS_HA": 0.75793810986, "PAKET": "Paket Sulawesi Selatan 9" }, "geometry": { "type": "MultiPolygon", "coordinates": [ [ [ [ 120.366042574905009, -2.550528808757463, 0.0 ], [ 120.366190147357429, -2.550594545601768, 0.0 ], [ 120.366086846730695, -2.550903106593069, 0.0 ], [ 120.365516679251414, -2.550700529805567, 0.0 ], [ 120.365280562248245, -2.551145931639383, 0.0 ], [ 120.364856625432935, -2.550990310254576, 0.0 ], [ 120.365173237155204, -2.550201466324552, 0.0 ], [ 120.366042574905009, -2.550528808757463, 0.0 ] ] ] ] } },
{ "type": "Feature", "properties": { "OBJECTID": 4158, "WADMPR": "Sulawesi Selatan", "WADMKK": "Kab. Luwu Utara", "WADMKC": "Kec. Mappedeceng", "WADMKD": "Desa Mappedeceng", "POKTAN": "Gapoktan Tomammesa", "K_POKTAN": "Kasum .T", "P_SID": "Universitas Negeri Makassar", "NO_HP_1": "0877-7049-7988", "NAMA_PEMIL": "Pemerintah Desa", "N_PETAK": "MDB012", "LUAS_HA": 0.99033426307000005, "PAKET": "Paket Sulawesi Selatan 9" }, "geometry": { "type": "MultiPolygon", "coordinates": [ [ [ [ 120.367051435275584, -2.549955959499869, 0.0 ], [ 120.36626795849952, -2.550538200377616, 0.0 ], [ 120.366160632507217, -2.550473804422495, 0.0 ], [ 120.36619551361207, -2.550184025772126, 0.0 ], [ 120.366077455110485, -2.5499479087689, 0.0 ], [ 120.36591915014867, -2.549687644968799, 0.0 ], [ 120.366037207750992, -2.549303956412416, 0.0 ], [ 120.36625454241323, -2.549196629520793, 0.0 ], [ 120.366428947038344, -2.549287857648437, 0.0 ], [ 120.367051435275584, -2.549955959499869, 0.0 ] ] ] ] } },
{ "type": "Feature", "properties": { "OBJECTID": 4159, "WADMPR": "Sulawesi Selatan", "WADMKK": "Kab. Luwu Utara", "WADMKC": "Kec. Mappedeceng", "WADMKD": "Desa Mappedeceng", "POKTAN": "Gapoktan Tomammesa", "K_POKTAN": "Kasum .T", "P_SID": "Universitas Negeri Makassar", "NO_HP_1": "0877-7049-7988", "NAMA_PEMIL": "Pemerintah Desa", "N_PETAK": "MDB013", "LUAS_HA": 2.0090247314599998, "PAKET": "Paket Sulawesi Selatan 9" }, "geometry": { "type": "MultiPolygon", "coordinates": [ [ [ [ 120.363547253902652, -2.55074882609739, 0.0 ], [ 120.363662628827342, -2.551335093239913, 0.0 ], [ 120.363286989203289, -2.55128143069345, 0.0 ], [ 120.363174296956345, -2.551265331929471, 0.0 ], [ 120.363066971863304, -2.551415587059637, 0.0 ], [ 120.362417651453484, -2.551318994475992, 0.0 ], [ 120.362063476847993, -2.55122240099297, 0.0 ], [ 120.363101852968157, -2.549364327002024, 0.0 ], [ 120.363211861638206, -2.549853998862886, 0.0 ], [ 120.363547253902652, -2.55074882609739, 0.0 ] ] ] ] } },
{ "type": "Feature", "properties": { "OBJECTID": 4160, "WADMPR": "Sulawesi Selatan", "WADMKK": "Kab. Luwu Utara", "WADMKC": "Kec. Mappedeceng", "WADMKD": "Desa Mappedeceng", "POKTAN": "Gapoktan Tomammesa", "K_POKTAN": "Kasum .T", "P_SID": "Universitas Negeri Makassar", "NO_HP_1": "0877-7049-7988", "NAMA_PEMIL": "Pemerintah Desa", "N_PETAK": "MDB014", "LUAS_HA": 0.31944924375, "PAKET": "Paket Sulawesi Selatan 9" }, "geometry": { "type": "MultiPolygon", "coordinates": [ [ [ [ 120.363662628827342, -2.551335093239913, 0.0 ], [ 120.363547253902652, -2.55074882609739, 0.0 ], [ 120.363924829767143, -2.550724930211288, 0.0 ], [ 120.363971189818585, -2.55072199482413, 0.0 ], [ 120.36415632695298, -2.55122240099297, 0.0 ], [ 120.363662628827342, -2.551335093239913, 0.0 ] ] ] ] } },
{ "type": "Feature", "properties": { "OBJECTID": 4161, "WADMPR": "Sulawesi Selatan", "WADMKK": "Kab. Luwu Utara", "WADMKC": "Kec. Mappedeceng", "WADMKD": "Desa Mappedeceng", "POKTAN": "Gapoktan Tomammesa", "K_POKTAN": "Kasum .T", "P_SID": "Universitas Negeri Makassar", "NO_HP_1": "0877-7049-7988", "NAMA_PEMIL": "Pemerintah Desa", "N_PETAK": "MDB015", "LUAS_HA": 2.1844986009, "PAKET": "Paket Sulawesi Selatan 9" }, "geometry": { "type": "MultiPolygon", "coordinates": [ [ [ [ 120.364411225397816, -2.550845420479732, 0.0 ], [ 120.364856625432935, -2.550990310254576, 0.0 ], [ 120.363969284155246, -2.553176049535011, 0.0 ], [ 120.363559999094718, -2.552861128538211, 0.0 ], [ 120.363329919240414, -2.552682030351377, 0.0 ], [ 120.363501640288519, -2.552365419528428, 0.0 ], [ 120.363388948041575, -2.552274191400784, 0.0 ], [ 120.363641163808779, -2.551952215222514, 0.0 ], [ 120.363662628827342, -2.551335093239913, 0.0 ], [ 120.36415632695298, -2.55122240099297, 0.0 ], [ 120.363971189818585, -2.55072199482413, 0.0 ], [ 120.364411225397816, -2.550845420479732, 0.0 ] ] ] ] } },
{ "type": "Feature", "properties": { "OBJECTID": 4162, "WADMPR": "Sulawesi Selatan", "WADMKK": "Kab. Luwu Utara", "WADMKC": "Kec. Mappedeceng", "WADMKD": "Desa Mappedeceng", "POKTAN": "Gapoktan Tomammesa", "K_POKTAN": "Kasum .T", "P_SID": "Universitas Negeri Makassar", "NO_HP_1": "0877-7049-7988", "NAMA_PEMIL": "Pemerintah Desa", "N_PETAK": "MDB016", "LUAS_HA": 0.72026567791999996, "PAKET": "Paket Sulawesi Selatan 9" }, "geometry": { "type": "MultiPolygon", "coordinates": [ [ [ [ 120.363662628827342, -2.551335093239913, 0.0 ], [ 120.363641163808779, -2.551952215222514, 0.0 ], [ 120.363388948041575, -2.552274191400784, 0.0 ], [ 120.362873784897261, -2.552107837506639, 0.0 ], [ 120.362970378380282, -2.551962947731795, 0.0 ], [ 120.3628952508152, -2.551823425110911, 0.0 ], [ 120.363066971863304, -2.551415587059637, 0.0 ], [ 120.363174296956345, -2.551265331929471, 0.0 ], [ 120.363286989203289, -2.55128143069345, 0.0 ], [ 120.363662628827342, -2.551335093239913, 0.0 ] ] ] ] } },
{ "type": "Feature", "properties": { "OBJECTID": 4163, "WADMPR": "Sulawesi Selatan", "WADMKK": "Kab. Luwu Utara", "WADMKC": "Kec. Mappedeceng", "WADMKD": "Desa Mappedeceng", "POKTAN": "Gapoktan Tomammesa", "K_POKTAN": "Kasum .T", "P_SID": "Universitas Negeri Makassar", "NO_HP_1": "0877-7049-7988", "NAMA_PEMIL": "Pemerintah Desa", "N_PETAK": "MDB017", "LUAS_HA": 0.43344468146999998, "PAKET": "Paket Sulawesi Selatan 9" }, "geometry": { "type": "MultiPolygon", "coordinates": [ [ [ [ 120.362417651453484, -2.551318994475992, 0.0 ], [ 120.36198834928291, -2.552091737843398, 0.0 ], [ 120.361548314603056, -2.551995146159015, 0.0 ], [ 120.362063476847993, -2.55122240099297, 0.0 ], [ 120.362417651453484, -2.551318994475992, 0.0 ] ] ] ] } },
{ "type": "Feature", "properties": { "OBJECTID": 4164, "WADMPR": "Sulawesi Selatan", "WADMKK": "Kab. Luwu Utara", "WADMKC": "Kec. Mappedeceng", "WADMKD": "Desa Mappedeceng", "POKTAN": "Gapoktan Tomammesa", "K_POKTAN": "Kasum .T", "P_SID": "Universitas Negeri Makassar", "NO_HP_1": "0877-7049-7988", "NAMA_PEMIL": "Pemerintah Desa", "N_PETAK": "MDB018", "LUAS_HA": 0.85440787983, "PAKET": "Paket Sulawesi Selatan 9" }, "geometry": { "type": "MultiPolygon", "coordinates": [ [ [ [ 120.363066971863304, -2.551415587059637, 0.0 ], [ 120.3628952508152, -2.551823425110911, 0.0 ], [ 120.362970378380282, -2.551962947731795, 0.0 ], [ 120.362873784897261, -2.552107837506639, 0.0 ], [ 120.363120634409825, -2.55219369848038, 0.0 ], [ 120.363040140590101, -2.552360053273787, 0.0 ], [ 120.362514244936506, -2.552204430989661, 0.0 ], [ 120.36198834928291, -2.552091737843398, 0.0 ], [ 120.362417651453484, -2.551318994475992, 0.0 ], [ 120.363066971863304, -2.551415587059637, 0.0 ] ] ] ] } },
{ "type": "Feature", "properties": { "OBJECTID": 4165, "WADMPR": "Sulawesi Selatan", "WADMKK": "Kab. Luwu Utara", "WADMKC": "Kec. Mappedeceng", "WADMKD": "Desa Mappedeceng", "POKTAN": "Gapoktan Tomammesa", "K_POKTAN": "Kasum .T", "P_SID": "Universitas Negeri Makassar", "NO_HP_1": "0877-7049-7988", "NAMA_PEMIL": "Pemerintah Desa", "N_PETAK": "MDB019", "LUAS_HA": 0.60285217633, "PAKET": "Paket Sulawesi Selatan 9" }, "geometry": { "type": "MultiPolygon", "coordinates": [ [ [ [ 120.363388948041575, -2.552274191400784, 0.0 ], [ 120.363501640288519, -2.552365419528428, 0.0 ], [ 120.363329919240414, -2.552682030351377, 0.0 ], [ 120.363559999094718, -2.552861128538211, 0.0 ], [ 120.363399010556009, -2.553252867825563, 0.0 ], [ 120.36276578891011, -2.553011384567696, 0.0 ], [ 120.363040140590101, -2.552360053273787, 0.0 ], [ 120.363120634409825, -2.55219369848038, 0.0 ], [ 120.363388948041575, -2.552274191400784, 0.0 ] ] ] ] } },
{ "type": "Feature", "properties": { "OBJECTID": 4166, "WADMPR": "Sulawesi Selatan", "WADMKK": "Kab. Luwu Utara", "WADMKC": "Kec. Mappedeceng", "WADMKD": "Desa Mappedeceng", "POKTAN": "Gapoktan Tomammesa", "K_POKTAN": "Kasum .T", "P_SID": "Universitas Negeri Makassar", "NO_HP_1": "0877-7049-7988", "NAMA_PEMIL": "Pemerintah Desa", "N_PETAK": "MDB020", "LUAS_HA": 0.45228139770999998, "PAKET": "Paket Sulawesi Selatan 9" }, "geometry": { "type": "MultiPolygon", "coordinates": [ [ [ [ 120.363040140590101, -2.552360053273787, 0.0 ], [ 120.36276578891011, -2.553011384567696, 0.0 ], [ 120.362261359174454, -2.552786001872448, 0.0 ], [ 120.362514244936506, -2.552204430989661, 0.0 ], [ 120.363040140590101, -2.552360053273787, 0.0 ] ] ] ] } },
{ "type": "Feature", "properties": { "OBJECTID": 4167, "WADMPR": "Sulawesi Selatan", "WADMKK": "Kab. Luwu Utara", "WADMKC": "Kec. Mappedeceng", "WADMKD": "Desa Mappedeceng", "POKTAN": "Gapoktan Tomammesa", "K_POKTAN": "Kasum .T", "P_SID": "Universitas Negeri Makassar", "NO_HP_1": "0877-7049-7988", "NAMA_PEMIL": "Pemerintah Desa", "N_PETAK": "MDB021", "LUAS_HA": 1.5636276876499999, "PAKET": "Paket Sulawesi Selatan 9" }, "geometry": { "type": "MultiPolygon", "coordinates": [ [ [ [ 120.362514244936506, -2.552204430989661, 0.0 ], [ 120.362261359174454, -2.552786001872448, 0.0 ], [ 120.36276578891011, -2.553011384567696, 0.0 ], [ 120.363399010556009, -2.553252867825563, 0.0 ], [ 120.363259487035748, -2.553633873704257, 0.0 ], [ 120.362288190447657, -2.553140175578619, 0.0 ], [ 120.362266725429095, -2.553268965690165, 0.0 ], [ 120.361976945879405, -2.553483618574091, 0.0 ], [ 120.361601306255352, -2.553505083592711, 0.0 ], [ 120.361424218952607, -2.553403123855048, 0.0 ], [ 120.361510079026971, -2.55311871056, 0.0 ], [ 120.36198834928291, -2.552091737843398, 0.0 ], [ 120.362514244936506, -2.552204430989661, 0.0 ] ] ] ] } },
{ "type": "Feature", "properties": { "OBJECTID": 4168, "WADMPR": "Sulawesi Selatan", "WADMKK": "Kab. Luwu Utara", "WADMKC": "Kec. Mappedeceng", "WADMKD": "Desa Mappedeceng", "POKTAN": "Gapoktan Tomammesa", "K_POKTAN": "Kasum .T", "P_SID": "Universitas Negeri Makassar", "NO_HP_1": "0877-7049-7988", "NAMA_PEMIL": "Pemerintah Desa", "N_PETAK": "MDB022", "LUAS_HA": 0.68186174912999997, "PAKET": "Paket Sulawesi Selatan 9" }, "geometry": { "type": "MultiPolygon", "coordinates": [ [ [ [ 120.36198834928291, -2.552091737843398, 0.0 ], [ 120.361510079026971, -2.55311871056, 0.0 ], [ 120.360994916782033, -2.552871861946812, 0.0 ], [ 120.361051262905562, -2.552741730046762, 0.0 ], [ 120.361548314603056, -2.551995146159015, 0.0 ], [ 120.36198834928291, -2.552091737843398, 0.0 ] ] ] ] } },
{ "type": "Feature", "properties": { "OBJECTID": 4169, "WADMPR": "Sulawesi Selatan", "WADMKK": "Kab. Luwu Utara", "WADMKC": "Kec. Mappedeceng", "WADMKD": "Desa Mappedeceng", "POKTAN": "Gapoktan Tomammesa", "K_POKTAN": "Kasum .T", "P_SID": "Universitas Negeri Makassar", "NO_HP_1": "0877-7049-7988", "NAMA_PEMIL": "Pemerintah Desa", "N_PETAK": "MDB023", "LUAS_HA": 0.87257619084000004, "PAKET": "Paket Sulawesi Selatan 9" }, "geometry": { "type": "MultiPolygon", "coordinates": [ [ [ [ 120.361104925451968, -2.552937598791118, 0.0 ], [ 120.360731968505661, -2.554393202784013, 0.0 ], [ 120.360680988636773, -2.554526018261072, 0.0 ], [ 120.360487802570105, -2.554558214889653, 0.0 ], [ 120.35998873908909, -2.554477721969249, 0.0 ], [ 120.360994916782033, -2.552871861946812, 0.0 ], [ 120.361104925451968, -2.552937598791118, 0.0 ] ] ] ] } },
{ "type": "Feature", "properties": { "OBJECTID": 4170, "WADMPR": "Sulawesi Selatan", "WADMKK": "Kab. Luwu Utara", "WADMKC": "Kec. Mappedeceng", "WADMKD": "Desa Mappedeceng", "POKTAN": "Gapoktan Tomammesa", "K_POKTAN": "Kasum .T", "P_SID": "Universitas Negeri Makassar", "NO_HP_1": "0877-7049-7988", "NAMA_PEMIL": "Pemerintah Desa", "N_PETAK": "MDB024", "LUAS_HA": 0.61841114691, "PAKET": "Paket Sulawesi Selatan 9" }, "geometry": { "type": "MultiPolygon", "coordinates": [ [ [ [ 120.361510079026971, -2.55311871056, 0.0 ], [ 120.361424218952607, -2.553403123855048, 0.0 ], [ 120.361064678092475, -2.553996098141397, 0.0 ], [ 120.361086143111038, -2.554229531567557, 0.0 ], [ 120.361091509365679, -2.554497845199364, 0.0 ], [ 120.360731968505661, -2.554393202784013, 0.0 ], [ 120.361104925451968, -2.552937598791118, 0.0 ], [ 120.361510079026971, -2.55311871056, 0.0 ] ] ] ] } },
{ "type": "Feature", "properties": { "OBJECTID": 4171, "WADMPR": "Sulawesi Selatan", "WADMKK": "Kab. Luwu Utara", "WADMKC": "Kec. Mappedeceng", "WADMKD": "Desa Mappedeceng", "POKTAN": "Gapoktan Tomammesa", "K_POKTAN": "Kasum .T", "P_SID": "Universitas Negeri Makassar", "NO_HP_1": "0877-7049-7988", "NAMA_PEMIL": "Pemerintah Desa", "N_PETAK": "MDB025", "LUAS_HA": 0.37135804888000001, "PAKET": "Paket Sulawesi Selatan 9" }, "geometry": { "type": "MultiPolygon", "coordinates": [ [ [ [ 120.361633503783196, -2.554476380180745, 0.0 ], [ 120.36096808550883, -2.55492983094689, 0.0 ], [ 120.360680988636773, -2.554526018261072, 0.0 ], [ 120.360731968505661, -2.554393202784013, 0.0 ], [ 120.361091509365679, -2.554497845199364, 0.0 ], [ 120.361086143111038, -2.554229531567557, 0.0 ], [ 120.361633503783196, -2.554476380180745, 0.0 ] ] ] ] } },
{ "type": "Feature", "properties": { "OBJECTID": 4172, "WADMPR": "Sulawesi Selatan", "WADMKK": "Kab. Luwu Utara", "WADMKC": "Kec. Mappedeceng", "WADMKD": "Desa Mappedeceng", "POKTAN": "Gapoktan Tomammesa", "K_POKTAN": "Kasum .T", "P_SID": "Universitas Negeri Makassar", "NO_HP_1": "0877-7049-7988", "NAMA_PEMIL": "Pemerintah Desa", "N_PETAK": "MDB026", "LUAS_HA": 0.88717662737000003, "PAKET": "Paket Sulawesi Selatan 9" }, "geometry": { "type": "MultiPolygon", "coordinates": [ [ [ [ 120.362030608425925, -2.554688348588343, 0.0 ], [ 120.361946090140009, -2.55492983094689, 0.0 ], [ 120.362230502535681, -2.554870802145729, 0.0 ], [ 120.361972921413212, -2.555426211750216, 0.0 ], [ 120.361897792948866, -2.555557684539451, 0.0 ], [ 120.361500688306137, -2.555544270251801, 0.0 ], [ 120.361299453307197, -2.55500227583434, 0.0 ], [ 120.36096808550883, -2.55492983094689, 0.0 ], [ 120.361633503783196, -2.554476380180745, 0.0 ], [ 120.361805224831301, -2.554527360049576, 0.0 ], [ 120.362030608425925, -2.554688348588343, 0.0 ] ] ] ] } },
{ "type": "Feature", "properties": { "OBJECTID": 4173, "WADMPR": "Sulawesi Selatan", "WADMKK": "Kab. Luwu Utara", "WADMKC": "Kec. Mappedeceng", "WADMKD": "Desa Mappedeceng", "POKTAN": "Gapoktan Tomammesa", "K_POKTAN": "Kasum .T", "P_SID": "Universitas Negeri Makassar", "NO_HP_1": "0877-7049-7988", "NAMA_PEMIL": "Pemerintah Desa", "N_PETAK": "MDB027", "LUAS_HA": 0.39957680455, "PAKET": "Paket Sulawesi Selatan 9" }, "geometry": { "type": "MultiPolygon", "coordinates": [ [ [ [ 120.361976945879405, -2.553483618574091, 0.0 ], [ 120.361807908408309, -2.553843158534903, 0.0 ], [ 120.361767661048816, -2.553974633122778, 0.0 ], [ 120.361437635038897, -2.553988047410428, 0.0 ], [ 120.361064678092475, -2.553996098141397, 0.0 ], [ 120.361424218952607, -2.553403123855048, 0.0 ], [ 120.361601306255352, -2.553505083592711, 0.0 ], [ 120.361976945879405, -2.553483618574091, 0.0 ] ] ] ] } },
{ "type": "Feature", "properties": { "OBJECTID": 4174, "WADMPR": "Sulawesi Selatan", "WADMKK": "Kab. Luwu Utara", "WADMKC": "Kec. Mappedeceng", "WADMKD": "Desa Mappedeceng", "POKTAN": "Gapoktan Tomammesa", "K_POKTAN": "Kasum .T", "P_SID": "Universitas Negeri Makassar", "NO_HP_1": "0877-7049-7988", "NAMA_PEMIL": "Pemerintah Desa", "N_PETAK": "MDB028", "LUAS_HA": 0.34940307591999997, "PAKET": "Paket Sulawesi Selatan 9" }, "geometry": { "type": "MultiPolygon", "coordinates": [ [ [ [ 120.361633503783196, -2.554476380180745, 0.0 ], [ 120.361086143111038, -2.554229531567557, 0.0 ], [ 120.361064678092475, -2.553996098141397, 0.0 ], [ 120.361437635038897, -2.553988047410428, 0.0 ], [ 120.361767661048816, -2.553974633122778, 0.0 ], [ 120.361891085805041, -2.554020245837648, 0.0 ], [ 120.361893768482673, -2.554132937185273, 0.0 ], [ 120.361633503783196, -2.554476380180745, 0.0 ] ] ] ] } },
{ "type": "Feature", "properties": { "OBJECTID": 4175, "WADMPR": "Sulawesi Selatan", "WADMKK": "Kab. Luwu Utara", "WADMKC": "Kec. Mappedeceng", "WADMKD": "Desa Mappedeceng", "POKTAN": "Gapoktan Tomammesa", "K_POKTAN": "Kasum .T", "P_SID": "Universitas Negeri Makassar", "NO_HP_1": "0877-7049-7988", "NAMA_PEMIL": "Pemerintah Desa", "N_PETAK": "MDB029", "LUAS_HA": 0.41028296632, "PAKET": "Paket Sulawesi Selatan 9" }, "geometry": { "type": "MultiPolygon", "coordinates": [ [ [ [ 120.362387466608311, -2.553861940875834, 0.0 ], [ 120.362339170316545, -2.554138303439913, 0.0 ], [ 120.362245259511155, -2.554116838421294, 0.0 ], [ 120.362155374970598, -2.554387165635148, 0.0 ], [ 120.362030608425925, -2.554688348588343, 0.0 ], [ 120.361805224831301, -2.554527360049576, 0.0 ], [ 120.361633503783196, -2.554476380180745, 0.0 ], [ 120.361893768482673, -2.554132937185273, 0.0 ], [ 120.361891085805041, -2.554020245837648, 0.0 ], [ 120.361767661048816, -2.553974633122778, 0.0 ], [ 120.361807908408309, -2.553843158534903, 0.0 ], [ 120.361952797283834, -2.553867307130474, 0.0 ], [ 120.36220232947403, -2.553853891044184, 0.0 ], [ 120.362304289211693, -2.553832426924942, 0.0 ], [ 120.362387466608311, -2.553861940875834, 0.0 ] ] ] ] } },
{ "type": "Feature", "properties": { "OBJECTID": 4176, "WADMPR": "Sulawesi Selatan", "WADMKK": "Kab. Luwu Utara", "WADMKC": "Kec. Mappedeceng", "WADMKD": "Desa Mappedeceng", "POKTAN": "Gapoktan Tomammesa", "K_POKTAN": "Kasum .T", "P_SID": "Universitas Negeri Makassar", "NO_HP_1": "0877-7049-7988", "NAMA_PEMIL": "Pemerintah Desa", "N_PETAK": "MDB030", "LUAS_HA": 0.14851835175, "PAKET": "Paket Sulawesi Selatan 9" }, "geometry": { "type": "MultiPolygon", "coordinates": [ [ [ [ 120.362387466608311, -2.553861940875834, 0.0 ], [ 120.362304289211693, -2.553832426924942, 0.0 ], [ 120.36220232947403, -2.553853891044184, 0.0 ], [ 120.361952797283834, -2.553867307130474, 0.0 ], [ 120.361807908408309, -2.553843158534903, 0.0 ], [ 120.361976945879405, -2.553483618574091, 0.0 ], [ 120.362304289211693, -2.553717051100989, 0.0 ], [ 120.362387466608311, -2.553861940875834, 0.0 ] ] ] ] } },
{ "type": "Feature", "properties": { "OBJECTID": 4177, "WADMPR": "Sulawesi Selatan", "WADMKK": "Kab. Luwu Utara", "WADMKC": "Kec. Mappedeceng", "WADMKD": "Desa Mappedeceng", "POKTAN": "Gapoktan Tomammesa", "K_POKTAN": "Kasum .T", "P_SID": "Universitas Negeri Makassar", "NO_HP_1": "0877-7049-7988", "NAMA_PEMIL": "Pemerintah Desa", "N_PETAK": "MDB031", "LUAS_HA": 0.51060944427, "PAKET": "Paket Sulawesi Selatan 9" }, "geometry": { "type": "MultiPolygon", "coordinates": [ [ [ [ 120.363259487035748, -2.553633873704257, 0.0 ], [ 120.363110572794767, -2.553732479870007, 0.0 ], [ 120.362767130698558, -2.553694915188146, 0.0 ], [ 120.362387466608311, -2.553861940875834, 0.0 ], [ 120.362304289211693, -2.553717051100989, 0.0 ], [ 120.361976945879405, -2.553483618574091, 0.0 ], [ 120.362266725429095, -2.553268965690165, 0.0 ], [ 120.362288190447657, -2.553140175578619, 0.0 ], [ 120.363259487035748, -2.553633873704257, 0.0 ] ] ] ] } },
{ "type": "Feature", "properties": { "OBJECTID": 4178, "WADMPR": "Sulawesi Selatan", "WADMKK": "Kab. Luwu Utara", "WADMKC": "Kec. Mappedeceng", "WADMKD": "Desa Mappedeceng", "POKTAN": "Gapoktan Tomammesa", "K_POKTAN": "Kasum .T", "P_SID": "Universitas Negeri Makassar", "NO_HP_1": "0877-7049-7988", "NAMA_PEMIL": "Pemerintah Desa", "N_PETAK": "MDB032", "LUAS_HA": 1.175588748, "PAKET": "Paket Sulawesi Selatan 9" }, "geometry": { "type": "MultiPolygon", "coordinates": [ [ [ [ 120.363019345566386, -2.554703775558721, 0.0 ], [ 120.362686636878834, -2.554515956646014, 0.0 ], [ 120.362654438451614, -2.554419363163049, 0.0 ], [ 120.362155374970598, -2.554387165635148, 0.0 ], [ 120.362245259511155, -2.554116838421294, 0.0 ], [ 120.362339170316545, -2.554138303439913, 0.0 ], [ 120.362387466608311, -2.553861940875834, 0.0 ], [ 120.362767130698558, -2.553694915188146, 0.0 ], [ 120.363110572794767, -2.553732479870007, 0.0 ], [ 120.363259487035748, -2.553633873704257, 0.0 ], [ 120.363770625713869, -2.553925665037355, 0.0 ], [ 120.363416451108378, -2.554419363163049, 0.0 ], [ 120.363142770322611, -2.554338869343326, 0.0 ], [ 120.363019345566386, -2.554703775558721, 0.0 ] ] ] ] } },
{ "type": "Feature", "properties": { "OBJECTID": 4179, "WADMPR": "Sulawesi Selatan", "WADMKK": "Kab. Luwu Utara", "WADMKC": "Kec. Mappedeceng", "WADMKD": "Desa Mappedeceng", "POKTAN": "Gapoktan Tomammesa", "K_POKTAN": "Kasum .T", "P_SID": "Universitas Negeri Makassar", "NO_HP_1": "0877-7049-7988", "NAMA_PEMIL": "Pemerintah Desa", "N_PETAK": "MDB033", "LUAS_HA": 0.80221309707, "PAKET": "Paket Sulawesi Selatan 9" }, "geometry": { "type": "MultiPolygon", "coordinates": [ [ [ [ 120.363019345566386, -2.554703775558721, 0.0 ], [ 120.36327156133359, -2.554865435891088, 0.0 ], [ 120.363013979311745, -2.555337667199524, 0.0 ], [ 120.362230502535681, -2.554870802145729, 0.0 ], [ 120.361946090140009, -2.55492983094689, 0.0 ], [ 120.362030608425925, -2.554688348588343, 0.0 ], [ 120.362155374970598, -2.554387165635148, 0.0 ], [ 120.362654438451614, -2.554419363163049, 0.0 ], [ 120.362686636878834, -2.554515956646014, 0.0 ], [ 120.363019345566386, -2.554703775558721, 0.0 ] ] ] ] } },
{ "type": "Feature", "properties": { "OBJECTID": 4180, "WADMPR": "Sulawesi Selatan", "WADMKK": "Kab. Luwu Utara", "WADMKC": "Kec. Mappedeceng", "WADMKD": "Desa Mappedeceng", "POKTAN": "Gapoktan Tomammesa", "K_POKTAN": "Kasum .T", "P_SID": "Universitas Negeri Makassar", "NO_HP_1": "0877-7049-7988", "NAMA_PEMIL": "Pemerintah Desa", "N_PETAK": "MDB034", "LUAS_HA": 0.65448129298000002, "PAKET": "Paket Sulawesi Selatan 9" }, "geometry": { "type": "MultiPolygon", "coordinates": [ [ [ [ 120.363013979311745, -2.555337667199524, 0.0 ], [ 120.362894579920976, -2.555526829699375, 0.0 ], [ 120.362831525754359, -2.555477191619048, 0.0 ], [ 120.362539063527038, -2.555917225399583, 0.0 ], [ 120.362131226375027, -2.555509389146948, 0.0 ], [ 120.361972921413212, -2.555426211750216, 0.0 ], [ 120.362230502535681, -2.554870802145729, 0.0 ], [ 120.363013979311745, -2.555337667199524, 0.0 ] ] ] ] } },
{ "type": "Feature", "properties": { "OBJECTID": 4181, "WADMPR": "Sulawesi Selatan", "WADMKK": "Kab. Luwu Utara", "WADMKC": "Kec. Mappedeceng", "WADMKD": "Desa Mappedeceng", "POKTAN": "Gapoktan Tomammesa", "K_POKTAN": "Kasum .T", "P_SID": "Universitas Negeri Makassar", "NO_HP_1": "0877-7049-7988", "NAMA_PEMIL": "Pemerintah Desa", "N_PETAK": "MDB035", "LUAS_HA": 0.51758873259000004, "PAKET": "Paket Sulawesi Selatan 9" }, "geometry": { "type": "MultiPolygon", "coordinates": [ [ [ [ 120.35998873908909, -2.554477721969249, 0.0 ], [ 120.360487802570105, -2.554558214889653, 0.0 ], [ 120.36055219852517, -2.554589072427689, 0.0 ], [ 120.36046767933999, -2.555108259138819, 0.0 ], [ 120.360427431980497, -2.555298761628478, 0.0 ], [ 120.359923002244841, -2.555285347340885, 0.0 ], [ 120.360031669126329, -2.554716521650107, 0.0 ], [ 120.359830433228012, -2.554658832838811, 0.0 ], [ 120.359943125474956, -2.5544696721376, 0.0 ], [ 120.35998873908909, -2.554477721969249, 0.0 ] ] ] ] } },
{ "type": "Feature", "properties": { "OBJECTID": 4182, "WADMPR": "Sulawesi Selatan", "WADMKK": "Kab. Luwu Utara", "WADMKC": "Kec. Mappedeceng", "WADMKD": "Desa Mappedeceng", "POKTAN": "Gapoktan Tomammesa", "K_POKTAN": "Kasum .T", "P_SID": "Universitas Negeri Makassar", "NO_HP_1": "0877-7049-7988", "NAMA_PEMIL": "Pemerintah Desa", "N_PETAK": "MDB036", "LUAS_HA": 0.59306653184000002, "PAKET": "Paket Sulawesi Selatan 9" }, "geometry": { "type": "MultiPolygon", "coordinates": [ [ [ [ 120.36096808550883, -2.55492983094689, 0.0 ], [ 120.361299453307197, -2.55500227583434, 0.0 ], [ 120.361500688306137, -2.555544270251801, 0.0 ], [ 120.360960035677181, -2.555521463444734, 0.0 ], [ 120.361019064478342, -2.555290713595525, 0.0 ], [ 120.36046767933999, -2.555108259138819, 0.0 ], [ 120.36055219852517, -2.554589072427689, 0.0 ], [ 120.360487802570105, -2.554558214889653, 0.0 ], [ 120.360680988636773, -2.554526018261072, 0.0 ], [ 120.36096808550883, -2.55492983094689, 0.0 ] ] ] ] } },
{ "type": "Feature", "properties": { "OBJECTID": 4183, "WADMPR": "Sulawesi Selatan", "WADMKK": "Kab. Luwu Utara", "WADMKC": "Kec. Mappedeceng", "WADMKD": "Desa Mappedeceng", "POKTAN": "Gapoktan Tomammesa", "K_POKTAN": "Kasum .T", "P_SID": "Universitas Negeri Makassar", "NO_HP_1": "0877-7049-7988", "NAMA_PEMIL": "Pemerintah Desa", "N_PETAK": "MDB037", "LUAS_HA": 0.30404878494999998, "PAKET": "Paket Sulawesi Selatan 9" }, "geometry": { "type": "MultiPolygon", "coordinates": [ [ [ [ 120.360960035677181, -2.555521463444734, 0.0 ], [ 120.36083795181014, -2.555823315493569, 0.0 ], [ 120.360510609377229, -2.555715990400586, 0.0 ], [ 120.360601836605497, -2.555337667199524, 0.0 ], [ 120.360427431980497, -2.555298761628478, 0.0 ], [ 120.36046767933999, -2.555108259138819, 0.0 ], [ 120.361019064478342, -2.555290713595525, 0.0 ], [ 120.360960035677181, -2.555521463444734, 0.0 ] ] ] ] } },
{ "type": "Feature", "properties": { "OBJECTID": 4184, "WADMPR": "Sulawesi Selatan", "WADMKK": "Kab. Luwu Utara", "WADMKC": "Kec. Mappedeceng", "WADMKD": "Desa Mappedeceng", "POKTAN": "Gapoktan Tomammesa", "K_POKTAN": "Kasum .T", "P_SID": "Universitas Negeri Makassar", "NO_HP_1": "0877-7049-7988", "NAMA_PEMIL": "Pemerintah Desa", "N_PETAK": "MDB038", "LUAS_HA": 0.21029959698, "PAKET": "Paket Sulawesi Selatan 9" }, "geometry": { "type": "MultiPolygon", "coordinates": [ [ [ [ 120.359923002244841, -2.555285347340885, 0.0 ], [ 120.359553734317501, -2.555176679560077, 0.0 ], [ 120.359830433228012, -2.554658832838811, 0.0 ], [ 120.360031669126329, -2.554716521650107, 0.0 ], [ 120.359923002244841, -2.555285347340885, 0.0 ] ] ] ] } },
{ "type": "Feature", "properties": { "OBJECTID": 4185, "WADMPR": "Sulawesi Selatan", "WADMKK": "Kab. Luwu Utara", "WADMKC": "Kec. Mappedeceng", "WADMKD": "Desa Mappedeceng", "POKTAN": "Gapoktan Tomammesa", "K_POKTAN": "Kasum .T", "P_SID": "Universitas Negeri Makassar", "NO_HP_1": "0877-7049-7988", "NAMA_PEMIL": "Pemerintah Desa", "N_PETAK": "MDB039", "LUAS_HA": 0.911848971, "PAKET": "Paket Sulawesi Selatan 9" }, "geometry": { "type": "MultiPolygon", "coordinates": [ [ [ [ 120.360427431980497, -2.555298761628478, 0.0 ], [ 120.360601836605497, -2.555337667199524, 0.0 ], [ 120.360510609377229, -2.555715990400586, 0.0 ], [ 120.36083795181014, -2.555823315493569, 0.0 ], [ 120.361013362776589, -2.55588234609337, 0.0 ], [ 120.360997264012553, -2.556080897515358, 0.0 ], [ 120.360847007983125, -2.556113095942578, 0.0 ], [ 120.360584060606016, -2.556225788189522, 0.0 ], [ 120.360160124690083, -2.556231154444163, 0.0 ], [ 120.359897176413597, -2.556102363433297, 0.0 ], [ 120.359923002244841, -2.555285347340885, 0.0 ], [ 120.360427431980497, -2.555298761628478, 0.0 ] ] ] ] } },
{ "type": "Feature", "properties": { "OBJECTID": 4186, "WADMPR": "Sulawesi Selatan", "WADMKK": "Kab. Luwu Utara", "WADMKC": "Kec. Mappedeceng", "WADMKD": "Desa Mappedeceng", "POKTAN": "Gapoktan Tomammesa", "K_POKTAN": "Kasum .T", "P_SID": "Universitas Negeri Makassar", "NO_HP_1": "0877-7049-7988", "NAMA_PEMIL": "Pemerintah Desa", "N_PETAK": "MDB040", "LUAS_HA": 1.05301756274, "PAKET": "Paket Sulawesi Selatan 9" }, "geometry": { "type": "MultiPolygon", "coordinates": [ [ [ [ 120.359923002244841, -2.555285347340885, 0.0 ], [ 120.359897176413597, -2.556102363433297, 0.0 ], [ 120.359424944205898, -2.556325063450856, 0.0 ], [ 120.359296153195032, -2.556641673374486, 0.0 ], [ 120.358791721660737, -2.556453853562459, 0.0 ], [ 120.359553734317501, -2.555176679560077, 0.0 ], [ 120.359923002244841, -2.555285347340885, 0.0 ] ] ] ] } },
{ "type": "Feature", "properties": { "OBJECTID": 4187, "WADMPR": "Sulawesi Selatan", "WADMKK": "Kab. Luwu Utara", "WADMKC": "Kec. Mappedeceng", "WADMKD": "Desa Mappedeceng", "POKTAN": "Gapoktan Tomammesa", "K_POKTAN": "Kasum .T", "P_SID": "Universitas Negeri Makassar", "NO_HP_1": "0877-7049-7988", "NAMA_PEMIL": "Pemerintah Desa", "N_PETAK": "MDB041", "LUAS_HA": 0.96157957384000003, "PAKET": "Paket Sulawesi Selatan 9" }, "geometry": { "type": "MultiPolygon", "coordinates": [ [ [ [ 120.360160124690083, -2.556231154444163, 0.0 ], [ 120.360176223454005, -2.55706829376669, 0.0 ], [ 120.359891810158956, -2.556928769347167, 0.0 ], [ 120.359945473604739, -2.556698019497958, 0.0 ], [ 120.359746920384168, -2.556569229386355, 0.0 ], [ 120.359467874243023, -2.557148788485733, 0.0 ], [ 120.359204926865914, -2.557341974552457, 0.0 ], [ 120.358802455069281, -2.556998531556928, 0.0 ], [ 120.359296153195032, -2.556641673374486, 0.0 ], [ 120.359424944205898, -2.556325063450856, 0.0 ], [ 120.359897176413597, -2.556102363433297, 0.0 ], [ 120.360160124690083, -2.556231154444163, 0.0 ] ] ] ] } },
{ "type": "Feature", "properties": { "OBJECTID": 4188, "WADMPR": "Sulawesi Selatan", "WADMKK": "Kab. Luwu Utara", "WADMKC": "Kec. Mappedeceng", "WADMKD": "Desa Mappedeceng", "POKTAN": "Gapoktan Tomammesa", "K_POKTAN": "Kasum .T", "P_SID": "Universitas Negeri Makassar", "NO_HP_1": "0877-7049-7988", "NAMA_PEMIL": "Pemerintah Desa", "N_PETAK": "MDB042", "LUAS_HA": 0.25451558809000002, "PAKET": "Paket Sulawesi Selatan 9" }, "geometry": { "type": "MultiPolygon", "coordinates": [ [ [ [ 120.359296153195032, -2.556641673374486, 0.0 ], [ 120.358802455069281, -2.556998531556928, 0.0 ], [ 120.358539507692171, -2.556810711744902, 0.0 ], [ 120.358791721660737, -2.556453853562459, 0.0 ], [ 120.359296153195032, -2.556641673374486, 0.0 ] ] ] ] } },
{ "type": "Feature", "properties": { "OBJECTID": 4189, "WADMPR": "Sulawesi Selatan", "WADMKK": "Kab. Luwu Utara", "WADMKC": "Kec. Mappedeceng", "WADMKD": "Desa Mappedeceng", "POKTAN": "Gapoktan Tomammesa", "K_POKTAN": "Kasum .T", "P_SID": "Universitas Negeri Makassar", "NO_HP_1": "0877-7049-7988", "NAMA_PEMIL": "Pemerintah Desa", "N_PETAK": "MDB043", "LUAS_HA": 0.47977115504000001, "PAKET": "Paket Sulawesi Selatan 9" }, "geometry": { "type": "MultiPolygon", "coordinates": [ [ [ [ 120.358802455069281, -2.556998531556928, 0.0 ], [ 120.359204926865914, -2.557341974552457, 0.0 ], [ 120.359019789731519, -2.557505645768913, 0.0 ], [ 120.358754158777515, -2.557599554775607, 0.0 ], [ 120.35824704546485, -2.557266846088055, 0.0 ], [ 120.358539507692171, -2.556810711744902, 0.0 ], [ 120.358802455069281, -2.556998531556928, 0.0 ] ] ] ] } },
{ "type": "Feature", "properties": { "OBJECTID": 4190, "WADMPR": "Sulawesi Selatan", "WADMKK": "Kab. Luwu Utara", "WADMKC": "Kec. Mappedeceng", "WADMKD": "Desa Mappedeceng", "POKTAN": "Gapoktan Tomammesa", "K_POKTAN": "Kasum .T", "P_SID": "Universitas Negeri Makassar", "NO_HP_1": "0877-7049-7988", "NAMA_PEMIL": "Pemerintah Desa", "N_PETAK": "MDB044", "LUAS_HA": 0.63846120418999996, "PAKET": "Paket Sulawesi Selatan 9" }, "geometry": { "type": "MultiPolygon", "coordinates": [ [ [ [ 120.360565278265085, -2.557328558466168, 0.0 ], [ 120.360162807367715, -2.557231965882465, 0.0 ], [ 120.360176223454005, -2.55706829376669, 0.0 ], [ 120.360160124690083, -2.556231154444163, 0.0 ], [ 120.360584060606016, -2.556225788189522, 0.0 ], [ 120.360720900549154, -2.556357261878077, 0.0 ], [ 120.360624307965509, -2.557146104009462, 0.0 ], [ 120.360565278265085, -2.557328558466168, 0.0 ] ] ] ] } },
{ "type": "Feature", "properties": { "OBJECTID": 4191, "WADMPR": "Sulawesi Selatan", "WADMKK": "Kab. Luwu Utara", "WADMKC": "Kec. Mappedeceng", "WADMKD": "Desa Mappedeceng", "POKTAN": "Gapoktan Tomammesa", "K_POKTAN": "Kasum .T", "P_SID": "Universitas Negeri Makassar", "NO_HP_1": "0877-7049-7988", "NAMA_PEMIL": "Pemerintah Desa", "N_PETAK": "MDB045", "LUAS_HA": 0.64310913384000001, "PAKET": "Paket Sulawesi Selatan 9" }, "geometry": { "type": "MultiPolygon", "coordinates": [ [ [ [ 120.360176223454005, -2.55706829376669, 0.0 ], [ 120.360162807367715, -2.557231965882465, 0.0 ], [ 120.360130609839871, -2.55739831977661, 0.0 ], [ 120.359116383214541, -2.557591505843277, 0.0 ], [ 120.359019789731519, -2.557505645768913, 0.0 ], [ 120.359467874243023, -2.557148788485733, 0.0 ], [ 120.359746920384168, -2.556569229386355, 0.0 ], [ 120.359945473604739, -2.556698019497958, 0.0 ], [ 120.359891810158956, -2.556928769347167, 0.0 ], [ 120.360176223454005, -2.55706829376669, 0.0 ] ] ] ] } },
{ "type": "Feature", "properties": { "OBJECTID": 4192, "WADMPR": "Sulawesi Selatan", "WADMKK": "Kab. Luwu Utara", "WADMKC": "Kec. Mappedeceng", "WADMKD": "Desa Mappedeceng", "POKTAN": "Gapoktan Tomammesa", "K_POKTAN": "Kasum .T", "P_SID": "Universitas Negeri Makassar", "NO_HP_1": "0877-7049-7988", "NAMA_PEMIL": "Pemerintah Desa", "N_PETAK": "MDB046", "LUAS_HA": 0.26267294607000002, "PAKET": "Paket Sulawesi Selatan 9" }, "geometry": { "type": "MultiPolygon", "coordinates": [ [ [ [ 120.360565278265085, -2.557328558466168, 0.0 ], [ 120.360435146364921, -2.557846404288057, 0.0 ], [ 120.360174881665557, -2.557926899007157, 0.0 ], [ 120.360130609839871, -2.55739831977661, 0.0 ], [ 120.360162807367715, -2.557231965882465, 0.0 ], [ 120.360565278265085, -2.557328558466168, 0.0 ] ] ] ] } },
{ "type": "Feature", "properties": { "OBJECTID": 4193, "WADMPR": "Sulawesi Selatan", "WADMKK": "Kab. Luwu Utara", "WADMKC": "Kec. Mappedeceng", "WADMKD": "Desa Mappedeceng", "POKTAN": "Gapoktan Tomammesa", "K_POKTAN": "Kasum .T", "P_SID": "Universitas Negeri Makassar", "NO_HP_1": "0877-7049-7988", "NAMA_PEMIL": "Pemerintah Desa", "N_PETAK": "MDB047", "LUAS_HA": 0.69884162562999996, "PAKET": "Paket Sulawesi Selatan 9" }, "geometry": { "type": "MultiPolygon", "coordinates": [ [ [ [ 120.360174881665557, -2.557926899007157, 0.0 ], [ 120.359647308776289, -2.558116562429348, 0.0 ], [ 120.359332375189069, -2.558208627825877, 0.0 ], [ 120.359116383214541, -2.557591505843277, 0.0 ], [ 120.360130609839871, -2.55739831977661, 0.0 ], [ 120.360174881665557, -2.557926899007157, 0.0 ] ] ] ] } },
{ "type": "Feature", "properties": { "OBJECTID": 4194, "WADMPR": "Sulawesi Selatan", "WADMKK": "Kab. Luwu Utara", "WADMKC": "Kec. Mappedeceng", "WADMKD": "Desa Mappedeceng", "POKTAN": "Gapoktan Tomammesa", "K_POKTAN": "Kasum .T", "P_SID": "Universitas Negeri Makassar", "NO_HP_1": "0877-7049-7988", "NAMA_PEMIL": "Pemerintah Desa", "N_PETAK": "MDB048", "LUAS_HA": 0.51874869336999996, "PAKET": "Paket Sulawesi Selatan 9" }, "geometry": { "type": "MultiPolygon", "coordinates": [ [ [ [ 120.359116383214541, -2.557591505843277, 0.0 ], [ 120.359332375189069, -2.558208627825877, 0.0 ], [ 120.35861866062271, -2.558380349773302, 0.0 ], [ 120.358669639592222, -2.55769883183558, 0.0 ], [ 120.358754158777515, -2.557599554775607, 0.0 ], [ 120.359019789731519, -2.557505645768913, 0.0 ], [ 120.359116383214541, -2.557591505843277, 0.0 ] ] ] ] } },
{ "type": "Feature", "properties": { "OBJECTID": 4195, "WADMPR": "Sulawesi Selatan", "WADMKK": "Kab. Luwu Utara", "WADMKC": "Kec. Mappedeceng", "WADMKD": "Desa Mappedeceng", "POKTAN": "Gapoktan Tomammesa", "K_POKTAN": "Kasum .T", "P_SID": "Universitas Negeri Makassar", "NO_HP_1": "0877-7049-7988", "NAMA_PEMIL": "Pemerintah Desa", "N_PETAK": "MDB049", "LUAS_HA": 0.78197819409000002, "PAKET": "Paket Sulawesi Selatan 9" }, "geometry": { "type": "MultiPolygon", "coordinates": [ [ [ [ 120.358754158777515, -2.557599554775607, 0.0 ], [ 120.358669639592222, -2.55769883183558, 0.0 ], [ 120.35861866062271, -2.558380349773302, 0.0 ], [ 120.358469746381729, -2.55842730427662, 0.0 ], [ 120.357788228444065, -2.558019466225346, 0.0 ], [ 120.35824704546485, -2.557266846088055, 0.0 ], [ 120.358754158777515, -2.557599554775607, 0.0 ] ] ] ] } },
{ "type": "Feature", "properties": { "OBJECTID": 4196, "WADMPR": "Sulawesi Selatan", "WADMKK": "Kab. Luwu Utara", "WADMKC": "Kec. Mappedeceng", "WADMKD": "Desa Mappedeceng", "POKTAN": "Gapoktan Tomammesa", "K_POKTAN": "Kasum .T", "P_SID": "Universitas Negeri Makassar", "NO_HP_1": "0877-7049-7988", "NAMA_PEMIL": "Pemerintah Desa", "N_PETAK": "MDB050", "LUAS_HA": 0.27458045272999998, "PAKET": "Paket Sulawesi Selatan 9" }, "geometry": { "type": "MultiPolygon", "coordinates": [ [ [ [ 120.358469746381729, -2.55842730427662, 0.0 ], [ 120.35831412409766, -2.558650005193556, 0.0 ], [ 120.357640655991531, -2.558282413602456, 0.0 ], [ 120.357788228444065, -2.558019466225346, 0.0 ], [ 120.358469746381729, -2.55842730427662, 0.0 ] ] ] ] } },
{ "type": "Feature", "properties": { "OBJECTID": 4197, "WADMPR": "Sulawesi Selatan", "WADMKK": "Kab. Luwu Utara", "WADMKC": "Kec. Mappedeceng", "WADMKD": "Desa Mappedeceng", "POKTAN": "Gapoktan Tomammesa", "K_POKTAN": "Kasum .T", "P_SID": "Universitas Negeri Makassar", "NO_HP_1": "0877-7049-7988", "NAMA_PEMIL": "Pemerintah Desa", "N_PETAK": "MDB051", "LUAS_HA": 0.58750703578999997, "PAKET": "Paket Sulawesi Selatan 9" }, "geometry": { "type": "MultiPolygon", "coordinates": [ [ [ [ 120.35831412409766, -2.558650005193556, 0.0 ], [ 120.358116577218311, -2.558953702651195, 0.0 ], [ 120.358027028124866, -2.559081990041761, 0.0 ], [ 120.357686268706402, -2.559012228731319, 0.0 ], [ 120.357643338669163, -2.559025643918289, 0.0 ], [ 120.357569551993265, -2.559002837111223, 0.0 ], [ 120.357270382622119, -2.558870021634164, 0.0 ], [ 120.357640655991531, -2.558282413602456, 0.0 ], [ 120.35831412409766, -2.558650005193556, 0.0 ] ] ] ] } },
{ "type": "Feature", "properties": { "OBJECTID": 4198, "WADMPR": "Sulawesi Selatan", "WADMKK": "Kab. Luwu Utara", "WADMKC": "Kec. Mappedeceng", "WADMKD": "Desa Mappedeceng", "POKTAN": "Gapoktan Tomammesa", "K_POKTAN": "Kasum .T", "P_SID": "Universitas Negeri Makassar", "NO_HP_1": "0877-7049-7988", "NAMA_PEMIL": "Pemerintah Desa", "N_PETAK": "MDB052", "LUAS_HA": 0.26414281997, "PAKET": "Paket Sulawesi Selatan 9" }, "geometry": { "type": "MultiPolygon", "coordinates": [ [ [ [ 120.357569551993265, -2.559002837111223, 0.0 ], [ 120.357521255701499, -2.559234929648255, 0.0 ], [ 120.357376365926598, -2.559522025620936, 0.0 ], [ 120.357118784804129, -2.559467021285968, 0.0 ], [ 120.357067804935355, -2.559403968018671, 0.0 ], [ 120.35707048851225, -2.559308716324153, 0.0 ], [ 120.357152323221158, -2.55908467361877, 0.0 ], [ 120.357270382622119, -2.558870021634164, 0.0 ], [ 120.357569551993265, -2.559002837111223, 0.0 ] ] ] ] } },
{ "type": "Feature", "properties": { "OBJECTID": 4199, "WADMPR": "Sulawesi Selatan", "WADMKK": "Kab. Luwu Utara", "WADMKC": "Kec. Mappedeceng", "WADMKD": "Desa Mappedeceng", "POKTAN": "Gapoktan Tomammesa", "K_POKTAN": "Kasum .T", "P_SID": "Universitas Negeri Makassar", "NO_HP_1": "0877-7049-7988", "NAMA_PEMIL": "Pemerintah Desa", "N_PETAK": "MDB053", "LUAS_HA": 0.29613932814, "PAKET": "Paket Sulawesi Selatan 9" }, "geometry": { "type": "MultiPolygon", "coordinates": [ [ [ [ 120.357654071178558, -2.559976817276265, 0.0 ], [ 120.357248916704179, -2.559917789374424, 0.0 ], [ 120.357376365926598, -2.559522025620936, 0.0 ], [ 120.357521255701499, -2.559234929648255, 0.0 ], [ 120.357758713593853, -2.559295300237864, 0.0 ], [ 120.357654071178558, -2.559976817276265, 0.0 ] ] ] ] } },
{ "type": "Feature", "properties": { "OBJECTID": 4200, "WADMPR": "Sulawesi Selatan", "WADMKK": "Kab. Luwu Utara", "WADMKC": "Kec. Mappedeceng", "WADMKD": "Desa Mappedeceng", "POKTAN": "Gapoktan Tomammesa", "K_POKTAN": "Kasum .T", "P_SID": "Universitas Negeri Makassar", "NO_HP_1": "0877-7049-7988", "NAMA_PEMIL": "Pemerintah Desa", "N_PETAK": "MDB054", "LUAS_HA": 0.17540315138000001, "PAKET": "Paket Sulawesi Selatan 9" }, "geometry": { "type": "MultiPolygon", "coordinates": [ [ [ [ 120.357376365926598, -2.559522025620936, 0.0 ], [ 120.357248916704179, -2.559917789374424, 0.0 ], [ 120.357218731859007, -2.559939925287267, 0.0 ], [ 120.356937673035191, -2.559882908269572, 0.0 ], [ 120.357067804935355, -2.559403968018671, 0.0 ], [ 120.357118784804129, -2.559467021285968, 0.0 ], [ 120.357376365926598, -2.559522025620936, 0.0 ] ] ] ] } },
{ "type": "Feature", "properties": { "OBJECTID": 4201, "WADMPR": "Sulawesi Selatan", "WADMKK": "Kab. Luwu Utara", "WADMKC": "Kec. Mappedeceng", "WADMKD": "Desa Mappedeceng", "POKTAN": "Gapoktan Tomammesa", "K_POKTAN": "Kasum .T", "P_SID": "Universitas Negeri Makassar", "NO_HP_1": "0877-7049-7988", "NAMA_PEMIL": "Pemerintah Desa", "N_PETAK": "MDB055", "LUAS_HA": 1.4649447887, "PAKET": "Paket Sulawesi Selatan 9" }, "geometry": { "type": "MultiPolygon", "coordinates": [ [ [ [ 120.357248916704179, -2.559917789374424, 0.0 ], [ 120.357654071178558, -2.559976817276265, 0.0 ], [ 120.358132005987386, -2.560087329566556, 0.0 ], [ 120.358692446399345, -2.560222994995172, 0.0 ], [ 120.358550240201453, -2.560641566455104, 0.0 ], [ 120.358017636504769, -2.560472527185311, 0.0 ], [ 120.357514547658297, -2.560895123111379, 0.0 ], [ 120.356948405544586, -2.560938052249242, 0.0 ], [ 120.357026216686563, -2.560650956276561, 0.0 ], [ 120.356967186986139, -2.560476552550824, 0.0 ], [ 120.356870594402494, -2.560463137363854, 0.0 ], [ 120.356827664365255, -2.560339711708309, 0.0 ], [ 120.356840408657945, -2.560245802701559, 0.0 ], [ 120.356937673035191, -2.559882908269572, 0.0 ], [ 120.357218731859007, -2.559939925287267, 0.0 ], [ 120.357248916704179, -2.559917789374424, 0.0 ] ] ] ] } },
{ "type": "Feature", "properties": { "OBJECTID": 4202, "WADMPR": "Sulawesi Selatan", "WADMKK": "Kab. Luwu Utara", "WADMKC": "Kec. Mappedeceng", "WADMKD": "Desa Mappedeceng", "POKTAN": "Gapoktan Tomammesa", "K_POKTAN": "Kasum .T", "P_SID": "Universitas Negeri Makassar", "NO_HP_1": "0877-7049-7988", "NAMA_PEMIL": "Pemerintah Desa", "N_PETAK": "MDB056", "LUAS_HA": 0.61286075598, "PAKET": "Paket Sulawesi Selatan 9" }, "geometry": { "type": "MultiPolygon", "coordinates": [ [ [ [ 120.358550240201453, -2.560641566455104, 0.0 ], [ 120.358204115427611, -2.561218441078154, 0.0 ], [ 120.357697001215683, -2.561108432408162, 0.0 ], [ 120.357372341460405, -2.561215757501145, 0.0 ], [ 120.357514547658297, -2.560895123111379, 0.0 ], [ 120.358017636504769, -2.560472527185311, 0.0 ], [ 120.358550240201453, -2.560641566455104, 0.0 ] ] ] ] } },
{ "type": "Feature", "properties": { "OBJECTID": 4203, "WADMPR": "Sulawesi Selatan", "WADMKK": "Kab. Luwu Utara", "WADMKC": "Kec. Mappedeceng", "WADMKD": "Desa Mappedeceng", "POKTAN": "Gapoktan Tomammesa", "K_POKTAN": "Kasum .T", "P_SID": "Universitas Negeri Makassar", "NO_HP_1": "0877-7049-7988", "NAMA_PEMIL": "Pemerintah Desa", "N_PETAK": "MDB057", "LUAS_HA": 0.27072633794000001, "PAKET": "Paket Sulawesi Selatan 9" }, "geometry": { "type": "MultiPolygon", "coordinates": [ [ [ [ 120.357372341460405, -2.561215757501145, 0.0 ], [ 120.356803515769684, -2.561467973268293, 0.0 ], [ 120.356948405544586, -2.560938052249242, 0.0 ], [ 120.357514547658297, -2.560895123111379, 0.0 ], [ 120.357372341460405, -2.561215757501145, 0.0 ] ] ] ] } },
{ "type": "Feature", "properties": { "OBJECTID": 4204, "WADMPR": "Sulawesi Selatan", "WADMKK": "Kab. Luwu Utara", "WADMKC": "Kec. Mappedeceng", "WADMKD": "Desa Mappedeceng", "POKTAN": "Gapoktan Tomammesa", "K_POKTAN": "Kasum .T", "P_SID": "Universitas Negeri Makassar", "NO_HP_1": "0877-7049-7988", "NAMA_PEMIL": "Pemerintah Desa", "N_PETAK": "MDB058", "LUAS_HA": 0.93568516918, "PAKET": "Paket Sulawesi Selatan 9" }, "geometry": { "type": "MultiPolygon", "coordinates": [ [ [ [ 120.358204115427611, -2.561218441078154, 0.0 ], [ 120.358021326423113, -2.561428228629779, 0.0 ], [ 120.357661785562982, -2.561744840352048, 0.0 ], [ 120.3572811151314, -2.5619911862442, 0.0 ], [ 120.356983285750061, -2.561993868921888, 0.0 ], [ 120.356744486968523, -2.561865077011646, 0.0 ], [ 120.356720338372952, -2.561612863043138, 0.0 ], [ 120.356803515769684, -2.561467973268293, 0.0 ], [ 120.357372341460405, -2.561215757501145, 0.0 ], [ 120.357697001215683, -2.561108432408162, 0.0 ], [ 120.358204115427611, -2.561218441078154, 0.0 ] ] ] ] } },
{ "type": "Feature", "properties": { "OBJECTID": 4205, "WADMPR": "Sulawesi Selatan", "WADMKK": "Kab. Luwu Utara", "WADMKC": "Kec. Mappedeceng", "WADMKD": "Desa Mappedeceng", "POKTAN": "Gapoktan Tomammesa", "K_POKTAN": "Kasum .T", "P_SID": "Universitas Negeri Makassar", "NO_HP_1": "0877-7049-7988", "NAMA_PEMIL": "Pemerintah Desa", "N_PETAK": "MDB059", "LUAS_HA": 0.41917344809000001, "PAKET": "Paket Sulawesi Selatan 9" }, "geometry": { "type": "MultiPolygon", "coordinates": [ [ [ [ 120.356948405544586, -2.560938052249242, 0.0 ], [ 120.356803515769684, -2.561467973268293, 0.0 ], [ 120.356720338372952, -2.561612863043138, 0.0 ], [ 120.356744486968523, -2.561865077011646, 0.0 ], [ 120.35647617243751, -2.561827514128424, 0.0 ], [ 120.356827664365255, -2.560339711708309, 0.0 ], [ 120.356870594402494, -2.560463137363854, 0.0 ], [ 120.356967186986139, -2.560476552550824, 0.0 ], [ 120.357026216686563, -2.560650956276561, 0.0 ], [ 120.356948405544586, -2.560938052249242, 0.0 ] ] ] ] } },
{ "type": "Feature", "properties": { "OBJECTID": 4206, "WADMPR": "Sulawesi Selatan", "WADMKK": "Kab. Luwu Utara", "WADMKC": "Kec. Mappedeceng", "WADMKD": "Desa Mappedeceng", "POKTAN": "Gapoktan Tomammesa", "K_POKTAN": "Kasum .T", "P_SID": "Universitas Negeri Makassar", "NO_HP_1": "0877-7049-7988", "NAMA_PEMIL": "Pemerintah Desa", "N_PETAK": "MDB060", "LUAS_HA": 0.13087639314, "PAKET": "Paket Sulawesi Selatan 9" }, "geometry": { "type": "MultiPolygon", "coordinates": [ [ [ [ 120.36154730826172, -2.551814033490814, 0.0 ], [ 120.361469496220366, -2.551722807161752, 0.0 ], [ 120.36151041357482, -2.551393451146794, 0.0 ], [ 120.361510555667678, -2.551392513153928, 0.0 ], [ 120.361663300121222, -2.551215224403052, 0.0 ], [ 120.361692198036621, -2.551210327594504, 0.0 ], [ 120.361826354402751, -2.551312285533527, 0.0 ], [ 120.36154730826172, -2.551814033490814, 0.0 ] ] ] ] } },
{ "type": "Feature", "properties": { "OBJECTID": 4207, "WADMPR": "Sulawesi Selatan", "WADMKK": "Kab. Luwu Utara", "WADMKC": "Kec. Mappedeceng", "WADMKD": "Desa Mappedeceng", "POKTAN": "Gapoktan Tomammesa", "K_POKTAN": "Kasum .T", "P_SID": "Universitas Negeri Makassar", "NO_HP_1": "0877-7049-7988", "NAMA_PEMIL": "Pemerintah Desa", "N_PETAK": "MDB061", "LUAS_HA": 0.10786143446, "PAKET": "Paket Sulawesi Selatan 9" }, "geometry": { "type": "MultiPolygon", "coordinates": [ [ [ [ 120.361469496220366, -2.551722807161752, 0.0 ], [ 120.36154730826172, -2.551814033490814, 0.0 ], [ 120.361450714778698, -2.551950874333329, 0.0 ], [ 120.361215940463353, -2.551919346800389, 0.0 ], [ 120.361131421278174, -2.551902577142187, 0.0 ], [ 120.361139489096217, -2.551708948609019, 0.0 ], [ 120.361206988611684, -2.551660407701604, 0.0 ], [ 120.361469496220366, -2.551722807161752, 0.0 ] ] ] ] } },
{ "type": "Feature", "properties": { "OBJECTID": 4208, "WADMPR": "Sulawesi Selatan", "WADMKK": "Kab. Luwu Utara", "WADMKC": "Kec. Mappedeceng", "WADMKD": "Desa Mappedeceng", "POKTAN": "Gapoktan Tomammesa", "K_POKTAN": "Kasum .T", "P_SID": "Universitas Negeri Makassar", "NO_HP_1": "0877-7049-7988", "NAMA_PEMIL": "Pemerintah Desa", "N_PETAK": "MDB062", "LUAS_HA": 0.04923674961, "PAKET": "Paket Sulawesi Selatan 9" }, "geometry": { "type": "MultiPolygon", "coordinates": [ [ [ [ 120.36151041357482, -2.551393451146794, 0.0 ], [ 120.361469496220366, -2.551722807161752, 0.0 ], [ 120.361206988611684, -2.551660407701604, 0.0 ], [ 120.361217597014502, -2.551652778752668, 0.0 ], [ 120.36135491719574, -2.551554024198822, 0.0 ], [ 120.361379267239499, -2.551535217576202, 0.0 ], [ 120.361420477772867, -2.551496456795974, 0.0 ], [ 120.361427398056094, -2.551488756800666, 0.0 ], [ 120.36143314382457, -2.551482364419542, 0.0 ], [ 120.361509830814157, -2.551393354919355, 0.0 ], [ 120.36151041357482, -2.551393451146794, 0.0 ] ] ] ] } },
{ "type": "Feature", "properties": { "OBJECTID": 4209, "WADMPR": "Sulawesi Selatan", "WADMKK": "Kab. Luwu Utara", "WADMKC": "Kec. Mappedeceng", "WADMKD": "Desa Mappedeceng", "POKTAN": "Gapoktan Tomammesa", "K_POKTAN": "Kasum .T", "P_SID": "Universitas Negeri Makassar", "NO_HP_1": "0877-7049-7988", "NAMA_PEMIL": "Pemerintah Desa", "N_PETAK": "MDB063", "LUAS_HA": 0.10117295119, "PAKET": "Paket Sulawesi Selatan 9" }, "geometry": { "type": "MultiPolygon", "coordinates": [ [ [ [ 120.361131421278174, -2.551902577142187, 0.0 ], [ 120.361215940463353, -2.551919346800389, 0.0 ], [ 120.361191120973558, -2.552199735629245, 0.0 ], [ 120.36085841138663, -2.552084360704612, 0.0 ], [ 120.360937144333775, -2.551854461614084, 0.0 ], [ 120.361131421278174, -2.551902577142187, 0.0 ] ] ] ] } },
{ "type": "Feature", "properties": { "OBJECTID": 4210, "WADMPR": "Sulawesi Selatan", "WADMKK": "Kab. Luwu Utara", "WADMKC": "Kec. Mappedeceng", "WADMKD": "Desa Mappedeceng", "POKTAN": "Gapoktan Tomammesa", "K_POKTAN": "Kasum .T", "P_SID": "Universitas Negeri Makassar", "NO_HP_1": "0877-7049-7988", "NAMA_PEMIL": "Pemerintah Desa", "N_PETAK": "MDB064", "LUAS_HA": 0.06314686461000001, "PAKET": "Paket Sulawesi Selatan 9" }, "geometry": { "type": "MultiPolygon", "coordinates": [ [ [ [ 120.361450714778698, -2.551950874333329, 0.0 ], [ 120.36130045874927, -2.552233945839873, 0.0 ], [ 120.361191120973558, -2.552199735629245, 0.0 ], [ 120.361215940463353, -2.551919346800389, 0.0 ], [ 120.361450714778698, -2.551950874333329, 0.0 ] ] ] ] } },
{ "type": "Feature", "properties": { "OBJECTID": 4211, "WADMPR": "Sulawesi Selatan", "WADMKK": "Kab. Luwu Utara", "WADMKC": "Kec. Mappedeceng", "WADMKD": "Desa Mappedeceng", "POKTAN": "Gapoktan Tomammesa", "K_POKTAN": "Kasum .T", "P_SID": "Universitas Negeri Makassar", "NO_HP_1": "0877-7049-7988", "NAMA_PEMIL": "Pemerintah Desa", "N_PETAK": "MDB065", "LUAS_HA": 0.06527855466, "PAKET": "Paket Sulawesi Selatan 9" }, "geometry": { "type": "MultiPolygon", "coordinates": [ [ [ [ 120.36085841138663, -2.552084360704612, 0.0 ], [ 120.360751757187927, -2.552340599139313, 0.0 ], [ 120.360652481027273, -2.552343283615585, 0.0 ], [ 120.360512957507012, -2.552294987323762, 0.0 ], [ 120.360525589384451, -2.552279730325267, 0.0 ], [ 120.360746381940089, -2.552052969868612, 0.0 ], [ 120.36085841138663, -2.552084360704612, 0.0 ] ] ] ] } },
{ "type": "Feature", "properties": { "OBJECTID": 4212, "WADMPR": "Sulawesi Selatan", "WADMKK": "Kab. Luwu Utara", "WADMKC": "Kec. Mappedeceng", "WADMKD": "Desa Mappedeceng", "POKTAN": "Gapoktan Tomammesa", "K_POKTAN": "Kasum .T", "P_SID": "Universitas Negeri Makassar", "NO_HP_1": "0877-7049-7988", "NAMA_PEMIL": "Pemerintah Desa", "N_PETAK": "MDB066", "LUAS_HA": 0.08986108211, "PAKET": "Paket Sulawesi Selatan 9" }, "geometry": { "type": "MultiPolygon", "coordinates": [ [ [ [ 120.360652481027273, -2.552343283615585, 0.0 ], [ 120.360568632736317, -2.5527517907625, 0.0 ], [ 120.360450574234619, -2.55271154340295, 0.0 ], [ 120.360418376706775, -2.552390908113864, 0.0 ], [ 120.360512957507012, -2.552294987323762, 0.0 ], [ 120.360652481027273, -2.552343283615585, 0.0 ] ] ] ] } },
{ "type": "Feature", "properties": { "OBJECTID": 4213, "WADMPR": "Sulawesi Selatan", "WADMKK": "Kab. Luwu Utara", "WADMKC": "Kec. Mappedeceng", "WADMKD": "Desa Mappedeceng", "POKTAN": "Gapoktan Tomammesa", "K_POKTAN": "Kasum .T", "P_SID": "Universitas Negeri Makassar", "NO_HP_1": "0877-7049-7988", "NAMA_PEMIL": "Pemerintah Desa", "N_PETAK": "MDB067", "LUAS_HA": 0.08910339111, "PAKET": "Paket Sulawesi Selatan 9" }, "geometry": { "type": "MultiPolygon", "coordinates": [ [ [ [ 120.360820847604145, -2.552837651736183, 0.0 ], [ 120.360568632736317, -2.5527517907625, 0.0 ], [ 120.360652481027273, -2.552343283615585, 0.0 ], [ 120.360751757187927, -2.552340599139313, 0.0 ], [ 120.360764501480617, -2.552647149246468, 0.0 ], [ 120.360820847604145, -2.552837651736183, 0.0 ] ] ] ] } },
{ "type": "Feature", "properties": { "OBJECTID": 4214, "WADMPR": "Sulawesi Selatan", "WADMKK": "Kab. Luwu Utara", "WADMKC": "Kec. Mappedeceng", "WADMKD": "Desa Mappedeceng", "POKTAN": "Gapoktan Tomammesa", "K_POKTAN": "Kasum .T", "P_SID": "Universitas Negeri Makassar", "NO_HP_1": "0877-7049-7988", "NAMA_PEMIL": "Pemerintah Desa", "N_PETAK": "MDB068", "LUAS_HA": 0.26004735791, "PAKET": "Paket Sulawesi Selatan 9" }, "geometry": { "type": "MultiPolygon", "coordinates": [ [ [ [ 120.361191120973558, -2.552199735629245, 0.0 ], [ 120.36130045874927, -2.552233945839873, 0.0 ], [ 120.360820847604145, -2.552837651736183, 0.0 ], [ 120.360764501480617, -2.552647149246468, 0.0 ], [ 120.360751757187927, -2.552340599139313, 0.0 ], [ 120.36085841138663, -2.552084360704612, 0.0 ], [ 120.361191120973558, -2.552199735629245, 0.0 ] ] ] ] } },
{ "type": "Feature", "properties": { "OBJECTID": 4215, "WADMPR": "Sulawesi Selatan", "WADMKK": "Kab. Luwu Utara", "WADMKC": "Kec. Mappedeceng", "WADMKD": "Desa Mappedeceng", "POKTAN": "Gapoktan Tomammesa", "K_POKTAN": "Kasum .T", "P_SID": "Universitas Negeri Makassar", "NO_HP_1": "0877-7049-7988", "NAMA_PEMIL": "Pemerintah Desa", "N_PETAK": "MDB069", "LUAS_HA": 0.40806550212999998, "PAKET": "Paket Sulawesi Selatan 9" }, "geometry": { "type": "MultiPolygon", "coordinates": [ [ [ [ 120.360568632736317, -2.5527517907625, 0.0 ], [ 120.360820847604145, -2.552837651736183, 0.0 ], [ 120.360345931819325, -2.553712355740572, 0.0 ], [ 120.360121827960029, -2.553589407624997, 0.0 ], [ 120.360340565564684, -2.552875216418045, 0.0 ], [ 120.360450574234619, -2.55271154340295, 0.0 ], [ 120.360568632736317, -2.5527517907625, 0.0 ] ] ] ] } },
{ "type": "Feature", "properties": { "OBJECTID": 4216, "WADMPR": "Sulawesi Selatan", "WADMKK": "Kab. Luwu Utara", "WADMKC": "Kec. Mappedeceng", "WADMKD": "Desa Mappedeceng", "POKTAN": "Gapoktan Tomammesa", "K_POKTAN": "Kasum .T", "P_SID": "Universitas Negeri Makassar", "NO_HP_1": "0877-7049-7988", "NAMA_PEMIL": "Pemerintah Desa", "N_PETAK": "MDB070", "LUAS_HA": 0.41322012537000002, "PAKET": "Paket Sulawesi Selatan 9" }, "geometry": { "type": "MultiPolygon", "coordinates": [ [ [ [ 120.360340565564684, -2.552875216418045, 0.0 ], [ 120.360121827960029, -2.553589407624997, 0.0 ], [ 120.359569539902395, -2.553286414336526, 0.0 ], [ 120.359599329045864, -2.553253313889286, 0.0 ], [ 120.359600005336006, -2.553252563854699, 0.0 ], [ 120.359631155153693, -2.553217953445767, 0.0 ], [ 120.359864422205419, -2.552958767033431, 0.0 ], [ 120.360061658818609, -2.552756199239184, 0.0 ], [ 120.360340565564684, -2.552875216418045, 0.0 ] ] ] ] } },
{ "type": "Feature", "properties": { "OBJECTID": 4217, "WADMPR": "Sulawesi Selatan", "WADMKK": "Kab. Luwu Utara", "WADMKC": "Kec. Mappedeceng", "WADMKD": "Desa Mappedeceng", "POKTAN": "Gapoktan Tomammesa", "K_POKTAN": "Kasum .T", "P_SID": "Universitas Negeri Makassar", "NO_HP_1": "0877-7049-7988", "NAMA_PEMIL": "Pemerintah Desa", "N_PETAK": "MDB071", "LUAS_HA": 0.11390376181, "PAKET": "Paket Sulawesi Selatan 9" }, "geometry": { "type": "MultiPolygon", "coordinates": [ [ [ [ 120.360450574234619, -2.55271154340295, 0.0 ], [ 120.360340565564684, -2.552875216418045, 0.0 ], [ 120.360061658818609, -2.552756199239184, 0.0 ], [ 120.360409728825971, -2.552398722323119, 0.0 ], [ 120.360418376706775, -2.552390908113864, 0.0 ], [ 120.360450574234619, -2.55271154340295, 0.0 ] ] ] ] } },
{ "type": "Feature", "properties": { "OBJECTID": 4218, "WADMPR": "Sulawesi Selatan", "WADMKK": "Kab. Luwu Utara", "WADMKC": "Kec. Mappedeceng", "WADMKD": "Desa Mappedeceng", "POKTAN": "Gapoktan Tomammesa", "K_POKTAN": "Kasum .T", "P_SID": "Universitas Negeri Makassar", "NO_HP_1": "0877-7049-7988", "NAMA_PEMIL": "Pemerintah Desa", "N_PETAK": "MDB072", "LUAS_HA": 1.0002616849799999, "PAKET": "Paket Sulawesi Selatan 9" }, "geometry": { "type": "MultiPolygon", "coordinates": [ [ [ [ 120.360121827960029, -2.553589407624997, 0.0 ], [ 120.360345931819325, -2.553712355740572, 0.0 ], [ 120.359743566812199, -2.554650113911578, 0.0 ], [ 120.359432322243947, -2.554549495962419, 0.0 ], [ 120.359405490970744, -2.554122876469535, 0.0 ], [ 120.359284749791414, -2.553867978024698, 0.0 ], [ 120.359569539902395, -2.553286414336526, 0.0 ], [ 120.360121827960029, -2.553589407624997, 0.0 ] ] ] ] } },
{ "type": "Feature", "properties": { "OBJECTID": 4219, "WADMPR": "Sulawesi Selatan", "WADMKK": "Kab. Luwu Utara", "WADMKC": "Kec. Mappedeceng", "WADMKD": "Desa Mappedeceng", "POKTAN": "Gapoktan Tomammesa", "K_POKTAN": "Kasum .T", "P_SID": "Universitas Negeri Makassar", "NO_HP_1": "0877-7049-7988", "NAMA_PEMIL": "Pemerintah Desa", "N_PETAK": "MDB073", "LUAS_HA": 0.33769710975, "PAKET": "Paket Sulawesi Selatan 9" }, "geometry": { "type": "MultiPolygon", "coordinates": [ [ [ [ 120.359432322243947, -2.554549495962419, 0.0 ], [ 120.359384025952068, -2.554648771223754, 0.0 ], [ 120.35895405288727, -2.554558214889653, 0.0 ], [ 120.358873557268907, -2.554538763453138, 0.0 ], [ 120.358860241007392, -2.554535212030373, 0.0 ], [ 120.359020548759418, -2.554203146358077, 0.0 ], [ 120.359213523485437, -2.553867978024698, 0.0 ], [ 120.359284749791414, -2.553867978024698, 0.0 ], [ 120.359405490970744, -2.554122876469535, 0.0 ], [ 120.359432322243947, -2.554549495962419, 0.0 ] ] ] ] } },
{ "type": "Feature", "properties": { "OBJECTID": 4220, "WADMPR": "Sulawesi Selatan", "WADMKK": "Kab. Luwu Utara", "WADMKC": "Kec. Mappedeceng", "WADMKD": "Desa Mappedeceng", "POKTAN": "Gapoktan Tomammesa", "K_POKTAN": "Kasum .T", "P_SID": "Universitas Negeri Makassar", "NO_HP_1": "0877-7049-7988", "NAMA_PEMIL": "Pemerintah Desa", "N_PETAK": "MDB074", "LUAS_HA": 0.26823530095999998, "PAKET": "Paket Sulawesi Selatan 9" }, "geometry": { "type": "MultiPolygon", "coordinates": [ [ [ [ 120.35895405288727, -2.554558214889653, 0.0 ], [ 120.359066745134214, -2.554884216433379, 0.0 ], [ 120.359361890039281, -2.554983492594033, 0.0 ], [ 120.359313593747402, -2.555324252911873, 0.0 ], [ 120.359190168991177, -2.555348400608182, 0.0 ], [ 120.359058695302565, -2.555249123548151, 0.0 ], [ 120.359045279216275, -2.555187411170039, 0.0 ], [ 120.358835994385686, -2.555053255703115, 0.0 ], [ 120.358817212944132, -2.554945928811492, 0.0 ], [ 120.358873557268907, -2.554538763453138, 0.0 ], [ 120.35895405288727, -2.554558214889653, 0.0 ] ] ] ] } },
{ "type": "Feature", "properties": { "OBJECTID": 4221, "WADMPR": "Sulawesi Selatan", "WADMKK": "Kab. Luwu Utara", "WADMKC": "Kec. Mappedeceng", "WADMKD": "Desa Mappedeceng", "POKTAN": "Gapoktan Tomammesa", "K_POKTAN": "Kasum .T", "P_SID": "Universitas Negeri Makassar", "NO_HP_1": "0877-7049-7988", "NAMA_PEMIL": "Pemerintah Desa", "N_PETAK": "MDB075", "LUAS_HA": 0.34418284888, "PAKET": "Paket Sulawesi Selatan 9" }, "geometry": { "type": "MultiPolygon", "coordinates": [ [ [ [ 120.359743566812199, -2.554650113911578, 0.0 ], [ 120.359378995144539, -2.555358294949315, 0.0 ], [ 120.359313593747402, -2.555324252911873, 0.0 ], [ 120.359361890039281, -2.554983492594033, 0.0 ], [ 120.359066745134214, -2.554884216433379, 0.0 ], [ 120.35895405288727, -2.554558214889653, 0.0 ], [ 120.359384025952068, -2.554648771223754, 0.0 ], [ 120.359432322243947, -2.554549495962419, 0.0 ], [ 120.359743566812199, -2.554650113911578, 0.0 ] ] ] ] } },
{ "type": "Feature", "properties": { "OBJECTID": 4222, "WADMPR": "Sulawesi Selatan", "WADMKK": "Kab. Luwu Utara", "WADMKC": "Kec. Mappedeceng", "WADMKD": "Desa Mappedeceng", "POKTAN": "Gapoktan Tomammesa", "K_POKTAN": "Kasum .T", "P_SID": "Universitas Negeri Makassar", "NO_HP_1": "0877-7049-7988", "NAMA_PEMIL": "Pemerintah Desa", "N_PETAK": "MDB076", "LUAS_HA": 0.60889903234999998, "PAKET": "Paket Sulawesi Selatan 9" }, "geometry": { "type": "MultiPolygon", "coordinates": [ [ [ [ 120.359313593747402, -2.555324252911873, 0.0 ], [ 120.359378995144539, -2.555358294949315, 0.0 ], [ 120.358607592666317, -2.556490580076172, 0.0 ], [ 120.358516365437936, -2.556348373878279, 0.0 ], [ 120.358516365437936, -2.555862725584291, 0.0 ], [ 120.358870540043426, -2.555699053468516, 0.0 ], [ 120.35868808648604, -2.555559530847631, 0.0 ], [ 120.358731016523279, -2.555403907664186, 0.0 ], [ 120.358830292683933, -2.555259017889341, 0.0 ], [ 120.358835994385686, -2.555053255703115, 0.0 ], [ 120.359045279216275, -2.555187411170039, 0.0 ], [ 120.359058695302565, -2.555249123548151, 0.0 ], [ 120.359190168991177, -2.555348400608182, 0.0 ], [ 120.359313593747402, -2.555324252911873, 0.0 ] ] ] ] } },
{ "type": "Feature", "properties": { "OBJECTID": 4223, "WADMPR": "Sulawesi Selatan", "WADMKK": "Kab. Luwu Utara", "WADMKC": "Kec. Mappedeceng", "WADMKD": "Desa Mappedeceng", "POKTAN": "Gapoktan Tomammesa", "K_POKTAN": "Kasum .T", "P_SID": "Universitas Negeri Makassar", "NO_HP_1": "0877-7049-7988", "NAMA_PEMIL": "Pemerintah Desa", "N_PETAK": "MDB077", "LUAS_HA": 0.13131404106, "PAKET": "Paket Sulawesi Selatan 9" }, "geometry": { "type": "MultiPolygon", "coordinates": [ [ [ [ 120.358873557268907, -2.554538763453138, 0.0 ], [ 120.358817212944132, -2.554945928811492, 0.0 ], [ 120.358835994385686, -2.555053255703115, 0.0 ], [ 120.358830292683933, -2.555259017889341, 0.0 ], [ 120.358522578854036, -2.555137871115789, 0.0 ], [ 120.358527663620862, -2.555129833874673, 0.0 ], [ 120.358622050167583, -2.554964658092445, 0.0 ], [ 120.358640023118596, -2.554933207001852, 0.0 ], [ 120.358813199269775, -2.554630148962133, 0.0 ], [ 120.358816926060399, -2.554623495777662, 0.0 ], [ 120.358827826742868, -2.554602353615678, 0.0 ], [ 120.358860241007392, -2.554535212030373, 0.0 ], [ 120.358873557268907, -2.554538763453138, 0.0 ] ] ] ] } },
{ "type": "Feature", "properties": { "OBJECTID": 4224, "WADMPR": "Sulawesi Selatan", "WADMKK": "Kab. Luwu Utara", "WADMKC": "Kec. Mappedeceng", "WADMKD": "Desa Mappedeceng", "POKTAN": "Gapoktan Tomammesa", "K_POKTAN": "Kasum .T", "P_SID": "Universitas Negeri Makassar", "NO_HP_1": "0877-7049-7988", "NAMA_PEMIL": "Pemerintah Desa", "N_PETAK": "MDB078", "LUAS_HA": 0.07282530742, "PAKET": "Paket Sulawesi Selatan 9" }, "geometry": { "type": "MultiPolygon", "coordinates": [ [ [ [ 120.358830292683933, -2.555259017889341, 0.0 ], [ 120.358731016523279, -2.555403907664186, 0.0 ], [ 120.358413608900946, -2.555296515122052, 0.0 ], [ 120.358432102559505, -2.555270007604747, 0.0 ], [ 120.358449749956094, -2.555244714172147, 0.0 ], [ 120.358505905423272, -2.555164222151063, 0.0 ], [ 120.358522578854036, -2.555137871115789, 0.0 ], [ 120.358830292683933, -2.555259017889341, 0.0 ] ] ] ] } },
{ "type": "Feature", "properties": { "OBJECTID": 4225, "WADMPR": "Sulawesi Selatan", "WADMKK": "Kab. Luwu Utara", "WADMKC": "Kec. Mappedeceng", "WADMKD": "Desa Mappedeceng", "POKTAN": "Gapoktan Tomammesa", "K_POKTAN": "Kasum .T", "P_SID": "Universitas Negeri Makassar", "NO_HP_1": "0877-7049-7988", "NAMA_PEMIL": "Pemerintah Desa", "N_PETAK": "MDB079", "LUAS_HA": 0.57538508434000002, "PAKET": "Paket Sulawesi Selatan 9" }, "geometry": { "type": "MultiPolygon", "coordinates": [ [ [ [ 120.358731016523279, -2.555403907664186, 0.0 ], [ 120.35868808648604, -2.555559530847631, 0.0 ], [ 120.358870540043426, -2.555699053468516, 0.0 ], [ 120.358516365437936, -2.555862725584291, 0.0 ], [ 120.358516365437936, -2.556348373878279, 0.0 ], [ 120.35813267688161, -2.556190068017202, 0.0 ], [ 120.357937629218327, -2.556068758466381, 0.0 ], [ 120.35809646388077, -2.555751090940021, 0.0 ], [ 120.358413608900946, -2.555296515122052, 0.0 ], [ 120.358731016523279, -2.555403907664186, 0.0 ] ] ] ] } },
{ "type": "Feature", "properties": { "OBJECTID": 4226, "WADMPR": "Sulawesi Selatan", "WADMKK": "Kab. Luwu Utara", "WADMKC": "Kec. Mappedeceng", "WADMKD": "Desa Mappedeceng", "POKTAN": "Gapoktan Tomammesa", "K_POKTAN": "Kasum .T", "P_SID": "Universitas Negeri Makassar", "NO_HP_1": "0877-7049-7988", "NAMA_PEMIL": "Pemerintah Desa", "N_PETAK": "MDB080", "LUAS_HA": 0.42423641840999998, "PAKET": "Paket Sulawesi Selatan 9" }, "geometry": { "type": "MultiPolygon", "coordinates": [ [ [ [ 120.358516365437936, -2.556348373878279, 0.0 ], [ 120.358607592666317, -2.556490580076172, 0.0 ], [ 120.358458007531112, -2.556784384091998, 0.0 ], [ 120.357960955833505, -2.556871585055546, 0.0 ], [ 120.357901926133081, -2.556281295245526, 0.0 ], [ 120.35813267688161, -2.556190068017202, 0.0 ], [ 120.358516365437936, -2.556348373878279, 0.0 ] ] ] ] } },
{ "type": "Feature", "properties": { "OBJECTID": 4227, "WADMPR": "Sulawesi Selatan", "WADMKK": "Kab. Luwu Utara", "WADMKC": "Kec. Mappedeceng", "WADMKD": "Desa Mappedeceng", "POKTAN": "Gapoktan Tomammesa", "K_POKTAN": "Kasum .T", "P_SID": "Universitas Negeri Makassar", "NO_HP_1": "0877-7049-7988", "NAMA_PEMIL": "Pemerintah Desa", "N_PETAK": "MDB081", "LUAS_HA": 0.29408816461999998, "PAKET": "Paket Sulawesi Selatan 9" }, "geometry": { "type": "MultiPolygon", "coordinates": [ [ [ [ 120.358160849043998, -2.557263323443578, 0.0 ], [ 120.357579949954811, -2.557119776356558, 0.0 ], [ 120.357724838830336, -2.556848778248479, 0.0 ], [ 120.357960955833505, -2.556871585055546, 0.0 ], [ 120.358458007531112, -2.556784384091998, 0.0 ], [ 120.358160849043998, -2.557263323443578, 0.0 ] ] ] ] } },
{ "type": "Feature", "properties": { "OBJECTID": 4228, "WADMPR": "Sulawesi Selatan", "WADMKK": "Kab. Luwu Utara", "WADMKC": "Kec. Mappedeceng", "WADMKD": "Desa Mappedeceng", "POKTAN": "Gapoktan Tomammesa", "K_POKTAN": "Kasum .T", "P_SID": "Universitas Negeri Makassar", "NO_HP_1": "0877-7049-7988", "NAMA_PEMIL": "Pemerintah Desa", "N_PETAK": "MDB082", "LUAS_HA": 0.31931074941999998, "PAKET": "Paket Sulawesi Selatan 9" }, "geometry": { "type": "MultiPolygon", "coordinates": [ [ [ [ 120.357960955833505, -2.556871585055546, 0.0 ], [ 120.357724838830336, -2.556848778248479, 0.0 ], [ 120.357579949954811, -2.557119776356558, 0.0 ], [ 120.357480672894781, -2.557371992123706, 0.0 ], [ 120.357232312521319, -2.5573127501832, 0.0 ], [ 120.357361058566084, -2.557098171943039, 0.0 ], [ 120.357378544983931, -2.557069029412105, 0.0 ], [ 120.357379450601229, -2.557067579705006, 0.0 ], [ 120.357638077635215, -2.55665377465192, 0.0 ], [ 120.357661900676248, -2.556615658685644, 0.0 ], [ 120.357674785263157, -2.556593690946045, 0.0 ], [ 120.35768291243653, -2.556578192029917, 0.0 ], [ 120.357727053860458, -2.556489909181892, 0.0 ], [ 120.357830264555105, -2.556283488691975, 0.0 ], [ 120.357901926133081, -2.556281295245526, 0.0 ], [ 120.357960955833505, -2.556871585055546, 0.0 ] ] ] ] } },
{ "type": "Feature", "properties": { "OBJECTID": 4229, "WADMPR": "Sulawesi Selatan", "WADMKK": "Kab. Luwu Utara", "WADMKC": "Kec. Mappedeceng", "WADMKD": "Desa Mappedeceng", "POKTAN": "Gapoktan Tomammesa", "K_POKTAN": "Kasum .T", "P_SID": "Universitas Negeri Makassar", "NO_HP_1": "0877-7049-7988", "NAMA_PEMIL": "Pemerintah Desa", "N_PETAK": "MDB083", "LUAS_HA": 0.75862751745000001, "PAKET": "Paket Sulawesi Selatan 9" }, "geometry": { "type": "MultiPolygon", "coordinates": [ [ [ [ 120.358160849043998, -2.557263323443578, 0.0 ], [ 120.357445792689191, -2.558407683767541, 0.0 ], [ 120.357088934506805, -2.558327189048498, 0.0 ], [ 120.357480672894781, -2.557371992123706, 0.0 ], [ 120.357579949954811, -2.557119776356558, 0.0 ], [ 120.358160849043998, -2.557263323443578, 0.0 ] ] ] ] } },
{ "type": "Feature", "properties": { "OBJECTID": 4230, "WADMPR": "Sulawesi Selatan", "WADMKK": "Kab. Luwu Utara", "WADMKC": "Kec. Mappedeceng", "WADMKD": "Desa Mappedeceng", "POKTAN": "Gapoktan Tomammesa", "K_POKTAN": "Kasum .T", "P_SID": "Universitas Negeri Makassar", "NO_HP_1": "0877-7049-7988", "NAMA_PEMIL": "Pemerintah Desa", "N_PETAK": "MDB084", "LUAS_HA": 0.39879322844999998, "PAKET": "Paket Sulawesi Selatan 9" }, "geometry": { "type": "MultiPolygon", "coordinates": [ [ [ [ 120.357480672894781, -2.557371992123706, 0.0 ], [ 120.357088934506805, -2.558327189048498, 0.0 ], [ 120.356672956691682, -2.558249768212193, 0.0 ], [ 120.356751114971985, -2.558119505011121, 0.0 ], [ 120.356960560781317, -2.557857697075008, 0.0 ], [ 120.356973445368226, -2.557840789820546, 0.0 ], [ 120.357003776802912, -2.557792939592446, 0.0 ], [ 120.357020686755391, -2.557758831904493, 0.0 ], [ 120.357081535784346, -2.557621922713508, 0.0 ], [ 120.357180755287686, -2.557398677706772, 0.0 ], [ 120.357232312521319, -2.5573127501832, 0.0 ], [ 120.357480672894781, -2.557371992123706, 0.0 ] ] ] ] } },
{ "type": "Feature", "properties": { "OBJECTID": 4231, "WADMPR": "Sulawesi Selatan", "WADMKK": "Kab. Luwu Utara", "WADMKC": "Kec. Mappedeceng", "WADMKD": "Desa Mappedeceng", "POKTAN": "Gapoktan Tomammesa", "K_POKTAN": "Kasum .T", "P_SID": "Universitas Negeri Makassar", "NO_HP_1": "0877-7049-7988", "NAMA_PEMIL": "Pemerintah Desa", "N_PETAK": "MDB085", "LUAS_HA": 0.74250597228000004, "PAKET": "Paket Sulawesi Selatan 9" }, "geometry": { "type": "MultiPolygon", "coordinates": [ [ [ [ 120.357088934506805, -2.558327189048498, 0.0 ], [ 120.357445792689191, -2.558407683767541, 0.0 ], [ 120.357054054301216, -2.559058345066546, 0.0 ], [ 120.357020514984811, -2.559207259307527, 0.0 ], [ 120.356348708825863, -2.558893750246341, 0.0 ], [ 120.356385238388157, -2.558775026246394, 0.0 ], [ 120.356587457245382, -2.558392267589056, 0.0 ], [ 120.356672956691682, -2.558249768212193, 0.0 ], [ 120.357088934506805, -2.558327189048498, 0.0 ] ] ] ] } },
{ "type": "Feature", "properties": { "OBJECTID": 4232, "WADMPR": "Sulawesi Selatan", "WADMKK": "Kab. Luwu Utara", "WADMKC": "Kec. Mappedeceng", "WADMKD": "Desa Mappedeceng", "POKTAN": "Gapoktan Tomammesa", "K_POKTAN": "Kasum .T", "P_SID": "Universitas Negeri Makassar", "NO_HP_1": "0877-7049-7988", "NAMA_PEMIL": "Pemerintah Desa", "N_PETAK": "MDB086", "LUAS_HA": 0.79564935172999995, "PAKET": "Paket Sulawesi Selatan 9" }, "geometry": { "type": "MultiPolygon", "coordinates": [ [ [ [ 120.357020514984811, -2.559207259307527, 0.0 ], [ 120.356777690837816, -2.56008330510042, 0.0 ], [ 120.356471812524205, -2.559954514089497, 0.0 ], [ 120.356200186689307, -2.559854081400715, 0.0 ], [ 120.356202201170731, -2.559817822534455, 0.0 ], [ 120.356242310933908, -2.559309771228925, 0.0 ], [ 120.3562891287404, -2.55908738597401, 0.0 ], [ 120.356324262554722, -2.558973199953186, 0.0 ], [ 120.356348708825863, -2.558893750246341, 0.0 ], [ 120.357020514984811, -2.559207259307527, 0.0 ] ] ] ] } },
{ "type": "Feature", "properties": { "OBJECTID": 4233, "WADMPR": "Sulawesi Selatan", "WADMKK": "Kab. Luwu Utara", "WADMKC": "Kec. Mappedeceng", "WADMKD": "Desa Mappedeceng", "POKTAN": "Gapoktan Tomammesa", "K_POKTAN": "Kasum .T", "P_SID": "Universitas Negeri Makassar", "NO_HP_1": "0877-7049-7988", "NAMA_PEMIL": "Pemerintah Desa", "N_PETAK": "MDB087", "LUAS_HA": 0.2922771113, "PAKET": "Paket Sulawesi Selatan 9" }, "geometry": { "type": "MultiPolygon", "coordinates": [ [ [ [ 120.356777690837816, -2.56008330510042, 0.0 ], [ 120.356654266081591, -2.560469676334435, 0.0 ], [ 120.356174629755401, -2.56031411970082, 0.0 ], [ 120.356200121938173, -2.559855251418696, 0.0 ], [ 120.356777690837816, -2.56008330510042, 0.0 ] ] ] ] } },
{ "type": "Feature", "properties": { "OBJECTID": 4234, "WADMPR": "Sulawesi Selatan", "WADMKK": "Kab. Luwu Utara", "WADMKC": "Kec. Mappedeceng", "WADMKD": "Desa Mappedeceng", "POKTAN": "Gapoktan Tomammesa", "K_POKTAN": "Kasum .T", "P_SID": "Universitas Negeri Makassar", "NO_HP_1": "0877-7049-7988", "NAMA_PEMIL": "Pemerintah Desa", "N_PETAK": "MDB088", "LUAS_HA": 0.45829940925000001, "PAKET": "Paket Sulawesi Selatan 9" }, "geometry": { "type": "MultiPolygon", "coordinates": [ [ [ [ 120.356654266081591, -2.560469676334435, 0.0 ], [ 120.356418149977685, -2.561330964252534, 0.0 ], [ 120.356088235483753, -2.561209525199388, 0.0 ], [ 120.35611599935396, -2.560968913384613, 0.0 ], [ 120.356129517962927, -2.560851750607753, 0.0 ], [ 120.356157369966695, -2.560610364476702, 0.0 ], [ 120.356159665036557, -2.560583485539382, 0.0 ], [ 120.356174629755401, -2.56031411970082, 0.0 ], [ 120.356654266081591, -2.560469676334435, 0.0 ] ] ] ] } },
{ "type": "Feature", "properties": { "OBJECTID": 4235, "WADMPR": "Sulawesi Selatan", "WADMKK": "Kab. Luwu Utara", "WADMKC": "Kec. Mappedeceng", "WADMKD": "Desa Mappedeceng", "POKTAN": "Gapoktan Tomammesa", "K_POKTAN": "Kasum .T", "P_SID": "Universitas Negeri Makassar", "NO_HP_1": "0877-7049-7988", "NAMA_PEMIL": "Pemerintah Desa", "N_PETAK": "MDB089", "LUAS_HA": 0.76383462171000005, "PAKET": "Paket Sulawesi Selatan 9" }, "geometry": { "type": "MultiPolygon", "coordinates": [ [ [ [ 120.359105315258148, -2.559267630796455, 0.0 ], [ 120.358885297018901, -2.559812307891661, 0.0 ], [ 120.358066939137984, -2.559565459278474, 0.0 ], [ 120.358027028124866, -2.559081990041761, 0.0 ], [ 120.358116577218311, -2.558953702651195, 0.0 ], [ 120.358445262339046, -2.559036880047927, 0.0 ], [ 120.358710893293164, -2.559050296134217, 0.0 ], [ 120.359105315258148, -2.559267630796455, 0.0 ] ] ] ] } },
{ "type": "Feature", "properties": { "OBJECTID": 4236, "WADMPR": "Sulawesi Selatan", "WADMKK": "Kab. Luwu Utara", "WADMKC": "Kec. Mappedeceng", "WADMKD": "Desa Mappedeceng", "POKTAN": "Gapoktan Tomammesa", "K_POKTAN": "Kasum .T", "P_SID": "Universitas Negeri Makassar", "NO_HP_1": "0877-7049-7988", "NAMA_PEMIL": "Pemerintah Desa", "N_PETAK": "MDB090", "LUAS_HA": 1.07332485462, "PAKET": "Paket Sulawesi Selatan 9" }, "geometry": { "type": "MultiPolygon", "coordinates": [ [ [ [ 120.359105315258148, -2.559267630796455, 0.0 ], [ 120.358710893293164, -2.559050296134217, 0.0 ], [ 120.358445262339046, -2.559036880047927, 0.0 ], [ 120.358116577218311, -2.558953702651195, 0.0 ], [ 120.35831412409766, -2.558650005193556, 0.0 ], [ 120.358469746381729, -2.55842730427662, 0.0 ], [ 120.35861866062271, -2.558380349773302, 0.0 ], [ 120.359332375189069, -2.558208627825877, 0.0 ], [ 120.359647308776289, -2.558116562429348, 0.0 ], [ 120.359105315258148, -2.559267630796455, 0.0 ] ] ] ] } },
{ "type": "Feature", "properties": { "OBJECTID": 4237, "WADMPR": "Sulawesi Selatan", "WADMKK": "Kab. Luwu Utara", "WADMKC": "Kec. Mappedeceng", "WADMKD": "Desa Mappedeceng", "POKTAN": "Gapoktan Tomammesa", "K_POKTAN": "Kasum .T", "P_SID": "Universitas Negeri Makassar", "NO_HP_1": "0877-7049-7988", "NAMA_PEMIL": "Pemerintah Desa", "N_PETAK": "MDB091", "LUAS_HA": 0.49103554827000001, "PAKET": "Paket Sulawesi Selatan 9" }, "geometry": { "type": "MultiPolygon", "coordinates": [ [ [ [ 120.358027028124866, -2.559081990041761, 0.0 ], [ 120.358066939137984, -2.559565459278474, 0.0 ], [ 120.358132005987386, -2.560087329566556, 0.0 ], [ 120.357654071178558, -2.559976817276265, 0.0 ], [ 120.357758713593853, -2.559295300237864, 0.0 ], [ 120.357521255701499, -2.559234929648255, 0.0 ], [ 120.357569551993265, -2.559002837111223, 0.0 ], [ 120.357643338669163, -2.559025643918289, 0.0 ], [ 120.357686268706402, -2.559012228731319, 0.0 ], [ 120.358027028124866, -2.559081990041761, 0.0 ] ] ] ] } },
{ "type": "Feature", "properties": { "OBJECTID": 4238, "WADMPR": "Sulawesi Selatan", "WADMKK": "Kab. Luwu Utara", "WADMKC": "Kec. Mappedeceng", "WADMKD": "Desa Mappedeceng", "POKTAN": "Gapoktan Tomammesa", "K_POKTAN": "Kasum .T", "P_SID": "Universitas Negeri Makassar", "NO_HP_1": "0877-7049-7988", "NAMA_PEMIL": "Pemerintah Desa", "N_PETAK": "MDB092", "LUAS_HA": 0.41032024365999997, "PAKET": "Paket Sulawesi Selatan 9" }, "geometry": { "type": "MultiPolygon", "coordinates": [ [ [ [ 120.358885297018901, -2.559812307891661, 0.0 ], [ 120.358692446399345, -2.560222994995172, 0.0 ], [ 120.358132005987386, -2.560087329566556, 0.0 ], [ 120.358066939137984, -2.559565459278474, 0.0 ], [ 120.358885297018901, -2.559812307891661, 0.0 ] ] ] ] } },
{ "type": "Feature", "properties": { "OBJECTID": 4239, "WADMPR": "Sulawesi Selatan", "WADMKK": "Kab. Luwu Utara", "WADMKC": "Kec. Mappedeceng", "WADMKD": "Desa Mappedeceng", "POKTAN": "Gapoktan Tomammesa", "K_POKTAN": "Kasum .T", "P_SID": "Universitas Negeri Makassar", "NO_HP_1": "0877-7049-7988", "NAMA_PEMIL": "Pemerintah Desa", "N_PETAK": "MDB093", "LUAS_HA": 1.9699348965700001, "PAKET": "Paket Sulawesi Selatan 9" }, "geometry": { "type": "MultiPolygon", "coordinates": [ [ [ [ 120.359003355520485, -2.561683127074616, 0.0 ], [ 120.358547222076709, -2.562015837560807, 0.0 ], [ 120.358021326423113, -2.561428228629779, 0.0 ], [ 120.358204115427611, -2.561218441078154, 0.0 ], [ 120.358550240201453, -2.560641566455104, 0.0 ], [ 120.358692446399345, -2.560222994995172, 0.0 ], [ 120.358885297018901, -2.559812307891661, 0.0 ], [ 120.359539983683362, -2.560024947193483, 0.0 ], [ 120.359303867579456, -2.560642069176083, 0.0 ], [ 120.359003355520485, -2.561683127074616, 0.0 ] ] ] ] } },
{ "type": "Feature", "properties": { "OBJECTID": 4240, "WADMPR": "Sulawesi Selatan", "WADMKK": "Kab. Luwu Utara", "WADMKC": "Kec. Mappedeceng", "WADMKD": "Desa Mappedeceng", "POKTAN": "Gapoktan Tomammesa", "K_POKTAN": "Kasum .T", "P_SID": "Universitas Negeri Makassar", "NO_HP_1": "0877-7049-7988", "NAMA_PEMIL": "Pemerintah Desa", "N_PETAK": "MDB094", "LUAS_HA": 0.47810962345000002, "PAKET": "Paket Sulawesi Selatan 9" }, "geometry": { "type": "MultiPolygon", "coordinates": [ [ [ [ 120.358547222076709, -2.562015837560807, 0.0 ], [ 120.358018642846105, -2.562305615311857, 0.0 ], [ 120.357661785562982, -2.561744840352048, 0.0 ], [ 120.358021326423113, -2.561428228629779, 0.0 ], [ 120.358547222076709, -2.562015837560807, 0.0 ] ] ] ] } },
{ "type": "Feature", "properties": { "OBJECTID": 4241, "WADMPR": "Sulawesi Selatan", "WADMKK": "Kab. Luwu Utara", "WADMKC": "Kec. Mappedeceng", "WADMKD": "Desa Mappedeceng", "POKTAN": "Gapoktan Tomammesa", "K_POKTAN": "Kasum .T", "P_SID": "Universitas Negeri Makassar", "NO_HP_1": "0877-7049-7988", "NAMA_PEMIL": "Pemerintah Desa", "N_PETAK": "MDB095", "LUAS_HA": 0.39749291135999998, "PAKET": "Paket Sulawesi Selatan 9" }, "geometry": { "type": "MultiPolygon", "coordinates": [ [ [ [ 120.358018642846105, -2.562305615311857, 0.0 ], [ 120.35763227071277, -2.562608810947836, 0.0 ], [ 120.3572811151314, -2.5619911862442, 0.0 ], [ 120.357661785562982, -2.561744840352048, 0.0 ], [ 120.358018642846105, -2.562305615311857, 0.0 ] ] ] ] } },
{ "type": "Feature", "properties": { "OBJECTID": 4242, "WADMPR": "Sulawesi Selatan", "WADMKK": "Kab. Luwu Utara", "WADMKC": "Kec. Mappedeceng", "WADMKD": "Desa Mappedeceng", "POKTAN": "Gapoktan Tomammesa", "K_POKTAN": "Kasum .T", "P_SID": "Universitas Negeri Makassar", "NO_HP_1": "0877-7049-7988", "NAMA_PEMIL": "Pemerintah Desa", "N_PETAK": "MDB096", "LUAS_HA": 1.4170199993599999, "PAKET": "Paket Sulawesi Selatan 9" }, "geometry": { "type": "MultiPolygon", "coordinates": [ [ [ [ 120.356744486968523, -2.561865077011646, 0.0 ], [ 120.356983285750061, -2.561993868921888, 0.0 ], [ 120.3572811151314, -2.5619911862442, 0.0 ], [ 120.35763227071277, -2.562608810947836, 0.0 ], [ 120.35733712490844, -2.562882491733546, 0.0 ], [ 120.356757566708438, -2.563091775664873, 0.0 ], [ 120.356263869482063, -2.562834193643084, 0.0 ], [ 120.35647617243751, -2.561827514128424, 0.0 ], [ 120.356744486968523, -2.561865077011646, 0.0 ] ] ] ] } },
{ "type": "Feature", "properties": { "OBJECTID": 4243, "WADMPR": "Sulawesi Selatan", "WADMKK": "Kab. Luwu Utara", "WADMKC": "Kec. Mappedeceng", "WADMKD": "Desa Mappedeceng", "POKTAN": "Gapoktan Tomammesa", "K_POKTAN": "Kasum .T", "P_SID": "Universitas Negeri Makassar", "NO_HP_1": "0877-7049-7988", "NAMA_PEMIL": "Pemerintah Desa", "N_PETAK": "MDB097", "LUAS_HA": 1.0399187318900001, "PAKET": "Paket Sulawesi Selatan 9" }, "geometry": { "type": "MultiPolygon", "coordinates": [ [ [ [ 120.358450628593687, -2.562480019936913, 0.0 ], [ 120.358337936346743, -2.563231299185077, 0.0 ], [ 120.356679755566347, -2.563193735402535, 0.0 ], [ 120.356757566708438, -2.563091775664873, 0.0 ], [ 120.35733712490844, -2.562882491733546, 0.0 ], [ 120.35763227071277, -2.562608810947836, 0.0 ], [ 120.358018642846105, -2.562305615311857, 0.0 ], [ 120.358101820242837, -2.562496118700892, 0.0 ], [ 120.358450628593687, -2.562480019936913, 0.0 ] ] ] ] } },
{ "type": "Feature", "properties": { "OBJECTID": 4244, "WADMPR": "Sulawesi Selatan", "WADMKK": "Kab. Luwu Utara", "WADMKC": "Kec. Mappedeceng", "WADMKD": "Desa Mappedeceng", "POKTAN": "Gapoktan Tomammesa", "K_POKTAN": "Kasum .T", "P_SID": "Universitas Negeri Makassar", "NO_HP_1": "0877-7049-7988", "NAMA_PEMIL": "Pemerintah Desa", "N_PETAK": "MDB098", "LUAS_HA": 0.58812480373999998, "PAKET": "Paket Sulawesi Selatan 9" }, "geometry": { "type": "MultiPolygon", "coordinates": [ [ [ [ 120.359051651812365, -2.562286833870246, 0.0 ], [ 120.358450628593687, -2.562480019936913, 0.0 ], [ 120.358101820242837, -2.562496118700892, 0.0 ], [ 120.358018642846105, -2.562305615311857, 0.0 ], [ 120.358547222076709, -2.562015837560807, 0.0 ], [ 120.359003355520485, -2.561683127074616, 0.0 ], [ 120.359207274096434, -2.56175557286133, 0.0 ], [ 120.359051651812365, -2.562286833870246, 0.0 ] ] ] ] } },
{ "type": "Feature", "properties": { "OBJECTID": 4245, "WADMPR": "Sulawesi Selatan", "WADMKK": "Kab. Luwu Utara", "WADMKC": "Kec. Mappedeceng", "WADMKD": "Desa Mappedeceng", "POKTAN": "Gapoktan Tomammesa", "K_POKTAN": "Kasum .T", "P_SID": "Universitas Negeri Makassar", "NO_HP_1": "0877-7049-7988", "NAMA_PEMIL": "Pemerintah Desa", "N_PETAK": "MDB099", "LUAS_HA": 0.79415647285000002, "PAKET": "Paket Sulawesi Selatan 9" }, "geometry": { "type": "MultiPolygon", "coordinates": [ [ [ [ 120.358337936346743, -2.563231299185077, 0.0 ], [ 120.358450628593687, -2.562480019936913, 0.0 ], [ 120.359051651812365, -2.562286833870246, 0.0 ], [ 120.359181784611678, -2.56237269484393, 0.0 ], [ 120.359074458619375, -2.56328496263086, 0.0 ], [ 120.358337936346743, -2.563231299185077, 0.0 ] ] ] ] } },
{ "type": "Feature", "properties": { "OBJECTID": 4246, "WADMPR": "Sulawesi Selatan", "WADMKK": "Kab. Luwu Utara", "WADMKC": "Kec. Mappedeceng", "WADMKD": "Desa Mappedeceng", "POKTAN": "Gapoktan Tomammesa", "K_POKTAN": "Kasum .T", "P_SID": "Universitas Negeri Makassar", "NO_HP_1": "0877-7049-7988", "NAMA_PEMIL": "Pemerintah Desa", "N_PETAK": "MDB100", "LUAS_HA": 3.6322725444200001, "PAKET": "Paket Sulawesi Selatan 9" }, "geometry": { "type": "MultiPolygon", "coordinates": [ [ [ [ 120.358337936346743, -2.563231299185077, 0.0 ], [ 120.358435871618212, -2.564631897943684, 0.0 ], [ 120.358062914671791, -2.564673487091682, 0.0 ], [ 120.357290170405122, -2.564768739685519, 0.0 ], [ 120.356952094563553, -2.56480898524643, 0.0 ], [ 120.356343021513339, -2.564878747456191, 0.0 ], [ 120.356536207580007, -2.563483514952225, 0.0 ], [ 120.356679755566347, -2.563193735402535, 0.0 ], [ 120.358337936346743, -2.563231299185077, 0.0 ] ] ] ] } },
{ "type": "Feature", "properties": { "OBJECTID": 4247, "WADMPR": "Sulawesi Selatan", "WADMKK": "Kab. Luwu Utara", "WADMKC": "Kec. Mappedeceng", "WADMKD": "Desa Mappedeceng", "POKTAN": "Gapoktan Tomammesa", "K_POKTAN": "Kasum .T", "P_SID": "Universitas Negeri Makassar", "NO_HP_1": "0877-7049-7988", "NAMA_PEMIL": "Pemerintah Desa", "N_PETAK": "MDB101", "LUAS_HA": 0.32423055895000003, "PAKET": "Paket Sulawesi Selatan 9" }, "geometry": { "type": "MultiPolygon", "coordinates": [ [ [ [ 120.356757566708438, -2.563091775664873, 0.0 ], [ 120.356679755566347, -2.563193735402535, 0.0 ], [ 120.356536207580007, -2.563483514952225, 0.0 ], [ 120.356116769173582, -2.563372976581547, 0.0 ], [ 120.356102896231732, -2.563134354966451, 0.0 ], [ 120.356263869482063, -2.562834193643084, 0.0 ], [ 120.356757566708438, -2.563091775664873, 0.0 ] ] ] ] } },
{ "type": "Feature", "properties": { "OBJECTID": 4248, "WADMPR": "Sulawesi Selatan", "WADMKK": "Kab. Luwu Utara", "WADMKC": "Kec. Mappedeceng", "WADMKD": "Desa Mappedeceng", "POKTAN": "Gapoktan Tomammesa", "K_POKTAN": "Kasum .T", "P_SID": "Universitas Negeri Makassar", "NO_HP_1": "0877-7049-7988", "NAMA_PEMIL": "Pemerintah Desa", "N_PETAK": "MDB102", "LUAS_HA": 0.5383640112, "PAKET": "Paket Sulawesi Selatan 9" }, "geometry": { "type": "MultiPolygon", "coordinates": [ [ [ [ 120.356536207580007, -2.563483514952225, 0.0 ], [ 120.356343021513339, -2.564878747456191, 0.0 ], [ 120.356162047340717, -2.564888148968862, 0.0 ], [ 120.356140631784797, -2.564168593305908, 0.0 ], [ 120.356140138056958, -2.564152004411426, 0.0 ], [ 120.35611733394785, -2.563385833289544, 0.0 ], [ 120.356536207580007, -2.563483514952225, 0.0 ] ] ] ] } },
{ "type": "Feature", "properties": { "OBJECTID": 4249, "WADMPR": "Sulawesi Selatan", "WADMKK": "Kab. Luwu Utara", "WADMKC": "Kec. Mappedeceng", "WADMKD": "Desa Mappedeceng", "POKTAN": "Gapoktan Tomammesa", "K_POKTAN": "Kasum .T", "P_SID": "Universitas Negeri Makassar", "NO_HP_1": "0877-7049-7988", "NAMA_PEMIL": "Pemerintah Desa", "N_PETAK": "MDB103", "LUAS_HA": 0.22261705016, "PAKET": "Paket Sulawesi Selatan 9" }, "geometry": { "type": "MultiPolygon", "coordinates": [ [ [ [ 120.35697892583687, -2.565270486743543, 0.0 ], [ 120.356453030183275, -2.565012904721755, 0.0 ], [ 120.356410100146036, -2.56513632947798, 0.0 ], [ 120.356334972580953, -2.5651094973054, 0.0 ], [ 120.356343021513339, -2.564878747456191, 0.0 ], [ 120.356952094563553, -2.56480898524643, 0.0 ], [ 120.35697892583687, -2.565270486743543, 0.0 ] ] ] ] } },
{ "type": "Feature", "properties": { "OBJECTID": 4250, "WADMPR": "Sulawesi Selatan", "WADMKK": "Kab. Luwu Utara", "WADMKC": "Kec. Mappedeceng", "WADMKD": "Desa Mappedeceng", "POKTAN": "Gapoktan Tomammesa", "K_POKTAN": "Kasum .T", "P_SID": "Universitas Negeri Makassar", "NO_HP_1": "0877-7049-7988", "NAMA_PEMIL": "Pemerintah Desa", "N_PETAK": "MDB104", "LUAS_HA": 0.2745648073, "PAKET": "Paket Sulawesi Selatan 9" }, "geometry": { "type": "MultiPolygon", "coordinates": [ [ [ [ 120.35697892583687, -2.565270486743543, 0.0 ], [ 120.356860868234548, -2.565587095767796, 0.0 ], [ 120.356286675389811, -2.565356345918588, 0.0 ], [ 120.356334972580953, -2.5651094973054, 0.0 ], [ 120.356410100146036, -2.56513632947798, 0.0 ], [ 120.356453030183275, -2.565012904721755, 0.0 ], [ 120.35697892583687, -2.565270486743543, 0.0 ] ] ] ] } },
{ "type": "Feature", "properties": { "OBJECTID": 4251, "WADMPR": "Sulawesi Selatan", "WADMKK": "Kab. Luwu Utara", "WADMKC": "Kec. Mappedeceng", "WADMKD": "Desa Mappedeceng", "POKTAN": "Gapoktan Tomammesa", "K_POKTAN": "Kasum .T", "P_SID": "Universitas Negeri Makassar", "NO_HP_1": "0877-7049-7988", "NAMA_PEMIL": "Pemerintah Desa", "N_PETAK": "MDB105", "LUAS_HA": 0.42347002607000001, "PAKET": "Paket Sulawesi Selatan 9" }, "geometry": { "type": "MultiPolygon", "coordinates": [ [ [ [ 120.357347857417722, -2.565389886134312, 0.0 ], [ 120.357299561125956, -2.565754793249084, 0.0 ], [ 120.357074177531331, -2.565738694485105, 0.0 ], [ 120.356860868234548, -2.565587095767796, 0.0 ], [ 120.35697892583687, -2.565270486743543, 0.0 ], [ 120.356952094563553, -2.56480898524643, 0.0 ], [ 120.357290170405122, -2.564768739685519, 0.0 ], [ 120.357280779684288, -2.565022296341851, 0.0 ], [ 120.357347857417722, -2.565389886134312, 0.0 ] ] ] ] } },
{ "type": "Feature", "properties": { "OBJECTID": 4252, "WADMPR": "Sulawesi Selatan", "WADMKK": "Kab. Luwu Utara", "WADMKC": "Kec. Mappedeceng", "WADMKD": "Desa Mappedeceng", "POKTAN": "Gapoktan Tomammesa", "K_POKTAN": "Kasum .T", "P_SID": "Universitas Negeri Makassar", "NO_HP_1": "0877-7049-7988", "NAMA_PEMIL": "Pemerintah Desa", "N_PETAK": "MDB106", "LUAS_HA": 0.72958650004000003, "PAKET": "Paket Sulawesi Selatan 9" }, "geometry": { "type": "MultiPolygon", "coordinates": [ [ [ [ 120.358359401365306, -2.565279876565, 0.0 ], [ 120.357347857417722, -2.565389886134312, 0.0 ], [ 120.357280779684288, -2.565022296341851, 0.0 ], [ 120.357290170405122, -2.564768739685519, 0.0 ], [ 120.358062914671791, -2.564673487091682, 0.0 ], [ 120.358084379690467, -2.56495253413209, 0.0 ], [ 120.358362084942314, -2.564903566945986, 0.0 ], [ 120.358359401365306, -2.565279876565, 0.0 ] ] ] ] } },
{ "type": "Feature", "properties": { "OBJECTID": 4253, "WADMPR": "Sulawesi Selatan", "WADMKK": "Kab. Luwu Utara", "WADMKC": "Kec. Mappedeceng", "WADMKD": "Desa Mappedeceng", "POKTAN": "Gapoktan Tomammesa", "K_POKTAN": "Kasum .T", "P_SID": "Universitas Negeri Makassar", "NO_HP_1": "0877-7049-7988", "NAMA_PEMIL": "Pemerintah Desa", "N_PETAK": "MDB107", "LUAS_HA": 1.15347888007, "PAKET": "Paket Sulawesi Selatan 9" }, "geometry": { "type": "MultiPolygon", "coordinates": [ [ [ [ 120.358870540043426, -2.566221660101462, 0.0 ], [ 120.358290980944048, -2.566057987985687, 0.0 ], [ 120.358359401365306, -2.565279876565, 0.0 ], [ 120.358362084942314, -2.564903566945986, 0.0 ], [ 120.358084379690467, -2.56495253413209, 0.0 ], [ 120.358062914671791, -2.564673487091682, 0.0 ], [ 120.358435871618212, -2.564631897943684, 0.0 ], [ 120.358934935099228, -2.564601043103607, 0.0 ], [ 120.358870540043426, -2.566221660101462, 0.0 ] ] ] ] } },
{ "type": "Feature", "properties": { "OBJECTID": 4254, "WADMPR": "Sulawesi Selatan", "WADMKK": "Kab. Luwu Utara", "WADMKC": "Kec. Mappedeceng", "WADMKD": "Desa Mappedeceng", "POKTAN": "Gapoktan Tomammesa", "K_POKTAN": "Kasum .T", "P_SID": "Universitas Negeri Makassar", "NO_HP_1": "0877-7049-7988", "NAMA_PEMIL": "Pemerintah Desa", "N_PETAK": "MDB108", "LUAS_HA": 0.72467887883000004, "PAKET": "Paket Sulawesi Selatan 9" }, "geometry": { "type": "MultiPolygon", "coordinates": [ [ [ [ 120.358290980944048, -2.566057987985687, 0.0 ], [ 120.357918024897003, -2.565966761656682, 0.0 ], [ 120.357299561125956, -2.565754793249084, 0.0 ], [ 120.357347857417722, -2.565389886134312, 0.0 ], [ 120.358359401365306, -2.565279876565, 0.0 ], [ 120.358290980944048, -2.566057987985687, 0.0 ] ] ] ] } },
{ "type": "Feature", "properties": { "OBJECTID": 4255, "WADMPR": "Sulawesi Selatan", "WADMKK": "Kab. Luwu Utara", "WADMKC": "Kec. Mappedeceng", "WADMKD": "Desa Mappedeceng", "POKTAN": "Gapoktan Tomammesa", "K_POKTAN": "Kasum .T", "P_SID": "Universitas Negeri Makassar", "NO_HP_1": "0877-7049-7988", "NAMA_PEMIL": "Pemerintah Desa", "N_PETAK": "MDB109", "LUAS_HA": 1.5146475825800001, "PAKET": "Paket Sulawesi Selatan 9" }, "geometry": { "type": "MultiPolygon", "coordinates": [ [ [ [ 120.359647308776289, -2.566392038461743, 0.0 ], [ 120.358870540043426, -2.566221660101462, 0.0 ], [ 120.358934935099228, -2.564601043103607, 0.0 ], [ 120.359641942521648, -2.564481642813519, 0.0 ], [ 120.359561448701925, -2.565211457043063, 0.0 ], [ 120.359647308776289, -2.566392038461743, 0.0 ] ] ] ] } },
{ "type": "Feature", "properties": { "OBJECTID": 4256, "WADMPR": "Sulawesi Selatan", "WADMKK": "Kab. Luwu Utara", "WADMKC": "Kec. Mappedeceng", "WADMKD": "Desa Mappedeceng", "POKTAN": "Gapoktan Tomammesa", "K_POKTAN": "Kasum .T", "P_SID": "Universitas Negeri Makassar", "NO_HP_1": "0877-7049-7988", "NAMA_PEMIL": "Pemerintah Desa", "N_PETAK": "MDB110", "LUAS_HA": 2.6598960463300001, "PAKET": "Paket Sulawesi Selatan 9" }, "geometry": { "type": "MultiPolygon", "coordinates": [ [ [ [ 120.360769015177993, -2.564929757002631, 0.0 ], [ 120.36069783473738, -2.565568683048241, 0.0 ], [ 120.360683625449042, -2.565696231196057, 0.0 ], [ 120.36059714124508, -2.566472533180843, 0.0 ], [ 120.36000148338178, -2.566456433517544, 0.0 ], [ 120.359647308776289, -2.566392038461743, 0.0 ], [ 120.359561448701925, -2.565211457043063, 0.0 ], [ 120.359641942521648, -2.564481642813519, 0.0 ], [ 120.360237600385062, -2.564460176895579, 0.0 ], [ 120.360505914016812, -2.564567502887883, 0.0 ], [ 120.360822524839705, -2.564449444386298, 0.0 ], [ 120.360768862293185, -2.564929727325023, 0.0 ], [ 120.360769015177993, -2.564929757002631, 0.0 ] ] ] ] } },
{ "type": "Feature", "properties": { "OBJECTID": 4257, "WADMPR": "Sulawesi Selatan", "WADMKK": "Kab. Luwu Utara", "WADMKC": "Kec. Mappedeceng", "WADMKD": "Desa Mappedeceng", "POKTAN": "Gapoktan Tomammesa", "K_POKTAN": "Kasum .T", "P_SID": "Universitas Negeri Makassar", "NO_HP_1": "0877-7049-7988", "NAMA_PEMIL": "Pemerintah Desa", "N_PETAK": "MDB111", "LUAS_HA": 0.78578044171999994, "PAKET": "Paket Sulawesi Selatan 9" }, "geometry": { "type": "MultiPolygon", "coordinates": [ [ [ [ 120.36134305423866, -2.565039735994958, 0.0 ], [ 120.360769015177993, -2.564929757002631, 0.0 ], [ 120.360768862293185, -2.564929727325023, 0.0 ], [ 120.360822524839705, -2.564449444386298, 0.0 ], [ 120.360967414614606, -2.563741096074693, 0.0 ], [ 120.361353786747941, -2.56363377008239, 0.0 ], [ 120.36134305423866, -2.565039735994958, 0.0 ] ] ] ] } },
{ "type": "Feature", "properties": { "OBJECTID": 4258, "WADMPR": "Sulawesi Selatan", "WADMKK": "Kab. Luwu Utara", "WADMKC": "Kec. Mappedeceng", "WADMKD": "Desa Mappedeceng", "POKTAN": "Gapoktan Tomammesa", "K_POKTAN": "Kasum .T", "P_SID": "Universitas Negeri Makassar", "NO_HP_1": "0877-7049-7988", "NAMA_PEMIL": "Pemerintah Desa", "N_PETAK": "MDB112", "LUAS_HA": 0.52389196451999998, "PAKET": "Paket Sulawesi Selatan 9" }, "geometry": { "type": "MultiPolygon", "coordinates": [ [ [ [ 120.36134305423866, -2.565039735994958, 0.0 ], [ 120.361383300698776, -2.565746743417435, 0.0 ], [ 120.36069783473738, -2.565568683048241, 0.0 ], [ 120.360769015177993, -2.564929757002631, 0.0 ], [ 120.36134305423866, -2.565039735994958, 0.0 ] ] ] ] } },
{ "type": "Feature", "properties": { "OBJECTID": 4259, "WADMPR": "Sulawesi Selatan", "WADMKK": "Kab. Luwu Utara", "WADMKC": "Kec. Mappedeceng", "WADMKD": "Desa Mappedeceng", "POKTAN": "Gapoktan Tomammesa", "K_POKTAN": "Kasum .T", "P_SID": "Universitas Negeri Makassar", "NO_HP_1": "0877-7049-7988", "NAMA_PEMIL": "Pemerintah Desa", "N_PETAK": "MDB113", "LUAS_HA": 0.32752721928, "PAKET": "Paket Sulawesi Selatan 9" }, "geometry": { "type": "MultiPolygon", "coordinates": [ [ [ [ 120.361383300698776, -2.565746743417435, 0.0 ], [ 120.361314210282671, -2.566117017686167, 0.0 ], [ 120.360656840940464, -2.565964077180354, 0.0 ], [ 120.360683625449042, -2.565696231196057, 0.0 ], [ 120.36069783473738, -2.565568683048241, 0.0 ], [ 120.361383300698776, -2.565746743417435, 0.0 ] ] ] ] } },
{ "type": "Feature", "properties": { "OBJECTID": 4260, "WADMPR": "Sulawesi Selatan", "WADMKK": "Kab. Luwu Utara", "WADMKC": "Kec. Mappedeceng", "WADMKD": "Desa Mappedeceng", "POKTAN": "Gapoktan Tomammesa", "K_POKTAN": "Kasum .T", "P_SID": "Universitas Negeri Makassar", "NO_HP_1": "0877-7049-7988", "NAMA_PEMIL": "Pemerintah Desa", "N_PETAK": "MDB114", "LUAS_HA": 0.44618217874, "PAKET": "Paket Sulawesi Selatan 9" }, "geometry": { "type": "MultiPolygon", "coordinates": [ [ [ [ 120.361314210282671, -2.566117017686167, 0.0 ], [ 120.361225666631299, -2.566680477122247, 0.0 ], [ 120.360909055808293, -2.566608032234853, 0.0 ], [ 120.360801730715366, -2.566527536616491, 0.0 ], [ 120.36059714124508, -2.566472533180843, 0.0 ], [ 120.360656840940464, -2.565964077180354, 0.0 ], [ 120.361314210282671, -2.566117017686167, 0.0 ] ] ] ] } },
{ "type": "Feature", "properties": { "OBJECTID": 4261, "WADMPR": "Sulawesi Selatan", "WADMKK": "Kab. Luwu Utara", "WADMKC": "Kec. Mappedeceng", "WADMKD": "Desa Mappedeceng", "POKTAN": "Gapoktan Tomammesa", "K_POKTAN": "Kasum .T", "P_SID": "Universitas Negeri Makassar", "NO_HP_1": "0877-7049-7988", "NAMA_PEMIL": "Pemerintah Desa", "N_PETAK": "MDB115", "LUAS_HA": 0.75949462043000004, "PAKET": "Paket Sulawesi Selatan 9" }, "geometry": { "type": "MultiPolygon", "coordinates": [ [ [ [ 120.357332429548023, -2.56622702635616, 0.0 ], [ 120.357407558012483, -2.566575833807633, 0.0 ], [ 120.356479191461631, -2.566763654518979, 0.0 ], [ 120.35629137164949, -2.566066036918016, 0.0 ], [ 120.356500656480193, -2.56590504837925, 0.0 ], [ 120.357332429548023, -2.56622702635616, 0.0 ] ] ] ] } },
{ "type": "Feature", "properties": { "OBJECTID": 4262, "WADMPR": "Sulawesi Selatan", "WADMKK": "Kab. Luwu Utara", "WADMKC": "Kec. Mappedeceng", "WADMKD": "Desa Mappedeceng", "POKTAN": "Gapoktan Tomammesa", "K_POKTAN": "Kasum .T", "P_SID": "Universitas Negeri Makassar", "NO_HP_1": "0877-7049-7988", "NAMA_PEMIL": "Pemerintah Desa", "N_PETAK": "MDB116", "LUAS_HA": 2.03488444687, "PAKET": "Paket Sulawesi Selatan 9" }, "geometry": { "type": "MultiPolygon", "coordinates": [ [ [ [ 120.357772465127255, -2.567810078672153, 0.0 ], [ 120.35720363943642, -2.568067660693941, 0.0 ], [ 120.357182173518595, -2.568373538108233, 0.0 ], [ 120.356763603857303, -2.568416469044791, 0.0 ], [ 120.356028423373118, -2.568239380842726, 0.0 ], [ 120.356157214383984, -2.567847642454694, 0.0 ], [ 120.356570417790635, -2.567815444926794, 0.0 ], [ 120.356677743782939, -2.567214421708172, 0.0 ], [ 120.357396825503201, -2.566978305604266, 0.0 ], [ 120.357407558012483, -2.566575833807633, 0.0 ], [ 120.357804662655099, -2.56679585114756, 0.0 ], [ 120.357772465127255, -2.567810078672153, 0.0 ] ] ] ] } },
{ "type": "Feature", "properties": { "OBJECTID": 4263, "WADMPR": "Sulawesi Selatan", "WADMKK": "Kab. Luwu Utara", "WADMKC": "Kec. Mappedeceng", "WADMKD": "Desa Mappedeceng", "POKTAN": "Gapoktan Tomammesa", "K_POKTAN": "Kasum .T", "P_SID": "Universitas Negeri Makassar", "NO_HP_1": "0877-7049-7988", "NAMA_PEMIL": "Pemerintah Desa", "N_PETAK": "MDB117", "LUAS_HA": 0.45661744788000003, "PAKET": "Paket Sulawesi Selatan 9" }, "geometry": { "type": "MultiPolygon", "coordinates": [ [ [ [ 120.356677743782939, -2.567214421708172, 0.0 ], [ 120.356479191461631, -2.566763654518979, 0.0 ], [ 120.357407558012483, -2.566575833807633, 0.0 ], [ 120.357396825503201, -2.566978305604266, 0.0 ], [ 120.356677743782939, -2.567214421708172, 0.0 ] ] ] ] } },
{ "type": "Feature", "properties": { "OBJECTID": 4264, "WADMPR": "Sulawesi Selatan", "WADMKK": "Kab. Luwu Utara", "WADMKC": "Kec. Mappedeceng", "WADMKD": "Desa Mappedeceng", "POKTAN": "Gapoktan Tomammesa", "K_POKTAN": "Kasum .T", "P_SID": "Universitas Negeri Makassar", "NO_HP_1": "0877-7049-7988", "NAMA_PEMIL": "Pemerintah Desa", "N_PETAK": "MDB118", "LUAS_HA": 0.7579310029, "PAKET": "Paket Sulawesi Selatan 9" }, "geometry": { "type": "MultiPolygon", "coordinates": [ [ [ [ 120.356677743782939, -2.567214421708172, 0.0 ], [ 120.356570417790635, -2.567815444926794, 0.0 ], [ 120.356157214383984, -2.567847642454694, 0.0 ], [ 120.356028423373118, -2.568239380842726, 0.0 ], [ 120.355962832219006, -2.568300000544525, 0.0 ], [ 120.356025826131031, -2.567547850752646, 0.0 ], [ 120.356056867130746, -2.567268487150898, 0.0 ], [ 120.356086111285094, -2.56706377807086, 0.0 ], [ 120.356100000414699, -2.566966552364477, 0.0 ], [ 120.356103809043589, -2.566939895559699, 0.0 ], [ 120.356118298021102, -2.566838473616599, 0.0 ], [ 120.356479191461631, -2.566763654518979, 0.0 ], [ 120.356677743782939, -2.567214421708172, 0.0 ] ] ] ] } },
{ "type": "Feature", "properties": { "OBJECTID": 4265, "WADMPR": "Sulawesi Selatan", "WADMKK": "Kab. Luwu Utara", "WADMKC": "Kec. Mappedeceng", "WADMKD": "Desa Mappedeceng", "POKTAN": "Gapoktan Tomammesa", "K_POKTAN": "Kasum .T", "P_SID": "Universitas Negeri Makassar", "NO_HP_1": "0877-7049-7988", "NAMA_PEMIL": "Pemerintah Desa", "N_PETAK": "MDB119", "LUAS_HA": 1.6307103008799999, "PAKET": "Paket Sulawesi Selatan 9" }, "geometry": { "type": "MultiPolygon", "coordinates": [ [ [ [ 120.359210627668404, -2.566865612458002, 0.0 ], [ 120.358078341642226, -2.567842276200054, 0.0 ], [ 120.357772465127255, -2.567810078672153, 0.0 ], [ 120.357804662655099, -2.56679585114756, 0.0 ], [ 120.357407558012483, -2.566575833807633, 0.0 ], [ 120.357332429548023, -2.56622702635616, 0.0 ], [ 120.359210627668404, -2.566865612458002, 0.0 ] ] ] ] } },
{ "type": "Feature", "properties": { "OBJECTID": 4266, "WADMPR": "Sulawesi Selatan", "WADMKK": "Kab. Luwu Utara", "WADMKC": "Kec. Mappedeceng", "WADMKD": "Desa Mappedeceng", "POKTAN": "Gapoktan Tomammesa", "K_POKTAN": "Kasum .T", "P_SID": "Universitas Negeri Makassar", "NO_HP_1": "0877-7049-7988", "NAMA_PEMIL": "Pemerintah Desa", "N_PETAK": "MDB120", "LUAS_HA": 1.66290431191, "PAKET": "Paket Sulawesi Selatan 9" }, "geometry": { "type": "MultiPolygon", "coordinates": [ [ [ [ 120.359001342837814, -2.568062294439301, 0.0 ], [ 120.358078341642226, -2.567842276200054, 0.0 ], [ 120.359210627668404, -2.566865612458002, 0.0 ], [ 120.36060586107169, -2.567294914628576, 0.0 ], [ 120.359586268191833, -2.567654456388027, 0.0 ], [ 120.359001342837814, -2.568062294439301, 0.0 ] ] ] ] } },
{ "type": "Feature", "properties": { "OBJECTID": 4267, "WADMPR": "Sulawesi Selatan", "WADMKK": "Kab. Luwu Utara", "WADMKC": "Kec. Mappedeceng", "WADMKD": "Desa Mappedeceng", "POKTAN": "Gapoktan Tomammesa", "K_POKTAN": "Kasum .T", "P_SID": "Universitas Negeri Makassar", "NO_HP_1": "0877-7049-7988", "NAMA_PEMIL": "Pemerintah Desa", "N_PETAK": "MDB121", "LUAS_HA": 9.2740958274699992, "PAKET": "Paket Sulawesi Selatan 9" }, "geometry": { "type": "MultiPolygon", "coordinates": [ [ [ [ 120.358078341642226, -2.567842276200054, 0.0 ], [ 120.359001342837814, -2.568062294439301, 0.0 ], [ 120.358620336959007, -2.568722346459083, 0.0 ], [ 120.358652534486964, -2.569344835595643, 0.0 ], [ 120.359081837556801, -2.569967323832884, 0.0 ], [ 120.359081837556801, -2.570579079560844, 0.0 ], [ 120.358684732914185, -2.571373289745452, 0.0 ], [ 120.356162580638625, -2.57076153311823, 0.0 ], [ 120.356366499214573, -2.570396626003458, 0.0 ], [ 120.356463092697595, -2.569774137766217, 0.0 ], [ 120.356194778166582, -2.568904799117149, 0.0 ], [ 120.356763603857303, -2.568416469044791, 0.0 ], [ 120.357182173518595, -2.568373538108233, 0.0 ], [ 120.35720363943642, -2.568067660693941, 0.0 ], [ 120.357772465127255, -2.567810078672153, 0.0 ], [ 120.358078341642226, -2.567842276200054, 0.0 ] ] ] ] } },
{ "type": "Feature", "properties": { "OBJECTID": 4268, "WADMPR": "Sulawesi Selatan", "WADMKK": "Kab. Luwu Utara", "WADMKC": "Kec. Mappedeceng", "WADMKD": "Desa Mappedeceng", "POKTAN": "Gapoktan Tomammesa", "K_POKTAN": "Kasum .T", "P_SID": "Universitas Negeri Makassar", "NO_HP_1": "0877-7049-7988", "NAMA_PEMIL": "Pemerintah Desa", "N_PETAK": "MDB122", "LUAS_HA": 1.5921833698800001, "PAKET": "Paket Sulawesi Selatan 9" }, "geometry": { "type": "MultiPolygon", "coordinates": [ [ [ [ 120.361206884290368, -2.568609654212139, 0.0 ], [ 120.359178430140446, -2.568335974325691, 0.0 ], [ 120.359489674708811, -2.568067660693941, 0.0 ], [ 120.360112162946052, -2.567847642454694, 0.0 ], [ 120.361190785526446, -2.567461269421983, 0.0 ], [ 120.361206884290368, -2.568609654212139, 0.0 ] ] ] ] } },
{ "type": "Feature", "properties": { "OBJECTID": 4269, "WADMPR": "Sulawesi Selatan", "WADMKK": "Kab. Luwu Utara", "WADMKC": "Kec. Mappedeceng", "WADMKD": "Desa Mappedeceng", "POKTAN": "Gapoktan Tomammesa", "K_POKTAN": "Kasum .T", "P_SID": "Universitas Negeri Makassar", "NO_HP_1": "0877-7049-7988", "NAMA_PEMIL": "Pemerintah Desa", "N_PETAK": "MDB123", "LUAS_HA": 2.3284811217799999, "PAKET": "Paket Sulawesi Selatan 9" }, "geometry": { "type": "MultiPolygon", "coordinates": [ [ [ [ 120.361206884290368, -2.568609654212139, 0.0 ], [ 120.361121024216004, -2.569414596906086, 0.0 ], [ 120.360906373130661, -2.569360933460246, 0.0 ], [ 120.360782948374435, -2.569758039002238, 0.0 ], [ 120.360455605042148, -2.569715108965056, 0.0 ], [ 120.360230221447637, -2.569484358216528, 0.0 ], [ 120.359511139727374, -2.569285805895163, 0.0 ], [ 120.359602366955755, -2.568979928480871, 0.0 ], [ 120.35899597658306, -2.568883334997849, 0.0 ], [ 120.359178430140446, -2.568335974325691, 0.0 ], [ 120.361206884290368, -2.568609654212139, 0.0 ] ] ] ] } },
{ "type": "Feature", "properties": { "OBJECTID": 4270, "WADMPR": "Sulawesi Selatan", "WADMKK": "Kab. Luwu Utara", "WADMKC": "Kec. Mappedeceng", "WADMKD": "Desa Mappedeceng", "POKTAN": "Gapoktan Tomammesa", "K_POKTAN": "Kasum .T", "P_SID": "Universitas Negeri Makassar", "NO_HP_1": "0877-7049-7988", "NAMA_PEMIL": "Pemerintah Desa", "N_PETAK": "MDB124", "LUAS_HA": 0.63651589536999997, "PAKET": "Paket Sulawesi Selatan 9" }, "geometry": { "type": "MultiPolygon", "coordinates": [ [ [ [ 120.361121024216004, -2.569414596906086, 0.0 ], [ 120.361245789861414, -2.569419963160726, 0.0 ], [ 120.361217616799649, -2.570584445815484, 0.0 ], [ 120.360745384591837, -2.570536149523662, 0.0 ], [ 120.360782948374435, -2.569758039002238, 0.0 ], [ 120.360906373130661, -2.569360933460246, 0.0 ], [ 120.361121024216004, -2.569414596906086, 0.0 ] ] ] ] } },
{ "type": "Feature", "properties": { "OBJECTID": 4271, "WADMPR": "Sulawesi Selatan", "WADMKK": "Kab. Luwu Utara", "WADMKC": "Kec. Mappedeceng", "WADMKD": "Desa Mappedeceng", "POKTAN": "Gapoktan Tomammesa", "K_POKTAN": "Kasum .T", "P_SID": "Universitas Negeri Makassar", "NO_HP_1": "0877-7049-7988", "NAMA_PEMIL": "Pemerintah Desa", "N_PETAK": "MDB125", "LUAS_HA": 2.2544689074500002, "PAKET": "Paket Sulawesi Selatan 9" }, "geometry": { "type": "MultiPolygon", "coordinates": [ [ [ [ 120.360782948374435, -2.569758039002238, 0.0 ], [ 120.360745384591837, -2.570536149523662, 0.0 ], [ 120.359351492977112, -2.570577738671659, 0.0 ], [ 120.359378324250315, -2.570051843018121, 0.0 ], [ 120.359179771929007, -2.569665470884729, 0.0 ], [ 120.358970487098418, -2.569144940586511, 0.0 ], [ 120.35899597658306, -2.568883334997849, 0.0 ], [ 120.359602366955755, -2.568979928480871, 0.0 ], [ 120.359511139727374, -2.569285805895163, 0.0 ], [ 120.360230221447637, -2.569484358216528, 0.0 ], [ 120.360455605042148, -2.569715108965056, 0.0 ], [ 120.360782948374435, -2.569758039002238, 0.0 ] ] ] ] } },
{ "type": "Feature", "properties": { "OBJECTID": 4272, "WADMPR": "Sulawesi Selatan", "WADMKK": "Kab. Luwu Utara", "WADMKC": "Kec. Mappedeceng", "WADMKD": "Desa Mappedeceng", "POKTAN": "Gapoktan Tomammesa", "K_POKTAN": "Kasum .T", "P_SID": "Universitas Negeri Makassar", "NO_HP_1": "0877-7049-7988", "NAMA_PEMIL": "Pemerintah Desa", "N_PETAK": "MDB126", "LUAS_HA": 3.1259617512100002, "PAKET": "Paket Sulawesi Selatan 9" }, "geometry": { "type": "MultiPolygon", "coordinates": [ [ [ [ 120.360365720501704, -2.571017772452194, 0.0 ], [ 120.36017253353566, -2.571157295972398, 0.0 ], [ 120.360124127526547, -2.571190186877573, 0.0 ], [ 120.360123802871271, -2.571190409010114, 0.0 ], [ 120.359937517302683, -2.571316986789441, 0.0 ], [ 120.358916824551898, -2.572010534058847, 0.0 ], [ 120.359195870692929, -2.572214453534173, 0.0 ], [ 120.359185138183648, -2.572879871808595, 0.0 ], [ 120.358117248112535, -2.573110622557124, 0.0 ], [ 120.357704044705997, -2.572697419150529, 0.0 ], [ 120.357961625828466, -2.572396907091559, 0.0 ], [ 120.357832835716863, -2.572123227205111, 0.0 ], [ 120.358568016201048, -2.571511470577832, 0.0 ], [ 120.359045614663501, -2.571484640203948, 0.0 ], [ 120.359292464175951, -2.570872882677349, 0.0 ], [ 120.359351492977112, -2.570577738671659, 0.0 ], [ 120.360000813386932, -2.57056163990768, 0.0 ], [ 120.359920318667832, -2.570926545223813, 0.0 ], [ 120.360365720501704, -2.571017772452194, 0.0 ] ] ] ] } },
{ "type": "Feature", "properties": { "OBJECTID": 4273, "WADMPR": "Sulawesi Selatan", "WADMKK": "Kab. Luwu Utara", "WADMKC": "Kec. Mappedeceng", "WADMKD": "Desa Mappedeceng", "POKTAN": "Gapoktan Tomammesa", "K_POKTAN": "Kasum .T", "P_SID": "Universitas Negeri Makassar", "NO_HP_1": "0877-7049-7988", "NAMA_PEMIL": "Pemerintah Desa", "N_PETAK": "MDB127", "LUAS_HA": 0.21671919038000001, "PAKET": "Paket Sulawesi Selatan 9" }, "geometry": { "type": "MultiPolygon", "coordinates": [ [ [ [ 120.360365720501704, -2.571017772452194, 0.0 ], [ 120.359920318667832, -2.570926545223813, 0.0 ], [ 120.360000813386932, -2.57056163990768, 0.0 ], [ 120.360392551774908, -2.57055090559976, 0.0 ], [ 120.360365720501704, -2.571017772452194, 0.0 ] ] ] ] } },
{ "type": "Feature", "properties": { "OBJECTID": 4274, "WADMPR": "Sulawesi Selatan", "WADMKK": "Kab. Luwu Utara", "WADMKC": "Kec. Mappedeceng", "WADMKD": "Desa Mappedeceng", "POKTAN": "Gapoktan Tomammesa", "K_POKTAN": "Kasum .T", "P_SID": "Universitas Negeri Makassar", "NO_HP_1": "0877-7049-7988", "NAMA_PEMIL": "Pemerintah Desa", "N_PETAK": "MDB128", "LUAS_HA": 0.82854969286000002, "PAKET": "Paket Sulawesi Selatan 9" }, "geometry": { "type": "MultiPolygon", "coordinates": [ [ [ [ 120.361217616799649, -2.570584445815484, 0.0 ], [ 120.361318234748751, -2.571347799361376, 0.0 ], [ 120.360124127526547, -2.571190186877573, 0.0 ], [ 120.36017253353566, -2.571157295972398, 0.0 ], [ 120.360365720501704, -2.571017772452194, 0.0 ], [ 120.360392551774908, -2.57055090559976, 0.0 ], [ 120.360745384591837, -2.570536149523662, 0.0 ], [ 120.361217616799649, -2.570584445815484, 0.0 ] ] ] ] } },
{ "type": "Feature", "properties": { "OBJECTID": 4275, "WADMPR": "Sulawesi Selatan", "WADMKK": "Kab. Luwu Utara", "WADMKC": "Kec. Mappedeceng", "WADMKD": "Desa Mappedeceng", "POKTAN": "Gapoktan Tomammesa", "K_POKTAN": "Kasum .T", "P_SID": "Universitas Negeri Makassar", "NO_HP_1": "0877-7049-7988", "NAMA_PEMIL": "Pemerintah Desa", "N_PETAK": "MDB129", "LUAS_HA": 0.72651421568999996, "PAKET": "Paket Sulawesi Selatan 9" }, "geometry": { "type": "MultiPolygon", "coordinates": [ [ [ [ 120.361318234748751, -2.571347799361376, 0.0 ], [ 120.361299453307197, -2.572082978946298, 0.0 ], [ 120.360526708141151, -2.571964922243296, 0.0 ], [ 120.360451580576068, -2.571251206777731, 0.0 ], [ 120.361318234748751, -2.571347799361376, 0.0 ] ] ] ] } },
{ "type": "Feature", "properties": { "OBJECTID": 4276, "WADMPR": "Sulawesi Selatan", "WADMKK": "Kab. Luwu Utara", "WADMKC": "Kec. Mappedeceng", "WADMKD": "Desa Mappedeceng", "POKTAN": "Gapoktan Tomammesa", "K_POKTAN": "Kasum .T", "P_SID": "Universitas Negeri Makassar", "NO_HP_1": "0877-7049-7988", "NAMA_PEMIL": "Pemerintah Desa", "N_PETAK": "MDB130", "LUAS_HA": 0.60093546087000005, "PAKET": "Paket Sulawesi Selatan 9" }, "geometry": { "type": "MultiPolygon", "coordinates": [ [ [ [ 120.361299453307197, -2.572082978946298, 0.0 ], [ 120.361396045890842, -2.572732299356062, 0.0 ], [ 120.360773557653602, -2.5727430318654, 0.0 ], [ 120.360526708141151, -2.571964922243296, 0.0 ], [ 120.361299453307197, -2.572082978946298, 0.0 ] ] ] ] } },
{ "type": "Feature", "properties": { "OBJECTID": 4277, "WADMPR": "Sulawesi Selatan", "WADMKK": "Kab. Luwu Utara", "WADMKC": "Kec. Mappedeceng", "WADMKD": "Desa Mappedeceng", "POKTAN": "Gapoktan Tomammesa", "K_POKTAN": "Kasum .T", "P_SID": "Universitas Negeri Makassar", "NO_HP_1": "0877-7049-7988", "NAMA_PEMIL": "Pemerintah Desa", "N_PETAK": "MDB131", "LUAS_HA": 0.71148975933000003, "PAKET": "Paket Sulawesi Selatan 9" }, "geometry": { "type": "MultiPolygon", "coordinates": [ [ [ [ 120.360451580576068, -2.571251206777731, 0.0 ], [ 120.360526708141151, -2.571964922243296, 0.0 ], [ 120.360038377169417, -2.572142009546042, 0.0 ], [ 120.359952516195676, -2.571820032468452, 0.0 ], [ 120.359405155523518, -2.571691241457586, 0.0 ], [ 120.359937517302683, -2.571316986789441, 0.0 ], [ 120.360123802871271, -2.571190409010114, 0.0 ], [ 120.360451580576068, -2.571251206777731, 0.0 ] ] ] ] } },
{ "type": "Feature", "properties": { "OBJECTID": 4278, "WADMPR": "Sulawesi Selatan", "WADMKK": "Kab. Luwu Utara", "WADMKC": "Kec. Mappedeceng", "WADMKD": "Desa Mappedeceng", "POKTAN": "Gapoktan Tomammesa", "K_POKTAN": "Kasum .T", "P_SID": "Universitas Negeri Makassar", "NO_HP_1": "0877-7049-7988", "NAMA_PEMIL": "Pemerintah Desa", "N_PETAK": "MDB132", "LUAS_HA": 1.5824746866199999, "PAKET": "Paket Sulawesi Selatan 9" }, "geometry": { "type": "MultiPolygon", "coordinates": [ [ [ [ 120.360526708141151, -2.571964922243296, 0.0 ], [ 120.360773557653602, -2.5727430318654, 0.0 ], [ 120.360607202860137, -2.572850357857703, 0.0 ], [ 120.36046767933999, -2.572555212053373, 0.0 ], [ 120.360242295745365, -2.572624974263078, 0.0 ], [ 120.359839824848109, -2.5727215677461, 0.0 ], [ 120.359362225486393, -2.572861090366985, 0.0 ], [ 120.359185138183648, -2.572879871808595, 0.0 ], [ 120.359195870692929, -2.572214453534173, 0.0 ], [ 120.358916824551898, -2.572010534058847, 0.0 ], [ 120.359405155523518, -2.571691241457586, 0.0 ], [ 120.359952516195676, -2.571820032468452, 0.0 ], [ 120.360038377169417, -2.572142009546042, 0.0 ], [ 120.360526708141151, -2.571964922243296, 0.0 ] ] ] ] } },
{ "type": "Feature", "properties": { "OBJECTID": 4279, "WADMPR": "Sulawesi Selatan", "WADMKK": "Kab. Luwu Utara", "WADMKC": "Kec. Mappedeceng", "WADMKD": "Desa Mappedeceng", "POKTAN": "Gapoktan Tomammesa", "K_POKTAN": "Kasum .T", "P_SID": "Universitas Negeri Makassar", "NO_HP_1": "0877-7049-7988", "NAMA_PEMIL": "Pemerintah Desa", "N_PETAK": "MDB133", "LUAS_HA": 0.91559450727000002, "PAKET": "Paket Sulawesi Selatan 9" }, "geometry": { "type": "MultiPolygon", "coordinates": [ [ [ [ 120.359576876571623, -2.57360700425977, 0.0 ], [ 120.359115376873206, -2.573505043622845, 0.0 ], [ 120.358777301031637, -2.573478213248904, 0.0 ], [ 120.358117248112535, -2.573564073323269, 0.0 ], [ 120.358117248112535, -2.573110622557124, 0.0 ], [ 120.359185138183648, -2.572879871808595, 0.0 ], [ 120.359362225486393, -2.572861090366985, 0.0 ], [ 120.359576876571623, -2.57360700425977, 0.0 ] ] ] ] } },
{ "type": "Feature", "properties": { "OBJECTID": 4280, "WADMPR": "Sulawesi Selatan", "WADMKK": "Kab. Luwu Utara", "WADMKC": "Kec. Mappedeceng", "WADMKD": "Desa Mappedeceng", "POKTAN": "Gapoktan Tomammesa", "K_POKTAN": "Kasum .T", "P_SID": "Universitas Negeri Makassar", "NO_HP_1": "0877-7049-7988", "NAMA_PEMIL": "Pemerintah Desa", "N_PETAK": "MDB134", "LUAS_HA": 0.50027785406000003, "PAKET": "Paket Sulawesi Selatan 9" }, "geometry": { "type": "MultiPolygon", "coordinates": [ [ [ [ 120.360027644660136, -2.573671398416252, 0.0 ], [ 120.359812993574906, -2.573666032161611, 0.0 ], [ 120.359576876571623, -2.57360700425977, 0.0 ], [ 120.359362225486393, -2.572861090366985, 0.0 ], [ 120.359839824848109, -2.5727215677461, 0.0 ], [ 120.360027644660136, -2.573671398416252, 0.0 ] ] ] ] } },
{ "type": "Feature", "properties": { "OBJECTID": 4281, "WADMPR": "Sulawesi Selatan", "WADMKK": "Kab. Luwu Utara", "WADMKC": "Kec. Mappedeceng", "WADMKD": "Desa Mappedeceng", "POKTAN": "Gapoktan Tomammesa", "K_POKTAN": "Kasum .T", "P_SID": "Universitas Negeri Makassar", "NO_HP_1": "0877-7049-7988", "NAMA_PEMIL": "Pemerintah Desa", "N_PETAK": "MDB135", "LUAS_HA": 0.574198371, "PAKET": "Paket Sulawesi Selatan 9" }, "geometry": { "type": "MultiPolygon", "coordinates": [ [ [ [ 120.360537440650432, -2.573671398416252, 0.0 ], [ 120.360027644660136, -2.573671398416252, 0.0 ], [ 120.359839824848109, -2.5727215677461, 0.0 ], [ 120.360242295745365, -2.572624974263078, 0.0 ], [ 120.360537440650432, -2.573671398416252, 0.0 ] ] ] ] } },
{ "type": "Feature", "properties": { "OBJECTID": 4282, "WADMPR": "Sulawesi Selatan", "WADMKK": "Kab. Luwu Utara", "WADMKC": "Kec. Mappedeceng", "WADMKD": "Desa Mappedeceng", "POKTAN": "Gapoktan Tomammesa", "K_POKTAN": "Kasum .T", "P_SID": "Universitas Negeri Makassar", "NO_HP_1": "0877-7049-7988", "NAMA_PEMIL": "Pemerintah Desa", "N_PETAK": "MDB136", "LUAS_HA": 0.56030043369000004, "PAKET": "Paket Sulawesi Selatan 9" }, "geometry": { "type": "MultiPolygon", "coordinates": [ [ [ [ 120.360773557653602, -2.5727430318654, 0.0 ], [ 120.360988208738945, -2.573553339914668, 0.0 ], [ 120.360537440650432, -2.573671398416252, 0.0 ], [ 120.360242295745365, -2.572624974263078, 0.0 ], [ 120.36046767933999, -2.572555212053373, 0.0 ], [ 120.360607202860137, -2.572850357857703, 0.0 ], [ 120.360773557653602, -2.5727430318654, 0.0 ] ] ] ] } },
{ "type": "Feature", "properties": { "OBJECTID": 4283, "WADMPR": "Sulawesi Selatan", "WADMKK": "Kab. Luwu Utara", "WADMKC": "Kec. Mappedeceng", "WADMKD": "Desa Mappedeceng", "POKTAN": "Gapoktan Tomammesa", "K_POKTAN": "Kasum .T", "P_SID": "Universitas Negeri Makassar", "NO_HP_1": "0877-7049-7988", "NAMA_PEMIL": "Pemerintah Desa", "N_PETAK": "MDB137", "LUAS_HA": 0.51608835297, "PAKET": "Paket Sulawesi Selatan 9" }, "geometry": { "type": "MultiPolygon", "coordinates": [ [ [ [ 120.360988208738945, -2.573553339914668, 0.0 ], [ 120.360773557653602, -2.5727430318654, 0.0 ], [ 120.361396045890842, -2.572732299356062, 0.0 ], [ 120.361396045890842, -2.573547973660027, 0.0 ], [ 120.360988208738945, -2.573553339914668, 0.0 ] ] ] ] } },
{ "type": "Feature", "properties": { "OBJECTID": 4284, "WADMPR": "Sulawesi Selatan", "WADMKK": "Kab. Luwu Utara", "WADMKC": "Kec. Mappedeceng", "WADMKD": "Desa Mappedeceng", "POKTAN": "Gapoktan Tomammesa", "K_POKTAN": "Kasum .T", "P_SID": "Universitas Negeri Makassar", "NO_HP_1": "0877-7049-7988", "NAMA_PEMIL": "Pemerintah Desa", "N_PETAK": "MDB138", "LUAS_HA": 1.39171242563, "PAKET": "Paket Sulawesi Selatan 9" }, "geometry": { "type": "MultiPolygon", "coordinates": [ [ [ [ 120.36095869388862, -2.57469233398399, 0.0 ], [ 120.361154563532295, -2.574998212297601, 0.0 ], [ 120.360784290162883, -2.575038459657151, 0.0 ], [ 120.360687696679975, -2.574845272691107, 0.0 ], [ 120.360228879659076, -2.57504650858948, 0.0 ], [ 120.360121554566149, -2.574995528720649, 0.0 ], [ 120.360363036924696, -2.574743313852821, 0.0 ], [ 120.360223513404435, -2.574713798103232, 0.0 ], [ 120.360059842187979, -2.57374518509215, 0.0 ], [ 120.360540124227441, -2.573703596843472, 0.0 ], [ 120.360980158907296, -2.573605662471323, 0.0 ], [ 120.36109821740888, -2.574048380728129, 0.0 ], [ 120.36095869388862, -2.57469233398399, 0.0 ] ] ] ] } },
{ "type": "Feature", "properties": { "OBJECTID": 4285, "WADMPR": "Sulawesi Selatan", "WADMKK": "Kab. Luwu Utara", "WADMKC": "Kec. Mappedeceng", "WADMKD": "Desa Mappedeceng", "POKTAN": "Gapoktan Tomammesa", "K_POKTAN": "Kasum .T", "P_SID": "Universitas Negeri Makassar", "NO_HP_1": "0877-7049-7988", "NAMA_PEMIL": "Pemerintah Desa", "N_PETAK": "MDB139", "LUAS_HA": 0.66709680028999996, "PAKET": "Paket Sulawesi Selatan 9" }, "geometry": { "type": "MultiPolygon", "coordinates": [ [ [ [ 120.367443844557897, -2.569929760050343, 0.0 ], [ 120.367347251074875, -2.56984926443198, 0.0 ], [ 120.367449210812538, -2.569605100295121, 0.0 ], [ 120.367119184802618, -2.569377033123544, 0.0 ], [ 120.367140649821181, -2.569240192281029, 0.0 ], [ 120.366869652612422, -2.568998709922482, 0.0 ], [ 120.366528894093221, -2.569020174941102, 0.0 ], [ 120.366542309280248, -2.568923582357399, 0.0 ], [ 120.36727346529824, -2.568914191636566, 0.0 ], [ 120.36732712784476, -2.569175796325908, 0.0 ], [ 120.367490799960478, -2.569406547074436, 0.0 ], [ 120.367666545474776, -2.569542045229184, 0.0 ], [ 120.367999255061591, -2.56967083713937, 0.0 ], [ 120.367878512982998, -2.570198073682093, 0.0 ], [ 120.367467993153468, -2.570128311472331, 0.0 ], [ 120.367443844557897, -2.569929760050343, 0.0 ] ] ] ] } },
{ "type": "Feature", "properties": { "OBJECTID": 4286, "WADMPR": "Sulawesi Selatan", "WADMKK": "Kab. Luwu Utara", "WADMKC": "Kec. Mappedeceng", "WADMKD": "Desa Mappedeceng", "POKTAN": "Gapoktan Tomammesa", "K_POKTAN": "Kasum .T", "P_SID": "Universitas Negeri Makassar", "NO_HP_1": "0877-7049-7988", "NAMA_PEMIL": "Pemerintah Desa", "N_PETAK": "MDB140", "LUAS_HA": 0.979420531, "PAKET": "Paket Sulawesi Selatan 9" }, "geometry": { "type": "MultiPolygon", "coordinates": [ [ [ [ 120.367443844557897, -2.569929760050343, 0.0 ], [ 120.367384815756736, -2.570015620124707, 0.0 ], [ 120.36719699594471, -2.569986106173815, 0.0 ], [ 120.367038690083518, -2.569825116735728, 0.0 ], [ 120.366322291940264, -2.569988787952127, 0.0 ], [ 120.366257896884463, -2.569661445519273, 0.0 ], [ 120.366528894093221, -2.569020174941102, 0.0 ], [ 120.366869652612422, -2.568998709922482, 0.0 ], [ 120.367140649821181, -2.569240192281029, 0.0 ], [ 120.367119184802618, -2.569377033123544, 0.0 ], [ 120.367449210812538, -2.569605100295121, 0.0 ], [ 120.367347251074875, -2.56984926443198, 0.0 ], [ 120.367443844557897, -2.569929760050343, 0.0 ] ] ] ] } },
{ "type": "Feature", "properties": { "OBJECTID": 4287, "WADMPR": "Sulawesi Selatan", "WADMKK": "Kab. Luwu Utara", "WADMKC": "Kec. Mappedeceng", "WADMKD": "Desa Mappedeceng", "POKTAN": "Gapoktan Tomammesa", "K_POKTAN": "Kasum .T", "P_SID": "Universitas Negeri Makassar", "NO_HP_1": "0877-7049-7988", "NAMA_PEMIL": "Pemerintah Desa", "N_PETAK": "MDB141", "LUAS_HA": 0.37252897107, "PAKET": "Paket Sulawesi Selatan 9" }, "geometry": { "type": "MultiPolygon", "coordinates": [ [ [ [ 120.36691526622667, -2.571526899346907, 0.0 ], [ 120.366860261891588, -2.571716730942342, 0.0 ], [ 120.366441691331033, -2.5716791671598, 0.0 ], [ 120.366605363446865, -2.571190836188066, 0.0 ], [ 120.366613412379138, -2.570952035607888, 0.0 ], [ 120.367064180467651, -2.571011064409049, 0.0 ], [ 120.36691526622667, -2.571526899346907, 0.0 ] ] ] ] } },
{ "type": "Feature", "properties": { "OBJECTID": 4288, "WADMPR": "Sulawesi Selatan", "WADMKK": "Kab. Luwu Utara", "WADMKC": "Kec. Mappedeceng", "WADMKD": "Desa Mappedeceng", "POKTAN": "Gapoktan Tomammesa", "K_POKTAN": "Kasum .T", "P_SID": "Universitas Negeri Makassar", "NO_HP_1": "0877-7049-7988", "NAMA_PEMIL": "Pemerintah Desa", "N_PETAK": "MDB142", "LUAS_HA": 0.42653761355999997, "PAKET": "Paket Sulawesi Selatan 9" }, "geometry": { "type": "MultiPolygon", "coordinates": [ [ [ [ 120.367347921969099, -2.571948822580055, 0.0 ], [ 120.366908558183468, -2.572027974611274, 0.0 ], [ 120.366860261891588, -2.571716730942342, 0.0 ], [ 120.36691526622667, -2.571526899346907, 0.0 ], [ 120.367627639903731, -2.571437683901934, 0.0 ], [ 120.367584709866492, -2.571904551653688, 0.0 ], [ 120.367347921969099, -2.571948822580055, 0.0 ] ] ] ] } },
{ "type": "Feature", "properties": { "OBJECTID": 4289, "WADMPR": "Sulawesi Selatan", "WADMKK": "Kab. Luwu Utara", "WADMKC": "Kec. Mappedeceng", "WADMKD": "Desa Mappedeceng", "POKTAN": "Gapoktan Tomammesa", "K_POKTAN": "Kasum .T", "P_SID": "Universitas Negeri Makassar", "NO_HP_1": "0877-7049-7988", "NAMA_PEMIL": "Pemerintah Desa", "N_PETAK": "MDB143", "LUAS_HA": 0.3925291929, "PAKET": "Paket Sulawesi Selatan 9" }, "geometry": { "type": "MultiPolygon", "coordinates": [ [ [ [ 120.366908558183468, -2.572027974611274, 0.0 ], [ 120.367347921969099, -2.571948822580055, 0.0 ], [ 120.367369386987662, -2.572179573328583, 0.0 ], [ 120.367573306462987, -2.57215810831002, 0.0 ], [ 120.367573306462987, -2.572533747934074, 0.0 ], [ 120.367012529704539, -2.572598142090555, 0.0 ], [ 120.366908558183468, -2.572027974611274, 0.0 ] ] ] ] } },
{ "type": "Feature", "properties": { "OBJECTID": 4290, "WADMPR": "Sulawesi Selatan", "WADMKK": "Kab. Luwu Utara", "WADMKC": "Kec. Mappedeceng", "WADMKD": "Desa Mappedeceng", "POKTAN": "Gapoktan Tomammesa", "K_POKTAN": "Kasum .T", "P_SID": "Universitas Negeri Makassar", "NO_HP_1": "0877-7049-7988", "NAMA_PEMIL": "Pemerintah Desa", "N_PETAK": "MDB144", "LUAS_HA": 0.94503862922000004, "PAKET": "Paket Sulawesi Selatan 9" }, "geometry": { "type": "MultiPolygon", "coordinates": [ [ [ [ 120.367430428471607, -2.573941390182938, 0.0 ], [ 120.366692565309677, -2.573919924265056, 0.0 ], [ 120.366703968713296, -2.572713182467339, 0.0 ], [ 120.36714400339315, -2.572670252430157, 0.0 ], [ 120.367176200920994, -2.572831240968924, 0.0 ], [ 120.367243279553804, -2.572828557391972, 0.0 ], [ 120.367275477081648, -2.573231028289285, 0.0 ], [ 120.367337189459818, -2.573228345611597, 0.0 ], [ 120.367430428471607, -2.573941390182938, 0.0 ] ] ] ] } },
{ "type": "Feature", "properties": { "OBJECTID": 4291, "WADMPR": "Sulawesi Selatan", "WADMKK": "Kab. Luwu Utara", "WADMKC": "Kec. Mappedeceng", "WADMKD": "Desa Mappedeceng", "POKTAN": "Gapoktan Tomammesa", "K_POKTAN": "Kasum .T", "P_SID": "Universitas Negeri Makassar", "NO_HP_1": "0877-7049-7988", "NAMA_PEMIL": "Pemerintah Desa", "N_PETAK": "MDB145", "LUAS_HA": 0.41715670661999998, "PAKET": "Paket Sulawesi Selatan 9" }, "geometry": { "type": "MultiPolygon", "coordinates": [ [ [ [ 120.368572775213465, -2.572514629246712, 0.0 ], [ 120.368031452589548, -2.572506581213702, 0.0 ], [ 120.367698072108396, -2.572501214059741, 0.0 ], [ 120.367687339599115, -2.572316077824667, 0.0 ], [ 120.368011999354394, -2.572302662637696, 0.0 ], [ 120.367990534335718, -2.572002149679406, 0.0 ], [ 120.368578142367483, -2.572045080615908, 0.0 ], [ 120.368572775213465, -2.572514629246712, 0.0 ] ] ] ] } },
{ "type": "Feature", "properties": { "OBJECTID": 4292, "WADMPR": "Sulawesi Selatan", "WADMKK": "Kab. Luwu Utara", "WADMKC": "Kec. Mappedeceng", "WADMKD": "Desa Mappedeceng", "POKTAN": "Gapoktan Tomammesa", "K_POKTAN": "Kasum .T", "P_SID": "Universitas Negeri Makassar", "NO_HP_1": "0877-7049-7988", "NAMA_PEMIL": "Pemerintah Desa", "N_PETAK": "MDB146", "LUAS_HA": 0.69804493034000004, "PAKET": "Paket Sulawesi Selatan 9" }, "geometry": { "type": "MultiPolygon", "coordinates": [ [ [ [ 120.368572775213465, -2.572514629246712, 0.0 ], [ 120.368567409858088, -2.573354452146191, 0.0 ], [ 120.367716854449327, -2.573365185554849, 0.0 ], [ 120.367700755685405, -2.573064674395141, 0.0 ], [ 120.367990534335718, -2.573043209376578, 0.0 ], [ 120.368031452589548, -2.572506581213702, 0.0 ], [ 120.368572775213465, -2.572514629246712, 0.0 ] ] ] ] } },
{ "type": "Feature", "properties": { "OBJECTID": 4293, "WADMPR": "Sulawesi Selatan", "WADMKK": "Kab. Luwu Utara", "WADMKC": "Kec. Mappedeceng", "WADMKD": "Desa Mappedeceng", "POKTAN": "Gapoktan Tomammesa", "K_POKTAN": "Kasum .T", "P_SID": "Universitas Negeri Makassar", "NO_HP_1": "0877-7049-7988", "NAMA_PEMIL": "Pemerintah Desa", "N_PETAK": "MDB147", "LUAS_HA": 0.23750174249, "PAKET": "Paket Sulawesi Selatan 9" }, "geometry": { "type": "MultiPolygon", "coordinates": [ [ [ [ 120.367716854449327, -2.573365185554849, 0.0 ], [ 120.368567409858088, -2.573354452146191, 0.0 ], [ 120.368551981988389, -2.57355099268409, 0.0 ], [ 120.368584179516347, -2.573682467272022, 0.0 ], [ 120.368138777682475, -2.573722713732195, 0.0 ], [ 120.368106580154631, -2.573459765455766, 0.0 ], [ 120.367730940530578, -2.573467816186735, 0.0 ], [ 120.367716854449327, -2.573365185554849, 0.0 ] ] ] ] } },
{ "type": "Feature", "properties": { "OBJECTID": 4294, "WADMPR": "Sulawesi Selatan", "WADMKK": "Kab. Luwu Utara", "WADMKC": "Kec. Mappedeceng", "WADMKD": "Desa Mappedeceng", "POKTAN": "Gapoktan Tomammesa", "K_POKTAN": "Kasum .T", "P_SID": "Universitas Negeri Makassar", "NO_HP_1": "0877-7049-7988", "NAMA_PEMIL": "Pemerintah Desa", "N_PETAK": "MDB148", "LUAS_HA": 1.44402842023, "PAKET": "Paket Sulawesi Selatan 9" }, "geometry": { "type": "MultiPolygon", "coordinates": [ [ [ [ 120.368291717289026, -2.575721653931112, 0.0 ], [ 120.368989333091349, -2.575501636591184, 0.0 ], [ 120.368723702137231, -2.574732916790651, 0.0 ], [ 120.36867808942236, -2.574605466668913, 0.0 ], [ 120.36887395816666, -2.574535706257791, 0.0 ], [ 120.369542060018148, -2.57659099168086, 0.0 ], [ 120.368619059721937, -2.576639287073419, 0.0 ], [ 120.368291717289026, -2.575721653931112, 0.0 ] ] ] ] } },
{ "type": "Feature", "properties": { "OBJECTID": 4295, "WADMPR": "Sulawesi Selatan", "WADMKK": "Kab. Luwu Utara", "WADMKC": "Kec. Mappedeceng", "WADMKD": "Desa Mappedeceng", "POKTAN": "Gapoktan Tomammesa", "K_POKTAN": "Kasum .T", "P_SID": "Universitas Negeri Makassar", "NO_HP_1": "0877-7049-7988", "NAMA_PEMIL": "Pemerintah Desa", "N_PETAK": "MDB149", "LUAS_HA": 0.84594598317000003, "PAKET": "Paket Sulawesi Selatan 9" }, "geometry": { "type": "MultiPolygon", "coordinates": [ [ [ [ 120.368723702137231, -2.574732916790651, 0.0 ], [ 120.368989333091349, -2.575501636591184, 0.0 ], [ 120.368291717289026, -2.575721653931112, 0.0 ], [ 120.36798047272066, -2.574707426406576, 0.0 ], [ 120.36838294361803, -2.574573270040332, 0.0 ], [ 120.368441971519815, -2.57482011865352, 0.0 ], [ 120.368723702137231, -2.574732916790651, 0.0 ] ] ] ] } },
{ "type": "Feature", "properties": { "OBJECTID": 4296, "WADMPR": "Sulawesi Selatan", "WADMKK": "Kab. Luwu Utara", "WADMKC": "Kec. Mappedeceng", "WADMKD": "Desa Mappedeceng", "POKTAN": "Gapoktan Tomammesa", "K_POKTAN": "Kasum .T", "P_SID": "Universitas Negeri Makassar", "NO_HP_1": "0877-7049-7988", "NAMA_PEMIL": "Pemerintah Desa", "N_PETAK": "MDB150", "LUAS_HA": 0.12515116257, "PAKET": "Paket Sulawesi Selatan 9" }, "geometry": { "type": "MultiPolygon", "coordinates": [ [ [ [ 120.36887395816666, -2.574535706257791, 0.0 ], [ 120.36867808942236, -2.574605466668913, 0.0 ], [ 120.368723702137231, -2.574732916790651, 0.0 ], [ 120.368441971519815, -2.57482011865352, 0.0 ], [ 120.36838294361803, -2.574573270040332, 0.0 ], [ 120.368822979197148, -2.574405573458421, 0.0 ], [ 120.36887395816666, -2.574535706257791, 0.0 ] ] ] ] } },
{ "type": "Feature", "properties": { "OBJECTID": 4297, "WADMPR": "Sulawesi Selatan", "WADMKK": "Kab. Luwu Utara", "WADMKC": "Kec. Mappedeceng", "WADMKD": "Desa Mappedeceng", "POKTAN": "Gapoktan Tomammesa", "K_POKTAN": "Kasum .T", "P_SID": "Universitas Negeri Makassar", "NO_HP_1": "0877-7049-7988", "NAMA_PEMIL": "Pemerintah Desa", "N_PETAK": "MDB151", "LUAS_HA": 0.49141399834, "PAKET": "Paket Sulawesi Selatan 9" }, "geometry": { "type": "MultiPolygon", "coordinates": [ [ [ [ 120.367430428471607, -2.573941390182938, 0.0 ], [ 120.36768532691633, -2.573954806269228, 0.0 ], [ 120.367771187890071, -2.574437770986322, 0.0 ], [ 120.367387498434368, -2.574451186173235, 0.0 ], [ 120.367119184802618, -2.574193605050766, 0.0 ], [ 120.366941426605649, -2.574194275945047, 0.0 ], [ 120.366821356320656, -2.574193605050766, 0.0 ], [ 120.36684013776221, -2.574290197634468, 0.0 ], [ 120.366743545178565, -2.574284831379828, 0.0 ], [ 120.366657684204824, -2.574016517748021, 0.0 ], [ 120.366692565309677, -2.573919924265056, 0.0 ], [ 120.367430428471607, -2.573941390182938, 0.0 ] ] ] ] } },
{ "type": "Feature", "properties": { "OBJECTID": 4298, "WADMPR": "Sulawesi Selatan", "WADMKK": "Kab. Luwu Utara", "WADMKC": "Kec. Mappedeceng", "WADMKD": "Desa Mappedeceng", "POKTAN": "Gapoktan Tomammesa", "K_POKTAN": "Kasum .T", "P_SID": "Universitas Negeri Makassar", "NO_HP_1": "0877-7049-7988", "NAMA_PEMIL": "Pemerintah Desa", "N_PETAK": "MDB152", "LUAS_HA": 0.10984884572, "PAKET": "Paket Sulawesi Selatan 9" }, "geometry": { "type": "MultiPolygon", "coordinates": [ [ [ [ 120.366941426605649, -2.574194275945047, 0.0 ], [ 120.366971611450822, -2.574724866959002, 0.0 ], [ 120.366837455084578, -2.574791944692436, 0.0 ], [ 120.366751594110838, -2.574708768195023, 0.0 ], [ 120.36684013776221, -2.574290197634468, 0.0 ], [ 120.366821356320656, -2.574193605050766, 0.0 ], [ 120.366941426605649, -2.574194275945047, 0.0 ] ] ] ] } },
{ "type": "Feature", "properties": { "OBJECTID": 4299, "WADMPR": "Sulawesi Selatan", "WADMKK": "Kab. Luwu Utara", "WADMKC": "Kec. Mappedeceng", "WADMKD": "Desa Mappedeceng", "POKTAN": "Gapoktan Tomammesa", "K_POKTAN": "Kasum .T", "P_SID": "Universitas Negeri Makassar", "NO_HP_1": "0877-7049-7988", "NAMA_PEMIL": "Pemerintah Desa", "N_PETAK": "MDB153", "LUAS_HA": 0.37998821593999998, "PAKET": "Paket Sulawesi Selatan 9" }, "geometry": { "type": "MultiPolygon", "coordinates": [ [ [ [ 120.367387498434368, -2.574451186173235, 0.0 ], [ 120.367400243626435, -2.574915369448718, 0.0 ], [ 120.367402926304067, -2.575020682758236, 0.0 ], [ 120.367062167784866, -2.575023366335245, 0.0 ], [ 120.366971611450822, -2.574724866959002, 0.0 ], [ 120.366941426605649, -2.574194275945047, 0.0 ], [ 120.367119184802618, -2.574193605050766, 0.0 ], [ 120.367387498434368, -2.574451186173235, 0.0 ] ] ] ] } },
{ "type": "Feature", "properties": { "OBJECTID": 4300, "WADMPR": "Sulawesi Selatan", "WADMKK": "Kab. Luwu Utara", "WADMKC": "Kec. Mappedeceng", "WADMKD": "Desa Mappedeceng", "POKTAN": "Gapoktan Tomammesa", "K_POKTAN": "Kasum .T", "P_SID": "Universitas Negeri Makassar", "NO_HP_1": "0877-7049-7988", "NAMA_PEMIL": "Pemerintah Desa", "N_PETAK": "MDB154", "LUAS_HA": 0.30821301825000003, "PAKET": "Paket Sulawesi Selatan 9" }, "geometry": { "type": "MultiPolygon", "coordinates": [ [ [ [ 120.367678619772505, -2.575015988297196, 0.0 ], [ 120.367553182333609, -2.575060931017106, 0.0 ], [ 120.367400243626435, -2.574915369448718, 0.0 ], [ 120.367387498434368, -2.574451186173235, 0.0 ], [ 120.367771187890071, -2.574437770986322, 0.0 ], [ 120.367912723193626, -2.574932140006183, 0.0 ], [ 120.367678619772505, -2.575015988297196, 0.0 ] ] ] ] } },
{ "type": "Feature", "properties": { "OBJECTID": 4301, "WADMPR": "Sulawesi Selatan", "WADMKK": "Kab. Luwu Utara", "WADMKC": "Kec. Mappedeceng", "WADMKD": "Desa Mappedeceng", "POKTAN": "Gapoktan Tomammesa", "K_POKTAN": "Kasum .T", "P_SID": "Universitas Negeri Makassar", "NO_HP_1": "0877-7049-7988", "NAMA_PEMIL": "Pemerintah Desa", "N_PETAK": "MDB155", "LUAS_HA": 0.57185484747000004, "PAKET": "Paket Sulawesi Selatan 9" }, "geometry": { "type": "MultiPolygon", "coordinates": [ [ [ [ 120.367833570263087, -2.575743789843955, 0.0 ], [ 120.367768504313062, -2.575833004389608, 0.0 ], [ 120.367525009271844, -2.576159675928238, 0.0 ], [ 120.367235230621418, -2.575998688288792, 0.0 ], [ 120.36730499193186, -2.575845749581617, 0.0 ], [ 120.36731840801815, -2.575663296024231, 0.0 ], [ 120.367245963130699, -2.575381565406872, 0.0 ], [ 120.367106439610552, -2.575228626699698, 0.0 ], [ 120.367299625677219, -2.575137400370693, 0.0 ], [ 120.367487445489246, -2.575201794527175, 0.0 ], [ 120.367553182333609, -2.575060931017106, 0.0 ], [ 120.367678619772505, -2.575015988297196, 0.0 ], [ 120.367696730319949, -2.575204479003446, 0.0 ], [ 120.367833570263087, -2.575743789843955, 0.0 ] ] ] ] } },
{ "type": "Feature", "properties": { "OBJECTID": 4302, "WADMPR": "Sulawesi Selatan", "WADMKK": "Kab. Luwu Utara", "WADMKC": "Kec. Mappedeceng", "WADMKD": "Desa Mappedeceng", "POKTAN": "Gapoktan Tomammesa", "K_POKTAN": "Kasum .T", "P_SID": "Universitas Negeri Makassar", "NO_HP_1": "0877-7049-7988", "NAMA_PEMIL": "Pemerintah Desa", "N_PETAK": "MDB156", "LUAS_HA": 0.53332407737999998, "PAKET": "Paket Sulawesi Selatan 9" }, "geometry": { "type": "MultiPolygon", "coordinates": [ [ [ [ 120.368278301202736, -2.576093269089029, 0.0 ], [ 120.368319890350676, -2.576234132599097, 0.0 ], [ 120.368183049508161, -2.5762877969442, 0.0 ], [ 120.368209880781478, -2.576376339696253, 0.0 ], [ 120.368381601829469, -2.576344142168352, 0.0 ], [ 120.368440631530007, -2.576523913048106, 0.0 ], [ 120.368122678918553, -2.576608431333966, 0.0 ], [ 120.367651787599925, -2.576733196979433, 0.0 ], [ 120.367525009271844, -2.576159675928238, 0.0 ], [ 120.367768504313062, -2.575833004389608, 0.0 ], [ 120.367885221026199, -2.5761710793318, 0.0 ], [ 120.368278301202736, -2.576093269089029, 0.0 ] ] ] ] } },
{ "type": "Feature", "properties": { "OBJECTID": 4303, "WADMPR": "Sulawesi Selatan", "WADMKK": "Kab. Luwu Utara", "WADMKC": "Kec. Mappedeceng", "WADMKD": "Desa Mappedeceng", "POKTAN": "Gapoktan Tomammesa", "K_POKTAN": "Kasum .T", "P_SID": "Universitas Negeri Makassar", "NO_HP_1": "0877-7049-7988", "NAMA_PEMIL": "Pemerintah Desa", "N_PETAK": "MDB157", "LUAS_HA": 0.21737483517, "PAKET": "Paket Sulawesi Selatan 9" }, "geometry": { "type": "MultiPolygon", "coordinates": [ [ [ [ 120.368278301202736, -2.576093269089029, 0.0 ], [ 120.367885221026199, -2.5761710793318, 0.0 ], [ 120.367768504313062, -2.575833004389608, 0.0 ], [ 120.367833570263087, -2.575743789843955, 0.0 ], [ 120.368165608955792, -2.575669332273833, 0.0 ], [ 120.368278301202736, -2.576093269089029, 0.0 ] ] ] ] } },
{ "type": "Feature", "properties": { "OBJECTID": 4304, "WADMPR": "Sulawesi Selatan", "WADMKK": "Kab. Luwu Utara", "WADMKC": "Kec. Mappedeceng", "WADMKD": "Desa Mappedeceng", "POKTAN": "Gapoktan Tomammesa", "K_POKTAN": "Kasum .T", "P_SID": "Universitas Negeri Makassar", "NO_HP_1": "0877-7049-7988", "NAMA_PEMIL": "Pemerintah Desa", "N_PETAK": "MDB158", "LUAS_HA": 0.17154250097000001, "PAKET": "Paket Sulawesi Selatan 9" }, "geometry": { "type": "MultiPolygon", "coordinates": [ [ [ [ 120.369190568989666, -2.576986754535028, 0.0 ], [ 120.368758583242084, -2.577024318317569, 0.0 ], [ 120.368670039590711, -2.57671575642695, 0.0 ], [ 120.369118124102215, -2.576675509966776, 0.0 ], [ 120.369190568989666, -2.576986754535028, 0.0 ] ] ] ] } },
{ "type": "Feature", "properties": { "OBJECTID": 4305, "WADMPR": "Sulawesi Selatan", "WADMKK": "Kab. Luwu Utara", "WADMKC": "Kec. Mappedeceng", "WADMKD": "Desa Mappedeceng", "POKTAN": "Gapoktan Tomammesa", "K_POKTAN": "Kasum .T", "P_SID": "Universitas Negeri Makassar", "NO_HP_1": "0877-7049-7988", "NAMA_PEMIL": "Pemerintah Desa", "N_PETAK": "MDB159", "LUAS_HA": 0.17174037008000001, "PAKET": "Paket Sulawesi Selatan 9" }, "geometry": { "type": "MultiPolygon", "coordinates": [ [ [ [ 120.369673534606022, -2.576919675902275, 0.0 ], [ 120.369190568989666, -2.576986754535028, 0.0 ], [ 120.369118124102215, -2.576675509966776, 0.0 ], [ 120.369582307377641, -2.576656057630885, 0.0 ], [ 120.369673534606022, -2.576919675902275, 0.0 ] ] ] ] } },
{ "type": "Feature", "properties": { "OBJECTID": 4306, "WADMPR": "Sulawesi Selatan", "WADMKK": "Kab. Luwu Utara", "WADMKC": "Kec. Mappedeceng", "WADMKD": "Desa Mappedeceng", "POKTAN": "Gapoktan Tomammesa", "K_POKTAN": "Kasum .T", "P_SID": "Universitas Negeri Makassar", "NO_HP_1": "0877-7049-7988", "NAMA_PEMIL": "Pemerintah Desa", "N_PETAK": "MDB160", "LUAS_HA": 0.30908008482, "PAKET": "Paket Sulawesi Selatan 9" }, "geometry": { "type": "MultiPolygon", "coordinates": [ [ [ [ 120.369778177021317, -2.577236286725224, 0.0 ], [ 120.369254964045467, -2.57722152885043, 0.0 ], [ 120.368833711706543, -2.577289948372368, 0.0 ], [ 120.368758583242084, -2.577024318317569, 0.0 ], [ 120.369190568989666, -2.576986754535028, 0.0 ], [ 120.369673534606022, -2.576919675902275, 0.0 ], [ 120.369778177021317, -2.577236286725224, 0.0 ] ] ] ] } },
{ "type": "Feature", "properties": { "OBJECTID": 4307, "WADMPR": "Sulawesi Selatan", "WADMKK": "Kab. Luwu Utara", "WADMKC": "Kec. Mappedeceng", "WADMKD": "Desa Mappedeceng", "POKTAN": "Gapoktan Tomammesa", "K_POKTAN": "Kasum .T", "P_SID": "Universitas Negeri Makassar", "NO_HP_1": "0877-7049-7988", "NAMA_PEMIL": "Pemerintah Desa", "N_PETAK": "MDB161", "LUAS_HA": 0.68214921645000004, "PAKET": "Paket Sulawesi Selatan 9" }, "geometry": { "type": "MultiPolygon", "coordinates": [ [ [ [ 120.369778177021317, -2.577236286725224, 0.0 ], [ 120.370053198696269, -2.578058668172957, 0.0 ], [ 120.369417294372738, -2.578274661946068, 0.0 ], [ 120.369261672088555, -2.577896339644326, 0.0 ], [ 120.36948705568318, -2.577839993520854, 0.0 ], [ 120.369340825019094, -2.577573019878912, 0.0 ], [ 120.369254964045467, -2.57722152885043, 0.0 ], [ 120.369778177021317, -2.577236286725224, 0.0 ] ] ] ] } },
{ "type": "Feature", "properties": { "OBJECTID": 4308, "WADMPR": "Sulawesi Selatan", "WADMKK": "Kab. Luwu Utara", "WADMKC": "Kec. Mappedeceng", "WADMKD": "Desa Mappedeceng", "POKTAN": "Gapoktan Tomammesa", "K_POKTAN": "Kasum .T", "P_SID": "Universitas Negeri Makassar", "NO_HP_1": "0877-7049-7988", "NAMA_PEMIL": "Pemerintah Desa", "N_PETAK": "MDB162", "LUAS_HA": 0.40173512483000001, "PAKET": "Paket Sulawesi Selatan 9" }, "geometry": { "type": "MultiPolygon", "coordinates": [ [ [ [ 120.370214187234978, -2.578502729117588, 0.0 ], [ 120.369593039886922, -2.578746895053143, 0.0 ], [ 120.369417294372738, -2.578274661946068, 0.0 ], [ 120.370053198696269, -2.578058668172957, 0.0 ], [ 120.370214187234978, -2.578502729117588, 0.0 ] ] ] ] } },
{ "type": "Feature", "properties": { "OBJECTID": 4309, "WADMPR": "Sulawesi Selatan", "WADMKK": "Kab. Luwu Utara", "WADMKC": "Kec. Mappedeceng", "WADMKD": "Desa Mappedeceng", "POKTAN": "Gapoktan Tomammesa", "K_POKTAN": "Kasum .T", "P_SID": "Universitas Negeri Makassar", "NO_HP_1": "0877-7049-7988", "NAMA_PEMIL": "Pemerintah Desa", "N_PETAK": "MDB163", "LUAS_HA": 0.27350003409000001, "PAKET": "Paket Sulawesi Selatan 9" }, "geometry": { "type": "MultiPolygon", "coordinates": [ [ [ [ 120.369593039886922, -2.578746895053143, 0.0 ], [ 120.370214187234978, -2.578502729117588, 0.0 ], [ 120.370329562159668, -2.578851537468438, 0.0 ], [ 120.370333586625748, -2.578958862561421, 0.0 ], [ 120.369898918200533, -2.578932031288161, 0.0 ], [ 120.369680241749847, -2.578960203450606, 0.0 ], [ 120.369593039886922, -2.578746895053143, 0.0 ] ] ] ] } },
{ "type": "Feature", "properties": { "OBJECTID": 4310, "WADMPR": "Sulawesi Selatan", "WADMKK": "Kab. Luwu Utara", "WADMKC": "Kec. Mappedeceng", "WADMKD": "Desa Mappedeceng", "POKTAN": "Gapoktan Tomammesa", "K_POKTAN": "Kasum .T", "P_SID": "Universitas Negeri Makassar", "NO_HP_1": "0877-7049-7988", "NAMA_PEMIL": "Pemerintah Desa", "N_PETAK": "MDB164", "LUAS_HA": 0.54643761098, "PAKET": "Paket Sulawesi Selatan 9" }, "geometry": { "type": "MultiPolygon", "coordinates": [ [ [ [ 120.368407092213602, -2.578785129729908, 0.0 ], [ 120.368459412971561, -2.578588588292689, 0.0 ], [ 120.368708945161757, -2.578591272768961, 0.0 ], [ 120.368907497483065, -2.578687864453343, 0.0 ], [ 120.369087268362819, -2.578644934416161, 0.0 ], [ 120.369178494691823, -2.579106435013898, 0.0 ], [ 120.368263544227261, -2.579307670912215, 0.0 ], [ 120.368407092213602, -2.578785129729908, 0.0 ] ] ] ] } },
{ "type": "Feature", "properties": { "OBJECTID": 4311, "WADMPR": "Sulawesi Selatan", "WADMKK": "Kab. Luwu Utara", "WADMKC": "Kec. Mappedeceng", "WADMKD": "Desa Mappedeceng", "POKTAN": "Gapoktan Tomammesa", "K_POKTAN": "Kasum .T", "P_SID": "Universitas Negeri Makassar", "NO_HP_1": "0877-7049-7988", "NAMA_PEMIL": "Pemerintah Desa", "N_PETAK": "MDB165", "LUAS_HA": 0.31706807309000001, "PAKET": "Paket Sulawesi Selatan 9" }, "geometry": { "type": "MultiPolygon", "coordinates": [ [ [ [ 120.368291046394688, -2.577149084862356, 0.0 ], [ 120.36810523836607, -2.577261105315699, 0.0 ], [ 120.367746368400276, -2.577044442447004, 0.0 ], [ 120.367651787599925, -2.576733196979433, 0.0 ], [ 120.368122678918553, -2.576608431333966, 0.0 ], [ 120.368291046394688, -2.577149084862356, 0.0 ] ] ] ] } },
{ "type": "Feature", "properties": { "OBJECTID": 4312, "WADMPR": "Sulawesi Selatan", "WADMKK": "Kab. Luwu Utara", "WADMKC": "Kec. Mappedeceng", "WADMKD": "Desa Mappedeceng", "POKTAN": "Gapoktan Tomammesa", "K_POKTAN": "Kasum .T", "P_SID": "Universitas Negeri Makassar", "NO_HP_1": "0877-7049-7988", "NAMA_PEMIL": "Pemerintah Desa", "N_PETAK": "MDB166", "LUAS_HA": 0.38160015223, "PAKET": "Paket Sulawesi Selatan 9" }, "geometry": { "type": "MultiPolygon", "coordinates": [ [ [ [ 120.368291046394688, -2.577149084862356, 0.0 ], [ 120.368362820387915, -2.577389896326622, 0.0 ], [ 120.368338671792344, -2.577513321082847, 0.0 ], [ 120.368397700593505, -2.57761527992119, 0.0 ], [ 120.367933517318079, -2.577787000069975, 0.0 ], [ 120.367705451045822, -2.577328183049133, 0.0 ], [ 120.367746368400276, -2.577044442447004, 0.0 ], [ 120.36810523836607, -2.577261105315699, 0.0 ], [ 120.368291046394688, -2.577149084862356, 0.0 ] ] ] ] } },
{ "type": "Feature", "properties": { "OBJECTID": 4313, "WADMPR": "Sulawesi Selatan", "WADMKK": "Kab. Luwu Utara", "WADMKC": "Kec. Mappedeceng", "WADMKD": "Desa Mappedeceng", "POKTAN": "Gapoktan Tomammesa", "K_POKTAN": "Kasum .T", "P_SID": "Universitas Negeri Makassar", "NO_HP_1": "0877-7049-7988", "NAMA_PEMIL": "Pemerintah Desa", "N_PETAK": "MDB167", "LUAS_HA": 0.54496044284, "PAKET": "Paket Sulawesi Selatan 9" }, "geometry": { "type": "MultiPolygon", "coordinates": [ [ [ [ 120.368535882325205, -2.577996285799884, 0.0 ], [ 120.367638372413012, -2.578417538138808, 0.0 ], [ 120.367509581402146, -2.57821093778449, 0.0 ], [ 120.367933517318079, -2.577787000069975, 0.0 ], [ 120.368397700593505, -2.57761527992119, 0.0 ], [ 120.36860162006883, -2.577741388254424, 0.0 ], [ 120.368722361248047, -2.577907742148511, 0.0 ], [ 120.368535882325205, -2.577996285799884, 0.0 ] ] ] ] } },
{ "type": "Feature", "properties": { "OBJECTID": 4314, "WADMPR": "Sulawesi Selatan", "WADMKK": "Kab. Luwu Utara", "WADMKC": "Kec. Mappedeceng", "WADMKD": "Desa Mappedeceng", "POKTAN": "Gapoktan Tomammesa", "K_POKTAN": "Kasum .T", "P_SID": "Universitas Negeri Makassar", "NO_HP_1": "0877-7049-7988", "NAMA_PEMIL": "Pemerintah Desa", "N_PETAK": "MDB168", "LUAS_HA": 0.3791573102, "PAKET": "Paket Sulawesi Selatan 9" }, "geometry": { "type": "MultiPolygon", "coordinates": [ [ [ [ 120.368459412971561, -2.578588588292689, 0.0 ], [ 120.368407092213602, -2.578785129729908, 0.0 ], [ 120.367638372413012, -2.578417538138808, 0.0 ], [ 120.368535882325205, -2.577996285799884, 0.0 ], [ 120.368594912025628, -2.578129101276943, 0.0 ], [ 120.368479537101052, -2.578188130977423, 0.0 ], [ 120.368335989114712, -2.578404122951838, 0.0 ], [ 120.368459412971561, -2.578588588292689, 0.0 ] ] ] ] } },
{ "type": "Feature", "properties": { "OBJECTID": 4315, "WADMPR": "Sulawesi Selatan", "WADMKK": "Kab. Luwu Utara", "WADMKC": "Kec. Mappedeceng", "WADMKD": "Desa Mappedeceng", "POKTAN": "Gapoktan Tomammesa", "K_POKTAN": "Kasum .T", "P_SID": "Universitas Negeri Makassar", "NO_HP_1": "0877-7049-7988", "NAMA_PEMIL": "Pemerintah Desa", "N_PETAK": "MDB169", "LUAS_HA": 0.43757955152, "PAKET": "Paket Sulawesi Selatan 9" }, "geometry": { "type": "MultiPolygon", "coordinates": [ [ [ [ 120.370420788488673, -2.579769842404232, 0.0 ], [ 120.369862695307233, -2.579718862535458, 0.0 ], [ 120.369913675176008, -2.579013196901485, 0.0 ], [ 120.370353710755239, -2.579048077107018, 0.0 ], [ 120.370420788488673, -2.579769842404232, 0.0 ] ] ] ] } },
{ "type": "Feature", "properties": { "OBJECTID": 4316, "WADMPR": "Sulawesi Selatan", "WADMKK": "Kab. Luwu Utara", "WADMKC": "Kec. Mappedeceng", "WADMKD": "Desa Mappedeceng", "POKTAN": "Gapoktan Tomammesa", "K_POKTAN": "Kasum .T", "P_SID": "Universitas Negeri Makassar", "NO_HP_1": "0877-7049-7988", "NAMA_PEMIL": "Pemerintah Desa", "N_PETAK": "MDB170", "LUAS_HA": 0.74234303081999997, "PAKET": "Paket Sulawesi Selatan 9" }, "geometry": { "type": "MultiPolygon", "coordinates": [ [ [ [ 120.370420788488673, -2.579769842404232, 0.0 ], [ 120.370512015717054, -2.580803522264716, 0.0 ], [ 120.369862695307233, -2.580864563748548, 0.0 ], [ 120.369851962797952, -2.580443310510304, 0.0 ], [ 120.370219553489619, -2.580421844592422, 0.0 ], [ 120.370216869912724, -2.580268904985928, 0.0 ], [ 120.369862695307233, -2.580276955716897, 0.0 ], [ 120.369862695307233, -2.579718862535458, 0.0 ], [ 120.370420788488673, -2.579769842404232, 0.0 ] ] ] ] } },
{ "type": "Feature", "properties": { "OBJECTID": 4317, "WADMPR": "Sulawesi Selatan", "WADMKK": "Kab. Luwu Utara", "WADMKC": "Kec. Mappedeceng", "WADMKD": "Desa Mappedeceng", "POKTAN": "Gapoktan Tomammesa", "K_POKTAN": "Kasum .T", "P_SID": "Universitas Negeri Makassar", "NO_HP_1": "0877-7049-7988", "NAMA_PEMIL": "Pemerintah Desa", "N_PETAK": "MDB171", "LUAS_HA": 1.37284958767, "PAKET": "Paket Sulawesi Selatan 9" }, "geometry": { "type": "MultiPolygon", "coordinates": [ [ [ [ 120.370285290333982, -2.583140536506505, 0.0 ], [ 120.37027623506026, -2.582728674888415, 0.0 ], [ 120.3702745578247, -2.582689769317369, 0.0 ], [ 120.370279924079341, -2.582222902464935, 0.0 ], [ 120.369861354418049, -2.581058420709496, 0.0 ], [ 120.369862695307233, -2.580864563748548, 0.0 ], [ 120.370512015717054, -2.580803522264716, 0.0 ], [ 120.370725325013836, -2.583081507705344, 0.0 ], [ 120.370285290333982, -2.583140536506505, 0.0 ] ] ] ] } },
{ "type": "Feature", "properties": { "OBJECTID": 4318, "WADMPR": "Sulawesi Selatan", "WADMKK": "Kab. Luwu Utara", "WADMKC": "Kec. Mappedeceng", "WADMKD": "Desa Mappedeceng", "POKTAN": "Gapoktan Tomammesa", "K_POKTAN": "Kasum .T", "P_SID": "Universitas Negeri Makassar", "NO_HP_1": "0877-7049-7988", "NAMA_PEMIL": "Pemerintah Desa", "N_PETAK": "MDB172", "LUAS_HA": 1.6096604622599999, "PAKET": "Paket Sulawesi Selatan 9" }, "geometry": { "type": "MultiPolygon", "coordinates": [ [ [ [ 120.37027623506026, -2.582728674888415, 0.0 ], [ 120.369917699642201, -2.582931252575179, 0.0 ], [ 120.369391804887982, -2.582880272706348, 0.0 ], [ 120.369430710459028, -2.582477801809034, 0.0 ], [ 120.369421318838818, -2.581069153218778, 0.0 ], [ 120.369861354418049, -2.581058420709496, 0.0 ], [ 120.370279924079341, -2.582222902464935, 0.0 ], [ 120.3702745578247, -2.582689769317369, 0.0 ], [ 120.37027623506026, -2.582728674888415, 0.0 ] ] ] ] } },
{ "type": "Feature", "properties": { "OBJECTID": 4319, "WADMPR": "Sulawesi Selatan", "WADMKK": "Kab. Luwu Utara", "WADMKC": "Kec. Mappedeceng", "WADMKD": "Desa Mappedeceng", "POKTAN": "Gapoktan Tomammesa", "K_POKTAN": "Kasum .T", "P_SID": "Universitas Negeri Makassar", "NO_HP_1": "0877-7049-7988", "NAMA_PEMIL": "Pemerintah Desa", "N_PETAK": "MDB173", "LUAS_HA": 0.31610889374000001, "PAKET": "Paket Sulawesi Selatan 9" }, "geometry": { "type": "MultiPolygon", "coordinates": [ [ [ [ 120.370285290333982, -2.583140536506505, 0.0 ], [ 120.369613498564149, -2.583222373014053, 0.0 ], [ 120.369624231972807, -2.583096264680819, 0.0 ], [ 120.369372016205602, -2.58310699808942, 0.0 ], [ 120.369391804887982, -2.582880272706348, 0.0 ], [ 120.369917699642201, -2.582931252575179, 0.0 ], [ 120.37027623506026, -2.582728674888415, 0.0 ], [ 120.370285290333982, -2.583140536506505, 0.0 ] ] ] ] } },
{ "type": "Feature", "properties": { "OBJECTID": 4320, "WADMPR": "Sulawesi Selatan", "WADMKK": "Kab. Luwu Utara", "WADMKC": "Kec. Mappedeceng", "WADMKD": "Desa Mappedeceng", "POKTAN": "Gapoktan Tomammesa", "K_POKTAN": "Kasum .T", "P_SID": "Universitas Negeri Makassar", "NO_HP_1": "0877-7049-7988", "NAMA_PEMIL": "Pemerintah Desa", "N_PETAK": "MDB174", "LUAS_HA": 0.35256500158999998, "PAKET": "Paket Sulawesi Selatan 9" }, "geometry": { "type": "MultiPolygon", "coordinates": [ [ [ [ 120.370295016501927, -2.583530934005353, 0.0 ], [ 120.369372016205602, -2.583579230297175, 0.0 ], [ 120.369382748714997, -2.583289450747486, 0.0 ], [ 120.370286967569541, -2.583192857264521, 0.0 ], [ 120.370295016501927, -2.583530934005353, 0.0 ] ] ] ] } },
{ "type": "Feature", "properties": { "OBJECTID": 4321, "WADMPR": "Sulawesi Selatan", "WADMKK": "Kab. Luwu Utara", "WADMKC": "Kec. Mappedeceng", "WADMKD": "Desa Mappedeceng", "POKTAN": "Gapoktan Tomammesa", "K_POKTAN": "Kasum .T", "P_SID": "Universitas Negeri Makassar", "NO_HP_1": "0877-7049-7988", "NAMA_PEMIL": "Pemerintah Desa", "N_PETAK": "MDB175", "LUAS_HA": 0.15046118496, "PAKET": "Paket Sulawesi Selatan 9" }, "geometry": { "type": "MultiPolygon", "coordinates": [ [ [ [ 120.370293674713366, -2.583695947010312, 0.0 ], [ 120.36995492887695, -2.583677835563606, 0.0 ], [ 120.369472634154818, -2.583697287899497, 0.0 ], [ 120.369372016205602, -2.583685884495935, 0.0 ], [ 120.369372016205602, -2.583579230297175, 0.0 ], [ 120.370295016501927, -2.583530934005353, 0.0 ], [ 120.370293674713366, -2.583695947010312, 0.0 ] ] ] ] } },
{ "type": "Feature", "properties": { "OBJECTID": 4322, "WADMPR": "Sulawesi Selatan", "WADMKK": "Kab. Luwu Utara", "WADMKC": "Kec. Mappedeceng", "WADMKD": "Desa Mappedeceng", "POKTAN": "Gapoktan Tomammesa", "K_POKTAN": "Kasum .T", "P_SID": "Universitas Negeri Makassar", "NO_HP_1": "0877-7049-7988", "NAMA_PEMIL": "Pemerintah Desa", "N_PETAK": "MDB176", "LUAS_HA": 0.42771918782000001, "PAKET": "Paket Sulawesi Selatan 9" }, "geometry": { "type": "MultiPolygon", "coordinates": [ [ [ [ 120.370293674713366, -2.583695947010312, 0.0 ], [ 120.370295016501927, -2.583530934005353, 0.0 ], [ 120.370286967569541, -2.583192857264521, 0.0 ], [ 120.370737063864453, -2.58314724454965, 0.0 ], [ 120.370801459819631, -2.583903890951774, 0.0 ], [ 120.370455334146413, -2.583922672393385, 0.0 ], [ 120.370326543135548, -2.583855593760575, 0.0 ], [ 120.370293674713366, -2.583695947010312, 0.0 ] ] ] ] } },
{ "type": "Feature", "properties": { "OBJECTID": 4323, "WADMPR": "Sulawesi Selatan", "WADMKK": "Kab. Luwu Utara", "WADMKC": "Kec. Mappedeceng", "WADMKD": "Desa Mappedeceng", "POKTAN": "Gapoktan Tomammesa", "K_POKTAN": "Kasum .T", "P_SID": "Universitas Negeri Makassar", "NO_HP_1": "0877-7049-7988", "NAMA_PEMIL": "Pemerintah Desa", "N_PETAK": "MDB177", "LUAS_HA": 0.48114489085000001, "PAKET": "Paket Sulawesi Selatan 9" }, "geometry": { "type": "MultiPolygon", "coordinates": [ [ [ [ 120.361914898054124, -2.567010838579279, 0.0 ], [ 120.36133265717649, -2.567432091817523, 0.0 ], [ 120.36130582500391, -2.567335498334558, 0.0 ], [ 120.360935551634498, -2.567228173241574, 0.0 ], [ 120.361324607344841, -2.566750572980538, 0.0 ], [ 120.36158218846731, -2.566616416614295, 0.0 ], [ 120.361914898054124, -2.567010838579279, 0.0 ] ] ] ] } },
{ "type": "Feature", "properties": { "OBJECTID": 4324, "WADMPR": "Sulawesi Selatan", "WADMKK": "Kab. Luwu Utara", "WADMKC": "Kec. Mappedeceng", "WADMKD": "Desa Mappedeceng", "POKTAN": "Gapoktan Tomammesa", "K_POKTAN": "Kasum .T", "P_SID": "Universitas Negeri Makassar", "NO_HP_1": "0877-7049-7988", "NAMA_PEMIL": "Pemerintah Desa", "N_PETAK": "MDB178", "LUAS_HA": 0.53757691846, "PAKET": "Paket Sulawesi Selatan 9" }, "geometry": { "type": "MultiPolygon", "coordinates": [ [ [ [ 120.362188578839891, -2.56703498717485, 0.0 ], [ 120.362180529008242, -2.567778216591364, 0.0 ], [ 120.362038322810463, -2.567823829306235, 0.0 ], [ 120.36133265717649, -2.567432091817523, 0.0 ], [ 120.361914898054124, -2.567010838579279, 0.0 ], [ 120.362062471406034, -2.566935709215556, 0.0 ], [ 120.362188578839891, -2.56703498717485, 0.0 ] ] ] ] } },
{ "type": "Feature", "properties": { "OBJECTID": 4325, "WADMPR": "Sulawesi Selatan", "WADMKK": "Kab. Luwu Utara", "WADMKC": "Kec. Mappedeceng", "WADMKD": "Desa Mappedeceng", "POKTAN": "Gapoktan Tomammesa", "K_POKTAN": "Kasum .T", "P_SID": "Universitas Negeri Makassar", "NO_HP_1": "0877-7049-7988", "NAMA_PEMIL": "Pemerintah Desa", "N_PETAK": "MDB179", "LUAS_HA": 0.48957238052000002, "PAKET": "Paket Sulawesi Selatan 9" }, "geometry": { "type": "MultiPolygon", "coordinates": [ [ [ [ 120.362180529008242, -2.567778216591364, 0.0 ], [ 120.362188578839891, -2.56703498717485, 0.0 ], [ 120.362674227133994, -2.566643246988235, 0.0 ], [ 120.362701058407197, -2.567469655600064, 0.0 ], [ 120.362180529008242, -2.567778216591364, 0.0 ] ] ] ] } },
{ "type": "Feature", "properties": { "OBJECTID": 4326, "WADMPR": "Sulawesi Selatan", "WADMKK": "Kab. Luwu Utara", "WADMKC": "Kec. Mappedeceng", "WADMKD": "Desa Mappedeceng", "POKTAN": "Gapoktan Tomammesa", "K_POKTAN": "Kasum .T", "P_SID": "Universitas Negeri Makassar", "NO_HP_1": "0877-7049-7988", "NAMA_PEMIL": "Pemerintah Desa", "N_PETAK": "MDB180", "LUAS_HA": 0.47684110432, "PAKET": "Paket Sulawesi Selatan 9" }, "geometry": { "type": "MultiPolygon", "coordinates": [ [ [ [ 120.362038322810463, -2.567823829306235, 0.0 ], [ 120.362003441705497, -2.567909690279919, 0.0 ], [ 120.361783424365626, -2.568320210109562, 0.0 ], [ 120.361356804872685, -2.568191419997959, 0.0 ], [ 120.36133265717649, -2.567432091817523, 0.0 ], [ 120.362038322810463, -2.567823829306235, 0.0 ] ] ] ] } },
{ "type": "Feature", "properties": { "OBJECTID": 4327, "WADMPR": "Sulawesi Selatan", "WADMKK": "Kab. Luwu Utara", "WADMKC": "Kec. Mappedeceng", "WADMKD": "Desa Mappedeceng", "POKTAN": "Gapoktan Tomammesa", "K_POKTAN": "Kasum .T", "P_SID": "Universitas Negeri Makassar", "NO_HP_1": "0877-7049-7988", "NAMA_PEMIL": "Pemerintah Desa", "N_PETAK": "MDB181", "LUAS_HA": 0.24211911728, "PAKET": "Paket Sulawesi Selatan 9" }, "geometry": { "type": "MultiPolygon", "coordinates": [ [ [ [ 120.361783424365626, -2.568320210109562, 0.0 ], [ 120.361807572961197, -2.568733413516156, 0.0 ], [ 120.361351438618044, -2.568674385614372, 0.0 ], [ 120.361356804872685, -2.568191419997959, 0.0 ], [ 120.361783424365626, -2.568320210109562, 0.0 ] ] ] ] } },
{ "type": "Feature", "properties": { "OBJECTID": 4328, "WADMPR": "Sulawesi Selatan", "WADMKK": "Kab. Luwu Utara", "WADMKC": "Kec. Mappedeceng", "WADMKD": "Desa Mappedeceng", "POKTAN": "Gapoktan Tomammesa", "K_POKTAN": "Kasum .T", "P_SID": "Universitas Negeri Makassar", "NO_HP_1": "0877-7049-7988", "NAMA_PEMIL": "Pemerintah Desa", "N_PETAK": "MDB182", "LUAS_HA": 0.79167617890999997, "PAKET": "Paket Sulawesi Selatan 9" }, "geometry": { "type": "MultiPolygon", "coordinates": [ [ [ [ 120.362363653459852, -2.568880987767329, 0.0 ], [ 120.361807572961197, -2.568733413516156, 0.0 ], [ 120.361783424365626, -2.568320210109562, 0.0 ], [ 120.362472991235563, -2.568491932056986, 0.0 ], [ 120.362636663351395, -2.568137757451495, 0.0 ], [ 120.362888878219223, -2.568263864885409, 0.0 ], [ 120.363127677900025, -2.568843423085468, 0.0 ], [ 120.362687642320907, -2.568964165164061, 0.0 ], [ 120.362363653459852, -2.568880987767329, 0.0 ] ] ] ] } },
{ "type": "Feature", "properties": { "OBJECTID": 4329, "WADMPR": "Sulawesi Selatan", "WADMKK": "Kab. Luwu Utara", "WADMKC": "Kec. Mappedeceng", "WADMKD": "Desa Mappedeceng", "POKTAN": "Gapoktan Tomammesa", "K_POKTAN": "Kasum .T", "P_SID": "Universitas Negeri Makassar", "NO_HP_1": "0877-7049-7988", "NAMA_PEMIL": "Pemerintah Desa", "N_PETAK": "MDB183", "LUAS_HA": 0.31446515839, "PAKET": "Paket Sulawesi Selatan 9" }, "geometry": { "type": "MultiPolygon", "coordinates": [ [ [ [ 120.361807572961197, -2.568733413516156, 0.0 ], [ 120.361689514459613, -2.569404199843916, 0.0 ], [ 120.361354122195053, -2.569267359001344, 0.0 ], [ 120.361351438618044, -2.568674385614372, 0.0 ], [ 120.361807572961197, -2.568733413516156, 0.0 ] ] ] ] } },
{ "type": "Feature", "properties": { "OBJECTID": 4330, "WADMPR": "Sulawesi Selatan", "WADMKK": "Kab. Luwu Utara", "WADMKC": "Kec. Mappedeceng", "WADMKD": "Desa Mappedeceng", "POKTAN": "Gapoktan Tomammesa", "K_POKTAN": "Kasum .T", "P_SID": "Universitas Negeri Makassar", "NO_HP_1": "0877-7049-7988", "NAMA_PEMIL": "Pemerintah Desa", "N_PETAK": "MDB184", "LUAS_HA": 0.75011382273000005, "PAKET": "Paket Sulawesi Selatan 9" }, "geometry": { "type": "MultiPolygon", "coordinates": [ [ [ [ 120.362363653459852, -2.568880987767329, 0.0 ], [ 120.362216081007432, -2.569386088397209, 0.0 ], [ 120.362075886592947, -2.569863016864701, 0.0 ], [ 120.361367537381966, -2.569578603569653, 0.0 ], [ 120.361354122195053, -2.569267359001344, 0.0 ], [ 120.361689514459613, -2.569404199843916, 0.0 ], [ 120.361807572961197, -2.568733413516156, 0.0 ], [ 120.362363653459852, -2.568880987767329, 0.0 ] ] ] ] } },
{ "type": "Feature", "properties": { "OBJECTID": 4331, "WADMPR": "Sulawesi Selatan", "WADMKK": "Kab. Luwu Utara", "WADMKC": "Kec. Mappedeceng", "WADMKD": "Desa Mappedeceng", "POKTAN": "Gapoktan Tomammesa", "K_POKTAN": "Kasum .T", "P_SID": "Universitas Negeri Makassar", "NO_HP_1": "0877-7049-7988", "NAMA_PEMIL": "Pemerintah Desa", "N_PETAK": "MDB185", "LUAS_HA": 0.49455089213999998, "PAKET": "Paket Sulawesi Selatan 9" }, "geometry": { "type": "MultiPolygon", "coordinates": [ [ [ [ 120.362862717840244, -2.570247376315308, 0.0 ], [ 120.362075886592947, -2.569863016864701, 0.0 ], [ 120.362216081007432, -2.569386088397209, 0.0 ], [ 120.363026389056699, -2.569885152777545, 0.0 ], [ 120.362862717840244, -2.570247376315308, 0.0 ] ] ] ] } },
{ "type": "Feature", "properties": { "OBJECTID": 4332, "WADMPR": "Sulawesi Selatan", "WADMKK": "Kab. Luwu Utara", "WADMKC": "Kec. Mappedeceng", "WADMKD": "Desa Mappedeceng", "POKTAN": "Gapoktan Tomammesa", "K_POKTAN": "Kasum .T", "P_SID": "Universitas Negeri Makassar", "NO_HP_1": "0877-7049-7988", "NAMA_PEMIL": "Pemerintah Desa", "N_PETAK": "MDB186", "LUAS_HA": 2.8819300271500001, "PAKET": "Paket Sulawesi Selatan 9" }, "geometry": { "type": "MultiPolygon", "coordinates": [ [ [ [ 120.362075886592947, -2.569863016864701, 0.0 ], [ 120.362862717840244, -2.570247376315308, 0.0 ], [ 120.362985807149357, -2.570309088693421, 0.0 ], [ 120.362983123572349, -2.571127446574337, 0.0 ], [ 120.36298043999534, -2.571457472584257, 0.0 ], [ 120.361386655170008, -2.571315266386364, 0.0 ], [ 120.361367537381966, -2.569578603569653, 0.0 ], [ 120.362075886592947, -2.569863016864701, 0.0 ] ] ] ] } },
{ "type": "Feature", "properties": { "OBJECTID": 4333, "WADMPR": "Sulawesi Selatan", "WADMKK": "Kab. Luwu Utara", "WADMKC": "Kec. Mappedeceng", "WADMKD": "Desa Mappedeceng", "POKTAN": "Gapoktan Tomammesa", "K_POKTAN": "Kasum .T", "P_SID": "Universitas Negeri Makassar", "NO_HP_1": "0877-7049-7988", "NAMA_PEMIL": "Pemerintah Desa", "N_PETAK": "MDB187", "LUAS_HA": 1.4971785851899999, "PAKET": "Paket Sulawesi Selatan 9" }, "geometry": { "type": "MultiPolygon", "coordinates": [ [ [ [ 120.36298043999534, -2.571457472584257, 0.0 ], [ 120.363001905913279, -2.571878724923181, 0.0 ], [ 120.362218428237952, -2.572334860165597, 0.0 ], [ 120.361461782735091, -2.57211484282567, 0.0 ], [ 120.361386655170008, -2.571315266386364, 0.0 ], [ 120.36298043999534, -2.571457472584257, 0.0 ] ] ] ] } },
{ "type": "Feature", "properties": { "OBJECTID": 4334, "WADMPR": "Sulawesi Selatan", "WADMKK": "Kab. Luwu Utara", "WADMKC": "Kec. Mappedeceng", "WADMKD": "Desa Mappedeceng", "POKTAN": "Gapoktan Tomammesa", "K_POKTAN": "Kasum .T", "P_SID": "Universitas Negeri Makassar", "NO_HP_1": "0877-7049-7988", "NAMA_PEMIL": "Pemerintah Desa", "N_PETAK": "MDB188", "LUAS_HA": 1.1315313976800001, "PAKET": "Paket Sulawesi Selatan 9" }, "geometry": { "type": "MultiPolygon", "coordinates": [ [ [ [ 120.362983123572349, -2.571127446574337, 0.0 ], [ 120.362985807149357, -2.570309088693421, 0.0 ], [ 120.364209318605276, -2.570429829872694, 0.0 ], [ 120.364128824785553, -2.571159644102238, 0.0 ], [ 120.362983123572349, -2.571127446574337, 0.0 ] ] ] ] } },
{ "type": "Feature", "properties": { "OBJECTID": 4335, "WADMPR": "Sulawesi Selatan", "WADMKK": "Kab. Luwu Utara", "WADMKC": "Kec. Mappedeceng", "WADMKD": "Desa Mappedeceng", "POKTAN": "Gapoktan Tomammesa", "K_POKTAN": "Kasum .T", "P_SID": "Universitas Negeri Makassar", "NO_HP_1": "0877-7049-7988", "NAMA_PEMIL": "Pemerintah Desa", "N_PETAK": "MDB189", "LUAS_HA": 1.7552165534199999, "PAKET": "Paket Sulawesi Selatan 9" }, "geometry": { "type": "MultiPolygon", "coordinates": [ [ [ [ 120.362075551145836, -2.573106933538099, 0.0 ], [ 120.361515446180988, -2.573358478411023, 0.0 ], [ 120.361461782735091, -2.57211484282567, 0.0 ], [ 120.362218428237952, -2.572334860165597, 0.0 ], [ 120.363001905913279, -2.571878724923181, 0.0 ], [ 120.3632943681406, -2.572558901971718, 0.0 ], [ 120.362075551145836, -2.573106933538099, 0.0 ] ] ] ] } },
{ "type": "Feature", "properties": { "OBJECTID": 4336, "WADMPR": "Sulawesi Selatan", "WADMKK": "Kab. Luwu Utara", "WADMKC": "Kec. Mappedeceng", "WADMKD": "Desa Mappedeceng", "POKTAN": "Gapoktan Tomammesa", "K_POKTAN": "Kasum .T", "P_SID": "Universitas Negeri Makassar", "NO_HP_1": "0877-7049-7988", "NAMA_PEMIL": "Pemerintah Desa", "N_PETAK": "MDB190", "LUAS_HA": 0.24939032979, "PAKET": "Paket Sulawesi Selatan 9" }, "geometry": { "type": "MultiPolygon", "coordinates": [ [ [ [ 120.362183548032363, -2.573189439141231, 0.0 ], [ 120.361964871581677, -2.573642889907376, 0.0 ], [ 120.361888402228033, -2.573583862005592, 0.0 ], [ 120.361528860468638, -2.573557029833012, 0.0 ], [ 120.361515446180988, -2.573358478411023, 0.0 ], [ 120.362075551145836, -2.573106933538099, 0.0 ], [ 120.362183548032363, -2.573189439141231, 0.0 ] ] ] ] } },
{ "type": "Feature", "properties": { "OBJECTID": 4337, "WADMPR": "Sulawesi Selatan", "WADMKK": "Kab. Luwu Utara", "WADMKC": "Kec. Mappedeceng", "WADMKD": "Desa Mappedeceng", "POKTAN": "Gapoktan Tomammesa", "K_POKTAN": "Kasum .T", "P_SID": "Universitas Negeri Makassar", "NO_HP_1": "0877-7049-7988", "NAMA_PEMIL": "Pemerintah Desa", "N_PETAK": "MDB191", "LUAS_HA": 0.21999413298000001, "PAKET": "Paket Sulawesi Selatan 9" }, "geometry": { "type": "MultiPolygon", "coordinates": [ [ [ [ 120.362513574042282, -2.573399395765477, 0.0 ], [ 120.362435762900191, -2.573557699827916, 0.0 ], [ 120.362339170316545, -2.573654294210257, 0.0 ], [ 120.362266725429095, -2.573804549340423, 0.0 ], [ 120.361964871581677, -2.573642889907376, 0.0 ], [ 120.362183548032363, -2.573189439141231, 0.0 ], [ 120.362513574042282, -2.573399395765477, 0.0 ] ] ] ] } },
{ "type": "Feature", "properties": { "OBJECTID": 4338, "WADMPR": "Sulawesi Selatan", "WADMKK": "Kab. Luwu Utara", "WADMKC": "Kec. Mappedeceng", "WADMKD": "Desa Mappedeceng", "POKTAN": "Gapoktan Tomammesa", "K_POKTAN": "Kasum .T", "P_SID": "Universitas Negeri Makassar", "NO_HP_1": "0877-7049-7988", "NAMA_PEMIL": "Pemerintah Desa", "N_PETAK": "MDB192", "LUAS_HA": 0.72345286246999996, "PAKET": "Paket Sulawesi Selatan 9" }, "geometry": { "type": "MultiPolygon", "coordinates": [ [ [ [ 120.362344536571186, -2.57393468213985, 0.0 ], [ 120.362033292002934, -2.574401548092908, 0.0 ], [ 120.361754244962526, -2.574396181838267, 0.0 ], [ 120.36158520749143, -2.574602783991224, 0.0 ], [ 120.361511085368306, -2.574679589691243, 0.0 ], [ 120.361410802866317, -2.574795970057949, 0.0 ], [ 120.361480565076135, -2.573639537234783, 0.0 ], [ 120.361850838445548, -2.573650268844801, 0.0 ], [ 120.362344536571186, -2.57393468213985, 0.0 ] ] ] ] } },
{ "type": "Feature", "properties": { "OBJECTID": 4339, "WADMPR": "Sulawesi Selatan", "WADMKK": "Kab. Luwu Utara", "WADMKC": "Kec. Mappedeceng", "WADMKD": "Desa Mappedeceng", "POKTAN": "Gapoktan Tomammesa", "K_POKTAN": "Kasum .T", "P_SID": "Universitas Negeri Makassar", "NO_HP_1": "0877-7049-7988", "NAMA_PEMIL": "Pemerintah Desa", "N_PETAK": "MDB193", "LUAS_HA": 0.33754310120999997, "PAKET": "Paket Sulawesi Selatan 9" }, "geometry": { "type": "MultiPolygon", "coordinates": [ [ [ [ 120.362628948966858, -2.573956147158412, 0.0 ], [ 120.362457227918753, -2.574299589254565, 0.0 ], [ 120.362207695728671, -2.574468627625038, 0.0 ], [ 120.36210037063563, -2.574675227979355, 0.0 ], [ 120.361810591085941, -2.574613516500563, 0.0 ], [ 120.36158520749143, -2.574602783991224, 0.0 ], [ 120.361754244962526, -2.574396181838267, 0.0 ], [ 120.362033292002934, -2.574401548092908, 0.0 ], [ 120.362344536571186, -2.57393468213985, 0.0 ], [ 120.362508207787641, -2.573918583375871, 0.0 ], [ 120.362628948966858, -2.573956147158412, 0.0 ] ] ] ] } },
{ "type": "Feature", "properties": { "OBJECTID": 4340, "WADMPR": "Sulawesi Selatan", "WADMKK": "Kab. Luwu Utara", "WADMKC": "Kec. Mappedeceng", "WADMKD": "Desa Mappedeceng", "POKTAN": "Gapoktan Tomammesa", "K_POKTAN": "Kasum .T", "P_SID": "Universitas Negeri Makassar", "NO_HP_1": "0877-7049-7988", "NAMA_PEMIL": "Pemerintah Desa", "N_PETAK": "MDB194", "LUAS_HA": 0.245381456, "PAKET": "Paket Sulawesi Selatan 9" }, "geometry": { "type": "MultiPolygon", "coordinates": [ [ [ [ 120.36210037063563, -2.574675227979355, 0.0 ], [ 120.362258675597445, -2.574970373783685, 0.0 ], [ 120.362089638126349, -2.57514209573111, 0.0 ], [ 120.36179985857666, -2.574895247117922, 0.0 ], [ 120.361511085368306, -2.574679589691243, 0.0 ], [ 120.36158520749143, -2.574602783991224, 0.0 ], [ 120.361810591085941, -2.574613516500563, 0.0 ], [ 120.36210037063563, -2.574675227979355, 0.0 ] ] ] ] } },
{ "type": "Feature", "properties": { "OBJECTID": 4341, "WADMPR": "Sulawesi Selatan", "WADMKK": "Kab. Luwu Utara", "WADMKC": "Kec. Mappedeceng", "WADMKD": "Desa Mappedeceng", "POKTAN": "Gapoktan Tomammesa", "K_POKTAN": "Kasum .T", "P_SID": "Universitas Negeri Makassar", "NO_HP_1": "0877-7049-7988", "NAMA_PEMIL": "Pemerintah Desa", "N_PETAK": "MDB195", "LUAS_HA": 0.45913589912000002, "PAKET": "Paket Sulawesi Selatan 9" }, "geometry": { "type": "MultiPolygon", "coordinates": [ [ [ [ 120.362089638126349, -2.57514209573111, 0.0 ], [ 120.361756593092309, -2.575554627344104, 0.0 ], [ 120.361372903636607, -2.575374857363727, 0.0 ], [ 120.361410802866317, -2.574795970057949, 0.0 ], [ 120.361511085368306, -2.574679589691243, 0.0 ], [ 120.36179985857666, -2.574895247117922, 0.0 ], [ 120.362089638126349, -2.57514209573111, 0.0 ] ] ] ] } },
{ "type": "Feature", "properties": { "OBJECTID": 4342, "WADMPR": "Sulawesi Selatan", "WADMKK": "Kab. Luwu Utara", "WADMKC": "Kec. Mappedeceng", "WADMKD": "Desa Mappedeceng", "POKTAN": "Gapoktan Tomammesa", "K_POKTAN": "Kasum .T", "P_SID": "Universitas Negeri Makassar", "NO_HP_1": "0877-7049-7988", "NAMA_PEMIL": "Pemerintah Desa", "N_PETAK": "MDB196", "LUAS_HA": 0.40684613967, "PAKET": "Paket Sulawesi Selatan 9" }, "geometry": { "type": "MultiPolygon", "coordinates": [ [ [ [ 120.361756593092309, -2.575554627344104, 0.0 ], [ 120.362089638126349, -2.57514209573111, 0.0 ], [ 120.362258675597445, -2.574970373783685, 0.0 ], [ 120.362558852209304, -2.575707567849918, 0.0 ], [ 120.362430061198438, -2.575812210265269, 0.0 ], [ 120.361756593092309, -2.575554627344104, 0.0 ] ] ] ] } },
{ "type": "Feature", "properties": { "OBJECTID": 4343, "WADMPR": "Sulawesi Selatan", "WADMKK": "Kab. Luwu Utara", "WADMKC": "Kec. Mappedeceng", "WADMKD": "Desa Mappedeceng", "POKTAN": "Gapoktan Tomammesa", "K_POKTAN": "Kasum .T", "P_SID": "Universitas Negeri Makassar", "NO_HP_1": "0877-7049-7988", "NAMA_PEMIL": "Pemerintah Desa", "N_PETAK": "MDB197", "LUAS_HA": 0.77250589633, "PAKET": "Paket Sulawesi Selatan 9" }, "geometry": { "type": "MultiPolygon", "coordinates": [ [ [ [ 120.362258675597445, -2.574970373783685, 0.0 ], [ 120.36210037063563, -2.574675227979355, 0.0 ], [ 120.362207695728671, -2.574468627625038, 0.0 ], [ 120.362457227918753, -2.574299589254565, 0.0 ], [ 120.362628948966858, -2.573956147158412, 0.0 ], [ 120.363221587806038, -2.57423452240522, 0.0 ], [ 120.363393308854143, -2.574615529183291, 0.0 ], [ 120.363108894659831, -2.574540401618208, 0.0 ], [ 120.362258675597445, -2.574970373783685, 0.0 ] ] ] ] } },
{ "type": "Feature", "properties": { "OBJECTID": 4344, "WADMPR": "Sulawesi Selatan", "WADMKK": "Kab. Luwu Utara", "WADMKC": "Kec. Mappedeceng", "WADMKD": "Desa Mappedeceng", "POKTAN": "Gapoktan Tomammesa", "K_POKTAN": "Kasum .T", "P_SID": "Universitas Negeri Makassar", "NO_HP_1": "0877-7049-7988", "NAMA_PEMIL": "Pemerintah Desa", "N_PETAK": "MDB198", "LUAS_HA": 0.87128609876999996, "PAKET": "Paket Sulawesi Selatan 9" }, "geometry": { "type": "MultiPolygon", "coordinates": [ [ [ [ 120.362266725429095, -2.573804549340423, 0.0 ], [ 120.362339170316545, -2.573654294210257, 0.0 ], [ 120.362435762900191, -2.573557699827916, 0.0 ], [ 120.362513574042282, -2.573399395765477, 0.0 ], [ 120.362985471702245, -2.57306735707283, 0.0 ], [ 120.363511366456464, -2.573405432914342, 0.0 ], [ 120.363092796795172, -2.574103049615985, 0.0 ], [ 120.362582999905612, -2.573872298867457, 0.0 ], [ 120.362395180093586, -2.573877665122097, 0.0 ], [ 120.362266725429095, -2.573804549340423, 0.0 ] ] ] ] } },
{ "type": "Feature", "properties": { "OBJECTID": 4345, "WADMPR": "Sulawesi Selatan", "WADMKK": "Kab. Luwu Utara", "WADMKC": "Kec. Mappedeceng", "WADMKD": "Desa Mappedeceng", "POKTAN": "Gapoktan Tomammesa", "K_POKTAN": "Kasum .T", "P_SID": "Universitas Negeri Makassar", "NO_HP_1": "0877-7049-7988", "NAMA_PEMIL": "Pemerintah Desa", "N_PETAK": "MDB199", "LUAS_HA": 0.47681594833000002, "PAKET": "Paket Sulawesi Selatan 9" }, "geometry": { "type": "MultiPolygon", "coordinates": [ [ [ [ 120.369170110312439, -2.554322937853271, 0.0 ], [ 120.368858865744073, -2.55423171152421, 0.0 ], [ 120.368799836943026, -2.5542182945386, 0.0 ], [ 120.369027903215169, -2.55331407658332, 0.0 ], [ 120.369470621472033, -2.553515311582316, 0.0 ], [ 120.369170110312439, -2.554322937853271, 0.0 ] ] ] ] } },
{ "type": "Feature", "properties": { "OBJECTID": 4346, "WADMPR": "Sulawesi Selatan", "WADMKK": "Kab. Luwu Utara", "WADMKC": "Kec. Mappedeceng", "WADMKD": "Desa Mappedeceng", "POKTAN": "Gapoktan Tomammesa", "K_POKTAN": "Kasum .T", "P_SID": "Universitas Negeri Makassar", "NO_HP_1": "0877-7049-7988", "NAMA_PEMIL": "Pemerintah Desa", "N_PETAK": "MDB200", "LUAS_HA": 0.29874536208000002, "PAKET": "Paket Sulawesi Selatan 9" }, "geometry": { "type": "MultiPolygon", "coordinates": [ [ [ [ 120.369170110312439, -2.554322937853271, 0.0 ], [ 120.369293534169287, -2.554363184313445, 0.0 ], [ 120.369204990517915, -2.554859566016091, 0.0 ], [ 120.368713975969285, -2.554711993563615, 0.0 ], [ 120.368858865744073, -2.55423171152421, 0.0 ], [ 120.369170110312439, -2.554322937853271, 0.0 ] ] ] ] } },
{ "type": "Feature", "properties": { "OBJECTID": 4347, "WADMPR": "Sulawesi Selatan", "WADMKK": "Kab. Luwu Utara", "WADMKC": "Kec. Mappedeceng", "WADMKD": "Desa Mappedeceng", "POKTAN": "Gapoktan Tomammesa", "K_POKTAN": "Kasum .T", "P_SID": "Universitas Negeri Makassar", "NO_HP_1": "0877-7049-7988", "NAMA_PEMIL": "Pemerintah Desa", "N_PETAK": "MDB201", "LUAS_HA": 0.26873900206000001, "PAKET": "Paket Sulawesi Selatan 9" }, "geometry": { "type": "MultiPolygon", "coordinates": [ [ [ [ 120.369712104729956, -2.554408797927636, 0.0 ], [ 120.369602096059907, -2.554950793244473, 0.0 ], [ 120.369204990517915, -2.554859566016091, 0.0 ], [ 120.369293534169287, -2.554363184313445, 0.0 ], [ 120.369712104729956, -2.554408797927636, 0.0 ] ] ] ] } },
{ "type": "Feature", "properties": { "OBJECTID": 4348, "WADMPR": "Sulawesi Selatan", "WADMKK": "Kab. Luwu Utara", "WADMKC": "Kec. Mappedeceng", "WADMKD": "Desa Mappedeceng", "POKTAN": "Gapoktan Tomammesa", "K_POKTAN": "Kasum .T", "P_SID": "Universitas Negeri Makassar", "NO_HP_1": "0877-7049-7988", "NAMA_PEMIL": "Pemerintah Desa", "N_PETAK": "MDB202", "LUAS_HA": 0.81847531337000001, "PAKET": "Paket Sulawesi Selatan 9" }, "geometry": { "type": "MultiPolygon", "coordinates": [ [ [ [ 120.370334592967197, -2.555248621726491, 0.0 ], [ 120.369967003174679, -2.555181542194362, 0.0 ], [ 120.369736252426151, -2.555248621726491, 0.0 ], [ 120.36967722362499, -2.555294234441305, 0.0 ], [ 120.36951623508628, -2.555291551763673, 0.0 ], [ 120.369602096059907, -2.554950793244473, 0.0 ], [ 120.369712104729956, -2.554408797927636, 0.0 ], [ 120.369916023305905, -2.55428537317141, 0.0 ], [ 120.370200435701577, -2.554440996354856, 0.0 ], [ 120.370468750232703, -2.5545268555299, 0.0 ], [ 120.370393621768244, -2.55509836479763, 0.0 ], [ 120.370334592967197, -2.555248621726491, 0.0 ] ] ] ] } },
{ "type": "Feature", "properties": { "OBJECTID": 4349, "WADMPR": "Sulawesi Selatan", "WADMKK": "Kab. Luwu Utara", "WADMKC": "Kec. Mappedeceng", "WADMKD": "Desa Mappedeceng", "POKTAN": "Gapoktan Tomammesa", "K_POKTAN": "Kasum .T", "P_SID": "Universitas Negeri Makassar", "NO_HP_1": "0877-7049-7988", "NAMA_PEMIL": "Pemerintah Desa", "N_PETAK": "MDB203", "LUAS_HA": 0.21808989003000001, "PAKET": "Paket Sulawesi Selatan 9" }, "geometry": { "type": "MultiPolygon", "coordinates": [ [ [ [ 120.369602096059907, -2.554950793244473, 0.0 ], [ 120.36951623508628, -2.555291551763673, 0.0 ], [ 120.369309632933323, -2.555326432868526, 0.0 ], [ 120.36906010164239, -2.555278134778064, 0.0 ], [ 120.369204990517915, -2.554859566016091, 0.0 ], [ 120.369602096059907, -2.554950793244473, 0.0 ] ] ] ] } },
{ "type": "Feature", "properties": { "OBJECTID": 4350, "WADMPR": "Sulawesi Selatan", "WADMKK": "Kab. Luwu Utara", "WADMKC": "Kec. Mappedeceng", "WADMKD": "Desa Mappedeceng", "POKTAN": "Gapoktan Tomammesa", "K_POKTAN": "Kasum .T", "P_SID": "Universitas Negeri Makassar", "NO_HP_1": "0877-7049-7988", "NAMA_PEMIL": "Pemerintah Desa", "N_PETAK": "MDB204", "LUAS_HA": 0.27265029182, "PAKET": "Paket Sulawesi Selatan 9" }, "geometry": { "type": "MultiPolygon", "coordinates": [ [ [ [ 120.369204990517915, -2.554859566016091, 0.0 ], [ 120.36906010164239, -2.555278134778064, 0.0 ], [ 120.368612017130999, -2.55517080968508, 0.0 ], [ 120.368713975969285, -2.554711993563615, 0.0 ], [ 120.369204990517915, -2.554859566016091, 0.0 ] ] ] ] } },
{ "type": "Feature", "properties": { "OBJECTID": 4351, "WADMPR": "Sulawesi Selatan", "WADMKK": "Kab. Luwu Utara", "WADMKC": "Kec. Mappedeceng", "WADMKD": "Desa Mappedeceng", "POKTAN": "Gapoktan Tomammesa", "K_POKTAN": "Kasum .T", "P_SID": "Universitas Negeri Makassar", "NO_HP_1": "0877-7049-7988", "NAMA_PEMIL": "Pemerintah Desa", "N_PETAK": "MDB205", "LUAS_HA": 0.5773284117, "PAKET": "Paket Sulawesi Selatan 9" }, "geometry": { "type": "MultiPolygon", "coordinates": [ [ [ [ 120.36906010164239, -2.555278134778064, 0.0 ], [ 120.368883014339758, -2.556219918314525, 0.0 ], [ 120.368400048723288, -2.556187720786625, 0.0 ], [ 120.368612017130999, -2.55517080968508, 0.0 ], [ 120.36906010164239, -2.555278134778064, 0.0 ] ] ] ] } },
{ "type": "Feature", "properties": { "OBJECTID": 4352, "WADMPR": "Sulawesi Selatan", "WADMKK": "Kab. Luwu Utara", "WADMKC": "Kec. Mappedeceng", "WADMKD": "Desa Mappedeceng", "POKTAN": "Gapoktan Tomammesa", "K_POKTAN": "Kasum .T", "P_SID": "Universitas Negeri Makassar", "NO_HP_1": "0877-7049-7988", "NAMA_PEMIL": "Pemerintah Desa", "N_PETAK": "MDB206", "LUAS_HA": 0.46303440782, "PAKET": "Paket Sulawesi Selatan 9" }, "geometry": { "type": "MultiPolygon", "coordinates": [ [ [ [ 120.36951623508628, -2.555291551763673, 0.0 ], [ 120.369387444075301, -2.555533034122163, 0.0 ], [ 120.369301584000937, -2.556257481197747, 0.0 ], [ 120.368883014339758, -2.556219918314525, 0.0 ], [ 120.36906010164239, -2.555278134778064, 0.0 ], [ 120.369309632933323, -2.555326432868526, 0.0 ], [ 120.36951623508628, -2.555291551763673, 0.0 ] ] ] ] } },
{ "type": "Feature", "properties": { "OBJECTID": 4353, "WADMPR": "Sulawesi Selatan", "WADMKK": "Kab. Luwu Utara", "WADMKC": "Kec. Mappedeceng", "WADMKD": "Desa Mappedeceng", "POKTAN": "Gapoktan Tomammesa", "K_POKTAN": "Kasum .T", "P_SID": "Universitas Negeri Makassar", "NO_HP_1": "0877-7049-7988", "NAMA_PEMIL": "Pemerintah Desa", "N_PETAK": "MDB207", "LUAS_HA": 1.6358554172899999, "PAKET": "Paket Sulawesi Selatan 9" }, "geometry": { "type": "MultiPolygon", "coordinates": [ [ [ [ 120.370334592967197, -2.555248621726491, 0.0 ], [ 120.37069145025032, -2.555296918018314, 0.0 ], [ 120.370503630438293, -2.55636480719005, 0.0 ], [ 120.369940171002099, -2.556343342171431, 0.0 ], [ 120.369301584000937, -2.556257481197747, 0.0 ], [ 120.369387444075301, -2.555533034122163, 0.0 ], [ 120.36951623508628, -2.555291551763673, 0.0 ], [ 120.36967722362499, -2.555294234441305, 0.0 ], [ 120.369736252426151, -2.555248621726491, 0.0 ], [ 120.369967003174679, -2.555181542194362, 0.0 ], [ 120.370334592967197, -2.555248621726491, 0.0 ] ] ] ] } },
{ "type": "Feature", "properties": { "OBJECTID": 4354, "WADMPR": "Sulawesi Selatan", "WADMKK": "Kab. Luwu Utara", "WADMKC": "Kec. Mappedeceng", "WADMKD": "Desa Mappedeceng", "POKTAN": "Gapoktan Tomammesa", "K_POKTAN": "Kasum .T", "P_SID": "Universitas Negeri Makassar", "NO_HP_1": "0877-7049-7988", "NAMA_PEMIL": "Pemerintah Desa", "N_PETAK": "MDB208", "LUAS_HA": 0.31876207719, "PAKET": "Paket Sulawesi Selatan 9" }, "geometry": { "type": "MultiPolygon", "coordinates": [ [ [ [ 120.368883014339758, -2.556219918314525, 0.0 ], [ 120.368883014339758, -2.556869237825026, 0.0 ], [ 120.368636163927931, -2.556826307787844, 0.0 ], [ 120.368459077524449, -2.556590191683938, 0.0 ], [ 120.368400048723288, -2.556187720786625, 0.0 ], [ 120.368883014339758, -2.556219918314525, 0.0 ] ] ] ] } },
{ "type": "Feature", "properties": { "OBJECTID": 4355, "WADMPR": "Sulawesi Selatan", "WADMKK": "Kab. Luwu Utara", "WADMKC": "Kec. Mappedeceng", "WADMKD": "Desa Mappedeceng", "POKTAN": "Gapoktan Tomammesa", "K_POKTAN": "Kasum .T", "P_SID": "Universitas Negeri Makassar", "NO_HP_1": "0877-7049-7988", "NAMA_PEMIL": "Pemerintah Desa", "N_PETAK": "MDB209", "LUAS_HA": 0.86894157817999995, "PAKET": "Paket Sulawesi Selatan 9" }, "geometry": { "type": "MultiPolygon", "coordinates": [ [ [ [ 120.369301584000937, -2.556257481197747, 0.0 ], [ 120.369940171002099, -2.556343342171431, 0.0 ], [ 120.369918705983537, -2.557030227263112, 0.0 ], [ 120.368883014339758, -2.556869237825026, 0.0 ], [ 120.368883014339758, -2.556219918314525, 0.0 ], [ 120.369301584000937, -2.556257481197747, 0.0 ] ] ] ] } },
{ "type": "Feature", "properties": { "OBJECTID": 4356, "WADMPR": "Sulawesi Selatan", "WADMKK": "Kab. Luwu Utara", "WADMKC": "Kec. Mappedeceng", "WADMKD": "Desa Mappedeceng", "POKTAN": "Gapoktan Tomammesa", "K_POKTAN": "Kasum .T", "P_SID": "Universitas Negeri Makassar", "NO_HP_1": "0877-7049-7988", "NAMA_PEMIL": "Pemerintah Desa", "N_PETAK": "MDB210", "LUAS_HA": 0.52537386270999997, "PAKET": "Paket Sulawesi Selatan 9" }, "geometry": { "type": "MultiPolygon", "coordinates": [ [ [ [ 120.370503630438293, -2.55636480719005, 0.0 ], [ 120.370761212460025, -2.556515064118855, 0.0 ], [ 120.370653886467721, -2.556820941533203, 0.0 ], [ 120.370412404109175, -2.556874604079667, 0.0 ], [ 120.370278246843668, -2.556922901270809, 0.0 ], [ 120.37013335706888, -2.557003395090589, 0.0 ], [ 120.369918705983537, -2.557030227263112, 0.0 ], [ 120.369940171002099, -2.556343342171431, 0.0 ], [ 120.370503630438293, -2.55636480719005, 0.0 ] ] ] ] } },
{ "type": "Feature", "properties": { "OBJECTID": 4357, "WADMPR": "Sulawesi Selatan", "WADMKK": "Kab. Luwu Utara", "WADMKC": "Kec. Mappedeceng", "WADMKD": "Desa Mappedeceng", "POKTAN": "Gapoktan Tomammesa", "K_POKTAN": "Kasum .T", "P_SID": "Universitas Negeri Makassar", "NO_HP_1": "0877-7049-7988", "NAMA_PEMIL": "Pemerintah Desa", "N_PETAK": "MDB211", "LUAS_HA": 1.9207013262299999, "PAKET": "Paket Sulawesi Selatan 9" }, "geometry": { "type": "MultiPolygon", "coordinates": [ [ [ [ 120.368324921158205, -2.555608162586566, 0.0 ], [ 120.367434118389951, -2.555516935358241, 0.0 ], [ 120.367900984343009, -2.553526044091598, 0.0 ], [ 120.368577136026033, -2.553762161994143, 0.0 ], [ 120.368324921158205, -2.555608162586566, 0.0 ] ] ] ] } },
{ "type": "Feature", "properties": { "OBJECTID": 4358, "WADMPR": "Sulawesi Selatan", "WADMKK": "Kab. Luwu Utara", "WADMKC": "Kec. Mappedeceng", "WADMKD": "Desa Mappedeceng", "POKTAN": "Gapoktan Tomammesa", "K_POKTAN": "Kasum .T", "P_SID": "Universitas Negeri Makassar", "NO_HP_1": "0877-7049-7988", "NAMA_PEMIL": "Pemerintah Desa", "N_PETAK": "MDB212", "LUAS_HA": 1.6798809160699999, "PAKET": "Paket Sulawesi Selatan 9" }, "geometry": { "type": "MultiPolygon", "coordinates": [ [ [ [ 120.367434118389951, -2.555516935358241, 0.0 ], [ 120.366221338544051, -2.555484737830341, 0.0 ], [ 120.366634541950589, -2.554867614948421, 0.0 ], [ 120.367004815320001, -2.554491975324368, 0.0 ], [ 120.367680967003139, -2.553676300121083, 0.0 ], [ 120.367777560486047, -2.553526044091598, 0.0 ], [ 120.367900984343009, -2.553526044091598, 0.0 ], [ 120.367434118389951, -2.555516935358241, 0.0 ] ] ] ] } },
{ "type": "Feature", "properties": { "OBJECTID": 4359, "WADMPR": "Sulawesi Selatan", "WADMKK": "Kab. Luwu Utara", "WADMKC": "Kec. Mappedeceng", "WADMKD": "Desa Mappedeceng", "POKTAN": "Gapoktan Tomammesa", "K_POKTAN": "Kasum .T", "P_SID": "Universitas Negeri Makassar", "NO_HP_1": "0877-7049-7988", "NAMA_PEMIL": "Pemerintah Desa", "N_PETAK": "MDB213", "LUAS_HA": 5.7734302038600003, "PAKET": "Paket Sulawesi Selatan 9" }, "geometry": { "type": "MultiPolygon", "coordinates": [ [ [ [ 120.367434118389951, -2.555516935358241, 0.0 ], [ 120.368324921158205, -2.555608162586566, 0.0 ], [ 120.368145150278565, -2.556375540598651, 0.0 ], [ 120.368281990221703, -2.556676051758359, 0.0 ], [ 120.368759589583419, -2.557556121118068, 0.0 ], [ 120.367744147074745, -2.557662249213365, 0.0 ], [ 120.367311913114349, -2.557707422159751, 0.0 ], [ 120.366500385584345, -2.557792239020557, 0.0 ], [ 120.365963757421582, -2.555833546181191, 0.0 ], [ 120.366221338544051, -2.555484737830341, 0.0 ], [ 120.367434118389951, -2.555516935358241, 0.0 ] ] ] ] } },
{ "type": "Feature", "properties": { "OBJECTID": 4360, "WADMPR": "Sulawesi Selatan", "WADMKK": "Kab. Luwu Utara", "WADMKC": "Kec. Mappedeceng", "WADMKD": "Desa Mappedeceng", "POKTAN": "Gapoktan Tomammesa", "K_POKTAN": "Kasum .T", "P_SID": "Universitas Negeri Makassar", "NO_HP_1": "0877-7049-7988", "NAMA_PEMIL": "Pemerintah Desa", "N_PETAK": "MDB214", "LUAS_HA": 0.72296202925999997, "PAKET": "Paket Sulawesi Selatan 9" }, "geometry": { "type": "MultiPolygon", "coordinates": [ [ [ [ 120.366685521819477, -2.559034532817407, 0.0 ], [ 120.36582691747833, -2.558739386113757, 0.0 ], [ 120.366500385584345, -2.557792239020557, 0.0 ], [ 120.366631859272957, -2.557789555443605, 0.0 ], [ 120.366685521819477, -2.559034532817407, 0.0 ] ] ] ] } },
{ "type": "Feature", "properties": { "OBJECTID": 4361, "WADMPR": "Sulawesi Selatan", "WADMKK": "Kab. Luwu Utara", "WADMKC": "Kec. Mappedeceng", "WADMKD": "Desa Mappedeceng", "POKTAN": "Gapoktan Tomammesa", "K_POKTAN": "Kasum .T", "P_SID": "Universitas Negeri Makassar", "NO_HP_1": "0877-7049-7988", "NAMA_PEMIL": "Pemerintah Desa", "N_PETAK": "MDB215", "LUAS_HA": 1.7276620195600001, "PAKET": "Paket Sulawesi Selatan 9" }, "geometry": { "type": "MultiPolygon", "coordinates": [ [ [ [ 120.36796806297582, -2.558707189485176, 0.0 ], [ 120.366685521819477, -2.559034532817407, 0.0 ], [ 120.366631859272957, -2.557789555443605, 0.0 ], [ 120.367311913114349, -2.557707422159751, 0.0 ], [ 120.367744147074745, -2.557662249213365, 0.0 ], [ 120.36796806297582, -2.558707189485176, 0.0 ] ] ] ] } },
{ "type": "Feature", "properties": { "OBJECTID": 4362, "WADMPR": "Sulawesi Selatan", "WADMKK": "Kab. Luwu Utara", "WADMKC": "Kec. Mappedeceng", "WADMKD": "Desa Mappedeceng", "POKTAN": "Gapoktan Tomammesa", "K_POKTAN": "Kasum .T", "P_SID": "Universitas Negeri Makassar", "NO_HP_1": "0877-7049-7988", "NAMA_PEMIL": "Pemerintah Desa", "N_PETAK": "MDB216", "LUAS_HA": 1.3987493817200001, "PAKET": "Paket Sulawesi Selatan 9" }, "geometry": { "type": "MultiPolygon", "coordinates": [ [ [ [ 120.3690466855561, -2.558449607463388, 0.0 ], [ 120.36796806297582, -2.558707189485176, 0.0 ], [ 120.367744147074745, -2.557662249213365, 0.0 ], [ 120.368759589583419, -2.557556121118068, 0.0 ], [ 120.368810569452307, -2.557601735631522, 0.0 ], [ 120.369159377803157, -2.558245689786702, 0.0 ], [ 120.368998389264334, -2.558326183606425, 0.0 ], [ 120.3690466855561, -2.558449607463388, 0.0 ] ] ] ] } },
{ "type": "Feature", "properties": { "OBJECTID": 4363, "WADMPR": "Sulawesi Selatan", "WADMKK": "Kab. Luwu Utara", "WADMKC": "Kec. Mappedeceng", "WADMKD": "Desa Mappedeceng", "POKTAN": "Gapoktan Tomammesa", "K_POKTAN": "Kasum .T", "P_SID": "Universitas Negeri Makassar", "NO_HP_1": "0877-7049-7988", "NAMA_PEMIL": "Pemerintah Desa", "N_PETAK": "MDB217", "LUAS_HA": 2.8252924147999998, "PAKET": "Paket Sulawesi Selatan 9" }, "geometry": { "type": "MultiPolygon", "coordinates": [ [ [ [ 120.369647708774778, -2.559093561618511, 0.0 ], [ 120.368526156157259, -2.559420904051422, 0.0 ], [ 120.367576324587731, -2.559699951991149, 0.0 ], [ 120.367012865151651, -2.559855573375955, 0.0 ], [ 120.366642591782238, -2.559104294127849, 0.0 ], [ 120.366685521819477, -2.559034532817407, 0.0 ], [ 120.36796806297582, -2.558707189485176, 0.0 ], [ 120.3690466855561, -2.558449607463388, 0.0 ], [ 120.369331098851148, -2.558401311171508, 0.0 ], [ 120.369647708774778, -2.559093561618511, 0.0 ] ] ] ] } },
{ "type": "Feature", "properties": { "OBJECTID": 4364, "WADMPR": "Sulawesi Selatan", "WADMKK": "Kab. Luwu Utara", "WADMKC": "Kec. Mappedeceng", "WADMKD": "Desa Mappedeceng", "POKTAN": "Gapoktan Tomammesa", "K_POKTAN": "Kasum .T", "P_SID": "Universitas Negeri Makassar", "NO_HP_1": "0877-7049-7988", "NAMA_PEMIL": "Pemerintah Desa", "N_PETAK": "MDB218", "LUAS_HA": 0.4886316588, "PAKET": "Paket Sulawesi Selatan 9" }, "geometry": { "type": "MultiPolygon", "coordinates": [ [ [ [ 120.367748045635835, -2.560376101875534, 0.0 ], [ 120.367216783727599, -2.560526358804395, 0.0 ], [ 120.367012865151651, -2.559855573375955, 0.0 ], [ 120.367576324587731, -2.559699951991149, 0.0 ], [ 120.367748045635835, -2.560376101875534, 0.0 ] ] ] ] } },
{ "type": "Feature", "properties": { "OBJECTID": 4365, "WADMPR": "Sulawesi Selatan", "WADMKK": "Kab. Luwu Utara", "WADMKC": "Kec. Mappedeceng", "WADMKD": "Desa Mappedeceng", "POKTAN": "Gapoktan Tomammesa", "K_POKTAN": "Kasum .T", "P_SID": "Universitas Negeri Makassar", "NO_HP_1": "0877-7049-7988", "NAMA_PEMIL": "Pemerintah Desa", "N_PETAK": "MDB219", "LUAS_HA": 0.77746936895999996, "PAKET": "Paket Sulawesi Selatan 9" }, "geometry": { "type": "MultiPolygon", "coordinates": [ [ [ [ 120.368515423647978, -2.560172184198905, 0.0 ], [ 120.367748045635835, -2.560376101875534, 0.0 ], [ 120.367576324587731, -2.559699951991149, 0.0 ], [ 120.368526156157259, -2.559420904051422, 0.0 ], [ 120.368515423647978, -2.560172184198905, 0.0 ] ] ] ] } },
{ "type": "Feature", "properties": { "OBJECTID": 4366, "WADMPR": "Sulawesi Selatan", "WADMKK": "Kab. Luwu Utara", "WADMKC": "Kec. Mappedeceng", "WADMKD": "Desa Mappedeceng", "POKTAN": "Gapoktan Tomammesa", "K_POKTAN": "Kasum .T", "P_SID": "Universitas Negeri Makassar", "NO_HP_1": "0877-7049-7988", "NAMA_PEMIL": "Pemerintah Desa", "N_PETAK": "MDB220", "LUAS_HA": 1.0896273409799999, "PAKET": "Paket Sulawesi Selatan 9" }, "geometry": { "type": "MultiPolygon", "coordinates": [ [ [ [ 120.369470621472033, -2.560086324124484, 0.0 ], [ 120.368515423647978, -2.560172184198905, 0.0 ], [ 120.368526156157259, -2.559420904051422, 0.0 ], [ 120.369647708774778, -2.559093561618511, 0.0 ], [ 120.369470621472033, -2.560086324124484, 0.0 ] ] ] ] } },
{ "type": "Feature", "properties": { "OBJECTID": 4367, "WADMPR": "Sulawesi Selatan", "WADMKK": "Kab. Luwu Utara", "WADMKC": "Kec. Mappedeceng", "WADMKD": "Desa Mappedeceng", "POKTAN": "Gapoktan Tomammesa", "K_POKTAN": "Kasum .T", "P_SID": "Universitas Negeri Makassar", "NO_HP_1": "0877-7049-7988", "NAMA_PEMIL": "Pemerintah Desa", "N_PETAK": "MDB221", "LUAS_HA": 0.42211058263000001, "PAKET": "Paket Sulawesi Selatan 9" }, "geometry": { "type": "MultiPolygon", "coordinates": [ [ [ [ 120.36796806297582, -2.560923462547692, 0.0 ], [ 120.367318743465262, -2.561062986967215, 0.0 ], [ 120.367216783727599, -2.560526358804395, 0.0 ], [ 120.367748045635835, -2.560376101875534, 0.0 ], [ 120.36796806297582, -2.560923462547692, 0.0 ] ] ] ] } },
{ "type": "Feature", "properties": { "OBJECTID": 4368, "WADMPR": "Sulawesi Selatan", "WADMKK": "Kab. Luwu Utara", "WADMKC": "Kec. Mappedeceng", "WADMKD": "Desa Mappedeceng", "POKTAN": "Gapoktan Tomammesa", "K_POKTAN": "Kasum .T", "P_SID": "Universitas Negeri Makassar", "NO_HP_1": "0877-7049-7988", "NAMA_PEMIL": "Pemerintah Desa", "N_PETAK": "MDB222", "LUAS_HA": 4.4587868093300003, "PAKET": "Paket Sulawesi Selatan 9" }, "geometry": { "type": "MultiPolygon", "coordinates": [ [ [ [ 120.368858865744073, -2.563048511079899, 0.0 ], [ 120.367957330466538, -2.562876790031794, 0.0 ], [ 120.367753411890476, -2.561352766516904, 0.0 ], [ 120.36796806297582, -2.560923462547692, 0.0 ], [ 120.367748045635835, -2.560376101875534, 0.0 ], [ 120.368515423647978, -2.560172184198905, 0.0 ], [ 120.369470621472033, -2.560086324124484, 0.0 ], [ 120.368858865744073, -2.563048511079899, 0.0 ] ] ] ] } },
{ "type": "Feature", "properties": { "OBJECTID": 4369, "WADMPR": "Sulawesi Selatan", "WADMKK": "Kab. Luwu Utara", "WADMKC": "Kec. Mappedeceng", "WADMKD": "Desa Mappedeceng", "POKTAN": "Gapoktan Tomammesa", "K_POKTAN": "Kasum .T", "P_SID": "Universitas Negeri Makassar", "NO_HP_1": "0877-7049-7988", "NAMA_PEMIL": "Pemerintah Desa", "N_PETAK": "MDB223", "LUAS_HA": 1.24858916694, "PAKET": "Paket Sulawesi Selatan 9" }, "geometry": { "type": "MultiPolygon", "coordinates": [ [ [ [ 120.367957330466538, -2.562876790031794, 0.0 ], [ 120.367211417472959, -2.562839226249253, 0.0 ], [ 120.367388504775704, -2.561309834681083, 0.0 ], [ 120.367318743465262, -2.561062986967215, 0.0 ], [ 120.36796806297582, -2.560923462547692, 0.0 ], [ 120.367753411890476, -2.561352766516904, 0.0 ], [ 120.367957330466538, -2.562876790031794, 0.0 ] ] ] ] } },
{ "type": "Feature", "properties": { "OBJECTID": 4370, "WADMPR": "Sulawesi Selatan", "WADMKK": "Kab. Luwu Utara", "WADMKC": "Kec. Mappedeceng", "WADMKD": "Desa Mappedeceng", "POKTAN": "Gapoktan Tomammesa", "K_POKTAN": "Kasum .T", "P_SID": "Universitas Negeri Makassar", "NO_HP_1": "0877-7049-7988", "NAMA_PEMIL": "Pemerintah Desa", "N_PETAK": "MDB224", "LUAS_HA": 1.6294101753900001, "PAKET": "Paket Sulawesi Selatan 9" }, "geometry": { "type": "MultiPolygon", "coordinates": [ [ [ [ 120.367211417472959, -2.562839226249253, 0.0 ], [ 120.366731134534348, -2.562766780462482, 0.0 ], [ 120.366215971390034, -2.5621872231618, 0.0 ], [ 120.366398425846683, -2.561393012977135, 0.0 ], [ 120.367388504775704, -2.561309834681083, 0.0 ], [ 120.367211417472959, -2.562839226249253, 0.0 ] ] ] ] } },
{ "type": "Feature", "properties": { "OBJECTID": 4371, "WADMPR": "Sulawesi Selatan", "WADMKK": "Kab. Luwu Utara", "WADMKC": "Kec. Mappedeceng", "WADMKD": "Desa Mappedeceng", "POKTAN": "Gapoktan Tomammesa", "K_POKTAN": "Kasum .T", "P_SID": "Universitas Negeri Makassar", "NO_HP_1": "0877-7049-7988", "NAMA_PEMIL": "Pemerintah Desa", "N_PETAK": "MDB225", "LUAS_HA": 1.9303849282500001, "PAKET": "Paket Sulawesi Selatan 9" }, "geometry": { "type": "MultiPolygon", "coordinates": [ [ [ [ 120.367216783727599, -2.560526358804395, 0.0 ], [ 120.367318743465262, -2.561062986967215, 0.0 ], [ 120.367388504775704, -2.561309834681083, 0.0 ], [ 120.366398425846683, -2.561393012977135, 0.0 ], [ 120.365840332665243, -2.560126570584714, 0.0 ], [ 120.367012865151651, -2.559855573375955, 0.0 ], [ 120.367216783727599, -2.560526358804395, 0.0 ] ] ] ] } },
{ "type": "Feature", "properties": { "OBJECTID": 4372, "WADMPR": "Sulawesi Selatan", "WADMKK": "Kab. Luwu Utara", "WADMKC": "Kec. Mappedeceng", "WADMKD": "Desa Mappedeceng", "POKTAN": "Gapoktan Tomammesa", "K_POKTAN": "Kasum .T", "P_SID": "Universitas Negeri Makassar", "NO_HP_1": "0877-7049-7988", "NAMA_PEMIL": "Pemerintah Desa", "N_PETAK": "MDB226", "LUAS_HA": 1.5155746110399999, "PAKET": "Paket Sulawesi Selatan 9" }, "geometry": { "type": "MultiPolygon", "coordinates": [ [ [ [ 120.366685521819477, -2.559034532817407, 0.0 ], [ 120.366642591782238, -2.559104294127849, 0.0 ], [ 120.367012865151651, -2.559855573375955, 0.0 ], [ 120.365840332665243, -2.560126570584714, 0.0 ], [ 120.365629706046207, -2.559555733110528, 0.0 ], [ 120.36582691747833, -2.558739386113757, 0.0 ], [ 120.366685521819477, -2.559034532817407, 0.0 ] ] ] ] } },
{ "type": "Feature", "properties": { "OBJECTID": 4373, "WADMPR": "Sulawesi Selatan", "WADMKK": "Kab. Luwu Utara", "WADMKC": "Kec. Mappedeceng", "WADMKD": "Desa Mappedeceng", "POKTAN": "Gapoktan Tomammesa", "K_POKTAN": "Kasum .T", "P_SID": "Universitas Negeri Makassar", "NO_HP_1": "0877-7049-7988", "NAMA_PEMIL": "Pemerintah Desa", "N_PETAK": "MDB227", "LUAS_HA": 13.3336183918, "PAKET": "Paket Sulawesi Selatan 9" }, "geometry": { "type": "MultiPolygon", "coordinates": [ [ [ [ 120.367211417472959, -2.562839226249253, 0.0 ], [ 120.367957330466538, -2.562876790031794, 0.0 ], [ 120.368858865744073, -2.563048511079899, 0.0 ], [ 120.368489934163222, -2.564235128748123, 0.0 ], [ 120.36812502704845, -2.564997141404888, 0.0 ], [ 120.36748107289327, -2.56600600267484, 0.0 ], [ 120.366729793645163, -2.565705490615869, 0.0 ], [ 120.365763863311713, -2.56568402469793, 0.0 ], [ 120.364583281893033, -2.565598164623566, 0.0 ], [ 120.364100316276676, -2.563612641410202, 0.0 ], [ 120.365136008819832, -2.56325578322776, 0.0 ], [ 120.365506282189244, -2.563145773658505, 0.0 ], [ 120.366731134534348, -2.562766780462482, 0.0 ], [ 120.367211417472959, -2.562839226249253, 0.0 ] ] ] ] } },
{ "type": "Feature", "properties": { "OBJECTID": 4374, "WADMPR": "Sulawesi Selatan", "WADMKK": "Kab. Luwu Utara", "WADMKC": "Kec. Mappedeceng", "WADMKD": "Desa Mappedeceng", "POKTAN": "Gapoktan Tomammesa", "K_POKTAN": "Kasum .T", "P_SID": "Universitas Negeri Makassar", "NO_HP_1": "0877-7049-7988", "NAMA_PEMIL": "Pemerintah Desa", "N_PETAK": "MDB228", "LUAS_HA": 1.7718836388799999, "PAKET": "Paket Sulawesi Selatan 9" }, "geometry": { "type": "MultiPolygon", "coordinates": [ [ [ [ 120.366731134534348, -2.562766780462482, 0.0 ], [ 120.365506282189244, -2.563145773658505, 0.0 ], [ 120.365457984998102, -2.561460761604792, 0.0 ], [ 120.366398425846683, -2.561393012977135, 0.0 ], [ 120.366215971390034, -2.5621872231618, 0.0 ], [ 120.366731134534348, -2.562766780462482, 0.0 ] ] ] ] } },
{ "type": "Feature", "properties": { "OBJECTID": 4375, "WADMPR": "Sulawesi Selatan", "WADMKK": "Kab. Luwu Utara", "WADMKC": "Kec. Mappedeceng", "WADMKD": "Desa Mappedeceng", "POKTAN": "Gapoktan Tomammesa", "K_POKTAN": "Kasum .T", "P_SID": "Universitas Negeri Makassar", "NO_HP_1": "0877-7049-7988", "NAMA_PEMIL": "Pemerintah Desa", "N_PETAK": "MDB229", "LUAS_HA": 1.26297740187, "PAKET": "Paket Sulawesi Selatan 9" }, "geometry": { "type": "MultiPolygon", "coordinates": [ [ [ [ 120.366398425846683, -2.561393012977135, 0.0 ], [ 120.365457984998102, -2.561460761604792, 0.0 ], [ 120.364873060543346, -2.560569959735801, 0.0 ], [ 120.365924851850536, -2.560366041159853, 0.0 ], [ 120.366398425846683, -2.561393012977135, 0.0 ] ] ] ] } },
{ "type": "Feature", "properties": { "OBJECTID": 4376, "WADMPR": "Sulawesi Selatan", "WADMKK": "Kab. Luwu Utara", "WADMKC": "Kec. Mappedeceng", "WADMKD": "Desa Mappedeceng", "POKTAN": "Gapoktan Tomammesa", "K_POKTAN": "Kasum .T", "P_SID": "Universitas Negeri Makassar", "NO_HP_1": "0877-7049-7988", "NAMA_PEMIL": "Pemerintah Desa", "N_PETAK": "MDB230", "LUAS_HA": 1.61979462373, "PAKET": "Paket Sulawesi Selatan 9" }, "geometry": { "type": "MultiPolygon", "coordinates": [ [ [ [ 120.364873060543346, -2.560569959735801, 0.0 ], [ 120.365457984998102, -2.561460761604792, 0.0 ], [ 120.365506282189244, -2.563145773658505, 0.0 ], [ 120.365136008819832, -2.56325578322776, 0.0 ], [ 120.365211136384914, -2.562869411094425, 0.0 ], [ 120.364910624325944, -2.562171794392725, 0.0 ], [ 120.364835496760861, -2.561270258215814, 0.0 ], [ 120.364556449720453, -2.560851689453841, 0.0 ], [ 120.364406194590288, -2.560293595373082, 0.0 ], [ 120.364873060543346, -2.560569959735801, 0.0 ] ] ] ] } },
{ "type": "Feature", "properties": { "OBJECTID": 4654, "WADMPR": "Sulawesi Selatan", "WADMKK": "Kab. Luwu Utara", "WADMKC": "Kec. Mappedeceng", "WADMKD": "Desa Tarak Tallu", "POKTAN": "Poktan Harapan Tani", "K_POKTAN": "Made Sutarka", "P_SID": "Universitas Negeri Makassar", "NO_HP_1": "0853-4199-4901", "NAMA_PEMIL": "Pemerintah Desa", "N_PETAK": "TTB001", "LUAS_HA": 2.7260190149299999, "PAKET": "Paket Sulawesi Selatan 9" }, "geometry": { "type": "MultiPolygon", "coordinates": [ [ [ [ 120.383582759636738, -2.611842334855794, 0.0 ], [ 120.383704386648219, -2.611135095408258, 0.0 ], [ 120.383848537180256, -2.611117076591768, 0.0 ], [ 120.383849945518591, -2.61074318614908, 0.0 ], [ 120.38387510405289, -2.610008881604529, 0.0 ], [ 120.383948489631166, -2.610005587387889, 0.0 ], [ 120.383989637212039, -2.609973364678979, 0.0 ], [ 120.383867395963648, -2.609573920000344, 0.0 ], [ 120.384267474664284, -2.60992783560107, 0.0 ], [ 120.385105349632227, -2.610148565204099, 0.0 ], [ 120.385059012963097, -2.610882714165882, 0.0 ], [ 120.385059006667916, -2.610885704411658, 0.0 ], [ 120.385058859179026, -2.610956595270636, 0.0 ], [ 120.385058826803515, -2.610972385567095, 0.0 ], [ 120.385117912261876, -2.611145871085057, 0.0 ], [ 120.385272730552174, -2.61130222092072, 0.0 ], [ 120.385313664094383, -2.611343558258568, 0.0 ], [ 120.385294547205604, -2.611409883259455, 0.0 ], [ 120.385114359040472, -2.611459435004861, 0.0 ], [ 120.383582759636738, -2.611842334855794, 0.0 ] ] ] ] } },
{ "type": "Feature", "properties": { "OBJECTID": 4655, "WADMPR": "Sulawesi Selatan", "WADMKK": "Kab. Luwu Utara", "WADMKC": "Kec. Mappedeceng", "WADMKD": "Desa Tarak Tallu", "POKTAN": "Poktan Harapan Tani", "K_POKTAN": "Made Sutarka", "P_SID": "Universitas Negeri Makassar", "NO_HP_1": "0853-4199-4901", "NAMA_PEMIL": "Pemerintah Desa", "N_PETAK": "TTB002", "LUAS_HA": 1.0841474079, "PAKET": "Paket Sulawesi Selatan 9" }, "geometry": { "type": "MultiPolygon", "coordinates": [ [ [ [ 120.383704386648219, -2.611135095408258, 0.0 ], [ 120.383582759636738, -2.611842334855794, 0.0 ], [ 120.382762904384549, -2.611936933642539, 0.0 ], [ 120.382771913792794, -2.611463939708983, 0.0 ], [ 120.382452079799691, -2.61148195852553, 0.0 ], [ 120.382492622136851, -2.610936889325956, 0.0 ], [ 120.383704386648219, -2.611135095408258, 0.0 ] ] ] ] } },
{ "type": "Feature", "properties": { "OBJECTID": 4656, "WADMPR": "Sulawesi Selatan", "WADMKK": "Kab. Luwu Utara", "WADMKC": "Kec. Mappedeceng", "WADMKD": "Desa Tarak Tallu", "POKTAN": "Poktan Harapan Tani", "K_POKTAN": "Made Sutarka", "P_SID": "Universitas Negeri Makassar", "NO_HP_1": "0853-4199-4901", "NAMA_PEMIL": "Pemerintah Desa", "N_PETAK": "TTB003", "LUAS_HA": 0.58326886206999995, "PAKET": "Paket Sulawesi Selatan 9" }, "geometry": { "type": "MultiPolygon", "coordinates": [ [ [ [ 120.383849945518591, -2.61074318614908, 0.0 ], [ 120.383848537180256, -2.611117076591768, 0.0 ], [ 120.383704386648219, -2.611135095408258, 0.0 ], [ 120.382492622136851, -2.610936889325956, 0.0 ], [ 120.382573706811172, -2.61060128841865, 0.0 ], [ 120.383587264340804, -2.610752195557325, 0.0 ], [ 120.383849945518591, -2.61074318614908, 0.0 ] ] ] ] } },
{ "type": "Feature", "properties": { "OBJECTID": 4657, "WADMPR": "Sulawesi Selatan", "WADMKK": "Kab. Luwu Utara", "WADMKC": "Kec. Mappedeceng", "WADMKD": "Desa Tarak Tallu", "POKTAN": "Poktan Harapan Tani", "K_POKTAN": "Made Sutarka", "P_SID": "Universitas Negeri Makassar", "NO_HP_1": "0853-4199-4901", "NAMA_PEMIL": "Pemerintah Desa", "N_PETAK": "TTB004", "LUAS_HA": 0.98031716767, "PAKET": "Paket Sulawesi Selatan 9" }, "geometry": { "type": "MultiPolygon", "coordinates": [ [ [ [ 120.383849945518591, -2.61074318614908, 0.0 ], [ 120.383587264340804, -2.610752195557325, 0.0 ], [ 120.382573706811172, -2.61060128841865, 0.0 ], [ 120.382695896798282, -2.610101267159678, 0.0 ], [ 120.383200499203781, -2.61003916177782, 0.0 ], [ 120.38387510405289, -2.610008881604529, 0.0 ], [ 120.383849945518591, -2.61074318614908, 0.0 ] ] ] ] } },
{ "type": "Feature", "properties": { "OBJECTID": 4658, "WADMPR": "Sulawesi Selatan", "WADMKK": "Kab. Luwu Utara", "WADMKC": "Kec. Mappedeceng", "WADMKD": "Desa Tarak Tallu", "POKTAN": "Poktan Harapan Tani", "K_POKTAN": "Made Sutarka", "P_SID": "Universitas Negeri Makassar", "NO_HP_1": "0853-4199-4901", "NAMA_PEMIL": "Pemerintah Desa", "N_PETAK": "TTB005", "LUAS_HA": 0.19285809404000001, "PAKET": "Paket Sulawesi Selatan 9" }, "geometry": { "type": "MultiPolygon", "coordinates": [ [ [ [ 120.382762904384549, -2.611936933642539, 0.0 ], [ 120.382425614550584, -2.611966212870357, 0.0 ], [ 120.382452079799691, -2.61148195852553, 0.0 ], [ 120.382771913792794, -2.611463939708983, 0.0 ], [ 120.382762904384549, -2.611936933642539, 0.0 ] ] ] ] } },
{ "type": "Feature", "properties": { "OBJECTID": 4659, "WADMPR": "Sulawesi Selatan", "WADMKK": "Kab. Luwu Utara", "WADMKC": "Kec. Mappedeceng", "WADMKD": "Desa Tarak Tallu", "POKTAN": "Poktan Harapan Tani", "K_POKTAN": "Made Sutarka", "P_SID": "Universitas Negeri Makassar", "NO_HP_1": "0853-4199-4901", "NAMA_PEMIL": "Pemerintah Desa", "N_PETAK": "TTB006", "LUAS_HA": 1.1765809408300001, "PAKET": "Paket Sulawesi Selatan 9" }, "geometry": { "type": "MultiPolygon", "coordinates": [ [ [ [ 120.382573706811172, -2.61060128841865, 0.0 ], [ 120.382492622136851, -2.610936889325956, 0.0 ], [ 120.382452079799691, -2.61148195852553, 0.0 ], [ 120.382425614550584, -2.611966212870357, 0.0 ], [ 120.38185351712616, -2.61203378343231, 0.0 ], [ 120.381996823194868, -2.611081884321436, 0.0 ], [ 120.382069742924386, -2.610594531812126, 0.0 ], [ 120.382132808782217, -2.610177847129876, 0.0 ], [ 120.382695896798282, -2.610101267159678, 0.0 ], [ 120.382573706811172, -2.61060128841865, 0.0 ] ] ] ] } },
{ "type": "Feature", "properties": { "OBJECTID": 4660, "WADMPR": "Sulawesi Selatan", "WADMKK": "Kab. Luwu Utara", "WADMKC": "Kec. Mappedeceng", "WADMKD": "Desa Tarak Tallu", "POKTAN": "Poktan Harapan Tani", "K_POKTAN": "Made Sutarka", "P_SID": "Universitas Negeri Makassar", "NO_HP_1": "0853-4199-4901", "NAMA_PEMIL": "Pemerintah Desa", "N_PETAK": "TTB007", "LUAS_HA": 0.49359037159000002, "PAKET": "Paket Sulawesi Selatan 9" }, "geometry": { "type": "MultiPolygon", "coordinates": [ [ [ [ 120.382132808782217, -2.610177847129876, 0.0 ], [ 120.382069742924386, -2.610594531812126, 0.0 ], [ 120.381403046713331, -2.610538222560876, 0.0 ], [ 120.3809796054245, -2.609894050769753, 0.0 ], [ 120.381227363252265, -2.609799451983065, 0.0 ], [ 120.381628281919689, -2.610276949721424, 0.0 ], [ 120.382132808782217, -2.610177847129876, 0.0 ] ] ] ] } },
{ "type": "Feature", "properties": { "OBJECTID": 4661, "WADMPR": "Sulawesi Selatan", "WADMKK": "Kab. Luwu Utara", "WADMKC": "Kec. Mappedeceng", "WADMKD": "Desa Tarak Tallu", "POKTAN": "Poktan Harapan Tani", "K_POKTAN": "Made Sutarka", "P_SID": "Universitas Negeri Makassar", "NO_HP_1": "0853-4199-4901", "NAMA_PEMIL": "Pemerintah Desa", "N_PETAK": "TTB008", "LUAS_HA": 0.34463023851000002, "PAKET": "Paket Sulawesi Selatan 9" }, "geometry": { "type": "MultiPolygon", "coordinates": [ [ [ [ 120.382069742924386, -2.610594531812126, 0.0 ], [ 120.381996823194868, -2.611081884321436, 0.0 ], [ 120.381772150964025, -2.611066680382919, 0.0 ], [ 120.381747374641691, -2.61127389767222, 0.0 ], [ 120.381551420461733, -2.611260383559795, 0.0 ], [ 120.381555925165912, -2.610555396014661, 0.0 ], [ 120.382069742924386, -2.610594531812126, 0.0 ] ] ] ] } },
{ "type": "Feature", "properties": { "OBJECTID": 4662, "WADMPR": "Sulawesi Selatan", "WADMKK": "Kab. Luwu Utara", "WADMKC": "Kec. Mappedeceng", "WADMKD": "Desa Tarak Tallu", "POKTAN": "Poktan Harapan Tani", "K_POKTAN": "Made Sutarka", "P_SID": "Universitas Negeri Makassar", "NO_HP_1": "0853-4199-4901", "NAMA_PEMIL": "Pemerintah Desa", "N_PETAK": "TTB009", "LUAS_HA": 0.46745339023, "PAKET": "Paket Sulawesi Selatan 9" }, "geometry": { "type": "MultiPolygon", "coordinates": [ [ [ [ 120.381996823194868, -2.611081884321436, 0.0 ], [ 120.38185351712616, -2.61203378343231, 0.0 ], [ 120.381533683133057, -2.612073200717589, 0.0 ], [ 120.381587739582528, -2.611730842304496, 0.0 ], [ 120.381330971447255, -2.611724085697972, 0.0 ], [ 120.38152242182241, -2.61125784837094, 0.0 ], [ 120.381551420461733, -2.611260383559795, 0.0 ], [ 120.381747374641691, -2.61127389767222, 0.0 ], [ 120.381772150964025, -2.611066680382919, 0.0 ], [ 120.381996823194868, -2.611081884321436, 0.0 ] ] ] ] } },
{ "type": "Feature", "properties": { "OBJECTID": 4663, "WADMPR": "Sulawesi Selatan", "WADMKK": "Kab. Luwu Utara", "WADMKC": "Kec. Mappedeceng", "WADMKD": "Desa Tarak Tallu", "POKTAN": "Poktan Harapan Tani", "K_POKTAN": "Made Sutarka", "P_SID": "Universitas Negeri Makassar", "NO_HP_1": "0853-4199-4901", "NAMA_PEMIL": "Pemerintah Desa", "N_PETAK": "TTB010", "LUAS_HA": 0.11896247106000001, "PAKET": "Paket Sulawesi Selatan 9" }, "geometry": { "type": "MultiPolygon", "coordinates": [ [ [ [ 120.381533683133057, -2.612073200717589, 0.0 ], [ 120.381245382068755, -2.612095724238259, 0.0 ], [ 120.381330971447255, -2.611724085697972, 0.0 ], [ 120.381587739582528, -2.611730842304496, 0.0 ], [ 120.381533683133057, -2.612073200717589, 0.0 ] ] ] ] } },
{ "type": "Feature", "properties": { "OBJECTID": 4664, "WADMPR": "Sulawesi Selatan", "WADMKK": "Kab. Luwu Utara", "WADMKC": "Kec. Mappedeceng", "WADMKD": "Desa Tarak Tallu", "POKTAN": "Poktan Harapan Tani", "K_POKTAN": "Made Sutarka", "P_SID": "Universitas Negeri Makassar", "NO_HP_1": "0853-4199-4901", "NAMA_PEMIL": "Pemerintah Desa", "N_PETAK": "TTB011", "LUAS_HA": 1.3888853216799999, "PAKET": "Paket Sulawesi Selatan 9" }, "geometry": { "type": "MultiPolygon", "coordinates": [ [ [ [ 120.381555925165912, -2.610555396014661, 0.0 ], [ 120.381551420461733, -2.611260383559795, 0.0 ], [ 120.38152242182241, -2.61125784837094, 0.0 ], [ 120.381330971447255, -2.611724085697972, 0.0 ], [ 120.381245382068755, -2.612095724238259, 0.0 ], [ 120.3804210221125, -2.612226360657985, 0.0 ], [ 120.380524630307491, -2.611667777345986, 0.0 ], [ 120.380736351401538, -2.611275867187487, 0.0 ], [ 120.380774359449219, -2.611273334696591, 0.0 ], [ 120.380993119536924, -2.61125784837094, 0.0 ], [ 120.380975382208135, -2.611026138945135, 0.0 ], [ 120.380943567791519, -2.610618181283996, 0.0 ], [ 120.381403046713331, -2.610538222560876, 0.0 ], [ 120.381555925165912, -2.610555396014661, 0.0 ] ] ] ] } },
{ "type": "Feature", "properties": { "OBJECTID": 4665, "WADMPR": "Sulawesi Selatan", "WADMKK": "Kab. Luwu Utara", "WADMKC": "Kec. Mappedeceng", "WADMKD": "Desa Tarak Tallu", "POKTAN": "Poktan Harapan Tani", "K_POKTAN": "Made Sutarka", "P_SID": "Universitas Negeri Makassar", "NO_HP_1": "0853-4199-4901", "NAMA_PEMIL": "Pemerintah Desa", "N_PETAK": "TTB012", "LUAS_HA": 2.1190379933000001, "PAKET": "Paket Sulawesi Selatan 9" }, "geometry": { "type": "MultiPolygon", "coordinates": [ [ [ [ 120.380943567791519, -2.610618181283996, 0.0 ], [ 120.380975382208135, -2.611026138945135, 0.0 ], [ 120.380767884330453, -2.611046128176213, 0.0 ], [ 120.380774359449219, -2.611273334696591, 0.0 ], [ 120.380736351401538, -2.611275867187487, 0.0 ], [ 120.380524630307491, -2.611667777345986, 0.0 ], [ 120.3804210221125, -2.612226360657985, 0.0 ], [ 120.379837662478167, -2.612307445332306, 0.0 ], [ 120.379739122862247, -2.611891323625628, 0.0 ], [ 120.379675494028902, -2.611613720896457, 0.0 ], [ 120.379869195407082, -2.611559664446929, 0.0 ], [ 120.379833157774101, -2.611433532731326, 0.0 ], [ 120.380152991767204, -2.611352447157685, 0.0 ], [ 120.380098935317619, -2.611109194034043, 0.0 ], [ 120.380216057625034, -2.611032614063845, 0.0 ], [ 120.380171010583695, -2.610825396774601, 0.0 ], [ 120.379833157774101, -2.610929004969535, 0.0 ], [ 120.379558371721487, -2.610140682646318, 0.0 ], [ 120.379860185998837, -2.610046084758949, 0.0 ], [ 120.380943567791519, -2.610618181283996, 0.0 ] ] ] ] } },
{ "type": "Feature", "properties": { "OBJECTID": 4666, "WADMPR": "Sulawesi Selatan", "WADMKK": "Kab. Luwu Utara", "WADMKC": "Kec. Mappedeceng", "WADMKD": "Desa Tarak Tallu", "POKTAN": "Poktan Harapan Tani", "K_POKTAN": "Made Sutarka", "P_SID": "Universitas Negeri Makassar", "NO_HP_1": "0853-4199-4901", "NAMA_PEMIL": "Pemerintah Desa", "N_PETAK": "TTB013", "LUAS_HA": 0.20766717562000001, "PAKET": "Paket Sulawesi Selatan 9" }, "geometry": { "type": "MultiPolygon", "coordinates": [ [ [ [ 120.379837662478167, -2.612307445332306, 0.0 ], [ 120.379475597221131, -2.612376704821031, 0.0 ], [ 120.379329194786578, -2.611962271141863, 0.0 ], [ 120.379739122862247, -2.611891323625628, 0.0 ], [ 120.379837662478167, -2.612307445332306, 0.0 ] ] ] ] } },
{ "type": "Feature", "properties": { "OBJECTID": 4667, "WADMPR": "Sulawesi Selatan", "WADMKK": "Kab. Luwu Utara", "WADMKC": "Kec. Mappedeceng", "WADMKD": "Desa Tarak Tallu", "POKTAN": "Poktan Harapan Tani", "K_POKTAN": "Made Sutarka", "P_SID": "Universitas Negeri Makassar", "NO_HP_1": "0853-4199-4901", "NAMA_PEMIL": "Pemerintah Desa", "N_PETAK": "TTB014", "LUAS_HA": 0.26111848243000002, "PAKET": "Paket Sulawesi Selatan 9" }, "geometry": { "type": "MultiPolygon", "coordinates": [ [ [ [ 120.379739122862247, -2.611891323625628, 0.0 ], [ 120.379329194786578, -2.611962271141863, 0.0 ], [ 120.379220518911893, -2.611535451100167, 0.0 ], [ 120.379833157774101, -2.611433532731326, 0.0 ], [ 120.379869195407082, -2.611559664446929, 0.0 ], [ 120.379675494028902, -2.611613720896457, 0.0 ], [ 120.379739122862247, -2.611891323625628, 0.0 ] ] ] ] } },
{ "type": "Feature", "properties": { "OBJECTID": 4668, "WADMPR": "Sulawesi Selatan", "WADMKK": "Kab. Luwu Utara", "WADMKC": "Kec. Mappedeceng", "WADMKD": "Desa Tarak Tallu", "POKTAN": "Poktan Harapan Tani", "K_POKTAN": "Made Sutarka", "P_SID": "Universitas Negeri Makassar", "NO_HP_1": "0853-4199-4901", "NAMA_PEMIL": "Pemerintah Desa", "N_PETAK": "TTB015", "LUAS_HA": 0.61869136782, "PAKET": "Paket Sulawesi Selatan 9" }, "geometry": { "type": "MultiPolygon", "coordinates": [ [ [ [ 120.379833157774101, -2.611433532731326, 0.0 ], [ 120.379220518911893, -2.611535451100167, 0.0 ], [ 120.379076368379742, -2.611082728784879, 0.0 ], [ 120.379833157774101, -2.610929004969535, 0.0 ], [ 120.380171010583695, -2.610825396774601, 0.0 ], [ 120.380216057625034, -2.611032614063845, 0.0 ], [ 120.380098935317619, -2.611109194034043, 0.0 ], [ 120.380152991767204, -2.611352447157685, 0.0 ], [ 120.379833157774101, -2.611433532731326, 0.0 ] ] ] ] } },
{ "type": "Feature", "properties": { "OBJECTID": 4669, "WADMPR": "Sulawesi Selatan", "WADMKK": "Kab. Luwu Utara", "WADMKC": "Kec. Mappedeceng", "WADMKD": "Desa Tarak Tallu", "POKTAN": "Poktan Harapan Tani", "K_POKTAN": "Made Sutarka", "P_SID": "Universitas Negeri Makassar", "NO_HP_1": "0853-4199-4901", "NAMA_PEMIL": "Pemerintah Desa", "N_PETAK": "TTB016", "LUAS_HA": 0.40269230932, "PAKET": "Paket Sulawesi Selatan 9" }, "geometry": { "type": "MultiPolygon", "coordinates": [ [ [ [ 120.379833157774101, -2.610929004969535, 0.0 ], [ 120.379076368379742, -2.611082728784879, 0.0 ], [ 120.378963293920947, -2.610690229570366, 0.0 ], [ 120.379709568441854, -2.610606354299762, 0.0 ], [ 120.379555555944194, -2.610206079546913, 0.0 ], [ 120.378851327426901, -2.610301580353621, 0.0 ], [ 120.378842123765025, -2.610269630139271, 0.0 ], [ 120.379477287047166, -2.610155886584835, 0.0 ], [ 120.379558371721487, -2.610140682646318, 0.0 ], [ 120.379833157774101, -2.610929004969535, 0.0 ] ] ] ] } },
{ "type": "Feature", "properties": { "OBJECTID": 4670, "WADMPR": "Sulawesi Selatan", "WADMKK": "Kab. Luwu Utara", "WADMKC": "Kec. Mappedeceng", "WADMKD": "Desa Tarak Tallu", "POKTAN": "Poktan Harapan Tani", "K_POKTAN": "Made Sutarka", "P_SID": "Universitas Negeri Makassar", "NO_HP_1": "0853-4199-4901", "NAMA_PEMIL": "Pemerintah Desa", "N_PETAK": "TTB017", "LUAS_HA": 0.63668115662000002, "PAKET": "Paket Sulawesi Selatan 9" }, "geometry": { "type": "MultiPolygon", "coordinates": [ [ [ [ 120.378584229678495, -2.612010697835387, 0.0 ], [ 120.379169840315967, -2.611902584036955, 0.0 ], [ 120.379413094338929, -2.612650364922331, 0.0 ], [ 120.379381561410014, -2.612717935484284, 0.0 ], [ 120.378777931956051, -2.612803525762047, 0.0 ], [ 120.378584229678495, -2.612010697835387, 0.0 ] ] ] ] } },
{ "type": "Feature", "properties": { "OBJECTID": 4671, "WADMPR": "Sulawesi Selatan", "WADMKK": "Kab. Luwu Utara", "WADMKC": "Kec. Mappedeceng", "WADMKD": "Desa Tarak Tallu", "POKTAN": "Poktan Harapan Tani", "K_POKTAN": "Made Sutarka", "P_SID": "Universitas Negeri Makassar", "NO_HP_1": "0853-4199-4901", "NAMA_PEMIL": "Pemerintah Desa", "N_PETAK": "TTB018", "LUAS_HA": 0.1448191718, "PAKET": "Paket Sulawesi Selatan 9" }, "geometry": { "type": "MultiPolygon", "coordinates": [ [ [ [ 120.379169840315967, -2.611902584036955, 0.0 ], [ 120.378584229678495, -2.612010697835387, 0.0 ], [ 120.378534677933089, -2.611816994658511, 0.0 ], [ 120.379079746233401, -2.611706630756373, 0.0 ], [ 120.379169840315967, -2.611902584036955, 0.0 ] ] ] ] } },
{ "type": "Feature", "properties": { "OBJECTID": 4672, "WADMPR": "Sulawesi Selatan", "WADMKK": "Kab. Luwu Utara", "WADMKC": "Kec. Mappedeceng", "WADMKD": "Desa Tarak Tallu", "POKTAN": "Poktan Harapan Tani", "K_POKTAN": "Made Sutarka", "P_SID": "Universitas Negeri Makassar", "NO_HP_1": "0853-4199-4901", "NAMA_PEMIL": "Pemerintah Desa", "N_PETAK": "TTB019", "LUAS_HA": 0.66597633871999995, "PAKET": "Paket Sulawesi Selatan 9" }, "geometry": { "type": "MultiPolygon", "coordinates": [ [ [ [ 120.379079746233401, -2.611706630756373, 0.0 ], [ 120.378534677933089, -2.611816994658511, 0.0 ], [ 120.378408546217543, -2.611853032291549, 0.0 ], [ 120.378223853348231, -2.611188588882214, 0.0 ], [ 120.378201329827561, -2.611082728784879, 0.0 ], [ 120.378859016630372, -2.610938577353409, 0.0 ], [ 120.379079746233401, -2.611706630756373, 0.0 ] ] ] ] } },
{ "type": "Feature", "properties": { "OBJECTID": 4673, "WADMPR": "Sulawesi Selatan", "WADMKK": "Kab. Luwu Utara", "WADMKC": "Kec. Mappedeceng", "WADMKD": "Desa Tarak Tallu", "POKTAN": "Poktan Harapan Tani", "K_POKTAN": "Made Sutarka", "P_SID": "Universitas Negeri Makassar", "NO_HP_1": "0853-4199-4901", "NAMA_PEMIL": "Pemerintah Desa", "N_PETAK": "TTB020", "LUAS_HA": 0.70099123564, "PAKET": "Paket Sulawesi Selatan 9" }, "geometry": { "type": "MultiPolygon", "coordinates": [ [ [ [ 120.378859016630372, -2.610938577353409, 0.0 ], [ 120.378201329827561, -2.611082728784879, 0.0 ], [ 120.378223853348231, -2.611188588882214, 0.0 ], [ 120.377928794778086, -2.611265169751732, 0.0 ], [ 120.377705812373392, -2.610634511173714, 0.0 ], [ 120.378683333169306, -2.610434052289634, 0.0 ], [ 120.378859016630372, -2.610938577353409, 0.0 ] ] ] ] } },
{ "type": "Feature", "properties": { "OBJECTID": 4674, "WADMPR": "Sulawesi Selatan", "WADMKK": "Kab. Luwu Utara", "WADMKC": "Kec. Mappedeceng", "WADMKD": "Desa Tarak Tallu", "POKTAN": "Poktan Harapan Tani", "K_POKTAN": "Made Sutarka", "P_SID": "Universitas Negeri Makassar", "NO_HP_1": "0853-4199-4901", "NAMA_PEMIL": "Pemerintah Desa", "N_PETAK": "TTB021", "LUAS_HA": 0.27092976885999998, "PAKET": "Paket Sulawesi Selatan 9" }, "geometry": { "type": "MultiPolygon", "coordinates": [ [ [ [ 120.378683333169306, -2.610434052289634, 0.0 ], [ 120.377705812373392, -2.610634511173714, 0.0 ], [ 120.377637115860239, -2.610434052289634, 0.0 ], [ 120.378605626348644, -2.610213320888022, 0.0 ], [ 120.378683333169306, -2.610434052289634, 0.0 ] ] ] ] } },
{ "type": "Feature", "properties": { "OBJECTID": 4675, "WADMPR": "Sulawesi Selatan", "WADMKK": "Kab. Luwu Utara", "WADMKC": "Kec. Mappedeceng", "WADMKD": "Desa Tarak Tallu", "POKTAN": "Poktan Harapan Tani", "K_POKTAN": "Made Sutarka", "P_SID": "Universitas Negeri Makassar", "NO_HP_1": "0853-4199-4901", "NAMA_PEMIL": "Pemerintah Desa", "N_PETAK": "TTB022", "LUAS_HA": 0.92469493005000003, "PAKET": "Paket Sulawesi Selatan 9" }, "geometry": { "type": "MultiPolygon", "coordinates": [ [ [ [ 120.378605626348644, -2.610213320888022, 0.0 ], [ 120.377637115860239, -2.610434052289634, 0.0 ], [ 120.377461432399286, -2.609884477486617, 0.0 ], [ 120.377835322841975, -2.60979438430337, 0.0 ], [ 120.37779928520888, -2.609470045606088, 0.0 ], [ 120.378110275269023, -2.609424161295976, 0.0 ], [ 120.378350995901769, -2.609395822758984, 0.0 ], [ 120.378605626348644, -2.610213320888022, 0.0 ] ] ] ] } },
{ "type": "Feature", "properties": { "OBJECTID": 4676, "WADMPR": "Sulawesi Selatan", "WADMKK": "Kab. Luwu Utara", "WADMKC": "Kec. Mappedeceng", "WADMKD": "Desa Tarak Tallu", "POKTAN": "Poktan Harapan Tani", "K_POKTAN": "Made Sutarka", "P_SID": "Universitas Negeri Makassar", "NO_HP_1": "0853-4199-4901", "NAMA_PEMIL": "Pemerintah Desa", "N_PETAK": "TTB024", "LUAS_HA": 0.40029737579000002, "PAKET": "Paket Sulawesi Selatan 9" }, "geometry": { "type": "MultiPolygon", "coordinates": [ [ [ [ 120.377242807209882, -2.608816203405013, 0.0 ], [ 120.377079134194787, -2.608829479197084, 0.0 ], [ 120.377080699015096, -2.608834143980516, 0.0 ], [ 120.377074027844174, -2.608834881424571, 0.0 ], [ 120.377028980802834, -2.608553337866226, 0.0 ], [ 120.377785771096569, -2.608476758795348, 0.0 ], [ 120.378231736805219, -2.608445225866433, 0.0 ], [ 120.378213717988729, -2.608708750608287, 0.0 ], [ 120.377242807209882, -2.608816203405013, 0.0 ] ] ] ] } },
{ "type": "Feature", "properties": { "OBJECTID": 4677, "WADMPR": "Sulawesi Selatan", "WADMKK": "Kab. Luwu Utara", "WADMKC": "Kec. Mappedeceng", "WADMKD": "Desa Tarak Tallu", "POKTAN": "Poktan Harapan Tani", "K_POKTAN": "Made Sutarka", "P_SID": "Universitas Negeri Makassar", "NO_HP_1": "0853-4199-4901", "NAMA_PEMIL": "Pemerintah Desa", "N_PETAK": "TTB025", "LUAS_HA": 0.29179782520999997, "PAKET": "Paket Sulawesi Selatan 9" }, "geometry": { "type": "MultiPolygon", "coordinates": [ [ [ [ 120.377772256984144, -2.608301074434962, 0.0 ], [ 120.377281244234041, -2.608319093251509, 0.0 ], [ 120.377209168968079, -2.607868623737943, 0.0 ], [ 120.377745228759409, -2.607832586104905, 0.0 ], [ 120.377772256984144, -2.608301074434962, 0.0 ] ] ] ] } },
{ "type": "Feature", "properties": { "OBJECTID": 4678, "WADMPR": "Sulawesi Selatan", "WADMKK": "Kab. Luwu Utara", "WADMKC": "Kec. Mappedeceng", "WADMKD": "Desa Tarak Tallu", "POKTAN": "Poktan Harapan Tani", "K_POKTAN": "Made Sutarka", "P_SID": "Universitas Negeri Makassar", "NO_HP_1": "0853-4199-4901", "NAMA_PEMIL": "Pemerintah Desa", "N_PETAK": "TTB026", "LUAS_HA": 0.18508797828000001, "PAKET": "Paket Sulawesi Selatan 9" }, "geometry": { "type": "MultiPolygon", "coordinates": [ [ [ [ 120.377785771096569, -2.608476758795348, 0.0 ], [ 120.377028980802834, -2.608553337866226, 0.0 ], [ 120.377015466690523, -2.608341616772123, 0.0 ], [ 120.377281244234041, -2.608319093251509, 0.0 ], [ 120.377772256984144, -2.608301074434962, 0.0 ], [ 120.377785771096569, -2.608476758795348, 0.0 ] ] ] ] } },
{ "type": "Feature", "properties": { "OBJECTID": 4679, "WADMPR": "Sulawesi Selatan", "WADMKK": "Kab. Luwu Utara", "WADMKC": "Kec. Mappedeceng", "WADMKD": "Desa Tarak Tallu", "POKTAN": "Poktan Harapan Tani", "K_POKTAN": "Made Sutarka", "P_SID": "Universitas Negeri Makassar", "NO_HP_1": "0853-4199-4901", "NAMA_PEMIL": "Pemerintah Desa", "N_PETAK": "TTB027", "LUAS_HA": 0.56493217367000004, "PAKET": "Paket Sulawesi Selatan 9" }, "geometry": { "type": "MultiPolygon", "coordinates": [ [ [ [ 120.378231736805219, -2.608445225866433, 0.0 ], [ 120.377785771096569, -2.608476758795348, 0.0 ], [ 120.377772256984144, -2.608301074434962, 0.0 ], [ 120.377745228759409, -2.607832586104905, 0.0 ], [ 120.37773621935105, -2.60780105317599, 0.0 ], [ 120.377830818137795, -2.607792043767745, 0.0 ], [ 120.377808294617125, -2.607530770028973, 0.0 ], [ 120.377954697051678, -2.60762311691326, 0.0 ], [ 120.378033529823597, -2.607571313265453, 0.0 ], [ 120.378112361696253, -2.607569061363051, 0.0 ], [ 120.378204708580483, -2.607458695662217, 0.0 ], [ 120.378330840296144, -2.607397882606165, 0.0 ], [ 120.378231736805219, -2.608445225866433, 0.0 ] ] ] ] } },
{ "type": "Feature", "properties": { "OBJECTID": 4680, "WADMPR": "Sulawesi Selatan", "WADMKK": "Kab. Luwu Utara", "WADMKC": "Kec. Mappedeceng", "WADMKD": "Desa Tarak Tallu", "POKTAN": "Poktan Harapan Tani", "K_POKTAN": "Made Sutarka", "P_SID": "Universitas Negeri Makassar", "NO_HP_1": "0853-4199-4901", "NAMA_PEMIL": "Pemerintah Desa", "N_PETAK": "TTB028", "LUAS_HA": 0.37286389654000002, "PAKET": "Paket Sulawesi Selatan 9" }, "geometry": { "type": "MultiPolygon", "coordinates": [ [ [ [ 120.377808294617125, -2.607530770028973, 0.0 ], [ 120.377830818137795, -2.607792043767745, 0.0 ], [ 120.37773621935105, -2.60780105317599, 0.0 ], [ 120.377745228759409, -2.607832586104905, 0.0 ], [ 120.377209168968079, -2.607868623737943, 0.0 ], [ 120.376882578368395, -2.607906913273382, 0.0 ], [ 120.376945644226112, -2.607580322673698, 0.0 ], [ 120.377405123147923, -2.607542033138259, 0.0 ], [ 120.377400618443858, -2.607494733295255, 0.0 ], [ 120.377452422991041, -2.607484597036489, 0.0 ], [ 120.377688919508046, -2.607438424044005, 0.0 ], [ 120.377733966549386, -2.607490228591132, 0.0 ], [ 120.377808294617125, -2.607530770028973, 0.0 ] ] ] ] } },
{ "type": "Feature", "properties": { "OBJECTID": 4681, "WADMPR": "Sulawesi Selatan", "WADMKK": "Kab. Luwu Utara", "WADMKC": "Kec. Mappedeceng", "WADMKD": "Desa Tarak Tallu", "POKTAN": "Poktan Harapan Tani", "K_POKTAN": "Made Sutarka", "P_SID": "Universitas Negeri Makassar", "NO_HP_1": "0853-4199-4901", "NAMA_PEMIL": "Pemerintah Desa", "N_PETAK": "TTB029", "LUAS_HA": 1.0165794053899999, "PAKET": "Paket Sulawesi Selatan 9" }, "geometry": { "type": "MultiPolygon", "coordinates": [ [ [ [ 120.378330840296144, -2.607397882606165, 0.0 ], [ 120.378204708580483, -2.607458695662217, 0.0 ], [ 120.378112361696253, -2.607569061363051, 0.0 ], [ 120.378033529823597, -2.607571313265453, 0.0 ], [ 120.377954697051678, -2.60762311691326, 0.0 ], [ 120.377808294617125, -2.607530770028973, 0.0 ], [ 120.377733966549386, -2.607490228591132, 0.0 ], [ 120.377688919508046, -2.607438424044005, 0.0 ], [ 120.377452422991041, -2.607484597036489, 0.0 ], [ 120.377416385357947, -2.607134356964934, 0.0 ], [ 120.377477198413999, -2.607057776994793, 0.0 ], [ 120.377429899470371, -2.606773980634671, 0.0 ], [ 120.377592068819013, -2.606722176986807, 0.0 ], [ 120.377785771096569, -2.606672625241401, 0.0 ], [ 120.377740724055229, -2.606496941780392, 0.0 ], [ 120.37830155926963, -2.6064766710615, 0.0 ], [ 120.37830155926963, -2.606656857427993, 0.0 ], [ 120.378400662760441, -2.606659111129034, 0.0 ], [ 120.378398409958663, -2.60680776636525, 0.0 ], [ 120.378159661539257, -2.606819026776634, 0.0 ], [ 120.378157408737479, -2.606940654687435, 0.0 ], [ 120.378375886438107, -2.606920383069166, 0.0 ], [ 120.378330840296144, -2.607397882606165, 0.0 ] ] ] ] } },
{ "type": "Feature", "properties": { "OBJECTID": 4682, "WADMPR": "Sulawesi Selatan", "WADMKK": "Kab. Luwu Utara", "WADMKC": "Kec. Mappedeceng", "WADMKD": "Desa Tarak Tallu", "POKTAN": "Poktan Harapan Tani", "K_POKTAN": "Made Sutarka", "P_SID": "Universitas Negeri Makassar", "NO_HP_1": "0853-4199-4901", "NAMA_PEMIL": "Pemerintah Desa", "N_PETAK": "TTB030", "LUAS_HA": 0.66760115238999995, "PAKET": "Paket Sulawesi Selatan 9" }, "geometry": { "type": "MultiPolygon", "coordinates": [ [ [ [ 120.379390569918883, -2.609792130602273, 0.0 ], [ 120.379477287047166, -2.610155886584835, 0.0 ], [ 120.378842123765025, -2.610269630139271, 0.0 ], [ 120.378602248494985, -2.609438512677173, 0.0 ], [ 120.379039203896241, -2.609409231650659, 0.0 ], [ 120.379277953215023, -2.60939346473657, 0.0 ], [ 120.379390569918883, -2.609792130602273, 0.0 ] ] ] ] } },
{ "type": "Feature", "properties": { "OBJECTID": 4683, "WADMPR": "Sulawesi Selatan", "WADMKK": "Kab. Luwu Utara", "WADMKC": "Kec. Mappedeceng", "WADMKD": "Desa Tarak Tallu", "POKTAN": "Poktan Harapan Tani", "K_POKTAN": "Made Sutarka", "P_SID": "Universitas Negeri Makassar", "NO_HP_1": "0853-4199-4901", "NAMA_PEMIL": "Pemerintah Desa", "N_PETAK": "TTB031", "LUAS_HA": 3.6703626346, "PAKET": "Paket Sulawesi Selatan 9" }, "geometry": { "type": "MultiPolygon", "coordinates": [ [ [ [ 120.379390569918883, -2.609792130602273, 0.0 ], [ 120.379277953215023, -2.60939346473657, 0.0 ], [ 120.379039203896241, -2.609409231650659, 0.0 ], [ 120.379097765049892, -2.608945248024725, 0.0 ], [ 120.379336514368674, -2.608922724504112, 0.0 ], [ 120.379521207237985, -2.608904705687564, 0.0 ], [ 120.379561749575146, -2.608553337866226, 0.0 ], [ 120.379799372942784, -2.608055568509656, 0.0 ], [ 120.379895097680674, -2.607882136950991, 0.0 ], [ 120.380381604827221, -2.607728977010652, 0.0 ], [ 120.380395119839022, -2.607490228591132, 0.0 ], [ 120.380516746850503, -2.607418153325057, 0.0 ], [ 120.38064287856605, -2.607134356964934, 0.0 ], [ 120.381079834866568, -2.607080300515406, 0.0 ], [ 120.381129386611974, -2.607431667437481, 0.0 ], [ 120.381129386611974, -2.608026288382462, 0.0 ], [ 120.38119695717387, -2.608395674121027, 0.0 ], [ 120.381327593593596, -2.608701994001763, 0.0 ], [ 120.381115872499549, -2.608783077776764, 0.0 ], [ 120.381147405428464, -2.608936238616479, 0.0 ], [ 120.380764505577531, -2.60921102466898, 0.0 ], [ 120.380710449127946, -2.608643432848112, 0.0 ], [ 120.380133846999456, -2.608706498705885, 0.0 ], [ 120.380093304662296, -2.608904705687564, 0.0 ], [ 120.380223941082022, -2.609120931485734, 0.0 ], [ 120.380223941082022, -2.60951283894633, 0.0 ], [ 120.380309530460522, -2.609994843187394, 0.0 ], [ 120.379850050639334, -2.609882225584215, 0.0 ], [ 120.379746442444457, -2.609715551531451, 0.0 ], [ 120.379390569918883, -2.609792130602273, 0.0 ] ] ] ] } },
{ "type": "Feature", "properties": { "OBJECTID": 4684, "WADMPR": "Sulawesi Selatan", "WADMKK": "Kab. Luwu Utara", "WADMKC": "Kec. Mappedeceng", "WADMKD": "Desa Tarak Tallu", "POKTAN": "Poktan Harapan Tani", "K_POKTAN": "Made Sutarka", "P_SID": "Universitas Negeri Makassar", "NO_HP_1": "0853-4199-4901", "NAMA_PEMIL": "Pemerintah Desa", "N_PETAK": "TTB032", "LUAS_HA": 1.0103560041, "PAKET": "Paket Sulawesi Selatan 9" }, "geometry": { "type": "MultiPolygon", "coordinates": [ [ [ [ 120.379177723772955, -2.6082582801954, 0.0 ], [ 120.379097765049892, -2.608945248024725, 0.0 ], [ 120.379039203896241, -2.609409231650659, 0.0 ], [ 120.378602248494985, -2.609438512677173, 0.0 ], [ 120.378375886438107, -2.608681721484231, 0.0 ], [ 120.378465980520673, -2.608087101438514, 0.0 ], [ 120.379177723772955, -2.6082582801954, 0.0 ] ] ] ] } },
{ "type": "Feature", "properties": { "OBJECTID": 4685, "WADMPR": "Sulawesi Selatan", "WADMKK": "Kab. Luwu Utara", "WADMKC": "Kec. Mappedeceng", "WADMKD": "Desa Tarak Tallu", "POKTAN": "Poktan Harapan Tani", "K_POKTAN": "Made Sutarka", "P_SID": "Universitas Negeri Makassar", "NO_HP_1": "0853-4199-4901", "NAMA_PEMIL": "Pemerintah Desa", "N_PETAK": "TTB033", "LUAS_HA": 0.49387225397000001, "PAKET": "Paket Sulawesi Selatan 9" }, "geometry": { "type": "MultiPolygon", "coordinates": [ [ [ [ 120.379042019673534, -2.607714337846346, 0.0 ], [ 120.379330883713351, -2.607789790966024, 0.0 ], [ 120.379177723772955, -2.6082582801954, 0.0 ], [ 120.378465980520673, -2.608087101438514, 0.0 ], [ 120.378474989029542, -2.607573566067174, 0.0 ], [ 120.379042019673534, -2.607714337846346, 0.0 ] ] ] ] } },
{ "type": "Feature", "properties": { "OBJECTID": 4686, "WADMPR": "Sulawesi Selatan", "WADMKK": "Kab. Luwu Utara", "WADMKC": "Kec. Mappedeceng", "WADMKD": "Desa Tarak Tallu", "POKTAN": "Poktan Harapan Tani", "K_POKTAN": "Made Sutarka", "P_SID": "Universitas Negeri Makassar", "NO_HP_1": "0853-4199-4901", "NAMA_PEMIL": "Pemerintah Desa", "N_PETAK": "TTB034", "LUAS_HA": 0.58926107772000003, "PAKET": "Paket Sulawesi Selatan 9" }, "geometry": { "type": "MultiPolygon", "coordinates": [ [ [ [ 120.379490801159591, -2.607875380344467, 0.0 ], [ 120.379799372942784, -2.608055568509656, 0.0 ], [ 120.379561749575146, -2.608553337866226, 0.0 ], [ 120.379521207237985, -2.608904705687564, 0.0 ], [ 120.379097765049892, -2.608945248024725, 0.0 ], [ 120.379177723772955, -2.6082582801954, 0.0 ], [ 120.379330883713351, -2.607789790966024, 0.0 ], [ 120.379490801159591, -2.607875380344467, 0.0 ] ] ] ] } },
{ "type": "Feature", "properties": { "OBJECTID": 4687, "WADMPR": "Sulawesi Selatan", "WADMKK": "Kab. Luwu Utara", "WADMKC": "Kec. Mappedeceng", "WADMKD": "Desa Tarak Tallu", "POKTAN": "Poktan Harapan Tani", "K_POKTAN": "Made Sutarka", "P_SID": "Universitas Negeri Makassar", "NO_HP_1": "0853-4199-4901", "NAMA_PEMIL": "Pemerintah Desa", "N_PETAK": "TTB035", "LUAS_HA": 0.23973071046, "PAKET": "Paket Sulawesi Selatan 9" }, "geometry": { "type": "MultiPolygon", "coordinates": [ [ [ [ 120.379895097680674, -2.607882136950991, 0.0 ], [ 120.379799372942784, -2.608055568509656, 0.0 ], [ 120.379490801159591, -2.607875380344467, 0.0 ], [ 120.379792615436941, -2.607418153325057, 0.0 ], [ 120.380116954134223, -2.607596088688467, 0.0 ], [ 120.379895097680674, -2.607882136950991, 0.0 ] ] ] ] } },
{ "type": "Feature", "properties": { "OBJECTID": 4688, "WADMPR": "Sulawesi Selatan", "WADMKK": "Kab. Luwu Utara", "WADMKC": "Kec. Mappedeceng", "WADMKD": "Desa Tarak Tallu", "POKTAN": "Poktan Harapan Tani", "K_POKTAN": "Made Sutarka", "P_SID": "Universitas Negeri Makassar", "NO_HP_1": "0853-4199-4901", "NAMA_PEMIL": "Pemerintah Desa", "N_PETAK": "TTB036", "LUAS_HA": 0.57406518115000005, "PAKET": "Paket Sulawesi Selatan 9" }, "geometry": { "type": "MultiPolygon", "coordinates": [ [ [ [ 120.379965484019976, -2.606199631307902, 0.0 ], [ 120.380582628485627, -2.607028496867599, 0.0 ], [ 120.38024027097174, -2.60708705712193, 0.0 ], [ 120.379866380529052, -2.606848308702411, 0.0 ], [ 120.379690696168723, -2.606699653466194, 0.0 ], [ 120.379870885233231, -2.606614063188431, 0.0 ], [ 120.379803314671335, -2.606537484117553, 0.0 ], [ 120.379591593577288, -2.606609558484308, 0.0 ], [ 120.379262750175826, -2.606460903248035, 0.0 ], [ 120.379965484019976, -2.606199631307902, 0.0 ] ] ] ] } },
{ "type": "Feature", "properties": { "OBJECTID": 4689, "WADMPR": "Sulawesi Selatan", "WADMKK": "Kab. Luwu Utara", "WADMKC": "Kec. Mappedeceng", "WADMKD": "Desa Tarak Tallu", "POKTAN": "Poktan Harapan Tani", "K_POKTAN": "Made Sutarka", "P_SID": "Universitas Negeri Makassar", "NO_HP_1": "0853-4199-4901", "NAMA_PEMIL": "Pemerintah Desa", "N_PETAK": "TTB037", "LUAS_HA": 0.42031573937, "PAKET": "Paket Sulawesi Selatan 9" }, "geometry": { "type": "MultiPolygon", "coordinates": [ [ [ [ 120.38064287856605, -2.607134356964934, 0.0 ], [ 120.380516746850503, -2.607418153325057, 0.0 ], [ 120.380395119839022, -2.607490228591132, 0.0 ], [ 120.380381604827221, -2.607728977010652, 0.0 ], [ 120.379895097680674, -2.607882136950991, 0.0 ], [ 120.380116954134223, -2.607596088688467, 0.0 ], [ 120.379792615436941, -2.607418153325057, 0.0 ], [ 120.380028549877693, -2.607060029796514, 0.0 ], [ 120.38026279449241, -2.607195170920363, 0.0 ], [ 120.38064287856605, -2.607134356964934, 0.0 ] ] ] ] } },
{ "type": "Feature", "properties": { "OBJECTID": 4690, "WADMPR": "Sulawesi Selatan", "WADMKK": "Kab. Luwu Utara", "WADMKC": "Kec. Mappedeceng", "WADMKD": "Desa Tarak Tallu", "POKTAN": "Poktan Harapan Tani", "K_POKTAN": "Made Sutarka", "P_SID": "Universitas Negeri Makassar", "NO_HP_1": "0853-4199-4901", "NAMA_PEMIL": "Pemerintah Desa", "N_PETAK": "TTB038", "LUAS_HA": 0.80675952691999997, "PAKET": "Paket Sulawesi Selatan 9" }, "geometry": { "type": "MultiPolygon", "coordinates": [ [ [ [ 120.380028549877693, -2.607060029796514, 0.0 ], [ 120.379792615436941, -2.607418153325057, 0.0 ], [ 120.379490801159591, -2.607875380344467, 0.0 ], [ 120.379330883713351, -2.607789790966024, 0.0 ], [ 120.379042019673534, -2.607714337846346, 0.0 ], [ 120.379186170205685, -2.607245848616969, 0.0 ], [ 120.379294282205365, -2.606935023132792, 0.0 ], [ 120.379429424228647, -2.606600549076006, 0.0 ], [ 120.380028549877693, -2.607060029796514, 0.0 ] ] ] ] } },
{ "type": "Feature", "properties": { "OBJECTID": 4691, "WADMPR": "Sulawesi Selatan", "WADMKK": "Kab. Luwu Utara", "WADMKC": "Kec. Mappedeceng", "WADMKD": "Desa Tarak Tallu", "POKTAN": "Poktan Harapan Tani", "K_POKTAN": "Made Sutarka", "P_SID": "Universitas Negeri Makassar", "NO_HP_1": "0853-4199-4901", "NAMA_PEMIL": "Pemerintah Desa", "N_PETAK": "TTB039", "LUAS_HA": 0.78902393032999996, "PAKET": "Paket Sulawesi Selatan 9" }, "geometry": { "type": "MultiPolygon", "coordinates": [ [ [ [ 120.379429424228647, -2.606600549076006, 0.0 ], [ 120.379294282205365, -2.606935023132792, 0.0 ], [ 120.379078057306515, -2.606840425245366, 0.0 ], [ 120.378960934999213, -2.607160258339206, 0.0 ], [ 120.379186170205685, -2.607245848616969, 0.0 ], [ 120.379042019673534, -2.607714337846346, 0.0 ], [ 120.378474989029542, -2.607573566067174, 0.0 ], [ 120.378582539852346, -2.606673751192602, 0.0 ], [ 120.378753718609232, -2.606691770009149, 0.0 ], [ 120.378933906774478, -2.606624198547877, 0.0 ], [ 120.379114094939609, -2.606655731476792, 0.0 ], [ 120.379123104347855, -2.606502572435716, 0.0 ], [ 120.379429424228647, -2.606600549076006, 0.0 ] ] ] ] } },
{ "type": "Feature", "properties": { "OBJECTID": 4692, "WADMPR": "Sulawesi Selatan", "WADMKK": "Kab. Luwu Utara", "WADMKC": "Kec. Mappedeceng", "WADMKD": "Desa Tarak Tallu", "POKTAN": "Poktan Harapan Tani", "K_POKTAN": "Made Sutarka", "P_SID": "Universitas Negeri Makassar", "NO_HP_1": "0853-4199-4901", "NAMA_PEMIL": "Pemerintah Desa", "N_PETAK": "TTB040", "LUAS_HA": 1.53149565424, "PAKET": "Paket Sulawesi Selatan 9" }, "geometry": { "type": "MultiPolygon", "coordinates": [ [ [ [ 120.380012753285996, -2.604589741423354, 0.0 ], [ 120.380022032490842, -2.604686930257571, 0.0 ], [ 120.380184356522932, -2.605192396012228, 0.0 ], [ 120.380185028316419, -2.605194489633959, 0.0 ], [ 120.380368654589802, -2.606014938438591, 0.0 ], [ 120.379219955936264, -2.606406846798507, 0.0 ], [ 120.379129861853698, -2.606150078663177, 0.0 ], [ 120.379057786587623, -2.605821235261772, 0.0 ], [ 120.379828090094293, -2.60559600095462, 0.0 ], [ 120.37950825610119, -2.604433788188715, 0.0 ], [ 120.379927193585218, -2.604321170585479, 0.0 ], [ 120.380012753285996, -2.604589741423354, 0.0 ] ] ] ] } },
{ "type": "Feature", "properties": { "OBJECTID": 4693, "WADMPR": "Sulawesi Selatan", "WADMKK": "Kab. Luwu Utara", "WADMKC": "Kec. Mappedeceng", "WADMKD": "Desa Tarak Tallu", "POKTAN": "Poktan Harapan Tani", "K_POKTAN": "Made Sutarka", "P_SID": "Universitas Negeri Makassar", "NO_HP_1": "0853-4199-4901", "NAMA_PEMIL": "Pemerintah Desa", "N_PETAK": "TTB041", "LUAS_HA": 2.8290527335200002, "PAKET": "Paket Sulawesi Selatan 9" }, "geometry": { "type": "MultiPolygon", "coordinates": [ [ [ [ 120.37950825610119, -2.604433788188715, 0.0 ], [ 120.379828090094293, -2.60559600095462, 0.0 ], [ 120.379057786587623, -2.605821235261772, 0.0 ], [ 120.379129861853698, -2.606150078663177, 0.0 ], [ 120.378625334991284, -2.60617260308311, 0.0 ], [ 120.378580287949944, -2.605650057404205, 0.0 ], [ 120.378273968069266, -2.605150034346536, 0.0 ], [ 120.377877554105908, -2.604659023395186, 0.0 ], [ 120.378155719810707, -2.604545842816322, 0.0 ], [ 120.378701914961425, -2.604370721431621, 0.0 ], [ 120.378638849103709, -2.60418602946163, 0.0 ], [ 120.379161394782614, -2.604095935379064, 0.0 ], [ 120.379463209059963, -2.604077916562574, 0.0 ], [ 120.37950825610119, -2.604433788188715, 0.0 ] ] ] ] } },
{ "type": "Feature", "properties": { "OBJECTID": 4694, "WADMPR": "Sulawesi Selatan", "WADMKK": "Kab. Luwu Utara", "WADMKC": "Kec. Mappedeceng", "WADMKD": "Desa Tarak Tallu", "POKTAN": "Poktan Harapan Tani", "K_POKTAN": "Made Sutarka", "P_SID": "Universitas Negeri Makassar", "NO_HP_1": "0853-4199-4901", "NAMA_PEMIL": "Pemerintah Desa", "N_PETAK": "TTB042", "LUAS_HA": 0.37120535039000002, "PAKET": "Paket Sulawesi Selatan 9" }, "geometry": { "type": "MultiPolygon", "coordinates": [ [ [ [ 120.379914554513107, -2.60426520037862, 0.0 ], [ 120.379912632661899, -2.604265798427832, 0.0 ], [ 120.379920271503352, -2.604290511797615, 0.0 ], [ 120.379927193585218, -2.604321170585479, 0.0 ], [ 120.37950825610119, -2.604433788188715, 0.0 ], [ 120.379463209059963, -2.604077916562574, 0.0 ], [ 120.380001521652957, -2.603895475595664, 0.0 ], [ 120.380276308604834, -2.603836913542693, 0.0 ], [ 120.380420459136985, -2.604093682577343, 0.0 ], [ 120.379911427570391, -2.604251347221862, 0.0 ], [ 120.379914554513107, -2.60426520037862, 0.0 ] ] ] ] } },
{ "type": "Feature", "properties": { "OBJECTID": 4695, "WADMPR": "Sulawesi Selatan", "WADMKK": "Kab. Luwu Utara", "WADMKC": "Kec. Mappedeceng", "WADMKD": "Desa Tarak Tallu", "POKTAN": "Poktan Harapan Tani", "K_POKTAN": "Made Sutarka", "P_SID": "Universitas Negeri Makassar", "NO_HP_1": "0853-4199-4901", "NAMA_PEMIL": "Pemerintah Desa", "N_PETAK": "TTB043", "LUAS_HA": 0.93299025997999996, "PAKET": "Paket Sulawesi Selatan 9" }, "geometry": { "type": "MultiPolygon", "coordinates": [ [ [ [ 120.380001521652957, -2.603895475595664, 0.0 ], [ 120.379463209059963, -2.604077916562574, 0.0 ], [ 120.379161394782614, -2.604095935379064, 0.0 ], [ 120.378638849103709, -2.60418602946163, 0.0 ], [ 120.378433884616129, -2.60376934477938, 0.0 ], [ 120.379234595999833, -2.603662920807096, 0.0 ], [ 120.379392260644408, -2.603271011547918, 0.0 ], [ 120.379605107689599, -2.603183733242645, 0.0 ], [ 120.379650154730939, -2.603368425212579, 0.0 ], [ 120.37975376292593, -2.603336893183041, 0.0 ], [ 120.380001521652957, -2.603895475595664, 0.0 ] ] ] ] } },
{ "type": "Feature", "properties": { "OBJECTID": 4696, "WADMPR": "Sulawesi Selatan", "WADMKK": "Kab. Luwu Utara", "WADMKC": "Kec. Mappedeceng", "WADMKD": "Desa Tarak Tallu", "POKTAN": "Poktan Harapan Tani", "K_POKTAN": "Made Sutarka", "P_SID": "Universitas Negeri Makassar", "NO_HP_1": "0853-4199-4901", "NAMA_PEMIL": "Pemerintah Desa", "N_PETAK": "TTB044", "LUAS_HA": 0.51312224351000002, "PAKET": "Paket Sulawesi Selatan 9" }, "geometry": { "type": "MultiPolygon", "coordinates": [ [ [ [ 120.378638849103709, -2.60418602946163, 0.0 ], [ 120.378701914961425, -2.604370721431621, 0.0 ], [ 120.378155719810707, -2.604545842816322, 0.0 ], [ 120.37783588581749, -2.60382959485986, 0.0 ], [ 120.378433884616129, -2.60376934477938, 0.0 ], [ 120.378638849103709, -2.60418602946163, 0.0 ] ] ] ] } },
{ "type": "Feature", "properties": { "OBJECTID": 4697, "WADMPR": "Sulawesi Selatan", "WADMKK": "Kab. Luwu Utara", "WADMKC": "Kec. Mappedeceng", "WADMKD": "Desa Tarak Tallu", "POKTAN": "Poktan Harapan Tani", "K_POKTAN": "Made Sutarka", "P_SID": "Universitas Negeri Makassar", "NO_HP_1": "0853-4199-4901", "NAMA_PEMIL": "Pemerintah Desa", "N_PETAK": "TTB045", "LUAS_HA": 0.41791064539, "PAKET": "Paket Sulawesi Selatan 9" }, "geometry": { "type": "MultiPolygon", "coordinates": [ [ [ [ 120.378155719810707, -2.604545842816322, 0.0 ], [ 120.377877554105908, -2.604659023395186, 0.0 ], [ 120.377324601449232, -2.603890407915969, 0.0 ], [ 120.377545331951524, -2.60382959485986, 0.0 ], [ 120.37783588581749, -2.60382959485986, 0.0 ], [ 120.378155719810707, -2.604545842816322, 0.0 ] ] ] ] } },
{ "type": "Feature", "properties": { "OBJECTID": 4698, "WADMPR": "Sulawesi Selatan", "WADMKK": "Kab. Luwu Utara", "WADMKC": "Kec. Mappedeceng", "WADMKD": "Desa Tarak Tallu", "POKTAN": "Poktan Harapan Tani", "K_POKTAN": "Made Sutarka", "P_SID": "Universitas Negeri Makassar", "NO_HP_1": "0853-4199-4901", "NAMA_PEMIL": "Pemerintah Desa", "N_PETAK": "TTB046", "LUAS_HA": 0.4878322348, "PAKET": "Paket Sulawesi Selatan 9" }, "geometry": { "type": "MultiPolygon", "coordinates": [ [ [ [ 120.378825793875308, -2.603683190626725, 0.0 ], [ 120.378326898567593, -2.603741752679696, 0.0 ], [ 120.37799081922094, -2.602928087461237, 0.0 ], [ 120.378279235398509, -2.602912888019318, 0.0 ], [ 120.378457534987319, -2.602912887119999, 0.0 ], [ 120.378825793875308, -2.603683190626725, 0.0 ] ] ] ] } },
{ "type": "Feature", "properties": { "OBJECTID": 4699, "WADMPR": "Sulawesi Selatan", "WADMKK": "Kab. Luwu Utara", "WADMKC": "Kec. Mappedeceng", "WADMKD": "Desa Tarak Tallu", "POKTAN": "Poktan Harapan Tani", "K_POKTAN": "Made Sutarka", "P_SID": "Universitas Negeri Makassar", "NO_HP_1": "0853-4199-4901", "NAMA_PEMIL": "Pemerintah Desa", "N_PETAK": "TTB047", "LUAS_HA": 0.47560204945000001, "PAKET": "Paket Sulawesi Selatan 9" }, "geometry": { "type": "MultiPolygon", "coordinates": [ [ [ [ 120.378825793875308, -2.603683190626725, 0.0 ], [ 120.378457534987319, -2.602912887119999, 0.0 ], [ 120.378747483609573, -2.602888211521702, 0.0 ], [ 120.378871460549476, -2.602881677947039, 0.0 ], [ 120.378869312069128, -2.60287784323782, 0.0 ], [ 120.37888097627615, -2.602876850386281, 0.0 ], [ 120.37928639964764, -2.603385881952818, 0.0 ], [ 120.379192927711529, -2.603618999717014, 0.0 ], [ 120.378825793875308, -2.603683190626725, 0.0 ] ] ] ] } },
{ "type": "Feature", "properties": { "OBJECTID": 4700, "WADMPR": "Sulawesi Selatan", "WADMKK": "Kab. Luwu Utara", "WADMKC": "Kec. Mappedeceng", "WADMKD": "Desa Tarak Tallu", "POKTAN": "Poktan Harapan Tani", "K_POKTAN": "Made Sutarka", "P_SID": "Universitas Negeri Makassar", "NO_HP_1": "0853-4199-4901", "NAMA_PEMIL": "Pemerintah Desa", "N_PETAK": "TTB048", "LUAS_HA": 0.90179468752000003, "PAKET": "Paket Sulawesi Selatan 9" }, "geometry": { "type": "MultiPolygon", "coordinates": [ [ [ [ 120.378326898567593, -2.603741752679696, 0.0 ], [ 120.377815614199335, -2.603781168166336, 0.0 ], [ 120.377464247277203, -2.603781168166336, 0.0 ], [ 120.377153423591722, -2.603193305626519, 0.0 ], [ 120.377241264872509, -2.602986089236595, 0.0 ], [ 120.377508665692403, -2.602939321792235, 0.0 ], [ 120.377513955504696, -2.602953218116454, 0.0 ], [ 120.37799081922094, -2.602928087461237, 0.0 ], [ 120.378326898567593, -2.603741752679696, 0.0 ] ] ] ] } },
{ "type": "Feature", "properties": { "OBJECTID": 4701, "WADMPR": "Sulawesi Selatan", "WADMKK": "Kab. Luwu Utara", "WADMKC": "Kec. Mappedeceng", "WADMKD": "Desa Tarak Tallu", "POKTAN": "Poktan Harapan Tani", "K_POKTAN": "Made Sutarka", "P_SID": "Universitas Negeri Makassar", "NO_HP_1": "0853-4199-4901", "NAMA_PEMIL": "Pemerintah Desa", "N_PETAK": "TTB049", "LUAS_HA": 0.17647910952000001, "PAKET": "Paket Sulawesi Selatan 9" }, "geometry": { "type": "MultiPolygon", "coordinates": [ [ [ [ 120.377464247277203, -2.603781168166336, 0.0 ], [ 120.377306583532118, -2.60385099153001, 0.0 ], [ 120.376912421471161, -2.603285651611486, 0.0 ], [ 120.377153423591722, -2.603193305626519, 0.0 ], [ 120.377464247277203, -2.603781168166336, 0.0 ] ] ] ] } },
{ "type": "Feature", "properties": { "OBJECTID": 4702, "WADMPR": "Sulawesi Selatan", "WADMKK": "Kab. Luwu Utara", "WADMKC": "Kec. Mappedeceng", "WADMKD": "Desa Tarak Tallu", "POKTAN": "Poktan Harapan Tani", "K_POKTAN": "Made Sutarka", "P_SID": "Universitas Negeri Makassar", "NO_HP_1": "0853-4199-4901", "NAMA_PEMIL": "Pemerintah Desa", "N_PETAK": "TTB050", "LUAS_HA": 0.07274354857, "PAKET": "Paket Sulawesi Selatan 9" }, "geometry": { "type": "MultiPolygon", "coordinates": [ [ [ [ 120.377153423591722, -2.603193305626519, 0.0 ], [ 120.376912421471161, -2.603285651611486, 0.0 ], [ 120.376815570782014, -2.603141501079392, 0.0 ], [ 120.377020252882403, -2.603066610935286, 0.0 ], [ 120.377241264872509, -2.602986089236595, 0.0 ], [ 120.377153423591722, -2.603193305626519, 0.0 ] ] ] ] } },
{ "type": "Feature", "properties": { "OBJECTID": 4703, "WADMPR": "Sulawesi Selatan", "WADMKK": "Kab. Luwu Utara", "WADMKC": "Kec. Mappedeceng", "WADMKD": "Desa Tarak Tallu", "POKTAN": "Poktan Harapan Tani", "K_POKTAN": "Made Sutarka", "P_SID": "Universitas Negeri Makassar", "NO_HP_1": "0853-4199-4901", "NAMA_PEMIL": "Pemerintah Desa", "N_PETAK": "TTB051", "LUAS_HA": 0.48410799730999998, "PAKET": "Paket Sulawesi Selatan 9" }, "geometry": { "type": "MultiPolygon", "coordinates": [ [ [ [ 120.376841307580321, -2.602516633236007, 0.0 ], [ 120.376859333591483, -2.602580778280242, 0.0 ], [ 120.3768621367783, -2.602580650576499, 0.0 ], [ 120.377020252882403, -2.603066610935286, 0.0 ], [ 120.376815570782014, -2.603141501079392, 0.0 ], [ 120.37617364999403, -2.602274345984256, 0.0 ], [ 120.376709709785359, -2.602112175736295, 0.0 ], [ 120.376841307580321, -2.602516633236007, 0.0 ] ] ] ] } },
{ "type": "Feature", "properties": { "OBJECTID": 4704, "WADMPR": "Sulawesi Selatan", "WADMKK": "Kab. Luwu Utara", "WADMKC": "Kec. Mappedeceng", "WADMKD": "Desa Tarak Tallu", "POKTAN": "Poktan Harapan Tani", "K_POKTAN": "Made Sutarka", "P_SID": "Universitas Negeri Makassar", "NO_HP_1": "0853-4199-4901", "NAMA_PEMIL": "Pemerintah Desa", "N_PETAK": "TTB054", "LUAS_HA": 0.31674101054999998, "PAKET": "Paket Sulawesi Selatan 9" }, "geometry": { "type": "MultiPolygon", "coordinates": [ [ [ [ 120.3781547512408, -2.602042261541101, 0.0 ], [ 120.37714554013462, -2.602095847645217, 0.0 ], [ 120.376959721314165, -2.602071071322825, 0.0 ], [ 120.376939449695897, -2.601951696213746, 0.0 ], [ 120.37696760387189, -2.60194268770482, 0.0 ], [ 120.378113057771429, -2.601766293779406, 0.0 ], [ 120.3781547512408, -2.602042261541101, 0.0 ] ] ] ] } },
{ "type": "Feature", "properties": { "OBJECTID": 4705, "WADMPR": "Sulawesi Selatan", "WADMKK": "Kab. Luwu Utara", "WADMKC": "Kec. Mappedeceng", "WADMKD": "Desa Tarak Tallu", "POKTAN": "Poktan Harapan Tani", "K_POKTAN": "Made Sutarka", "P_SID": "Universitas Negeri Makassar", "NO_HP_1": "0853-4199-4901", "NAMA_PEMIL": "Pemerintah Desa", "N_PETAK": "TTB055", "LUAS_HA": 0.15311264197, "PAKET": "Paket Sulawesi Selatan 9" }, "geometry": { "type": "MultiPolygon", "coordinates": [ [ [ [ 120.376635664104697, -2.602007723077918, 0.0 ], [ 120.376709709785359, -2.602112175736295, 0.0 ], [ 120.37617364999403, -2.602274345984256, 0.0 ], [ 120.376047518278369, -2.602068818521104, 0.0 ], [ 120.376576821463232, -2.60192466888833, 0.0 ], [ 120.376635664104697, -2.602007723077918, 0.0 ] ] ] ] } },
{ "type": "Feature", "properties": { "OBJECTID": 4706, "WADMPR": "Sulawesi Selatan", "WADMKK": "Kab. Luwu Utara", "WADMKC": "Kec. Mappedeceng", "WADMKD": "Desa Tarak Tallu", "POKTAN": "Poktan Harapan Tani", "K_POKTAN": "Made Sutarka", "P_SID": "Universitas Negeri Makassar", "NO_HP_1": "0853-4199-4901", "NAMA_PEMIL": "Pemerintah Desa", "N_PETAK": "TTB056", "LUAS_HA": 0.12627438493000001, "PAKET": "Paket Sulawesi Selatan 9" }, "geometry": { "type": "MultiPolygon", "coordinates": [ [ [ [ 120.376576821463232, -2.60192466888833, 0.0 ], [ 120.376047518278369, -2.602068818521104, 0.0 ], [ 120.375937153476912, -2.60190214536766, 0.0 ], [ 120.376466454863021, -2.601762498640369, 0.0 ], [ 120.376576821463232, -2.60192466888833, 0.0 ] ] ] ] } },
{ "type": "Feature", "properties": { "OBJECTID": 4707, "WADMPR": "Sulawesi Selatan", "WADMKK": "Kab. Luwu Utara", "WADMKC": "Kec. Mappedeceng", "WADMKD": "Desa Tarak Tallu", "POKTAN": "Poktan Harapan Tani", "K_POKTAN": "Made Sutarka", "P_SID": "Universitas Negeri Makassar", "NO_HP_1": "0853-4199-4901", "NAMA_PEMIL": "Pemerintah Desa", "N_PETAK": "TTB057", "LUAS_HA": 0.12665134765, "PAKET": "Paket Sulawesi Selatan 9" }, "geometry": { "type": "MultiPolygon", "coordinates": [ [ [ [ 120.37696760387189, -2.60194268770482, 0.0 ], [ 120.376939449695897, -2.601951696213746, 0.0 ], [ 120.376635664104697, -2.602007723077918, 0.0 ], [ 120.376576821463232, -2.60192466888833, 0.0 ], [ 120.376466454863021, -2.601762498640369, 0.0 ], [ 120.376919178977005, -2.60170168558426, 0.0 ], [ 120.37696760387189, -2.60194268770482, 0.0 ] ] ] ] } },
{ "type": "Feature", "properties": { "OBJECTID": 4708, "WADMPR": "Sulawesi Selatan", "WADMKK": "Kab. Luwu Utara", "WADMKC": "Kec. Mappedeceng", "WADMKD": "Desa Tarak Tallu", "POKTAN": "Poktan Harapan Tani", "K_POKTAN": "Made Sutarka", "P_SID": "Universitas Negeri Makassar", "NO_HP_1": "0853-4199-4901", "NAMA_PEMIL": "Pemerintah Desa", "N_PETAK": "TTB058", "LUAS_HA": 0.34157843415, "PAKET": "Paket Sulawesi Selatan 9" }, "geometry": { "type": "MultiPolygon", "coordinates": [ [ [ [ 120.378113057771429, -2.601766293779406, 0.0 ], [ 120.37696760387189, -2.60194268770482, 0.0 ], [ 120.376919178977005, -2.60170168558426, 0.0 ], [ 120.37807848603336, -2.601537463982709, 0.0 ], [ 120.378113057771429, -2.601766293779406, 0.0 ] ] ] ] } },
{ "type": "Feature", "properties": { "OBJECTID": 4709, "WADMPR": "Sulawesi Selatan", "WADMKK": "Kab. Luwu Utara", "WADMKC": "Kec. Mappedeceng", "WADMKD": "Desa Tarak Tallu", "POKTAN": "Poktan Harapan Tani", "K_POKTAN": "Made Sutarka", "P_SID": "Universitas Negeri Makassar", "NO_HP_1": "0853-4199-4901", "NAMA_PEMIL": "Pemerintah Desa", "N_PETAK": "TTB059", "LUAS_HA": 1.0021820611000001, "PAKET": "Paket Sulawesi Selatan 9" }, "geometry": { "type": "MultiPolygon", "coordinates": [ [ [ [ 120.378004099509667, -2.601042217224517, 0.0 ], [ 120.37800366783506, -2.601042248700765, 0.0 ], [ 120.37807848603336, -2.601537463982709, 0.0 ], [ 120.376466454863021, -2.601762498640369, 0.0 ], [ 120.376187445594155, -2.60134525008317, 0.0 ], [ 120.376570345445202, -2.601268671012292, 0.0 ], [ 120.376817407197677, -2.601228269868727, 0.0 ], [ 120.376824982187259, -2.601269198914338, 0.0 ], [ 120.377975419230324, -2.60105035518967, 0.0 ], [ 120.377972759935005, -2.60103934568923, 0.0 ], [ 120.378002841358125, -2.601034426397632, 0.0 ], [ 120.378004099509667, -2.601042217224517, 0.0 ] ] ] ] } },
{ "type": "Feature", "properties": { "OBJECTID": 4710, "WADMPR": "Sulawesi Selatan", "WADMKK": "Kab. Luwu Utara", "WADMKC": "Kec. Mappedeceng", "WADMKD": "Desa Tarak Tallu", "POKTAN": "Poktan Harapan Tani", "K_POKTAN": "Made Sutarka", "P_SID": "Universitas Negeri Makassar", "NO_HP_1": "0853-4199-4901", "NAMA_PEMIL": "Pemerintah Desa", "N_PETAK": "TTB060", "LUAS_HA": 0.29935571299000002, "PAKET": "Paket Sulawesi Selatan 9" }, "geometry": { "type": "MultiPolygon", "coordinates": [ [ [ [ 120.376466454863021, -2.601762498640369, 0.0 ], [ 120.375937153476912, -2.60190214536766, 0.0 ], [ 120.375718957264098, -2.601480392106339, 0.0 ], [ 120.376187445594155, -2.60134525008317, 0.0 ], [ 120.376466454863021, -2.601762498640369, 0.0 ] ] ] ] } },
{ "type": "Feature", "properties": { "OBJECTID": 4711, "WADMPR": "Sulawesi Selatan", "WADMKK": "Kab. Luwu Utara", "WADMKC": "Kec. Mappedeceng", "WADMKD": "Desa Tarak Tallu", "POKTAN": "Poktan Harapan Tani", "K_POKTAN": "Made Sutarka", "P_SID": "Universitas Negeri Makassar", "NO_HP_1": "0853-4199-4901", "NAMA_PEMIL": "Pemerintah Desa", "N_PETAK": "TTB061", "LUAS_HA": 0.30484977369, "PAKET": "Paket Sulawesi Selatan 9" }, "geometry": { "type": "MultiPolygon", "coordinates": [ [ [ [ 120.376128884440504, -2.600993884060472, 0.0 ], [ 120.376187445594155, -2.60134525008317, 0.0 ], [ 120.375718957264098, -2.601480392106339, 0.0 ], [ 120.375516245578297, -2.601101996959528, 0.0 ], [ 120.375786527826108, -2.601011902876962, 0.0 ], [ 120.376106361819211, -2.600867751445548, 0.0 ], [ 120.376128884440504, -2.600993884060472, 0.0 ] ] ] ] } },
{ "type": "Feature", "properties": { "OBJECTID": 4712, "WADMPR": "Sulawesi Selatan", "WADMKK": "Kab. Luwu Utara", "WADMKC": "Kec. Mappedeceng", "WADMKD": "Desa Tarak Tallu", "POKTAN": "Poktan Harapan Tani", "K_POKTAN": "Made Sutarka", "P_SID": "Universitas Negeri Makassar", "NO_HP_1": "0853-4199-4901", "NAMA_PEMIL": "Pemerintah Desa", "N_PETAK": "TTB062", "LUAS_HA": 0.20516282025, "PAKET": "Paket Sulawesi Selatan 9" }, "geometry": { "type": "MultiPolygon", "coordinates": [ [ [ [ 120.376106361819211, -2.600867751445548, 0.0 ], [ 120.375786527826108, -2.601011902876962, 0.0 ], [ 120.375646881998023, -2.600538909842783, 0.0 ], [ 120.376020772440711, -2.600453320464339, 0.0 ], [ 120.376106361819211, -2.600867751445548, 0.0 ] ] ] ] } },
{ "type": "Feature", "properties": { "OBJECTID": 4713, "WADMPR": "Sulawesi Selatan", "WADMKK": "Kab. Luwu Utara", "WADMKC": "Kec. Mappedeceng", "WADMKD": "Desa Tarak Tallu", "POKTAN": "Poktan Harapan Tani", "K_POKTAN": "Made Sutarka", "P_SID": "Universitas Negeri Makassar", "NO_HP_1": "0853-4199-4901", "NAMA_PEMIL": "Pemerintah Desa", "N_PETAK": "TTB064", "LUAS_HA": 0.25266027960999998, "PAKET": "Paket Sulawesi Selatan 9" }, "geometry": { "type": "MultiPolygon", "coordinates": [ [ [ [ 120.376493765474947, -2.600930818202642, 0.0 ], [ 120.376128884440504, -2.600993884060472, 0.0 ], [ 120.376106361819211, -2.600867751445548, 0.0 ], [ 120.376020772440711, -2.600453320464339, 0.0 ], [ 120.376390157279957, -2.600385749902387, 0.0 ], [ 120.376493765474947, -2.600930818202642, 0.0 ] ] ] ] } },
{ "type": "Feature", "properties": { "OBJECTID": 4714, "WADMPR": "Sulawesi Selatan", "WADMKK": "Kab. Luwu Utara", "WADMKC": "Kec. Mappedeceng", "WADMKD": "Desa Tarak Tallu", "POKTAN": "Poktan Harapan Tani", "K_POKTAN": "Made Sutarka", "P_SID": "Universitas Negeri Makassar", "NO_HP_1": "0853-4199-4901", "NAMA_PEMIL": "Pemerintah Desa", "N_PETAK": "TTB065", "LUAS_HA": 0.32606172772000003, "PAKET": "Paket Sulawesi Selatan 9" }, "geometry": { "type": "MultiPolygon", "coordinates": [ [ [ [ 120.378002841358125, -2.601034426397632, 0.0 ], [ 120.377972759935005, -2.60103934568923, 0.0 ], [ 120.377760870667657, -2.600162244991566, 0.0 ], [ 120.377414696431174, -2.600214306744817, 0.0 ], [ 120.37778999431282, -2.60015150528767, 0.0 ], [ 120.378002841358125, -2.601034426397632, 0.0 ] ] ], [ [ [ 120.376817407197677, -2.601228269868727, 0.0 ], [ 120.376570345445202, -2.601268671012292, 0.0 ], [ 120.376493765474947, -2.600930818202642, 0.0 ], [ 120.376390157279957, -2.600385749902387, 0.0 ], [ 120.376653327688928, -2.600341711900455, 0.0 ], [ 120.376817407197677, -2.601228269868727, 0.0 ] ] ] ] } },
{ "type": "Feature", "properties": { "OBJECTID": 4715, "WADMPR": "Sulawesi Selatan", "WADMKK": "Kab. Luwu Utara", "WADMKC": "Kec. Mappedeceng", "WADMKD": "Desa Tarak Tallu", "POKTAN": "Poktan Harapan Tani", "K_POKTAN": "Made Sutarka", "P_SID": "Universitas Negeri Makassar", "NO_HP_1": "0853-4199-4901", "NAMA_PEMIL": "Pemerintah Desa", "N_PETAK": "TTB066", "LUAS_HA": 0.68582034093, "PAKET": "Paket Sulawesi Selatan 9" }, "geometry": { "type": "MultiPolygon", "coordinates": [ [ [ [ 120.375242584577677, -2.598959448519679, 0.0 ], [ 120.375311281090831, -2.599296174478809, 0.0 ], [ 120.375384483207426, -2.599642473721133, 0.0 ], [ 120.374929508090418, -2.599750585720926, 0.0 ], [ 120.374578141168286, -2.598786579037323, 0.0 ], [ 120.374820972509951, -2.598720558007301, 0.0 ], [ 120.37517276211338, -2.598624409688682, 0.0 ], [ 120.375242584577677, -2.598959448519679, 0.0 ] ] ] ] } },
{ "type": "Feature", "properties": { "OBJECTID": 4716, "WADMPR": "Sulawesi Selatan", "WADMKK": "Kab. Luwu Utara", "WADMKC": "Kec. Mappedeceng", "WADMKD": "Desa Tarak Tallu", "POKTAN": "Poktan Harapan Tani", "K_POKTAN": "Made Sutarka", "P_SID": "Universitas Negeri Makassar", "NO_HP_1": "0853-4199-4901", "NAMA_PEMIL": "Pemerintah Desa", "N_PETAK": "TTB067", "LUAS_HA": 0.36345285050999998, "PAKET": "Paket Sulawesi Selatan 9" }, "geometry": { "type": "MultiPolygon", "coordinates": [ [ [ [ 120.374762834037597, -2.599773110140859, 0.0 ], [ 120.37397451081506, -2.599948793601868, 0.0 ], [ 120.373875407324249, -2.599606436088095, 0.0 ], [ 120.37417144975268, -2.599530840875559, 0.0 ], [ 120.374645711730295, -2.599408229106416, 0.0 ], [ 120.374762834037597, -2.599773110140859, 0.0 ] ] ] ] } },
{ "type": "Feature", "properties": { "OBJECTID": 4717, "WADMPR": "Sulawesi Selatan", "WADMKK": "Kab. Luwu Utara", "WADMKC": "Kec. Mappedeceng", "WADMKD": "Desa Tarak Tallu", "POKTAN": "Poktan Harapan Tani", "K_POKTAN": "Made Sutarka", "P_SID": "Universitas Negeri Makassar", "NO_HP_1": "0853-4199-4901", "NAMA_PEMIL": "Pemerintah Desa", "N_PETAK": "TTB068", "LUAS_HA": 0.47171121012, "PAKET": "Paket Sulawesi Selatan 9" }, "geometry": { "type": "MultiPolygon", "coordinates": [ [ [ [ 120.374929508090418, -2.600219075849623, 0.0 ], [ 120.374136680163701, -2.600399264014754, 0.0 ], [ 120.37397451081506, -2.599948793601868, 0.0 ], [ 120.374762834037597, -2.599773110140859, 0.0 ], [ 120.374929508090418, -2.600219075849623, 0.0 ] ] ] ] } },
{ "type": "Feature", "properties": { "OBJECTID": 4718, "WADMPR": "Sulawesi Selatan", "WADMKK": "Kab. Luwu Utara", "WADMKC": "Kec. Mappedeceng", "WADMKD": "Desa Tarak Tallu", "POKTAN": "Poktan Harapan Tani", "K_POKTAN": "Made Sutarka", "P_SID": "Universitas Negeri Makassar", "NO_HP_1": "0853-4199-4901", "NAMA_PEMIL": "Pemerintah Desa", "N_PETAK": "TTB069", "LUAS_HA": 0.43056306984999998, "PAKET": "Paket Sulawesi Selatan 9" }, "geometry": { "type": "MultiPolygon", "coordinates": [ [ [ [ 120.374136680163701, -2.600399264014754, 0.0 ], [ 120.374929508090418, -2.600219075849623, 0.0 ], [ 120.375091677439059, -2.600624499221226, 0.0 ], [ 120.374303354216522, -2.600804686487038, 0.0 ], [ 120.374136680163701, -2.600399264014754, 0.0 ] ] ] ] } },
{ "type": "Feature", "properties": { "OBJECTID": 4719, "WADMPR": "Sulawesi Selatan", "WADMKK": "Kab. Luwu Utara", "WADMKC": "Kec. Mappedeceng", "WADMKD": "Desa Tarak Tallu", "POKTAN": "Poktan Harapan Tani", "K_POKTAN": "Made Sutarka", "P_SID": "Universitas Negeri Makassar", "NO_HP_1": "0853-4199-4901", "NAMA_PEMIL": "Pemerintah Desa", "N_PETAK": "TTB070", "LUAS_HA": 0.43867352322999997, "PAKET": "Paket Sulawesi Selatan 9" }, "geometry": { "type": "MultiPolygon", "coordinates": [ [ [ [ 120.375325922053776, -2.601074968734792, 0.0 ], [ 120.374762834037597, -2.601219119266887, 0.0 ], [ 120.374479037677474, -2.601273175716415, 0.0 ], [ 120.374339391849503, -2.600885770262039, 0.0 ], [ 120.375141229184464, -2.60068756417968, 0.0 ], [ 120.375325922053776, -2.601074968734792, 0.0 ] ] ] ] } },
{ "type": "Feature", "properties": { "OBJECTID": 4720, "WADMPR": "Sulawesi Selatan", "WADMKK": "Kab. Luwu Utara", "WADMKC": "Kec. Mappedeceng", "WADMKD": "Desa Tarak Tallu", "POKTAN": "Poktan Harapan Tani", "K_POKTAN": "Made Sutarka", "P_SID": "Universitas Negeri Makassar", "NO_HP_1": "0853-4199-4901", "NAMA_PEMIL": "Pemerintah Desa", "N_PETAK": "TTB071", "LUAS_HA": 0.34219494686000002, "PAKET": "Paket Sulawesi Selatan 9" }, "geometry": { "type": "MultiPolygon", "coordinates": [ [ [ [ 120.37553313754438, -2.601473634600495, 0.0 ], [ 120.37490473176797, -2.601658327469806, 0.0 ], [ 120.374762834037597, -2.601219119266887, 0.0 ], [ 120.375325922053776, -2.601074968734792, 0.0 ], [ 120.37553313754438, -2.601473634600495, 0.0 ] ] ] ] } },
{ "type": "Feature", "properties": { "OBJECTID": 4721, "WADMPR": "Sulawesi Selatan", "WADMKK": "Kab. Luwu Utara", "WADMKC": "Kec. Mappedeceng", "WADMKD": "Desa Tarak Tallu", "POKTAN": "Poktan Harapan Tani", "K_POKTAN": "Made Sutarka", "P_SID": "Universitas Negeri Makassar", "NO_HP_1": "0853-4199-4901", "NAMA_PEMIL": "Pemerintah Desa", "N_PETAK": "TTB072", "LUAS_HA": 0.94527590161999997, "PAKET": "Paket Sulawesi Selatan 9" }, "geometry": { "type": "MultiPolygon", "coordinates": [ [ [ [ 120.377346999964175, -2.605146584547185, 0.0 ], [ 120.377900359114392, -2.604944508682081, 0.0 ], [ 120.378409390680872, -2.605604447387293, 0.0 ], [ 120.378467951834523, -2.605780130848302, 0.0 ], [ 120.378506241370019, -2.606034646181911, 0.0 ], [ 120.378479213145283, -2.60637024708916, 0.0 ], [ 120.378179650770335, -2.606386013103986, 0.0 ], [ 120.378161631953844, -2.606057169702581, 0.0 ], [ 120.378123342418348, -2.605991851942349, 0.0 ], [ 120.377844050762405, -2.605611203993817, 0.0 ], [ 120.377587282627019, -2.605726074398774, 0.0 ], [ 120.377413851068468, -2.605442278038652, 0.0 ], [ 120.377489767338943, -2.605353598589659, 0.0 ], [ 120.377346999964175, -2.605146584547185, 0.0 ] ] ] ] } },
{ "type": "Feature", "properties": { "OBJECTID": 4722, "WADMPR": "Sulawesi Selatan", "WADMKK": "Kab. Luwu Utara", "WADMKC": "Kec. Mappedeceng", "WADMKD": "Desa Tarak Tallu", "POKTAN": "Poktan Harapan Tani", "K_POKTAN": "Made Sutarka", "P_SID": "Universitas Negeri Makassar", "NO_HP_1": "0853-4199-4901", "NAMA_PEMIL": "Pemerintah Desa", "N_PETAK": "TTB073", "LUAS_HA": 0.12054695034, "PAKET": "Paket Sulawesi Selatan 9" }, "geometry": { "type": "MultiPolygon", "coordinates": [ [ [ [ 120.377900359114392, -2.604944508682081, 0.0 ], [ 120.377346999964175, -2.605146584547185, 0.0 ], [ 120.37725843922567, -2.604987302022323, 0.0 ], [ 120.37780688627879, -2.604810492610113, 0.0 ], [ 120.377900359114392, -2.604944508682081, 0.0 ] ] ] ] } },
{ "type": "Feature", "properties": { "OBJECTID": 4723, "WADMPR": "Sulawesi Selatan", "WADMKK": "Kab. Luwu Utara", "WADMKC": "Kec. Mappedeceng", "WADMKD": "Desa Tarak Tallu", "POKTAN": "Poktan Harapan Tani", "K_POKTAN": "Made Sutarka", "P_SID": "Universitas Negeri Makassar", "NO_HP_1": "0853-4199-4901", "NAMA_PEMIL": "Pemerintah Desa", "N_PETAK": "TTB074", "LUAS_HA": 1.6068198731700001, "PAKET": "Paket Sulawesi Selatan 9" }, "geometry": { "type": "MultiPolygon", "coordinates": [ [ [ [ 120.37780688627879, -2.604810492610113, 0.0 ], [ 120.37725843922567, -2.604987302022323, 0.0 ], [ 120.376819230123488, -2.605174247693355, 0.0 ], [ 120.376850763052289, -2.605331912337817, 0.0 ], [ 120.376368760609921, -2.605458044053421, 0.0 ], [ 120.376265152414931, -2.605169742989176, 0.0 ], [ 120.376111992474534, -2.604953518090326, 0.0 ], [ 120.376364255905742, -2.604831891078845, 0.0 ], [ 120.376305694752091, -2.604732787588034, 0.0 ], [ 120.37612100188278, -2.604381420665959, 0.0 ], [ 120.377301233465232, -2.604102129010016, 0.0 ], [ 120.37780688627879, -2.604810492610113, 0.0 ] ] ] ] } },
{ "type": "Feature", "properties": { "OBJECTID": 4724, "WADMPR": "Sulawesi Selatan", "WADMKK": "Kab. Luwu Utara", "WADMKC": "Kec. Mappedeceng", "WADMKD": "Desa Tarak Tallu", "POKTAN": "Poktan Harapan Tani", "K_POKTAN": "Made Sutarka", "P_SID": "Universitas Negeri Makassar", "NO_HP_1": "0853-4199-4901", "NAMA_PEMIL": "Pemerintah Desa", "N_PETAK": "TTB075", "LUAS_HA": 0.35332126561, "PAKET": "Paket Sulawesi Selatan 9" }, "geometry": { "type": "MultiPolygon", "coordinates": [ [ [ [ 120.377301233465232, -2.604102129010016, 0.0 ], [ 120.37612100188278, -2.604381420665959, 0.0 ], [ 120.375864233747507, -2.604489533565072, 0.0 ], [ 120.375760625552516, -2.604309344500621, 0.0 ], [ 120.376008384279544, -2.604219251317375, 0.0 ], [ 120.377157082933081, -2.60392644464963, 0.0 ], [ 120.377301233465232, -2.604102129010016, 0.0 ] ] ] ] } },
{ "type": "Feature", "properties": { "OBJECTID": 4725, "WADMPR": "Sulawesi Selatan", "WADMKK": "Kab. Luwu Utara", "WADMKC": "Kec. Mappedeceng", "WADMKD": "Desa Tarak Tallu", "POKTAN": "Poktan Harapan Tani", "K_POKTAN": "Made Sutarka", "P_SID": "Universitas Negeri Makassar", "NO_HP_1": "0853-4199-4901", "NAMA_PEMIL": "Pemerintah Desa", "N_PETAK": "TTB076", "LUAS_HA": 0.79934044103000002, "PAKET": "Paket Sulawesi Selatan 9" }, "geometry": { "type": "MultiPolygon", "coordinates": [ [ [ [ 120.375760625552516, -2.603570573023489, 0.0 ], [ 120.37671562282776, -2.603304797278497, 0.0 ], [ 120.377112035891855, -2.603822836454697, 0.0 ], [ 120.376026403096034, -2.604138166643054, 0.0 ], [ 120.375760625552516, -2.603570573023489, 0.0 ] ] ] ] } },
{ "type": "Feature", "properties": { "OBJECTID": 4726, "WADMPR": "Sulawesi Selatan", "WADMKK": "Kab. Luwu Utara", "WADMKC": "Kec. Mappedeceng", "WADMKD": "Desa Tarak Tallu", "POKTAN": "Poktan Harapan Tani", "K_POKTAN": "Made Sutarka", "P_SID": "Universitas Negeri Makassar", "NO_HP_1": "0853-4199-4901", "NAMA_PEMIL": "Pemerintah Desa", "N_PETAK": "TTB077", "LUAS_HA": 0.40259337802, "PAKET": "Paket Sulawesi Selatan 9" }, "geometry": { "type": "MultiPolygon", "coordinates": [ [ [ [ 120.37671562282776, -2.603304797278497, 0.0 ], [ 120.375760625552516, -2.603570573023489, 0.0 ], [ 120.375395744518073, -2.603678685922546, 0.0 ], [ 120.375296641027262, -2.603444442207206, 0.0 ], [ 120.375801167889676, -2.603294098044159, 0.0 ], [ 120.376135641946348, -2.603220333851255, 0.0 ], [ 120.376580481703968, -2.603111095000997, 0.0 ], [ 120.37671562282776, -2.603304797278497, 0.0 ] ] ] ] } },
{ "type": "Feature", "properties": { "OBJECTID": 4727, "WADMPR": "Sulawesi Selatan", "WADMKK": "Kab. Luwu Utara", "WADMKC": "Kec. Mappedeceng", "WADMKD": "Desa Tarak Tallu", "POKTAN": "Poktan Harapan Tani", "K_POKTAN": "Made Sutarka", "P_SID": "Universitas Negeri Makassar", "NO_HP_1": "0853-4199-4901", "NAMA_PEMIL": "Pemerintah Desa", "N_PETAK": "TTB078", "LUAS_HA": 0.37012540493000001, "PAKET": "Paket Sulawesi Selatan 9" }, "geometry": { "type": "MultiPolygon", "coordinates": [ [ [ [ 120.376580481703968, -2.603111095000997, 0.0 ], [ 120.376135641946348, -2.603220333851255, 0.0 ], [ 120.375832700818592, -2.602370069822825, 0.0 ], [ 120.376030907800214, -2.602311509568437, 0.0 ], [ 120.376580481703968, -2.603111095000997, 0.0 ] ] ] ] } },
{ "type": "Feature", "properties": { "OBJECTID": 4728, "WADMPR": "Sulawesi Selatan", "WADMKK": "Kab. Luwu Utara", "WADMKC": "Kec. Mappedeceng", "WADMKD": "Desa Tarak Tallu", "POKTAN": "Poktan Harapan Tani", "K_POKTAN": "Made Sutarka", "P_SID": "Universitas Negeri Makassar", "NO_HP_1": "0853-4199-4901", "NAMA_PEMIL": "Pemerintah Desa", "N_PETAK": "TTB079", "LUAS_HA": 0.5348245911, "PAKET": "Paket Sulawesi Selatan 9" }, "geometry": { "type": "MultiPolygon", "coordinates": [ [ [ [ 120.376135641946348, -2.603220333851255, 0.0 ], [ 120.375801167889676, -2.603294098044159, 0.0 ], [ 120.375756120848337, -2.603167966328556, 0.0 ], [ 120.375679540878195, -2.603190488949849, 0.0 ], [ 120.37549259520722, -2.602604878312434, 0.0 ], [ 120.374954283513489, -2.602740019436283, 0.0 ], [ 120.37492725528864, -2.60259812170591, 0.0 ], [ 120.375832700818592, -2.602370069822825, 0.0 ], [ 120.376135641946348, -2.603220333851255, 0.0 ] ] ] ] } },
{ "type": "Feature", "properties": { "OBJECTID": 4729, "WADMPR": "Sulawesi Selatan", "WADMKK": "Kab. Luwu Utara", "WADMKC": "Kec. Mappedeceng", "WADMKD": "Desa Tarak Tallu", "POKTAN": "Poktan Harapan Tani", "K_POKTAN": "Made Sutarka", "P_SID": "Universitas Negeri Makassar", "NO_HP_1": "0853-4199-4901", "NAMA_PEMIL": "Pemerintah Desa", "N_PETAK": "TTB080", "LUAS_HA": 1.1750836839700001, "PAKET": "Paket Sulawesi Selatan 9" }, "geometry": { "type": "MultiPolygon", "coordinates": [ [ [ [ 120.376030907800214, -2.602311509568437, 0.0 ], [ 120.375832700818592, -2.602370069822825, 0.0 ], [ 120.37492725528864, -2.60259812170591, 0.0 ], [ 120.374623751185254, -2.601746732625543, 0.0 ], [ 120.37490473176797, -2.601658327469806, 0.0 ], [ 120.37553313754438, -2.601473634600495, 0.0 ], [ 120.375812992175952, -2.601994491352627, 0.0 ], [ 120.376030907800214, -2.602311509568437, 0.0 ] ] ] ] } },
{ "type": "Feature", "properties": { "OBJECTID": 4730, "WADMPR": "Sulawesi Selatan", "WADMKK": "Kab. Luwu Utara", "WADMKC": "Kec. Mappedeceng", "WADMKD": "Desa Tarak Tallu", "POKTAN": "Poktan Harapan Tani", "K_POKTAN": "Made Sutarka", "P_SID": "Universitas Negeri Makassar", "NO_HP_1": "0853-4199-4901", "NAMA_PEMIL": "Pemerintah Desa", "N_PETAK": "TTB081", "LUAS_HA": 2.0668258235499999, "PAKET": "Paket Sulawesi Selatan 9" }, "geometry": { "type": "MultiPolygon", "coordinates": [ [ [ [ 120.379542886295212, -2.599967375393987, 0.0 ], [ 120.379717385349068, -2.600918393169252, 0.0 ], [ 120.378004099509667, -2.601042217224517, 0.0 ], [ 120.378002841358125, -2.601034426397632, 0.0 ], [ 120.37778999431282, -2.60015150528767, 0.0 ], [ 120.378547346682808, -2.600012421535951, 0.0 ], [ 120.378853666563487, -2.599850252187366, 0.0 ], [ 120.378943760646052, -2.600070983588978, 0.0 ], [ 120.379542886295212, -2.599967375393987, 0.0 ] ] ] ] } },
{ "type": "Feature", "properties": { "OBJECTID": 4731, "WADMPR": "Sulawesi Selatan", "WADMKK": "Kab. Luwu Utara", "WADMKC": "Kec. Mappedeceng", "WADMKD": "Desa Tarak Tallu", "POKTAN": "Poktan Harapan Tani", "K_POKTAN": "Made Sutarka", "P_SID": "Universitas Negeri Makassar", "NO_HP_1": "0853-4199-4901", "NAMA_PEMIL": "Pemerintah Desa", "N_PETAK": "TTB083", "LUAS_HA": 1.1800317065899999, "PAKET": "Paket Sulawesi Selatan 9" }, "geometry": { "type": "MultiPolygon", "coordinates": [ [ [ [ 120.38109250451555, -2.600994447935363, 0.0 ], [ 120.381556488141428, -2.60176475144209, 0.0 ], [ 120.380601491765447, -2.601737722317978, 0.0 ], [ 120.380245620139362, -2.601782770258581, 0.0 ], [ 120.380240410366696, -2.60177408640493, 0.0 ], [ 120.380307059123538, -2.601758877070495, 0.0 ], [ 120.380209139140561, -2.601482932691169, 0.0 ], [ 120.379945506479999, -2.601116323159715, 0.0 ], [ 120.379938208481576, -2.600936492025426, 0.0 ], [ 120.380173544873287, -2.600922372669288, 0.0 ], [ 120.38109250451555, -2.600994447935363, 0.0 ] ] ] ] } },
{ "type": "Feature", "properties": { "OBJECTID": 4732, "WADMPR": "Sulawesi Selatan", "WADMKK": "Kab. Luwu Utara", "WADMKC": "Kec. Mappedeceng", "WADMKD": "Desa Tarak Tallu", "POKTAN": "Poktan Harapan Tani", "K_POKTAN": "Made Sutarka", "P_SID": "Universitas Negeri Makassar", "NO_HP_1": "0853-4199-4901", "NAMA_PEMIL": "Pemerintah Desa", "N_PETAK": "TTB084", "LUAS_HA": 0.62119595349000001, "PAKET": "Paket Sulawesi Selatan 9" }, "geometry": { "type": "MultiPolygon", "coordinates": [ [ [ [ 120.380092460198966, -2.599985394210535, 0.0 ], [ 120.380173544873287, -2.600922372669288, 0.0 ], [ 120.379938208481576, -2.600936492025426, 0.0 ], [ 120.379936829820849, -2.600902533625003, 0.0 ], [ 120.379717385349068, -2.600918393169252, 0.0 ], [ 120.379542886295212, -2.599967375393987, 0.0 ], [ 120.379650999194268, -2.599854756891489, 0.0 ], [ 120.380092460198966, -2.599985394210535, 0.0 ] ] ] ] } },
{ "type": "Feature", "properties": { "OBJECTID": 4733, "WADMPR": "Sulawesi Selatan", "WADMKK": "Kab. Luwu Utara", "WADMKC": "Kec. Mappedeceng", "WADMKD": "Desa Tarak Tallu", "POKTAN": "Poktan Harapan Tani", "K_POKTAN": "Made Sutarka", "P_SID": "Universitas Negeri Makassar", "NO_HP_1": "0853-4199-4901", "NAMA_PEMIL": "Pemerintah Desa", "N_PETAK": "TTB085", "LUAS_HA": 1.56721172779, "PAKET": "Paket Sulawesi Selatan 9" }, "geometry": { "type": "MultiPolygon", "coordinates": [ [ [ [ 120.380563201330688, -2.600048460068308, 0.0 ], [ 120.38109250451555, -2.600095759012049, 0.0 ], [ 120.381560992845607, -2.600179095588771, 0.0 ], [ 120.381560992845607, -2.600408836398628, 0.0 ], [ 120.381551983437362, -2.601012466751911, 0.0 ], [ 120.38109250451555, -2.600994447935363, 0.0 ], [ 120.380173544873287, -2.600922372669288, 0.0 ], [ 120.380092460198966, -2.599985394210535, 0.0 ], [ 120.380563201330688, -2.600048460068308, 0.0 ] ] ] ] } },
{ "type": "Feature", "properties": { "OBJECTID": 4734, "WADMPR": "Sulawesi Selatan", "WADMKK": "Kab. Luwu Utara", "WADMKC": "Kec. Mappedeceng", "WADMKD": "Desa Tarak Tallu", "POKTAN": "Poktan Harapan Tani", "K_POKTAN": "Made Sutarka", "P_SID": "Universitas Negeri Makassar", "NO_HP_1": "0853-4199-4901", "NAMA_PEMIL": "Pemerintah Desa", "N_PETAK": "TTB086", "LUAS_HA": 0.33005346337000002, "PAKET": "Paket Sulawesi Selatan 9" }, "geometry": { "type": "MultiPolygon", "coordinates": [ [ [ [ 120.379650999194268, -2.599854756891489, 0.0 ], [ 120.379542886295212, -2.599967375393987, 0.0 ], [ 120.378943760646052, -2.600070983588978, 0.0 ], [ 120.378853666563487, -2.599850252187366, 0.0 ], [ 120.379380716946571, -2.599566456726564, 0.0 ], [ 120.379493334549807, -2.599404287377922, 0.0 ], [ 120.379650999194268, -2.599854756891489, 0.0 ] ] ] ] } },
{ "type": "Feature", "properties": { "OBJECTID": 4735, "WADMPR": "Sulawesi Selatan", "WADMKK": "Kab. Luwu Utara", "WADMKC": "Kec. Mappedeceng", "WADMKD": "Desa Tarak Tallu", "POKTAN": "Poktan Harapan Tani", "K_POKTAN": "Made Sutarka", "P_SID": "Universitas Negeri Makassar", "NO_HP_1": "0853-4199-4901", "NAMA_PEMIL": "Pemerintah Desa", "N_PETAK": "TTB087", "LUAS_HA": 0.73782277117999995, "PAKET": "Paket Sulawesi Selatan 9" }, "geometry": { "type": "MultiPolygon", "coordinates": [ [ [ [ 120.380563201330688, -2.600048460068308, 0.0 ], [ 120.380092460198966, -2.599985394210535, 0.0 ], [ 120.379650999194268, -2.599854756891489, 0.0 ], [ 120.379493334549807, -2.599404287377922, 0.0 ], [ 120.380123993127881, -2.599111480710235, 0.0 ], [ 120.38051590238706, -2.599796196637101, 0.0 ], [ 120.380563201330688, -2.600048460068308, 0.0 ] ] ] ] } },
{ "type": "Feature", "properties": { "OBJECTID": 4736, "WADMPR": "Sulawesi Selatan", "WADMKK": "Kab. Luwu Utara", "WADMKC": "Kec. Mappedeceng", "WADMKD": "Desa Tarak Tallu", "POKTAN": "Poktan Harapan Tani", "K_POKTAN": "Made Sutarka", "P_SID": "Universitas Negeri Makassar", "NO_HP_1": "0853-4199-4901", "NAMA_PEMIL": "Pemerintah Desa", "N_PETAK": "TTB088", "LUAS_HA": 0.68077126152, "PAKET": "Paket Sulawesi Selatan 9" }, "geometry": { "type": "MultiPolygon", "coordinates": [ [ [ [ 120.380786184634758, -2.599350230029017, 0.0 ], [ 120.38109250451555, -2.600095759012049, 0.0 ], [ 120.380563201330688, -2.600048460068308, 0.0 ], [ 120.38051590238706, -2.599796196637101, 0.0 ], [ 120.380123993127881, -2.599111480710235, 0.0 ], [ 120.380569958836645, -2.598852460672447, 0.0 ], [ 120.380786184634758, -2.599350230029017, 0.0 ] ] ] ] } },
{ "type": "Feature", "properties": { "OBJECTID": 4737, "WADMPR": "Sulawesi Selatan", "WADMKK": "Kab. Luwu Utara", "WADMKC": "Kec. Mappedeceng", "WADMKD": "Desa Tarak Tallu", "POKTAN": "Poktan Harapan Tani", "K_POKTAN": "Made Sutarka", "P_SID": "Universitas Negeri Makassar", "NO_HP_1": "0853-4199-4901", "NAMA_PEMIL": "Pemerintah Desa", "N_PETAK": "TTB089", "LUAS_HA": 1.1647855385699999, "PAKET": "Paket Sulawesi Selatan 9" }, "geometry": { "type": "MultiPolygon", "coordinates": [ [ [ [ 120.382698430188498, -2.600084496802026, 0.0 ], [ 120.382781767664483, -2.600219638825251, 0.0 ], [ 120.382065519708021, -2.600899848249355, 0.0 ], [ 120.381560992845607, -2.600408836398628, 0.0 ], [ 120.381560992845607, -2.600179095588771, 0.0 ], [ 120.381601535182767, -2.599971880098167, 0.0 ], [ 120.381806499670233, -2.599787187228856, 0.0 ], [ 120.382295259618559, -2.599613756569568, 0.0 ], [ 120.382698430188498, -2.600084496802026, 0.0 ] ] ] ] } },
{ "type": "Feature", "properties": { "OBJECTID": 4738, "WADMPR": "Sulawesi Selatan", "WADMKK": "Kab. Luwu Utara", "WADMKC": "Kec. Mappedeceng", "WADMKD": "Desa Tarak Tallu", "POKTAN": "Poktan Harapan Tani", "K_POKTAN": "Made Sutarka", "P_SID": "Universitas Negeri Makassar", "NO_HP_1": "0853-4199-4901", "NAMA_PEMIL": "Pemerintah Desa", "N_PETAK": "TTB090", "LUAS_HA": 0.68369524882, "PAKET": "Paket Sulawesi Selatan 9" }, "geometry": { "type": "MultiPolygon", "coordinates": [ [ [ [ 120.381501868716327, -2.598665515900791, 0.0 ], [ 120.381662349138196, -2.5989200312344, 0.0 ], [ 120.381344767047381, -2.599091210890606, 0.0 ], [ 120.380786184634758, -2.599350230029017, 0.0 ], [ 120.380569958836645, -2.598852460672447, 0.0 ], [ 120.381031690560121, -2.59860695474714, 0.0 ], [ 120.381015924545295, -2.598512355960395, 0.0 ], [ 120.381317738822645, -2.598368205428301, 0.0 ], [ 120.381501868716327, -2.598665515900791, 0.0 ] ] ] ] } },
{ "type": "Feature", "properties": { "OBJECTID": 4739, "WADMPR": "Sulawesi Selatan", "WADMKK": "Kab. Luwu Utara", "WADMKC": "Kec. Mappedeceng", "WADMKD": "Desa Tarak Tallu", "POKTAN": "Poktan Harapan Tani", "K_POKTAN": "Made Sutarka", "P_SID": "Universitas Negeri Makassar", "NO_HP_1": "0853-4199-4901", "NAMA_PEMIL": "Pemerintah Desa", "N_PETAK": "TTB091", "LUAS_HA": 0.80783615112999996, "PAKET": "Paket Sulawesi Selatan 9" }, "geometry": { "type": "MultiPolygon", "coordinates": [ [ [ [ 120.381581263564499, -2.599426809999215, 0.0 ], [ 120.381806499670233, -2.599787187228856, 0.0 ], [ 120.381601535182767, -2.599971880098167, 0.0 ], [ 120.381560992845607, -2.600179095588771, 0.0 ], [ 120.38109250451555, -2.600095759012049, 0.0 ], [ 120.380786184634758, -2.599350230029017, 0.0 ], [ 120.381344767047381, -2.599091210890606, 0.0 ], [ 120.381581263564499, -2.599426809999215, 0.0 ] ] ] ] } },
{ "type": "Feature", "properties": { "OBJECTID": 4740, "WADMPR": "Sulawesi Selatan", "WADMKK": "Kab. Luwu Utara", "WADMKC": "Kec. Mappedeceng", "WADMKD": "Desa Tarak Tallu", "POKTAN": "Poktan Harapan Tani", "K_POKTAN": "Made Sutarka", "P_SID": "Universitas Negeri Makassar", "NO_HP_1": "0853-4199-4901", "NAMA_PEMIL": "Pemerintah Desa", "N_PETAK": "TTB092", "LUAS_HA": 1.0338594274199999, "PAKET": "Paket Sulawesi Selatan 9" }, "geometry": { "type": "MultiPolygon", "coordinates": [ [ [ [ 120.383238994683893, -2.598805160829443, 0.0 ], [ 120.383401164032534, -2.599152023946715, 0.0 ], [ 120.38302276888578, -2.599332212111847, 0.0 ], [ 120.382295259618559, -2.599613756569568, 0.0 ], [ 120.381806499670233, -2.599787187228856, 0.0 ], [ 120.381581263564499, -2.599426809999215, 0.0 ], [ 120.381856051415753, -2.599289417872285, 0.0 ], [ 120.383139891193082, -2.598715066746877, 0.0 ], [ 120.383238994683893, -2.598805160829443, 0.0 ] ] ] ] } },
{ "type": "Feature", "properties": { "OBJECTID": 4741, "WADMPR": "Sulawesi Selatan", "WADMKK": "Kab. Luwu Utara", "WADMKC": "Kec. Mappedeceng", "WADMKD": "Desa Tarak Tallu", "POKTAN": "Poktan Harapan Tani", "K_POKTAN": "Made Sutarka", "P_SID": "Universitas Negeri Makassar", "NO_HP_1": "0853-4199-4901", "NAMA_PEMIL": "Pemerintah Desa", "N_PETAK": "TTB093", "LUAS_HA": 0.53097988082000003, "PAKET": "Paket Sulawesi Selatan 9" }, "geometry": { "type": "MultiPolygon", "coordinates": [ [ [ [ 120.383347107583063, -2.599836738074941, 0.0 ], [ 120.382698430188498, -2.600084496802026, 0.0 ], [ 120.382295259618559, -2.599613756569568, 0.0 ], [ 120.38302276888578, -2.599332212111847, 0.0 ], [ 120.383347107583063, -2.599836738074941, 0.0 ] ] ] ] } },
{ "type": "Feature", "properties": { "OBJECTID": 4742, "WADMPR": "Sulawesi Selatan", "WADMKK": "Kab. Luwu Utara", "WADMKC": "Kec. Mappedeceng", "WADMKD": "Desa Tarak Tallu", "POKTAN": "Poktan Harapan Tani", "K_POKTAN": "Made Sutarka", "P_SID": "Universitas Negeri Makassar", "NO_HP_1": "0853-4199-4901", "NAMA_PEMIL": "Pemerintah Desa", "N_PETAK": "TTB094", "LUAS_HA": 0.4656977007, "PAKET": "Paket Sulawesi Selatan 9" }, "geometry": { "type": "MultiPolygon", "coordinates": [ [ [ [ 120.383347107583063, -2.599836738074941, 0.0 ], [ 120.38302276888578, -2.599332212111847, 0.0 ], [ 120.383401164032534, -2.599152023946715, 0.0 ], [ 120.383930467217397, -2.599886290719667, 0.0 ], [ 120.383489006212699, -2.600030441251818, 0.0 ], [ 120.383347107583063, -2.599836738074941, 0.0 ] ] ] ] } },
{ "type": "Feature", "properties": { "OBJECTID": 4743, "WADMPR": "Sulawesi Selatan", "WADMKK": "Kab. Luwu Utara", "WADMKC": "Kec. Mappedeceng", "WADMKD": "Desa Tarak Tallu", "POKTAN": "Poktan Harapan Tani", "K_POKTAN": "Made Sutarka", "P_SID": "Universitas Negeri Makassar", "NO_HP_1": "0853-4199-4901", "NAMA_PEMIL": "Pemerintah Desa", "N_PETAK": "TTB095", "LUAS_HA": 0.49853548734999997, "PAKET": "Paket Sulawesi Selatan 9" }, "geometry": { "type": "MultiPolygon", "coordinates": [ [ [ [ 120.383238994683893, -2.598805160829443, 0.0 ], [ 120.383139891193082, -2.598715066746877, 0.0 ], [ 120.382977721844441, -2.598496589945626, 0.0 ], [ 120.384000289681694, -2.598073146858212, 0.0 ], [ 120.384103897876685, -2.598469560821513, 0.0 ], [ 120.383238994683893, -2.598805160829443, 0.0 ] ] ] ] } },
{ "type": "Feature", "properties": { "OBJECTID": 4744, "WADMPR": "Sulawesi Selatan", "WADMKK": "Kab. Luwu Utara", "WADMKC": "Kec. Mappedeceng", "WADMKD": "Desa Tarak Tallu", "POKTAN": "Poktan Harapan Tani", "K_POKTAN": "Made Sutarka", "P_SID": "Universitas Negeri Makassar", "NO_HP_1": "0853-4199-4901", "NAMA_PEMIL": "Pemerintah Desa", "N_PETAK": "TTB096", "LUAS_HA": 0.4507813451, "PAKET": "Paket Sulawesi Selatan 9" }, "geometry": { "type": "MultiPolygon", "coordinates": [ [ [ [ 120.384000289681694, -2.598073146858212, 0.0 ], [ 120.382977721844441, -2.598496589945626, 0.0 ], [ 120.38288551345579, -2.598316364008951, 0.0 ], [ 120.382886110605568, -2.598316124789278, 0.0 ], [ 120.382863769647315, -2.598193844870025, 0.0 ], [ 120.383488782281574, -2.59793077878237, 0.0 ], [ 120.383914700303194, -2.59776682787674, 0.0 ], [ 120.384000289681694, -2.598073146858212, 0.0 ] ] ] ] } },
{ "type": "Feature", "properties": { "OBJECTID": 4745, "WADMPR": "Sulawesi Selatan", "WADMKK": "Kab. Luwu Utara", "WADMKC": "Kec. Mappedeceng", "WADMKD": "Desa Tarak Tallu", "POKTAN": "Poktan Harapan Tani", "K_POKTAN": "Made Sutarka", "P_SID": "Universitas Negeri Makassar", "NO_HP_1": "0853-4199-4901", "NAMA_PEMIL": "Pemerintah Desa", "N_PETAK": "TTB098", "LUAS_HA": 0.76314560926999997, "PAKET": "Paket Sulawesi Selatan 9" }, "geometry": { "type": "MultiPolygon", "coordinates": [ [ [ [ 120.382977721844441, -2.598496589945626, 0.0 ], [ 120.383139891193082, -2.598715066746877, 0.0 ], [ 120.381856051415753, -2.599289417872285, 0.0 ], [ 120.381662349138196, -2.5989200312344, 0.0 ], [ 120.382465312424301, -2.598507850356953, 0.0 ], [ 120.382709752653, -2.598386630738389, 0.0 ], [ 120.38288551345579, -2.598316364008951, 0.0 ], [ 120.382977721844441, -2.598496589945626, 0.0 ] ] ] ] } },
{ "type": "Feature", "properties": { "OBJECTID": 4746, "WADMPR": "Sulawesi Selatan", "WADMKK": "Kab. Luwu Utara", "WADMKC": "Kec. Mappedeceng", "WADMKD": "Desa Tarak Tallu", "POKTAN": "Poktan Harapan Tani", "K_POKTAN": "Made Sutarka", "P_SID": "Universitas Negeri Makassar", "NO_HP_1": "0853-4199-4901", "NAMA_PEMIL": "Pemerintah Desa", "N_PETAK": "TTB101", "LUAS_HA": 1.3071621436500001, "PAKET": "Paket Sulawesi Selatan 9" }, "geometry": { "type": "MultiPolygon", "coordinates": [ [ [ [ 120.382465312424301, -2.598507850356953, 0.0 ], [ 120.381662349138196, -2.5989200312344, 0.0 ], [ 120.381501868716327, -2.598665515900791, 0.0 ], [ 120.381580138512618, -2.598613711353664, 0.0 ], [ 120.381397697545822, -2.598318654582215, 0.0 ], [ 120.38126931392776, -2.598316400881174, 0.0 ], [ 120.380981012863458, -2.598460551413268, 0.0 ], [ 120.380845871739666, -2.598201531375537, 0.0 ], [ 120.38203961743443, -2.597557359584414, 0.0 ], [ 120.382465312424301, -2.598507850356953, 0.0 ] ] ] ] } },
{ "type": "Feature", "properties": { "OBJECTID": 4747, "WADMPR": "Sulawesi Selatan", "WADMKK": "Kab. Luwu Utara", "WADMKC": "Kec. Mappedeceng", "WADMKD": "Desa Tarak Tallu", "POKTAN": "Poktan Harapan Tani", "K_POKTAN": "Made Sutarka", "P_SID": "Universitas Negeri Makassar", "NO_HP_1": "0853-4199-4901", "NAMA_PEMIL": "Pemerintah Desa", "N_PETAK": "TTB102", "LUAS_HA": 1.19561907002, "PAKET": "Paket Sulawesi Selatan 9" }, "geometry": { "type": "MultiPolygon", "coordinates": [ [ [ [ 120.382345937315222, -2.597071977489747, 0.0 ], [ 120.381913485718883, -2.597198108306031, 0.0 ], [ 120.381776092692576, -2.597256669459682, 0.0 ], [ 120.381116153987364, -2.597540466719124, 0.0 ], [ 120.381036758239816, -2.597358026651534, 0.0 ], [ 120.380863890556157, -2.596923321354154, 0.0 ], [ 120.381093630466694, -2.596680068230512, 0.0 ], [ 120.382003579801449, -2.596391767166267, 0.0 ], [ 120.382345937315222, -2.597071977489747, 0.0 ] ] ] ] } },
{ "type": "Feature", "properties": { "OBJECTID": 4748, "WADMPR": "Sulawesi Selatan", "WADMKK": "Kab. Luwu Utara", "WADMKC": "Kec. Mappedeceng", "WADMKD": "Desa Tarak Tallu", "POKTAN": "Poktan Harapan Tani", "K_POKTAN": "Made Sutarka", "P_SID": "Universitas Negeri Makassar", "NO_HP_1": "0853-4199-4901", "NAMA_PEMIL": "Pemerintah Desa", "N_PETAK": "TTB103", "LUAS_HA": 0.50490670645000002, "PAKET": "Paket Sulawesi Selatan 9" }, "geometry": { "type": "MultiPolygon", "coordinates": [ [ [ [ 120.380781116955063, -2.598200405424336, 0.0 ], [ 120.380935965822232, -2.598459426361387, 0.0 ], [ 120.380066557925375, -2.598948185410393, 0.0 ], [ 120.379977026818437, -2.598675089183985, 0.0 ], [ 120.379956193123917, -2.598563034556378, 0.0 ], [ 120.380028831365507, -2.598517986615718, 0.0 ], [ 120.380203951850945, -2.598443659447298, 0.0 ], [ 120.380176923626209, -2.598371584181223, 0.0 ], [ 120.380366684175215, -2.598252209971463, 0.0 ], [ 120.380699468405851, -2.598067516202889, 0.0 ], [ 120.380781116955063, -2.598200405424336, 0.0 ] ] ] ] } },
{ "type": "Feature", "properties": { "OBJECTID": 4749, "WADMPR": "Sulawesi Selatan", "WADMKK": "Kab. Luwu Utara", "WADMKC": "Kec. Mappedeceng", "WADMKD": "Desa Tarak Tallu", "POKTAN": "Poktan Harapan Tani", "K_POKTAN": "Made Sutarka", "P_SID": "Universitas Negeri Makassar", "NO_HP_1": "0853-4199-4901", "NAMA_PEMIL": "Pemerintah Desa", "N_PETAK": "TTB104", "LUAS_HA": 0.37068984941, "PAKET": "Paket Sulawesi Selatan 9" }, "geometry": { "type": "MultiPolygon", "coordinates": [ [ [ [ 120.381958532760109, -2.597585513760407, 0.0 ], [ 120.381280575238407, -2.597945890090728, 0.0 ], [ 120.381116153987364, -2.597540466719124, 0.0 ], [ 120.381776092692576, -2.597256669459682, 0.0 ], [ 120.381958532760109, -2.597585513760407, 0.0 ] ] ] ] } },
{ "type": "Feature", "properties": { "OBJECTID": 4750, "WADMPR": "Sulawesi Selatan", "WADMKK": "Kab. Luwu Utara", "WADMKC": "Kec. Mappedeceng", "WADMKD": "Desa Tarak Tallu", "POKTAN": "Poktan Harapan Tani", "K_POKTAN": "Made Sutarka", "P_SID": "Universitas Negeri Makassar", "NO_HP_1": "0853-4199-4901", "NAMA_PEMIL": "Pemerintah Desa", "N_PETAK": "TTB105", "LUAS_HA": 0.26688815593999998, "PAKET": "Paket Sulawesi Selatan 9" }, "geometry": { "type": "MultiPolygon", "coordinates": [ [ [ [ 120.382530942249218, -2.597292344665902, 0.0 ], [ 120.382454713913944, -2.597349248369085, 0.0 ], [ 120.382234061652639, -2.597477392767416, 0.0 ], [ 120.38203961743443, -2.597557359584414, 0.0 ], [ 120.381958532760109, -2.597585513760407, 0.0 ], [ 120.381776092692576, -2.597256669459682, 0.0 ], [ 120.381913485718883, -2.597198108306031, 0.0 ], [ 120.382345937315222, -2.597071977489747, 0.0 ], [ 120.382512611367929, -2.597260048212604, 0.0 ], [ 120.382530942249218, -2.597292344665902, 0.0 ] ] ] ] } },
{ "type": "Feature", "properties": { "OBJECTID": 4751, "WADMPR": "Sulawesi Selatan", "WADMKK": "Kab. Luwu Utara", "WADMKC": "Kec. Mappedeceng", "WADMKD": "Desa Tarak Tallu", "POKTAN": "Poktan Harapan Tani", "K_POKTAN": "Made Sutarka", "P_SID": "Universitas Negeri Makassar", "NO_HP_1": "0853-4199-4901", "NAMA_PEMIL": "Pemerintah Desa", "N_PETAK": "TTB106", "LUAS_HA": 0.51637627910999995, "PAKET": "Paket Sulawesi Selatan 9" }, "geometry": { "type": "MultiPolygon", "coordinates": [ [ [ [ 120.379970270211857, -2.597407578396997, 0.0 ], [ 120.380148205575324, -2.597934627880704, 0.0 ], [ 120.380276590092649, -2.598067516202889, 0.0 ], [ 120.380366684175215, -2.598252209971463, 0.0 ], [ 120.380176923626209, -2.598371584181223, 0.0 ], [ 120.380203951850945, -2.598443659447298, 0.0 ], [ 120.380028831365507, -2.598517986615718, 0.0 ], [ 120.379814857469796, -2.598114816045893, 0.0 ], [ 120.379690978555914, -2.597725159588379, 0.0 ], [ 120.379686473851734, -2.597655336224761, 0.0 ], [ 120.379605389177414, -2.597448119834837, 0.0 ], [ 120.37961665048806, -2.597385053977007, 0.0 ], [ 120.379855399806956, -2.597380549272884, 0.0 ], [ 120.379970270211857, -2.597407578396997, 0.0 ] ] ] ] } },
{ "type": "Feature", "properties": { "OBJECTID": 4752, "WADMPR": "Sulawesi Selatan", "WADMKK": "Kab. Luwu Utara", "WADMKC": "Kec. Mappedeceng", "WADMKD": "Desa Tarak Tallu", "POKTAN": "Poktan Harapan Tani", "K_POKTAN": "Made Sutarka", "P_SID": "Universitas Negeri Makassar", "NO_HP_1": "0853-4199-4901", "NAMA_PEMIL": "Pemerintah Desa", "N_PETAK": "TTB107", "LUAS_HA": 0.43603071272, "PAKET": "Paket Sulawesi Selatan 9" }, "geometry": { "type": "MultiPolygon", "coordinates": [ [ [ [ 120.380505203152666, -2.597646327715779, 0.0 ], [ 120.380699468405851, -2.598067516202889, 0.0 ], [ 120.380366684175215, -2.598252209971463, 0.0 ], [ 120.380276590092649, -2.598067516202889, 0.0 ], [ 120.380148205575324, -2.597934627880704, 0.0 ], [ 120.379970270211857, -2.597407578396997, 0.0 ], [ 120.380210145481897, -2.597364783258115, 0.0 ], [ 120.3803295196916, -2.597312978710931, 0.0 ], [ 120.380505203152666, -2.597646327715779, 0.0 ] ] ] ] } },
{ "type": "Feature", "properties": { "OBJECTID": 4753, "WADMPR": "Sulawesi Selatan", "WADMKK": "Kab. Luwu Utara", "WADMKC": "Kec. Mappedeceng", "WADMKD": "Desa Tarak Tallu", "POKTAN": "Poktan Harapan Tani", "K_POKTAN": "Made Sutarka", "P_SID": "Universitas Negeri Makassar", "NO_HP_1": "0853-4199-4901", "NAMA_PEMIL": "Pemerintah Desa", "N_PETAK": "TTB108", "LUAS_HA": 0.30884385373000001, "PAKET": "Paket Sulawesi Selatan 9" }, "geometry": { "type": "MultiPolygon", "coordinates": [ [ [ [ 120.381036758239816, -2.597358026651534, 0.0 ], [ 120.380505203152666, -2.597646327715779, 0.0 ], [ 120.3803295196916, -2.597312978710931, 0.0 ], [ 120.380662867797128, -2.597117023631711, 0.0 ], [ 120.380863890556157, -2.596923321354154, 0.0 ], [ 120.381036758239816, -2.597358026651534, 0.0 ] ] ] ] } },
{ "type": "Feature", "properties": { "OBJECTID": 4754, "WADMPR": "Sulawesi Selatan", "WADMKK": "Kab. Luwu Utara", "WADMKC": "Kec. Mappedeceng", "WADMKD": "Desa Tarak Tallu", "POKTAN": "Poktan Harapan Tani", "K_POKTAN": "Made Sutarka", "P_SID": "Universitas Negeri Makassar", "NO_HP_1": "0853-4199-4901", "NAMA_PEMIL": "Pemerintah Desa", "N_PETAK": "TTB109", "LUAS_HA": 0.45528942513999998, "PAKET": "Paket Sulawesi Selatan 9" }, "geometry": { "type": "MultiPolygon", "coordinates": [ [ [ [ 120.381116153987364, -2.597540466719124, 0.0 ], [ 120.381280575238407, -2.597945890090728, 0.0 ], [ 120.380781116955063, -2.598200405424336, 0.0 ], [ 120.380699468405851, -2.598067516202889, 0.0 ], [ 120.380505203152666, -2.597646327715779, 0.0 ], [ 120.381036758239816, -2.597358026651534, 0.0 ], [ 120.381116153987364, -2.597540466719124, 0.0 ] ] ] ] } },
{ "type": "Feature", "properties": { "OBJECTID": 4755, "WADMPR": "Sulawesi Selatan", "WADMKK": "Kab. Luwu Utara", "WADMKC": "Kec. Mappedeceng", "WADMKD": "Desa Tarak Tallu", "POKTAN": "Poktan Harapan Tani", "K_POKTAN": "Made Sutarka", "P_SID": "Universitas Negeri Makassar", "NO_HP_1": "0853-4199-4901", "NAMA_PEMIL": "Pemerintah Desa", "N_PETAK": "TTB110", "LUAS_HA": 0.59257369621, "PAKET": "Paket Sulawesi Selatan 9" }, "geometry": { "type": "MultiPolygon", "coordinates": [ [ [ [ 120.379477005559465, -2.597341695862553, 0.0 ], [ 120.379605389177414, -2.597448119834837, 0.0 ], [ 120.379686473851734, -2.597655336224761, 0.0 ], [ 120.379690978555914, -2.597725159588379, 0.0 ], [ 120.379814857469796, -2.598114816045893, 0.0 ], [ 120.379551332727829, -2.598152543505023, 0.0 ], [ 120.379254022255395, -2.598301198741297, 0.0 ], [ 120.379134648045579, -2.597726847615888, 0.0 ], [ 120.379046805865414, -2.597213312244492, 0.0 ], [ 120.37934186443556, -2.597357461877323, 0.0 ], [ 120.379477005559465, -2.597341695862553, 0.0 ] ] ] ] } },
{ "type": "Feature", "properties": { "OBJECTID": 4756, "WADMPR": "Sulawesi Selatan", "WADMKK": "Kab. Luwu Utara", "WADMKC": "Kec. Mappedeceng", "WADMKD": "Desa Tarak Tallu", "POKTAN": "Poktan Harapan Tani", "K_POKTAN": "Made Sutarka", "P_SID": "Universitas Negeri Makassar", "NO_HP_1": "0853-4199-4901", "NAMA_PEMIL": "Pemerintah Desa", "N_PETAK": "TTB111", "LUAS_HA": 0.94891216855000005, "PAKET": "Paket Sulawesi Selatan 9" }, "geometry": { "type": "MultiPolygon", "coordinates": [ [ [ [ 120.379814857469796, -2.598114816045893, 0.0 ], [ 120.380028831365507, -2.598517986615718, 0.0 ], [ 120.379956193123917, -2.598563034556378, 0.0 ], [ 120.379977026818437, -2.598675089183985, 0.0 ], [ 120.379930853825954, -2.598693107101155, 0.0 ], [ 120.379389163379301, -2.598886808479392, 0.0 ], [ 120.379157171566249, -2.598605264920991, 0.0 ], [ 120.379150611911314, -2.598608069007128, 0.0 ], [ 120.379123214065089, -2.59855829692782, 0.0 ], [ 120.378890824751807, -2.598193568778129, 0.0 ], [ 120.378800577784546, -2.598222640262577, 0.0 ], [ 120.378661654112079, -2.598251646995891, 0.0 ], [ 120.378461194328679, -2.597848475526689, 0.0 ], [ 120.378663906014481, -2.597794418177784, 0.0 ], [ 120.379080591596107, -2.597875502852105, 0.0 ], [ 120.379134648045579, -2.597726847615888, 0.0 ], [ 120.379254022255395, -2.598301198741297, 0.0 ], [ 120.379551332727829, -2.598152543505023, 0.0 ], [ 120.379814857469796, -2.598114816045893, 0.0 ] ] ] ] } },
{ "type": "Feature", "properties": { "OBJECTID": 4757, "WADMPR": "Sulawesi Selatan", "WADMKK": "Kab. Luwu Utara", "WADMKC": "Kec. Mappedeceng", "WADMKD": "Desa Tarak Tallu", "POKTAN": "Poktan Harapan Tani", "K_POKTAN": "Made Sutarka", "P_SID": "Universitas Negeri Makassar", "NO_HP_1": "0853-4199-4901", "NAMA_PEMIL": "Pemerintah Desa", "N_PETAK": "TTB112", "LUAS_HA": 0.25790824698999998, "PAKET": "Paket Sulawesi Selatan 9" }, "geometry": { "type": "MultiPolygon", "coordinates": [ [ [ [ 120.379507417933041, -2.599269308132023, 0.0 ], [ 120.379511737376788, -2.599264117245184, 0.0 ], [ 120.379463169489782, -2.599175884759234, 0.0 ], [ 120.379469122102364, -2.599081638506789, 0.0 ], [ 120.379389163379301, -2.598886808479392, 0.0 ], [ 120.379930853825954, -2.598693107101155, 0.0 ], [ 120.380041219526674, -2.598998301030747, 0.0 ], [ 120.379507417933041, -2.599269308132023, 0.0 ] ] ] ] } },
{ "type": "Feature", "properties": { "OBJECTID": 4758, "WADMPR": "Sulawesi Selatan", "WADMKK": "Kab. Luwu Utara", "WADMKC": "Kec. Mappedeceng", "WADMKD": "Desa Tarak Tallu", "POKTAN": "Poktan Harapan Tani", "K_POKTAN": "Made Sutarka", "P_SID": "Universitas Negeri Makassar", "NO_HP_1": "0853-4199-4901", "NAMA_PEMIL": "Pemerintah Desa", "N_PETAK": "TTB113", "LUAS_HA": 0.59824690326999996, "PAKET": "Paket Sulawesi Selatan 9" }, "geometry": { "type": "MultiPolygon", "coordinates": [ [ [ [ 120.379389163379301, -2.598886808479392, 0.0 ], [ 120.379469122102364, -2.599081638506789, 0.0 ], [ 120.379463169489782, -2.599175884759234, 0.0 ], [ 120.379150611911314, -2.598608069007128, 0.0 ], [ 120.379157171566249, -2.598605264920991, 0.0 ], [ 120.379389163379301, -2.598886808479392, 0.0 ] ] ], [ [ [ 120.378609473648339, -2.599817283041148, 0.0 ], [ 120.378574374907544, -2.599835050047488, 0.0 ], [ 120.378138263969731, -2.599930529270466, 0.0 ], [ 120.378111876961611, -2.599578079564651, 0.0 ], [ 120.37780901947076, -2.599617933920456, 0.0 ], [ 120.377804071400874, -2.599150335019885, 0.0 ], [ 120.37787854695739, -2.599134836103758, 0.0 ], [ 120.378105162623228, -2.599112380931615, 0.0 ], [ 120.378211551521986, -2.599088601058043, 0.0 ], [ 120.378394272177957, -2.599074406158877, 0.0 ], [ 120.378609473648339, -2.599817283041148, 0.0 ] ] ] ] } },
{ "type": "Feature", "properties": { "OBJECTID": 4759, "WADMPR": "Sulawesi Selatan", "WADMKK": "Kab. Luwu Utara", "WADMKC": "Kec. Mappedeceng", "WADMKD": "Desa Tarak Tallu", "POKTAN": "Poktan Harapan Tani", "K_POKTAN": "Made Sutarka", "P_SID": "Universitas Negeri Makassar", "NO_HP_1": "0853-4199-4901", "NAMA_PEMIL": "Pemerintah Desa", "N_PETAK": "TTB114", "LUAS_HA": 0.35641125954000002, "PAKET": "Paket Sulawesi Selatan 9" }, "geometry": { "type": "MultiPolygon", "coordinates": [ [ [ [ 120.378461194328679, -2.597848475526689, 0.0 ], [ 120.378661654112079, -2.598251646995891, 0.0 ], [ 120.378349140600449, -2.598366516501471, 0.0 ], [ 120.378029306607232, -2.597515126521841, 0.0 ], [ 120.378371664121119, -2.597386743803156, 0.0 ], [ 120.378461194328679, -2.597848475526689, 0.0 ] ] ] ] } },
{ "type": "Feature", "properties": { "OBJECTID": 4760, "WADMPR": "Sulawesi Selatan", "WADMKK": "Kab. Luwu Utara", "WADMKC": "Kec. Mappedeceng", "WADMKD": "Desa Tarak Tallu", "POKTAN": "Poktan Harapan Tani", "K_POKTAN": "Made Sutarka", "P_SID": "Universitas Negeri Makassar", "NO_HP_1": "0853-4199-4901", "NAMA_PEMIL": "Pemerintah Desa", "N_PETAK": "TTB115", "LUAS_HA": 0.27496285567000001, "PAKET": "Paket Sulawesi Selatan 9" }, "geometry": { "type": "MultiPolygon", "coordinates": [ [ [ [ 120.377804098380466, -2.597595041178181, 0.0 ], [ 120.377586773610801, -2.597629576943348, 0.0 ], [ 120.377554059872068, -2.597402509817925, 0.0 ], [ 120.377454956381143, -2.597053394798309, 0.0 ], [ 120.377644153954634, -2.597035376881081, 0.0 ], [ 120.377738752741266, -2.596997087345642, 0.0 ], [ 120.377817585513185, -2.596870954730718, 0.0 ], [ 120.377950473835313, -2.597544407548298, 0.0 ], [ 120.377804098380466, -2.597595041178181, 0.0 ] ] ] ] } },
{ "type": "Feature", "properties": { "OBJECTID": 4761, "WADMPR": "Sulawesi Selatan", "WADMKK": "Kab. Luwu Utara", "WADMKC": "Kec. Mappedeceng", "WADMKD": "Desa Tarak Tallu", "POKTAN": "Poktan Harapan Tani", "K_POKTAN": "Made Sutarka", "P_SID": "Universitas Negeri Makassar", "NO_HP_1": "0853-4199-4901", "NAMA_PEMIL": "Pemerintah Desa", "N_PETAK": "TTB116", "LUAS_HA": 1.2379408597299999, "PAKET": "Paket Sulawesi Selatan 9" }, "geometry": { "type": "MultiPolygon", "coordinates": [ [ [ [ 120.379477005559465, -2.597341695862553, 0.0 ], [ 120.37934186443556, -2.597357461877323, 0.0 ], [ 120.379046805865414, -2.597213312244492, 0.0 ], [ 120.379134648045579, -2.597726847615888, 0.0 ], [ 120.379080591596107, -2.597875502852105, 0.0 ], [ 120.378663906014481, -2.597794418177784, 0.0 ], [ 120.378461194328679, -2.597848475526689, 0.0 ], [ 120.378371664121119, -2.597386743803156, 0.0 ], [ 120.378686992510779, -2.59723358386276, 0.0 ], [ 120.378617170046368, -2.596677252453219, 0.0 ], [ 120.378846909957019, -2.596587159269916, 0.0 ], [ 120.37947756853498, -2.596397960797219, 0.0 ], [ 120.379477005559465, -2.597341695862553, 0.0 ] ] ] ] } },
{ "type": "Feature", "properties": { "OBJECTID": 4762, "WADMPR": "Sulawesi Selatan", "WADMKK": "Kab. Luwu Utara", "WADMKC": "Kec. Mappedeceng", "WADMKD": "Desa Tarak Tallu", "POKTAN": "Poktan Harapan Tani", "K_POKTAN": "Made Sutarka", "P_SID": "Universitas Negeri Makassar", "NO_HP_1": "0853-4199-4901", "NAMA_PEMIL": "Pemerintah Desa", "N_PETAK": "TTB117", "LUAS_HA": 0.2470814443, "PAKET": "Paket Sulawesi Selatan 9" }, "geometry": { "type": "MultiPolygon", "coordinates": [ [ [ [ 120.378371664121119, -2.597386743803156, 0.0 ], [ 120.378272560630194, -2.59679437565984, 0.0 ], [ 120.378617170046368, -2.596677252453219, 0.0 ], [ 120.378686992510779, -2.59723358386276, 0.0 ], [ 120.378371664121119, -2.597386743803156, 0.0 ] ] ] ] } },
{ "type": "Feature", "properties": { "OBJECTID": 4763, "WADMPR": "Sulawesi Selatan", "WADMKK": "Kab. Luwu Utara", "WADMKC": "Kec. Mappedeceng", "WADMKD": "Desa Tarak Tallu", "POKTAN": "Poktan Harapan Tani", "K_POKTAN": "Made Sutarka", "P_SID": "Universitas Negeri Makassar", "NO_HP_1": "0853-4199-4901", "NAMA_PEMIL": "Pemerintah Desa", "N_PETAK": "TTB119", "LUAS_HA": 0.52842950056000004, "PAKET": "Paket Sulawesi Selatan 9" }, "geometry": { "type": "MultiPolygon", "coordinates": [ [ [ [ 120.377145821622435, -2.599274776909397, 0.0 ], [ 120.376720127531939, -2.599371628497806, 0.0 ], [ 120.376548948775053, -2.598400865207736, 0.0 ], [ 120.376983652273793, -2.598317526832375, 0.0 ], [ 120.377145821622435, -2.599274776909397, 0.0 ] ] ] ] } },
{ "type": "Feature", "properties": { "OBJECTID": 4764, "WADMPR": "Sulawesi Selatan", "WADMKK": "Kab. Luwu Utara", "WADMKC": "Kec. Mappedeceng", "WADMKD": "Desa Tarak Tallu", "POKTAN": "Poktan Harapan Tani", "K_POKTAN": "Made Sutarka", "P_SID": "Universitas Negeri Makassar", "NO_HP_1": "0853-4199-4901", "NAMA_PEMIL": "Pemerintah Desa", "N_PETAK": "TTB120", "LUAS_HA": 0.51079884128999997, "PAKET": "Paket Sulawesi Selatan 9" }, "geometry": { "type": "MultiPolygon", "coordinates": [ [ [ [ 120.376720127531939, -2.599371628497806, 0.0 ], [ 120.376665406483426, -2.599382452737984, 0.0 ], [ 120.376308553696845, -2.599443951077433, 0.0 ], [ 120.376130011291025, -2.598493211192704, 0.0 ], [ 120.376403531098163, -2.598424373486012, 0.0 ], [ 120.376548948775053, -2.598400865207736, 0.0 ], [ 120.376720127531939, -2.599371628497806, 0.0 ] ] ] ] } },
{ "type": "Feature", "properties": { "OBJECTID": 4765, "WADMPR": "Sulawesi Selatan", "WADMKK": "Kab. Luwu Utara", "WADMKC": "Kec. Mappedeceng", "WADMKD": "Desa Tarak Tallu", "POKTAN": "Poktan Harapan Tani", "K_POKTAN": "Made Sutarka", "P_SID": "Universitas Negeri Makassar", "NO_HP_1": "0853-4199-4901", "NAMA_PEMIL": "Pemerintah Desa", "N_PETAK": "TTB121", "LUAS_HA": 0.57785872402000005, "PAKET": "Paket Sulawesi Selatan 9" }, "geometry": { "type": "MultiPolygon", "coordinates": [ [ [ [ 120.376308553696845, -2.599443951077433, 0.0 ], [ 120.375856973520627, -2.599521773910681, 0.0 ], [ 120.375860125644294, -2.599538336724834, 0.0 ], [ 120.375848466833304, -2.599540553553652, 0.0 ], [ 120.375773576689312, -2.599180178122651, 0.0 ], [ 120.375704316301267, -2.598850771745674, 0.0 ], [ 120.375641250443437, -2.598556276151157, 0.0 ], [ 120.376130011291025, -2.598493211192704, 0.0 ], [ 120.376308553696845, -2.599443951077433, 0.0 ] ] ] ] } },
{ "type": "Feature", "properties": { "OBJECTID": 4766, "WADMPR": "Sulawesi Selatan", "WADMKK": "Kab. Luwu Utara", "WADMKC": "Kec. Mappedeceng", "WADMKD": "Desa Tarak Tallu", "POKTAN": "Poktan Harapan Tani", "K_POKTAN": "Made Sutarka", "P_SID": "Universitas Negeri Makassar", "NO_HP_1": "0853-4199-4901", "NAMA_PEMIL": "Pemerintah Desa", "N_PETAK": "TTB122", "LUAS_HA": 0.19875224727, "PAKET": "Paket Sulawesi Selatan 9" }, "geometry": { "type": "MultiPolygon", "coordinates": [ [ [ [ 120.375773576689312, -2.599180178122651, 0.0 ], [ 120.375311281090831, -2.599296174478809, 0.0 ], [ 120.375242584577677, -2.598959448519679, 0.0 ], [ 120.375704316301267, -2.598850771745674, 0.0 ], [ 120.375773576689312, -2.599180178122651, 0.0 ] ] ] ] } },
{ "type": "Feature", "properties": { "OBJECTID": 4767, "WADMPR": "Sulawesi Selatan", "WADMKK": "Kab. Luwu Utara", "WADMKC": "Kec. Mappedeceng", "WADMKD": "Desa Tarak Tallu", "POKTAN": "Poktan Harapan Tani", "K_POKTAN": "Made Sutarka", "P_SID": "Universitas Negeri Makassar", "NO_HP_1": "0853-4199-4901", "NAMA_PEMIL": "Pemerintah Desa", "N_PETAK": "TTB123", "LUAS_HA": 0.21093168745, "PAKET": "Paket Sulawesi Selatan 9" }, "geometry": { "type": "MultiPolygon", "coordinates": [ [ [ [ 120.375848466833304, -2.599540553553652, 0.0 ], [ 120.375812288906104, -2.599547733740849, 0.0 ], [ 120.375384483207426, -2.599642473721133, 0.0 ], [ 120.375311281090831, -2.599296174478809, 0.0 ], [ 120.375773576689312, -2.599180178122651, 0.0 ], [ 120.375848466833304, -2.599540553553652, 0.0 ] ] ] ] } },
{ "type": "Feature", "properties": { "OBJECTID": 4768, "WADMPR": "Sulawesi Selatan", "WADMKK": "Kab. Luwu Utara", "WADMKC": "Kec. Mappedeceng", "WADMKD": "Desa Tarak Tallu", "POKTAN": "Poktan Harapan Tani", "K_POKTAN": "Made Sutarka", "P_SID": "Universitas Negeri Makassar", "NO_HP_1": "0853-4199-4901", "NAMA_PEMIL": "Pemerintah Desa", "N_PETAK": "TTB124", "LUAS_HA": 0.19462686027000001, "PAKET": "Paket Sulawesi Selatan 9" }, "geometry": { "type": "MultiPolygon", "coordinates": [ [ [ [ 120.375641250443437, -2.598556276151157, 0.0 ], [ 120.375704316301267, -2.598850771745674, 0.0 ], [ 120.375242584577677, -2.598959448519679, 0.0 ], [ 120.37517276211338, -2.598624409688682, 0.0 ], [ 120.375628721987937, -2.598532485485748, 0.0 ], [ 120.375641250443437, -2.598556276151157, 0.0 ] ] ] ] } },
{ "type": "Feature", "properties": { "OBJECTID": 4769, "WADMPR": "Sulawesi Selatan", "WADMKK": "Kab. Luwu Utara", "WADMKC": "Kec. Mappedeceng", "WADMKD": "Desa Tarak Tallu", "POKTAN": "Poktan Harapan Tani", "K_POKTAN": "Made Sutarka", "P_SID": "Universitas Negeri Makassar", "NO_HP_1": "0853-4199-4901", "NAMA_PEMIL": "Pemerintah Desa", "N_PETAK": "TTB125", "LUAS_HA": 0.41607253669, "PAKET": "Paket Sulawesi Selatan 9" }, "geometry": { "type": "MultiPolygon", "coordinates": [ [ [ [ 120.375985583767715, -2.600197624320856, 0.0 ], [ 120.37601233050475, -2.600338180262781, 0.0 ], [ 120.37522217266519, -2.600510051497622, 0.0 ], [ 120.375084779638883, -2.6001068791291, 0.0 ], [ 120.375927158411741, -2.599958224792204, 0.0 ], [ 120.375985583767715, -2.600197624320856, 0.0 ] ] ] ] } },
{ "type": "Feature", "properties": { "OBJECTID": 4770, "WADMPR": "Sulawesi Selatan", "WADMKK": "Kab. Luwu Utara", "WADMKC": "Kec. Mappedeceng", "WADMKD": "Desa Tarak Tallu", "POKTAN": "Poktan Harapan Tani", "K_POKTAN": "Made Sutarka", "P_SID": "Universitas Negeri Makassar", "NO_HP_1": "0853-4199-4901", "NAMA_PEMIL": "Pemerintah Desa", "N_PETAK": "TTB127", "LUAS_HA": 1.72263569882, "PAKET": "Paket Sulawesi Selatan 9" }, "geometry": { "type": "MultiPolygon", "coordinates": [ [ [ [ 120.377744349222439, -2.59851682918827, 0.0 ], [ 120.377777874149615, -2.598697937359873, 0.0 ], [ 120.377804071400874, -2.599150335019885, 0.0 ], [ 120.377145821622435, -2.599274776909397, 0.0 ], [ 120.376983652273793, -2.598317526832375, 0.0 ], [ 120.376548948775053, -2.598400865207736, 0.0 ], [ 120.376403531098163, -2.598424373486012, 0.0 ], [ 120.376327795591351, -2.597972777121925, 0.0 ], [ 120.376308932311417, -2.597870294878135, 0.0 ], [ 120.37751168741454, -2.597636050263475, 0.0 ], [ 120.377549555167889, -2.597698693439895, 0.0 ], [ 120.377744349222439, -2.59851682918827, 0.0 ] ] ] ] } },
{ "type": "Feature", "properties": { "OBJECTID": 4771, "WADMPR": "Sulawesi Selatan", "WADMKK": "Kab. Luwu Utara", "WADMKC": "Kec. Mappedeceng", "WADMKD": "Desa Tarak Tallu", "POKTAN": "Poktan Harapan Tani", "K_POKTAN": "Made Sutarka", "P_SID": "Universitas Negeri Makassar", "NO_HP_1": "0853-4199-4901", "NAMA_PEMIL": "Pemerintah Desa", "N_PETAK": "TTB130", "LUAS_HA": 0.43839306694000002, "PAKET": "Paket Sulawesi Selatan 9" }, "geometry": { "type": "MultiPolygon", "coordinates": [ [ [ [ 120.375927158411741, -2.599958224792204, 0.0 ], [ 120.375084779638883, -2.6001068791291, 0.0 ], [ 120.374929508090418, -2.599750585720926, 0.0 ], [ 120.375384483207426, -2.599642473721133, 0.0 ], [ 120.375812288906104, -2.599547733740849, 0.0 ], [ 120.375875354763821, -2.599764521615327, 0.0 ], [ 120.375927158411741, -2.599958224792204, 0.0 ] ] ] ] } },
{ "type": "Feature", "properties": { "OBJECTID": 4772, "WADMPR": "Sulawesi Selatan", "WADMKK": "Kab. Luwu Utara", "WADMKC": "Kec. Mappedeceng", "WADMKD": "Desa Tarak Tallu", "POKTAN": "Poktan Harapan Tani", "K_POKTAN": "Made Sutarka", "P_SID": "Universitas Negeri Makassar", "NO_HP_1": "0853-4199-4901", "NAMA_PEMIL": "Pemerintah Desa", "N_PETAK": "TTB131", "LUAS_HA": 0.43775890681000001, "PAKET": "Paket Sulawesi Selatan 9" }, "geometry": { "type": "MultiPolygon", "coordinates": [ [ [ [ 120.374645711730295, -2.599408229106416, 0.0 ], [ 120.37417144975268, -2.599530840875559, 0.0 ], [ 120.374131471290411, -2.599383874566115, 0.0 ], [ 120.373822899507218, -2.599473968648681, 0.0 ], [ 120.373735057327053, -2.599205939202704, 0.0 ], [ 120.374185527739996, -2.599059535868832, 0.0 ], [ 120.374142733500435, -2.598917639037779, 0.0 ], [ 120.374435539268802, -2.598825291254116, 0.0 ], [ 120.374645711730295, -2.599408229106416, 0.0 ] ] ] ] } },
{ "type": "Feature", "properties": { "OBJECTID": 4773, "WADMPR": "Sulawesi Selatan", "WADMKK": "Kab. Luwu Utara", "WADMKC": "Kec. Mappedeceng", "WADMKD": "Desa Tarak Tallu", "POKTAN": "Poktan Harapan Tani", "K_POKTAN": "Made Sutarka", "P_SID": "Universitas Negeri Makassar", "NO_HP_1": "0853-4199-4901", "NAMA_PEMIL": "Pemerintah Desa", "N_PETAK": "TTB132", "LUAS_HA": 0.43283473506999998, "PAKET": "Paket Sulawesi Selatan 9" }, "geometry": { "type": "MultiPolygon", "coordinates": [ [ [ [ 120.37389328584652, -2.592804757333624, 0.0 ], [ 120.373581898286034, -2.59283628936322, 0.0 ], [ 120.373136495552899, -2.592881336404503, 0.0 ], [ 120.373141000256965, -2.592412848074446, 0.0 ], [ 120.37393833288786, -2.59236329632904, 0.0 ], [ 120.37389328584652, -2.592804757333624, 0.0 ] ] ] ] } },
{ "type": "Feature", "properties": { "OBJECTID": 4774, "WADMPR": "Sulawesi Selatan", "WADMKK": "Kab. Luwu Utara", "WADMKC": "Kec. Mappedeceng", "WADMKD": "Desa Tarak Tallu", "POKTAN": "Poktan Harapan Tani", "K_POKTAN": "Made Sutarka", "P_SID": "Universitas Negeri Makassar", "NO_HP_1": "0853-4199-4901", "NAMA_PEMIL": "Pemerintah Desa", "N_PETAK": "TTB133", "LUAS_HA": 0.19007766979, "PAKET": "Paket Sulawesi Selatan 9" }, "geometry": { "type": "MultiPolygon", "coordinates": [ [ [ [ 120.37393833288786, -2.59236329632904, 0.0 ], [ 120.373141000256965, -2.592412848074446, 0.0 ], [ 120.373147756863546, -2.592241669317559, 0.0 ], [ 120.373969865816662, -2.592149322433215, 0.0 ], [ 120.37393833288786, -2.59236329632904, 0.0 ] ] ] ] } },
{ "type": "Feature", "properties": { "OBJECTID": 4775, "WADMPR": "Sulawesi Selatan", "WADMKK": "Kab. Luwu Utara", "WADMKC": "Kec. Mappedeceng", "WADMKD": "Desa Tarak Tallu", "POKTAN": "Poktan Harapan Tani", "K_POKTAN": "Made Sutarka", "P_SID": "Universitas Negeri Makassar", "NO_HP_1": "0853-4199-4901", "NAMA_PEMIL": "Pemerintah Desa", "N_PETAK": "TTB134", "LUAS_HA": 0.41929906483000001, "PAKET": "Paket Sulawesi Selatan 9" }, "geometry": { "type": "MultiPolygon", "coordinates": [ [ [ [ 120.373604421806704, -2.59331435187579, 0.0 ], [ 120.373613994190578, -2.593554790121402, 0.0 ], [ 120.373273044115763, -2.593617011515846, 0.0 ], [ 120.373141000256965, -2.593640379499845, 0.0 ], [ 120.373136495552899, -2.592881336404503, 0.0 ], [ 120.373581898286034, -2.59283628936322, 0.0 ], [ 120.373604421806704, -2.59331435187579, 0.0 ] ] ] ] } },
{ "type": "Feature", "properties": { "OBJECTID": 4776, "WADMPR": "Sulawesi Selatan", "WADMKK": "Kab. Luwu Utara", "WADMKC": "Kec. Mappedeceng", "WADMKD": "Desa Tarak Tallu", "POKTAN": "Poktan Harapan Tani", "K_POKTAN": "Made Sutarka", "P_SID": "Universitas Negeri Makassar", "NO_HP_1": "0853-4199-4901", "NAMA_PEMIL": "Pemerintah Desa", "N_PETAK": "TTB135", "LUAS_HA": 0.3006391749, "PAKET": "Paket Sulawesi Selatan 9" }, "geometry": { "type": "MultiPolygon", "coordinates": [ [ [ [ 120.374475518630334, -2.593148803774227, 0.0 ], [ 120.373946215445585, -2.593265926081585, 0.0 ], [ 120.37389328584652, -2.592804757333624, 0.0 ], [ 120.374425966884928, -2.592709594671987, 0.0 ], [ 120.374475518630334, -2.593148803774227, 0.0 ] ] ] ] } },
{ "type": "Feature", "properties": { "OBJECTID": 4777, "WADMPR": "Sulawesi Selatan", "WADMKK": "Kab. Luwu Utara", "WADMKC": "Kec. Mappedeceng", "WADMKD": "Desa Tarak Tallu", "POKTAN": "Poktan Harapan Tani", "K_POKTAN": "Made Sutarka", "P_SID": "Universitas Negeri Makassar", "NO_HP_1": "0853-4199-4901", "NAMA_PEMIL": "Pemerintah Desa", "N_PETAK": "TTB136", "LUAS_HA": 0.19045331068, "PAKET": "Paket Sulawesi Selatan 9" }, "geometry": { "type": "MultiPolygon", "coordinates": [ [ [ [ 120.373946215445585, -2.593265926081585, 0.0 ], [ 120.373604421806704, -2.59331435187579, 0.0 ], [ 120.373581898286034, -2.59283628936322, 0.0 ], [ 120.37389328584652, -2.592804757333624, 0.0 ], [ 120.373946215445585, -2.593265926081585, 0.0 ] ] ] ] } },
{ "type": "Feature", "properties": { "OBJECTID": 4778, "WADMPR": "Sulawesi Selatan", "WADMKK": "Kab. Luwu Utara", "WADMKC": "Kec. Mappedeceng", "WADMKD": "Desa Tarak Tallu", "POKTAN": "Poktan Harapan Tani", "K_POKTAN": "Made Sutarka", "P_SID": "Universitas Negeri Makassar", "NO_HP_1": "0853-4199-4901", "NAMA_PEMIL": "Pemerintah Desa", "N_PETAK": "TTB137", "LUAS_HA": 0.1351806042, "PAKET": "Paket Sulawesi Selatan 9" }, "geometry": { "type": "MultiPolygon", "coordinates": [ [ [ [ 120.373629478717476, -2.59376116114862, 0.0 ], [ 120.373633138958212, -2.593810431406212, 0.0 ], [ 120.373139874305821, -2.593896021684031, 0.0 ], [ 120.373139310430929, -2.593741734893115, 0.0 ], [ 120.373290781444439, -2.593715833518843, 0.0 ], [ 120.373273044115763, -2.593617011515846, 0.0 ], [ 120.373613994190578, -2.593554790121402, 0.0 ], [ 120.373629478717476, -2.59376116114862, 0.0 ] ] ] ] } },
{ "type": "Feature", "properties": { "OBJECTID": 4779, "WADMPR": "Sulawesi Selatan", "WADMKK": "Kab. Luwu Utara", "WADMKC": "Kec. Mappedeceng", "WADMKD": "Desa Tarak Tallu", "POKTAN": "Poktan Harapan Tani", "K_POKTAN": "Made Sutarka", "P_SID": "Universitas Negeri Makassar", "NO_HP_1": "0853-4199-4901", "NAMA_PEMIL": "Pemerintah Desa", "N_PETAK": "TTB138", "LUAS_HA": 0.27556352319, "PAKET": "Paket Sulawesi Selatan 9" }, "geometry": { "type": "MultiPolygon", "coordinates": [ [ [ [ 120.373625536989039, -2.594271319565678, 0.0 ], [ 120.373152543055426, -2.594359160846523, 0.0 ], [ 120.373139874305821, -2.593896021684031, 0.0 ], [ 120.373633138958212, -2.593810431406212, 0.0 ], [ 120.373641303903128, -2.593974009093188, 0.0 ], [ 120.373621032284859, -2.594122663430142, 0.0 ], [ 120.373625536989039, -2.594271319565678, 0.0 ] ] ] ] } },
{ "type": "Feature", "properties": { "OBJECTID": 4780, "WADMPR": "Sulawesi Selatan", "WADMKK": "Kab. Luwu Utara", "WADMKC": "Kec. Mappedeceng", "WADMKD": "Desa Tarak Tallu", "POKTAN": "Poktan Harapan Tani", "K_POKTAN": "Made Sutarka", "P_SID": "Universitas Negeri Makassar", "NO_HP_1": "0853-4199-4901", "NAMA_PEMIL": "Pemerintah Desa", "N_PETAK": "TTB139", "LUAS_HA": 0.47934123168999998, "PAKET": "Paket Sulawesi Selatan 9" }, "geometry": { "type": "MultiPolygon", "coordinates": [ [ [ [ 120.374496915300483, -2.593346729268092, 0.0 ], [ 120.374526477814811, -2.593573090425707, 0.0 ], [ 120.374019699049882, -2.593690212733065, 0.0 ], [ 120.373629478717476, -2.59376116114862, 0.0 ], [ 120.373613994190578, -2.593554790121402, 0.0 ], [ 120.373604421806704, -2.59331435187579, 0.0 ], [ 120.373946215445585, -2.593265926081585, 0.0 ], [ 120.374475518630334, -2.593148803774227, 0.0 ], [ 120.374496915300483, -2.593346729268092, 0.0 ] ] ] ] } },
{ "type": "Feature", "properties": { "OBJECTID": 4781, "WADMPR": "Sulawesi Selatan", "WADMKK": "Kab. Luwu Utara", "WADMKC": "Kec. Mappedeceng", "WADMKD": "Desa Tarak Tallu", "POKTAN": "Poktan Harapan Tani", "K_POKTAN": "Made Sutarka", "P_SID": "Universitas Negeri Makassar", "NO_HP_1": "0853-4199-4901", "NAMA_PEMIL": "Pemerintah Desa", "N_PETAK": "TTB140", "LUAS_HA": 0.36326719247, "PAKET": "Paket Sulawesi Selatan 9" }, "geometry": { "type": "MultiPolygon", "coordinates": [ [ [ [ 120.374084453834485, -2.594389566924917, 0.0 ], [ 120.373986194807117, -2.594404206988543, 0.0 ], [ 120.373807131693866, -2.594430391649212, 0.0 ], [ 120.3736429928299, -2.594454886483788, 0.0 ], [ 120.373625536989039, -2.594271319565678, 0.0 ], [ 120.373621032284859, -2.594122663430142, 0.0 ], [ 120.373641303903128, -2.593974009093188, 0.0 ], [ 120.373633138958212, -2.593810431406212, 0.0 ], [ 120.373629478717476, -2.59376116114862, 0.0 ], [ 120.374019699049882, -2.593690212733065, 0.0 ], [ 120.374084453834485, -2.594389566924917, 0.0 ] ] ] ] } },
{ "type": "Feature", "properties": { "OBJECTID": 4782, "WADMPR": "Sulawesi Selatan", "WADMKK": "Kab. Luwu Utara", "WADMKC": "Kec. Mappedeceng", "WADMKD": "Desa Tarak Tallu", "POKTAN": "Poktan Harapan Tani", "K_POKTAN": "Made Sutarka", "P_SID": "Universitas Negeri Makassar", "NO_HP_1": "0853-4199-4901", "NAMA_PEMIL": "Pemerintah Desa", "N_PETAK": "TTB141", "LUAS_HA": 0.31451731561000001, "PAKET": "Paket Sulawesi Selatan 9" }, "geometry": { "type": "MultiPolygon", "coordinates": [ [ [ [ 120.3736429928299, -2.594454886483788, 0.0 ], [ 120.373666642301714, -2.594778098330551, 0.0 ], [ 120.373198153072394, -2.594856930203093, 0.0 ], [ 120.373141844720408, -2.594721789978564, 0.0 ], [ 120.373123825903917, -2.594559619730603, 0.0 ], [ 120.373152543055426, -2.594359160846523, 0.0 ], [ 120.373625536989039, -2.594271319565678, 0.0 ], [ 120.3736429928299, -2.594454886483788, 0.0 ] ] ] ] } },
{ "type": "Feature", "properties": { "OBJECTID": 4783, "WADMPR": "Sulawesi Selatan", "WADMKK": "Kab. Luwu Utara", "WADMKC": "Kec. Mappedeceng", "WADMKD": "Desa Tarak Tallu", "POKTAN": "Poktan Harapan Tani", "K_POKTAN": "Made Sutarka", "P_SID": "Universitas Negeri Makassar", "NO_HP_1": "0853-4199-4901", "NAMA_PEMIL": "Pemerintah Desa", "N_PETAK": "TTB142", "LUAS_HA": 0.06868447636, "PAKET": "Paket Sulawesi Selatan 9" }, "geometry": { "type": "MultiPolygon", "coordinates": [ [ [ [ 120.37384232576278, -2.594756701660401, 0.0 ], [ 120.373666642301714, -2.594778098330551, 0.0 ], [ 120.3736429928299, -2.594454886483788, 0.0 ], [ 120.373807131693866, -2.594430391649212, 0.0 ], [ 120.37384232576278, -2.594756701660401, 0.0 ] ] ] ] } },
{ "type": "Feature", "properties": { "OBJECTID": 4784, "WADMPR": "Sulawesi Selatan", "WADMKK": "Kab. Luwu Utara", "WADMKC": "Kec. Mappedeceng", "WADMKD": "Desa Tarak Tallu", "POKTAN": "Poktan Harapan Tani", "K_POKTAN": "Made Sutarka", "P_SID": "Universitas Negeri Makassar", "NO_HP_1": "0853-4199-4901", "NAMA_PEMIL": "Pemerintah Desa", "N_PETAK": "TTB143", "LUAS_HA": 0.07230210957, "PAKET": "Paket Sulawesi Selatan 9" }, "geometry": { "type": "MultiPolygon", "coordinates": [ [ [ [ 120.37384232576278, -2.594756701660401, 0.0 ], [ 120.373807131693866, -2.594430391649212, 0.0 ], [ 120.373986194807117, -2.594404206988543, 0.0 ], [ 120.374026174168648, -2.59471108984485, 0.0 ], [ 120.37384232576278, -2.594756701660401, 0.0 ] ] ] ] } },
{ "type": "Feature", "properties": { "OBJECTID": 4785, "WADMPR": "Sulawesi Selatan", "WADMKK": "Kab. Luwu Utara", "WADMKC": "Kec. Mappedeceng", "WADMKD": "Desa Tarak Tallu", "POKTAN": "Poktan Harapan Tani", "K_POKTAN": "Made Sutarka", "P_SID": "Universitas Negeri Makassar", "NO_HP_1": "0853-4199-4901", "NAMA_PEMIL": "Pemerintah Desa", "N_PETAK": "TTB144", "LUAS_HA": 0.80014161204000001, "PAKET": "Paket Sulawesi Selatan 9" }, "geometry": { "type": "MultiPolygon", "coordinates": [ [ [ [ 120.374695685257734, -2.593663746584582, 0.0 ], [ 120.37480830286097, -2.594562436407273, 0.0 ], [ 120.374195663998762, -2.594686314421836, 0.0 ], [ 120.374157373564003, -2.59439801425691, 0.0 ], [ 120.374084453834485, -2.594389566924917, 0.0 ], [ 120.374019699049882, -2.593690212733065, 0.0 ], [ 120.374526477814811, -2.593573090425707, 0.0 ], [ 120.374445674628191, -2.593794383004308, 0.0 ], [ 120.374695685257734, -2.593663746584582, 0.0 ] ] ] ] } },
{ "type": "Feature", "properties": { "OBJECTID": 4786, "WADMPR": "Sulawesi Selatan", "WADMKK": "Kab. Luwu Utara", "WADMKC": "Kec. Mappedeceng", "WADMKD": "Desa Tarak Tallu", "POKTAN": "Poktan Harapan Tani", "K_POKTAN": "Made Sutarka", "P_SID": "Universitas Negeri Makassar", "NO_HP_1": "0853-4199-4901", "NAMA_PEMIL": "Pemerintah Desa", "N_PETAK": "TTB145", "LUAS_HA": 0.5428793767, "PAKET": "Paket Sulawesi Selatan 9" }, "geometry": { "type": "MultiPolygon", "coordinates": [ [ [ [ 120.374496915300483, -2.593346729268092, 0.0 ], [ 120.374475518630334, -2.593148803774227, 0.0 ], [ 120.374425966884928, -2.592709594671987, 0.0 ], [ 120.375096603925158, -2.592602890111266, 0.0 ], [ 120.375200212120149, -2.593222287378637, 0.0 ], [ 120.374496915300483, -2.593346729268092, 0.0 ] ] ] ] } },
{ "type": "Feature", "properties": { "OBJECTID": 4787, "WADMPR": "Sulawesi Selatan", "WADMKK": "Kab. Luwu Utara", "WADMKC": "Kec. Mappedeceng", "WADMKD": "Desa Tarak Tallu", "POKTAN": "Poktan Harapan Tani", "K_POKTAN": "Made Sutarka", "P_SID": "Universitas Negeri Makassar", "NO_HP_1": "0853-4199-4901", "NAMA_PEMIL": "Pemerintah Desa", "N_PETAK": "TTB146", "LUAS_HA": 0.2534180755, "PAKET": "Paket Sulawesi Selatan 9" }, "geometry": { "type": "MultiPolygon", "coordinates": [ [ [ [ 120.375013267348436, -2.594527524725436, 0.0 ], [ 120.37480830286097, -2.594562436407273, 0.0 ], [ 120.374695685257734, -2.593663746584582, 0.0 ], [ 120.37492317326587, -2.593577032154258, 0.0 ], [ 120.375013267348436, -2.594527524725436, 0.0 ] ] ] ] } },
{ "type": "Feature", "properties": { "OBJECTID": 4788, "WADMPR": "Sulawesi Selatan", "WADMKK": "Kab. Luwu Utara", "WADMKC": "Kec. Mappedeceng", "WADMKD": "Desa Tarak Tallu", "POKTAN": "Poktan Harapan Tani", "K_POKTAN": "Made Sutarka", "P_SID": "Universitas Negeri Makassar", "NO_HP_1": "0853-4199-4901", "NAMA_PEMIL": "Pemerintah Desa", "N_PETAK": "TTB147", "LUAS_HA": 0.25138942236, "PAKET": "Paket Sulawesi Selatan 9" }, "geometry": { "type": "MultiPolygon", "coordinates": [ [ [ [ 120.375013267348436, -2.594527524725436, 0.0 ], [ 120.37492317326587, -2.593577032154258, 0.0 ], [ 120.375132641558253, -2.593554508633645, 0.0 ], [ 120.375231745049064, -2.594486981488956, 0.0 ], [ 120.375013267348436, -2.594527524725436, 0.0 ] ] ] ] } },
{ "type": "Feature", "properties": { "OBJECTID": 4789, "WADMPR": "Sulawesi Selatan", "WADMKK": "Kab. Luwu Utara", "WADMKC": "Kec. Mappedeceng", "WADMKD": "Desa Tarak Tallu", "POKTAN": "Poktan Harapan Tani", "K_POKTAN": "Made Sutarka", "P_SID": "Universitas Negeri Makassar", "NO_HP_1": "0853-4199-4901", "NAMA_PEMIL": "Pemerintah Desa", "N_PETAK": "TTB148", "LUAS_HA": 0.51132736934, "PAKET": "Paket Sulawesi Selatan 9" }, "geometry": { "type": "MultiPolygon", "coordinates": [ [ [ [ 120.374598834568587, -2.595570362382261, 0.0 ], [ 120.374433286467024, -2.595596265555173, 0.0 ], [ 120.374157373564003, -2.595644690450058, 0.0 ], [ 120.374139353848136, -2.595608651917701, 0.0 ], [ 120.374033494650121, -2.595200977543016, 0.0 ], [ 120.37399295231296, -2.595038808194374, 0.0 ], [ 120.373927633653466, -2.594784291961446, 0.0 ], [ 120.37438711347454, -2.594685189369955, 0.0 ], [ 120.374598834568587, -2.595570362382261, 0.0 ] ] ] ] } },
{ "type": "Feature", "properties": { "OBJECTID": 4790, "WADMPR": "Sulawesi Selatan", "WADMKK": "Kab. Luwu Utara", "WADMKC": "Kec. Mappedeceng", "WADMKD": "Desa Tarak Tallu", "POKTAN": "Poktan Harapan Tani", "K_POKTAN": "Made Sutarka", "P_SID": "Universitas Negeri Makassar", "NO_HP_1": "0853-4199-4901", "NAMA_PEMIL": "Pemerintah Desa", "N_PETAK": "TTB149", "LUAS_HA": 0.13995853775, "PAKET": "Paket Sulawesi Selatan 9" }, "geometry": { "type": "MultiPolygon", "coordinates": [ [ [ [ 120.374033494650121, -2.595200977543016, 0.0 ], [ 120.373400583270382, -2.595349632779289, 0.0 ], [ 120.373339770214329, -2.595180706824124, 0.0 ], [ 120.37399295231296, -2.595038808194374, 0.0 ], [ 120.374033494650121, -2.595200977543016, 0.0 ] ] ] ] } },
{ "type": "Feature", "properties": { "OBJECTID": 4791, "WADMPR": "Sulawesi Selatan", "WADMKK": "Kab. Luwu Utara", "WADMKC": "Kec. Mappedeceng", "WADMKD": "Desa Tarak Tallu", "POKTAN": "Poktan Harapan Tani", "K_POKTAN": "Made Sutarka", "P_SID": "Universitas Negeri Makassar", "NO_HP_1": "0853-4199-4901", "NAMA_PEMIL": "Pemerintah Desa", "N_PETAK": "TTB150", "LUAS_HA": 0.31124212315, "PAKET": "Paket Sulawesi Selatan 9" }, "geometry": { "type": "MultiPolygon", "coordinates": [ [ [ [ 120.374139353848136, -2.595608651917701, 0.0 ], [ 120.373777289490363, -2.595672281650423, 0.0 ], [ 120.373542481900131, -2.595714513813732, 0.0 ], [ 120.373400583270382, -2.595349632779289, 0.0 ], [ 120.374033494650121, -2.595200977543016, 0.0 ], [ 120.374139353848136, -2.595608651917701, 0.0 ] ] ] ] } },
{ "type": "Feature", "properties": { "OBJECTID": 4792, "WADMPR": "Sulawesi Selatan", "WADMKK": "Kab. Luwu Utara", "WADMKC": "Kec. Mappedeceng", "WADMKD": "Desa Tarak Tallu", "POKTAN": "Poktan Harapan Tani", "K_POKTAN": "Made Sutarka", "P_SID": "Universitas Negeri Makassar", "NO_HP_1": "0853-4199-4901", "NAMA_PEMIL": "Pemerintah Desa", "N_PETAK": "TTB151", "LUAS_HA": 0.22603740651000001, "PAKET": "Paket Sulawesi Selatan 9" }, "geometry": { "type": "MultiPolygon", "coordinates": [ [ [ [ 120.373856965826349, -2.595990145228996, 0.0 ], [ 120.373926226214394, -2.59626239699196, 0.0 ], [ 120.373976059447614, -2.596460040998068, 0.0 ], [ 120.373773347761812, -2.596514097447596, 0.0 ], [ 120.373542481900131, -2.595714513813732, 0.0 ], [ 120.373777289490363, -2.595672281650423, 0.0 ], [ 120.373856965826349, -2.595990145228996, 0.0 ] ] ] ] } },
{ "type": "Feature", "properties": { "OBJECTID": 4793, "WADMPR": "Sulawesi Selatan", "WADMKK": "Kab. Luwu Utara", "WADMKC": "Kec. Mappedeceng", "WADMKD": "Desa Tarak Tallu", "POKTAN": "Poktan Harapan Tani", "K_POKTAN": "Made Sutarka", "P_SID": "Universitas Negeri Makassar", "NO_HP_1": "0853-4199-4901", "NAMA_PEMIL": "Pemerintah Desa", "N_PETAK": "TTB152", "LUAS_HA": 0.1416148994, "PAKET": "Paket Sulawesi Selatan 9" }, "geometry": { "type": "MultiPolygon", "coordinates": [ [ [ [ 120.373773347761812, -2.596514097447596, 0.0 ], [ 120.373976059447614, -2.596460040998068, 0.0 ], [ 120.374327426369746, -2.596435266474316, 0.0 ], [ 120.374383734721619, -2.596635725358396, 0.0 ], [ 120.374039125305444, -2.596692033710326, 0.0 ], [ 120.374018853687176, -2.596637978160118, 0.0 ], [ 120.373831908915577, -2.596687529006203, 0.0 ], [ 120.373773347761812, -2.596514097447596, 0.0 ] ] ] ] } },
{ "type": "Feature", "properties": { "OBJECTID": 4794, "WADMPR": "Sulawesi Selatan", "WADMKK": "Kab. Luwu Utara", "WADMKC": "Kec. Mappedeceng", "WADMKD": "Desa Tarak Tallu", "POKTAN": "Poktan Harapan Tani", "K_POKTAN": "Made Sutarka", "P_SID": "Universitas Negeri Makassar", "NO_HP_1": "0853-4199-4901", "NAMA_PEMIL": "Pemerintah Desa", "N_PETAK": "TTB153", "LUAS_HA": 0.27346017595, "PAKET": "Paket Sulawesi Selatan 9" }, "geometry": { "type": "MultiPolygon", "coordinates": [ [ [ [ 120.374480586310028, -2.597176289853849, 0.0 ], [ 120.374034620601378, -2.597270887741217, 0.0 ], [ 120.373881460660982, -2.596829427635953, 0.0 ], [ 120.373982816054195, -2.596802398511841, 0.0 ], [ 120.374226070077157, -2.596757352369877, 0.0 ], [ 120.374392744129864, -2.596761857074, 0.0 ], [ 120.374480586310028, -2.597176289853849, 0.0 ] ] ] ] } },
{ "type": "Feature", "properties": { "OBJECTID": 4795, "WADMPR": "Sulawesi Selatan", "WADMKK": "Kab. Luwu Utara", "WADMKC": "Kec. Mappedeceng", "WADMKD": "Desa Tarak Tallu", "POKTAN": "Poktan Harapan Tani", "K_POKTAN": "Made Sutarka", "P_SID": "Universitas Negeri Makassar", "NO_HP_1": "0853-4199-4901", "NAMA_PEMIL": "Pemerintah Desa", "N_PETAK": "TTB154", "LUAS_HA": 0.99892013177000005, "PAKET": "Paket Sulawesi Selatan 9" }, "geometry": { "type": "MultiPolygon", "coordinates": [ [ [ [ 120.375629284963566, -2.59540819393294, 0.0 ], [ 120.375149534423485, -2.595503918670886, 0.0 ], [ 120.374598834568587, -2.595570362382261, 0.0 ], [ 120.37438711347454, -2.594685189369955, 0.0 ], [ 120.374813934415556, -2.594595094388069, 0.0 ], [ 120.375118001494684, -2.594552300148507, 0.0 ], [ 120.375268908633302, -2.595036555392653, 0.0 ], [ 120.375388283742382, -2.595016284673761, 0.0 ], [ 120.375422068573698, -2.595092864643959, 0.0 ], [ 120.375604509540494, -2.595241518980856, 0.0 ], [ 120.375629284963566, -2.59540819393294, 0.0 ] ] ] ] } },
{ "type": "Feature", "properties": { "OBJECTID": 4796, "WADMPR": "Sulawesi Selatan", "WADMKK": "Kab. Luwu Utara", "WADMKC": "Kec. Mappedeceng", "WADMKD": "Desa Tarak Tallu", "POKTAN": "Poktan Harapan Tani", "K_POKTAN": "Made Sutarka", "P_SID": "Universitas Negeri Makassar", "NO_HP_1": "0853-4199-4901", "NAMA_PEMIL": "Pemerintah Desa", "N_PETAK": "TTB155", "LUAS_HA": 0.80409742345000002, "PAKET": "Paket Sulawesi Selatan 9" }, "geometry": { "type": "MultiPolygon", "coordinates": [ [ [ [ 120.375329722588731, -2.596375578470145, 0.0 ], [ 120.374703568714835, -2.596499457384027, 0.0 ], [ 120.374694559306477, -2.596463420650309, 0.0 ], [ 120.374640502857005, -2.596470176357514, 0.0 ], [ 120.374607562489132, -2.596337288934706, 0.0 ], [ 120.374570256811921, -2.596179763685086, 0.0 ], [ 120.374506487684357, -2.595916099548333, 0.0 ], [ 120.37448283821243, -2.595874430360652, 0.0 ], [ 120.374433286467024, -2.595596265555173, 0.0 ], [ 120.374598834568587, -2.595570362382261, 0.0 ], [ 120.375149534423485, -2.595503918670886, 0.0 ], [ 120.375235123801986, -2.595859790297027, 0.0 ], [ 120.375329722588731, -2.596375578470145, 0.0 ] ] ] ] } },
{ "type": "Feature", "properties": { "OBJECTID": 4797, "WADMPR": "Sulawesi Selatan", "WADMKK": "Kab. Luwu Utara", "WADMKC": "Kec. Mappedeceng", "WADMKD": "Desa Tarak Tallu", "POKTAN": "Poktan Harapan Tani", "K_POKTAN": "Made Sutarka", "P_SID": "Universitas Negeri Makassar", "NO_HP_1": "0853-4199-4901", "NAMA_PEMIL": "Pemerintah Desa", "N_PETAK": "TTB156", "LUAS_HA": 0.54144014530999995, "PAKET": "Paket Sulawesi Selatan 9" }, "geometry": { "type": "MultiPolygon", "coordinates": [ [ [ [ 120.375829181771337, -2.596283795460749, 0.0 ], [ 120.375329722588731, -2.596375578470145, 0.0 ], [ 120.375235123801986, -2.595859790297027, 0.0 ], [ 120.375149534423485, -2.595503918670886, 0.0 ], [ 120.375629284963566, -2.59540819393294, 0.0 ], [ 120.375829181771337, -2.596283795460749, 0.0 ] ] ] ] } },
{ "type": "Feature", "properties": { "OBJECTID": 4798, "WADMPR": "Sulawesi Selatan", "WADMKK": "Kab. Luwu Utara", "WADMKC": "Kec. Mappedeceng", "WADMKD": "Desa Tarak Tallu", "POKTAN": "Poktan Harapan Tani", "K_POKTAN": "Made Sutarka", "P_SID": "Universitas Negeri Makassar", "NO_HP_1": "0853-4199-4901", "NAMA_PEMIL": "Pemerintah Desa", "N_PETAK": "TTB157", "LUAS_HA": 0.23723883544, "PAKET": "Paket Sulawesi Selatan 9" }, "geometry": { "type": "MultiPolygon", "coordinates": [ [ [ [ 120.374570256811921, -2.596179763685086, 0.0 ], [ 120.373926226214394, -2.59626239699196, 0.0 ], [ 120.373856965826349, -2.595990145228996, 0.0 ], [ 120.37448283821243, -2.595874430360652, 0.0 ], [ 120.374506487684357, -2.595916099548333, 0.0 ], [ 120.374570256811921, -2.596179763685086, 0.0 ] ] ] ] } },
{ "type": "Feature", "properties": { "OBJECTID": 4799, "WADMPR": "Sulawesi Selatan", "WADMKK": "Kab. Luwu Utara", "WADMKC": "Kec. Mappedeceng", "WADMKD": "Desa Tarak Tallu", "POKTAN": "Poktan Harapan Tani", "K_POKTAN": "Made Sutarka", "P_SID": "Universitas Negeri Makassar", "NO_HP_1": "0853-4199-4901", "NAMA_PEMIL": "Pemerintah Desa", "N_PETAK": "TTB158", "LUAS_HA": 0.16319609584, "PAKET": "Paket Sulawesi Selatan 9" }, "geometry": { "type": "MultiPolygon", "coordinates": [ [ [ [ 120.374607562489132, -2.596337288934706, 0.0 ], [ 120.374473265828669, -2.596362628232669, 0.0 ], [ 120.374477770532735, -2.596418936584598, 0.0 ], [ 120.374327426369746, -2.596435266474316, 0.0 ], [ 120.373976059447614, -2.596460040998068, 0.0 ], [ 120.373926226214394, -2.59626239699196, 0.0 ], [ 120.374570256811921, -2.596179763685086, 0.0 ], [ 120.374607562489132, -2.596337288934706, 0.0 ] ] ] ] } },
{ "type": "Feature", "properties": { "OBJECTID": 4800, "WADMPR": "Sulawesi Selatan", "WADMKK": "Kab. Luwu Utara", "WADMKC": "Kec. Mappedeceng", "WADMKD": "Desa Tarak Tallu", "POKTAN": "Poktan Harapan Tani", "K_POKTAN": "Made Sutarka", "P_SID": "Universitas Negeri Makassar", "NO_HP_1": "0853-4199-4901", "NAMA_PEMIL": "Pemerintah Desa", "N_PETAK": "TTB159", "LUAS_HA": 0.24458655235000001, "PAKET": "Paket Sulawesi Selatan 9" }, "geometry": { "type": "MultiPolygon", "coordinates": [ [ [ [ 120.37448283821243, -2.595874430360652, 0.0 ], [ 120.373856965826349, -2.595990145228996, 0.0 ], [ 120.373777289490363, -2.595672281650423, 0.0 ], [ 120.374139353848136, -2.595608651917701, 0.0 ], [ 120.374157373564003, -2.595644690450058, 0.0 ], [ 120.374433286467024, -2.595596265555173, 0.0 ], [ 120.37448283821243, -2.595874430360652, 0.0 ] ] ] ] } },
{ "type": "Feature", "properties": { "OBJECTID": 4801, "WADMPR": "Sulawesi Selatan", "WADMKK": "Kab. Luwu Utara", "WADMKC": "Kec. Mappedeceng", "WADMKD": "Desa Tarak Tallu", "POKTAN": "Poktan Harapan Tani", "K_POKTAN": "Made Sutarka", "P_SID": "Universitas Negeri Makassar", "NO_HP_1": "0853-4199-4901", "NAMA_PEMIL": "Pemerintah Desa", "N_PETAK": "TTB160", "LUAS_HA": 1.0549744385599999, "PAKET": "Paket Sulawesi Selatan 9" }, "geometry": { "type": "MultiPolygon", "coordinates": [ [ [ [ 120.376739412593906, -2.596488477561138, 0.0 ], [ 120.375638012883996, -2.596738489089944, 0.0 ], [ 120.375543414097365, -2.596848853891458, 0.0 ], [ 120.374734820155936, -2.596956965891195, 0.0 ], [ 120.374652609530358, -2.596534651452941, 0.0 ], [ 120.374703568714835, -2.596499457384027, 0.0 ], [ 120.375329722588731, -2.596375578470145, 0.0 ], [ 120.375829181771337, -2.596283795460749, 0.0 ], [ 120.376518682091614, -2.596148372849086, 0.0 ], [ 120.376739412593906, -2.596488477561138, 0.0 ] ] ] ] } },
{ "type": "Feature", "properties": { "OBJECTID": 4802, "WADMPR": "Sulawesi Selatan", "WADMKK": "Kab. Luwu Utara", "WADMKC": "Kec. Mappedeceng", "WADMKD": "Desa Tarak Tallu", "POKTAN": "Poktan Harapan Tani", "K_POKTAN": "Made Sutarka", "P_SID": "Universitas Negeri Makassar", "NO_HP_1": "0853-4199-4901", "NAMA_PEMIL": "Pemerintah Desa", "N_PETAK": "TTB161", "LUAS_HA": 0.85887397645999997, "PAKET": "Paket Sulawesi Selatan 9" }, "geometry": { "type": "MultiPolygon", "coordinates": [ [ [ [ 120.374734820155936, -2.596956965891195, 0.0 ], [ 120.375543414097365, -2.596848853891458, 0.0 ], [ 120.375638012883996, -2.596738489089944, 0.0 ], [ 120.376739412593906, -2.596488477561138, 0.0 ], [ 120.377023208954029, -2.596902910340987, 0.0 ], [ 120.376000642016038, -2.59702791610539, 0.0 ], [ 120.374905998912823, -2.597159677576997, 0.0 ], [ 120.374766353084738, -2.597123640843279, 0.0 ], [ 120.374734820155936, -2.596956965891195, 0.0 ] ] ] ] } },
{ "type": "Feature", "properties": { "OBJECTID": 4803, "WADMPR": "Sulawesi Selatan", "WADMKK": "Kab. Luwu Utara", "WADMKC": "Kec. Mappedeceng", "WADMKD": "Desa Tarak Tallu", "POKTAN": "Poktan Harapan Tani", "K_POKTAN": "Made Sutarka", "P_SID": "Universitas Negeri Makassar", "NO_HP_1": "0853-4199-4901", "NAMA_PEMIL": "Pemerintah Desa", "N_PETAK": "TTB162", "LUAS_HA": 0.56570082603000005, "PAKET": "Paket Sulawesi Selatan 9" }, "geometry": { "type": "MultiPolygon", "coordinates": [ [ [ [ 120.376045689057378, -2.597479512469477, 0.0 ], [ 120.375897033821161, -2.597515549203194, 0.0 ], [ 120.375433049295907, -2.597556092439675, 0.0 ], [ 120.375114341253948, -2.597594381975114, 0.0 ], [ 120.375000597699454, -2.597610148889203, 0.0 ], [ 120.37491275551929, -2.59718895860351, 0.0 ], [ 120.376007398622619, -2.597065079689628, 0.0 ], [ 120.376045689057378, -2.597479512469477, 0.0 ] ] ] ] } },
{ "type": "Feature", "properties": { "OBJECTID": 4804, "WADMPR": "Sulawesi Selatan", "WADMKK": "Kab. Luwu Utara", "WADMKC": "Kec. Mappedeceng", "WADMKD": "Desa Tarak Tallu", "POKTAN": "Poktan Harapan Tani", "K_POKTAN": "Made Sutarka", "P_SID": "Universitas Negeri Makassar", "NO_HP_1": "0853-4199-4901", "NAMA_PEMIL": "Pemerintah Desa", "N_PETAK": "TTB163", "LUAS_HA": 0.49475089181999998, "PAKET": "Paket Sulawesi Selatan 9" }, "geometry": { "type": "MultiPolygon", "coordinates": [ [ [ [ 120.376261913956228, -2.597487395027201, 0.0 ], [ 120.376297951589208, -2.597523433559559, 0.0 ], [ 120.376286690278562, -2.597676593499955, 0.0 ], [ 120.37623263382909, -2.597818490331008, 0.0 ], [ 120.376153801956434, -2.597913090017016, 0.0 ], [ 120.376061455072204, -2.598016698212007, 0.0 ], [ 120.375935323356543, -2.59804372553748, 0.0 ], [ 120.375547918801431, -2.598111296099376, 0.0 ], [ 120.375433049295907, -2.597556092439675, 0.0 ], [ 120.375897033821161, -2.597515549203194, 0.0 ], [ 120.376045689057378, -2.597479512469477, 0.0 ], [ 120.376261913956228, -2.597487395027201, 0.0 ] ] ] ] } },
{ "type": "Feature", "properties": { "OBJECTID": 4805, "WADMPR": "Sulawesi Selatan", "WADMKK": "Kab. Luwu Utara", "WADMKC": "Kec. Mappedeceng", "WADMKD": "Desa Tarak Tallu", "POKTAN": "Poktan Harapan Tani", "K_POKTAN": "Made Sutarka", "P_SID": "Universitas Negeri Makassar", "NO_HP_1": "0853-4199-4901", "NAMA_PEMIL": "Pemerintah Desa", "N_PETAK": "TTB164", "LUAS_HA": 0.63650216372000001, "PAKET": "Paket Sulawesi Selatan 9" }, "geometry": { "type": "MultiPolygon", "coordinates": [ [ [ [ 120.377230425343896, -2.597382661780387, 0.0 ], [ 120.376261913956228, -2.597487395027201, 0.0 ], [ 120.376045689057378, -2.597479512469477, 0.0 ], [ 120.376007398622619, -2.597065079689628, 0.0 ], [ 120.377029966459872, -2.59694795648295, 0.0 ], [ 120.377093032317703, -2.596995256325954, 0.0 ], [ 120.37718537830267, -2.597078593801996, 0.0 ], [ 120.377230425343896, -2.597382661780387, 0.0 ] ] ] ] } },
{ "type": "Feature", "properties": { "OBJECTID": 4806, "WADMPR": "Sulawesi Selatan", "WADMKK": "Kab. Luwu Utara", "WADMKC": "Kec. Mappedeceng", "WADMKD": "Desa Tarak Tallu", "POKTAN": "Poktan Harapan Tani", "K_POKTAN": "Made Sutarka", "P_SID": "Universitas Negeri Makassar", "NO_HP_1": "0853-4199-4901", "NAMA_PEMIL": "Pemerintah Desa", "N_PETAK": "TTB165", "LUAS_HA": 0.53990108605999998, "PAKET": "Paket Sulawesi Selatan 9" }, "geometry": { "type": "MultiPolygon", "coordinates": [ [ [ [ 120.37751168741454, -2.597636050263475, 0.0 ], [ 120.376308932311417, -2.597870294878135, 0.0 ], [ 120.376327795591351, -2.597972777121925, 0.0 ], [ 120.376061455072204, -2.598016698212007, 0.0 ], [ 120.376153801956434, -2.597913090017016, 0.0 ], [ 120.37623263382909, -2.597818490331008, 0.0 ], [ 120.376286690278562, -2.597676593499955, 0.0 ], [ 120.376297951589208, -2.597523433559559, 0.0 ], [ 120.376261913956228, -2.597487395027201, 0.0 ], [ 120.377230425343896, -2.597382661780387, 0.0 ], [ 120.377496202887528, -2.597362389262798, 0.0 ], [ 120.37751168741454, -2.597636050263475, 0.0 ] ] ] ] } },
{ "type": "Feature", "properties": { "OBJECTID": 4807, "WADMPR": "Sulawesi Selatan", "WADMKK": "Kab. Luwu Utara", "WADMKC": "Kec. Mappedeceng", "WADMKD": "Desa Tarak Tallu", "POKTAN": "Poktan Harapan Tani", "K_POKTAN": "Made Sutarka", "P_SID": "Universitas Negeri Makassar", "NO_HP_1": "0853-4199-4901", "NAMA_PEMIL": "Pemerintah Desa", "N_PETAK": "TTB166", "LUAS_HA": 0.45168032971, "PAKET": "Paket Sulawesi Selatan 9" }, "geometry": { "type": "MultiPolygon", "coordinates": [ [ [ [ 120.376403531098163, -2.598424373486012, 0.0 ], [ 120.376130011291025, -2.598493211192704, 0.0 ], [ 120.375641250443437, -2.598556276151157, 0.0 ], [ 120.375628721987937, -2.598532485485748, 0.0 ], [ 120.375547918801431, -2.598111296099376, 0.0 ], [ 120.375935323356543, -2.59804372553748, 0.0 ], [ 120.376061455072204, -2.598016698212007, 0.0 ], [ 120.376327795591351, -2.597972777121925, 0.0 ], [ 120.376403531098163, -2.598424373486012, 0.0 ] ] ] ] } },
{ "type": "Feature", "properties": { "OBJECTID": 4808, "WADMPR": "Sulawesi Selatan", "WADMKK": "Kab. Luwu Utara", "WADMKC": "Kec. Mappedeceng", "WADMKD": "Desa Tarak Tallu", "POKTAN": "Poktan Harapan Tani", "K_POKTAN": "Made Sutarka", "P_SID": "Universitas Negeri Makassar", "NO_HP_1": "0853-4199-4901", "NAMA_PEMIL": "Pemerintah Desa", "N_PETAK": "TTB167", "LUAS_HA": 0.42279145147000002, "PAKET": "Paket Sulawesi Selatan 9" }, "geometry": { "type": "MultiPolygon", "coordinates": [ [ [ [ 120.375547918801431, -2.598111296099376, 0.0 ], [ 120.375628721987937, -2.598532485485748, 0.0 ], [ 120.37517276211338, -2.598624409688682, 0.0 ], [ 120.375131234119181, -2.598464914923852, 0.0 ], [ 120.375295655370223, -2.598415364077766, 0.0 ], [ 120.375189795272945, -2.598024580769732, 0.0 ], [ 120.375216823497681, -2.597978408676568, 0.0 ], [ 120.375114341253948, -2.597594381975114, 0.0 ], [ 120.375433049295907, -2.597556092439675, 0.0 ], [ 120.375547918801431, -2.598111296099376, 0.0 ] ] ] ] } },
{ "type": "Feature", "properties": { "OBJECTID": 4809, "WADMPR": "Sulawesi Selatan", "WADMKK": "Kab. Luwu Utara", "WADMKC": "Kec. Mappedeceng", "WADMKD": "Desa Tarak Tallu", "POKTAN": "Poktan Harapan Tani", "K_POKTAN": "Made Sutarka", "P_SID": "Universitas Negeri Makassar", "NO_HP_1": "0853-4199-4901", "NAMA_PEMIL": "Pemerintah Desa", "N_PETAK": "TTB168", "LUAS_HA": 0.49806065050999998, "PAKET": "Paket Sulawesi Selatan 9" }, "geometry": { "type": "MultiPolygon", "coordinates": [ [ [ [ 120.375189795272945, -2.598024580769732, 0.0 ], [ 120.374381201331403, -2.598225040553132, 0.0 ], [ 120.374228041391007, -2.597776822941967, 0.0 ], [ 120.375000597699454, -2.597610148889203, 0.0 ], [ 120.375114341253948, -2.597594381975114, 0.0 ], [ 120.375216823497681, -2.597978408676568, 0.0 ], [ 120.375189795272945, -2.598024580769732, 0.0 ] ] ] ] } },
{ "type": "Feature", "properties": { "OBJECTID": 4810, "WADMPR": "Sulawesi Selatan", "WADMKK": "Kab. Luwu Utara", "WADMKC": "Kec. Mappedeceng", "WADMKD": "Desa Tarak Tallu", "POKTAN": "Poktan Harapan Tani", "K_POKTAN": "Made Sutarka", "P_SID": "Universitas Negeri Makassar", "NO_HP_1": "0853-4199-4901", "NAMA_PEMIL": "Pemerintah Desa", "N_PETAK": "TTB169", "LUAS_HA": 0.47807426884999998, "PAKET": "Paket Sulawesi Selatan 9" }, "geometry": { "type": "MultiPolygon", "coordinates": [ [ [ [ 120.37491275551929, -2.59718895860351, 0.0 ], [ 120.375000597699454, -2.597610148889203, 0.0 ], [ 120.374228041391007, -2.597776822941967, 0.0 ], [ 120.374070376746545, -2.597318468172716, 0.0 ], [ 120.374739324860002, -2.597178822344745, 0.0 ], [ 120.37491275551929, -2.59718895860351, 0.0 ] ] ] ] } },
{ "type": "Feature", "properties": { "OBJECTID": 4811, "WADMPR": "Sulawesi Selatan", "WADMKK": "Kab. Luwu Utara", "WADMKC": "Kec. Mappedeceng", "WADMKD": "Desa Tarak Tallu", "POKTAN": "Poktan Harapan Tani", "K_POKTAN": "Made Sutarka", "P_SID": "Universitas Negeri Makassar", "NO_HP_1": "0853-4199-4901", "NAMA_PEMIL": "Pemerintah Desa", "N_PETAK": "TTB170", "LUAS_HA": 0.05976181316, "PAKET": "Paket Sulawesi Selatan 9" }, "geometry": { "type": "MultiPolygon", "coordinates": [ [ [ [ 120.374820972509951, -2.598720558007301, 0.0 ], [ 120.374578141168286, -2.598786579037323, 0.0 ], [ 120.374509584949465, -2.598601183797541, 0.0 ], [ 120.374747208317103, -2.598539243890968, 0.0 ], [ 120.374820972509951, -2.598720558007301, 0.0 ] ] ] ] } },
{ "type": "Feature", "properties": { "OBJECTID": 4812, "WADMPR": "Sulawesi Selatan", "WADMKK": "Kab. Luwu Utara", "WADMKC": "Kec. Mappedeceng", "WADMKD": "Desa Tarak Tallu", "POKTAN": "Poktan Harapan Tani", "K_POKTAN": "Made Sutarka", "P_SID": "Universitas Negeri Makassar", "NO_HP_1": "0853-4199-4901", "NAMA_PEMIL": "Pemerintah Desa", "N_PETAK": "TTB171", "LUAS_HA": 0.48831894919000002, "PAKET": "Paket Sulawesi Selatan 9" }, "geometry": { "type": "MultiPolygon", "coordinates": [ [ [ [ 120.37517276211338, -2.598624409688682, 0.0 ], [ 120.374820972509951, -2.598720558007301, 0.0 ], [ 120.374747208317103, -2.598539243890968, 0.0 ], [ 120.374509584949465, -2.598601183797541, 0.0 ], [ 120.374381201331403, -2.598225040553132, 0.0 ], [ 120.375189795272945, -2.598024580769732, 0.0 ], [ 120.375295655370223, -2.598415364077766, 0.0 ], [ 120.375131234119181, -2.598464914923852, 0.0 ], [ 120.37517276211338, -2.598624409688682, 0.0 ] ] ] ] } },
{ "type": "Feature", "properties": { "OBJECTID": 4813, "WADMPR": "Sulawesi Selatan", "WADMKK": "Kab. Luwu Utara", "WADMKC": "Kec. Mappedeceng", "WADMKD": "Desa Tarak Tallu", "POKTAN": "Poktan Harapan Tani", "K_POKTAN": "Made Sutarka", "P_SID": "Universitas Negeri Makassar", "NO_HP_1": "0853-4199-4901", "NAMA_PEMIL": "Pemerintah Desa", "N_PETAK": "TTB172", "LUAS_HA": 0.29548888891000002, "PAKET": "Paket Sulawesi Selatan 9" }, "geometry": { "type": "MultiPolygon", "coordinates": [ [ [ [ 120.372988403292197, -2.593908409845199, 0.0 ], [ 120.372524418766943, -2.594012018040132, 0.0 ], [ 120.372461352909227, -2.593757501807204, 0.0 ], [ 120.372332969291165, -2.59376876401717, 0.0 ], [ 120.372299183560585, -2.593608845671667, 0.0 ], [ 120.372983898588132, -2.593498481769473, 0.0 ], [ 120.372988403292197, -2.593908409845199, 0.0 ] ] ] ] } },
{ "type": "Feature", "properties": { "OBJECTID": 4814, "WADMPR": "Sulawesi Selatan", "WADMKK": "Kab. Luwu Utara", "WADMKC": "Kec. Mappedeceng", "WADMKD": "Desa Tarak Tallu", "POKTAN": "Poktan Harapan Tani", "K_POKTAN": "Made Sutarka", "P_SID": "Universitas Negeri Makassar", "NO_HP_1": "0853-4199-4901", "NAMA_PEMIL": "Pemerintah Desa", "N_PETAK": "TTB173", "LUAS_HA": 1.0199539394199999, "PAKET": "Paket Sulawesi Selatan 9" }, "geometry": { "type": "MultiPolygon", "coordinates": [ [ [ [ 120.372983898588132, -2.593498481769473, 0.0 ], [ 120.372299183560585, -2.593608845671667, 0.0 ], [ 120.371774385979165, -2.593728221680067, 0.0 ], [ 120.371558160181053, -2.593084048989624, 0.0 ], [ 120.372317202377076, -2.592989450202936, 0.0 ], [ 120.372999664602958, -2.592903860824492, 0.0 ], [ 120.372983898588132, -2.593498481769473, 0.0 ] ] ] ] } },
{ "type": "Feature", "properties": { "OBJECTID": 4815, "WADMPR": "Sulawesi Selatan", "WADMKK": "Kab. Luwu Utara", "WADMKC": "Kec. Mappedeceng", "WADMKD": "Desa Tarak Tallu", "POKTAN": "Poktan Harapan Tani", "K_POKTAN": "Made Sutarka", "P_SID": "Universitas Negeri Makassar", "NO_HP_1": "0853-4199-4901", "NAMA_PEMIL": "Pemerintah Desa", "N_PETAK": "TTB174", "LUAS_HA": 0.31161569064, "PAKET": "Paket Sulawesi Selatan 9" }, "geometry": { "type": "MultiPolygon", "coordinates": [ [ [ [ 120.37301993532185, -2.592442129100903, 0.0 ], [ 120.371792404795656, -2.592543484494172, 0.0 ], [ 120.371887003582401, -2.592320501190159, 0.0 ], [ 120.373022188123514, -2.592228154305815, 0.0 ], [ 120.37301993532185, -2.592442129100903, 0.0 ] ] ] ] } },
{ "type": "Feature", "properties": { "OBJECTID": 4816, "WADMPR": "Sulawesi Selatan", "WADMKK": "Kab. Luwu Utara", "WADMKC": "Kec. Mappedeceng", "WADMKD": "Desa Tarak Tallu", "POKTAN": "Poktan Harapan Tani", "K_POKTAN": "Made Sutarka", "P_SID": "Universitas Negeri Makassar", "NO_HP_1": "0853-4199-4901", "NAMA_PEMIL": "Pemerintah Desa", "N_PETAK": "TTB175", "LUAS_HA": 0.72381656321, "PAKET": "Paket Sulawesi Selatan 9" }, "geometry": { "type": "MultiPolygon", "coordinates": [ [ [ [ 120.372999664602958, -2.592903860824492, 0.0 ], [ 120.371558160181053, -2.593084048989624, 0.0 ], [ 120.371582936503387, -2.592965237755493, 0.0 ], [ 120.37162798264535, -2.592872890871149, 0.0 ], [ 120.371954574144297, -2.592881900279451, 0.0 ], [ 120.371999621185637, -2.592647655664734, 0.0 ], [ 120.37176537657092, -2.592640898158891, 0.0 ], [ 120.371792404795656, -2.592543484494172, 0.0 ], [ 120.37301993532185, -2.592442129100903, 0.0 ], [ 120.372999664602958, -2.592903860824492, 0.0 ] ] ] ] } },
{ "type": "Feature", "properties": { "OBJECTID": 4817, "WADMPR": "Sulawesi Selatan", "WADMKK": "Kab. Luwu Utara", "WADMKC": "Kec. Mappedeceng", "WADMKD": "Desa Tarak Tallu", "POKTAN": "Poktan Harapan Tani", "K_POKTAN": "Made Sutarka", "P_SID": "Universitas Negeri Makassar", "NO_HP_1": "0853-4199-4901", "NAMA_PEMIL": "Pemerintah Desa", "N_PETAK": "TTB176", "LUAS_HA": 0.38184591764999998, "PAKET": "Paket Sulawesi Selatan 9" }, "geometry": { "type": "MultiPolygon", "coordinates": [ [ [ [ 120.373909614836862, -2.598709858772907, 0.0 ], [ 120.373601043053782, -2.598813467867217, 0.0 ], [ 120.373452387817451, -2.598414801102138, 0.0 ], [ 120.374197915901163, -2.59824137044285, 0.0 ], [ 120.374357832448027, -2.598617512787939, 0.0 ], [ 120.373909614836862, -2.598709858772907, 0.0 ] ] ] ] } },
{ "type": "Feature", "properties": { "OBJECTID": 4818, "WADMPR": "Sulawesi Selatan", "WADMKK": "Kab. Luwu Utara", "WADMKC": "Kec. Mappedeceng", "WADMKD": "Desa Tarak Tallu", "POKTAN": "Poktan Harapan Tani", "K_POKTAN": "Made Sutarka", "P_SID": "Universitas Negeri Makassar", "NO_HP_1": "0853-4199-4901", "NAMA_PEMIL": "Pemerintah Desa", "N_PETAK": "TTB177", "LUAS_HA": 0.20413727995, "PAKET": "Paket Sulawesi Selatan 9" }, "geometry": { "type": "MultiPolygon", "coordinates": [ [ [ [ 120.374089803002107, -2.597817927355436, 0.0 ], [ 120.373605547757847, -2.597921536449689, 0.0 ], [ 120.373533472491772, -2.597700805947397, 0.0 ], [ 120.373806006641985, -2.597615216568954, 0.0 ], [ 120.373736184177574, -2.597398990770785, 0.0 ], [ 120.373920877046885, -2.597360701235345, 0.0 ], [ 120.374089803002107, -2.597817927355436, 0.0 ] ] ] ] } },
{ "type": "Feature", "properties": { "OBJECTID": 4819, "WADMPR": "Sulawesi Selatan", "WADMKK": "Kab. Luwu Utara", "WADMKC": "Kec. Mappedeceng", "WADMKD": "Desa Tarak Tallu", "POKTAN": "Poktan Harapan Tani", "K_POKTAN": "Made Sutarka", "P_SID": "Universitas Negeri Makassar", "NO_HP_1": "0853-4199-4901", "NAMA_PEMIL": "Pemerintah Desa", "N_PETAK": "TTB178", "LUAS_HA": 0.23724084119, "PAKET": "Paket Sulawesi Selatan 9" }, "geometry": { "type": "MultiPolygon", "coordinates": [ [ [ [ 120.373754202994178, -2.596902347365415, 0.0 ], [ 120.373258685540009, -2.597053254504033, 0.0 ], [ 120.373222647906914, -2.596924870886028, 0.0 ], [ 120.373155077345018, -2.59669513097549, 0.0 ], [ 120.373287965667146, -2.596647831132429, 0.0 ], [ 120.373616809068494, -2.596539719132693, 0.0 ], [ 120.373702398446994, -2.596742430818495, 0.0 ], [ 120.373754202994178, -2.596902347365415, 0.0 ] ] ] ] } },
{ "type": "Feature", "properties": { "OBJECTID": 4820, "WADMPR": "Sulawesi Selatan", "WADMKK": "Kab. Luwu Utara", "WADMKC": "Kec. Mappedeceng", "WADMKD": "Desa Tarak Tallu", "POKTAN": "Poktan Harapan Tani", "K_POKTAN": "Made Sutarka", "P_SID": "Universitas Negeri Makassar", "NO_HP_1": "0853-4199-4901", "NAMA_PEMIL": "Pemerintah Desa", "N_PETAK": "TTB179", "LUAS_HA": 0.3539585318, "PAKET": "Paket Sulawesi Selatan 9" }, "geometry": { "type": "MultiPolygon", "coordinates": [ [ [ [ 120.373222647906914, -2.596924870886028, 0.0 ], [ 120.373258685540009, -2.597053254504033, 0.0 ], [ 120.373754202994178, -2.596902347365415, 0.0 ], [ 120.37388934411797, -2.597312275441084, 0.0 ], [ 120.373468153832277, -2.597413630834353, 0.0 ], [ 120.37343887370514, -2.597235695470943, 0.0 ], [ 120.373069487966518, -2.59732804055659, 0.0 ], [ 120.372965879771641, -2.597028479081018, 0.0 ], [ 120.373222647906914, -2.596924870886028, 0.0 ] ] ] ] } },
{ "type": "Feature", "properties": { "OBJECTID": 4821, "WADMPR": "Sulawesi Selatan", "WADMKK": "Kab. Luwu Utara", "WADMKC": "Kec. Mappedeceng", "WADMKD": "Desa Tarak Tallu", "POKTAN": "Poktan Harapan Tani", "K_POKTAN": "Made Sutarka", "P_SID": "Universitas Negeri Makassar", "NO_HP_1": "0853-4199-4901", "NAMA_PEMIL": "Pemerintah Desa", "N_PETAK": "TTB180", "LUAS_HA": 0.22232695109, "PAKET": "Paket Sulawesi Selatan 9" }, "geometry": { "type": "MultiPolygon", "coordinates": [ [ [ [ 120.373616809068494, -2.596539719132693, 0.0 ], [ 120.373287965667146, -2.596647831132429, 0.0 ], [ 120.373155077345018, -2.59669513097549, 0.0 ], [ 120.373066109213596, -2.596323493334523, 0.0 ], [ 120.373496308907647, -2.596170332494808, 0.0 ], [ 120.373616809068494, -2.596539719132693, 0.0 ] ] ] ] } },
{ "type": "Feature", "properties": { "OBJECTID": 4822, "WADMPR": "Sulawesi Selatan", "WADMKK": "Kab. Luwu Utara", "WADMKC": "Kec. Mappedeceng", "WADMKD": "Desa Tarak Tallu", "POKTAN": "Poktan Harapan Tani", "K_POKTAN": "Made Sutarka", "P_SID": "Universitas Negeri Makassar", "NO_HP_1": "0853-4199-4901", "NAMA_PEMIL": "Pemerintah Desa", "N_PETAK": "TTB181", "LUAS_HA": 0.57954140421, "PAKET": "Paket Sulawesi Selatan 9" }, "geometry": { "type": "MultiPolygon", "coordinates": [ [ [ [ 120.372994033947521, -2.594390976162572, 0.0 ], [ 120.372548068238871, -2.594472059937573, 0.0 ], [ 120.372097598725304, -2.594611705765544, 0.0 ], [ 120.371933176574885, -2.594138712731365, 0.0 ], [ 120.372524418766943, -2.594012018040132, 0.0 ], [ 120.372988403292197, -2.593908409845199, 0.0 ], [ 120.372994033947521, -2.594390976162572, 0.0 ] ] ] ] } },
{ "type": "Feature", "properties": { "OBJECTID": 4823, "WADMPR": "Sulawesi Selatan", "WADMKK": "Kab. Luwu Utara", "WADMKC": "Kec. Mappedeceng", "WADMKD": "Desa Tarak Tallu", "POKTAN": "Poktan Harapan Tani", "K_POKTAN": "Made Sutarka", "P_SID": "Universitas Negeri Makassar", "NO_HP_1": "0853-4199-4901", "NAMA_PEMIL": "Pemerintah Desa", "N_PETAK": "TTB182", "LUAS_HA": 0.24650784419, "PAKET": "Paket Sulawesi Selatan 9" }, "geometry": { "type": "MultiPolygon", "coordinates": [ [ [ [ 120.372548068238871, -2.594472059937573, 0.0 ], [ 120.372994033947521, -2.594390976162572, 0.0 ], [ 120.373016557468191, -2.594735584679427, 0.0 ], [ 120.37306160450953, -2.594866221099153, 0.0 ], [ 120.372640415123101, -2.59492478225286, 0.0 ], [ 120.372548068238871, -2.594472059937573, 0.0 ] ] ] ] } },
{ "type": "Feature", "properties": { "OBJECTID": 4824, "WADMPR": "Sulawesi Selatan", "WADMKK": "Kab. Luwu Utara", "WADMKC": "Kec. Mappedeceng", "WADMKD": "Desa Tarak Tallu", "POKTAN": "Poktan Harapan Tani", "K_POKTAN": "Made Sutarka", "P_SID": "Universitas Negeri Makassar", "NO_HP_1": "0853-4199-4901", "NAMA_PEMIL": "Pemerintah Desa", "N_PETAK": "TTB053", "LUAS_HA": 0.2685532974, "PAKET": "Paket Sulawesi Selatan 9" }, "geometry": { "type": "MultiPolygon", "coordinates": [ [ [ [ 120.377464294041943, -2.602822761561129, 0.0 ], [ 120.377508665692403, -2.602939321792235, 0.0 ], [ 120.377241264872509, -2.602986089236595, 0.0 ], [ 120.377020252882403, -2.603066610935286, 0.0 ], [ 120.3768621367783, -2.602580650576499, 0.0 ], [ 120.377348421792249, -2.602558515562976, 0.0 ], [ 120.377464294041943, -2.602822761561129, 0.0 ] ] ] ] } },
{ "type": "Feature", "properties": { "OBJECTID": 7316, "WADMPR": "Sulawesi Selatan", "WADMKK": "Kab. Luwu Utara", "WADMKC": "Kec. Mappedeceng", "WADMKD": "Desa Mappedeceng", "POKTAN": "Gapoktan Tomammesa", "K_POKTAN": "Kasum .T", "P_SID": "Universitas Negeri Makassar", "NO_HP_1": "0877-7049-7988", "NAMA_PEMIL": "Pemerintah Desa", "N_PETAK": "MDB008", "LUAS_HA": 0.00026817507, "PAKET": "Paket Sulawesi Selatan 9" }, "geometry": { "type": "MultiPolygon", "coordinates": [ [ [ [ 120.364411052727974, -2.550844380863452, 0.0 ], [ 120.364411225397816, -2.550845420479732, 0.0 ], [ 120.363971189818585, -2.55072199482413, 0.0 ], [ 120.364411052727974, -2.550844380863452, 0.0 ] ] ] ] } },
{ "type": "Feature", "properties": { "OBJECTID": 7317, "WADMPR": "Sulawesi Selatan", "WADMKK": "Kab. Luwu Utara", "WADMKC": "Kec. Mappedeceng", "WADMKD": "Desa Mappedeceng", "POKTAN": "Gapoktan Tomammesa", "K_POKTAN": "Kasum .T", "P_SID": "Universitas Negeri Makassar", "NO_HP_1": "0877-7049-7988", "NAMA_PEMIL": "Pemerintah Desa", "N_PETAK": "MDB015", "LUAS_HA": 0.00026817507, "PAKET": "Paket Sulawesi Selatan 9" }, "geometry": { "type": "MultiPolygon", "coordinates": [ [ [ [ 120.364411052727974, -2.550844380863452, 0.0 ], [ 120.364411225397816, -2.550845420479732, 0.0 ], [ 120.363971189818585, -2.55072199482413, 0.0 ], [ 120.364411052727974, -2.550844380863452, 0.0 ] ] ] ] } },
{ "type": "Feature", "properties": { "OBJECTID": 7318, "WADMPR": "Sulawesi Selatan", "WADMKK": "Kab. Luwu Utara", "WADMKC": "Kec. Mappedeceng", "WADMKD": "Desa Mappedeceng", "POKTAN": "Gapoktan Tomammesa", "K_POKTAN": "Kasum .T", "P_SID": "Universitas Negeri Makassar", "NO_HP_1": "0877-7049-7988", "NAMA_PEMIL": "Pemerintah Desa", "N_PETAK": "MDB009", "LUAS_HA": 0.00031986589, "PAKET": "Paket Sulawesi Selatan 9" }, "geometry": { "type": "MultiPolygon", "coordinates": [ [ [ [ 120.364856625432935, -2.550990310254576, 0.0 ], [ 120.364411225397816, -2.550845420479732, 0.0 ], [ 120.364411052727974, -2.550844380863452, 0.0 ], [ 120.364414790310434, -2.550845420479732, 0.0 ], [ 120.364856625432935, -2.550990310254576, 0.0 ] ] ] ] } },
{ "type": "Feature", "properties": { "OBJECTID": 7319, "WADMPR": "Sulawesi Selatan", "WADMKK": "Kab. Luwu Utara", "WADMKC": "Kec. Mappedeceng", "WADMKD": "Desa Mappedeceng", "POKTAN": "Gapoktan Tomammesa", "K_POKTAN": "Kasum .T", "P_SID": "Universitas Negeri Makassar", "NO_HP_1": "0877-7049-7988", "NAMA_PEMIL": "Pemerintah Desa", "N_PETAK": "MDB015", "LUAS_HA": 0.00031986589, "PAKET": "Paket Sulawesi Selatan 9" }, "geometry": { "type": "MultiPolygon", "coordinates": [ [ [ [ 120.364856625432935, -2.550990310254576, 0.0 ], [ 120.364411225397816, -2.550845420479732, 0.0 ], [ 120.364411052727974, -2.550844380863452, 0.0 ], [ 120.364414790310434, -2.550845420479732, 0.0 ], [ 120.364856625432935, -2.550990310254576, 0.0 ] ] ] ] } }
]
}
