{
"type": "FeatureCollection",
"name": "SULSEL_PAKET_14",
"crs": { "type": "name", "properties": { "name": "urn:ogc:def:crs:OGC:1.3:CRS84" } },
"features": [
{ "type": "Feature", "properties": { "OBJECTID": 2293, "WADMPR": "Sulawesi Selatan", "WADMKK": "Kab. Luwu Utara", "WADMKC": "Kec. Malangke", "WADMKD": "Desa Tolada", "POKTAN": "Gapoktan Reso Temangingngi", "K_POKTAN": "A. Ahmaluddin", "P_SID": "Universitas Negeri Makassar", "NO_HP_1": "0852-5222-2976", "NAMA_PEMIL": "Pemerintah Desa", "N_PETAK": "TDB001", "LUAS_HA": 0.56204743342999997, "PAKET": "Paket Sulawesi Selatan 14" }, "geometry": { "type": "MultiPolygon", "coordinates": [ [ [ [ 120.412777432332746, -2.722539673267249, 0.0 ], [ 120.412633072258586, -2.722989282129618, 0.0 ], [ 120.412469692422405, -2.723479420738613, 0.0 ], [ 120.412029323194815, -2.723138276410282, 0.0 ], [ 120.412146400536017, -2.722890097699803, 0.0 ], [ 120.41244004357327, -2.722287866691659, 0.0 ], [ 120.412777432332746, -2.722539673267249, 0.0 ] ] ] ] } },
{ "type": "Feature", "properties": { "OBJECTID": 2294, "WADMPR": "Sulawesi Selatan", "WADMKK": "Kab. Luwu Utara", "WADMKC": "Kec. Malangke", "WADMKD": "Desa Tolada", "POKTAN": "Gapoktan Reso Temangingngi", "K_POKTAN": "A. Ahmaluddin", "P_SID": "Universitas Negeri Makassar", "NO_HP_1": "0852-5222-2976", "NAMA_PEMIL": "Pemerintah Desa", "N_PETAK": "TDB002", "LUAS_HA": 0.48369953214, "PAKET": "Paket Sulawesi Selatan 14" }, "geometry": { "type": "MultiPolygon", "coordinates": [ [ [ [ 120.41348612508466, -2.723075029788731, 0.0 ], [ 120.413357138920901, -2.723520265247998, 0.0 ], [ 120.412633072258586, -2.722989282129618, 0.0 ], [ 120.412777432332746, -2.722539673267249, 0.0 ], [ 120.41348612508466, -2.723075029788731, 0.0 ] ] ] ] } },
{ "type": "Feature", "properties": { "OBJECTID": 2295, "WADMPR": "Sulawesi Selatan", "WADMKK": "Kab. Luwu Utara", "WADMKC": "Kec. Malangke", "WADMKD": "Desa Tolada", "POKTAN": "Gapoktan Reso Temangingngi", "K_POKTAN": "A. Ahmaluddin", "P_SID": "Universitas Negeri Makassar", "NO_HP_1": "0852-5222-2976", "NAMA_PEMIL": "Pemerintah Desa", "N_PETAK": "TDB003", "LUAS_HA": 0.49477064719000002, "PAKET": "Paket Sulawesi Selatan 14" }, "geometry": { "type": "MultiPolygon", "coordinates": [ [ [ [ 120.414263069185381, -2.723684593868882, 0.0 ], [ 120.414121996133304, -2.72407873704401, 0.0 ], [ 120.413357138920901, -2.723520265247998, 0.0 ], [ 120.41348612508466, -2.723075029788731, 0.0 ], [ 120.414263069185381, -2.723684593868882, 0.0 ] ] ] ] } },
{ "type": "Feature", "properties": { "OBJECTID": 2296, "WADMPR": "Sulawesi Selatan", "WADMKK": "Kab. Luwu Utara", "WADMKC": "Kec. Malangke", "WADMKD": "Desa Tolada", "POKTAN": "Gapoktan Reso Temangingngi", "K_POKTAN": "A. Ahmaluddin", "P_SID": "Universitas Negeri Makassar", "NO_HP_1": "0852-5222-2976", "NAMA_PEMIL": "Pemerintah Desa", "N_PETAK": "TDB004", "LUAS_HA": 0.57449829048000001, "PAKET": "Paket Sulawesi Selatan 14" }, "geometry": { "type": "MultiPolygon", "coordinates": [ [ [ [ 120.411704444004954, -2.723884959223426, 0.0 ], [ 120.412306313485601, -2.724329736028437, 0.0 ], [ 120.412272894678381, -2.72496468707061, 0.0 ], [ 120.411496843604482, -2.724344588332031, 0.0 ], [ 120.411613572008832, -2.723835510000754, 0.0 ], [ 120.411704444004954, -2.723884959223426, 0.0 ] ] ] ] } },
{ "type": "Feature", "properties": { "OBJECTID": 2297, "WADMPR": "Sulawesi Selatan", "WADMKK": "Kab. Luwu Utara", "WADMKC": "Kec. Malangke", "WADMKD": "Desa Tolada", "POKTAN": "Gapoktan Reso Temangingngi", "K_POKTAN": "A. Ahmaluddin", "P_SID": "Universitas Negeri Makassar", "NO_HP_1": "0852-5222-2976", "NAMA_PEMIL": "Pemerintah Desa", "N_PETAK": "TDB005", "LUAS_HA": 0.52875819919, "PAKET": "Paket Sulawesi Selatan 14" }, "geometry": { "type": "MultiPolygon", "coordinates": [ [ [ [ 120.412272894678381, -2.72496468707061, 0.0 ], [ 120.412228336868338, -2.725454824780286, 0.0 ], [ 120.411387456366128, -2.72479658759238, 0.0 ], [ 120.411496843604482, -2.724344588332031, 0.0 ], [ 120.412272894678381, -2.72496468707061, 0.0 ] ] ] ] } },
{ "type": "Feature", "properties": { "OBJECTID": 2298, "WADMPR": "Sulawesi Selatan", "WADMKK": "Kab. Luwu Utara", "WADMKC": "Kec. Malangke", "WADMKD": "Desa Tolada", "POKTAN": "Gapoktan Reso Temangingngi", "K_POKTAN": "A. Ahmaluddin", "P_SID": "Universitas Negeri Makassar", "NO_HP_1": "0852-5222-2976", "NAMA_PEMIL": "Pemerintah Desa", "N_PETAK": "TDB006", "LUAS_HA": 2.04519525112, "PAKET": "Paket Sulawesi Selatan 14" }, "geometry": { "type": "MultiPolygon", "coordinates": [ [ [ [ 120.413713603200335, -2.725339716954352, 0.0 ], [ 120.413626020024822, -2.726008059824039, 0.0 ], [ 120.413548038910903, -2.726450594619223, 0.0 ], [ 120.412785851785657, -2.725899977501911, 0.0 ], [ 120.412228336868338, -2.725454824780286, 0.0 ], [ 120.412272894678381, -2.72496468707061, 0.0 ], [ 120.412306313485601, -2.724329736028437, 0.0 ], [ 120.413713603200335, -2.725339716954352, 0.0 ] ] ] ] } },
{ "type": "Feature", "properties": { "OBJECTID": 2299, "WADMPR": "Sulawesi Selatan", "WADMKK": "Kab. Luwu Utara", "WADMKC": "Kec. Malangke", "WADMKD": "Desa Tolada", "POKTAN": "Gapoktan Reso Temangingngi", "K_POKTAN": "A. Ahmaluddin", "P_SID": "Universitas Negeri Makassar", "NO_HP_1": "0852-5222-2976", "NAMA_PEMIL": "Pemerintah Desa", "N_PETAK": "TDB007", "LUAS_HA": 0.99979745747000004, "PAKET": "Paket Sulawesi Selatan 14" }, "geometry": { "type": "MultiPolygon", "coordinates": [ [ [ [ 120.414551379242766, -2.725711665760741, 0.0 ], [ 120.414359732815456, -2.726620177978759, 0.0 ], [ 120.413626020024822, -2.726008059824039, 0.0 ], [ 120.413713603200335, -2.725339716954352, 0.0 ], [ 120.413758161010378, -2.725061228392917, 0.0 ], [ 120.414551379242766, -2.725711665760741, 0.0 ] ] ] ] } },
{ "type": "Feature", "properties": { "OBJECTID": 2300, "WADMPR": "Sulawesi Selatan", "WADMKK": "Kab. Luwu Utara", "WADMKC": "Kec. Malangke", "WADMKD": "Desa Tolada", "POKTAN": "Gapoktan Reso Temangingngi", "K_POKTAN": "A. Ahmaluddin", "P_SID": "Universitas Negeri Makassar", "NO_HP_1": "0852-5222-2976", "NAMA_PEMIL": "Pemerintah Desa", "N_PETAK": "TDB008", "LUAS_HA": 0.62958860432999997, "PAKET": "Paket Sulawesi Selatan 14" }, "geometry": { "type": "MultiPolygon", "coordinates": [ [ [ [ 120.412469692422405, -2.723479420738613, 0.0 ], [ 120.412306313485601, -2.724329736028437, 0.0 ], [ 120.411704444004954, -2.723884959223426, 0.0 ], [ 120.412029323194815, -2.723138276410282, 0.0 ], [ 120.412469692422405, -2.723479420738613, 0.0 ] ] ] ] } },
{ "type": "Feature", "properties": { "OBJECTID": 2301, "WADMPR": "Sulawesi Selatan", "WADMKK": "Kab. Luwu Utara", "WADMKC": "Kec. Malangke", "WADMKD": "Desa Tolada", "POKTAN": "Gapoktan Reso Temangingngi", "K_POKTAN": "A. Ahmaluddin", "P_SID": "Universitas Negeri Makassar", "NO_HP_1": "0852-5222-2976", "NAMA_PEMIL": "Pemerintah Desa", "N_PETAK": "TDB009", "LUAS_HA": 1.0346412847699999, "PAKET": "Paket Sulawesi Selatan 14" }, "geometry": { "type": "MultiPolygon", "coordinates": [ [ [ [ 120.414698868058395, -2.742223972158513, 0.0 ], [ 120.413797142124508, -2.742212361011582, 0.0 ], [ 120.414001318805845, -2.741297224387324, 0.0 ], [ 120.414888240100254, -2.741249266240573, 0.0 ], [ 120.414698868058395, -2.742223972158513, 0.0 ] ] ] ] } },
{ "type": "Feature", "properties": { "OBJECTID": 2302, "WADMPR": "Sulawesi Selatan", "WADMKK": "Kab. Luwu Utara", "WADMKC": "Kec. Malangke", "WADMKD": "Desa Tolada", "POKTAN": "Gapoktan Reso Temangingngi", "K_POKTAN": "A. Ahmaluddin", "P_SID": "Universitas Negeri Makassar", "NO_HP_1": "0852-5222-2976", "NAMA_PEMIL": "Pemerintah Desa", "N_PETAK": "TDB010", "LUAS_HA": 1.12525119318, "PAKET": "Paket Sulawesi Selatan 14" }, "geometry": { "type": "MultiPolygon", "coordinates": [ [ [ [ 120.415684713878477, -2.741912066588554, 0.0 ], [ 120.415656865471988, -2.742157136342712, 0.0 ], [ 120.414698868058395, -2.742223972158513, 0.0 ], [ 120.414888240100254, -2.741249266240573, 0.0 ], [ 120.415823957709563, -2.741154580219643, 0.0 ], [ 120.415684713878477, -2.741912066588554, 0.0 ] ] ] ] } },
{ "type": "Feature", "properties": { "OBJECTID": 2303, "WADMPR": "Sulawesi Selatan", "WADMKK": "Kab. Luwu Utara", "WADMKC": "Kec. Malangke", "WADMKD": "Desa Tolada", "POKTAN": "Gapoktan Reso Temangingngi", "K_POKTAN": "A. Ahmaluddin", "P_SID": "Universitas Negeri Makassar", "NO_HP_1": "0852-5222-2976", "NAMA_PEMIL": "Pemerintah Desa", "N_PETAK": "TDB011", "LUAS_HA": 1.0014805234299999, "PAKET": "Paket Sulawesi Selatan 14" }, "geometry": { "type": "MultiPolygon", "coordinates": [ [ [ [ 120.414698868058395, -2.742223972158513, 0.0 ], [ 120.41499406512412, -2.743065003746892, 0.0 ], [ 120.414531775820819, -2.743103992055524, 0.0 ], [ 120.413990401036244, -2.743078694126382, 0.0 ], [ 120.413940411320937, -2.742694876966937, 0.0 ], [ 120.413797142124508, -2.742212361011582, 0.0 ], [ 120.414698868058395, -2.742223972158513, 0.0 ] ] ] ] } },
{ "type": "Feature", "properties": { "OBJECTID": 2304, "WADMPR": "Sulawesi Selatan", "WADMKK": "Kab. Luwu Utara", "WADMKC": "Kec. Malangke", "WADMKD": "Desa Tolada", "POKTAN": "Gapoktan Reso Temangingngi", "K_POKTAN": "A. Ahmaluddin", "P_SID": "Universitas Negeri Makassar", "NO_HP_1": "0852-5222-2976", "NAMA_PEMIL": "Pemerintah Desa", "N_PETAK": "TDB012", "LUAS_HA": 0.92444151429, "PAKET": "Paket Sulawesi Selatan 14" }, "geometry": { "type": "MultiPolygon", "coordinates": [ [ [ [ 120.415750854518365, -2.742414736350952, 0.0 ], [ 120.41591725068065, -2.742861709300371, 0.0 ], [ 120.415589331782257, -2.742907659260993, 0.0 ], [ 120.41499406512412, -2.743065003746892, 0.0 ], [ 120.414698868058395, -2.742223972158513, 0.0 ], [ 120.415656865471988, -2.742157136342712, 0.0 ], [ 120.415750854518365, -2.742414736350952, 0.0 ] ] ] ] } },
{ "type": "Feature", "properties": { "OBJECTID": 2305, "WADMPR": "Sulawesi Selatan", "WADMKK": "Kab. Luwu Utara", "WADMKC": "Kec. Malangke", "WADMKD": "Desa Tolada", "POKTAN": "Gapoktan Reso Temangingngi", "K_POKTAN": "A. Ahmaluddin", "P_SID": "Universitas Negeri Makassar", "NO_HP_1": "0852-5222-2976", "NAMA_PEMIL": "Pemerintah Desa", "N_PETAK": "TDB013", "LUAS_HA": 0.96829720026, "PAKET": "Paket Sulawesi Selatan 14" }, "geometry": { "type": "MultiPolygon", "coordinates": [ [ [ [ 120.417638999140536, -2.742786517883474, 0.0 ], [ 120.416809106555093, -2.742792086485565, 0.0 ], [ 120.41591725068065, -2.742861709300371, 0.0 ], [ 120.415750854518365, -2.742414736350952, 0.0 ], [ 120.417594441330493, -2.742329797182322, 0.0 ], [ 120.417638999140536, -2.742786517883474, 0.0 ] ] ] ] } },
{ "type": "Feature", "properties": { "OBJECTID": 2306, "WADMPR": "Sulawesi Selatan", "WADMKK": "Kab. Luwu Utara", "WADMKC": "Kec. Malangke", "WADMKD": "Desa Tolada", "POKTAN": "Gapoktan Reso Temangingngi", "K_POKTAN": "A. Ahmaluddin", "P_SID": "Universitas Negeri Makassar", "NO_HP_1": "0852-5222-2976", "NAMA_PEMIL": "Pemerintah Desa", "N_PETAK": "TDB014", "LUAS_HA": 1.1841410291800001, "PAKET": "Paket Sulawesi Selatan 14" }, "geometry": { "type": "MultiPolygon", "coordinates": [ [ [ [ 120.417594441330493, -2.742329797182322, 0.0 ], [ 120.415750854518365, -2.742414736350952, 0.0 ], [ 120.415656865471988, -2.742157136342712, 0.0 ], [ 120.415684713878477, -2.741912066588554, 0.0 ], [ 120.417533174116784, -2.741811811066157, 0.0 ], [ 120.417594441330493, -2.742329797182322, 0.0 ] ] ] ] } },
{ "type": "Feature", "properties": { "OBJECTID": 2307, "WADMPR": "Sulawesi Selatan", "WADMKK": "Kab. Luwu Utara", "WADMKC": "Kec. Malangke", "WADMKD": "Desa Tolada", "POKTAN": "Gapoktan Reso Temangingngi", "K_POKTAN": "A. Ahmaluddin", "P_SID": "Universitas Negeri Makassar", "NO_HP_1": "0852-5222-2976", "NAMA_PEMIL": "Pemerintah Desa", "N_PETAK": "TDB015", "LUAS_HA": 2.08998168379, "PAKET": "Paket Sulawesi Selatan 14" }, "geometry": { "type": "MultiPolygon", "coordinates": [ [ [ [ 120.417533174116784, -2.741811811066157, 0.0 ], [ 120.415684713878477, -2.741912066588554, 0.0 ], [ 120.415823957709563, -2.741154580219643, 0.0 ], [ 120.41583997103794, -2.740937361569934, 0.0 ], [ 120.417705835855713, -2.740937361569934, 0.0 ], [ 120.417533174116784, -2.741811811066157, 0.0 ] ] ] ] } },
{ "type": "Feature", "properties": { "OBJECTID": 2308, "WADMPR": "Sulawesi Selatan", "WADMKK": "Kab. Luwu Utara", "WADMKC": "Kec. Malangke", "WADMKD": "Desa Tolada", "POKTAN": "Gapoktan Reso Temangingngi", "K_POKTAN": "A. Ahmaluddin", "P_SID": "Universitas Negeri Makassar", "NO_HP_1": "0852-5222-2976", "NAMA_PEMIL": "Pemerintah Desa", "N_PETAK": "TDB016", "LUAS_HA": 2.1039936635799998, "PAKET": "Paket Sulawesi Selatan 14" }, "geometry": { "type": "MultiPolygon", "coordinates": [ [ [ [ 120.417638999140536, -2.742786517883474, 0.0 ], [ 120.417594441330493, -2.742329797182322, 0.0 ], [ 120.417533174116784, -2.741811811066157, 0.0 ], [ 120.419181819385471, -2.741388510970978, 0.0 ], [ 120.419025866150832, -2.742680692859665, 0.0 ], [ 120.417638999140536, -2.742786517883474, 0.0 ] ] ] ] } },
{ "type": "Feature", "properties": { "OBJECTID": 2309, "WADMPR": "Sulawesi Selatan", "WADMKK": "Kab. Luwu Utara", "WADMKC": "Kec. Malangke", "WADMKD": "Desa Tolada", "POKTAN": "Gapoktan Reso Temangingngi", "K_POKTAN": "A. Ahmaluddin", "P_SID": "Universitas Negeri Makassar", "NO_HP_1": "0852-5222-2976", "NAMA_PEMIL": "Pemerintah Desa", "N_PETAK": "TDB017", "LUAS_HA": 0.13885281421000001, "PAKET": "Paket Sulawesi Selatan 14" }, "geometry": { "type": "MultiPolygon", "coordinates": [ [ [ [ 120.422152757643744, -2.74866033910331, 0.0 ], [ 120.42214110962459, -2.749299218384181, 0.0 ], [ 120.421957576880686, -2.748983576131081, 0.0 ], [ 120.421858953627861, -2.748654073526609, 0.0 ], [ 120.421915347415393, -2.748625527246247, 0.0 ], [ 120.422152757643744, -2.74866033910331, 0.0 ] ] ] ] } },
{ "type": "Feature", "properties": { "OBJECTID": 2310, "WADMPR": "Sulawesi Selatan", "WADMKK": "Kab. Luwu Utara", "WADMKC": "Kec. Malangke", "WADMKD": "Desa Tolada", "POKTAN": "Gapoktan Reso Temangingngi", "K_POKTAN": "A. Ahmaluddin", "P_SID": "Universitas Negeri Makassar", "NO_HP_1": "0852-5222-2976", "NAMA_PEMIL": "Pemerintah Desa", "N_PETAK": "TDB018", "LUAS_HA": 0.29380711762, "PAKET": "Paket Sulawesi Selatan 14" }, "geometry": { "type": "MultiPolygon", "coordinates": [ [ [ [ 120.414607848573382, -2.746111134321325, 0.0 ], [ 120.414398044834002, -2.746308177580261, 0.0 ], [ 120.414376891880124, -2.746321822993707, 0.0 ], [ 120.41437396548622, -2.746318400174005, 0.0 ], [ 120.414370346614305, -2.746321053174029, 0.0 ], [ 120.413941557057228, -2.746635305075245, 0.0 ], [ 120.413826723524494, -2.7462320059023, 0.0 ], [ 120.413902325931645, -2.746227284461554, 0.0 ], [ 120.413902300750692, -2.746226995779182, 0.0 ], [ 120.413902370897745, -2.746226210671011, 0.0 ], [ 120.413902575043835, -2.746225451643227, 0.0 ], [ 120.413902906893668, -2.746224737581542, 0.0 ], [ 120.413903359252686, -2.746224093666967, 0.0 ], [ 120.41390391413438, -2.746223536986577, 0.0 ], [ 120.413904556250372, -2.746223087325575, 0.0 ], [ 120.413904865617155, -2.7462229425347, 0.0 ], [ 120.413834338983634, -2.746044298505524, 0.0 ], [ 120.414607848573382, -2.746111134321325, 0.0 ] ] ] ] } },
{ "type": "Feature", "properties": { "OBJECTID": 2311, "WADMPR": "Sulawesi Selatan", "WADMKK": "Kab. Luwu Utara", "WADMKC": "Kec. Malangke", "WADMKD": "Desa Tolada", "POKTAN": "Gapoktan Reso Temangingngi", "K_POKTAN": "A. Ahmaluddin", "P_SID": "Universitas Negeri Makassar", "NO_HP_1": "0852-5222-2976", "NAMA_PEMIL": "Pemerintah Desa", "N_PETAK": "TDB019", "LUAS_HA": 0.43301767035, "PAKET": "Paket Sulawesi Selatan 14" }, "geometry": { "type": "MultiPolygon", "coordinates": [ [ [ [ 120.414243146504077, -2.71523526089851, 0.0 ], [ 120.414594184274279, -2.715519264102682, 0.0 ], [ 120.41441140875952, -2.715875507148894, 0.0 ], [ 120.414127264361809, -2.715731908800478, 0.0 ], [ 120.413736271511766, -2.715528165592332, 0.0 ], [ 120.413784298007045, -2.715423636491607, 0.0 ], [ 120.413928920683247, -2.715187897203634, 0.0 ], [ 120.414014133245701, -2.715098956051918, 0.0 ], [ 120.414243146504077, -2.71523526089851, 0.0 ] ] ] ] } },
{ "type": "Feature", "properties": { "OBJECTID": 2312, "WADMPR": "Sulawesi Selatan", "WADMKK": "Kab. Luwu Utara", "WADMKC": "Kec. Malangke", "WADMKD": "Desa Tolada", "POKTAN": "Gapoktan Reso Temangingngi", "K_POKTAN": "A. Ahmaluddin", "P_SID": "Universitas Negeri Makassar", "NO_HP_1": "0852-5222-2976", "NAMA_PEMIL": "Pemerintah Desa", "N_PETAK": "TDB020", "LUAS_HA": 0.41389974596000001, "PAKET": "Paket Sulawesi Selatan 14" }, "geometry": { "type": "MultiPolygon", "coordinates": [ [ [ [ 120.412488877659598, -2.731277995283222, 0.0 ], [ 120.412647305828614, -2.731683968140544, 0.0 ], [ 120.411779505020149, -2.731645488848187, 0.0 ], [ 120.411675385111039, -2.731238389140287, 0.0 ], [ 120.412488877659598, -2.731277995283222, 0.0 ] ] ] ] } },
{ "type": "Feature", "properties": { "OBJECTID": 2313, "WADMPR": "Sulawesi Selatan", "WADMKK": "Kab. Luwu Utara", "WADMKC": "Kec. Malangke", "WADMKD": "Desa Tolada", "POKTAN": "Gapoktan Reso Temangingngi", "K_POKTAN": "A. Ahmaluddin", "P_SID": "Universitas Negeri Makassar", "NO_HP_1": "0852-5222-2976", "NAMA_PEMIL": "Pemerintah Desa", "N_PETAK": "TDB021", "LUAS_HA": 0.47655319479000002, "PAKET": "Paket Sulawesi Selatan 14" }, "geometry": { "type": "MultiPolygon", "coordinates": [ [ [ [ 120.413556878347322, -2.731708086159188, 0.0 ], [ 120.412647305828614, -2.731683968140544, 0.0 ], [ 120.412488877659598, -2.731277995283222, 0.0 ], [ 120.413430010086927, -2.731273354781479, 0.0 ], [ 120.413556878347322, -2.731708086159188, 0.0 ] ] ] ] } },
{ "type": "Feature", "properties": { "OBJECTID": 2314, "WADMPR": "Sulawesi Selatan", "WADMKK": "Kab. Luwu Utara", "WADMKC": "Kec. Malangke", "WADMKD": "Desa Tolada", "POKTAN": "Gapoktan Reso Temangingngi", "K_POKTAN": "A. Ahmaluddin", "P_SID": "Universitas Negeri Makassar", "NO_HP_1": "0852-5222-2976", "NAMA_PEMIL": "Pemerintah Desa", "N_PETAK": "TDB022", "LUAS_HA": 0.46263856984000001, "PAKET": "Paket Sulawesi Selatan 14" }, "geometry": { "type": "MultiPolygon", "coordinates": [ [ [ [ 120.412647305828614, -2.731683968140544, 0.0 ], [ 120.41278593092602, -2.732109744968682, 0.0 ], [ 120.411936362073561, -2.732103746490679, 0.0 ], [ 120.411779505020149, -2.731645488848187, 0.0 ], [ 120.412647305828614, -2.731683968140544, 0.0 ] ] ] ] } },
{ "type": "Feature", "properties": { "OBJECTID": 2315, "WADMPR": "Sulawesi Selatan", "WADMKK": "Kab. Luwu Utara", "WADMKC": "Kec. Malangke", "WADMKD": "Desa Tolada", "POKTAN": "Gapoktan Reso Temangingngi", "K_POKTAN": "A. Ahmaluddin", "P_SID": "Universitas Negeri Makassar", "NO_HP_1": "0852-5222-2976", "NAMA_PEMIL": "Pemerintah Desa", "N_PETAK": "TDB023", "LUAS_HA": 0.50086675452999996, "PAKET": "Paket Sulawesi Selatan 14" }, "geometry": { "type": "MultiPolygon", "coordinates": [ [ [ [ 120.41278593092602, -2.732109744968682, 0.0 ], [ 120.412867664011515, -2.732613464239932, 0.0 ], [ 120.412008349205962, -2.732558977914437, 0.0 ], [ 120.411936362073561, -2.732103746490679, 0.0 ], [ 120.41278593092602, -2.732109744968682, 0.0 ] ] ] ] } },
{ "type": "Feature", "properties": { "OBJECTID": 2316, "WADMPR": "Sulawesi Selatan", "WADMKK": "Kab. Luwu Utara", "WADMKC": "Kec. Malangke", "WADMKD": "Desa Tolada", "POKTAN": "Gapoktan Reso Temangingngi", "K_POKTAN": "A. Ahmaluddin", "P_SID": "Universitas Negeri Makassar", "NO_HP_1": "0852-5222-2976", "NAMA_PEMIL": "Pemerintah Desa", "N_PETAK": "TDB024", "LUAS_HA": 0.50104083360999996, "PAKET": "Paket Sulawesi Selatan 14" }, "geometry": { "type": "MultiPolygon", "coordinates": [ [ [ [ 120.413556878347322, -2.731708086159188, 0.0 ], [ 120.413727935695761, -2.732023929860418, 0.0 ], [ 120.413627581247965, -2.732159254446003, 0.0 ], [ 120.41278593092602, -2.732109744968682, 0.0 ], [ 120.412647305828614, -2.731683968140544, 0.0 ], [ 120.413556878347322, -2.731708086159188, 0.0 ] ] ] ] } },
{ "type": "Feature", "properties": { "OBJECTID": 2317, "WADMPR": "Sulawesi Selatan", "WADMKK": "Kab. Luwu Utara", "WADMKC": "Kec. Malangke", "WADMKD": "Desa Tolada", "POKTAN": "Gapoktan Reso Temangingngi", "K_POKTAN": "A. Ahmaluddin", "P_SID": "Universitas Negeri Makassar", "NO_HP_1": "0852-5222-2976", "NAMA_PEMIL": "Pemerintah Desa", "N_PETAK": "TDB025", "LUAS_HA": 0.53202558985000004, "PAKET": "Paket Sulawesi Selatan 14" }, "geometry": { "type": "MultiPolygon", "coordinates": [ [ [ [ 120.413627581247965, -2.732159254446003, 0.0 ], [ 120.413716290374509, -2.732334243630419, 0.0 ], [ 120.413787766692167, -2.732631507338169, 0.0 ], [ 120.412867664011515, -2.732613464239932, 0.0 ], [ 120.41278593092602, -2.732109744968682, 0.0 ], [ 120.413627581247965, -2.732159254446003, 0.0 ] ] ] ] } },
{ "type": "Feature", "properties": { "OBJECTID": 2318, "WADMPR": "Sulawesi Selatan", "WADMKK": "Kab. Luwu Utara", "WADMKC": "Kec. Malangke", "WADMKD": "Desa Tolada", "POKTAN": "Gapoktan Reso Temangingngi", "K_POKTAN": "A. Ahmaluddin", "P_SID": "Universitas Negeri Makassar", "NO_HP_1": "0852-5222-2976", "NAMA_PEMIL": "Pemerintah Desa", "N_PETAK": "TDB026", "LUAS_HA": 0.39844043397000001, "PAKET": "Paket Sulawesi Selatan 14" }, "geometry": { "type": "MultiPolygon", "coordinates": [ [ [ [ 120.414308085649736, -2.732149909590589, 0.0 ], [ 120.414635705973069, -2.73227250517192, 0.0 ], [ 120.414660916668026, -2.732601572504507, 0.0 ], [ 120.413716290374509, -2.732334243630419, 0.0 ], [ 120.413627581247965, -2.732159254446003, 0.0 ], [ 120.413727935695761, -2.732023929860418, 0.0 ], [ 120.414308085649736, -2.732149909590589, 0.0 ] ] ] ] } },
{ "type": "Feature", "properties": { "OBJECTID": 2319, "WADMPR": "Sulawesi Selatan", "WADMKK": "Kab. Luwu Utara", "WADMKC": "Kec. Malangke", "WADMKD": "Desa Tolada", "POKTAN": "Gapoktan Reso Temangingngi", "K_POKTAN": "A. Ahmaluddin", "P_SID": "Universitas Negeri Makassar", "NO_HP_1": "0852-5222-2976", "NAMA_PEMIL": "Pemerintah Desa", "N_PETAK": "TDB027", "LUAS_HA": 0.57314501215000002, "PAKET": "Paket Sulawesi Selatan 14" }, "geometry": { "type": "MultiPolygon", "coordinates": [ [ [ [ 120.414868310224392, -2.732360282600894, 0.0 ], [ 120.415398851775649, -2.732534661145621, 0.0 ], [ 120.415544436726464, -2.732716702813548, 0.0 ], [ 120.415607016051013, -2.732916740814915, 0.0 ], [ 120.414770927136601, -2.733040048659291, 0.0 ], [ 120.414660916668026, -2.732601572504507, 0.0 ], [ 120.414635705973069, -2.73227250517192, 0.0 ], [ 120.414868310224392, -2.732360282600894, 0.0 ] ] ] ] } },
{ "type": "Feature", "properties": { "OBJECTID": 2320, "WADMPR": "Sulawesi Selatan", "WADMKK": "Kab. Luwu Utara", "WADMKC": "Kec. Malangke", "WADMKD": "Desa Tolada", "POKTAN": "Gapoktan Reso Temangingngi", "K_POKTAN": "A. Ahmaluddin", "P_SID": "Universitas Negeri Makassar", "NO_HP_1": "0852-5222-2976", "NAMA_PEMIL": "Pemerintah Desa", "N_PETAK": "TDB028", "LUAS_HA": 0.908886898, "PAKET": "Paket Sulawesi Selatan 14" }, "geometry": { "type": "MultiPolygon", "coordinates": [ [ [ [ 120.416054998939103, -2.731892766437966, 0.0 ], [ 120.416082073928578, -2.732825326527575, 0.0 ], [ 120.416088353894452, -2.732926383345841, 0.0 ], [ 120.415544436726464, -2.732716702813548, 0.0 ], [ 120.415398851775649, -2.732534661145621, 0.0 ], [ 120.41513248157878, -2.731707947663608, 0.0 ], [ 120.416054998939103, -2.731892766437966, 0.0 ] ] ] ] } },
{ "type": "Feature", "properties": { "OBJECTID": 2321, "WADMPR": "Sulawesi Selatan", "WADMKK": "Kab. Luwu Utara", "WADMKC": "Kec. Malangke", "WADMKD": "Desa Tolada", "POKTAN": "Gapoktan Reso Temangingngi", "K_POKTAN": "A. Ahmaluddin", "P_SID": "Universitas Negeri Makassar", "NO_HP_1": "0852-5222-2976", "NAMA_PEMIL": "Pemerintah Desa", "N_PETAK": "TDB029", "LUAS_HA": 1.21626208409, "PAKET": "Paket Sulawesi Selatan 14" }, "geometry": { "type": "MultiPolygon", "coordinates": [ [ [ [ 120.416978769954312, -2.732939882169774, 0.0 ], [ 120.41694471982305, -2.733019451486427, 0.0 ], [ 120.416082073928578, -2.732825326527575, 0.0 ], [ 120.416054998939103, -2.731892766437966, 0.0 ], [ 120.416049634483102, -2.731708030401251, 0.0 ], [ 120.416737667109714, -2.731646219097684, 0.0 ], [ 120.416978769954312, -2.732939882169774, 0.0 ] ] ] ] } },
{ "type": "Feature", "properties": { "OBJECTID": 2322, "WADMPR": "Sulawesi Selatan", "WADMKK": "Kab. Luwu Utara", "WADMKC": "Kec. Malangke", "WADMKD": "Desa Tolada", "POKTAN": "Gapoktan Reso Temangingngi", "K_POKTAN": "A. Ahmaluddin", "P_SID": "Universitas Negeri Makassar", "NO_HP_1": "0852-5222-2976", "NAMA_PEMIL": "Pemerintah Desa", "N_PETAK": "TDB030", "LUAS_HA": 0.42670417218000001, "PAKET": "Paket Sulawesi Selatan 14" }, "geometry": { "type": "MultiPolygon", "coordinates": [ [ [ [ 120.404260473941804, -2.706905432539656, 0.0 ], [ 120.403714556681507, -2.707561126444773, 0.0 ], [ 120.403383958702761, -2.707357829300349, 0.0 ], [ 120.403893577526674, -2.706676876136896, 0.0 ], [ 120.404260473941804, -2.706905432539656, 0.0 ] ] ] ] } },
{ "type": "Feature", "properties": { "OBJECTID": 2323, "WADMPR": "Sulawesi Selatan", "WADMKK": "Kab. Luwu Utara", "WADMKC": "Kec. Malangke", "WADMKD": "Desa Tolada", "POKTAN": "Gapoktan Reso Temangingngi", "K_POKTAN": "A. Ahmaluddin", "P_SID": "Universitas Negeri Makassar", "NO_HP_1": "0852-5222-2976", "NAMA_PEMIL": "Pemerintah Desa", "N_PETAK": "TDB031", "LUAS_HA": 0.3416250532, "PAKET": "Paket Sulawesi Selatan 14" }, "geometry": { "type": "MultiPolygon", "coordinates": [ [ [ [ 120.404671838234776, -2.706425973379908, 0.0 ], [ 120.404260473941804, -2.706905432539656, 0.0 ], [ 120.403893577526674, -2.706676876136896, 0.0 ], [ 120.404271094935098, -2.70618800377332, 0.0 ], [ 120.404671838234776, -2.706425973379908, 0.0 ] ] ] ] } },
{ "type": "Feature", "properties": { "OBJECTID": 2324, "WADMPR": "Sulawesi Selatan", "WADMKK": "Kab. Luwu Utara", "WADMKC": "Kec. Malangke", "WADMKD": "Desa Tolada", "POKTAN": "Gapoktan Reso Temangingngi", "K_POKTAN": "A. Ahmaluddin", "P_SID": "Universitas Negeri Makassar", "NO_HP_1": "0852-5222-2976", "NAMA_PEMIL": "Pemerintah Desa", "N_PETAK": "TDB032", "LUAS_HA": 0.32555249582000001, "PAKET": "Paket Sulawesi Selatan 14" }, "geometry": { "type": "MultiPolygon", "coordinates": [ [ [ [ 120.40493528383638, -2.706052450759955, 0.0 ], [ 120.404671838234776, -2.706425973379908, 0.0 ], [ 120.404271094935098, -2.70618800377332, 0.0 ], [ 120.404637493125847, -2.705714233724848, 0.0 ], [ 120.404999471148699, -2.705950218527732, 0.0 ], [ 120.40493528383638, -2.706052450759955, 0.0 ] ] ] ] } },
{ "type": "Feature", "properties": { "OBJECTID": 2325, "WADMPR": "Sulawesi Selatan", "WADMKK": "Kab. Luwu Utara", "WADMKC": "Kec. Malangke", "WADMKD": "Desa Tolada", "POKTAN": "Gapoktan Reso Temangingngi", "K_POKTAN": "A. Ahmaluddin", "P_SID": "Universitas Negeri Makassar", "NO_HP_1": "0852-5222-2976", "NAMA_PEMIL": "Pemerintah Desa", "N_PETAK": "TDB033", "LUAS_HA": 0.5366668525, "PAKET": "Paket Sulawesi Selatan 14" }, "geometry": { "type": "MultiPolygon", "coordinates": [ [ [ [ 120.414448397875276, -2.709556536804655, 0.0 ], [ 120.414384473165001, -2.71002750456563, 0.0 ], [ 120.413904054428599, -2.709863207421051, 0.0 ], [ 120.414119694768146, -2.708958525415596, 0.0 ], [ 120.414491433133207, -2.708996430940488, 0.0 ], [ 120.414448397875276, -2.709556536804655, 0.0 ] ] ] ] } },
{ "type": "Feature", "properties": { "OBJECTID": 2326, "WADMPR": "Sulawesi Selatan", "WADMKK": "Kab. Luwu Utara", "WADMKC": "Kec. Malangke", "WADMKD": "Desa Tolada", "POKTAN": "Gapoktan Reso Temangingngi", "K_POKTAN": "A. Ahmaluddin", "P_SID": "Universitas Negeri Makassar", "NO_HP_1": "0852-5222-2976", "NAMA_PEMIL": "Pemerintah Desa", "N_PETAK": "TDB034", "LUAS_HA": 0.5368815046, "PAKET": "Paket Sulawesi Selatan 14" }, "geometry": { "type": "MultiPolygon", "coordinates": [ [ [ [ 120.414119694768146, -2.708958525415596, 0.0 ], [ 120.413904054428599, -2.709863207421051, 0.0 ], [ 120.413460438648372, -2.70971287944576, 0.0 ], [ 120.413593798215288, -2.708893566484846, 0.0 ], [ 120.414119694768146, -2.708958525415596, 0.0 ] ] ] ] } },
{ "type": "Feature", "properties": { "OBJECTID": 2327, "WADMPR": "Sulawesi Selatan", "WADMKK": "Kab. Luwu Utara", "WADMKC": "Kec. Malangke", "WADMKD": "Desa Tolada", "POKTAN": "Gapoktan Reso Temangingngi", "K_POKTAN": "A. Ahmaluddin", "P_SID": "Universitas Negeri Makassar", "NO_HP_1": "0852-5222-2976", "NAMA_PEMIL": "Pemerintah Desa", "N_PETAK": "TDB035", "LUAS_HA": 4.69949693472, "PAKET": "Paket Sulawesi Selatan 14" }, "geometry": { "type": "MultiPolygon", "coordinates": [ [ [ [ 120.413593798215288, -2.708893566484846, 0.0 ], [ 120.413460438648372, -2.70971287944576, 0.0 ], [ 120.413904054428599, -2.709863207421051, 0.0 ], [ 120.414384473165001, -2.71002750456563, 0.0 ], [ 120.415418285225769, -2.71062212640993, 0.0 ], [ 120.414800673112609, -2.711333040487375, 0.0 ], [ 120.412513191730454, -2.710126977677817, 0.0 ], [ 120.412812094902279, -2.708009319774249, 0.0 ], [ 120.413716890222418, -2.70809173544518, 0.0 ], [ 120.413593798215288, -2.708893566484846, 0.0 ] ] ] ] } },
{ "type": "Feature", "properties": { "OBJECTID": 2328, "WADMPR": "Sulawesi Selatan", "WADMKK": "Kab. Luwu Utara", "WADMKC": "Kec. Malangke", "WADMKD": "Desa Tolada", "POKTAN": "Gapoktan Reso Temangingngi", "K_POKTAN": "A. Ahmaluddin", "P_SID": "Universitas Negeri Makassar", "NO_HP_1": "0852-5222-2976", "NAMA_PEMIL": "Pemerintah Desa", "N_PETAK": "TDB036", "LUAS_HA": 2.2772837877600001, "PAKET": "Paket Sulawesi Selatan 14" }, "geometry": { "type": "MultiPolygon", "coordinates": [ [ [ [ 120.412812094902279, -2.708009319774249, 0.0 ], [ 120.412513191730454, -2.710126977677817, 0.0 ], [ 120.411643616559672, -2.709523886917793, 0.0 ], [ 120.411854803456436, -2.708072224653392, 0.0 ], [ 120.411918323471923, -2.707748302342225, 0.0 ], [ 120.412812094902279, -2.708009319774249, 0.0 ] ] ] ] } },
{ "type": "Feature", "properties": { "OBJECTID": 2329, "WADMPR": "Sulawesi Selatan", "WADMKK": "Kab. Luwu Utara", "WADMKC": "Kec. Malangke", "WADMKD": "Desa Tolada", "POKTAN": "Gapoktan Reso Temangingngi", "K_POKTAN": "A. Ahmaluddin", "P_SID": "Universitas Negeri Makassar", "NO_HP_1": "0852-5222-2976", "NAMA_PEMIL": "Pemerintah Desa", "N_PETAK": "TDB037", "LUAS_HA": 1.15206414252, "PAKET": "Paket Sulawesi Selatan 14" }, "geometry": { "type": "MultiPolygon", "coordinates": [ [ [ [ 120.411643616559672, -2.709523886917793, 0.0 ], [ 120.410789628438692, -2.708960999450539, 0.0 ], [ 120.411105100719851, -2.708471252945913, 0.0 ], [ 120.411156495176215, -2.708078322056849, 0.0 ], [ 120.411854803456436, -2.708072224653392, 0.0 ], [ 120.411643616559672, -2.709523886917793, 0.0 ] ] ] ] } },
{ "type": "Feature", "properties": { "OBJECTID": 2330, "WADMPR": "Sulawesi Selatan", "WADMKK": "Kab. Luwu Utara", "WADMKC": "Kec. Malangke", "WADMKD": "Desa Tolada", "POKTAN": "Gapoktan Reso Temangingngi", "K_POKTAN": "A. Ahmaluddin", "P_SID": "Universitas Negeri Makassar", "NO_HP_1": "0852-5222-2976", "NAMA_PEMIL": "Pemerintah Desa", "N_PETAK": "TDB038", "LUAS_HA": 0.4529100328, "PAKET": "Paket Sulawesi Selatan 14" }, "geometry": { "type": "MultiPolygon", "coordinates": [ [ [ [ 120.411918323471923, -2.707748302342225, 0.0 ], [ 120.411854803456436, -2.708072224653392, 0.0 ], [ 120.411156495176215, -2.708078322056849, 0.0 ], [ 120.410760531773235, -2.708083305200319, 0.0 ], [ 120.410821296265908, -2.707828755692447, 0.0 ], [ 120.411405145131425, -2.707785377792902, 0.0 ], [ 120.411482937387746, -2.707567289498741, 0.0 ], [ 120.411918323471923, -2.707748302342225, 0.0 ] ] ] ] } },
{ "type": "Feature", "properties": { "OBJECTID": 2331, "WADMPR": "Sulawesi Selatan", "WADMKK": "Kab. Luwu Utara", "WADMKC": "Kec. Malangke", "WADMKD": "Desa Tolada", "POKTAN": "Gapoktan Reso Temangingngi", "K_POKTAN": "A. Ahmaluddin", "P_SID": "Universitas Negeri Makassar", "NO_HP_1": "0852-5222-2976", "NAMA_PEMIL": "Pemerintah Desa", "N_PETAK": "TDB039", "LUAS_HA": 0.99403326641, "PAKET": "Paket Sulawesi Selatan 14" }, "geometry": { "type": "MultiPolygon", "coordinates": [ [ [ [ 120.405098760799206, -2.706709668116616, 0.0 ], [ 120.404535426368852, -2.707455848208781, 0.0 ], [ 120.40420987988216, -2.707862441598365, 0.0 ], [ 120.403714556681507, -2.707561126444773, 0.0 ], [ 120.404260473941804, -2.706905432539656, 0.0 ], [ 120.404671838234776, -2.706425973379908, 0.0 ], [ 120.405098760799206, -2.706709668116616, 0.0 ] ] ] ] } },
{ "type": "Feature", "properties": { "OBJECTID": 2332, "WADMPR": "Sulawesi Selatan", "WADMKK": "Kab. Luwu Utara", "WADMKC": "Kec. Malangke", "WADMKD": "Desa Tolada", "POKTAN": "Gapoktan Reso Temangingngi", "K_POKTAN": "A. Ahmaluddin", "P_SID": "Universitas Negeri Makassar", "NO_HP_1": "0852-5222-2976", "NAMA_PEMIL": "Pemerintah Desa", "N_PETAK": "TDB040", "LUAS_HA": 0.29673290637, "PAKET": "Paket Sulawesi Selatan 14" }, "geometry": { "type": "MultiPolygon", "coordinates": [ [ [ [ 120.405355751067077, -2.706368110100129, 0.0 ], [ 120.405098760799206, -2.706709668116616, 0.0 ], [ 120.404671838234776, -2.706425973379908, 0.0 ], [ 120.40493528383638, -2.706052450759955, 0.0 ], [ 120.405382512193228, -2.70633178198608, 0.0 ], [ 120.405355751067077, -2.706368110100129, 0.0 ] ] ] ] } },
{ "type": "Feature", "properties": { "OBJECTID": 2333, "WADMPR": "Sulawesi Selatan", "WADMKK": "Kab. Luwu Utara", "WADMKC": "Kec. Malangke", "WADMKD": "Desa Tolada", "POKTAN": "Gapoktan Reso Temangingngi", "K_POKTAN": "A. Ahmaluddin", "P_SID": "Universitas Negeri Makassar", "NO_HP_1": "0852-5222-2976", "NAMA_PEMIL": "Pemerintah Desa", "N_PETAK": "TDB041", "LUAS_HA": 0.77521503803000003, "PAKET": "Paket Sulawesi Selatan 14" }, "geometry": { "type": "MultiPolygon", "coordinates": [ [ [ [ 120.405730289021676, -2.7066305520583, 0.0 ], [ 120.404931901486179, -2.70771672084993, 0.0 ], [ 120.404535426368852, -2.707455848208781, 0.0 ], [ 120.405098760799206, -2.706709668116616, 0.0 ], [ 120.405355751067077, -2.706368110100129, 0.0 ], [ 120.405730289021676, -2.7066305520583, 0.0 ] ] ] ] } },
{ "type": "Feature", "properties": { "OBJECTID": 2334, "WADMPR": "Sulawesi Selatan", "WADMKK": "Kab. Luwu Utara", "WADMKC": "Kec. Malangke", "WADMKD": "Desa Tolada", "POKTAN": "Gapoktan Reso Temangingngi", "K_POKTAN": "A. Ahmaluddin", "P_SID": "Universitas Negeri Makassar", "NO_HP_1": "0852-5222-2976", "NAMA_PEMIL": "Pemerintah Desa", "N_PETAK": "TDB042", "LUAS_HA": 0.76343972674000005, "PAKET": "Paket Sulawesi Selatan 14" }, "geometry": { "type": "MultiPolygon", "coordinates": [ [ [ [ 120.404931901486179, -2.70771672084993, 0.0 ], [ 120.405730289021676, -2.7066305520583, 0.0 ], [ 120.406156556879637, -2.706853299739919, 0.0 ], [ 120.405272414490355, -2.707967367300114, 0.0 ], [ 120.404931901486179, -2.70771672084993, 0.0 ] ] ] ] } },
{ "type": "Feature", "properties": { "OBJECTID": 2335, "WADMPR": "Sulawesi Selatan", "WADMKK": "Kab. Luwu Utara", "WADMKC": "Kec. Malangke", "WADMKD": "Desa Tolada", "POKTAN": "Gapoktan Reso Temangingngi", "K_POKTAN": "A. Ahmaluddin", "P_SID": "Universitas Negeri Makassar", "NO_HP_1": "0852-5222-2976", "NAMA_PEMIL": "Pemerintah Desa", "N_PETAK": "TDB043", "LUAS_HA": 1.0293208565700001, "PAKET": "Paket Sulawesi Selatan 14" }, "geometry": { "type": "MultiPolygon", "coordinates": [ [ [ [ 120.406578213913463, -2.707142204249294, 0.0 ], [ 120.405390682534062, -2.708590601075343, 0.0 ], [ 120.405020735618564, -2.708389441619374, 0.0 ], [ 120.406190076411008, -2.706875497705994, 0.0 ], [ 120.406578316436253, -2.707142079243511, 0.0 ], [ 120.406578213913463, -2.707142204249294, 0.0 ] ] ] ] } },
{ "type": "Feature", "properties": { "OBJECTID": 2336, "WADMPR": "Sulawesi Selatan", "WADMKK": "Kab. Luwu Utara", "WADMKC": "Kec. Malangke", "WADMKD": "Desa Tolada", "POKTAN": "Gapoktan Reso Temangingngi", "K_POKTAN": "A. Ahmaluddin", "P_SID": "Universitas Negeri Makassar", "NO_HP_1": "0852-5222-2976", "NAMA_PEMIL": "Pemerintah Desa", "N_PETAK": "TDB044", "LUAS_HA": 1.1739578608800001, "PAKET": "Paket Sulawesi Selatan 14" }, "geometry": { "type": "MultiPolygon", "coordinates": [ [ [ [ 120.406959101081725, -2.707419043454024, 0.0 ], [ 120.406351703468431, -2.708231559338969, 0.0 ], [ 120.405840470361454, -2.708907821638604, 0.0 ], [ 120.405390682534062, -2.708590601075343, 0.0 ], [ 120.406578213913463, -2.707142204249294, 0.0 ], [ 120.406959101081725, -2.707419043454024, 0.0 ] ] ] ] } },
{ "type": "Feature", "properties": { "OBJECTID": 2337, "WADMPR": "Sulawesi Selatan", "WADMKK": "Kab. Luwu Utara", "WADMKC": "Kec. Malangke", "WADMKD": "Desa Tolada", "POKTAN": "Gapoktan Reso Temangingngi", "K_POKTAN": "A. Ahmaluddin", "P_SID": "Universitas Negeri Makassar", "NO_HP_1": "0852-5222-2976", "NAMA_PEMIL": "Pemerintah Desa", "N_PETAK": "TDB045", "LUAS_HA": 0.48708284919, "PAKET": "Paket Sulawesi Selatan 14" }, "geometry": { "type": "MultiPolygon", "coordinates": [ [ [ [ 120.406782791692535, -2.708499719186648, 0.0 ], [ 120.40623620983331, -2.709122354912722, 0.0 ], [ 120.405840470361454, -2.708907821638604, 0.0 ], [ 120.406351703468431, -2.708231559338969, 0.0 ], [ 120.406782791692535, -2.708499719186648, 0.0 ] ] ] ] } },
{ "type": "Feature", "properties": { "OBJECTID": 2338, "WADMPR": "Sulawesi Selatan", "WADMKK": "Kab. Luwu Utara", "WADMKC": "Kec. Malangke", "WADMKD": "Desa Tolada", "POKTAN": "Gapoktan Reso Temangingngi", "K_POKTAN": "A. Ahmaluddin", "P_SID": "Universitas Negeri Makassar", "NO_HP_1": "0852-5222-2976", "NAMA_PEMIL": "Pemerintah Desa", "N_PETAK": "TDB046", "LUAS_HA": 0.40168666906, "PAKET": "Paket Sulawesi Selatan 14" }, "geometry": { "type": "MultiPolygon", "coordinates": [ [ [ [ 120.407101556391808, -2.70869924997038, 0.0 ], [ 120.40663140791321, -2.709328785295156, 0.0 ], [ 120.40623620983331, -2.709122354912722, 0.0 ], [ 120.406782791692535, -2.708499719186648, 0.0 ], [ 120.407101556391808, -2.70869924997038, 0.0 ] ] ] ] } },
{ "type": "Feature", "properties": { "OBJECTID": 2339, "WADMPR": "Sulawesi Selatan", "WADMKK": "Kab. Luwu Utara", "WADMKC": "Kec. Malangke", "WADMKD": "Desa Tolada", "POKTAN": "Gapoktan Reso Temangingngi", "K_POKTAN": "A. Ahmaluddin", "P_SID": "Universitas Negeri Makassar", "NO_HP_1": "0852-5222-2976", "NAMA_PEMIL": "Pemerintah Desa", "N_PETAK": "TDB047", "LUAS_HA": 1.11854037957, "PAKET": "Paket Sulawesi Selatan 14" }, "geometry": { "type": "MultiPolygon", "coordinates": [ [ [ [ 120.407101556391808, -2.70869924997038, 0.0 ], [ 120.406782791692535, -2.708499719186648, 0.0 ], [ 120.406351703468431, -2.708231559338969, 0.0 ], [ 120.406959101081725, -2.707419043454024, 0.0 ], [ 120.407737150449179, -2.707906691840321, 0.0 ], [ 120.407101556391808, -2.70869924997038, 0.0 ] ] ] ] } },
{ "type": "Feature", "properties": { "OBJECTID": 2340, "WADMPR": "Sulawesi Selatan", "WADMKK": "Kab. Luwu Utara", "WADMKC": "Kec. Malangke", "WADMKD": "Desa Tolada", "POKTAN": "Gapoktan Reso Temangingngi", "K_POKTAN": "A. Ahmaluddin", "P_SID": "Universitas Negeri Makassar", "NO_HP_1": "0852-5222-2976", "NAMA_PEMIL": "Pemerintah Desa", "N_PETAK": "TDB048", "LUAS_HA": 0.55037037062000005, "PAKET": "Paket Sulawesi Selatan 14" }, "geometry": { "type": "MultiPolygon", "coordinates": [ [ [ [ 120.407737306031891, -2.708714646363774, 0.0 ], [ 120.407378418978965, -2.709184737285739, 0.0 ], [ 120.407047254427312, -2.709619442583175, 0.0 ], [ 120.406714782261474, -2.709401755386637, 0.0 ], [ 120.407408191035302, -2.708501071766989, 0.0 ], [ 120.407737306031891, -2.708714646363774, 0.0 ] ] ] ] } },
{ "type": "Feature", "properties": { "OBJECTID": 2341, "WADMPR": "Sulawesi Selatan", "WADMKK": "Kab. Luwu Utara", "WADMKC": "Kec. Malangke", "WADMKD": "Desa Tolada", "POKTAN": "Gapoktan Reso Temangingngi", "K_POKTAN": "A. Ahmaluddin", "P_SID": "Universitas Negeri Makassar", "NO_HP_1": "0852-5222-2976", "NAMA_PEMIL": "Pemerintah Desa", "N_PETAK": "TDB049", "LUAS_HA": 0.33345534746, "PAKET": "Paket Sulawesi Selatan 14" }, "geometry": { "type": "MultiPolygon", "coordinates": [ [ [ [ 120.408167405001791, -2.708170640162848, 0.0 ], [ 120.407737306031891, -2.708714646363774, 0.0 ], [ 120.407408191035302, -2.708501071766989, 0.0 ], [ 120.407831677290119, -2.707959158288475, 0.0 ], [ 120.408167405001791, -2.708170640162848, 0.0 ] ] ] ] } },
{ "type": "Feature", "properties": { "OBJECTID": 2342, "WADMPR": "Sulawesi Selatan", "WADMKK": "Kab. Luwu Utara", "WADMKC": "Kec. Malangke", "WADMKD": "Desa Tolada", "POKTAN": "Gapoktan Reso Temangingngi", "K_POKTAN": "A. Ahmaluddin", "P_SID": "Universitas Negeri Makassar", "NO_HP_1": "0852-5222-2976", "NAMA_PEMIL": "Pemerintah Desa", "N_PETAK": "TDB050", "LUAS_HA": 0.30276951003000002, "PAKET": "Paket Sulawesi Selatan 14" }, "geometry": { "type": "MultiPolygon", "coordinates": [ [ [ [ 120.407756087473558, -2.709415192157337, 0.0 ], [ 120.407455298423315, -2.709857361827744, 0.0 ], [ 120.407047254427312, -2.709619442583175, 0.0 ], [ 120.407378418978965, -2.709184737285739, 0.0 ], [ 120.407756087473558, -2.709415192157337, 0.0 ] ] ] ] } },
{ "type": "Feature", "properties": { "OBJECTID": 2343, "WADMPR": "Sulawesi Selatan", "WADMKK": "Kab. Luwu Utara", "WADMKC": "Kec. Malangke", "WADMKD": "Desa Tolada", "POKTAN": "Gapoktan Reso Temangingngi", "K_POKTAN": "A. Ahmaluddin", "P_SID": "Universitas Negeri Makassar", "NO_HP_1": "0852-5222-2976", "NAMA_PEMIL": "Pemerintah Desa", "N_PETAK": "TDB051", "LUAS_HA": 0.31622319839000002, "PAKET": "Paket Sulawesi Selatan 14" }, "geometry": { "type": "MultiPolygon", "coordinates": [ [ [ [ 120.408107074881627, -2.708976672835149, 0.0 ], [ 120.407756087473558, -2.709415192157337, 0.0 ], [ 120.407378418978965, -2.709184737285739, 0.0 ], [ 120.407737306031891, -2.708714646363774, 0.0 ], [ 120.408107074881627, -2.708976672835149, 0.0 ] ] ] ] } },
{ "type": "Feature", "properties": { "OBJECTID": 2344, "WADMPR": "Sulawesi Selatan", "WADMKK": "Kab. Luwu Utara", "WADMKC": "Kec. Malangke", "WADMKD": "Desa Tolada", "POKTAN": "Gapoktan Reso Temangingngi", "K_POKTAN": "A. Ahmaluddin", "P_SID": "Universitas Negeri Makassar", "NO_HP_1": "0852-5222-2976", "NAMA_PEMIL": "Pemerintah Desa", "N_PETAK": "TDB052", "LUAS_HA": 0.39635499555999998, "PAKET": "Paket Sulawesi Selatan 14" }, "geometry": { "type": "MultiPolygon", "coordinates": [ [ [ [ 120.408558995900989, -2.70842286492325, 0.0 ], [ 120.408107074881627, -2.708976672835149, 0.0 ], [ 120.407737306031891, -2.708714646363774, 0.0 ], [ 120.408167405001791, -2.708170640162848, 0.0 ], [ 120.408558995900989, -2.70842286492325, 0.0 ] ] ] ] } },
{ "type": "Feature", "properties": { "OBJECTID": 2345, "WADMPR": "Sulawesi Selatan", "WADMKK": "Kab. Luwu Utara", "WADMKC": "Kec. Malangke", "WADMKD": "Desa Tolada", "POKTAN": "Gapoktan Reso Temangingngi", "K_POKTAN": "A. Ahmaluddin", "P_SID": "Universitas Negeri Makassar", "NO_HP_1": "0852-5222-2976", "NAMA_PEMIL": "Pemerintah Desa", "N_PETAK": "TDB053", "LUAS_HA": 0.33501941447, "PAKET": "Paket Sulawesi Selatan 14" }, "geometry": { "type": "MultiPolygon", "coordinates": [ [ [ [ 120.408197229218786, -2.709688829775644, 0.0 ], [ 120.407866031392246, -2.710124705091005, 0.0 ], [ 120.407455298423315, -2.709857361827744, 0.0 ], [ 120.407756087473558, -2.709415192157337, 0.0 ], [ 120.408197229218786, -2.709688829775644, 0.0 ] ] ] ] } },
{ "type": "Feature", "properties": { "OBJECTID": 2346, "WADMPR": "Sulawesi Selatan", "WADMKK": "Kab. Luwu Utara", "WADMKC": "Kec. Malangke", "WADMKD": "Desa Tolada", "POKTAN": "Gapoktan Reso Temangingngi", "K_POKTAN": "A. Ahmaluddin", "P_SID": "Universitas Negeri Makassar", "NO_HP_1": "0852-5222-2976", "NAMA_PEMIL": "Pemerintah Desa", "N_PETAK": "TDB054", "LUAS_HA": 0.34239935113999997, "PAKET": "Paket Sulawesi Selatan 14" }, "geometry": { "type": "MultiPolygon", "coordinates": [ [ [ [ 120.408517649569944, -2.70925335016193, 0.0 ], [ 120.408197229218786, -2.709688829775644, 0.0 ], [ 120.407756087473558, -2.709415192157337, 0.0 ], [ 120.408107074881627, -2.708976672835149, 0.0 ], [ 120.408517649569944, -2.70925335016193, 0.0 ] ] ] ] } },
{ "type": "Feature", "properties": { "OBJECTID": 2347, "WADMPR": "Sulawesi Selatan", "WADMKK": "Kab. Luwu Utara", "WADMKC": "Kec. Malangke", "WADMKD": "Desa Tolada", "POKTAN": "Gapoktan Reso Temangingngi", "K_POKTAN": "A. Ahmaluddin", "P_SID": "Universitas Negeri Makassar", "NO_HP_1": "0852-5222-2976", "NAMA_PEMIL": "Pemerintah Desa", "N_PETAK": "TDB055", "LUAS_HA": 0.42011643075, "PAKET": "Paket Sulawesi Selatan 14" }, "geometry": { "type": "MultiPolygon", "coordinates": [ [ [ [ 120.408943256426255, -2.708708678462699, 0.0 ], [ 120.408517649569944, -2.70925335016193, 0.0 ], [ 120.408107074881627, -2.708976672835149, 0.0 ], [ 120.408558995900989, -2.70842286492325, 0.0 ], [ 120.408943256426255, -2.708708678462699, 0.0 ] ] ] ] } },
{ "type": "Feature", "properties": { "OBJECTID": 2348, "WADMPR": "Sulawesi Selatan", "WADMKK": "Kab. Luwu Utara", "WADMKC": "Kec. Malangke", "WADMKD": "Desa Tolada", "POKTAN": "Gapoktan Reso Temangingngi", "K_POKTAN": "A. Ahmaluddin", "P_SID": "Universitas Negeri Makassar", "NO_HP_1": "0852-5222-2976", "NAMA_PEMIL": "Pemerintah Desa", "N_PETAK": "TDB056", "LUAS_HA": 0.27635384666000001, "PAKET": "Paket Sulawesi Selatan 14" }, "geometry": { "type": "MultiPolygon", "coordinates": [ [ [ [ 120.408536682821705, -2.709933170179625, 0.0 ], [ 120.408205324915912, -2.710356782339602, 0.0 ], [ 120.407866031392246, -2.710124705091005, 0.0 ], [ 120.408197229218786, -2.709688829775644, 0.0 ], [ 120.408536682821705, -2.709933170179625, 0.0 ] ] ] ] } },
{ "type": "Feature", "properties": { "OBJECTID": 2349, "WADMPR": "Sulawesi Selatan", "WADMKK": "Kab. Luwu Utara", "WADMKC": "Kec. Malangke", "WADMKD": "Desa Tolada", "POKTAN": "Gapoktan Reso Temangingngi", "K_POKTAN": "A. Ahmaluddin", "P_SID": "Universitas Negeri Makassar", "NO_HP_1": "0852-5222-2976", "NAMA_PEMIL": "Pemerintah Desa", "N_PETAK": "TDB057", "LUAS_HA": 0.27924919498, "PAKET": "Paket Sulawesi Selatan 14" }, "geometry": { "type": "MultiPolygon", "coordinates": [ [ [ [ 120.40886022471966, -2.709504640526688, 0.0 ], [ 120.408536682821705, -2.709933170179625, 0.0 ], [ 120.408197229218786, -2.709688829775644, 0.0 ], [ 120.408517649569944, -2.70925335016193, 0.0 ], [ 120.40886022471966, -2.709504640526688, 0.0 ] ] ] ] } },
{ "type": "Feature", "properties": { "OBJECTID": 2350, "WADMPR": "Sulawesi Selatan", "WADMKK": "Kab. Luwu Utara", "WADMKC": "Kec. Malangke", "WADMKD": "Desa Tolada", "POKTAN": "Gapoktan Reso Temangingngi", "K_POKTAN": "A. Ahmaluddin", "P_SID": "Universitas Negeri Makassar", "NO_HP_1": "0852-5222-2976", "NAMA_PEMIL": "Pemerintah Desa", "N_PETAK": "TDB058", "LUAS_HA": 0.35890404217, "PAKET": "Paket Sulawesi Selatan 14" }, "geometry": { "type": "MultiPolygon", "coordinates": [ [ [ [ 120.40886022471966, -2.709504640526688, 0.0 ], [ 120.408517649569944, -2.70925335016193, 0.0 ], [ 120.408943256426255, -2.708708678462699, 0.0 ], [ 120.409282560741644, -2.708951639306633, 0.0 ], [ 120.40886022471966, -2.709504640526688, 0.0 ] ] ] ] } },
{ "type": "Feature", "properties": { "OBJECTID": 2351, "WADMPR": "Sulawesi Selatan", "WADMKK": "Kab. Luwu Utara", "WADMKC": "Kec. Malangke", "WADMKD": "Desa Tolada", "POKTAN": "Gapoktan Reso Temangingngi", "K_POKTAN": "A. Ahmaluddin", "P_SID": "Universitas Negeri Makassar", "NO_HP_1": "0852-5222-2976", "NAMA_PEMIL": "Pemerintah Desa", "N_PETAK": "TDB059", "LUAS_HA": 0.50704854837000002, "PAKET": "Paket Sulawesi Selatan 14" }, "geometry": { "type": "MultiPolygon", "coordinates": [ [ [ [ 120.410197062444581, -2.709447469724921, 0.0 ], [ 120.409923030023833, -2.709787512383741, 0.0 ], [ 120.409523113201203, -2.709524973298812, 0.0 ], [ 120.409156280637944, -2.70927842685785, 0.0 ], [ 120.409427169028731, -2.708916733920091, 0.0 ], [ 120.410197062444581, -2.709447469724921, 0.0 ] ] ] ] } },
{ "type": "Feature", "properties": { "OBJECTID": 2352, "WADMPR": "Sulawesi Selatan", "WADMKK": "Kab. Luwu Utara", "WADMKC": "Kec. Malangke", "WADMKD": "Desa Tolada", "POKTAN": "Gapoktan Reso Temangingngi", "K_POKTAN": "A. Ahmaluddin", "P_SID": "Universitas Negeri Makassar", "NO_HP_1": "0852-5222-2976", "NAMA_PEMIL": "Pemerintah Desa", "N_PETAK": "TDB060", "LUAS_HA": 0.4001817283, "PAKET": "Paket Sulawesi Selatan 14" }, "geometry": { "type": "MultiPolygon", "coordinates": [ [ [ [ 120.409523113201203, -2.709524973298812, 0.0 ], [ 120.409324428679497, -2.709793150233622, 0.0 ], [ 120.409352689874822, -2.709810066481339, 0.0 ], [ 120.409139656669936, -2.710090254761383, 0.0 ], [ 120.408717295466886, -2.70984368583737, 0.0 ], [ 120.409156280637944, -2.70927842685785, 0.0 ], [ 120.409523113201203, -2.709524973298812, 0.0 ] ] ] ] } },
{ "type": "Feature", "properties": { "OBJECTID": 2353, "WADMPR": "Sulawesi Selatan", "WADMKK": "Kab. Luwu Utara", "WADMKC": "Kec. Malangke", "WADMKD": "Desa Tolada", "POKTAN": "Gapoktan Reso Temangingngi", "K_POKTAN": "A. Ahmaluddin", "P_SID": "Universitas Negeri Makassar", "NO_HP_1": "0852-5222-2976", "NAMA_PEMIL": "Pemerintah Desa", "N_PETAK": "TDB061", "LUAS_HA": 0.59923935341000001, "PAKET": "Paket Sulawesi Selatan 14" }, "geometry": { "type": "MultiPolygon", "coordinates": [ [ [ [ 120.410663887928195, -2.709760347462009, 0.0 ], [ 120.41041148869931, -2.710035465364399, 0.0 ], [ 120.410017957962395, -2.710456425423672, 0.0 ], [ 120.409647119818828, -2.710199898306598, 0.0 ], [ 120.409757956764338, -2.710058014066021, 0.0 ], [ 120.409723256423263, -2.710036582322346, 0.0 ], [ 120.409923030023833, -2.709787512383741, 0.0 ], [ 120.410197062444581, -2.709447469724921, 0.0 ], [ 120.410663887928195, -2.709760347462009, 0.0 ] ] ] ] } },
{ "type": "Feature", "properties": { "OBJECTID": 2354, "WADMPR": "Sulawesi Selatan", "WADMKK": "Kab. Luwu Utara", "WADMKC": "Kec. Malangke", "WADMKD": "Desa Tolada", "POKTAN": "Gapoktan Reso Temangingngi", "K_POKTAN": "A. Ahmaluddin", "P_SID": "Universitas Negeri Makassar", "NO_HP_1": "0852-5222-2976", "NAMA_PEMIL": "Pemerintah Desa", "N_PETAK": "TDB062", "LUAS_HA": 0.3835867443, "PAKET": "Paket Sulawesi Selatan 14" }, "geometry": { "type": "MultiPolygon", "coordinates": [ [ [ [ 120.411247451708618, -2.709790122216305, 0.0 ], [ 120.410793024278746, -2.710310553589125, 0.0 ], [ 120.41041148869931, -2.710035465364399, 0.0 ], [ 120.410663887928195, -2.709760347462009, 0.0 ], [ 120.410865443985131, -2.709543915719109, 0.0 ], [ 120.411247451708618, -2.709790122216305, 0.0 ] ] ] ] } },
{ "type": "Feature", "properties": { "OBJECTID": 2355, "WADMPR": "Sulawesi Selatan", "WADMKK": "Kab. Luwu Utara", "WADMKC": "Kec. Malangke", "WADMKD": "Desa Tolada", "POKTAN": "Gapoktan Reso Temangingngi", "K_POKTAN": "A. Ahmaluddin", "P_SID": "Universitas Negeri Makassar", "NO_HP_1": "0852-5222-2976", "NAMA_PEMIL": "Pemerintah Desa", "N_PETAK": "TDB063", "LUAS_HA": 0.83718895487, "PAKET": "Paket Sulawesi Selatan 14" }, "geometry": { "type": "MultiPolygon", "coordinates": [ [ [ [ 120.410793024278746, -2.710310553589125, 0.0 ], [ 120.410699434531352, -2.710422737719114, 0.0 ], [ 120.409885963566467, -2.711397501193687, 0.0 ], [ 120.409520637367564, -2.711096943269297, 0.0 ], [ 120.409735273164415, -2.710822010627226, 0.0 ], [ 120.410017957962395, -2.710456425423672, 0.0 ], [ 120.41041148869931, -2.710035465364399, 0.0 ], [ 120.410793024278746, -2.710310553589125, 0.0 ] ] ] ] } },
{ "type": "Feature", "properties": { "OBJECTID": 2356, "WADMPR": "Sulawesi Selatan", "WADMKK": "Kab. Luwu Utara", "WADMKC": "Kec. Malangke", "WADMKD": "Desa Tolada", "POKTAN": "Gapoktan Reso Temangingngi", "K_POKTAN": "A. Ahmaluddin", "P_SID": "Universitas Negeri Makassar", "NO_HP_1": "0852-5222-2976", "NAMA_PEMIL": "Pemerintah Desa", "N_PETAK": "TDB064", "LUAS_HA": 0.26089336872000002, "PAKET": "Paket Sulawesi Selatan 14" }, "geometry": { "type": "MultiPolygon", "coordinates": [ [ [ [ 120.410017957962395, -2.710456425423672, 0.0 ], [ 120.409735273164415, -2.710822010627226, 0.0 ], [ 120.409345932368979, -2.710576109899478, 0.0 ], [ 120.409381365657509, -2.710545993402832, 0.0 ], [ 120.409647119818828, -2.710199898306598, 0.0 ], [ 120.410017957962395, -2.710456425423672, 0.0 ] ] ] ] } },
{ "type": "Feature", "properties": { "OBJECTID": 2357, "WADMPR": "Sulawesi Selatan", "WADMKK": "Kab. Luwu Utara", "WADMKC": "Kec. Malangke", "WADMKD": "Desa Tolada", "POKTAN": "Gapoktan Reso Temangingngi", "K_POKTAN": "A. Ahmaluddin", "P_SID": "Universitas Negeri Makassar", "NO_HP_1": "0852-5222-2976", "NAMA_PEMIL": "Pemerintah Desa", "N_PETAK": "TDB065", "LUAS_HA": 1.0253852083299999, "PAKET": "Paket Sulawesi Selatan 14" }, "geometry": { "type": "MultiPolygon", "coordinates": [ [ [ [ 120.411049260015375, -2.710664673335941, 0.0 ], [ 120.410831421732837, -2.710960407296909, 0.0 ], [ 120.410530905177211, -2.711321738707227, 0.0 ], [ 120.410955873514808, -2.711613533637603, 0.0 ], [ 120.410633949497196, -2.71202990985239, 0.0 ], [ 120.409885963566467, -2.711397501193687, 0.0 ], [ 120.410699434531352, -2.710422737719114, 0.0 ], [ 120.411049260015375, -2.710664673335941, 0.0 ] ] ] ] } },
{ "type": "Feature", "properties": { "OBJECTID": 2358, "WADMPR": "Sulawesi Selatan", "WADMKK": "Kab. Luwu Utara", "WADMKC": "Kec. Malangke", "WADMKD": "Desa Tolada", "POKTAN": "Gapoktan Reso Temangingngi", "K_POKTAN": "A. Ahmaluddin", "P_SID": "Universitas Negeri Makassar", "NO_HP_1": "0852-5222-2976", "NAMA_PEMIL": "Pemerintah Desa", "N_PETAK": "TDB066", "LUAS_HA": 0.6545475738, "PAKET": "Paket Sulawesi Selatan 14" }, "geometry": { "type": "MultiPolygon", "coordinates": [ [ [ [ 120.411858586004996, -2.710449999767604, 0.0 ], [ 120.411225891361823, -2.711248865742505, 0.0 ], [ 120.410831421732837, -2.710960407296909, 0.0 ], [ 120.411049260015375, -2.710664673335941, 0.0 ], [ 120.411595880545519, -2.71004184425567, 0.0 ], [ 120.411754808737442, -2.710153733408049, 0.0 ], [ 120.411648638374004, -2.710310618340316, 0.0 ], [ 120.411858586004996, -2.710449999767604, 0.0 ] ] ] ] } },
{ "type": "Feature", "properties": { "OBJECTID": 2359, "WADMPR": "Sulawesi Selatan", "WADMKK": "Kab. Luwu Utara", "WADMKC": "Kec. Malangke", "WADMKD": "Desa Tolada", "POKTAN": "Gapoktan Reso Temangingngi", "K_POKTAN": "A. Ahmaluddin", "P_SID": "Universitas Negeri Makassar", "NO_HP_1": "0852-5222-2976", "NAMA_PEMIL": "Pemerintah Desa", "N_PETAK": "TDB067", "LUAS_HA": 1.4043505331399999, "PAKET": "Paket Sulawesi Selatan 14" }, "geometry": { "type": "MultiPolygon", "coordinates": [ [ [ [ 120.412382254937143, -2.710877604917471, 0.0 ], [ 120.412216201416641, -2.710826283306289, 0.0 ], [ 120.411687756185074, -2.71150983281251, 0.0 ], [ 120.412081763562583, -2.711736992568092, 0.0 ], [ 120.411738088542052, -2.712147091515021, 0.0 ], [ 120.410955873514808, -2.711613533637603, 0.0 ], [ 120.411225891361823, -2.711248865742505, 0.0 ], [ 120.411858586004996, -2.710449999767604, 0.0 ], [ 120.411994402519667, -2.710286810587775, 0.0 ], [ 120.412535324046075, -2.710674766427303, 0.0 ], [ 120.412382254937143, -2.710877604917471, 0.0 ] ] ] ] } },
{ "type": "Feature", "properties": { "OBJECTID": 2360, "WADMPR": "Sulawesi Selatan", "WADMKK": "Kab. Luwu Utara", "WADMKC": "Kec. Malangke", "WADMKD": "Desa Tolada", "POKTAN": "Gapoktan Reso Temangingngi", "K_POKTAN": "A. Ahmaluddin", "P_SID": "Universitas Negeri Makassar", "NO_HP_1": "0852-5222-2976", "NAMA_PEMIL": "Pemerintah Desa", "N_PETAK": "TDB068", "LUAS_HA": 0.28463408094999998, "PAKET": "Paket Sulawesi Selatan 14" }, "geometry": { "type": "MultiPolygon", "coordinates": [ [ [ [ 120.411225891361823, -2.711248865742505, 0.0 ], [ 120.410955873514808, -2.711613533637603, 0.0 ], [ 120.410530905177211, -2.711321738707227, 0.0 ], [ 120.410831421732837, -2.710960407296909, 0.0 ], [ 120.411225891361823, -2.711248865742505, 0.0 ] ] ] ] } },
{ "type": "Feature", "properties": { "OBJECTID": 2361, "WADMPR": "Sulawesi Selatan", "WADMKK": "Kab. Luwu Utara", "WADMKC": "Kec. Malangke", "WADMKD": "Desa Tolada", "POKTAN": "Gapoktan Reso Temangingngi", "K_POKTAN": "A. Ahmaluddin", "P_SID": "Universitas Negeri Makassar", "NO_HP_1": "0852-5222-2976", "NAMA_PEMIL": "Pemerintah Desa", "N_PETAK": "TDB069", "LUAS_HA": 0.48339315273, "PAKET": "Paket Sulawesi Selatan 14" }, "geometry": { "type": "MultiPolygon", "coordinates": [ [ [ [ 120.412382254937143, -2.710877604917471, 0.0 ], [ 120.412605732868315, -2.711033140866732, 0.0 ], [ 120.412081763562583, -2.711736992568092, 0.0 ], [ 120.411687756185074, -2.71150983281251, 0.0 ], [ 120.412216201416641, -2.710826283306289, 0.0 ], [ 120.412382254937143, -2.710877604917471, 0.0 ] ] ] ] } },
{ "type": "Feature", "properties": { "OBJECTID": 2362, "WADMPR": "Sulawesi Selatan", "WADMKK": "Kab. Luwu Utara", "WADMKC": "Kec. Malangke", "WADMKD": "Desa Tolada", "POKTAN": "Gapoktan Reso Temangingngi", "K_POKTAN": "A. Ahmaluddin", "P_SID": "Universitas Negeri Makassar", "NO_HP_1": "0852-5222-2976", "NAMA_PEMIL": "Pemerintah Desa", "N_PETAK": "TDB070", "LUAS_HA": 0.56350307553000001, "PAKET": "Paket Sulawesi Selatan 14" }, "geometry": { "type": "MultiPolygon", "coordinates": [ [ [ [ 120.411738088542052, -2.712147091515021, 0.0 ], [ 120.411477342705211, -2.71249901601675, 0.0 ], [ 120.410633949497196, -2.71202990985239, 0.0 ], [ 120.410955873514808, -2.711613533637603, 0.0 ], [ 120.411738088542052, -2.712147091515021, 0.0 ] ] ] ] } },
{ "type": "Feature", "properties": { "OBJECTID": 2363, "WADMPR": "Sulawesi Selatan", "WADMKK": "Kab. Luwu Utara", "WADMKC": "Kec. Malangke", "WADMKD": "Desa Tolada", "POKTAN": "Gapoktan Reso Temangingngi", "K_POKTAN": "A. Ahmaluddin", "P_SID": "Universitas Negeri Makassar", "NO_HP_1": "0852-5222-2976", "NAMA_PEMIL": "Pemerintah Desa", "N_PETAK": "TDB071", "LUAS_HA": 1.12818270825, "PAKET": "Paket Sulawesi Selatan 14" }, "geometry": { "type": "MultiPolygon", "coordinates": [ [ [ [ 120.413099583878761, -2.712607935607707, 0.0 ], [ 120.412746832900098, -2.713072494799746, 0.0 ], [ 120.412666381348458, -2.713147170005868, 0.0 ], [ 120.411530977372763, -2.712539449535939, 0.0 ], [ 120.411957305485316, -2.711953357761217, 0.0 ], [ 120.413099583878761, -2.712607935607707, 0.0 ] ] ] ] } },
{ "type": "Feature", "properties": { "OBJECTID": 2364, "WADMPR": "Sulawesi Selatan", "WADMKK": "Kab. Luwu Utara", "WADMKC": "Kec. Malangke", "WADMKD": "Desa Tolada", "POKTAN": "Gapoktan Reso Temangingngi", "K_POKTAN": "A. Ahmaluddin", "P_SID": "Universitas Negeri Makassar", "NO_HP_1": "0852-5222-2976", "NAMA_PEMIL": "Pemerintah Desa", "N_PETAK": "TDB072", "LUAS_HA": 1.2151146452399999, "PAKET": "Paket Sulawesi Selatan 14" }, "geometry": { "type": "MultiPolygon", "coordinates": [ [ [ [ 120.413556715570053, -2.712023319620471, 0.0 ], [ 120.413326428871642, -2.712316012973588, 0.0 ], [ 120.413099583878761, -2.712607935607707, 0.0 ], [ 120.411957305485316, -2.711953357761217, 0.0 ], [ 120.412413590914525, -2.711341645200719, 0.0 ], [ 120.413556715570053, -2.712023319620471, 0.0 ] ] ] ] } },
{ "type": "Feature", "properties": { "OBJECTID": 2365, "WADMPR": "Sulawesi Selatan", "WADMKK": "Kab. Luwu Utara", "WADMKC": "Kec. Malangke", "WADMKD": "Desa Tolada", "POKTAN": "Gapoktan Reso Temangingngi", "K_POKTAN": "A. Ahmaluddin", "P_SID": "Universitas Negeri Makassar", "NO_HP_1": "0852-5222-2976", "NAMA_PEMIL": "Pemerintah Desa", "N_PETAK": "TDB073", "LUAS_HA": 0.58011973257000005, "PAKET": "Paket Sulawesi Selatan 14" }, "geometry": { "type": "MultiPolygon", "coordinates": [ [ [ [ 120.413763791665701, -2.711771845793976, 0.0 ], [ 120.413556715570053, -2.712023319620471, 0.0 ], [ 120.412413590914525, -2.711341645200719, 0.0 ], [ 120.412642423409125, -2.711033136370077, 0.0 ], [ 120.413763791665701, -2.711771845793976, 0.0 ] ] ] ] } },
{ "type": "Feature", "properties": { "OBJECTID": 2366, "WADMPR": "Sulawesi Selatan", "WADMKK": "Kab. Luwu Utara", "WADMKC": "Kec. Malangke", "WADMKD": "Desa Tolada", "POKTAN": "Gapoktan Reso Temangingngi", "K_POKTAN": "A. Ahmaluddin", "P_SID": "Universitas Negeri Makassar", "NO_HP_1": "0852-5222-2976", "NAMA_PEMIL": "Pemerintah Desa", "N_PETAK": "TDB074", "LUAS_HA": 0.85782803513999994, "PAKET": "Paket Sulawesi Selatan 14" }, "geometry": { "type": "MultiPolygon", "coordinates": [ [ [ [ 120.414604365499144, -2.712163347660294, 0.0 ], [ 120.414186424463992, -2.712658094395465, 0.0 ], [ 120.413907816292749, -2.712769046454298, 0.0 ], [ 120.413812093353499, -2.712803041726943, 0.0 ], [ 120.413326428871642, -2.712316012973588, 0.0 ], [ 120.413556715570053, -2.712023319620471, 0.0 ], [ 120.413763791665701, -2.711771845793976, 0.0 ], [ 120.413892490046464, -2.711643918132268, 0.0 ], [ 120.414139121922972, -2.711820501814657, 0.0 ], [ 120.413900262886841, -2.712060859121323, 0.0 ], [ 120.414151398568265, -2.712260924102338, 0.0 ], [ 120.414408688310345, -2.712006335923604, 0.0 ], [ 120.414604365499144, -2.712163347660294, 0.0 ] ] ] ] } },
{ "type": "Feature", "properties": { "OBJECTID": 2367, "WADMPR": "Sulawesi Selatan", "WADMKK": "Kab. Luwu Utara", "WADMKC": "Kec. Malangke", "WADMKD": "Desa Tolada", "POKTAN": "Gapoktan Reso Temangingngi", "K_POKTAN": "A. Ahmaluddin", "P_SID": "Universitas Negeri Makassar", "NO_HP_1": "0852-5222-2976", "NAMA_PEMIL": "Pemerintah Desa", "N_PETAK": "TDB075", "LUAS_HA": 0.58839552304999998, "PAKET": "Paket Sulawesi Selatan 14" }, "geometry": { "type": "MultiPolygon", "coordinates": [ [ [ [ 120.413812093353499, -2.712803041726943, 0.0 ], [ 120.413388108874187, -2.71300662395646, 0.0 ], [ 120.41330191874863, -2.713132350077842, 0.0 ], [ 120.412951527590963, -2.713324125108215, 0.0 ], [ 120.412746832900098, -2.713072494799746, 0.0 ], [ 120.413099583878761, -2.712607935607707, 0.0 ], [ 120.413326428871642, -2.712316012973588, 0.0 ], [ 120.413812093353499, -2.712803041726943, 0.0 ] ] ] ] } },
{ "type": "Feature", "properties": { "OBJECTID": 2368, "WADMPR": "Sulawesi Selatan", "WADMKK": "Kab. Luwu Utara", "WADMKC": "Kec. Malangke", "WADMKD": "Desa Tolada", "POKTAN": "Gapoktan Reso Temangingngi", "K_POKTAN": "A. Ahmaluddin", "P_SID": "Universitas Negeri Makassar", "NO_HP_1": "0852-5222-2976", "NAMA_PEMIL": "Pemerintah Desa", "N_PETAK": "TDB076", "LUAS_HA": 0.24241448882, "PAKET": "Paket Sulawesi Selatan 14" }, "geometry": { "type": "MultiPolygon", "coordinates": [ [ [ [ 120.409735273164415, -2.710822010627226, 0.0 ], [ 120.409469029771913, -2.71115694333821, 0.0 ], [ 120.409074961240549, -2.710909564125018, 0.0 ], [ 120.409345932368979, -2.710576109899478, 0.0 ], [ 120.409735273164415, -2.710822010627226, 0.0 ] ] ] ] } },
{ "type": "Feature", "properties": { "OBJECTID": 2369, "WADMPR": "Sulawesi Selatan", "WADMKK": "Kab. Luwu Utara", "WADMKC": "Kec. Malangke", "WADMKD": "Desa Tolada", "POKTAN": "Gapoktan Reso Temangingngi", "K_POKTAN": "A. Ahmaluddin", "P_SID": "Universitas Negeri Makassar", "NO_HP_1": "0852-5222-2976", "NAMA_PEMIL": "Pemerintah Desa", "N_PETAK": "TDB077", "LUAS_HA": 0.18888938444, "PAKET": "Paket Sulawesi Selatan 14" }, "geometry": { "type": "MultiPolygon", "coordinates": [ [ [ [ 120.409923030023833, -2.709787512383741, 0.0 ], [ 120.409723256423263, -2.710036582322346, 0.0 ], [ 120.409352689874822, -2.709810066481339, 0.0 ], [ 120.409324428679497, -2.709793150233622, 0.0 ], [ 120.409523113201203, -2.709524973298812, 0.0 ], [ 120.409923030023833, -2.709787512383741, 0.0 ] ] ] ] } },
{ "type": "Feature", "properties": { "OBJECTID": 2370, "WADMPR": "Sulawesi Selatan", "WADMKK": "Kab. Luwu Utara", "WADMKC": "Kec. Malangke", "WADMKD": "Desa Tolada", "POKTAN": "Gapoktan Reso Temangingngi", "K_POKTAN": "A. Ahmaluddin", "P_SID": "Universitas Negeri Makassar", "NO_HP_1": "0852-5222-2976", "NAMA_PEMIL": "Pemerintah Desa", "N_PETAK": "TDB078", "LUAS_HA": 0.43697000291, "PAKET": "Paket Sulawesi Selatan 14" }, "geometry": { "type": "MultiPolygon", "coordinates": [ [ [ [ 120.411595880545519, -2.71004184425567, 0.0 ], [ 120.411049260015375, -2.710664673335941, 0.0 ], [ 120.410699434531352, -2.710422737719114, 0.0 ], [ 120.410793024278746, -2.710310553589125, 0.0 ], [ 120.411247451708618, -2.709790122216305, 0.0 ], [ 120.411595880545519, -2.71004184425567, 0.0 ] ] ] ] } },
{ "type": "Feature", "properties": { "OBJECTID": 2371, "WADMPR": "Sulawesi Selatan", "WADMKK": "Kab. Luwu Utara", "WADMKC": "Kec. Malangke", "WADMKD": "Desa Tolada", "POKTAN": "Gapoktan Reso Temangingngi", "K_POKTAN": "A. Ahmaluddin", "P_SID": "Universitas Negeri Makassar", "NO_HP_1": "0852-5222-2976", "NAMA_PEMIL": "Pemerintah Desa", "N_PETAK": "TDB079", "LUAS_HA": 0.69249112353999998, "PAKET": "Paket Sulawesi Selatan 14" }, "geometry": { "type": "MultiPolygon", "coordinates": [ [ [ [ 120.409139656669936, -2.710090254761383, 0.0 ], [ 120.408990634510246, -2.710287722500368, 0.0 ], [ 120.409381365657509, -2.710545993402832, 0.0 ], [ 120.409345932368979, -2.710576109899478, 0.0 ], [ 120.409074961240549, -2.710909564125018, 0.0 ], [ 120.408287739687466, -2.710398194321158, 0.0 ], [ 120.408717295466886, -2.70984368583737, 0.0 ], [ 120.409139656669936, -2.710090254761383, 0.0 ] ] ] ] } },
{ "type": "Feature", "properties": { "OBJECTID": 2372, "WADMPR": "Sulawesi Selatan", "WADMKK": "Kab. Luwu Utara", "WADMKC": "Kec. Malangke", "WADMKD": "Desa Tolada", "POKTAN": "Gapoktan Reso Temangingngi", "K_POKTAN": "A. Ahmaluddin", "P_SID": "Universitas Negeri Makassar", "NO_HP_1": "0852-5222-2976", "NAMA_PEMIL": "Pemerintah Desa", "N_PETAK": "TDB080", "LUAS_HA": 0.46111583014000002, "PAKET": "Paket Sulawesi Selatan 14" }, "geometry": { "type": "MultiPolygon", "coordinates": [ [ [ [ 120.414143243515923, -2.713182377564635, 0.0 ], [ 120.413907816292749, -2.712769046454298, 0.0 ], [ 120.414186424463992, -2.712658094395465, 0.0 ], [ 120.414604365499144, -2.712163347660294, 0.0 ], [ 120.414708244389999, -2.712372493096041, 0.0 ], [ 120.414538994678878, -2.71255735323922, 0.0 ], [ 120.414723290947222, -2.712876120636395, 0.0 ], [ 120.414143243515923, -2.713182377564635, 0.0 ] ] ] ] } },
{ "type": "Feature", "properties": { "OBJECTID": 2373, "WADMPR": "Sulawesi Selatan", "WADMKK": "Kab. Luwu Utara", "WADMKC": "Kec. Malangke", "WADMKD": "Desa Tolada", "POKTAN": "Gapoktan Reso Temangingngi", "K_POKTAN": "A. Ahmaluddin", "P_SID": "Universitas Negeri Makassar", "NO_HP_1": "0852-5222-2976", "NAMA_PEMIL": "Pemerintah Desa", "N_PETAK": "TDB081", "LUAS_HA": 0.39339936513000001, "PAKET": "Paket Sulawesi Selatan 14" }, "geometry": { "type": "MultiPolygon", "coordinates": [ [ [ [ 120.414279318136096, -2.713402118812667, 0.0 ], [ 120.414143243515923, -2.713182377564635, 0.0 ], [ 120.414986823782897, -2.712739738448136, 0.0 ], [ 120.415214698499653, -2.713109062133469, 0.0 ], [ 120.415033016560528, -2.713122417065847, 0.0 ], [ 120.415014606538875, -2.713126394767244, 0.0 ], [ 120.415003686071373, -2.713127312975075, 0.0 ], [ 120.414928508144158, -2.713141993508145, 0.0 ], [ 120.414926034109271, -2.713142550188479, 0.0 ], [ 120.414904766042127, -2.713147970402474, 0.0 ], [ 120.41489463697792, -2.713152322221845, 0.0 ], [ 120.414853908481177, -2.713161123886721, 0.0 ], [ 120.414839058875486, -2.71318493883382, 0.0 ], [ 120.41481553261076, -2.713214098451829, 0.0 ], [ 120.414797445445856, -2.713248638713651, 0.0 ], [ 120.414794386851554, -2.713256584223927, 0.0 ], [ 120.414788293944639, -2.713266357156613, 0.0 ], [ 120.414279318136096, -2.713402118812667, 0.0 ] ] ] ] } },
{ "type": "Feature", "properties": { "OBJECTID": 2374, "WADMPR": "Sulawesi Selatan", "WADMKK": "Kab. Luwu Utara", "WADMKC": "Kec. Malangke", "WADMKD": "Desa Tolada", "POKTAN": "Gapoktan Reso Temangingngi", "K_POKTAN": "A. Ahmaluddin", "P_SID": "Universitas Negeri Makassar", "NO_HP_1": "0852-5222-2976", "NAMA_PEMIL": "Pemerintah Desa", "N_PETAK": "TDB082", "LUAS_HA": 0.31122212169000002, "PAKET": "Paket Sulawesi Selatan 14" }, "geometry": { "type": "MultiPolygon", "coordinates": [ [ [ [ 120.414143243515923, -2.713182377564635, 0.0 ], [ 120.413687433828045, -2.713381420016447, 0.0 ], [ 120.413388108874187, -2.71300662395646, 0.0 ], [ 120.413812093353499, -2.712803041726943, 0.0 ], [ 120.413907816292749, -2.712769046454298, 0.0 ], [ 120.414143243515923, -2.713182377564635, 0.0 ] ] ] ] } },
{ "type": "Feature", "properties": { "OBJECTID": 2375, "WADMPR": "Sulawesi Selatan", "WADMKK": "Kab. Luwu Utara", "WADMKC": "Kec. Malangke", "WADMKD": "Desa Tolada", "POKTAN": "Gapoktan Reso Temangingngi", "K_POKTAN": "A. Ahmaluddin", "P_SID": "Universitas Negeri Makassar", "NO_HP_1": "0852-5222-2976", "NAMA_PEMIL": "Pemerintah Desa", "N_PETAK": "TDB083", "LUAS_HA": 0.45325103883000001, "PAKET": "Paket Sulawesi Selatan 14" }, "geometry": { "type": "MultiPolygon", "coordinates": [ [ [ [ 120.413687433828045, -2.713381420016447, 0.0 ], [ 120.413800632393304, -2.713535571909063, 0.0 ], [ 120.413762987671817, -2.713555392966953, 0.0 ], [ 120.413761447133197, -2.713556243725634, 0.0 ], [ 120.413760953405358, -2.713556536904605, 0.0 ], [ 120.413760460576896, -2.713556830982895, 0.0 ], [ 120.413728916856144, -2.713576146621847, 0.0 ], [ 120.413711991615173, -2.713607448424966, 0.0 ], [ 120.413668772895562, -2.713718789890208, 0.0 ], [ 120.413625062246865, -2.713745556412277, 0.0 ], [ 120.413623683586138, -2.713746364902761, 0.0 ], [ 120.413540079910831, -2.713792459654258, 0.0 ], [ 120.413396432099717, -2.713882515965281, 0.0 ], [ 120.412951527590963, -2.713324125108215, 0.0 ], [ 120.41330191874863, -2.713132350077842, 0.0 ], [ 120.413388108874187, -2.71300662395646, 0.0 ], [ 120.413687433828045, -2.713381420016447, 0.0 ] ] ] ] } },
{ "type": "Feature", "properties": { "OBJECTID": 2376, "WADMPR": "Sulawesi Selatan", "WADMKK": "Kab. Luwu Utara", "WADMKC": "Kec. Malangke", "WADMKD": "Desa Tolada", "POKTAN": "Gapoktan Reso Temangingngi", "K_POKTAN": "A. Ahmaluddin", "P_SID": "Universitas Negeri Makassar", "NO_HP_1": "0852-5222-2976", "NAMA_PEMIL": "Pemerintah Desa", "N_PETAK": "TDB084", "LUAS_HA": 0.13780743383, "PAKET": "Paket Sulawesi Selatan 14" }, "geometry": { "type": "MultiPolygon", "coordinates": [ [ [ [ 120.414279318136096, -2.713402118812667, 0.0 ], [ 120.414283809350422, -2.713409884458542, 0.0 ], [ 120.414247875139381, -2.713423059526519, 0.0 ], [ 120.414160109401564, -2.713455698621544, 0.0 ], [ 120.414131876085321, -2.713466200005087, 0.0 ], [ 120.414123541168578, -2.713469299068834, 0.0 ], [ 120.414089509023711, -2.713486314241948, 0.0 ], [ 120.414071290557672, -2.713486289060938, 0.0 ], [ 120.413966535727127, -2.713489228045376, 0.0 ], [ 120.413869145444778, -2.713499498303179, 0.0 ], [ 120.413800632393304, -2.713535571909063, 0.0 ], [ 120.413687433828045, -2.713381420016447, 0.0 ], [ 120.414143243515923, -2.713182377564635, 0.0 ], [ 120.414279318136096, -2.713402118812667, 0.0 ] ] ] ] } },
{ "type": "Feature", "properties": { "OBJECTID": 2377, "WADMPR": "Sulawesi Selatan", "WADMKK": "Kab. Luwu Utara", "WADMKC": "Kec. Malangke", "WADMKD": "Desa Tolada", "POKTAN": "Gapoktan Reso Temangingngi", "K_POKTAN": "A. Ahmaluddin", "P_SID": "Universitas Negeri Makassar", "NO_HP_1": "0852-5222-2976", "NAMA_PEMIL": "Pemerintah Desa", "N_PETAK": "TDB085", "LUAS_HA": 0.20320691556000001, "PAKET": "Paket Sulawesi Selatan 14" }, "geometry": { "type": "MultiPolygon", "coordinates": [ [ [ [ 120.415378162872003, -2.712262292870491, 0.0 ], [ 120.415005059336067, -2.712472669478075, 0.0 ], [ 120.414817565977955, -2.712113862464719, 0.0 ], [ 120.415135519488672, -2.711917599817355, 0.0 ], [ 120.415378162872003, -2.712262292870491, 0.0 ] ] ] ] } },
{ "type": "Feature", "properties": { "OBJECTID": 2378, "WADMPR": "Sulawesi Selatan", "WADMKK": "Kab. Luwu Utara", "WADMKC": "Kec. Malangke", "WADMKD": "Desa Tolada", "POKTAN": "Gapoktan Reso Temangingngi", "K_POKTAN": "A. Ahmaluddin", "P_SID": "Universitas Negeri Makassar", "NO_HP_1": "0852-5222-2976", "NAMA_PEMIL": "Pemerintah Desa", "N_PETAK": "TDB086", "LUAS_HA": 0.33545893808, "PAKET": "Paket Sulawesi Selatan 14" }, "geometry": { "type": "MultiPolygon", "coordinates": [ [ [ [ 120.415906692639851, -2.711964277329514, 0.0 ], [ 120.415378162872003, -2.712262292870491, 0.0 ], [ 120.415135519488672, -2.711917599817355, 0.0 ], [ 120.415626558319104, -2.711569763633634, 0.0 ], [ 120.415906692639851, -2.711964277329514, 0.0 ] ] ] ] } },
{ "type": "Feature", "properties": { "OBJECTID": 2379, "WADMPR": "Sulawesi Selatan", "WADMKK": "Kab. Luwu Utara", "WADMKC": "Kec. Malangke", "WADMKD": "Desa Tolada", "POKTAN": "Gapoktan Reso Temangingngi", "K_POKTAN": "A. Ahmaluddin", "P_SID": "Universitas Negeri Makassar", "NO_HP_1": "0852-5222-2976", "NAMA_PEMIL": "Pemerintah Desa", "N_PETAK": "TDB087", "LUAS_HA": 0.57734920779, "PAKET": "Paket Sulawesi Selatan 14" }, "geometry": { "type": "MultiPolygon", "coordinates": [ [ [ [ 120.416775816350878, -2.711287056352546, 0.0 ], [ 120.415912400636898, -2.71195887779993, 0.0 ], [ 120.415906692639851, -2.711964277329514, 0.0 ], [ 120.415626558319104, -2.711569763633634, 0.0 ], [ 120.416360950997159, -2.711034668814875, 0.0 ], [ 120.416775816350878, -2.711287056352546, 0.0 ] ] ] ] } },
{ "type": "Feature", "properties": { "OBJECTID": 2380, "WADMPR": "Sulawesi Selatan", "WADMKK": "Kab. Luwu Utara", "WADMKC": "Kec. Malangke", "WADMKD": "Desa Tolada", "POKTAN": "Gapoktan Reso Temangingngi", "K_POKTAN": "A. Ahmaluddin", "P_SID": "Universitas Negeri Makassar", "NO_HP_1": "0852-5222-2976", "NAMA_PEMIL": "Pemerintah Desa", "N_PETAK": "TDB088", "LUAS_HA": 1.11703848851, "PAKET": "Paket Sulawesi Selatan 14" }, "geometry": { "type": "MultiPolygon", "coordinates": [ [ [ [ 120.416775816350878, -2.711287056352546, 0.0 ], [ 120.416360950997159, -2.711034668814875, 0.0 ], [ 120.415418285225769, -2.71062212640993, 0.0 ], [ 120.415632292396481, -2.710193193860789, 0.0 ], [ 120.417338998795799, -2.71081212348065, 0.0 ], [ 120.416775816350878, -2.711287056352546, 0.0 ] ] ] ] } },
{ "type": "Feature", "properties": { "OBJECTID": 2381, "WADMPR": "Sulawesi Selatan", "WADMKK": "Kab. Luwu Utara", "WADMKC": "Kec. Malangke", "WADMKD": "Desa Tolada", "POKTAN": "Gapoktan Reso Temangingngi", "K_POKTAN": "A. Ahmaluddin", "P_SID": "Universitas Negeri Makassar", "NO_HP_1": "0852-5222-2976", "NAMA_PEMIL": "Pemerintah Desa", "N_PETAK": "TDB089", "LUAS_HA": 1.45920372712, "PAKET": "Paket Sulawesi Selatan 14" }, "geometry": { "type": "MultiPolygon", "coordinates": [ [ [ [ 120.416360950997159, -2.711034668814875, 0.0 ], [ 120.415626558319104, -2.711569763633634, 0.0 ], [ 120.415135519488672, -2.711917599817355, 0.0 ], [ 120.414817565977955, -2.712113862464719, 0.0 ], [ 120.414576645695661, -2.711890274816255, 0.0 ], [ 120.414773657478349, -2.711694926779387, 0.0 ], [ 120.414619673759034, -2.711559171418571, 0.0 ], [ 120.414800673112609, -2.711333040487375, 0.0 ], [ 120.415418285225769, -2.71062212640993, 0.0 ], [ 120.416360950997159, -2.711034668814875, 0.0 ] ] ] ] } },
{ "type": "Feature", "properties": { "OBJECTID": 2382, "WADMPR": "Sulawesi Selatan", "WADMKK": "Kab. Luwu Utara", "WADMKC": "Kec. Malangke", "WADMKD": "Desa Tolada", "POKTAN": "Gapoktan Reso Temangingngi", "K_POKTAN": "A. Ahmaluddin", "P_SID": "Universitas Negeri Makassar", "NO_HP_1": "0852-5222-2976", "NAMA_PEMIL": "Pemerintah Desa", "N_PETAK": "TDB090", "LUAS_HA": 1.1231082059599999, "PAKET": "Paket Sulawesi Selatan 14" }, "geometry": { "type": "MultiPolygon", "coordinates": [ [ [ [ 120.415632292396481, -2.710193193860789, 0.0 ], [ 120.415418285225769, -2.71062212640993, 0.0 ], [ 120.414384473165001, -2.71002750456563, 0.0 ], [ 120.414448397875276, -2.709556536804655, 0.0 ], [ 120.41564555290006, -2.709644640687543, 0.0 ], [ 120.415632292396481, -2.710193193860789, 0.0 ] ] ] ] } },
{ "type": "Feature", "properties": { "OBJECTID": 2383, "WADMPR": "Sulawesi Selatan", "WADMKK": "Kab. Luwu Utara", "WADMKC": "Kec. Malangke", "WADMKD": "Desa Tolada", "POKTAN": "Gapoktan Reso Temangingngi", "K_POKTAN": "A. Ahmaluddin", "P_SID": "Universitas Negeri Makassar", "NO_HP_1": "0852-5222-2976", "NAMA_PEMIL": "Pemerintah Desa", "N_PETAK": "TDB091", "LUAS_HA": 0.60891799682000003, "PAKET": "Paket Sulawesi Selatan 14" }, "geometry": { "type": "MultiPolygon", "coordinates": [ [ [ [ 120.411482937387746, -2.707567289498741, 0.0 ], [ 120.411405145131425, -2.707785377792902, 0.0 ], [ 120.410821296265908, -2.707828755692447, 0.0 ], [ 120.410760531773235, -2.708083305200319, 0.0 ], [ 120.410417529445454, -2.708002773609053, 0.0 ], [ 120.410322366783817, -2.707979916439967, 0.0 ], [ 120.410347666511711, -2.707924661194113, 0.0 ], [ 120.410667704650905, -2.707263939179427, 0.0 ], [ 120.411309789115535, -2.707467712065238, 0.0 ], [ 120.411482937387746, -2.707567289498741, 0.0 ] ] ] ] } },
{ "type": "Feature", "properties": { "OBJECTID": 2384, "WADMPR": "Sulawesi Selatan", "WADMKK": "Kab. Luwu Utara", "WADMKC": "Kec. Malangke", "WADMKD": "Desa Tolada", "POKTAN": "Gapoktan Reso Temangingngi", "K_POKTAN": "A. Ahmaluddin", "P_SID": "Universitas Negeri Makassar", "NO_HP_1": "0852-5222-2976", "NAMA_PEMIL": "Pemerintah Desa", "N_PETAK": "TDB092", "LUAS_HA": 0.30348684913000001, "PAKET": "Paket Sulawesi Selatan 14" }, "geometry": { "type": "MultiPolygon", "coordinates": [ [ [ [ 120.410347666511711, -2.707924661194113, 0.0 ], [ 120.410322366783817, -2.707979916439967, 0.0 ], [ 120.410417529445454, -2.708002773609053, 0.0 ], [ 120.410291830303777, -2.708334716973582, 0.0 ], [ 120.409679296662262, -2.708093906408578, 0.0 ], [ 120.409913001683776, -2.707732715292536, 0.0 ], [ 120.410347666511711, -2.707924661194113, 0.0 ] ] ] ] } },
{ "type": "Feature", "properties": { "OBJECTID": 2385, "WADMPR": "Sulawesi Selatan", "WADMKK": "Kab. Luwu Utara", "WADMKC": "Kec. Malangke", "WADMKD": "Desa Tolada", "POKTAN": "Gapoktan Reso Temangingngi", "K_POKTAN": "A. Ahmaluddin", "P_SID": "Universitas Negeri Makassar", "NO_HP_1": "0852-5222-2976", "NAMA_PEMIL": "Pemerintah Desa", "N_PETAK": "TDB093", "LUAS_HA": 0.40704451356, "PAKET": "Paket Sulawesi Selatan 14" }, "geometry": { "type": "MultiPolygon", "coordinates": [ [ [ [ 120.410667704650905, -2.707263939179427, 0.0 ], [ 120.410347666511711, -2.707924661194113, 0.0 ], [ 120.409913001683776, -2.707732715292536, 0.0 ], [ 120.409982034543305, -2.707608170880349, 0.0 ], [ 120.410263998085156, -2.707099329070729, 0.0 ], [ 120.410667704650905, -2.707263939179427, 0.0 ] ] ] ] } },
{ "type": "Feature", "properties": { "OBJECTID": 2386, "WADMPR": "Sulawesi Selatan", "WADMKK": "Kab. Luwu Utara", "WADMKC": "Kec. Malangke", "WADMKD": "Desa Tolada", "POKTAN": "Gapoktan Reso Temangingngi", "K_POKTAN": "A. Ahmaluddin", "P_SID": "Universitas Negeri Makassar", "NO_HP_1": "0852-5222-2976", "NAMA_PEMIL": "Pemerintah Desa", "N_PETAK": "TDB094", "LUAS_HA": 0.44178875359000003, "PAKET": "Paket Sulawesi Selatan 14" }, "geometry": { "type": "MultiPolygon", "coordinates": [ [ [ [ 120.409995929068941, -2.706961798448219, 0.0 ], [ 120.40964991671035, -2.707500372743937, 0.0 ], [ 120.409143805242479, -2.707269629189966, 0.0 ], [ 120.409588592839327, -2.706679213474899, 0.0 ], [ 120.409995929068941, -2.706961798448219, 0.0 ] ] ] ] } },
{ "type": "Feature", "properties": { "OBJECTID": 2387, "WADMPR": "Sulawesi Selatan", "WADMKK": "Kab. Luwu Utara", "WADMKC": "Kec. Malangke", "WADMKD": "Desa Tolada", "POKTAN": "Gapoktan Reso Temangingngi", "K_POKTAN": "A. Ahmaluddin", "P_SID": "Universitas Negeri Makassar", "NO_HP_1": "0852-5222-2976", "NAMA_PEMIL": "Pemerintah Desa", "N_PETAK": "TDB095", "LUAS_HA": 0.24059794766000001, "PAKET": "Paket Sulawesi Selatan 14" }, "geometry": { "type": "MultiPolygon", "coordinates": [ [ [ [ 120.410263998085156, -2.707099329070729, 0.0 ], [ 120.409982034543305, -2.707608170880349, 0.0 ], [ 120.40964991671035, -2.707500372743937, 0.0 ], [ 120.409995929068941, -2.706961798448219, 0.0 ], [ 120.410263998085156, -2.707099329070729, 0.0 ] ] ] ] } },
{ "type": "Feature", "properties": { "OBJECTID": 2388, "WADMPR": "Sulawesi Selatan", "WADMKK": "Kab. Luwu Utara", "WADMKC": "Kec. Malangke", "WADMKD": "Desa Tolada", "POKTAN": "Gapoktan Reso Temangingngi", "K_POKTAN": "A. Ahmaluddin", "P_SID": "Universitas Negeri Makassar", "NO_HP_1": "0852-5222-2976", "NAMA_PEMIL": "Pemerintah Desa", "N_PETAK": "TDB096", "LUAS_HA": 0.65234974043000005, "PAKET": "Paket Sulawesi Selatan 14" }, "geometry": { "type": "MultiPolygon", "coordinates": [ [ [ [ 120.40964991671035, -2.707500372743937, 0.0 ], [ 120.409982034543305, -2.707608170880349, 0.0 ], [ 120.409913001683776, -2.707732715292536, 0.0 ], [ 120.409679296662262, -2.708093906408578, 0.0 ], [ 120.409630058780294, -2.708175914686649, 0.0 ], [ 120.408858049259607, -2.707734648834901, 0.0 ], [ 120.408887430110894, -2.707687660157319, 0.0 ], [ 120.409143805242479, -2.707269629189966, 0.0 ], [ 120.40964991671035, -2.707500372743937, 0.0 ] ] ] ] } },
{ "type": "Feature", "properties": { "OBJECTID": 2389, "WADMPR": "Sulawesi Selatan", "WADMKK": "Kab. Luwu Utara", "WADMKC": "Kec. Malangke", "WADMKD": "Desa Tolada", "POKTAN": "Gapoktan Reso Temangingngi", "K_POKTAN": "A. Ahmaluddin", "P_SID": "Universitas Negeri Makassar", "NO_HP_1": "0852-5222-2976", "NAMA_PEMIL": "Pemerintah Desa", "N_PETAK": "TDB097", "LUAS_HA": 0.50272090188999996, "PAKET": "Paket Sulawesi Selatan 14" }, "geometry": { "type": "MultiPolygon", "coordinates": [ [ [ [ 120.409588592839327, -2.706679213474899, 0.0 ], [ 120.409143805242479, -2.707269629189966, 0.0 ], [ 120.408887430110894, -2.707687660157319, 0.0 ], [ 120.408550955961914, -2.707514015459424, 0.0 ], [ 120.408930912331812, -2.707014398895353, 0.0 ], [ 120.409351598097828, -2.706511128385841, 0.0 ], [ 120.409588592839327, -2.706679213474899, 0.0 ] ] ] ] } },
{ "type": "Feature", "properties": { "OBJECTID": 2390, "WADMPR": "Sulawesi Selatan", "WADMKK": "Kab. Luwu Utara", "WADMKC": "Kec. Malangke", "WADMKD": "Desa Tolada", "POKTAN": "Gapoktan Reso Temangingngi", "K_POKTAN": "A. Ahmaluddin", "P_SID": "Universitas Negeri Makassar", "NO_HP_1": "0852-5222-2976", "NAMA_PEMIL": "Pemerintah Desa", "N_PETAK": "TDB098", "LUAS_HA": 0.92398114268999998, "PAKET": "Paket Sulawesi Selatan 14" }, "geometry": { "type": "MultiPolygon", "coordinates": [ [ [ [ 120.409351598097828, -2.706511128385841, 0.0 ], [ 120.408930912331812, -2.707014398895353, 0.0 ], [ 120.408550955961914, -2.707514015459424, 0.0 ], [ 120.408290872925477, -2.707374325564615, 0.0 ], [ 120.408462924924152, -2.707153615746734, 0.0 ], [ 120.40816141191965, -2.706950529043638, 0.0 ], [ 120.40836856445776, -2.706690407336396, 0.0 ], [ 120.408838814559658, -2.706125665467027, 0.0 ], [ 120.409351598097828, -2.706511128385841, 0.0 ] ] ] ] } },
{ "type": "Feature", "properties": { "OBJECTID": 2391, "WADMPR": "Sulawesi Selatan", "WADMKK": "Kab. Luwu Utara", "WADMKC": "Kec. Malangke", "WADMKD": "Desa Tolada", "POKTAN": "Gapoktan Reso Temangingngi", "K_POKTAN": "A. Ahmaluddin", "P_SID": "Universitas Negeri Makassar", "NO_HP_1": "0852-5222-2976", "NAMA_PEMIL": "Pemerintah Desa", "N_PETAK": "TDB099", "LUAS_HA": 0.23981130691, "PAKET": "Paket Sulawesi Selatan 14" }, "geometry": { "type": "MultiPolygon", "coordinates": [ [ [ [ 120.408838814559658, -2.706125665467027, 0.0 ], [ 120.40836856445776, -2.706690407336396, 0.0 ], [ 120.408174370251004, -2.706535047654256, 0.0 ], [ 120.408602058138513, -2.705959478846808, 0.0 ], [ 120.408838814559658, -2.706125665467027, 0.0 ] ] ] ] } },
{ "type": "Feature", "properties": { "OBJECTID": 2392, "WADMPR": "Sulawesi Selatan", "WADMKK": "Kab. Luwu Utara", "WADMKC": "Kec. Malangke", "WADMKD": "Desa Tolada", "POKTAN": "Gapoktan Reso Temangingngi", "K_POKTAN": "A. Ahmaluddin", "P_SID": "Universitas Negeri Makassar", "NO_HP_1": "0852-5222-2976", "NAMA_PEMIL": "Pemerintah Desa", "N_PETAK": "TDB100", "LUAS_HA": 0.23514431204, "PAKET": "Paket Sulawesi Selatan 14" }, "geometry": { "type": "MultiPolygon", "coordinates": [ [ [ [ 120.40816141191965, -2.706950529043638, 0.0 ], [ 120.408462924924152, -2.707153615746734, 0.0 ], [ 120.408290872925477, -2.707374325564615, 0.0 ], [ 120.407745957509974, -2.707089975222118, 0.0 ], [ 120.407952124391045, -2.706811672820379, 0.0 ], [ 120.40816141191965, -2.706950529043638, 0.0 ] ] ] ] } },
{ "type": "Feature", "properties": { "OBJECTID": 2393, "WADMPR": "Sulawesi Selatan", "WADMKK": "Kab. Luwu Utara", "WADMKC": "Kec. Malangke", "WADMKD": "Desa Tolada", "POKTAN": "Gapoktan Reso Temangingngi", "K_POKTAN": "A. Ahmaluddin", "P_SID": "Universitas Negeri Makassar", "NO_HP_1": "0852-5222-2976", "NAMA_PEMIL": "Pemerintah Desa", "N_PETAK": "TDB101", "LUAS_HA": 0.10540598669, "PAKET": "Paket Sulawesi Selatan 14" }, "geometry": { "type": "MultiPolygon", "coordinates": [ [ [ [ 120.40836856445776, -2.706690407336396, 0.0 ], [ 120.40816141191965, -2.706950529043638, 0.0 ], [ 120.407952124391045, -2.706811672820379, 0.0 ], [ 120.408174370251004, -2.706535047654256, 0.0 ], [ 120.40836856445776, -2.706690407336396, 0.0 ] ] ] ] } },
{ "type": "Feature", "properties": { "OBJECTID": 2394, "WADMPR": "Sulawesi Selatan", "WADMKK": "Kab. Luwu Utara", "WADMKC": "Kec. Malangke", "WADMKD": "Desa Tolada", "POKTAN": "Gapoktan Reso Temangingngi", "K_POKTAN": "A. Ahmaluddin", "P_SID": "Universitas Negeri Makassar", "NO_HP_1": "0852-5222-2976", "NAMA_PEMIL": "Pemerintah Desa", "N_PETAK": "TDB102", "LUAS_HA": 0.64860137804999995, "PAKET": "Paket Sulawesi Selatan 14" }, "geometry": { "type": "MultiPolygon", "coordinates": [ [ [ [ 120.408602058138513, -2.705959478846808, 0.0 ], [ 120.408174370251004, -2.706535047654256, 0.0 ], [ 120.407952124391045, -2.706811672820379, 0.0 ], [ 120.407745957509974, -2.707089975222118, 0.0 ], [ 120.407439643924477, -2.706859055401026, 0.0 ], [ 120.408294906384867, -2.705761359998689, 0.0 ], [ 120.408602058138513, -2.705959478846808, 0.0 ] ] ] ] } },
{ "type": "Feature", "properties": { "OBJECTID": 2395, "WADMPR": "Sulawesi Selatan", "WADMKK": "Kab. Luwu Utara", "WADMKC": "Kec. Malangke", "WADMKD": "Desa Tolada", "POKTAN": "Gapoktan Reso Temangingngi", "K_POKTAN": "A. Ahmaluddin", "P_SID": "Universitas Negeri Makassar", "NO_HP_1": "0852-5222-2976", "NAMA_PEMIL": "Pemerintah Desa", "N_PETAK": "TDB103", "LUAS_HA": 1.74902402253, "PAKET": "Paket Sulawesi Selatan 14" }, "geometry": { "type": "MultiPolygon", "coordinates": [ [ [ [ 120.404263513650335, -2.706070354463236, 0.0 ], [ 120.403302838055538, -2.707307896242355, 0.0 ], [ 120.40252432193995, -2.706828216748761, 0.0 ], [ 120.403483323896353, -2.705593469163205, 0.0 ], [ 120.404263513650335, -2.706070354463236, 0.0 ] ] ] ] } },
{ "type": "Feature", "properties": { "OBJECTID": 2396, "WADMPR": "Sulawesi Selatan", "WADMKK": "Kab. Luwu Utara", "WADMKC": "Kec. Malangke", "WADMKD": "Desa Tolada", "POKTAN": "Gapoktan Reso Temangingngi", "K_POKTAN": "A. Ahmaluddin", "P_SID": "Universitas Negeri Makassar", "NO_HP_1": "0852-5222-2976", "NAMA_PEMIL": "Pemerintah Desa", "N_PETAK": "TDB104", "LUAS_HA": 0.81834873366000005, "PAKET": "Paket Sulawesi Selatan 14" }, "geometry": { "type": "MultiPolygon", "coordinates": [ [ [ [ 120.408294906384867, -2.705761359998689, 0.0 ], [ 120.407439643924477, -2.706859055401026, 0.0 ], [ 120.407026337995148, -2.706588519544482, 0.0 ], [ 120.407926845347674, -2.705492076897769, 0.0 ], [ 120.408294906384867, -2.705761359998689, 0.0 ] ] ] ] } },
{ "type": "Feature", "properties": { "OBJECTID": 2397, "WADMPR": "Sulawesi Selatan", "WADMKK": "Kab. Luwu Utara", "WADMKC": "Kec. Malangke", "WADMKD": "Desa Tolada", "POKTAN": "Gapoktan Reso Temangingngi", "K_POKTAN": "A. Ahmaluddin", "P_SID": "Universitas Negeri Makassar", "NO_HP_1": "0852-5222-2976", "NAMA_PEMIL": "Pemerintah Desa", "N_PETAK": "TDB105", "LUAS_HA": 0.94503384986000005, "PAKET": "Paket Sulawesi Selatan 14" }, "geometry": { "type": "MultiPolygon", "coordinates": [ [ [ [ 120.407926845347674, -2.705492076897769, 0.0 ], [ 120.407026337995148, -2.706588519544482, 0.0 ], [ 120.406799331124262, -2.706855630782684, 0.0 ], [ 120.406606903186116, -2.706735657624449, 0.0 ], [ 120.406816701529578, -2.706483411280374, 0.0 ], [ 120.406695979236133, -2.706399757242934, 0.0 ], [ 120.406922429426686, -2.706045723831039, 0.0 ], [ 120.406926336980973, -2.705961603045523, 0.0 ], [ 120.406791146394312, -2.705491308876731, 0.0 ], [ 120.407926845347674, -2.705492076897769, 0.0 ] ] ] ] } },
{ "type": "Feature", "properties": { "OBJECTID": 2398, "WADMPR": "Sulawesi Selatan", "WADMKK": "Kab. Luwu Utara", "WADMKC": "Kec. Malangke", "WADMKD": "Desa Tolada", "POKTAN": "Gapoktan Reso Temangingngi", "K_POKTAN": "A. Ahmaluddin", "P_SID": "Universitas Negeri Makassar", "NO_HP_1": "0852-5222-2976", "NAMA_PEMIL": "Pemerintah Desa", "N_PETAK": "TDB106", "LUAS_HA": 0.95473337878999998, "PAKET": "Paket Sulawesi Selatan 14" }, "geometry": { "type": "MultiPolygon", "coordinates": [ [ [ [ 120.403544044322302, -2.704409339019719, 0.0 ], [ 120.404754197248508, -2.704762295943169, 0.0 ], [ 120.40445213475823, -2.705426407502671, 0.0 ], [ 120.403205876749894, -2.70467859693963, 0.0 ], [ 120.40338982228252, -2.704371829196532, 0.0 ], [ 120.403544044322302, -2.704409339019719, 0.0 ] ] ] ] } },
{ "type": "Feature", "properties": { "OBJECTID": 2399, "WADMPR": "Sulawesi Selatan", "WADMKK": "Kab. Luwu Utara", "WADMKC": "Kec. Malangke", "WADMKD": "Desa Tolada", "POKTAN": "Gapoktan Reso Temangingngi", "K_POKTAN": "A. Ahmaluddin", "P_SID": "Universitas Negeri Makassar", "NO_HP_1": "0852-5222-2976", "NAMA_PEMIL": "Pemerintah Desa", "N_PETAK": "TDB107", "LUAS_HA": 0.9794193372, "PAKET": "Paket Sulawesi Selatan 14" }, "geometry": { "type": "MultiPolygon", "coordinates": [ [ [ [ 120.404626336136516, -2.703988399644857, 0.0 ], [ 120.404754197248508, -2.704762295943169, 0.0 ], [ 120.403544044322302, -2.704409339019719, 0.0 ], [ 120.403544278146001, -2.704163275514702, 0.0 ], [ 120.403838720680483, -2.7041794696068, 0.0 ], [ 120.403836650441121, -2.703785192432633, 0.0 ], [ 120.404578904992491, -2.703731075728513, 0.0 ], [ 120.404626336136516, -2.703988399644857, 0.0 ] ] ] ] } },
{ "type": "Feature", "properties": { "OBJECTID": 2400, "WADMPR": "Sulawesi Selatan", "WADMKK": "Kab. Luwu Utara", "WADMKC": "Kec. Malangke", "WADMKD": "Desa Tolada", "POKTAN": "Gapoktan Reso Temangingngi", "K_POKTAN": "A. Ahmaluddin", "P_SID": "Universitas Negeri Makassar", "NO_HP_1": "0852-5222-2976", "NAMA_PEMIL": "Pemerintah Desa", "N_PETAK": "TDB108", "LUAS_HA": 0.84364047041000001, "PAKET": "Paket Sulawesi Selatan 14" }, "geometry": { "type": "MultiPolygon", "coordinates": [ [ [ [ 120.404494801294163, -2.703245521863323, 0.0 ], [ 120.404560324099748, -2.703648438824359, 0.0 ], [ 120.404578904992491, -2.703731075728513, 0.0 ], [ 120.403836650441121, -2.703785192432633, 0.0 ], [ 120.403706366555639, -2.703244125216145, 0.0 ], [ 120.403664732441484, -2.702825033948102, 0.0 ], [ 120.404448130976562, -2.702917589475135, 0.0 ], [ 120.404494801294163, -2.703245521863323, 0.0 ] ] ] ] } },
{ "type": "Feature", "properties": { "OBJECTID": 2401, "WADMPR": "Sulawesi Selatan", "WADMKK": "Kab. Luwu Utara", "WADMKC": "Kec. Malangke", "WADMKD": "Desa Tolada", "POKTAN": "Gapoktan Reso Temangingngi", "K_POKTAN": "A. Ahmaluddin", "P_SID": "Universitas Negeri Makassar", "NO_HP_1": "0852-5222-2976", "NAMA_PEMIL": "Pemerintah Desa", "N_PETAK": "TDB109", "LUAS_HA": 1.71067303881, "PAKET": "Paket Sulawesi Selatan 14" }, "geometry": { "type": "MultiPolygon", "coordinates": [ [ [ [ 120.405649595552404, -2.704482253353262, 0.0 ], [ 120.405657042838357, -2.70501953892051, 0.0 ], [ 120.405702449608384, -2.705870073644917, 0.0 ], [ 120.404988181059821, -2.705388742096716, 0.0 ], [ 120.404834184749916, -2.705651336040262, 0.0 ], [ 120.40445213475823, -2.705426407502671, 0.0 ], [ 120.404754197248508, -2.704762295943169, 0.0 ], [ 120.404626336136516, -2.703988399644857, 0.0 ], [ 120.405649595552404, -2.704482253353262, 0.0 ] ] ] ] } },
{ "type": "Feature", "properties": { "OBJECTID": 2402, "WADMPR": "Sulawesi Selatan", "WADMKK": "Kab. Luwu Utara", "WADMKC": "Kec. Malangke", "WADMKD": "Desa Tolada", "POKTAN": "Gapoktan Reso Temangingngi", "K_POKTAN": "A. Ahmaluddin", "P_SID": "Universitas Negeri Makassar", "NO_HP_1": "0852-5222-2976", "NAMA_PEMIL": "Pemerintah Desa", "N_PETAK": "TDB110", "LUAS_HA": 0.1632986824, "PAKET": "Paket Sulawesi Selatan 14" }, "geometry": { "type": "MultiPolygon", "coordinates": [ [ [ [ 120.415005059336067, -2.712472669478075, 0.0 ], [ 120.415378162872003, -2.712262292870491, 0.0 ], [ 120.415906692639851, -2.711964277329514, 0.0 ], [ 120.415934659756772, -2.712013405494247, 0.0 ], [ 120.415907141401476, -2.712035136712132, 0.0 ], [ 120.4158805583412, -2.712056128687323, 0.0 ], [ 120.415879744454742, -2.712056769903938, 0.0 ], [ 120.415460349215778, -2.712359327920581, 0.0 ], [ 120.415426147998346, -2.7123816940599, 0.0 ], [ 120.41521362560843, -2.712520669892967, 0.0 ], [ 120.415099877557395, -2.712595052819381, 0.0 ], [ 120.415137748908023, -2.712657725673466, 0.0 ], [ 120.415139855120287, -2.712661095433134, 0.0 ], [ 120.41516286967078, -2.712700624234401, 0.0 ], [ 120.415184505560546, -2.712737784221304, 0.0 ], [ 120.41538561375512, -2.713089750991173, 0.0 ], [ 120.415425459117728, -2.713159484422647, 0.0 ], [ 120.41541221929856, -2.713169155731919, 0.0 ], [ 120.415402508419106, -2.713161592433494, 0.0 ], [ 120.415395832751528, -2.713158594993104, 0.0 ], [ 120.415005059336067, -2.712472669478075, 0.0 ] ] ] ] } },
{ "type": "Feature", "properties": { "OBJECTID": 2403, "WADMPR": "Sulawesi Selatan", "WADMKK": "Kab. Luwu Utara", "WADMKC": "Kec. Malangke", "WADMKD": "Desa Tolada", "POKTAN": "Gapoktan Reso Temangingngi", "K_POKTAN": "A. Ahmaluddin", "P_SID": "Universitas Negeri Makassar", "NO_HP_1": "0852-5222-2976", "NAMA_PEMIL": "Pemerintah Desa", "N_PETAK": "TDB111", "LUAS_HA": 0.54278059685000002, "PAKET": "Paket Sulawesi Selatan 14" }, "geometry": { "type": "MultiPolygon", "coordinates": [ [ [ [ 120.405384117483095, -2.703757154269226, 0.0 ], [ 120.405649595552404, -2.704482253353262, 0.0 ], [ 120.404626336136516, -2.703988399644857, 0.0 ], [ 120.404578904992491, -2.703731075728513, 0.0 ], [ 120.404560324099748, -2.703648438824359, 0.0 ], [ 120.405384117483095, -2.703757154269226, 0.0 ] ] ] ] } },
{ "type": "Feature", "properties": { "OBJECTID": 2404, "WADMPR": "Sulawesi Selatan", "WADMKK": "Kab. Luwu Utara", "WADMKC": "Kec. Malangke", "WADMKD": "Desa Tolada", "POKTAN": "Gapoktan Reso Temangingngi", "K_POKTAN": "A. Ahmaluddin", "P_SID": "Universitas Negeri Makassar", "NO_HP_1": "0852-5222-2976", "NAMA_PEMIL": "Pemerintah Desa", "N_PETAK": "TDB112", "LUAS_HA": 0.44146076327, "PAKET": "Paket Sulawesi Selatan 14" }, "geometry": { "type": "MultiPolygon", "coordinates": [ [ [ [ 120.405384117483095, -2.703757154269226, 0.0 ], [ 120.404560324099748, -2.703648438824359, 0.0 ], [ 120.404494801294163, -2.703245521863323, 0.0 ], [ 120.40515010849083, -2.703180305726505, 0.0 ], [ 120.405384117483095, -2.703757154269226, 0.0 ] ] ] ] } },
{ "type": "Feature", "properties": { "OBJECTID": 2405, "WADMPR": "Sulawesi Selatan", "WADMKK": "Kab. Luwu Utara", "WADMKC": "Kec. Malangke", "WADMKD": "Desa Tolada", "POKTAN": "Gapoktan Reso Temangingngi", "K_POKTAN": "A. Ahmaluddin", "P_SID": "Universitas Negeri Makassar", "NO_HP_1": "0852-5222-2976", "NAMA_PEMIL": "Pemerintah Desa", "N_PETAK": "TDB113", "LUAS_HA": 2.1152492670699998, "PAKET": "Paket Sulawesi Selatan 14" }, "geometry": { "type": "MultiPolygon", "coordinates": [ [ [ [ 120.405657042838357, -2.70501953892051, 0.0 ], [ 120.405649595552404, -2.704482253353262, 0.0 ], [ 120.405384117483095, -2.703757154269226, 0.0 ], [ 120.40515010849083, -2.703180305726505, 0.0 ], [ 120.405070815265958, -2.702909595401479, 0.0 ], [ 120.405834015927212, -2.702793334644639, 0.0 ], [ 120.406335387967829, -2.704310886638041, 0.0 ], [ 120.406540659124175, -2.705071245441559, 0.0 ], [ 120.405657042838357, -2.70501953892051, 0.0 ] ] ] ] } },
{ "type": "Feature", "properties": { "OBJECTID": 2406, "WADMPR": "Sulawesi Selatan", "WADMKK": "Kab. Luwu Utara", "WADMKC": "Kec. Malangke", "WADMKD": "Desa Tolada", "POKTAN": "Gapoktan Reso Temangingngi", "K_POKTAN": "A. Ahmaluddin", "P_SID": "Universitas Negeri Makassar", "NO_HP_1": "0852-5222-2976", "NAMA_PEMIL": "Pemerintah Desa", "N_PETAK": "TDB114", "LUAS_HA": 0.22127344464000001, "PAKET": "Paket Sulawesi Selatan 14" }, "geometry": { "type": "MultiPolygon", "coordinates": [ [ [ [ 120.407047254427312, -2.709619442583175, 0.0 ], [ 120.406763530912258, -2.709990825715977, 0.0 ], [ 120.406446667379896, -2.709745245146905, 0.0 ], [ 120.406714782261474, -2.709401755386637, 0.0 ], [ 120.407047254427312, -2.709619442583175, 0.0 ] ] ] ] } },
{ "type": "Feature", "properties": { "OBJECTID": 2407, "WADMPR": "Sulawesi Selatan", "WADMKK": "Kab. Luwu Utara", "WADMKC": "Kec. Malangke", "WADMKD": "Desa Tolada", "POKTAN": "Gapoktan Reso Temangingngi", "K_POKTAN": "A. Ahmaluddin", "P_SID": "Universitas Negeri Makassar", "NO_HP_1": "0852-5222-2976", "NAMA_PEMIL": "Pemerintah Desa", "N_PETAK": "TDB115", "LUAS_HA": 0.40101281822000001, "PAKET": "Paket Sulawesi Selatan 14" }, "geometry": { "type": "MultiPolygon", "coordinates": [ [ [ [ 120.407455298423315, -2.709857361827744, 0.0 ], [ 120.407160227262693, -2.710294310034328, 0.0 ], [ 120.407022212804918, -2.710473856982844, 0.0 ], [ 120.406986526806804, -2.710428979014125, 0.0 ], [ 120.406690094971964, -2.710077994303958, 0.0 ], [ 120.406763530912258, -2.709990825715977, 0.0 ], [ 120.407047254427312, -2.709619442583175, 0.0 ], [ 120.407455298423315, -2.709857361827744, 0.0 ] ] ] ] } },
{ "type": "Feature", "properties": { "OBJECTID": 2408, "WADMPR": "Sulawesi Selatan", "WADMKK": "Kab. Luwu Utara", "WADMKC": "Kec. Malangke", "WADMKD": "Desa Tolada", "POKTAN": "Gapoktan Reso Temangingngi", "K_POKTAN": "A. Ahmaluddin", "P_SID": "Universitas Negeri Makassar", "NO_HP_1": "0852-5222-2976", "NAMA_PEMIL": "Pemerintah Desa", "N_PETAK": "TDB116", "LUAS_HA": 0.8273622488, "PAKET": "Paket Sulawesi Selatan 14" }, "geometry": { "type": "MultiPolygon", "coordinates": [ [ [ [ 120.407866031392246, -2.710124705091005, 0.0 ], [ 120.408205324915912, -2.710356782339602, 0.0 ], [ 120.4077262290823, -2.710970393368939, 0.0 ], [ 120.407389405996355, -2.710732735827037, 0.0 ], [ 120.407022212804918, -2.710473856982844, 0.0 ], [ 120.407160227262693, -2.710294310034328, 0.0 ], [ 120.407455298423315, -2.709857361827744, 0.0 ], [ 120.407866031392246, -2.710124705091005, 0.0 ] ] ] ] } },
{ "type": "Feature", "properties": { "OBJECTID": 2409, "WADMPR": "Sulawesi Selatan", "WADMKK": "Kab. Luwu Utara", "WADMKC": "Kec. Malangke", "WADMKD": "Desa Tolada", "POKTAN": "Gapoktan Reso Temangingngi", "K_POKTAN": "A. Ahmaluddin", "P_SID": "Universitas Negeri Makassar", "NO_HP_1": "0852-5222-2976", "NAMA_PEMIL": "Pemerintah Desa", "N_PETAK": "TDB117", "LUAS_HA": 0.13169684244, "PAKET": "Paket Sulawesi Selatan 14" }, "geometry": { "type": "MultiPolygon", "coordinates": [ [ [ [ 120.4077262290823, -2.710970393368939, 0.0 ], [ 120.407572972914409, -2.711174605123858, 0.0 ], [ 120.407231722466122, -2.710947019988907, 0.0 ], [ 120.407389405996355, -2.710732735827037, 0.0 ], [ 120.4077262290823, -2.710970393368939, 0.0 ] ] ] ] } },
{ "type": "Feature", "properties": { "OBJECTID": 2410, "WADMPR": "Sulawesi Selatan", "WADMKK": "Kab. Luwu Utara", "WADMKC": "Kec. Malangke", "WADMKD": "Desa Tolada", "POKTAN": "Gapoktan Reso Temangingngi", "K_POKTAN": "A. Ahmaluddin", "P_SID": "Universitas Negeri Makassar", "NO_HP_1": "0852-5222-2976", "NAMA_PEMIL": "Pemerintah Desa", "N_PETAK": "TDB118", "LUAS_HA": 0.47797465848999998, "PAKET": "Paket Sulawesi Selatan 14" }, "geometry": { "type": "MultiPolygon", "coordinates": [ [ [ [ 120.407572972914409, -2.711174605123858, 0.0 ], [ 120.407035903184465, -2.711864060477978, 0.0 ], [ 120.406632439435612, -2.711599584253349, 0.0 ], [ 120.406921030980811, -2.711288370262025, 0.0 ], [ 120.407231722466122, -2.710947019988907, 0.0 ], [ 120.407572972914409, -2.711174605123858, 0.0 ] ] ] ] } },
{ "type": "Feature", "properties": { "OBJECTID": 2411, "WADMPR": "Sulawesi Selatan", "WADMKK": "Kab. Luwu Utara", "WADMKC": "Kec. Malangke", "WADMKD": "Desa Tolada", "POKTAN": "Gapoktan Reso Temangingngi", "K_POKTAN": "A. Ahmaluddin", "P_SID": "Universitas Negeri Makassar", "NO_HP_1": "0852-5222-2976", "NAMA_PEMIL": "Pemerintah Desa", "N_PETAK": "TDB119", "LUAS_HA": 0.44925126962, "PAKET": "Paket Sulawesi Selatan 14" }, "geometry": { "type": "MultiPolygon", "coordinates": [ [ [ [ 120.407022212804918, -2.710473856982844, 0.0 ], [ 120.407389405996355, -2.710732735827037, 0.0 ], [ 120.407231722466122, -2.710947019988907, 0.0 ], [ 120.406921030980811, -2.711288370262025, 0.0 ], [ 120.406523840902651, -2.711017060988524, 0.0 ], [ 120.406986526806804, -2.710428979014125, 0.0 ], [ 120.407022212804918, -2.710473856982844, 0.0 ] ] ] ] } },
{ "type": "Feature", "properties": { "OBJECTID": 2412, "WADMPR": "Sulawesi Selatan", "WADMKK": "Kab. Luwu Utara", "WADMKC": "Kec. Malangke", "WADMKD": "Desa Tolada", "POKTAN": "Gapoktan Reso Temangingngi", "K_POKTAN": "A. Ahmaluddin", "P_SID": "Universitas Negeri Makassar", "NO_HP_1": "0852-5222-2976", "NAMA_PEMIL": "Pemerintah Desa", "N_PETAK": "TDB120", "LUAS_HA": 0.25368181694000003, "PAKET": "Paket Sulawesi Selatan 14" }, "geometry": { "type": "MultiPolygon", "coordinates": [ [ [ [ 120.406921030980811, -2.711288370262025, 0.0 ], [ 120.406632439435612, -2.711599584253349, 0.0 ], [ 120.406226947715481, -2.711364952030863, 0.0 ], [ 120.406523840902651, -2.711017060988524, 0.0 ], [ 120.406921030980811, -2.711288370262025, 0.0 ] ] ] ] } },
{ "type": "Feature", "properties": { "OBJECTID": 2413, "WADMPR": "Sulawesi Selatan", "WADMKK": "Kab. Luwu Utara", "WADMKC": "Kec. Malangke", "WADMKD": "Desa Tolada", "POKTAN": "Gapoktan Reso Temangingngi", "K_POKTAN": "A. Ahmaluddin", "P_SID": "Universitas Negeri Makassar", "NO_HP_1": "0852-5222-2976", "NAMA_PEMIL": "Pemerintah Desa", "N_PETAK": "TDB121", "LUAS_HA": 0.23581144384, "PAKET": "Paket Sulawesi Selatan 14" }, "geometry": { "type": "MultiPolygon", "coordinates": [ [ [ [ 120.406763530912258, -2.709990825715977, 0.0 ], [ 120.406690094971964, -2.710077994303958, 0.0 ], [ 120.406442826375383, -2.710354115849725, 0.0 ], [ 120.406134729434257, -2.710138560945779, 0.0 ], [ 120.406446667379896, -2.709745245146905, 0.0 ], [ 120.406763530912258, -2.709990825715977, 0.0 ] ] ] ] } },
{ "type": "Feature", "properties": { "OBJECTID": 2414, "WADMPR": "Sulawesi Selatan", "WADMKK": "Kab. Luwu Utara", "WADMKC": "Kec. Malangke", "WADMKD": "Desa Tolada", "POKTAN": "Gapoktan Reso Temangingngi", "K_POKTAN": "A. Ahmaluddin", "P_SID": "Universitas Negeri Makassar", "NO_HP_1": "0852-5222-2976", "NAMA_PEMIL": "Pemerintah Desa", "N_PETAK": "TDB122", "LUAS_HA": 0.71049918576000004, "PAKET": "Paket Sulawesi Selatan 14" }, "geometry": { "type": "MultiPolygon", "coordinates": [ [ [ [ 120.406986526806804, -2.710428979014125, 0.0 ], [ 120.406523840902651, -2.711017060988524, 0.0 ], [ 120.406226947715481, -2.711364952030863, 0.0 ], [ 120.405876409968414, -2.711146146077738, 0.0 ], [ 120.406254928322369, -2.710606099591757, 0.0 ], [ 120.406442826375383, -2.710354115849725, 0.0 ], [ 120.406690094971964, -2.710077994303958, 0.0 ], [ 120.406986526806804, -2.710428979014125, 0.0 ] ] ] ] } },
{ "type": "Feature", "properties": { "OBJECTID": 2415, "WADMPR": "Sulawesi Selatan", "WADMKK": "Kab. Luwu Utara", "WADMKC": "Kec. Malangke", "WADMKD": "Desa Tolada", "POKTAN": "Gapoktan Reso Temangingngi", "K_POKTAN": "A. Ahmaluddin", "P_SID": "Universitas Negeri Makassar", "NO_HP_1": "0852-5222-2976", "NAMA_PEMIL": "Pemerintah Desa", "N_PETAK": "TDB123", "LUAS_HA": 0.15411085573, "PAKET": "Paket Sulawesi Selatan 14" }, "geometry": { "type": "MultiPolygon", "coordinates": [ [ [ [ 120.406442826375383, -2.710354115849725, 0.0 ], [ 120.406254928322369, -2.710606099591757, 0.0 ], [ 120.405917860620889, -2.710397653828636, 0.0 ], [ 120.406134729434257, -2.710138560945779, 0.0 ], [ 120.406442826375383, -2.710354115849725, 0.0 ] ] ] ] } },
{ "type": "Feature", "properties": { "OBJECTID": 2416, "WADMPR": "Sulawesi Selatan", "WADMKK": "Kab. Luwu Utara", "WADMKC": "Kec. Malangke", "WADMKD": "Desa Tolada", "POKTAN": "Gapoktan Reso Temangingngi", "K_POKTAN": "A. Ahmaluddin", "P_SID": "Universitas Negeri Makassar", "NO_HP_1": "0852-5222-2976", "NAMA_PEMIL": "Pemerintah Desa", "N_PETAK": "TDB124", "LUAS_HA": 0.33993788181000001, "PAKET": "Paket Sulawesi Selatan 14" }, "geometry": { "type": "MultiPolygon", "coordinates": [ [ [ [ 120.406254928322369, -2.710606099591757, 0.0 ], [ 120.405876409968414, -2.711146146077738, 0.0 ], [ 120.405499512192819, -2.710907271753115, 0.0 ], [ 120.405917860620889, -2.710397653828636, 0.0 ], [ 120.406254928322369, -2.710606099591757, 0.0 ] ] ] ] } },
{ "type": "Feature", "properties": { "OBJECTID": 2417, "WADMPR": "Sulawesi Selatan", "WADMKK": "Kab. Luwu Utara", "WADMKC": "Kec. Malangke", "WADMKD": "Desa Tolada", "POKTAN": "Gapoktan Reso Temangingngi", "K_POKTAN": "A. Ahmaluddin", "P_SID": "Universitas Negeri Makassar", "NO_HP_1": "0852-5222-2976", "NAMA_PEMIL": "Pemerintah Desa", "N_PETAK": "TDB125", "LUAS_HA": 0.46028176468999998, "PAKET": "Paket Sulawesi Selatan 14" }, "geometry": { "type": "MultiPolygon", "coordinates": [ [ [ [ 120.405876409968414, -2.711146146077738, 0.0 ], [ 120.406226947715481, -2.711364952030863, 0.0 ], [ 120.405954510692141, -2.71171697365935, 0.0 ], [ 120.40522093459856, -2.711222942784559, 0.0 ], [ 120.405499512192819, -2.710907271753115, 0.0 ], [ 120.405876409968414, -2.711146146077738, 0.0 ] ] ] ] } },
{ "type": "Feature", "properties": { "OBJECTID": 2418, "WADMPR": "Sulawesi Selatan", "WADMKK": "Kab. Luwu Utara", "WADMKC": "Kec. Malangke", "WADMKD": "Desa Tolada", "POKTAN": "Gapoktan Reso Temangingngi", "K_POKTAN": "A. Ahmaluddin", "P_SID": "Universitas Negeri Makassar", "NO_HP_1": "0852-5222-2976", "NAMA_PEMIL": "Pemerintah Desa", "N_PETAK": "TDB126", "LUAS_HA": 0.27890700157999998, "PAKET": "Paket Sulawesi Selatan 14" }, "geometry": { "type": "MultiPolygon", "coordinates": [ [ [ [ 120.406632439435612, -2.711599584253349, 0.0 ], [ 120.40634498373413, -2.712013709465054, 0.0 ], [ 120.405954510692141, -2.71171697365935, 0.0 ], [ 120.406226947715481, -2.711364952030863, 0.0 ], [ 120.406632439435612, -2.711599584253349, 0.0 ] ] ] ] } },
{ "type": "Feature", "properties": { "OBJECTID": 2419, "WADMPR": "Sulawesi Selatan", "WADMKK": "Kab. Luwu Utara", "WADMKC": "Kec. Malangke", "WADMKD": "Desa Tolada", "POKTAN": "Gapoktan Reso Temangingngi", "K_POKTAN": "A. Ahmaluddin", "P_SID": "Universitas Negeri Makassar", "NO_HP_1": "0852-5222-2976", "NAMA_PEMIL": "Pemerintah Desa", "N_PETAK": "TDB127", "LUAS_HA": 0.28033026231000002, "PAKET": "Paket Sulawesi Selatan 14" }, "geometry": { "type": "MultiPolygon", "coordinates": [ [ [ [ 120.407035903184465, -2.711864060477978, 0.0 ], [ 120.406692077077764, -2.712246632076358, 0.0 ], [ 120.40634498373413, -2.712013709465054, 0.0 ], [ 120.406632439435612, -2.711599584253349, 0.0 ], [ 120.407035903184465, -2.711864060477978, 0.0 ] ] ] ] } },
{ "type": "Feature", "properties": { "OBJECTID": 2420, "WADMPR": "Sulawesi Selatan", "WADMKK": "Kab. Luwu Utara", "WADMKC": "Kec. Malangke", "WADMKD": "Desa Tolada", "POKTAN": "Gapoktan Reso Temangingngi", "K_POKTAN": "A. Ahmaluddin", "P_SID": "Universitas Negeri Makassar", "NO_HP_1": "0852-5222-2976", "NAMA_PEMIL": "Pemerintah Desa", "N_PETAK": "TDB128", "LUAS_HA": 0.49049187143, "PAKET": "Paket Sulawesi Selatan 14" }, "geometry": { "type": "MultiPolygon", "coordinates": [ [ [ [ 120.405954510692141, -2.71171697365935, 0.0 ], [ 120.405608995658667, -2.71207467000994, 0.0 ], [ 120.404929889702657, -2.711524044798807, 0.0 ], [ 120.40522093459856, -2.711222942784559, 0.0 ], [ 120.405954510692141, -2.71171697365935, 0.0 ] ] ] ] } },
{ "type": "Feature", "properties": { "OBJECTID": 2421, "WADMPR": "Sulawesi Selatan", "WADMKK": "Kab. Luwu Utara", "WADMKC": "Kec. Malangke", "WADMKD": "Desa Tolada", "POKTAN": "Gapoktan Reso Temangingngi", "K_POKTAN": "A. Ahmaluddin", "P_SID": "Universitas Negeri Makassar", "NO_HP_1": "0852-5222-2976", "NAMA_PEMIL": "Pemerintah Desa", "N_PETAK": "TDB129", "LUAS_HA": 0.32383856322, "PAKET": "Paket Sulawesi Selatan 14" }, "geometry": { "type": "MultiPolygon", "coordinates": [ [ [ [ 120.40634498373413, -2.712013709465054, 0.0 ], [ 120.406186797482746, -2.712194737597031, 0.0 ], [ 120.405972472851431, -2.71242878076356, 0.0 ], [ 120.405608995658667, -2.71207467000994, 0.0 ], [ 120.405954510692141, -2.71171697365935, 0.0 ], [ 120.40634498373413, -2.712013709465054, 0.0 ] ] ] ] } },
{ "type": "Feature", "properties": { "OBJECTID": 2422, "WADMPR": "Sulawesi Selatan", "WADMKK": "Kab. Luwu Utara", "WADMKC": "Kec. Malangke", "WADMKD": "Desa Tolada", "POKTAN": "Gapoktan Reso Temangingngi", "K_POKTAN": "A. Ahmaluddin", "P_SID": "Universitas Negeri Makassar", "NO_HP_1": "0852-5222-2976", "NAMA_PEMIL": "Pemerintah Desa", "N_PETAK": "TDB130", "LUAS_HA": 0.28606795441, "PAKET": "Paket Sulawesi Selatan 14" }, "geometry": { "type": "MultiPolygon", "coordinates": [ [ [ [ 120.40652418534296, -2.712436459175194, 0.0 ], [ 120.406157050607476, -2.712856947090415, 0.0 ], [ 120.405815539355672, -2.712605099145946, 0.0 ], [ 120.405972472851431, -2.71242878076356, 0.0 ], [ 120.406186797482746, -2.712194737597031, 0.0 ], [ 120.40652418534296, -2.712436459175194, 0.0 ] ] ] ] } },
{ "type": "Feature", "properties": { "OBJECTID": 2423, "WADMPR": "Sulawesi Selatan", "WADMKK": "Kab. Luwu Utara", "WADMKC": "Kec. Malangke", "WADMKD": "Desa Tolada", "POKTAN": "Gapoktan Reso Temangingngi", "K_POKTAN": "A. Ahmaluddin", "P_SID": "Universitas Negeri Makassar", "NO_HP_1": "0852-5222-2976", "NAMA_PEMIL": "Pemerintah Desa", "N_PETAK": "TDB131", "LUAS_HA": 0.44380383837999998, "PAKET": "Paket Sulawesi Selatan 14" }, "geometry": { "type": "MultiPolygon", "coordinates": [ [ [ [ 120.405972472851431, -2.71242878076356, 0.0 ], [ 120.405815539355672, -2.712605099145946, 0.0 ], [ 120.405814308183835, -2.71260646521614, 0.0 ], [ 120.405769982398851, -2.712573888174347, 0.0 ], [ 120.405727562277207, -2.712628780094064, 0.0 ], [ 120.405685142155676, -2.712683670215142, 0.0 ], [ 120.405642724732047, -2.71273856033622, 0.0 ], [ 120.405600305509779, -2.712793451356674, 0.0 ], [ 120.405557884488871, -2.712848341477752, 0.0 ], [ 120.405515465266603, -2.712903232498149, 0.0 ], [ 120.405503890092518, -2.712918210706789, 0.0 ], [ 120.405081631412259, -2.712715448658969, 0.0 ], [ 120.405154580819271, -2.712591473517648, 0.0 ], [ 120.405608995658667, -2.71207467000994, 0.0 ], [ 120.405972472851431, -2.71242878076356, 0.0 ] ] ] ] } },
{ "type": "Feature", "properties": { "OBJECTID": 2424, "WADMPR": "Sulawesi Selatan", "WADMKK": "Kab. Luwu Utara", "WADMKC": "Kec. Malangke", "WADMKD": "Desa Tolada", "POKTAN": "Gapoktan Reso Temangingngi", "K_POKTAN": "A. Ahmaluddin", "P_SID": "Universitas Negeri Makassar", "NO_HP_1": "0852-5222-2976", "NAMA_PEMIL": "Pemerintah Desa", "N_PETAK": "TDB132", "LUAS_HA": 0.66757888198000004, "PAKET": "Paket Sulawesi Selatan 14" }, "geometry": { "type": "MultiPolygon", "coordinates": [ [ [ [ 120.405608995658667, -2.71207467000994, 0.0 ], [ 120.405154580819271, -2.712591473517648, 0.0 ], [ 120.405053256003043, -2.712494538292276, 0.0 ], [ 120.404692253744543, -2.71209514397566, 0.0 ], [ 120.404575939028405, -2.711965454542053, 0.0 ], [ 120.404929889702657, -2.711524044798807, 0.0 ], [ 120.405608995658667, -2.71207467000994, 0.0 ] ] ] ] } },
{ "type": "Feature", "properties": { "OBJECTID": 2425, "WADMPR": "Sulawesi Selatan", "WADMKK": "Kab. Luwu Utara", "WADMKC": "Kec. Malangke", "WADMKD": "Desa Tolada", "POKTAN": "Gapoktan Reso Temangingngi", "K_POKTAN": "A. Ahmaluddin", "P_SID": "Universitas Negeri Makassar", "NO_HP_1": "0852-5222-2976", "NAMA_PEMIL": "Pemerintah Desa", "N_PETAK": "TDB133", "LUAS_HA": 0.64736550088, "PAKET": "Paket Sulawesi Selatan 14" }, "geometry": { "type": "MultiPolygon", "coordinates": [ [ [ [ 120.402951657293215, -2.712327231116774, 0.0 ], [ 120.402611614634338, -2.71277055461735, 0.0 ], [ 120.402469692622276, -2.71270055858389, 0.0 ], [ 120.401877190480036, -2.712358452880267, 0.0 ], [ 120.401828153146766, -2.712327034165241, 0.0 ], [ 120.40182631583184, -2.712329078324274, 0.0 ], [ 120.401797256038549, -2.712312298773497, 0.0 ], [ 120.402144063397827, -2.711859169964669, 0.0 ], [ 120.402951657293215, -2.712327231116774, 0.0 ] ] ] ] } },
{ "type": "Feature", "properties": { "OBJECTID": 2426, "WADMPR": "Sulawesi Selatan", "WADMKK": "Kab. Luwu Utara", "WADMKC": "Kec. Malangke", "WADMKD": "Desa Tolada", "POKTAN": "Gapoktan Reso Temangingngi", "K_POKTAN": "A. Ahmaluddin", "P_SID": "Universitas Negeri Makassar", "NO_HP_1": "0852-5222-2976", "NAMA_PEMIL": "Pemerintah Desa", "N_PETAK": "TDB134", "LUAS_HA": 0.12560452976, "PAKET": "Paket Sulawesi Selatan 14" }, "geometry": { "type": "MultiPolygon", "coordinates": [ [ [ [ 120.406692077077764, -2.712246632076358, 0.0 ], [ 120.40652418534296, -2.712436459175194, 0.0 ], [ 120.406186797482746, -2.712194737597031, 0.0 ], [ 120.40634498373413, -2.712013709465054, 0.0 ], [ 120.406692077077764, -2.712246632076358, 0.0 ] ] ] ] } },
{ "type": "Feature", "properties": { "OBJECTID": 2427, "WADMPR": "Sulawesi Selatan", "WADMKK": "Kab. Luwu Utara", "WADMKC": "Kec. Malangke", "WADMKD": "Desa Tolada", "POKTAN": "Gapoktan Reso Temangingngi", "K_POKTAN": "A. Ahmaluddin", "P_SID": "Universitas Negeri Makassar", "NO_HP_1": "0852-5222-2976", "NAMA_PEMIL": "Pemerintah Desa", "N_PETAK": "TDB135", "LUAS_HA": 0.39891266855000002, "PAKET": "Paket Sulawesi Selatan 14" }, "geometry": { "type": "MultiPolygon", "coordinates": [ [ [ [ 120.402951657293215, -2.712327231116774, 0.0 ], [ 120.402144063397827, -2.711859169964669, 0.0 ], [ 120.402349397506782, -2.711605763495129, 0.0 ], [ 120.403239381892035, -2.712153315722901, 0.0 ], [ 120.40305616301157, -2.712388428183374, 0.0 ], [ 120.402951657293215, -2.712327231116774, 0.0 ] ] ] ] } },
{ "type": "Feature", "properties": { "OBJECTID": 2428, "WADMPR": "Sulawesi Selatan", "WADMKK": "Kab. Luwu Utara", "WADMKC": "Kec. Malangke", "WADMKD": "Desa Tolada", "POKTAN": "Gapoktan Reso Temangingngi", "K_POKTAN": "A. Ahmaluddin", "P_SID": "Universitas Negeri Makassar", "NO_HP_1": "0852-5222-2976", "NAMA_PEMIL": "Pemerintah Desa", "N_PETAK": "TDB136", "LUAS_HA": 0.67127893546999995, "PAKET": "Paket Sulawesi Selatan 14" }, "geometry": { "type": "MultiPolygon", "coordinates": [ [ [ [ 120.404311887283825, -2.711381422214799, 0.0 ], [ 120.404251428560656, -2.711453588312395, 0.0 ], [ 120.403592816355399, -2.7122695342116, 0.0 ], [ 120.403193952638844, -2.712054027871034, 0.0 ], [ 120.403487510240438, -2.711679859537867, 0.0 ], [ 120.403599370614529, -2.711539408816634, 0.0 ], [ 120.403739411244942, -2.711348703979468, 0.0 ], [ 120.403862340474689, -2.711191122971911, 0.0 ], [ 120.403967311142537, -2.711072594124857, 0.0 ], [ 120.404311887283825, -2.711381422214799, 0.0 ] ] ] ] } },
{ "type": "Feature", "properties": { "OBJECTID": 2429, "WADMPR": "Sulawesi Selatan", "WADMKK": "Kab. Luwu Utara", "WADMKC": "Kec. Malangke", "WADMKD": "Desa Tolada", "POKTAN": "Gapoktan Reso Temangingngi", "K_POKTAN": "A. Ahmaluddin", "P_SID": "Universitas Negeri Makassar", "NO_HP_1": "0852-5222-2976", "NAMA_PEMIL": "Pemerintah Desa", "N_PETAK": "TDB137", "LUAS_HA": 0.11577770598000001, "PAKET": "Paket Sulawesi Selatan 14" }, "geometry": { "type": "MultiPolygon", "coordinates": [ [ [ [ 120.403197462692788, -2.711292633048515, 0.0 ], [ 120.403061890793651, -2.711444822620422, 0.0 ], [ 120.402674527607473, -2.711226948364924, 0.0 ], [ 120.40282490504535, -2.71105492874193, 0.0 ], [ 120.403197462692788, -2.711292633048515, 0.0 ] ] ] ] } },
{ "type": "Feature", "properties": { "OBJECTID": 2430, "WADMPR": "Sulawesi Selatan", "WADMKK": "Kab. Luwu Utara", "WADMKC": "Kec. Malangke", "WADMKD": "Desa Tolada", "POKTAN": "Gapoktan Reso Temangingngi", "K_POKTAN": "A. Ahmaluddin", "P_SID": "Universitas Negeri Makassar", "NO_HP_1": "0852-5222-2976", "NAMA_PEMIL": "Pemerintah Desa", "N_PETAK": "TDB138", "LUAS_HA": 0.25889260438, "PAKET": "Paket Sulawesi Selatan 14" }, "geometry": { "type": "MultiPolygon", "coordinates": [ [ [ [ 120.403150925474847, -2.710990009381362, 0.0 ], [ 120.403319236293783, -2.711089987912544, 0.0 ], [ 120.403739411244942, -2.711348703979468, 0.0 ], [ 120.403599370614529, -2.711539408816634, 0.0 ], [ 120.403197462692788, -2.711292633048515, 0.0 ], [ 120.40282490504535, -2.71105492874193, 0.0 ], [ 120.402966753313081, -2.710887760062008, 0.0 ], [ 120.403150925474847, -2.710990009381362, 0.0 ] ] ] ] } },
{ "type": "Feature", "properties": { "OBJECTID": 2431, "WADMPR": "Sulawesi Selatan", "WADMKK": "Kab. Luwu Utara", "WADMKC": "Kec. Malangke", "WADMKD": "Desa Tolada", "POKTAN": "Gapoktan Reso Temangingngi", "K_POKTAN": "A. Ahmaluddin", "P_SID": "Universitas Negeri Makassar", "NO_HP_1": "0852-5222-2976", "NAMA_PEMIL": "Pemerintah Desa", "N_PETAK": "TDB139", "LUAS_HA": 0.11108632134, "PAKET": "Paket Sulawesi Selatan 14" }, "geometry": { "type": "MultiPolygon", "coordinates": [ [ [ [ 120.403599370614529, -2.711539408816634, 0.0 ], [ 120.403487510240438, -2.711679859537867, 0.0 ], [ 120.403061890793651, -2.711444822620422, 0.0 ], [ 120.403197462692788, -2.711292633048515, 0.0 ], [ 120.403599370614529, -2.711539408816634, 0.0 ] ] ] ] } },
{ "type": "Feature", "properties": { "OBJECTID": 2432, "WADMPR": "Sulawesi Selatan", "WADMKK": "Kab. Luwu Utara", "WADMKC": "Kec. Malangke", "WADMKD": "Desa Tolada", "POKTAN": "Gapoktan Reso Temangingngi", "K_POKTAN": "A. Ahmaluddin", "P_SID": "Universitas Negeri Makassar", "NO_HP_1": "0852-5222-2976", "NAMA_PEMIL": "Pemerintah Desa", "N_PETAK": "TDB140", "LUAS_HA": 0.63343508440999996, "PAKET": "Paket Sulawesi Selatan 14" }, "geometry": { "type": "MultiPolygon", "coordinates": [ [ [ [ 120.404718853892064, -2.711602281320154, 0.0 ], [ 120.403976566065694, -2.712491697333917, 0.0 ], [ 120.403962233570269, -2.712483831863324, 0.0 ], [ 120.403900985242331, -2.71245021970185, 0.0 ], [ 120.403839737813655, -2.712416606641057, 0.0 ], [ 120.403797521838214, -2.712393440105132, 0.0 ], [ 120.403592816355399, -2.7122695342116, 0.0 ], [ 120.404251428560656, -2.711453588312395, 0.0 ], [ 120.404311887283825, -2.711381422214799, 0.0 ], [ 120.404718853892064, -2.711602281320154, 0.0 ] ] ] ] } },
{ "type": "Feature", "properties": { "OBJECTID": 2433, "WADMPR": "Sulawesi Selatan", "WADMKK": "Kab. Luwu Utara", "WADMKC": "Kec. Malangke", "WADMKD": "Desa Tolada", "POKTAN": "Gapoktan Reso Temangingngi", "K_POKTAN": "A. Ahmaluddin", "P_SID": "Universitas Negeri Makassar", "NO_HP_1": "0852-5222-2976", "NAMA_PEMIL": "Pemerintah Desa", "N_PETAK": "TDB141", "LUAS_HA": 0.60747357504, "PAKET": "Paket Sulawesi Selatan 14" }, "geometry": { "type": "MultiPolygon", "coordinates": [ [ [ [ 120.405431235663059, -2.710783284021318, 0.0 ], [ 120.404718853892064, -2.711602281320154, 0.0 ], [ 120.404311887283825, -2.711381422214799, 0.0 ], [ 120.405036006106911, -2.710550052043232, 0.0 ], [ 120.405431235663059, -2.710783284021318, 0.0 ] ] ] ] } },
{ "type": "Feature", "properties": { "OBJECTID": 2434, "WADMPR": "Sulawesi Selatan", "WADMKK": "Kab. Luwu Utara", "WADMKC": "Kec. Malangke", "WADMKD": "Desa Tolada", "POKTAN": "Gapoktan Reso Temangingngi", "K_POKTAN": "A. Ahmaluddin", "P_SID": "Universitas Negeri Makassar", "NO_HP_1": "0852-5222-2976", "NAMA_PEMIL": "Pemerintah Desa", "N_PETAK": "TDB142", "LUAS_HA": 0.60933736173999997, "PAKET": "Paket Sulawesi Selatan 14" }, "geometry": { "type": "MultiPolygon", "coordinates": [ [ [ [ 120.405036006106911, -2.710550052043232, 0.0 ], [ 120.404311887283825, -2.711381422214799, 0.0 ], [ 120.403967311142537, -2.711072594124857, 0.0 ], [ 120.404617966146247, -2.710304332079204, 0.0 ], [ 120.405036006106911, -2.710550052043232, 0.0 ] ] ] ] } },
{ "type": "Feature", "properties": { "OBJECTID": 2435, "WADMPR": "Sulawesi Selatan", "WADMKK": "Kab. Luwu Utara", "WADMKC": "Kec. Malangke", "WADMKD": "Desa Tolada", "POKTAN": "Gapoktan Reso Temangingngi", "K_POKTAN": "A. Ahmaluddin", "P_SID": "Universitas Negeri Makassar", "NO_HP_1": "0852-5222-2976", "NAMA_PEMIL": "Pemerintah Desa", "N_PETAK": "TDB143", "LUAS_HA": 0.1297707493, "PAKET": "Paket Sulawesi Selatan 14" }, "geometry": { "type": "MultiPolygon", "coordinates": [ [ [ [ 120.403862340474689, -2.711191122971911, 0.0 ], [ 120.403739411244942, -2.711348703979468, 0.0 ], [ 120.403319236293783, -2.711089987912544, 0.0 ], [ 120.403471907902258, -2.710910228724003, 0.0 ], [ 120.403862340474689, -2.711191122971911, 0.0 ] ] ] ] } },
{ "type": "Feature", "properties": { "OBJECTID": 2436, "WADMPR": "Sulawesi Selatan", "WADMKK": "Kab. Luwu Utara", "WADMKC": "Kec. Malangke", "WADMKD": "Desa Tolada", "POKTAN": "Gapoktan Reso Temangingngi", "K_POKTAN": "A. Ahmaluddin", "P_SID": "Universitas Negeri Makassar", "NO_HP_1": "0852-5222-2976", "NAMA_PEMIL": "Pemerintah Desa", "N_PETAK": "TDB144", "LUAS_HA": 0.06390848771, "PAKET": "Paket Sulawesi Selatan 14" }, "geometry": { "type": "MultiPolygon", "coordinates": [ [ [ [ 120.403150925474847, -2.710990009381362, 0.0 ], [ 120.402966753313081, -2.710887760062008, 0.0 ], [ 120.403128543147773, -2.710678061543263, 0.0 ], [ 120.403293130773477, -2.71079214324277, 0.0 ], [ 120.403150925474847, -2.710990009381362, 0.0 ] ] ] ] } },
{ "type": "Feature", "properties": { "OBJECTID": 2437, "WADMPR": "Sulawesi Selatan", "WADMKK": "Kab. Luwu Utara", "WADMKC": "Kec. Malangke", "WADMKD": "Desa Tolada", "POKTAN": "Gapoktan Reso Temangingngi", "K_POKTAN": "A. Ahmaluddin", "P_SID": "Universitas Negeri Makassar", "NO_HP_1": "0852-5222-2976", "NAMA_PEMIL": "Pemerintah Desa", "N_PETAK": "TDB145", "LUAS_HA": 1.2947299504200001, "PAKET": "Paket Sulawesi Selatan 14" }, "geometry": { "type": "MultiPolygon", "coordinates": [ [ [ [ 120.40424661538907, -2.710095120993003, 0.0 ], [ 120.404617966146247, -2.710304332079204, 0.0 ], [ 120.403967311142537, -2.711072594124857, 0.0 ], [ 120.403862340474689, -2.711191122971911, 0.0 ], [ 120.403471907902258, -2.710910228724003, 0.0 ], [ 120.403319236293783, -2.711089987912544, 0.0 ], [ 120.403150925474847, -2.710990009381362, 0.0 ], [ 120.403293130773477, -2.71079214324277, 0.0 ], [ 120.403128543147773, -2.710678061543263, 0.0 ], [ 120.403826890098912, -2.709848126689621, 0.0 ], [ 120.40424661538907, -2.710095120993003, 0.0 ] ] ] ] } },
{ "type": "Feature", "properties": { "OBJECTID": 2438, "WADMPR": "Sulawesi Selatan", "WADMKK": "Kab. Luwu Utara", "WADMKC": "Kec. Malangke", "WADMKD": "Desa Tolada", "POKTAN": "Gapoktan Reso Temangingngi", "K_POKTAN": "A. Ahmaluddin", "P_SID": "Universitas Negeri Makassar", "NO_HP_1": "0852-5222-2976", "NAMA_PEMIL": "Pemerintah Desa", "N_PETAK": "TDB146", "LUAS_HA": 1.0442238258700001, "PAKET": "Paket Sulawesi Selatan 14" }, "geometry": { "type": "MultiPolygon", "coordinates": [ [ [ [ 120.405390682534062, -2.708590601075343, 0.0 ], [ 120.404565121982841, -2.709680345571428, 0.0 ], [ 120.40424661538907, -2.710095120993003, 0.0 ], [ 120.403826890098912, -2.709848126689621, 0.0 ], [ 120.405020735618564, -2.708389441619374, 0.0 ], [ 120.405390682534062, -2.708590601075343, 0.0 ] ] ] ] } },
{ "type": "Feature", "properties": { "OBJECTID": 2439, "WADMPR": "Sulawesi Selatan", "WADMKK": "Kab. Luwu Utara", "WADMKC": "Kec. Malangke", "WADMKD": "Desa Tolada", "POKTAN": "Gapoktan Reso Temangingngi", "K_POKTAN": "A. Ahmaluddin", "P_SID": "Universitas Negeri Makassar", "NO_HP_1": "0852-5222-2976", "NAMA_PEMIL": "Pemerintah Desa", "N_PETAK": "TDB147", "LUAS_HA": 0.82620057495, "PAKET": "Paket Sulawesi Selatan 14" }, "geometry": { "type": "MultiPolygon", "coordinates": [ [ [ [ 120.405840470361454, -2.708907821638604, 0.0 ], [ 120.405367859539183, -2.709440854311936, 0.0 ], [ 120.404950901462939, -2.709910506364736, 0.0 ], [ 120.404565121982841, -2.709680345571428, 0.0 ], [ 120.405390682534062, -2.708590601075343, 0.0 ], [ 120.405840470361454, -2.708907821638604, 0.0 ] ] ] ] } },
{ "type": "Feature", "properties": { "OBJECTID": 2440, "WADMPR": "Sulawesi Selatan", "WADMKK": "Kab. Luwu Utara", "WADMKC": "Kec. Malangke", "WADMKD": "Desa Tolada", "POKTAN": "Gapoktan Reso Temangingngi", "K_POKTAN": "A. Ahmaluddin", "P_SID": "Universitas Negeri Makassar", "NO_HP_1": "0852-5222-2976", "NAMA_PEMIL": "Pemerintah Desa", "N_PETAK": "TDB148", "LUAS_HA": 0.4074686411, "PAKET": "Paket Sulawesi Selatan 14" }, "geometry": { "type": "MultiPolygon", "coordinates": [ [ [ [ 120.40623620983331, -2.709122354912722, 0.0 ], [ 120.405781115106493, -2.709692859637698, 0.0 ], [ 120.405367859539183, -2.709440854311936, 0.0 ], [ 120.405840470361454, -2.708907821638604, 0.0 ], [ 120.40623620983331, -2.709122354912722, 0.0 ] ] ] ] } },
{ "type": "Feature", "properties": { "OBJECTID": 2441, "WADMPR": "Sulawesi Selatan", "WADMKK": "Kab. Luwu Utara", "WADMKC": "Kec. Malangke", "WADMKD": "Desa Tolada", "POKTAN": "Gapoktan Reso Temangingngi", "K_POKTAN": "A. Ahmaluddin", "P_SID": "Universitas Negeri Makassar", "NO_HP_1": "0852-5222-2976", "NAMA_PEMIL": "Pemerintah Desa", "N_PETAK": "TDB149", "LUAS_HA": 0.39058584437, "PAKET": "Paket Sulawesi Selatan 14" }, "geometry": { "type": "MultiPolygon", "coordinates": [ [ [ [ 120.405781115106493, -2.709692859637698, 0.0 ], [ 120.405376735847767, -2.710203778881237, 0.0 ], [ 120.404950901462939, -2.709910506364736, 0.0 ], [ 120.405367859539183, -2.709440854311936, 0.0 ], [ 120.405781115106493, -2.709692859637698, 0.0 ] ] ] ] } },
{ "type": "Feature", "properties": { "OBJECTID": 2442, "WADMPR": "Sulawesi Selatan", "WADMKK": "Kab. Luwu Utara", "WADMKC": "Kec. Malangke", "WADMKD": "Desa Tolada", "POKTAN": "Gapoktan Reso Temangingngi", "K_POKTAN": "A. Ahmaluddin", "P_SID": "Universitas Negeri Makassar", "NO_HP_1": "0852-5222-2976", "NAMA_PEMIL": "Pemerintah Desa", "N_PETAK": "TDB150", "LUAS_HA": 1.2858459716899999, "PAKET": "Paket Sulawesi Selatan 14" }, "geometry": { "type": "MultiPolygon", "coordinates": [ [ [ [ 120.40663140791321, -2.709328785295156, 0.0 ], [ 120.405431235663059, -2.710783284021318, 0.0 ], [ 120.405036006106911, -2.710550052043232, 0.0 ], [ 120.404617966146247, -2.710304332079204, 0.0 ], [ 120.404950901462939, -2.709910506364736, 0.0 ], [ 120.405376735847767, -2.710203778881237, 0.0 ], [ 120.405781115106493, -2.709692859637698, 0.0 ], [ 120.40623620983331, -2.709122354912722, 0.0 ], [ 120.40663140791321, -2.709328785295156, 0.0 ] ] ] ] } },
{ "type": "Feature", "properties": { "OBJECTID": 2443, "WADMPR": "Sulawesi Selatan", "WADMKK": "Kab. Luwu Utara", "WADMKC": "Kec. Malangke", "WADMKD": "Desa Tolada", "POKTAN": "Gapoktan Reso Temangingngi", "K_POKTAN": "A. Ahmaluddin", "P_SID": "Universitas Negeri Makassar", "NO_HP_1": "0852-5222-2976", "NAMA_PEMIL": "Pemerintah Desa", "N_PETAK": "TDB151", "LUAS_HA": 0.27617363742000001, "PAKET": "Paket Sulawesi Selatan 14" }, "geometry": { "type": "MultiPolygon", "coordinates": [ [ [ [ 120.404950901462939, -2.709910506364736, 0.0 ], [ 120.404617966146247, -2.710304332079204, 0.0 ], [ 120.40424661538907, -2.710095120993003, 0.0 ], [ 120.404565121982841, -2.709680345571428, 0.0 ], [ 120.404950901462939, -2.709910506364736, 0.0 ] ] ] ] } },
{ "type": "Feature", "properties": { "OBJECTID": 2444, "WADMPR": "Sulawesi Selatan", "WADMKK": "Kab. Luwu Utara", "WADMKC": "Kec. Malangke", "WADMKD": "Desa Tolada", "POKTAN": "Gapoktan Reso Temangingngi", "K_POKTAN": "A. Ahmaluddin", "P_SID": "Universitas Negeri Makassar", "NO_HP_1": "0852-5222-2976", "NAMA_PEMIL": "Pemerintah Desa", "N_PETAK": "TDB152", "LUAS_HA": 0.17632159599, "PAKET": "Paket Sulawesi Selatan 14" }, "geometry": { "type": "MultiPolygon", "coordinates": [ [ [ [ 120.404692253744543, -2.71209514397566, 0.0 ], [ 120.40444482956525, -2.712417589600022, 0.0 ], [ 120.404336566479401, -2.712550600229974, 0.0 ], [ 120.404216054627227, -2.712705891563587, 0.0 ], [ 120.40407175480766, -2.712579435192708, 0.0 ], [ 120.404575939028405, -2.711965454542053, 0.0 ], [ 120.404692253744543, -2.71209514397566, 0.0 ] ] ] ] } },
{ "type": "Feature", "properties": { "OBJECTID": 2445, "WADMPR": "Sulawesi Selatan", "WADMKK": "Kab. Luwu Utara", "WADMKC": "Kec. Malangke", "WADMKD": "Desa Tolada", "POKTAN": "Gapoktan Reso Temangingngi", "K_POKTAN": "A. Ahmaluddin", "P_SID": "Universitas Negeri Makassar", "NO_HP_1": "0852-5222-2976", "NAMA_PEMIL": "Pemerintah Desa", "N_PETAK": "TDB153", "LUAS_HA": 0.2286196672, "PAKET": "Paket Sulawesi Selatan 14" }, "geometry": { "type": "MultiPolygon", "coordinates": [ [ [ [ 120.405053256003043, -2.712494538292276, 0.0 ], [ 120.404803495385067, -2.712720413815987, 0.0 ], [ 120.40444482956525, -2.712417589600022, 0.0 ], [ 120.404692253744543, -2.71209514397566, 0.0 ], [ 120.405053256003043, -2.712494538292276, 0.0 ] ] ] ] } },
{ "type": "Feature", "properties": { "OBJECTID": 2446, "WADMPR": "Sulawesi Selatan", "WADMKK": "Kab. Luwu Utara", "WADMKC": "Kec. Malangke", "WADMKD": "Desa Tolada", "POKTAN": "Gapoktan Reso Temangingngi", "K_POKTAN": "A. Ahmaluddin", "P_SID": "Universitas Negeri Makassar", "NO_HP_1": "0852-5222-2976", "NAMA_PEMIL": "Pemerintah Desa", "N_PETAK": "TDB154", "LUAS_HA": 0.83360745704999994, "PAKET": "Paket Sulawesi Selatan 14" }, "geometry": { "type": "MultiPolygon", "coordinates": [ [ [ [ 120.404886835559068, -2.712970433438727, 0.0 ], [ 120.404766026930702, -2.713111071218918, 0.0 ], [ 120.404765394707283, -2.713110623356556, 0.0 ], [ 120.404746805720606, -2.713133448150074, 0.0 ], [ 120.404348745098559, -2.71359684451869, 0.0 ], [ 120.404348667756835, -2.713596786962114, 0.0 ], [ 120.404350807243986, -2.713594008056987, 0.0 ], [ 120.403674330905687, -2.713100004161788, 0.0 ], [ 120.40407175480766, -2.712579435192708, 0.0 ], [ 120.404216054627227, -2.712705891563587, 0.0 ], [ 120.404336566479401, -2.712550600229974, 0.0 ], [ 120.404886835559068, -2.712970433438727, 0.0 ] ] ] ] } },
{ "type": "Feature", "properties": { "OBJECTID": 2447, "WADMPR": "Sulawesi Selatan", "WADMKK": "Kab. Luwu Utara", "WADMKC": "Kec. Malangke", "WADMKD": "Desa Tolada", "POKTAN": "Gapoktan Reso Temangingngi", "K_POKTAN": "A. Ahmaluddin", "P_SID": "Universitas Negeri Makassar", "NO_HP_1": "0852-5222-2976", "NAMA_PEMIL": "Pemerintah Desa", "N_PETAK": "TDB155", "LUAS_HA": 0.89715362381999997, "PAKET": "Paket Sulawesi Selatan 14" }, "geometry": { "type": "MultiPolygon", "coordinates": [ [ [ [ 120.404348667756835, -2.713596786962114, 0.0 ], [ 120.404033941912985, -2.714005684414758, 0.0 ], [ 120.40384324247168, -2.714253165251307, 0.0 ], [ 120.403118399694449, -2.713819281934263, 0.0 ], [ 120.403674330905687, -2.713100004161788, 0.0 ], [ 120.404350807243986, -2.713594008056987, 0.0 ], [ 120.404348667756835, -2.713596786962114, 0.0 ] ] ] ] } },
{ "type": "Feature", "properties": { "OBJECTID": 2448, "WADMPR": "Sulawesi Selatan", "WADMKK": "Kab. Luwu Utara", "WADMKC": "Kec. Malangke", "WADMKD": "Desa Tolada", "POKTAN": "Gapoktan Reso Temangingngi", "K_POKTAN": "A. Ahmaluddin", "P_SID": "Universitas Negeri Makassar", "NO_HP_1": "0852-5222-2976", "NAMA_PEMIL": "Pemerintah Desa", "N_PETAK": "TDB156", "LUAS_HA": 0.20549134408, "PAKET": "Paket Sulawesi Selatan 14" }, "geometry": { "type": "MultiPolygon", "coordinates": [ [ [ [ 120.405053256003043, -2.712494538292276, 0.0 ], [ 120.405154580819271, -2.712591473517648, 0.0 ], [ 120.405081631412259, -2.712715448658969, 0.0 ], [ 120.404886835559068, -2.712970433438727, 0.0 ], [ 120.404336566479401, -2.712550600229974, 0.0 ], [ 120.40444482956525, -2.712417589600022, 0.0 ], [ 120.404803495385067, -2.712720413815987, 0.0 ], [ 120.405053256003043, -2.712494538292276, 0.0 ] ] ] ] } },
{ "type": "Feature", "properties": { "OBJECTID": 2449, "WADMPR": "Sulawesi Selatan", "WADMKK": "Kab. Luwu Utara", "WADMKC": "Kec. Malangke", "WADMKD": "Desa Tolada", "POKTAN": "Gapoktan Reso Temangingngi", "K_POKTAN": "A. Ahmaluddin", "P_SID": "Universitas Negeri Makassar", "NO_HP_1": "0852-5222-2976", "NAMA_PEMIL": "Pemerintah Desa", "N_PETAK": "TDB157", "LUAS_HA": 0.32492647006999997, "PAKET": "Paket Sulawesi Selatan 14" }, "geometry": { "type": "MultiPolygon", "coordinates": [ [ [ [ 120.404033941912985, -2.714005684414758, 0.0 ], [ 120.404743891017802, -2.714464160592513, 0.0 ], [ 120.404583518514642, -2.714715215334877, 0.0 ], [ 120.404583199255285, -2.714718582396586, 0.0 ], [ 120.403994411313079, -2.714351527700785, 0.0 ], [ 120.403984367684529, -2.714345138017677, 0.0 ], [ 120.403923120255854, -2.714306174889998, 0.0 ], [ 120.403861870129276, -2.714267211762376, 0.0 ], [ 120.40386098969293, -2.714268350304053, 0.0 ], [ 120.403841178527614, -2.714256001713068, 0.0 ], [ 120.404033941912985, -2.714005684414758, 0.0 ] ] ] ] } },
{ "type": "Feature", "properties": { "OBJECTID": 2450, "WADMPR": "Sulawesi Selatan", "WADMKK": "Kab. Luwu Utara", "WADMKC": "Kec. Malangke", "WADMKD": "Desa Tolada", "POKTAN": "Gapoktan Reso Temangingngi", "K_POKTAN": "A. Ahmaluddin", "P_SID": "Universitas Negeri Makassar", "NO_HP_1": "0852-5222-2976", "NAMA_PEMIL": "Pemerintah Desa", "N_PETAK": "TDB158", "LUAS_HA": 0.28056120644, "PAKET": "Paket Sulawesi Selatan 14" }, "geometry": { "type": "MultiPolygon", "coordinates": [ [ [ [ 120.423323141649689, -2.720501325675571, 0.0 ], [ 120.422827832838266, -2.720132100915691, 0.0 ], [ 120.423040721252391, -2.719843803448725, 0.0 ], [ 120.423560836963134, -2.720222764269124, 0.0 ], [ 120.423323141649689, -2.720501325675571, 0.0 ] ] ] ] } },
{ "type": "Feature", "properties": { "OBJECTID": 2451, "WADMPR": "Sulawesi Selatan", "WADMKK": "Kab. Luwu Utara", "WADMKC": "Kec. Malangke", "WADMKD": "Desa Tolada", "POKTAN": "Gapoktan Reso Temangingngi", "K_POKTAN": "A. Ahmaluddin", "P_SID": "Universitas Negeri Makassar", "NO_HP_1": "0852-5222-2976", "NAMA_PEMIL": "Pemerintah Desa", "N_PETAK": "TDB159", "LUAS_HA": 0.35547119837000002, "PAKET": "Paket Sulawesi Selatan 14" }, "geometry": { "type": "MultiPolygon", "coordinates": [ [ [ [ 120.423040721252391, -2.719843803448725, 0.0 ], [ 120.422827832838266, -2.720132100915691, 0.0 ], [ 120.422140213000489, -2.719586637813052, 0.0 ], [ 120.422345235943908, -2.719352437265115, 0.0 ], [ 120.423026121658268, -2.719833167166883, 0.0 ], [ 120.423040721252391, -2.719843803448725, 0.0 ] ] ] ] } },
{ "type": "Feature", "properties": { "OBJECTID": 2452, "WADMPR": "Sulawesi Selatan", "WADMKK": "Kab. Luwu Utara", "WADMKC": "Kec. Malangke", "WADMKD": "Desa Tolada", "POKTAN": "Gapoktan Reso Temangingngi", "K_POKTAN": "A. Ahmaluddin", "P_SID": "Universitas Negeri Makassar", "NO_HP_1": "0852-5222-2976", "NAMA_PEMIL": "Pemerintah Desa", "N_PETAK": "TDB160", "LUAS_HA": 2.23546166591, "PAKET": "Paket Sulawesi Selatan 14" }, "geometry": { "type": "MultiPolygon", "coordinates": [ [ [ [ 120.422827832838266, -2.720132100915691, 0.0 ], [ 120.423323141649689, -2.720501325675571, 0.0 ], [ 120.423519727153803, -2.720690193197811, 0.0 ], [ 120.422814054325158, -2.721428683187128, 0.0 ], [ 120.422362126111238, -2.721057451140439, 0.0 ], [ 120.421415587859201, -2.72032239925926, 0.0 ], [ 120.422140213000489, -2.719586637813052, 0.0 ], [ 120.422827832838266, -2.720132100915691, 0.0 ] ] ] ] } },
{ "type": "Feature", "properties": { "OBJECTID": 2453, "WADMPR": "Sulawesi Selatan", "WADMKK": "Kab. Luwu Utara", "WADMKC": "Kec. Malangke", "WADMKD": "Desa Tolada", "POKTAN": "Gapoktan Reso Temangingngi", "K_POKTAN": "A. Ahmaluddin", "P_SID": "Universitas Negeri Makassar", "NO_HP_1": "0852-5222-2976", "NAMA_PEMIL": "Pemerintah Desa", "N_PETAK": "TDB161", "LUAS_HA": 1.2361588210500001, "PAKET": "Paket Sulawesi Selatan 14" }, "geometry": { "type": "MultiPolygon", "coordinates": [ [ [ [ 120.422362126111238, -2.721057451140439, 0.0 ], [ 120.422814054325158, -2.721428683187128, 0.0 ], [ 120.422291422311332, -2.722356941819385, 0.0 ], [ 120.421312523754068, -2.721497578450453, 0.0 ], [ 120.421658663816288, -2.721049866258284, 0.0 ], [ 120.422132813378653, -2.721414894781503, 0.0 ], [ 120.422362126111238, -2.721057451140439, 0.0 ] ] ] ] } },
{ "type": "Feature", "properties": { "OBJECTID": 2454, "WADMPR": "Sulawesi Selatan", "WADMKK": "Kab. Luwu Utara", "WADMKC": "Kec. Malangke", "WADMKD": "Desa Tolada", "POKTAN": "Gapoktan Reso Temangingngi", "K_POKTAN": "A. Ahmaluddin", "P_SID": "Universitas Negeri Makassar", "NO_HP_1": "0852-5222-2976", "NAMA_PEMIL": "Pemerintah Desa", "N_PETAK": "TDB162", "LUAS_HA": 3.1283267190599999, "PAKET": "Paket Sulawesi Selatan 14" }, "geometry": { "type": "MultiPolygon", "coordinates": [ [ [ [ 120.420688959028325, -2.719741457901932, 0.0 ], [ 120.421415587859201, -2.72032239925926, 0.0 ], [ 120.422362126111238, -2.721057451140439, 0.0 ], [ 120.422132813378653, -2.721414894781503, 0.0 ], [ 120.421658663816288, -2.721049866258284, 0.0 ], [ 120.421312523754068, -2.721497578450453, 0.0 ], [ 120.421128892984029, -2.72091063771569, 0.0 ], [ 120.420900839302362, -2.720747886505706, 0.0 ], [ 120.420721914684691, -2.720988323851998, 0.0 ], [ 120.419296428987082, -2.719845243263308, 0.0 ], [ 120.419901891259315, -2.719133151973324, 0.0 ], [ 120.420688959028325, -2.719741457901932, 0.0 ] ] ] ] } },
{ "type": "Feature", "properties": { "OBJECTID": 2455, "WADMPR": "Sulawesi Selatan", "WADMKK": "Kab. Luwu Utara", "WADMKC": "Kec. Malangke", "WADMKD": "Desa Tolada", "POKTAN": "Gapoktan Reso Temangingngi", "K_POKTAN": "A. Ahmaluddin", "P_SID": "Universitas Negeri Makassar", "NO_HP_1": "0852-5222-2976", "NAMA_PEMIL": "Pemerintah Desa", "N_PETAK": "TDB163", "LUAS_HA": 1.2529745397200001, "PAKET": "Paket Sulawesi Selatan 14" }, "geometry": { "type": "MultiPolygon", "coordinates": [ [ [ [ 120.422140213000489, -2.719586637813052, 0.0 ], [ 120.421415587859201, -2.72032239925926, 0.0 ], [ 120.420688959028325, -2.719741457901932, 0.0 ], [ 120.421355731681729, -2.71892442022579, 0.0 ], [ 120.422140213000489, -2.719586637813052, 0.0 ] ] ] ] } },
{ "type": "Feature", "properties": { "OBJECTID": 2456, "WADMPR": "Sulawesi Selatan", "WADMKK": "Kab. Luwu Utara", "WADMKC": "Kec. Malangke", "WADMKD": "Desa Tolada", "POKTAN": "Gapoktan Reso Temangingngi", "K_POKTAN": "A. Ahmaluddin", "P_SID": "Universitas Negeri Makassar", "NO_HP_1": "0852-5222-2976", "NAMA_PEMIL": "Pemerintah Desa", "N_PETAK": "TDB164", "LUAS_HA": 0.58378134444999996, "PAKET": "Paket Sulawesi Selatan 14" }, "geometry": { "type": "MultiPolygon", "coordinates": [ [ [ [ 120.422345235943908, -2.719352437265115, 0.0 ], [ 120.422140213000489, -2.719586637813052, 0.0 ], [ 120.421355731681729, -2.71892442022579, 0.0 ], [ 120.42061190331674, -2.718414742945981, 0.0 ], [ 120.420792897274396, -2.718256429890289, 0.0 ], [ 120.422345235943908, -2.719352437265115, 0.0 ] ] ] ] } },
{ "type": "Feature", "properties": { "OBJECTID": 2457, "WADMPR": "Sulawesi Selatan", "WADMKK": "Kab. Luwu Utara", "WADMKC": "Kec. Malangke", "WADMKD": "Desa Tolada", "POKTAN": "Gapoktan Reso Temangingngi", "K_POKTAN": "A. Ahmaluddin", "P_SID": "Universitas Negeri Makassar", "NO_HP_1": "0852-5222-2976", "NAMA_PEMIL": "Pemerintah Desa", "N_PETAK": "TDB165", "LUAS_HA": 1.1956938018500001, "PAKET": "Paket Sulawesi Selatan 14" }, "geometry": { "type": "MultiPolygon", "coordinates": [ [ [ [ 120.421355731681729, -2.71892442022579, 0.0 ], [ 120.420688959028325, -2.719741457901932, 0.0 ], [ 120.419901891259315, -2.719133151973324, 0.0 ], [ 120.42061190331674, -2.718414742945981, 0.0 ], [ 120.421355731681729, -2.71892442022579, 0.0 ] ] ] ] } },
{ "type": "Feature", "properties": { "OBJECTID": 2458, "WADMPR": "Sulawesi Selatan", "WADMKK": "Kab. Luwu Utara", "WADMKC": "Kec. Malangke", "WADMKD": "Desa Tolada", "POKTAN": "Gapoktan Reso Temangingngi", "K_POKTAN": "A. Ahmaluddin", "P_SID": "Universitas Negeri Makassar", "NO_HP_1": "0852-5222-2976", "NAMA_PEMIL": "Pemerintah Desa", "N_PETAK": "TDB166", "LUAS_HA": 0.76041245255000001, "PAKET": "Paket Sulawesi Selatan 14" }, "geometry": { "type": "MultiPolygon", "coordinates": [ [ [ [ 120.419901891259315, -2.719133151973324, 0.0 ], [ 120.419296428987082, -2.719845243263308, 0.0 ], [ 120.418717064141219, -2.719439159789317, 0.0 ], [ 120.419426325264794, -2.718767755627368, 0.0 ], [ 120.419901891259315, -2.719133151973324, 0.0 ] ] ] ] } },
{ "type": "Feature", "properties": { "OBJECTID": 2459, "WADMPR": "Sulawesi Selatan", "WADMKK": "Kab. Luwu Utara", "WADMKC": "Kec. Malangke", "WADMKD": "Desa Tolada", "POKTAN": "Gapoktan Reso Temangingngi", "K_POKTAN": "A. Ahmaluddin", "P_SID": "Universitas Negeri Makassar", "NO_HP_1": "0852-5222-2976", "NAMA_PEMIL": "Pemerintah Desa", "N_PETAK": "TDB167", "LUAS_HA": 0.79947194152000001, "PAKET": "Paket Sulawesi Selatan 14" }, "geometry": { "type": "MultiPolygon", "coordinates": [ [ [ [ 120.42061190331674, -2.718414742945981, 0.0 ], [ 120.419901891259315, -2.719133151973324, 0.0 ], [ 120.419426325264794, -2.718767755627368, 0.0 ], [ 120.419967078617901, -2.718016875678245, 0.0 ], [ 120.42061190331674, -2.718414742945981, 0.0 ] ] ] ] } },
{ "type": "Feature", "properties": { "OBJECTID": 2460, "WADMPR": "Sulawesi Selatan", "WADMKK": "Kab. Luwu Utara", "WADMKC": "Kec. Malangke", "WADMKD": "Desa Tolada", "POKTAN": "Gapoktan Reso Temangingngi", "K_POKTAN": "A. Ahmaluddin", "P_SID": "Universitas Negeri Makassar", "NO_HP_1": "0852-5222-2976", "NAMA_PEMIL": "Pemerintah Desa", "N_PETAK": "TDB168", "LUAS_HA": 0.68924034234999998, "PAKET": "Paket Sulawesi Selatan 14" }, "geometry": { "type": "MultiPolygon", "coordinates": [ [ [ [ 120.420792897274396, -2.718256429890289, 0.0 ], [ 120.42061190331674, -2.718414742945981, 0.0 ], [ 120.419967078617901, -2.718016875678245, 0.0 ], [ 120.41894764671656, -2.717354184148235, 0.0 ], [ 120.41918669281165, -2.717122292160013, 0.0 ], [ 120.419241111688052, -2.717160455790349, 0.0 ], [ 120.420708557054354, -2.718196882180337, 0.0 ], [ 120.420783013725213, -2.718249452050543, 0.0 ], [ 120.420792897274396, -2.718256429890289, 0.0 ] ] ] ] } },
{ "type": "Feature", "properties": { "OBJECTID": 2461, "WADMPR": "Sulawesi Selatan", "WADMKK": "Kab. Luwu Utara", "WADMKC": "Kec. Malangke", "WADMKD": "Desa Tolada", "POKTAN": "Gapoktan Reso Temangingngi", "K_POKTAN": "A. Ahmaluddin", "P_SID": "Universitas Negeri Makassar", "NO_HP_1": "0852-5222-2976", "NAMA_PEMIL": "Pemerintah Desa", "N_PETAK": "TDB169", "LUAS_HA": 1.4943442516000001, "PAKET": "Paket Sulawesi Selatan 14" }, "geometry": { "type": "MultiPolygon", "coordinates": [ [ [ [ 120.419967078617901, -2.718016875678245, 0.0 ], [ 120.419426325264794, -2.718767755627368, 0.0 ], [ 120.418262095319506, -2.71804653801729, 0.0 ], [ 120.418633411902533, -2.717662224432047, 0.0 ], [ 120.41894764671656, -2.717354184148235, 0.0 ], [ 120.419967078617901, -2.718016875678245, 0.0 ] ] ] ] } },
{ "type": "Feature", "properties": { "OBJECTID": 2462, "WADMPR": "Sulawesi Selatan", "WADMKK": "Kab. Luwu Utara", "WADMKC": "Kec. Malangke", "WADMKD": "Desa Tolada", "POKTAN": "Gapoktan Reso Temangingngi", "K_POKTAN": "A. Ahmaluddin", "P_SID": "Universitas Negeri Makassar", "NO_HP_1": "0852-5222-2976", "NAMA_PEMIL": "Pemerintah Desa", "N_PETAK": "TDB170", "LUAS_HA": 1.5289236772200001, "PAKET": "Paket Sulawesi Selatan 14" }, "geometry": { "type": "MultiPolygon", "coordinates": [ [ [ [ 120.419426325264794, -2.718767755627368, 0.0 ], [ 120.418717064141219, -2.719439159789317, 0.0 ], [ 120.417599065644481, -2.718640857689365, 0.0 ], [ 120.418262095319506, -2.71804653801729, 0.0 ], [ 120.419426325264794, -2.718767755627368, 0.0 ] ] ] ] } },
{ "type": "Feature", "properties": { "OBJECTID": 2463, "WADMPR": "Sulawesi Selatan", "WADMKK": "Kab. Luwu Utara", "WADMKC": "Kec. Malangke", "WADMKD": "Desa Tolada", "POKTAN": "Gapoktan Reso Temangingngi", "K_POKTAN": "A. Ahmaluddin", "P_SID": "Universitas Negeri Makassar", "NO_HP_1": "0852-5222-2976", "NAMA_PEMIL": "Pemerintah Desa", "N_PETAK": "TDB171", "LUAS_HA": 1.8134416099499999, "PAKET": "Paket Sulawesi Selatan 14" }, "geometry": { "type": "MultiPolygon", "coordinates": [ [ [ [ 120.424915881462766, -2.719218216147738, 0.0 ], [ 120.423974527802329, -2.718556884392626, 0.0 ], [ 120.423643247238147, -2.718324402449184, 0.0 ], [ 120.424281665166745, -2.717619782726729, 0.0 ], [ 120.425559232172873, -2.718501933117693, 0.0 ], [ 120.424915881462766, -2.719218216147738, 0.0 ] ] ] ] } },
{ "type": "Feature", "properties": { "OBJECTID": 2464, "WADMPR": "Sulawesi Selatan", "WADMKK": "Kab. Luwu Utara", "WADMKC": "Kec. Malangke", "WADMKD": "Desa Tolada", "POKTAN": "Gapoktan Reso Temangingngi", "K_POKTAN": "A. Ahmaluddin", "P_SID": "Universitas Negeri Makassar", "NO_HP_1": "0852-5222-2976", "NAMA_PEMIL": "Pemerintah Desa", "N_PETAK": "TDB172", "LUAS_HA": 0.49169113588000002, "PAKET": "Paket Sulawesi Selatan 14" }, "geometry": { "type": "MultiPolygon", "coordinates": [ [ [ [ 120.424281665166745, -2.717619782726729, 0.0 ], [ 120.423643247238147, -2.718324402449184, 0.0 ], [ 120.423974527802329, -2.718556884392626, 0.0 ], [ 120.423821807630361, -2.718738764182547, 0.0 ], [ 120.423809008478997, -2.718729438212961, 0.0 ], [ 120.42329629778601, -2.718367447599576, 0.0 ], [ 120.423271989111072, -2.718350284937628, 0.0 ], [ 120.424061699088156, -2.717481156729946, 0.0 ], [ 120.424281665166745, -2.717619782726729, 0.0 ] ] ] ] } },
{ "type": "Feature", "properties": { "OBJECTID": 2465, "WADMPR": "Sulawesi Selatan", "WADMKK": "Kab. Luwu Utara", "WADMKC": "Kec. Malangke", "WADMKD": "Desa Tolada", "POKTAN": "Gapoktan Reso Temangingngi", "K_POKTAN": "A. Ahmaluddin", "P_SID": "Universitas Negeri Makassar", "NO_HP_1": "0852-5222-2976", "NAMA_PEMIL": "Pemerintah Desa", "N_PETAK": "TDB173", "LUAS_HA": 0.33247817328000001, "PAKET": "Paket Sulawesi Selatan 14" }, "geometry": { "type": "MultiPolygon", "coordinates": [ [ [ [ 120.424915881462766, -2.719218216147738, 0.0 ], [ 120.424801367189389, -2.719340872882924, 0.0 ], [ 120.424722593772799, -2.719283478149976, 0.0 ], [ 120.424714218386498, -2.719292610765308, 0.0 ], [ 120.424641227610664, -2.719302990740402, 0.0 ], [ 120.424608497684062, -2.719311953383908, 0.0 ], [ 120.423821807630361, -2.718738764182547, 0.0 ], [ 120.423974527802329, -2.718556884392626, 0.0 ], [ 120.424915881462766, -2.719218216147738, 0.0 ] ] ] ] } },
{ "type": "Feature", "properties": { "OBJECTID": 2466, "WADMPR": "Sulawesi Selatan", "WADMKK": "Kab. Luwu Utara", "WADMKC": "Kec. Malangke", "WADMKD": "Desa Tolada", "POKTAN": "Gapoktan Reso Temangingngi", "K_POKTAN": "A. Ahmaluddin", "P_SID": "Universitas Negeri Makassar", "NO_HP_1": "0852-5222-2976", "NAMA_PEMIL": "Pemerintah Desa", "N_PETAK": "TDB174", "LUAS_HA": 0.13683160392, "PAKET": "Paket Sulawesi Selatan 14" }, "geometry": { "type": "MultiPolygon", "coordinates": [ [ [ [ 120.423380305256956, -2.718126528216658, 0.0 ], [ 120.423215888502568, -2.718310676096792, 0.0 ], [ 120.422861356866179, -2.718060363295081, 0.0 ], [ 120.423043196186654, -2.717859771311339, 0.0 ], [ 120.423380305256956, -2.718126528216658, 0.0 ] ] ] ] } },
{ "type": "Feature", "properties": { "OBJECTID": 2467, "WADMPR": "Sulawesi Selatan", "WADMKK": "Kab. Luwu Utara", "WADMKC": "Kec. Malangke", "WADMKD": "Desa Tolada", "POKTAN": "Gapoktan Reso Temangingngi", "K_POKTAN": "A. Ahmaluddin", "P_SID": "Universitas Negeri Makassar", "NO_HP_1": "0852-5222-2976", "NAMA_PEMIL": "Pemerintah Desa", "N_PETAK": "TDB175", "LUAS_HA": 0.55367165726000001, "PAKET": "Paket Sulawesi Selatan 14" }, "geometry": { "type": "MultiPolygon", "coordinates": [ [ [ [ 120.423043196186654, -2.717859771311339, 0.0 ], [ 120.422861356866179, -2.718060363295081, 0.0 ], [ 120.421745816216458, -2.717272755932868, 0.0 ], [ 120.421687587812016, -2.717231644324897, 0.0 ], [ 120.421923644560593, -2.716961518559174, 0.0 ], [ 120.423043196186654, -2.717859771311339, 0.0 ] ] ] ] } },
{ "type": "Feature", "properties": { "OBJECTID": 2468, "WADMPR": "Sulawesi Selatan", "WADMKK": "Kab. Luwu Utara", "WADMKC": "Kec. Malangke", "WADMKD": "Desa Tolada", "POKTAN": "Gapoktan Reso Temangingngi", "K_POKTAN": "A. Ahmaluddin", "P_SID": "Universitas Negeri Makassar", "NO_HP_1": "0852-5222-2976", "NAMA_PEMIL": "Pemerintah Desa", "N_PETAK": "TDB176", "LUAS_HA": 2.0957469787599998, "PAKET": "Paket Sulawesi Selatan 14" }, "geometry": { "type": "MultiPolygon", "coordinates": [ [ [ [ 120.423380305256956, -2.718126528216658, 0.0 ], [ 120.423043196186654, -2.717859771311339, 0.0 ], [ 120.421923644560593, -2.716961518559174, 0.0 ], [ 120.422554800463786, -2.716287420927699, 0.0 ], [ 120.423994231948313, -2.717450015006136, 0.0 ], [ 120.423380305256956, -2.718126528216658, 0.0 ] ] ] ] } },
{ "type": "Feature", "properties": { "OBJECTID": 2469, "WADMPR": "Sulawesi Selatan", "WADMKK": "Kab. Luwu Utara", "WADMKC": "Kec. Malangke", "WADMKD": "Desa Tolada", "POKTAN": "Gapoktan Reso Temangingngi", "K_POKTAN": "A. Ahmaluddin", "P_SID": "Universitas Negeri Makassar", "NO_HP_1": "0852-5222-2976", "NAMA_PEMIL": "Pemerintah Desa", "N_PETAK": "TDB177", "LUAS_HA": 0.03851777347, "PAKET": "Paket Sulawesi Selatan 14" }, "geometry": { "type": "MultiPolygon", "coordinates": [ [ [ [ 120.422554800463786, -2.716287420927699, 0.0 ], [ 120.421923644560593, -2.716961518559174, 0.0 ], [ 120.421890376839428, -2.716940040050758, 0.0 ], [ 120.422521540836556, -2.716282704882872, 0.0 ], [ 120.422448448437194, -2.716218422242321, 0.0 ], [ 120.422445684820559, -2.716216269265374, 0.0 ], [ 120.422554800463786, -2.716287420927699, 0.0 ] ] ] ] } },
{ "type": "Feature", "properties": { "OBJECTID": 2470, "WADMPR": "Sulawesi Selatan", "WADMKK": "Kab. Luwu Utara", "WADMKC": "Kec. Malangke", "WADMKD": "Desa Tolada", "POKTAN": "Gapoktan Reso Temangingngi", "K_POKTAN": "A. Ahmaluddin", "P_SID": "Universitas Negeri Makassar", "NO_HP_1": "0852-5222-2976", "NAMA_PEMIL": "Pemerintah Desa", "N_PETAK": "TDB178", "LUAS_HA": 0.65528796078999996, "PAKET": "Paket Sulawesi Selatan 14" }, "geometry": { "type": "MultiPolygon", "coordinates": [ [ [ [ 120.418971000311444, -2.717308855619137, 0.0 ], [ 120.418164215805973, -2.716751923462425, 0.0 ], [ 120.41748040189907, -2.716260954779216, 0.0 ], [ 120.417686075951679, -2.716040607388095, 0.0 ], [ 120.418042718296874, -2.716297935801038, 0.0 ], [ 120.418283027939424, -2.71647132778952, 0.0 ], [ 120.419124710636993, -2.717078628275999, 0.0 ], [ 120.419165946351427, -2.717107742927965, 0.0 ], [ 120.4191715994898, -2.717111708038829, 0.0 ], [ 120.418971000311444, -2.717308855619137, 0.0 ] ] ] ] } },
{ "type": "Feature", "properties": { "OBJECTID": 2471, "WADMPR": "Sulawesi Selatan", "WADMKK": "Kab. Luwu Utara", "WADMKC": "Kec. Malangke", "WADMKD": "Desa Tolada", "POKTAN": "Gapoktan Reso Temangingngi", "K_POKTAN": "A. Ahmaluddin", "P_SID": "Universitas Negeri Makassar", "NO_HP_1": "0852-5222-2976", "NAMA_PEMIL": "Pemerintah Desa", "N_PETAK": "TDB179", "LUAS_HA": 0.52114420367000003, "PAKET": "Paket Sulawesi Selatan 14" }, "geometry": { "type": "MultiPolygon", "coordinates": [ [ [ [ 120.418971000311444, -2.717308855619137, 0.0 ], [ 120.418621034533203, -2.717650312012267, 0.0 ], [ 120.417909742740449, -2.717077407895999, 0.0 ], [ 120.418164215805973, -2.716751923462425, 0.0 ], [ 120.418971000311444, -2.717308855619137, 0.0 ] ] ] ] } },
{ "type": "Feature", "properties": { "OBJECTID": 2472, "WADMPR": "Sulawesi Selatan", "WADMKK": "Kab. Luwu Utara", "WADMKC": "Kec. Malangke", "WADMKD": "Desa Tolada", "POKTAN": "Gapoktan Reso Temangingngi", "K_POKTAN": "A. Ahmaluddin", "P_SID": "Universitas Negeri Makassar", "NO_HP_1": "0852-5222-2976", "NAMA_PEMIL": "Pemerintah Desa", "N_PETAK": "TDB180", "LUAS_HA": 0.55627495143000005, "PAKET": "Paket Sulawesi Selatan 14" }, "geometry": { "type": "MultiPolygon", "coordinates": [ [ [ [ 120.418621034533203, -2.717650312012267, 0.0 ], [ 120.418252281017999, -2.718007437293352, 0.0 ], [ 120.417559695123941, -2.717410219106284, 0.0 ], [ 120.417909742740449, -2.717077407895999, 0.0 ], [ 120.418621034533203, -2.717650312012267, 0.0 ] ] ] ] } },
{ "type": "Feature", "properties": { "OBJECTID": 2473, "WADMPR": "Sulawesi Selatan", "WADMKK": "Kab. Luwu Utara", "WADMKC": "Kec. Malangke", "WADMKD": "Desa Tolada", "POKTAN": "Gapoktan Reso Temangingngi", "K_POKTAN": "A. Ahmaluddin", "P_SID": "Universitas Negeri Makassar", "NO_HP_1": "0852-5222-2976", "NAMA_PEMIL": "Pemerintah Desa", "N_PETAK": "TDB181", "LUAS_HA": 0.94660078258000002, "PAKET": "Paket Sulawesi Selatan 14" }, "geometry": { "type": "MultiPolygon", "coordinates": [ [ [ [ 120.418164215805973, -2.716751923462425, 0.0 ], [ 120.417909742740449, -2.717077407895999, 0.0 ], [ 120.417559695123941, -2.717410219106284, 0.0 ], [ 120.416861072080906, -2.716818871693533, 0.0 ], [ 120.417170878633215, -2.716527628047572, 0.0 ], [ 120.41748040189907, -2.716260954779216, 0.0 ], [ 120.418164215805973, -2.716751923462425, 0.0 ] ] ] ] } },
{ "type": "Feature", "properties": { "OBJECTID": 2474, "WADMPR": "Sulawesi Selatan", "WADMKK": "Kab. Luwu Utara", "WADMKC": "Kec. Malangke", "WADMKD": "Desa Tolada", "POKTAN": "Gapoktan Reso Temangingngi", "K_POKTAN": "A. Ahmaluddin", "P_SID": "Universitas Negeri Makassar", "NO_HP_1": "0852-5222-2976", "NAMA_PEMIL": "Pemerintah Desa", "N_PETAK": "TDB182", "LUAS_HA": 0.85838769948000004, "PAKET": "Paket Sulawesi Selatan 14" }, "geometry": { "type": "MultiPolygon", "coordinates": [ [ [ [ 120.417686075951679, -2.716040607388095, 0.0 ], [ 120.41748040189907, -2.716260954779216, 0.0 ], [ 120.417170878633215, -2.716527628047572, 0.0 ], [ 120.416390318358594, -2.715863093806661, 0.0 ], [ 120.416814188624016, -2.715411514529706, 0.0 ], [ 120.417686075951679, -2.716040607388095, 0.0 ] ] ] ] } },
{ "type": "Feature", "properties": { "OBJECTID": 2475, "WADMPR": "Sulawesi Selatan", "WADMKK": "Kab. Luwu Utara", "WADMKC": "Kec. Malangke", "WADMKD": "Desa Tolada", "POKTAN": "Gapoktan Reso Temangingngi", "K_POKTAN": "A. Ahmaluddin", "P_SID": "Universitas Negeri Makassar", "NO_HP_1": "0852-5222-2976", "NAMA_PEMIL": "Pemerintah Desa", "N_PETAK": "TDB183", "LUAS_HA": 0.6533800557, "PAKET": "Paket Sulawesi Selatan 14" }, "geometry": { "type": "MultiPolygon", "coordinates": [ [ [ [ 120.417170878633215, -2.716527628047572, 0.0 ], [ 120.416861072080906, -2.716818871693533, 0.0 ], [ 120.416787850179162, -2.716887673427323, 0.0 ], [ 120.41658154839979, -2.71672908697775, 0.0 ], [ 120.416294961443327, -2.716659293291684, 0.0 ], [ 120.416190973734501, -2.716017044251146, 0.0 ], [ 120.416390318358594, -2.715863093806661, 0.0 ], [ 120.417170878633215, -2.716527628047572, 0.0 ] ] ] ] } },
{ "type": "Feature", "properties": { "OBJECTID": 2476, "WADMPR": "Sulawesi Selatan", "WADMKK": "Kab. Luwu Utara", "WADMKC": "Kec. Malangke", "WADMKD": "Desa Tolada", "POKTAN": "Gapoktan Reso Temangingngi", "K_POKTAN": "A. Ahmaluddin", "P_SID": "Universitas Negeri Makassar", "NO_HP_1": "0852-5222-2976", "NAMA_PEMIL": "Pemerintah Desa", "N_PETAK": "TDB184", "LUAS_HA": 0.35145266481999998, "PAKET": "Paket Sulawesi Selatan 14" }, "geometry": { "type": "MultiPolygon", "coordinates": [ [ [ [ 120.416814188624016, -2.715411514529706, 0.0 ], [ 120.416390318358594, -2.715863093806661, 0.0 ], [ 120.416020077364692, -2.715533117259497, 0.0 ], [ 120.416248908960029, -2.715309128513411, 0.0 ], [ 120.416439156941578, -2.715140916619987, 0.0 ], [ 120.416814188624016, -2.715411514529706, 0.0 ] ] ] ] } },
{ "type": "Feature", "properties": { "OBJECTID": 2477, "WADMPR": "Sulawesi Selatan", "WADMKK": "Kab. Luwu Utara", "WADMKC": "Kec. Malangke", "WADMKD": "Desa Tolada", "POKTAN": "Gapoktan Reso Temangingngi", "K_POKTAN": "A. Ahmaluddin", "P_SID": "Universitas Negeri Makassar", "NO_HP_1": "0852-5222-2976", "NAMA_PEMIL": "Pemerintah Desa", "N_PETAK": "TDB185", "LUAS_HA": 0.2524195498, "PAKET": "Paket Sulawesi Selatan 14" }, "geometry": { "type": "MultiPolygon", "coordinates": [ [ [ [ 120.416439156941578, -2.715140916619987, 0.0 ], [ 120.416248908960029, -2.715309128513411, 0.0 ], [ 120.4155931089349, -2.714721645487487, 0.0 ], [ 120.415467578865787, -2.714517130661022, 0.0 ], [ 120.415538233202938, -2.71450656182833, 0.0 ], [ 120.415540845733517, -2.714506371172035, 0.0 ], [ 120.4155449394475, -2.714506071697826, 0.0 ], [ 120.415552741965485, -2.714506774068298, 0.0 ], [ 120.41556030436459, -2.714508829019223, 0.0 ], [ 120.415567395518906, -2.714512173597882, 0.0 ], [ 120.415571042269903, -2.714514544210772, 0.0 ], [ 120.415658429393034, -2.714577597478069, 0.0 ], [ 120.416439156941578, -2.715140916619987, 0.0 ] ] ] ] } },
{ "type": "Feature", "properties": { "OBJECTID": 2478, "WADMPR": "Sulawesi Selatan", "WADMKK": "Kab. Luwu Utara", "WADMKC": "Kec. Malangke", "WADMKD": "Desa Tolada", "POKTAN": "Gapoktan Reso Temangingngi", "K_POKTAN": "A. Ahmaluddin", "P_SID": "Universitas Negeri Makassar", "NO_HP_1": "0852-5222-2976", "NAMA_PEMIL": "Pemerintah Desa", "N_PETAK": "TDB186", "LUAS_HA": 0.37518556725000002, "PAKET": "Paket Sulawesi Selatan 14" }, "geometry": { "type": "MultiPolygon", "coordinates": [ [ [ [ 120.416248908960029, -2.715309128513411, 0.0 ], [ 120.416020077364692, -2.715533117259497, 0.0 ], [ 120.415270909724768, -2.714879720222882, 0.0 ], [ 120.4155931089349, -2.714721645487487, 0.0 ], [ 120.416248908960029, -2.715309128513411, 0.0 ] ] ] ] } },
{ "type": "Feature", "properties": { "OBJECTID": 2479, "WADMPR": "Sulawesi Selatan", "WADMKK": "Kab. Luwu Utara", "WADMKC": "Kec. Malangke", "WADMKD": "Desa Tolada", "POKTAN": "Gapoktan Reso Temangingngi", "K_POKTAN": "A. Ahmaluddin", "P_SID": "Universitas Negeri Makassar", "NO_HP_1": "0852-5222-2976", "NAMA_PEMIL": "Pemerintah Desa", "N_PETAK": "TDB187", "LUAS_HA": 0.18401649027, "PAKET": "Paket Sulawesi Selatan 14" }, "geometry": { "type": "MultiPolygon", "coordinates": [ [ [ [ 120.416390318358594, -2.715863093806661, 0.0 ], [ 120.416190973734501, -2.716017044251146, 0.0 ], [ 120.415760594176163, -2.715831378315386, 0.0 ], [ 120.416020077364692, -2.715533117259497, 0.0 ], [ 120.416390318358594, -2.715863093806661, 0.0 ] ] ] ] } },
{ "type": "Feature", "properties": { "OBJECTID": 2480, "WADMPR": "Sulawesi Selatan", "WADMKK": "Kab. Luwu Utara", "WADMKC": "Kec. Malangke", "WADMKD": "Desa Tolada", "POKTAN": "Gapoktan Reso Temangingngi", "K_POKTAN": "A. Ahmaluddin", "P_SID": "Universitas Negeri Makassar", "NO_HP_1": "0852-5222-2976", "NAMA_PEMIL": "Pemerintah Desa", "N_PETAK": "TDB188", "LUAS_HA": 1.55249474037, "PAKET": "Paket Sulawesi Selatan 14" }, "geometry": { "type": "MultiPolygon", "coordinates": [ [ [ [ 120.415270909724768, -2.714879720222882, 0.0 ], [ 120.416020077364692, -2.715533117259497, 0.0 ], [ 120.415760594176163, -2.715831378315386, 0.0 ], [ 120.41536197417588, -2.716135886961581, 0.0 ], [ 120.414594184274279, -2.715519264102682, 0.0 ], [ 120.414243146504077, -2.71523526089851, 0.0 ], [ 120.414711148300967, -2.714967858279977, 0.0 ], [ 120.414720810616927, -2.714833953723939, 0.0 ], [ 120.415010064063267, -2.714683008813779, 0.0 ], [ 120.415270909724768, -2.714879720222882, 0.0 ] ] ] ] } },
{ "type": "Feature", "properties": { "OBJECTID": 2481, "WADMPR": "Sulawesi Selatan", "WADMKK": "Kab. Luwu Utara", "WADMKC": "Kec. Malangke", "WADMKD": "Desa Tolada", "POKTAN": "Gapoktan Reso Temangingngi", "K_POKTAN": "A. Ahmaluddin", "P_SID": "Universitas Negeri Makassar", "NO_HP_1": "0852-5222-2976", "NAMA_PEMIL": "Pemerintah Desa", "N_PETAK": "TDB189", "LUAS_HA": 0.1427251883, "PAKET": "Paket Sulawesi Selatan 14" }, "geometry": { "type": "MultiPolygon", "coordinates": [ [ [ [ 120.4155931089349, -2.714721645487487, 0.0 ], [ 120.415270909724768, -2.714879720222882, 0.0 ], [ 120.415010064063267, -2.714683008813779, 0.0 ], [ 120.415220893029868, -2.71457298935195, 0.0 ], [ 120.415222238415595, -2.714572938989875, 0.0 ], [ 120.415317476620316, -2.714561774806043, 0.0 ], [ 120.415360363490095, -2.714551414616039, 0.0 ], [ 120.415398462369239, -2.71453621697276, 0.0 ], [ 120.415414681642346, -2.714525041097716, 0.0 ], [ 120.415467578865787, -2.714517130661022, 0.0 ], [ 120.4155931089349, -2.714721645487487, 0.0 ] ] ] ] } },
{ "type": "Feature", "properties": { "OBJECTID": 2482, "WADMPR": "Sulawesi Selatan", "WADMKK": "Kab. Luwu Utara", "WADMKC": "Kec. Malangke", "WADMKD": "Desa Tolada", "POKTAN": "Gapoktan Reso Temangingngi", "K_POKTAN": "A. Ahmaluddin", "P_SID": "Universitas Negeri Makassar", "NO_HP_1": "0852-5222-2976", "NAMA_PEMIL": "Pemerintah Desa", "N_PETAK": "TDB190", "LUAS_HA": 0.33744232938000002, "PAKET": "Paket Sulawesi Selatan 14" }, "geometry": { "type": "MultiPolygon", "coordinates": [ [ [ [ 120.414127264361809, -2.715731908800478, 0.0 ], [ 120.413842802503382, -2.716313222477197, 0.0 ], [ 120.41349915176454, -2.716190162845692, 0.0 ], [ 120.413580649227697, -2.715938870682294, 0.0 ], [ 120.413608117220861, -2.715858694323231, 0.0 ], [ 120.413608574975797, -2.715857450560861, 0.0 ], [ 120.413733415264915, -2.715534588550383, 0.0 ], [ 120.413734504344006, -2.715532011992707, 0.0 ], [ 120.413736271511766, -2.715528165592332, 0.0 ], [ 120.414127264361809, -2.715731908800478, 0.0 ] ] ] ] } },
{ "type": "Feature", "properties": { "OBJECTID": 2483, "WADMPR": "Sulawesi Selatan", "WADMKK": "Kab. Luwu Utara", "WADMKC": "Kec. Malangke", "WADMKD": "Desa Tolada", "POKTAN": "Gapoktan Reso Temangingngi", "K_POKTAN": "A. Ahmaluddin", "P_SID": "Universitas Negeri Makassar", "NO_HP_1": "0852-5222-2976", "NAMA_PEMIL": "Pemerintah Desa", "N_PETAK": "TDB191", "LUAS_HA": 0.25244751351, "PAKET": "Paket Sulawesi Selatan 14" }, "geometry": { "type": "MultiPolygon", "coordinates": [ [ [ [ 120.41441140875952, -2.715875507148894, 0.0 ], [ 120.414154335754006, -2.716433238802892, 0.0 ], [ 120.413842802503382, -2.716313222477197, 0.0 ], [ 120.414127264361809, -2.715731908800478, 0.0 ], [ 120.41441140875952, -2.715875507148894, 0.0 ] ] ] ] } },
{ "type": "Feature", "properties": { "OBJECTID": 2484, "WADMPR": "Sulawesi Selatan", "WADMKK": "Kab. Luwu Utara", "WADMKC": "Kec. Malangke", "WADMKD": "Desa Tolada", "POKTAN": "Gapoktan Reso Temangingngi", "K_POKTAN": "A. Ahmaluddin", "P_SID": "Universitas Negeri Makassar", "NO_HP_1": "0852-5222-2976", "NAMA_PEMIL": "Pemerintah Desa", "N_PETAK": "TDB192", "LUAS_HA": 0.69380644105, "PAKET": "Paket Sulawesi Selatan 14" }, "geometry": { "type": "MultiPolygon", "coordinates": [ [ [ [ 120.415286843013405, -2.716247875039357, 0.0 ], [ 120.415077345043528, -2.716763009405327, 0.0 ], [ 120.414154335754006, -2.716433238802892, 0.0 ], [ 120.41441140875952, -2.715875507148894, 0.0 ], [ 120.415286843013405, -2.716247875039357, 0.0 ] ] ] ] } },
{ "type": "Feature", "properties": { "OBJECTID": 2485, "WADMPR": "Sulawesi Selatan", "WADMKK": "Kab. Luwu Utara", "WADMKC": "Kec. Malangke", "WADMKD": "Desa Tolada", "POKTAN": "Gapoktan Reso Temangingngi", "K_POKTAN": "A. Ahmaluddin", "P_SID": "Universitas Negeri Makassar", "NO_HP_1": "0852-5222-2976", "NAMA_PEMIL": "Pemerintah Desa", "N_PETAK": "TDB193", "LUAS_HA": 0.31491409824, "PAKET": "Paket Sulawesi Selatan 14" }, "geometry": { "type": "MultiPolygon", "coordinates": [ [ [ [ 120.41536197417588, -2.716135886961581, 0.0 ], [ 120.415286843013405, -2.716247875039357, 0.0 ], [ 120.41441140875952, -2.715875507148894, 0.0 ], [ 120.414594184274279, -2.715519264102682, 0.0 ], [ 120.41536197417588, -2.716135886961581, 0.0 ] ] ] ] } },
{ "type": "Feature", "properties": { "OBJECTID": 2486, "WADMPR": "Sulawesi Selatan", "WADMKK": "Kab. Luwu Utara", "WADMKC": "Kec. Malangke", "WADMKD": "Desa Tolada", "POKTAN": "Gapoktan Reso Temangingngi", "K_POKTAN": "A. Ahmaluddin", "P_SID": "Universitas Negeri Makassar", "NO_HP_1": "0852-5222-2976", "NAMA_PEMIL": "Pemerintah Desa", "N_PETAK": "TDB194", "LUAS_HA": 0.4346594419, "PAKET": "Paket Sulawesi Selatan 14" }, "geometry": { "type": "MultiPolygon", "coordinates": [ [ [ [ 120.413842802503382, -2.716313222477197, 0.0 ], [ 120.414154335754006, -2.716433238802892, 0.0 ], [ 120.414095252094285, -2.716885578006952, 0.0 ], [ 120.413346732865534, -2.716669961049831, 0.0 ], [ 120.413352211535425, -2.716647597608471, 0.0 ], [ 120.413358994222222, -2.716622944493224, 0.0 ], [ 120.413359530218258, -2.71662114584916, 0.0 ], [ 120.413372571287141, -2.716580463217781, 0.0 ], [ 120.41349915176454, -2.716190162845692, 0.0 ], [ 120.413842802503382, -2.716313222477197, 0.0 ] ] ] ] } },
{ "type": "Feature", "properties": { "OBJECTID": 2487, "WADMPR": "Sulawesi Selatan", "WADMKK": "Kab. Luwu Utara", "WADMKC": "Kec. Malangke", "WADMKD": "Desa Tolada", "POKTAN": "Gapoktan Reso Temangingngi", "K_POKTAN": "A. Ahmaluddin", "P_SID": "Universitas Negeri Makassar", "NO_HP_1": "0852-5222-2976", "NAMA_PEMIL": "Pemerintah Desa", "N_PETAK": "TDB195", "LUAS_HA": 0.52131662989000005, "PAKET": "Paket Sulawesi Selatan 14" }, "geometry": { "type": "MultiPolygon", "coordinates": [ [ [ [ 120.415077345043528, -2.716763009405327, 0.0 ], [ 120.414912512802289, -2.717202049435002, 0.0 ], [ 120.414095252094285, -2.716885578006952, 0.0 ], [ 120.414154335754006, -2.716433238802892, 0.0 ], [ 120.415077345043528, -2.716763009405327, 0.0 ] ] ] ] } },
{ "type": "Feature", "properties": { "OBJECTID": 2488, "WADMPR": "Sulawesi Selatan", "WADMKK": "Kab. Luwu Utara", "WADMKC": "Kec. Malangke", "WADMKD": "Desa Tolada", "POKTAN": "Gapoktan Reso Temangingngi", "K_POKTAN": "A. Ahmaluddin", "P_SID": "Universitas Negeri Makassar", "NO_HP_1": "0852-5222-2976", "NAMA_PEMIL": "Pemerintah Desa", "N_PETAK": "TDB196", "LUAS_HA": 0.41087441373, "PAKET": "Paket Sulawesi Selatan 14" }, "geometry": { "type": "MultiPolygon", "coordinates": [ [ [ [ 120.414095252094285, -2.716885578006952, 0.0 ], [ 120.413982211809639, -2.717321463214887, 0.0 ], [ 120.413325314611598, -2.717121752566754, 0.0 ], [ 120.413308569235141, -2.716970983923716, 0.0 ], [ 120.41330803773576, -2.716966491810126, 0.0 ], [ 120.413307864166654, -2.716964748024679, 0.0 ], [ 120.413303168806237, -2.716905653573008, 0.0 ], [ 120.413303025814002, -2.716901956460049, 0.0 ], [ 120.413303374750967, -2.716896431025418, 0.0 ], [ 120.413309122318196, -2.716850343468536, 0.0 ], [ 120.413309381322961, -2.716848555616309, 0.0 ], [ 120.413322408002841, -2.716769734535546, 0.0 ], [ 120.413323058212654, -2.716766603096232, 0.0 ], [ 120.413346732865534, -2.716669961049831, 0.0 ], [ 120.414095252094285, -2.716885578006952, 0.0 ] ] ] ] } },
{ "type": "Feature", "properties": { "OBJECTID": 2489, "WADMPR": "Sulawesi Selatan", "WADMKK": "Kab. Luwu Utara", "WADMKC": "Kec. Malangke", "WADMKD": "Desa Tolada", "POKTAN": "Gapoktan Reso Temangingngi", "K_POKTAN": "A. Ahmaluddin", "P_SID": "Universitas Negeri Makassar", "NO_HP_1": "0852-5222-2976", "NAMA_PEMIL": "Pemerintah Desa", "N_PETAK": "TDB197", "LUAS_HA": 0.46830565236, "PAKET": "Paket Sulawesi Selatan 14" }, "geometry": { "type": "MultiPolygon", "coordinates": [ [ [ [ 120.414912512802289, -2.717202049435002, 0.0 ], [ 120.414749347904149, -2.717629689658395, 0.0 ], [ 120.414306013611736, -2.717440338300946, 0.0 ], [ 120.413982211809639, -2.717321463214887, 0.0 ], [ 120.414095252094285, -2.716885578006952, 0.0 ], [ 120.414912512802289, -2.717202049435002, 0.0 ] ] ] ] } },
{ "type": "Feature", "properties": { "OBJECTID": 2490, "WADMPR": "Sulawesi Selatan", "WADMKK": "Kab. Luwu Utara", "WADMKC": "Kec. Malangke", "WADMKD": "Desa Tolada", "POKTAN": "Gapoktan Reso Temangingngi", "K_POKTAN": "A. Ahmaluddin", "P_SID": "Universitas Negeri Makassar", "NO_HP_1": "0852-5222-2976", "NAMA_PEMIL": "Pemerintah Desa", "N_PETAK": "TDB198", "LUAS_HA": 0.53217180373999995, "PAKET": "Paket Sulawesi Selatan 14" }, "geometry": { "type": "MultiPolygon", "coordinates": [ [ [ [ 120.414749347904149, -2.717629689658395, 0.0 ], [ 120.414417859596597, -2.718469815629419, 0.0 ], [ 120.413998387915285, -2.718321269211174, 0.0 ], [ 120.414182836169061, -2.717743718297925, 0.0 ], [ 120.414306013611736, -2.717440338300946, 0.0 ], [ 120.414749347904149, -2.717629689658395, 0.0 ] ] ] ] } },
{ "type": "Feature", "properties": { "OBJECTID": 2491, "WADMPR": "Sulawesi Selatan", "WADMKK": "Kab. Luwu Utara", "WADMKC": "Kec. Malangke", "WADMKD": "Desa Tolada", "POKTAN": "Gapoktan Reso Temangingngi", "K_POKTAN": "A. Ahmaluddin", "P_SID": "Universitas Negeri Makassar", "NO_HP_1": "0852-5222-2976", "NAMA_PEMIL": "Pemerintah Desa", "N_PETAK": "TDB199", "LUAS_HA": 0.24964567985, "PAKET": "Paket Sulawesi Selatan 14" }, "geometry": { "type": "MultiPolygon", "coordinates": [ [ [ [ 120.414417859596597, -2.718469815629419, 0.0 ], [ 120.414238071629711, -2.718908274697071, 0.0 ], [ 120.413834698712435, -2.718735811708314, 0.0 ], [ 120.413998387915285, -2.718321269211174, 0.0 ], [ 120.414417859596597, -2.718469815629419, 0.0 ] ] ] ] } },
{ "type": "Feature", "properties": { "OBJECTID": 2492, "WADMPR": "Sulawesi Selatan", "WADMKK": "Kab. Luwu Utara", "WADMKC": "Kec. Malangke", "WADMKD": "Desa Tolada", "POKTAN": "Gapoktan Reso Temangingngi", "K_POKTAN": "A. Ahmaluddin", "P_SID": "Universitas Negeri Makassar", "NO_HP_1": "0852-5222-2976", "NAMA_PEMIL": "Pemerintah Desa", "N_PETAK": "TDB200", "LUAS_HA": 0.51168596283000001, "PAKET": "Paket Sulawesi Selatan 14" }, "geometry": { "type": "MultiPolygon", "coordinates": [ [ [ [ 120.413834698712435, -2.718735811708314, 0.0 ], [ 120.414238071629711, -2.718908274697071, 0.0 ], [ 120.414095528186181, -2.719269249975866, 0.0 ], [ 120.413073309285892, -2.71882845536885, 0.0 ], [ 120.413198104608909, -2.718569548645689, 0.0 ], [ 120.413221217185537, -2.718502961942079, 0.0 ], [ 120.413834698712435, -2.718735811708314, 0.0 ] ] ] ] } },
{ "type": "Feature", "properties": { "OBJECTID": 2493, "WADMPR": "Sulawesi Selatan", "WADMKK": "Kab. Luwu Utara", "WADMKC": "Kec. Malangke", "WADMKD": "Desa Tolada", "POKTAN": "Gapoktan Reso Temangingngi", "K_POKTAN": "A. Ahmaluddin", "P_SID": "Universitas Negeri Makassar", "NO_HP_1": "0852-5222-2976", "NAMA_PEMIL": "Pemerintah Desa", "N_PETAK": "TDB201", "LUAS_HA": 0.35364849838000001, "PAKET": "Paket Sulawesi Selatan 14" }, "geometry": { "type": "MultiPolygon", "coordinates": [ [ [ [ 120.413982211809639, -2.717321463214887, 0.0 ], [ 120.414306013611736, -2.717440338300946, 0.0 ], [ 120.414182836169061, -2.717743718297925, 0.0 ], [ 120.413437685800659, -2.717438803158188, 0.0 ], [ 120.413358524776186, -2.717420739375598, 0.0 ], [ 120.413325314611598, -2.717121752566754, 0.0 ], [ 120.413982211809639, -2.717321463214887, 0.0 ] ] ] ] } },
{ "type": "Feature", "properties": { "OBJECTID": 2494, "WADMPR": "Sulawesi Selatan", "WADMKK": "Kab. Luwu Utara", "WADMKC": "Kec. Malangke", "WADMKD": "Desa Tolada", "POKTAN": "Gapoktan Reso Temangingngi", "K_POKTAN": "A. Ahmaluddin", "P_SID": "Universitas Negeri Makassar", "NO_HP_1": "0852-5222-2976", "NAMA_PEMIL": "Pemerintah Desa", "N_PETAK": "TDB202", "LUAS_HA": 0.58849677255, "PAKET": "Paket Sulawesi Selatan 14" }, "geometry": { "type": "MultiPolygon", "coordinates": [ [ [ [ 120.414182836169061, -2.717743718297925, 0.0 ], [ 120.413998387915285, -2.718321269211174, 0.0 ], [ 120.413350295979399, -2.718082484818751, 0.0 ], [ 120.413355189190725, -2.718061280603592, 0.0 ], [ 120.413361332459544, -2.718000481936656, 0.0 ], [ 120.41337638171467, -2.717851556903781, 0.0 ], [ 120.413376470747608, -2.717849293310167, 0.0 ], [ 120.413377744187642, -2.717692063038214, 0.0 ], [ 120.413377714510034, -2.717690903812127, 0.0 ], [ 120.413376064254066, -2.717653019870909, 0.0 ], [ 120.413371502892574, -2.717588234509378, 0.0 ], [ 120.413361755140954, -2.717449820752563, 0.0 ], [ 120.413358524776186, -2.717420739375598, 0.0 ], [ 120.413437685800659, -2.717438803158188, 0.0 ], [ 120.414182836169061, -2.717743718297925, 0.0 ] ] ] ] } },
{ "type": "Feature", "properties": { "OBJECTID": 2495, "WADMPR": "Sulawesi Selatan", "WADMKK": "Kab. Luwu Utara", "WADMKC": "Kec. Malangke", "WADMKD": "Desa Tolada", "POKTAN": "Gapoktan Reso Temangingngi", "K_POKTAN": "A. Ahmaluddin", "P_SID": "Universitas Negeri Makassar", "NO_HP_1": "0852-5222-2976", "NAMA_PEMIL": "Pemerintah Desa", "N_PETAK": "TDB203", "LUAS_HA": 0.36368698110999997, "PAKET": "Paket Sulawesi Selatan 14" }, "geometry": { "type": "MultiPolygon", "coordinates": [ [ [ [ 120.413998387915285, -2.718321269211174, 0.0 ], [ 120.413834698712435, -2.718735811708314, 0.0 ], [ 120.413221217185537, -2.718502961942079, 0.0 ], [ 120.413299089481484, -2.71827861796379, 0.0 ], [ 120.413334752097171, -2.718149843140679, 0.0 ], [ 120.413350295979399, -2.718082484818751, 0.0 ], [ 120.413998387915285, -2.718321269211174, 0.0 ] ] ] ] } },
{ "type": "Feature", "properties": { "OBJECTID": 2496, "WADMPR": "Sulawesi Selatan", "WADMKK": "Kab. Luwu Utara", "WADMKC": "Kec. Malangke", "WADMKD": "Desa Tolada", "POKTAN": "Gapoktan Reso Temangingngi", "K_POKTAN": "A. Ahmaluddin", "P_SID": "Universitas Negeri Makassar", "NO_HP_1": "0852-5222-2976", "NAMA_PEMIL": "Pemerintah Desa", "N_PETAK": "TDB204", "LUAS_HA": 0.56213721492000002, "PAKET": "Paket Sulawesi Selatan 14" }, "geometry": { "type": "MultiPolygon", "coordinates": [ [ [ [ 120.414095528186181, -2.719269249975866, 0.0 ], [ 120.413919316823126, -2.719702608988143, 0.0 ], [ 120.413514845833561, -2.719462125776431, 0.0 ], [ 120.412893771330573, -2.719129676093644, 0.0 ], [ 120.412904025400508, -2.719114615147305, 0.0 ], [ 120.413030408926261, -2.718917458573799, 0.0 ], [ 120.413073309285892, -2.71882845536885, 0.0 ], [ 120.414095528186181, -2.719269249975866, 0.0 ] ] ] ] } },
{ "type": "Feature", "properties": { "OBJECTID": 2497, "WADMPR": "Sulawesi Selatan", "WADMKK": "Kab. Luwu Utara", "WADMKC": "Kec. Malangke", "WADMKD": "Desa Tolada", "POKTAN": "Gapoktan Reso Temangingngi", "K_POKTAN": "A. Ahmaluddin", "P_SID": "Universitas Negeri Makassar", "NO_HP_1": "0852-5222-2976", "NAMA_PEMIL": "Pemerintah Desa", "N_PETAK": "TDB205", "LUAS_HA": 0.38450165343999998, "PAKET": "Paket Sulawesi Selatan 14" }, "geometry": { "type": "MultiPolygon", "coordinates": [ [ [ [ 120.413514845833561, -2.719462125776431, 0.0 ], [ 120.413205921516123, -2.719811239896728, 0.0 ], [ 120.412600464639809, -2.71948979431852, 0.0 ], [ 120.412685960488716, -2.719396182987396, 0.0 ], [ 120.412814121974179, -2.719246659905366, 0.0 ], [ 120.412893771330573, -2.719129676093644, 0.0 ], [ 120.413514845833561, -2.719462125776431, 0.0 ] ] ] ] } },
{ "type": "Feature", "properties": { "OBJECTID": 2498, "WADMPR": "Sulawesi Selatan", "WADMKK": "Kab. Luwu Utara", "WADMKC": "Kec. Malangke", "WADMKD": "Desa Tolada", "POKTAN": "Gapoktan Reso Temangingngi", "K_POKTAN": "A. Ahmaluddin", "P_SID": "Universitas Negeri Makassar", "NO_HP_1": "0852-5222-2976", "NAMA_PEMIL": "Pemerintah Desa", "N_PETAK": "TDB206", "LUAS_HA": 0.41591593646000002, "PAKET": "Paket Sulawesi Selatan 14" }, "geometry": { "type": "MultiPolygon", "coordinates": [ [ [ [ 120.413205921516123, -2.719811239896728, 0.0 ], [ 120.412924323998368, -2.72025465782616, 0.0 ], [ 120.412307902587713, -2.719787237890671, 0.0 ], [ 120.412329118494085, -2.719766695576482, 0.0 ], [ 120.412488646533916, -2.719612225323885, 0.0 ], [ 120.412600464639809, -2.71948979431852, 0.0 ], [ 120.413205921516123, -2.719811239896728, 0.0 ] ] ] ] } },
{ "type": "Feature", "properties": { "OBJECTID": 2499, "WADMPR": "Sulawesi Selatan", "WADMKK": "Kab. Luwu Utara", "WADMKC": "Kec. Malangke", "WADMKD": "Desa Tolada", "POKTAN": "Gapoktan Reso Temangingngi", "K_POKTAN": "A. Ahmaluddin", "P_SID": "Universitas Negeri Makassar", "NO_HP_1": "0852-5222-2976", "NAMA_PEMIL": "Pemerintah Desa", "N_PETAK": "TDB207", "LUAS_HA": 0.61492149493000003, "PAKET": "Paket Sulawesi Selatan 14" }, "geometry": { "type": "MultiPolygon", "coordinates": [ [ [ [ 120.413921512068214, -2.720276875577326, 0.0 ], [ 120.413634122916505, -2.720823833353165, 0.0 ], [ 120.412924323998368, -2.72025465782616, 0.0 ], [ 120.413205921516123, -2.719811239896728, 0.0 ], [ 120.413921512068214, -2.720276875577326, 0.0 ] ] ] ] } },
{ "type": "Feature", "properties": { "OBJECTID": 2500, "WADMPR": "Sulawesi Selatan", "WADMKK": "Kab. Luwu Utara", "WADMKC": "Kec. Malangke", "WADMKD": "Desa Tolada", "POKTAN": "Gapoktan Reso Temangingngi", "K_POKTAN": "A. Ahmaluddin", "P_SID": "Universitas Negeri Makassar", "NO_HP_1": "0852-5222-2976", "NAMA_PEMIL": "Pemerintah Desa", "N_PETAK": "TDB208", "LUAS_HA": 0.49431212284999998, "PAKET": "Paket Sulawesi Selatan 14" }, "geometry": { "type": "MultiPolygon", "coordinates": [ [ [ [ 120.413919316823126, -2.719702608988143, 0.0 ], [ 120.414230956193705, -2.71990345727869, 0.0 ], [ 120.414107295815143, -2.720053039715935, 0.0 ], [ 120.413921512068214, -2.720276875577326, 0.0 ], [ 120.413205921516123, -2.719811239896728, 0.0 ], [ 120.413514845833561, -2.719462125776431, 0.0 ], [ 120.413919316823126, -2.719702608988143, 0.0 ] ] ] ] } },
{ "type": "Feature", "properties": { "OBJECTID": 2501, "WADMPR": "Sulawesi Selatan", "WADMKK": "Kab. Luwu Utara", "WADMKC": "Kec. Malangke", "WADMKD": "Desa Tolada", "POKTAN": "Gapoktan Reso Temangingngi", "K_POKTAN": "A. Ahmaluddin", "P_SID": "Universitas Negeri Makassar", "NO_HP_1": "0852-5222-2976", "NAMA_PEMIL": "Pemerintah Desa", "N_PETAK": "TDB209", "LUAS_HA": 0.98267421561000001, "PAKET": "Paket Sulawesi Selatan 14" }, "geometry": { "type": "MultiPolygon", "coordinates": [ [ [ [ 120.412951527590963, -2.713324125108215, 0.0 ], [ 120.413396432099717, -2.713882515965281, 0.0 ], [ 120.413369389485752, -2.713899469984483, 0.0 ], [ 120.413351919255774, -2.713911461544683, 0.0 ], [ 120.413200690159783, -2.714014420429123, 0.0 ], [ 120.413095585492897, -2.714103760879823, 0.0 ], [ 120.412959849017852, -2.714245436477654, 0.0 ], [ 120.412904314982256, -2.714302958914402, 0.0 ], [ 120.412852637239439, -2.714362998553497, 0.0 ], [ 120.4128306227351, -2.714391487277283, 0.0 ], [ 120.412148007624523, -2.713657797869018, 0.0 ], [ 120.412666381348458, -2.713147170005868, 0.0 ], [ 120.412746832900098, -2.713072494799746, 0.0 ], [ 120.412951527590963, -2.713324125108215, 0.0 ] ] ] ] } },
{ "type": "Feature", "properties": { "OBJECTID": 2502, "WADMPR": "Sulawesi Selatan", "WADMKK": "Kab. Luwu Utara", "WADMKC": "Kec. Malangke", "WADMKD": "Desa Tolada", "POKTAN": "Gapoktan Reso Temangingngi", "K_POKTAN": "A. Ahmaluddin", "P_SID": "Universitas Negeri Makassar", "NO_HP_1": "0852-5222-2976", "NAMA_PEMIL": "Pemerintah Desa", "N_PETAK": "TDB210", "LUAS_HA": 0.83008417897999998, "PAKET": "Paket Sulawesi Selatan 14" }, "geometry": { "type": "MultiPolygon", "coordinates": [ [ [ [ 120.414711834483683, -2.720529949297656, 0.0 ], [ 120.414405380603853, -2.721078146339323, 0.0 ], [ 120.414224685221143, -2.720924498966383, 0.0 ], [ 120.414082157965254, -2.721196863144655, 0.0 ], [ 120.413619055674985, -2.7208512635749, 0.0 ], [ 120.413634122916505, -2.720823833353165, 0.0 ], [ 120.413921512068214, -2.720276875577326, 0.0 ], [ 120.414107295815143, -2.720053039715935, 0.0 ], [ 120.414711834483683, -2.720529949297656, 0.0 ] ] ] ] } },
{ "type": "Feature", "properties": { "OBJECTID": 2503, "WADMPR": "Sulawesi Selatan", "WADMKK": "Kab. Luwu Utara", "WADMKC": "Kec. Malangke", "WADMKD": "Desa Tolada", "POKTAN": "Gapoktan Reso Temangingngi", "K_POKTAN": "A. Ahmaluddin", "P_SID": "Universitas Negeri Makassar", "NO_HP_1": "0852-5222-2976", "NAMA_PEMIL": "Pemerintah Desa", "N_PETAK": "TDB211", "LUAS_HA": 0.8091805619, "PAKET": "Paket Sulawesi Selatan 14" }, "geometry": { "type": "MultiPolygon", "coordinates": [ [ [ [ 120.415159730137475, -2.719745171202646, 0.0 ], [ 120.414711834483683, -2.720529949297656, 0.0 ], [ 120.414107295815143, -2.720053039715935, 0.0 ], [ 120.414230956193705, -2.71990345727869, 0.0 ], [ 120.414593588923026, -2.719293809561634, 0.0 ], [ 120.415159730137475, -2.719745171202646, 0.0 ] ] ] ] } },
{ "type": "Feature", "properties": { "OBJECTID": 2504, "WADMPR": "Sulawesi Selatan", "WADMKK": "Kab. Luwu Utara", "WADMKC": "Kec. Malangke", "WADMKD": "Desa Tolada", "POKTAN": "Gapoktan Reso Temangingngi", "K_POKTAN": "A. Ahmaluddin", "P_SID": "Universitas Negeri Makassar", "NO_HP_1": "0852-5222-2976", "NAMA_PEMIL": "Pemerintah Desa", "N_PETAK": "TDB212", "LUAS_HA": 0.85009068619000006, "PAKET": "Paket Sulawesi Selatan 14" }, "geometry": { "type": "MultiPolygon", "coordinates": [ [ [ [ 120.41545138387437, -2.719976960668134, 0.0 ], [ 120.414737605456139, -2.721285577667231, 0.0 ], [ 120.414587239709363, -2.721554246531184, 0.0 ], [ 120.414580768187989, -2.721562629111986, 0.0 ], [ 120.41428264472836, -2.721336194209925, 0.0 ], [ 120.414405380603853, -2.721078146339323, 0.0 ], [ 120.414711834483683, -2.720529949297656, 0.0 ], [ 120.415159730137475, -2.719745171202646, 0.0 ], [ 120.415161768900589, -2.71974160089411, 0.0 ], [ 120.41545138387437, -2.719976960668134, 0.0 ] ] ] ] } },
{ "type": "Feature", "properties": { "OBJECTID": 2505, "WADMPR": "Sulawesi Selatan", "WADMKK": "Kab. Luwu Utara", "WADMKC": "Kec. Malangke", "WADMKD": "Desa Tolada", "POKTAN": "Gapoktan Reso Temangingngi", "K_POKTAN": "A. Ahmaluddin", "P_SID": "Universitas Negeri Makassar", "NO_HP_1": "0852-5222-2976", "NAMA_PEMIL": "Pemerintah Desa", "N_PETAK": "TDB213", "LUAS_HA": 0.38775791959, "PAKET": "Paket Sulawesi Selatan 14" }, "geometry": { "type": "MultiPolygon", "coordinates": [ [ [ [ 120.415612027073507, -2.720118475287336, 0.0 ], [ 120.414914876220678, -2.721414635776796, 0.0 ], [ 120.414826851478097, -2.721350550987097, 0.0 ], [ 120.414776430088295, -2.721309161488591, 0.0 ], [ 120.414774117031925, -2.721312159828244, 0.0 ], [ 120.414737605456139, -2.721285577667231, 0.0 ], [ 120.41545138387437, -2.719976960668134, 0.0 ], [ 120.415612027073507, -2.720118475287336, 0.0 ] ] ] ] } },
{ "type": "Feature", "properties": { "OBJECTID": 2506, "WADMPR": "Sulawesi Selatan", "WADMKK": "Kab. Luwu Utara", "WADMKC": "Kec. Malangke", "WADMKD": "Desa Tolada", "POKTAN": "Gapoktan Reso Temangingngi", "K_POKTAN": "A. Ahmaluddin", "P_SID": "Universitas Negeri Makassar", "NO_HP_1": "0852-5222-2976", "NAMA_PEMIL": "Pemerintah Desa", "N_PETAK": "TDB214", "LUAS_HA": 0.95139362968999996, "PAKET": "Paket Sulawesi Selatan 14" }, "geometry": { "type": "MultiPolygon", "coordinates": [ [ [ [ 120.415980812964222, -2.720375995255949, 0.0 ], [ 120.41583477205711, -2.720846337988064, 0.0 ], [ 120.415354403682841, -2.721754227875294, 0.0 ], [ 120.415122667277387, -2.721569468456153, 0.0 ], [ 120.415116809093547, -2.721498314095868, 0.0 ], [ 120.41508825741721, -2.721454620534246, 0.0 ], [ 120.415047910232943, -2.721437374235393, 0.0 ], [ 120.415008804113086, -2.721439985866596, 0.0 ], [ 120.41497327459706, -2.721436229398421, 0.0 ], [ 120.414945624940742, -2.721435860676365, 0.0 ], [ 120.414914876220678, -2.721414635776796, 0.0 ], [ 120.415612027073507, -2.720118475287336, 0.0 ], [ 120.415980812964222, -2.720375995255949, 0.0 ] ] ] ] } },
{ "type": "Feature", "properties": { "OBJECTID": 2507, "WADMPR": "Sulawesi Selatan", "WADMKK": "Kab. Luwu Utara", "WADMKC": "Kec. Malangke", "WADMKD": "Desa Tolada", "POKTAN": "Gapoktan Reso Temangingngi", "K_POKTAN": "A. Ahmaluddin", "P_SID": "Universitas Negeri Makassar", "NO_HP_1": "0852-5222-2976", "NAMA_PEMIL": "Pemerintah Desa", "N_PETAK": "TDB215", "LUAS_HA": 2.4686054294700002, "PAKET": "Paket Sulawesi Selatan 14" }, "geometry": { "type": "MultiPolygon", "coordinates": [ [ [ [ 120.417430679282461, -2.721836889061137, 0.0 ], [ 120.417043604778655, -2.722735508736719, 0.0 ], [ 120.416744866182739, -2.72256682110185, 0.0 ], [ 120.416638100468049, -2.722751371878246, 0.0 ], [ 120.416044588387081, -2.722274912856903, 0.0 ], [ 120.416113364040598, -2.722161654936372, 0.0 ], [ 120.415753943689651, -2.721891524674049, 0.0 ], [ 120.41569664968074, -2.721956263270897, 0.0 ], [ 120.415354403682841, -2.721754227875294, 0.0 ], [ 120.41583477205711, -2.720846337988064, 0.0 ], [ 120.417430679282461, -2.721836889061137, 0.0 ] ] ] ] } },
{ "type": "Feature", "properties": { "OBJECTID": 2508, "WADMPR": "Sulawesi Selatan", "WADMKK": "Kab. Luwu Utara", "WADMKC": "Kec. Malangke", "WADMKD": "Desa Tolada", "POKTAN": "Gapoktan Reso Temangingngi", "K_POKTAN": "A. Ahmaluddin", "P_SID": "Universitas Negeri Makassar", "NO_HP_1": "0852-5222-2976", "NAMA_PEMIL": "Pemerintah Desa", "N_PETAK": "TDB216", "LUAS_HA": 0.95389685746999997, "PAKET": "Paket Sulawesi Selatan 14" }, "geometry": { "type": "MultiPolygon", "coordinates": [ [ [ [ 120.417430679282461, -2.721836889061137, 0.0 ], [ 120.41583477205711, -2.720846337988064, 0.0 ], [ 120.415980812964222, -2.720375995255949, 0.0 ], [ 120.417589131733052, -2.721543865656827, 0.0 ], [ 120.417430679282461, -2.721836889061137, 0.0 ] ] ] ] } },
{ "type": "Feature", "properties": { "OBJECTID": 2509, "WADMPR": "Sulawesi Selatan", "WADMKK": "Kab. Luwu Utara", "WADMKC": "Kec. Malangke", "WADMKD": "Desa Tolada", "POKTAN": "Gapoktan Reso Temangingngi", "K_POKTAN": "A. Ahmaluddin", "P_SID": "Universitas Negeri Makassar", "NO_HP_1": "0852-5222-2976", "NAMA_PEMIL": "Pemerintah Desa", "N_PETAK": "TDB217", "LUAS_HA": 2.3875995401400001, "PAKET": "Paket Sulawesi Selatan 14" }, "geometry": { "type": "MultiPolygon", "coordinates": [ [ [ [ 120.414121996133304, -2.72407873704401, 0.0 ], [ 120.414263069185381, -2.723684593868882, 0.0 ], [ 120.414382250940207, -2.723369066728992, 0.0 ], [ 120.414651464793337, -2.722866481502876, 0.0 ], [ 120.414951780800152, -2.722326772262704, 0.0 ], [ 120.415188342068404, -2.722496672183638, 0.0 ], [ 120.415111596622978, -2.722641560159843, 0.0 ], [ 120.415400061363812, -2.722821831961937, 0.0 ], [ 120.415450080756727, -2.722712017545518, 0.0 ], [ 120.415771975096618, -2.722939673726898, 0.0 ], [ 120.415315376703347, -2.723834191594619, 0.0 ], [ 120.414967792329776, -2.724693546869673, 0.0 ], [ 120.414121996133304, -2.72407873704401, 0.0 ] ] ] ] } },
{ "type": "Feature", "properties": { "OBJECTID": 2510, "WADMPR": "Sulawesi Selatan", "WADMKK": "Kab. Luwu Utara", "WADMKC": "Kec. Malangke", "WADMKD": "Desa Tolada", "POKTAN": "Gapoktan Reso Temangingngi", "K_POKTAN": "A. Ahmaluddin", "P_SID": "Universitas Negeri Makassar", "NO_HP_1": "0852-5222-2976", "NAMA_PEMIL": "Pemerintah Desa", "N_PETAK": "TDB218", "LUAS_HA": 1.0437370528100001, "PAKET": "Paket Sulawesi Selatan 14" }, "geometry": { "type": "MultiPolygon", "coordinates": [ [ [ [ 120.414951780800152, -2.722326772262704, 0.0 ], [ 120.414651464793337, -2.722866481502876, 0.0 ], [ 120.413831660802543, -2.722308426092923, 0.0 ], [ 120.41432729157134, -2.721480799798996, 0.0 ], [ 120.414594033188109, -2.72169247502768, 0.0 ], [ 120.414475477361407, -2.72188270232482, 0.0 ], [ 120.414681789932729, -2.72203017225462, 0.0 ], [ 120.414795166563749, -2.721857220933941, 0.0 ], [ 120.415081124894073, -2.722078280588107, 0.0 ], [ 120.414951780800152, -2.722326772262704, 0.0 ] ] ] ] } },
{ "type": "Feature", "properties": { "OBJECTID": 2511, "WADMPR": "Sulawesi Selatan", "WADMKK": "Kab. Luwu Utara", "WADMKC": "Kec. Malangke", "WADMKD": "Desa Tolada", "POKTAN": "Gapoktan Reso Temangingngi", "K_POKTAN": "A. Ahmaluddin", "P_SID": "Universitas Negeri Makassar", "NO_HP_1": "0852-5222-2976", "NAMA_PEMIL": "Pemerintah Desa", "N_PETAK": "TDB219", "LUAS_HA": 1.0341087357300001, "PAKET": "Paket Sulawesi Selatan 14" }, "geometry": { "type": "MultiPolygon", "coordinates": [ [ [ [ 120.41432729157134, -2.721480799798996, 0.0 ], [ 120.413831660802543, -2.722308426092923, 0.0 ], [ 120.413136513639301, -2.721748929969124, 0.0 ], [ 120.41314777944649, -2.721712515520153, 0.0 ], [ 120.413605669266303, -2.720953541672543, 0.0 ], [ 120.41432729157134, -2.721480799798996, 0.0 ] ] ] ] } },
{ "type": "Feature", "properties": { "OBJECTID": 2512, "WADMPR": "Sulawesi Selatan", "WADMKK": "Kab. Luwu Utara", "WADMKC": "Kec. Malangke", "WADMKD": "Desa Tolada", "POKTAN": "Gapoktan Reso Temangingngi", "K_POKTAN": "A. Ahmaluddin", "P_SID": "Universitas Negeri Makassar", "NO_HP_1": "0852-5222-2976", "NAMA_PEMIL": "Pemerintah Desa", "N_PETAK": "TDB220", "LUAS_HA": 1.1751465726600001, "PAKET": "Paket Sulawesi Selatan 14" }, "geometry": { "type": "MultiPolygon", "coordinates": [ [ [ [ 120.413605669266303, -2.720953541672543, 0.0 ], [ 120.41314777944649, -2.721712515520153, 0.0 ], [ 120.412860924492179, -2.721512934374402, 0.0 ], [ 120.412535517400215, -2.721286398748248, 0.0 ], [ 120.412275263492688, -2.721105676385832, 0.0 ], [ 120.412579539214448, -2.720615873223949, 0.0 ], [ 120.412769118999677, -2.720321305683683, 0.0 ], [ 120.413605669266303, -2.720953541672543, 0.0 ] ] ] ] } },
{ "type": "Feature", "properties": { "OBJECTID": 2513, "WADMPR": "Sulawesi Selatan", "WADMKK": "Kab. Luwu Utara", "WADMKC": "Kec. Malangke", "WADMKD": "Desa Tolada", "POKTAN": "Gapoktan Reso Temangingngi", "K_POKTAN": "A. Ahmaluddin", "P_SID": "Universitas Negeri Makassar", "NO_HP_1": "0852-5222-2976", "NAMA_PEMIL": "Pemerintah Desa", "N_PETAK": "TDB221", "LUAS_HA": 1.02583405257, "PAKET": "Paket Sulawesi Selatan 14" }, "geometry": { "type": "MultiPolygon", "coordinates": [ [ [ [ 120.414651464793337, -2.722866481502876, 0.0 ], [ 120.414382250940207, -2.723369066728992, 0.0 ], [ 120.414263069185381, -2.723684593868882, 0.0 ], [ 120.41348612508466, -2.723075029788731, 0.0 ], [ 120.413831660802543, -2.722308426092923, 0.0 ], [ 120.414651464793337, -2.722866481502876, 0.0 ] ] ] ] } },
{ "type": "Feature", "properties": { "OBJECTID": 2514, "WADMPR": "Sulawesi Selatan", "WADMKK": "Kab. Luwu Utara", "WADMKC": "Kec. Malangke", "WADMKD": "Desa Tolada", "POKTAN": "Gapoktan Reso Temangingngi", "K_POKTAN": "A. Ahmaluddin", "P_SID": "Universitas Negeri Makassar", "NO_HP_1": "0852-5222-2976", "NAMA_PEMIL": "Pemerintah Desa", "N_PETAK": "TDB222", "LUAS_HA": 0.90916922292000002, "PAKET": "Paket Sulawesi Selatan 14" }, "geometry": { "type": "MultiPolygon", "coordinates": [ [ [ [ 120.413831660802543, -2.722308426092923, 0.0 ], [ 120.41348612508466, -2.723075029788731, 0.0 ], [ 120.412777432332746, -2.722539673267249, 0.0 ], [ 120.413136513639301, -2.721748929969124, 0.0 ], [ 120.413831660802543, -2.722308426092923, 0.0 ] ] ] ] } },
{ "type": "Feature", "properties": { "OBJECTID": 2515, "WADMPR": "Sulawesi Selatan", "WADMKK": "Kab. Luwu Utara", "WADMKC": "Kec. Malangke", "WADMKD": "Desa Tolada", "POKTAN": "Gapoktan Reso Temangingngi", "K_POKTAN": "A. Ahmaluddin", "P_SID": "Universitas Negeri Makassar", "NO_HP_1": "0852-5222-2976", "NAMA_PEMIL": "Pemerintah Desa", "N_PETAK": "TDB223", "LUAS_HA": 0.41976411262000002, "PAKET": "Paket Sulawesi Selatan 14" }, "geometry": { "type": "MultiPolygon", "coordinates": [ [ [ [ 120.41314777944649, -2.721712515520153, 0.0 ], [ 120.413136513639301, -2.721748929969124, 0.0 ], [ 120.412777432332746, -2.722539673267249, 0.0 ], [ 120.41244004357327, -2.722287866691659, 0.0 ], [ 120.412860924492179, -2.721512934374402, 0.0 ], [ 120.41314777944649, -2.721712515520153, 0.0 ] ] ] ] } },
{ "type": "Feature", "properties": { "OBJECTID": 2516, "WADMPR": "Sulawesi Selatan", "WADMKK": "Kab. Luwu Utara", "WADMKC": "Kec. Malangke", "WADMKD": "Desa Tolada", "POKTAN": "Gapoktan Reso Temangingngi", "K_POKTAN": "A. Ahmaluddin", "P_SID": "Universitas Negeri Makassar", "NO_HP_1": "0852-5222-2976", "NAMA_PEMIL": "Pemerintah Desa", "N_PETAK": "TDB224", "LUAS_HA": 0.46656060242000003, "PAKET": "Paket Sulawesi Selatan 14" }, "geometry": { "type": "MultiPolygon", "coordinates": [ [ [ [ 120.412860924492179, -2.721512934374402, 0.0 ], [ 120.41244004357327, -2.722287866691659, 0.0 ], [ 120.412056530384575, -2.722001714107762, 0.0 ], [ 120.412535517400215, -2.721286398748248, 0.0 ], [ 120.412860924492179, -2.721512934374402, 0.0 ] ] ] ] } },
{ "type": "Feature", "properties": { "OBJECTID": 2517, "WADMPR": "Sulawesi Selatan", "WADMKK": "Kab. Luwu Utara", "WADMKC": "Kec. Malangke", "WADMKD": "Desa Tolada", "POKTAN": "Gapoktan Reso Temangingngi", "K_POKTAN": "A. Ahmaluddin", "P_SID": "Universitas Negeri Makassar", "NO_HP_1": "0852-5222-2976", "NAMA_PEMIL": "Pemerintah Desa", "N_PETAK": "TDB225", "LUAS_HA": 0.60843735718000003, "PAKET": "Paket Sulawesi Selatan 14" }, "geometry": { "type": "MultiPolygon", "coordinates": [ [ [ [ 120.412275263492688, -2.721105676385832, 0.0 ], [ 120.412535517400215, -2.721286398748248, 0.0 ], [ 120.412056530384575, -2.722001714107762, 0.0 ], [ 120.411948669295725, -2.721941109694399, 0.0 ], [ 120.411604519433126, -2.721709005466209, 0.0 ], [ 120.411630616859497, -2.721659985220072, 0.0 ], [ 120.412046424702794, -2.720950932739299, 0.0 ], [ 120.412275263492688, -2.721105676385832, 0.0 ] ] ] ] } },
{ "type": "Feature", "properties": { "OBJECTID": 2518, "WADMPR": "Sulawesi Selatan", "WADMKK": "Kab. Luwu Utara", "WADMKC": "Kec. Malangke", "WADMKD": "Desa Tolada", "POKTAN": "Gapoktan Reso Temangingngi", "K_POKTAN": "A. Ahmaluddin", "P_SID": "Universitas Negeri Makassar", "NO_HP_1": "0852-5222-2976", "NAMA_PEMIL": "Pemerintah Desa", "N_PETAK": "TDB226", "LUAS_HA": 0.34053561954, "PAKET": "Paket Sulawesi Selatan 14" }, "geometry": { "type": "MultiPolygon", "coordinates": [ [ [ [ 120.412769118999677, -2.720321305683683, 0.0 ], [ 120.412579539214448, -2.720615873223949, 0.0 ], [ 120.411932730611056, -2.720157078686213, 0.0 ], [ 120.411977180502504, -2.720103435924784, 0.0 ], [ 120.411981177089729, -2.720099224399632, 0.0 ], [ 120.411993277467786, -2.720088013451004, 0.0 ], [ 120.412161273524021, -2.719929219258006, 0.0 ], [ 120.412208307167703, -2.719883675790982, 0.0 ], [ 120.412769118999677, -2.720321305683683, 0.0 ] ] ] ] } },
{ "type": "Feature", "properties": { "OBJECTID": 2519, "WADMPR": "Sulawesi Selatan", "WADMKK": "Kab. Luwu Utara", "WADMKC": "Kec. Malangke", "WADMKD": "Desa Tolada", "POKTAN": "Gapoktan Reso Temangingngi", "K_POKTAN": "A. Ahmaluddin", "P_SID": "Universitas Negeri Makassar", "NO_HP_1": "0852-5222-2976", "NAMA_PEMIL": "Pemerintah Desa", "N_PETAK": "TDB227", "LUAS_HA": 0.59212413903000005, "PAKET": "Paket Sulawesi Selatan 14" }, "geometry": { "type": "MultiPolygon", "coordinates": [ [ [ [ 120.412579539214448, -2.720615873223949, 0.0 ], [ 120.412275263492688, -2.721105676385832, 0.0 ], [ 120.412046424702794, -2.720950932739299, 0.0 ], [ 120.411575550471298, -2.720620993963678, 0.0 ], [ 120.41169683124383, -2.720448528276904, 0.0 ], [ 120.411698134361473, -2.720446767404326, 0.0 ], [ 120.411783254293823, -2.720337415239499, 0.0 ], [ 120.411814635237306, -2.720299180562677, 0.0 ], [ 120.41181595544208, -2.720297658010452, 0.0 ], [ 120.41181924965872, -2.72029403014534, 0.0 ], [ 120.411932730611056, -2.720157078686213, 0.0 ], [ 120.412579539214448, -2.720615873223949, 0.0 ] ] ] ] } },
{ "type": "Feature", "properties": { "OBJECTID": 2520, "WADMPR": "Sulawesi Selatan", "WADMKK": "Kab. Luwu Utara", "WADMKC": "Kec. Malangke", "WADMKD": "Desa Tolada", "POKTAN": "Gapoktan Reso Temangingngi", "K_POKTAN": "A. Ahmaluddin", "P_SID": "Universitas Negeri Makassar", "NO_HP_1": "0852-5222-2976", "NAMA_PEMIL": "Pemerintah Desa", "N_PETAK": "TDB228", "LUAS_HA": 0.62302825420999997, "PAKET": "Paket Sulawesi Selatan 14" }, "geometry": { "type": "MultiPolygon", "coordinates": [ [ [ [ 120.412046424702794, -2.720950932739299, 0.0 ], [ 120.411630616859497, -2.721659985220072, 0.0 ], [ 120.411470900861445, -2.721552286009171, 0.0 ], [ 120.411098322529597, -2.721305548012594, 0.0 ], [ 120.411133815173457, -2.721243230390712, 0.0 ], [ 120.411135034654194, -2.721241224003222, 0.0 ], [ 120.41122655326285, -2.721099196770467, 0.0 ], [ 120.411227836595458, -2.721097309093466, 0.0 ], [ 120.411229762943321, -2.721094629113793, 0.0 ], [ 120.411282813051457, -2.721020792075819, 0.0 ], [ 120.411436201419633, -2.72081915418056, 0.0 ], [ 120.411575550471298, -2.720620993963678, 0.0 ], [ 120.412046424702794, -2.720950932739299, 0.0 ] ] ] ] } },
{ "type": "Feature", "properties": { "OBJECTID": 2521, "WADMPR": "Sulawesi Selatan", "WADMKK": "Kab. Luwu Utara", "WADMKC": "Kec. Malangke", "WADMKD": "Desa Tolada", "POKTAN": "Gapoktan Reso Temangingngi", "K_POKTAN": "A. Ahmaluddin", "P_SID": "Universitas Negeri Makassar", "NO_HP_1": "0852-5222-2976", "NAMA_PEMIL": "Pemerintah Desa", "N_PETAK": "TDB229", "LUAS_HA": 0.36208962240999998, "PAKET": "Paket Sulawesi Selatan 14" }, "geometry": { "type": "MultiPolygon", "coordinates": [ [ [ [ 120.411470900861445, -2.721552286009171, 0.0 ], [ 120.411112602864364, -2.722143460752079, 0.0 ], [ 120.410776201560566, -2.721897672439582, 0.0 ], [ 120.410847763313654, -2.721764265208606, 0.0 ], [ 120.411022837933729, -2.72143846511301, 0.0 ], [ 120.411034152304296, -2.721418218675808, 0.0 ], [ 120.411098322529597, -2.721305548012594, 0.0 ], [ 120.411470900861445, -2.721552286009171, 0.0 ] ] ] ] } },
{ "type": "Feature", "properties": { "OBJECTID": 2522, "WADMPR": "Sulawesi Selatan", "WADMKK": "Kab. Luwu Utara", "WADMKC": "Kec. Malangke", "WADMKD": "Desa Tolada", "POKTAN": "Gapoktan Reso Temangingngi", "K_POKTAN": "A. Ahmaluddin", "P_SID": "Universitas Negeri Makassar", "NO_HP_1": "0852-5222-2976", "NAMA_PEMIL": "Pemerintah Desa", "N_PETAK": "TDB230", "LUAS_HA": 0.49885368548999998, "PAKET": "Paket Sulawesi Selatan 14" }, "geometry": { "type": "MultiPolygon", "coordinates": [ [ [ [ 120.411630616859497, -2.721659985220072, 0.0 ], [ 120.411604519433126, -2.721709005466209, 0.0 ], [ 120.411948669295725, -2.721941109694399, 0.0 ], [ 120.411612728444766, -2.722503191369128, 0.0 ], [ 120.411112602864364, -2.722143460752079, 0.0 ], [ 120.411470900861445, -2.721552286009171, 0.0 ], [ 120.411630616859497, -2.721659985220072, 0.0 ] ] ] ] } },
{ "type": "Feature", "properties": { "OBJECTID": 2523, "WADMPR": "Sulawesi Selatan", "WADMKK": "Kab. Luwu Utara", "WADMKC": "Kec. Malangke", "WADMKD": "Desa Tolada", "POKTAN": "Gapoktan Reso Temangingngi", "K_POKTAN": "A. Ahmaluddin", "P_SID": "Universitas Negeri Makassar", "NO_HP_1": "0852-5222-2976", "NAMA_PEMIL": "Pemerintah Desa", "N_PETAK": "TDB231", "LUAS_HA": 0.51353025956999998, "PAKET": "Paket Sulawesi Selatan 14" }, "geometry": { "type": "MultiPolygon", "coordinates": [ [ [ [ 120.412056530384575, -2.722001714107762, 0.0 ], [ 120.41244004357327, -2.722287866691659, 0.0 ], [ 120.412146400536017, -2.722890097699803, 0.0 ], [ 120.411612728444766, -2.722503191369128, 0.0 ], [ 120.411948669295725, -2.721941109694399, 0.0 ], [ 120.412056530384575, -2.722001714107762, 0.0 ] ] ] ] } },
{ "type": "Feature", "properties": { "OBJECTID": 2524, "WADMPR": "Sulawesi Selatan", "WADMKK": "Kab. Luwu Utara", "WADMKC": "Kec. Malangke", "WADMKD": "Desa Tolada", "POKTAN": "Gapoktan Reso Temangingngi", "K_POKTAN": "A. Ahmaluddin", "P_SID": "Universitas Negeri Makassar", "NO_HP_1": "0852-5222-2976", "NAMA_PEMIL": "Pemerintah Desa", "N_PETAK": "TDB232", "LUAS_HA": 0.5795516424, "PAKET": "Paket Sulawesi Selatan 14" }, "geometry": { "type": "MultiPolygon", "coordinates": [ [ [ [ 120.411112602864364, -2.722143460752079, 0.0 ], [ 120.411612728444766, -2.722503191369128, 0.0 ], [ 120.412146400536017, -2.722890097699803, 0.0 ], [ 120.412029323194815, -2.723138276410282, 0.0 ], [ 120.411273536544513, -2.722600203036905, 0.0 ], [ 120.410920263059779, -2.722353791494243, 0.0 ], [ 120.410642879765192, -2.722156390305145, 0.0 ], [ 120.410699187217801, -2.722041308559483, 0.0 ], [ 120.410699958836062, -2.722039804893029, 0.0 ], [ 120.410776201560566, -2.721897672439582, 0.0 ], [ 120.411112602864364, -2.722143460752079, 0.0 ] ] ] ] } },
{ "type": "Feature", "properties": { "OBJECTID": 2525, "WADMPR": "Sulawesi Selatan", "WADMKK": "Kab. Luwu Utara", "WADMKC": "Kec. Malangke", "WADMKD": "Desa Tolada", "POKTAN": "Gapoktan Reso Temangingngi", "K_POKTAN": "A. Ahmaluddin", "P_SID": "Universitas Negeri Makassar", "NO_HP_1": "0852-5222-2976", "NAMA_PEMIL": "Pemerintah Desa", "N_PETAK": "TDB233", "LUAS_HA": 0.93489834441999997, "PAKET": "Paket Sulawesi Selatan 14" }, "geometry": { "type": "MultiPolygon", "coordinates": [ [ [ [ 120.410920263059779, -2.722353791494243, 0.0 ], [ 120.41055141331708, -2.723176260176217, 0.0 ], [ 120.410265767051555, -2.724175396177543, 0.0 ], [ 120.40983952797194, -2.723941550861809, 0.0 ], [ 120.409874701356443, -2.723840039885886, 0.0 ], [ 120.40993058702702, -2.723685253971269, 0.0 ], [ 120.409931839782644, -2.723682162102079, 0.0 ], [ 120.410084966448153, -2.723340739883213, 0.0 ], [ 120.410167278697031, -2.723135939072279, 0.0 ], [ 120.410168641169889, -2.723132881377353, 0.0 ], [ 120.410224185098173, -2.723019647738511, 0.0 ], [ 120.410414690285734, -2.72262276253042, 0.0 ], [ 120.410580742906973, -2.722283383571266, 0.0 ], [ 120.410633254321283, -2.722176062075562, 0.0 ], [ 120.410642879765192, -2.722156390305145, 0.0 ], [ 120.410920263059779, -2.722353791494243, 0.0 ] ] ] ] } },
{ "type": "Feature", "properties": { "OBJECTID": 2526, "WADMPR": "Sulawesi Selatan", "WADMKK": "Kab. Luwu Utara", "WADMKC": "Kec. Malangke", "WADMKD": "Desa Tolada", "POKTAN": "Gapoktan Reso Temangingngi", "K_POKTAN": "A. Ahmaluddin", "P_SID": "Universitas Negeri Makassar", "NO_HP_1": "0852-5222-2976", "NAMA_PEMIL": "Pemerintah Desa", "N_PETAK": "TDB234", "LUAS_HA": 1.52021165757, "PAKET": "Paket Sulawesi Selatan 14" }, "geometry": { "type": "MultiPolygon", "coordinates": [ [ [ [ 120.410919093041798, -2.723402758030829, 0.0 ], [ 120.411613572008832, -2.723835510000754, 0.0 ], [ 120.411496843604482, -2.724344588332031, 0.0 ], [ 120.411387456366128, -2.72479658759238, 0.0 ], [ 120.410265767051555, -2.724175396177543, 0.0 ], [ 120.41055141331708, -2.723176260176217, 0.0 ], [ 120.410919093041798, -2.723402758030829, 0.0 ] ] ] ] } },
{ "type": "Feature", "properties": { "OBJECTID": 2527, "WADMPR": "Sulawesi Selatan", "WADMKK": "Kab. Luwu Utara", "WADMKC": "Kec. Malangke", "WADMKD": "Desa Tolada", "POKTAN": "Gapoktan Reso Temangingngi", "K_POKTAN": "A. Ahmaluddin", "P_SID": "Universitas Negeri Makassar", "NO_HP_1": "0852-5222-2976", "NAMA_PEMIL": "Pemerintah Desa", "N_PETAK": "TDB235", "LUAS_HA": 0.46526907512, "PAKET": "Paket Sulawesi Selatan 14" }, "geometry": { "type": "MultiPolygon", "coordinates": [ [ [ [ 120.411273536544513, -2.722600203036905, 0.0 ], [ 120.410919093041798, -2.723402758030829, 0.0 ], [ 120.41055141331708, -2.723176260176217, 0.0 ], [ 120.410920263059779, -2.722353791494243, 0.0 ], [ 120.411273536544513, -2.722600203036905, 0.0 ] ] ] ] } },
{ "type": "Feature", "properties": { "OBJECTID": 2528, "WADMPR": "Sulawesi Selatan", "WADMKK": "Kab. Luwu Utara", "WADMKC": "Kec. Malangke", "WADMKD": "Desa Tolada", "POKTAN": "Gapoktan Reso Temangingngi", "K_POKTAN": "A. Ahmaluddin", "P_SID": "Universitas Negeri Makassar", "NO_HP_1": "0852-5222-2976", "NAMA_PEMIL": "Pemerintah Desa", "N_PETAK": "TDB236", "LUAS_HA": 0.95003095119000003, "PAKET": "Paket Sulawesi Selatan 14" }, "geometry": { "type": "MultiPolygon", "coordinates": [ [ [ [ 120.412029323194815, -2.723138276410282, 0.0 ], [ 120.411704444004954, -2.723884959223426, 0.0 ], [ 120.411613572008832, -2.723835510000754, 0.0 ], [ 120.410919093041798, -2.723402758030829, 0.0 ], [ 120.411273536544513, -2.722600203036905, 0.0 ], [ 120.412029323194815, -2.723138276410282, 0.0 ] ] ] ] } },
{ "type": "Feature", "properties": { "OBJECTID": 2529, "WADMPR": "Sulawesi Selatan", "WADMKK": "Kab. Luwu Utara", "WADMKC": "Kec. Malangke", "WADMKD": "Desa Tolada", "POKTAN": "Gapoktan Reso Temangingngi", "K_POKTAN": "A. Ahmaluddin", "P_SID": "Universitas Negeri Makassar", "NO_HP_1": "0852-5222-2976", "NAMA_PEMIL": "Pemerintah Desa", "N_PETAK": "TDB237", "LUAS_HA": 0.95309456539000004, "PAKET": "Paket Sulawesi Selatan 14" }, "geometry": { "type": "MultiPolygon", "coordinates": [ [ [ [ 120.410265767051555, -2.724175396177543, 0.0 ], [ 120.411387456366128, -2.72479658759238, 0.0 ], [ 120.411288016528829, -2.725216370439114, 0.0 ], [ 120.409686732257001, -2.724369264829647, 0.0 ], [ 120.409740864249557, -2.724226294208052, 0.0 ], [ 120.40983952797194, -2.723941550861809, 0.0 ], [ 120.410265767051555, -2.724175396177543, 0.0 ] ] ] ] } },
{ "type": "Feature", "properties": { "OBJECTID": 2530, "WADMPR": "Sulawesi Selatan", "WADMKK": "Kab. Luwu Utara", "WADMKC": "Kec. Malangke", "WADMKD": "Desa Tolada", "POKTAN": "Gapoktan Reso Temangingngi", "K_POKTAN": "A. Ahmaluddin", "P_SID": "Universitas Negeri Makassar", "NO_HP_1": "0852-5222-2976", "NAMA_PEMIL": "Pemerintah Desa", "N_PETAK": "TDB238", "LUAS_HA": 1.1518181357299999, "PAKET": "Paket Sulawesi Selatan 14" }, "geometry": { "type": "MultiPolygon", "coordinates": [ [ [ [ 120.411288016528829, -2.725216370439114, 0.0 ], [ 120.411172413176359, -2.725724696937164, 0.0 ], [ 120.409502822697164, -2.724848685318534, 0.0 ], [ 120.409518902575314, -2.724804107723344, 0.0 ], [ 120.409519269498787, -2.724803130160296, 0.0 ], [ 120.40964128681594, -2.724489294645196, 0.0 ], [ 120.409686732257001, -2.724369264829647, 0.0 ], [ 120.411288016528829, -2.725216370439114, 0.0 ] ] ] ] } },
{ "type": "Feature", "properties": { "OBJECTID": 2531, "WADMPR": "Sulawesi Selatan", "WADMKK": "Kab. Luwu Utara", "WADMKC": "Kec. Malangke", "WADMKD": "Desa Tolada", "POKTAN": "Gapoktan Reso Temangingngi", "K_POKTAN": "A. Ahmaluddin", "P_SID": "Universitas Negeri Makassar", "NO_HP_1": "0852-5222-2976", "NAMA_PEMIL": "Pemerintah Desa", "N_PETAK": "TDB239", "LUAS_HA": 0.9894575481, "PAKET": "Paket Sulawesi Selatan 14" }, "geometry": { "type": "MultiPolygon", "coordinates": [ [ [ [ 120.411172413176359, -2.725724696937164, 0.0 ], [ 120.411086215856244, -2.726113658218708, 0.0 ], [ 120.409345511486208, -2.725281877056943, 0.0 ], [ 120.409377914059519, -2.725194956681833, 0.0 ], [ 120.409502822697164, -2.724848685318534, 0.0 ], [ 120.411172413176359, -2.725724696937164, 0.0 ] ] ] ] } },
{ "type": "Feature", "properties": { "OBJECTID": 2532, "WADMPR": "Sulawesi Selatan", "WADMKK": "Kab. Luwu Utara", "WADMKC": "Kec. Malangke", "WADMKD": "Desa Tolada", "POKTAN": "Gapoktan Reso Temangingngi", "K_POKTAN": "A. Ahmaluddin", "P_SID": "Universitas Negeri Makassar", "NO_HP_1": "0852-5222-2976", "NAMA_PEMIL": "Pemerintah Desa", "N_PETAK": "TDB240", "LUAS_HA": 0.9199710603, "PAKET": "Paket Sulawesi Selatan 14" }, "geometry": { "type": "MultiPolygon", "coordinates": [ [ [ [ 120.411086215856244, -2.726113658218708, 0.0 ], [ 120.411024897381139, -2.726456717203689, 0.0 ], [ 120.410093531591315, -2.726065681186185, 0.0 ], [ 120.40919857215647, -2.725676886279246, 0.0 ], [ 120.409209487228168, -2.725646772480502, 0.0 ], [ 120.409345511486208, -2.725281877056943, 0.0 ], [ 120.411086215856244, -2.726113658218708, 0.0 ] ] ] ] } },
{ "type": "Feature", "properties": { "OBJECTID": 2533, "WADMPR": "Sulawesi Selatan", "WADMKK": "Kab. Luwu Utara", "WADMKC": "Kec. Malangke", "WADMKD": "Desa Tolada", "POKTAN": "Gapoktan Reso Temangingngi", "K_POKTAN": "A. Ahmaluddin", "P_SID": "Universitas Negeri Makassar", "NO_HP_1": "0852-5222-2976", "NAMA_PEMIL": "Pemerintah Desa", "N_PETAK": "TDB241", "LUAS_HA": 0.4511248199, "PAKET": "Paket Sulawesi Selatan 14" }, "geometry": { "type": "MultiPolygon", "coordinates": [ [ [ [ 120.410093531591315, -2.726065681186185, 0.0 ], [ 120.410036641377928, -2.72640086211004, 0.0 ], [ 120.40907369229717, -2.726057527932539, 0.0 ], [ 120.409086070565763, -2.726014838913613, 0.0 ], [ 120.409088363836986, -2.726007027402318, 0.0 ], [ 120.409137865220373, -2.72584454868695, 0.0 ], [ 120.409138611657681, -2.725842311173665, 0.0 ], [ 120.40919857215647, -2.725676886279246, 0.0 ], [ 120.410093531591315, -2.726065681186185, 0.0 ] ] ] ] } },
{ "type": "Feature", "properties": { "OBJECTID": 2534, "WADMPR": "Sulawesi Selatan", "WADMKK": "Kab. Luwu Utara", "WADMKC": "Kec. Malangke", "WADMKD": "Desa Tolada", "POKTAN": "Gapoktan Reso Temangingngi", "K_POKTAN": "A. Ahmaluddin", "P_SID": "Universitas Negeri Makassar", "NO_HP_1": "0852-5222-2976", "NAMA_PEMIL": "Pemerintah Desa", "N_PETAK": "TDB242", "LUAS_HA": 1.13280110787, "PAKET": "Paket Sulawesi Selatan 14" }, "geometry": { "type": "MultiPolygon", "coordinates": [ [ [ [ 120.411024897381139, -2.726456717203689, 0.0 ], [ 120.411011850016962, -2.726559607739659, 0.0 ], [ 120.410909836320002, -2.727319048335346, 0.0 ], [ 120.409933300281637, -2.727035427343026, 0.0 ], [ 120.410036641377928, -2.72640086211004, 0.0 ], [ 120.410093531591315, -2.726065681186185, 0.0 ], [ 120.411024897381139, -2.726456717203689, 0.0 ] ] ] ] } },
{ "type": "Feature", "properties": { "OBJECTID": 2535, "WADMPR": "Sulawesi Selatan", "WADMKK": "Kab. Luwu Utara", "WADMKC": "Kec. Malangke", "WADMKD": "Desa Tolada", "POKTAN": "Gapoktan Reso Temangingngi", "K_POKTAN": "A. Ahmaluddin", "P_SID": "Universitas Negeri Makassar", "NO_HP_1": "0852-5222-2976", "NAMA_PEMIL": "Pemerintah Desa", "N_PETAK": "TDB243", "LUAS_HA": 0.92635798512, "PAKET": "Paket Sulawesi Selatan 14" }, "geometry": { "type": "MultiPolygon", "coordinates": [ [ [ [ 120.410036641377928, -2.72640086211004, 0.0 ], [ 120.409933300281637, -2.727035427343026, 0.0 ], [ 120.409915842642135, -2.727126728315795, 0.0 ], [ 120.408925425567986, -2.7267559162525, 0.0 ], [ 120.40892632309135, -2.726688198201714, 0.0 ], [ 120.408926811423271, -2.72668213587184, 0.0 ], [ 120.408935790254532, -2.726621646571687, 0.0 ], [ 120.408936274089797, -2.726619104188273, 0.0 ], [ 120.408949978858459, -2.726557367528414, 0.0 ], [ 120.408967017413943, -2.72648061488843, 0.0 ], [ 120.409020108891013, -2.726242647080426, 0.0 ], [ 120.40902081575814, -2.726239890658405, 0.0 ], [ 120.40907369229717, -2.726057527932539, 0.0 ], [ 120.410036641377928, -2.72640086211004, 0.0 ] ] ] ] } },
{ "type": "Feature", "properties": { "OBJECTID": 2536, "WADMPR": "Sulawesi Selatan", "WADMKK": "Kab. Luwu Utara", "WADMKC": "Kec. Malangke", "WADMKD": "Desa Tolada", "POKTAN": "Gapoktan Reso Temangingngi", "K_POKTAN": "A. Ahmaluddin", "P_SID": "Universitas Negeri Makassar", "NO_HP_1": "0852-5222-2976", "NAMA_PEMIL": "Pemerintah Desa", "N_PETAK": "TDB244", "LUAS_HA": 0.70393530247000002, "PAKET": "Paket Sulawesi Selatan 14" }, "geometry": { "type": "MultiPolygon", "coordinates": [ [ [ [ 120.409933300281637, -2.727035427343026, 0.0 ], [ 120.410909836320002, -2.727319048335346, 0.0 ], [ 120.41088281708835, -2.727394373751281, 0.0 ], [ 120.410798806919502, -2.727660793410848, 0.0 ], [ 120.408921987459848, -2.727015393145848, 0.0 ], [ 120.408925425567986, -2.7267559162525, 0.0 ], [ 120.409915842642135, -2.727126728315795, 0.0 ], [ 120.409933300281637, -2.727035427343026, 0.0 ] ] ] ] } },
{ "type": "Feature", "properties": { "OBJECTID": 2537, "WADMPR": "Sulawesi Selatan", "WADMKK": "Kab. Luwu Utara", "WADMKC": "Kec. Malangke", "WADMKD": "Desa Tolada", "POKTAN": "Gapoktan Reso Temangingngi", "K_POKTAN": "A. Ahmaluddin", "P_SID": "Universitas Negeri Makassar", "NO_HP_1": "0852-5222-2976", "NAMA_PEMIL": "Pemerintah Desa", "N_PETAK": "TDB245", "LUAS_HA": 0.16829731738000001, "PAKET": "Paket Sulawesi Selatan 14" }, "geometry": { "type": "MultiPolygon", "coordinates": [ [ [ [ 120.411169341092318, -2.727820291773014, 0.0 ], [ 120.4107793788653, -2.727733570148075, 0.0 ], [ 120.410798806919502, -2.727660793410848, 0.0 ], [ 120.41088281708835, -2.727394373751281, 0.0 ], [ 120.411273461900805, -2.727515865864461, 0.0 ], [ 120.411169341092318, -2.727820291773014, 0.0 ] ] ] ] } },
{ "type": "Feature", "properties": { "OBJECTID": 2538, "WADMPR": "Sulawesi Selatan", "WADMKK": "Kab. Luwu Utara", "WADMKC": "Kec. Malangke", "WADMKD": "Desa Tolada", "POKTAN": "Gapoktan Reso Temangingngi", "K_POKTAN": "A. Ahmaluddin", "P_SID": "Universitas Negeri Makassar", "NO_HP_1": "0852-5222-2976", "NAMA_PEMIL": "Pemerintah Desa", "N_PETAK": "TDB246", "LUAS_HA": 1.103962998, "PAKET": "Paket Sulawesi Selatan 14" }, "geometry": { "type": "MultiPolygon", "coordinates": [ [ [ [ 120.411735557849738, -2.727107066437895, 0.0 ], [ 120.412058779589074, -2.727350458956494, 0.0 ], [ 120.411852371689633, -2.727967112392264, 0.0 ], [ 120.411169341092318, -2.727820291773014, 0.0 ], [ 120.411273461900805, -2.727515865864461, 0.0 ], [ 120.41088281708835, -2.727394373751281, 0.0 ], [ 120.410909836320002, -2.727319048335346, 0.0 ], [ 120.411011850016962, -2.726559607739659, 0.0 ], [ 120.411735557849738, -2.727107066437895, 0.0 ] ] ] ] } },
{ "type": "Feature", "properties": { "OBJECTID": 2539, "WADMPR": "Sulawesi Selatan", "WADMKK": "Kab. Luwu Utara", "WADMKC": "Kec. Malangke", "WADMKD": "Desa Tolada", "POKTAN": "Gapoktan Reso Temangingngi", "K_POKTAN": "A. Ahmaluddin", "P_SID": "Universitas Negeri Makassar", "NO_HP_1": "0852-5222-2976", "NAMA_PEMIL": "Pemerintah Desa", "N_PETAK": "TDB247", "LUAS_HA": 0.84067283122000003, "PAKET": "Paket Sulawesi Selatan 14" }, "geometry": { "type": "MultiPolygon", "coordinates": [ [ [ [ 120.411865259873935, -2.726246417038453, 0.0 ], [ 120.411735557849738, -2.727107066437895, 0.0 ], [ 120.411011850016962, -2.726559607739659, 0.0 ], [ 120.411024897381139, -2.726456717203689, 0.0 ], [ 120.411086215856244, -2.726113658218708, 0.0 ], [ 120.411172413176359, -2.725724696937164, 0.0 ], [ 120.411865259873935, -2.726246417038453, 0.0 ] ] ] ] } },
{ "type": "Feature", "properties": { "OBJECTID": 2540, "WADMPR": "Sulawesi Selatan", "WADMKK": "Kab. Luwu Utara", "WADMKC": "Kec. Malangke", "WADMKD": "Desa Tolada", "POKTAN": "Gapoktan Reso Temangingngi", "K_POKTAN": "A. Ahmaluddin", "P_SID": "Universitas Negeri Makassar", "NO_HP_1": "0852-5222-2976", "NAMA_PEMIL": "Pemerintah Desa", "N_PETAK": "TDB248", "LUAS_HA": 0.96207861451, "PAKET": "Paket Sulawesi Selatan 14" }, "geometry": { "type": "MultiPolygon", "coordinates": [ [ [ [ 120.412599958321493, -2.726757292215211, 0.0 ], [ 120.412692095663715, -2.726824885260214, 0.0 ], [ 120.412502498791355, -2.727695412812977, 0.0 ], [ 120.412058779589074, -2.727350458956494, 0.0 ], [ 120.411735557849738, -2.727107066437895, 0.0 ], [ 120.411865259873935, -2.726246417038453, 0.0 ], [ 120.412599958321493, -2.726757292215211, 0.0 ] ] ] ] } },
{ "type": "Feature", "properties": { "OBJECTID": 2541, "WADMPR": "Sulawesi Selatan", "WADMKK": "Kab. Luwu Utara", "WADMKC": "Kec. Malangke", "WADMKD": "Desa Tolada", "POKTAN": "Gapoktan Reso Temangingngi", "K_POKTAN": "A. Ahmaluddin", "P_SID": "Universitas Negeri Makassar", "NO_HP_1": "0852-5222-2976", "NAMA_PEMIL": "Pemerintah Desa", "N_PETAK": "TDB249", "LUAS_HA": 0.55874498977999998, "PAKET": "Paket Sulawesi Selatan 14" }, "geometry": { "type": "MultiPolygon", "coordinates": [ [ [ [ 120.412502498791355, -2.727695412812977, 0.0 ], [ 120.413180401454383, -2.728279687957183, 0.0 ], [ 120.411852371689633, -2.727967112392264, 0.0 ], [ 120.412058779589074, -2.727350458956494, 0.0 ], [ 120.412502498791355, -2.727695412812977, 0.0 ] ] ] ] } },
{ "type": "Feature", "properties": { "OBJECTID": 2542, "WADMPR": "Sulawesi Selatan", "WADMKK": "Kab. Luwu Utara", "WADMKC": "Kec. Malangke", "WADMKD": "Desa Tolada", "POKTAN": "Gapoktan Reso Temangingngi", "K_POKTAN": "A. Ahmaluddin", "P_SID": "Universitas Negeri Makassar", "NO_HP_1": "0852-5222-2976", "NAMA_PEMIL": "Pemerintah Desa", "N_PETAK": "TDB250", "LUAS_HA": 0.85298084862000001, "PAKET": "Paket Sulawesi Selatan 14" }, "geometry": { "type": "MultiPolygon", "coordinates": [ [ [ [ 120.413377359277774, -2.727460480216962, 0.0 ], [ 120.413180401454383, -2.728279687957183, 0.0 ], [ 120.412502498791355, -2.727695412812977, 0.0 ], [ 120.412692095663715, -2.726824885260214, 0.0 ], [ 120.413377359277774, -2.727460480216962, 0.0 ] ] ] ] } },
{ "type": "Feature", "properties": { "OBJECTID": 2543, "WADMPR": "Sulawesi Selatan", "WADMKK": "Kab. Luwu Utara", "WADMKC": "Kec. Malangke", "WADMKD": "Desa Tolada", "POKTAN": "Gapoktan Reso Temangingngi", "K_POKTAN": "A. Ahmaluddin", "P_SID": "Universitas Negeri Makassar", "NO_HP_1": "0852-5222-2976", "NAMA_PEMIL": "Pemerintah Desa", "N_PETAK": "TDB251", "LUAS_HA": 1.0135515556800001, "PAKET": "Paket Sulawesi Selatan 14" }, "geometry": { "type": "MultiPolygon", "coordinates": [ [ [ [ 120.413548038910903, -2.726450594619223, 0.0 ], [ 120.413377359277774, -2.727460480216962, 0.0 ], [ 120.412692095663715, -2.726824885260214, 0.0 ], [ 120.412599958321493, -2.726757292215211, 0.0 ], [ 120.412785851785657, -2.725899977501911, 0.0 ], [ 120.413548038910903, -2.726450594619223, 0.0 ] ] ] ] } },
{ "type": "Feature", "properties": { "OBJECTID": 2544, "WADMPR": "Sulawesi Selatan", "WADMKK": "Kab. Luwu Utara", "WADMKC": "Kec. Malangke", "WADMKD": "Desa Tolada", "POKTAN": "Gapoktan Reso Temangingngi", "K_POKTAN": "A. Ahmaluddin", "P_SID": "Universitas Negeri Makassar", "NO_HP_1": "0852-5222-2976", "NAMA_PEMIL": "Pemerintah Desa", "N_PETAK": "TDB252", "LUAS_HA": 1.83345657497, "PAKET": "Paket Sulawesi Selatan 14" }, "geometry": { "type": "MultiPolygon", "coordinates": [ [ [ [ 120.412785851785657, -2.725899977501911, 0.0 ], [ 120.412599958321493, -2.726757292215211, 0.0 ], [ 120.411865259873935, -2.726246417038453, 0.0 ], [ 120.411172413176359, -2.725724696937164, 0.0 ], [ 120.411288016528829, -2.725216370439114, 0.0 ], [ 120.411387456366128, -2.72479658759238, 0.0 ], [ 120.412785851785657, -2.725899977501911, 0.0 ] ] ] ] } },
{ "type": "Feature", "properties": { "OBJECTID": 2545, "WADMPR": "Sulawesi Selatan", "WADMKK": "Kab. Luwu Utara", "WADMKC": "Kec. Malangke", "WADMKD": "Desa Tolada", "POKTAN": "Gapoktan Reso Temangingngi", "K_POKTAN": "A. Ahmaluddin", "P_SID": "Universitas Negeri Makassar", "NO_HP_1": "0852-5222-2976", "NAMA_PEMIL": "Pemerintah Desa", "N_PETAK": "TDB253", "LUAS_HA": 2.2540890905099999, "PAKET": "Paket Sulawesi Selatan 14" }, "geometry": { "type": "MultiPolygon", "coordinates": [ [ [ [ 120.414359732815456, -2.726620177978759, 0.0 ], [ 120.414231628886682, -2.727612058249861, 0.0 ], [ 120.414166648372202, -2.728090127956989, 0.0 ], [ 120.414114261064356, -2.728495463195031, 0.0 ], [ 120.413180401454383, -2.728279687957183, 0.0 ], [ 120.413377359277774, -2.727460480216962, 0.0 ], [ 120.413548038910903, -2.726450594619223, 0.0 ], [ 120.413626020024822, -2.726008059824039, 0.0 ], [ 120.414359732815456, -2.726620177978759, 0.0 ] ] ] ] } },
{ "type": "Feature", "properties": { "OBJECTID": 2546, "WADMPR": "Sulawesi Selatan", "WADMKK": "Kab. Luwu Utara", "WADMKC": "Kec. Malangke", "WADMKD": "Desa Tolada", "POKTAN": "Gapoktan Reso Temangingngi", "K_POKTAN": "A. Ahmaluddin", "P_SID": "Universitas Negeri Makassar", "NO_HP_1": "0852-5222-2976", "NAMA_PEMIL": "Pemerintah Desa", "N_PETAK": "TDB254", "LUAS_HA": 1.0028933737400001, "PAKET": "Paket Sulawesi Selatan 14" }, "geometry": { "type": "MultiPolygon", "coordinates": [ [ [ [ 120.415094836857293, -2.727214999472608, 0.0 ], [ 120.415048761890944, -2.727903795623604, 0.0 ], [ 120.415016747824666, -2.728204537009731, 0.0 ], [ 120.414231628886682, -2.727612058249861, 0.0 ], [ 120.414359908183314, -2.72662633203953, 0.0 ], [ 120.415094836857293, -2.727214999472608, 0.0 ] ] ] ] } },
{ "type": "Feature", "properties": { "OBJECTID": 2547, "WADMPR": "Sulawesi Selatan", "WADMKK": "Kab. Luwu Utara", "WADMKC": "Kec. Malangke", "WADMKD": "Desa Tolada", "POKTAN": "Gapoktan Reso Temangingngi", "K_POKTAN": "A. Ahmaluddin", "P_SID": "Universitas Negeri Makassar", "NO_HP_1": "0852-5222-2976", "NAMA_PEMIL": "Pemerintah Desa", "N_PETAK": "TDB255", "LUAS_HA": 0.56657561868999995, "PAKET": "Paket Sulawesi Selatan 14" }, "geometry": { "type": "MultiPolygon", "coordinates": [ [ [ [ 120.415016747824666, -2.728204537009731, 0.0 ], [ 120.414975023778425, -2.728705841601254, 0.0 ], [ 120.414561532588664, -2.728596978667611, 0.0 ], [ 120.414594392916911, -2.728411837036617, 0.0 ], [ 120.414166648372202, -2.728090127956989, 0.0 ], [ 120.414231628886682, -2.727612058249861, 0.0 ], [ 120.415016747824666, -2.728204537009731, 0.0 ] ] ] ] } },
{ "type": "Feature", "properties": { "OBJECTID": 2548, "WADMPR": "Sulawesi Selatan", "WADMKK": "Kab. Luwu Utara", "WADMKC": "Kec. Malangke", "WADMKD": "Desa Tolada", "POKTAN": "Gapoktan Reso Temangingngi", "K_POKTAN": "A. Ahmaluddin", "P_SID": "Universitas Negeri Makassar", "NO_HP_1": "0852-5222-2976", "NAMA_PEMIL": "Pemerintah Desa", "N_PETAK": "TDB256", "LUAS_HA": 0.16991006411000001, "PAKET": "Paket Sulawesi Selatan 14" }, "geometry": { "type": "MultiPolygon", "coordinates": [ [ [ [ 120.414561532588664, -2.728596978667611, 0.0 ], [ 120.414114261064356, -2.728495463195031, 0.0 ], [ 120.414166648372202, -2.728090127956989, 0.0 ], [ 120.414594392916911, -2.728411837036617, 0.0 ], [ 120.414561532588664, -2.728596978667611, 0.0 ] ] ] ] } },
{ "type": "Feature", "properties": { "OBJECTID": 2549, "WADMPR": "Sulawesi Selatan", "WADMKK": "Kab. Luwu Utara", "WADMKC": "Kec. Malangke", "WADMKD": "Desa Tolada", "POKTAN": "Gapoktan Reso Temangingngi", "K_POKTAN": "A. Ahmaluddin", "P_SID": "Universitas Negeri Makassar", "NO_HP_1": "0852-5222-2976", "NAMA_PEMIL": "Pemerintah Desa", "N_PETAK": "TDB257", "LUAS_HA": 0.88424736098000001, "PAKET": "Paket Sulawesi Selatan 14" }, "geometry": { "type": "MultiPolygon", "coordinates": [ [ [ [ 120.415877305493268, -2.728002403587993, 0.0 ], [ 120.41582678337943, -2.728887454292533, 0.0 ], [ 120.414975023778425, -2.728705841601254, 0.0 ], [ 120.415016747824666, -2.728204537009731, 0.0 ], [ 120.415048761890944, -2.727903795623604, 0.0 ], [ 120.415877305493268, -2.728002403587993, 0.0 ] ] ] ] } },
{ "type": "Feature", "properties": { "OBJECTID": 2550, "WADMPR": "Sulawesi Selatan", "WADMKK": "Kab. Luwu Utara", "WADMKC": "Kec. Malangke", "WADMKD": "Desa Tolada", "POKTAN": "Gapoktan Reso Temangingngi", "K_POKTAN": "A. Ahmaluddin", "P_SID": "Universitas Negeri Makassar", "NO_HP_1": "0852-5222-2976", "NAMA_PEMIL": "Pemerintah Desa", "N_PETAK": "TDB258", "LUAS_HA": 0.53078024340999996, "PAKET": "Paket Sulawesi Selatan 14" }, "geometry": { "type": "MultiPolygon", "coordinates": [ [ [ [ 120.415897410736989, -2.727716461445482, 0.0 ], [ 120.415877305493268, -2.728002403587993, 0.0 ], [ 120.415048761890944, -2.727903795623604, 0.0 ], [ 120.415094836857293, -2.727214999472608, 0.0 ], [ 120.415092834067082, -2.727153242128395, 0.0 ], [ 120.415897410736989, -2.727716461445482, 0.0 ] ] ] ] } },
{ "type": "Feature", "properties": { "OBJECTID": 2551, "WADMPR": "Sulawesi Selatan", "WADMKK": "Kab. Luwu Utara", "WADMKC": "Kec. Malangke", "WADMKD": "Desa Tolada", "POKTAN": "Gapoktan Reso Temangingngi", "K_POKTAN": "A. Ahmaluddin", "P_SID": "Universitas Negeri Makassar", "NO_HP_1": "0852-5222-2976", "NAMA_PEMIL": "Pemerintah Desa", "N_PETAK": "TDB259", "LUAS_HA": 1.15459736883, "PAKET": "Paket Sulawesi Selatan 14" }, "geometry": { "type": "MultiPolygon", "coordinates": [ [ [ [ 120.416407311048602, -2.728102427085275, 0.0 ], [ 120.416807907758766, -2.728417279733605, 0.0 ], [ 120.416666724090078, -2.729266965498027, 0.0 ], [ 120.41599380187256, -2.728946082895334, 0.0 ], [ 120.41582678337943, -2.728887454292533, 0.0 ], [ 120.415877305493268, -2.728002403587993, 0.0 ], [ 120.415897410736989, -2.727716461445482, 0.0 ], [ 120.416407311048602, -2.728102427085275, 0.0 ] ] ] ] } },
{ "type": "Feature", "properties": { "OBJECTID": 2552, "WADMPR": "Sulawesi Selatan", "WADMKK": "Kab. Luwu Utara", "WADMKC": "Kec. Malangke", "WADMKD": "Desa Tolada", "POKTAN": "Gapoktan Reso Temangingngi", "K_POKTAN": "A. Ahmaluddin", "P_SID": "Universitas Negeri Makassar", "NO_HP_1": "0852-5222-2976", "NAMA_PEMIL": "Pemerintah Desa", "N_PETAK": "TDB260", "LUAS_HA": 1.0716957358700001, "PAKET": "Paket Sulawesi Selatan 14" }, "geometry": { "type": "MultiPolygon", "coordinates": [ [ [ [ 120.416174571899091, -2.726834316450493, 0.0 ], [ 120.415897410736989, -2.727716461445482, 0.0 ], [ 120.415092834067082, -2.727153242128395, 0.0 ], [ 120.415322377026087, -2.726274486678165, 0.0 ], [ 120.416174571899091, -2.726834316450493, 0.0 ] ] ] ] } },
{ "type": "Feature", "properties": { "OBJECTID": 2553, "WADMPR": "Sulawesi Selatan", "WADMKK": "Kab. Luwu Utara", "WADMKC": "Kec. Malangke", "WADMKD": "Desa Tolada", "POKTAN": "Gapoktan Reso Temangingngi", "K_POKTAN": "A. Ahmaluddin", "P_SID": "Universitas Negeri Makassar", "NO_HP_1": "0852-5222-2976", "NAMA_PEMIL": "Pemerintah Desa", "N_PETAK": "TDB261", "LUAS_HA": 0.69140784913999997, "PAKET": "Paket Sulawesi Selatan 14" }, "geometry": { "type": "MultiPolygon", "coordinates": [ [ [ [ 120.416682622305188, -2.727162551010849, 0.0 ], [ 120.416407311048602, -2.728102427085275, 0.0 ], [ 120.415897410736989, -2.727716461445482, 0.0 ], [ 120.416174571899091, -2.726834316450493, 0.0 ], [ 120.416682622305188, -2.727162551010849, 0.0 ] ] ] ] } },
{ "type": "Feature", "properties": { "OBJECTID": 2554, "WADMPR": "Sulawesi Selatan", "WADMKK": "Kab. Luwu Utara", "WADMKC": "Kec. Malangke", "WADMKD": "Desa Tolada", "POKTAN": "Gapoktan Reso Temangingngi", "K_POKTAN": "A. Ahmaluddin", "P_SID": "Universitas Negeri Makassar", "NO_HP_1": "0852-5222-2976", "NAMA_PEMIL": "Pemerintah Desa", "N_PETAK": "TDB262", "LUAS_HA": 0.99728211076999995, "PAKET": "Paket Sulawesi Selatan 14" }, "geometry": { "type": "MultiPolygon", "coordinates": [ [ [ [ 120.415322377026087, -2.726274486678165, 0.0 ], [ 120.415092834067082, -2.727153242128395, 0.0 ], [ 120.415094836857293, -2.727214999472608, 0.0 ], [ 120.414359908183314, -2.72662633203953, 0.0 ], [ 120.414551379242766, -2.725711665760741, 0.0 ], [ 120.415322377026087, -2.726274486678165, 0.0 ] ] ] ] } },
{ "type": "Feature", "properties": { "OBJECTID": 2555, "WADMPR": "Sulawesi Selatan", "WADMKK": "Kab. Luwu Utara", "WADMKC": "Kec. Malangke", "WADMKD": "Desa Tolada", "POKTAN": "Gapoktan Reso Temangingngi", "K_POKTAN": "A. Ahmaluddin", "P_SID": "Universitas Negeri Makassar", "NO_HP_1": "0852-5222-2976", "NAMA_PEMIL": "Pemerintah Desa", "N_PETAK": "TDB263", "LUAS_HA": 0.59667030274, "PAKET": "Paket Sulawesi Selatan 14" }, "geometry": { "type": "MultiPolygon", "coordinates": [ [ [ [ 120.417068694964314, -2.727511548219354, 0.0 ], [ 120.416947251414626, -2.727933329359587, 0.0 ], [ 120.416946584117682, -2.727935647811876, 0.0 ], [ 120.416807907758766, -2.728417279733605, 0.0 ], [ 120.416407311048602, -2.728102427085275, 0.0 ], [ 120.416682622305188, -2.727162551010849, 0.0 ], [ 120.417106872983823, -2.727373385373369, 0.0 ], [ 120.417068694964314, -2.727511548219354, 0.0 ] ] ] ] } },
{ "type": "Feature", "properties": { "OBJECTID": 2556, "WADMPR": "Sulawesi Selatan", "WADMKK": "Kab. Luwu Utara", "WADMKC": "Kec. Malangke", "WADMKD": "Desa Tolada", "POKTAN": "Gapoktan Reso Temangingngi", "K_POKTAN": "A. Ahmaluddin", "P_SID": "Universitas Negeri Makassar", "NO_HP_1": "0852-5222-2976", "NAMA_PEMIL": "Pemerintah Desa", "N_PETAK": "TDB264", "LUAS_HA": 0.60155010055000002, "PAKET": "Paket Sulawesi Selatan 14" }, "geometry": { "type": "MultiPolygon", "coordinates": [ [ [ [ 120.417799252933264, -2.728473552112689, 0.0 ], [ 120.417635949539545, -2.728961810239298, 0.0 ], [ 120.416807907758766, -2.728417279733605, 0.0 ], [ 120.416946584117682, -2.727935647811876, 0.0 ], [ 120.417799252933264, -2.728473552112689, 0.0 ] ] ] ] } },
{ "type": "Feature", "properties": { "OBJECTID": 2557, "WADMPR": "Sulawesi Selatan", "WADMKK": "Kab. Luwu Utara", "WADMKC": "Kec. Malangke", "WADMKD": "Desa Tolada", "POKTAN": "Gapoktan Reso Temangingngi", "K_POKTAN": "A. Ahmaluddin", "P_SID": "Universitas Negeri Makassar", "NO_HP_1": "0852-5222-2976", "NAMA_PEMIL": "Pemerintah Desa", "N_PETAK": "TDB265", "LUAS_HA": 0.56933110255999997, "PAKET": "Paket Sulawesi Selatan 14" }, "geometry": { "type": "MultiPolygon", "coordinates": [ [ [ [ 120.417799252933264, -2.728473552112689, 0.0 ], [ 120.416947251414626, -2.727933329359587, 0.0 ], [ 120.417068694964314, -2.727511548219354, 0.0 ], [ 120.417969778782322, -2.728012165728842, 0.0 ], [ 120.417799252933264, -2.728473552112689, 0.0 ] ] ] ] } },
{ "type": "Feature", "properties": { "OBJECTID": 2558, "WADMPR": "Sulawesi Selatan", "WADMKK": "Kab. Luwu Utara", "WADMKC": "Kec. Malangke", "WADMKD": "Desa Tolada", "POKTAN": "Gapoktan Reso Temangingngi", "K_POKTAN": "A. Ahmaluddin", "P_SID": "Universitas Negeri Makassar", "NO_HP_1": "0852-5222-2976", "NAMA_PEMIL": "Pemerintah Desa", "N_PETAK": "TDB266", "LUAS_HA": 10.7641705951, "PAKET": "Paket Sulawesi Selatan 14" }, "geometry": { "type": "MultiPolygon", "coordinates": [ [ [ [ 120.417635949539545, -2.728961810239298, 0.0 ], [ 120.419533236669622, -2.73080320810152, 0.0 ], [ 120.419201515437635, -2.731857718059189, 0.0 ], [ 120.418957218201172, -2.73244173599727, 0.0 ], [ 120.418386121722165, -2.732355120492343, 0.0 ], [ 120.418194421335556, -2.73319834822513, 0.0 ], [ 120.418129330204465, -2.733185015775803, 0.0 ], [ 120.416978769954312, -2.732939882169774, 0.0 ], [ 120.416737667109714, -2.731646219097684, 0.0 ], [ 120.416642767050121, -2.731145925344151, 0.0 ], [ 120.41662689131806, -2.730700598154044, 0.0 ], [ 120.416611419381525, -2.730264301955913, 0.0 ], [ 120.416602619515288, -2.730024497732359, 0.0 ], [ 120.416651815129171, -2.729432480324647, 0.0 ], [ 120.416964194641878, -2.729577444743256, 0.0 ], [ 120.416983750399822, -2.72945258556831, 0.0 ], [ 120.416666724090078, -2.729266965498027, 0.0 ], [ 120.416807907758766, -2.728417279733605, 0.0 ], [ 120.417635949539545, -2.728961810239298, 0.0 ] ] ] ] } },
{ "type": "Feature", "properties": { "OBJECTID": 2559, "WADMPR": "Sulawesi Selatan", "WADMKK": "Kab. Luwu Utara", "WADMKC": "Kec. Malangke", "WADMKD": "Desa Tolada", "POKTAN": "Gapoktan Reso Temangingngi", "K_POKTAN": "A. Ahmaluddin", "P_SID": "Universitas Negeri Makassar", "NO_HP_1": "0852-5222-2976", "NAMA_PEMIL": "Pemerintah Desa", "N_PETAK": "TDB267", "LUAS_HA": 0.44861036477, "PAKET": "Paket Sulawesi Selatan 14" }, "geometry": { "type": "MultiPolygon", "coordinates": [ [ [ [ 120.415822320044072, -2.729060473961681, 0.0 ], [ 120.415822306554219, -2.729570191710934, 0.0 ], [ 120.414926215772311, -2.729142034377332, 0.0 ], [ 120.41494550533082, -2.729105270092077, 0.0 ], [ 120.414951788893973, -2.729058142019596, 0.0 ], [ 120.414985483793089, -2.7288278625158, 0.0 ], [ 120.415822320044072, -2.729060473961681, 0.0 ] ] ] ] } },
{ "type": "Feature", "properties": { "OBJECTID": 2560, "WADMPR": "Sulawesi Selatan", "WADMKK": "Kab. Luwu Utara", "WADMKC": "Kec. Malangke", "WADMKD": "Desa Tolada", "POKTAN": "Gapoktan Reso Temangingngi", "K_POKTAN": "A. Ahmaluddin", "P_SID": "Universitas Negeri Makassar", "NO_HP_1": "0852-5222-2976", "NAMA_PEMIL": "Pemerintah Desa", "N_PETAK": "TDB268", "LUAS_HA": 0.20551508563000001, "PAKET": "Paket Sulawesi Selatan 14" }, "geometry": { "type": "MultiPolygon", "coordinates": [ [ [ [ 120.416115640224689, -2.729149021210333, 0.0 ], [ 120.416102056864474, -2.729798462129281, 0.0 ], [ 120.415822306554219, -2.729570191710934, 0.0 ], [ 120.415822320044072, -2.729060473961681, 0.0 ], [ 120.416115640224689, -2.729149021210333, 0.0 ] ] ] ] } },
{ "type": "Feature", "properties": { "OBJECTID": 2561, "WADMPR": "Sulawesi Selatan", "WADMKK": "Kab. Luwu Utara", "WADMKC": "Kec. Malangke", "WADMKD": "Desa Tolada", "POKTAN": "Gapoktan Reso Temangingngi", "K_POKTAN": "A. Ahmaluddin", "P_SID": "Universitas Negeri Makassar", "NO_HP_1": "0852-5222-2976", "NAMA_PEMIL": "Pemerintah Desa", "N_PETAK": "TDB269", "LUAS_HA": 0.40545943438999998, "PAKET": "Paket Sulawesi Selatan 14" }, "geometry": { "type": "MultiPolygon", "coordinates": [ [ [ [ 120.416651815129171, -2.729432480324647, 0.0 ], [ 120.416602619515288, -2.730024497732359, 0.0 ], [ 120.416102056864474, -2.729798462129281, 0.0 ], [ 120.416115640224689, -2.729149021210333, 0.0 ], [ 120.416651815129171, -2.729432480324647, 0.0 ] ] ] ] } },
{ "type": "Feature", "properties": { "OBJECTID": 2562, "WADMPR": "Sulawesi Selatan", "WADMKK": "Kab. Luwu Utara", "WADMKC": "Kec. Malangke", "WADMKD": "Desa Tolada", "POKTAN": "Gapoktan Reso Temangingngi", "K_POKTAN": "A. Ahmaluddin", "P_SID": "Universitas Negeri Makassar", "NO_HP_1": "0852-5222-2976", "NAMA_PEMIL": "Pemerintah Desa", "N_PETAK": "TDB270", "LUAS_HA": 1.0588605469500001, "PAKET": "Paket Sulawesi Selatan 14" }, "geometry": { "type": "MultiPolygon", "coordinates": [ [ [ [ 120.415983229442531, -2.730960008497561, 0.0 ], [ 120.416049634483102, -2.731708030401251, 0.0 ], [ 120.416054998939103, -2.731892766437966, 0.0 ], [ 120.41513248157878, -2.731707947663608, 0.0 ], [ 120.415083701451749, -2.730731865782957, 0.0 ], [ 120.415983229442531, -2.730960008497561, 0.0 ] ] ] ] } },
{ "type": "Feature", "properties": { "OBJECTID": 2563, "WADMPR": "Sulawesi Selatan", "WADMKK": "Kab. Luwu Utara", "WADMKC": "Kec. Malangke", "WADMKD": "Desa Tolada", "POKTAN": "Gapoktan Reso Temangingngi", "K_POKTAN": "A. Ahmaluddin", "P_SID": "Universitas Negeri Makassar", "NO_HP_1": "0852-5222-2976", "NAMA_PEMIL": "Pemerintah Desa", "N_PETAK": "TDB271", "LUAS_HA": 0.5109299832, "PAKET": "Paket Sulawesi Selatan 14" }, "geometry": { "type": "MultiPolygon", "coordinates": [ [ [ [ 120.416642767050121, -2.731145925344151, 0.0 ], [ 120.416737667109714, -2.731646219097684, 0.0 ], [ 120.416049634483102, -2.731708030401251, 0.0 ], [ 120.415983229442531, -2.730960008497561, 0.0 ], [ 120.416642767050121, -2.731145925344151, 0.0 ] ] ] ] } },
{ "type": "Feature", "properties": { "OBJECTID": 2564, "WADMPR": "Sulawesi Selatan", "WADMKK": "Kab. Luwu Utara", "WADMKC": "Kec. Malangke", "WADMKD": "Desa Tolada", "POKTAN": "Gapoktan Reso Temangingngi", "K_POKTAN": "A. Ahmaluddin", "P_SID": "Universitas Negeri Makassar", "NO_HP_1": "0852-5222-2976", "NAMA_PEMIL": "Pemerintah Desa", "N_PETAK": "TDB272", "LUAS_HA": 0.44431592154, "PAKET": "Paket Sulawesi Selatan 14" }, "geometry": { "type": "MultiPolygon", "coordinates": [ [ [ [ 120.415518820437228, -2.730027897169691, 0.0 ], [ 120.415495482130837, -2.730307368690092, 0.0 ], [ 120.415462536367045, -2.730358318881258, 0.0 ], [ 120.415432814672727, -2.730399839680786, 0.0 ], [ 120.415425889892958, -2.730461811962982, 0.0 ], [ 120.415438385972834, -2.730536794737247, 0.0 ], [ 120.415461762050768, -2.730599249955389, 0.0 ], [ 120.415532451461559, -2.730628895207303, 0.0 ], [ 120.415533302220183, -2.730692846897341, 0.0 ], [ 120.415518895980313, -2.730753697724936, 0.0 ], [ 120.415506899923571, -2.73083116802394, 0.0 ], [ 120.415083701451749, -2.730731865782957, 0.0 ], [ 120.415002527744491, -2.729896302971952, 0.0 ], [ 120.415518820437228, -2.730027897169691, 0.0 ] ] ] ] } },
{ "type": "Feature", "properties": { "OBJECTID": 2565, "WADMPR": "Sulawesi Selatan", "WADMKK": "Kab. Luwu Utara", "WADMKC": "Kec. Malangke", "WADMKD": "Desa Tolada", "POKTAN": "Gapoktan Reso Temangingngi", "K_POKTAN": "A. Ahmaluddin", "P_SID": "Universitas Negeri Makassar", "NO_HP_1": "0852-5222-2976", "NAMA_PEMIL": "Pemerintah Desa", "N_PETAK": "TDB273", "LUAS_HA": 0.4211311941, "PAKET": "Paket Sulawesi Selatan 14" }, "geometry": { "type": "MultiPolygon", "coordinates": [ [ [ [ 120.41583698259069, -2.730109176097528, 0.0 ], [ 120.415915704745998, -2.730547086578724, 0.0 ], [ 120.415983229442531, -2.730960008497561, 0.0 ], [ 120.415506899923571, -2.73083116802394, 0.0 ], [ 120.415518895980313, -2.730753697724936, 0.0 ], [ 120.415533302220183, -2.730692846897341, 0.0 ], [ 120.415532451461559, -2.730628895207303, 0.0 ], [ 120.415461762050768, -2.730599249955389, 0.0 ], [ 120.415438385972834, -2.730536794737247, 0.0 ], [ 120.415425889892958, -2.730461811962982, 0.0 ], [ 120.415432814672727, -2.730399839680786, 0.0 ], [ 120.415462536367045, -2.730358318881258, 0.0 ], [ 120.415495482130837, -2.730307368690092, 0.0 ], [ 120.415518820437228, -2.730027897169691, 0.0 ], [ 120.41583698259069, -2.730109176097528, 0.0 ] ] ] ] } },
{ "type": "Feature", "properties": { "OBJECTID": 2566, "WADMPR": "Sulawesi Selatan", "WADMKK": "Kab. Luwu Utara", "WADMKC": "Kec. Malangke", "WADMKD": "Desa Tolada", "POKTAN": "Gapoktan Reso Temangingngi", "K_POKTAN": "A. Ahmaluddin", "P_SID": "Universitas Negeri Makassar", "NO_HP_1": "0852-5222-2976", "NAMA_PEMIL": "Pemerintah Desa", "N_PETAK": "TDB274", "LUAS_HA": 0.41926750132000001, "PAKET": "Paket Sulawesi Selatan 14" }, "geometry": { "type": "MultiPolygon", "coordinates": [ [ [ [ 120.416611419381525, -2.730264301955913, 0.0 ], [ 120.41662689131806, -2.730700598154044, 0.0 ], [ 120.415915704745998, -2.730547086578724, 0.0 ], [ 120.41583698259069, -2.730109176097528, 0.0 ], [ 120.41583330256492, -2.730047553651616, 0.0 ], [ 120.416611419381525, -2.730264301955913, 0.0 ] ] ] ] } },
{ "type": "Feature", "properties": { "OBJECTID": 2567, "WADMPR": "Sulawesi Selatan", "WADMKK": "Kab. Luwu Utara", "WADMKC": "Kec. Malangke", "WADMKD": "Desa Tolada", "POKTAN": "Gapoktan Reso Temangingngi", "K_POKTAN": "A. Ahmaluddin", "P_SID": "Universitas Negeri Makassar", "NO_HP_1": "0852-5222-2976", "NAMA_PEMIL": "Pemerintah Desa", "N_PETAK": "TDB275", "LUAS_HA": 0.35291505372999998, "PAKET": "Paket Sulawesi Selatan 14" }, "geometry": { "type": "MultiPolygon", "coordinates": [ [ [ [ 120.41662689131806, -2.730700598154044, 0.0 ], [ 120.416642767050121, -2.731145925344151, 0.0 ], [ 120.415983229442531, -2.730960008497561, 0.0 ], [ 120.415915704745998, -2.730547086578724, 0.0 ], [ 120.41662689131806, -2.730700598154044, 0.0 ] ] ] ] } },
{ "type": "Feature", "properties": { "OBJECTID": 2568, "WADMPR": "Sulawesi Selatan", "WADMKK": "Kab. Luwu Utara", "WADMKC": "Kec. Malangke", "WADMKD": "Desa Tolada", "POKTAN": "Gapoktan Reso Temangingngi", "K_POKTAN": "A. Ahmaluddin", "P_SID": "Universitas Negeri Makassar", "NO_HP_1": "0852-5222-2976", "NAMA_PEMIL": "Pemerintah Desa", "N_PETAK": "TDB276", "LUAS_HA": 0.9773881245, "PAKET": "Paket Sulawesi Selatan 14" }, "geometry": { "type": "MultiPolygon", "coordinates": [ [ [ [ 120.415822306554219, -2.729570191710934, 0.0 ], [ 120.416102056864474, -2.729798462129281, 0.0 ], [ 120.416602619515288, -2.730024497732359, 0.0 ], [ 120.416611419381525, -2.730264301955913, 0.0 ], [ 120.41583330256492, -2.730047553651616, 0.0 ], [ 120.41583698259069, -2.730109176097528, 0.0 ], [ 120.415518820437228, -2.730027897169691, 0.0 ], [ 120.415002527744491, -2.729896302971952, 0.0 ], [ 120.414926215772311, -2.729142034377332, 0.0 ], [ 120.415822306554219, -2.729570191710934, 0.0 ] ] ] ] } },
{ "type": "Feature", "properties": { "OBJECTID": 2569, "WADMPR": "Sulawesi Selatan", "WADMKK": "Kab. Luwu Utara", "WADMKC": "Kec. Malangke", "WADMKD": "Desa Tolada", "POKTAN": "Gapoktan Reso Temangingngi", "K_POKTAN": "A. Ahmaluddin", "P_SID": "Universitas Negeri Makassar", "NO_HP_1": "0852-5222-2976", "NAMA_PEMIL": "Pemerintah Desa", "N_PETAK": "TDB277", "LUAS_HA": 3.9365841905700001, "PAKET": "Paket Sulawesi Selatan 14" }, "geometry": { "type": "MultiPolygon", "coordinates": [ [ [ [ 120.414951788893973, -2.729058142019596, 0.0 ], [ 120.41494550533082, -2.729105270092077, 0.0 ], [ 120.414926215772311, -2.729142034377332, 0.0 ], [ 120.415002527744491, -2.729896302971952, 0.0 ], [ 120.414509011281893, -2.72970686887686, 0.0 ], [ 120.414673683443766, -2.731287860846066, 0.0 ], [ 120.414868310224392, -2.732360282600894, 0.0 ], [ 120.414635705973069, -2.73227250517192, 0.0 ], [ 120.414308085649736, -2.732149909590589, 0.0 ], [ 120.414061058970788, -2.73121240233047, 0.0 ], [ 120.413829150794754, -2.731174968050311, 0.0 ], [ 120.413634979970425, -2.730486867075228, 0.0 ], [ 120.413676728298469, -2.729406337032799, 0.0 ], [ 120.413248684279438, -2.729317135976999, 0.0 ], [ 120.413240970794277, -2.728795648800087, 0.0 ], [ 120.414049424441487, -2.729077816487973, 0.0 ], [ 120.414024441275046, -2.728671863415741, 0.0 ], [ 120.414951788893973, -2.729058142019596, 0.0 ] ] ] ] } },
{ "type": "Feature", "properties": { "OBJECTID": 2570, "WADMPR": "Sulawesi Selatan", "WADMKK": "Kab. Luwu Utara", "WADMKC": "Kec. Malangke", "WADMKD": "Desa Tolada", "POKTAN": "Gapoktan Reso Temangingngi", "K_POKTAN": "A. Ahmaluddin", "P_SID": "Universitas Negeri Makassar", "NO_HP_1": "0852-5222-2976", "NAMA_PEMIL": "Pemerintah Desa", "N_PETAK": "TDB278", "LUAS_HA": 1.4548812684100001, "PAKET": "Paket Sulawesi Selatan 14" }, "geometry": { "type": "MultiPolygon", "coordinates": [ [ [ [ 120.415002527744491, -2.729896302971952, 0.0 ], [ 120.415083701451749, -2.730731865782957, 0.0 ], [ 120.41513248157878, -2.731707947663608, 0.0 ], [ 120.415398851775649, -2.732534661145621, 0.0 ], [ 120.414868310224392, -2.732360282600894, 0.0 ], [ 120.414673683443766, -2.731287860846066, 0.0 ], [ 120.414509011281893, -2.72970686887686, 0.0 ], [ 120.415002527744491, -2.729896302971952, 0.0 ] ] ] ] } },
{ "type": "Feature", "properties": { "OBJECTID": 2571, "WADMPR": "Sulawesi Selatan", "WADMKK": "Kab. Luwu Utara", "WADMKC": "Kec. Malangke", "WADMKD": "Desa Tolada", "POKTAN": "Gapoktan Reso Temangingngi", "K_POKTAN": "A. Ahmaluddin", "P_SID": "Universitas Negeri Makassar", "NO_HP_1": "0852-5222-2976", "NAMA_PEMIL": "Pemerintah Desa", "N_PETAK": "TDB279", "LUAS_HA": 0.71010941063, "PAKET": "Paket Sulawesi Selatan 14" }, "geometry": { "type": "MultiPolygon", "coordinates": [ [ [ [ 120.413829150794754, -2.731174968050311, 0.0 ], [ 120.414061058970788, -2.73121240233047, 0.0 ], [ 120.414308085649736, -2.732149909590589, 0.0 ], [ 120.413727935695761, -2.732023929860418, 0.0 ], [ 120.413556878347322, -2.731708086159188, 0.0 ], [ 120.413430010086927, -2.731273354781479, 0.0 ], [ 120.413382486312798, -2.731088545000318, 0.0 ], [ 120.413829150794754, -2.731174968050311, 0.0 ] ] ] ] } },
{ "type": "Feature", "properties": { "OBJECTID": 2572, "WADMPR": "Sulawesi Selatan", "WADMKK": "Kab. Luwu Utara", "WADMKC": "Kec. Malangke", "WADMKD": "Desa Tolada", "POKTAN": "Gapoktan Reso Temangingngi", "K_POKTAN": "A. Ahmaluddin", "P_SID": "Universitas Negeri Makassar", "NO_HP_1": "0852-5222-2976", "NAMA_PEMIL": "Pemerintah Desa", "N_PETAK": "TDB280", "LUAS_HA": 0.92749600694000001, "PAKET": "Paket Sulawesi Selatan 14" }, "geometry": { "type": "MultiPolygon", "coordinates": [ [ [ [ 120.413829150794754, -2.731174968050311, 0.0 ], [ 120.413382486312798, -2.731088545000318, 0.0 ], [ 120.413202213611385, -2.73036854777024, 0.0 ], [ 120.413239333128786, -2.72950512126431, 0.0 ], [ 120.413248684279438, -2.729317135976999, 0.0 ], [ 120.413676728298469, -2.729406337032799, 0.0 ], [ 120.413634979970425, -2.730486867075228, 0.0 ], [ 120.413829150794754, -2.731174968050311, 0.0 ] ] ] ] } },
{ "type": "Feature", "properties": { "OBJECTID": 2573, "WADMPR": "Sulawesi Selatan", "WADMKK": "Kab. Luwu Utara", "WADMKC": "Kec. Malangke", "WADMKD": "Desa Tolada", "POKTAN": "Gapoktan Reso Temangingngi", "K_POKTAN": "A. Ahmaluddin", "P_SID": "Universitas Negeri Makassar", "NO_HP_1": "0852-5222-2976", "NAMA_PEMIL": "Pemerintah Desa", "N_PETAK": "TDB281", "LUAS_HA": 0.38574641024, "PAKET": "Paket Sulawesi Selatan 14" }, "geometry": { "type": "MultiPolygon", "coordinates": [ [ [ [ 120.414024441275046, -2.728671863415741, 0.0 ], [ 120.414049424441487, -2.729077816487973, 0.0 ], [ 120.413240970794277, -2.728795648800087, 0.0 ], [ 120.413224448449569, -2.728569281347234, 0.0 ], [ 120.413218012001721, -2.728409807266758, 0.0 ], [ 120.414024441275046, -2.728671863415741, 0.0 ] ] ] ] } },
{ "type": "Feature", "properties": { "OBJECTID": 2574, "WADMPR": "Sulawesi Selatan", "WADMKK": "Kab. Luwu Utara", "WADMKC": "Kec. Malangke", "WADMKD": "Desa Tolada", "POKTAN": "Gapoktan Reso Temangingngi", "K_POKTAN": "A. Ahmaluddin", "P_SID": "Universitas Negeri Makassar", "NO_HP_1": "0852-5222-2976", "NAMA_PEMIL": "Pemerintah Desa", "N_PETAK": "TDB282", "LUAS_HA": 0.90085798083000002, "PAKET": "Paket Sulawesi Selatan 14" }, "geometry": { "type": "MultiPolygon", "coordinates": [ [ [ [ 120.410726540997075, -2.728080521398908, 0.0 ], [ 120.410570237026832, -2.728543618293315, 0.0 ], [ 120.410337407945121, -2.728450419751027, 0.0 ], [ 120.409123961701539, -2.727922280288965, 0.0 ], [ 120.409081178253814, -2.727925472882248, 0.0 ], [ 120.409018410071667, -2.727672951345596, 0.0 ], [ 120.409018074624555, -2.727671499839801, 0.0 ], [ 120.408984137807806, -2.727512935873222, 0.0 ], [ 120.409252643894433, -2.72758011073347, 0.0 ], [ 120.410726540997075, -2.728080521398908, 0.0 ] ] ] ] } },
{ "type": "Feature", "properties": { "OBJECTID": 2575, "WADMPR": "Sulawesi Selatan", "WADMKK": "Kab. Luwu Utara", "WADMKC": "Kec. Malangke", "WADMKD": "Desa Tolada", "POKTAN": "Gapoktan Reso Temangingngi", "K_POKTAN": "A. Ahmaluddin", "P_SID": "Universitas Negeri Makassar", "NO_HP_1": "0852-5222-2976", "NAMA_PEMIL": "Pemerintah Desa", "N_PETAK": "TDB283", "LUAS_HA": 0.12381708412, "PAKET": "Paket Sulawesi Selatan 14" }, "geometry": { "type": "MultiPolygon", "coordinates": [ [ [ [ 120.411159903606745, -2.727930533367385, 0.0 ], [ 120.411046078213985, -2.72822639053544, 0.0 ], [ 120.410726540997075, -2.728080521398908, 0.0 ], [ 120.410786106693536, -2.727851624153061, 0.0 ], [ 120.411159903606745, -2.727930533367385, 0.0 ] ] ] ] } },
{ "type": "Feature", "properties": { "OBJECTID": 2576, "WADMPR": "Sulawesi Selatan", "WADMKK": "Kab. Luwu Utara", "WADMKC": "Kec. Malangke", "WADMKD": "Desa Tolada", "POKTAN": "Gapoktan Reso Temangingngi", "K_POKTAN": "A. Ahmaluddin", "P_SID": "Universitas Negeri Makassar", "NO_HP_1": "0852-5222-2976", "NAMA_PEMIL": "Pemerintah Desa", "N_PETAK": "TDB284", "LUAS_HA": 0.21069735129, "PAKET": "Paket Sulawesi Selatan 14" }, "geometry": { "type": "MultiPolygon", "coordinates": [ [ [ [ 120.411046078213985, -2.72822639053544, 0.0 ], [ 120.410925146378418, -2.728668364153634, 0.0 ], [ 120.410570237026832, -2.728543618293315, 0.0 ], [ 120.410726540997075, -2.728080521398908, 0.0 ], [ 120.411046078213985, -2.72822639053544, 0.0 ] ] ] ] } },
{ "type": "Feature", "properties": { "OBJECTID": 2577, "WADMPR": "Sulawesi Selatan", "WADMKK": "Kab. Luwu Utara", "WADMKC": "Kec. Malangke", "WADMKD": "Desa Tolada", "POKTAN": "Gapoktan Reso Temangingngi", "K_POKTAN": "A. Ahmaluddin", "P_SID": "Universitas Negeri Makassar", "NO_HP_1": "0852-5222-2976", "NAMA_PEMIL": "Pemerintah Desa", "N_PETAK": "TDB285", "LUAS_HA": 0.31745633358999997, "PAKET": "Paket Sulawesi Selatan 14" }, "geometry": { "type": "MultiPolygon", "coordinates": [ [ [ [ 120.411872072238452, -2.728076335954086, 0.0 ], [ 120.411773765546855, -2.728444175758057, 0.0 ], [ 120.411046078213985, -2.72822639053544, 0.0 ], [ 120.411159903606745, -2.727930533367385, 0.0 ], [ 120.411872072238452, -2.728076335954086, 0.0 ] ] ] ] } },
{ "type": "Feature", "properties": { "OBJECTID": 2578, "WADMPR": "Sulawesi Selatan", "WADMKK": "Kab. Luwu Utara", "WADMKC": "Kec. Malangke", "WADMKD": "Desa Tolada", "POKTAN": "Gapoktan Reso Temangingngi", "K_POKTAN": "A. Ahmaluddin", "P_SID": "Universitas Negeri Makassar", "NO_HP_1": "0852-5222-2976", "NAMA_PEMIL": "Pemerintah Desa", "N_PETAK": "TDB286", "LUAS_HA": 0.46866130029000003, "PAKET": "Paket Sulawesi Selatan 14" }, "geometry": { "type": "MultiPolygon", "coordinates": [ [ [ [ 120.413218012001721, -2.728409807266758, 0.0 ], [ 120.413224448449569, -2.728569281347234, 0.0 ], [ 120.412722651928902, -2.728528706634449, 0.0 ], [ 120.411773765546855, -2.728444175758057, 0.0 ], [ 120.411872072238452, -2.728076335954086, 0.0 ], [ 120.413218012001721, -2.728409807266758, 0.0 ] ] ] ] } },
{ "type": "Feature", "properties": { "OBJECTID": 2579, "WADMPR": "Sulawesi Selatan", "WADMKK": "Kab. Luwu Utara", "WADMKC": "Kec. Malangke", "WADMKD": "Desa Tolada", "POKTAN": "Gapoktan Reso Temangingngi", "K_POKTAN": "A. Ahmaluddin", "P_SID": "Universitas Negeri Makassar", "NO_HP_1": "0852-5222-2976", "NAMA_PEMIL": "Pemerintah Desa", "N_PETAK": "TDB287", "LUAS_HA": 0.47082008699, "PAKET": "Paket Sulawesi Selatan 14" }, "geometry": { "type": "MultiPolygon", "coordinates": [ [ [ [ 120.411773765546855, -2.728444175758057, 0.0 ], [ 120.411793562323055, -2.728897917005213, 0.0 ], [ 120.41134509380106, -2.728814627193231, 0.0 ], [ 120.411012602749452, -2.728693531681074, 0.0 ], [ 120.410925146378418, -2.728668364153634, 0.0 ], [ 120.411046078213985, -2.72822639053544, 0.0 ], [ 120.411773765546855, -2.728444175758057, 0.0 ] ] ] ] } },
{ "type": "Feature", "properties": { "OBJECTID": 2580, "WADMPR": "Sulawesi Selatan", "WADMKK": "Kab. Luwu Utara", "WADMKC": "Kec. Malangke", "WADMKD": "Desa Tolada", "POKTAN": "Gapoktan Reso Temangingngi", "K_POKTAN": "A. Ahmaluddin", "P_SID": "Universitas Negeri Makassar", "NO_HP_1": "0852-5222-2976", "NAMA_PEMIL": "Pemerintah Desa", "N_PETAK": "TDB288", "LUAS_HA": 1.08736436259, "PAKET": "Paket Sulawesi Selatan 14" }, "geometry": { "type": "MultiPolygon", "coordinates": [ [ [ [ 120.412722651928902, -2.728528706634449, 0.0 ], [ 120.412744473978364, -2.729482253303274, 0.0 ], [ 120.412222437315677, -2.729428635722911, 0.0 ], [ 120.411825367746587, -2.729384489802328, 0.0 ], [ 120.411793562323055, -2.728897917005213, 0.0 ], [ 120.411773765546855, -2.728444175758057, 0.0 ], [ 120.412722651928902, -2.728528706634449, 0.0 ] ] ] ] } },
{ "type": "Feature", "properties": { "OBJECTID": 2581, "WADMPR": "Sulawesi Selatan", "WADMKK": "Kab. Luwu Utara", "WADMKC": "Kec. Malangke", "WADMKD": "Desa Tolada", "POKTAN": "Gapoktan Reso Temangingngi", "K_POKTAN": "A. Ahmaluddin", "P_SID": "Universitas Negeri Makassar", "NO_HP_1": "0852-5222-2976", "NAMA_PEMIL": "Pemerintah Desa", "N_PETAK": "TDB289", "LUAS_HA": 0.58943876307999998, "PAKET": "Paket Sulawesi Selatan 14" }, "geometry": { "type": "MultiPolygon", "coordinates": [ [ [ [ 120.413224448449569, -2.728569281347234, 0.0 ], [ 120.413240970794277, -2.728795648800087, 0.0 ], [ 120.413248684279438, -2.729317135976999, 0.0 ], [ 120.413239333128786, -2.72950512126431, 0.0 ], [ 120.412744473978364, -2.729482253303274, 0.0 ], [ 120.412722651928902, -2.728528706634449, 0.0 ], [ 120.413224448449569, -2.728569281347234, 0.0 ] ] ] ] } },
{ "type": "Feature", "properties": { "OBJECTID": 2582, "WADMPR": "Sulawesi Selatan", "WADMKK": "Kab. Luwu Utara", "WADMKC": "Kec. Malangke", "WADMKD": "Desa Tolada", "POKTAN": "Gapoktan Reso Temangingngi", "K_POKTAN": "A. Ahmaluddin", "P_SID": "Universitas Negeri Makassar", "NO_HP_1": "0852-5222-2976", "NAMA_PEMIL": "Pemerintah Desa", "N_PETAK": "TDB290", "LUAS_HA": 1.1245878809600001, "PAKET": "Paket Sulawesi Selatan 14" }, "geometry": { "type": "MultiPolygon", "coordinates": [ [ [ [ 120.412744473978364, -2.729482253303274, 0.0 ], [ 120.413239333128786, -2.72950512126431, 0.0 ], [ 120.413202213611385, -2.73036854777024, 0.0 ], [ 120.412173749818749, -2.730358691200593, 0.0 ], [ 120.412190280257278, -2.729919600808898, 0.0 ], [ 120.412222437315677, -2.729428635722911, 0.0 ], [ 120.412744473978364, -2.729482253303274, 0.0 ] ] ] ] } },
{ "type": "Feature", "properties": { "OBJECTID": 2583, "WADMPR": "Sulawesi Selatan", "WADMKK": "Kab. Luwu Utara", "WADMKC": "Kec. Malangke", "WADMKD": "Desa Tolada", "POKTAN": "Gapoktan Reso Temangingngi", "K_POKTAN": "A. Ahmaluddin", "P_SID": "Universitas Negeri Makassar", "NO_HP_1": "0852-5222-2976", "NAMA_PEMIL": "Pemerintah Desa", "N_PETAK": "TDB291", "LUAS_HA": 0.50845724164999995, "PAKET": "Paket Sulawesi Selatan 14" }, "geometry": { "type": "MultiPolygon", "coordinates": [ [ [ [ 120.411825367746587, -2.729384489802328, 0.0 ], [ 120.412222437315677, -2.729428635722911, 0.0 ], [ 120.412190280257278, -2.729919600808898, 0.0 ], [ 120.411374712073325, -2.729833163369733, 0.0 ], [ 120.411377425327942, -2.729329371253414, 0.0 ], [ 120.411825367746587, -2.729384489802328, 0.0 ] ] ] ] } },
{ "type": "Feature", "properties": { "OBJECTID": 2584, "WADMPR": "Sulawesi Selatan", "WADMKK": "Kab. Luwu Utara", "WADMKC": "Kec. Malangke", "WADMKD": "Desa Tolada", "POKTAN": "Gapoktan Reso Temangingngi", "K_POKTAN": "A. Ahmaluddin", "P_SID": "Universitas Negeri Makassar", "NO_HP_1": "0852-5222-2976", "NAMA_PEMIL": "Pemerintah Desa", "N_PETAK": "TDB292", "LUAS_HA": 0.54883320041000005, "PAKET": "Paket Sulawesi Selatan 14" }, "geometry": { "type": "MultiPolygon", "coordinates": [ [ [ [ 120.411793562323055, -2.728897917005213, 0.0 ], [ 120.411825367746587, -2.729384489802328, 0.0 ], [ 120.411377425327942, -2.729329371253414, 0.0 ], [ 120.410936931993888, -2.729277717792399, 0.0 ], [ 120.410919663211985, -2.729147908748928, 0.0 ], [ 120.411012602749452, -2.728693531681074, 0.0 ], [ 120.41134509380106, -2.728814627193231, 0.0 ], [ 120.411793562323055, -2.728897917005213, 0.0 ] ] ] ] } },
{ "type": "Feature", "properties": { "OBJECTID": 2585, "WADMPR": "Sulawesi Selatan", "WADMKK": "Kab. Luwu Utara", "WADMKC": "Kec. Malangke", "WADMKD": "Desa Tolada", "POKTAN": "Gapoktan Reso Temangingngi", "K_POKTAN": "A. Ahmaluddin", "P_SID": "Universitas Negeri Makassar", "NO_HP_1": "0852-5222-2976", "NAMA_PEMIL": "Pemerintah Desa", "N_PETAK": "TDB293", "LUAS_HA": 1.2521347139800001, "PAKET": "Paket Sulawesi Selatan 14" }, "geometry": { "type": "MultiPolygon", "coordinates": [ [ [ [ 120.410936931993888, -2.729277717792399, 0.0 ], [ 120.411377425327942, -2.729329371253414, 0.0 ], [ 120.411374712073325, -2.729833163369733, 0.0 ], [ 120.41136394538978, -2.730312042466721, 0.0 ], [ 120.410377149885676, -2.730274281732648, 0.0 ], [ 120.410376371072743, -2.729213618613585, 0.0 ], [ 120.410936931993888, -2.729277717792399, 0.0 ] ] ] ] } },
{ "type": "Feature", "properties": { "OBJECTID": 2586, "WADMPR": "Sulawesi Selatan", "WADMKK": "Kab. Luwu Utara", "WADMKC": "Kec. Malangke", "WADMKD": "Desa Tolada", "POKTAN": "Gapoktan Reso Temangingngi", "K_POKTAN": "A. Ahmaluddin", "P_SID": "Universitas Negeri Makassar", "NO_HP_1": "0852-5222-2976", "NAMA_PEMIL": "Pemerintah Desa", "N_PETAK": "TDB294", "LUAS_HA": 0.55291717443, "PAKET": "Paket Sulawesi Selatan 14" }, "geometry": { "type": "MultiPolygon", "coordinates": [ [ [ [ 120.410337407945121, -2.728450419751027, 0.0 ], [ 120.410218396162122, -2.728785456783385, 0.0 ], [ 120.409328664486338, -2.728412051075225, 0.0 ], [ 120.409212635754557, -2.728378018031037, 0.0 ], [ 120.409094678876386, -2.727979601277525, 0.0 ], [ 120.40909415187366, -2.727977665037145, 0.0 ], [ 120.409081178253814, -2.727925472882248, 0.0 ], [ 120.409123961701539, -2.727922280288965, 0.0 ], [ 120.410337407945121, -2.728450419751027, 0.0 ] ] ] ] } },
{ "type": "Feature", "properties": { "OBJECTID": 2587, "WADMPR": "Sulawesi Selatan", "WADMKK": "Kab. Luwu Utara", "WADMKC": "Kec. Malangke", "WADMKD": "Desa Tolada", "POKTAN": "Gapoktan Reso Temangingngi", "K_POKTAN": "A. Ahmaluddin", "P_SID": "Universitas Negeri Makassar", "NO_HP_1": "0852-5222-2976", "NAMA_PEMIL": "Pemerintah Desa", "N_PETAK": "TDB295", "LUAS_HA": 0.36835618162, "PAKET": "Paket Sulawesi Selatan 14" }, "geometry": { "type": "MultiPolygon", "coordinates": [ [ [ [ 120.410570237026832, -2.728543618293315, 0.0 ], [ 120.410925146378418, -2.728668364153634, 0.0 ], [ 120.411012602749452, -2.728693531681074, 0.0 ], [ 120.410919663211985, -2.729147908748928, 0.0 ], [ 120.410218396162122, -2.728785456783385, 0.0 ], [ 120.410337407945121, -2.728450419751027, 0.0 ], [ 120.410570237026832, -2.728543618293315, 0.0 ] ] ] ] } },
{ "type": "Feature", "properties": { "OBJECTID": 2588, "WADMPR": "Sulawesi Selatan", "WADMKK": "Kab. Luwu Utara", "WADMKC": "Kec. Malangke", "WADMKD": "Desa Tolada", "POKTAN": "Gapoktan Reso Temangingngi", "K_POKTAN": "A. Ahmaluddin", "P_SID": "Universitas Negeri Makassar", "NO_HP_1": "0852-5222-2976", "NAMA_PEMIL": "Pemerintah Desa", "N_PETAK": "TDB296", "LUAS_HA": 0.83131367903999998, "PAKET": "Paket Sulawesi Selatan 14" }, "geometry": { "type": "MultiPolygon", "coordinates": [ [ [ [ 120.410218396162122, -2.728785456783385, 0.0 ], [ 120.410919663211985, -2.729147908748928, 0.0 ], [ 120.410936931993888, -2.729277717792399, 0.0 ], [ 120.410376371072743, -2.729213618613585, 0.0 ], [ 120.409467774318387, -2.729201503846298, 0.0 ], [ 120.409328664486338, -2.728412051075225, 0.0 ], [ 120.410218396162122, -2.728785456783385, 0.0 ] ] ] ] } },
{ "type": "Feature", "properties": { "OBJECTID": 2589, "WADMPR": "Sulawesi Selatan", "WADMKK": "Kab. Luwu Utara", "WADMKC": "Kec. Malangke", "WADMKD": "Desa Tolada", "POKTAN": "Gapoktan Reso Temangingngi", "K_POKTAN": "A. Ahmaluddin", "P_SID": "Universitas Negeri Makassar", "NO_HP_1": "0852-5222-2976", "NAMA_PEMIL": "Pemerintah Desa", "N_PETAK": "TDB297", "LUAS_HA": 0.07239771454, "PAKET": "Paket Sulawesi Selatan 14" }, "geometry": { "type": "MultiPolygon", "coordinates": [ [ [ [ 120.409328664486338, -2.728412051075225, 0.0 ], [ 120.409467774318387, -2.729201503846298, 0.0 ], [ 120.409427088988991, -2.72920483583448, 0.0 ], [ 120.409372959694451, -2.728998535853691, 0.0 ], [ 120.409349911868958, -2.728909599198573, 0.0 ], [ 120.409349556636812, -2.728908125209784, 0.0 ], [ 120.409303474475792, -2.728702232621913, 0.0 ], [ 120.409226209222197, -2.728423865468983, 0.0 ], [ 120.409212635754557, -2.728378018031037, 0.0 ], [ 120.409328664486338, -2.728412051075225, 0.0 ] ] ] ] } },
{ "type": "Feature", "properties": { "OBJECTID": 2590, "WADMPR": "Sulawesi Selatan", "WADMKK": "Kab. Luwu Utara", "WADMKC": "Kec. Malangke", "WADMKD": "Desa Tolada", "POKTAN": "Gapoktan Reso Temangingngi", "K_POKTAN": "A. Ahmaluddin", "P_SID": "Universitas Negeri Makassar", "NO_HP_1": "0852-5222-2976", "NAMA_PEMIL": "Pemerintah Desa", "N_PETAK": "TDB298", "LUAS_HA": 1.0300100410699999, "PAKET": "Paket Sulawesi Selatan 14" }, "geometry": { "type": "MultiPolygon", "coordinates": [ [ [ [ 120.410376371072743, -2.729213618613585, 0.0 ], [ 120.410377149885676, -2.730274281732648, 0.0 ], [ 120.409725279897771, -2.730237566010828, 0.0 ], [ 120.409705921091472, -2.730177070415436, 0.0 ], [ 120.409609815940371, -2.729872939484494, 0.0 ], [ 120.409609368977272, -2.72987143671736, 0.0 ], [ 120.409491580272288, -2.729448382137093, 0.0 ], [ 120.409486020663394, -2.729428403697852, 0.0 ], [ 120.409467774318387, -2.729201503846298, 0.0 ], [ 120.410376371072743, -2.729213618613585, 0.0 ] ] ] ] } },
{ "type": "Feature", "properties": { "OBJECTID": 2591, "WADMPR": "Sulawesi Selatan", "WADMKK": "Kab. Luwu Utara", "WADMKC": "Kec. Malangke", "WADMKD": "Desa Tolada", "POKTAN": "Gapoktan Reso Temangingngi", "K_POKTAN": "A. Ahmaluddin", "P_SID": "Universitas Negeri Makassar", "NO_HP_1": "0852-5222-2976", "NAMA_PEMIL": "Pemerintah Desa", "N_PETAK": "TDB299", "LUAS_HA": 0.45975095239000002, "PAKET": "Paket Sulawesi Selatan 14" }, "geometry": { "type": "MultiPolygon", "coordinates": [ [ [ [ 120.412190280257278, -2.729919600808898, 0.0 ], [ 120.412173749818749, -2.730358691200593, 0.0 ], [ 120.41136394538978, -2.730312042466721, 0.0 ], [ 120.411374712073325, -2.729833163369733, 0.0 ], [ 120.412190280257278, -2.729919600808898, 0.0 ] ] ] ] } },
{ "type": "Feature", "properties": { "OBJECTID": 2592, "WADMPR": "Sulawesi Selatan", "WADMKK": "Kab. Luwu Utara", "WADMKC": "Kec. Malangke", "WADMKD": "Desa Tolada", "POKTAN": "Gapoktan Reso Temangingngi", "K_POKTAN": "A. Ahmaluddin", "P_SID": "Universitas Negeri Makassar", "NO_HP_1": "0852-5222-2976", "NAMA_PEMIL": "Pemerintah Desa", "N_PETAK": "TDB300", "LUAS_HA": 3.87560908727, "PAKET": "Paket Sulawesi Selatan 14" }, "geometry": { "type": "MultiPolygon", "coordinates": [ [ [ [ 120.410377149885676, -2.730274281732648, 0.0 ], [ 120.41136394538978, -2.730312042466721, 0.0 ], [ 120.412173749818749, -2.730358691200593, 0.0 ], [ 120.413202213611385, -2.73036854777024, 0.0 ], [ 120.413382486312798, -2.731088545000318, 0.0 ], [ 120.413430010086927, -2.731273354781479, 0.0 ], [ 120.412488877659598, -2.731277995283222, 0.0 ], [ 120.411675385111039, -2.731238389140287, 0.0 ], [ 120.410748107639165, -2.731216059873191, 0.0 ], [ 120.410042827814323, -2.731190436389454, 0.0 ], [ 120.409964537333622, -2.730974206994006, 0.0 ], [ 120.40996415512177, -2.730973101727216, 0.0 ], [ 120.409933554789745, -2.730880918519517, 0.0 ], [ 120.409866864664082, -2.730680009974435, 0.0 ], [ 120.409725279897771, -2.730237566010828, 0.0 ], [ 120.410377149885676, -2.730274281732648, 0.0 ] ] ] ] } },
{ "type": "Feature", "properties": { "OBJECTID": 2593, "WADMPR": "Sulawesi Selatan", "WADMKK": "Kab. Luwu Utara", "WADMKC": "Kec. Malangke", "WADMKD": "Desa Tolada", "POKTAN": "Gapoktan Reso Temangingngi", "K_POKTAN": "A. Ahmaluddin", "P_SID": "Universitas Negeri Makassar", "NO_HP_1": "0852-5222-2976", "NAMA_PEMIL": "Pemerintah Desa", "N_PETAK": "TDB301", "LUAS_HA": 0.48748507303, "PAKET": "Paket Sulawesi Selatan 14" }, "geometry": { "type": "MultiPolygon", "coordinates": [ [ [ [ 120.411675385111039, -2.731238389140287, 0.0 ], [ 120.411779505020149, -2.731645488848187, 0.0 ], [ 120.410864009566467, -2.731669380237634, 0.0 ], [ 120.410748107639165, -2.731216059873191, 0.0 ], [ 120.411675385111039, -2.731238389140287, 0.0 ] ] ] ] } },
{ "type": "Feature", "properties": { "OBJECTID": 2594, "WADMPR": "Sulawesi Selatan", "WADMKK": "Kab. Luwu Utara", "WADMKC": "Kec. Malangke", "WADMKD": "Desa Tolada", "POKTAN": "Gapoktan Reso Temangingngi", "K_POKTAN": "A. Ahmaluddin", "P_SID": "Universitas Negeri Makassar", "NO_HP_1": "0852-5222-2976", "NAMA_PEMIL": "Pemerintah Desa", "N_PETAK": "TDB302", "LUAS_HA": 0.48670424643, "PAKET": "Paket Sulawesi Selatan 14" }, "geometry": { "type": "MultiPolygon", "coordinates": [ [ [ [ 120.411936362073561, -2.732103746490679, 0.0 ], [ 120.410942676863101, -2.732044406524096, 0.0 ], [ 120.410892475807145, -2.731810312096172, 0.0 ], [ 120.410864009566467, -2.731669380237634, 0.0 ], [ 120.411779505020149, -2.731645488848187, 0.0 ], [ 120.411936362073561, -2.732103746490679, 0.0 ] ] ] ] } },
{ "type": "Feature", "properties": { "OBJECTID": 2595, "WADMPR": "Sulawesi Selatan", "WADMKK": "Kab. Luwu Utara", "WADMKC": "Kec. Malangke", "WADMKD": "Desa Tolada", "POKTAN": "Gapoktan Reso Temangingngi", "K_POKTAN": "A. Ahmaluddin", "P_SID": "Universitas Negeri Makassar", "NO_HP_1": "0852-5222-2976", "NAMA_PEMIL": "Pemerintah Desa", "N_PETAK": "TDB303", "LUAS_HA": 0.55146352770999996, "PAKET": "Paket Sulawesi Selatan 14" }, "geometry": { "type": "MultiPolygon", "coordinates": [ [ [ [ 120.411936362073561, -2.732103746490679, 0.0 ], [ 120.412008349205962, -2.732558977914437, 0.0 ], [ 120.411055286372402, -2.732520050759661, 0.0 ], [ 120.410942676863101, -2.732044406524096, 0.0 ], [ 120.411936362073561, -2.732103746490679, 0.0 ] ] ] ] } },
{ "type": "Feature", "properties": { "OBJECTID": 2596, "WADMPR": "Sulawesi Selatan", "WADMKK": "Kab. Luwu Utara", "WADMKC": "Kec. Malangke", "WADMKD": "Desa Tolada", "POKTAN": "Gapoktan Reso Temangingngi", "K_POKTAN": "A. Ahmaluddin", "P_SID": "Universitas Negeri Makassar", "NO_HP_1": "0852-5222-2976", "NAMA_PEMIL": "Pemerintah Desa", "N_PETAK": "TDB304", "LUAS_HA": 0.51136251246999997, "PAKET": "Paket Sulawesi Selatan 14" }, "geometry": { "type": "MultiPolygon", "coordinates": [ [ [ [ 120.412008349205962, -2.732558977914437, 0.0 ], [ 120.412077546641513, -2.732991224465366, 0.0 ], [ 120.411166492040024, -2.732984633334127, 0.0 ], [ 120.411055286372402, -2.732520050759661, 0.0 ], [ 120.412008349205962, -2.732558977914437, 0.0 ] ] ] ] } },
{ "type": "Feature", "properties": { "OBJECTID": 2597, "WADMPR": "Sulawesi Selatan", "WADMKK": "Kab. Luwu Utara", "WADMKC": "Kec. Malangke", "WADMKD": "Desa Tolada", "POKTAN": "Gapoktan Reso Temangingngi", "K_POKTAN": "A. Ahmaluddin", "P_SID": "Universitas Negeri Makassar", "NO_HP_1": "0852-5222-2976", "NAMA_PEMIL": "Pemerintah Desa", "N_PETAK": "TDB305", "LUAS_HA": 0.4859645794, "PAKET": "Paket Sulawesi Selatan 14" }, "geometry": { "type": "MultiPolygon", "coordinates": [ [ [ [ 120.412077546641513, -2.732991224465366, 0.0 ], [ 120.412088164936904, -2.733044690060353, 0.0 ], [ 120.412135266929113, -2.733439181273127, 0.0 ], [ 120.411243884097985, -2.733414304226699, 0.0 ], [ 120.411166492040024, -2.732984633334127, 0.0 ], [ 120.412077546641513, -2.732991224465366, 0.0 ] ] ] ] } },
{ "type": "Feature", "properties": { "OBJECTID": 2598, "WADMPR": "Sulawesi Selatan", "WADMKK": "Kab. Luwu Utara", "WADMKC": "Kec. Malangke", "WADMKD": "Desa Tolada", "POKTAN": "Gapoktan Reso Temangingngi", "K_POKTAN": "A. Ahmaluddin", "P_SID": "Universitas Negeri Makassar", "NO_HP_1": "0852-5222-2976", "NAMA_PEMIL": "Pemerintah Desa", "N_PETAK": "TDB306", "LUAS_HA": 0.46059755197000002, "PAKET": "Paket Sulawesi Selatan 14" }, "geometry": { "type": "MultiPolygon", "coordinates": [ [ [ [ 120.412135266929113, -2.733439181273127, 0.0 ], [ 120.41219536772212, -2.733862018217508, 0.0 ], [ 120.411320577382753, -2.733842387815912, 0.0 ], [ 120.411249920347586, -2.733458748722228, 0.0 ], [ 120.411243884097985, -2.733414304226699, 0.0 ], [ 120.412135266929113, -2.733439181273127, 0.0 ] ] ] ] } },
{ "type": "Feature", "properties": { "OBJECTID": 2599, "WADMPR": "Sulawesi Selatan", "WADMKK": "Kab. Luwu Utara", "WADMKC": "Kec. Malangke", "WADMKD": "Desa Tolada", "POKTAN": "Gapoktan Reso Temangingngi", "K_POKTAN": "A. Ahmaluddin", "P_SID": "Universitas Negeri Makassar", "NO_HP_1": "0852-5222-2976", "NAMA_PEMIL": "Pemerintah Desa", "N_PETAK": "TDB307", "LUAS_HA": 2.06775642769, "PAKET": "Paket Sulawesi Selatan 14" }, "geometry": { "type": "MultiPolygon", "coordinates": [ [ [ [ 120.411320577382753, -2.733842387815912, 0.0 ], [ 120.41219536772212, -2.733862018217508, 0.0 ], [ 120.412519269348877, -2.733895998201717, 0.0 ], [ 120.412548056647552, -2.734792981111127, 0.0 ], [ 120.410935889679649, -2.734829200407205, 0.0 ], [ 120.4108822460189, -2.734693520589474, 0.0 ], [ 120.410881744197241, -2.734692190492126, 0.0 ], [ 120.410881065209082, -2.734690155326348, 0.0 ], [ 120.410788551050814, -2.734388782616179, 0.0 ], [ 120.41078788195523, -2.734386364339173, 0.0 ], [ 120.410720977790902, -2.734115965179626, 0.0 ], [ 120.410647654265858, -2.733848265784786, 0.0 ], [ 120.410647090390967, -2.733845968916285, 0.0 ], [ 120.410644903239699, -2.73383596575718, 0.0 ], [ 120.411320577382753, -2.733842387815912, 0.0 ] ] ] ] } },
{ "type": "Feature", "properties": { "OBJECTID": 2600, "WADMPR": "Sulawesi Selatan", "WADMKK": "Kab. Luwu Utara", "WADMKC": "Kec. Malangke", "WADMKD": "Desa Tolada", "POKTAN": "Gapoktan Reso Temangingngi", "K_POKTAN": "A. Ahmaluddin", "P_SID": "Universitas Negeri Makassar", "NO_HP_1": "0852-5222-2976", "NAMA_PEMIL": "Pemerintah Desa", "N_PETAK": "TDB308", "LUAS_HA": 0.50392605601999996, "PAKET": "Paket Sulawesi Selatan 14" }, "geometry": { "type": "MultiPolygon", "coordinates": [ [ [ [ 120.410748107639165, -2.731216059873191, 0.0 ], [ 120.410864009566467, -2.731669380237634, 0.0 ], [ 120.410892475807145, -2.731810312096172, 0.0 ], [ 120.41025395535587, -2.731823021315336, 0.0 ], [ 120.410212100008494, -2.731681421260532, 0.0 ], [ 120.410151542359813, -2.731493820883088, 0.0 ], [ 120.410142242470556, -2.731465009302667, 0.0 ], [ 120.410042827814323, -2.731190436389454, 0.0 ], [ 120.410748107639165, -2.731216059873191, 0.0 ] ] ] ] } },
{ "type": "Feature", "properties": { "OBJECTID": 2601, "WADMPR": "Sulawesi Selatan", "WADMKK": "Kab. Luwu Utara", "WADMKC": "Kec. Malangke", "WADMKD": "Desa Tolada", "POKTAN": "Gapoktan Reso Temangingngi", "K_POKTAN": "A. Ahmaluddin", "P_SID": "Universitas Negeri Makassar", "NO_HP_1": "0852-5222-2976", "NAMA_PEMIL": "Pemerintah Desa", "N_PETAK": "TDB309", "LUAS_HA": 0.17877614309000001, "PAKET": "Paket Sulawesi Selatan 14" }, "geometry": { "type": "MultiPolygon", "coordinates": [ [ [ [ 120.410942676863101, -2.732044406524096, 0.0 ], [ 120.410320676957781, -2.732048743054975, 0.0 ], [ 120.41025395535587, -2.731823021315336, 0.0 ], [ 120.410892475807145, -2.731810312096172, 0.0 ], [ 120.410942676863101, -2.732044406524096, 0.0 ] ] ] ] } },
{ "type": "Feature", "properties": { "OBJECTID": 2602, "WADMPR": "Sulawesi Selatan", "WADMKK": "Kab. Luwu Utara", "WADMKC": "Kec. Malangke", "WADMKD": "Desa Tolada", "POKTAN": "Gapoktan Reso Temangingngi", "K_POKTAN": "A. Ahmaluddin", "P_SID": "Universitas Negeri Makassar", "NO_HP_1": "0852-5222-2976", "NAMA_PEMIL": "Pemerintah Desa", "N_PETAK": "TDB310", "LUAS_HA": 0.73527080322000005, "PAKET": "Paket Sulawesi Selatan 14" }, "geometry": { "type": "MultiPolygon", "coordinates": [ [ [ [ 120.411055286372402, -2.732520050759661, 0.0 ], [ 120.411166492040024, -2.732984633334127, 0.0 ], [ 120.410494848658345, -2.732989796341997, 0.0 ], [ 120.410493599500114, -2.732981735718454, 0.0 ], [ 120.410446459736363, -2.732646191468518, 0.0 ], [ 120.410403528799861, -2.732397182683769, 0.0 ], [ 120.410387342801641, -2.73231275343079, 0.0 ], [ 120.4103430997543, -2.73212460176893, 0.0 ], [ 120.410320676957781, -2.732048743054975, 0.0 ], [ 120.410942676863101, -2.732044406524096, 0.0 ], [ 120.411055286372402, -2.732520050759661, 0.0 ] ] ] ] } },
{ "type": "Feature", "properties": { "OBJECTID": 2603, "WADMPR": "Sulawesi Selatan", "WADMKK": "Kab. Luwu Utara", "WADMKC": "Kec. Malangke", "WADMKD": "Desa Tolada", "POKTAN": "Gapoktan Reso Temangingngi", "K_POKTAN": "A. Ahmaluddin", "P_SID": "Universitas Negeri Makassar", "NO_HP_1": "0852-5222-2976", "NAMA_PEMIL": "Pemerintah Desa", "N_PETAK": "TDB311", "LUAS_HA": 0.39082112343999997, "PAKET": "Paket Sulawesi Selatan 14" }, "geometry": { "type": "MultiPolygon", "coordinates": [ [ [ [ 120.411243884097985, -2.733414304226699, 0.0 ], [ 120.411249920347586, -2.733458748722228, 0.0 ], [ 120.410569236081415, -2.733453690035731, 0.0 ], [ 120.410532877390438, -2.733235216831758, 0.0 ], [ 120.410494848658345, -2.732989796341997, 0.0 ], [ 120.411166492040024, -2.732984633334127, 0.0 ], [ 120.411243884097985, -2.733414304226699, 0.0 ] ] ] ] } },
{ "type": "Feature", "properties": { "OBJECTID": 2604, "WADMPR": "Sulawesi Selatan", "WADMKK": "Kab. Luwu Utara", "WADMKC": "Kec. Malangke", "WADMKD": "Desa Tolada", "POKTAN": "Gapoktan Reso Temangingngi", "K_POKTAN": "A. Ahmaluddin", "P_SID": "Universitas Negeri Makassar", "NO_HP_1": "0852-5222-2976", "NAMA_PEMIL": "Pemerintah Desa", "N_PETAK": "TDB312", "LUAS_HA": 0.3198320049, "PAKET": "Paket Sulawesi Selatan 14" }, "geometry": { "type": "MultiPolygon", "coordinates": [ [ [ [ 120.411249920347586, -2.733458748722228, 0.0 ], [ 120.411320577382753, -2.733842387815912, 0.0 ], [ 120.410644903239699, -2.73383596575718, 0.0 ], [ 120.410606895192132, -2.733662113315802, 0.0 ], [ 120.410585057854178, -2.733548763664487, 0.0 ], [ 120.410569236081415, -2.733453690035731, 0.0 ], [ 120.411249920347586, -2.733458748722228, 0.0 ] ] ] ] } },
{ "type": "Feature", "properties": { "OBJECTID": 2605, "WADMPR": "Sulawesi Selatan", "WADMKK": "Kab. Luwu Utara", "WADMKC": "Kec. Malangke", "WADMKD": "Desa Tolada", "POKTAN": "Gapoktan Reso Temangingngi", "K_POKTAN": "A. Ahmaluddin", "P_SID": "Universitas Negeri Makassar", "NO_HP_1": "0852-5222-2976", "NAMA_PEMIL": "Pemerintah Desa", "N_PETAK": "TDB313", "LUAS_HA": 0.89556249378999997, "PAKET": "Paket Sulawesi Selatan 14" }, "geometry": { "type": "MultiPolygon", "coordinates": [ [ [ [ 120.412453528007973, -2.735058663326583, 0.0 ], [ 120.412402400650308, -2.73565411884249, 0.0 ], [ 120.411466258561063, -2.735632833688271, 0.0 ], [ 120.411465555291215, -2.735632015305214, 0.0 ], [ 120.411229763842584, -2.735355158114032, 0.0 ], [ 120.411211923091855, -2.735334210205565, 0.0 ], [ 120.411209484130495, -2.73533103739743, 0.0 ], [ 120.411179291191388, -2.735287900516141, 0.0 ], [ 120.411178274957479, -2.735286384259155, 0.0 ], [ 120.411170331245899, -2.735273999695266, 0.0 ], [ 120.411169288032283, -2.735272290983403, 0.0 ], [ 120.411097130028566, -2.735148020864415, 0.0 ], [ 120.411169850108536, -2.735154534653987, 0.0 ], [ 120.411181587160627, -2.734990838256522, 0.0 ], [ 120.412453528007973, -2.735058663326583, 0.0 ] ] ] ] } },
{ "type": "Feature", "properties": { "OBJECTID": 2606, "WADMPR": "Sulawesi Selatan", "WADMKK": "Kab. Luwu Utara", "WADMKC": "Kec. Malangke", "WADMKD": "Desa Tolada", "POKTAN": "Gapoktan Reso Temangingngi", "K_POKTAN": "A. Ahmaluddin", "P_SID": "Universitas Negeri Makassar", "NO_HP_1": "0852-5222-2976", "NAMA_PEMIL": "Pemerintah Desa", "N_PETAK": "TDB314", "LUAS_HA": 0.23424865319, "PAKET": "Paket Sulawesi Selatan 14" }, "geometry": { "type": "MultiPolygon", "coordinates": [ [ [ [ 120.412653886167959, -2.735062690490736, 0.0 ], [ 120.412838685157226, -2.735668536773517, 0.0 ], [ 120.412477119023833, -2.73565628261133, 0.0 ], [ 120.412402400650308, -2.73565411884249, 0.0 ], [ 120.412453528007973, -2.735058663326583, 0.0 ], [ 120.412653886167959, -2.735062690490736, 0.0 ] ] ] ] } },
{ "type": "Feature", "properties": { "OBJECTID": 2607, "WADMPR": "Sulawesi Selatan", "WADMKK": "Kab. Luwu Utara", "WADMKC": "Kec. Malangke", "WADMKD": "Desa Tolada", "POKTAN": "Gapoktan Reso Temangingngi", "K_POKTAN": "A. Ahmaluddin", "P_SID": "Universitas Negeri Makassar", "NO_HP_1": "0852-5222-2976", "NAMA_PEMIL": "Pemerintah Desa", "N_PETAK": "TDB315", "LUAS_HA": 1.05977490941, "PAKET": "Paket Sulawesi Selatan 14" }, "geometry": { "type": "MultiPolygon", "coordinates": [ [ [ [ 120.412867664011515, -2.732613464239932, 0.0 ], [ 120.413787766692167, -2.732631507338169, 0.0 ], [ 120.413924178558091, -2.733130140943217, 0.0 ], [ 120.412961377865372, -2.733081511002865, 0.0 ], [ 120.412617681261054, -2.733069610274242, 0.0 ], [ 120.412088164936904, -2.733044690060353, 0.0 ], [ 120.412077546641513, -2.732991224465366, 0.0 ], [ 120.412008349205962, -2.732558977914437, 0.0 ], [ 120.412867664011515, -2.732613464239932, 0.0 ] ] ] ] } },
{ "type": "Feature", "properties": { "OBJECTID": 2608, "WADMPR": "Sulawesi Selatan", "WADMKK": "Kab. Luwu Utara", "WADMKC": "Kec. Malangke", "WADMKD": "Desa Tolada", "POKTAN": "Gapoktan Reso Temangingngi", "K_POKTAN": "A. Ahmaluddin", "P_SID": "Universitas Negeri Makassar", "NO_HP_1": "0852-5222-2976", "NAMA_PEMIL": "Pemerintah Desa", "N_PETAK": "TDB316", "LUAS_HA": 1.44173942272, "PAKET": "Paket Sulawesi Selatan 14" }, "geometry": { "type": "MultiPolygon", "coordinates": [ [ [ [ 120.414660916668026, -2.732601572504507, 0.0 ], [ 120.414770927136601, -2.733040048659291, 0.0 ], [ 120.414914503002024, -2.733623943390228, 0.0 ], [ 120.414958055369993, -2.733808427616793, 0.0 ], [ 120.41412787680008, -2.733838576489063, 0.0 ], [ 120.413924178558091, -2.733130140943217, 0.0 ], [ 120.413787766692167, -2.732631507338169, 0.0 ], [ 120.413716290374509, -2.732334243630419, 0.0 ], [ 120.414660916668026, -2.732601572504507, 0.0 ] ] ] ] } },
{ "type": "Feature", "properties": { "OBJECTID": 2609, "WADMPR": "Sulawesi Selatan", "WADMKK": "Kab. Luwu Utara", "WADMKC": "Kec. Malangke", "WADMKD": "Desa Tolada", "POKTAN": "Gapoktan Reso Temangingngi", "K_POKTAN": "A. Ahmaluddin", "P_SID": "Universitas Negeri Makassar", "NO_HP_1": "0852-5222-2976", "NAMA_PEMIL": "Pemerintah Desa", "N_PETAK": "TDB317", "LUAS_HA": 0.64570222522999998, "PAKET": "Paket Sulawesi Selatan 14" }, "geometry": { "type": "MultiPolygon", "coordinates": [ [ [ [ 120.414914503002024, -2.733623943390228, 0.0 ], [ 120.414770927136601, -2.733040048659291, 0.0 ], [ 120.415607016051013, -2.732916740814915, 0.0 ], [ 120.41581544292842, -2.733490043330789, 0.0 ], [ 120.414914503002024, -2.733623943390228, 0.0 ] ] ] ] } },
{ "type": "Feature", "properties": { "OBJECTID": 2610, "WADMPR": "Sulawesi Selatan", "WADMKK": "Kab. Luwu Utara", "WADMKC": "Kec. Malangke", "WADMKD": "Desa Tolada", "POKTAN": "Gapoktan Reso Temangingngi", "K_POKTAN": "A. Ahmaluddin", "P_SID": "Universitas Negeri Makassar", "NO_HP_1": "0852-5222-2976", "NAMA_PEMIL": "Pemerintah Desa", "N_PETAK": "TDB318", "LUAS_HA": 1.2085543245199999, "PAKET": "Paket Sulawesi Selatan 14" }, "geometry": { "type": "MultiPolygon", "coordinates": [ [ [ [ 120.416088353894452, -2.732926383345841, 0.0 ], [ 120.416159174606264, -2.733158152126975, 0.0 ], [ 120.416248224575952, -2.733400849469604, 0.0 ], [ 120.416250502558682, -2.733543582670166, 0.0 ], [ 120.416250558316619, -2.73354709002615, 0.0 ], [ 120.416195741040724, -2.733703618826894, 0.0 ], [ 120.416195814785056, -2.733707012868308, 0.0 ], [ 120.416132000691391, -2.733839277060952, 0.0 ], [ 120.415949559724481, -2.734014180809766, 0.0 ], [ 120.415820784001994, -2.73405435622351, 0.0 ], [ 120.41558503841884, -2.73412599351974, 0.0 ], [ 120.415504060763851, -2.734137593874834, 0.0 ], [ 120.415066123303063, -2.734198865585142, 0.0 ], [ 120.414958055369993, -2.733808427616793, 0.0 ], [ 120.414914503002024, -2.733623943390228, 0.0 ], [ 120.41581544292842, -2.733490043330789, 0.0 ], [ 120.415607016051013, -2.732916740814915, 0.0 ], [ 120.415544436726464, -2.732716702813548, 0.0 ], [ 120.416088353894452, -2.732926383345841, 0.0 ] ] ] ] } },
{ "type": "Feature", "properties": { "OBJECTID": 2611, "WADMPR": "Sulawesi Selatan", "WADMKK": "Kab. Luwu Utara", "WADMKC": "Kec. Malangke", "WADMKD": "Desa Tolada", "POKTAN": "Gapoktan Reso Temangingngi", "K_POKTAN": "A. Ahmaluddin", "P_SID": "Universitas Negeri Makassar", "NO_HP_1": "0852-5222-2976", "NAMA_PEMIL": "Pemerintah Desa", "N_PETAK": "TDB319", "LUAS_HA": 0.8026766145000001, "PAKET": "Paket Sulawesi Selatan 14" }, "geometry": { "type": "MultiPolygon", "coordinates": [ [ [ [ 120.41694471982305, -2.733019451486427, 0.0 ], [ 120.417057024462224, -2.733633610202901, 0.0 ], [ 120.416940115294096, -2.734002877230978, 0.0 ], [ 120.416563495409036, -2.733739566527731, 0.0 ], [ 120.416470056747812, -2.733577130979768, 0.0 ], [ 120.416340326844647, -2.733489119727039, 0.0 ], [ 120.416248224575952, -2.733400849469604, 0.0 ], [ 120.416159174606264, -2.733158152126975, 0.0 ], [ 120.416088353894452, -2.732926383345841, 0.0 ], [ 120.416082073928578, -2.732825326527575, 0.0 ], [ 120.41694471982305, -2.733019451486427, 0.0 ] ] ] ] } },
{ "type": "Feature", "properties": { "OBJECTID": 2612, "WADMPR": "Sulawesi Selatan", "WADMKK": "Kab. Luwu Utara", "WADMKC": "Kec. Malangke", "WADMKD": "Desa Tolada", "POKTAN": "Gapoktan Reso Temangingngi", "K_POKTAN": "A. Ahmaluddin", "P_SID": "Universitas Negeri Makassar", "NO_HP_1": "0852-5222-2976", "NAMA_PEMIL": "Pemerintah Desa", "N_PETAK": "TDB320", "LUAS_HA": 0.77058803595000003, "PAKET": "Paket Sulawesi Selatan 14" }, "geometry": { "type": "MultiPolygon", "coordinates": [ [ [ [ 120.416940115294096, -2.734002877230978, 0.0 ], [ 120.416719510696907, -2.734406788842193, 0.0 ], [ 120.416211121246306, -2.734615984639959, 0.0 ], [ 120.415949559724481, -2.734014180809766, 0.0 ], [ 120.416132000691391, -2.733839277060952, 0.0 ], [ 120.416195814785056, -2.733707012868308, 0.0 ], [ 120.416250558316619, -2.73354709002615, 0.0 ], [ 120.416250502558682, -2.733543582670166, 0.0 ], [ 120.416248224575952, -2.733400849469604, 0.0 ], [ 120.416340326844647, -2.733489119727039, 0.0 ], [ 120.416470056747812, -2.733577130979768, 0.0 ], [ 120.416563495409036, -2.733739566527731, 0.0 ], [ 120.416940115294096, -2.734002877230978, 0.0 ] ] ] ] } },
{ "type": "Feature", "properties": { "OBJECTID": 2613, "WADMPR": "Sulawesi Selatan", "WADMKK": "Kab. Luwu Utara", "WADMKC": "Kec. Malangke", "WADMKD": "Desa Tolada", "POKTAN": "Gapoktan Reso Temangingngi", "K_POKTAN": "A. Ahmaluddin", "P_SID": "Universitas Negeri Makassar", "NO_HP_1": "0852-5222-2976", "NAMA_PEMIL": "Pemerintah Desa", "N_PETAK": "TDB321", "LUAS_HA": 1.5348722964699999, "PAKET": "Paket Sulawesi Selatan 14" }, "geometry": { "type": "MultiPolygon", "coordinates": [ [ [ [ 120.418129330204465, -2.733185015775803, 0.0 ], [ 120.418103981913305, -2.733320931215928, 0.0 ], [ 120.417955404018699, -2.734131711409304, 0.0 ], [ 120.417904141762847, -2.734131250057089, 0.0 ], [ 120.417488814157537, -2.734305486508958, 0.0 ], [ 120.417243302836255, -2.734413660561927, 0.0 ], [ 120.416940115294096, -2.734002877230978, 0.0 ], [ 120.417057024462224, -2.733633610202901, 0.0 ], [ 120.41694471982305, -2.733019451486427, 0.0 ], [ 120.416978769954312, -2.732939882169774, 0.0 ], [ 120.418129330204465, -2.733185015775803, 0.0 ] ] ] ] } },
{ "type": "Feature", "properties": { "OBJECTID": 2614, "WADMPR": "Sulawesi Selatan", "WADMKK": "Kab. Luwu Utara", "WADMKC": "Kec. Malangke", "WADMKD": "Desa Tolada", "POKTAN": "Gapoktan Reso Temangingngi", "K_POKTAN": "A. Ahmaluddin", "P_SID": "Universitas Negeri Makassar", "NO_HP_1": "0852-5222-2976", "NAMA_PEMIL": "Pemerintah Desa", "N_PETAK": "TDB322", "LUAS_HA": 0.7794872146, "PAKET": "Paket Sulawesi Selatan 14" }, "geometry": { "type": "MultiPolygon", "coordinates": [ [ [ [ 120.419071913238213, -2.733577592331983, 0.0 ], [ 120.418961626677742, -2.733618856824762, 0.0 ], [ 120.418950612680646, -2.733804092884554, 0.0 ], [ 120.418913557914379, -2.733900850943485, 0.0 ], [ 120.418836634403192, -2.733980952658783, 0.0 ], [ 120.41875117722509, -2.734059842987335, 0.0 ], [ 120.418645172336937, -2.734103987109279, 0.0 ], [ 120.418553284106792, -2.734183099570316, 0.0 ], [ 120.417955404018699, -2.734131711409304, 0.0 ], [ 120.418103981913305, -2.733320931215928, 0.0 ], [ 120.419071913238213, -2.733577592331983, 0.0 ] ] ] ] } },
{ "type": "Feature", "properties": { "OBJECTID": 2615, "WADMPR": "Sulawesi Selatan", "WADMKK": "Kab. Luwu Utara", "WADMKC": "Kec. Malangke", "WADMKD": "Desa Tolada", "POKTAN": "Gapoktan Reso Temangingngi", "K_POKTAN": "A. Ahmaluddin", "P_SID": "Universitas Negeri Makassar", "NO_HP_1": "0852-5222-2976", "NAMA_PEMIL": "Pemerintah Desa", "N_PETAK": "TDB323", "LUAS_HA": 0.50805756937000002, "PAKET": "Paket Sulawesi Selatan 14" }, "geometry": { "type": "MultiPolygon", "coordinates": [ [ [ [ 120.412617681261054, -2.733069610274242, 0.0 ], [ 120.412664980204681, -2.733906974427271, 0.0 ], [ 120.412519269348877, -2.733895998201717, 0.0 ], [ 120.41219536772212, -2.733862018217508, 0.0 ], [ 120.412135266929113, -2.733439181273127, 0.0 ], [ 120.412088164936904, -2.733044690060353, 0.0 ], [ 120.412617681261054, -2.733069610274242, 0.0 ] ] ] ] } },
{ "type": "Feature", "properties": { "OBJECTID": 2616, "WADMPR": "Sulawesi Selatan", "WADMKK": "Kab. Luwu Utara", "WADMKC": "Kec. Malangke", "WADMKD": "Desa Tolada", "POKTAN": "Gapoktan Reso Temangingngi", "K_POKTAN": "A. Ahmaluddin", "P_SID": "Universitas Negeri Makassar", "NO_HP_1": "0852-5222-2976", "NAMA_PEMIL": "Pemerintah Desa", "N_PETAK": "TDB324", "LUAS_HA": 0.3832626977, "PAKET": "Paket Sulawesi Selatan 14" }, "geometry": { "type": "MultiPolygon", "coordinates": [ [ [ [ 120.412961377865372, -2.733081511002865, 0.0 ], [ 120.413047661520409, -2.733975452405161, 0.0 ], [ 120.412664980204681, -2.733906974427271, 0.0 ], [ 120.412617681261054, -2.733069610274242, 0.0 ], [ 120.412961377865372, -2.733081511002865, 0.0 ] ] ] ] } },
{ "type": "Feature", "properties": { "OBJECTID": 2617, "WADMPR": "Sulawesi Selatan", "WADMKK": "Kab. Luwu Utara", "WADMKC": "Kec. Malangke", "WADMKD": "Desa Tolada", "POKTAN": "Gapoktan Reso Temangingngi", "K_POKTAN": "A. Ahmaluddin", "P_SID": "Universitas Negeri Makassar", "NO_HP_1": "0852-5222-2976", "NAMA_PEMIL": "Pemerintah Desa", "N_PETAK": "TDB325", "LUAS_HA": 1.2270434172, "PAKET": "Paket Sulawesi Selatan 14" }, "geometry": { "type": "MultiPolygon", "coordinates": [ [ [ [ 120.413924178558091, -2.733130140943217, 0.0 ], [ 120.41412787680008, -2.733838576489063, 0.0 ], [ 120.414176820603871, -2.734052503620092, 0.0 ], [ 120.413609083092751, -2.734109868675432, 0.0 ], [ 120.413324216539422, -2.734041649702306, 0.0 ], [ 120.413047661520409, -2.733975452405161, 0.0 ], [ 120.412961377865372, -2.733081511002865, 0.0 ], [ 120.413924178558091, -2.733130140943217, 0.0 ] ] ] ] } },
{ "type": "Feature", "properties": { "OBJECTID": 2618, "WADMPR": "Sulawesi Selatan", "WADMKK": "Kab. Luwu Utara", "WADMKC": "Kec. Malangke", "WADMKD": "Desa Tolada", "POKTAN": "Gapoktan Reso Temangingngi", "K_POKTAN": "A. Ahmaluddin", "P_SID": "Universitas Negeri Makassar", "NO_HP_1": "0852-5222-2976", "NAMA_PEMIL": "Pemerintah Desa", "N_PETAK": "TDB326", "LUAS_HA": 0.86158208, "PAKET": "Paket Sulawesi Selatan 14" }, "geometry": { "type": "MultiPolygon", "coordinates": [ [ [ [ 120.412664980204681, -2.733906974427271, 0.0 ], [ 120.413047661520409, -2.733975452405161, 0.0 ], [ 120.413324216539422, -2.734041649702306, 0.0 ], [ 120.413384060126305, -2.734840314229075, 0.0 ], [ 120.412548056647552, -2.734792981111127, 0.0 ], [ 120.412519269348877, -2.733895998201717, 0.0 ], [ 120.412664980204681, -2.733906974427271, 0.0 ] ] ] ] } },
{ "type": "Feature", "properties": { "OBJECTID": 2619, "WADMPR": "Sulawesi Selatan", "WADMKK": "Kab. Luwu Utara", "WADMKC": "Kec. Malangke", "WADMKD": "Desa Tolada", "POKTAN": "Gapoktan Reso Temangingngi", "K_POKTAN": "A. Ahmaluddin", "P_SID": "Universitas Negeri Makassar", "NO_HP_1": "0852-5222-2976", "NAMA_PEMIL": "Pemerintah Desa", "N_PETAK": "TDB327", "LUAS_HA": 0.97413731308999996, "PAKET": "Paket Sulawesi Selatan 14" }, "geometry": { "type": "MultiPolygon", "coordinates": [ [ [ [ 120.414176820603871, -2.734052503620092, 0.0 ], [ 120.414404561321476, -2.734940259485313, 0.0 ], [ 120.413389472246422, -2.734915448988716, 0.0 ], [ 120.413384060126305, -2.734840314229075, 0.0 ], [ 120.413324216539422, -2.734041649702306, 0.0 ], [ 120.413609083092751, -2.734109868675432, 0.0 ], [ 120.414176820603871, -2.734052503620092, 0.0 ] ] ] ] } },
{ "type": "Feature", "properties": { "OBJECTID": 2620, "WADMPR": "Sulawesi Selatan", "WADMKK": "Kab. Luwu Utara", "WADMKC": "Kec. Malangke", "WADMKD": "Desa Tolada", "POKTAN": "Gapoktan Reso Temangingngi", "K_POKTAN": "A. Ahmaluddin", "P_SID": "Universitas Negeri Makassar", "NO_HP_1": "0852-5222-2976", "NAMA_PEMIL": "Pemerintah Desa", "N_PETAK": "TDB328", "LUAS_HA": 1.30859036881, "PAKET": "Paket Sulawesi Selatan 14" }, "geometry": { "type": "MultiPolygon", "coordinates": [ [ [ [ 120.415066123303063, -2.734198865585142, 0.0 ], [ 120.415277571003116, -2.734953223212642, 0.0 ], [ 120.415312820830081, -2.735068962362675, 0.0 ], [ 120.414438958591177, -2.735061345104953, 0.0 ], [ 120.414404561321476, -2.734940259485313, 0.0 ], [ 120.414176820603871, -2.734052503620092, 0.0 ], [ 120.41412787680008, -2.733838576489063, 0.0 ], [ 120.414958055369993, -2.733808427616793, 0.0 ], [ 120.415066123303063, -2.734198865585142, 0.0 ] ] ] ] } },
{ "type": "Feature", "properties": { "OBJECTID": 2621, "WADMPR": "Sulawesi Selatan", "WADMKK": "Kab. Luwu Utara", "WADMKC": "Kec. Malangke", "WADMKD": "Desa Tolada", "POKTAN": "Gapoktan Reso Temangingngi", "K_POKTAN": "A. Ahmaluddin", "P_SID": "Universitas Negeri Makassar", "NO_HP_1": "0852-5222-2976", "NAMA_PEMIL": "Pemerintah Desa", "N_PETAK": "TDB329", "LUAS_HA": 0.45240656311, "PAKET": "Paket Sulawesi Selatan 14" }, "geometry": { "type": "MultiPolygon", "coordinates": [ [ [ [ 120.415758297307661, -2.734835705203579, 0.0 ], [ 120.415277571003116, -2.734953223212642, 0.0 ], [ 120.415066123303063, -2.734198865585142, 0.0 ], [ 120.415504060763851, -2.734137593874834, 0.0 ], [ 120.41558503841884, -2.73412599351974, 0.0 ], [ 120.415652560417357, -2.734346636787791, 0.0 ], [ 120.415573277085173, -2.734377843262791, 0.0 ], [ 120.415758297307661, -2.734835705203579, 0.0 ] ] ] ] } },
{ "type": "Feature", "properties": { "OBJECTID": 2622, "WADMPR": "Sulawesi Selatan", "WADMKK": "Kab. Luwu Utara", "WADMKC": "Kec. Malangke", "WADMKD": "Desa Tolada", "POKTAN": "Gapoktan Reso Temangingngi", "K_POKTAN": "A. Ahmaluddin", "P_SID": "Universitas Negeri Makassar", "NO_HP_1": "0852-5222-2976", "NAMA_PEMIL": "Pemerintah Desa", "N_PETAK": "TDB330", "LUAS_HA": 0.12524216932000001, "PAKET": "Paket Sulawesi Selatan 14" }, "geometry": { "type": "MultiPolygon", "coordinates": [ [ [ [ 120.415886039708994, -2.735091932846387, 0.0 ], [ 120.415312820830081, -2.735068962362675, 0.0 ], [ 120.415277571003116, -2.734953223212642, 0.0 ], [ 120.415758297307661, -2.734835705203579, 0.0 ], [ 120.415886039708994, -2.735091932846387, 0.0 ] ] ] ] } },
{ "type": "Feature", "properties": { "OBJECTID": 2623, "WADMPR": "Sulawesi Selatan", "WADMKK": "Kab. Luwu Utara", "WADMKC": "Kec. Malangke", "WADMKD": "Desa Tolada", "POKTAN": "Gapoktan Reso Temangingngi", "K_POKTAN": "A. Ahmaluddin", "P_SID": "Universitas Negeri Makassar", "NO_HP_1": "0852-5222-2976", "NAMA_PEMIL": "Pemerintah Desa", "N_PETAK": "TDB331", "LUAS_HA": 0.6790795256, "PAKET": "Paket Sulawesi Selatan 14" }, "geometry": { "type": "MultiPolygon", "coordinates": [ [ [ [ 120.416211121246306, -2.734615984639959, 0.0 ], [ 120.416518175873193, -2.735151770138032, 0.0 ], [ 120.415886039708994, -2.735091932846387, 0.0 ], [ 120.415758297307661, -2.734835705203579, 0.0 ], [ 120.415573277085173, -2.734377843262791, 0.0 ], [ 120.415652560417357, -2.734346636787791, 0.0 ], [ 120.41558503841884, -2.73412599351974, 0.0 ], [ 120.415820784001994, -2.73405435622351, 0.0 ], [ 120.415949559724481, -2.734014180809766, 0.0 ], [ 120.416211121246306, -2.734615984639959, 0.0 ] ] ] ] } },
{ "type": "Feature", "properties": { "OBJECTID": 2624, "WADMPR": "Sulawesi Selatan", "WADMKK": "Kab. Luwu Utara", "WADMKC": "Kec. Malangke", "WADMKD": "Desa Tolada", "POKTAN": "Gapoktan Reso Temangingngi", "K_POKTAN": "A. Ahmaluddin", "P_SID": "Universitas Negeri Makassar", "NO_HP_1": "0852-5222-2976", "NAMA_PEMIL": "Pemerintah Desa", "N_PETAK": "TDB332", "LUAS_HA": 1.0998053145, "PAKET": "Paket Sulawesi Selatan 14" }, "geometry": { "type": "MultiPolygon", "coordinates": [ [ [ [ 120.417488814157537, -2.734305486508958, 0.0 ], [ 120.417551757707542, -2.734884541088661, 0.0 ], [ 120.41757050407557, -2.735005052940778, 0.0 ], [ 120.416518175873193, -2.735151770138032, 0.0 ], [ 120.416211121246306, -2.734615984639959, 0.0 ], [ 120.416719510696907, -2.734406788842193, 0.0 ], [ 120.416940115294096, -2.734002877230978, 0.0 ], [ 120.417243302836255, -2.734413660561927, 0.0 ], [ 120.417488814157537, -2.734305486508958, 0.0 ] ] ] ] } },
{ "type": "Feature", "properties": { "OBJECTID": 2625, "WADMPR": "Sulawesi Selatan", "WADMKK": "Kab. Luwu Utara", "WADMKC": "Kec. Malangke", "WADMKD": "Desa Tolada", "POKTAN": "Gapoktan Reso Temangingngi", "K_POKTAN": "A. Ahmaluddin", "P_SID": "Universitas Negeri Makassar", "NO_HP_1": "0852-5222-2976", "NAMA_PEMIL": "Pemerintah Desa", "N_PETAK": "TDB333", "LUAS_HA": 0.16353296053, "PAKET": "Paket Sulawesi Selatan 14" }, "geometry": { "type": "MultiPolygon", "coordinates": [ [ [ [ 120.417569904227776, -2.73525791532046, 0.0 ], [ 120.416518175873193, -2.735151770138032, 0.0 ], [ 120.41757050407557, -2.735005052940778, 0.0 ], [ 120.417569904227776, -2.73525791532046, 0.0 ] ] ] ] } },
{ "type": "Feature", "properties": { "OBJECTID": 2626, "WADMPR": "Sulawesi Selatan", "WADMKK": "Kab. Luwu Utara", "WADMKC": "Kec. Malangke", "WADMKD": "Desa Tolada", "POKTAN": "Gapoktan Reso Temangingngi", "K_POKTAN": "A. Ahmaluddin", "P_SID": "Universitas Negeri Makassar", "NO_HP_1": "0852-5222-2976", "NAMA_PEMIL": "Pemerintah Desa", "N_PETAK": "TDB334", "LUAS_HA": 0.38705057066999998, "PAKET": "Paket Sulawesi Selatan 14" }, "geometry": { "type": "MultiPolygon", "coordinates": [ [ [ [ 120.418094816922348, -2.73501451830532, 0.0 ], [ 120.4181955472867, -2.735561008433763, 0.0 ], [ 120.417569904227776, -2.73525791532046, 0.0 ], [ 120.41757050407557, -2.735005052940778, 0.0 ], [ 120.417551757707542, -2.734884541088661, 0.0 ], [ 120.41804991557126, -2.734777986714676, 0.0 ], [ 120.418094816922348, -2.73501451830532, 0.0 ] ] ] ] } },
{ "type": "Feature", "properties": { "OBJECTID": 2627, "WADMPR": "Sulawesi Selatan", "WADMKK": "Kab. Luwu Utara", "WADMKC": "Kec. Malangke", "WADMKD": "Desa Tolada", "POKTAN": "Gapoktan Reso Temangingngi", "K_POKTAN": "A. Ahmaluddin", "P_SID": "Universitas Negeri Makassar", "NO_HP_1": "0852-5222-2976", "NAMA_PEMIL": "Pemerintah Desa", "N_PETAK": "TDB335", "LUAS_HA": 1.4726026350500001, "PAKET": "Paket Sulawesi Selatan 14" }, "geometry": { "type": "MultiPolygon", "coordinates": [ [ [ [ 120.419008171989617, -2.734463902087384, 0.0 ], [ 120.419010573179435, -2.7349802883096, 0.0 ], [ 120.418094816922348, -2.73501451830532, 0.0 ], [ 120.41804991557126, -2.734777986714676, 0.0 ], [ 120.417551757707542, -2.734884541088661, 0.0 ], [ 120.417488814157537, -2.734305486508958, 0.0 ], [ 120.417904141762847, -2.734131250057089, 0.0 ], [ 120.417955404018699, -2.734131711409304, 0.0 ], [ 120.418553284106792, -2.734183099570316, 0.0 ], [ 120.418645172336937, -2.734103987109279, 0.0 ], [ 120.41875117722509, -2.734059842987335, 0.0 ], [ 120.418836634403192, -2.733980952658783, 0.0 ], [ 120.418913557914379, -2.733900850943485, 0.0 ], [ 120.418939601381567, -2.733889378292133, 0.0 ], [ 120.418989682827714, -2.733893717521028, 0.0 ], [ 120.419008171989617, -2.734463902087384, 0.0 ] ] ] ] } },
{ "type": "Feature", "properties": { "OBJECTID": 2628, "WADMPR": "Sulawesi Selatan", "WADMKK": "Kab. Luwu Utara", "WADMKC": "Kec. Malangke", "WADMKD": "Desa Tolada", "POKTAN": "Gapoktan Reso Temangingngi", "K_POKTAN": "A. Ahmaluddin", "P_SID": "Universitas Negeri Makassar", "NO_HP_1": "0852-5222-2976", "NAMA_PEMIL": "Pemerintah Desa", "N_PETAK": "TDB336", "LUAS_HA": 0.60754808868, "PAKET": "Paket Sulawesi Selatan 14" }, "geometry": { "type": "MultiPolygon", "coordinates": [ [ [ [ 120.419056053694021, -2.735542159543002, 0.0 ], [ 120.4181955472867, -2.735561008433763, 0.0 ], [ 120.418094816922348, -2.73501451830532, 0.0 ], [ 120.419010573179435, -2.7349802883096, 0.0 ], [ 120.419056053694021, -2.735542159543002, 0.0 ] ] ] ] } },
{ "type": "Feature", "properties": { "OBJECTID": 2629, "WADMPR": "Sulawesi Selatan", "WADMKK": "Kab. Luwu Utara", "WADMKC": "Kec. Malangke", "WADMKD": "Desa Tolada", "POKTAN": "Gapoktan Reso Temangingngi", "K_POKTAN": "A. Ahmaluddin", "P_SID": "Universitas Negeri Makassar", "NO_HP_1": "0852-5222-2976", "NAMA_PEMIL": "Pemerintah Desa", "N_PETAK": "TDB337", "LUAS_HA": 0.24406953917, "PAKET": "Paket Sulawesi Selatan 14" }, "geometry": { "type": "MultiPolygon", "coordinates": [ [ [ [ 120.419092172266005, -2.735746940568788, 0.0 ], [ 120.41913598004146, -2.736001515257669, 0.0 ], [ 120.4181955472867, -2.735561008433763, 0.0 ], [ 120.419056053694021, -2.735542159543002, 0.0 ], [ 120.419092172266005, -2.735746940568788, 0.0 ] ] ] ] } },
{ "type": "Feature", "properties": { "OBJECTID": 2630, "WADMPR": "Sulawesi Selatan", "WADMKK": "Kab. Luwu Utara", "WADMKC": "Kec. Malangke", "WADMKD": "Desa Tolada", "POKTAN": "Gapoktan Reso Temangingngi", "K_POKTAN": "A. Ahmaluddin", "P_SID": "Universitas Negeri Makassar", "NO_HP_1": "0852-5222-2976", "NAMA_PEMIL": "Pemerintah Desa", "N_PETAK": "TDB338", "LUAS_HA": 1.0063118074899999, "PAKET": "Paket Sulawesi Selatan 14" }, "geometry": { "type": "MultiPolygon", "coordinates": [ [ [ [ 120.419854507779405, -2.734500772492595, 0.0 ], [ 120.419444583300901, -2.734484261839157, 0.0 ], [ 120.419008171989617, -2.734463902087384, 0.0 ], [ 120.418989682827714, -2.733893717521028, 0.0 ], [ 120.418939601381567, -2.733889378292133, 0.0 ], [ 120.418913557914379, -2.733900850943485, 0.0 ], [ 120.418950612680646, -2.733804092884554, 0.0 ], [ 120.418961626677742, -2.733618856824762, 0.0 ], [ 120.419071913238213, -2.733577592331983, 0.0 ], [ 120.419186182896055, -2.733545803096263, 0.0 ], [ 120.419192068059601, -2.733545595352894, 0.0 ], [ 120.419329892760402, -2.733497368308861, 0.0 ], [ 120.419517885242271, -2.733458976250688, 0.0 ], [ 120.419670586528355, -2.733469601740694, 0.0 ], [ 120.419829266507463, -2.733505184316755, 0.0 ], [ 120.419833059847861, -2.733632845779141, 0.0 ], [ 120.41979591425013, -2.733663260850733, 0.0 ], [ 120.419792652409001, -2.733770854841055, 0.0 ], [ 120.419790480546339, -2.73384248494267, 0.0 ], [ 120.419820811081649, -2.734063422289069, 0.0 ], [ 120.419851274716621, -2.734332146011695, 0.0 ], [ 120.419857569970986, -2.734457574457451, 0.0 ], [ 120.419854507779405, -2.734500772492595, 0.0 ] ] ] ] } },
{ "type": "Feature", "properties": { "OBJECTID": 2631, "WADMPR": "Sulawesi Selatan", "WADMKK": "Kab. Luwu Utara", "WADMKC": "Kec. Malangke", "WADMKD": "Desa Tolada", "POKTAN": "Gapoktan Reso Temangingngi", "K_POKTAN": "A. Ahmaluddin", "P_SID": "Universitas Negeri Makassar", "NO_HP_1": "0852-5222-2976", "NAMA_PEMIL": "Pemerintah Desa", "N_PETAK": "TDB339", "LUAS_HA": 0.65214255380999997, "PAKET": "Paket Sulawesi Selatan 14" }, "geometry": { "type": "MultiPolygon", "coordinates": [ [ [ [ 120.419444583300901, -2.734484261839157, 0.0 ], [ 120.419454205147531, -2.735463763841608, 0.0 ], [ 120.419457974206239, -2.735720333226766, 0.0 ], [ 120.419092172266005, -2.735746940568788, 0.0 ], [ 120.419056053694021, -2.735542159543002, 0.0 ], [ 120.419010573179435, -2.7349802883096, 0.0 ], [ 120.419008171989617, -2.734463902087384, 0.0 ], [ 120.419444583300901, -2.734484261839157, 0.0 ] ] ] ] } },
{ "type": "Feature", "properties": { "OBJECTID": 2632, "WADMPR": "Sulawesi Selatan", "WADMKK": "Kab. Luwu Utara", "WADMKC": "Kec. Malangke", "WADMKD": "Desa Tolada", "POKTAN": "Gapoktan Reso Temangingngi", "K_POKTAN": "A. Ahmaluddin", "P_SID": "Universitas Negeri Makassar", "NO_HP_1": "0852-5222-2976", "NAMA_PEMIL": "Pemerintah Desa", "N_PETAK": "TDB340", "LUAS_HA": 1.0040684006, "PAKET": "Paket Sulawesi Selatan 14" }, "geometry": { "type": "MultiPolygon", "coordinates": [ [ [ [ 120.420561588946271, -2.736012031929704, 0.0 ], [ 120.419697483452182, -2.736220569423665, 0.0 ], [ 120.41913598004146, -2.736001515257669, 0.0 ], [ 120.419092172266005, -2.735746940568788, 0.0 ], [ 120.419457974206239, -2.735720333226766, 0.0 ], [ 120.419454205147531, -2.735463763841608, 0.0 ], [ 120.419792565174816, -2.735527089603465, 0.0 ], [ 120.420522631214567, -2.735427160534982, 0.0 ], [ 120.420561588946271, -2.736012031929704, 0.0 ] ] ] ] } },
{ "type": "Feature", "properties": { "OBJECTID": 2633, "WADMPR": "Sulawesi Selatan", "WADMKK": "Kab. Luwu Utara", "WADMKC": "Kec. Malangke", "WADMKD": "Desa Tolada", "POKTAN": "Gapoktan Reso Temangingngi", "K_POKTAN": "A. Ahmaluddin", "P_SID": "Universitas Negeri Makassar", "NO_HP_1": "0852-5222-2976", "NAMA_PEMIL": "Pemerintah Desa", "N_PETAK": "TDB341", "LUAS_HA": 2.7429011041, "PAKET": "Paket Sulawesi Selatan 14" }, "geometry": { "type": "MultiPolygon", "coordinates": [ [ [ [ 120.419854507779405, -2.734500772492595, 0.0 ], [ 120.420007768443838, -2.734506186411352, 0.0 ], [ 120.420095408276552, -2.734534550129354, 0.0 ], [ 120.420658255274361, -2.734529163190302, 0.0 ], [ 120.42098868058315, -2.734540835491146, 0.0 ], [ 120.420989873084181, -2.734548774706127, 0.0 ], [ 120.421008984577043, -2.73496441257754, 0.0 ], [ 120.421049559289827, -2.735016789992812, 0.0 ], [ 120.421049116823383, -2.735018994231154, 0.0 ], [ 120.421106366765457, -2.735088825688706, 0.0 ], [ 120.421244999057535, -2.735194207346751, 0.0 ], [ 120.421408615415316, -2.7352522289072, 0.0 ], [ 120.421415743441912, -2.735254983530638, 0.0 ], [ 120.421541736661879, -2.735215053631748, 0.0 ], [ 120.421674630379925, -2.735258741797452, 0.0 ], [ 120.421495624823251, -2.735487023906956, 0.0 ], [ 120.420603848089172, -2.736616710892463, 0.0 ], [ 120.420561588946271, -2.736012031929704, 0.0 ], [ 120.420522631214567, -2.735427160534982, 0.0 ], [ 120.419792565174816, -2.735527089603465, 0.0 ], [ 120.419454205147531, -2.735463763841608, 0.0 ], [ 120.419444583300901, -2.734484261839157, 0.0 ], [ 120.419854507779405, -2.734500772492595, 0.0 ] ] ] ] } },
{ "type": "Feature", "properties": { "OBJECTID": 2634, "WADMPR": "Sulawesi Selatan", "WADMKK": "Kab. Luwu Utara", "WADMKC": "Kec. Malangke", "WADMKD": "Desa Tolada", "POKTAN": "Gapoktan Reso Temangingngi", "K_POKTAN": "A. Ahmaluddin", "P_SID": "Universitas Negeri Makassar", "NO_HP_1": "0852-5222-2976", "NAMA_PEMIL": "Pemerintah Desa", "N_PETAK": "TDB342", "LUAS_HA": 0.39806771341000002, "PAKET": "Paket Sulawesi Selatan 14" }, "geometry": { "type": "MultiPolygon", "coordinates": [ [ [ [ 120.420603848089172, -2.736616710892463, 0.0 ], [ 120.420387621391683, -2.736632264667207, 0.0 ], [ 120.420164075111984, -2.736522721846086, 0.0 ], [ 120.419697483452182, -2.736220569423665, 0.0 ], [ 120.420561588946271, -2.736012031929704, 0.0 ], [ 120.420603848089172, -2.736616710892463, 0.0 ] ] ] ] } },
{ "type": "Feature", "properties": { "OBJECTID": 2635, "WADMPR": "Sulawesi Selatan", "WADMKK": "Kab. Luwu Utara", "WADMKC": "Kec. Malangke", "WADMKD": "Desa Tolada", "POKTAN": "Gapoktan Reso Temangingngi", "K_POKTAN": "A. Ahmaluddin", "P_SID": "Universitas Negeri Makassar", "NO_HP_1": "0852-5222-2976", "NAMA_PEMIL": "Pemerintah Desa", "N_PETAK": "TDB343", "LUAS_HA": 1.3326123947799999, "PAKET": "Paket Sulawesi Selatan 14" }, "geometry": { "type": "MultiPolygon", "coordinates": [ [ [ [ 120.420603848089172, -2.736616710892463, 0.0 ], [ 120.421495624823251, -2.735487023906956, 0.0 ], [ 120.421523399485409, -2.735645291996605, 0.0 ], [ 120.421611373865858, -2.735790712371454, 0.0 ], [ 120.422133128141468, -2.736166155943295, 0.0 ], [ 120.421452415096951, -2.736925743128495, 0.0 ], [ 120.420887107553995, -2.736817754335846, 0.0 ], [ 120.420562885768618, -2.736689089230026, 0.0 ], [ 120.420603848089172, -2.736616710892463, 0.0 ] ] ] ] } },
{ "type": "Feature", "properties": { "OBJECTID": 2636, "WADMPR": "Sulawesi Selatan", "WADMKK": "Kab. Luwu Utara", "WADMKC": "Kec. Malangke", "WADMKD": "Desa Tolada", "POKTAN": "Gapoktan Reso Temangingngi", "K_POKTAN": "A. Ahmaluddin", "P_SID": "Universitas Negeri Makassar", "NO_HP_1": "0852-5222-2976", "NAMA_PEMIL": "Pemerintah Desa", "N_PETAK": "TDB344", "LUAS_HA": 1.51512921002, "PAKET": "Paket Sulawesi Selatan 14" }, "geometry": { "type": "MultiPolygon", "coordinates": [ [ [ [ 120.423500808115818, -2.736607171783476, 0.0 ], [ 120.422946353591442, -2.7373823496157, 0.0 ], [ 120.423414020840482, -2.737664804187318, 0.0 ], [ 120.423181296079974, -2.737896669195891, 0.0 ], [ 120.421926482820936, -2.737321056321662, 0.0 ], [ 120.422287045311009, -2.737014905513433, 0.0 ], [ 120.422544275697874, -2.73663670102286, 0.0 ], [ 120.42266794776765, -2.73646706280465, 0.0 ], [ 120.422684421548865, -2.736430647456359, 0.0 ], [ 120.422751335605767, -2.736332262523831, 0.0 ], [ 120.422766258056413, -2.736332240040781, 0.0 ], [ 120.42284583906428, -2.73635305574885, 0.0 ], [ 120.423006197178324, -2.736340647802592, 0.0 ], [ 120.423005124287101, -2.736331872218102, 0.0 ], [ 120.423113432339051, -2.736331704944178, 0.0 ], [ 120.423500808115818, -2.736607171783476, 0.0 ] ] ] ] } },
{ "type": "Feature", "properties": { "OBJECTID": 2637, "WADMPR": "Sulawesi Selatan", "WADMKK": "Kab. Luwu Utara", "WADMKC": "Kec. Malangke", "WADMKD": "Desa Tolada", "POKTAN": "Gapoktan Reso Temangingngi", "K_POKTAN": "A. Ahmaluddin", "P_SID": "Universitas Negeri Makassar", "NO_HP_1": "0852-5222-2976", "NAMA_PEMIL": "Pemerintah Desa", "N_PETAK": "TDB345", "LUAS_HA": 0.69451233416000002, "PAKET": "Paket Sulawesi Selatan 14" }, "geometry": { "type": "MultiPolygon", "coordinates": [ [ [ [ 120.423733799974912, -2.736717959266343, 0.0 ], [ 120.424033357853205, -2.736939697908667, 0.0 ], [ 120.423414020840482, -2.737664804187318, 0.0 ], [ 120.422946353591442, -2.7373823496157, 0.0 ], [ 120.423500808115818, -2.736607171783476, 0.0 ], [ 120.423733799974912, -2.736717959266343, 0.0 ] ] ] ] } },
{ "type": "Feature", "properties": { "OBJECTID": 2638, "WADMPR": "Sulawesi Selatan", "WADMKK": "Kab. Luwu Utara", "WADMKC": "Kec. Malangke", "WADMKD": "Desa Tolada", "POKTAN": "Gapoktan Reso Temangingngi", "K_POKTAN": "A. Ahmaluddin", "P_SID": "Universitas Negeri Makassar", "NO_HP_1": "0852-5222-2976", "NAMA_PEMIL": "Pemerintah Desa", "N_PETAK": "TDB346", "LUAS_HA": 0.37431494663999998, "PAKET": "Paket Sulawesi Selatan 14" }, "geometry": { "type": "MultiPolygon", "coordinates": [ [ [ [ 120.423742230219773, -2.735830309521134, 0.0 ], [ 120.423085735018731, -2.736222051506445, 0.0 ], [ 120.422953701052506, -2.735796786392541, 0.0 ], [ 120.423549257292507, -2.735469599542341, 0.0 ], [ 120.423742230219773, -2.735830309521134, 0.0 ] ] ] ] } },
{ "type": "Feature", "properties": { "OBJECTID": 2639, "WADMPR": "Sulawesi Selatan", "WADMKK": "Kab. Luwu Utara", "WADMKC": "Kec. Malangke", "WADMKD": "Desa Tolada", "POKTAN": "Gapoktan Reso Temangingngi", "K_POKTAN": "A. Ahmaluddin", "P_SID": "Universitas Negeri Makassar", "NO_HP_1": "0852-5222-2976", "NAMA_PEMIL": "Pemerintah Desa", "N_PETAK": "TDB347", "LUAS_HA": 0.56485118553000002, "PAKET": "Paket Sulawesi Selatan 14" }, "geometry": { "type": "MultiPolygon", "coordinates": [ [ [ [ 120.423733799974912, -2.736717959266343, 0.0 ], [ 120.423500808115818, -2.736607171783476, 0.0 ], [ 120.423113432339051, -2.736331704944178, 0.0 ], [ 120.423088399709968, -2.73622939716887, 0.0 ], [ 120.42374324375578, -2.735840908930754, 0.0 ], [ 120.424044783739873, -2.736531653912664, 0.0 ], [ 120.424046158803208, -2.736537530982218, 0.0 ], [ 120.423733799974912, -2.736717959266343, 0.0 ] ] ] ] } },
{ "type": "Feature", "properties": { "OBJECTID": 2640, "WADMPR": "Sulawesi Selatan", "WADMKK": "Kab. Luwu Utara", "WADMKC": "Kec. Malangke", "WADMKD": "Desa Tolada", "POKTAN": "Gapoktan Reso Temangingngi", "K_POKTAN": "A. Ahmaluddin", "P_SID": "Universitas Negeri Makassar", "NO_HP_1": "0852-5222-2976", "NAMA_PEMIL": "Pemerintah Desa", "N_PETAK": "TDB348", "LUAS_HA": 0.95799866989000004, "PAKET": "Paket Sulawesi Selatan 14" }, "geometry": { "type": "MultiPolygon", "coordinates": [ [ [ [ 120.424622183566953, -2.737012879340853, 0.0 ], [ 120.424033357853205, -2.736939697908667, 0.0 ], [ 120.423733799974912, -2.736717959266343, 0.0 ], [ 120.424064164129959, -2.73655349394852, 0.0 ], [ 120.424130015188098, -2.736647408351189, 0.0 ], [ 120.425170513708281, -2.73592459894104, 0.0 ], [ 120.425428573270096, -2.73631016618117, 0.0 ], [ 120.424622183566953, -2.737012879340853, 0.0 ] ] ] ] } },
{ "type": "Feature", "properties": { "OBJECTID": 2641, "WADMPR": "Sulawesi Selatan", "WADMKK": "Kab. Luwu Utara", "WADMKC": "Kec. Malangke", "WADMKD": "Desa Tolada", "POKTAN": "Gapoktan Reso Temangingngi", "K_POKTAN": "A. Ahmaluddin", "P_SID": "Universitas Negeri Makassar", "NO_HP_1": "0852-5222-2976", "NAMA_PEMIL": "Pemerintah Desa", "N_PETAK": "TDB349", "LUAS_HA": 1.55726156362, "PAKET": "Paket Sulawesi Selatan 14" }, "geometry": { "type": "MultiPolygon", "coordinates": [ [ [ [ 120.425436668967109, -2.735732974097402, 0.0 ], [ 120.424131386654267, -2.736636674942531, 0.0 ], [ 120.424058061330584, -2.736542559991108, 0.0 ], [ 120.423734648035634, -2.735791500177527, 0.0 ], [ 120.424793179761537, -2.73514011582364, 0.0 ], [ 120.425436668967109, -2.735732974097402, 0.0 ] ] ] ] } },
{ "type": "Feature", "properties": { "OBJECTID": 2642, "WADMPR": "Sulawesi Selatan", "WADMKK": "Kab. Luwu Utara", "WADMKC": "Kec. Malangke", "WADMKD": "Desa Tolada", "POKTAN": "Gapoktan Reso Temangingngi", "K_POKTAN": "A. Ahmaluddin", "P_SID": "Universitas Negeri Makassar", "NO_HP_1": "0852-5222-2976", "NAMA_PEMIL": "Pemerintah Desa", "N_PETAK": "TDB350", "LUAS_HA": 1.25394068665, "PAKET": "Paket Sulawesi Selatan 14" }, "geometry": { "type": "MultiPolygon", "coordinates": [ [ [ [ 120.424622183566953, -2.737012879340853, 0.0 ], [ 120.423747902243917, -2.737997154944708, 0.0 ], [ 120.423127148798926, -2.738759851985549, 0.0 ], [ 120.422754968866798, -2.738548927690829, 0.0 ], [ 120.422697265666329, -2.738529715473931, 0.0 ], [ 120.42315299711322, -2.73800876159504, 0.0 ], [ 120.423324327855539, -2.738077480591187, 0.0 ], [ 120.423379471585463, -2.737992692508726, 0.0 ], [ 120.423181296079974, -2.737896669195891, 0.0 ], [ 120.423414020840482, -2.737664804187318, 0.0 ], [ 120.424033357853205, -2.736939697908667, 0.0 ], [ 120.424622183566953, -2.737012879340853, 0.0 ] ] ] ] } },
{ "type": "Feature", "properties": { "OBJECTID": 2643, "WADMPR": "Sulawesi Selatan", "WADMKK": "Kab. Luwu Utara", "WADMKC": "Kec. Malangke", "WADMKD": "Desa Tolada", "POKTAN": "Gapoktan Reso Temangingngi", "K_POKTAN": "A. Ahmaluddin", "P_SID": "Universitas Negeri Makassar", "NO_HP_1": "0852-5222-2976", "NAMA_PEMIL": "Pemerintah Desa", "N_PETAK": "TDB351", "LUAS_HA": 0.61447635034000003, "PAKET": "Paket Sulawesi Selatan 14" }, "geometry": { "type": "MultiPolygon", "coordinates": [ [ [ [ 120.424780580259608, -2.737448776240001, 0.0 ], [ 120.424118716105909, -2.738247469545058, 0.0 ], [ 120.423747902243917, -2.737997154944708, 0.0 ], [ 120.424622183566953, -2.737012879340853, 0.0 ], [ 120.424672855867698, -2.73715485441295, 0.0 ], [ 120.424718567507966, -2.737269555745343, 0.0 ], [ 120.424780580259608, -2.737448776240001, 0.0 ] ] ] ] } },
{ "type": "Feature", "properties": { "OBJECTID": 2644, "WADMPR": "Sulawesi Selatan", "WADMKK": "Kab. Luwu Utara", "WADMKC": "Kec. Malangke", "WADMKD": "Desa Tolada", "POKTAN": "Gapoktan Reso Temangingngi", "K_POKTAN": "A. Ahmaluddin", "P_SID": "Universitas Negeri Makassar", "NO_HP_1": "0852-5222-2976", "NAMA_PEMIL": "Pemerintah Desa", "N_PETAK": "TDB352", "LUAS_HA": 1.66938499563, "PAKET": "Paket Sulawesi Selatan 14" }, "geometry": { "type": "MultiPolygon", "coordinates": [ [ [ [ 120.42507021411916, -2.737844274693487, 0.0 ], [ 120.424551781939272, -2.738504130661056, 0.0 ], [ 120.423867271957079, -2.739313609535429, 0.0 ], [ 120.423507909162709, -2.738949957874183, 0.0 ], [ 120.423127148798926, -2.738759851985549, 0.0 ], [ 120.423747902243917, -2.737997154944708, 0.0 ], [ 120.424118716105909, -2.738247469545058, 0.0 ], [ 120.424780580259608, -2.737448776240001, 0.0 ], [ 120.424836469527463, -2.737554385426506, 0.0 ], [ 120.424916056830625, -2.737714399100184, 0.0 ], [ 120.425001562572106, -2.737762123423238, 0.0 ], [ 120.42507021411916, -2.737844274693487, 0.0 ] ] ] ] } },
{ "type": "Feature", "properties": { "OBJECTID": 2645, "WADMPR": "Sulawesi Selatan", "WADMKK": "Kab. Luwu Utara", "WADMKC": "Kec. Malangke", "WADMKD": "Desa Tolada", "POKTAN": "Gapoktan Reso Temangingngi", "K_POKTAN": "A. Ahmaluddin", "P_SID": "Universitas Negeri Makassar", "NO_HP_1": "0852-5222-2976", "NAMA_PEMIL": "Pemerintah Desa", "N_PETAK": "TDB353", "LUAS_HA": 0.552899399, "PAKET": "Paket Sulawesi Selatan 14" }, "geometry": { "type": "MultiPolygon", "coordinates": [ [ [ [ 120.42502020731672, -2.738853694442412, 0.0 ], [ 120.424551781939272, -2.738504130661056, 0.0 ], [ 120.42507021411916, -2.737844274693487, 0.0 ], [ 120.42509902839754, -2.737941998624308, 0.0 ], [ 120.425140877449621, -2.738127959537678, 0.0 ], [ 120.425285974967778, -2.738223412680327, 0.0 ], [ 120.425296829784884, -2.738227341818344, 0.0 ], [ 120.425314998788281, -2.738231154943776, 0.0 ], [ 120.425585942937005, -2.738222814631115, 0.0 ], [ 120.425659895987451, -2.738314963664607, 0.0 ], [ 120.425254352106776, -2.738531621137383, 0.0 ], [ 120.42502020731672, -2.738853694442412, 0.0 ] ] ] ] } },
{ "type": "Feature", "properties": { "OBJECTID": 2646, "WADMPR": "Sulawesi Selatan", "WADMKK": "Kab. Luwu Utara", "WADMKC": "Kec. Malangke", "WADMKD": "Desa Tolada", "POKTAN": "Gapoktan Reso Temangingngi", "K_POKTAN": "A. Ahmaluddin", "P_SID": "Universitas Negeri Makassar", "NO_HP_1": "0852-5222-2976", "NAMA_PEMIL": "Pemerintah Desa", "N_PETAK": "TDB354", "LUAS_HA": 0.73039815374999995, "PAKET": "Paket Sulawesi Selatan 14" }, "geometry": { "type": "MultiPolygon", "coordinates": [ [ [ [ 120.42502020731672, -2.738853694442412, 0.0 ], [ 120.424853673558232, -2.739019023109392, 0.0 ], [ 120.424851650982987, -2.739017691213405, 0.0 ], [ 120.42484657790726, -2.739026068398289, 0.0 ], [ 120.424188214814308, -2.739679667782411, 0.0 ], [ 120.423867271957079, -2.739313609535429, 0.0 ], [ 120.424551781939272, -2.738504130661056, 0.0 ], [ 120.42502020731672, -2.738853694442412, 0.0 ] ] ] ] } },
{ "type": "Feature", "properties": { "OBJECTID": 2647, "WADMPR": "Sulawesi Selatan", "WADMKK": "Kab. Luwu Utara", "WADMKC": "Kec. Malangke", "WADMKD": "Desa Tolada", "POKTAN": "Gapoktan Reso Temangingngi", "K_POKTAN": "A. Ahmaluddin", "P_SID": "Universitas Negeri Makassar", "NO_HP_1": "0852-5222-2976", "NAMA_PEMIL": "Pemerintah Desa", "N_PETAK": "TDB355", "LUAS_HA": 0.5398360517, "PAKET": "Paket Sulawesi Selatan 14" }, "geometry": { "type": "MultiPolygon", "coordinates": [ [ [ [ 120.424188214814308, -2.739679667782411, 0.0 ], [ 120.423608170980401, -2.74036550246592, 0.0 ], [ 120.423253902845431, -2.740083695406156, 0.0 ], [ 120.423867271957079, -2.739313609535429, 0.0 ], [ 120.424188214814308, -2.739679667782411, 0.0 ] ] ] ] } },
{ "type": "Feature", "properties": { "OBJECTID": 2648, "WADMPR": "Sulawesi Selatan", "WADMKK": "Kab. Luwu Utara", "WADMKC": "Kec. Malangke", "WADMKD": "Desa Tolada", "POKTAN": "Gapoktan Reso Temangingngi", "K_POKTAN": "A. Ahmaluddin", "P_SID": "Universitas Negeri Makassar", "NO_HP_1": "0852-5222-2976", "NAMA_PEMIL": "Pemerintah Desa", "N_PETAK": "TDB356", "LUAS_HA": 0.66780906861, "PAKET": "Paket Sulawesi Selatan 14" }, "geometry": { "type": "MultiPolygon", "coordinates": [ [ [ [ 120.423867271957079, -2.739313609535429, 0.0 ], [ 120.423253902845431, -2.740083695406156, 0.0 ], [ 120.423197947927065, -2.740132019577004, 0.0 ], [ 120.422832306066084, -2.739799369345349, 0.0 ], [ 120.423507909162709, -2.738949957874183, 0.0 ], [ 120.423867271957079, -2.739313609535429, 0.0 ] ] ] ] } },
{ "type": "Feature", "properties": { "OBJECTID": 2649, "WADMPR": "Sulawesi Selatan", "WADMKK": "Kab. Luwu Utara", "WADMKC": "Kec. Malangke", "WADMKD": "Desa Tolada", "POKTAN": "Gapoktan Reso Temangingngi", "K_POKTAN": "A. Ahmaluddin", "P_SID": "Universitas Negeri Makassar", "NO_HP_1": "0852-5222-2976", "NAMA_PEMIL": "Pemerintah Desa", "N_PETAK": "TDB357", "LUAS_HA": 0.56564775760999997, "PAKET": "Paket Sulawesi Selatan 14" }, "geometry": { "type": "MultiPolygon", "coordinates": [ [ [ [ 120.423197947927065, -2.740132019577004, 0.0 ], [ 120.4225011577023, -2.740877096200961, 0.0 ], [ 120.422233151638693, -2.740493453509998, 0.0 ], [ 120.422832306066084, -2.739799369345349, 0.0 ], [ 120.423197947927065, -2.740132019577004, 0.0 ] ] ] ] } },
{ "type": "Feature", "properties": { "OBJECTID": 2650, "WADMPR": "Sulawesi Selatan", "WADMKK": "Kab. Luwu Utara", "WADMKC": "Kec. Malangke", "WADMKD": "Desa Tolada", "POKTAN": "Gapoktan Reso Temangingngi", "K_POKTAN": "A. Ahmaluddin", "P_SID": "Universitas Negeri Makassar", "NO_HP_1": "0852-5222-2976", "NAMA_PEMIL": "Pemerintah Desa", "N_PETAK": "TDB358", "LUAS_HA": 1.2630499155899999, "PAKET": "Paket Sulawesi Selatan 14" }, "geometry": { "type": "MultiPolygon", "coordinates": [ [ [ [ 120.423507909162709, -2.738949957874183, 0.0 ], [ 120.422832306066084, -2.739799369345349, 0.0 ], [ 120.422233151638693, -2.740493453509998, 0.0 ], [ 120.422186191739456, -2.740548241108399, 0.0 ], [ 120.421744843150009, -2.740162563251658, 0.0 ], [ 120.422962250907176, -2.73892718524138, 0.0 ], [ 120.423079807587101, -2.738809350670977, 0.0 ], [ 120.423079004492479, -2.738808707655664, 0.0 ], [ 120.423127148798926, -2.738759851985549, 0.0 ], [ 120.423507909162709, -2.738949957874183, 0.0 ] ] ] ] } },
{ "type": "Feature", "properties": { "OBJECTID": 2651, "WADMPR": "Sulawesi Selatan", "WADMKK": "Kab. Luwu Utara", "WADMKC": "Kec. Malangke", "WADMKD": "Desa Tolada", "POKTAN": "Gapoktan Reso Temangingngi", "K_POKTAN": "A. Ahmaluddin", "P_SID": "Universitas Negeri Makassar", "NO_HP_1": "0852-5222-2976", "NAMA_PEMIL": "Pemerintah Desa", "N_PETAK": "TDB359", "LUAS_HA": 0.82666987422000004, "PAKET": "Paket Sulawesi Selatan 14" }, "geometry": { "type": "MultiPolygon", "coordinates": [ [ [ [ 120.42315299711322, -2.73800876159504, 0.0 ], [ 120.422697265666329, -2.738529715473931, 0.0 ], [ 120.421879665913934, -2.737961056157758, 0.0 ], [ 120.422048377830379, -2.737701467748479, 0.0 ], [ 120.421808148227569, -2.737515326970708, 0.0 ], [ 120.421877673016297, -2.73740014360169, 0.0 ], [ 120.42315299711322, -2.73800876159504, 0.0 ] ] ] ] } },
{ "type": "Feature", "properties": { "OBJECTID": 2652, "WADMPR": "Sulawesi Selatan", "WADMKK": "Kab. Luwu Utara", "WADMKC": "Kec. Malangke", "WADMKD": "Desa Tolada", "POKTAN": "Gapoktan Reso Temangingngi", "K_POKTAN": "A. Ahmaluddin", "P_SID": "Universitas Negeri Makassar", "NO_HP_1": "0852-5222-2976", "NAMA_PEMIL": "Pemerintah Desa", "N_PETAK": "TDB360", "LUAS_HA": 0.36192464036, "PAKET": "Paket Sulawesi Selatan 14" }, "geometry": { "type": "MultiPolygon", "coordinates": [ [ [ [ 120.421729562769201, -2.737335464360171, 0.0 ], [ 120.421877673016297, -2.73740014360169, 0.0 ], [ 120.421808148227569, -2.737515326970708, 0.0 ], [ 120.422048377830379, -2.737701467748479, 0.0 ], [ 120.421879665913934, -2.737961056157758, 0.0 ], [ 120.421850153761625, -2.738006042944505, 0.0 ], [ 120.421510670481098, -2.737849979992518, 0.0 ], [ 120.42155808004145, -2.737710064367946, 0.0 ], [ 120.421207490133611, -2.737245765079933, 0.0 ], [ 120.421729562769201, -2.737335464360171, 0.0 ] ] ] ] } },
{ "type": "Feature", "properties": { "OBJECTID": 2653, "WADMPR": "Sulawesi Selatan", "WADMKK": "Kab. Luwu Utara", "WADMKC": "Kec. Malangke", "WADMKD": "Desa Tolada", "POKTAN": "Gapoktan Reso Temangingngi", "K_POKTAN": "A. Ahmaluddin", "P_SID": "Universitas Negeri Makassar", "NO_HP_1": "0852-5222-2976", "NAMA_PEMIL": "Pemerintah Desa", "N_PETAK": "TDB361", "LUAS_HA": 0.50596920807000001, "PAKET": "Paket Sulawesi Selatan 14" }, "geometry": { "type": "MultiPolygon", "coordinates": [ [ [ [ 120.421729562769201, -2.737335464360171, 0.0 ], [ 120.421207490133611, -2.737245765079933, 0.0 ], [ 120.42155808004145, -2.737710064367946, 0.0 ], [ 120.421510670481098, -2.737849979992518, 0.0 ], [ 120.420800667416984, -2.737534327846902, 0.0 ], [ 120.420767719854439, -2.73688920457306, 0.0 ], [ 120.421729562769201, -2.737335464360171, 0.0 ] ] ] ] } },
{ "type": "Feature", "properties": { "OBJECTID": 2654, "WADMPR": "Sulawesi Selatan", "WADMKK": "Kab. Luwu Utara", "WADMKC": "Kec. Malangke", "WADMKD": "Desa Tolada", "POKTAN": "Gapoktan Reso Temangingngi", "K_POKTAN": "A. Ahmaluddin", "P_SID": "Universitas Negeri Makassar", "NO_HP_1": "0852-5222-2976", "NAMA_PEMIL": "Pemerintah Desa", "N_PETAK": "TDB362", "LUAS_HA": 2.51199140648, "PAKET": "Paket Sulawesi Selatan 14" }, "geometry": { "type": "MultiPolygon", "coordinates": [ [ [ [ 120.421510670481098, -2.737849979992518, 0.0 ], [ 120.421850153761625, -2.738006042944505, 0.0 ], [ 120.421879665913934, -2.737961056157758, 0.0 ], [ 120.422697265666329, -2.738529715473931, 0.0 ], [ 120.422754968866798, -2.738548927690829, 0.0 ], [ 120.421997032836885, -2.739183897618716, 0.0 ], [ 120.420334851871985, -2.738471790140977, 0.0 ], [ 120.420800667416984, -2.737534327846902, 0.0 ], [ 120.421510670481098, -2.737849979992518, 0.0 ] ] ] ] } },
{ "type": "Feature", "properties": { "OBJECTID": 2655, "WADMPR": "Sulawesi Selatan", "WADMKK": "Kab. Luwu Utara", "WADMKC": "Kec. Malangke", "WADMKD": "Desa Tolada", "POKTAN": "Gapoktan Reso Temangingngi", "K_POKTAN": "A. Ahmaluddin", "P_SID": "Universitas Negeri Makassar", "NO_HP_1": "0852-5222-2976", "NAMA_PEMIL": "Pemerintah Desa", "N_PETAK": "TDB363", "LUAS_HA": 1.6352928887, "PAKET": "Paket Sulawesi Selatan 14" }, "geometry": { "type": "MultiPolygon", "coordinates": [ [ [ [ 120.421997032836885, -2.739183897618716, 0.0 ], [ 120.421304101603027, -2.739759947563471, 0.0 ], [ 120.42109190296901, -2.739609100679388, 0.0 ], [ 120.419892170487287, -2.739235895520096, 0.0 ], [ 120.420124540914912, -2.738834804182829, 0.0 ], [ 120.420334851871985, -2.738471790140977, 0.0 ], [ 120.421997032836885, -2.739183897618716, 0.0 ] ] ] ] } },
{ "type": "Feature", "properties": { "OBJECTID": 2656, "WADMPR": "Sulawesi Selatan", "WADMKK": "Kab. Luwu Utara", "WADMKC": "Kec. Malangke", "WADMKD": "Desa Tolada", "POKTAN": "Gapoktan Reso Temangingngi", "K_POKTAN": "A. Ahmaluddin", "P_SID": "Universitas Negeri Makassar", "NO_HP_1": "0852-5222-2976", "NAMA_PEMIL": "Pemerintah Desa", "N_PETAK": "TDB364", "LUAS_HA": 0.3424836949, "PAKET": "Paket Sulawesi Selatan 14" }, "geometry": { "type": "MultiPolygon", "coordinates": [ [ [ [ 120.420124540914912, -2.738834804182829, 0.0 ], [ 120.419892170487287, -2.739235895520096, 0.0 ], [ 120.419253452185103, -2.738988160175381, 0.0 ], [ 120.419588738329708, -2.738649778564366, 0.0 ], [ 120.420124540914912, -2.738834804182829, 0.0 ] ] ] ] } },
{ "type": "Feature", "properties": { "OBJECTID": 2657, "WADMPR": "Sulawesi Selatan", "WADMKK": "Kab. Luwu Utara", "WADMKC": "Kec. Malangke", "WADMKD": "Desa Tolada", "POKTAN": "Gapoktan Reso Temangingngi", "K_POKTAN": "A. Ahmaluddin", "P_SID": "Universitas Negeri Makassar", "NO_HP_1": "0852-5222-2976", "NAMA_PEMIL": "Pemerintah Desa", "N_PETAK": "TDB365", "LUAS_HA": 0.87077444632000001, "PAKET": "Paket Sulawesi Selatan 14" }, "geometry": { "type": "MultiPolygon", "coordinates": [ [ [ [ 120.420334851871985, -2.738471790140977, 0.0 ], [ 120.420124540914912, -2.738834804182829, 0.0 ], [ 120.419588738329708, -2.738649778564366, 0.0 ], [ 120.419253452185103, -2.738988160175381, 0.0 ], [ 120.418716173812413, -2.738653831808847, 0.0 ], [ 120.41939321672362, -2.738122488062345, 0.0 ], [ 120.420334851871985, -2.738471790140977, 0.0 ] ] ] ] } },
{ "type": "Feature", "properties": { "OBJECTID": 2658, "WADMPR": "Sulawesi Selatan", "WADMKK": "Kab. Luwu Utara", "WADMKC": "Kec. Malangke", "WADMKD": "Desa Tolada", "POKTAN": "Gapoktan Reso Temangingngi", "K_POKTAN": "A. Ahmaluddin", "P_SID": "Universitas Negeri Makassar", "NO_HP_1": "0852-5222-2976", "NAMA_PEMIL": "Pemerintah Desa", "N_PETAK": "TDB366", "LUAS_HA": 0.95343035918999997, "PAKET": "Paket Sulawesi Selatan 14" }, "geometry": { "type": "MultiPolygon", "coordinates": [ [ [ [ 120.420800667416984, -2.737534327846902, 0.0 ], [ 120.420334851871985, -2.738471790140977, 0.0 ], [ 120.41939321672362, -2.738122488062345, 0.0 ], [ 120.41934056861237, -2.738102039277635, 0.0 ], [ 120.419396208768035, -2.738059602068915, 0.0 ], [ 120.420156959675978, -2.737479380169191, 0.0 ], [ 120.420800667416984, -2.737534327846902, 0.0 ] ] ] ] } },
{ "type": "Feature", "properties": { "OBJECTID": 2659, "WADMPR": "Sulawesi Selatan", "WADMKK": "Kab. Luwu Utara", "WADMKC": "Kec. Malangke", "WADMKD": "Desa Tolada", "POKTAN": "Gapoktan Reso Temangingngi", "K_POKTAN": "A. Ahmaluddin", "P_SID": "Universitas Negeri Makassar", "NO_HP_1": "0852-5222-2976", "NAMA_PEMIL": "Pemerintah Desa", "N_PETAK": "TDB367", "LUAS_HA": 0.80866312390999995, "PAKET": "Paket Sulawesi Selatan 14" }, "geometry": { "type": "MultiPolygon", "coordinates": [ [ [ [ 120.420418516701261, -2.736763723067327, 0.0 ], [ 120.420767719854439, -2.73688920457306, 0.0 ], [ 120.420800667416984, -2.737534327846902, 0.0 ], [ 120.420156959675978, -2.737479380169191, 0.0 ], [ 120.419935824478785, -2.73719553434637, 0.0 ], [ 120.419761749005602, -2.736973471948147, 0.0 ], [ 120.41958187920045, -2.736719777695555, 0.0 ], [ 120.420418516701261, -2.736763723067327, 0.0 ] ] ] ] } },
{ "type": "Feature", "properties": { "OBJECTID": 2660, "WADMPR": "Sulawesi Selatan", "WADMKK": "Kab. Luwu Utara", "WADMKC": "Kec. Malangke", "WADMKD": "Desa Tolada", "POKTAN": "Gapoktan Reso Temangingngi", "K_POKTAN": "A. Ahmaluddin", "P_SID": "Universitas Negeri Makassar", "NO_HP_1": "0852-5222-2976", "NAMA_PEMIL": "Pemerintah Desa", "N_PETAK": "TDB368", "LUAS_HA": 0.43801563697000001, "PAKET": "Paket Sulawesi Selatan 14" }, "geometry": { "type": "MultiPolygon", "coordinates": [ [ [ [ 120.420156959675978, -2.737479380169191, 0.0 ], [ 120.419396208768035, -2.738059602068915, 0.0 ], [ 120.419178338109873, -2.737726052515256, 0.0 ], [ 120.419935824478785, -2.73719553434637, 0.0 ], [ 120.420156959675978, -2.737479380169191, 0.0 ] ] ] ] } },
{ "type": "Feature", "properties": { "OBJECTID": 2661, "WADMPR": "Sulawesi Selatan", "WADMKK": "Kab. Luwu Utara", "WADMKC": "Kec. Malangke", "WADMKD": "Desa Tolada", "POKTAN": "Gapoktan Reso Temangingngi", "K_POKTAN": "A. Ahmaluddin", "P_SID": "Universitas Negeri Makassar", "NO_HP_1": "0852-5222-2976", "NAMA_PEMIL": "Pemerintah Desa", "N_PETAK": "TDB369", "LUAS_HA": 1.9989927959, "PAKET": "Paket Sulawesi Selatan 14" }, "geometry": { "type": "MultiPolygon", "coordinates": [ [ [ [ 120.418672884046373, -2.736981448035351, 0.0 ], [ 120.41904501271722, -2.73753737834727, 0.0 ], [ 120.419178338109873, -2.737726052515256, 0.0 ], [ 120.419396208768035, -2.738059602068915, 0.0 ], [ 120.41934056861237, -2.738102039277635, 0.0 ], [ 120.41939321672362, -2.738122488062345, 0.0 ], [ 120.418716173812413, -2.738653831808847, 0.0 ], [ 120.418484208979066, -2.738322016148061, 0.0 ], [ 120.41768408665132, -2.737181111019424, 0.0 ], [ 120.418436789526254, -2.736637649807619, 0.0 ], [ 120.418672884046373, -2.736981448035351, 0.0 ] ] ] ] } },
{ "type": "Feature", "properties": { "OBJECTID": 2662, "WADMPR": "Sulawesi Selatan", "WADMKK": "Kab. Luwu Utara", "WADMKC": "Kec. Malangke", "WADMKD": "Desa Tolada", "POKTAN": "Gapoktan Reso Temangingngi", "K_POKTAN": "A. Ahmaluddin", "P_SID": "Universitas Negeri Makassar", "NO_HP_1": "0852-5222-2976", "NAMA_PEMIL": "Pemerintah Desa", "N_PETAK": "TDB370", "LUAS_HA": 0.46512937074, "PAKET": "Paket Sulawesi Selatan 14" }, "geometry": { "type": "MultiPolygon", "coordinates": [ [ [ [ 120.419296346249439, -2.736334312978101, 0.0 ], [ 120.419387810898797, -2.736457787197082, 0.0 ], [ 120.418672884046373, -2.736981448035351, 0.0 ], [ 120.418436789526254, -2.736637649807619, 0.0 ], [ 120.419109010272678, -2.736105750280103, 0.0 ], [ 120.419296346249439, -2.736334312978101, 0.0 ] ] ] ] } },
{ "type": "Feature", "properties": { "OBJECTID": 2663, "WADMPR": "Sulawesi Selatan", "WADMKK": "Kab. Luwu Utara", "WADMKC": "Kec. Malangke", "WADMKD": "Desa Tolada", "POKTAN": "Gapoktan Reso Temangingngi", "K_POKTAN": "A. Ahmaluddin", "P_SID": "Universitas Negeri Makassar", "NO_HP_1": "0852-5222-2976", "NAMA_PEMIL": "Pemerintah Desa", "N_PETAK": "TDB371", "LUAS_HA": 0.72229645016, "PAKET": "Paket Sulawesi Selatan 14" }, "geometry": { "type": "MultiPolygon", "coordinates": [ [ [ [ 120.41958187920045, -2.736719777695555, 0.0 ], [ 120.419761749005602, -2.736973471948147, 0.0 ], [ 120.41904501271722, -2.73753737834727, 0.0 ], [ 120.418672884046373, -2.736981448035351, 0.0 ], [ 120.419387810898797, -2.736457787197082, 0.0 ], [ 120.41958187920045, -2.736719777695555, 0.0 ] ] ] ] } },
{ "type": "Feature", "properties": { "OBJECTID": 2664, "WADMPR": "Sulawesi Selatan", "WADMKK": "Kab. Luwu Utara", "WADMKC": "Kec. Malangke", "WADMKD": "Desa Tolada", "POKTAN": "Gapoktan Reso Temangingngi", "K_POKTAN": "A. Ahmaluddin", "P_SID": "Universitas Negeri Makassar", "NO_HP_1": "0852-5222-2976", "NAMA_PEMIL": "Pemerintah Desa", "N_PETAK": "TDB372", "LUAS_HA": 0.28953957827, "PAKET": "Paket Sulawesi Selatan 14" }, "geometry": { "type": "MultiPolygon", "coordinates": [ [ [ [ 120.419935824478785, -2.73719553434637, 0.0 ], [ 120.419178338109873, -2.737726052515256, 0.0 ], [ 120.41904501271722, -2.73753737834727, 0.0 ], [ 120.419761749005602, -2.736973471948147, 0.0 ], [ 120.419935824478785, -2.73719553434637, 0.0 ] ] ] ] } },
{ "type": "Feature", "properties": { "OBJECTID": 2665, "WADMPR": "Sulawesi Selatan", "WADMKK": "Kab. Luwu Utara", "WADMKC": "Kec. Malangke", "WADMKD": "Desa Tolada", "POKTAN": "Gapoktan Reso Temangingngi", "K_POKTAN": "A. Ahmaluddin", "P_SID": "Universitas Negeri Makassar", "NO_HP_1": "0852-5222-2976", "NAMA_PEMIL": "Pemerintah Desa", "N_PETAK": "TDB373", "LUAS_HA": 0.29425097251, "PAKET": "Paket Sulawesi Selatan 14" }, "geometry": { "type": "MultiPolygon", "coordinates": [ [ [ [ 120.420418516701261, -2.736763723067327, 0.0 ], [ 120.41958187920045, -2.736719777695555, 0.0 ], [ 120.419387810898797, -2.736457787197082, 0.0 ], [ 120.419296346249439, -2.736334312978101, 0.0 ], [ 120.419556254817394, -2.736297289688139, 0.0 ], [ 120.419811347515747, -2.736404364769555, 0.0 ], [ 120.42001790919926, -2.736581643627915, 0.0 ], [ 120.420425614150872, -2.73671131507507, 0.0 ], [ 120.420418516701261, -2.736763723067327, 0.0 ] ] ] ] } },
{ "type": "Feature", "properties": { "OBJECTID": 2666, "WADMPR": "Sulawesi Selatan", "WADMKK": "Kab. Luwu Utara", "WADMKC": "Kec. Malangke", "WADMKD": "Desa Tolada", "POKTAN": "Gapoktan Reso Temangingngi", "K_POKTAN": "A. Ahmaluddin", "P_SID": "Universitas Negeri Makassar", "NO_HP_1": "0852-5222-2976", "NAMA_PEMIL": "Pemerintah Desa", "N_PETAK": "TDB374", "LUAS_HA": 0.73122067003000002, "PAKET": "Paket Sulawesi Selatan 14" }, "geometry": { "type": "MultiPolygon", "coordinates": [ [ [ [ 120.419109010272678, -2.736105750280103, 0.0 ], [ 120.418436789526254, -2.736637649807619, 0.0 ], [ 120.418031819413045, -2.73601835866026, 0.0 ], [ 120.417767612985017, -2.735622296331883, 0.0 ], [ 120.417674895580035, -2.735473946865113, 0.0 ], [ 120.419109010272678, -2.736105750280103, 0.0 ] ] ] ] } },
{ "type": "Feature", "properties": { "OBJECTID": 2667, "WADMPR": "Sulawesi Selatan", "WADMKK": "Kab. Luwu Utara", "WADMKC": "Kec. Malangke", "WADMKD": "Desa Tolada", "POKTAN": "Gapoktan Reso Temangingngi", "K_POKTAN": "A. Ahmaluddin", "P_SID": "Universitas Negeri Makassar", "NO_HP_1": "0852-5222-2976", "NAMA_PEMIL": "Pemerintah Desa", "N_PETAK": "TDB375", "LUAS_HA": 0.68346570371000004, "PAKET": "Paket Sulawesi Selatan 14" }, "geometry": { "type": "MultiPolygon", "coordinates": [ [ [ [ 120.418031819413045, -2.73601835866026, 0.0 ], [ 120.41782731807632, -2.736100871458007, 0.0 ], [ 120.417077556883783, -2.736346852225381, 0.0 ], [ 120.416950091473609, -2.736079582706509, 0.0 ], [ 120.416796695011499, -2.735726676145134, 0.0 ], [ 120.417767612985017, -2.735622296331883, 0.0 ], [ 120.418031819413045, -2.73601835866026, 0.0 ] ] ] ] } },
{ "type": "Feature", "properties": { "OBJECTID": 2668, "WADMPR": "Sulawesi Selatan", "WADMKK": "Kab. Luwu Utara", "WADMKC": "Kec. Malangke", "WADMKD": "Desa Tolada", "POKTAN": "Gapoktan Reso Temangingngi", "K_POKTAN": "A. Ahmaluddin", "P_SID": "Universitas Negeri Makassar", "NO_HP_1": "0852-5222-2976", "NAMA_PEMIL": "Pemerintah Desa", "N_PETAK": "TDB376", "LUAS_HA": 0.41898890917999998, "PAKET": "Paket Sulawesi Selatan 14" }, "geometry": { "type": "MultiPolygon", "coordinates": [ [ [ [ 120.417674895580035, -2.735473946865113, 0.0 ], [ 120.417767612985017, -2.735622296331883, 0.0 ], [ 120.416796695011499, -2.735726676145134, 0.0 ], [ 120.41654941922036, -2.735270676700338, 0.0 ], [ 120.417466248368783, -2.735378625023486, 0.0 ], [ 120.417674895580035, -2.735473946865113, 0.0 ] ] ] ] } },
{ "type": "Feature", "properties": { "OBJECTID": 2669, "WADMPR": "Sulawesi Selatan", "WADMKK": "Kab. Luwu Utara", "WADMKC": "Kec. Malangke", "WADMKD": "Desa Tolada", "POKTAN": "Gapoktan Reso Temangingngi", "K_POKTAN": "A. Ahmaluddin", "P_SID": "Universitas Negeri Makassar", "NO_HP_1": "0852-5222-2976", "NAMA_PEMIL": "Pemerintah Desa", "N_PETAK": "TDB377", "LUAS_HA": 0.49132176293000002, "PAKET": "Paket Sulawesi Selatan 14" }, "geometry": { "type": "MultiPolygon", "coordinates": [ [ [ [ 120.41733245352998, -2.736831098476387, 0.0 ], [ 120.417077556883783, -2.736346852225381, 0.0 ], [ 120.41782731807632, -2.736100871458007, 0.0 ], [ 120.418032895901433, -2.736552122482408, 0.0 ], [ 120.41733245352998, -2.736831098476387, 0.0 ] ] ] ] } },
{ "type": "Feature", "properties": { "OBJECTID": 2670, "WADMPR": "Sulawesi Selatan", "WADMKK": "Kab. Luwu Utara", "WADMKC": "Kec. Malangke", "WADMKD": "Desa Tolada", "POKTAN": "Gapoktan Reso Temangingngi", "K_POKTAN": "A. Ahmaluddin", "P_SID": "Universitas Negeri Makassar", "NO_HP_1": "0852-5222-2976", "NAMA_PEMIL": "Pemerintah Desa", "N_PETAK": "TDB378", "LUAS_HA": 0.63388740446000003, "PAKET": "Paket Sulawesi Selatan 14" }, "geometry": { "type": "MultiPolygon", "coordinates": [ [ [ [ 120.418436789526254, -2.736637649807619, 0.0 ], [ 120.41768408665132, -2.737181111019424, 0.0 ], [ 120.417542320221969, -2.737265295656812, 0.0 ], [ 120.41733245352998, -2.736831098476387, 0.0 ], [ 120.418032895901433, -2.736552122482408, 0.0 ], [ 120.41782731807632, -2.736100871458007, 0.0 ], [ 120.418031819413045, -2.73601835866026, 0.0 ], [ 120.418436789526254, -2.736637649807619, 0.0 ] ] ] ] } },
{ "type": "Feature", "properties": { "OBJECTID": 2671, "WADMPR": "Sulawesi Selatan", "WADMKK": "Kab. Luwu Utara", "WADMKC": "Kec. Malangke", "WADMKD": "Desa Tolada", "POKTAN": "Gapoktan Reso Temangingngi", "K_POKTAN": "A. Ahmaluddin", "P_SID": "Universitas Negeri Makassar", "NO_HP_1": "0852-5222-2976", "NAMA_PEMIL": "Pemerintah Desa", "N_PETAK": "TDB379", "LUAS_HA": 2.5630759273599999, "PAKET": "Paket Sulawesi Selatan 14" }, "geometry": { "type": "MultiPolygon", "coordinates": [ [ [ [ 120.417077556883783, -2.736346852225381, 0.0 ], [ 120.41733245352998, -2.736831098476387, 0.0 ], [ 120.417542320221969, -2.737265295656812, 0.0 ], [ 120.417615434205004, -2.73740934186759, 0.0 ], [ 120.417649431276345, -2.738402369673565, 0.0 ], [ 120.416702826474307, -2.738226124136247, 0.0 ], [ 120.416677792945848, -2.737953748266818, 0.0 ], [ 120.416684813053735, -2.737459362159768, 0.0 ], [ 120.4164150686006, -2.737029372007839, 0.0 ], [ 120.416027719803537, -2.736317366153457, 0.0 ], [ 120.416950091473609, -2.736079582706509, 0.0 ], [ 120.417077556883783, -2.736346852225381, 0.0 ] ] ] ] } },
{ "type": "Feature", "properties": { "OBJECTID": 2672, "WADMPR": "Sulawesi Selatan", "WADMKK": "Kab. Luwu Utara", "WADMKC": "Kec. Malangke", "WADMKD": "Desa Tolada", "POKTAN": "Gapoktan Reso Temangingngi", "K_POKTAN": "A. Ahmaluddin", "P_SID": "Universitas Negeri Makassar", "NO_HP_1": "0852-5222-2976", "NAMA_PEMIL": "Pemerintah Desa", "N_PETAK": "TDB380", "LUAS_HA": 0.82255582817999995, "PAKET": "Paket Sulawesi Selatan 14" }, "geometry": { "type": "MultiPolygon", "coordinates": [ [ [ [ 120.418484208979066, -2.738322016148061, 0.0 ], [ 120.417671271312201, -2.738662356482507, 0.0 ], [ 120.417649431276345, -2.738402369673565, 0.0 ], [ 120.417615434205004, -2.73740934186759, 0.0 ], [ 120.417542320221969, -2.737265295656812, 0.0 ], [ 120.41768408665132, -2.737181111019424, 0.0 ], [ 120.418484208979066, -2.738322016148061, 0.0 ] ] ] ] } },
{ "type": "Feature", "properties": { "OBJECTID": 2673, "WADMPR": "Sulawesi Selatan", "WADMKK": "Kab. Luwu Utara", "WADMKC": "Kec. Malangke", "WADMKD": "Desa Tolada", "POKTAN": "Gapoktan Reso Temangingngi", "K_POKTAN": "A. Ahmaluddin", "P_SID": "Universitas Negeri Makassar", "NO_HP_1": "0852-5222-2976", "NAMA_PEMIL": "Pemerintah Desa", "N_PETAK": "TDB381", "LUAS_HA": 1.2480289015199999, "PAKET": "Paket Sulawesi Selatan 14" }, "geometry": { "type": "MultiPolygon", "coordinates": [ [ [ [ 120.416677792945848, -2.737953748266818, 0.0 ], [ 120.41626171530595, -2.737907534804833, 0.0 ], [ 120.41632909161433, -2.738713636724924, 0.0 ], [ 120.415999535949936, -2.738724730761646, 0.0 ], [ 120.415917465618577, -2.737912097065589, 0.0 ], [ 120.415788270812072, -2.737321336910099, 0.0 ], [ 120.415597800698038, -2.737332622502493, 0.0 ], [ 120.415523839553657, -2.737095098959628, 0.0 ], [ 120.4164150686006, -2.737029372007839, 0.0 ], [ 120.416684813053735, -2.737459362159768, 0.0 ], [ 120.416677792945848, -2.737953748266818, 0.0 ] ] ] ] } },
{ "type": "Feature", "properties": { "OBJECTID": 2674, "WADMPR": "Sulawesi Selatan", "WADMKK": "Kab. Luwu Utara", "WADMKC": "Kec. Malangke", "WADMKD": "Desa Tolada", "POKTAN": "Gapoktan Reso Temangingngi", "K_POKTAN": "A. Ahmaluddin", "P_SID": "Universitas Negeri Makassar", "NO_HP_1": "0852-5222-2976", "NAMA_PEMIL": "Pemerintah Desa", "N_PETAK": "TDB382", "LUAS_HA": 0.81924973378, "PAKET": "Paket Sulawesi Selatan 14" }, "geometry": { "type": "MultiPolygon", "coordinates": [ [ [ [ 120.4164150686006, -2.737029372007839, 0.0 ], [ 120.415523839553657, -2.737095098959628, 0.0 ], [ 120.415205367134035, -2.736591130576187, 0.0 ], [ 120.415098672465774, -2.736418752123654, 0.0 ], [ 120.416027719803537, -2.736317366153457, 0.0 ], [ 120.4164150686006, -2.737029372007839, 0.0 ] ] ] ] } },
{ "type": "Feature", "properties": { "OBJECTID": 2675, "WADMPR": "Sulawesi Selatan", "WADMKK": "Kab. Luwu Utara", "WADMKC": "Kec. Malangke", "WADMKD": "Desa Tolada", "POKTAN": "Gapoktan Reso Temangingngi", "K_POKTAN": "A. Ahmaluddin", "P_SID": "Universitas Negeri Makassar", "NO_HP_1": "0852-5222-2976", "NAMA_PEMIL": "Pemerintah Desa", "N_PETAK": "TDB383", "LUAS_HA": 1.0013392175, "PAKET": "Paket Sulawesi Selatan 14" }, "geometry": { "type": "MultiPolygon", "coordinates": [ [ [ [ 120.415737462713764, -2.735805266100101, 0.0 ], [ 120.416027719803537, -2.736317366153457, 0.0 ], [ 120.415098672465774, -2.736418752123654, 0.0 ], [ 120.414984595262922, -2.736232384716743, 0.0 ], [ 120.414744470880692, -2.735830337400103, 0.0 ], [ 120.41463860898466, -2.735543399708092, 0.0 ], [ 120.415539985981582, -2.735538210619893, 0.0 ], [ 120.415737462713764, -2.735805266100101, 0.0 ] ] ] ] } },
{ "type": "Feature", "properties": { "OBJECTID": 2676, "WADMPR": "Sulawesi Selatan", "WADMKK": "Kab. Luwu Utara", "WADMKC": "Kec. Malangke", "WADMKD": "Desa Tolada", "POKTAN": "Gapoktan Reso Temangingngi", "K_POKTAN": "A. Ahmaluddin", "P_SID": "Universitas Negeri Makassar", "NO_HP_1": "0852-5222-2976", "NAMA_PEMIL": "Pemerintah Desa", "N_PETAK": "TDB384", "LUAS_HA": 0.57003414074000003, "PAKET": "Paket Sulawesi Selatan 14" }, "geometry": { "type": "MultiPolygon", "coordinates": [ [ [ [ 120.416950091473609, -2.736079582706509, 0.0 ], [ 120.416027719803537, -2.736317366153457, 0.0 ], [ 120.415737462713764, -2.735805266100101, 0.0 ], [ 120.416796695011499, -2.735726676145134, 0.0 ], [ 120.416950091473609, -2.736079582706509, 0.0 ] ] ] ] } },
{ "type": "Feature", "properties": { "OBJECTID": 2677, "WADMPR": "Sulawesi Selatan", "WADMKK": "Kab. Luwu Utara", "WADMKC": "Kec. Malangke", "WADMKD": "Desa Tolada", "POKTAN": "Gapoktan Reso Temangingngi", "K_POKTAN": "A. Ahmaluddin", "P_SID": "Universitas Negeri Makassar", "NO_HP_1": "0852-5222-2976", "NAMA_PEMIL": "Pemerintah Desa", "N_PETAK": "TDB385", "LUAS_HA": 0.75965927434000002, "PAKET": "Paket Sulawesi Selatan 14" }, "geometry": { "type": "MultiPolygon", "coordinates": [ [ [ [ 120.41654941922036, -2.735270676700338, 0.0 ], [ 120.416796695011499, -2.735726676145134, 0.0 ], [ 120.415737462713764, -2.735805266100101, 0.0 ], [ 120.415539985981582, -2.735538210619893, 0.0 ], [ 120.415345750406118, -2.735182699621816, 0.0 ], [ 120.41654941922036, -2.735270676700338, 0.0 ] ] ] ] } },
{ "type": "Feature", "properties": { "OBJECTID": 2678, "WADMPR": "Sulawesi Selatan", "WADMKK": "Kab. Luwu Utara", "WADMKC": "Kec. Malangke", "WADMKD": "Desa Tolada", "POKTAN": "Gapoktan Reso Temangingngi", "K_POKTAN": "A. Ahmaluddin", "P_SID": "Universitas Negeri Makassar", "NO_HP_1": "0852-5222-2976", "NAMA_PEMIL": "Pemerintah Desa", "N_PETAK": "TDB386", "LUAS_HA": 0.39873178413, "PAKET": "Paket Sulawesi Selatan 14" }, "geometry": { "type": "MultiPolygon", "coordinates": [ [ [ [ 120.415345750406118, -2.735182699621816, 0.0 ], [ 120.415539985981582, -2.735538210619893, 0.0 ], [ 120.41463860898466, -2.735543399708092, 0.0 ], [ 120.414557240124623, -2.735333818101196, 0.0 ], [ 120.414488692898885, -2.735157262297776, 0.0 ], [ 120.415345750406118, -2.735182699621816, 0.0 ] ] ] ] } },
{ "type": "Feature", "properties": { "OBJECTID": 2679, "WADMPR": "Sulawesi Selatan", "WADMKK": "Kab. Luwu Utara", "WADMKC": "Kec. Malangke", "WADMKD": "Desa Tolada", "POKTAN": "Gapoktan Reso Temangingngi", "K_POKTAN": "A. Ahmaluddin", "P_SID": "Universitas Negeri Makassar", "NO_HP_1": "0852-5222-2976", "NAMA_PEMIL": "Pemerintah Desa", "N_PETAK": "TDB387", "LUAS_HA": 1.23388836876, "PAKET": "Paket Sulawesi Selatan 14" }, "geometry": { "type": "MultiPolygon", "coordinates": [ [ [ [ 120.413511939224691, -2.735103523308908, 0.0 ], [ 120.413586312258531, -2.735318221158934, 0.0 ], [ 120.414557240124623, -2.735333818101196, 0.0 ], [ 120.41463860898466, -2.735543399708092, 0.0 ], [ 120.414744470880692, -2.735830337400103, 0.0 ], [ 120.413876172747223, -2.735777230634653, 0.0 ], [ 120.412838685157226, -2.735668536773517, 0.0 ], [ 120.412653886167959, -2.735062690490736, 0.0 ], [ 120.413511939224691, -2.735103523308908, 0.0 ] ] ] ] } },
{ "type": "Feature", "properties": { "OBJECTID": 2680, "WADMPR": "Sulawesi Selatan", "WADMKK": "Kab. Luwu Utara", "WADMKC": "Kec. Malangke", "WADMKD": "Desa Tolada", "POKTAN": "Gapoktan Reso Temangingngi", "K_POKTAN": "A. Ahmaluddin", "P_SID": "Universitas Negeri Makassar", "NO_HP_1": "0852-5222-2976", "NAMA_PEMIL": "Pemerintah Desa", "N_PETAK": "TDB388", "LUAS_HA": 0.23119331042, "PAKET": "Paket Sulawesi Selatan 14" }, "geometry": { "type": "MultiPolygon", "coordinates": [ [ [ [ 120.414488692898885, -2.735157262297776, 0.0 ], [ 120.414557240124623, -2.735333818101196, 0.0 ], [ 120.413586312258531, -2.735318221158934, 0.0 ], [ 120.413511939224691, -2.735103523308908, 0.0 ], [ 120.414488692898885, -2.735157262297776, 0.0 ] ] ] ] } },
{ "type": "Feature", "properties": { "OBJECTID": 2681, "WADMPR": "Sulawesi Selatan", "WADMKK": "Kab. Luwu Utara", "WADMKC": "Kec. Malangke", "WADMKD": "Desa Tolada", "POKTAN": "Gapoktan Reso Temangingngi", "K_POKTAN": "A. Ahmaluddin", "P_SID": "Universitas Negeri Makassar", "NO_HP_1": "0852-5222-2976", "NAMA_PEMIL": "Pemerintah Desa", "N_PETAK": "TDB389", "LUAS_HA": 4.3936768749699997, "PAKET": "Paket Sulawesi Selatan 14" }, "geometry": { "type": "MultiPolygon", "coordinates": [ [ [ [ 120.415205367134035, -2.736591130576187, 0.0 ], [ 120.415523839553657, -2.737095098959628, 0.0 ], [ 120.415597800698038, -2.737332622502493, 0.0 ], [ 120.415788270812072, -2.737321336910099, 0.0 ], [ 120.415917465618577, -2.737912097065589, 0.0 ], [ 120.414132160271038, -2.738071756406384, 0.0 ], [ 120.414155925755381, -2.738452352194258, 0.0 ], [ 120.412501196572975, -2.738294245083296, 0.0 ], [ 120.412500826951714, -2.738261481881864, 0.0 ], [ 120.412500825153074, -2.737871179711135, 0.0 ], [ 120.412498873624145, -2.737791688635468, 0.0 ], [ 120.412494698071896, -2.737700188013207, 0.0 ], [ 120.412484789341647, -2.737613840506299, 0.0 ], [ 120.412465739002755, -2.737501891099328, 0.0 ], [ 120.412437588424041, -2.737368376849076, 0.0 ], [ 120.413093169014587, -2.737418393543976, 0.0 ], [ 120.413982510384585, -2.737488877010037, 0.0 ], [ 120.413808139034472, -2.737114888541214, 0.0 ], [ 120.413776986518769, -2.737010779423883, 0.0 ], [ 120.414701240469981, -2.737007640789955, 0.0 ], [ 120.414539390380583, -2.736556509375362, 0.0 ], [ 120.415205367134035, -2.736591130576187, 0.0 ] ] ] ] } },
{ "type": "Feature", "properties": { "OBJECTID": 2682, "WADMPR": "Sulawesi Selatan", "WADMKK": "Kab. Luwu Utara", "WADMKC": "Kec. Malangke", "WADMKD": "Desa Tolada", "POKTAN": "Gapoktan Reso Temangingngi", "K_POKTAN": "A. Ahmaluddin", "P_SID": "Universitas Negeri Makassar", "NO_HP_1": "0852-5222-2976", "NAMA_PEMIL": "Pemerintah Desa", "N_PETAK": "TDB390", "LUAS_HA": 0.25593192683, "PAKET": "Paket Sulawesi Selatan 14" }, "geometry": { "type": "MultiPolygon", "coordinates": [ [ [ [ 120.41297097003428, -2.737118109912785, 0.0 ], [ 120.413093169014587, -2.737418393543976, 0.0 ], [ 120.412437588424041, -2.737368376849076, 0.0 ], [ 120.412421950112957, -2.737294209759909, 0.0 ], [ 120.412363255859646, -2.737091519657838, 0.0 ], [ 120.412926894260863, -2.737016682573767, 0.0 ], [ 120.41297097003428, -2.737118109912785, 0.0 ] ] ] ] } },
{ "type": "Feature", "properties": { "OBJECTID": 2683, "WADMPR": "Sulawesi Selatan", "WADMKK": "Kab. Luwu Utara", "WADMKC": "Kec. Malangke", "WADMKD": "Desa Tolada", "POKTAN": "Gapoktan Reso Temangingngi", "K_POKTAN": "A. Ahmaluddin", "P_SID": "Universitas Negeri Makassar", "NO_HP_1": "0852-5222-2976", "NAMA_PEMIL": "Pemerintah Desa", "N_PETAK": "TDB391", "LUAS_HA": 0.35640991315999998, "PAKET": "Paket Sulawesi Selatan 14" }, "geometry": { "type": "MultiPolygon", "coordinates": [ [ [ [ 120.41380777031236, -2.737114890339853, 0.0 ], [ 120.413982510384585, -2.737488877010037, 0.0 ], [ 120.413093169014587, -2.737418393543976, 0.0 ], [ 120.41297097003428, -2.737118109912785, 0.0 ], [ 120.41380342928494, -2.737105599443794, 0.0 ], [ 120.41380777031236, -2.737114890339853, 0.0 ] ] ] ] } },
{ "type": "Feature", "properties": { "OBJECTID": 2684, "WADMPR": "Sulawesi Selatan", "WADMKK": "Kab. Luwu Utara", "WADMKC": "Kec. Malangke", "WADMKD": "Desa Tolada", "POKTAN": "Gapoktan Reso Temangingngi", "K_POKTAN": "A. Ahmaluddin", "P_SID": "Universitas Negeri Makassar", "NO_HP_1": "0852-5222-2976", "NAMA_PEMIL": "Pemerintah Desa", "N_PETAK": "TDB392", "LUAS_HA": 0.96255027456999998, "PAKET": "Paket Sulawesi Selatan 14" }, "geometry": { "type": "MultiPolygon", "coordinates": [ [ [ [ 120.412634584018861, -2.736050587664465, 0.0 ], [ 120.413070023163073, -2.73605148428851, 0.0 ], [ 120.413228636592407, -2.736488173490386, 0.0 ], [ 120.413524065683191, -2.736476922971576, 0.0 ], [ 120.413776986518769, -2.737010779423883, 0.0 ], [ 120.413808139034472, -2.737114888541214, 0.0 ], [ 120.41380777031236, -2.737114890339853, 0.0 ], [ 120.41380342928494, -2.737105599443794, 0.0 ], [ 120.41297097003428, -2.737118109912785, 0.0 ], [ 120.412926011126615, -2.737007676762801, 0.0 ], [ 120.412744325590211, -2.736443686726716, 0.0 ], [ 120.412598810786562, -2.736456316805516, 0.0 ], [ 120.412414265406142, -2.736043188042629, 0.0 ], [ 120.412634584018861, -2.736050587664465, 0.0 ] ] ] ] } },
{ "type": "Feature", "properties": { "OBJECTID": 2685, "WADMPR": "Sulawesi Selatan", "WADMKK": "Kab. Luwu Utara", "WADMKC": "Kec. Malangke", "WADMKD": "Desa Tolada", "POKTAN": "Gapoktan Reso Temangingngi", "K_POKTAN": "A. Ahmaluddin", "P_SID": "Universitas Negeri Makassar", "NO_HP_1": "0852-5222-2976", "NAMA_PEMIL": "Pemerintah Desa", "N_PETAK": "TDB393", "LUAS_HA": 0.57737814413, "PAKET": "Paket Sulawesi Selatan 14" }, "geometry": { "type": "MultiPolygon", "coordinates": [ [ [ [ 120.414441885884344, -2.736543353193156, 0.0 ], [ 120.414539390380583, -2.736556509375362, 0.0 ], [ 120.414693733828813, -2.737004509350584, 0.0 ], [ 120.413776986518769, -2.737010779423883, 0.0 ], [ 120.413524065683191, -2.736476922971576, 0.0 ], [ 120.414441885884344, -2.736543353193156, 0.0 ] ] ] ] } },
{ "type": "Feature", "properties": { "OBJECTID": 2686, "WADMPR": "Sulawesi Selatan", "WADMKK": "Kab. Luwu Utara", "WADMKC": "Kec. Malangke", "WADMKD": "Desa Tolada", "POKTAN": "Gapoktan Reso Temangingngi", "K_POKTAN": "A. Ahmaluddin", "P_SID": "Universitas Negeri Makassar", "NO_HP_1": "0852-5222-2976", "NAMA_PEMIL": "Pemerintah Desa", "N_PETAK": "TDB394", "LUAS_HA": 0.40340600638000002, "PAKET": "Paket Sulawesi Selatan 14" }, "geometry": { "type": "MultiPolygon", "coordinates": [ [ [ [ 120.414744470880692, -2.735830337400103, 0.0 ], [ 120.414984595262922, -2.736232384716743, 0.0 ], [ 120.414180886438771, -2.736190914279234, 0.0 ], [ 120.413876172747223, -2.735777230634653, 0.0 ], [ 120.414744470880692, -2.735830337400103, 0.0 ] ] ] ] } },
{ "type": "Feature", "properties": { "OBJECTID": 2687, "WADMPR": "Sulawesi Selatan", "WADMKK": "Kab. Luwu Utara", "WADMKC": "Kec. Malangke", "WADMKD": "Desa Tolada", "POKTAN": "Gapoktan Reso Temangingngi", "K_POKTAN": "A. Ahmaluddin", "P_SID": "Universitas Negeri Makassar", "NO_HP_1": "0852-5222-2976", "NAMA_PEMIL": "Pemerintah Desa", "N_PETAK": "TDB395", "LUAS_HA": 0.33255915022, "PAKET": "Paket Sulawesi Selatan 14" }, "geometry": { "type": "MultiPolygon", "coordinates": [ [ [ [ 120.414984595262922, -2.736232384716743, 0.0 ], [ 120.415098672465774, -2.736418752123654, 0.0 ], [ 120.415205367134035, -2.736591130576187, 0.0 ], [ 120.414539390380583, -2.736556509375362, 0.0 ], [ 120.414441885884344, -2.736543353193156, 0.0 ], [ 120.414180886438771, -2.736190914279234, 0.0 ], [ 120.414984595262922, -2.736232384716743, 0.0 ] ] ] ] } },
{ "type": "Feature", "properties": { "OBJECTID": 2688, "WADMPR": "Sulawesi Selatan", "WADMKK": "Kab. Luwu Utara", "WADMKC": "Kec. Malangke", "WADMKD": "Desa Tolada", "POKTAN": "Gapoktan Reso Temangingngi", "K_POKTAN": "A. Ahmaluddin", "P_SID": "Universitas Negeri Makassar", "NO_HP_1": "0852-5222-2976", "NAMA_PEMIL": "Pemerintah Desa", "N_PETAK": "TDB396", "LUAS_HA": 1.1942710123, "PAKET": "Paket Sulawesi Selatan 14" }, "geometry": { "type": "MultiPolygon", "coordinates": [ [ [ [ 120.412838685157226, -2.735668536773517, 0.0 ], [ 120.413876172747223, -2.735777230634653, 0.0 ], [ 120.414180886438771, -2.736190914279234, 0.0 ], [ 120.414441885884344, -2.736543353193156, 0.0 ], [ 120.413524065683191, -2.736476922971576, 0.0 ], [ 120.413228636592407, -2.736488173490386, 0.0 ], [ 120.413070023163073, -2.73605148428851, 0.0 ], [ 120.412634584018861, -2.736050587664465, 0.0 ], [ 120.412477119023833, -2.73565628261133, 0.0 ], [ 120.412838685157226, -2.735668536773517, 0.0 ] ] ] ] } },
{ "type": "Feature", "properties": { "OBJECTID": 2689, "WADMPR": "Sulawesi Selatan", "WADMKK": "Kab. Luwu Utara", "WADMKC": "Kec. Malangke", "WADMKD": "Desa Tolada", "POKTAN": "Gapoktan Reso Temangingngi", "K_POKTAN": "A. Ahmaluddin", "P_SID": "Universitas Negeri Makassar", "NO_HP_1": "0852-5222-2976", "NAMA_PEMIL": "Pemerintah Desa", "N_PETAK": "TDB397", "LUAS_HA": 0.752870293, "PAKET": "Paket Sulawesi Selatan 14" }, "geometry": { "type": "MultiPolygon", "coordinates": [ [ [ [ 120.412477119023833, -2.73565628261133, 0.0 ], [ 120.412634584018861, -2.736050587664465, 0.0 ], [ 120.412414265406142, -2.736043188042629, 0.0 ], [ 120.412598810786562, -2.736456316805516, 0.0 ], [ 120.412096516940778, -2.736507087132338, 0.0 ], [ 120.412060723023956, -2.736446552866084, 0.0 ], [ 120.412028041660847, -2.736391283231114, 0.0 ], [ 120.411924899314727, -2.736224447300344, 0.0 ], [ 120.411896740642078, -2.736183433718452, 0.0 ], [ 120.411762265016591, -2.735995764093218, 0.0 ], [ 120.411633639480897, -2.735827685299398, 0.0 ], [ 120.4114663592851, -2.73563295149944, 0.0 ], [ 120.412477119023833, -2.73565628261133, 0.0 ] ] ] ] } },
{ "type": "Feature", "properties": { "OBJECTID": 2690, "WADMPR": "Sulawesi Selatan", "WADMKK": "Kab. Luwu Utara", "WADMKC": "Kec. Malangke", "WADMKD": "Desa Tolada", "POKTAN": "Gapoktan Reso Temangingngi", "K_POKTAN": "A. Ahmaluddin", "P_SID": "Universitas Negeri Makassar", "NO_HP_1": "0852-5222-2976", "NAMA_PEMIL": "Pemerintah Desa", "N_PETAK": "TDB398", "LUAS_HA": 0.44157523102000001, "PAKET": "Paket Sulawesi Selatan 14" }, "geometry": { "type": "MultiPolygon", "coordinates": [ [ [ [ 120.412926894260863, -2.737016682573767, 0.0 ], [ 120.412363255859646, -2.737091519657838, 0.0 ], [ 120.412360609154803, -2.737082379847891, 0.0 ], [ 120.412322818743178, -2.736979807671958, 0.0 ], [ 120.41225746590942, -2.736813653427305, 0.0 ], [ 120.412197697865508, -2.736689198047998, 0.0 ], [ 120.412150503243197, -2.736601964708882, 0.0 ], [ 120.412101563936062, -2.736515621698516, 0.0 ], [ 120.412096516940778, -2.736507087132338, 0.0 ], [ 120.412598810786562, -2.736456316805516, 0.0 ], [ 120.412744325590211, -2.736443686726716, 0.0 ], [ 120.412926894260863, -2.737016682573767, 0.0 ] ] ] ] } },
{ "type": "Feature", "properties": { "OBJECTID": 2691, "WADMPR": "Sulawesi Selatan", "WADMKK": "Kab. Luwu Utara", "WADMKC": "Kec. Malangke", "WADMKD": "Desa Tolada", "POKTAN": "Gapoktan Reso Temangingngi", "K_POKTAN": "A. Ahmaluddin", "P_SID": "Universitas Negeri Makassar", "NO_HP_1": "0852-5222-2976", "NAMA_PEMIL": "Pemerintah Desa", "N_PETAK": "TDB399", "LUAS_HA": 1.9016349664300001, "PAKET": "Paket Sulawesi Selatan 14" }, "geometry": { "type": "MultiPolygon", "coordinates": [ [ [ [ 120.414155925755381, -2.738452352194258, 0.0 ], [ 120.414072262724858, -2.739408012269905, 0.0 ], [ 120.413494868293583, -2.739347799960967, 0.0 ], [ 120.412492096333267, -2.739241984829675, 0.0 ], [ 120.412491183521411, -2.739216910831715, 0.0 ], [ 120.412488928021617, -2.739006026107177, 0.0 ], [ 120.412488963095257, -2.739003999035276, 0.0 ], [ 120.412504787565922, -2.738612170715044, 0.0 ], [ 120.412501196572975, -2.738294245083296, 0.0 ], [ 120.414155925755381, -2.738452352194258, 0.0 ] ] ] ] } },
{ "type": "Feature", "properties": { "OBJECTID": 2692, "WADMPR": "Sulawesi Selatan", "WADMKK": "Kab. Luwu Utara", "WADMKC": "Kec. Malangke", "WADMKD": "Desa Tolada", "POKTAN": "Gapoktan Reso Temangingngi", "K_POKTAN": "A. Ahmaluddin", "P_SID": "Universitas Negeri Makassar", "NO_HP_1": "0852-5222-2976", "NAMA_PEMIL": "Pemerintah Desa", "N_PETAK": "TDB400", "LUAS_HA": 0.51375857884999998, "PAKET": "Paket Sulawesi Selatan 14" }, "geometry": { "type": "MultiPolygon", "coordinates": [ [ [ [ 120.413494868293583, -2.739347799960967, 0.0 ], [ 120.413461643739879, -2.739763460315373, 0.0 ], [ 120.412491576525099, -2.739671304087381, 0.0 ], [ 120.412491903878276, -2.739648558434169, 0.0 ], [ 120.412494578462088, -2.739310167829956, 0.0 ], [ 120.412492096333267, -2.739241984829675, 0.0 ], [ 120.413494868293583, -2.739347799960967, 0.0 ] ] ] ] } },
{ "type": "Feature", "properties": { "OBJECTID": 2693, "WADMPR": "Sulawesi Selatan", "WADMKK": "Kab. Luwu Utara", "WADMKC": "Kec. Malangke", "WADMKD": "Desa Tolada", "POKTAN": "Gapoktan Reso Temangingngi", "K_POKTAN": "A. Ahmaluddin", "P_SID": "Universitas Negeri Makassar", "NO_HP_1": "0852-5222-2976", "NAMA_PEMIL": "Pemerintah Desa", "N_PETAK": "TDB401", "LUAS_HA": 0.31275521064, "PAKET": "Paket Sulawesi Selatan 14" }, "geometry": { "type": "MultiPolygon", "coordinates": [ [ [ [ 120.414072262724858, -2.739408012269905, 0.0 ], [ 120.414082203830731, -2.739839053729327, 0.0 ], [ 120.413461643739879, -2.739763460315373, 0.0 ], [ 120.413494868293583, -2.739347799960967, 0.0 ], [ 120.414072262724858, -2.739408012269905, 0.0 ] ] ] ] } },
{ "type": "Feature", "properties": { "OBJECTID": 2694, "WADMPR": "Sulawesi Selatan", "WADMKK": "Kab. Luwu Utara", "WADMKC": "Kec. Malangke", "WADMKD": "Desa Tolada", "POKTAN": "Gapoktan Reso Temangingngi", "K_POKTAN": "A. Ahmaluddin", "P_SID": "Universitas Negeri Makassar", "NO_HP_1": "0852-5222-2976", "NAMA_PEMIL": "Pemerintah Desa", "N_PETAK": "TDB402", "LUAS_HA": 2.11565182441, "PAKET": "Paket Sulawesi Selatan 14" }, "geometry": { "type": "MultiPolygon", "coordinates": [ [ [ [ 120.413461643739879, -2.739763460315373, 0.0 ], [ 120.414082203830731, -2.739839053729327, 0.0 ], [ 120.414062274854132, -2.740333295045502, 0.0 ], [ 120.413600087174359, -2.740297549692116, 0.0 ], [ 120.413577009671371, -2.740786151359771, 0.0 ], [ 120.413140597460711, -2.740774723674519, 0.0 ], [ 120.413115917365758, -2.741244637430043, 0.0 ], [ 120.412408115841913, -2.741208953230569, 0.0 ], [ 120.412430553027662, -2.741109927081425, 0.0 ], [ 120.412444844154265, -2.740986500526503, 0.0 ], [ 120.412463543757553, -2.74085795233259, 0.0 ], [ 120.412468694175004, -2.740770165910362, 0.0 ], [ 120.412470459544124, -2.740724151198549, 0.0 ], [ 120.412470660992312, -2.740721273368024, 0.0 ], [ 120.412473279818073, -2.74069564268973, 0.0 ], [ 120.412477012903878, -2.740635920511295, 0.0 ], [ 120.412484885569029, -2.740137931720142, 0.0 ], [ 120.412491576525099, -2.739671304087381, 0.0 ], [ 120.413461643739879, -2.739763460315373, 0.0 ] ] ] ] } },
{ "type": "Feature", "properties": { "OBJECTID": 2695, "WADMPR": "Sulawesi Selatan", "WADMKK": "Kab. Luwu Utara", "WADMKC": "Kec. Malangke", "WADMKD": "Desa Tolada", "POKTAN": "Gapoktan Reso Temangingngi", "K_POKTAN": "A. Ahmaluddin", "P_SID": "Universitas Negeri Makassar", "NO_HP_1": "0852-5222-2976", "NAMA_PEMIL": "Pemerintah Desa", "N_PETAK": "TDB403", "LUAS_HA": 0.5284115008, "PAKET": "Paket Sulawesi Selatan 14" }, "geometry": { "type": "MultiPolygon", "coordinates": [ [ [ [ 120.413577009671371, -2.740786151359771, 0.0 ], [ 120.414024617542168, -2.740797418066336, 0.0 ], [ 120.414001318805845, -2.741297224387324, 0.0 ], [ 120.413115917365758, -2.741244637430043, 0.0 ], [ 120.413140597460711, -2.740774723674519, 0.0 ], [ 120.413577009671371, -2.740786151359771, 0.0 ] ] ] ] } },
{ "type": "Feature", "properties": { "OBJECTID": 2696, "WADMPR": "Sulawesi Selatan", "WADMKK": "Kab. Luwu Utara", "WADMKC": "Kec. Malangke", "WADMKD": "Desa Tolada", "POKTAN": "Gapoktan Reso Temangingngi", "K_POKTAN": "A. Ahmaluddin", "P_SID": "Universitas Negeri Makassar", "NO_HP_1": "0852-5222-2976", "NAMA_PEMIL": "Pemerintah Desa", "N_PETAK": "TDB404", "LUAS_HA": 0.2673136314, "PAKET": "Paket Sulawesi Selatan 14" }, "geometry": { "type": "MultiPolygon", "coordinates": [ [ [ [ 120.414062274854132, -2.740333295045502, 0.0 ], [ 120.414024617542168, -2.740797418066336, 0.0 ], [ 120.413577009671371, -2.740786151359771, 0.0 ], [ 120.413600087174359, -2.740297549692116, 0.0 ], [ 120.414062274854132, -2.740333295045502, 0.0 ] ] ] ] } },
{ "type": "Feature", "properties": { "OBJECTID": 2697, "WADMPR": "Sulawesi Selatan", "WADMKK": "Kab. Luwu Utara", "WADMKC": "Kec. Malangke", "WADMKD": "Desa Tolada", "POKTAN": "Gapoktan Reso Temangingngi", "K_POKTAN": "A. Ahmaluddin", "P_SID": "Universitas Negeri Makassar", "NO_HP_1": "0852-5222-2976", "NAMA_PEMIL": "Pemerintah Desa", "N_PETAK": "TDB405", "LUAS_HA": 1.6966762581099999, "PAKET": "Paket Sulawesi Selatan 14" }, "geometry": { "type": "MultiPolygon", "coordinates": [ [ [ [ 120.414001318805845, -2.741297224387324, 0.0 ], [ 120.413797142124508, -2.742212361011582, 0.0 ], [ 120.412213981889863, -2.741998229734463, 0.0 ], [ 120.412293570991551, -2.741692454842848, 0.0 ], [ 120.412318210616945, -2.741605775486107, 0.0 ], [ 120.412407858635788, -2.741210091772246, 0.0 ], [ 120.414001318805845, -2.741297224387324, 0.0 ] ] ] ] } },
{ "type": "Feature", "properties": { "OBJECTID": 2698, "WADMPR": "Sulawesi Selatan", "WADMKK": "Kab. Luwu Utara", "WADMKC": "Kec. Malangke", "WADMKD": "Desa Tolada", "POKTAN": "Gapoktan Reso Temangingngi", "K_POKTAN": "A. Ahmaluddin", "P_SID": "Universitas Negeri Makassar", "NO_HP_1": "0852-5222-2976", "NAMA_PEMIL": "Pemerintah Desa", "N_PETAK": "TDB406", "LUAS_HA": 0.94298065716000001, "PAKET": "Paket Sulawesi Selatan 14" }, "geometry": { "type": "MultiPolygon", "coordinates": [ [ [ [ 120.413797142124508, -2.742212361011582, 0.0 ], [ 120.413940411320937, -2.742694876966937, 0.0 ], [ 120.412407842448033, -2.742512685112274, 0.0 ], [ 120.412356962403919, -2.742510033910889, 0.0 ], [ 120.412355530683271, -2.742506354784382, 0.0 ], [ 120.412355094512009, -2.74250518656504, 0.0 ], [ 120.412330331679527, -2.742435611414294, 0.0 ], [ 120.412320018254263, -2.742407896107466, 0.0 ], [ 120.412278900350998, -2.74230842029732, 0.0 ], [ 120.41227580308589, -2.742301863340288, 0.0 ], [ 120.412274484679756, -2.742298780464296, 0.0 ], [ 120.412240303247472, -2.74220990676173, 0.0 ], [ 120.412239812217649, -2.742208562275266, 0.0 ], [ 120.412208446562659, -2.742115811595397, 0.0 ], [ 120.412207477093489, -2.742112547056365, 0.0 ], [ 120.412204386123562, -2.74210049344299, 0.0 ], [ 120.412203548854791, -2.742096467178158, 0.0 ], [ 120.412201897699447, -2.742085542213943, 0.0 ], [ 120.412201392280508, -2.742078679487406, 0.0 ], [ 120.412201525380169, -2.742075307929042, 0.0 ], [ 120.412204227842949, -2.742040009538755, 0.0 ], [ 120.41220479531512, -2.74203553631088, 0.0 ], [ 120.412205211701234, -2.742033472366813, 0.0 ], [ 120.412207693830055, -2.742022478154809, 0.0 ], [ 120.412208043666396, -2.742021042836825, 0.0 ], [ 120.412213981889863, -2.741998229734463, 0.0 ], [ 120.413797142124508, -2.742212361011582, 0.0 ] ] ] ] } },
{ "type": "Feature", "properties": { "OBJECTID": 2699, "WADMPR": "Sulawesi Selatan", "WADMKK": "Kab. Luwu Utara", "WADMKC": "Kec. Malangke", "WADMKD": "Desa Tolada", "POKTAN": "Gapoktan Reso Temangingngi", "K_POKTAN": "A. Ahmaluddin", "P_SID": "Universitas Negeri Makassar", "NO_HP_1": "0852-5222-2976", "NAMA_PEMIL": "Pemerintah Desa", "N_PETAK": "TDB407", "LUAS_HA": 0.68749731269000003, "PAKET": "Paket Sulawesi Selatan 14" }, "geometry": { "type": "MultiPolygon", "coordinates": [ [ [ [ 120.413940411320937, -2.742694876966937, 0.0 ], [ 120.413990401036244, -2.743078694126382, 0.0 ], [ 120.413173739276658, -2.742979245295885, 0.0 ], [ 120.412485657187403, -2.742844701321872, 0.0 ], [ 120.41244461122983, -2.742735323076658, 0.0 ], [ 120.412356962403919, -2.742510033910889, 0.0 ], [ 120.412407842448033, -2.742512685112274, 0.0 ], [ 120.413940411320937, -2.742694876966937, 0.0 ] ] ] ] } },
{ "type": "Feature", "properties": { "OBJECTID": 2700, "WADMPR": "Sulawesi Selatan", "WADMKK": "Kab. Luwu Utara", "WADMKC": "Kec. Malangke", "WADMKD": "Desa Tolada", "POKTAN": "Gapoktan Reso Temangingngi", "K_POKTAN": "A. Ahmaluddin", "P_SID": "Universitas Negeri Makassar", "NO_HP_1": "0852-5222-2976", "NAMA_PEMIL": "Pemerintah Desa", "N_PETAK": "TDB408", "LUAS_HA": 0.54107173715000001, "PAKET": "Paket Sulawesi Selatan 14" }, "geometry": { "type": "MultiPolygon", "coordinates": [ [ [ [ 120.41399020948063, -2.743195556529656, 0.0 ], [ 120.412813003217593, -2.743593810505899, 0.0 ], [ 120.412710490396876, -2.743410378486146, 0.0 ], [ 120.412709586578217, -2.743408676968841, 0.0 ], [ 120.412650139592301, -2.743290794734321, 0.0 ], [ 120.412634373577589, -2.743259528004785, 0.0 ], [ 120.412632160345993, -2.743254367694874, 0.0 ], [ 120.412539621906035, -2.742993575093351, 0.0 ], [ 120.412530685342972, -2.742968347311319, 0.0 ], [ 120.412575207180112, -2.742966770799796, 0.0 ], [ 120.41399020948063, -2.743195556529656, 0.0 ] ] ] ] } },
{ "type": "Feature", "properties": { "OBJECTID": 2701, "WADMPR": "Sulawesi Selatan", "WADMKK": "Kab. Luwu Utara", "WADMKC": "Kec. Malangke", "WADMKD": "Desa Tolada", "POKTAN": "Gapoktan Reso Temangingngi", "K_POKTAN": "A. Ahmaluddin", "P_SID": "Universitas Negeri Makassar", "NO_HP_1": "0852-5222-2976", "NAMA_PEMIL": "Pemerintah Desa", "N_PETAK": "TDB409", "LUAS_HA": 0.8302761883000001, "PAKET": "Paket Sulawesi Selatan 14" }, "geometry": { "type": "MultiPolygon", "coordinates": [ [ [ [ 120.414256824293034, -2.743634969777986, 0.0 ], [ 120.41312086813366, -2.744107174106773, 0.0 ], [ 120.413090373022328, -2.744043645098088, 0.0 ], [ 120.413074328217704, -2.74402623422327, 0.0 ], [ 120.413072802967577, -2.744024490437823, 0.0 ], [ 120.413068201136639, -2.744017808475007, 0.0 ], [ 120.412935391055498, -2.743794312557441, 0.0 ], [ 120.412832453754845, -2.743628519840286, 0.0 ], [ 120.412831501372807, -2.743626910953139, 0.0 ], [ 120.412813003217593, -2.743593810505899, 0.0 ], [ 120.41399020948063, -2.743195556529656, 0.0 ], [ 120.414256824293034, -2.743634969777986, 0.0 ] ] ] ] } },
{ "type": "Feature", "properties": { "OBJECTID": 2702, "WADMPR": "Sulawesi Selatan", "WADMKK": "Kab. Luwu Utara", "WADMKC": "Kec. Malangke", "WADMKD": "Desa Tolada", "POKTAN": "Gapoktan Reso Temangingngi", "K_POKTAN": "A. Ahmaluddin", "P_SID": "Universitas Negeri Makassar", "NO_HP_1": "0852-5222-2976", "NAMA_PEMIL": "Pemerintah Desa", "N_PETAK": "TDB410", "LUAS_HA": 1.1182543232, "PAKET": "Paket Sulawesi Selatan 14" }, "geometry": { "type": "MultiPolygon", "coordinates": [ [ [ [ 120.414540475862282, -2.744343438598776, 0.0 ], [ 120.413486981239203, -2.744797215818835, 0.0 ], [ 120.413471156768537, -2.744753315413107, 0.0 ], [ 120.413377013938089, -2.744564278818359, 0.0 ], [ 120.413335505729037, -2.74448409076814, 0.0 ], [ 120.413262938533876, -2.744351379612453, 0.0 ], [ 120.413224387295713, -2.744283454717618, 0.0 ], [ 120.413174012670652, -2.744201265675827, 0.0 ], [ 120.413146316249595, -2.744156055857218, 0.0 ], [ 120.413139310530823, -2.744144916854395, 0.0 ], [ 120.413138323075259, -2.744143271095027, 0.0 ], [ 120.413136819408805, -2.744140405854978, 0.0 ], [ 120.41312086813366, -2.744107174106773, 0.0 ], [ 120.414256824293034, -2.743634969777986, 0.0 ], [ 120.414540475862282, -2.744343438598776, 0.0 ] ] ] ] } },
{ "type": "Feature", "properties": { "OBJECTID": 2703, "WADMPR": "Sulawesi Selatan", "WADMKK": "Kab. Luwu Utara", "WADMKC": "Kec. Malangke", "WADMKD": "Desa Tolada", "POKTAN": "Gapoktan Reso Temangingngi", "K_POKTAN": "A. Ahmaluddin", "P_SID": "Universitas Negeri Makassar", "NO_HP_1": "0852-5222-2976", "NAMA_PEMIL": "Pemerintah Desa", "N_PETAK": "TDB411", "LUAS_HA": 0.28644145788999997, "PAKET": "Paket Sulawesi Selatan 14" }, "geometry": { "type": "MultiPolygon", "coordinates": [ [ [ [ 120.414656183536067, -2.744647008352729, 0.0 ], [ 120.414160355815852, -2.74482685837279, 0.0 ], [ 120.413776125867571, -2.745034453377286, 0.0 ], [ 120.413560542185337, -2.74510491525956, 0.0 ], [ 120.413551131679469, -2.745040154179719, 0.0 ], [ 120.413528868062826, -2.744916431747868, 0.0 ], [ 120.413527784379767, -2.744910412585398, 0.0 ], [ 120.41352205210103, -2.744894510773008, 0.0 ], [ 120.414569147148541, -2.744462340664427, 0.0 ], [ 120.414656183536067, -2.744647008352729, 0.0 ] ] ] ] } },
{ "type": "Feature", "properties": { "OBJECTID": 2704, "WADMPR": "Sulawesi Selatan", "WADMKK": "Kab. Luwu Utara", "WADMKC": "Kec. Malangke", "WADMKD": "Desa Tolada", "POKTAN": "Gapoktan Reso Temangingngi", "K_POKTAN": "A. Ahmaluddin", "P_SID": "Universitas Negeri Makassar", "NO_HP_1": "0852-5222-2976", "NAMA_PEMIL": "Pemerintah Desa", "N_PETAK": "TDB412", "LUAS_HA": 0.65566517397000001, "PAKET": "Paket Sulawesi Selatan 14" }, "geometry": { "type": "MultiPolygon", "coordinates": [ [ [ [ 120.414603824107303, -2.743233628429152, 0.0 ], [ 120.414951402185579, -2.744206365731145, 0.0 ], [ 120.414540475862282, -2.744343438598776, 0.0 ], [ 120.414256824293034, -2.743634969777986, 0.0 ], [ 120.41399020948063, -2.743195556529656, 0.0 ], [ 120.414603824107303, -2.743233628429152, 0.0 ] ] ] ] } },
{ "type": "Feature", "properties": { "OBJECTID": 2705, "WADMPR": "Sulawesi Selatan", "WADMKK": "Kab. Luwu Utara", "WADMKC": "Kec. Malangke", "WADMKD": "Desa Tolada", "POKTAN": "Gapoktan Reso Temangingngi", "K_POKTAN": "A. Ahmaluddin", "P_SID": "Universitas Negeri Makassar", "NO_HP_1": "0852-5222-2976", "NAMA_PEMIL": "Pemerintah Desa", "N_PETAK": "TDB413", "LUAS_HA": 0.42423703539000002, "PAKET": "Paket Sulawesi Selatan 14" }, "geometry": { "type": "MultiPolygon", "coordinates": [ [ [ [ 120.415278772497459, -2.744105666842984, 0.0 ], [ 120.414951402185579, -2.744206365731145, 0.0 ], [ 120.414603824107303, -2.743233628429152, 0.0 ], [ 120.414853040635421, -2.743237229314616, 0.0 ], [ 120.414971168384795, -2.743192249722483, 0.0 ], [ 120.415278772497459, -2.744105666842984, 0.0 ] ] ] ] } },
{ "type": "Feature", "properties": { "OBJECTID": 2706, "WADMPR": "Sulawesi Selatan", "WADMKK": "Kab. Luwu Utara", "WADMKC": "Kec. Malangke", "WADMKD": "Desa Tolada", "POKTAN": "Gapoktan Reso Temangingngi", "K_POKTAN": "A. Ahmaluddin", "P_SID": "Universitas Negeri Makassar", "NO_HP_1": "0852-5222-2976", "NAMA_PEMIL": "Pemerintah Desa", "N_PETAK": "TDB414", "LUAS_HA": 1.16929906835, "PAKET": "Paket Sulawesi Selatan 14" }, "geometry": { "type": "MultiPolygon", "coordinates": [ [ [ [ 120.41615929151817, -2.743894477248261, 0.0 ], [ 120.415278772497459, -2.744105666842984, 0.0 ], [ 120.414971168384795, -2.743192249722483, 0.0 ], [ 120.415557640572729, -2.743004422715899, 0.0 ], [ 120.415959024189647, -2.742937067991249, 0.0 ], [ 120.41615929151817, -2.743894477248261, 0.0 ] ] ] ] } },
{ "type": "Feature", "properties": { "OBJECTID": 2707, "WADMPR": "Sulawesi Selatan", "WADMKK": "Kab. Luwu Utara", "WADMKC": "Kec. Malangke", "WADMKD": "Desa Tolada", "POKTAN": "Gapoktan Reso Temangingngi", "K_POKTAN": "A. Ahmaluddin", "P_SID": "Universitas Negeri Makassar", "NO_HP_1": "0852-5222-2976", "NAMA_PEMIL": "Pemerintah Desa", "N_PETAK": "TDB415", "LUAS_HA": 1.1563530200500001, "PAKET": "Paket Sulawesi Selatan 14" }, "geometry": { "type": "MultiPolygon", "coordinates": [ [ [ [ 120.417142796403027, -2.743678961015178, 0.0 ], [ 120.41615929151817, -2.743894477248261, 0.0 ], [ 120.415959024189647, -2.742937067991249, 0.0 ], [ 120.416361761286339, -2.742898952924293, 0.0 ], [ 120.417060185579203, -2.742889350862811, 0.0 ], [ 120.417142796403027, -2.743678961015178, 0.0 ] ] ] ] } },
{ "type": "Feature", "properties": { "OBJECTID": 2708, "WADMPR": "Sulawesi Selatan", "WADMKK": "Kab. Luwu Utara", "WADMKC": "Kec. Malangke", "WADMKD": "Desa Tolada", "POKTAN": "Gapoktan Reso Temangingngi", "K_POKTAN": "A. Ahmaluddin", "P_SID": "Universitas Negeri Makassar", "NO_HP_1": "0852-5222-2976", "NAMA_PEMIL": "Pemerintah Desa", "N_PETAK": "TDB416", "LUAS_HA": 1.5199438060599999, "PAKET": "Paket Sulawesi Selatan 14" }, "geometry": { "type": "MultiPolygon", "coordinates": [ [ [ [ 120.419098386581368, -2.74358043758707, 0.0 ], [ 120.419041879479209, -2.74358368773693, 0.0 ], [ 120.418676364422709, -2.74358995421295, 0.0 ], [ 120.418102237228481, -2.743606078157939, 0.0 ], [ 120.417142796403027, -2.743678961015178, 0.0 ], [ 120.417060185579203, -2.742889350862811, 0.0 ], [ 120.418308151400083, -2.742882953085768, 0.0 ], [ 120.418298989107143, -2.743204710728776, 0.0 ], [ 120.41906514224263, -2.743122269876778, 0.0 ], [ 120.419098386581368, -2.74358043758707, 0.0 ] ] ] ] } },
{ "type": "Feature", "properties": { "OBJECTID": 2709, "WADMPR": "Sulawesi Selatan", "WADMKK": "Kab. Luwu Utara", "WADMKC": "Kec. Malangke", "WADMKD": "Desa Tolada", "POKTAN": "Gapoktan Reso Temangingngi", "K_POKTAN": "A. Ahmaluddin", "P_SID": "Universitas Negeri Makassar", "NO_HP_1": "0852-5222-2976", "NAMA_PEMIL": "Pemerintah Desa", "N_PETAK": "TDB417", "LUAS_HA": 0.75902624889000003, "PAKET": "Paket Sulawesi Selatan 14" }, "geometry": { "type": "MultiPolygon", "coordinates": [ [ [ [ 120.419540394373712, -2.743551511792759, 0.0 ], [ 120.41931677794696, -2.743567875856741, 0.0 ], [ 120.419098386581368, -2.74358043758707, 0.0 ], [ 120.41906514224263, -2.743122269876778, 0.0 ], [ 120.418298989107143, -2.743204710728776, 0.0 ], [ 120.418308151400083, -2.742882953085768, 0.0 ], [ 120.418921841569841, -2.742800522126345, 0.0 ], [ 120.419563581594048, -2.742797209023934, 0.0 ], [ 120.419540394373712, -2.743551511792759, 0.0 ] ] ] ] } },
{ "type": "Feature", "properties": { "OBJECTID": 2710, "WADMPR": "Sulawesi Selatan", "WADMKK": "Kab. Luwu Utara", "WADMKC": "Kec. Malangke", "WADMKD": "Desa Tolada", "POKTAN": "Gapoktan Reso Temangingngi", "K_POKTAN": "A. Ahmaluddin", "P_SID": "Universitas Negeri Makassar", "NO_HP_1": "0852-5222-2976", "NAMA_PEMIL": "Pemerintah Desa", "N_PETAK": "TDB418", "LUAS_HA": 1.0534926329700001, "PAKET": "Paket Sulawesi Selatan 14" }, "geometry": { "type": "MultiPolygon", "coordinates": [ [ [ [ 120.41954334325078, -2.743708204270149, 0.0 ], [ 120.419540394373712, -2.743551511792759, 0.0 ], [ 120.419563581594048, -2.742797209023934, 0.0 ], [ 120.420467687134078, -2.742781789248113, 0.0 ], [ 120.420444117701891, -2.743762267014972, 0.0 ], [ 120.41954334325078, -2.743708204270149, 0.0 ] ] ] ] } },
{ "type": "Feature", "properties": { "OBJECTID": 2711, "WADMPR": "Sulawesi Selatan", "WADMKK": "Kab. Luwu Utara", "WADMKC": "Kec. Malangke", "WADMKD": "Desa Tolada", "POKTAN": "Gapoktan Reso Temangingngi", "K_POKTAN": "A. Ahmaluddin", "P_SID": "Universitas Negeri Makassar", "NO_HP_1": "0852-5222-2976", "NAMA_PEMIL": "Pemerintah Desa", "N_PETAK": "TDB419", "LUAS_HA": 0.32974635525000001, "PAKET": "Paket Sulawesi Selatan 14" }, "geometry": { "type": "MultiPolygon", "coordinates": [ [ [ [ 120.41954334325078, -2.743708204270149, 0.0 ], [ 120.419556098335306, -2.744088007755295, 0.0 ], [ 120.419058477366889, -2.744127343202251, 0.0 ], [ 120.419041879479209, -2.74358368773693, 0.0 ], [ 120.419098386581368, -2.74358043758707, 0.0 ], [ 120.41931677794696, -2.743567875856741, 0.0 ], [ 120.419539531024611, -2.743555065014164, 0.0 ], [ 120.41954334325078, -2.743708204270149, 0.0 ] ] ] ] } },
{ "type": "Feature", "properties": { "OBJECTID": 2712, "WADMPR": "Sulawesi Selatan", "WADMKK": "Kab. Luwu Utara", "WADMKC": "Kec. Malangke", "WADMKD": "Desa Tolada", "POKTAN": "Gapoktan Reso Temangingngi", "K_POKTAN": "A. Ahmaluddin", "P_SID": "Universitas Negeri Makassar", "NO_HP_1": "0852-5222-2976", "NAMA_PEMIL": "Pemerintah Desa", "N_PETAK": "TDB420", "LUAS_HA": 1.1956014430399999, "PAKET": "Paket Sulawesi Selatan 14" }, "geometry": { "type": "MultiPolygon", "coordinates": [ [ [ [ 120.419556098335306, -2.744088007755295, 0.0 ], [ 120.419568821044322, -2.7446404945631, 0.0 ], [ 120.418762347704273, -2.745000491379528, 0.0 ], [ 120.418693061235899, -2.744832068145399, 0.0 ], [ 120.418719617316583, -2.74468872160719, 0.0 ], [ 120.418683142612963, -2.74463692695258, 0.0 ], [ 120.4186210435264, -2.744602150169044, 0.0 ], [ 120.418549944924052, -2.744591398773991, 0.0 ], [ 120.41849382812768, -2.744376083089719, 0.0 ], [ 120.418468526601259, -2.7438152424794, 0.0 ], [ 120.41867599390207, -2.743823786038831, 0.0 ], [ 120.418676364422709, -2.74358995421295, 0.0 ], [ 120.419041879479209, -2.74358368773693, 0.0 ], [ 120.419058477366889, -2.744127343202251, 0.0 ], [ 120.419556098335306, -2.744088007755295, 0.0 ] ] ] ] } },
{ "type": "Feature", "properties": { "OBJECTID": 2713, "WADMPR": "Sulawesi Selatan", "WADMKK": "Kab. Luwu Utara", "WADMKC": "Kec. Malangke", "WADMKD": "Desa Tolada", "POKTAN": "Gapoktan Reso Temangingngi", "K_POKTAN": "A. Ahmaluddin", "P_SID": "Universitas Negeri Makassar", "NO_HP_1": "0852-5222-2976", "NAMA_PEMIL": "Pemerintah Desa", "N_PETAK": "TDB421", "LUAS_HA": 1.0505281201600001, "PAKET": "Paket Sulawesi Selatan 14" }, "geometry": { "type": "MultiPolygon", "coordinates": [ [ [ [ 120.418762347704273, -2.745000491379528, 0.0 ], [ 120.418782988044541, -2.745056407627089, 0.0 ], [ 120.417806859399093, -2.745558860652864, 0.0 ], [ 120.417634819991008, -2.74457593583071, 0.0 ], [ 120.41849382812768, -2.744376083089719, 0.0 ], [ 120.418549944924052, -2.744591398773991, 0.0 ], [ 120.4186210435264, -2.744602150169044, 0.0 ], [ 120.418683142612963, -2.74463692695258, 0.0 ], [ 120.418719617316583, -2.74468872160719, 0.0 ], [ 120.418693061235899, -2.744832068145399, 0.0 ], [ 120.418762347704273, -2.745000491379528, 0.0 ] ] ] ] } },
{ "type": "Feature", "properties": { "OBJECTID": 2714, "WADMPR": "Sulawesi Selatan", "WADMKK": "Kab. Luwu Utara", "WADMKC": "Kec. Malangke", "WADMKD": "Desa Tolada", "POKTAN": "Gapoktan Reso Temangingngi", "K_POKTAN": "A. Ahmaluddin", "P_SID": "Universitas Negeri Makassar", "NO_HP_1": "0852-5222-2976", "NAMA_PEMIL": "Pemerintah Desa", "N_PETAK": "TDB422", "LUAS_HA": 0.86724457418000001, "PAKET": "Paket Sulawesi Selatan 14" }, "geometry": { "type": "MultiPolygon", "coordinates": [ [ [ [ 120.418468526601259, -2.7438152424794, 0.0 ], [ 120.41849382812768, -2.744376083089719, 0.0 ], [ 120.417634819991008, -2.74457593583071, 0.0 ], [ 120.417590402475184, -2.744584192506409, 0.0 ], [ 120.417581024344827, -2.744555415100251, 0.0 ], [ 120.417386043231318, -2.743823437101867, 0.0 ], [ 120.417778466003483, -2.743755312557596, 0.0 ], [ 120.418468526601259, -2.7438152424794, 0.0 ] ] ] ] } },
{ "type": "Feature", "properties": { "OBJECTID": 2715, "WADMPR": "Sulawesi Selatan", "WADMKK": "Kab. Luwu Utara", "WADMKC": "Kec. Malangke", "WADMKD": "Desa Tolada", "POKTAN": "Gapoktan Reso Temangingngi", "K_POKTAN": "A. Ahmaluddin", "P_SID": "Universitas Negeri Makassar", "NO_HP_1": "0852-5222-2976", "NAMA_PEMIL": "Pemerintah Desa", "N_PETAK": "TDB423", "LUAS_HA": 1.6797015043800001, "PAKET": "Paket Sulawesi Selatan 14" }, "geometry": { "type": "MultiPolygon", "coordinates": [ [ [ [ 120.417581024344827, -2.744555415100251, 0.0 ], [ 120.41664950656957, -2.744752385514118, 0.0 ], [ 120.416129768574024, -2.744871240815087, 0.0 ], [ 120.415820819075634, -2.744944914176415, 0.0 ], [ 120.415606792119775, -2.744213042298043, 0.0 ], [ 120.417386043231318, -2.743823437101867, 0.0 ], [ 120.417581024344827, -2.744555415100251, 0.0 ] ] ] ] } },
{ "type": "Feature", "properties": { "OBJECTID": 2716, "WADMPR": "Sulawesi Selatan", "WADMKK": "Kab. Luwu Utara", "WADMKC": "Kec. Malangke", "WADMKD": "Desa Tolada", "POKTAN": "Gapoktan Reso Temangingngi", "K_POKTAN": "A. Ahmaluddin", "P_SID": "Universitas Negeri Makassar", "NO_HP_1": "0852-5222-2976", "NAMA_PEMIL": "Pemerintah Desa", "N_PETAK": "TDB424", "LUAS_HA": 1.2519862456899999, "PAKET": "Paket Sulawesi Selatan 14" }, "geometry": { "type": "MultiPolygon", "coordinates": [ [ [ [ 120.417634819991008, -2.74457593583071, 0.0 ], [ 120.417806859399093, -2.745558860652864, 0.0 ], [ 120.416963788148337, -2.745843481691281, 0.0 ], [ 120.41664950656957, -2.744752385514118, 0.0 ], [ 120.417581024344827, -2.744555415100251, 0.0 ], [ 120.417590402475184, -2.744584192506409, 0.0 ], [ 120.417634819991008, -2.74457593583071, 0.0 ] ] ] ] } },
{ "type": "Feature", "properties": { "OBJECTID": 2717, "WADMPR": "Sulawesi Selatan", "WADMKK": "Kab. Luwu Utara", "WADMKC": "Kec. Malangke", "WADMKD": "Desa Tolada", "POKTAN": "Gapoktan Reso Temangingngi", "K_POKTAN": "A. Ahmaluddin", "P_SID": "Universitas Negeri Makassar", "NO_HP_1": "0852-5222-2976", "NAMA_PEMIL": "Pemerintah Desa", "N_PETAK": "TDB425", "LUAS_HA": 0.81155779098000003, "PAKET": "Paket Sulawesi Selatan 14" }, "geometry": { "type": "MultiPolygon", "coordinates": [ [ [ [ 120.416963788148337, -2.745843481691281, 0.0 ], [ 120.416388293984596, -2.746030708850071, 0.0 ], [ 120.416129768574024, -2.744871240815087, 0.0 ], [ 120.41664950656957, -2.744752385514118, 0.0 ], [ 120.416963788148337, -2.745843481691281, 0.0 ] ] ] ] } },
{ "type": "Feature", "properties": { "OBJECTID": 2718, "WADMPR": "Sulawesi Selatan", "WADMKK": "Kab. Luwu Utara", "WADMKC": "Kec. Malangke", "WADMKD": "Desa Tolada", "POKTAN": "Gapoktan Reso Temangingngi", "K_POKTAN": "A. Ahmaluddin", "P_SID": "Universitas Negeri Makassar", "NO_HP_1": "0852-5222-2976", "NAMA_PEMIL": "Pemerintah Desa", "N_PETAK": "TDB426", "LUAS_HA": 0.53645365364999997, "PAKET": "Paket Sulawesi Selatan 14" }, "geometry": { "type": "MultiPolygon", "coordinates": [ [ [ [ 120.416388293984596, -2.746030708850071, 0.0 ], [ 120.415997760688128, -2.746150957200882, 0.0 ], [ 120.415908547941171, -2.745560251004747, 0.0 ], [ 120.415820819075634, -2.744944914176415, 0.0 ], [ 120.416129768574024, -2.744871240815087, 0.0 ], [ 120.416388293984596, -2.746030708850071, 0.0 ] ] ] ] } },
{ "type": "Feature", "properties": { "OBJECTID": 2719, "WADMPR": "Sulawesi Selatan", "WADMKK": "Kab. Luwu Utara", "WADMKC": "Kec. Malangke", "WADMKD": "Desa Tolada", "POKTAN": "Gapoktan Reso Temangingngi", "K_POKTAN": "A. Ahmaluddin", "P_SID": "Universitas Negeri Makassar", "NO_HP_1": "0852-5222-2976", "NAMA_PEMIL": "Pemerintah Desa", "N_PETAK": "TDB427", "LUAS_HA": 0.30582575361999997, "PAKET": "Paket Sulawesi Selatan 14" }, "geometry": { "type": "MultiPolygon", "coordinates": [ [ [ [ 120.415191469910496, -2.744944649775732, 0.0 ], [ 120.414761700991789, -2.744968640090633, 0.0 ], [ 120.414656183536067, -2.744647008352729, 0.0 ], [ 120.414569147148541, -2.744462340664427, 0.0 ], [ 120.414998977221103, -2.744339490574987, 0.0 ], [ 120.415191469910496, -2.744944649775732, 0.0 ] ] ] ] } },
{ "type": "Feature", "properties": { "OBJECTID": 2720, "WADMPR": "Sulawesi Selatan", "WADMKK": "Kab. Luwu Utara", "WADMKC": "Kec. Malangke", "WADMKD": "Desa Tolada", "POKTAN": "Gapoktan Reso Temangingngi", "K_POKTAN": "A. Ahmaluddin", "P_SID": "Universitas Negeri Makassar", "NO_HP_1": "0852-5222-2976", "NAMA_PEMIL": "Pemerintah Desa", "N_PETAK": "TDB428", "LUAS_HA": 0.32515099951999998, "PAKET": "Paket Sulawesi Selatan 14" }, "geometry": { "type": "MultiPolygon", "coordinates": [ [ [ [ 120.415602633654657, -2.744943509435359, 0.0 ], [ 120.415191469910496, -2.744944649775732, 0.0 ], [ 120.414998977221103, -2.744339490574987, 0.0 ], [ 120.41536327189749, -2.744240391580774, 0.0 ], [ 120.415602633654657, -2.744943509435359, 0.0 ] ] ] ] } },
{ "type": "Feature", "properties": { "OBJECTID": 2721, "WADMPR": "Sulawesi Selatan", "WADMKK": "Kab. Luwu Utara", "WADMKC": "Kec. Malangke", "WADMKD": "Desa Tolada", "POKTAN": "Gapoktan Reso Temangingngi", "K_POKTAN": "A. Ahmaluddin", "P_SID": "Universitas Negeri Makassar", "NO_HP_1": "0852-5222-2976", "NAMA_PEMIL": "Pemerintah Desa", "N_PETAK": "TDB429", "LUAS_HA": 0.2072703154, "PAKET": "Paket Sulawesi Selatan 14" }, "geometry": { "type": "MultiPolygon", "coordinates": [ [ [ [ 120.415820819075634, -2.744944914176415, 0.0 ], [ 120.415602633654657, -2.744943509435359, 0.0 ], [ 120.41536327189749, -2.744240391580774, 0.0 ], [ 120.415606792119775, -2.744213042298043, 0.0 ], [ 120.415820819075634, -2.744944914176415, 0.0 ] ] ] ] } },
{ "type": "Feature", "properties": { "OBJECTID": 2722, "WADMPR": "Sulawesi Selatan", "WADMKK": "Kab. Luwu Utara", "WADMKC": "Kec. Malangke", "WADMKD": "Desa Tolada", "POKTAN": "Gapoktan Reso Temangingngi", "K_POKTAN": "A. Ahmaluddin", "P_SID": "Universitas Negeri Makassar", "NO_HP_1": "0852-5222-2976", "NAMA_PEMIL": "Pemerintah Desa", "N_PETAK": "TDB430", "LUAS_HA": 0.90803917946000001, "PAKET": "Paket Sulawesi Selatan 14" }, "geometry": { "type": "MultiPolygon", "coordinates": [ [ [ [ 120.415820819075634, -2.744944914176415, 0.0 ], [ 120.415908547941171, -2.745560251004747, 0.0 ], [ 120.415245869001751, -2.745578227553096, 0.0 ], [ 120.414718790739698, -2.745608701080641, 0.0 ], [ 120.414670026800309, -2.744972884890672, 0.0 ], [ 120.414761700991789, -2.744968640090633, 0.0 ], [ 120.415191469910496, -2.744944649775732, 0.0 ], [ 120.415602633654657, -2.744943509435359, 0.0 ], [ 120.415820819075634, -2.744944914176415, 0.0 ] ] ] ] } },
{ "type": "Feature", "properties": { "OBJECTID": 2723, "WADMPR": "Sulawesi Selatan", "WADMKK": "Kab. Luwu Utara", "WADMKC": "Kec. Malangke", "WADMKD": "Desa Tolada", "POKTAN": "Gapoktan Reso Temangingngi", "K_POKTAN": "A. Ahmaluddin", "P_SID": "Universitas Negeri Makassar", "NO_HP_1": "0852-5222-2976", "NAMA_PEMIL": "Pemerintah Desa", "N_PETAK": "TDB431", "LUAS_HA": 0.0895310365, "PAKET": "Paket Sulawesi Selatan 14" }, "geometry": { "type": "MultiPolygon", "coordinates": [ [ [ [ 120.413872175260735, -2.745969509984832, 0.0 ], [ 120.413759678166684, -2.745986964027111, 0.0 ], [ 120.413637346986093, -2.745538460431533, 0.0 ], [ 120.413636533099634, -2.745534929693179, 0.0 ], [ 120.413633841428691, -2.745520660150305, 0.0 ], [ 120.413827570685953, -2.745513946711242, 0.0 ], [ 120.413827965488281, -2.74551731467227, 0.0 ], [ 120.413851858676367, -2.745721265623843, 0.0 ], [ 120.413872175260735, -2.745969509984832, 0.0 ] ] ] ] } },
{ "type": "Feature", "properties": { "OBJECTID": 2724, "WADMPR": "Sulawesi Selatan", "WADMKK": "Kab. Luwu Utara", "WADMKC": "Kec. Malangke", "WADMKD": "Desa Tolada", "POKTAN": "Gapoktan Reso Temangingngi", "K_POKTAN": "A. Ahmaluddin", "P_SID": "Universitas Negeri Makassar", "NO_HP_1": "0852-5222-2976", "NAMA_PEMIL": "Pemerintah Desa", "N_PETAK": "TDB432", "LUAS_HA": 0.43443646977, "PAKET": "Paket Sulawesi Selatan 14" }, "geometry": { "type": "MultiPolygon", "coordinates": [ [ [ [ 120.415285538097123, -2.746111726075242, 0.0 ], [ 120.414476060122183, -2.746037402504101, 0.0 ], [ 120.414465482296237, -2.745856544344008, 0.0 ], [ 120.414429049860814, -2.745727051861934, 0.0 ], [ 120.41472149590038, -2.745714812988183, 0.0 ], [ 120.414718790739698, -2.745608701080641, 0.0 ], [ 120.415245869001751, -2.745578227553096, 0.0 ], [ 120.415285538097123, -2.746111726075242, 0.0 ] ] ] ] } },
{ "type": "Feature", "properties": { "OBJECTID": 2725, "WADMPR": "Sulawesi Selatan", "WADMKK": "Kab. Luwu Utara", "WADMKC": "Kec. Malangke", "WADMKD": "Desa Tolada", "POKTAN": "Gapoktan Reso Temangingngi", "K_POKTAN": "A. Ahmaluddin", "P_SID": "Universitas Negeri Makassar", "NO_HP_1": "0852-5222-2976", "NAMA_PEMIL": "Pemerintah Desa", "N_PETAK": "TDB433", "LUAS_HA": 0.49489812289000001, "PAKET": "Paket Sulawesi Selatan 14" }, "geometry": { "type": "MultiPolygon", "coordinates": [ [ [ [ 120.415997760688128, -2.746150957200882, 0.0 ], [ 120.415995533067417, -2.746197944979144, 0.0 ], [ 120.415285538097123, -2.746111726075242, 0.0 ], [ 120.415245869001751, -2.745578227553096, 0.0 ], [ 120.415908547941171, -2.745560251004747, 0.0 ], [ 120.415997760688128, -2.746150957200882, 0.0 ] ] ] ] } },
{ "type": "Feature", "properties": { "OBJECTID": 2726, "WADMPR": "Sulawesi Selatan", "WADMKK": "Kab. Luwu Utara", "WADMKC": "Kec. Malangke", "WADMKD": "Desa Tolada", "POKTAN": "Gapoktan Reso Temangingngi", "K_POKTAN": "A. Ahmaluddin", "P_SID": "Universitas Negeri Makassar", "NO_HP_1": "0852-5222-2976", "NAMA_PEMIL": "Pemerintah Desa", "N_PETAK": "TDB434", "LUAS_HA": 0.54403295461000001, "PAKET": "Paket Sulawesi Selatan 14" }, "geometry": { "type": "MultiPolygon", "coordinates": [ [ [ [ 120.415364530948409, -2.746684559145024, 0.0 ], [ 120.414972759285433, -2.746910934691812, 0.0 ], [ 120.415075710076053, -2.747003110704952, 0.0 ], [ 120.414549373754653, -2.747387229137246, 0.0 ], [ 120.414371995970896, -2.747116412692264, 0.0 ], [ 120.414167137603386, -2.747225629059471, 0.0 ], [ 120.414155011144885, -2.747202090204269, 0.0 ], [ 120.414154274600151, -2.747200593732373, 0.0 ], [ 120.414142142745732, -2.747174748116095, 0.0 ], [ 120.414121830658019, -2.747083502901319, 0.0 ], [ 120.41471464576432, -2.74671680793432, 0.0 ], [ 120.414742930342072, -2.74668169840163, 0.0 ], [ 120.415020788478614, -2.746481714359561, 0.0 ], [ 120.415364530948409, -2.746684559145024, 0.0 ] ] ] ] } },
{ "type": "Feature", "properties": { "OBJECTID": 2727, "WADMPR": "Sulawesi Selatan", "WADMKK": "Kab. Luwu Utara", "WADMKC": "Kec. Malangke", "WADMKD": "Desa Tolada", "POKTAN": "Gapoktan Reso Temangingngi", "K_POKTAN": "A. Ahmaluddin", "P_SID": "Universitas Negeri Makassar", "NO_HP_1": "0852-5222-2976", "NAMA_PEMIL": "Pemerintah Desa", "N_PETAK": "TDB435", "LUAS_HA": 0.67420737871000003, "PAKET": "Paket Sulawesi Selatan 14" }, "geometry": { "type": "MultiPolygon", "coordinates": [ [ [ [ 120.416037487340191, -2.7462414334953, 0.0 ], [ 120.415364530948409, -2.746684559145024, 0.0 ], [ 120.415020788478614, -2.746481714359561, 0.0 ], [ 120.414742930342072, -2.74668169840163, 0.0 ], [ 120.414398044834002, -2.746308177580261, 0.0 ], [ 120.414607848573382, -2.746111134321325, 0.0 ], [ 120.416037487340191, -2.7462414334953, 0.0 ] ] ] ] } },
{ "type": "Feature", "properties": { "OBJECTID": 2728, "WADMPR": "Sulawesi Selatan", "WADMKK": "Kab. Luwu Utara", "WADMKC": "Kec. Malangke", "WADMKD": "Desa Tolada", "POKTAN": "Gapoktan Reso Temangingngi", "K_POKTAN": "A. Ahmaluddin", "P_SID": "Universitas Negeri Makassar", "NO_HP_1": "0852-5222-2976", "NAMA_PEMIL": "Pemerintah Desa", "N_PETAK": "TDB436", "LUAS_HA": 3.26395743984, "PAKET": "Paket Sulawesi Selatan 14" }, "geometry": { "type": "MultiPolygon", "coordinates": [ [ [ [ 120.416190046533529, -2.748513621006737, 0.0 ], [ 120.415529735508926, -2.747651270089989, 0.0 ], [ 120.415075710076053, -2.747003110704952, 0.0 ], [ 120.414972759285433, -2.746910934691812, 0.0 ], [ 120.415364530948409, -2.746684559145024, 0.0 ], [ 120.416037487340191, -2.7462414334953, 0.0 ], [ 120.416225033758337, -2.746653634157838, 0.0 ], [ 120.416249891019675, -2.746715967967475, 0.0 ], [ 120.416251560161413, -2.746720151613658, 0.0 ], [ 120.416253297651679, -2.746724302884218, 0.0 ], [ 120.416258670201501, -2.746737138907804, 0.0 ], [ 120.41632429103322, -2.74687178810251, 0.0 ], [ 120.416462108539577, -2.747174688760822, 0.0 ], [ 120.416470140384718, -2.74717105909707, 0.0 ], [ 120.416473292508499, -2.747177527021222, 0.0 ], [ 120.41647373587432, -2.747177321975755, 0.0 ], [ 120.416474493103465, -2.747177117829665, 0.0 ], [ 120.416475273714923, -2.747177052179154, 0.0 ], [ 120.416476053427232, -2.747177121426944, 0.0 ], [ 120.416476809757, -2.74717732737173, 0.0 ], [ 120.416477519322143, -2.747177661020203, 0.0 ], [ 120.416478159639382, -2.747178116077123, 0.0 ], [ 120.416478712722437, -2.747178674556153, 0.0 ], [ 120.4164791605848, -2.747179320269368, 0.0 ], [ 120.416479273899427, -2.747179564884959, 0.0 ], [ 120.416742050405333, -2.747048158645555, 0.0 ], [ 120.41685281720379, -2.746998094286596, 0.0 ], [ 120.41748091451268, -2.747870189357684, 0.0 ], [ 120.417058046991315, -2.74808215416806, 0.0 ], [ 120.417053641212647, -2.748084360204984, 0.0 ], [ 120.417050784066532, -2.748085793724329, 0.0 ], [ 120.417034579182541, -2.748093649302405, 0.0 ], [ 120.417030545723151, -2.748095605327876, 0.0 ], [ 120.417026563525155, -2.748097671969958, 0.0 ], [ 120.416967864775188, -2.748128126611732, 0.0 ], [ 120.416190046533529, -2.748513621006737, 0.0 ] ] ] ] } },
{ "type": "Feature", "properties": { "OBJECTID": 2729, "WADMPR": "Sulawesi Selatan", "WADMKK": "Kab. Luwu Utara", "WADMKC": "Kec. Malangke", "WADMKD": "Desa Tolada", "POKTAN": "Gapoktan Reso Temangingngi", "K_POKTAN": "A. Ahmaluddin", "P_SID": "Universitas Negeri Makassar", "NO_HP_1": "0852-5222-2976", "NAMA_PEMIL": "Pemerintah Desa", "N_PETAK": "TDB437", "LUAS_HA": 0.10248070516, "PAKET": "Paket Sulawesi Selatan 14" }, "geometry": { "type": "MultiPolygon", "coordinates": [ [ [ [ 120.414549373754653, -2.747387229137246, 0.0 ], [ 120.414358013311698, -2.747526882159832, 0.0 ], [ 120.414305998323243, -2.747473848239451, 0.0 ], [ 120.414303506301849, -2.747471088220095, 0.0 ], [ 120.414301415378077, -2.747468365972281, 0.0 ], [ 120.414298345092561, -2.74746404023324, 0.0 ], [ 120.414296445724403, -2.747461134523689, 0.0 ], [ 120.414266745613872, -2.747411633140302, 0.0 ], [ 120.414244715821042, -2.747378589350376, 0.0 ], [ 120.414243076356911, -2.747375936350352, 0.0 ], [ 120.414241892849191, -2.747373724917452, 0.0 ], [ 120.414191222347085, -2.747272383014035, 0.0 ], [ 120.414167137603386, -2.747225629059471, 0.0 ], [ 120.414371995970896, -2.747116412692264, 0.0 ], [ 120.414549373754653, -2.747387229137246, 0.0 ] ] ] ] } },
{ "type": "Feature", "properties": { "OBJECTID": 2730, "WADMPR": "Sulawesi Selatan", "WADMKK": "Kab. Luwu Utara", "WADMKC": "Kec. Malangke", "WADMKD": "Desa Tolada", "POKTAN": "Gapoktan Reso Temangingngi", "K_POKTAN": "A. Ahmaluddin", "P_SID": "Universitas Negeri Makassar", "NO_HP_1": "0852-5222-2976", "NAMA_PEMIL": "Pemerintah Desa", "N_PETAK": "TDB438", "LUAS_HA": 0.74196240577000006, "PAKET": "Paket Sulawesi Selatan 14" }, "geometry": { "type": "MultiPolygon", "coordinates": [ [ [ [ 120.415529735508926, -2.747651270089989, 0.0 ], [ 120.414807358672761, -2.748005879067989, 0.0 ], [ 120.414695715035236, -2.74788307124669, 0.0 ], [ 120.41452034004169, -2.747699647320815, 0.0 ], [ 120.414393682222681, -2.747563249844063, 0.0 ], [ 120.414358817305583, -2.747527702341529, 0.0 ], [ 120.414358013311698, -2.747526882159832, 0.0 ], [ 120.414549373754653, -2.747387229137246, 0.0 ], [ 120.415075710076053, -2.747003110704952, 0.0 ], [ 120.415529735508926, -2.747651270089989, 0.0 ] ] ] ] } },
{ "type": "Feature", "properties": { "OBJECTID": 2731, "WADMPR": "Sulawesi Selatan", "WADMKK": "Kab. Luwu Utara", "WADMKC": "Kec. Malangke", "WADMKD": "Desa Tolada", "POKTAN": "Gapoktan Reso Temangingngi", "K_POKTAN": "A. Ahmaluddin", "P_SID": "Universitas Negeri Makassar", "NO_HP_1": "0852-5222-2976", "NAMA_PEMIL": "Pemerintah Desa", "N_PETAK": "TDB439", "LUAS_HA": 1.03398573091, "PAKET": "Paket Sulawesi Selatan 14" }, "geometry": { "type": "MultiPolygon", "coordinates": [ [ [ [ 120.416190046533529, -2.748513621006737, 0.0 ], [ 120.415467081540669, -2.748857342792064, 0.0 ], [ 120.415396321083449, -2.748782252099204, 0.0 ], [ 120.415364341191435, -2.748728883631031, 0.0 ], [ 120.415267210813226, -2.74858107465684, 0.0 ], [ 120.415138867664723, -2.748415536447794, 0.0 ], [ 120.415137771391073, -2.748414060660309, 0.0 ], [ 120.415058424207018, -2.748302627464227, 0.0 ], [ 120.415052164026179, -2.748293836591245, 0.0 ], [ 120.415017757763394, -2.748245517816372, 0.0 ], [ 120.41486547016541, -2.748069801080419, 0.0 ], [ 120.414807358672761, -2.748005879067989, 0.0 ], [ 120.415529735508926, -2.747651270089989, 0.0 ], [ 120.416190046533529, -2.748513621006737, 0.0 ] ] ] ] } },
{ "type": "Feature", "properties": { "OBJECTID": 2732, "WADMPR": "Sulawesi Selatan", "WADMKK": "Kab. Luwu Utara", "WADMKC": "Kec. Malangke", "WADMKD": "Desa Tolada", "POKTAN": "Gapoktan Reso Temangingngi", "K_POKTAN": "A. Ahmaluddin", "P_SID": "Universitas Negeri Makassar", "NO_HP_1": "0852-5222-2976", "NAMA_PEMIL": "Pemerintah Desa", "N_PETAK": "TDB440", "LUAS_HA": 2.2467599065099999, "PAKET": "Paket Sulawesi Selatan 14" }, "geometry": { "type": "MultiPolygon", "coordinates": [ [ [ [ 120.415954308144819, -2.749750241880122, 0.0 ], [ 120.4164875359711, -2.749591206668811, 0.0 ], [ 120.417279712788627, -2.749163530472515, 0.0 ], [ 120.417965783094473, -2.750380261939483, 0.0 ], [ 120.417453459109879, -2.750529879450312, 0.0 ], [ 120.416525110545422, -2.750773308841076, 0.0 ], [ 120.416383363901218, -2.75057096497801, 0.0 ], [ 120.416373071160365, -2.750550325537063, 0.0 ], [ 120.416137614259583, -2.750100466663184, 0.0 ], [ 120.416114114075185, -2.750055566211358, 0.0 ], [ 120.415954308144819, -2.749750241880122, 0.0 ] ] ] ] } },
{ "type": "Feature", "properties": { "OBJECTID": 2733, "WADMPR": "Sulawesi Selatan", "WADMKK": "Kab. Luwu Utara", "WADMKC": "Kec. Malangke", "WADMKD": "Desa Tolada", "POKTAN": "Gapoktan Reso Temangingngi", "K_POKTAN": "A. Ahmaluddin", "P_SID": "Universitas Negeri Makassar", "NO_HP_1": "0852-5222-2976", "NAMA_PEMIL": "Pemerintah Desa", "N_PETAK": "TDB441", "LUAS_HA": 0.96648983726000004, "PAKET": "Paket Sulawesi Selatan 14" }, "geometry": { "type": "MultiPolygon", "coordinates": [ [ [ [ 120.416308696788974, -2.748740195303697, 0.0 ], [ 120.416492784414572, -2.749068294965809, 0.0 ], [ 120.416535655096482, -2.749175496851649, 0.0 ], [ 120.416338932895542, -2.749278667076794, 0.0 ], [ 120.4164875359711, -2.749591206668811, 0.0 ], [ 120.415954308144819, -2.749750241880122, 0.0 ], [ 120.415916558202639, -2.749678117151348, 0.0 ], [ 120.415821593391911, -2.749523801582143, 0.0 ], [ 120.415761310036487, -2.749433374750424, 0.0 ], [ 120.415760520431718, -2.749432148974449, 0.0 ], [ 120.415717461791473, -2.749362814841959, 0.0 ], [ 120.415642908893233, -2.749242761644098, 0.0 ], [ 120.415642003275934, -2.749241238192553, 0.0 ], [ 120.415608533207319, -2.74918196747376, 0.0 ], [ 120.415607460316096, -2.749179952992392, 0.0 ], [ 120.415545452960373, -2.749055942777488, 0.0 ], [ 120.415467081540669, -2.748857342792064, 0.0 ], [ 120.416190046533529, -2.748513621006737, 0.0 ], [ 120.416308696788974, -2.748740195303697, 0.0 ] ] ] ] } },
{ "type": "Feature", "properties": { "OBJECTID": 2734, "WADMPR": "Sulawesi Selatan", "WADMKK": "Kab. Luwu Utara", "WADMKC": "Kec. Malangke", "WADMKD": "Desa Tolada", "POKTAN": "Gapoktan Reso Temangingngi", "K_POKTAN": "A. Ahmaluddin", "P_SID": "Universitas Negeri Makassar", "NO_HP_1": "0852-5222-2976", "NAMA_PEMIL": "Pemerintah Desa", "N_PETAK": "TDB442", "LUAS_HA": 0.41212684377999997, "PAKET": "Paket Sulawesi Selatan 14" }, "geometry": { "type": "MultiPolygon", "coordinates": [ [ [ [ 120.417297616491851, -2.748610342193501, 0.0 ], [ 120.416492784414572, -2.749068294965809, 0.0 ], [ 120.416308696788974, -2.748740195303697, 0.0 ], [ 120.417137999419197, -2.748312823977585, 0.0 ], [ 120.417143905267039, -2.748309433533507, 0.0 ], [ 120.417145596891828, -2.748308463165017, 0.0 ], [ 120.417156154932627, -2.748302404432366, 0.0 ], [ 120.417297616491851, -2.748610342193501, 0.0 ] ] ] ] } },
{ "type": "Feature", "properties": { "OBJECTID": 2735, "WADMPR": "Sulawesi Selatan", "WADMKK": "Kab. Luwu Utara", "WADMKC": "Kec. Malangke", "WADMKD": "Desa Tolada", "POKTAN": "Gapoktan Reso Temangingngi", "K_POKTAN": "A. Ahmaluddin", "P_SID": "Universitas Negeri Makassar", "NO_HP_1": "0852-5222-2976", "NAMA_PEMIL": "Pemerintah Desa", "N_PETAK": "TDB443", "LUAS_HA": 0.62687064762, "PAKET": "Paket Sulawesi Selatan 14" }, "geometry": { "type": "MultiPolygon", "coordinates": [ [ [ [ 120.417494615684063, -2.749049465860139, 0.0 ], [ 120.417279712788627, -2.749163530472515, 0.0 ], [ 120.4164875359711, -2.749591206668811, 0.0 ], [ 120.416338932895542, -2.749278667076794, 0.0 ], [ 120.416535655096482, -2.749175496851649, 0.0 ], [ 120.416492784414572, -2.749068294965809, 0.0 ], [ 120.417297616491851, -2.748610342193501, 0.0 ], [ 120.417494615684063, -2.749049465860139, 0.0 ] ] ] ] } },
{ "type": "Feature", "properties": { "OBJECTID": 2736, "WADMPR": "Sulawesi Selatan", "WADMKK": "Kab. Luwu Utara", "WADMKC": "Kec. Malangke", "WADMKD": "Desa Tolada", "POKTAN": "Gapoktan Reso Temangingngi", "K_POKTAN": "A. Ahmaluddin", "P_SID": "Universitas Negeri Makassar", "NO_HP_1": "0852-5222-2976", "NAMA_PEMIL": "Pemerintah Desa", "N_PETAK": "TDB444", "LUAS_HA": 1.5370879799, "PAKET": "Paket Sulawesi Selatan 14" }, "geometry": { "type": "MultiPolygon", "coordinates": [ [ [ [ 120.418736198117131, -2.749918921421056, 0.0 ], [ 120.417911959569324, -2.750252879266895, 0.0 ], [ 120.417279712788627, -2.749163530472515, 0.0 ], [ 120.417494615684063, -2.749049465860139, 0.0 ], [ 120.417543133209051, -2.749135859232467, 0.0 ], [ 120.417992997478905, -2.748890459427116, 0.0 ], [ 120.418262442457831, -2.748613669685085, 0.0 ], [ 120.418736198117131, -2.749918921421056, 0.0 ] ] ] ] } },
{ "type": "Feature", "properties": { "OBJECTID": 2737, "WADMPR": "Sulawesi Selatan", "WADMKK": "Kab. Luwu Utara", "WADMKC": "Kec. Malangke", "WADMKD": "Desa Tolada", "POKTAN": "Gapoktan Reso Temangingngi", "K_POKTAN": "A. Ahmaluddin", "P_SID": "Universitas Negeri Makassar", "NO_HP_1": "0852-5222-2976", "NAMA_PEMIL": "Pemerintah Desa", "N_PETAK": "TDB445", "LUAS_HA": 0.81007062758000004, "PAKET": "Paket Sulawesi Selatan 14" }, "geometry": { "type": "MultiPolygon", "coordinates": [ [ [ [ 120.418704603134984, -2.748448957952974, 0.0 ], [ 120.418399269810493, -2.748558342493482, 0.0 ], [ 120.418262442457831, -2.748613669685085, 0.0 ], [ 120.417992997478905, -2.748890459427116, 0.0 ], [ 120.417543133209051, -2.749135859232467, 0.0 ], [ 120.417494615684063, -2.749049465860139, 0.0 ], [ 120.417297616491851, -2.748610342193501, 0.0 ], [ 120.417847931436995, -2.748332368943636, 0.0 ], [ 120.418364546086991, -2.748066446609187, 0.0 ], [ 120.418704603134984, -2.748448957952974, 0.0 ] ] ] ] } },
{ "type": "Feature", "properties": { "OBJECTID": 2738, "WADMPR": "Sulawesi Selatan", "WADMKK": "Kab. Luwu Utara", "WADMKC": "Kec. Malangke", "WADMKD": "Desa Tolada", "POKTAN": "Gapoktan Reso Temangingngi", "K_POKTAN": "A. Ahmaluddin", "P_SID": "Universitas Negeri Makassar", "NO_HP_1": "0852-5222-2976", "NAMA_PEMIL": "Pemerintah Desa", "N_PETAK": "TDB446", "LUAS_HA": 0.55886724521999998, "PAKET": "Paket Sulawesi Selatan 14" }, "geometry": { "type": "MultiPolygon", "coordinates": [ [ [ [ 120.419202019058048, -2.749709725623291, 0.0 ], [ 120.418736198117131, -2.749918921421056, 0.0 ], [ 120.418262442457831, -2.748613669685085, 0.0 ], [ 120.418399269810493, -2.748558342493482, 0.0 ], [ 120.419202019058048, -2.749709725623291, 0.0 ] ] ] ] } },
{ "type": "Feature", "properties": { "OBJECTID": 2739, "WADMPR": "Sulawesi Selatan", "WADMKK": "Kab. Luwu Utara", "WADMKC": "Kec. Malangke", "WADMKD": "Desa Tolada", "POKTAN": "Gapoktan Reso Temangingngi", "K_POKTAN": "A. Ahmaluddin", "P_SID": "Universitas Negeri Makassar", "NO_HP_1": "0852-5222-2976", "NAMA_PEMIL": "Pemerintah Desa", "N_PETAK": "TDB447", "LUAS_HA": 1.42923297631, "PAKET": "Paket Sulawesi Selatan 14" }, "geometry": { "type": "MultiPolygon", "coordinates": [ [ [ [ 120.419062550396461, -2.747625212233686, 0.0 ], [ 120.418979129283457, -2.747676577012385, 0.0 ], [ 120.419282176531283, -2.748151714929634, 0.0 ], [ 120.418704603134984, -2.748448957952974, 0.0 ], [ 120.418364546086991, -2.748066446609187, 0.0 ], [ 120.417847931436995, -2.748332368943636, 0.0 ], [ 120.417570876394848, -2.747825260127627, 0.0 ], [ 120.41868012089094, -2.747189463722748, 0.0 ], [ 120.418719642497535, -2.747275349877441, 0.0 ], [ 120.418769552173103, -2.747242989572271, 0.0 ], [ 120.419062550396461, -2.747625212233686, 0.0 ] ] ] ] } },
{ "type": "Feature", "properties": { "OBJECTID": 2740, "WADMPR": "Sulawesi Selatan", "WADMKK": "Kab. Luwu Utara", "WADMKC": "Kec. Malangke", "WADMKD": "Desa Tolada", "POKTAN": "Gapoktan Reso Temangingngi", "K_POKTAN": "A. Ahmaluddin", "P_SID": "Universitas Negeri Makassar", "NO_HP_1": "0852-5222-2976", "NAMA_PEMIL": "Pemerintah Desa", "N_PETAK": "TDB448", "LUAS_HA": 0.29274328949, "PAKET": "Paket Sulawesi Selatan 14" }, "geometry": { "type": "MultiPolygon", "coordinates": [ [ [ [ 120.419639219974101, -2.748096852687581, 0.0 ], [ 120.419355351668173, -2.748279332325296, 0.0 ], [ 120.419282176531283, -2.748151714929634, 0.0 ], [ 120.418979129283457, -2.747676577012385, 0.0 ], [ 120.419062550396461, -2.747625212233686, 0.0 ], [ 120.419294820999198, -2.747518004052608, 0.0 ], [ 120.419639219974101, -2.748096852687581, 0.0 ] ] ] ] } },
{ "type": "Feature", "properties": { "OBJECTID": 2741, "WADMPR": "Sulawesi Selatan", "WADMKK": "Kab. Luwu Utara", "WADMKC": "Kec. Malangke", "WADMKD": "Desa Tolada", "POKTAN": "Gapoktan Reso Temangingngi", "K_POKTAN": "A. Ahmaluddin", "P_SID": "Universitas Negeri Makassar", "NO_HP_1": "0852-5222-2976", "NAMA_PEMIL": "Pemerintah Desa", "N_PETAK": "TDB449", "LUAS_HA": 1.0500873241399999, "PAKET": "Paket Sulawesi Selatan 14" }, "geometry": { "type": "MultiPolygon", "coordinates": [ [ [ [ 120.420082717043783, -2.749335090541933, 0.0 ], [ 120.419355351668173, -2.748279332325296, 0.0 ], [ 120.419639219974101, -2.748096852687581, 0.0 ], [ 120.419917478309003, -2.747970961090914, 0.0 ], [ 120.420693926883246, -2.749083722835508, 0.0 ], [ 120.420082717043783, -2.749335090541933, 0.0 ] ] ] ] } },
{ "type": "Feature", "properties": { "OBJECTID": 2742, "WADMPR": "Sulawesi Selatan", "WADMKK": "Kab. Luwu Utara", "WADMKC": "Kec. Malangke", "WADMKD": "Desa Tolada", "POKTAN": "Gapoktan Reso Temangingngi", "K_POKTAN": "A. Ahmaluddin", "P_SID": "Universitas Negeri Makassar", "NO_HP_1": "0852-5222-2976", "NAMA_PEMIL": "Pemerintah Desa", "N_PETAK": "TDB450", "LUAS_HA": 1.6241711036299999, "PAKET": "Paket Sulawesi Selatan 14" }, "geometry": { "type": "MultiPolygon", "coordinates": [ [ [ [ 120.419355351668173, -2.748279332325296, 0.0 ], [ 120.420082717043783, -2.749335090541933, 0.0 ], [ 120.419202019058048, -2.749709725623291, 0.0 ], [ 120.418399269810493, -2.748558342493482, 0.0 ], [ 120.418704603134984, -2.748448957952974, 0.0 ], [ 120.419282176531283, -2.748151714929634, 0.0 ], [ 120.419355351668173, -2.748279332325296, 0.0 ] ] ] ] } },
{ "type": "Feature", "properties": { "OBJECTID": 2743, "WADMPR": "Sulawesi Selatan", "WADMKK": "Kab. Luwu Utara", "WADMKC": "Kec. Malangke", "WADMKD": "Desa Tolada", "POKTAN": "Gapoktan Reso Temangingngi", "K_POKTAN": "A. Ahmaluddin", "P_SID": "Universitas Negeri Makassar", "NO_HP_1": "0852-5222-2976", "NAMA_PEMIL": "Pemerintah Desa", "N_PETAK": "TDB451", "LUAS_HA": 8.6102732491000005, "PAKET": "Paket Sulawesi Selatan 14" }, "geometry": { "type": "MultiPolygon", "coordinates": [ [ [ [ 120.423401853912537, -2.746357984733152, 0.0 ], [ 120.423522225470379, -2.746966216917315, 0.0 ], [ 120.423783367008809, -2.746985876097256, 0.0 ], [ 120.423759723832291, -2.747301414928302, 0.0 ], [ 120.423687786162418, -2.748180254914757, 0.0 ], [ 120.423654663232128, -2.74845678835004, 0.0 ], [ 120.4218345559201, -2.748465516270528, 0.0 ], [ 120.421483440808174, -2.747941307745123, 0.0 ], [ 120.421124643687449, -2.747398757546591, 0.0 ], [ 120.4210424591422, -2.747252769699514, 0.0 ], [ 120.421390882583182, -2.747099384928617, 0.0 ], [ 120.421150598121699, -2.746625788449307, 0.0 ], [ 120.421331950009517, -2.746513975739333, 0.0 ], [ 120.42084728647319, -2.745793602592641, 0.0 ], [ 120.420211649248245, -2.745809418969486, 0.0 ], [ 120.420263551821563, -2.74563986888478, 0.0 ], [ 120.420437439336411, -2.745503888693463, 0.0 ], [ 120.421322706777573, -2.745412687545468, 0.0 ], [ 120.421117677538859, -2.745154336603321, 0.0 ], [ 120.421623634323282, -2.745116181966182, 0.0 ], [ 120.421405733987513, -2.74478327003186, 0.0 ], [ 120.422243551398878, -2.744789915122453, 0.0 ], [ 120.422220558432059, -2.745846743532354, 0.0 ], [ 120.422780123803705, -2.745930973135842, 0.0 ], [ 120.422902891155559, -2.746333245282983, 0.0 ], [ 120.423401853912537, -2.746357984733152, 0.0 ] ] ] ] } },
{ "type": "Feature", "properties": { "OBJECTID": 2744, "WADMPR": "Sulawesi Selatan", "WADMKK": "Kab. Luwu Utara", "WADMKC": "Kec. Malangke", "WADMKD": "Desa Tolada", "POKTAN": "Gapoktan Reso Temangingngi", "K_POKTAN": "A. Ahmaluddin", "P_SID": "Universitas Negeri Makassar", "NO_HP_1": "0852-5222-2976", "NAMA_PEMIL": "Pemerintah Desa", "N_PETAK": "TDB452", "LUAS_HA": 0.41064029039, "PAKET": "Paket Sulawesi Selatan 14" }, "geometry": { "type": "MultiPolygon", "coordinates": [ [ [ [ 120.4218345559201, -2.748465516270528, 0.0 ], [ 120.421313456350958, -2.748726915015084, 0.0 ], [ 120.421064563578852, -2.748094589093967, 0.0 ], [ 120.421483440808174, -2.747941307745123, 0.0 ], [ 120.4218345559201, -2.748465516270528, 0.0 ] ] ] ] } },
{ "type": "Feature", "properties": { "OBJECTID": 2745, "WADMPR": "Sulawesi Selatan", "WADMKK": "Kab. Luwu Utara", "WADMKC": "Kec. Malangke", "WADMKD": "Desa Tolada", "POKTAN": "Gapoktan Reso Temangingngi", "K_POKTAN": "A. Ahmaluddin", "P_SID": "Universitas Negeri Makassar", "NO_HP_1": "0852-5222-2976", "NAMA_PEMIL": "Pemerintah Desa", "N_PETAK": "TDB453", "LUAS_HA": 1.0391530627000001, "PAKET": "Paket Sulawesi Selatan 14" }, "geometry": { "type": "MultiPolygon", "coordinates": [ [ [ [ 120.421483440808174, -2.747941307745123, 0.0 ], [ 120.421064563578852, -2.748094589093967, 0.0 ], [ 120.421313456350958, -2.748726915015084, 0.0 ], [ 120.420774969289482, -2.749000909664176, 0.0 ], [ 120.420759446091665, -2.748974203396699, 0.0 ], [ 120.420606832039766, -2.748743302461378, 0.0 ], [ 120.420642548614751, -2.748618617754971, 0.0 ], [ 120.420714995300841, -2.748365712207828, 0.0 ], [ 120.420706427459777, -2.748366601637315, 0.0 ], [ 120.420706697256378, -2.748365606087816, 0.0 ], [ 120.420546449758945, -2.748374317820492, 0.0 ], [ 120.420485890311625, -2.748013977463017, 0.0 ], [ 120.420786291753984, -2.747886193692864, 0.0 ], [ 120.420722738463724, -2.747624117758789, 0.0 ], [ 120.421124643687449, -2.747398757546591, 0.0 ], [ 120.421483440808174, -2.747941307745123, 0.0 ] ] ] ] } },
{ "type": "Feature", "properties": { "OBJECTID": 2746, "WADMPR": "Sulawesi Selatan", "WADMKK": "Kab. Luwu Utara", "WADMKC": "Kec. Malangke", "WADMKD": "Desa Tolada", "POKTAN": "Gapoktan Reso Temangingngi", "K_POKTAN": "A. Ahmaluddin", "P_SID": "Universitas Negeri Makassar", "NO_HP_1": "0852-5222-2976", "NAMA_PEMIL": "Pemerintah Desa", "N_PETAK": "TDB454", "LUAS_HA": 1.31648428485, "PAKET": "Paket Sulawesi Selatan 14" }, "geometry": { "type": "MultiPolygon", "coordinates": [ [ [ [ 120.424691693067189, -2.746846689822803, 0.0 ], [ 120.424707453686096, -2.74731066355622, 0.0 ], [ 120.423759723832291, -2.747301414928302, 0.0 ], [ 120.423783367008809, -2.746985876097256, 0.0 ], [ 120.423522225470379, -2.746966216917315, 0.0 ], [ 120.423401853912537, -2.746357984733152, 0.0 ], [ 120.42467475253784, -2.746345136119089, 0.0 ], [ 120.424691693067189, -2.746846689822803, 0.0 ] ] ] ] } },
{ "type": "Feature", "properties": { "OBJECTID": 2747, "WADMPR": "Sulawesi Selatan", "WADMKK": "Kab. Luwu Utara", "WADMKC": "Kec. Malangke", "WADMKD": "Desa Tolada", "POKTAN": "Gapoktan Reso Temangingngi", "K_POKTAN": "A. Ahmaluddin", "P_SID": "Universitas Negeri Makassar", "NO_HP_1": "0852-5222-2976", "NAMA_PEMIL": "Pemerintah Desa", "N_PETAK": "TDB455", "LUAS_HA": 1.87194769715, "PAKET": "Paket Sulawesi Selatan 14" }, "geometry": { "type": "MultiPolygon", "coordinates": [ [ [ [ 120.425259459356653, -2.747159988442661, 0.0 ], [ 120.425248842859901, -2.747357749360617, 0.0 ], [ 120.425013147638765, -2.748207217489039, 0.0 ], [ 120.423687786162418, -2.748180254914757, 0.0 ], [ 120.423759723832291, -2.747301414928302, 0.0 ], [ 120.424707453686096, -2.74731066355622, 0.0 ], [ 120.424691693067189, -2.746846689822803, 0.0 ], [ 120.425296711074452, -2.746838237994268, 0.0 ], [ 120.425259459356653, -2.747159988442661, 0.0 ] ] ] ] } },
{ "type": "Feature", "properties": { "OBJECTID": 2748, "WADMPR": "Sulawesi Selatan", "WADMKK": "Kab. Luwu Utara", "WADMKC": "Kec. Malangke", "WADMKD": "Desa Tolada", "POKTAN": "Gapoktan Reso Temangingngi", "K_POKTAN": "A. Ahmaluddin", "P_SID": "Universitas Negeri Makassar", "NO_HP_1": "0852-5222-2976", "NAMA_PEMIL": "Pemerintah Desa", "N_PETAK": "TDB456", "LUAS_HA": 2.2877624943299999, "PAKET": "Paket Sulawesi Selatan 14" }, "geometry": { "type": "MultiPolygon", "coordinates": [ [ [ [ 120.425013147638765, -2.748207217489039, 0.0 ], [ 120.425745940422871, -2.748216582129487, 0.0 ], [ 120.42560588270544, -2.74877148361702, 0.0 ], [ 120.425673682594493, -2.749596597205141, 0.0 ], [ 120.425682417709481, -2.749714108918965, 0.0 ], [ 120.424890599721493, -2.749680187390709, 0.0 ], [ 120.424662050513234, -2.748734544863282, 0.0 ], [ 120.423650554229766, -2.748632318926354, 0.0 ], [ 120.423654663232128, -2.74845678835004, 0.0 ], [ 120.423687786162418, -2.748180254914757, 0.0 ], [ 120.425013147638765, -2.748207217489039, 0.0 ] ] ] ] } },
{ "type": "Feature", "properties": { "OBJECTID": 2749, "WADMPR": "Sulawesi Selatan", "WADMKK": "Kab. Luwu Utara", "WADMKC": "Kec. Malangke", "WADMKD": "Desa Tolada", "POKTAN": "Gapoktan Reso Temangingngi", "K_POKTAN": "A. Ahmaluddin", "P_SID": "Universitas Negeri Makassar", "NO_HP_1": "0852-5222-2976", "NAMA_PEMIL": "Pemerintah Desa", "N_PETAK": "TDB457", "LUAS_HA": 0.99359042464000003, "PAKET": "Paket Sulawesi Selatan 14" }, "geometry": { "type": "MultiPolygon", "coordinates": [ [ [ [ 120.425992208074035, -2.747394327486177, 0.0 ], [ 120.425867713124489, -2.747817706721719, 0.0 ], [ 120.425745940422871, -2.748216582129487, 0.0 ], [ 120.425013147638765, -2.748207217489039, 0.0 ], [ 120.425248842859901, -2.747357749360617, 0.0 ], [ 120.425259459356653, -2.747159988442661, 0.0 ], [ 120.426026947086029, -2.747102492985618, 0.0 ], [ 120.425992208074035, -2.747394327486177, 0.0 ] ] ] ] } },
{ "type": "Feature", "properties": { "OBJECTID": 2750, "WADMPR": "Sulawesi Selatan", "WADMKK": "Kab. Luwu Utara", "WADMKC": "Kec. Malangke", "WADMKD": "Desa Tolada", "POKTAN": "Gapoktan Reso Temangingngi", "K_POKTAN": "A. Ahmaluddin", "P_SID": "Universitas Negeri Makassar", "NO_HP_1": "0852-5222-2976", "NAMA_PEMIL": "Pemerintah Desa", "N_PETAK": "TDB458", "LUAS_HA": 0.53026071871000002, "PAKET": "Paket Sulawesi Selatan 14" }, "geometry": { "type": "MultiPolygon", "coordinates": [ [ [ [ 120.426669241991931, -2.74806287719997, 0.0 ], [ 120.425867713124489, -2.747817706721719, 0.0 ], [ 120.425992208074035, -2.747394327486177, 0.0 ], [ 120.426555070360223, -2.747511871575568, 0.0 ], [ 120.426770558714338, -2.747436851029818, 0.0 ], [ 120.426801255273745, -2.747564101502007, 0.0 ], [ 120.426786186233585, -2.747655924980904, 0.0 ], [ 120.426790122566217, -2.74779601327532, 0.0 ], [ 120.426789711576021, -2.747800758997755, 0.0 ], [ 120.426764921763834, -2.747863675568112, 0.0 ], [ 120.426777911571435, -2.747925945525935, 0.0 ], [ 120.426804792307394, -2.747948084136738, 0.0 ], [ 120.426820311008555, -2.7480005757659, 0.0 ], [ 120.426672293391675, -2.747987971767429, 0.0 ], [ 120.426669241991931, -2.74806287719997, 0.0 ] ] ] ] } },
{ "type": "Feature", "properties": { "OBJECTID": 2751, "WADMPR": "Sulawesi Selatan", "WADMKK": "Kab. Luwu Utara", "WADMKC": "Kec. Malangke", "WADMKD": "Desa Tolada", "POKTAN": "Gapoktan Reso Temangingngi", "K_POKTAN": "A. Ahmaluddin", "P_SID": "Universitas Negeri Makassar", "NO_HP_1": "0852-5222-2976", "NAMA_PEMIL": "Pemerintah Desa", "N_PETAK": "TDB459", "LUAS_HA": 0.9205058159, "PAKET": "Paket Sulawesi Selatan 14" }, "geometry": { "type": "MultiPolygon", "coordinates": [ [ [ [ 120.426669241991931, -2.74806287719997, 0.0 ], [ 120.426523914247355, -2.748107235360578, 0.0 ], [ 120.42647572587407, -2.74815544351884, 0.0 ], [ 120.426458511051464, -2.748276380750326, 0.0 ], [ 120.426483295467733, -2.748423915431317, 0.0 ], [ 120.426499214367368, -2.748562641252818, 0.0 ], [ 120.426542331463452, -2.748707548114794, 0.0 ], [ 120.426549652844301, -2.748791740846116, 0.0 ], [ 120.426567481903817, -2.748876746564576, 0.0 ], [ 120.426331076218275, -2.748895563079714, 0.0 ], [ 120.42560588270544, -2.74877148361702, 0.0 ], [ 120.425745940422871, -2.748216582129487, 0.0 ], [ 120.425867713124489, -2.747817706721719, 0.0 ], [ 120.426669241991931, -2.74806287719997, 0.0 ] ] ] ] } },
{ "type": "Feature", "properties": { "OBJECTID": 2752, "WADMPR": "Sulawesi Selatan", "WADMKK": "Kab. Luwu Utara", "WADMKC": "Kec. Malangke", "WADMKD": "Desa Tolada", "POKTAN": "Gapoktan Reso Temangingngi", "K_POKTAN": "A. Ahmaluddin", "P_SID": "Universitas Negeri Makassar", "NO_HP_1": "0852-5222-2976", "NAMA_PEMIL": "Pemerintah Desa", "N_PETAK": "TDB460", "LUAS_HA": 0.766767277, "PAKET": "Paket Sulawesi Selatan 14" }, "geometry": { "type": "MultiPolygon", "coordinates": [ [ [ [ 120.426567481903817, -2.748876746564576, 0.0 ], [ 120.426458243053503, -2.749390561625091, 0.0 ], [ 120.426456074788121, -2.749390420431496, 0.0 ], [ 120.426453191561563, -2.749414321713516, 0.0 ], [ 120.426422831348646, -2.749557123262605, 0.0 ], [ 120.425673682594493, -2.749596597205141, 0.0 ], [ 120.42560588270544, -2.74877148361702, 0.0 ], [ 120.426331076218275, -2.748895563079714, 0.0 ], [ 120.426567481903817, -2.748876746564576, 0.0 ] ] ] ] } },
{ "type": "Feature", "properties": { "OBJECTID": 2753, "WADMPR": "Sulawesi Selatan", "WADMKK": "Kab. Luwu Utara", "WADMKC": "Kec. Malangke", "WADMKD": "Desa Tolada", "POKTAN": "Gapoktan Reso Temangingngi", "K_POKTAN": "A. Ahmaluddin", "P_SID": "Universitas Negeri Makassar", "NO_HP_1": "0852-5222-2976", "NAMA_PEMIL": "Pemerintah Desa", "N_PETAK": "TDB461", "LUAS_HA": 1.1696602840200001, "PAKET": "Paket Sulawesi Selatan 14" }, "geometry": { "type": "MultiPolygon", "coordinates": [ [ [ [ 120.423464102286516, -2.750184282578516, 0.0 ], [ 120.423205440179004, -2.748749455622828, 0.0 ], [ 120.423904450829809, -2.748797198831596, 0.0 ], [ 120.424117809589347, -2.75019622737392, 0.0 ], [ 120.423464102286516, -2.750184282578516, 0.0 ] ] ] ] } },
{ "type": "Feature", "properties": { "OBJECTID": 2754, "WADMPR": "Sulawesi Selatan", "WADMKK": "Kab. Luwu Utara", "WADMKC": "Kec. Malangke", "WADMKD": "Desa Tolada", "POKTAN": "Gapoktan Reso Temangingngi", "K_POKTAN": "A. Ahmaluddin", "P_SID": "Universitas Negeri Makassar", "NO_HP_1": "0852-5222-2976", "NAMA_PEMIL": "Pemerintah Desa", "N_PETAK": "TDB462", "LUAS_HA": 3.5279041163299998, "PAKET": "Paket Sulawesi Selatan 14" }, "geometry": { "type": "MultiPolygon", "coordinates": [ [ [ [ 120.423205440179004, -2.748749455622828, 0.0 ], [ 120.423464102286516, -2.750184282578516, 0.0 ], [ 120.423051141696874, -2.75019830031124, 0.0 ], [ 120.422981311138642, -2.752225113198392, 0.0 ], [ 120.422290211823906, -2.752255348405583, 0.0 ], [ 120.422569234582625, -2.750697495093277, 0.0 ], [ 120.422418617025642, -2.750473025209885, 0.0 ], [ 120.422162330926881, -2.749387365434529, 0.0 ], [ 120.42214110962459, -2.749299218384181, 0.0 ], [ 120.422152757643744, -2.74866033910331, 0.0 ], [ 120.423205440179004, -2.748749455622828, 0.0 ] ] ] ] } },
{ "type": "Feature", "properties": { "OBJECTID": 2755, "WADMPR": "Sulawesi Selatan", "WADMKK": "Kab. Luwu Utara", "WADMKC": "Kec. Malangke", "WADMKD": "Desa Tolada", "POKTAN": "Gapoktan Reso Temangingngi", "K_POKTAN": "A. Ahmaluddin", "P_SID": "Universitas Negeri Makassar", "NO_HP_1": "0852-5222-2976", "NAMA_PEMIL": "Pemerintah Desa", "N_PETAK": "TDB463", "LUAS_HA": 1.316449193, "PAKET": "Paket Sulawesi Selatan 14" }, "geometry": { "type": "MultiPolygon", "coordinates": [ [ [ [ 120.42214110962459, -2.749299218384181, 0.0 ], [ 120.422162330926881, -2.749387365434529, 0.0 ], [ 120.42055561834718, -2.75021649179763, 0.0 ], [ 120.420305864024499, -2.74975096583438, 0.0 ], [ 120.421509096667592, -2.749172994937737, 0.0 ], [ 120.42138274012143, -2.748917243935637, 0.0 ], [ 120.421858953627861, -2.748654073526609, 0.0 ], [ 120.421957576880686, -2.748983576131081, 0.0 ], [ 120.42214110962459, -2.749299218384181, 0.0 ] ] ] ] } },
{ "type": "Feature", "properties": { "OBJECTID": 2756, "WADMPR": "Sulawesi Selatan", "WADMKK": "Kab. Luwu Utara", "WADMKC": "Kec. Malangke", "WADMKD": "Desa Tolada", "POKTAN": "Gapoktan Reso Temangingngi", "K_POKTAN": "A. Ahmaluddin", "P_SID": "Universitas Negeri Makassar", "NO_HP_1": "0852-5222-2976", "NAMA_PEMIL": "Pemerintah Desa", "N_PETAK": "TDB464", "LUAS_HA": 0.43884810046, "PAKET": "Paket Sulawesi Selatan 14" }, "geometry": { "type": "MultiPolygon", "coordinates": [ [ [ [ 120.420305864024499, -2.74975096583438, 0.0 ], [ 120.420183568816697, -2.749536336332824, 0.0 ], [ 120.42138274012143, -2.748917243935637, 0.0 ], [ 120.421509096667592, -2.749172994937737, 0.0 ], [ 120.420305864024499, -2.74975096583438, 0.0 ] ] ] ] } },
{ "type": "Feature", "properties": { "OBJECTID": 2757, "WADMPR": "Sulawesi Selatan", "WADMKK": "Kab. Luwu Utara", "WADMKC": "Kec. Malangke", "WADMKD": "Desa Tolada", "POKTAN": "Gapoktan Reso Temangingngi", "K_POKTAN": "A. Ahmaluddin", "P_SID": "Universitas Negeri Makassar", "NO_HP_1": "0852-5222-2976", "NAMA_PEMIL": "Pemerintah Desa", "N_PETAK": "TDB465", "LUAS_HA": 1.6573268727099999, "PAKET": "Paket Sulawesi Selatan 14" }, "geometry": { "type": "MultiPolygon", "coordinates": [ [ [ [ 120.420305864024499, -2.74975096583438, 0.0 ], [ 120.42055561834718, -2.75021649179763, 0.0 ], [ 120.418936942086248, -2.750908965276494, 0.0 ], [ 120.418565616510023, -2.750247763923142, 0.0 ], [ 120.420183568816697, -2.749536336332824, 0.0 ], [ 120.420305864024499, -2.74975096583438, 0.0 ] ] ] ] } },
{ "type": "Feature", "properties": { "OBJECTID": 2758, "WADMPR": "Sulawesi Selatan", "WADMKK": "Kab. Luwu Utara", "WADMKC": "Kec. Malangke", "WADMKD": "Desa Tolada", "POKTAN": "Gapoktan Reso Temangingngi", "K_POKTAN": "A. Ahmaluddin", "P_SID": "Universitas Negeri Makassar", "NO_HP_1": "0852-5222-2976", "NAMA_PEMIL": "Pemerintah Desa", "N_PETAK": "TDB466", "LUAS_HA": 1.7226729888500001, "PAKET": "Paket Sulawesi Selatan 14" }, "geometry": { "type": "MultiPolygon", "coordinates": [ [ [ [ 120.418936942086248, -2.750908965276494, 0.0 ], [ 120.418300535941057, -2.75117879696387, 0.0 ], [ 120.418595210500598, -2.751684563991375, 0.0 ], [ 120.418214780188009, -2.751857998247999, 0.0 ], [ 120.417784621862893, -2.751348865957368, 0.0 ], [ 120.417778294232903, -2.751340434813187, 0.0 ], [ 120.417557933351986, -2.751301080480459, 0.0 ], [ 120.417282341506962, -2.750902661028931, 0.0 ], [ 120.417257418595, -2.7506897789101, 0.0 ], [ 120.418565616510023, -2.750247763923142, 0.0 ], [ 120.418936942086248, -2.750908965276494, 0.0 ] ] ] ] } },
{ "type": "Feature", "properties": { "OBJECTID": 2759, "WADMPR": "Sulawesi Selatan", "WADMKK": "Kab. Luwu Utara", "WADMKC": "Kec. Malangke", "WADMKD": "Desa Tolada", "POKTAN": "Gapoktan Reso Temangingngi", "K_POKTAN": "A. Ahmaluddin", "P_SID": "Universitas Negeri Makassar", "NO_HP_1": "0852-5222-2976", "NAMA_PEMIL": "Pemerintah Desa", "N_PETAK": "TDB467", "LUAS_HA": 0.75634902454999997, "PAKET": "Paket Sulawesi Selatan 14" }, "geometry": { "type": "MultiPolygon", "coordinates": [ [ [ [ 120.4128306227351, -2.714391487277283, 0.0 ], [ 120.412771271077304, -2.71446829567526, 0.0 ], [ 120.412675948336414, -2.714622276696673, 0.0 ], [ 120.412674199155049, -2.714625715704187, 0.0 ], [ 120.41267208484885, -2.714627481073364, 0.0 ], [ 120.412650557777056, -2.714659412401886, 0.0 ], [ 120.412635486938257, -2.714697864714651, 0.0 ], [ 120.41263371887112, -2.714705282322882, 0.0 ], [ 120.412626738333415, -2.714719002380036, 0.0 ], [ 120.411567001516005, -2.71417283330959, 0.0 ], [ 120.412148007624523, -2.713657797869018, 0.0 ], [ 120.4128306227351, -2.714391487277283, 0.0 ] ] ] ] } },
{ "type": "Feature", "properties": { "OBJECTID": 2760, "WADMPR": "Sulawesi Selatan", "WADMKK": "Kab. Luwu Utara", "WADMKC": "Kec. Malangke", "WADMKD": "Desa Tolada", "POKTAN": "Gapoktan Reso Temangingngi", "K_POKTAN": "A. Ahmaluddin", "P_SID": "Universitas Negeri Makassar", "NO_HP_1": "0852-5222-2976", "NAMA_PEMIL": "Pemerintah Desa", "N_PETAK": "TDB468", "LUAS_HA": 0.76650075631000003, "PAKET": "Paket Sulawesi Selatan 14" }, "geometry": { "type": "MultiPolygon", "coordinates": [ [ [ [ 120.412626738333415, -2.714719002380036, 0.0 ], [ 120.412587902010159, -2.714795335036627, 0.0 ], [ 120.412492570275958, -2.715002824820488, 0.0 ], [ 120.412363478891507, -2.715336678344954, 0.0 ], [ 120.412344236097624, -2.71538644772636, 0.0 ], [ 120.411863253486445, -2.715144048958621, 0.0 ], [ 120.411567001516005, -2.71417283330959, 0.0 ], [ 120.412626738333415, -2.714719002380036, 0.0 ] ] ] ] } },
{ "type": "Feature", "properties": { "OBJECTID": 2761, "WADMPR": "Sulawesi Selatan", "WADMKK": "Kab. Luwu Utara", "WADMKC": "Kec. Malangke", "WADMKD": "Desa Tolada", "POKTAN": "Gapoktan Reso Temangingngi", "K_POKTAN": "A. Ahmaluddin", "P_SID": "Universitas Negeri Makassar", "NO_HP_1": "0852-5222-2976", "NAMA_PEMIL": "Pemerintah Desa", "N_PETAK": "TDB469", "LUAS_HA": 0.54456619457, "PAKET": "Paket Sulawesi Selatan 14" }, "geometry": { "type": "MultiPolygon", "coordinates": [ [ [ [ 120.411863253486445, -2.715144048958621, 0.0 ], [ 120.410865533917331, -2.714863164603344, 0.0 ], [ 120.411567001516005, -2.71417283330959, 0.0 ], [ 120.411863253486445, -2.715144048958621, 0.0 ] ] ] ] } },
{ "type": "Feature", "properties": { "OBJECTID": 2762, "WADMPR": "Sulawesi Selatan", "WADMKK": "Kab. Luwu Utara", "WADMKC": "Kec. Malangke", "WADMKD": "Desa Tolada", "POKTAN": "Gapoktan Reso Temangingngi", "K_POKTAN": "A. Ahmaluddin", "P_SID": "Universitas Negeri Makassar", "NO_HP_1": "0852-5222-2976", "NAMA_PEMIL": "Pemerintah Desa", "N_PETAK": "TDB470", "LUAS_HA": 0.74710819092000003, "PAKET": "Paket Sulawesi Selatan 14" }, "geometry": { "type": "MultiPolygon", "coordinates": [ [ [ [ 120.411863253486445, -2.715144048958621, 0.0 ], [ 120.411953656036417, -2.715476057074341, 0.0 ], [ 120.411888752863661, -2.715613932137217, 0.0 ], [ 120.411166983069847, -2.715460558158213, 0.0 ], [ 120.411092887926543, -2.715433814119194, 0.0 ], [ 120.410498204028954, -2.715253814811661, 0.0 ], [ 120.410865533917331, -2.714863164603344, 0.0 ], [ 120.411863253486445, -2.715144048958621, 0.0 ] ] ] ] } },
{ "type": "Feature", "properties": { "OBJECTID": 2763, "WADMPR": "Sulawesi Selatan", "WADMKK": "Kab. Luwu Utara", "WADMKC": "Kec. Malangke", "WADMKD": "Desa Tolada", "POKTAN": "Gapoktan Reso Temangingngi", "K_POKTAN": "A. Ahmaluddin", "P_SID": "Universitas Negeri Makassar", "NO_HP_1": "0852-5222-2976", "NAMA_PEMIL": "Pemerintah Desa", "N_PETAK": "TDB471", "LUAS_HA": 0.19121920958, "PAKET": "Paket Sulawesi Selatan 14" }, "geometry": { "type": "MultiPolygon", "coordinates": [ [ [ [ 120.412344236097624, -2.71538644772636, 0.0 ], [ 120.412342215321019, -2.715391672787405, 0.0 ], [ 120.412302397837493, -2.715507899370039, 0.0 ], [ 120.412267755052881, -2.715614718144707, 0.0 ], [ 120.412234459452748, -2.715717386548079, 0.0 ], [ 120.411888752863661, -2.715613932137217, 0.0 ], [ 120.411953656036417, -2.715476057074341, 0.0 ], [ 120.411863253486445, -2.715144048958621, 0.0 ], [ 120.412344236097624, -2.71538644772636, 0.0 ] ] ] ] } },
{ "type": "Feature", "properties": { "OBJECTID": 2764, "WADMPR": "Sulawesi Selatan", "WADMKK": "Kab. Luwu Utara", "WADMKC": "Kec. Malangke", "WADMKD": "Desa Tolada", "POKTAN": "Gapoktan Reso Temangingngi", "K_POKTAN": "A. Ahmaluddin", "P_SID": "Universitas Negeri Makassar", "NO_HP_1": "0852-5222-2976", "NAMA_PEMIL": "Pemerintah Desa", "N_PETAK": "TDB472", "LUAS_HA": 0.50408244326999996, "PAKET": "Paket Sulawesi Selatan 14" }, "geometry": { "type": "MultiPolygon", "coordinates": [ [ [ [ 120.411092887926543, -2.715433814119194, 0.0 ], [ 120.411032484961311, -2.715589815017893, 0.0 ], [ 120.41089630062379, -2.71593766289277, 0.0 ], [ 120.410053083682897, -2.715706703501496, 0.0 ], [ 120.410498204028954, -2.715253814811661, 0.0 ], [ 120.411092887926543, -2.715433814119194, 0.0 ] ] ] ] } },
{ "type": "Feature", "properties": { "OBJECTID": 2765, "WADMPR": "Sulawesi Selatan", "WADMKK": "Kab. Luwu Utara", "WADMKC": "Kec. Malangke", "WADMKD": "Desa Tolada", "POKTAN": "Gapoktan Reso Temangingngi", "K_POKTAN": "A. Ahmaluddin", "P_SID": "Universitas Negeri Makassar", "NO_HP_1": "0852-5222-2976", "NAMA_PEMIL": "Pemerintah Desa", "N_PETAK": "TDB473", "LUAS_HA": 0.2190105937, "PAKET": "Paket Sulawesi Selatan 14" }, "geometry": { "type": "MultiPolygon", "coordinates": [ [ [ [ 120.411888752863661, -2.715613932137217, 0.0 ], [ 120.411811970546069, -2.715879378730278, 0.0 ], [ 120.411032484961311, -2.715589815017893, 0.0 ], [ 120.411092887926543, -2.715433814119194, 0.0 ], [ 120.411166983069847, -2.715460558158213, 0.0 ], [ 120.411888752863661, -2.715613932137217, 0.0 ] ] ] ] } },
{ "type": "Feature", "properties": { "OBJECTID": 2766, "WADMPR": "Sulawesi Selatan", "WADMKK": "Kab. Luwu Utara", "WADMKC": "Kec. Malangke", "WADMKD": "Desa Tolada", "POKTAN": "Gapoktan Reso Temangingngi", "K_POKTAN": "A. Ahmaluddin", "P_SID": "Universitas Negeri Makassar", "NO_HP_1": "0852-5222-2976", "NAMA_PEMIL": "Pemerintah Desa", "N_PETAK": "TDB474", "LUAS_HA": 0.42385372254999998, "PAKET": "Paket Sulawesi Selatan 14" }, "geometry": { "type": "MultiPolygon", "coordinates": [ [ [ [ 120.412234459452748, -2.715717386548079, 0.0 ], [ 120.412090164129836, -2.716162318935801, 0.0 ], [ 120.412067532690571, -2.716232913917793, 0.0 ], [ 120.412047820450653, -2.716304458583863, 0.0 ], [ 120.412001234669333, -2.716494680485084, 0.0 ], [ 120.411974920506282, -2.716653918943166, 0.0 ], [ 120.41197272705972, -2.716671506085106, 0.0 ], [ 120.411693441699072, -2.716613380203285, 0.0 ], [ 120.411658023698919, -2.716598865145443, 0.0 ], [ 120.411693737576002, -2.716370816859637, 0.0 ], [ 120.411712375126058, -2.716215079462302, 0.0 ], [ 120.411811970546069, -2.715879378730278, 0.0 ], [ 120.411888752863661, -2.715613932137217, 0.0 ], [ 120.412234459452748, -2.715717386548079, 0.0 ] ] ] ] } },
{ "type": "Feature", "properties": { "OBJECTID": 2767, "WADMPR": "Sulawesi Selatan", "WADMKK": "Kab. Luwu Utara", "WADMKC": "Kec. Malangke", "WADMKD": "Desa Tolada", "POKTAN": "Gapoktan Reso Temangingngi", "K_POKTAN": "A. Ahmaluddin", "P_SID": "Universitas Negeri Makassar", "NO_HP_1": "0852-5222-2976", "NAMA_PEMIL": "Pemerintah Desa", "N_PETAK": "TDB475", "LUAS_HA": 0.57583460506999995, "PAKET": "Paket Sulawesi Selatan 14" }, "geometry": { "type": "MultiPolygon", "coordinates": [ [ [ [ 120.411811970546069, -2.715879378730278, 0.0 ], [ 120.411712375126058, -2.716215079462302, 0.0 ], [ 120.411693737576002, -2.716370816859637, 0.0 ], [ 120.410824746964522, -2.716139848475166, 0.0 ], [ 120.41089630062379, -2.71593766289277, 0.0 ], [ 120.411032484961311, -2.715589815017893, 0.0 ], [ 120.411811970546069, -2.715879378730278, 0.0 ] ] ] ] } },
{ "type": "Feature", "properties": { "OBJECTID": 2768, "WADMPR": "Sulawesi Selatan", "WADMKK": "Kab. Luwu Utara", "WADMKC": "Kec. Malangke", "WADMKD": "Desa Tolada", "POKTAN": "Gapoktan Reso Temangingngi", "K_POKTAN": "A. Ahmaluddin", "P_SID": "Universitas Negeri Makassar", "NO_HP_1": "0852-5222-2976", "NAMA_PEMIL": "Pemerintah Desa", "N_PETAK": "TDB476", "LUAS_HA": 0.82497596845, "PAKET": "Paket Sulawesi Selatan 14" }, "geometry": { "type": "MultiPolygon", "coordinates": [ [ [ [ 120.41089630062379, -2.71593766289277, 0.0 ], [ 120.410824746964522, -2.716139848475166, 0.0 ], [ 120.411693737576002, -2.716370816859637, 0.0 ], [ 120.411658023698919, -2.716598865145443, 0.0 ], [ 120.411220167177021, -2.716488036293811, 0.0 ], [ 120.410784391686434, -2.716378421526883, 0.0 ], [ 120.410314232415999, -2.716262903610072, 0.0 ], [ 120.409695270420457, -2.716087793017209, 0.0 ], [ 120.410053083682897, -2.715706703501496, 0.0 ], [ 120.41089630062379, -2.71593766289277, 0.0 ] ] ] ] } },
{ "type": "Feature", "properties": { "OBJECTID": 2769, "WADMPR": "Sulawesi Selatan", "WADMKK": "Kab. Luwu Utara", "WADMKC": "Kec. Malangke", "WADMKD": "Desa Tolada", "POKTAN": "Gapoktan Reso Temangingngi", "K_POKTAN": "A. Ahmaluddin", "P_SID": "Universitas Negeri Makassar", "NO_HP_1": "0852-5222-2976", "NAMA_PEMIL": "Pemerintah Desa", "N_PETAK": "TDB477", "LUAS_HA": 0.18313486161, "PAKET": "Paket Sulawesi Selatan 14" }, "geometry": { "type": "MultiPolygon", "coordinates": [ [ [ [ 120.41197272705972, -2.716671506085106, 0.0 ], [ 120.41195461291511, -2.716816783467721, 0.0 ], [ 120.411954499600483, -2.716953035254335, 0.0 ], [ 120.411966162908129, -2.717099815404083, 0.0 ], [ 120.411969307837353, -2.71712638227666, 0.0 ], [ 120.411977839705628, -2.717203197869253, 0.0 ], [ 120.411652239259524, -2.717109569450997, 0.0 ], [ 120.411676007441883, -2.7168634169131, 0.0 ], [ 120.411693441699072, -2.716613380203285, 0.0 ], [ 120.41197272705972, -2.716671506085106, 0.0 ] ] ] ] } },
{ "type": "Feature", "properties": { "OBJECTID": 2770, "WADMPR": "Sulawesi Selatan", "WADMKK": "Kab. Luwu Utara", "WADMKC": "Kec. Malangke", "WADMKD": "Desa Tolada", "POKTAN": "Gapoktan Reso Temangingngi", "K_POKTAN": "A. Ahmaluddin", "P_SID": "Universitas Negeri Makassar", "NO_HP_1": "0852-5222-2976", "NAMA_PEMIL": "Pemerintah Desa", "N_PETAK": "TDB478", "LUAS_HA": 0.17938903899, "PAKET": "Paket Sulawesi Selatan 14" }, "geometry": { "type": "MultiPolygon", "coordinates": [ [ [ [ 120.411977839705628, -2.717203197869253, 0.0 ], [ 120.412018813717395, -2.71757208808134, 0.0 ], [ 120.412018980091943, -2.717573910107831, 0.0 ], [ 120.412023745599413, -2.717641596682313, 0.0 ], [ 120.411819057203843, -2.717591520632141, 0.0 ], [ 120.411676171118415, -2.717550502553593, 0.0 ], [ 120.411652239259524, -2.717109569450997, 0.0 ], [ 120.411977839705628, -2.717203197869253, 0.0 ] ] ] ] } },
{ "type": "Feature", "properties": { "OBJECTID": 2771, "WADMPR": "Sulawesi Selatan", "WADMKK": "Kab. Luwu Utara", "WADMKC": "Kec. Malangke", "WADMKD": "Desa Tolada", "POKTAN": "Gapoktan Reso Temangingngi", "K_POKTAN": "A. Ahmaluddin", "P_SID": "Universitas Negeri Makassar", "NO_HP_1": "0852-5222-2976", "NAMA_PEMIL": "Pemerintah Desa", "N_PETAK": "TDB479", "LUAS_HA": 0.34711139133000002, "PAKET": "Paket Sulawesi Selatan 14" }, "geometry": { "type": "MultiPolygon", "coordinates": [ [ [ [ 120.411676007441883, -2.7168634169131, 0.0 ], [ 120.411652239259524, -2.717109569450997, 0.0 ], [ 120.411676171118415, -2.717550502553593, 0.0 ], [ 120.411218606853254, -2.717420570303034, 0.0 ], [ 120.411218596960794, -2.717418777954208, 0.0 ], [ 120.411216409809526, -2.717005319140128, 0.0 ], [ 120.411217605008574, -2.716840770185343, 0.0 ], [ 120.411676007441883, -2.7168634169131, 0.0 ] ] ] ] } },
{ "type": "Feature", "properties": { "OBJECTID": 2772, "WADMPR": "Sulawesi Selatan", "WADMKK": "Kab. Luwu Utara", "WADMKC": "Kec. Malangke", "WADMKD": "Desa Tolada", "POKTAN": "Gapoktan Reso Temangingngi", "K_POKTAN": "A. Ahmaluddin", "P_SID": "Universitas Negeri Makassar", "NO_HP_1": "0852-5222-2976", "NAMA_PEMIL": "Pemerintah Desa", "N_PETAK": "TDB480", "LUAS_HA": 0.17503016455000001, "PAKET": "Paket Sulawesi Selatan 14" }, "geometry": { "type": "MultiPolygon", "coordinates": [ [ [ [ 120.411658023698919, -2.716598865145443, 0.0 ], [ 120.411693441699072, -2.716613380203285, 0.0 ], [ 120.411676007441883, -2.7168634169131, 0.0 ], [ 120.411217605008574, -2.716840770185343, 0.0 ], [ 120.411220167177021, -2.716488036293811, 0.0 ], [ 120.411658023698919, -2.716598865145443, 0.0 ] ] ] ] } },
{ "type": "Feature", "properties": { "OBJECTID": 2773, "WADMPR": "Sulawesi Selatan", "WADMKK": "Kab. Luwu Utara", "WADMKC": "Kec. Malangke", "WADMKD": "Desa Tolada", "POKTAN": "Gapoktan Reso Temangingngi", "K_POKTAN": "A. Ahmaluddin", "P_SID": "Universitas Negeri Makassar", "NO_HP_1": "0852-5222-2976", "NAMA_PEMIL": "Pemerintah Desa", "N_PETAK": "TDB481", "LUAS_HA": 0.27234869472000001, "PAKET": "Paket Sulawesi Selatan 14" }, "geometry": { "type": "MultiPolygon", "coordinates": [ [ [ [ 120.411220167177021, -2.716488036293811, 0.0 ], [ 120.411217605008574, -2.716840770185343, 0.0 ], [ 120.411216409809526, -2.717005319140128, 0.0 ], [ 120.410784242398904, -2.716880893438429, 0.0 ], [ 120.410784391686434, -2.716378421526883, 0.0 ], [ 120.411220167177021, -2.716488036293811, 0.0 ] ] ] ] } },
{ "type": "Feature", "properties": { "OBJECTID": 2774, "WADMPR": "Sulawesi Selatan", "WADMKK": "Kab. Luwu Utara", "WADMKC": "Kec. Malangke", "WADMKD": "Desa Tolada", "POKTAN": "Gapoktan Reso Temangingngi", "K_POKTAN": "A. Ahmaluddin", "P_SID": "Universitas Negeri Makassar", "NO_HP_1": "0852-5222-2976", "NAMA_PEMIL": "Pemerintah Desa", "N_PETAK": "TDB482", "LUAS_HA": 0.23236853925000001, "PAKET": "Paket Sulawesi Selatan 14" }, "geometry": { "type": "MultiPolygon", "coordinates": [ [ [ [ 120.411216409809526, -2.717005319140128, 0.0 ], [ 120.411218596960794, -2.717418777954208, 0.0 ], [ 120.411057354813124, -2.717395295756262, 0.0 ], [ 120.410775612504608, -2.717315108605305, 0.0 ], [ 120.410784242398904, -2.716880893438429, 0.0 ], [ 120.411216409809526, -2.717005319140128, 0.0 ] ] ] ] } },
{ "type": "Feature", "properties": { "OBJECTID": 2775, "WADMPR": "Sulawesi Selatan", "WADMKK": "Kab. Luwu Utara", "WADMKC": "Kec. Malangke", "WADMKD": "Desa Tolada", "POKTAN": "Gapoktan Reso Temangingngi", "K_POKTAN": "A. Ahmaluddin", "P_SID": "Universitas Negeri Makassar", "NO_HP_1": "0852-5222-2976", "NAMA_PEMIL": "Pemerintah Desa", "N_PETAK": "TDB483", "LUAS_HA": 0.52603219182000005, "PAKET": "Paket Sulawesi Selatan 14" }, "geometry": { "type": "MultiPolygon", "coordinates": [ [ [ [ 120.410784391686434, -2.716378421526883, 0.0 ], [ 120.410784242398904, -2.716880893438429, 0.0 ], [ 120.410775612504608, -2.717315108605305, 0.0 ], [ 120.410341533135352, -2.71721213443243, 0.0 ], [ 120.410322342502127, -2.716571791954607, 0.0 ], [ 120.410314232415999, -2.716262903610072, 0.0 ], [ 120.410784391686434, -2.716378421526883, 0.0 ] ] ] ] } },
{ "type": "Feature", "properties": { "OBJECTID": 2776, "WADMPR": "Sulawesi Selatan", "WADMKK": "Kab. Luwu Utara", "WADMKC": "Kec. Malangke", "WADMKD": "Desa Tolada", "POKTAN": "Gapoktan Reso Temangingngi", "K_POKTAN": "A. Ahmaluddin", "P_SID": "Universitas Negeri Makassar", "NO_HP_1": "0852-5222-2976", "NAMA_PEMIL": "Pemerintah Desa", "N_PETAK": "TDB484", "LUAS_HA": 0.27992807453000002, "PAKET": "Paket Sulawesi Selatan 14" }, "geometry": { "type": "MultiPolygon", "coordinates": [ [ [ [ 120.410314232415999, -2.716262903610072, 0.0 ], [ 120.410322342502127, -2.716571791954607, 0.0 ], [ 120.409469259998446, -2.716336841372083, 0.0 ], [ 120.409695270420457, -2.716087793017209, 0.0 ], [ 120.410314232415999, -2.716262903610072, 0.0 ] ] ] ] } },
{ "type": "Feature", "properties": { "OBJECTID": 2777, "WADMPR": "Sulawesi Selatan", "WADMKK": "Kab. Luwu Utara", "WADMKC": "Kec. Malangke", "WADMKD": "Desa Tolada", "POKTAN": "Gapoktan Reso Temangingngi", "K_POKTAN": "A. Ahmaluddin", "P_SID": "Universitas Negeri Makassar", "NO_HP_1": "0852-5222-2976", "NAMA_PEMIL": "Pemerintah Desa", "N_PETAK": "TDB485", "LUAS_HA": 1.2657356212599999, "PAKET": "Paket Sulawesi Selatan 14" }, "geometry": { "type": "MultiPolygon", "coordinates": [ [ [ [ 120.409469259998446, -2.716336841372083, 0.0 ], [ 120.410322342502127, -2.716571791954607, 0.0 ], [ 120.410341533135352, -2.71721213443243, 0.0 ], [ 120.408479554288078, -2.716698249224748, 0.0 ], [ 120.408587894715652, -2.716509517500185, 0.0 ], [ 120.408823851639454, -2.716200255936997, 0.0 ], [ 120.409253203272783, -2.716325313862114, 0.0 ], [ 120.409370306694314, -2.716432622767286, 0.0 ], [ 120.409469259998446, -2.716336841372083, 0.0 ] ] ] ] } },
{ "type": "Feature", "properties": { "OBJECTID": 2778, "WADMPR": "Sulawesi Selatan", "WADMKK": "Kab. Luwu Utara", "WADMKC": "Kec. Malangke", "WADMKD": "Desa Tolada", "POKTAN": "Gapoktan Reso Temangingngi", "K_POKTAN": "A. Ahmaluddin", "P_SID": "Universitas Negeri Makassar", "NO_HP_1": "0852-5222-2976", "NAMA_PEMIL": "Pemerintah Desa", "N_PETAK": "TDB486", "LUAS_HA": 0.62090302479000004, "PAKET": "Paket Sulawesi Selatan 14" }, "geometry": { "type": "MultiPolygon", "coordinates": [ [ [ [ 120.410341533135352, -2.71721213443243, 0.0 ], [ 120.41033315145387, -2.717488821651727, 0.0 ], [ 120.408342310549301, -2.716904316281102, 0.0 ], [ 120.408479554288078, -2.716698249224748, 0.0 ], [ 120.410341533135352, -2.71721213443243, 0.0 ] ] ] ] } },
{ "type": "Feature", "properties": { "OBJECTID": 2779, "WADMPR": "Sulawesi Selatan", "WADMKK": "Kab. Luwu Utara", "WADMKC": "Kec. Malangke", "WADMKD": "Desa Tolada", "POKTAN": "Gapoktan Reso Temangingngi", "K_POKTAN": "A. Ahmaluddin", "P_SID": "Universitas Negeri Makassar", "NO_HP_1": "0852-5222-2976", "NAMA_PEMIL": "Pemerintah Desa", "N_PETAK": "TDB487", "LUAS_HA": 1.5051734861899999, "PAKET": "Paket Sulawesi Selatan 14" }, "geometry": { "type": "MultiPolygon", "coordinates": [ [ [ [ 120.410341533135352, -2.71721213443243, 0.0 ], [ 120.410775612504608, -2.717315108605305, 0.0 ], [ 120.411057354813124, -2.717395295756262, 0.0 ], [ 120.410932922816187, -2.717897316208109, 0.0 ], [ 120.41019113861023, -2.717708318284224, 0.0 ], [ 120.410125920674773, -2.717860700311007, 0.0 ], [ 120.409229117629707, -2.717581884396395, 0.0 ], [ 120.408070322287585, -2.717245430931825, 0.0 ], [ 120.408342310549301, -2.716904316281102, 0.0 ], [ 120.41033315145387, -2.717488821651727, 0.0 ], [ 120.410341533135352, -2.71721213443243, 0.0 ] ] ] ] } },
{ "type": "Feature", "properties": { "OBJECTID": 2780, "WADMPR": "Sulawesi Selatan", "WADMKK": "Kab. Luwu Utara", "WADMKC": "Kec. Malangke", "WADMKD": "Desa Tolada", "POKTAN": "Gapoktan Reso Temangingngi", "K_POKTAN": "A. Ahmaluddin", "P_SID": "Universitas Negeri Makassar", "NO_HP_1": "0852-5222-2976", "NAMA_PEMIL": "Pemerintah Desa", "N_PETAK": "TDB488", "LUAS_HA": 1.0052318206099999, "PAKET": "Paket Sulawesi Selatan 14" }, "geometry": { "type": "MultiPolygon", "coordinates": [ [ [ [ 120.410125920674773, -2.717860700311007, 0.0 ], [ 120.410049119471296, -2.718091427677223, 0.0 ], [ 120.409611039018273, -2.717950934687849, 0.0 ], [ 120.40955267931281, -2.718067697266349, 0.0 ], [ 120.407827271511451, -2.717635811343598, 0.0 ], [ 120.408070322287585, -2.717245430931825, 0.0 ], [ 120.409229117629707, -2.717581884396395, 0.0 ], [ 120.410125920674773, -2.717860700311007, 0.0 ] ] ] ] } },
{ "type": "Feature", "properties": { "OBJECTID": 2781, "WADMPR": "Sulawesi Selatan", "WADMKK": "Kab. Luwu Utara", "WADMKC": "Kec. Malangke", "WADMKD": "Desa Tolada", "POKTAN": "Gapoktan Reso Temangingngi", "K_POKTAN": "A. Ahmaluddin", "P_SID": "Universitas Negeri Makassar", "NO_HP_1": "0852-5222-2976", "NAMA_PEMIL": "Pemerintah Desa", "N_PETAK": "TDB489", "LUAS_HA": 0.47618998752000002, "PAKET": "Paket Sulawesi Selatan 14" }, "geometry": { "type": "MultiPolygon", "coordinates": [ [ [ [ 120.410932922816187, -2.717897316208109, 0.0 ], [ 120.411110493054821, -2.717937235315105, 0.0 ], [ 120.411102793059513, -2.717957161593688, 0.0 ], [ 120.41098250603784, -2.718324105672878, 0.0 ], [ 120.410049119471296, -2.718091427677223, 0.0 ], [ 120.410125920674773, -2.717860700311007, 0.0 ], [ 120.41019113861023, -2.717708318284224, 0.0 ], [ 120.410932922816187, -2.717897316208109, 0.0 ] ] ] ] } },
{ "type": "Feature", "properties": { "OBJECTID": 2782, "WADMPR": "Sulawesi Selatan", "WADMKK": "Kab. Luwu Utara", "WADMKC": "Kec. Malangke", "WADMKD": "Desa Tolada", "POKTAN": "Gapoktan Reso Temangingngi", "K_POKTAN": "A. Ahmaluddin", "P_SID": "Universitas Negeri Makassar", "NO_HP_1": "0852-5222-2976", "NAMA_PEMIL": "Pemerintah Desa", "N_PETAK": "TDB490", "LUAS_HA": 0.95922180382, "PAKET": "Paket Sulawesi Selatan 14" }, "geometry": { "type": "MultiPolygon", "coordinates": [ [ [ [ 120.40955267931281, -2.718067697266349, 0.0 ], [ 120.409337608244073, -2.718470883124724, 0.0 ], [ 120.407594465812053, -2.718018052890784, 0.0 ], [ 120.407827271511451, -2.717635811343598, 0.0 ], [ 120.40955267931281, -2.718067697266349, 0.0 ] ] ] ] } },
{ "type": "Feature", "properties": { "OBJECTID": 2783, "WADMPR": "Sulawesi Selatan", "WADMKK": "Kab. Luwu Utara", "WADMKC": "Kec. Malangke", "WADMKD": "Desa Tolada", "POKTAN": "Gapoktan Reso Temangingngi", "K_POKTAN": "A. Ahmaluddin", "P_SID": "Universitas Negeri Makassar", "NO_HP_1": "0852-5222-2976", "NAMA_PEMIL": "Pemerintah Desa", "N_PETAK": "TDB491", "LUAS_HA": 1.6016251836299999, "PAKET": "Paket Sulawesi Selatan 14" }, "geometry": { "type": "MultiPolygon", "coordinates": [ [ [ [ 120.410049119471296, -2.718091427677223, 0.0 ], [ 120.41098250603784, -2.718324105672878, 0.0 ], [ 120.411699396110293, -2.718470723045357, 0.0 ], [ 120.411679132585959, -2.71849436442335, 0.0 ], [ 120.411678190096495, -2.718495429220638, 0.0 ], [ 120.411524660534724, -2.718663532296148, 0.0 ], [ 120.411522733287597, -2.718665517099907, 0.0 ], [ 120.411232015744986, -2.718947014792832, 0.0 ], [ 120.411229763842584, -2.718949142588826, 0.0 ], [ 120.411164057575206, -2.719011251567963, 0.0 ], [ 120.410625864592021, -2.71891321377376, 0.0 ], [ 120.41003478877451, -2.718769784497908, 0.0 ], [ 120.409337608244073, -2.718470883124724, 0.0 ], [ 120.40955267931281, -2.718067697266349, 0.0 ], [ 120.409611039018273, -2.717950934687849, 0.0 ], [ 120.410049119471296, -2.718091427677223, 0.0 ] ] ] ] } },
{ "type": "Feature", "properties": { "OBJECTID": 2784, "WADMPR": "Sulawesi Selatan", "WADMKK": "Kab. Luwu Utara", "WADMKC": "Kec. Malangke", "WADMKD": "Desa Tolada", "POKTAN": "Gapoktan Reso Temangingngi", "K_POKTAN": "A. Ahmaluddin", "P_SID": "Universitas Negeri Makassar", "NO_HP_1": "0852-5222-2976", "NAMA_PEMIL": "Pemerintah Desa", "N_PETAK": "TDB492", "LUAS_HA": 0.5146225615, "PAKET": "Paket Sulawesi Selatan 14" }, "geometry": { "type": "MultiPolygon", "coordinates": [ [ [ [ 120.411218606853254, -2.717420570303034, 0.0 ], [ 120.411676171118415, -2.717550502553593, 0.0 ], [ 120.411819057203843, -2.717591520632141, 0.0 ], [ 120.411657379784288, -2.718116005249385, 0.0 ], [ 120.411102793059513, -2.717957161593688, 0.0 ], [ 120.411110493054821, -2.717937235315105, 0.0 ], [ 120.410932922816187, -2.717897316208109, 0.0 ], [ 120.411057354813124, -2.717395295756262, 0.0 ], [ 120.411218606853254, -2.717420570303034, 0.0 ] ] ] ] } },
{ "type": "Feature", "properties": { "OBJECTID": 2785, "WADMPR": "Sulawesi Selatan", "WADMKK": "Kab. Luwu Utara", "WADMKC": "Kec. Malangke", "WADMKD": "Desa Tolada", "POKTAN": "Gapoktan Reso Temangingngi", "K_POKTAN": "A. Ahmaluddin", "P_SID": "Universitas Negeri Makassar", "NO_HP_1": "0852-5222-2976", "NAMA_PEMIL": "Pemerintah Desa", "N_PETAK": "TDB493", "LUAS_HA": 0.16676944131, "PAKET": "Paket Sulawesi Selatan 14" }, "geometry": { "type": "MultiPolygon", "coordinates": [ [ [ [ 120.412023745599413, -2.717641596682313, 0.0 ], [ 120.41202920268563, -2.717719084967769, 0.0 ], [ 120.412029315100881, -2.71772250958611, 0.0 ], [ 120.412028903211421, -2.717773441790882, 0.0 ], [ 120.412028677481544, -2.717777612846533, 0.0 ], [ 120.412023536057404, -2.717828818445184, 0.0 ], [ 120.412023063913352, -2.717832219681156, 0.0 ], [ 120.412022116027856, -2.717836401528643, 0.0 ], [ 120.412012376370171, -2.717871570416605, 0.0 ], [ 120.412011513920334, -2.717874339429159, 0.0 ], [ 120.411951704507601, -2.718046637842008, 0.0 ], [ 120.411949831219772, -2.718051129056335, 0.0 ], [ 120.411942669019027, -2.718065988554486, 0.0 ], [ 120.411900309151974, -2.718059760749327, 0.0 ], [ 120.411863795777663, -2.718171148979309, 0.0 ], [ 120.411657379784288, -2.718116005249385, 0.0 ], [ 120.411819057203843, -2.717591520632141, 0.0 ], [ 120.412023745599413, -2.717641596682313, 0.0 ] ] ] ] } },
{ "type": "Feature", "properties": { "OBJECTID": 2786, "WADMPR": "Sulawesi Selatan", "WADMKK": "Kab. Luwu Utara", "WADMKC": "Kec. Malangke", "WADMKD": "Desa Tolada", "POKTAN": "Gapoktan Reso Temangingngi", "K_POKTAN": "A. Ahmaluddin", "P_SID": "Universitas Negeri Makassar", "NO_HP_1": "0852-5222-2976", "NAMA_PEMIL": "Pemerintah Desa", "N_PETAK": "TDB494", "LUAS_HA": 0.34667466747999998, "PAKET": "Paket Sulawesi Selatan 14" }, "geometry": { "type": "MultiPolygon", "coordinates": [ [ [ [ 120.411657379784288, -2.718116005249385, 0.0 ], [ 120.411863795777663, -2.718171148979309, 0.0 ], [ 120.411900309151974, -2.718059760749327, 0.0 ], [ 120.411942669019027, -2.718065988554486, 0.0 ], [ 120.411854145152688, -2.718249641807461, 0.0 ], [ 120.4118525767351, -2.718252610469563, 0.0 ], [ 120.411851477763548, -2.718254414509602, 0.0 ], [ 120.411781041961603, -2.718364278388663, 0.0 ], [ 120.411745458486166, -2.718416557777857, 0.0 ], [ 120.411742579756265, -2.718420339427098, 0.0 ], [ 120.411699396110293, -2.718470723045357, 0.0 ], [ 120.41098250603784, -2.718324105672878, 0.0 ], [ 120.411102793059513, -2.717957161593688, 0.0 ], [ 120.411657379784288, -2.718116005249385, 0.0 ] ] ] ] } },
{ "type": "Feature", "properties": { "OBJECTID": 2787, "WADMPR": "Sulawesi Selatan", "WADMKK": "Kab. Luwu Utara", "WADMKC": "Kec. Malangke", "WADMKD": "Desa Tolada", "POKTAN": "Gapoktan Reso Temangingngi", "K_POKTAN": "A. Ahmaluddin", "P_SID": "Universitas Negeri Makassar", "NO_HP_1": "0852-5222-2976", "NAMA_PEMIL": "Pemerintah Desa", "N_PETAK": "TDB495", "LUAS_HA": 1.1108471955300001, "PAKET": "Paket Sulawesi Selatan 14" }, "geometry": { "type": "MultiPolygon", "coordinates": [ [ [ [ 120.411164057575206, -2.719011251567963, 0.0 ], [ 120.411074884398431, -2.719095541426043, 0.0 ], [ 120.411000205595087, -2.719164719076502, 0.0 ], [ 120.410803620091087, -2.719401962030872, 0.0 ], [ 120.410802365536824, -2.719403404543414, 0.0 ], [ 120.410796925537738, -2.719409396726235, 0.0 ], [ 120.410786788379596, -2.71942174531722, 0.0 ], [ 120.410661787111849, -2.719386401960833, 0.0 ], [ 120.410342887514275, -2.719324747139297, 0.0 ], [ 120.409893704930596, -2.719217502085996, 0.0 ], [ 120.409021654825551, -2.718945763835904, 0.0 ], [ 120.409229391922963, -2.718642368550434, 0.0 ], [ 120.409337608244073, -2.718470883124724, 0.0 ], [ 120.41003478877451, -2.718769784497908, 0.0 ], [ 120.410625864592021, -2.71891321377376, 0.0 ], [ 120.411164057575206, -2.719011251567963, 0.0 ] ] ] ] } },
{ "type": "Feature", "properties": { "OBJECTID": 2788, "WADMPR": "Sulawesi Selatan", "WADMKK": "Kab. Luwu Utara", "WADMKC": "Kec. Malangke", "WADMKD": "Desa Tolada", "POKTAN": "Gapoktan Reso Temangingngi", "K_POKTAN": "A. Ahmaluddin", "P_SID": "Universitas Negeri Makassar", "NO_HP_1": "0852-5222-2976", "NAMA_PEMIL": "Pemerintah Desa", "N_PETAK": "TDB496", "LUAS_HA": 0.41939349704000001, "PAKET": "Paket Sulawesi Selatan 14" }, "geometry": { "type": "MultiPolygon", "coordinates": [ [ [ [ 120.409893704930596, -2.719217502085996, 0.0 ], [ 120.409777230135091, -2.719564430853779, 0.0 ], [ 120.409080764565715, -2.719379502362074, 0.0 ], [ 120.408914724534952, -2.719122774696245, 0.0 ], [ 120.409021654825551, -2.718945763835904, 0.0 ], [ 120.409893704930596, -2.719217502085996, 0.0 ] ] ] ] } },
{ "type": "Feature", "properties": { "OBJECTID": 2789, "WADMPR": "Sulawesi Selatan", "WADMKK": "Kab. Luwu Utara", "WADMKC": "Kec. Malangke", "WADMKD": "Desa Tolada", "POKTAN": "Gapoktan Reso Temangingngi", "K_POKTAN": "A. Ahmaluddin", "P_SID": "Universitas Negeri Makassar", "NO_HP_1": "0852-5222-2976", "NAMA_PEMIL": "Pemerintah Desa", "N_PETAK": "TDB497", "LUAS_HA": 0.24905850989, "PAKET": "Paket Sulawesi Selatan 14" }, "geometry": { "type": "MultiPolygon", "coordinates": [ [ [ [ 120.409229391922963, -2.718642368550434, 0.0 ], [ 120.409021654825551, -2.718945763835904, 0.0 ], [ 120.408914724534952, -2.719122774696245, 0.0 ], [ 120.408488715681756, -2.718471957814529, 0.0 ], [ 120.409229391922963, -2.718642368550434, 0.0 ] ] ] ] } },
{ "type": "Feature", "properties": { "OBJECTID": 2790, "WADMPR": "Sulawesi Selatan", "WADMKK": "Kab. Luwu Utara", "WADMKC": "Kec. Malangke", "WADMKD": "Desa Tolada", "POKTAN": "Gapoktan Reso Temangingngi", "K_POKTAN": "A. Ahmaluddin", "P_SID": "Universitas Negeri Makassar", "NO_HP_1": "0852-5222-2976", "NAMA_PEMIL": "Pemerintah Desa", "N_PETAK": "TDB498", "LUAS_HA": 0.40130670875000002, "PAKET": "Paket Sulawesi Selatan 14" }, "geometry": { "type": "MultiPolygon", "coordinates": [ [ [ [ 120.410661787111849, -2.719386401960833, 0.0 ], [ 120.410759824906108, -2.719414275548331, 0.0 ], [ 120.410786695749493, -2.719421858631847, 0.0 ], [ 120.410732430657163, -2.719487957902913, 0.0 ], [ 120.410615640199694, -2.719638013383587, 0.0 ], [ 120.410491570629574, -2.719814446879184, 0.0 ], [ 120.410350266451701, -2.719751249720332, 0.0 ], [ 120.410144676035998, -2.719651866540346, 0.0 ], [ 120.409784197183058, -2.719566325725282, 0.0 ], [ 120.409893704930596, -2.719217502085996, 0.0 ], [ 120.410342887514275, -2.719324747139297, 0.0 ], [ 120.410661787111849, -2.719386401960833, 0.0 ] ] ] ] } },
{ "type": "Feature", "properties": { "OBJECTID": 2791, "WADMPR": "Sulawesi Selatan", "WADMKK": "Kab. Luwu Utara", "WADMKC": "Kec. Malangke", "WADMKD": "Desa Tolada", "POKTAN": "Gapoktan Reso Temangingngi", "K_POKTAN": "A. Ahmaluddin", "P_SID": "Universitas Negeri Makassar", "NO_HP_1": "0852-5222-2976", "NAMA_PEMIL": "Pemerintah Desa", "N_PETAK": "TDB499", "LUAS_HA": 0.20278407225, "PAKET": "Paket Sulawesi Selatan 14" }, "geometry": { "type": "MultiPolygon", "coordinates": [ [ [ [ 120.409623569272412, -2.719613546427979, 0.0 ], [ 120.409411554099961, -2.719996977778237, 0.0 ], [ 120.409122031756397, -2.71991426263304, 0.0 ], [ 120.409159953469157, -2.719490159443239, 0.0 ], [ 120.409623569272412, -2.719613546427979, 0.0 ] ] ] ] } },
{ "type": "Feature", "properties": { "OBJECTID": 2792, "WADMPR": "Sulawesi Selatan", "WADMKK": "Kab. Luwu Utara", "WADMKC": "Kec. Malangke", "WADMKD": "Desa Tolada", "POKTAN": "Gapoktan Reso Temangingngi", "K_POKTAN": "A. Ahmaluddin", "P_SID": "Universitas Negeri Makassar", "NO_HP_1": "0852-5222-2976", "NAMA_PEMIL": "Pemerintah Desa", "N_PETAK": "TDB500", "LUAS_HA": 1.03938175834, "PAKET": "Paket Sulawesi Selatan 14" }, "geometry": { "type": "MultiPolygon", "coordinates": [ [ [ [ 120.409919807752999, -2.720646992464708, 0.0 ], [ 120.409414648667166, -2.720477999959655, 0.0 ], [ 120.409008927619993, -2.720341381249682, 0.0 ], [ 120.409103849263261, -2.719982925871307, 0.0 ], [ 120.409113354197984, -2.719948200349108, 0.0 ], [ 120.409113547552238, -2.71994630367891, 0.0 ], [ 120.409122031756397, -2.71991426263304, 0.0 ], [ 120.409411554099961, -2.719996977778237, 0.0 ], [ 120.409623569272412, -2.719613546427979, 0.0 ], [ 120.410070592583793, -2.719717097965656, 0.0 ], [ 120.410446130584546, -2.719879061369511, 0.0 ], [ 120.410350568623926, -2.720014956125283, 0.0 ], [ 120.410349569477148, -2.720016323094796, 0.0 ], [ 120.410200809919502, -2.720211860888639, 0.0 ], [ 120.410114343702048, -2.720332232446538, 0.0 ], [ 120.409982876308732, -2.720536258041818, 0.0 ], [ 120.409919807752999, -2.720646992464708, 0.0 ] ] ] ] } },
{ "type": "Feature", "properties": { "OBJECTID": 2793, "WADMPR": "Sulawesi Selatan", "WADMKK": "Kab. Luwu Utara", "WADMKC": "Kec. Malangke", "WADMKD": "Desa Tolada", "POKTAN": "Gapoktan Reso Temangingngi", "K_POKTAN": "A. Ahmaluddin", "P_SID": "Universitas Negeri Makassar", "NO_HP_1": "0852-5222-2976", "NAMA_PEMIL": "Pemerintah Desa", "N_PETAK": "TDB501", "LUAS_HA": 0.71206457257, "PAKET": "Paket Sulawesi Selatan 14" }, "geometry": { "type": "MultiPolygon", "coordinates": [ [ [ [ 120.409414648667166, -2.720477999959655, 0.0 ], [ 120.409317333927902, -2.720688737195417, 0.0 ], [ 120.409584004498242, -2.720785406221466, 0.0 ], [ 120.409309814696257, -2.721477262765404, 0.0 ], [ 120.409075157292705, -2.72141726449513, 0.0 ], [ 120.408739830678655, -2.721317406473077, 0.0 ], [ 120.409008927619993, -2.720341381249682, 0.0 ], [ 120.409414648667166, -2.720477999959655, 0.0 ] ] ] ] } },
{ "type": "Feature", "properties": { "OBJECTID": 2794, "WADMPR": "Sulawesi Selatan", "WADMKK": "Kab. Luwu Utara", "WADMKC": "Kec. Malangke", "WADMKD": "Desa Tolada", "POKTAN": "Gapoktan Reso Temangingngi", "K_POKTAN": "A. Ahmaluddin", "P_SID": "Universitas Negeri Makassar", "NO_HP_1": "0852-5222-2976", "NAMA_PEMIL": "Pemerintah Desa", "N_PETAK": "TDB502", "LUAS_HA": 0.32176834184000003, "PAKET": "Paket Sulawesi Selatan 14" }, "geometry": { "type": "MultiPolygon", "coordinates": [ [ [ [ 120.409919807752999, -2.720646992464708, 0.0 ], [ 120.409861600032855, -2.720749194119946, 0.0 ], [ 120.409842120717371, -2.720784040151273, 0.0 ], [ 120.409668534475372, -2.721107081126831, 0.0 ], [ 120.409661226584376, -2.721120681574121, 0.0 ], [ 120.409501052831388, -2.721419275379219, 0.0 ], [ 120.409452778123296, -2.721517940000865, 0.0 ], [ 120.409309814696257, -2.721477262765404, 0.0 ], [ 120.409584004498242, -2.720785406221466, 0.0 ], [ 120.409317333927902, -2.720688737195417, 0.0 ], [ 120.409414648667166, -2.720477999959655, 0.0 ], [ 120.409919807752999, -2.720646992464708, 0.0 ] ] ] ] } },
{ "type": "Feature", "properties": { "OBJECTID": 2795, "WADMPR": "Sulawesi Selatan", "WADMKK": "Kab. Luwu Utara", "WADMKC": "Kec. Malangke", "WADMKD": "Desa Tolada", "POKTAN": "Gapoktan Reso Temangingngi", "K_POKTAN": "A. Ahmaluddin", "P_SID": "Universitas Negeri Makassar", "NO_HP_1": "0852-5222-2976", "NAMA_PEMIL": "Pemerintah Desa", "N_PETAK": "TDB503", "LUAS_HA": 0.5216289928, "PAKET": "Paket Sulawesi Selatan 14" }, "geometry": { "type": "MultiPolygon", "coordinates": [ [ [ [ 120.409075157292705, -2.72141726449513, 0.0 ], [ 120.408732894207787, -2.722330544019371, 0.0 ], [ 120.408613211530565, -2.722292222108308, 0.0 ], [ 120.408613135088217, -2.722292507193401, 0.0 ], [ 120.408354883970787, -2.722201574043368, 0.0 ], [ 120.408246971620542, -2.722170645458846, 0.0 ], [ 120.408231946647106, -2.722164518377781, 0.0 ], [ 120.408739830678655, -2.721317406473077, 0.0 ], [ 120.409075157292705, -2.72141726449513, 0.0 ] ] ] ] } },
{ "type": "Feature", "properties": { "OBJECTID": 2796, "WADMPR": "Sulawesi Selatan", "WADMKK": "Kab. Luwu Utara", "WADMKC": "Kec. Malangke", "WADMKD": "Desa Tolada", "POKTAN": "Gapoktan Reso Temangingngi", "K_POKTAN": "A. Ahmaluddin", "P_SID": "Universitas Negeri Makassar", "NO_HP_1": "0852-5222-2976", "NAMA_PEMIL": "Pemerintah Desa", "N_PETAK": "TDB504", "LUAS_HA": 0.41352228493999998, "PAKET": "Paket Sulawesi Selatan 14" }, "geometry": { "type": "MultiPolygon", "coordinates": [ [ [ [ 120.409309814696257, -2.721477262765404, 0.0 ], [ 120.409452778123296, -2.721517940000865, 0.0 ], [ 120.409269508880811, -2.721892504935113, 0.0 ], [ 120.409202795372721, -2.722028853848485, 0.0 ], [ 120.409014276787502, -2.722421597678533, 0.0 ], [ 120.408844070197688, -2.722366520498497, 0.0 ], [ 120.408732894207787, -2.722330544019371, 0.0 ], [ 120.409075157292705, -2.72141726449513, 0.0 ], [ 120.409309814696257, -2.721477262765404, 0.0 ] ] ] ] } },
{ "type": "Feature", "properties": { "OBJECTID": 2797, "WADMPR": "Sulawesi Selatan", "WADMKK": "Kab. Luwu Utara", "WADMKC": "Kec. Malangke", "WADMKD": "Desa Tolada", "POKTAN": "Gapoktan Reso Temangingngi", "K_POKTAN": "A. Ahmaluddin", "P_SID": "Universitas Negeri Makassar", "NO_HP_1": "0852-5222-2976", "NAMA_PEMIL": "Pemerintah Desa", "N_PETAK": "TDB505", "LUAS_HA": 0.60351003541000003, "PAKET": "Paket Sulawesi Selatan 14" }, "geometry": { "type": "MultiPolygon", "coordinates": [ [ [ [ 120.408613135088217, -2.722292507193401, 0.0 ], [ 120.408476733114753, -2.722802539705413, 0.0 ], [ 120.408793296273643, -2.722923261099595, 0.0 ], [ 120.408684041235574, -2.723166865858104, 0.0 ], [ 120.408670324775699, -2.723203373836611, 0.0 ], [ 120.408641467329971, -2.723283300184107, 0.0 ], [ 120.407982889298978, -2.723049003408732, 0.0 ], [ 120.408120222070693, -2.722592786327994, 0.0 ], [ 120.408246971620542, -2.722170645458846, 0.0 ], [ 120.408354883970787, -2.722201574043368, 0.0 ], [ 120.408613135088217, -2.722292507193401, 0.0 ] ] ] ] } },
{ "type": "Feature", "properties": { "OBJECTID": 2798, "WADMPR": "Sulawesi Selatan", "WADMKK": "Kab. Luwu Utara", "WADMKC": "Kec. Malangke", "WADMKD": "Desa Tolada", "POKTAN": "Gapoktan Reso Temangingngi", "K_POKTAN": "A. Ahmaluddin", "P_SID": "Universitas Negeri Makassar", "NO_HP_1": "0852-5222-2976", "NAMA_PEMIL": "Pemerintah Desa", "N_PETAK": "TDB506", "LUAS_HA": 0.24911222892000001, "PAKET": "Paket Sulawesi Selatan 14" }, "geometry": { "type": "MultiPolygon", "coordinates": [ [ [ [ 120.408732894207787, -2.722330544019371, 0.0 ], [ 120.408844070197688, -2.722366520498497, 0.0 ], [ 120.409014276787502, -2.722421597678533, 0.0 ], [ 120.409012584263451, -2.722425123920289, 0.0 ], [ 120.408936726448815, -2.722579765044088, 0.0 ], [ 120.408845386805183, -2.722807030919682, 0.0 ], [ 120.408844688031991, -2.722808675779731, 0.0 ], [ 120.408793296273643, -2.722923261099595, 0.0 ], [ 120.408476733114753, -2.722802539705413, 0.0 ], [ 120.408613135088217, -2.722292507193401, 0.0 ], [ 120.408613211530565, -2.722292222108308, 0.0 ], [ 120.408732894207787, -2.722330544019371, 0.0 ] ] ] ] } },
{ "type": "Feature", "properties": { "OBJECTID": 2799, "WADMPR": "Sulawesi Selatan", "WADMKK": "Kab. Luwu Utara", "WADMKC": "Kec. Malangke", "WADMKD": "Desa Tolada", "POKTAN": "Gapoktan Reso Temangingngi", "K_POKTAN": "A. Ahmaluddin", "P_SID": "Universitas Negeri Makassar", "NO_HP_1": "0852-5222-2976", "NAMA_PEMIL": "Pemerintah Desa", "N_PETAK": "TDB507", "LUAS_HA": 0.30702454349000002, "PAKET": "Paket Sulawesi Selatan 14" }, "geometry": { "type": "MultiPolygon", "coordinates": [ [ [ [ 120.408120222070693, -2.722592786327994, 0.0 ], [ 120.407982889298978, -2.723049003408732, 0.0 ], [ 120.407458814772554, -2.722864311438798, 0.0 ], [ 120.407612799391245, -2.722445866783289, 0.0 ], [ 120.408120222070693, -2.722592786327994, 0.0 ] ] ] ] } },
{ "type": "Feature", "properties": { "OBJECTID": 2800, "WADMPR": "Sulawesi Selatan", "WADMKK": "Kab. Luwu Utara", "WADMKC": "Kec. Malangke", "WADMKD": "Desa Tolada", "POKTAN": "Gapoktan Reso Temangingngi", "K_POKTAN": "A. Ahmaluddin", "P_SID": "Universitas Negeri Makassar", "NO_HP_1": "0852-5222-2976", "NAMA_PEMIL": "Pemerintah Desa", "N_PETAK": "TDB508", "LUAS_HA": 2.06573729561, "PAKET": "Paket Sulawesi Selatan 14" }, "geometry": { "type": "MultiPolygon", "coordinates": [ [ [ [ 120.407458814772554, -2.722864311438798, 0.0 ], [ 120.407982889298978, -2.723049003408732, 0.0 ], [ 120.408641467329971, -2.723283300184107, 0.0 ], [ 120.408604508791086, -2.723385658321433, 0.0 ], [ 120.408474095403221, -2.723762008409892, 0.0 ], [ 120.408383511190095, -2.724001280234859, 0.0 ], [ 120.408288094020349, -2.724246692630686, 0.0 ], [ 120.407665207383502, -2.723998691986026, 0.0 ], [ 120.4067184667839, -2.723618332719809, 0.0 ], [ 120.407015105462847, -2.722758714842769, 0.0 ], [ 120.407458814772554, -2.722864311438798, 0.0 ] ] ] ] } },
{ "type": "Feature", "properties": { "OBJECTID": 2801, "WADMPR": "Sulawesi Selatan", "WADMKK": "Kab. Luwu Utara", "WADMKC": "Kec. Malangke", "WADMKD": "Desa Tolada", "POKTAN": "Gapoktan Reso Temangingngi", "K_POKTAN": "A. Ahmaluddin", "P_SID": "Universitas Negeri Makassar", "NO_HP_1": "0852-5222-2976", "NAMA_PEMIL": "Pemerintah Desa", "N_PETAK": "TDB509", "LUAS_HA": 0.82439801166000004, "PAKET": "Paket Sulawesi Selatan 14" }, "geometry": { "type": "MultiPolygon", "coordinates": [ [ [ [ 120.408288094020349, -2.724246692630686, 0.0 ], [ 120.408257409152156, -2.724325615334806, 0.0 ], [ 120.408113036487521, -2.724725846920251, 0.0 ], [ 120.407964282325793, -2.725124888702624, 0.0 ], [ 120.407259018688819, -2.724855077699601, 0.0 ], [ 120.407600616275431, -2.724134870927514, 0.0 ], [ 120.407640010178397, -2.724057144321705, 0.0 ], [ 120.407660352843095, -2.724017006679446, 0.0 ], [ 120.407657148558656, -2.724015682877393, 0.0 ], [ 120.407665207383502, -2.723998691986026, 0.0 ], [ 120.408288094020349, -2.724246692630686, 0.0 ] ] ] ] } },
{ "type": "Feature", "properties": { "OBJECTID": 2802, "WADMPR": "Sulawesi Selatan", "WADMKK": "Kab. Luwu Utara", "WADMKC": "Kec. Malangke", "WADMKD": "Desa Tolada", "POKTAN": "Gapoktan Reso Temangingngi", "K_POKTAN": "A. Ahmaluddin", "P_SID": "Universitas Negeri Makassar", "NO_HP_1": "0852-5222-2976", "NAMA_PEMIL": "Pemerintah Desa", "N_PETAK": "TDB510", "LUAS_HA": 3.5219956838400002, "PAKET": "Paket Sulawesi Selatan 14" }, "geometry": { "type": "MultiPolygon", "coordinates": [ [ [ [ 120.40758658954951, -2.726528197118569, 0.0 ], [ 120.406440526808979, -2.726804530904303, 0.0 ], [ 120.406443924447672, -2.726458549122697, 0.0 ], [ 120.406439525863448, -2.726447518038469, 0.0 ], [ 120.406439550145137, -2.726436234244773, 0.0 ], [ 120.40642223909515, -2.72640415632668, 0.0 ], [ 120.406392607333032, -2.72632982915826, 0.0 ], [ 120.406380924240352, -2.726327599738909, 0.0 ], [ 120.40637133386997, -2.726309825537953, 0.0 ], [ 120.406250256344265, -2.726302671431085, 0.0 ], [ 120.406069529485308, -2.726268193222495, 0.0 ], [ 120.406101548048014, -2.725562437656322, 0.0 ], [ 120.406373629839209, -2.724578780786032, 0.0 ], [ 120.407257493438578, -2.724863758855349, 0.0 ], [ 120.407957492444439, -2.725143103571327, 0.0 ], [ 120.407944980176808, -2.725176668068741, 0.0 ], [ 120.407859522099329, -2.725412438832961, 0.0 ], [ 120.407816517418382, -2.725553587428067, 0.0 ], [ 120.407797297107663, -2.725616675768947, 0.0 ], [ 120.407792415587551, -2.725633315924767, 0.0 ], [ 120.407748478309713, -2.72578484539423, 0.0 ], [ 120.407714277092282, -2.7259027950779, 0.0 ], [ 120.407651416279919, -2.726184552674908, 0.0 ], [ 120.407609644569447, -2.726372717826621, 0.0 ], [ 120.40758658954951, -2.726528197118569, 0.0 ] ] ] ] } },
{ "type": "Feature", "properties": { "OBJECTID": 2803, "WADMPR": "Sulawesi Selatan", "WADMKK": "Kab. Luwu Utara", "WADMKC": "Kec. Malangke", "WADMKD": "Desa Tolada", "POKTAN": "Gapoktan Reso Temangingngi", "K_POKTAN": "A. Ahmaluddin", "P_SID": "Universitas Negeri Makassar", "NO_HP_1": "0852-5222-2976", "NAMA_PEMIL": "Pemerintah Desa", "N_PETAK": "TDB511", "LUAS_HA": 0.79778928336, "PAKET": "Paket Sulawesi Selatan 14" }, "geometry": { "type": "MultiPolygon", "coordinates": [ [ [ [ 120.407574167214079, -2.726981834044352, 0.0 ], [ 120.406946920663927, -2.727219461908589, 0.0 ], [ 120.406358395323764, -2.727437823596631, 0.0 ], [ 120.406358766743779, -2.72684830000901, 0.0 ], [ 120.406440526808979, -2.726804530904303, 0.0 ], [ 120.40758658954951, -2.726528197118569, 0.0 ], [ 120.4075859753126, -2.726532339395874, 0.0 ], [ 120.407578923728465, -2.726623010843241, 0.0 ], [ 120.407574167214079, -2.726981834044352, 0.0 ] ] ] ] } },
{ "type": "Feature", "properties": { "OBJECTID": 2804, "WADMPR": "Sulawesi Selatan", "WADMKK": "Kab. Luwu Utara", "WADMKC": "Kec. Malangke", "WADMKD": "Desa Tolada", "POKTAN": "Gapoktan Reso Temangingngi", "K_POKTAN": "A. Ahmaluddin", "P_SID": "Universitas Negeri Makassar", "NO_HP_1": "0852-5222-2976", "NAMA_PEMIL": "Pemerintah Desa", "N_PETAK": "TDB512", "LUAS_HA": 1.4115902443499999, "PAKET": "Paket Sulawesi Selatan 14" }, "geometry": { "type": "MultiPolygon", "coordinates": [ [ [ [ 120.407583923059633, -2.728272181316072, 0.0 ], [ 120.406208277789801, -2.728930270115825, 0.0 ], [ 120.406050283993522, -2.728176031198814, 0.0 ], [ 120.406864681260117, -2.727760033598599, 0.0 ], [ 120.406939021918333, -2.727722857423885, 0.0 ], [ 120.406939023717086, -2.727722059725238, 0.0 ], [ 120.406956413008061, -2.727713177121359, 0.0 ], [ 120.407368293512036, -2.727510134485044, 0.0 ], [ 120.407583923059633, -2.728272181316072, 0.0 ] ] ] ] } },
{ "type": "Feature", "properties": { "OBJECTID": 2805, "WADMPR": "Sulawesi Selatan", "WADMKK": "Kab. Luwu Utara", "WADMKC": "Kec. Malangke", "WADMKD": "Desa Tolada", "POKTAN": "Gapoktan Reso Temangingngi", "K_POKTAN": "A. Ahmaluddin", "P_SID": "Universitas Negeri Makassar", "NO_HP_1": "0852-5222-2976", "NAMA_PEMIL": "Pemerintah Desa", "N_PETAK": "TDB513", "LUAS_HA": 1.4202231106200001, "PAKET": "Paket Sulawesi Selatan 14" }, "geometry": { "type": "MultiPolygon", "coordinates": [ [ [ [ 120.408613639607893, -2.731214844889109, 0.0 ], [ 120.407951368960539, -2.731343640396631, 0.0 ], [ 120.407486280067815, -2.729686196160969, 0.0 ], [ 120.408105985802649, -2.729483740781973, 0.0 ], [ 120.408180336353553, -2.7297671216553, 0.0 ], [ 120.408193356738138, -2.729813883703741, 0.0 ], [ 120.408308485248426, -2.730227388383241, 0.0 ], [ 120.408317658333317, -2.730260335945673, 0.0 ], [ 120.408351743538219, -2.730368205128514, 0.0 ], [ 120.408421825906657, -2.73058998154238, 0.0 ], [ 120.408505283891827, -2.730850785835059, 0.0 ], [ 120.408585759725042, -2.731102278547269, 0.0 ], [ 120.408622600452759, -2.73121325938439, 0.0 ], [ 120.408613639607893, -2.731214844889109, 0.0 ] ] ] ] } },
{ "type": "Feature", "properties": { "OBJECTID": 2806, "WADMPR": "Sulawesi Selatan", "WADMKK": "Kab. Luwu Utara", "WADMKC": "Kec. Malangke", "WADMKD": "Desa Tolada", "POKTAN": "Gapoktan Reso Temangingngi", "K_POKTAN": "A. Ahmaluddin", "P_SID": "Universitas Negeri Makassar", "NO_HP_1": "0852-5222-2976", "NAMA_PEMIL": "Pemerintah Desa", "N_PETAK": "TDB514", "LUAS_HA": 0.37249280691999997, "PAKET": "Paket Sulawesi Selatan 14" }, "geometry": { "type": "MultiPolygon", "coordinates": [ [ [ [ 120.408709226749465, -2.731469734340692, 0.0 ], [ 120.408291880166189, -2.731543062362391, 0.0 ], [ 120.408479944593864, -2.732231033835092, 0.0 ], [ 120.408223954372033, -2.732246057909208, 0.0 ], [ 120.407976626420236, -2.731439905627099, 0.0 ], [ 120.407972673899849, -2.731425787170281, 0.0 ], [ 120.407972090239809, -2.731423702541804, 0.0 ], [ 120.408652244805353, -2.731302562063547, 0.0 ], [ 120.408691323046128, -2.73142028511802, 0.0 ], [ 120.408709226749465, -2.731469734340692, 0.0 ] ] ] ] } },
{ "type": "Feature", "properties": { "OBJECTID": 2807, "WADMPR": "Sulawesi Selatan", "WADMKK": "Kab. Luwu Utara", "WADMKC": "Kec. Malangke", "WADMKD": "Desa Tolada", "POKTAN": "Gapoktan Reso Temangingngi", "K_POKTAN": "A. Ahmaluddin", "P_SID": "Universitas Negeri Makassar", "NO_HP_1": "0852-5222-2976", "NAMA_PEMIL": "Pemerintah Desa", "N_PETAK": "TDB515", "LUAS_HA": 0.40348177071000002, "PAKET": "Paket Sulawesi Selatan 14" }, "geometry": { "type": "MultiPolygon", "coordinates": [ [ [ [ 120.408953413369431, -2.732181319312417, 0.0 ], [ 120.408479944593864, -2.732231033835092, 0.0 ], [ 120.408291880166189, -2.731543062362391, 0.0 ], [ 120.408709226749465, -2.731469734340692, 0.0 ], [ 120.408770217871279, -2.731638186353166, 0.0 ], [ 120.408867047876015, -2.731905622246643, 0.0 ], [ 120.408867546999772, -2.731907082745636, 0.0 ], [ 120.408924613480167, -2.732083890359206, 0.0 ], [ 120.408953413369431, -2.732181319312417, 0.0 ] ] ] ] } },
{ "type": "Feature", "properties": { "OBJECTID": 2808, "WADMPR": "Sulawesi Selatan", "WADMKK": "Kab. Luwu Utara", "WADMKC": "Kec. Malangke", "WADMKD": "Desa Tolada", "POKTAN": "Gapoktan Reso Temangingngi", "K_POKTAN": "A. Ahmaluddin", "P_SID": "Universitas Negeri Makassar", "NO_HP_1": "0852-5222-2976", "NAMA_PEMIL": "Pemerintah Desa", "N_PETAK": "TDB516", "LUAS_HA": 0.6069823317, "PAKET": "Paket Sulawesi Selatan 14" }, "geometry": { "type": "MultiPolygon", "coordinates": [ [ [ [ 120.409133308355536, -2.732990619221653, 0.0 ], [ 120.408478836629115, -2.7330820182205, 0.0 ], [ 120.408395009921833, -2.732411983726024, 0.0 ], [ 120.408391259748896, -2.732408345968338, 0.0 ], [ 120.408390033972978, -2.732397577486154, 0.0 ], [ 120.408350767773754, -2.732369068077958, 0.0 ], [ 120.408223954372033, -2.732246057909208, 0.0 ], [ 120.408479944593864, -2.732231033835092, 0.0 ], [ 120.408953413369431, -2.732181319312417, 0.0 ], [ 120.408975694073092, -2.732256691493092, 0.0 ], [ 120.408974786657154, -2.732519226980685, 0.0 ], [ 120.408977083525656, -2.732599482480111, 0.0 ], [ 120.408980998274501, -2.73261612893117, 0.0 ], [ 120.408988943784834, -2.732657579583588, 0.0 ], [ 120.409025720660566, -2.732870884383772, 0.0 ], [ 120.409033484507745, -2.732926153119422, 0.0 ], [ 120.409040767217675, -2.732936614033463, 0.0 ], [ 120.409069289216404, -2.732959674449376, 0.0 ], [ 120.409103218838595, -2.732977306557416, 0.0 ], [ 120.409133025968458, -2.732988611934843, 0.0 ], [ 120.409133308355536, -2.732990619221653, 0.0 ] ] ] ] } },
{ "type": "Feature", "properties": { "OBJECTID": 2809, "WADMPR": "Sulawesi Selatan", "WADMKK": "Kab. Luwu Utara", "WADMKC": "Kec. Malangke", "WADMKD": "Desa Tolada", "POKTAN": "Gapoktan Reso Temangingngi", "K_POKTAN": "A. Ahmaluddin", "P_SID": "Universitas Negeri Makassar", "NO_HP_1": "0852-5222-2976", "NAMA_PEMIL": "Pemerintah Desa", "N_PETAK": "TDB517", "LUAS_HA": 1.80908109202, "PAKET": "Paket Sulawesi Selatan 14" }, "geometry": { "type": "MultiPolygon", "coordinates": [ [ [ [ 120.408478836629115, -2.7330820182205, 0.0 ], [ 120.409133308355536, -2.732990619221653, 0.0 ], [ 120.409160041602718, -2.733180919363917, 0.0 ], [ 120.409201962600605, -2.73345145881774, 0.0 ], [ 120.409232925359333, -2.733637521354467, 0.0 ], [ 120.409258245771525, -2.733789685745364, 0.0 ], [ 120.409278420262922, -2.733894404603063, 0.0 ], [ 120.409286558228132, -2.733936642162234, 0.0 ], [ 120.409299401446333, -2.733995378683744, 0.0 ], [ 120.409293500994295, -2.733996751049176, 0.0 ], [ 120.407807721149425, -2.734192793362695, 0.0 ], [ 120.407803909822633, -2.734174558708844, 0.0 ], [ 120.407623626329382, -2.733334347302218, 0.0 ], [ 120.408101095289339, -2.733210566414471, 0.0 ], [ 120.408432556617299, -2.733125357449239, 0.0 ], [ 120.408478836629115, -2.7330820182205, 0.0 ] ] ] ] } },
{ "type": "Feature", "properties": { "OBJECTID": 2810, "WADMPR": "Sulawesi Selatan", "WADMKK": "Kab. Luwu Utara", "WADMKC": "Kec. Malangke", "WADMKD": "Desa Tolada", "POKTAN": "Gapoktan Reso Temangingngi", "K_POKTAN": "A. Ahmaluddin", "P_SID": "Universitas Negeri Makassar", "NO_HP_1": "0852-5222-2976", "NAMA_PEMIL": "Pemerintah Desa", "N_PETAK": "TDB518", "LUAS_HA": 2.8398136732900001, "PAKET": "Paket Sulawesi Selatan 14" }, "geometry": { "type": "MultiPolygon", "coordinates": [ [ [ [ 120.409818225730646, -2.735814371735842, 0.0 ], [ 120.409803901329042, -2.735820300066734, 0.0 ], [ 120.409454428379263, -2.735995775784374, 0.0 ], [ 120.409216215955666, -2.735530018695385, 0.0 ], [ 120.408408881964419, -2.735829379622146, 0.0 ], [ 120.408033730672173, -2.735968590178231, 0.0 ], [ 120.407931940906451, -2.735690016181252, 0.0 ], [ 120.407973082192029, -2.735603828753653, 0.0 ], [ 120.408630968644388, -2.735338758976525, 0.0 ], [ 120.408471618670319, -2.734651398143455, 0.0 ], [ 120.407595059364553, -2.734683454477818, 0.0 ], [ 120.40759420500865, -2.734662761077516, 0.0 ], [ 120.40751470044313, -2.734262194944279, 0.0 ], [ 120.409305767747014, -2.734024496932932, 0.0 ], [ 120.409334104485424, -2.73415409103842, 0.0 ], [ 120.409332167345724, -2.734332251232388, 0.0 ], [ 120.409334484898636, -2.734489077708702, 0.0 ], [ 120.409335795210836, -2.734506744890325, 0.0 ], [ 120.409362361184094, -2.734614116748048, 0.0 ], [ 120.409393934582454, -2.734741727848416, 0.0 ], [ 120.409396442791717, -2.734745339525773, 0.0 ], [ 120.409424862267656, -2.734768416129441, 0.0 ], [ 120.409458686669154, -2.734786085109704, 0.0 ], [ 120.409505030532841, -2.734803810747223, 0.0 ], [ 120.409609126160262, -2.735142910916579, 0.0 ], [ 120.409693963705536, -2.735357497250675, 0.0 ], [ 120.409693828807235, -2.735508374711685, 0.0 ], [ 120.409666712448939, -2.735521933790153, 0.0 ], [ 120.409670546258781, -2.735530373028269, 0.0 ], [ 120.409678918947066, -2.735548804633595, 0.0 ], [ 120.409679533183976, -2.735550102355319, 0.0 ], [ 120.409729217129779, -2.735650872289852, 0.0 ], [ 120.409767025527913, -2.735727555682104, 0.0 ], [ 120.409768493221463, -2.735730287822491, 0.0 ], [ 120.409818225730646, -2.735814371735842, 0.0 ] ] ] ] } },
{ "type": "Feature", "properties": { "OBJECTID": 2811, "WADMPR": "Sulawesi Selatan", "WADMKK": "Kab. Luwu Utara", "WADMKC": "Kec. Malangke", "WADMKD": "Desa Tolada", "POKTAN": "Gapoktan Reso Temangingngi", "K_POKTAN": "A. Ahmaluddin", "P_SID": "Universitas Negeri Makassar", "NO_HP_1": "0852-5222-2976", "NAMA_PEMIL": "Pemerintah Desa", "N_PETAK": "TDB519", "LUAS_HA": 0.59161655928000001, "PAKET": "Paket Sulawesi Selatan 14" }, "geometry": { "type": "MultiPolygon", "coordinates": [ [ [ [ 120.409454428379263, -2.735995775784374, 0.0 ], [ 120.40867543652223, -2.736364370119531, 0.0 ], [ 120.408408881964419, -2.735829379622146, 0.0 ], [ 120.409216215955666, -2.735530018695385, 0.0 ], [ 120.409454428379263, -2.735995775784374, 0.0 ] ] ] ] } },
{ "type": "Feature", "properties": { "OBJECTID": 2812, "WADMPR": "Sulawesi Selatan", "WADMKK": "Kab. Luwu Utara", "WADMKC": "Kec. Malangke", "WADMKD": "Desa Tolada", "POKTAN": "Gapoktan Reso Temangingngi", "K_POKTAN": "A. Ahmaluddin", "P_SID": "Universitas Negeri Makassar", "NO_HP_1": "0852-5222-2976", "NAMA_PEMIL": "Pemerintah Desa", "N_PETAK": "TDB520", "LUAS_HA": 0.63823029172000001, "PAKET": "Paket Sulawesi Selatan 14" }, "geometry": { "type": "MultiPolygon", "coordinates": [ [ [ [ 120.40867543652223, -2.736364370119531, 0.0 ], [ 120.409454428379263, -2.735995775784374, 0.0 ], [ 120.409803901329042, -2.735820300066734, 0.0 ], [ 120.409818225730646, -2.735814371735842, 0.0 ], [ 120.409851213762522, -2.735870144991168, 0.0 ], [ 120.409863597427147, -2.735891472413471, 0.0 ], [ 120.409882295231796, -2.735898908907473, 0.0 ], [ 120.409978406678192, -2.736054641808209, 0.0 ], [ 120.409461402621673, -2.736383817958767, 0.0 ], [ 120.40883632523628, -2.736904182781757, 0.0 ], [ 120.40879460568658, -2.73671185107105, 0.0 ], [ 120.40867543652223, -2.736364370119531, 0.0 ] ] ] ] } },
{ "type": "Feature", "properties": { "OBJECTID": 2813, "WADMPR": "Sulawesi Selatan", "WADMKK": "Kab. Luwu Utara", "WADMKC": "Kec. Malangke", "WADMKD": "Desa Tolada", "POKTAN": "Gapoktan Reso Temangingngi", "K_POKTAN": "A. Ahmaluddin", "P_SID": "Universitas Negeri Makassar", "NO_HP_1": "0852-5222-2976", "NAMA_PEMIL": "Pemerintah Desa", "N_PETAK": "TDB521", "LUAS_HA": 0.52252802212000005, "PAKET": "Paket Sulawesi Selatan 14" }, "geometry": { "type": "MultiPolygon", "coordinates": [ [ [ [ 120.410360366737564, -2.7365574167913, 0.0 ], [ 120.409169881085177, -2.736876543917333, 0.0 ], [ 120.408927814167328, -2.736926120843748, 0.0 ], [ 120.409202910485988, -2.736672041681345, 0.0 ], [ 120.409206336003649, -2.736664693320904, 0.0 ], [ 120.409539303695965, -2.736413556740217, 0.0 ], [ 120.410011582668517, -2.73610839518625, 0.0 ], [ 120.41004098960002, -2.736156045764858, 0.0 ], [ 120.410042178503772, -2.736175698649504, 0.0 ], [ 120.410072835492997, -2.736219499230458, 0.0 ], [ 120.410075274454471, -2.73622267383729, 0.0 ], [ 120.410100095742905, -2.736251815468847, 0.0 ], [ 120.410360366737564, -2.7365574167913, 0.0 ] ] ] ] } },
{ "type": "Feature", "properties": { "OBJECTID": 2814, "WADMPR": "Sulawesi Selatan", "WADMKK": "Kab. Luwu Utara", "WADMKC": "Kec. Malangke", "WADMKD": "Desa Tolada", "POKTAN": "Gapoktan Reso Temangingngi", "K_POKTAN": "A. Ahmaluddin", "P_SID": "Universitas Negeri Makassar", "NO_HP_1": "0852-5222-2976", "NAMA_PEMIL": "Pemerintah Desa", "N_PETAK": "TDB522", "LUAS_HA": 1.5324858938199999, "PAKET": "Paket Sulawesi Selatan 14" }, "geometry": { "type": "MultiPolygon", "coordinates": [ [ [ [ 120.411025760730354, -2.737444781451472, 0.0 ], [ 120.410221872941179, -2.737532943790256, 0.0 ], [ 120.409665034313889, -2.737592900691766, 0.0 ], [ 120.409169881085177, -2.736876543917333, 0.0 ], [ 120.410360366737564, -2.7365574167913, 0.0 ], [ 120.410362632129818, -2.736560076985938, 0.0 ], [ 120.410375319765308, -2.736574971557616, 0.0 ], [ 120.41041372171594, -2.736619677755868, 0.0 ], [ 120.41053889745217, -2.736627141229519, 0.0 ], [ 120.410587885322684, -2.736684170837748, 0.0 ], [ 120.410589251392935, -2.736685869657094, 0.0 ], [ 120.410680456138152, -2.736805049613281, 0.0 ], [ 120.410681302400235, -2.736806191752294, 0.0 ], [ 120.410795014478367, -2.736964893315132, 0.0 ], [ 120.410796447997768, -2.736966971648371, 0.0 ], [ 120.410797630606226, -2.736968788278887, 0.0 ], [ 120.410876060481883, -2.737095658337921, 0.0 ], [ 120.41093647963487, -2.737197835711527, 0.0 ], [ 120.410962863945088, -2.737244388217903, 0.0 ], [ 120.41097262338792, -2.737261608436427, 0.0 ], [ 120.410973652212306, -2.737263508703904, 0.0 ], [ 120.410997345750957, -2.737307296694325, 0.0 ], [ 120.410998338602553, -2.737309241927903, 0.0 ], [ 120.41102125872419, -2.737356969848236, 0.0 ], [ 120.411022581626867, -2.737360000563513, 0.0 ], [ 120.41103143725104, -2.737382517788944, 0.0 ], [ 120.411025760730354, -2.737444781451472, 0.0 ] ] ] ] } },
{ "type": "Feature", "properties": { "OBJECTID": 2815, "WADMPR": "Sulawesi Selatan", "WADMKK": "Kab. Luwu Utara", "WADMKC": "Kec. Malangke", "WADMKD": "Desa Tolada", "POKTAN": "Gapoktan Reso Temangingngi", "K_POKTAN": "A. Ahmaluddin", "P_SID": "Universitas Negeri Makassar", "NO_HP_1": "0852-5222-2976", "NAMA_PEMIL": "Pemerintah Desa", "N_PETAK": "TDB523", "LUAS_HA": 0.4681813482, "PAKET": "Paket Sulawesi Selatan 14" }, "geometry": { "type": "MultiPolygon", "coordinates": [ [ [ [ 120.410331236797219, -2.737922479738586, 0.0 ], [ 120.410234037171108, -2.737940810619875, 0.0 ], [ 120.409316513746148, -2.737989850651047, 0.0 ], [ 120.409245020341473, -2.737650290028796, 0.0 ], [ 120.409665034313889, -2.737592900691766, 0.0 ], [ 120.410221872941179, -2.737532943790256, 0.0 ], [ 120.410331236797219, -2.737922479738586, 0.0 ] ] ] ] } },
{ "type": "Feature", "properties": { "OBJECTID": 2816, "WADMPR": "Sulawesi Selatan", "WADMKK": "Kab. Luwu Utara", "WADMKC": "Kec. Malangke", "WADMKD": "Desa Tolada", "POKTAN": "Gapoktan Reso Temangingngi", "K_POKTAN": "A. Ahmaluddin", "P_SID": "Universitas Negeri Makassar", "NO_HP_1": "0852-5222-2976", "NAMA_PEMIL": "Pemerintah Desa", "N_PETAK": "TDB524", "LUAS_HA": 0.44664439714999998, "PAKET": "Paket Sulawesi Selatan 14" }, "geometry": { "type": "MultiPolygon", "coordinates": [ [ [ [ 120.410278751463238, -2.738298296529138, 0.0 ], [ 120.409869437624479, -2.738365066694428, 0.0 ], [ 120.409414470601405, -2.7384285795153, 0.0 ], [ 120.409316513746148, -2.737989850651047, 0.0 ], [ 120.410234037171108, -2.737940810619875, 0.0 ], [ 120.410278751463238, -2.738298296529138, 0.0 ] ] ] ] } },
{ "type": "Feature", "properties": { "OBJECTID": 2817, "WADMPR": "Sulawesi Selatan", "WADMKK": "Kab. Luwu Utara", "WADMKC": "Kec. Malangke", "WADMKD": "Desa Tolada", "POKTAN": "Gapoktan Reso Temangingngi", "K_POKTAN": "A. Ahmaluddin", "P_SID": "Universitas Negeri Makassar", "NO_HP_1": "0852-5222-2976", "NAMA_PEMIL": "Pemerintah Desa", "N_PETAK": "TDB525", "LUAS_HA": 0.32875900359, "PAKET": "Paket Sulawesi Selatan 14" }, "geometry": { "type": "MultiPolygon", "coordinates": [ [ [ [ 120.410841713574314, -2.737865913281212, 0.0 ], [ 120.410331236797219, -2.737922479738586, 0.0 ], [ 120.410221872941179, -2.737532943790256, 0.0 ], [ 120.411025760730354, -2.737444781451472, 0.0 ], [ 120.41107910491678, -2.737550059687464, 0.0 ], [ 120.410966769700735, -2.737607268260774, 0.0 ], [ 120.410974781760842, -2.73769492338198, 0.0 ], [ 120.410807108561244, -2.737718304855832, 0.0 ], [ 120.410841713574314, -2.737865913281212, 0.0 ] ] ] ] } },
{ "type": "Feature", "properties": { "OBJECTID": 2818, "WADMPR": "Sulawesi Selatan", "WADMKK": "Kab. Luwu Utara", "WADMKC": "Kec. Malangke", "WADMKD": "Desa Tolada", "POKTAN": "Gapoktan Reso Temangingngi", "K_POKTAN": "A. Ahmaluddin", "P_SID": "Universitas Negeri Makassar", "NO_HP_1": "0852-5222-2976", "NAMA_PEMIL": "Pemerintah Desa", "N_PETAK": "TDB526", "LUAS_HA": 0.27162018225000001, "PAKET": "Paket Sulawesi Selatan 14" }, "geometry": { "type": "MultiPolygon", "coordinates": [ [ [ [ 120.410368215121139, -2.738286335545922, 0.0 ], [ 120.410278751463238, -2.738298296529138, 0.0 ], [ 120.410234037171108, -2.737940810619875, 0.0 ], [ 120.410331236797219, -2.737922479738586, 0.0 ], [ 120.410841713574314, -2.737865913281212, 0.0 ], [ 120.410885054601636, -2.738219050069063, 0.0 ], [ 120.410368215121139, -2.738286335545922, 0.0 ] ] ] ] } },
{ "type": "Feature", "properties": { "OBJECTID": 2819, "WADMPR": "Sulawesi Selatan", "WADMKK": "Kab. Luwu Utara", "WADMKC": "Kec. Malangke", "WADMKD": "Desa Tolada", "POKTAN": "Gapoktan Reso Temangingngi", "K_POKTAN": "A. Ahmaluddin", "P_SID": "Universitas Negeri Makassar", "NO_HP_1": "0852-5222-2976", "NAMA_PEMIL": "Pemerintah Desa", "N_PETAK": "TDB527", "LUAS_HA": 0.52840785109, "PAKET": "Paket Sulawesi Selatan 14" }, "geometry": { "type": "MultiPolygon", "coordinates": [ [ [ [ 120.410509417675598, -2.739174279369422, 0.0 ], [ 120.410065348636977, -2.739244956189737, 0.0 ], [ 120.409981575889105, -2.738868009850705, 0.0 ], [ 120.409869437624479, -2.738365066694428, 0.0 ], [ 120.410278751463238, -2.738298296529138, 0.0 ], [ 120.410368215121139, -2.738286335545922, 0.0 ], [ 120.410509417675598, -2.739174279369422, 0.0 ] ] ] ] } },
{ "type": "Feature", "properties": { "OBJECTID": 2820, "WADMPR": "Sulawesi Selatan", "WADMKK": "Kab. Luwu Utara", "WADMKC": "Kec. Malangke", "WADMKD": "Desa Tolada", "POKTAN": "Gapoktan Reso Temangingngi", "K_POKTAN": "A. Ahmaluddin", "P_SID": "Universitas Negeri Makassar", "NO_HP_1": "0852-5222-2976", "NAMA_PEMIL": "Pemerintah Desa", "N_PETAK": "TDB528", "LUAS_HA": 0.28254469283, "PAKET": "Paket Sulawesi Selatan 14" }, "geometry": { "type": "MultiPolygon", "coordinates": [ [ [ [ 120.409981575889105, -2.738868009850705, 0.0 ], [ 120.409546368769952, -2.738925153672881, 0.0 ], [ 120.409414470601405, -2.7384285795153, 0.0 ], [ 120.409869437624479, -2.738365066694428, 0.0 ], [ 120.409981575889105, -2.738868009850705, 0.0 ] ] ] ] } },
{ "type": "Feature", "properties": { "OBJECTID": 2821, "WADMPR": "Sulawesi Selatan", "WADMKK": "Kab. Luwu Utara", "WADMKC": "Kec. Malangke", "WADMKD": "Desa Tolada", "POKTAN": "Gapoktan Reso Temangingngi", "K_POKTAN": "A. Ahmaluddin", "P_SID": "Universitas Negeri Makassar", "NO_HP_1": "0852-5222-2976", "NAMA_PEMIL": "Pemerintah Desa", "N_PETAK": "TDB529", "LUAS_HA": 0.24831524781, "PAKET": "Paket Sulawesi Selatan 14" }, "geometry": { "type": "MultiPolygon", "coordinates": [ [ [ [ 120.410065348636977, -2.739244956189737, 0.0 ], [ 120.40949370357157, -2.739345664970415, 0.0 ], [ 120.409546368769952, -2.738925153672881, 0.0 ], [ 120.409981575889105, -2.738868009850705, 0.0 ], [ 120.410065348636977, -2.739244956189737, 0.0 ] ] ] ] } },
{ "type": "Feature", "properties": { "OBJECTID": 2822, "WADMPR": "Sulawesi Selatan", "WADMKK": "Kab. Luwu Utara", "WADMKC": "Kec. Malangke", "WADMKD": "Desa Tolada", "POKTAN": "Gapoktan Reso Temangingngi", "K_POKTAN": "A. Ahmaluddin", "P_SID": "Universitas Negeri Makassar", "NO_HP_1": "0852-5222-2976", "NAMA_PEMIL": "Pemerintah Desa", "N_PETAK": "TDB530", "LUAS_HA": 0.42056020645999997, "PAKET": "Paket Sulawesi Selatan 14" }, "geometry": { "type": "MultiPolygon", "coordinates": [ [ [ [ 120.410755782453407, -2.739417442560864, 0.0 ], [ 120.410301209333397, -2.7394899701859, 0.0 ], [ 120.409592979732338, -2.739619770236175, 0.0 ], [ 120.40949370357157, -2.739345664970415, 0.0 ], [ 120.410065348636977, -2.739244956189737, 0.0 ], [ 120.410509417675598, -2.739174279369422, 0.0 ], [ 120.410723984224546, -2.739145000141605, 0.0 ], [ 120.410755782453407, -2.739417442560864, 0.0 ] ] ] ] } },
{ "type": "Feature", "properties": { "OBJECTID": 2823, "WADMPR": "Sulawesi Selatan", "WADMKK": "Kab. Luwu Utara", "WADMKC": "Kec. Malangke", "WADMKD": "Desa Tolada", "POKTAN": "Gapoktan Reso Temangingngi", "K_POKTAN": "A. Ahmaluddin", "P_SID": "Universitas Negeri Makassar", "NO_HP_1": "0852-5222-2976", "NAMA_PEMIL": "Pemerintah Desa", "N_PETAK": "TDB531", "LUAS_HA": 0.89332251560999998, "PAKET": "Paket Sulawesi Selatan 14" }, "geometry": { "type": "MultiPolygon", "coordinates": [ [ [ [ 120.411140534008496, -2.739862442397737, 0.0 ], [ 120.409751782918534, -2.740084163952929, 0.0 ], [ 120.409592979732338, -2.739619770236175, 0.0 ], [ 120.410301209333397, -2.7394899701859, 0.0 ], [ 120.410755782453407, -2.739417442560864, 0.0 ], [ 120.411055976152397, -2.739375683440983, 0.0 ], [ 120.411055919495197, -2.739382844742465, 0.0 ], [ 120.411055916797181, -2.739383212565144, 0.0 ], [ 120.41105589971005, -2.739385415904167, 0.0 ], [ 120.411054929341617, -2.739508064545475, 0.0 ], [ 120.411116186662753, -2.73950726414887, 0.0 ], [ 120.4111448039896, -2.739508866740778, 0.0 ], [ 120.411143819231938, -2.739633396763793, 0.0 ], [ 120.411140534008496, -2.739862442397737, 0.0 ] ] ] ] } },
{ "type": "Feature", "properties": { "OBJECTID": 2824, "WADMPR": "Sulawesi Selatan", "WADMKK": "Kab. Luwu Utara", "WADMKC": "Kec. Malangke", "WADMKD": "Desa Tolada", "POKTAN": "Gapoktan Reso Temangingngi", "K_POKTAN": "A. Ahmaluddin", "P_SID": "Universitas Negeri Makassar", "NO_HP_1": "0852-5222-2976", "NAMA_PEMIL": "Pemerintah Desa", "N_PETAK": "TDB532", "LUAS_HA": 3.2026200731399999, "PAKET": "Paket Sulawesi Selatan 14" }, "geometry": { "type": "MultiPolygon", "coordinates": [ [ [ [ 120.410880749547005, -2.741776531561641, 0.0 ], [ 120.409345326225889, -2.741743770158791, 0.0 ], [ 120.409805238620947, -2.740267005118142, 0.0 ], [ 120.409751782918534, -2.740084163952929, 0.0 ], [ 120.411140534008496, -2.739862442397737, 0.0 ], [ 120.411136878264415, -2.740117382211395, 0.0 ], [ 120.41112954429309, -2.740581191368847, 0.0 ], [ 120.411129314965933, -2.740585092627896, 0.0 ], [ 120.411125010810679, -2.740627199785422, 0.0 ], [ 120.411122057437069, -2.740704114303412, 0.0 ], [ 120.4111212678323, -2.740717665288003, 0.0 ], [ 120.411120872130596, -2.740721547661224, 0.0 ], [ 120.411108004630819, -2.740809958212935, 0.0 ], [ 120.411100140059489, -2.74087790828878, 0.0 ], [ 120.411099742559145, -2.740880628737955, 0.0 ], [ 120.411099319877735, -2.740882723259006, 0.0 ], [ 120.411012159383745, -2.741267424452019, 0.0 ], [ 120.411011551442016, -2.741269806756122, 0.0 ], [ 120.410993170198708, -2.741334456320033, 0.0 ], [ 120.410898041711334, -2.741699953390082, 0.0 ], [ 120.410880749547005, -2.741776531561641, 0.0 ] ] ] ] } },
{ "type": "Feature", "properties": { "OBJECTID": 2825, "WADMPR": "Sulawesi Selatan", "WADMKK": "Kab. Luwu Utara", "WADMKC": "Kec. Malangke", "WADMKD": "Desa Tolada", "POKTAN": "Gapoktan Reso Temangingngi", "K_POKTAN": "A. Ahmaluddin", "P_SID": "Universitas Negeri Makassar", "NO_HP_1": "0852-5222-2976", "NAMA_PEMIL": "Pemerintah Desa", "N_PETAK": "TDB533", "LUAS_HA": 4.0579233765899998, "PAKET": "Paket Sulawesi Selatan 14" }, "geometry": { "type": "MultiPolygon", "coordinates": [ [ [ [ 120.410880749547005, -2.741776531561641, 0.0 ], [ 120.410877508390399, -2.741790885640796, 0.0 ], [ 120.410871393899811, -2.741830096981346, 0.0 ], [ 120.410865015907802, -2.741871002644586, 0.0 ], [ 120.410848945022849, -2.742080845954206, 0.0 ], [ 120.410858600144365, -2.742219896431038, 0.0 ], [ 120.410881145248709, -2.742369654236086, 0.0 ], [ 120.410915128830197, -2.742502191822666, 0.0 ], [ 120.410972528959064, -2.742671947852045, 0.0 ], [ 120.411035761191442, -2.742836352016013, 0.0 ], [ 120.411046299447207, -2.742858668692577, 0.0 ], [ 120.411047202366603, -2.742860710153593, 0.0 ], [ 120.411064905521016, -2.742903540366058, 0.0 ], [ 120.411065695125785, -2.742905589021689, 0.0 ], [ 120.411092613633286, -2.742981215710472, 0.0 ], [ 120.411186137730169, -2.74322161258732, 0.0 ], [ 120.411224607129952, -2.743324132602595, 0.0 ], [ 120.411229763842584, -2.74333787424348, 0.0 ], [ 120.411244767232233, -2.74337785900093, 0.0 ], [ 120.411247402245863, -2.743385462768856, 0.0 ], [ 120.410882386313119, -2.743461265724761, 0.0 ], [ 120.410094894064173, -2.743020754404256, 0.0 ], [ 120.409270331760467, -2.743035584224799, 0.0 ], [ 120.408964238508815, -2.742997144502567, 0.0 ], [ 120.408337275245117, -2.742885874083754, 0.0 ], [ 120.408310216443397, -2.742241174390642, 0.0 ], [ 120.408307575134586, -2.742075242278588, 0.0 ], [ 120.408310373824747, -2.741911184353626, 0.0 ], [ 120.408310390911879, -2.741910204092619, 0.0 ], [ 120.409314840107868, -2.742071166551057, 0.0 ], [ 120.409345326225889, -2.741743770158791, 0.0 ], [ 120.410880749547005, -2.741776531561641, 0.0 ] ] ] ] } },
{ "type": "Feature", "properties": { "OBJECTID": 2826, "WADMPR": "Sulawesi Selatan", "WADMKK": "Kab. Luwu Utara", "WADMKC": "Kec. Malangke", "WADMKD": "Desa Tolada", "POKTAN": "Gapoktan Reso Temangingngi", "K_POKTAN": "A. Ahmaluddin", "P_SID": "Universitas Negeri Makassar", "NO_HP_1": "0852-5222-2976", "NAMA_PEMIL": "Pemerintah Desa", "N_PETAK": "TDB534", "LUAS_HA": 0.60738397573000003, "PAKET": "Paket Sulawesi Selatan 14" }, "geometry": { "type": "MultiPolygon", "coordinates": [ [ [ [ 120.41152808155573, -2.744061809604773, 0.0 ], [ 120.41113299768972, -2.744224614774112, 0.0 ], [ 120.410856778117932, -2.74393696302036, 0.0 ], [ 120.410339476385843, -2.743564685062097, 0.0 ], [ 120.410882386313119, -2.743461265724761, 0.0 ], [ 120.411247402245863, -2.743385462768856, 0.0 ], [ 120.411252013069998, -2.743398772735134, 0.0 ], [ 120.411269870907859, -2.743449181534459, 0.0 ], [ 120.411373186823198, -2.743740347838752, 0.0 ], [ 120.411392658044747, -2.743794703762546, 0.0 ], [ 120.41152062617607, -2.744048469960887, 0.0 ], [ 120.41152808155573, -2.744061809604773, 0.0 ] ] ] ] } },
{ "type": "Feature", "properties": { "OBJECTID": 2827, "WADMPR": "Sulawesi Selatan", "WADMKK": "Kab. Luwu Utara", "WADMKC": "Kec. Malangke", "WADMKD": "Desa Tolada", "POKTAN": "Gapoktan Reso Temangingngi", "K_POKTAN": "A. Ahmaluddin", "P_SID": "Universitas Negeri Makassar", "NO_HP_1": "0852-5222-2976", "NAMA_PEMIL": "Pemerintah Desa", "N_PETAK": "TDB535", "LUAS_HA": 0.59099185237999996, "PAKET": "Paket Sulawesi Selatan 14" }, "geometry": { "type": "MultiPolygon", "coordinates": [ [ [ [ 120.41113299768972, -2.744224614774112, 0.0 ], [ 120.410780909511459, -2.744239400527874, 0.0 ], [ 120.410690792046466, -2.744304832501996, 0.0 ], [ 120.409823327584604, -2.744423065472063, 0.0 ], [ 120.409518466404165, -2.74428205447316, 0.0 ], [ 120.409433883367115, -2.744124337667984, 0.0 ], [ 120.410856778117932, -2.74393696302036, 0.0 ], [ 120.41113299768972, -2.744224614774112, 0.0 ] ] ] ] } },
{ "type": "Feature", "properties": { "OBJECTID": 2828, "WADMPR": "Sulawesi Selatan", "WADMKK": "Kab. Luwu Utara", "WADMKC": "Kec. Malangke", "WADMKD": "Desa Tolada", "POKTAN": "Gapoktan Reso Temangingngi", "K_POKTAN": "A. Ahmaluddin", "P_SID": "Universitas Negeri Makassar", "NO_HP_1": "0852-5222-2976", "NAMA_PEMIL": "Pemerintah Desa", "N_PETAK": "TDB536", "LUAS_HA": 1.9050012227, "PAKET": "Paket Sulawesi Selatan 14" }, "geometry": { "type": "MultiPolygon", "coordinates": [ [ [ [ 120.410882386313119, -2.743461265724761, 0.0 ], [ 120.410339476385843, -2.743564685062097, 0.0 ], [ 120.410856778117932, -2.74393696302036, 0.0 ], [ 120.409433883367115, -2.744124337667984, 0.0 ], [ 120.409198994837766, -2.744106620124398, 0.0 ], [ 120.409126190221514, -2.74394388240421, 0.0 ], [ 120.409096562956051, -2.74377068646794, 0.0 ], [ 120.409074567337484, -2.743564077120425, 0.0 ], [ 120.40904370440353, -2.743461688406171, 0.0 ], [ 120.408964238508815, -2.742997144502567, 0.0 ], [ 120.409270331760467, -2.743035584224799, 0.0 ], [ 120.410094894064173, -2.743020754404256, 0.0 ], [ 120.410882386313119, -2.743461265724761, 0.0 ] ] ] ] } },
{ "type": "Feature", "properties": { "OBJECTID": 2829, "WADMPR": "Sulawesi Selatan", "WADMKK": "Kab. Luwu Utara", "WADMKC": "Kec. Malangke", "WADMKD": "Desa Tolada", "POKTAN": "Gapoktan Reso Temangingngi", "K_POKTAN": "A. Ahmaluddin", "P_SID": "Universitas Negeri Makassar", "NO_HP_1": "0852-5222-2976", "NAMA_PEMIL": "Pemerintah Desa", "N_PETAK": "TDB537", "LUAS_HA": 0.45843976092, "PAKET": "Paket Sulawesi Selatan 14" }, "geometry": { "type": "MultiPolygon", "coordinates": [ [ [ [ 120.415287791798164, -2.751421999725437, 0.0 ], [ 120.414798468874324, -2.751614757714833, 0.0 ], [ 120.414512792931077, -2.751002288824509, 0.0 ], [ 120.414929257279482, -2.75075929920223, 0.0 ], [ 120.414954811515372, -2.750751407651308, 0.0 ], [ 120.415058424207018, -2.750949370916715, 0.0 ], [ 120.41508690034027, -2.751003779001167, 0.0 ], [ 120.415173871976663, -2.751169945836295, 0.0 ], [ 120.415196459349204, -2.751215227600653, 0.0 ], [ 120.415197362268486, -2.751217151250501, 0.0 ], [ 120.415287791798164, -2.751421999725437, 0.0 ] ] ] ] } },
{ "type": "Feature", "properties": { "OBJECTID": 2830, "WADMPR": "Sulawesi Selatan", "WADMKK": "Kab. Luwu Utara", "WADMKC": "Kec. Malangke", "WADMKD": "Desa Tolada", "POKTAN": "Gapoktan Reso Temangingngi", "K_POKTAN": "A. Ahmaluddin", "P_SID": "Universitas Negeri Makassar", "NO_HP_1": "0852-5222-2976", "NAMA_PEMIL": "Pemerintah Desa", "N_PETAK": "TDB538", "LUAS_HA": 0.02914822055, "PAKET": "Paket Sulawesi Selatan 14" }, "geometry": { "type": "MultiPolygon", "coordinates": [ [ [ [ 120.412823708747169, -2.74751624407935, 0.0 ], [ 120.412836476422285, -2.747551272673036, 0.0 ], [ 120.412875987237044, -2.747653344825949, 0.0 ], [ 120.41294607680004, -2.747802667359167, 0.0 ], [ 120.412952351369995, -2.747814846877645, 0.0 ], [ 120.412803728509289, -2.747855462959194, 0.0 ], [ 120.412823708747169, -2.74751624407935, 0.0 ] ] ] ] } },
{ "type": "Feature", "properties": { "OBJECTID": 2831, "WADMPR": "Sulawesi Selatan", "WADMKK": "Kab. Luwu Utara", "WADMKC": "Kec. Malangke", "WADMKD": "Desa Tolada", "POKTAN": "Gapoktan Reso Temangingngi", "K_POKTAN": "A. Ahmaluddin", "P_SID": "Universitas Negeri Makassar", "NO_HP_1": "0852-5222-2976", "NAMA_PEMIL": "Pemerintah Desa", "N_PETAK": "TDB539", "LUAS_HA": 0.56540159423000003, "PAKET": "Paket Sulawesi Selatan 14" }, "geometry": { "type": "MultiPolygon", "coordinates": [ [ [ [ 120.412298650362459, -2.747487355157261, 0.0 ], [ 120.412823493809242, -2.747515664016646, 0.0 ], [ 120.412823708747169, -2.74751624407935, 0.0 ], [ 120.412799659976372, -2.747850503198094, 0.0 ], [ 120.41267299945946, -2.747894899130245, 0.0 ], [ 120.412509457745386, -2.747940145821019, 0.0 ], [ 120.412465278549803, -2.74796697529564, 0.0 ], [ 120.411568152648215, -2.747857123107678, 0.0 ], [ 120.411761478109838, -2.747661823634189, 0.0 ], [ 120.411841179626776, -2.747482239813451, 0.0 ], [ 120.412298650362459, -2.747487355157261, 0.0 ] ] ] ] } },
{ "type": "Feature", "properties": { "OBJECTID": 2832, "WADMPR": "Sulawesi Selatan", "WADMKK": "Kab. Luwu Utara", "WADMKC": "Kec. Malangke", "WADMKD": "Desa Tolada", "POKTAN": "Gapoktan Reso Temangingngi", "K_POKTAN": "A. Ahmaluddin", "P_SID": "Universitas Negeri Makassar", "NO_HP_1": "0852-5222-2976", "NAMA_PEMIL": "Pemerintah Desa", "N_PETAK": "TDB540", "LUAS_HA": 0.23938760362, "PAKET": "Paket Sulawesi Selatan 14" }, "geometry": { "type": "MultiPolygon", "coordinates": [ [ [ [ 120.412662715711804, -2.747064874344403, 0.0 ], [ 120.412686395760602, -2.747139625992872, 0.0 ], [ 120.412823493809242, -2.747515664016646, 0.0 ], [ 120.412298650362459, -2.747487355157261, 0.0 ], [ 120.412297696181781, -2.747052557229665, 0.0 ], [ 120.412662715711804, -2.747064874344403, 0.0 ] ] ] ] } },
{ "type": "Feature", "properties": { "OBJECTID": 2833, "WADMPR": "Sulawesi Selatan", "WADMKK": "Kab. Luwu Utara", "WADMKC": "Kec. Malangke", "WADMKD": "Desa Tolada", "POKTAN": "Gapoktan Reso Temangingngi", "K_POKTAN": "A. Ahmaluddin", "P_SID": "Universitas Negeri Makassar", "NO_HP_1": "0852-5222-2976", "NAMA_PEMIL": "Pemerintah Desa", "N_PETAK": "TDB541", "LUAS_HA": 0.38513361244, "PAKET": "Paket Sulawesi Selatan 14" }, "geometry": { "type": "MultiPolygon", "coordinates": [ [ [ [ 120.412662715711804, -2.747064874344403, 0.0 ], [ 120.412297696181781, -2.747052557229665, 0.0 ], [ 120.411987967870459, -2.747009256671788, 0.0 ], [ 120.412046407615662, -2.746567414354615, 0.0 ], [ 120.412302973403598, -2.746597184612313, 0.0 ], [ 120.412406027616157, -2.746149415762886, 0.0 ], [ 120.412445905354275, -2.74629562034653, 0.0 ], [ 120.412479369127595, -2.74641830855802, 0.0 ], [ 120.412501391725868, -2.746499930127641, 0.0 ], [ 120.412536347474543, -2.746625907159853, 0.0 ], [ 120.412562593289067, -2.746732416567738, 0.0 ], [ 120.412641793883722, -2.746998829032691, 0.0 ], [ 120.412662715711804, -2.747064874344403, 0.0 ] ] ] ] } },
{ "type": "Feature", "properties": { "OBJECTID": 2834, "WADMPR": "Sulawesi Selatan", "WADMKK": "Kab. Luwu Utara", "WADMKC": "Kec. Malangke", "WADMKD": "Desa Tolada", "POKTAN": "Gapoktan Reso Temangingngi", "K_POKTAN": "A. Ahmaluddin", "P_SID": "Universitas Negeri Makassar", "NO_HP_1": "0852-5222-2976", "NAMA_PEMIL": "Pemerintah Desa", "N_PETAK": "TDB542", "LUAS_HA": 0.25321836538999998, "PAKET": "Paket Sulawesi Selatan 14" }, "geometry": { "type": "MultiPolygon", "coordinates": [ [ [ [ 120.411818025681441, -2.744556898082351, 0.0 ], [ 120.411549946772652, -2.7447148136377, 0.0 ], [ 120.411525513091988, -2.744677815528689, 0.0 ], [ 120.411395936073632, -2.744474016562549, 0.0 ], [ 120.411270394313306, -2.744354939129096, 0.0 ], [ 120.411150936466584, -2.74423911724142, 0.0 ], [ 120.411148400378465, -2.744239225160072, 0.0 ], [ 120.41113299768972, -2.744224614774112, 0.0 ], [ 120.41152808155573, -2.744061809604773, 0.0 ], [ 120.411671847178013, -2.744319061575368, 0.0 ], [ 120.411784848791854, -2.74450107176699, 0.0 ], [ 120.411818025681441, -2.744556898082351, 0.0 ] ] ] ] } },
{ "type": "Feature", "properties": { "OBJECTID": 2835, "WADMPR": "Sulawesi Selatan", "WADMKK": "Kab. Luwu Utara", "WADMKC": "Kec. Malangke", "WADMKD": "Desa Tolada", "POKTAN": "Gapoktan Reso Temangingngi", "K_POKTAN": "A. Ahmaluddin", "P_SID": "Universitas Negeri Makassar", "NO_HP_1": "0852-5222-2976", "NAMA_PEMIL": "Pemerintah Desa", "N_PETAK": "TDB543", "LUAS_HA": 0.20905610011, "PAKET": "Paket Sulawesi Selatan 14" }, "geometry": { "type": "MultiPolygon", "coordinates": [ [ [ [ 120.411549946772652, -2.7447148136377, 0.0 ], [ 120.411818025681441, -2.744556898082351, 0.0 ], [ 120.411875359260534, -2.744653369257549, 0.0 ], [ 120.411904084505977, -2.744703132343659, 0.0 ], [ 120.411986714215573, -2.744846275635041, 0.0 ], [ 120.412003109755801, -2.744874678023905, 0.0 ], [ 120.412013892627101, -2.744892279555017, 0.0 ], [ 120.411993650686441, -2.744926760461567, 0.0 ], [ 120.411955534720164, -2.744933295834869, 0.0 ], [ 120.411948600947198, -2.74493383003221, 0.0 ], [ 120.411934452812829, -2.744934920010508, 0.0 ], [ 120.41194344603332, -2.744949600543578, 0.0 ], [ 120.411949789850951, -2.744959955337606, 0.0 ], [ 120.411962239166087, -2.744980267425376, 0.0 ], [ 120.411987449860931, -2.745021402415716, 0.0 ], [ 120.412008327622289, -2.745058188284702, 0.0 ], [ 120.412020937916054, -2.745081247801295, 0.0 ], [ 120.412036674253159, -2.745110025207453, 0.0 ], [ 120.412038725606749, -2.745113776279709, 0.0 ], [ 120.412067486825094, -2.745166374028884, 0.0 ], [ 120.412077820035393, -2.745186337179689, 0.0 ], [ 120.411816173977286, -2.745178031940554, 0.0 ], [ 120.41168138808564, -2.74494429274489, 0.0 ], [ 120.411623094929951, -2.744825571442902, 0.0 ], [ 120.411549946772652, -2.7447148136377, 0.0 ] ] ] ] } },
{ "type": "Feature", "properties": { "OBJECTID": 2836, "WADMPR": "Sulawesi Selatan", "WADMKK": "Kab. Luwu Utara", "WADMKC": "Kec. Malangke", "WADMKD": "Desa Tolada", "POKTAN": "Gapoktan Reso Temangingngi", "K_POKTAN": "A. Ahmaluddin", "P_SID": "Universitas Negeri Makassar", "NO_HP_1": "0852-5222-2976", "NAMA_PEMIL": "Pemerintah Desa", "N_PETAK": "TDB544", "LUAS_HA": 2.59405230545, "PAKET": "Paket Sulawesi Selatan 14" }, "geometry": { "type": "MultiPolygon", "coordinates": [ [ [ [ 120.435424667314578, -2.716548145180695, 0.0 ], [ 120.436795250300634, -2.71577454296073, 0.0 ], [ 120.437130281037753, -2.715923253055621, 0.0 ], [ 120.437232378371618, -2.716022435686796, 0.0 ], [ 120.43525815603914, -2.717162151012417, 0.0 ], [ 120.433957940506616, -2.715616295555549, 0.0 ], [ 120.434365448506696, -2.714889764750808, 0.0 ], [ 120.435424667314578, -2.716548145180695, 0.0 ] ] ] ] } },
{ "type": "Feature", "properties": { "OBJECTID": 2837, "WADMPR": "Sulawesi Selatan", "WADMKK": "Kab. Luwu Utara", "WADMKC": "Kec. Malangke", "WADMKD": "Desa Tolada", "POKTAN": "Gapoktan Reso Temangingngi", "K_POKTAN": "A. Ahmaluddin", "P_SID": "Universitas Negeri Makassar", "NO_HP_1": "0852-5222-2976", "NAMA_PEMIL": "Pemerintah Desa", "N_PETAK": "TDB545", "LUAS_HA": 1.01819868215, "PAKET": "Paket Sulawesi Selatan 14" }, "geometry": { "type": "MultiPolygon", "coordinates": [ [ [ [ 120.436871173765667, -2.716818436421647, 0.0 ], [ 120.437225138829149, -2.717026165425125, 0.0 ], [ 120.43593108365269, -2.71793968057176, 0.0 ], [ 120.435557443221455, -2.717491036681963, 0.0 ], [ 120.436707221061511, -2.71673238209371, 0.0 ], [ 120.436871173765667, -2.716818436421647, 0.0 ] ] ] ] } },
{ "type": "Feature", "properties": { "OBJECTID": 2838, "WADMPR": "Sulawesi Selatan", "WADMKK": "Kab. Luwu Utara", "WADMKC": "Kec. Malangke", "WADMKD": "Desa Tolada", "POKTAN": "Gapoktan Reso Temangingngi", "K_POKTAN": "A. Ahmaluddin", "P_SID": "Universitas Negeri Makassar", "NO_HP_1": "0852-5222-2976", "NAMA_PEMIL": "Pemerintah Desa", "N_PETAK": "TDB546", "LUAS_HA": 1.00882985398, "PAKET": "Paket Sulawesi Selatan 14" }, "geometry": { "type": "MultiPolygon", "coordinates": [ [ [ [ 120.436871173765667, -2.716818436421647, 0.0 ], [ 120.436707221061511, -2.71673238209371, 0.0 ], [ 120.435557443221455, -2.717491036681963, 0.0 ], [ 120.43525815603914, -2.717162151012417, 0.0 ], [ 120.437232378371618, -2.716022435686796, 0.0 ], [ 120.437292458480215, -2.716086894594469, 0.0 ], [ 120.436871173765667, -2.716818436421647, 0.0 ] ] ] ] } },
{ "type": "Feature", "properties": { "OBJECTID": 2839, "WADMPR": "Sulawesi Selatan", "WADMKK": "Kab. Luwu Utara", "WADMKC": "Kec. Malangke", "WADMKD": "Desa Tolada", "POKTAN": "Gapoktan Reso Temangingngi", "K_POKTAN": "A. Ahmaluddin", "P_SID": "Universitas Negeri Makassar", "NO_HP_1": "0852-5222-2976", "NAMA_PEMIL": "Pemerintah Desa", "N_PETAK": "TDB547", "LUAS_HA": 0.85723768510999998, "PAKET": "Paket Sulawesi Selatan 14" }, "geometry": { "type": "MultiPolygon", "coordinates": [ [ [ [ 120.435435605768703, -2.718198381350192, 0.0 ], [ 120.435426858063124, -2.717973833225756, 0.0 ], [ 120.435360967434804, -2.717837658780866, 0.0 ], [ 120.435225097859984, -2.717641065182988, 0.0 ], [ 120.434815589767709, -2.717816413196886, 0.0 ], [ 120.434576641698754, -2.71783354168457, 0.0 ], [ 120.434058613314392, -2.717884394748978, 0.0 ], [ 120.433989983351125, -2.717907135905534, 0.0 ], [ 120.433931049878083, -2.717686820890037, 0.0 ], [ 120.435145135539642, -2.717176606714986, 0.0 ], [ 120.435576175200367, -2.717699656014247, 0.0 ], [ 120.43570965167919, -2.718053771264465, 0.0 ], [ 120.435435605768703, -2.718198381350192, 0.0 ] ] ] ] } },
{ "type": "Feature", "properties": { "OBJECTID": 2840, "WADMPR": "Sulawesi Selatan", "WADMKK": "Kab. Luwu Utara", "WADMKC": "Kec. Malangke", "WADMKD": "Desa Tolada", "POKTAN": "Gapoktan Reso Temangingngi", "K_POKTAN": "A. Ahmaluddin", "P_SID": "Universitas Negeri Makassar", "NO_HP_1": "0852-5222-2976", "NAMA_PEMIL": "Pemerintah Desa", "N_PETAK": "TDB548", "LUAS_HA": 1.29255930323, "PAKET": "Paket Sulawesi Selatan 14" }, "geometry": { "type": "MultiPolygon", "coordinates": [ [ [ [ 120.435435605768703, -2.718198381350192, 0.0 ], [ 120.43426265869482, -2.718934138299801, 0.0 ], [ 120.433989983351125, -2.717907135905534, 0.0 ], [ 120.434058613314392, -2.717884394748978, 0.0 ], [ 120.434815589767709, -2.717816413196886, 0.0 ], [ 120.435225097859984, -2.717641065182988, 0.0 ], [ 120.435360967434804, -2.717837658780866, 0.0 ], [ 120.435426858063124, -2.717973833225756, 0.0 ], [ 120.435435605768703, -2.718198381350192, 0.0 ] ] ] ] } },
{ "type": "Feature", "properties": { "OBJECTID": 2841, "WADMPR": "Sulawesi Selatan", "WADMKK": "Kab. Luwu Utara", "WADMKC": "Kec. Malangke", "WADMKD": "Desa Tolada", "POKTAN": "Gapoktan Reso Temangingngi", "K_POKTAN": "A. Ahmaluddin", "P_SID": "Universitas Negeri Makassar", "NO_HP_1": "0852-5222-2976", "NAMA_PEMIL": "Pemerintah Desa", "N_PETAK": "TDB549", "LUAS_HA": 1.2151370473400001, "PAKET": "Paket Sulawesi Selatan 14" }, "geometry": { "type": "MultiPolygon", "coordinates": [ [ [ [ 120.433599189251254, -2.719107909802176, 0.0 ], [ 120.433905599963509, -2.717678957218027, 0.0 ], [ 120.434198356269235, -2.718942682758552, 0.0 ], [ 120.434306960198114, -2.719874761710855, 0.0 ], [ 120.434014128349418, -2.719969470214835, 0.0 ], [ 120.433318732073872, -2.719255766440426, 0.0 ], [ 120.433599189251254, -2.719107909802176, 0.0 ] ] ] ] } },
{ "type": "Feature", "properties": { "OBJECTID": 2842, "WADMPR": "Sulawesi Selatan", "WADMKK": "Kab. Luwu Utara", "WADMKC": "Kec. Malangke", "WADMKD": "Desa Tolada", "POKTAN": "Gapoktan Reso Temangingngi", "K_POKTAN": "A. Ahmaluddin", "P_SID": "Universitas Negeri Makassar", "NO_HP_1": "0852-5222-2976", "NAMA_PEMIL": "Pemerintah Desa", "N_PETAK": "TDB550", "LUAS_HA": 2.0647094752099999, "PAKET": "Paket Sulawesi Selatan 14" }, "geometry": { "type": "MultiPolygon", "coordinates": [ [ [ [ 120.435115165632396, -2.717157308163166, 0.0 ], [ 120.433929842987936, -2.717658798015066, 0.0 ], [ 120.433345678460341, -2.716546538991508, 0.0 ], [ 120.433876159757006, -2.715742288775573, 0.0 ], [ 120.435115165632396, -2.717157308163166, 0.0 ] ] ] ] } },
{ "type": "Feature", "properties": { "OBJECTID": 2843, "WADMPR": "Sulawesi Selatan", "WADMKK": "Kab. Luwu Utara", "WADMKC": "Kec. Malangke", "WADMKD": "Desa Tolada", "POKTAN": "Gapoktan Reso Temangingngi", "K_POKTAN": "A. Ahmaluddin", "P_SID": "Universitas Negeri Makassar", "NO_HP_1": "0852-5222-2976", "NAMA_PEMIL": "Pemerintah Desa", "N_PETAK": "TDB551", "LUAS_HA": 1.7930382597800001, "PAKET": "Paket Sulawesi Selatan 14" }, "geometry": { "type": "MultiPolygon", "coordinates": [ [ [ [ 120.433905599963509, -2.717678957218027, 0.0 ], [ 120.433599189251254, -2.719107909802176, 0.0 ], [ 120.433054562518123, -2.71863895202597, 0.0 ], [ 120.433238980194801, -2.7178874542426, 0.0 ], [ 120.432763968182599, -2.717511202180162, 0.0 ], [ 120.433328559865231, -2.716558589906924, 0.0 ], [ 120.433905599963509, -2.717678957218027, 0.0 ] ] ] ] } },
{ "type": "Feature", "properties": { "OBJECTID": 2844, "WADMPR": "Sulawesi Selatan", "WADMKK": "Kab. Luwu Utara", "WADMKC": "Kec. Malangke", "WADMKD": "Desa Tolada", "POKTAN": "Gapoktan Reso Temangingngi", "K_POKTAN": "A. Ahmaluddin", "P_SID": "Universitas Negeri Makassar", "NO_HP_1": "0852-5222-2976", "NAMA_PEMIL": "Pemerintah Desa", "N_PETAK": "TDB552", "LUAS_HA": 0.67501053403, "PAKET": "Paket Sulawesi Selatan 14" }, "geometry": { "type": "MultiPolygon", "coordinates": [ [ [ [ 120.432763968182599, -2.717511202180162, 0.0 ], [ 120.433238980194801, -2.7178874542426, 0.0 ], [ 120.433054562518123, -2.71863895202597, 0.0 ], [ 120.432355631007681, -2.71812539417158, 0.0 ], [ 120.432599824822091, -2.717705277676373, 0.0 ], [ 120.432731784144607, -2.717481855503195, 0.0 ], [ 120.432763968182599, -2.717511202180162, 0.0 ] ] ] ] } },
{ "type": "Feature", "properties": { "OBJECTID": 2845, "WADMPR": "Sulawesi Selatan", "WADMKK": "Kab. Luwu Utara", "WADMKC": "Kec. Malangke", "WADMKD": "Desa Tolada", "POKTAN": "Gapoktan Reso Temangingngi", "K_POKTAN": "A. Ahmaluddin", "P_SID": "Universitas Negeri Makassar", "NO_HP_1": "0852-5222-2976", "NAMA_PEMIL": "Pemerintah Desa", "N_PETAK": "TDB553", "LUAS_HA": 0.61735989269000002, "PAKET": "Paket Sulawesi Selatan 14" }, "geometry": { "type": "MultiPolygon", "coordinates": [ [ [ [ 120.433328559865231, -2.716558589906924, 0.0 ], [ 120.432763968182599, -2.717511202180162, 0.0 ], [ 120.432731784144607, -2.717481855503195, 0.0 ], [ 120.432599824822091, -2.717705277676373, 0.0 ], [ 120.432614764359982, -2.71704119489516, 0.0 ], [ 120.43281873329795, -2.716787805512752, 0.0 ], [ 120.432573056501383, -2.716632272261506, 0.0 ], [ 120.432834420172412, -2.716231378775035, 0.0 ], [ 120.433328559865231, -2.716558589906924, 0.0 ] ] ] ] } },
{ "type": "Feature", "properties": { "OBJECTID": 2846, "WADMPR": "Sulawesi Selatan", "WADMKK": "Kab. Luwu Utara", "WADMKC": "Kec. Malangke", "WADMKD": "Desa Tolada", "POKTAN": "Gapoktan Reso Temangingngi", "K_POKTAN": "A. Ahmaluddin", "P_SID": "Universitas Negeri Makassar", "NO_HP_1": "0852-5222-2976", "NAMA_PEMIL": "Pemerintah Desa", "N_PETAK": "TDB554", "LUAS_HA": 1.70819783005, "PAKET": "Paket Sulawesi Selatan 14" }, "geometry": { "type": "MultiPolygon", "coordinates": [ [ [ [ 120.432834420172412, -2.716231378775035, 0.0 ], [ 120.432573056501383, -2.716632272261506, 0.0 ], [ 120.43281873329795, -2.716787805512752, 0.0 ], [ 120.432614764359982, -2.71704119489516, 0.0 ], [ 120.432599824822091, -2.717705277676373, 0.0 ], [ 120.432355631007681, -2.71812539417158, 0.0 ], [ 120.431497519494997, -2.717605497895363, 0.0 ], [ 120.432239276721361, -2.716380869481497, 0.0 ], [ 120.43246665141487, -2.716007121131668, 0.0 ], [ 120.432834420172412, -2.716231378775035, 0.0 ] ] ] ] } },
{ "type": "Feature", "properties": { "OBJECTID": 2847, "WADMPR": "Sulawesi Selatan", "WADMKK": "Kab. Luwu Utara", "WADMKC": "Kec. Malangke", "WADMKD": "Desa Tolada", "POKTAN": "Gapoktan Reso Temangingngi", "K_POKTAN": "A. Ahmaluddin", "P_SID": "Universitas Negeri Makassar", "NO_HP_1": "0852-5222-2976", "NAMA_PEMIL": "Pemerintah Desa", "N_PETAK": "TDB555", "LUAS_HA": 2.1226938395200001, "PAKET": "Paket Sulawesi Selatan 14" }, "geometry": { "type": "MultiPolygon", "coordinates": [ [ [ [ 120.435542724017523, -2.715171362268507, 0.0 ], [ 120.436797751315225, -2.715770801781048, 0.0 ], [ 120.435424667314578, -2.716548145180695, 0.0 ], [ 120.434365448506696, -2.714889764750808, 0.0 ], [ 120.435542724017523, -2.715171362268507, 0.0 ] ] ] ] } },
{ "type": "Feature", "properties": { "OBJECTID": 2848, "WADMPR": "Sulawesi Selatan", "WADMKK": "Kab. Luwu Utara", "WADMKC": "Kec. Malangke", "WADMKD": "Desa Tolada", "POKTAN": "Gapoktan Reso Temangingngi", "K_POKTAN": "A. Ahmaluddin", "P_SID": "Universitas Negeri Makassar", "NO_HP_1": "0852-5222-2976", "NAMA_PEMIL": "Pemerintah Desa", "N_PETAK": "TDB556", "LUAS_HA": 1.38503471815, "PAKET": "Paket Sulawesi Selatan 14" }, "geometry": { "type": "MultiPolygon", "coordinates": [ [ [ [ 120.435936985003877, -2.714363345691822, 0.0 ], [ 120.435542724017523, -2.715171362268507, 0.0 ], [ 120.434365448506696, -2.714889764750808, 0.0 ], [ 120.434932998958743, -2.713942043890142, 0.0 ], [ 120.435936985003877, -2.714363345691822, 0.0 ] ] ] ] } },
{ "type": "Feature", "properties": { "OBJECTID": 2849, "WADMPR": "Sulawesi Selatan", "WADMKK": "Kab. Luwu Utara", "WADMKC": "Kec. Malangke", "WADMKD": "Desa Tolada", "POKTAN": "Gapoktan Reso Temangingngi", "K_POKTAN": "A. Ahmaluddin", "P_SID": "Universitas Negeri Makassar", "NO_HP_1": "0852-5222-2976", "NAMA_PEMIL": "Pemerintah Desa", "N_PETAK": "TDB557", "LUAS_HA": 4.2783178185299997, "PAKET": "Paket Sulawesi Selatan 14" }, "geometry": { "type": "MultiPolygon", "coordinates": [ [ [ [ 120.437130281037753, -2.715923253055621, 0.0 ], [ 120.435542724017523, -2.715171362268507, 0.0 ], [ 120.435936985003877, -2.714363345691822, 0.0 ], [ 120.436413549245913, -2.713500202472346, 0.0 ], [ 120.438113155497831, -2.714214191331791, 0.0 ], [ 120.437130281037753, -2.715923253055621, 0.0 ] ] ] ] } },
{ "type": "Feature", "properties": { "OBJECTID": 2850, "WADMPR": "Sulawesi Selatan", "WADMKK": "Kab. Luwu Utara", "WADMKC": "Kec. Malangke", "WADMKD": "Desa Tolada", "POKTAN": "Gapoktan Reso Temangingngi", "K_POKTAN": "A. Ahmaluddin", "P_SID": "Universitas Negeri Makassar", "NO_HP_1": "0852-5222-2976", "NAMA_PEMIL": "Pemerintah Desa", "N_PETAK": "TDB558", "LUAS_HA": 1.22300904013, "PAKET": "Paket Sulawesi Selatan 14" }, "geometry": { "type": "MultiPolygon", "coordinates": [ [ [ [ 120.436413549245913, -2.713500202472346, 0.0 ], [ 120.435936985003877, -2.714363345691822, 0.0 ], [ 120.434932998958743, -2.713942043890142, 0.0 ], [ 120.435392364566042, -2.713182229176482, 0.0 ], [ 120.436413549245913, -2.713500202472346, 0.0 ] ] ] ] } },
{ "type": "Feature", "properties": { "OBJECTID": 2851, "WADMPR": "Sulawesi Selatan", "WADMKK": "Kab. Luwu Utara", "WADMKC": "Kec. Malangke", "WADMKD": "Desa Tolada", "POKTAN": "Gapoktan Reso Temangingngi", "K_POKTAN": "A. Ahmaluddin", "P_SID": "Universitas Negeri Makassar", "NO_HP_1": "0852-5222-2976", "NAMA_PEMIL": "Pemerintah Desa", "N_PETAK": "TDB559", "LUAS_HA": 0.49999609763000002, "PAKET": "Paket Sulawesi Selatan 14" }, "geometry": { "type": "MultiPolygon", "coordinates": [ [ [ [ 120.435392364566042, -2.713182229176482, 0.0 ], [ 120.434932998958743, -2.713942043890142, 0.0 ], [ 120.434505059261141, -2.713828837231006, 0.0 ], [ 120.434988465545302, -2.712985039328032, 0.0 ], [ 120.435392364566042, -2.713182229176482, 0.0 ] ] ] ] } },
{ "type": "Feature", "properties": { "OBJECTID": 2852, "WADMPR": "Sulawesi Selatan", "WADMKK": "Kab. Luwu Utara", "WADMKC": "Kec. Malangke", "WADMKD": "Desa Tolada", "POKTAN": "Gapoktan Reso Temangingngi", "K_POKTAN": "A. Ahmaluddin", "P_SID": "Universitas Negeri Makassar", "NO_HP_1": "0852-5222-2976", "NAMA_PEMIL": "Pemerintah Desa", "N_PETAK": "TDB560", "LUAS_HA": 0.54576509846, "PAKET": "Paket Sulawesi Selatan 14" }, "geometry": { "type": "MultiPolygon", "coordinates": [ [ [ [ 120.434932998958743, -2.713942043890142, 0.0 ], [ 120.434365448506696, -2.714889764750808, 0.0 ], [ 120.434003378753005, -2.714647730208526, 0.0 ], [ 120.434505059261141, -2.713828837231006, 0.0 ], [ 120.434932998958743, -2.713942043890142, 0.0 ] ] ] ] } },
{ "type": "Feature", "properties": { "OBJECTID": 2853, "WADMPR": "Sulawesi Selatan", "WADMKK": "Kab. Luwu Utara", "WADMKC": "Kec. Malangke", "WADMKD": "Desa Tolada", "POKTAN": "Gapoktan Reso Temangingngi", "K_POKTAN": "A. Ahmaluddin", "P_SID": "Universitas Negeri Makassar", "NO_HP_1": "0852-5222-2976", "NAMA_PEMIL": "Pemerintah Desa", "N_PETAK": "TDB561", "LUAS_HA": 0.43217953192000003, "PAKET": "Paket Sulawesi Selatan 14" }, "geometry": { "type": "MultiPolygon", "coordinates": [ [ [ [ 120.434365448506696, -2.714889764750808, 0.0 ], [ 120.433957940506616, -2.715616295555549, 0.0 ], [ 120.433622918762808, -2.715246457458022, 0.0 ], [ 120.434003378753005, -2.714647730208526, 0.0 ], [ 120.434365448506696, -2.714889764750808, 0.0 ] ] ] ] } },
{ "type": "Feature", "properties": { "OBJECTID": 2854, "WADMPR": "Sulawesi Selatan", "WADMKK": "Kab. Luwu Utara", "WADMKC": "Kec. Malangke", "WADMKD": "Desa Tolada", "POKTAN": "Gapoktan Reso Temangingngi", "K_POKTAN": "A. Ahmaluddin", "P_SID": "Universitas Negeri Makassar", "NO_HP_1": "0852-5222-2976", "NAMA_PEMIL": "Pemerintah Desa", "N_PETAK": "TDB562", "LUAS_HA": 1.15476640269, "PAKET": "Paket Sulawesi Selatan 14" }, "geometry": { "type": "MultiPolygon", "coordinates": [ [ [ [ 120.434102446270913, -2.713540884204406, 0.0 ], [ 120.434505059261141, -2.713828837231006, 0.0 ], [ 120.434003378753005, -2.714647730208526, 0.0 ], [ 120.433601165961136, -2.714375461358429, 0.0 ], [ 120.433854077803517, -2.713978253293703, 0.0 ], [ 120.433056152519498, -2.713475555652337, 0.0 ], [ 120.433276945974285, -2.713040005891514, 0.0 ], [ 120.434102446270913, -2.713540884204406, 0.0 ] ] ] ] } },
{ "type": "Feature", "properties": { "OBJECTID": 2855, "WADMPR": "Sulawesi Selatan", "WADMKK": "Kab. Luwu Utara", "WADMKC": "Kec. Malangke", "WADMKD": "Desa Tolada", "POKTAN": "Gapoktan Reso Temangingngi", "K_POKTAN": "A. Ahmaluddin", "P_SID": "Universitas Negeri Makassar", "NO_HP_1": "0852-5222-2976", "NAMA_PEMIL": "Pemerintah Desa", "N_PETAK": "TDB563", "LUAS_HA": 0.58489137132000002, "PAKET": "Paket Sulawesi Selatan 14" }, "geometry": { "type": "MultiPolygon", "coordinates": [ [ [ [ 120.434988465545302, -2.712985039328032, 0.0 ], [ 120.434505059261141, -2.713828837231006, 0.0 ], [ 120.434102446270913, -2.713540884204406, 0.0 ], [ 120.434568322070504, -2.712715380310499, 0.0 ], [ 120.434988465545302, -2.712985039328032, 0.0 ] ] ] ] } },
{ "type": "Feature", "properties": { "OBJECTID": 2856, "WADMPR": "Sulawesi Selatan", "WADMKK": "Kab. Luwu Utara", "WADMKC": "Kec. Malangke", "WADMKD": "Desa Tolada", "POKTAN": "Gapoktan Reso Temangingngi", "K_POKTAN": "A. Ahmaluddin", "P_SID": "Universitas Negeri Makassar", "NO_HP_1": "0852-5222-2976", "NAMA_PEMIL": "Pemerintah Desa", "N_PETAK": "TDB564", "LUAS_HA": 2.2976368950900001, "PAKET": "Paket Sulawesi Selatan 14" }, "geometry": { "type": "MultiPolygon", "coordinates": [ [ [ [ 120.434568322070504, -2.712715380310499, 0.0 ], [ 120.434102446270913, -2.713540884204406, 0.0 ], [ 120.433276945974285, -2.713040005891514, 0.0 ], [ 120.432457583550672, -2.712493777465795, 0.0 ], [ 120.432894495784467, -2.711662635722007, 0.0 ], [ 120.434568322070504, -2.712715380310499, 0.0 ] ] ] ] } },
{ "type": "Feature", "properties": { "OBJECTID": 2857, "WADMPR": "Sulawesi Selatan", "WADMKK": "Kab. Luwu Utara", "WADMKC": "Kec. Malangke", "WADMKD": "Desa Tolada", "POKTAN": "Gapoktan Reso Temangingngi", "K_POKTAN": "A. Ahmaluddin", "P_SID": "Universitas Negeri Makassar", "NO_HP_1": "0852-5222-2976", "NAMA_PEMIL": "Pemerintah Desa", "N_PETAK": "TDB565", "LUAS_HA": 2.47207124029, "PAKET": "Paket Sulawesi Selatan 14" }, "geometry": { "type": "MultiPolygon", "coordinates": [ [ [ [ 120.433276945974285, -2.713040005891514, 0.0 ], [ 120.433056152519498, -2.713475555652337, 0.0 ], [ 120.433854077803517, -2.713978253293703, 0.0 ], [ 120.433601165961136, -2.714375461358429, 0.0 ], [ 120.433263214226031, -2.71483086185475, 0.0 ], [ 120.431922508517005, -2.713348637929244, 0.0 ], [ 120.432457583550672, -2.712493777465795, 0.0 ], [ 120.433276945974285, -2.713040005891514, 0.0 ] ] ] ] } },
{ "type": "Feature", "properties": { "OBJECTID": 2858, "WADMPR": "Sulawesi Selatan", "WADMKK": "Kab. Luwu Utara", "WADMKC": "Kec. Malangke", "WADMKD": "Desa Tolada", "POKTAN": "Gapoktan Reso Temangingngi", "K_POKTAN": "A. Ahmaluddin", "P_SID": "Universitas Negeri Makassar", "NO_HP_1": "0852-5222-2976", "NAMA_PEMIL": "Pemerintah Desa", "N_PETAK": "TDB566", "LUAS_HA": 0.39878653919000001, "PAKET": "Paket Sulawesi Selatan 14" }, "geometry": { "type": "MultiPolygon", "coordinates": [ [ [ [ 120.434003378753005, -2.714647730208526, 0.0 ], [ 120.433622918762808, -2.715246457458022, 0.0 ], [ 120.433263214226031, -2.71483086185475, 0.0 ], [ 120.433601165961136, -2.714375461358429, 0.0 ], [ 120.434003378753005, -2.714647730208526, 0.0 ] ] ] ] } },
{ "type": "Feature", "properties": { "OBJECTID": 2859, "WADMPR": "Sulawesi Selatan", "WADMKK": "Kab. Luwu Utara", "WADMKC": "Kec. Malangke", "WADMKD": "Desa Tolada", "POKTAN": "Gapoktan Reso Temangingngi", "K_POKTAN": "A. Ahmaluddin", "P_SID": "Universitas Negeri Makassar", "NO_HP_1": "0852-5222-2976", "NAMA_PEMIL": "Pemerintah Desa", "N_PETAK": "TDB567", "LUAS_HA": 1.1250970791399999, "PAKET": "Paket Sulawesi Selatan 14" }, "geometry": { "type": "MultiPolygon", "coordinates": [ [ [ [ 120.432894495784467, -2.711662635722007, 0.0 ], [ 120.432457583550672, -2.712493777465795, 0.0 ], [ 120.431639737383989, -2.712054673584248, 0.0 ], [ 120.432084167050675, -2.711151942208346, 0.0 ], [ 120.432894495784467, -2.711662635722007, 0.0 ] ] ] ] } },
{ "type": "Feature", "properties": { "OBJECTID": 2860, "WADMPR": "Sulawesi Selatan", "WADMKK": "Kab. Luwu Utara", "WADMKC": "Kec. Malangke", "WADMKD": "Desa Tolada", "POKTAN": "Gapoktan Reso Temangingngi", "K_POKTAN": "A. Ahmaluddin", "P_SID": "Universitas Negeri Makassar", "NO_HP_1": "0852-5222-2976", "NAMA_PEMIL": "Pemerintah Desa", "N_PETAK": "TDB568", "LUAS_HA": 1.5675441213200001, "PAKET": "Paket Sulawesi Selatan 14" }, "geometry": { "type": "MultiPolygon", "coordinates": [ [ [ [ 120.43125840685002, -2.711813632792882, 0.0 ], [ 120.431639737383989, -2.712054673584248, 0.0 ], [ 120.432457583550672, -2.712493777465795, 0.0 ], [ 120.431922508517005, -2.713348637929244, 0.0 ], [ 120.430630999321238, -2.711875340674396, 0.0 ], [ 120.430849905998457, -2.711556820590772, 0.0 ], [ 120.43125840685002, -2.711813632792882, 0.0 ] ] ] ] } },
{ "type": "Feature", "properties": { "OBJECTID": 2861, "WADMPR": "Sulawesi Selatan", "WADMKK": "Kab. Luwu Utara", "WADMKC": "Kec. Malangke", "WADMKD": "Desa Tolada", "POKTAN": "Gapoktan Reso Temangingngi", "K_POKTAN": "A. Ahmaluddin", "P_SID": "Universitas Negeri Makassar", "NO_HP_1": "0852-5222-2976", "NAMA_PEMIL": "Pemerintah Desa", "N_PETAK": "TDB569", "LUAS_HA": 0.53530744482000003, "PAKET": "Paket Sulawesi Selatan 14" }, "geometry": { "type": "MultiPolygon", "coordinates": [ [ [ [ 120.432084167050675, -2.711151942208346, 0.0 ], [ 120.431639737383989, -2.712054673584248, 0.0 ], [ 120.43125840685002, -2.711813632792882, 0.0 ], [ 120.43171792624139, -2.710937566315579, 0.0 ], [ 120.432084167050675, -2.711151942208346, 0.0 ] ] ] ] } },
{ "type": "Feature", "properties": { "OBJECTID": 2862, "WADMPR": "Sulawesi Selatan", "WADMKK": "Kab. Luwu Utara", "WADMKC": "Kec. Malangke", "WADMKD": "Desa Tolada", "POKTAN": "Gapoktan Reso Temangingngi", "K_POKTAN": "A. Ahmaluddin", "P_SID": "Universitas Negeri Makassar", "NO_HP_1": "0852-5222-2976", "NAMA_PEMIL": "Pemerintah Desa", "N_PETAK": "TDB570", "LUAS_HA": 0.73385170486999995, "PAKET": "Paket Sulawesi Selatan 14" }, "geometry": { "type": "MultiPolygon", "coordinates": [ [ [ [ 120.432214128978899, -2.71114828106829, 0.0 ], [ 120.432401086341088, -2.710717688370551, 0.0 ], [ 120.432795300562702, -2.71095936588199, 0.0 ], [ 120.432949081035304, -2.710533491027718, 0.0 ], [ 120.433373143755603, -2.710757256741942, 0.0 ], [ 120.432941291107795, -2.711569066659024, 0.0 ], [ 120.432214128978899, -2.71114828106829, 0.0 ] ] ] ] } },
{ "type": "Feature", "properties": { "OBJECTID": 2863, "WADMPR": "Sulawesi Selatan", "WADMKK": "Kab. Luwu Utara", "WADMKC": "Kec. Malangke", "WADMKD": "Desa Tolada", "POKTAN": "Gapoktan Reso Temangingngi", "K_POKTAN": "A. Ahmaluddin", "P_SID": "Universitas Negeri Makassar", "NO_HP_1": "0852-5222-2976", "NAMA_PEMIL": "Pemerintah Desa", "N_PETAK": "TDB571", "LUAS_HA": 0.56561679946, "PAKET": "Paket Sulawesi Selatan 14" }, "geometry": { "type": "MultiPolygon", "coordinates": [ [ [ [ 120.432577402924835, -2.710302023519546, 0.0 ], [ 120.432401086341088, -2.710717688370551, 0.0 ], [ 120.431533102970434, -2.710195978161835, 0.0 ], [ 120.431754096974032, -2.709770990938409, 0.0 ], [ 120.432577402924835, -2.710302023519546, 0.0 ] ] ] ] } },
{ "type": "Feature", "properties": { "OBJECTID": 2864, "WADMPR": "Sulawesi Selatan", "WADMKK": "Kab. Luwu Utara", "WADMKC": "Kec. Malangke", "WADMKD": "Desa Tolada", "POKTAN": "Gapoktan Reso Temangingngi", "K_POKTAN": "A. Ahmaluddin", "P_SID": "Universitas Negeri Makassar", "NO_HP_1": "0852-5222-2976", "NAMA_PEMIL": "Pemerintah Desa", "N_PETAK": "TDB572", "LUAS_HA": 0.24613240011000001, "PAKET": "Paket Sulawesi Selatan 14" }, "geometry": { "type": "MultiPolygon", "coordinates": [ [ [ [ 120.432949081035304, -2.710533491027718, 0.0 ], [ 120.432795300562702, -2.71095936588199, 0.0 ], [ 120.432401086341088, -2.710717688370551, 0.0 ], [ 120.432577402924835, -2.710302023519546, 0.0 ], [ 120.432949081035304, -2.710533491027718, 0.0 ] ] ] ] } },
{ "type": "Feature", "properties": { "OBJECTID": 2865, "WADMPR": "Sulawesi Selatan", "WADMKK": "Kab. Luwu Utara", "WADMKC": "Kec. Malangke", "WADMKD": "Desa Tolada", "POKTAN": "Gapoktan Reso Temangingngi", "K_POKTAN": "A. Ahmaluddin", "P_SID": "Universitas Negeri Makassar", "NO_HP_1": "0852-5222-2976", "NAMA_PEMIL": "Pemerintah Desa", "N_PETAK": "TDB573", "LUAS_HA": 0.61324424117999998, "PAKET": "Paket Sulawesi Selatan 14" }, "geometry": { "type": "MultiPolygon", "coordinates": [ [ [ [ 120.432401086341088, -2.710717688370551, 0.0 ], [ 120.432214128978899, -2.71114828106829, 0.0 ], [ 120.431745983290512, -2.710912660490862, 0.0 ], [ 120.431326018780851, -2.710630237395492, 0.0 ], [ 120.431533102970434, -2.710195978161835, 0.0 ], [ 120.432401086341088, -2.710717688370551, 0.0 ] ] ] ] } },
{ "type": "Feature", "properties": { "OBJECTID": 2866, "WADMPR": "Sulawesi Selatan", "WADMKK": "Kab. Luwu Utara", "WADMKC": "Kec. Malangke", "WADMKD": "Desa Tolada", "POKTAN": "Gapoktan Reso Temangingngi", "K_POKTAN": "A. Ahmaluddin", "P_SID": "Universitas Negeri Makassar", "NO_HP_1": "0852-5222-2976", "NAMA_PEMIL": "Pemerintah Desa", "N_PETAK": "TDB574", "LUAS_HA": 3.03610620665, "PAKET": "Paket Sulawesi Selatan 14" }, "geometry": { "type": "MultiPolygon", "coordinates": [ [ [ [ 120.4313175192882, -2.710642214566519, 0.0 ], [ 120.43171792624139, -2.710937566315579, 0.0 ], [ 120.43125840685002, -2.711813632792882, 0.0 ], [ 120.430849905998457, -2.711556820590772, 0.0 ], [ 120.430033658826346, -2.711001676286287, 0.0 ], [ 120.429251844896839, -2.710381288865335, 0.0 ], [ 120.429827746453384, -2.709546520155754, 0.0 ], [ 120.4313175192882, -2.710642214566519, 0.0 ] ] ] ] } },
{ "type": "Feature", "properties": { "OBJECTID": 2867, "WADMPR": "Sulawesi Selatan", "WADMKK": "Kab. Luwu Utara", "WADMKC": "Kec. Malangke", "WADMKD": "Desa Tolada", "POKTAN": "Gapoktan Reso Temangingngi", "K_POKTAN": "A. Ahmaluddin", "P_SID": "Universitas Negeri Makassar", "NO_HP_1": "0852-5222-2976", "NAMA_PEMIL": "Pemerintah Desa", "N_PETAK": "TDB575", "LUAS_HA": 0.33513243275, "PAKET": "Paket Sulawesi Selatan 14" }, "geometry": { "type": "MultiPolygon", "coordinates": [ [ [ [ 120.430849905998457, -2.711556820590772, 0.0 ], [ 120.430630999321238, -2.711875340674396, 0.0 ], [ 120.429921494481391, -2.711111518581674, 0.0 ], [ 120.430033658826346, -2.711001676286287, 0.0 ], [ 120.430849905998457, -2.711556820590772, 0.0 ] ] ] ] } },
{ "type": "Feature", "properties": { "OBJECTID": 2868, "WADMPR": "Sulawesi Selatan", "WADMKK": "Kab. Luwu Utara", "WADMKC": "Kec. Malangke", "WADMKD": "Desa Tolada", "POKTAN": "Gapoktan Reso Temangingngi", "K_POKTAN": "A. Ahmaluddin", "P_SID": "Universitas Negeri Makassar", "NO_HP_1": "0852-5222-2976", "NAMA_PEMIL": "Pemerintah Desa", "N_PETAK": "TDB576", "LUAS_HA": 3.59763557045, "PAKET": "Paket Sulawesi Selatan 14" }, "geometry": { "type": "MultiPolygon", "coordinates": [ [ [ [ 120.431754096974032, -2.709770990938409, 0.0 ], [ 120.431533102970434, -2.710195203845558, 0.0 ], [ 120.431326018780851, -2.710630237395492, 0.0 ], [ 120.4313175192882, -2.710642214566519, 0.0 ], [ 120.429827746453384, -2.709546520155754, 0.0 ], [ 120.429749611555394, -2.708552469820575, 0.0 ], [ 120.429766702271536, -2.708270014349637, 0.0 ], [ 120.430723859718455, -2.708138381481092, 0.0 ], [ 120.430735898942658, -2.709152880600925, 0.0 ], [ 120.43166555152402, -2.709068009780765, 0.0 ], [ 120.432054999338789, -2.709183487228131, 0.0 ], [ 120.431754096974032, -2.709770990938409, 0.0 ] ] ] ] } },
{ "type": "Feature", "properties": { "OBJECTID": 2869, "WADMPR": "Sulawesi Selatan", "WADMKK": "Kab. Luwu Utara", "WADMKC": "Kec. Malangke", "WADMKD": "Desa Tolada", "POKTAN": "Gapoktan Reso Temangingngi", "K_POKTAN": "A. Ahmaluddin", "P_SID": "Universitas Negeri Makassar", "NO_HP_1": "0852-5222-2976", "NAMA_PEMIL": "Pemerintah Desa", "N_PETAK": "TDB577", "LUAS_HA": 3.5666141474700002, "PAKET": "Paket Sulawesi Selatan 14" }, "geometry": { "type": "MultiPolygon", "coordinates": [ [ [ [ 120.432587254997884, -2.714876006022791, 0.0 ], [ 120.433033828648377, -2.715158099066969, 0.0 ], [ 120.433438858116915, -2.715459297308655, 0.0 ], [ 120.433512875019233, -2.71529769992884, 0.0 ], [ 120.433854735207888, -2.715718557465379, 0.0 ], [ 120.433333286701895, -2.716517030436535, 0.0 ], [ 120.43248850314194, -2.715961722455461, 0.0 ], [ 120.430897425276044, -2.714894052718307, 0.0 ], [ 120.431122084916296, -2.714512473072148, 0.0 ], [ 120.431405986497111, -2.714066842810496, 0.0 ], [ 120.431427977619137, -2.714028253800848, 0.0 ], [ 120.432587254997884, -2.714876006022791, 0.0 ] ] ] ] } },
{ "type": "Feature", "properties": { "OBJECTID": 2870, "WADMPR": "Sulawesi Selatan", "WADMKK": "Kab. Luwu Utara", "WADMKC": "Kec. Malangke", "WADMKD": "Desa Tolada", "POKTAN": "Gapoktan Reso Temangingngi", "K_POKTAN": "A. Ahmaluddin", "P_SID": "Universitas Negeri Makassar", "NO_HP_1": "0852-5222-2976", "NAMA_PEMIL": "Pemerintah Desa", "N_PETAK": "TDB578", "LUAS_HA": 1.06588173109, "PAKET": "Paket Sulawesi Selatan 14" }, "geometry": { "type": "MultiPolygon", "coordinates": [ [ [ [ 120.432849340824532, -2.714502741508284, 0.0 ], [ 120.432587254997884, -2.714876006022791, 0.0 ], [ 120.431427977619137, -2.714028253800848, 0.0 ], [ 120.431664127897193, -2.713642298952891, 0.0 ], [ 120.431816038679358, -2.713399715824153, 0.0 ], [ 120.432849340824532, -2.714502741508284, 0.0 ] ] ] ] } },
{ "type": "Feature", "properties": { "OBJECTID": 2871, "WADMPR": "Sulawesi Selatan", "WADMKK": "Kab. Luwu Utara", "WADMKC": "Kec. Malangke", "WADMKD": "Desa Tolada", "POKTAN": "Gapoktan Reso Temangingngi", "K_POKTAN": "A. Ahmaluddin", "P_SID": "Universitas Negeri Makassar", "NO_HP_1": "0852-5222-2976", "NAMA_PEMIL": "Pemerintah Desa", "N_PETAK": "TDB579", "LUAS_HA": 0.24620321132, "PAKET": "Paket Sulawesi Selatan 14" }, "geometry": { "type": "MultiPolygon", "coordinates": [ [ [ [ 120.43321096631314, -2.714920892984765, 0.0 ], [ 120.433033828648377, -2.715158099066969, 0.0 ], [ 120.432587254997884, -2.714876006022791, 0.0 ], [ 120.432849340824532, -2.714502741508284, 0.0 ], [ 120.43321096631314, -2.714920892984765, 0.0 ] ] ] ] } },
{ "type": "Feature", "properties": { "OBJECTID": 2872, "WADMPR": "Sulawesi Selatan", "WADMKK": "Kab. Luwu Utara", "WADMKC": "Kec. Malangke", "WADMKD": "Desa Tolada", "POKTAN": "Gapoktan Reso Temangingngi", "K_POKTAN": "A. Ahmaluddin", "P_SID": "Universitas Negeri Makassar", "NO_HP_1": "0852-5222-2976", "NAMA_PEMIL": "Pemerintah Desa", "N_PETAK": "TDB580", "LUAS_HA": 0.13900616238, "PAKET": "Paket Sulawesi Selatan 14" }, "geometry": { "type": "MultiPolygon", "coordinates": [ [ [ [ 120.433512875019233, -2.71529769992884, 0.0 ], [ 120.433438858116915, -2.715459297308655, 0.0 ], [ 120.433033828648377, -2.715158099066969, 0.0 ], [ 120.43321096631314, -2.714920892984765, 0.0 ], [ 120.433512875019233, -2.71529769992884, 0.0 ] ] ] ] } },
{ "type": "Feature", "properties": { "OBJECTID": 2873, "WADMPR": "Sulawesi Selatan", "WADMKK": "Kab. Luwu Utara", "WADMKC": "Kec. Malangke", "WADMKD": "Desa Tolada", "POKTAN": "Gapoktan Reso Temangingngi", "K_POKTAN": "A. Ahmaluddin", "P_SID": "Universitas Negeri Makassar", "NO_HP_1": "0852-5222-2976", "NAMA_PEMIL": "Pemerintah Desa", "N_PETAK": "TDB581", "LUAS_HA": 1.1565850791500001, "PAKET": "Paket Sulawesi Selatan 14" }, "geometry": { "type": "MultiPolygon", "coordinates": [ [ [ [ 120.43246665141487, -2.716007121131668, 0.0 ], [ 120.432239276721361, -2.716380869481497, 0.0 ], [ 120.431297632579685, -2.71580173935871, 0.0 ], [ 120.430631551504916, -2.715337425681582, 0.0 ], [ 120.430897425276044, -2.714894052718307, 0.0 ], [ 120.43246665141487, -2.716007121131668, 0.0 ] ] ] ] } },
{ "type": "Feature", "properties": { "OBJECTID": 2874, "WADMPR": "Sulawesi Selatan", "WADMKK": "Kab. Luwu Utara", "WADMKC": "Kec. Malangke", "WADMKD": "Desa Tolada", "POKTAN": "Gapoktan Reso Temangingngi", "K_POKTAN": "A. Ahmaluddin", "P_SID": "Universitas Negeri Makassar", "NO_HP_1": "0852-5222-2976", "NAMA_PEMIL": "Pemerintah Desa", "N_PETAK": "TDB582", "LUAS_HA": 1.2306196338, "PAKET": "Paket Sulawesi Selatan 14" }, "geometry": { "type": "MultiPolygon", "coordinates": [ [ [ [ 120.430530180823212, -2.714656802569323, 0.0 ], [ 120.430897425276044, -2.714894052718307, 0.0 ], [ 120.430631551504916, -2.715337425681582, 0.0 ], [ 120.430338305968121, -2.715804517364518, 0.0 ], [ 120.429542818746199, -2.715267625700335, 0.0 ], [ 120.430126782724869, -2.714386929513125, 0.0 ], [ 120.430530180823212, -2.714656802569323, 0.0 ] ] ] ] } },
{ "type": "Feature", "properties": { "OBJECTID": 2875, "WADMPR": "Sulawesi Selatan", "WADMKK": "Kab. Luwu Utara", "WADMKC": "Kec. Malangke", "WADMKD": "Desa Tolada", "POKTAN": "Gapoktan Reso Temangingngi", "K_POKTAN": "A. Ahmaluddin", "P_SID": "Universitas Negeri Makassar", "NO_HP_1": "0852-5222-2976", "NAMA_PEMIL": "Pemerintah Desa", "N_PETAK": "TDB583", "LUAS_HA": 0.23313590012, "PAKET": "Paket Sulawesi Selatan 14" }, "geometry": { "type": "MultiPolygon", "coordinates": [ [ [ [ 120.431122084916296, -2.714512473072148, 0.0 ], [ 120.430897425276044, -2.714894052718307, 0.0 ], [ 120.430530180823212, -2.714656802569323, 0.0 ], [ 120.430777479996777, -2.714282626142221, 0.0 ], [ 120.431122084916296, -2.714512473072148, 0.0 ] ] ] ] } },
{ "type": "Feature", "properties": { "OBJECTID": 2876, "WADMPR": "Sulawesi Selatan", "WADMKK": "Kab. Luwu Utara", "WADMKC": "Kec. Malangke", "WADMKD": "Desa Tolada", "POKTAN": "Gapoktan Reso Temangingngi", "K_POKTAN": "A. Ahmaluddin", "P_SID": "Universitas Negeri Makassar", "NO_HP_1": "0852-5222-2976", "NAMA_PEMIL": "Pemerintah Desa", "N_PETAK": "TDB584", "LUAS_HA": 0.52575921014000004, "PAKET": "Paket Sulawesi Selatan 14" }, "geometry": { "type": "MultiPolygon", "coordinates": [ [ [ [ 120.430419269233994, -2.714002951375051, 0.0 ], [ 120.430777479996777, -2.714282626142221, 0.0 ], [ 120.430530180823212, -2.714656802569323, 0.0 ], [ 120.430126782724869, -2.714386929513125, 0.0 ], [ 120.429756691917873, -2.714121234707193, 0.0 ], [ 120.429999367676714, -2.713778550739505, 0.0 ], [ 120.430419269233994, -2.714002951375051, 0.0 ] ] ] ] } },
{ "type": "Feature", "properties": { "OBJECTID": 2877, "WADMPR": "Sulawesi Selatan", "WADMKK": "Kab. Luwu Utara", "WADMKC": "Kec. Malangke", "WADMKD": "Desa Tolada", "POKTAN": "Gapoktan Reso Temangingngi", "K_POKTAN": "A. Ahmaluddin", "P_SID": "Universitas Negeri Makassar", "NO_HP_1": "0852-5222-2976", "NAMA_PEMIL": "Pemerintah Desa", "N_PETAK": "TDB585", "LUAS_HA": 1.21026455021, "PAKET": "Paket Sulawesi Selatan 14" }, "geometry": { "type": "MultiPolygon", "coordinates": [ [ [ [ 120.429756691917873, -2.714121234707193, 0.0 ], [ 120.430126782724869, -2.714386929513125, 0.0 ], [ 120.429542818746199, -2.715267625700335, 0.0 ], [ 120.428799314137109, -2.714697224397355, 0.0 ], [ 120.42933126582534, -2.713841163338998, 0.0 ], [ 120.429756691917873, -2.714121234707193, 0.0 ] ] ] ] } },
{ "type": "Feature", "properties": { "OBJECTID": 2878, "WADMPR": "Sulawesi Selatan", "WADMKK": "Kab. Luwu Utara", "WADMKC": "Kec. Malangke", "WADMKD": "Desa Tolada", "POKTAN": "Gapoktan Reso Temangingngi", "K_POKTAN": "A. Ahmaluddin", "P_SID": "Universitas Negeri Makassar", "NO_HP_1": "0852-5222-2976", "NAMA_PEMIL": "Pemerintah Desa", "N_PETAK": "TDB586", "LUAS_HA": 1.1175905966199999, "PAKET": "Paket Sulawesi Selatan 14" }, "geometry": { "type": "MultiPolygon", "coordinates": [ [ [ [ 120.431143380862409, -2.712760441740954, 0.0 ], [ 120.430900408327261, -2.713198636407924, 0.0 ], [ 120.43063108385752, -2.713607175930406, 0.0 ], [ 120.429824530477731, -2.713117092180028, 0.0 ], [ 120.430398747604158, -2.712305854231715, 0.0 ], [ 120.431143380862409, -2.712760441740954, 0.0 ] ] ] ] } },
{ "type": "Feature", "properties": { "OBJECTID": 2879, "WADMPR": "Sulawesi Selatan", "WADMKK": "Kab. Luwu Utara", "WADMKC": "Kec. Malangke", "WADMKD": "Desa Tolada", "POKTAN": "Gapoktan Reso Temangingngi", "K_POKTAN": "A. Ahmaluddin", "P_SID": "Universitas Negeri Makassar", "NO_HP_1": "0852-5222-2976", "NAMA_PEMIL": "Pemerintah Desa", "N_PETAK": "TDB587", "LUAS_HA": 0.54009377032999994, "PAKET": "Paket Sulawesi Selatan 14" }, "geometry": { "type": "MultiPolygon", "coordinates": [ [ [ [ 120.431664127897193, -2.713642298952891, 0.0 ], [ 120.431427977619137, -2.714028253800848, 0.0 ], [ 120.431405986497111, -2.714066842810496, 0.0 ], [ 120.43063108385752, -2.713607175930406, 0.0 ], [ 120.430900408327261, -2.713198636407924, 0.0 ], [ 120.431664127897193, -2.713642298952891, 0.0 ] ] ] ] } },
{ "type": "Feature", "properties": { "OBJECTID": 2880, "WADMPR": "Sulawesi Selatan", "WADMKK": "Kab. Luwu Utara", "WADMKC": "Kec. Malangke", "WADMKD": "Desa Tolada", "POKTAN": "Gapoktan Reso Temangingngi", "K_POKTAN": "A. Ahmaluddin", "P_SID": "Universitas Negeri Makassar", "NO_HP_1": "0852-5222-2976", "NAMA_PEMIL": "Pemerintah Desa", "N_PETAK": "TDB588", "LUAS_HA": 0.47774489584000002, "PAKET": "Paket Sulawesi Selatan 14" }, "geometry": { "type": "MultiPolygon", "coordinates": [ [ [ [ 120.431816038679358, -2.713399715824153, 0.0 ], [ 120.431664127897193, -2.713642298952891, 0.0 ], [ 120.430900408327261, -2.713198636407924, 0.0 ], [ 120.431143380862409, -2.712760441740954, 0.0 ], [ 120.431189484607103, -2.712693721937683, 0.0 ], [ 120.431816038679358, -2.713399715824153, 0.0 ] ] ] ] } },
{ "type": "Feature", "properties": { "OBJECTID": 2881, "WADMPR": "Sulawesi Selatan", "WADMKK": "Kab. Luwu Utara", "WADMKC": "Kec. Malangke", "WADMKD": "Desa Tolada", "POKTAN": "Gapoktan Reso Temangingngi", "K_POKTAN": "A. Ahmaluddin", "P_SID": "Universitas Negeri Makassar", "NO_HP_1": "0852-5222-2976", "NAMA_PEMIL": "Pemerintah Desa", "N_PETAK": "TDB589", "LUAS_HA": 0.53851509271999998, "PAKET": "Paket Sulawesi Selatan 14" }, "geometry": { "type": "MultiPolygon", "coordinates": [ [ [ [ 120.431405986497111, -2.714066842810496, 0.0 ], [ 120.431122084916296, -2.714512473072148, 0.0 ], [ 120.430777479996777, -2.714282626142221, 0.0 ], [ 120.430419269233994, -2.714002951375051, 0.0 ], [ 120.43063108385752, -2.713607175930406, 0.0 ], [ 120.431405986497111, -2.714066842810496, 0.0 ] ] ] ] } },
{ "type": "Feature", "properties": { "OBJECTID": 2882, "WADMPR": "Sulawesi Selatan", "WADMKK": "Kab. Luwu Utara", "WADMKC": "Kec. Malangke", "WADMKD": "Desa Tolada", "POKTAN": "Gapoktan Reso Temangingngi", "K_POKTAN": "A. Ahmaluddin", "P_SID": "Universitas Negeri Makassar", "NO_HP_1": "0852-5222-2976", "NAMA_PEMIL": "Pemerintah Desa", "N_PETAK": "TDB590", "LUAS_HA": 0.81652676923, "PAKET": "Paket Sulawesi Selatan 14" }, "geometry": { "type": "MultiPolygon", "coordinates": [ [ [ [ 120.43063108385752, -2.713607175930406, 0.0 ], [ 120.430419269233994, -2.714002951375051, 0.0 ], [ 120.429999367676714, -2.713778550739505, 0.0 ], [ 120.429756691917873, -2.714121234707193, 0.0 ], [ 120.42933126582534, -2.713841163338998, 0.0 ], [ 120.429824530477731, -2.713117092180028, 0.0 ], [ 120.43063108385752, -2.713607175930406, 0.0 ] ] ] ] } },
{ "type": "Feature", "properties": { "OBJECTID": 2883, "WADMPR": "Sulawesi Selatan", "WADMKK": "Kab. Luwu Utara", "WADMKC": "Kec. Malangke", "WADMKD": "Desa Tolada", "POKTAN": "Gapoktan Reso Temangingngi", "K_POKTAN": "A. Ahmaluddin", "P_SID": "Universitas Negeri Makassar", "NO_HP_1": "0852-5222-2976", "NAMA_PEMIL": "Pemerintah Desa", "N_PETAK": "TDB591", "LUAS_HA": 0.2392403281, "PAKET": "Paket Sulawesi Selatan 14" }, "geometry": { "type": "MultiPolygon", "coordinates": [ [ [ [ 120.431189484607103, -2.712693721937683, 0.0 ], [ 120.431143380862409, -2.712760441740954, 0.0 ], [ 120.430398747604158, -2.712305854231715, 0.0 ], [ 120.430578282861575, -2.71199112209257, 0.0 ], [ 120.431189484607103, -2.712693721937683, 0.0 ] ] ] ] } },
{ "type": "Feature", "properties": { "OBJECTID": 2884, "WADMPR": "Sulawesi Selatan", "WADMKK": "Kab. Luwu Utara", "WADMKC": "Kec. Malangke", "WADMKD": "Desa Tolada", "POKTAN": "Gapoktan Reso Temangingngi", "K_POKTAN": "A. Ahmaluddin", "P_SID": "Universitas Negeri Makassar", "NO_HP_1": "0852-5222-2976", "NAMA_PEMIL": "Pemerintah Desa", "N_PETAK": "TDB592", "LUAS_HA": 0.5939176495, "PAKET": "Paket Sulawesi Selatan 14" }, "geometry": { "type": "MultiPolygon", "coordinates": [ [ [ [ 120.430578282861575, -2.71199112209257, 0.0 ], [ 120.430398747604158, -2.712305854231715, 0.0 ], [ 120.429571121310232, -2.71170307823445, 0.0 ], [ 120.429872277283835, -2.711196094424167, 0.0 ], [ 120.430578282861575, -2.71199112209257, 0.0 ] ] ] ] } },
{ "type": "Feature", "properties": { "OBJECTID": 2885, "WADMPR": "Sulawesi Selatan", "WADMKK": "Kab. Luwu Utara", "WADMKC": "Kec. Malangke", "WADMKD": "Desa Tolada", "POKTAN": "Gapoktan Reso Temangingngi", "K_POKTAN": "A. Ahmaluddin", "P_SID": "Universitas Negeri Makassar", "NO_HP_1": "0852-5222-2976", "NAMA_PEMIL": "Pemerintah Desa", "N_PETAK": "TDB593", "LUAS_HA": 0.628150389, "PAKET": "Paket Sulawesi Selatan 14" }, "geometry": { "type": "MultiPolygon", "coordinates": [ [ [ [ 120.429872277283835, -2.711196094424167, 0.0 ], [ 120.429571121310232, -2.71170307823445, 0.0 ], [ 120.428790748993947, -2.711233892929783, 0.0 ], [ 120.429047341761475, -2.710776662313094, 0.0 ], [ 120.429872277283835, -2.711196094424167, 0.0 ] ] ] ] } },
{ "type": "Feature", "properties": { "OBJECTID": 2886, "WADMPR": "Sulawesi Selatan", "WADMKK": "Kab. Luwu Utara", "WADMKC": "Kec. Malangke", "WADMKD": "Desa Tolada", "POKTAN": "Gapoktan Reso Temangingngi", "K_POKTAN": "A. Ahmaluddin", "P_SID": "Universitas Negeri Makassar", "NO_HP_1": "0852-5222-2976", "NAMA_PEMIL": "Pemerintah Desa", "N_PETAK": "TDB594", "LUAS_HA": 2.3689644413500002, "PAKET": "Paket Sulawesi Selatan 14" }, "geometry": { "type": "MultiPolygon", "coordinates": [ [ [ [ 120.429571121310232, -2.71170307823445, 0.0 ], [ 120.430398747604158, -2.712305854231715, 0.0 ], [ 120.429824530477731, -2.713117092180028, 0.0 ], [ 120.429403823128041, -2.712853214903873, 0.0 ], [ 120.428277504103562, -2.712050525011648, 0.0 ], [ 120.428790748993947, -2.711233892929783, 0.0 ], [ 120.429571121310232, -2.71170307823445, 0.0 ] ] ] ] } },
{ "type": "Feature", "properties": { "OBJECTID": 2887, "WADMPR": "Sulawesi Selatan", "WADMKK": "Kab. Luwu Utara", "WADMKC": "Kec. Malangke", "WADMKD": "Desa Tolada", "POKTAN": "Gapoktan Reso Temangingngi", "K_POKTAN": "A. Ahmaluddin", "P_SID": "Universitas Negeri Makassar", "NO_HP_1": "0852-5222-2976", "NAMA_PEMIL": "Pemerintah Desa", "N_PETAK": "TDB595", "LUAS_HA": 0.52106783131000001, "PAKET": "Paket Sulawesi Selatan 14" }, "geometry": { "type": "MultiPolygon", "coordinates": [ [ [ [ 120.429824530477731, -2.713117092180028, 0.0 ], [ 120.42933126582534, -2.713841163338998, 0.0 ], [ 120.4289334120474, -2.713569340552567, 0.0 ], [ 120.429403823128041, -2.712853214903873, 0.0 ], [ 120.429824530477731, -2.713117092180028, 0.0 ] ] ] ] } },
{ "type": "Feature", "properties": { "OBJECTID": 2888, "WADMPR": "Sulawesi Selatan", "WADMKK": "Kab. Luwu Utara", "WADMKC": "Kec. Malangke", "WADMKD": "Desa Tolada", "POKTAN": "Gapoktan Reso Temangingngi", "K_POKTAN": "A. Ahmaluddin", "P_SID": "Universitas Negeri Makassar", "NO_HP_1": "0852-5222-2976", "NAMA_PEMIL": "Pemerintah Desa", "N_PETAK": "TDB596", "LUAS_HA": 1.4468988415499999, "PAKET": "Paket Sulawesi Selatan 14" }, "geometry": { "type": "MultiPolygon", "coordinates": [ [ [ [ 120.429403823128041, -2.712853214903873, 0.0 ], [ 120.4289334120474, -2.713569340552567, 0.0 ], [ 120.427846909607297, -2.712836215019252, 0.0 ], [ 120.428277504103562, -2.712050525011648, 0.0 ], [ 120.429403823128041, -2.712853214903873, 0.0 ] ] ] ] } },
{ "type": "Feature", "properties": { "OBJECTID": 2889, "WADMPR": "Sulawesi Selatan", "WADMKK": "Kab. Luwu Utara", "WADMKC": "Kec. Malangke", "WADMKD": "Desa Tolada", "POKTAN": "Gapoktan Reso Temangingngi", "K_POKTAN": "A. Ahmaluddin", "P_SID": "Universitas Negeri Makassar", "NO_HP_1": "0852-5222-2976", "NAMA_PEMIL": "Pemerintah Desa", "N_PETAK": "TDB597", "LUAS_HA": 2.1900075000500001, "PAKET": "Paket Sulawesi Selatan 14" }, "geometry": { "type": "MultiPolygon", "coordinates": [ [ [ [ 120.42933126582534, -2.713841163338998, 0.0 ], [ 120.428799314137109, -2.714697224397355, 0.0 ], [ 120.427330577344378, -2.713672066512629, 0.0 ], [ 120.427846909607297, -2.712836215019252, 0.0 ], [ 120.42933126582534, -2.713841163338998, 0.0 ] ] ] ] } },
{ "type": "Feature", "properties": { "OBJECTID": 2890, "WADMPR": "Sulawesi Selatan", "WADMKK": "Kab. Luwu Utara", "WADMKC": "Kec. Malangke", "WADMKD": "Desa Tolada", "POKTAN": "Gapoktan Reso Temangingngi", "K_POKTAN": "A. Ahmaluddin", "P_SID": "Universitas Negeri Makassar", "NO_HP_1": "0852-5222-2976", "NAMA_PEMIL": "Pemerintah Desa", "N_PETAK": "TDB598", "LUAS_HA": 0.58315638862999997, "PAKET": "Paket Sulawesi Selatan 14" }, "geometry": { "type": "MultiPolygon", "coordinates": [ [ [ [ 120.427745560509265, -2.712837656632473, 0.0 ], [ 120.427288849700744, -2.713625022976373, 0.0 ], [ 120.426853664165378, -2.713321952346178, 0.0 ], [ 120.42731549031771, -2.712547028122799, 0.0 ], [ 120.427745560509265, -2.712837656632473, 0.0 ] ] ] ] } },
{ "type": "Feature", "properties": { "OBJECTID": 2891, "WADMPR": "Sulawesi Selatan", "WADMKK": "Kab. Luwu Utara", "WADMKC": "Kec. Malangke", "WADMKD": "Desa Tolada", "POKTAN": "Gapoktan Reso Temangingngi", "K_POKTAN": "A. Ahmaluddin", "P_SID": "Universitas Negeri Makassar", "NO_HP_1": "0852-5222-2976", "NAMA_PEMIL": "Pemerintah Desa", "N_PETAK": "TDB599", "LUAS_HA": 1.0837087265200001, "PAKET": "Paket Sulawesi Selatan 14" }, "geometry": { "type": "MultiPolygon", "coordinates": [ [ [ [ 120.426588959512969, -2.712034046733834, 0.0 ], [ 120.426986128906833, -2.712311447115553, 0.0 ], [ 120.42731549031771, -2.712547028122799, 0.0 ], [ 120.426853664165378, -2.713321952346178, 0.0 ], [ 120.426614088369547, -2.713229734064953, 0.0 ], [ 120.426461302547182, -2.713130296925613, 0.0 ], [ 120.426464858466488, -2.71294084304543, 0.0 ], [ 120.426464848573914, -2.712933689837882, 0.0 ], [ 120.426503768534189, -2.71274971822487, 0.0 ], [ 120.426507299272544, -2.712596935999727, 0.0 ], [ 120.426499859181263, -2.712462134819646, 0.0 ], [ 120.426296126764896, -2.712307147456841, 0.0 ], [ 120.425962703116284, -2.712045684860414, 0.0 ], [ 120.426136779488843, -2.711773637243539, 0.0 ], [ 120.426136943165488, -2.711773396225226, 0.0 ], [ 120.426162248289188, -2.711733834149072, 0.0 ], [ 120.426588959512969, -2.712034046733834, 0.0 ] ] ] ] } },
{ "type": "Feature", "properties": { "OBJECTID": 2892, "WADMPR": "Sulawesi Selatan", "WADMKK": "Kab. Luwu Utara", "WADMKC": "Kec. Malangke", "WADMKD": "Desa Tolada", "POKTAN": "Gapoktan Reso Temangingngi", "K_POKTAN": "A. Ahmaluddin", "P_SID": "Universitas Negeri Makassar", "NO_HP_1": "0852-5222-2976", "NAMA_PEMIL": "Pemerintah Desa", "N_PETAK": "TDB600", "LUAS_HA": 2.4414845068700002, "PAKET": "Paket Sulawesi Selatan 14" }, "geometry": { "type": "MultiPolygon", "coordinates": [ [ [ [ 120.428486797927462, -2.710902583587313, 0.0 ], [ 120.428791350640381, -2.711070057137363, 0.0 ], [ 120.428259863901644, -2.711976301265224, 0.0 ], [ 120.427474014714107, -2.71149051267696, 0.0 ], [ 120.427122903199461, -2.711200026260144, 0.0 ], [ 120.426878249831475, -2.711599748829315, 0.0 ], [ 120.426491425339123, -2.711339233219007, 0.0 ], [ 120.426522571559531, -2.711327313604613, 0.0 ], [ 120.426556279948386, -2.711309300183984, 0.0 ], [ 120.426584610391501, -2.711285796402308, 0.0 ], [ 120.426606677056611, -2.711253287709042, 0.0 ], [ 120.426622197556412, -2.71121408356305, 0.0 ], [ 120.426640214574263, -2.71112223760116, 0.0 ], [ 120.426643738118059, -2.711077208546271, 0.0 ], [ 120.426731222368062, -2.710957026745348, 0.0 ], [ 120.426716247756644, -2.710947657608244, 0.0 ], [ 120.426716416829208, -2.710947368925872, 0.0 ], [ 120.426918257971238, -2.711055148176513, 0.0 ], [ 120.42700965517156, -2.710912279178274, 0.0 ], [ 120.426815513125462, -2.710803189615433, 0.0 ], [ 120.427207398102951, -2.710166389567178, 0.0 ], [ 120.428486797927462, -2.710902583587313, 0.0 ] ] ] ] } },
{ "type": "Feature", "properties": { "OBJECTID": 2893, "WADMPR": "Sulawesi Selatan", "WADMKK": "Kab. Luwu Utara", "WADMKC": "Kec. Malangke", "WADMKD": "Desa Tolada", "POKTAN": "Gapoktan Reso Temangingngi", "K_POKTAN": "A. Ahmaluddin", "P_SID": "Universitas Negeri Makassar", "NO_HP_1": "0852-5222-2976", "NAMA_PEMIL": "Pemerintah Desa", "N_PETAK": "TDB601", "LUAS_HA": 1.1141092803499999, "PAKET": "Paket Sulawesi Selatan 14" }, "geometry": { "type": "MultiPolygon", "coordinates": [ [ [ [ 120.428259863901644, -2.711976301265224, 0.0 ], [ 120.427745560509265, -2.712837656632473, 0.0 ], [ 120.42731549031771, -2.712547028122799, 0.0 ], [ 120.426986128906833, -2.712311447115553, 0.0 ], [ 120.427259040772128, -2.711852863019146, 0.0 ], [ 120.427474014714107, -2.71149051267696, 0.0 ], [ 120.428259863901644, -2.711976301265224, 0.0 ] ] ] ] } },
{ "type": "Feature", "properties": { "OBJECTID": 2894, "WADMPR": "Sulawesi Selatan", "WADMKK": "Kab. Luwu Utara", "WADMKC": "Kec. Malangke", "WADMKD": "Desa Tolada", "POKTAN": "Gapoktan Reso Temangingngi", "K_POKTAN": "A. Ahmaluddin", "P_SID": "Universitas Negeri Makassar", "NO_HP_1": "0852-5222-2976", "NAMA_PEMIL": "Pemerintah Desa", "N_PETAK": "TDB602", "LUAS_HA": 0.30520373545000001, "PAKET": "Paket Sulawesi Selatan 14" }, "geometry": { "type": "MultiPolygon", "coordinates": [ [ [ [ 120.427259040772128, -2.711852863019146, 0.0 ], [ 120.426986128906833, -2.712311447115553, 0.0 ], [ 120.426588959512969, -2.712034046733834, 0.0 ], [ 120.426878249831475, -2.711599748829315, 0.0 ], [ 120.427259040772128, -2.711852863019146, 0.0 ] ] ] ] } },
{ "type": "Feature", "properties": { "OBJECTID": 2895, "WADMPR": "Sulawesi Selatan", "WADMKK": "Kab. Luwu Utara", "WADMKC": "Kec. Malangke", "WADMKD": "Desa Tolada", "POKTAN": "Gapoktan Reso Temangingngi", "K_POKTAN": "A. Ahmaluddin", "P_SID": "Universitas Negeri Makassar", "NO_HP_1": "0852-5222-2976", "NAMA_PEMIL": "Pemerintah Desa", "N_PETAK": "TDB603", "LUAS_HA": 0.24825449442, "PAKET": "Paket Sulawesi Selatan 14" }, "geometry": { "type": "MultiPolygon", "coordinates": [ [ [ [ 120.427474014714107, -2.71149051267696, 0.0 ], [ 120.427259040772128, -2.711852863019146, 0.0 ], [ 120.426878249831475, -2.711599748829315, 0.0 ], [ 120.427122903199461, -2.711200026260144, 0.0 ], [ 120.427474014714107, -2.71149051267696, 0.0 ] ] ] ] } },
{ "type": "Feature", "properties": { "OBJECTID": 2896, "WADMPR": "Sulawesi Selatan", "WADMKK": "Kab. Luwu Utara", "WADMKC": "Kec. Malangke", "WADMKD": "Desa Tolada", "POKTAN": "Gapoktan Reso Temangingngi", "K_POKTAN": "A. Ahmaluddin", "P_SID": "Universitas Negeri Makassar", "NO_HP_1": "0852-5222-2976", "NAMA_PEMIL": "Pemerintah Desa", "N_PETAK": "TDB604", "LUAS_HA": 0.31518360808000001, "PAKET": "Paket Sulawesi Selatan 14" }, "geometry": { "type": "MultiPolygon", "coordinates": [ [ [ [ 120.426878249831475, -2.711599748829315, 0.0 ], [ 120.426588959512969, -2.712034046733834, 0.0 ], [ 120.426162248289188, -2.711733834149072, 0.0 ], [ 120.426189835892274, -2.711700212994401, 0.0 ], [ 120.426190100292956, -2.711700387462884, 0.0 ], [ 120.426193309973314, -2.711695978986199, 0.0 ], [ 120.426483567063087, -2.711342240551915, 0.0 ], [ 120.426491425339123, -2.711339233219007, 0.0 ], [ 120.426878249831475, -2.711599748829315, 0.0 ] ] ] ] } },
{ "type": "Feature", "properties": { "OBJECTID": 2897, "WADMPR": "Sulawesi Selatan", "WADMKK": "Kab. Luwu Utara", "WADMKC": "Kec. Malangke", "WADMKD": "Desa Tolada", "POKTAN": "Gapoktan Reso Temangingngi", "K_POKTAN": "A. Ahmaluddin", "P_SID": "Universitas Negeri Makassar", "NO_HP_1": "0852-5222-2976", "NAMA_PEMIL": "Pemerintah Desa", "N_PETAK": "TDB605", "LUAS_HA": 0.41660205799, "PAKET": "Paket Sulawesi Selatan 14" }, "geometry": { "type": "MultiPolygon", "coordinates": [ [ [ [ 120.430723859718455, -2.708138381481092, 0.0 ], [ 120.429766702271536, -2.708270014349637, 0.0 ], [ 120.42978628231117, -2.707995699541868, 0.0 ], [ 120.42978491444228, -2.70788380949017, 0.0 ], [ 120.43064094222575, -2.707782607881029, 0.0 ], [ 120.430723859718455, -2.708138381481092, 0.0 ] ] ] ] } },
{ "type": "Feature", "properties": { "OBJECTID": 2898, "WADMPR": "Sulawesi Selatan", "WADMKK": "Kab. Luwu Utara", "WADMKC": "Kec. Malangke", "WADMKD": "Desa Tolada", "POKTAN": "Gapoktan Reso Temangingngi", "K_POKTAN": "A. Ahmaluddin", "P_SID": "Universitas Negeri Makassar", "NO_HP_1": "0852-5222-2976", "NAMA_PEMIL": "Pemerintah Desa", "N_PETAK": "TDB606", "LUAS_HA": 0.55974491852999997, "PAKET": "Paket Sulawesi Selatan 14" }, "geometry": { "type": "MultiPolygon", "coordinates": [ [ [ [ 120.42978491444228, -2.70788380949017, 0.0 ], [ 120.42978628231117, -2.707995699541868, 0.0 ], [ 120.429122869524917, -2.707904717828399, 0.0 ], [ 120.429048163741868, -2.707215088005853, 0.0 ], [ 120.429702071593397, -2.707295226593374, 0.0 ], [ 120.42978491444228, -2.70788380949017, 0.0 ] ] ] ] } },
{ "type": "Feature", "properties": { "OBJECTID": 2899, "WADMPR": "Sulawesi Selatan", "WADMKK": "Kab. Luwu Utara", "WADMKC": "Kec. Malangke", "WADMKD": "Desa Tolada", "POKTAN": "Gapoktan Reso Temangingngi", "K_POKTAN": "A. Ahmaluddin", "P_SID": "Universitas Negeri Makassar", "NO_HP_1": "0852-5222-2976", "NAMA_PEMIL": "Pemerintah Desa", "N_PETAK": "TDB607", "LUAS_HA": 0.13355715826, "PAKET": "Paket Sulawesi Selatan 14" }, "geometry": { "type": "MultiPolygon", "coordinates": [ [ [ [ 120.429048163741868, -2.707215088005853, 0.0 ], [ 120.428763296289162, -2.707174835250385, 0.0 ], [ 120.428751177025219, -2.706926861585373, 0.0 ], [ 120.428754016184939, -2.706846794044282, 0.0 ], [ 120.429048661966249, -2.706799278363974, 0.0 ], [ 120.429048163741868, -2.707215088005853, 0.0 ] ] ] ] } },
{ "type": "Feature", "properties": { "OBJECTID": 2900, "WADMPR": "Sulawesi Selatan", "WADMKK": "Kab. Luwu Utara", "WADMKC": "Kec. Malangke", "WADMKD": "Desa Tolada", "POKTAN": "Gapoktan Reso Temangingngi", "K_POKTAN": "A. Ahmaluddin", "P_SID": "Universitas Negeri Makassar", "NO_HP_1": "0852-5222-2976", "NAMA_PEMIL": "Pemerintah Desa", "N_PETAK": "TDB608", "LUAS_HA": 0.14614278562, "PAKET": "Paket Sulawesi Selatan 14" }, "geometry": { "type": "MultiPolygon", "coordinates": [ [ [ [ 120.429048661966249, -2.706799278363974, 0.0 ], [ 120.428754016184939, -2.706846794044282, 0.0 ], [ 120.42871385605963, -2.706444741331723, 0.0 ], [ 120.428758227710091, -2.706439961435024, 0.0 ], [ 120.429013690029819, -2.706411664266852, 0.0 ], [ 120.429048661966249, -2.706799278363974, 0.0 ] ] ] ] } },
{ "type": "Feature", "properties": { "OBJECTID": 2901, "WADMPR": "Sulawesi Selatan", "WADMKK": "Kab. Luwu Utara", "WADMKC": "Kec. Malangke", "WADMKD": "Desa Tolada", "POKTAN": "Gapoktan Reso Temangingngi", "K_POKTAN": "A. Ahmaluddin", "P_SID": "Universitas Negeri Makassar", "NO_HP_1": "0852-5222-2976", "NAMA_PEMIL": "Pemerintah Desa", "N_PETAK": "TDB609", "LUAS_HA": 0.33241114459, "PAKET": "Paket Sulawesi Selatan 14" }, "geometry": { "type": "MultiPolygon", "coordinates": [ [ [ [ 120.428758227710091, -2.706439961435024, 0.0 ], [ 120.42871385605963, -2.706444741331723, 0.0 ], [ 120.4284737766435, -2.706471158916827, 0.0 ], [ 120.428444277981157, -2.705533879185111, 0.0 ], [ 120.428488095649186, -2.705524464182645, 0.0 ], [ 120.428726912417119, -2.705480433375271, 0.0 ], [ 120.428758227710091, -2.706439961435024, 0.0 ] ] ] ] } },
{ "type": "Feature", "properties": { "OBJECTID": 2902, "WADMPR": "Sulawesi Selatan", "WADMKK": "Kab. Luwu Utara", "WADMKC": "Kec. Malangke", "WADMKD": "Desa Tolada", "POKTAN": "Gapoktan Reso Temangingngi", "K_POKTAN": "A. Ahmaluddin", "P_SID": "Universitas Negeri Makassar", "NO_HP_1": "0852-5222-2976", "NAMA_PEMIL": "Pemerintah Desa", "N_PETAK": "TDB610", "LUAS_HA": 1.10094650234, "PAKET": "Paket Sulawesi Selatan 14" }, "geometry": { "type": "MultiPolygon", "coordinates": [ [ [ [ 120.429458334634546, -2.705312395050953, 0.0 ], [ 120.428940401578302, -2.705410676561428, 0.0 ], [ 120.428732958559294, -2.703618200019889, 0.0 ], [ 120.429196933191974, -2.703541075060514, 0.0 ], [ 120.429458334634546, -2.705312395050953, 0.0 ] ] ] ] } },
{ "type": "Feature", "properties": { "OBJECTID": 2903, "WADMPR": "Sulawesi Selatan", "WADMKK": "Kab. Luwu Utara", "WADMKC": "Kec. Malangke", "WADMKD": "Desa Tolada", "POKTAN": "Gapoktan Reso Temangingngi", "K_POKTAN": "A. Ahmaluddin", "P_SID": "Universitas Negeri Makassar", "NO_HP_1": "0852-5222-2976", "NAMA_PEMIL": "Pemerintah Desa", "N_PETAK": "TDB611", "LUAS_HA": 1.0695604348900001, "PAKET": "Paket Sulawesi Selatan 14" }, "geometry": { "type": "MultiPolygon", "coordinates": [ [ [ [ 120.428940401578302, -2.705410676561428, 0.0 ], [ 120.428726912417119, -2.705480433375271, 0.0 ], [ 120.428488095649186, -2.705524464182645, 0.0 ], [ 120.428381341625709, -2.704666316697114, 0.0 ], [ 120.428243446777742, -2.703699480746366, 0.0 ], [ 120.428732958559294, -2.703618200019889, 0.0 ], [ 120.428940401578302, -2.705410676561428, 0.0 ] ] ] ] } },
{ "type": "Feature", "properties": { "OBJECTID": 2904, "WADMPR": "Sulawesi Selatan", "WADMKK": "Kab. Luwu Utara", "WADMKC": "Kec. Malangke", "WADMKD": "Desa Tolada", "POKTAN": "Gapoktan Reso Temangingngi", "K_POKTAN": "A. Ahmaluddin", "P_SID": "Universitas Negeri Makassar", "NO_HP_1": "0852-5222-2976", "NAMA_PEMIL": "Pemerintah Desa", "N_PETAK": "TDB612", "LUAS_HA": 0.50166280061000001, "PAKET": "Paket Sulawesi Selatan 14" }, "geometry": { "type": "MultiPolygon", "coordinates": [ [ [ [ 120.428488095649186, -2.705524464182645, 0.0 ], [ 120.428444277981157, -2.705533879185111, 0.0 ], [ 120.428013881335573, -2.705644324026309, 0.0 ], [ 120.427930952151769, -2.704784540673984, 0.0 ], [ 120.428381341625709, -2.704666316697114, 0.0 ], [ 120.428488095649186, -2.705524464182645, 0.0 ] ] ] ] } },
{ "type": "Feature", "properties": { "OBJECTID": 2905, "WADMPR": "Sulawesi Selatan", "WADMKK": "Kab. Luwu Utara", "WADMKC": "Kec. Malangke", "WADMKD": "Desa Tolada", "POKTAN": "Gapoktan Reso Temangingngi", "K_POKTAN": "A. Ahmaluddin", "P_SID": "Universitas Negeri Makassar", "NO_HP_1": "0852-5222-2976", "NAMA_PEMIL": "Pemerintah Desa", "N_PETAK": "TDB613", "LUAS_HA": 0.5143252626, "PAKET": "Paket Sulawesi Selatan 14" }, "geometry": { "type": "MultiPolygon", "coordinates": [ [ [ [ 120.4284737766435, -2.706471158916827, 0.0 ], [ 120.428097969745522, -2.706546947483616, 0.0 ], [ 120.428036685444795, -2.706548714651433, 0.0 ], [ 120.427995223101107, -2.706170902265285, 0.0 ], [ 120.428013881335573, -2.705644324026309, 0.0 ], [ 120.428444277981157, -2.705533879185111, 0.0 ], [ 120.4284737766435, -2.706471158916827, 0.0 ] ] ] ] } },
{ "type": "Feature", "properties": { "OBJECTID": 2906, "WADMPR": "Sulawesi Selatan", "WADMKK": "Kab. Luwu Utara", "WADMKC": "Kec. Malangke", "WADMKD": "Desa Tolada", "POKTAN": "Gapoktan Reso Temangingngi", "K_POKTAN": "A. Ahmaluddin", "P_SID": "Universitas Negeri Makassar", "NO_HP_1": "0852-5222-2976", "NAMA_PEMIL": "Pemerintah Desa", "N_PETAK": "TDB614", "LUAS_HA": 1.9024552697299999, "PAKET": "Paket Sulawesi Selatan 14" }, "geometry": { "type": "MultiPolygon", "coordinates": [ [ [ [ 120.429827746453384, -2.709546520155754, 0.0 ], [ 120.429251844896839, -2.710381288865335, 0.0 ], [ 120.427865265669539, -2.708834611428131, 0.0 ], [ 120.428031517940212, -2.708361767681367, 0.0 ], [ 120.429827746453384, -2.709546520155754, 0.0 ] ] ] ] } },
{ "type": "Feature", "properties": { "OBJECTID": 2907, "WADMPR": "Sulawesi Selatan", "WADMKK": "Kab. Luwu Utara", "WADMKC": "Kec. Malangke", "WADMKD": "Desa Tolada", "POKTAN": "Gapoktan Reso Temangingngi", "K_POKTAN": "A. Ahmaluddin", "P_SID": "Universitas Negeri Makassar", "NO_HP_1": "0852-5222-2976", "NAMA_PEMIL": "Pemerintah Desa", "N_PETAK": "TDB615", "LUAS_HA": 1.3149767422700001, "PAKET": "Paket Sulawesi Selatan 14" }, "geometry": { "type": "MultiPolygon", "coordinates": [ [ [ [ 120.429749611555394, -2.708552469820575, 0.0 ], [ 120.429827746453384, -2.709546520155754, 0.0 ], [ 120.428031517940212, -2.708361767681367, 0.0 ], [ 120.428157915855195, -2.708116234776355, 0.0 ], [ 120.429749611555394, -2.708552469820575, 0.0 ] ] ] ] } },
{ "type": "Feature", "properties": { "OBJECTID": 2908, "WADMPR": "Sulawesi Selatan", "WADMKK": "Kab. Luwu Utara", "WADMKC": "Kec. Malangke", "WADMKD": "Desa Tolada", "POKTAN": "Gapoktan Reso Temangingngi", "K_POKTAN": "A. Ahmaluddin", "P_SID": "Universitas Negeri Makassar", "NO_HP_1": "0852-5222-2976", "NAMA_PEMIL": "Pemerintah Desa", "N_PETAK": "TDB616", "LUAS_HA": 0.91188861567000001, "PAKET": "Paket Sulawesi Selatan 14" }, "geometry": { "type": "MultiPolygon", "coordinates": [ [ [ [ 120.42851896038178, -2.707814070662778, 0.0 ], [ 120.429122869524917, -2.707904717828399, 0.0 ], [ 120.42978628231117, -2.707995699541868, 0.0 ], [ 120.429766702271536, -2.708270014349637, 0.0 ], [ 120.429749611555394, -2.708552469820575, 0.0 ], [ 120.428157915855195, -2.708116234776355, 0.0 ], [ 120.42812476234792, -2.707760156306108, 0.0 ], [ 120.42851896038178, -2.707814070662778, 0.0 ] ] ] ] } },
{ "type": "Feature", "properties": { "OBJECTID": 2909, "WADMPR": "Sulawesi Selatan", "WADMKK": "Kab. Luwu Utara", "WADMKC": "Kec. Malangke", "WADMKD": "Desa Tolada", "POKTAN": "Gapoktan Reso Temangingngi", "K_POKTAN": "A. Ahmaluddin", "P_SID": "Universitas Negeri Makassar", "NO_HP_1": "0852-5222-2976", "NAMA_PEMIL": "Pemerintah Desa", "N_PETAK": "TDB617", "LUAS_HA": 0.59246716116999998, "PAKET": "Paket Sulawesi Selatan 14" }, "geometry": { "type": "MultiPolygon", "coordinates": [ [ [ [ 120.42812476234792, -2.707760156306108, 0.0 ], [ 120.428157915855195, -2.708116234776355, 0.0 ], [ 120.428031517940212, -2.708361767681367, 0.0 ], [ 120.427305205670791, -2.708226010521912, 0.0 ], [ 120.427339298969514, -2.70769584128999, 0.0 ], [ 120.427617636444779, -2.707664761619412, 0.0 ], [ 120.42812476234792, -2.707760156306108, 0.0 ] ] ] ] } },
{ "type": "Feature", "properties": { "OBJECTID": 2910, "WADMPR": "Sulawesi Selatan", "WADMKK": "Kab. Luwu Utara", "WADMKC": "Kec. Malangke", "WADMKD": "Desa Tolada", "POKTAN": "Gapoktan Reso Temangingngi", "K_POKTAN": "A. Ahmaluddin", "P_SID": "Universitas Negeri Makassar", "NO_HP_1": "0852-5222-2976", "NAMA_PEMIL": "Pemerintah Desa", "N_PETAK": "TDB618", "LUAS_HA": 0.22226458683, "PAKET": "Paket Sulawesi Selatan 14" }, "geometry": { "type": "MultiPolygon", "coordinates": [ [ [ [ 120.428031517940212, -2.708361767681367, 0.0 ], [ 120.427853259720223, -2.708826213558837, 0.0 ], [ 120.427305205670791, -2.708226010521912, 0.0 ], [ 120.428031517940212, -2.708361767681367, 0.0 ] ] ] ] } },
{ "type": "Feature", "properties": { "OBJECTID": 2911, "WADMPR": "Sulawesi Selatan", "WADMKK": "Kab. Luwu Utara", "WADMKC": "Kec. Malangke", "WADMKD": "Desa Tolada", "POKTAN": "Gapoktan Reso Temangingngi", "K_POKTAN": "A. Ahmaluddin", "P_SID": "Universitas Negeri Makassar", "NO_HP_1": "0852-5222-2976", "NAMA_PEMIL": "Pemerintah Desa", "N_PETAK": "TDB619", "LUAS_HA": 0.42580308642999998, "PAKET": "Paket Sulawesi Selatan 14" }, "geometry": { "type": "MultiPolygon", "coordinates": [ [ [ [ 120.427619279506189, -2.707283221543378, 0.0 ], [ 120.427617636444779, -2.707664761619412, 0.0 ], [ 120.427339298969514, -2.70769584128999, 0.0 ], [ 120.426807942632536, -2.707694200027277, 0.0 ], [ 120.42677576039307, -2.707310122064428, 0.0 ], [ 120.427316438203093, -2.707243196316426, 0.0 ], [ 120.427619279506189, -2.707283221543378, 0.0 ] ] ] ] } },
{ "type": "Feature", "properties": { "OBJECTID": 2912, "WADMPR": "Sulawesi Selatan", "WADMKK": "Kab. Luwu Utara", "WADMKC": "Kec. Malangke", "WADMKD": "Desa Tolada", "POKTAN": "Gapoktan Reso Temangingngi", "K_POKTAN": "A. Ahmaluddin", "P_SID": "Universitas Negeri Makassar", "NO_HP_1": "0852-5222-2976", "NAMA_PEMIL": "Pemerintah Desa", "N_PETAK": "TDB620", "LUAS_HA": 0.78361100131000005, "PAKET": "Paket Sulawesi Selatan 14" }, "geometry": { "type": "MultiPolygon", "coordinates": [ [ [ [ 120.427604314787345, -2.707069353767622, 0.0 ], [ 120.427619279506189, -2.707283221543378, 0.0 ], [ 120.427316438203093, -2.707243196316426, 0.0 ], [ 120.42677576039307, -2.707310122064428, 0.0 ], [ 120.426502658770801, -2.707341871729966, 0.0 ], [ 120.426518449966579, -2.706795888819158, 0.0 ], [ 120.427591483260358, -2.706606503287446, 0.0 ], [ 120.427604314787345, -2.707069353767622, 0.0 ] ] ] ] } },
{ "type": "Feature", "properties": { "OBJECTID": 2913, "WADMPR": "Sulawesi Selatan", "WADMKK": "Kab. Luwu Utara", "WADMKC": "Kec. Malangke", "WADMKD": "Desa Tolada", "POKTAN": "Gapoktan Reso Temangingngi", "K_POKTAN": "A. Ahmaluddin", "P_SID": "Universitas Negeri Makassar", "NO_HP_1": "0852-5222-2976", "NAMA_PEMIL": "Pemerintah Desa", "N_PETAK": "TDB621", "LUAS_HA": 0.49177923949000002, "PAKET": "Paket Sulawesi Selatan 14" }, "geometry": { "type": "MultiPolygon", "coordinates": [ [ [ [ 120.428763296289162, -2.707174835250385, 0.0 ], [ 120.429048163741868, -2.707215088005853, 0.0 ], [ 120.429122869524917, -2.707904717828399, 0.0 ], [ 120.42851896038178, -2.707814070662778, 0.0 ], [ 120.42846116904775, -2.707153733557902, 0.0 ], [ 120.428763296289162, -2.707174835250385, 0.0 ] ] ] ] } },
{ "type": "Feature", "properties": { "OBJECTID": 2914, "WADMPR": "Sulawesi Selatan", "WADMKK": "Kab. Luwu Utara", "WADMKC": "Kec. Malangke", "WADMKD": "Desa Tolada", "POKTAN": "Gapoktan Reso Temangingngi", "K_POKTAN": "A. Ahmaluddin", "P_SID": "Universitas Negeri Makassar", "NO_HP_1": "0852-5222-2976", "NAMA_PEMIL": "Pemerintah Desa", "N_PETAK": "TDB622", "LUAS_HA": 0.37701361324, "PAKET": "Paket Sulawesi Selatan 14" }, "geometry": { "type": "MultiPolygon", "coordinates": [ [ [ [ 120.428754016184939, -2.706846794044282, 0.0 ], [ 120.428751177025219, -2.706926861585373, 0.0 ], [ 120.428120634459788, -2.70701920936898, 0.0 ], [ 120.428097969745522, -2.706546947483616, 0.0 ], [ 120.4284737766435, -2.706471158916827, 0.0 ], [ 120.42871385605963, -2.706444741331723, 0.0 ], [ 120.428754016184939, -2.706846794044282, 0.0 ] ] ] ] } },
{ "type": "Feature", "properties": { "OBJECTID": 2915, "WADMPR": "Sulawesi Selatan", "WADMKK": "Kab. Luwu Utara", "WADMKC": "Kec. Malangke", "WADMKD": "Desa Tolada", "POKTAN": "Gapoktan Reso Temangingngi", "K_POKTAN": "A. Ahmaluddin", "P_SID": "Universitas Negeri Makassar", "NO_HP_1": "0852-5222-2976", "NAMA_PEMIL": "Pemerintah Desa", "N_PETAK": "TDB623", "LUAS_HA": 0.84672657031999998, "PAKET": "Paket Sulawesi Selatan 14" }, "geometry": { "type": "MultiPolygon", "coordinates": [ [ [ [ 120.428763296289162, -2.707174835250385, 0.0 ], [ 120.42846116904775, -2.707153733557902, 0.0 ], [ 120.42851896038178, -2.707814070662778, 0.0 ], [ 120.42812476234792, -2.707760156306108, 0.0 ], [ 120.427617636444779, -2.707664761619412, 0.0 ], [ 120.427619279506189, -2.707283221543378, 0.0 ], [ 120.427604314787345, -2.707069353767622, 0.0 ], [ 120.428120634459788, -2.70701920936898, 0.0 ], [ 120.428751177025219, -2.706926861585373, 0.0 ], [ 120.428763296289162, -2.707174835250385, 0.0 ] ] ] ] } },
{ "type": "Feature", "properties": { "OBJECTID": 2916, "WADMPR": "Sulawesi Selatan", "WADMKK": "Kab. Luwu Utara", "WADMKC": "Kec. Malangke", "WADMKD": "Desa Tolada", "POKTAN": "Gapoktan Reso Temangingngi", "K_POKTAN": "A. Ahmaluddin", "P_SID": "Universitas Negeri Makassar", "NO_HP_1": "0852-5222-2976", "NAMA_PEMIL": "Pemerintah Desa", "N_PETAK": "TDB624", "LUAS_HA": 0.2968927869, "PAKET": "Paket Sulawesi Selatan 14" }, "geometry": { "type": "MultiPolygon", "coordinates": [ [ [ [ 120.428120634459788, -2.70701920936898, 0.0 ], [ 120.427604314787345, -2.707069353767622, 0.0 ], [ 120.427591483260358, -2.706606503287446, 0.0 ], [ 120.428036685444795, -2.706548714651433, 0.0 ], [ 120.428097969745522, -2.706546947483616, 0.0 ], [ 120.428120634459788, -2.70701920936898, 0.0 ] ] ] ] } },
{ "type": "Feature", "properties": { "OBJECTID": 2917, "WADMPR": "Sulawesi Selatan", "WADMKK": "Kab. Luwu Utara", "WADMKC": "Kec. Malangke", "WADMKD": "Desa Tolada", "POKTAN": "Gapoktan Reso Temangingngi", "K_POKTAN": "A. Ahmaluddin", "P_SID": "Universitas Negeri Makassar", "NO_HP_1": "0852-5222-2976", "NAMA_PEMIL": "Pemerintah Desa", "N_PETAK": "TDB625", "LUAS_HA": 0.48948746192999998, "PAKET": "Paket Sulawesi Selatan 14" }, "geometry": { "type": "MultiPolygon", "coordinates": [ [ [ [ 120.428036685444795, -2.706548714651433, 0.0 ], [ 120.427591483260358, -2.706606503287446, 0.0 ], [ 120.427545392106254, -2.705714519709261, 0.0 ], [ 120.428013881335573, -2.705644324026309, 0.0 ], [ 120.427995223101107, -2.706170902265285, 0.0 ], [ 120.428036685444795, -2.706548714651433, 0.0 ] ] ] ] } },
{ "type": "Feature", "properties": { "OBJECTID": 2918, "WADMPR": "Sulawesi Selatan", "WADMKK": "Kab. Luwu Utara", "WADMKC": "Kec. Malangke", "WADMKD": "Desa Tolada", "POKTAN": "Gapoktan Reso Temangingngi", "K_POKTAN": "A. Ahmaluddin", "P_SID": "Universitas Negeri Makassar", "NO_HP_1": "0852-5222-2976", "NAMA_PEMIL": "Pemerintah Desa", "N_PETAK": "TDB626", "LUAS_HA": 2.10995297918, "PAKET": "Paket Sulawesi Selatan 14" }, "geometry": { "type": "MultiPolygon", "coordinates": [ [ [ [ 120.427591483260358, -2.706606503287446, 0.0 ], [ 120.426518449966579, -2.706795888819158, 0.0 ], [ 120.426120015226616, -2.706859220876311, 0.0 ], [ 120.425725297384588, -2.706425447276501, 0.0 ], [ 120.425680625360656, -2.705893376877782, 0.0 ], [ 120.426559694674211, -2.705792953182197, 0.0 ], [ 120.427545392106254, -2.705714519709261, 0.0 ], [ 120.427591483260358, -2.706606503287446, 0.0 ] ] ] ] } },
{ "type": "Feature", "properties": { "OBJECTID": 2919, "WADMPR": "Sulawesi Selatan", "WADMKK": "Kab. Luwu Utara", "WADMKC": "Kec. Malangke", "WADMKD": "Desa Tolada", "POKTAN": "Gapoktan Reso Temangingngi", "K_POKTAN": "A. Ahmaluddin", "P_SID": "Universitas Negeri Makassar", "NO_HP_1": "0852-5222-2976", "NAMA_PEMIL": "Pemerintah Desa", "N_PETAK": "TDB627", "LUAS_HA": 0.13312463633, "PAKET": "Paket Sulawesi Selatan 14" }, "geometry": { "type": "MultiPolygon", "coordinates": [ [ [ [ 120.426502658770801, -2.707341871729966, 0.0 ], [ 120.426120015226616, -2.706859220876311, 0.0 ], [ 120.426518449966579, -2.706795888819158, 0.0 ], [ 120.426502658770801, -2.707341871729966, 0.0 ] ] ] ] } },
{ "type": "Feature", "properties": { "OBJECTID": 2920, "WADMPR": "Sulawesi Selatan", "WADMKK": "Kab. Luwu Utara", "WADMKC": "Kec. Malangke", "WADMKD": "Desa Tolada", "POKTAN": "Gapoktan Reso Temangingngi", "K_POKTAN": "A. Ahmaluddin", "P_SID": "Universitas Negeri Makassar", "NO_HP_1": "0852-5222-2976", "NAMA_PEMIL": "Pemerintah Desa", "N_PETAK": "TDB628", "LUAS_HA": 0.17322465282, "PAKET": "Paket Sulawesi Selatan 14" }, "geometry": { "type": "MultiPolygon", "coordinates": [ [ [ [ 120.427339298969514, -2.70769584128999, 0.0 ], [ 120.427305205670791, -2.708226010521912, 0.0 ], [ 120.426807942632536, -2.707694200027277, 0.0 ], [ 120.427339298969514, -2.70769584128999, 0.0 ] ] ] ] } },
{ "type": "Feature", "properties": { "OBJECTID": 2921, "WADMPR": "Sulawesi Selatan", "WADMKK": "Kab. Luwu Utara", "WADMKC": "Kec. Malangke", "WADMKD": "Desa Tolada", "POKTAN": "Gapoktan Reso Temangingngi", "K_POKTAN": "A. Ahmaluddin", "P_SID": "Universitas Negeri Makassar", "NO_HP_1": "0852-5222-2976", "NAMA_PEMIL": "Pemerintah Desa", "N_PETAK": "TDB629", "LUAS_HA": 0.06511438746000001, "PAKET": "Paket Sulawesi Selatan 14" }, "geometry": { "type": "MultiPolygon", "coordinates": [ [ [ [ 120.426807942632536, -2.707694200027277, 0.0 ], [ 120.426502658770801, -2.707341871729966, 0.0 ], [ 120.42677576039307, -2.707310122064428, 0.0 ], [ 120.426807942632536, -2.707694200027277, 0.0 ] ] ] ] } },
{ "type": "Feature", "properties": { "OBJECTID": 2922, "WADMPR": "Sulawesi Selatan", "WADMKK": "Kab. Luwu Utara", "WADMKC": "Kec. Malangke", "WADMKD": "Desa Tolada", "POKTAN": "Gapoktan Reso Temangingngi", "K_POKTAN": "A. Ahmaluddin", "P_SID": "Universitas Negeri Makassar", "NO_HP_1": "0852-5222-2976", "NAMA_PEMIL": "Pemerintah Desa", "N_PETAK": "TDB630", "LUAS_HA": 1.6632815944099999, "PAKET": "Paket Sulawesi Selatan 14" }, "geometry": { "type": "MultiPolygon", "coordinates": [ [ [ [ 120.427215372391629, -2.708868415145218, 0.0 ], [ 120.427802875202588, -2.708889308194955, 0.0 ], [ 120.427157012686052, -2.710149191831704, 0.0 ], [ 120.426904319378878, -2.710571071897391, 0.0 ], [ 120.426879554747757, -2.710542447375985, 0.0 ], [ 120.426887244850491, -2.7105300088528, 0.0 ], [ 120.426613186349527, -2.710361881495601, 0.0 ], [ 120.426609335452554, -2.71035189992017, 0.0 ], [ 120.426587584449521, -2.710319124128205, 0.0 ], [ 120.426559557078008, -2.710295301087228, 0.0 ], [ 120.426526161653101, -2.710276909052084, 0.0 ], [ 120.426415344492625, -2.710232651615513, 0.0 ], [ 120.426381401380581, -2.710214967346815, 0.0 ], [ 120.426352345184682, -2.710192415047857, 0.0 ], [ 120.426329687664975, -2.71016347576375, 0.0 ], [ 120.426311904470822, -2.710129672945982, 0.0 ], [ 120.426268259472636, -2.710021682354693, 0.0 ], [ 120.426277857037576, -2.710012832126438, 0.0 ], [ 120.426059544812233, -2.709778229581559, 0.0 ], [ 120.426627985593086, -2.709805153484979, 0.0 ], [ 120.426761716580017, -2.708849101304907, 0.0 ], [ 120.427215372391629, -2.708868415145218, 0.0 ] ] ] ] } },
{ "type": "Feature", "properties": { "OBJECTID": 2923, "WADMPR": "Sulawesi Selatan", "WADMKK": "Kab. Luwu Utara", "WADMKC": "Kec. Malangke", "WADMKD": "Desa Tolada", "POKTAN": "Gapoktan Reso Temangingngi", "K_POKTAN": "A. Ahmaluddin", "P_SID": "Universitas Negeri Makassar", "NO_HP_1": "0852-5222-2976", "NAMA_PEMIL": "Pemerintah Desa", "N_PETAK": "TDB631", "LUAS_HA": 1.65017988429, "PAKET": "Paket Sulawesi Selatan 14" }, "geometry": { "type": "MultiPolygon", "coordinates": [ [ [ [ 120.428791350640381, -2.711070057137363, 0.0 ], [ 120.428486797927462, -2.710902583587313, 0.0 ], [ 120.428693440549864, -2.710553231146662, 0.0 ], [ 120.427440646268906, -2.709704798137864, 0.0 ], [ 120.427835745423408, -2.70890871286673, 0.0 ], [ 120.429197533039769, -2.710426509475781, 0.0 ], [ 120.428791350640381, -2.711070057137363, 0.0 ] ] ] ] } },
{ "type": "Feature", "properties": { "OBJECTID": 2924, "WADMPR": "Sulawesi Selatan", "WADMKK": "Kab. Luwu Utara", "WADMKC": "Kec. Malangke", "WADMKD": "Desa Tolada", "POKTAN": "Gapoktan Reso Temangingngi", "K_POKTAN": "A. Ahmaluddin", "P_SID": "Universitas Negeri Makassar", "NO_HP_1": "0852-5222-2976", "NAMA_PEMIL": "Pemerintah Desa", "N_PETAK": "TDB632", "LUAS_HA": 0.84549035325, "PAKET": "Paket Sulawesi Selatan 14" }, "geometry": { "type": "MultiPolygon", "coordinates": [ [ [ [ 120.428486797927462, -2.710902583587313, 0.0 ], [ 120.427207398102951, -2.710166389567178, 0.0 ], [ 120.427440646268906, -2.709704798137864, 0.0 ], [ 120.428693440549864, -2.710553231146662, 0.0 ], [ 120.428486797927462, -2.710902583587313, 0.0 ] ] ] ] } },
{ "type": "Feature", "properties": { "OBJECTID": 2925, "WADMPR": "Sulawesi Selatan", "WADMKK": "Kab. Luwu Utara", "WADMKC": "Kec. Malangke", "WADMKD": "Desa Tolada", "POKTAN": "Gapoktan Reso Temangingngi", "K_POKTAN": "A. Ahmaluddin", "P_SID": "Universitas Negeri Makassar", "NO_HP_1": "0852-5222-2976", "NAMA_PEMIL": "Pemerintah Desa", "N_PETAK": "TDB633", "LUAS_HA": 0.46424856089, "PAKET": "Paket Sulawesi Selatan 14" }, "geometry": { "type": "MultiPolygon", "coordinates": [ [ [ [ 120.42726532613392, -2.70828191507826, 0.0 ], [ 120.427215372391629, -2.708868415145218, 0.0 ], [ 120.426761716580017, -2.708849101304907, 0.0 ], [ 120.426837518636603, -2.70779451400557, 0.0 ], [ 120.42726532613392, -2.70828191507826, 0.0 ] ] ] ] } },
{ "type": "Feature", "properties": { "OBJECTID": 2926, "WADMPR": "Sulawesi Selatan", "WADMKK": "Kab. Luwu Utara", "WADMKC": "Kec. Malangke", "WADMKD": "Desa Tolada", "POKTAN": "Gapoktan Reso Temangingngi", "K_POKTAN": "A. Ahmaluddin", "P_SID": "Universitas Negeri Makassar", "NO_HP_1": "0852-5222-2976", "NAMA_PEMIL": "Pemerintah Desa", "N_PETAK": "TDB634", "LUAS_HA": 0.21247817471, "PAKET": "Paket Sulawesi Selatan 14" }, "geometry": { "type": "MultiPolygon", "coordinates": [ [ [ [ 120.427802875202588, -2.708889308194955, 0.0 ], [ 120.427215372391629, -2.708868415145218, 0.0 ], [ 120.42726532613392, -2.70828191507826, 0.0 ], [ 120.427802875202588, -2.708889308194955, 0.0 ] ] ] ] } },
{ "type": "Feature", "properties": { "OBJECTID": 2927, "WADMPR": "Sulawesi Selatan", "WADMKK": "Kab. Luwu Utara", "WADMKC": "Kec. Malangke", "WADMKD": "Desa Tolada", "POKTAN": "Gapoktan Reso Temangingngi", "K_POKTAN": "A. Ahmaluddin", "P_SID": "Universitas Negeri Makassar", "NO_HP_1": "0852-5222-2976", "NAMA_PEMIL": "Pemerintah Desa", "N_PETAK": "TDB635", "LUAS_HA": 0.89766968170999994, "PAKET": "Paket Sulawesi Selatan 14" }, "geometry": { "type": "MultiPolygon", "coordinates": [ [ [ [ 120.426837518636603, -2.70779451400557, 0.0 ], [ 120.426761716580017, -2.708849101304907, 0.0 ], [ 120.426114667857746, -2.708808368311509, 0.0 ], [ 120.426176665320895, -2.707726465004328, 0.0 ], [ 120.426755564317887, -2.707702120356544, 0.0 ], [ 120.426837518636603, -2.70779451400557, 0.0 ] ] ] ] } },
{ "type": "Feature", "properties": { "OBJECTID": 2928, "WADMPR": "Sulawesi Selatan", "WADMKK": "Kab. Luwu Utara", "WADMKC": "Kec. Malangke", "WADMKD": "Desa Tolada", "POKTAN": "Gapoktan Reso Temangingngi", "K_POKTAN": "A. Ahmaluddin", "P_SID": "Universitas Negeri Makassar", "NO_HP_1": "0852-5222-2976", "NAMA_PEMIL": "Pemerintah Desa", "N_PETAK": "TDB636", "LUAS_HA": 3.4736985838800001, "PAKET": "Paket Sulawesi Selatan 14" }, "geometry": { "type": "MultiPolygon", "coordinates": [ [ [ [ 120.426755564317887, -2.707702120356544, 0.0 ], [ 120.426176665320895, -2.707726465004328, 0.0 ], [ 120.426114667857746, -2.708808368311509, 0.0 ], [ 120.426761716580017, -2.708849101304907, 0.0 ], [ 120.426627985593086, -2.709805153484979, 0.0 ], [ 120.426059544812233, -2.709778229581559, 0.0 ], [ 120.425918190272341, -2.709895604598444, 0.0 ], [ 120.425844016887936, -2.70989001980854, 0.0 ], [ 120.425571407194752, -2.709722780981508, 0.0 ], [ 120.425546359277178, -2.709657557650132, 0.0 ], [ 120.425528583277583, -2.709623470646591, 0.0 ], [ 120.42550539695651, -2.709594731911295, 0.0 ], [ 120.425473280367669, -2.709572246162168, 0.0 ], [ 120.425434497104447, -2.709556333557884, 0.0 ], [ 120.425390787355013, -2.709545238621843, 0.0 ], [ 120.42534348391473, -2.709537617766784, 0.0 ], [ 120.425257722765764, -2.709530345848748, 0.0 ], [ 120.424912985645847, -2.709318857679079, 0.0 ], [ 120.424910260700017, -2.709256369186051, 0.0 ], [ 120.42488039871148, -2.708460536624443, 0.0 ], [ 120.425551962053419, -2.70869014163668, 0.0 ], [ 120.425555446027033, -2.707786598172902, 0.0 ], [ 120.425567558995681, -2.707307016705386, 0.0 ], [ 120.426309167833892, -2.707213525883446, 0.0 ], [ 120.426755564317887, -2.707702120356544, 0.0 ] ] ] ] } },
{ "type": "Feature", "properties": { "OBJECTID": 2929, "WADMPR": "Sulawesi Selatan", "WADMKK": "Kab. Luwu Utara", "WADMKC": "Kec. Malangke", "WADMKD": "Desa Tolada", "POKTAN": "Gapoktan Reso Temangingngi", "K_POKTAN": "A. Ahmaluddin", "P_SID": "Universitas Negeri Makassar", "NO_HP_1": "0852-5222-2976", "NAMA_PEMIL": "Pemerintah Desa", "N_PETAK": "TDB637", "LUAS_HA": 0.55904595839000004, "PAKET": "Paket Sulawesi Selatan 14" }, "geometry": { "type": "MultiPolygon", "coordinates": [ [ [ [ 120.42488039871148, -2.708460536624443, 0.0 ], [ 120.424894204204179, -2.708360372832885, 0.0 ], [ 120.425016817771962, -2.707995184230299, 0.0 ], [ 120.425095795334755, -2.707815706529573, 0.0 ], [ 120.425555446027033, -2.707786598172902, 0.0 ], [ 120.42554836836257, -2.70868204863757, 0.0 ], [ 120.42488039871148, -2.708460536624443, 0.0 ] ] ] ] } },
{ "type": "Feature", "properties": { "OBJECTID": 2930, "WADMPR": "Sulawesi Selatan", "WADMKK": "Kab. Luwu Utara", "WADMKC": "Kec. Malangke", "WADMKD": "Desa Tolada", "POKTAN": "Gapoktan Reso Temangingngi", "K_POKTAN": "A. Ahmaluddin", "P_SID": "Universitas Negeri Makassar", "NO_HP_1": "0852-5222-2976", "NAMA_PEMIL": "Pemerintah Desa", "N_PETAK": "TDB638", "LUAS_HA": 0.51156023005999995, "PAKET": "Paket Sulawesi Selatan 14" }, "geometry": { "type": "MultiPolygon", "coordinates": [ [ [ [ 120.425016817771962, -2.707995184230299, 0.0 ], [ 120.424894204204179, -2.708360372832885, 0.0 ], [ 120.424181138948484, -2.70812562189991, 0.0 ], [ 120.424219421289308, -2.707973463804251, 0.0 ], [ 120.423663884880398, -2.707817224585199, 0.0 ], [ 120.423693269328965, -2.70759326641604, 0.0 ], [ 120.425016817771962, -2.707995184230299, 0.0 ] ] ] ] } },
{ "type": "Feature", "properties": { "OBJECTID": 2931, "WADMPR": "Sulawesi Selatan", "WADMKK": "Kab. Luwu Utara", "WADMKC": "Kec. Malangke", "WADMKD": "Desa Tolada", "POKTAN": "Gapoktan Reso Temangingngi", "K_POKTAN": "A. Ahmaluddin", "P_SID": "Universitas Negeri Makassar", "NO_HP_1": "0852-5222-2976", "NAMA_PEMIL": "Pemerintah Desa", "N_PETAK": "TDB639", "LUAS_HA": 1.50605481323, "PAKET": "Paket Sulawesi Selatan 14" }, "geometry": { "type": "MultiPolygon", "coordinates": [ [ [ [ 120.425509762265733, -2.705011871300769, 0.0 ], [ 120.425125071864613, -2.705062906927537, 0.0 ], [ 120.424618177986531, -2.705131677185079, 0.0 ], [ 120.424193297782494, -2.70518969155097, 0.0 ], [ 120.424068746175749, -2.704300319604044, 0.0 ], [ 120.42543796578957, -2.704103317713873, 0.0 ], [ 120.425509762265733, -2.705011871300769, 0.0 ] ] ] ] } },
{ "type": "Feature", "properties": { "OBJECTID": 2932, "WADMPR": "Sulawesi Selatan", "WADMKK": "Kab. Luwu Utara", "WADMKC": "Kec. Malangke", "WADMKD": "Desa Tolada", "POKTAN": "Gapoktan Reso Temangingngi", "K_POKTAN": "A. Ahmaluddin", "P_SID": "Universitas Negeri Makassar", "NO_HP_1": "0852-5222-2976", "NAMA_PEMIL": "Pemerintah Desa", "N_PETAK": "TDB640", "LUAS_HA": 0.58075059316, "PAKET": "Paket Sulawesi Selatan 14" }, "geometry": { "type": "MultiPolygon", "coordinates": [ [ [ [ 120.428381341625709, -2.704666316697114, 0.0 ], [ 120.427930952151769, -2.704784540673984, 0.0 ], [ 120.427770541877067, -2.703764274201831, 0.0 ], [ 120.428243446777742, -2.703699480746366, 0.0 ], [ 120.428381341625709, -2.704666316697114, 0.0 ] ] ] ] } },
{ "type": "Feature", "properties": { "OBJECTID": 2933, "WADMPR": "Sulawesi Selatan", "WADMKK": "Kab. Luwu Utara", "WADMKC": "Kec. Malangke", "WADMKD": "Desa Tolada", "POKTAN": "Gapoktan Reso Temangingngi", "K_POKTAN": "A. Ahmaluddin", "P_SID": "Universitas Negeri Makassar", "NO_HP_1": "0852-5222-2976", "NAMA_PEMIL": "Pemerintah Desa", "N_PETAK": "TDB641", "LUAS_HA": 1.1773601629599999, "PAKET": "Paket Sulawesi Selatan 14" }, "geometry": { "type": "MultiPolygon", "coordinates": [ [ [ [ 120.427930952151769, -2.704784540673984, 0.0 ], [ 120.428013881335573, -2.705644324026309, 0.0 ], [ 120.427545392106254, -2.705714519709261, 0.0 ], [ 120.427266301898385, -2.703850848337936, 0.0 ], [ 120.427770541877067, -2.703764274201831, 0.0 ], [ 120.427930952151769, -2.704784540673984, 0.0 ] ] ] ] } },
{ "type": "Feature", "properties": { "OBJECTID": 2934, "WADMPR": "Sulawesi Selatan", "WADMKK": "Kab. Luwu Utara", "WADMKC": "Kec. Malangke", "WADMKD": "Desa Tolada", "POKTAN": "Gapoktan Reso Temangingngi", "K_POKTAN": "A. Ahmaluddin", "P_SID": "Universitas Negeri Makassar", "NO_HP_1": "0852-5222-2976", "NAMA_PEMIL": "Pemerintah Desa", "N_PETAK": "TDB642", "LUAS_HA": 2.6499998283, "PAKET": "Paket Sulawesi Selatan 14" }, "geometry": { "type": "MultiPolygon", "coordinates": [ [ [ [ 120.427545392106254, -2.705714519709261, 0.0 ], [ 120.426559694674211, -2.705792953182197, 0.0 ], [ 120.426485899904378, -2.704511706150299, 0.0 ], [ 120.425525246792745, -2.704554104688157, 0.0 ], [ 120.425510385495954, -2.704099977631813, 0.0 ], [ 120.427266301898385, -2.703850848337936, 0.0 ], [ 120.427545392106254, -2.705714519709261, 0.0 ] ] ] ] } },
{ "type": "Feature", "properties": { "OBJECTID": 2935, "WADMPR": "Sulawesi Selatan", "WADMKK": "Kab. Luwu Utara", "WADMKC": "Kec. Malangke", "WADMKD": "Desa Tolada", "POKTAN": "Gapoktan Reso Temangingngi", "K_POKTAN": "A. Ahmaluddin", "P_SID": "Universitas Negeri Makassar", "NO_HP_1": "0852-5222-2976", "NAMA_PEMIL": "Pemerintah Desa", "N_PETAK": "TDB643", "LUAS_HA": 1.1521093363, "PAKET": "Paket Sulawesi Selatan 14" }, "geometry": { "type": "MultiPolygon", "coordinates": [ [ [ [ 120.429664405288122, -2.705316056191009, 0.0 ], [ 120.429654153016827, -2.706340482027599, 0.0 ], [ 120.429013690029819, -2.706411664266852, 0.0 ], [ 120.428758227710091, -2.706439961435024, 0.0 ], [ 120.428726912417119, -2.705480433375271, 0.0 ], [ 120.428940401578302, -2.705410676561428, 0.0 ], [ 120.429458334634546, -2.705312395050953, 0.0 ], [ 120.429664405288122, -2.705316056191009, 0.0 ] ] ] ] } },
{ "type": "Feature", "properties": { "OBJECTID": 2936, "WADMPR": "Sulawesi Selatan", "WADMKK": "Kab. Luwu Utara", "WADMKC": "Kec. Malangke", "WADMKD": "Desa Tolada", "POKTAN": "Gapoktan Reso Temangingngi", "K_POKTAN": "A. Ahmaluddin", "P_SID": "Universitas Negeri Makassar", "NO_HP_1": "0852-5222-2976", "NAMA_PEMIL": "Pemerintah Desa", "N_PETAK": "TDB644", "LUAS_HA": 0.60268072032999997, "PAKET": "Paket Sulawesi Selatan 14" }, "geometry": { "type": "MultiPolygon", "coordinates": [ [ [ [ 120.430158105212399, -2.705316726185913, 0.0 ], [ 120.43014522422277, -2.706284538800389, 0.0 ], [ 120.429654153016827, -2.706340482027599, 0.0 ], [ 120.429664405288122, -2.705316056191009, 0.0 ], [ 120.430158105212399, -2.705316726185913, 0.0 ] ] ] ] } },
{ "type": "Feature", "properties": { "OBJECTID": 2937, "WADMPR": "Sulawesi Selatan", "WADMKK": "Kab. Luwu Utara", "WADMKC": "Kec. Malangke", "WADMKD": "Desa Tolada", "POKTAN": "Gapoktan Reso Temangingngi", "K_POKTAN": "A. Ahmaluddin", "P_SID": "Universitas Negeri Makassar", "NO_HP_1": "0852-5222-2976", "NAMA_PEMIL": "Pemerintah Desa", "N_PETAK": "TDB645", "LUAS_HA": 2.3323299889700002, "PAKET": "Paket Sulawesi Selatan 14" }, "geometry": { "type": "MultiPolygon", "coordinates": [ [ [ [ 120.431083356511749, -2.703376280590817, 0.0 ], [ 120.431503843527594, -2.705267606115058, 0.0 ], [ 120.431040025376888, -2.705298047267036, 0.0 ], [ 120.430453858059195, -2.705321790268385, 0.0 ], [ 120.430176789527309, -2.70341370048186, 0.0 ], [ 120.430604204020824, -2.703354070034266, 0.0 ], [ 120.431083356511749, -2.703376280590817, 0.0 ] ] ] ] } },
{ "type": "Feature", "properties": { "OBJECTID": 2938, "WADMPR": "Sulawesi Selatan", "WADMKK": "Kab. Luwu Utara", "WADMKC": "Kec. Malangke", "WADMKD": "Desa Tolada", "POKTAN": "Gapoktan Reso Temangingngi", "K_POKTAN": "A. Ahmaluddin", "P_SID": "Universitas Negeri Makassar", "NO_HP_1": "0852-5222-2976", "NAMA_PEMIL": "Pemerintah Desa", "N_PETAK": "TDB646", "LUAS_HA": 1.0340975164699999, "PAKET": "Paket Sulawesi Selatan 14" }, "geometry": { "type": "MultiPolygon", "coordinates": [ [ [ [ 120.431077038774333, -2.7061945922066, 0.0 ], [ 120.43014522422277, -2.706284538800389, 0.0 ], [ 120.430158105212399, -2.705316726185913, 0.0 ], [ 120.430453858059195, -2.705321790268385, 0.0 ], [ 120.431040025376888, -2.705298047267036, 0.0 ], [ 120.431077038774333, -2.7061945922066, 0.0 ] ] ] ] } },
{ "type": "Feature", "properties": { "OBJECTID": 2939, "WADMPR": "Sulawesi Selatan", "WADMKK": "Kab. Luwu Utara", "WADMKC": "Kec. Malangke", "WADMKD": "Desa Tolada", "POKTAN": "Gapoktan Reso Temangingngi", "K_POKTAN": "A. Ahmaluddin", "P_SID": "Universitas Negeri Makassar", "NO_HP_1": "0852-5222-2976", "NAMA_PEMIL": "Pemerintah Desa", "N_PETAK": "TDB647", "LUAS_HA": 1.64996083057, "PAKET": "Paket Sulawesi Selatan 14" }, "geometry": { "type": "MultiPolygon", "coordinates": [ [ [ [ 120.438989427919864, -2.705990356169934, 0.0 ], [ 120.438633350348937, -2.706787551204457, 0.0 ], [ 120.437516024544948, -2.706309868205778, 0.0 ], [ 120.437752229681678, -2.705714231026889, 0.0 ], [ 120.437922223132205, -2.705323984614154, 0.0 ], [ 120.439083461932228, -2.705776317522975, 0.0 ], [ 120.438989427919864, -2.705990356169934, 0.0 ] ] ] ] } },
{ "type": "Feature", "properties": { "OBJECTID": 2940, "WADMPR": "Sulawesi Selatan", "WADMKK": "Kab. Luwu Utara", "WADMKC": "Kec. Malangke", "WADMKD": "Desa Tolada", "POKTAN": "Gapoktan Reso Temangingngi", "K_POKTAN": "A. Ahmaluddin", "P_SID": "Universitas Negeri Makassar", "NO_HP_1": "0852-5222-2976", "NAMA_PEMIL": "Pemerintah Desa", "N_PETAK": "TDB648", "LUAS_HA": 0.98948500384000004, "PAKET": "Paket Sulawesi Selatan 14" }, "geometry": { "type": "MultiPolygon", "coordinates": [ [ [ [ 120.437922223132205, -2.705323984614154, 0.0 ], [ 120.437752229681678, -2.705714231026889, 0.0 ], [ 120.437537870876099, -2.705621299583242, 0.0 ], [ 120.437252698553266, -2.706179048324373, 0.0 ], [ 120.436722740662049, -2.705934166528493, 0.0 ], [ 120.436901768701773, -2.705537355964168, 0.0 ], [ 120.437271872099245, -2.704745751115468, 0.0 ], [ 120.437408176046574, -2.704823595532446, 0.0 ], [ 120.437321551548393, -2.705090546691338, 0.0 ], [ 120.437525535774967, -2.705203408910165, 0.0 ], [ 120.437634140603222, -2.704923818679219, 0.0 ], [ 120.437805561277742, -2.704998699830071, 0.0 ], [ 120.437682712986884, -2.705269174532759, 0.0 ], [ 120.437922223132205, -2.705323984614154, 0.0 ] ] ] ] } },
{ "type": "Feature", "properties": { "OBJECTID": 2941, "WADMPR": "Sulawesi Selatan", "WADMKK": "Kab. Luwu Utara", "WADMKC": "Kec. Malangke", "WADMKD": "Desa Tolada", "POKTAN": "Gapoktan Reso Temangingngi", "K_POKTAN": "A. Ahmaluddin", "P_SID": "Universitas Negeri Makassar", "NO_HP_1": "0852-5222-2976", "NAMA_PEMIL": "Pemerintah Desa", "N_PETAK": "TDB649", "LUAS_HA": 0.20521971287, "PAKET": "Paket Sulawesi Selatan 14" }, "geometry": { "type": "MultiPolygon", "coordinates": [ [ [ [ 120.437752229681678, -2.705714231026889, 0.0 ], [ 120.437516024544948, -2.706309868205778, 0.0 ], [ 120.437252698553266, -2.706179048324373, 0.0 ], [ 120.437537870876099, -2.705621299583242, 0.0 ], [ 120.437752229681678, -2.705714231026889, 0.0 ] ] ] ] } },
{ "type": "Feature", "properties": { "OBJECTID": 2942, "WADMPR": "Sulawesi Selatan", "WADMKK": "Kab. Luwu Utara", "WADMKC": "Kec. Malangke", "WADMKD": "Desa Tolada", "POKTAN": "Gapoktan Reso Temangingngi", "K_POKTAN": "A. Ahmaluddin", "P_SID": "Universitas Negeri Makassar", "NO_HP_1": "0852-5222-2976", "NAMA_PEMIL": "Pemerintah Desa", "N_PETAK": "TDB650", "LUAS_HA": 0.64883001945999996, "PAKET": "Paket Sulawesi Selatan 14" }, "geometry": { "type": "MultiPolygon", "coordinates": [ [ [ [ 120.438633350348937, -2.706787551204457, 0.0 ], [ 120.438631632643819, -2.706790780669962, 0.0 ], [ 120.43841626120161, -2.707195661750347, 0.0 ], [ 120.437374611549103, -2.70672133951814, 0.0 ], [ 120.437516024544948, -2.706309868205778, 0.0 ], [ 120.438633350348937, -2.706787551204457, 0.0 ] ] ] ] } },
{ "type": "Feature", "properties": { "OBJECTID": 2943, "WADMPR": "Sulawesi Selatan", "WADMKK": "Kab. Luwu Utara", "WADMKC": "Kec. Malangke", "WADMKD": "Desa Tolada", "POKTAN": "Gapoktan Reso Temangingngi", "K_POKTAN": "A. Ahmaluddin", "P_SID": "Universitas Negeri Makassar", "NO_HP_1": "0852-5222-2976", "NAMA_PEMIL": "Pemerintah Desa", "N_PETAK": "TDB651", "LUAS_HA": 0.50044165162999998, "PAKET": "Paket Sulawesi Selatan 14" }, "geometry": { "type": "MultiPolygon", "coordinates": [ [ [ [ 120.437252698553266, -2.706179048324373, 0.0 ], [ 120.437516024544948, -2.706309868205778, 0.0 ], [ 120.437374611549103, -2.70672133951814, 0.0 ], [ 120.437056922439069, -2.706586483479384, 0.0 ], [ 120.436523003034267, -2.706344609016469, 0.0 ], [ 120.436722740662049, -2.705934166528493, 0.0 ], [ 120.437252698553266, -2.706179048324373, 0.0 ] ] ] ] } },
{ "type": "Feature", "properties": { "OBJECTID": 2944, "WADMPR": "Sulawesi Selatan", "WADMKK": "Kab. Luwu Utara", "WADMKC": "Kec. Malangke", "WADMKD": "Desa Tolada", "POKTAN": "Gapoktan Reso Temangingngi", "K_POKTAN": "A. Ahmaluddin", "P_SID": "Universitas Negeri Makassar", "NO_HP_1": "0852-5222-2976", "NAMA_PEMIL": "Pemerintah Desa", "N_PETAK": "TDB652", "LUAS_HA": 1.8564431159100001, "PAKET": "Paket Sulawesi Selatan 14" }, "geometry": { "type": "MultiPolygon", "coordinates": [ [ [ [ 120.436901768701773, -2.705537355964168, 0.0 ], [ 120.436722740662049, -2.705934166528493, 0.0 ], [ 120.436523003034267, -2.706344609016469, 0.0 ], [ 120.436301778804136, -2.706776915821933, 0.0 ], [ 120.436557156587583, -2.706887303106498, 0.0 ], [ 120.436134319643202, -2.707750880698541, 0.0 ], [ 120.43593799044595, -2.707673171179863, 0.0 ], [ 120.435749869361075, -2.707067919348958, 0.0 ], [ 120.435614658090117, -2.706529232637934, 0.0 ], [ 120.43637364272945, -2.705321380177509, 0.0 ], [ 120.436901768701773, -2.705537355964168, 0.0 ] ] ] ] } },
{ "type": "Feature", "properties": { "OBJECTID": 2945, "WADMPR": "Sulawesi Selatan", "WADMKK": "Kab. Luwu Utara", "WADMKC": "Kec. Malangke", "WADMKD": "Desa Tolada", "POKTAN": "Gapoktan Reso Temangingngi", "K_POKTAN": "A. Ahmaluddin", "P_SID": "Universitas Negeri Makassar", "NO_HP_1": "0852-5222-2976", "NAMA_PEMIL": "Pemerintah Desa", "N_PETAK": "TDB653", "LUAS_HA": 0.56846658056, "PAKET": "Paket Sulawesi Selatan 14" }, "geometry": { "type": "MultiPolygon", "coordinates": [ [ [ [ 120.437271872099245, -2.704745751115468, 0.0 ], [ 120.436901768701773, -2.705537355964168, 0.0 ], [ 120.43637364272945, -2.705321380177509, 0.0 ], [ 120.436814195418833, -2.704564054787227, 0.0 ], [ 120.437271872099245, -2.704745751115468, 0.0 ] ] ] ] } },
{ "type": "Feature", "properties": { "OBJECTID": 2946, "WADMPR": "Sulawesi Selatan", "WADMKK": "Kab. Luwu Utara", "WADMKC": "Kec. Malangke", "WADMKD": "Desa Tolada", "POKTAN": "Gapoktan Reso Temangingngi", "K_POKTAN": "A. Ahmaluddin", "P_SID": "Universitas Negeri Makassar", "NO_HP_1": "0852-5222-2976", "NAMA_PEMIL": "Pemerintah Desa", "N_PETAK": "TDB654", "LUAS_HA": 0.45903378339000001, "PAKET": "Paket Sulawesi Selatan 14" }, "geometry": { "type": "MultiPolygon", "coordinates": [ [ [ [ 120.437864963297443, -2.704495659546978, 0.0 ], [ 120.437423793673247, -2.704305988930173, 0.0 ], [ 120.437754844010897, -2.703591823803606, 0.0 ], [ 120.438185009530571, -2.703773463474533, 0.0 ], [ 120.437864963297443, -2.704495659546978, 0.0 ] ] ] ] } },
{ "type": "Feature", "properties": { "OBJECTID": 2947, "WADMPR": "Sulawesi Selatan", "WADMKK": "Kab. Luwu Utara", "WADMKC": "Kec. Malangke", "WADMKD": "Desa Tolada", "POKTAN": "Gapoktan Reso Temangingngi", "K_POKTAN": "A. Ahmaluddin", "P_SID": "Universitas Negeri Makassar", "NO_HP_1": "0852-5222-2976", "NAMA_PEMIL": "Pemerintah Desa", "N_PETAK": "TDB655", "LUAS_HA": 0.46581390177999998, "PAKET": "Paket Sulawesi Selatan 14" }, "geometry": { "type": "MultiPolygon", "coordinates": [ [ [ [ 120.438169978261953, -2.702708735419776, 0.0 ], [ 120.437754844010897, -2.703591823803606, 0.0 ], [ 120.437423793673247, -2.704305988930173, 0.0 ], [ 120.437232319016402, -2.704234557578729, 0.0 ], [ 120.437945833033837, -2.702644030997192, 0.0 ], [ 120.438169978261953, -2.702708735419776, 0.0 ] ] ] ] } },
{ "type": "Feature", "properties": { "OBJECTID": 2948, "WADMPR": "Sulawesi Selatan", "WADMKK": "Kab. Luwu Utara", "WADMKC": "Kec. Malangke", "WADMKD": "Desa Tolada", "POKTAN": "Gapoktan Reso Temangingngi", "K_POKTAN": "A. Ahmaluddin", "P_SID": "Universitas Negeri Makassar", "NO_HP_1": "0852-5222-2976", "NAMA_PEMIL": "Pemerintah Desa", "N_PETAK": "TDB656", "LUAS_HA": 3.50445911546, "PAKET": "Paket Sulawesi Selatan 14" }, "geometry": { "type": "MultiPolygon", "coordinates": [ [ [ [ 120.438582598907828, -2.702845453055147, 0.0 ], [ 120.438480200301115, -2.703135229007557, 0.0 ], [ 120.439061417750281, -2.70340784409666, 0.0 ], [ 120.438944757694458, -2.70355828718516, 0.0 ], [ 120.440121210325628, -2.704085139717392, 0.0 ], [ 120.440124131323614, -2.704086448230953, 0.0 ], [ 120.440123707742941, -2.704087082253011, 0.0 ], [ 120.439419472930354, -2.705139773781468, 0.0 ], [ 120.437864963297443, -2.704495659546978, 0.0 ], [ 120.438185009530571, -2.703773463474533, 0.0 ], [ 120.437754844010897, -2.703591823803606, 0.0 ], [ 120.438169978261953, -2.702708735419776, 0.0 ], [ 120.438582598907828, -2.702845453055147, 0.0 ] ] ] ] } },
{ "type": "Feature", "properties": { "OBJECTID": 2949, "WADMPR": "Sulawesi Selatan", "WADMKK": "Kab. Luwu Utara", "WADMKC": "Kec. Malangke", "WADMKD": "Desa Tolada", "POKTAN": "Gapoktan Reso Temangingngi", "K_POKTAN": "A. Ahmaluddin", "P_SID": "Universitas Negeri Makassar", "NO_HP_1": "0852-5222-2976", "NAMA_PEMIL": "Pemerintah Desa", "N_PETAK": "TDB657", "LUAS_HA": 2.6442871376500001, "PAKET": "Paket Sulawesi Selatan 14" }, "geometry": { "type": "MultiPolygon", "coordinates": [ [ [ [ 120.437945833033837, -2.702644030997192, 0.0 ], [ 120.437232319016402, -2.704234557578729, 0.0 ], [ 120.436118081484324, -2.70379726313314, 0.0 ], [ 120.436861296511665, -2.702115413995102, 0.0 ], [ 120.437945833033837, -2.702644030997192, 0.0 ] ] ] ] } },
{ "type": "Feature", "properties": { "OBJECTID": 2950, "WADMPR": "Sulawesi Selatan", "WADMKK": "Kab. Luwu Utara", "WADMKC": "Kec. Malangke", "WADMKD": "Desa Tolada", "POKTAN": "Gapoktan Reso Temangingngi", "K_POKTAN": "A. Ahmaluddin", "P_SID": "Universitas Negeri Makassar", "NO_HP_1": "0852-5222-2976", "NAMA_PEMIL": "Pemerintah Desa", "N_PETAK": "TDB658", "LUAS_HA": 2.2995338634200002, "PAKET": "Paket Sulawesi Selatan 14" }, "geometry": { "type": "MultiPolygon", "coordinates": [ [ [ [ 120.436861296511665, -2.702115413995102, 0.0 ], [ 120.436118081484324, -2.70379726313314, 0.0 ], [ 120.435887723739484, -2.703681801873586, 0.0 ], [ 120.436292851234157, -2.702592561897177, 0.0 ], [ 120.435907629333656, -2.702454542942746, 0.0 ], [ 120.435808095067614, -2.702733628654016, 0.0 ], [ 120.435055193442508, -2.702565358304582, 0.0 ], [ 120.435272781713593, -2.701431648651635, 0.0 ], [ 120.436278132929601, -2.70181981942909, 0.0 ], [ 120.436596108923368, -2.701726829529491, 0.0 ], [ 120.436861296511665, -2.702115413995102, 0.0 ] ] ] ] } },
{ "type": "Feature", "properties": { "OBJECTID": 2951, "WADMPR": "Sulawesi Selatan", "WADMKK": "Kab. Luwu Utara", "WADMKC": "Kec. Malangke", "WADMKD": "Desa Tolada", "POKTAN": "Gapoktan Reso Temangingngi", "K_POKTAN": "A. Ahmaluddin", "P_SID": "Universitas Negeri Makassar", "NO_HP_1": "0852-5222-2976", "NAMA_PEMIL": "Pemerintah Desa", "N_PETAK": "TDB659", "LUAS_HA": 0.54065083585999996, "PAKET": "Paket Sulawesi Selatan 14" }, "geometry": { "type": "MultiPolygon", "coordinates": [ [ [ [ 120.435887723739484, -2.703681801873586, 0.0 ], [ 120.435574336986178, -2.703558143293606, 0.0 ], [ 120.435808095067614, -2.702733628654016, 0.0 ], [ 120.435907629333656, -2.702454542942746, 0.0 ], [ 120.436292851234157, -2.702592561897177, 0.0 ], [ 120.435887723739484, -2.703681801873586, 0.0 ] ] ] ] } },
{ "type": "Feature", "properties": { "OBJECTID": 2952, "WADMPR": "Sulawesi Selatan", "WADMKK": "Kab. Luwu Utara", "WADMKC": "Kec. Malangke", "WADMKD": "Desa Tolada", "POKTAN": "Gapoktan Reso Temangingngi", "K_POKTAN": "A. Ahmaluddin", "P_SID": "Universitas Negeri Makassar", "NO_HP_1": "0852-5222-2976", "NAMA_PEMIL": "Pemerintah Desa", "N_PETAK": "TDB660", "LUAS_HA": 5.0372726822400002, "PAKET": "Paket Sulawesi Selatan 14" }, "geometry": { "type": "MultiPolygon", "coordinates": [ [ [ [ 120.435272781713593, -2.701431648651635, 0.0 ], [ 120.435055193442508, -2.702565358304582, 0.0 ], [ 120.435808095067614, -2.702733628654016, 0.0 ], [ 120.435574336986178, -2.703558143293606, 0.0 ], [ 120.434808241407268, -2.703330428656329, 0.0 ], [ 120.433548195892627, -2.703083039550563, 0.0 ], [ 120.433087911178177, -2.703094945675161, 0.0 ], [ 120.432981040242908, -2.703110990479786, 0.0 ], [ 120.433053175763462, -2.702569072504673, 0.0 ], [ 120.4340370322833, -2.70289308654668, 0.0 ], [ 120.43417929064185, -2.702151779880694, 0.0 ], [ 120.433207431078131, -2.701733013267926, 0.0 ], [ 120.43323656911241, -2.701567823995845, 0.0 ], [ 120.433391754326067, -2.700685192467631, 0.0 ], [ 120.434488743760539, -2.701050971924758, 0.0 ], [ 120.435272781713593, -2.701431648651635, 0.0 ] ] ] ] } },
{ "type": "Feature", "properties": { "OBJECTID": 2953, "WADMPR": "Sulawesi Selatan", "WADMKK": "Kab. Luwu Utara", "WADMKC": "Kec. Malangke", "WADMKD": "Desa Tolada", "POKTAN": "Gapoktan Reso Temangingngi", "K_POKTAN": "A. Ahmaluddin", "P_SID": "Universitas Negeri Makassar", "NO_HP_1": "0852-5222-2976", "NAMA_PEMIL": "Pemerintah Desa", "N_PETAK": "TDB661", "LUAS_HA": 1.0159746002500001, "PAKET": "Paket Sulawesi Selatan 14" }, "geometry": { "type": "MultiPolygon", "coordinates": [ [ [ [ 120.433053175763462, -2.702569072504673, 0.0 ], [ 120.433207431078131, -2.701733013267926, 0.0 ], [ 120.43417929064185, -2.702151779880694, 0.0 ], [ 120.4340370322833, -2.70289308654668, 0.0 ], [ 120.433053175763462, -2.702569072504673, 0.0 ] ] ] ] } },
{ "type": "Feature", "properties": { "OBJECTID": 2954, "WADMPR": "Sulawesi Selatan", "WADMKK": "Kab. Luwu Utara", "WADMKC": "Kec. Malangke", "WADMKD": "Desa Tolada", "POKTAN": "Gapoktan Reso Temangingngi", "K_POKTAN": "A. Ahmaluddin", "P_SID": "Universitas Negeri Makassar", "NO_HP_1": "0852-5222-2976", "NAMA_PEMIL": "Pemerintah Desa", "N_PETAK": "TDB662", "LUAS_HA": 1.24426495453, "PAKET": "Paket Sulawesi Selatan 14" }, "geometry": { "type": "MultiPolygon", "coordinates": [ [ [ [ 120.436814195418833, -2.704564054787227, 0.0 ], [ 120.43637364272945, -2.705321380177509, 0.0 ], [ 120.435614658090117, -2.706529232637934, 0.0 ], [ 120.435391093824023, -2.705866021299812, 0.0 ], [ 120.436244398460303, -2.704645658370396, 0.0 ], [ 120.4364086110686, -2.704410473964174, 0.0 ], [ 120.436814195418833, -2.704564054787227, 0.0 ] ] ] ] } },
{ "type": "Feature", "properties": { "OBJECTID": 2955, "WADMPR": "Sulawesi Selatan", "WADMKK": "Kab. Luwu Utara", "WADMKC": "Kec. Malangke", "WADMKD": "Desa Tolada", "POKTAN": "Gapoktan Reso Temangingngi", "K_POKTAN": "A. Ahmaluddin", "P_SID": "Universitas Negeri Makassar", "NO_HP_1": "0852-5222-2976", "NAMA_PEMIL": "Pemerintah Desa", "N_PETAK": "TDB663", "LUAS_HA": 1.2465248880699999, "PAKET": "Paket Sulawesi Selatan 14" }, "geometry": { "type": "MultiPolygon", "coordinates": [ [ [ [ 120.436244398460303, -2.704645658370396, 0.0 ], [ 120.435391093824023, -2.705866021299812, 0.0 ], [ 120.435170353429157, -2.705080914052871, 0.0 ], [ 120.435551674070553, -2.704019750910732, 0.0 ], [ 120.436135040000181, -2.70425850292753, 0.0 ], [ 120.435987529600879, -2.704515856521539, 0.0 ], [ 120.436244398460303, -2.704645658370396, 0.0 ] ] ] ] } },
{ "type": "Feature", "properties": { "OBJECTID": 2956, "WADMPR": "Sulawesi Selatan", "WADMKK": "Kab. Luwu Utara", "WADMKC": "Kec. Malangke", "WADMKD": "Desa Tolada", "POKTAN": "Gapoktan Reso Temangingngi", "K_POKTAN": "A. Ahmaluddin", "P_SID": "Universitas Negeri Makassar", "NO_HP_1": "0852-5222-2976", "NAMA_PEMIL": "Pemerintah Desa", "N_PETAK": "TDB664", "LUAS_HA": 2.0511209162899999, "PAKET": "Paket Sulawesi Selatan 14" }, "geometry": { "type": "MultiPolygon", "coordinates": [ [ [ [ 120.435551674070553, -2.704019750910732, 0.0 ], [ 120.435170353429157, -2.705080914052871, 0.0 ], [ 120.43485455649261, -2.704323449267747, 0.0 ], [ 120.434289894662925, -2.704130709264746, 0.0 ], [ 120.43450711601065, -2.705802160441294, 0.0 ], [ 120.434084131577492, -2.705598264348396, 0.0 ], [ 120.434082372503553, -2.70559775982872, 0.0 ], [ 120.433940581792513, -2.70475113355792, 0.0 ], [ 120.4337949096074, -2.703887828460495, 0.0 ], [ 120.433930336715775, -2.703931489646493, 0.0 ], [ 120.433998709472917, -2.703526336071491, 0.0 ], [ 120.435551674070553, -2.704019750910732, 0.0 ] ] ] ] } },
{ "type": "Feature", "properties": { "OBJECTID": 2957, "WADMPR": "Sulawesi Selatan", "WADMKK": "Kab. Luwu Utara", "WADMKC": "Kec. Malangke", "WADMKD": "Desa Tolada", "POKTAN": "Gapoktan Reso Temangingngi", "K_POKTAN": "A. Ahmaluddin", "P_SID": "Universitas Negeri Makassar", "NO_HP_1": "0852-5222-2976", "NAMA_PEMIL": "Pemerintah Desa", "N_PETAK": "TDB665", "LUAS_HA": 1.78228962558, "PAKET": "Paket Sulawesi Selatan 14" }, "geometry": { "type": "MultiPolygon", "coordinates": [ [ [ [ 120.435170353429157, -2.705080914052871, 0.0 ], [ 120.435391093824023, -2.705866021299812, 0.0 ], [ 120.435614658090117, -2.706529232637934, 0.0 ], [ 120.435175886058346, -2.7064113315177, 0.0 ], [ 120.435111696048011, -2.706093595642869, 0.0 ], [ 120.43450711601065, -2.705802160441294, 0.0 ], [ 120.434289894662925, -2.704130709264746, 0.0 ], [ 120.43485455649261, -2.704323449267747, 0.0 ], [ 120.435170353429157, -2.705080914052871, 0.0 ] ] ] ] } },
{ "type": "Feature", "properties": { "OBJECTID": 2958, "WADMPR": "Sulawesi Selatan", "WADMKK": "Kab. Luwu Utara", "WADMKC": "Kec. Malangke", "WADMKD": "Desa Tolada", "POKTAN": "Gapoktan Reso Temangingngi", "K_POKTAN": "A. Ahmaluddin", "P_SID": "Universitas Negeri Makassar", "NO_HP_1": "0852-5222-2976", "NAMA_PEMIL": "Pemerintah Desa", "N_PETAK": "TDB666", "LUAS_HA": 2.3812509300900002, "PAKET": "Paket Sulawesi Selatan 14" }, "geometry": { "type": "MultiPolygon", "coordinates": [ [ [ [ 120.434082372503553, -2.70559775982872, 0.0 ], [ 120.434084131577492, -2.705598264348396, 0.0 ], [ 120.43450711601065, -2.705802160441294, 0.0 ], [ 120.435111696048011, -2.706093595642869, 0.0 ], [ 120.435175886058346, -2.7064113315177, 0.0 ], [ 120.435614658090117, -2.706529232637934, 0.0 ], [ 120.435749869361075, -2.707067919348958, 0.0 ], [ 120.435241541963705, -2.706869097230992, 0.0 ], [ 120.434134457639175, -2.70634465218393, 0.0 ], [ 120.434107081376737, -2.706945389418138, 0.0 ], [ 120.433272075246123, -2.706354958414579, 0.0 ], [ 120.433346034591864, -2.705386764487571, 0.0 ], [ 120.434082372503553, -2.70559775982872, 0.0 ] ] ] ] } },
{ "type": "Feature", "properties": { "OBJECTID": 2959, "WADMPR": "Sulawesi Selatan", "WADMKK": "Kab. Luwu Utara", "WADMKC": "Kec. Malangke", "WADMKD": "Desa Tolada", "POKTAN": "Gapoktan Reso Temangingngi", "K_POKTAN": "A. Ahmaluddin", "P_SID": "Universitas Negeri Makassar", "NO_HP_1": "0852-5222-2976", "NAMA_PEMIL": "Pemerintah Desa", "N_PETAK": "TDB667", "LUAS_HA": 0.66130449275000003, "PAKET": "Paket Sulawesi Selatan 14" }, "geometry": { "type": "MultiPolygon", "coordinates": [ [ [ [ 120.433346034591864, -2.705386764487571, 0.0 ], [ 120.433272075246123, -2.706354958414579, 0.0 ], [ 120.432614415423018, -2.705812880360099, 0.0 ], [ 120.432654394784549, -2.705244458464961, 0.0 ], [ 120.433346034591864, -2.705386764487571, 0.0 ] ] ] ] } },
{ "type": "Feature", "properties": { "OBJECTID": 2960, "WADMPR": "Sulawesi Selatan", "WADMKK": "Kab. Luwu Utara", "WADMKC": "Kec. Malangke", "WADMKD": "Desa Tolada", "POKTAN": "Gapoktan Reso Temangingngi", "K_POKTAN": "A. Ahmaluddin", "P_SID": "Universitas Negeri Makassar", "NO_HP_1": "0852-5222-2976", "NAMA_PEMIL": "Pemerintah Desa", "N_PETAK": "TDB668", "LUAS_HA": 3.2104773571999998, "PAKET": "Paket Sulawesi Selatan 14" }, "geometry": { "type": "MultiPolygon", "coordinates": [ [ [ [ 120.431978810573696, -2.703377501870193, 0.0 ], [ 120.432614415423018, -2.705812880360099, 0.0 ], [ 120.432565414062651, -2.706098854878178, 0.0 ], [ 120.431591545413539, -2.706114959038075, 0.0 ], [ 120.431503843527594, -2.705267606115058, 0.0 ], [ 120.431083356511749, -2.703376280590817, 0.0 ], [ 120.431978810573696, -2.703377501870193, 0.0 ] ] ] ] } },
{ "type": "Feature", "properties": { "OBJECTID": 2961, "WADMPR": "Sulawesi Selatan", "WADMKK": "Kab. Luwu Utara", "WADMKC": "Kec. Malangke", "WADMKD": "Desa Tolada", "POKTAN": "Gapoktan Reso Temangingngi", "K_POKTAN": "A. Ahmaluddin", "P_SID": "Universitas Negeri Makassar", "NO_HP_1": "0852-5222-2976", "NAMA_PEMIL": "Pemerintah Desa", "N_PETAK": "TDB669", "LUAS_HA": 2.28132127708, "PAKET": "Paket Sulawesi Selatan 14" }, "geometry": { "type": "MultiPolygon", "coordinates": [ [ [ [ 120.432565414062651, -2.706098854878178, 0.0 ], [ 120.432521954324784, -2.70702257103477, 0.0 ], [ 120.43111826549557, -2.707194677892005, 0.0 ], [ 120.431077038774333, -2.7061945922066, 0.0 ], [ 120.431040025376888, -2.705298047267036, 0.0 ], [ 120.431503843527594, -2.705267606115058, 0.0 ], [ 120.431591545413539, -2.706114959038075, 0.0 ], [ 120.432565414062651, -2.706098854878178, 0.0 ] ] ] ] } },
{ "type": "Feature", "properties": { "OBJECTID": 2962, "WADMPR": "Sulawesi Selatan", "WADMKK": "Kab. Luwu Utara", "WADMKC": "Kec. Malangke", "WADMKD": "Desa Tolada", "POKTAN": "Gapoktan Reso Temangingngi", "K_POKTAN": "A. Ahmaluddin", "P_SID": "Universitas Negeri Makassar", "NO_HP_1": "0852-5222-2976", "NAMA_PEMIL": "Pemerintah Desa", "N_PETAK": "TDB670", "LUAS_HA": 0.43015735192, "PAKET": "Paket Sulawesi Selatan 14" }, "geometry": { "type": "MultiPolygon", "coordinates": [ [ [ [ 120.433998709472917, -2.703526336071491, 0.0 ], [ 120.433930336715775, -2.703931489646493, 0.0 ], [ 120.4337949096074, -2.703887828460495, 0.0 ], [ 120.433119857795305, -2.703633456119064, 0.0 ], [ 120.432879746902813, -2.703496353573826, 0.0 ], [ 120.43312954079579, -2.703375422637578, 0.0 ], [ 120.433265924782631, -2.703347808054843, 0.0 ], [ 120.433366523846075, -2.703355449594255, 0.0 ], [ 120.433998709472917, -2.703526336071491, 0.0 ] ] ] ] } },
{ "type": "Feature", "properties": { "OBJECTID": 2963, "WADMPR": "Sulawesi Selatan", "WADMKK": "Kab. Luwu Utara", "WADMKC": "Kec. Malangke", "WADMKD": "Desa Tolada", "POKTAN": "Gapoktan Reso Temangingngi", "K_POKTAN": "A. Ahmaluddin", "P_SID": "Universitas Negeri Makassar", "NO_HP_1": "0852-5222-2976", "NAMA_PEMIL": "Pemerintah Desa", "N_PETAK": "TDB671", "LUAS_HA": 0.88743640095999998, "PAKET": "Paket Sulawesi Selatan 14" }, "geometry": { "type": "MultiPolygon", "coordinates": [ [ [ [ 120.4337949096074, -2.703887828460495, 0.0 ], [ 120.433940581792513, -2.70475113355792, 0.0 ], [ 120.43323843700432, -2.704619997115117, 0.0 ], [ 120.432879746902813, -2.703496353573826, 0.0 ], [ 120.433119857795305, -2.703633456119064, 0.0 ], [ 120.4337949096074, -2.703887828460495, 0.0 ] ] ] ] } },
{ "type": "Feature", "properties": { "OBJECTID": 2964, "WADMPR": "Sulawesi Selatan", "WADMKK": "Kab. Luwu Utara", "WADMKC": "Kec. Malangke", "WADMKD": "Desa Tolada", "POKTAN": "Gapoktan Reso Temangingngi", "K_POKTAN": "A. Ahmaluddin", "P_SID": "Universitas Negeri Makassar", "NO_HP_1": "0852-5222-2976", "NAMA_PEMIL": "Pemerintah Desa", "N_PETAK": "TDB672", "LUAS_HA": 0.68718186277000004, "PAKET": "Paket Sulawesi Selatan 14" }, "geometry": { "type": "MultiPolygon", "coordinates": [ [ [ [ 120.433940581792513, -2.70475113355792, 0.0 ], [ 120.434082372503553, -2.70559775982872, 0.0 ], [ 120.433346034591864, -2.705386764487571, 0.0 ], [ 120.43323843700432, -2.704619997115117, 0.0 ], [ 120.433940581792513, -2.70475113355792, 0.0 ] ] ] ] } },
{ "type": "Feature", "properties": { "OBJECTID": 2965, "WADMPR": "Sulawesi Selatan", "WADMKK": "Kab. Luwu Utara", "WADMKC": "Kec. Malangke", "WADMKD": "Desa Tolada", "POKTAN": "Gapoktan Reso Temangingngi", "K_POKTAN": "A. Ahmaluddin", "P_SID": "Universitas Negeri Makassar", "NO_HP_1": "0852-5222-2976", "NAMA_PEMIL": "Pemerintah Desa", "N_PETAK": "TDB673", "LUAS_HA": 2.0708795919299998, "PAKET": "Paket Sulawesi Selatan 14" }, "geometry": { "type": "MultiPolygon", "coordinates": [ [ [ [ 120.432879746902813, -2.703496353573826, 0.0 ], [ 120.43323843700432, -2.704619997115117, 0.0 ], [ 120.433346034591864, -2.705386764487571, 0.0 ], [ 120.432654394784549, -2.705244458464961, 0.0 ], [ 120.432614415423018, -2.705812880360099, 0.0 ], [ 120.431978810573696, -2.703377501870193, 0.0 ], [ 120.432534144635156, -2.703544875595469, 0.0 ], [ 120.432737774528732, -2.703523187545045, 0.0 ], [ 120.432879746902813, -2.703496353573826, 0.0 ] ] ] ] } },
{ "type": "Feature", "properties": { "OBJECTID": 2966, "WADMPR": "Sulawesi Selatan", "WADMKK": "Kab. Luwu Utara", "WADMKC": "Kec. Malangke", "WADMKD": "Desa Tolada", "POKTAN": "Gapoktan Reso Temangingngi", "K_POKTAN": "A. Ahmaluddin", "P_SID": "Universitas Negeri Makassar", "NO_HP_1": "0852-5222-2976", "NAMA_PEMIL": "Pemerintah Desa", "N_PETAK": "TDB674", "LUAS_HA": 0.95444885187999995, "PAKET": "Paket Sulawesi Selatan 14" }, "geometry": { "type": "MultiPolygon", "coordinates": [ [ [ [ 120.433053175763462, -2.702569072504673, 0.0 ], [ 120.432981040242908, -2.703110990479786, 0.0 ], [ 120.432697348204101, -2.703240354358798, 0.0 ], [ 120.432277452042854, -2.703245967027726, 0.0 ], [ 120.431921685637349, -2.703194117514442, 0.0 ], [ 120.432028462143876, -2.702386411203861, 0.0 ], [ 120.433053175763462, -2.702569072504673, 0.0 ] ] ] ] } },
{ "type": "Feature", "properties": { "OBJECTID": 2967, "WADMPR": "Sulawesi Selatan", "WADMKK": "Kab. Luwu Utara", "WADMKC": "Kec. Malangke", "WADMKD": "Desa Tolada", "POKTAN": "Gapoktan Reso Temangingngi", "K_POKTAN": "A. Ahmaluddin", "P_SID": "Universitas Negeri Makassar", "NO_HP_1": "0852-5222-2976", "NAMA_PEMIL": "Pemerintah Desa", "N_PETAK": "TDB675", "LUAS_HA": 1.220055341, "PAKET": "Paket Sulawesi Selatan 14" }, "geometry": { "type": "MultiPolygon", "coordinates": [ [ [ [ 120.43323656911241, -2.701567823995845, 0.0 ], [ 120.433207431078131, -2.701733013267926, 0.0 ], [ 120.433053175763462, -2.702569072504673, 0.0 ], [ 120.432028462143876, -2.702386411203861, 0.0 ], [ 120.432276728987858, -2.701453438325473, 0.0 ], [ 120.43323656911241, -2.701567823995845, 0.0 ] ] ] ] } },
{ "type": "Feature", "properties": { "OBJECTID": 2968, "WADMPR": "Sulawesi Selatan", "WADMKK": "Kab. Luwu Utara", "WADMKC": "Kec. Malangke", "WADMKD": "Desa Tolada", "POKTAN": "Gapoktan Reso Temangingngi", "K_POKTAN": "A. Ahmaluddin", "P_SID": "Universitas Negeri Makassar", "NO_HP_1": "0852-5222-2976", "NAMA_PEMIL": "Pemerintah Desa", "N_PETAK": "TDB676", "LUAS_HA": 1.11456239117, "PAKET": "Paket Sulawesi Selatan 14" }, "geometry": { "type": "MultiPolygon", "coordinates": [ [ [ [ 120.433391754326067, -2.700685192467631, 0.0 ], [ 120.43323656911241, -2.701567823995845, 0.0 ], [ 120.432276728987858, -2.701453438325473, 0.0 ], [ 120.432486999475486, -2.700458371756383, 0.0 ], [ 120.433391754326067, -2.700685192467631, 0.0 ] ] ] ] } },
{ "type": "Feature", "properties": { "OBJECTID": 2969, "WADMPR": "Sulawesi Selatan", "WADMKK": "Kab. Luwu Utara", "WADMKC": "Kec. Malangke", "WADMKD": "Desa Tolada", "POKTAN": "Gapoktan Reso Temangingngi", "K_POKTAN": "A. Ahmaluddin", "P_SID": "Universitas Negeri Makassar", "NO_HP_1": "0852-5222-2976", "NAMA_PEMIL": "Pemerintah Desa", "N_PETAK": "TDB677", "LUAS_HA": 0.53189141285999997, "PAKET": "Paket Sulawesi Selatan 14" }, "geometry": { "type": "MultiPolygon", "coordinates": [ [ [ [ 120.431611692925344, -2.702291499453111, 0.0 ], [ 120.431555437633392, -2.703168180167324, 0.0 ], [ 120.431028261345205, -2.703113031940802, 0.0 ], [ 120.431138517328804, -2.702272360081281, 0.0 ], [ 120.431611692925344, -2.702291499453111, 0.0 ] ] ] ] } },
{ "type": "Feature", "properties": { "OBJECTID": 2970, "WADMPR": "Sulawesi Selatan", "WADMKK": "Kab. Luwu Utara", "WADMKC": "Kec. Malangke", "WADMKD": "Desa Tolada", "POKTAN": "Gapoktan Reso Temangingngi", "K_POKTAN": "A. Ahmaluddin", "P_SID": "Universitas Negeri Makassar", "NO_HP_1": "0852-5222-2976", "NAMA_PEMIL": "Pemerintah Desa", "N_PETAK": "TDB678", "LUAS_HA": 1.53100149272, "PAKET": "Paket Sulawesi Selatan 14" }, "geometry": { "type": "MultiPolygon", "coordinates": [ [ [ [ 120.432276728987858, -2.701453438325473, 0.0 ], [ 120.432028462143876, -2.702386411203861, 0.0 ], [ 120.431921685637349, -2.703194117514442, 0.0 ], [ 120.431555437633392, -2.703168180167324, 0.0 ], [ 120.431611692925344, -2.702291499453111, 0.0 ], [ 120.431684020001626, -2.701365113209363, 0.0 ], [ 120.431733193132459, -2.701121114547732, 0.0 ], [ 120.432245319266144, -2.700546910911157, 0.0 ], [ 120.432486999475486, -2.700458371756383, 0.0 ], [ 120.432276728987858, -2.701453438325473, 0.0 ] ] ] ] } },
{ "type": "Feature", "properties": { "OBJECTID": 2971, "WADMPR": "Sulawesi Selatan", "WADMKK": "Kab. Luwu Utara", "WADMKC": "Kec. Malangke", "WADMKD": "Desa Tolada", "POKTAN": "Gapoktan Reso Temangingngi", "K_POKTAN": "A. Ahmaluddin", "P_SID": "Universitas Negeri Makassar", "NO_HP_1": "0852-5222-2976", "NAMA_PEMIL": "Pemerintah Desa", "N_PETAK": "TDB679", "LUAS_HA": 0.75135171917, "PAKET": "Paket Sulawesi Selatan 14" }, "geometry": { "type": "MultiPolygon", "coordinates": [ [ [ [ 120.431193222189563, -2.701825579586796, 0.0 ], [ 120.430640010528123, -2.702224562913216, 0.0 ], [ 120.43017688755333, -2.702086525972334, 0.0 ], [ 120.430265792732257, -2.701536362113359, 0.0 ], [ 120.430518060660006, -2.70149233939992, 0.0 ], [ 120.431257900531705, -2.701396501347404, 0.0 ], [ 120.431193222189563, -2.701825579586796, 0.0 ] ] ] ] } },
{ "type": "Feature", "properties": { "OBJECTID": 2972, "WADMPR": "Sulawesi Selatan", "WADMKK": "Kab. Luwu Utara", "WADMKC": "Kec. Malangke", "WADMKD": "Desa Tolada", "POKTAN": "Gapoktan Reso Temangingngi", "K_POKTAN": "A. Ahmaluddin", "P_SID": "Universitas Negeri Makassar", "NO_HP_1": "0852-5222-2976", "NAMA_PEMIL": "Pemerintah Desa", "N_PETAK": "TDB680", "LUAS_HA": 0.75915446195000003, "PAKET": "Paket Sulawesi Selatan 14" }, "geometry": { "type": "MultiPolygon", "coordinates": [ [ [ [ 120.430640010528123, -2.702224562913216, 0.0 ], [ 120.430747181836978, -2.702981825350889, 0.0 ], [ 120.430670591974263, -2.703160678922131, 0.0 ], [ 120.430003756368365, -2.703185104508918, 0.0 ], [ 120.43017688755333, -2.702086525972334, 0.0 ], [ 120.430640010528123, -2.702224562913216, 0.0 ] ] ] ] } },
{ "type": "Feature", "properties": { "OBJECTID": 2973, "WADMPR": "Sulawesi Selatan", "WADMKK": "Kab. Luwu Utara", "WADMKC": "Kec. Malangke", "WADMKD": "Desa Tolada", "POKTAN": "Gapoktan Reso Temangingngi", "K_POKTAN": "A. Ahmaluddin", "P_SID": "Universitas Negeri Makassar", "NO_HP_1": "0852-5222-2976", "NAMA_PEMIL": "Pemerintah Desa", "N_PETAK": "TDB681", "LUAS_HA": 0.55871813990999997, "PAKET": "Paket Sulawesi Selatan 14" }, "geometry": { "type": "MultiPolygon", "coordinates": [ [ [ [ 120.431138517328804, -2.702272360081281, 0.0 ], [ 120.431028261345205, -2.703113031940802, 0.0 ], [ 120.430670591974263, -2.703160678922131, 0.0 ], [ 120.430747181836978, -2.702981825350889, 0.0 ], [ 120.430640010528123, -2.702224562913216, 0.0 ], [ 120.431193222189563, -2.701825579586796, 0.0 ], [ 120.431138517328804, -2.702272360081281, 0.0 ] ] ] ] } },
{ "type": "Feature", "properties": { "OBJECTID": 2974, "WADMPR": "Sulawesi Selatan", "WADMKK": "Kab. Luwu Utara", "WADMKC": "Kec. Malangke", "WADMKD": "Desa Tolada", "POKTAN": "Gapoktan Reso Temangingngi", "K_POKTAN": "A. Ahmaluddin", "P_SID": "Universitas Negeri Makassar", "NO_HP_1": "0852-5222-2976", "NAMA_PEMIL": "Pemerintah Desa", "N_PETAK": "TDB682", "LUAS_HA": 0.61533048636999998, "PAKET": "Paket Sulawesi Selatan 14" }, "geometry": { "type": "MultiPolygon", "coordinates": [ [ [ [ 120.431733193132459, -2.701121114547732, 0.0 ], [ 120.431684020001626, -2.701365113209363, 0.0 ], [ 120.431257900531705, -2.701396501347404, 0.0 ], [ 120.430518060660006, -2.70149233939992, 0.0 ], [ 120.430538752261668, -2.701060645032669, 0.0 ], [ 120.431162897050172, -2.701034833590654, 0.0 ], [ 120.431354525490974, -2.700930251429895, 0.0 ], [ 120.43176113596769, -2.700927552564451, 0.0 ], [ 120.431733193132459, -2.701121114547732, 0.0 ] ] ] ] } },
{ "type": "Feature", "properties": { "OBJECTID": 2975, "WADMPR": "Sulawesi Selatan", "WADMKK": "Kab. Luwu Utara", "WADMKC": "Kec. Malangke", "WADMKD": "Desa Tolada", "POKTAN": "Gapoktan Reso Temangingngi", "K_POKTAN": "A. Ahmaluddin", "P_SID": "Universitas Negeri Makassar", "NO_HP_1": "0852-5222-2976", "NAMA_PEMIL": "Pemerintah Desa", "N_PETAK": "TDB683", "LUAS_HA": 0.50082161148000004, "PAKET": "Paket Sulawesi Selatan 14" }, "geometry": { "type": "MultiPolygon", "coordinates": [ [ [ [ 120.431611692925344, -2.702291499453111, 0.0 ], [ 120.431138517328804, -2.702272360081281, 0.0 ], [ 120.431193222189563, -2.701825579586796, 0.0 ], [ 120.431257900531705, -2.701396501347404, 0.0 ], [ 120.431684020001626, -2.701365113209363, 0.0 ], [ 120.431611692925344, -2.702291499453111, 0.0 ] ] ] ] } },
{ "type": "Feature", "properties": { "OBJECTID": 2976, "WADMPR": "Sulawesi Selatan", "WADMKK": "Kab. Luwu Utara", "WADMKC": "Kec. Malangke", "WADMKD": "Desa Tolada", "POKTAN": "Gapoktan Reso Temangingngi", "K_POKTAN": "A. Ahmaluddin", "P_SID": "Universitas Negeri Makassar", "NO_HP_1": "0852-5222-2976", "NAMA_PEMIL": "Pemerintah Desa", "N_PETAK": "TDB684", "LUAS_HA": 2.1402294461700002, "PAKET": "Paket Sulawesi Selatan 14" }, "geometry": { "type": "MultiPolygon", "coordinates": [ [ [ [ 120.43017688755333, -2.702086525972334, 0.0 ], [ 120.430003756368365, -2.703185104508918, 0.0 ], [ 120.429886892166451, -2.703184628767531, 0.0 ], [ 120.428994860924149, -2.7033264383644, 0.0 ], [ 120.429100238984915, -2.701690010385619, 0.0 ], [ 120.42975421878225, -2.701618266070057, 0.0 ], [ 120.430265792732257, -2.701536362113359, 0.0 ], [ 120.43017688755333, -2.702086525972334, 0.0 ] ] ] ] } },
{ "type": "Feature", "properties": { "OBJECTID": 2977, "WADMPR": "Sulawesi Selatan", "WADMKK": "Kab. Luwu Utara", "WADMKC": "Kec. Malangke", "WADMKD": "Desa Tolada", "POKTAN": "Gapoktan Reso Temangingngi", "K_POKTAN": "A. Ahmaluddin", "P_SID": "Universitas Negeri Makassar", "NO_HP_1": "0852-5222-2976", "NAMA_PEMIL": "Pemerintah Desa", "N_PETAK": "TDB685", "LUAS_HA": 1.75653979566, "PAKET": "Paket Sulawesi Selatan 14" }, "geometry": { "type": "MultiPolygon", "coordinates": [ [ [ [ 120.431733193132459, -2.701121114547732, 0.0 ], [ 120.43176113596769, -2.700927552564451, 0.0 ], [ 120.431354525490974, -2.700930251429895, 0.0 ], [ 120.431162897050172, -2.701034833590654, 0.0 ], [ 120.430538752261668, -2.701060645032669, 0.0 ], [ 120.430518060660006, -2.70149233939992, 0.0 ], [ 120.430265792732257, -2.701536362113359, 0.0 ], [ 120.42975421878225, -2.701618266070057, 0.0 ], [ 120.429648884788321, -2.700626563864773, 0.0 ], [ 120.432245319266144, -2.700546910911157, 0.0 ], [ 120.431733193132459, -2.701121114547732, 0.0 ] ] ] ] } },
{ "type": "Feature", "properties": { "OBJECTID": 2978, "WADMPR": "Sulawesi Selatan", "WADMKK": "Kab. Luwu Utara", "WADMKC": "Kec. Malangke", "WADMKD": "Desa Tolada", "POKTAN": "Gapoktan Reso Temangingngi", "K_POKTAN": "A. Ahmaluddin", "P_SID": "Universitas Negeri Makassar", "NO_HP_1": "0852-5222-2976", "NAMA_PEMIL": "Pemerintah Desa", "N_PETAK": "TDB686", "LUAS_HA": 1.11050898128, "PAKET": "Paket Sulawesi Selatan 14" }, "geometry": { "type": "MultiPolygon", "coordinates": [ [ [ [ 120.42975421878225, -2.701618266070057, 0.0 ], [ 120.429100238984915, -2.701690010385619, 0.0 ], [ 120.42885324648023, -2.701718718543987, 0.0 ], [ 120.428759230454148, -2.700712450918843, 0.0 ], [ 120.429648884788321, -2.700626563864773, 0.0 ], [ 120.42975421878225, -2.701618266070057, 0.0 ] ] ] ] } },
{ "type": "Feature", "properties": { "OBJECTID": 2979, "WADMPR": "Sulawesi Selatan", "WADMKK": "Kab. Luwu Utara", "WADMKC": "Kec. Malangke", "WADMKD": "Desa Tolada", "POKTAN": "Gapoktan Reso Temangingngi", "K_POKTAN": "A. Ahmaluddin", "P_SID": "Universitas Negeri Makassar", "NO_HP_1": "0852-5222-2976", "NAMA_PEMIL": "Pemerintah Desa", "N_PETAK": "TDB687", "LUAS_HA": 1.0122205900300001, "PAKET": "Paket Sulawesi Selatan 14" }, "geometry": { "type": "MultiPolygon", "coordinates": [ [ [ [ 120.428994860924149, -2.7033264383644, 0.0 ], [ 120.428549511251049, -2.703397866118564, 0.0 ], [ 120.428537062835289, -2.701757356117071, 0.0 ], [ 120.42885324648023, -2.701718718543987, 0.0 ], [ 120.429100238984915, -2.701690010385619, 0.0 ], [ 120.428994860924149, -2.7033264383644, 0.0 ] ] ] ] } },
{ "type": "Feature", "properties": { "OBJECTID": 2980, "WADMPR": "Sulawesi Selatan", "WADMKK": "Kab. Luwu Utara", "WADMKC": "Kec. Malangke", "WADMKD": "Desa Tolada", "POKTAN": "Gapoktan Reso Temangingngi", "K_POKTAN": "A. Ahmaluddin", "P_SID": "Universitas Negeri Makassar", "NO_HP_1": "0852-5222-2976", "NAMA_PEMIL": "Pemerintah Desa", "N_PETAK": "TDB688", "LUAS_HA": 1.2150978427300001, "PAKET": "Paket Sulawesi Selatan 14" }, "geometry": { "type": "MultiPolygon", "coordinates": [ [ [ [ 120.428549511251049, -2.703397866118564, 0.0 ], [ 120.428033607065345, -2.703499651387745, 0.0 ], [ 120.427871875686606, -2.701817169127025, 0.0 ], [ 120.428537062835289, -2.701757356117071, 0.0 ], [ 120.428549511251049, -2.703397866118564, 0.0 ] ] ] ] } },
{ "type": "Feature", "properties": { "OBJECTID": 2981, "WADMPR": "Sulawesi Selatan", "WADMKK": "Kab. Luwu Utara", "WADMKC": "Kec. Malangke", "WADMKD": "Desa Tolada", "POKTAN": "Gapoktan Reso Temangingngi", "K_POKTAN": "A. Ahmaluddin", "P_SID": "Universitas Negeri Makassar", "NO_HP_1": "0852-5222-2976", "NAMA_PEMIL": "Pemerintah Desa", "N_PETAK": "TDB689", "LUAS_HA": 0.85083790613, "PAKET": "Paket Sulawesi Selatan 14" }, "geometry": { "type": "MultiPolygon", "coordinates": [ [ [ [ 120.428033607065345, -2.703499651387745, 0.0 ], [ 120.427634232533819, -2.703564152563558, 0.0 ], [ 120.427462347809183, -2.701875474873248, 0.0 ], [ 120.427871875686606, -2.701817169127025, 0.0 ], [ 120.428033607065345, -2.703499651387745, 0.0 ] ] ] ] } },
{ "type": "Feature", "properties": { "OBJECTID": 2982, "WADMPR": "Sulawesi Selatan", "WADMKK": "Kab. Luwu Utara", "WADMKC": "Kec. Malangke", "WADMKD": "Desa Tolada", "POKTAN": "Gapoktan Reso Temangingngi", "K_POKTAN": "A. Ahmaluddin", "P_SID": "Universitas Negeri Makassar", "NO_HP_1": "0852-5222-2976", "NAMA_PEMIL": "Pemerintah Desa", "N_PETAK": "TDB690", "LUAS_HA": 0.72726770512000005, "PAKET": "Paket Sulawesi Selatan 14" }, "geometry": { "type": "MultiPolygon", "coordinates": [ [ [ [ 120.427281446481629, -2.703641912444255, 0.0 ], [ 120.42694250549232, -2.703682271319735, 0.0 ], [ 120.426942150260061, -2.703679611125096, 0.0 ], [ 120.426944096392958, -2.703679166860013, 0.0 ], [ 120.426708235696537, -2.701930004366147, 0.0 ], [ 120.427041490272586, -2.701908028532671, 0.0 ], [ 120.427281446481629, -2.703641912444255, 0.0 ] ] ] ] } },
{ "type": "Feature", "properties": { "OBJECTID": 2983, "WADMPR": "Sulawesi Selatan", "WADMKK": "Kab. Luwu Utara", "WADMKC": "Kec. Malangke", "WADMKD": "Desa Tolada", "POKTAN": "Gapoktan Reso Temangingngi", "K_POKTAN": "A. Ahmaluddin", "P_SID": "Universitas Negeri Makassar", "NO_HP_1": "0852-5222-2976", "NAMA_PEMIL": "Pemerintah Desa", "N_PETAK": "TDB691", "LUAS_HA": 1.0604749967, "PAKET": "Paket Sulawesi Selatan 14" }, "geometry": { "type": "MultiPolygon", "coordinates": [ [ [ [ 120.426942150260061, -2.703679611125096, 0.0 ], [ 120.426687536001054, -2.703737526565533, 0.0 ], [ 120.426610172721325, -2.702940066231008, 0.0 ], [ 120.426159988292852, -2.703009134164176, 0.0 ], [ 120.426029627965022, -2.702066927046985, 0.0 ], [ 120.426029026318588, -2.702066997194095, 0.0 ], [ 120.426028855447385, -2.702065768720217, 0.0 ], [ 120.426708235696537, -2.701930004366147, 0.0 ], [ 120.426944096392958, -2.703679166860013, 0.0 ], [ 120.426942150260061, -2.703679611125096, 0.0 ] ] ] ] } },
{ "type": "Feature", "properties": { "OBJECTID": 2984, "WADMPR": "Sulawesi Selatan", "WADMKK": "Kab. Luwu Utara", "WADMKC": "Kec. Malangke", "WADMKD": "Desa Tolada", "POKTAN": "Gapoktan Reso Temangingngi", "K_POKTAN": "A. Ahmaluddin", "P_SID": "Universitas Negeri Makassar", "NO_HP_1": "0852-5222-2976", "NAMA_PEMIL": "Pemerintah Desa", "N_PETAK": "TDB692", "LUAS_HA": 0.48894400206, "PAKET": "Paket Sulawesi Selatan 14" }, "geometry": { "type": "MultiPolygon", "coordinates": [ [ [ [ 120.426159988292852, -2.703009134164176, 0.0 ], [ 120.426273002497169, -2.703817603999198, 0.0 ], [ 120.426050115420594, -2.703837754208962, 0.0 ], [ 120.425803319867327, -2.702093130593482, 0.0 ], [ 120.426029026318588, -2.702066997194095, 0.0 ], [ 120.426029627965022, -2.702066927046985, 0.0 ], [ 120.426159988292852, -2.703009134164176, 0.0 ] ] ] ] } },
{ "type": "Feature", "properties": { "OBJECTID": 2985, "WADMPR": "Sulawesi Selatan", "WADMKK": "Kab. Luwu Utara", "WADMKC": "Kec. Malangke", "WADMKD": "Desa Tolada", "POKTAN": "Gapoktan Reso Temangingngi", "K_POKTAN": "A. Ahmaluddin", "P_SID": "Universitas Negeri Makassar", "NO_HP_1": "0852-5222-2976", "NAMA_PEMIL": "Pemerintah Desa", "N_PETAK": "TDB693", "LUAS_HA": 0.82789544581999996, "PAKET": "Paket Sulawesi Selatan 14" }, "geometry": { "type": "MultiPolygon", "coordinates": [ [ [ [ 120.427634232533819, -2.703564152563558, 0.0 ], [ 120.427281446481629, -2.703641912444255, 0.0 ], [ 120.427041490272586, -2.701908028532671, 0.0 ], [ 120.427462347809183, -2.701875474873248, 0.0 ], [ 120.427634232533819, -2.703564152563558, 0.0 ] ] ] ] } },
{ "type": "Feature", "properties": { "OBJECTID": 2986, "WADMPR": "Sulawesi Selatan", "WADMKK": "Kab. Luwu Utara", "WADMKC": "Kec. Malangke", "WADMKD": "Desa Tolada", "POKTAN": "Gapoktan Reso Temangingngi", "K_POKTAN": "A. Ahmaluddin", "P_SID": "Universitas Negeri Makassar", "NO_HP_1": "0852-5222-2976", "NAMA_PEMIL": "Pemerintah Desa", "N_PETAK": "TDB694", "LUAS_HA": 1.3048257490799999, "PAKET": "Paket Sulawesi Selatan 14" }, "geometry": { "type": "MultiPolygon", "coordinates": [ [ [ [ 120.424273818581923, -2.703244035283944, 0.0 ], [ 120.423278575745712, -2.703393167160868, 0.0 ], [ 120.42320218283453, -2.703174543770103, 0.0 ], [ 120.423123262828426, -2.702438878551334, 0.0 ], [ 120.424163127326551, -2.702201348713231, 0.0 ], [ 120.424273818581923, -2.703244035283944, 0.0 ] ] ] ] } },
{ "type": "Feature", "properties": { "OBJECTID": 2987, "WADMPR": "Sulawesi Selatan", "WADMKK": "Kab. Luwu Utara", "WADMKC": "Kec. Malangke", "WADMKD": "Desa Tolada", "POKTAN": "Gapoktan Reso Temangingngi", "K_POKTAN": "A. Ahmaluddin", "P_SID": "Universitas Negeri Makassar", "NO_HP_1": "0852-5222-2976", "NAMA_PEMIL": "Pemerintah Desa", "N_PETAK": "TDB695", "LUAS_HA": 2.21044268099, "PAKET": "Paket Sulawesi Selatan 14" }, "geometry": { "type": "MultiPolygon", "coordinates": [ [ [ [ 120.425121073478863, -2.702178605757979, 0.0 ], [ 120.425255538312513, -2.703095675924658, 0.0 ], [ 120.424273818581923, -2.703244035283944, 0.0 ], [ 120.424163127326551, -2.702201348713231, 0.0 ], [ 120.42404364519814, -2.701380418771237, 0.0 ], [ 120.424911186102463, -2.701201971693592, 0.0 ], [ 120.425121073478863, -2.702178605757979, 0.0 ] ] ] ] } },
{ "type": "Feature", "properties": { "OBJECTID": 2988, "WADMPR": "Sulawesi Selatan", "WADMKK": "Kab. Luwu Utara", "WADMKC": "Kec. Malangke", "WADMKD": "Desa Tolada", "POKTAN": "Gapoktan Reso Temangingngi", "K_POKTAN": "A. Ahmaluddin", "P_SID": "Universitas Negeri Makassar", "NO_HP_1": "0852-5222-2976", "NAMA_PEMIL": "Pemerintah Desa", "N_PETAK": "TDB696", "LUAS_HA": 1.4820293545100001, "PAKET": "Paket Sulawesi Selatan 14" }, "geometry": { "type": "MultiPolygon", "coordinates": [ [ [ [ 120.426050115420594, -2.703837754208962, 0.0 ], [ 120.425371575138115, -2.703921887585011, 0.0 ], [ 120.425255538312513, -2.703095675924658, 0.0 ], [ 120.425121073478863, -2.702178605757979, 0.0 ], [ 120.425803319867327, -2.702093130593482, 0.0 ], [ 120.426050115420594, -2.703837754208962, 0.0 ] ] ] ] } },
{ "type": "Feature", "properties": { "OBJECTID": 2989, "WADMPR": "Sulawesi Selatan", "WADMKK": "Kab. Luwu Utara", "WADMKC": "Kec. Malangke", "WADMKD": "Desa Tolada", "POKTAN": "Gapoktan Reso Temangingngi", "K_POKTAN": "A. Ahmaluddin", "P_SID": "Universitas Negeri Makassar", "NO_HP_1": "0852-5222-2976", "NAMA_PEMIL": "Pemerintah Desa", "N_PETAK": "TDB697", "LUAS_HA": 1.83840078642, "PAKET": "Paket Sulawesi Selatan 14" }, "geometry": { "type": "MultiPolygon", "coordinates": [ [ [ [ 120.425371575138115, -2.703921887585011, 0.0 ], [ 120.42413916039402, -2.704044997578535, 0.0 ], [ 120.423503796563068, -2.704045256583299, 0.0 ], [ 120.423278575745712, -2.703393167160868, 0.0 ], [ 120.424273818581923, -2.703244035283944, 0.0 ], [ 120.425255538312513, -2.703095675924658, 0.0 ], [ 120.425371575138115, -2.703921887585011, 0.0 ] ] ] ] } },
{ "type": "Feature", "properties": { "OBJECTID": 2990, "WADMPR": "Sulawesi Selatan", "WADMKK": "Kab. Luwu Utara", "WADMKC": "Kec. Malangke", "WADMKD": "Desa Tolada", "POKTAN": "Gapoktan Reso Temangingngi", "K_POKTAN": "A. Ahmaluddin", "P_SID": "Universitas Negeri Makassar", "NO_HP_1": "0852-5222-2976", "NAMA_PEMIL": "Pemerintah Desa", "N_PETAK": "TDB698", "LUAS_HA": 0.2890901153, "PAKET": "Paket Sulawesi Selatan 14" }, "geometry": { "type": "MultiPolygon", "coordinates": [ [ [ [ 120.423278575745712, -2.703393167160868, 0.0 ], [ 120.423503796563068, -2.704045256583299, 0.0 ], [ 120.423162288908543, -2.704067047156457, 0.0 ], [ 120.423015084278745, -2.703206172027194, 0.0 ], [ 120.42320218283453, -2.703174543770103, 0.0 ], [ 120.423278575745712, -2.703393167160868, 0.0 ] ] ] ] } },
{ "type": "Feature", "properties": { "OBJECTID": 2991, "WADMPR": "Sulawesi Selatan", "WADMKK": "Kab. Luwu Utara", "WADMKC": "Kec. Malangke", "WADMKD": "Desa Tolada", "POKTAN": "Gapoktan Reso Temangingngi", "K_POKTAN": "A. Ahmaluddin", "P_SID": "Universitas Negeri Makassar", "NO_HP_1": "0852-5222-2976", "NAMA_PEMIL": "Pemerintah Desa", "N_PETAK": "TDB699", "LUAS_HA": 0.98233784088999998, "PAKET": "Paket Sulawesi Selatan 14" }, "geometry": { "type": "MultiPolygon", "coordinates": [ [ [ [ 120.423123262828426, -2.702438878551334, 0.0 ], [ 120.42320218283453, -2.703174543770103, 0.0 ], [ 120.423015084278745, -2.703206172027194, 0.0 ], [ 120.422521610084345, -2.703290918740834, 0.0 ], [ 120.422400865307736, -2.702056774600408, 0.0 ], [ 120.423084974192307, -2.702082475425868, 0.0 ], [ 120.423123262828426, -2.702438878551334, 0.0 ] ] ] ] } },
{ "type": "Feature", "properties": { "OBJECTID": 2992, "WADMPR": "Sulawesi Selatan", "WADMKK": "Kab. Luwu Utara", "WADMKC": "Kec. Malangke", "WADMKD": "Desa Tolada", "POKTAN": "Gapoktan Reso Temangingngi", "K_POKTAN": "A. Ahmaluddin", "P_SID": "Universitas Negeri Makassar", "NO_HP_1": "0852-5222-2976", "NAMA_PEMIL": "Pemerintah Desa", "N_PETAK": "TDB700", "LUAS_HA": 1.56383255939, "PAKET": "Paket Sulawesi Selatan 14" }, "geometry": { "type": "MultiPolygon", "coordinates": [ [ [ [ 120.422400865307736, -2.702056774600408, 0.0 ], [ 120.422521610084345, -2.703290918740834, 0.0 ], [ 120.421767859499141, -2.703467046466983, 0.0 ], [ 120.421381628559402, -2.702222002543351, 0.0 ], [ 120.421380168959672, -2.7022157594497, 0.0 ], [ 120.421344219460252, -2.701973706021647, 0.0 ], [ 120.422400865307736, -2.702056774600408, 0.0 ] ] ] ] } },
{ "type": "Feature", "properties": { "OBJECTID": 2993, "WADMPR": "Sulawesi Selatan", "WADMKK": "Kab. Luwu Utara", "WADMKC": "Kec. Malangke", "WADMKD": "Desa Tolada", "POKTAN": "Gapoktan Reso Temangingngi", "K_POKTAN": "A. Ahmaluddin", "P_SID": "Universitas Negeri Makassar", "NO_HP_1": "0852-5222-2976", "NAMA_PEMIL": "Pemerintah Desa", "N_PETAK": "TDB701", "LUAS_HA": 0.58445098633000003, "PAKET": "Paket Sulawesi Selatan 14" }, "geometry": { "type": "MultiPolygon", "coordinates": [ [ [ [ 120.419563779444957, -2.70347745252235, 0.0 ], [ 120.41898708468625, -2.703321824842305, 0.0 ], [ 120.418906139406886, -2.702380092567182, 0.0 ], [ 120.419270710175169, -2.702253812463425, 0.0 ], [ 120.419280706139716, -2.70236046036689, 0.0 ], [ 120.419295872306748, -2.702468182960217, 0.0 ], [ 120.41931839852532, -2.702611719255401, 0.0 ], [ 120.419334659167248, -2.702694379541924, 0.0 ], [ 120.419365357525294, -2.702825164349804, 0.0 ], [ 120.419409899147581, -2.702983293044497, 0.0 ], [ 120.419436822151738, -2.703066983054782, 0.0 ], [ 120.419535812327922, -2.703391967465279, 0.0 ], [ 120.419563779444957, -2.70347745252235, 0.0 ] ] ] ] } },
{ "type": "Feature", "properties": { "OBJECTID": 2994, "WADMPR": "Sulawesi Selatan", "WADMKK": "Kab. Luwu Utara", "WADMKC": "Kec. Malangke", "WADMKD": "Desa Tolada", "POKTAN": "Gapoktan Reso Temangingngi", "K_POKTAN": "A. Ahmaluddin", "P_SID": "Universitas Negeri Makassar", "NO_HP_1": "0852-5222-2976", "NAMA_PEMIL": "Pemerintah Desa", "N_PETAK": "TDB702", "LUAS_HA": 0.4966183349, "PAKET": "Paket Sulawesi Selatan 14" }, "geometry": { "type": "MultiPolygon", "coordinates": [ [ [ [ 120.419563779444957, -2.70347745252235, 0.0 ], [ 120.41960971321771, -2.703617852881564, 0.0 ], [ 120.419659697537099, -2.703761158950272, 0.0 ], [ 120.419677887224793, -2.703817133653729, 0.0 ], [ 120.419671208859313, -2.703867606304925, 0.0 ], [ 120.419653239505465, -2.704010086796018, 0.0 ], [ 120.418987437220494, -2.703962483881469, 0.0 ], [ 120.418892352799958, -2.703344438295119, 0.0 ], [ 120.418987755580474, -2.70335130821627, 0.0 ], [ 120.41898708468625, -2.703321824842305, 0.0 ], [ 120.419563779444957, -2.70347745252235, 0.0 ] ] ] ] } },
{ "type": "Feature", "properties": { "OBJECTID": 2995, "WADMPR": "Sulawesi Selatan", "WADMKK": "Kab. Luwu Utara", "WADMKC": "Kec. Malangke", "WADMKD": "Desa Tolada", "POKTAN": "Gapoktan Reso Temangingngi", "K_POKTAN": "A. Ahmaluddin", "P_SID": "Universitas Negeri Makassar", "NO_HP_1": "0852-5222-2976", "NAMA_PEMIL": "Pemerintah Desa", "N_PETAK": "TDB703", "LUAS_HA": 0.67144766220999996, "PAKET": "Paket Sulawesi Selatan 14" }, "geometry": { "type": "MultiPolygon", "coordinates": [ [ [ [ 120.418906139406886, -2.702380092567182, 0.0 ], [ 120.41898708468625, -2.703321824842305, 0.0 ], [ 120.418987755580474, -2.70335130821627, 0.0 ], [ 120.418892352799958, -2.703344438295119, 0.0 ], [ 120.418721744213144, -2.703333885650238, 0.0 ], [ 120.418270075003988, -2.702310402303169, 0.0 ], [ 120.41882197095731, -2.70203424388518, 0.0 ], [ 120.418906139406886, -2.702380092567182, 0.0 ] ] ] ] } },
{ "type": "Feature", "properties": { "OBJECTID": 2996, "WADMPR": "Sulawesi Selatan", "WADMKK": "Kab. Luwu Utara", "WADMKC": "Kec. Malangke", "WADMKD": "Desa Tolada", "POKTAN": "Gapoktan Reso Temangingngi", "K_POKTAN": "A. Ahmaluddin", "P_SID": "Universitas Negeri Makassar", "NO_HP_1": "0852-5222-2976", "NAMA_PEMIL": "Pemerintah Desa", "N_PETAK": "TDB704", "LUAS_HA": 0.37631128431, "PAKET": "Paket Sulawesi Selatan 14" }, "geometry": { "type": "MultiPolygon", "coordinates": [ [ [ [ 120.418892352799958, -2.703344438295119, 0.0 ], [ 120.418987437220494, -2.703962483881469, 0.0 ], [ 120.41852092200304, -2.703975498870136, 0.0 ], [ 120.418351954678997, -2.703464899785274, 0.0 ], [ 120.418721744213144, -2.703333885650238, 0.0 ], [ 120.418892352799958, -2.703344438295119, 0.0 ] ] ] ] } },
{ "type": "Feature", "properties": { "OBJECTID": 2997, "WADMPR": "Sulawesi Selatan", "WADMKK": "Kab. Luwu Utara", "WADMKC": "Kec. Malangke", "WADMKD": "Desa Tolada", "POKTAN": "Gapoktan Reso Temangingngi", "K_POKTAN": "A. Ahmaluddin", "P_SID": "Universitas Negeri Makassar", "NO_HP_1": "0852-5222-2976", "NAMA_PEMIL": "Pemerintah Desa", "N_PETAK": "TDB705", "LUAS_HA": 0.55378826512000001, "PAKET": "Paket Sulawesi Selatan 14" }, "geometry": { "type": "MultiPolygon", "coordinates": [ [ [ [ 120.418721744213144, -2.703333885650238, 0.0 ], [ 120.418351954678997, -2.703464899785274, 0.0 ], [ 120.417881098434009, -2.702482110760741, 0.0 ], [ 120.418270075003988, -2.702310402303169, 0.0 ], [ 120.418721744213144, -2.703333885650238, 0.0 ] ] ] ] } },
{ "type": "Feature", "properties": { "OBJECTID": 2998, "WADMPR": "Sulawesi Selatan", "WADMKK": "Kab. Luwu Utara", "WADMKC": "Kec. Malangke", "WADMKD": "Desa Tolada", "POKTAN": "Gapoktan Reso Temangingngi", "K_POKTAN": "A. Ahmaluddin", "P_SID": "Universitas Negeri Makassar", "NO_HP_1": "0852-5222-2976", "NAMA_PEMIL": "Pemerintah Desa", "N_PETAK": "TDB706", "LUAS_HA": 0.39342834137, "PAKET": "Paket Sulawesi Selatan 14" }, "geometry": { "type": "MultiPolygon", "coordinates": [ [ [ [ 120.41852092200304, -2.703975498870136, 0.0 ], [ 120.417500329077029, -2.703957219250242, 0.0 ], [ 120.417448099150533, -2.703856931352277, 0.0 ], [ 120.417652888270254, -2.703756163216326, 0.0 ], [ 120.418351954678997, -2.703464899785274, 0.0 ], [ 120.41852092200304, -2.703975498870136, 0.0 ] ] ] ] } },
{ "type": "Feature", "properties": { "OBJECTID": 2999, "WADMPR": "Sulawesi Selatan", "WADMKK": "Kab. Luwu Utara", "WADMKC": "Kec. Malangke", "WADMKD": "Desa Tolada", "POKTAN": "Gapoktan Reso Temangingngi", "K_POKTAN": "A. Ahmaluddin", "P_SID": "Universitas Negeri Makassar", "NO_HP_1": "0852-5222-2976", "NAMA_PEMIL": "Pemerintah Desa", "N_PETAK": "TDB707", "LUAS_HA": 0.31224404146000001, "PAKET": "Paket Sulawesi Selatan 14" }, "geometry": { "type": "MultiPolygon", "coordinates": [ [ [ [ 120.417652888270254, -2.703756163216326, 0.0 ], [ 120.417448099150533, -2.703856931352277, 0.0 ], [ 120.416860270784923, -2.703070131581285, 0.0 ], [ 120.417071326380665, -2.703100925267449, 0.0 ], [ 120.417255884351675, -2.703021458473472, 0.0 ], [ 120.417652888270254, -2.703756163216326, 0.0 ] ] ] ] } },
{ "type": "Feature", "properties": { "OBJECTID": 3000, "WADMPR": "Sulawesi Selatan", "WADMKK": "Kab. Luwu Utara", "WADMKC": "Kec. Malangke", "WADMKD": "Desa Tolada", "POKTAN": "Gapoktan Reso Temangingngi", "K_POKTAN": "A. Ahmaluddin", "P_SID": "Universitas Negeri Makassar", "NO_HP_1": "0852-5222-2976", "NAMA_PEMIL": "Pemerintah Desa", "N_PETAK": "TDB708", "LUAS_HA": 0.8886201876000001, "PAKET": "Paket Sulawesi Selatan 14" }, "geometry": { "type": "MultiPolygon", "coordinates": [ [ [ [ 120.418351954678997, -2.703464899785274, 0.0 ], [ 120.417652888270254, -2.703756163216326, 0.0 ], [ 120.417255884351675, -2.703021458473472, 0.0 ], [ 120.41757370656137, -2.702830837273268, 0.0 ], [ 120.417881098434009, -2.702482110760741, 0.0 ], [ 120.418351954678997, -2.703464899785274, 0.0 ] ] ] ] } },
{ "type": "Feature", "properties": { "OBJECTID": 3001, "WADMPR": "Sulawesi Selatan", "WADMKK": "Kab. Luwu Utara", "WADMKC": "Kec. Malangke", "WADMKD": "Desa Tolada", "POKTAN": "Gapoktan Reso Temangingngi", "K_POKTAN": "A. Ahmaluddin", "P_SID": "Universitas Negeri Makassar", "NO_HP_1": "0852-5222-2976", "NAMA_PEMIL": "Pemerintah Desa", "N_PETAK": "TDB709", "LUAS_HA": 0.97235089940999997, "PAKET": "Paket Sulawesi Selatan 14" }, "geometry": { "type": "MultiPolygon", "coordinates": [ [ [ [ 120.418270075003988, -2.702310402303169, 0.0 ], [ 120.417881098434009, -2.702482110760741, 0.0 ], [ 120.41757370656137, -2.702830837273268, 0.0 ], [ 120.417255884351675, -2.703021458473472, 0.0 ], [ 120.417071326380665, -2.703100925267449, 0.0 ], [ 120.416860270784923, -2.703070131581285, 0.0 ], [ 120.417253753857722, -2.702583143297375, 0.0 ], [ 120.418033751156713, -2.701617790328726, 0.0 ], [ 120.418405037162756, -2.701769000538889, 0.0 ], [ 120.418270075003988, -2.702310402303169, 0.0 ] ] ] ] } },
{ "type": "Feature", "properties": { "OBJECTID": 3002, "WADMPR": "Sulawesi Selatan", "WADMKK": "Kab. Luwu Utara", "WADMKC": "Kec. Malangke", "WADMKD": "Desa Tolada", "POKTAN": "Gapoktan Reso Temangingngi", "K_POKTAN": "A. Ahmaluddin", "P_SID": "Universitas Negeri Makassar", "NO_HP_1": "0852-5222-2976", "NAMA_PEMIL": "Pemerintah Desa", "N_PETAK": "TDB710", "LUAS_HA": 0.77890309215999998, "PAKET": "Paket Sulawesi Selatan 14" }, "geometry": { "type": "MultiPolygon", "coordinates": [ [ [ [ 120.417253753857722, -2.702583143297375, 0.0 ], [ 120.416860270784923, -2.703070131581285, 0.0 ], [ 120.416248975509916, -2.702199449345073, 0.0 ], [ 120.415977203085504, -2.70178884138187, 0.0 ], [ 120.415923500069539, -2.701711957440864, 0.0 ], [ 120.41624339881389, -2.701574416026403, 0.0 ], [ 120.416765507422269, -2.702292430251418, 0.0 ], [ 120.417253753857722, -2.702583143297375, 0.0 ] ] ] ] } },
{ "type": "Feature", "properties": { "OBJECTID": 3003, "WADMPR": "Sulawesi Selatan", "WADMKK": "Kab. Luwu Utara", "WADMKC": "Kec. Malangke", "WADMKD": "Desa Tolada", "POKTAN": "Gapoktan Reso Temangingngi", "K_POKTAN": "A. Ahmaluddin", "P_SID": "Universitas Negeri Makassar", "NO_HP_1": "0852-5222-2976", "NAMA_PEMIL": "Pemerintah Desa", "N_PETAK": "TDB711", "LUAS_HA": 0.70230916956, "PAKET": "Paket Sulawesi Selatan 14" }, "geometry": { "type": "MultiPolygon", "coordinates": [ [ [ [ 120.415977203085504, -2.70178884138187, 0.0 ], [ 120.416248975509916, -2.702199449345073, 0.0 ], [ 120.415799585182754, -2.702451723568117, 0.0 ], [ 120.415347130865484, -2.702536216673025, 0.0 ], [ 120.415157920701517, -2.702555105133968, 0.0 ], [ 120.414945761637682, -2.701991967655147, 0.0 ], [ 120.415110843890375, -2.701782299713329, 0.0 ], [ 120.415276274180769, -2.702166549446645, 0.0 ], [ 120.415977203085504, -2.70178884138187, 0.0 ] ] ] ] } },
{ "type": "Feature", "properties": { "OBJECTID": 3004, "WADMPR": "Sulawesi Selatan", "WADMKK": "Kab. Luwu Utara", "WADMKC": "Kec. Malangke", "WADMKD": "Desa Tolada", "POKTAN": "Gapoktan Reso Temangingngi", "K_POKTAN": "A. Ahmaluddin", "P_SID": "Universitas Negeri Makassar", "NO_HP_1": "0852-5222-2976", "NAMA_PEMIL": "Pemerintah Desa", "N_PETAK": "TDB712", "LUAS_HA": 0.86406796542999997, "PAKET": "Paket Sulawesi Selatan 14" }, "geometry": { "type": "MultiPolygon", "coordinates": [ [ [ [ 120.416860270784923, -2.703070131581285, 0.0 ], [ 120.416385717427033, -2.703274818178272, 0.0 ], [ 120.416047402365734, -2.702740892478175, 0.0 ], [ 120.415604372943562, -2.7029428748138, 0.0 ], [ 120.415347130865484, -2.702536216673025, 0.0 ], [ 120.415799585182754, -2.702451723568117, 0.0 ], [ 120.416248975509916, -2.702199449345073, 0.0 ], [ 120.416860270784923, -2.703070131581285, 0.0 ] ] ] ] } },
{ "type": "Feature", "properties": { "OBJECTID": 3005, "WADMPR": "Sulawesi Selatan", "WADMKK": "Kab. Luwu Utara", "WADMKC": "Kec. Malangke", "WADMKD": "Desa Tolada", "POKTAN": "Gapoktan Reso Temangingngi", "K_POKTAN": "A. Ahmaluddin", "P_SID": "Universitas Negeri Makassar", "NO_HP_1": "0852-5222-2976", "NAMA_PEMIL": "Pemerintah Desa", "N_PETAK": "TDB713", "LUAS_HA": 0.36940868069, "PAKET": "Paket Sulawesi Selatan 14" }, "geometry": { "type": "MultiPolygon", "coordinates": [ [ [ [ 120.416385717427033, -2.703274818178272, 0.0 ], [ 120.415962805838831, -2.70347397664267, 0.0 ], [ 120.415604372943562, -2.7029428748138, 0.0 ], [ 120.416047402365734, -2.702740892478175, 0.0 ], [ 120.416385717427033, -2.703274818178272, 0.0 ] ] ] ] } },
{ "type": "Feature", "properties": { "OBJECTID": 3006, "WADMPR": "Sulawesi Selatan", "WADMKK": "Kab. Luwu Utara", "WADMKC": "Kec. Malangke", "WADMKD": "Desa Tolada", "POKTAN": "Gapoktan Reso Temangingngi", "K_POKTAN": "A. Ahmaluddin", "P_SID": "Universitas Negeri Makassar", "NO_HP_1": "0852-5222-2976", "NAMA_PEMIL": "Pemerintah Desa", "N_PETAK": "TDB714", "LUAS_HA": 0.27638026074, "PAKET": "Paket Sulawesi Selatan 14" }, "geometry": { "type": "MultiPolygon", "coordinates": [ [ [ [ 120.416654898005163, -2.703687910068936, 0.0 ], [ 120.416479336851921, -2.703802203109149, 0.0 ], [ 120.416078412788579, -2.703749912028798, 0.0 ], [ 120.415962805838831, -2.70347397664267, 0.0 ], [ 120.416385717427033, -2.703274818178272, 0.0 ], [ 120.416654898005163, -2.703687910068936, 0.0 ] ] ] ] } },
{ "type": "Feature", "properties": { "OBJECTID": 3007, "WADMPR": "Sulawesi Selatan", "WADMKK": "Kab. Luwu Utara", "WADMKC": "Kec. Malangke", "WADMKD": "Desa Tolada", "POKTAN": "Gapoktan Reso Temangingngi", "K_POKTAN": "A. Ahmaluddin", "P_SID": "Universitas Negeri Makassar", "NO_HP_1": "0852-5222-2976", "NAMA_PEMIL": "Pemerintah Desa", "N_PETAK": "TDB715", "LUAS_HA": 0.56878757819000003, "PAKET": "Paket Sulawesi Selatan 14" }, "geometry": { "type": "MultiPolygon", "coordinates": [ [ [ [ 120.417448099150533, -2.703856931352277, 0.0 ], [ 120.417277711797055, -2.703918839782602, 0.0 ], [ 120.416771909695967, -2.703845947932109, 0.0 ], [ 120.416654898005163, -2.703687910068936, 0.0 ], [ 120.416385717427033, -2.703274818178272, 0.0 ], [ 120.416860270784923, -2.703070131581285, 0.0 ], [ 120.417448099150533, -2.703856931352277, 0.0 ] ] ] ] } },
{ "type": "Feature", "properties": { "OBJECTID": 3008, "WADMPR": "Sulawesi Selatan", "WADMKK": "Kab. Luwu Utara", "WADMKC": "Kec. Malangke", "WADMKD": "Desa Tolada", "POKTAN": "Gapoktan Reso Temangingngi", "K_POKTAN": "A. Ahmaluddin", "P_SID": "Universitas Negeri Makassar", "NO_HP_1": "0852-5222-2976", "NAMA_PEMIL": "Pemerintah Desa", "N_PETAK": "TDB716", "LUAS_HA": 0.57580652658999998, "PAKET": "Paket Sulawesi Selatan 14" }, "geometry": { "type": "MultiPolygon", "coordinates": [ [ [ [ 120.414185132138186, -2.70294517887686, 0.0 ], [ 120.413991376800709, -2.703074540957232, 0.0 ], [ 120.413517577074572, -2.703336038627242, 0.0 ], [ 120.413452720666555, -2.702563056939482, 0.0 ], [ 120.413997738604849, -2.702322278750103, 0.0 ], [ 120.414185132138186, -2.70294517887686, 0.0 ] ] ] ] } },
{ "type": "Feature", "properties": { "OBJECTID": 3009, "WADMPR": "Sulawesi Selatan", "WADMKK": "Kab. Luwu Utara", "WADMKC": "Kec. Malangke", "WADMKD": "Desa Tolada", "POKTAN": "Gapoktan Reso Temangingngi", "K_POKTAN": "A. Ahmaluddin", "P_SID": "Universitas Negeri Makassar", "NO_HP_1": "0852-5222-2976", "NAMA_PEMIL": "Pemerintah Desa", "N_PETAK": "TDB717", "LUAS_HA": 0.57369338701000006, "PAKET": "Paket Sulawesi Selatan 14" }, "geometry": { "type": "MultiPolygon", "coordinates": [ [ [ [ 120.415157920701517, -2.702555105133968, 0.0 ], [ 120.414539099000308, -2.702812738417094, 0.0 ], [ 120.414185132138186, -2.70294517887686, 0.0 ], [ 120.413997738604849, -2.702322278750103, 0.0 ], [ 120.414519902071902, -2.702519105272415, 0.0 ], [ 120.414945761637682, -2.701991967655147, 0.0 ], [ 120.415157920701517, -2.702555105133968, 0.0 ] ] ] ] } },
{ "type": "Feature", "properties": { "OBJECTID": 3010, "WADMPR": "Sulawesi Selatan", "WADMKK": "Kab. Luwu Utara", "WADMKC": "Kec. Malangke", "WADMKD": "Desa Tolada", "POKTAN": "Gapoktan Reso Temangingngi", "K_POKTAN": "A. Ahmaluddin", "P_SID": "Universitas Negeri Makassar", "NO_HP_1": "0852-5222-2976", "NAMA_PEMIL": "Pemerintah Desa", "N_PETAK": "TDB718", "LUAS_HA": 0.65744912946, "PAKET": "Paket Sulawesi Selatan 14" }, "geometry": { "type": "MultiPolygon", "coordinates": [ [ [ [ 120.415068857241977, -2.703848219619601, 0.0 ], [ 120.414529255920456, -2.704012777567584, 0.0 ], [ 120.414185132138186, -2.70294517887686, 0.0 ], [ 120.414539099000308, -2.702812738417094, 0.0 ], [ 120.415068857241977, -2.703848219619601, 0.0 ] ] ] ] } },
{ "type": "Feature", "properties": { "OBJECTID": 3011, "WADMPR": "Sulawesi Selatan", "WADMKK": "Kab. Luwu Utara", "WADMKC": "Kec. Malangke", "WADMKD": "Desa Tolada", "POKTAN": "Gapoktan Reso Temangingngi", "K_POKTAN": "A. Ahmaluddin", "P_SID": "Universitas Negeri Makassar", "NO_HP_1": "0852-5222-2976", "NAMA_PEMIL": "Pemerintah Desa", "N_PETAK": "TDB719", "LUAS_HA": 1.2786544393199999, "PAKET": "Paket Sulawesi Selatan 14" }, "geometry": { "type": "MultiPolygon", "coordinates": [ [ [ [ 120.415604372943562, -2.7029428748138, 0.0 ], [ 120.415962805838831, -2.70347397664267, 0.0 ], [ 120.415068857241977, -2.703848219619601, 0.0 ], [ 120.414539099000308, -2.702812738417094, 0.0 ], [ 120.415157920701517, -2.702555105133968, 0.0 ], [ 120.415347130865484, -2.702536216673025, 0.0 ], [ 120.415604372943562, -2.7029428748138, 0.0 ] ] ] ] } },
{ "type": "Feature", "properties": { "OBJECTID": 3012, "WADMPR": "Sulawesi Selatan", "WADMKK": "Kab. Luwu Utara", "WADMKC": "Kec. Malangke", "WADMKD": "Desa Tolada", "POKTAN": "Gapoktan Reso Temangingngi", "K_POKTAN": "A. Ahmaluddin", "P_SID": "Universitas Negeri Makassar", "NO_HP_1": "0852-5222-2976", "NAMA_PEMIL": "Pemerintah Desa", "N_PETAK": "TDB720", "LUAS_HA": 0.4080153008, "PAKET": "Paket Sulawesi Selatan 14" }, "geometry": { "type": "MultiPolygon", "coordinates": [ [ [ [ 120.414529255920456, -2.704012777567584, 0.0 ], [ 120.414163788528072, -2.704141812294779, 0.0 ], [ 120.413991376800709, -2.703074540957232, 0.0 ], [ 120.414185132138186, -2.70294517887686, 0.0 ], [ 120.414529255920456, -2.704012777567584, 0.0 ] ] ] ] } },
{ "type": "Feature", "properties": { "OBJECTID": 3013, "WADMPR": "Sulawesi Selatan", "WADMKK": "Kab. Luwu Utara", "WADMKC": "Kec. Malangke", "WADMKD": "Desa Tolada", "POKTAN": "Gapoktan Reso Temangingngi", "K_POKTAN": "A. Ahmaluddin", "P_SID": "Universitas Negeri Makassar", "NO_HP_1": "0852-5222-2976", "NAMA_PEMIL": "Pemerintah Desa", "N_PETAK": "TDB721", "LUAS_HA": 0.61196593046000003, "PAKET": "Paket Sulawesi Selatan 14" }, "geometry": { "type": "MultiPolygon", "coordinates": [ [ [ [ 120.414163788528072, -2.704141812294779, 0.0 ], [ 120.413761117981267, -2.704327807382356, 0.0 ], [ 120.413517577074572, -2.703336038627242, 0.0 ], [ 120.413991376800709, -2.703074540957232, 0.0 ], [ 120.414163788528072, -2.704141812294779, 0.0 ] ] ] ] } },
{ "type": "Feature", "properties": { "OBJECTID": 3014, "WADMPR": "Sulawesi Selatan", "WADMKK": "Kab. Luwu Utara", "WADMKC": "Kec. Malangke", "WADMKD": "Desa Tolada", "POKTAN": "Gapoktan Reso Temangingngi", "K_POKTAN": "A. Ahmaluddin", "P_SID": "Universitas Negeri Makassar", "NO_HP_1": "0852-5222-2976", "NAMA_PEMIL": "Pemerintah Desa", "N_PETAK": "TDB722", "LUAS_HA": 1.90572973487, "PAKET": "Paket Sulawesi Selatan 14" }, "geometry": { "type": "MultiPolygon", "coordinates": [ [ [ [ 120.413254211512708, -2.703945466909715, 0.0 ], [ 120.412680891909645, -2.704065399598448, 0.0 ], [ 120.412296622391295, -2.702700245819642, 0.0 ], [ 120.412167542697944, -2.702250268235218, 0.0 ], [ 120.413070871223795, -2.701981244139063, 0.0 ], [ 120.413158741282928, -2.7019559048411, 0.0 ], [ 120.413254211512708, -2.703945466909715, 0.0 ] ] ] ] } },
{ "type": "Feature", "properties": { "OBJECTID": 3015, "WADMPR": "Sulawesi Selatan", "WADMKK": "Kab. Luwu Utara", "WADMKC": "Kec. Malangke", "WADMKD": "Desa Tolada", "POKTAN": "Gapoktan Reso Temangingngi", "K_POKTAN": "A. Ahmaluddin", "P_SID": "Universitas Negeri Makassar", "NO_HP_1": "0852-5222-2976", "NAMA_PEMIL": "Pemerintah Desa", "N_PETAK": "TDB723", "LUAS_HA": 0.40939531770999998, "PAKET": "Paket Sulawesi Selatan 14" }, "geometry": { "type": "MultiPolygon", "coordinates": [ [ [ [ 120.413384851529713, -2.704496025571075, 0.0 ], [ 120.412948359279426, -2.704624758126045, 0.0 ], [ 120.412831224381534, -2.70458921242215, 0.0 ], [ 120.412680891909645, -2.704065399598448, 0.0 ], [ 120.413254211512708, -2.703945466909715, 0.0 ], [ 120.413384851529713, -2.704496025571075, 0.0 ] ] ] ] } },
{ "type": "Feature", "properties": { "OBJECTID": 3016, "WADMPR": "Sulawesi Selatan", "WADMKK": "Kab. Luwu Utara", "WADMKC": "Kec. Malangke", "WADMKD": "Desa Tolada", "POKTAN": "Gapoktan Reso Temangingngi", "K_POKTAN": "A. Ahmaluddin", "P_SID": "Universitas Negeri Makassar", "NO_HP_1": "0852-5222-2976", "NAMA_PEMIL": "Pemerintah Desa", "N_PETAK": "TDB724", "LUAS_HA": 1.40149307691, "PAKET": "Paket Sulawesi Selatan 14" }, "geometry": { "type": "MultiPolygon", "coordinates": [ [ [ [ 120.413997738604849, -2.702322278750103, 0.0 ], [ 120.413452720666555, -2.702563056939482, 0.0 ], [ 120.413517577074572, -2.703336038627242, 0.0 ], [ 120.413761117981267, -2.704327807382356, 0.0 ], [ 120.413384851529713, -2.704496025571075, 0.0 ], [ 120.413254211512708, -2.703945466909715, 0.0 ], [ 120.413158741282928, -2.7019559048411, 0.0 ], [ 120.413938329390476, -2.701737134860821, 0.0 ], [ 120.413997738604849, -2.702322278750103, 0.0 ] ] ] ] } },
{ "type": "Feature", "properties": { "OBJECTID": 3017, "WADMPR": "Sulawesi Selatan", "WADMKK": "Kab. Luwu Utara", "WADMKC": "Kec. Malangke", "WADMKD": "Desa Tolada", "POKTAN": "Gapoktan Reso Temangingngi", "K_POKTAN": "A. Ahmaluddin", "P_SID": "Universitas Negeri Makassar", "NO_HP_1": "0852-5222-2976", "NAMA_PEMIL": "Pemerintah Desa", "N_PETAK": "TDB725", "LUAS_HA": 0.90979507968999995, "PAKET": "Paket Sulawesi Selatan 14" }, "geometry": { "type": "MultiPolygon", "coordinates": [ [ [ [ 120.413070871223795, -2.701981244139063, 0.0 ], [ 120.412167542697944, -2.702250268235218, 0.0 ], [ 120.411904896593796, -2.701813395571719, 0.0 ], [ 120.413150078113631, -2.70112251209423, 0.0 ], [ 120.413070871223795, -2.701981244139063, 0.0 ] ] ] ] } },
{ "type": "Feature", "properties": { "OBJECTID": 3018, "WADMPR": "Sulawesi Selatan", "WADMKK": "Kab. Luwu Utara", "WADMKC": "Kec. Malangke", "WADMKD": "Desa Tolada", "POKTAN": "Gapoktan Reso Temangingngi", "K_POKTAN": "A. Ahmaluddin", "P_SID": "Universitas Negeri Makassar", "NO_HP_1": "0852-5222-2976", "NAMA_PEMIL": "Pemerintah Desa", "N_PETAK": "TDB726", "LUAS_HA": 1.26440902238, "PAKET": "Paket Sulawesi Selatan 14" }, "geometry": { "type": "MultiPolygon", "coordinates": [ [ [ [ 120.412642370349204, -2.701014588052772, 0.0 ], [ 120.413150078113631, -2.70112251209423, 0.0 ], [ 120.411904896593796, -2.701813395571719, 0.0 ], [ 120.411291635400744, -2.701335204456086, 0.0 ], [ 120.411237632011193, -2.700814461917844, 0.0 ], [ 120.412246311618105, -2.700757954815742, 0.0 ], [ 120.411874879921811, -2.701206481793633, 0.0 ], [ 120.412642370349204, -2.701014588052772, 0.0 ] ] ] ] } },
{ "type": "Feature", "properties": { "OBJECTID": 3019, "WADMPR": "Sulawesi Selatan", "WADMKK": "Kab. Luwu Utara", "WADMKC": "Kec. Malangke", "WADMKD": "Desa Tolada", "POKTAN": "Gapoktan Reso Temangingngi", "K_POKTAN": "A. Ahmaluddin", "P_SID": "Universitas Negeri Makassar", "NO_HP_1": "0852-5222-2976", "NAMA_PEMIL": "Pemerintah Desa", "N_PETAK": "TDB727", "LUAS_HA": 0.6598599877, "PAKET": "Paket Sulawesi Selatan 14" }, "geometry": { "type": "MultiPolygon", "coordinates": [ [ [ [ 120.412642370349204, -2.701014588052772, 0.0 ], [ 120.411874879921811, -2.701206481793633, 0.0 ], [ 120.412246311618105, -2.700757954815742, 0.0 ], [ 120.412237669133219, -2.700136324531684, 0.0 ], [ 120.412866793467856, -2.700126869059716, 0.0 ], [ 120.412642370349204, -2.701014588052772, 0.0 ] ] ] ] } },
{ "type": "Feature", "properties": { "OBJECTID": 3020, "WADMPR": "Sulawesi Selatan", "WADMKK": "Kab. Luwu Utara", "WADMKC": "Kec. Malangke", "WADMKD": "Desa Tolada", "POKTAN": "Gapoktan Reso Temangingngi", "K_POKTAN": "A. Ahmaluddin", "P_SID": "Universitas Negeri Makassar", "NO_HP_1": "0852-5222-2976", "NAMA_PEMIL": "Pemerintah Desa", "N_PETAK": "TDB728", "LUAS_HA": 0.79384667851000001, "PAKET": "Paket Sulawesi Selatan 14" }, "geometry": { "type": "MultiPolygon", "coordinates": [ [ [ [ 120.412246311618105, -2.700757954815742, 0.0 ], [ 120.411237632011193, -2.700814461917844, 0.0 ], [ 120.411203523423978, -2.700465408052082, 0.0 ], [ 120.411220284088927, -2.700178160093969, 0.0 ], [ 120.412237669133219, -2.700136324531684, 0.0 ], [ 120.412246311618105, -2.700757954815742, 0.0 ] ] ] ] } },
{ "type": "Feature", "properties": { "OBJECTID": 3021, "WADMPR": "Sulawesi Selatan", "WADMKK": "Kab. Luwu Utara", "WADMKC": "Kec. Malangke", "WADMKD": "Desa Tolada", "POKTAN": "Gapoktan Reso Temangingngi", "K_POKTAN": "A. Ahmaluddin", "P_SID": "Universitas Negeri Makassar", "NO_HP_1": "0852-5222-2976", "NAMA_PEMIL": "Pemerintah Desa", "N_PETAK": "TDB729", "LUAS_HA": 2.5108079406899999, "PAKET": "Paket Sulawesi Selatan 14" }, "geometry": { "type": "MultiPolygon", "coordinates": [ [ [ [ 120.411203523423978, -2.700465408052082, 0.0 ], [ 120.411237632011193, -2.700814461917844, 0.0 ], [ 120.411291635400744, -2.701335204456086, 0.0 ], [ 120.411904896593796, -2.701813395571719, 0.0 ], [ 120.412167542697944, -2.702250268235218, 0.0 ], [ 120.412296622391295, -2.702700245819642, 0.0 ], [ 120.410545654058751, -2.701842226937174, 0.0 ], [ 120.410751282245997, -2.701505429032295, 0.0 ], [ 120.41017756514259, -2.701101353744434, 0.0 ], [ 120.410281520475905, -2.700327803685127, 0.0 ], [ 120.411203523423978, -2.700465408052082, 0.0 ] ] ] ] } },
{ "type": "Feature", "properties": { "OBJECTID": 3022, "WADMPR": "Sulawesi Selatan", "WADMKK": "Kab. Luwu Utara", "WADMKC": "Kec. Malangke", "WADMKD": "Desa Tolada", "POKTAN": "Gapoktan Reso Temangingngi", "K_POKTAN": "A. Ahmaluddin", "P_SID": "Universitas Negeri Makassar", "NO_HP_1": "0852-5222-2976", "NAMA_PEMIL": "Pemerintah Desa", "N_PETAK": "TDB730", "LUAS_HA": 0.37296036541, "PAKET": "Paket Sulawesi Selatan 14" }, "geometry": { "type": "MultiPolygon", "coordinates": [ [ [ [ 120.411220284088927, -2.700178160093969, 0.0 ], [ 120.411203523423978, -2.700465408052082, 0.0 ], [ 120.410281520475905, -2.700327803685127, 0.0 ], [ 120.41029887559273, -2.699963392996153, 0.0 ], [ 120.411220284088927, -2.700178160093969, 0.0 ] ] ] ] } },
{ "type": "Feature", "properties": { "OBJECTID": 3023, "WADMPR": "Sulawesi Selatan", "WADMKK": "Kab. Luwu Utara", "WADMKC": "Kec. Malangke", "WADMKD": "Desa Tolada", "POKTAN": "Gapoktan Reso Temangingngi", "K_POKTAN": "A. Ahmaluddin", "P_SID": "Universitas Negeri Makassar", "NO_HP_1": "0852-5222-2976", "NAMA_PEMIL": "Pemerintah Desa", "N_PETAK": "TDB731", "LUAS_HA": 1.1184039107699999, "PAKET": "Paket Sulawesi Selatan 14" }, "geometry": { "type": "MultiPolygon", "coordinates": [ [ [ [ 120.40783835205832, -2.698642161206749, 0.0 ], [ 120.4075111571143, -2.699039003247378, 0.0 ], [ 120.406876873369129, -2.698207290434084, 0.0 ], [ 120.40636077942645, -2.697690343934198, 0.0 ], [ 120.406237822317735, -2.697546194301367, 0.0 ], [ 120.406574810878851, -2.697207182265629, 0.0 ], [ 120.407242776033399, -2.69795403415128, 0.0 ], [ 120.40783835205832, -2.698642161206749, 0.0 ] ] ] ] } },
{ "type": "Feature", "properties": { "OBJECTID": 3024, "WADMPR": "Sulawesi Selatan", "WADMKK": "Kab. Luwu Utara", "WADMKC": "Kec. Malangke", "WADMKD": "Desa Tolada", "POKTAN": "Gapoktan Reso Temangingngi", "K_POKTAN": "A. Ahmaluddin", "P_SID": "Universitas Negeri Makassar", "NO_HP_1": "0852-5222-2976", "NAMA_PEMIL": "Pemerintah Desa", "N_PETAK": "TDB732", "LUAS_HA": 1.2323919186500001, "PAKET": "Paket Sulawesi Selatan 14" }, "geometry": { "type": "MultiPolygon", "coordinates": [ [ [ [ 120.409256303235907, -2.698320770487101, 0.0 ], [ 120.409049644425636, -2.698705227064522, 0.0 ], [ 120.408526982734088, -2.698524441749555, 0.0 ], [ 120.407879656121281, -2.699571448663391, 0.0 ], [ 120.4075111571143, -2.699039003247378, 0.0 ], [ 120.40783835205832, -2.698642161206749, 0.0 ], [ 120.408360492143061, -2.697967844140635, 0.0 ], [ 120.408750708878188, -2.698168140247446, 0.0 ], [ 120.409256303235907, -2.698320770487101, 0.0 ] ] ] ] } },
{ "type": "Feature", "properties": { "OBJECTID": 3025, "WADMPR": "Sulawesi Selatan", "WADMKK": "Kab. Luwu Utara", "WADMKC": "Kec. Malangke", "WADMKD": "Desa Tolada", "POKTAN": "Gapoktan Reso Temangingngi", "K_POKTAN": "A. Ahmaluddin", "P_SID": "Universitas Negeri Makassar", "NO_HP_1": "0852-5222-2976", "NAMA_PEMIL": "Pemerintah Desa", "N_PETAK": "TDB733", "LUAS_HA": 0.12080711673, "PAKET": "Paket Sulawesi Selatan 14" }, "geometry": { "type": "MultiPolygon", "coordinates": [ [ [ [ 120.406487238495288, -2.69980524091909, 0.0 ], [ 120.405963740434345, -2.699581971630664, 0.0 ], [ 120.406141291787208, -2.69953519699169, 0.0 ], [ 120.406534355775989, -2.699459378747292, 0.0 ], [ 120.406487238495288, -2.69980524091909, 0.0 ] ] ] ] } },
{ "type": "Feature", "properties": { "OBJECTID": 3026, "WADMPR": "Sulawesi Selatan", "WADMKK": "Kab. Luwu Utara", "WADMKC": "Kec. Malangke", "WADMKD": "Desa Tolada", "POKTAN": "Gapoktan Reso Temangingngi", "K_POKTAN": "A. Ahmaluddin", "P_SID": "Universitas Negeri Makassar", "NO_HP_1": "0852-5222-2976", "NAMA_PEMIL": "Pemerintah Desa", "N_PETAK": "TDB734", "LUAS_HA": 0.23988099936000001, "PAKET": "Paket Sulawesi Selatan 14" }, "geometry": { "type": "MultiPolygon", "coordinates": [ [ [ [ 120.406487238495288, -2.69980524091909, 0.0 ], [ 120.406534355775989, -2.699459378747292, 0.0 ], [ 120.406631088653853, -2.699451472807198, 0.0 ], [ 120.407306930070831, -2.700271837075547, 0.0 ], [ 120.406487238495288, -2.69980524091909, 0.0 ] ] ] ] } },
{ "type": "Feature", "properties": { "OBJECTID": 3027, "WADMPR": "Sulawesi Selatan", "WADMKK": "Kab. Luwu Utara", "WADMKC": "Kec. Malangke", "WADMKD": "Desa Tolada", "POKTAN": "Gapoktan Reso Temangingngi", "K_POKTAN": "A. Ahmaluddin", "P_SID": "Universitas Negeri Makassar", "NO_HP_1": "0852-5222-2976", "NAMA_PEMIL": "Pemerintah Desa", "N_PETAK": "TDB735", "LUAS_HA": 0.74089097604999998, "PAKET": "Paket Sulawesi Selatan 14" }, "geometry": { "type": "MultiPolygon", "coordinates": [ [ [ [ 120.409049644425636, -2.698705227064522, 0.0 ], [ 120.408594453471324, -2.699364166622956, 0.0 ], [ 120.408527697695149, -2.699613241957479, 0.0 ], [ 120.407879656121281, -2.699571448663391, 0.0 ], [ 120.408526982734088, -2.698524441749555, 0.0 ], [ 120.409049644425636, -2.698705227064522, 0.0 ] ] ] ] } },
{ "type": "Feature", "properties": { "OBJECTID": 3028, "WADMPR": "Sulawesi Selatan", "WADMKK": "Kab. Luwu Utara", "WADMKC": "Kec. Malangke", "WADMKD": "Desa Tolada", "POKTAN": "Gapoktan Reso Temangingngi", "K_POKTAN": "A. Ahmaluddin", "P_SID": "Universitas Negeri Makassar", "NO_HP_1": "0852-5222-2976", "NAMA_PEMIL": "Pemerintah Desa", "N_PETAK": "TDB736", "LUAS_HA": 1.40288693297, "PAKET": "Paket Sulawesi Selatan 14" }, "geometry": { "type": "MultiPolygon", "coordinates": [ [ [ [ 120.410156172969096, -2.698764414146353, 0.0 ], [ 120.409755366716809, -2.699051097330255, 0.0 ], [ 120.409608546097616, -2.699617311389773, 0.0 ], [ 120.408527697695149, -2.699613241957479, 0.0 ], [ 120.408594453471324, -2.699364166622956, 0.0 ], [ 120.409049644425636, -2.698705227064522, 0.0 ], [ 120.409256303235907, -2.698320770487101, 0.0 ], [ 120.410156172969096, -2.698764414146353, 0.0 ] ] ] ] } },
{ "type": "Feature", "properties": { "OBJECTID": 3029, "WADMPR": "Sulawesi Selatan", "WADMKK": "Kab. Luwu Utara", "WADMKC": "Kec. Malangke", "WADMKD": "Desa Tolada", "POKTAN": "Gapoktan Reso Temangingngi", "K_POKTAN": "A. Ahmaluddin", "P_SID": "Universitas Negeri Makassar", "NO_HP_1": "0852-5222-2976", "NAMA_PEMIL": "Pemerintah Desa", "N_PETAK": "TDB737", "LUAS_HA": 0.23661689823000001, "PAKET": "Paket Sulawesi Selatan 14" }, "geometry": { "type": "MultiPolygon", "coordinates": [ [ [ [ 120.408527697695149, -2.699613241957479, 0.0 ], [ 120.408260432672932, -2.7001899106358, 0.0 ], [ 120.407879656121281, -2.699571448663391, 0.0 ], [ 120.408527697695149, -2.699613241957479, 0.0 ] ] ] ] } },
{ "type": "Feature", "properties": { "OBJECTID": 3030, "WADMPR": "Sulawesi Selatan", "WADMKK": "Kab. Luwu Utara", "WADMKC": "Kec. Malangke", "WADMKD": "Desa Tolada", "POKTAN": "Gapoktan Reso Temangingngi", "K_POKTAN": "A. Ahmaluddin", "P_SID": "Universitas Negeri Makassar", "NO_HP_1": "0852-5222-2976", "NAMA_PEMIL": "Pemerintah Desa", "N_PETAK": "TDB738", "LUAS_HA": 0.96590654575000001, "PAKET": "Paket Sulawesi Selatan 14" }, "geometry": { "type": "MultiPolygon", "coordinates": [ [ [ [ 120.409608546097616, -2.699617311389773, 0.0 ], [ 120.409304713741562, -2.700571446215235, 0.0 ], [ 120.409072543862862, -2.700427480943461, 0.0 ], [ 120.40910420449552, -2.7003089179222, 0.0 ], [ 120.408260432672932, -2.7001899106358, 0.0 ], [ 120.408527697695149, -2.699613241957479, 0.0 ], [ 120.409608546097616, -2.699617311389773, 0.0 ] ] ] ] } },
{ "type": "Feature", "properties": { "OBJECTID": 3031, "WADMPR": "Sulawesi Selatan", "WADMKK": "Kab. Luwu Utara", "WADMKC": "Kec. Malangke", "WADMKD": "Desa Tolada", "POKTAN": "Gapoktan Reso Temangingngi", "K_POKTAN": "A. Ahmaluddin", "P_SID": "Universitas Negeri Makassar", "NO_HP_1": "0852-5222-2976", "NAMA_PEMIL": "Pemerintah Desa", "N_PETAK": "TDB739", "LUAS_HA": 0.48951365117000001, "PAKET": "Paket Sulawesi Selatan 14" }, "geometry": { "type": "MultiPolygon", "coordinates": [ [ [ [ 120.409072543862862, -2.700427480943461, 0.0 ], [ 120.408922253659171, -2.700724021596272, 0.0 ], [ 120.408044052191372, -2.700643694151097, 0.0 ], [ 120.408260432672932, -2.7001899106358, 0.0 ], [ 120.40910420449552, -2.7003089179222, 0.0 ], [ 120.409072543862862, -2.700427480943461, 0.0 ] ] ] ] } },
{ "type": "Feature", "properties": { "OBJECTID": 3032, "WADMPR": "Sulawesi Selatan", "WADMKK": "Kab. Luwu Utara", "WADMKC": "Kec. Malangke", "WADMKD": "Desa Tolada", "POKTAN": "Gapoktan Reso Temangingngi", "K_POKTAN": "A. Ahmaluddin", "P_SID": "Universitas Negeri Makassar", "NO_HP_1": "0852-5222-2976", "NAMA_PEMIL": "Pemerintah Desa", "N_PETAK": "TDB740", "LUAS_HA": 0.20291872984000001, "PAKET": "Paket Sulawesi Selatan 14" }, "geometry": { "type": "MultiPolygon", "coordinates": [ [ [ [ 120.408922253659171, -2.700724021596272, 0.0 ], [ 120.408951766710743, -2.701102560634638, 0.0 ], [ 120.408044052191372, -2.700643694151097, 0.0 ], [ 120.408922253659171, -2.700724021596272, 0.0 ] ] ] ] } },
{ "type": "Feature", "properties": { "OBJECTID": 3033, "WADMPR": "Sulawesi Selatan", "WADMKK": "Kab. Luwu Utara", "WADMKC": "Kec. Malangke", "WADMKD": "Desa Tolada", "POKTAN": "Gapoktan Reso Temangingngi", "K_POKTAN": "A. Ahmaluddin", "P_SID": "Universitas Negeri Makassar", "NO_HP_1": "0852-5222-2976", "NAMA_PEMIL": "Pemerintah Desa", "N_PETAK": "TDB741", "LUAS_HA": 3.6021643074999998, "PAKET": "Paket Sulawesi Selatan 14" }, "geometry": { "type": "MultiPolygon", "coordinates": [ [ [ [ 120.411220284088927, -2.700178160093969, 0.0 ], [ 120.41029887559273, -2.699963392996153, 0.0 ], [ 120.410281520475905, -2.700327803685127, 0.0 ], [ 120.41017756514259, -2.701101353744434, 0.0 ], [ 120.409304713741562, -2.700571446215235, 0.0 ], [ 120.409608546097616, -2.699617311389773, 0.0 ], [ 120.409755366716809, -2.699051097330255, 0.0 ], [ 120.410156172969096, -2.698764414146353, 0.0 ], [ 120.410208848059938, -2.698506887882502, 0.0 ], [ 120.411471024068533, -2.69898328125339, 0.0 ], [ 120.411220284088927, -2.700178160093969, 0.0 ] ] ] ] } },
{ "type": "Feature", "properties": { "OBJECTID": 3034, "WADMPR": "Sulawesi Selatan", "WADMKK": "Kab. Luwu Utara", "WADMKC": "Kec. Malangke", "WADMKD": "Desa Tolada", "POKTAN": "Gapoktan Reso Temangingngi", "K_POKTAN": "A. Ahmaluddin", "P_SID": "Universitas Negeri Makassar", "NO_HP_1": "0852-5222-2976", "NAMA_PEMIL": "Pemerintah Desa", "N_PETAK": "TDB742", "LUAS_HA": 1.2758684606499999, "PAKET": "Paket Sulawesi Selatan 14" }, "geometry": { "type": "MultiPolygon", "coordinates": [ [ [ [ 120.409304713741562, -2.700571446215235, 0.0 ], [ 120.41017756514259, -2.701101353744434, 0.0 ], [ 120.410751282245997, -2.701505429032295, 0.0 ], [ 120.410545654058751, -2.701842226937174, 0.0 ], [ 120.408951766710743, -2.701102560634638, 0.0 ], [ 120.408922253659171, -2.700724021596272, 0.0 ], [ 120.409072543862862, -2.700427480943461, 0.0 ], [ 120.409304713741562, -2.700571446215235, 0.0 ] ] ] ] } },
{ "type": "Feature", "properties": { "OBJECTID": 3035, "WADMPR": "Sulawesi Selatan", "WADMKK": "Kab. Luwu Utara", "WADMKC": "Kec. Malangke", "WADMKD": "Desa Tolada", "POKTAN": "Gapoktan Reso Temangingngi", "K_POKTAN": "A. Ahmaluddin", "P_SID": "Universitas Negeri Makassar", "NO_HP_1": "0852-5222-2976", "NAMA_PEMIL": "Pemerintah Desa", "N_PETAK": "TDB743", "LUAS_HA": 0.38124501432000002, "PAKET": "Paket Sulawesi Selatan 14" }, "geometry": { "type": "MultiPolygon", "coordinates": [ [ [ [ 120.420076786014874, -2.704964878126589, 0.0 ], [ 120.419675214439621, -2.70497475717923, 0.0 ], [ 120.419439838477842, -2.704413402156717, 0.0 ], [ 120.419567477457235, -2.704177824746751, 0.0 ], [ 120.419797474573897, -2.704185129939731, 0.0 ], [ 120.419868857361962, -2.704404793846095, 0.0 ], [ 120.419977512552236, -2.704694769447997, 0.0 ], [ 120.420037974872685, -2.70486160537871, 0.0 ], [ 120.420076786014874, -2.704964878126589, 0.0 ] ] ] ] } },
{ "type": "Feature", "properties": { "OBJECTID": 3036, "WADMPR": "Sulawesi Selatan", "WADMKK": "Kab. Luwu Utara", "WADMKC": "Kec. Malangke", "WADMKD": "Desa Tolada", "POKTAN": "Gapoktan Reso Temangingngi", "K_POKTAN": "A. Ahmaluddin", "P_SID": "Universitas Negeri Makassar", "NO_HP_1": "0852-5222-2976", "NAMA_PEMIL": "Pemerintah Desa", "N_PETAK": "TDB744", "LUAS_HA": 0.22139285577000001, "PAKET": "Paket Sulawesi Selatan 14" }, "geometry": { "type": "MultiPolygon", "coordinates": [ [ [ [ 120.420223856645748, -2.705392721596752, 0.0 ], [ 120.419824909292174, -2.705422592578543, 0.0 ], [ 120.419675214439621, -2.70497475717923, 0.0 ], [ 120.420076786014874, -2.704964878126589, 0.0 ], [ 120.420132785000078, -2.705113890393704, 0.0 ], [ 120.420181472497006, -2.705244748945972, 0.0 ], [ 120.420182399698092, -2.705247629474457, 0.0 ], [ 120.420223856645748, -2.705392721596752, 0.0 ] ] ] ] } },
{ "type": "Feature", "properties": { "OBJECTID": 3037, "WADMPR": "Sulawesi Selatan", "WADMKK": "Kab. Luwu Utara", "WADMKC": "Kec. Malangke", "WADMKD": "Desa Tolada", "POKTAN": "Gapoktan Reso Temangingngi", "K_POKTAN": "A. Ahmaluddin", "P_SID": "Universitas Negeri Makassar", "NO_HP_1": "0852-5222-2976", "NAMA_PEMIL": "Pemerintah Desa", "N_PETAK": "TDB745", "LUAS_HA": 0.2480217952, "PAKET": "Paket Sulawesi Selatan 14" }, "geometry": { "type": "MultiPolygon", "coordinates": [ [ [ [ 120.419567477457235, -2.704177824746751, 0.0 ], [ 120.419439838477842, -2.704413402156717, 0.0 ], [ 120.419194702173854, -2.704923963470094, 0.0 ], [ 120.419023620543726, -2.704164267466922, 0.0 ], [ 120.419567477457235, -2.704177824746751, 0.0 ] ] ] ] } },
{ "type": "Feature", "properties": { "OBJECTID": 3038, "WADMPR": "Sulawesi Selatan", "WADMKK": "Kab. Luwu Utara", "WADMKC": "Kec. Malangke", "WADMKD": "Desa Tolada", "POKTAN": "Gapoktan Reso Temangingngi", "K_POKTAN": "A. Ahmaluddin", "P_SID": "Universitas Negeri Makassar", "NO_HP_1": "0852-5222-2976", "NAMA_PEMIL": "Pemerintah Desa", "N_PETAK": "TDB746", "LUAS_HA": 2.09729080936, "PAKET": "Paket Sulawesi Selatan 14" }, "geometry": { "type": "MultiPolygon", "coordinates": [ [ [ [ 120.419023620543726, -2.704164267466922, 0.0 ], [ 120.419194702173854, -2.704923963470094, 0.0 ], [ 120.418805916260112, -2.705248730244648, 0.0 ], [ 120.417850126682083, -2.705488304241783, 0.0 ], [ 120.41770103797262, -2.704871084233105, 0.0 ], [ 120.417505714217441, -2.704102609947427, 0.0 ], [ 120.419023620543726, -2.704164267466922, 0.0 ] ] ] ] } },
{ "type": "Feature", "properties": { "OBJECTID": 3039, "WADMPR": "Sulawesi Selatan", "WADMKK": "Kab. Luwu Utara", "WADMKC": "Kec. Malangke", "WADMKD": "Desa Tolada", "POKTAN": "Gapoktan Reso Temangingngi", "K_POKTAN": "A. Ahmaluddin", "P_SID": "Universitas Negeri Makassar", "NO_HP_1": "0852-5222-2976", "NAMA_PEMIL": "Pemerintah Desa", "N_PETAK": "TDB747", "LUAS_HA": 1.89960578433, "PAKET": "Paket Sulawesi Selatan 14" }, "geometry": { "type": "MultiPolygon", "coordinates": [ [ [ [ 120.419675214439621, -2.70497475717923, 0.0 ], [ 120.419824909292174, -2.705422592578543, 0.0 ], [ 120.419108827710261, -2.706093951774392, 0.0 ], [ 120.419693101055827, -2.706389390757749, 0.0 ], [ 120.41969931537119, -2.706780567069472, 0.0 ], [ 120.419583426933627, -2.706693684465904, 0.0 ], [ 120.419488985528346, -2.706627278526014, 0.0 ], [ 120.419391303865609, -2.706567080606249, 0.0 ], [ 120.419290184094734, -2.706512925231266, 0.0 ], [ 120.419185998535113, -2.706465008453335, 0.0 ], [ 120.41907912580109, -2.706423502942243, 0.0 ], [ 120.418969956198566, -2.706388564280758, 0.0 ], [ 120.418950864490853, -2.706383708841031, 0.0 ], [ 120.418858888127261, -2.706360315675965, 0.0 ], [ 120.418746327181339, -2.706338863247879, 0.0 ], [ 120.418632683451619, -2.706324284338223, 0.0 ], [ 120.418518371525693, -2.706316632006917, 0.0 ], [ 120.418475544011244, -2.706316371203513, 0.0 ], [ 120.418460549614679, -2.706233951935303, 0.0 ], [ 120.418101350496954, -2.706166605304531, 0.0 ], [ 120.418000384510151, -2.705935666597668, 0.0 ], [ 120.418944919072828, -2.705696427148325, 0.0 ], [ 120.418805916260112, -2.705248730244648, 0.0 ], [ 120.419194702173854, -2.704923963470094, 0.0 ], [ 120.419439838477842, -2.704413402156717, 0.0 ], [ 120.419675214439621, -2.70497475717923, 0.0 ] ] ] ] } },
{ "type": "Feature", "properties": { "OBJECTID": 3040, "WADMPR": "Sulawesi Selatan", "WADMKK": "Kab. Luwu Utara", "WADMKC": "Kec. Malangke", "WADMKD": "Desa Tolada", "POKTAN": "Gapoktan Reso Temangingngi", "K_POKTAN": "A. Ahmaluddin", "P_SID": "Universitas Negeri Makassar", "NO_HP_1": "0852-5222-2976", "NAMA_PEMIL": "Pemerintah Desa", "N_PETAK": "TDB748", "LUAS_HA": 0.56993386464999995, "PAKET": "Paket Sulawesi Selatan 14" }, "geometry": { "type": "MultiPolygon", "coordinates": [ [ [ [ 120.418000384510151, -2.705935666597668, 0.0 ], [ 120.417911298567674, -2.705719295109361, 0.0 ], [ 120.417850126682083, -2.705488304241783, 0.0 ], [ 120.418805916260112, -2.705248730244648, 0.0 ], [ 120.418944919072828, -2.705696427148325, 0.0 ], [ 120.418000384510151, -2.705935666597668, 0.0 ] ] ] ] } },
{ "type": "Feature", "properties": { "OBJECTID": 3041, "WADMPR": "Sulawesi Selatan", "WADMKK": "Kab. Luwu Utara", "WADMKC": "Kec. Malangke", "WADMKD": "Desa Tolada", "POKTAN": "Gapoktan Reso Temangingngi", "K_POKTAN": "A. Ahmaluddin", "P_SID": "Universitas Negeri Makassar", "NO_HP_1": "0852-5222-2976", "NAMA_PEMIL": "Pemerintah Desa", "N_PETAK": "TDB749", "LUAS_HA": 0.5801947693, "PAKET": "Paket Sulawesi Selatan 14" }, "geometry": { "type": "MultiPolygon", "coordinates": [ [ [ [ 120.417505714217441, -2.704102609947427, 0.0 ], [ 120.41770103797262, -2.704871084233105, 0.0 ], [ 120.417465563085329, -2.704869116516477, 0.0 ], [ 120.416692484270811, -2.70432310842466, 0.0 ], [ 120.417138118129742, -2.704019466724958, 0.0 ], [ 120.417505714217441, -2.704102609947427, 0.0 ] ] ] ] } },
{ "type": "Feature", "properties": { "OBJECTID": 3042, "WADMPR": "Sulawesi Selatan", "WADMKK": "Kab. Luwu Utara", "WADMKC": "Kec. Malangke", "WADMKD": "Desa Tolada", "POKTAN": "Gapoktan Reso Temangingngi", "K_POKTAN": "A. Ahmaluddin", "P_SID": "Universitas Negeri Makassar", "NO_HP_1": "0852-5222-2976", "NAMA_PEMIL": "Pemerintah Desa", "N_PETAK": "TDB750", "LUAS_HA": 0.94818437446000003, "PAKET": "Paket Sulawesi Selatan 14" }, "geometry": { "type": "MultiPolygon", "coordinates": [ [ [ [ 120.417465563085329, -2.704869116516477, 0.0 ], [ 120.416745737625774, -2.705321676953758, 0.0 ], [ 120.416644324675872, -2.705289486620472, 0.0 ], [ 120.415910612784614, -2.704822673727335, 0.0 ], [ 120.416011321565293, -2.704766106370641, 0.0 ], [ 120.41641559110667, -2.704540758748976, 0.0 ], [ 120.416692484270811, -2.70432310842466, 0.0 ], [ 120.417465563085329, -2.704869116516477, 0.0 ] ] ] ] } },
{ "type": "Feature", "properties": { "OBJECTID": 3043, "WADMPR": "Sulawesi Selatan", "WADMKK": "Kab. Luwu Utara", "WADMKC": "Kec. Malangke", "WADMKD": "Desa Tolada", "POKTAN": "Gapoktan Reso Temangingngi", "K_POKTAN": "A. Ahmaluddin", "P_SID": "Universitas Negeri Makassar", "NO_HP_1": "0852-5222-2976", "NAMA_PEMIL": "Pemerintah Desa", "N_PETAK": "TDB751", "LUAS_HA": 0.70465726615000002, "PAKET": "Paket Sulawesi Selatan 14" }, "geometry": { "type": "MultiPolygon", "coordinates": [ [ [ [ 120.41770103797262, -2.704871084233105, 0.0 ], [ 120.417850126682083, -2.705488304241783, 0.0 ], [ 120.417911298567674, -2.705719295109361, 0.0 ], [ 120.417625378908156, -2.705738850867249, 0.0 ], [ 120.416745737625774, -2.705321676953758, 0.0 ], [ 120.417465563085329, -2.704869116516477, 0.0 ], [ 120.41770103797262, -2.704871084233105, 0.0 ] ] ] ] } },
{ "type": "Feature", "properties": { "OBJECTID": 3044, "WADMPR": "Sulawesi Selatan", "WADMKK": "Kab. Luwu Utara", "WADMKC": "Kec. Malangke", "WADMKD": "Desa Tolada", "POKTAN": "Gapoktan Reso Temangingngi", "K_POKTAN": "A. Ahmaluddin", "P_SID": "Universitas Negeri Makassar", "NO_HP_1": "0852-5222-2976", "NAMA_PEMIL": "Pemerintah Desa", "N_PETAK": "TDB752", "LUAS_HA": 2.1427397321299999, "PAKET": "Paket Sulawesi Selatan 14" }, "geometry": { "type": "MultiPolygon", "coordinates": [ [ [ [ 120.416644324675872, -2.705289486620472, 0.0 ], [ 120.4167511794235, -2.705980963650518, 0.0 ], [ 120.415676505766214, -2.706252357460301, 0.0 ], [ 120.415584425081192, -2.705661068503446, 0.0 ], [ 120.414630172444618, -2.705885960168871, 0.0 ], [ 120.414507657802233, -2.705407919240031, 0.0 ], [ 120.414520315760001, -2.705376129105048, 0.0 ], [ 120.414607506831089, -2.705357927726141, 0.0 ], [ 120.415122106100398, -2.705250502808383, 0.0 ], [ 120.415611363373728, -2.705157525499374, 0.0 ], [ 120.415548115852971, -2.704978325689126, 0.0 ], [ 120.415908387861919, -2.704823628807389, 0.0 ], [ 120.416644324675872, -2.705289486620472, 0.0 ] ] ] ] } },
{ "type": "Feature", "properties": { "OBJECTID": 3045, "WADMPR": "Sulawesi Selatan", "WADMKK": "Kab. Luwu Utara", "WADMKC": "Kec. Malangke", "WADMKD": "Desa Tolada", "POKTAN": "Gapoktan Reso Temangingngi", "K_POKTAN": "A. Ahmaluddin", "P_SID": "Universitas Negeri Makassar", "NO_HP_1": "0852-5222-2976", "NAMA_PEMIL": "Pemerintah Desa", "N_PETAK": "TDB753", "LUAS_HA": 0.39782807106000001, "PAKET": "Paket Sulawesi Selatan 14" }, "geometry": { "type": "MultiPolygon", "coordinates": [ [ [ [ 120.417138118129742, -2.704019466724958, 0.0 ], [ 120.416692484270811, -2.70432310842466, 0.0 ], [ 120.41641559110667, -2.704540758748976, 0.0 ], [ 120.416129384563533, -2.70383377021227, 0.0 ], [ 120.417138118129742, -2.704019466724958, 0.0 ] ] ] ] } },
{ "type": "Feature", "properties": { "OBJECTID": 3046, "WADMPR": "Sulawesi Selatan", "WADMKK": "Kab. Luwu Utara", "WADMKC": "Kec. Malangke", "WADMKD": "Desa Tolada", "POKTAN": "Gapoktan Reso Temangingngi", "K_POKTAN": "A. Ahmaluddin", "P_SID": "Universitas Negeri Makassar", "NO_HP_1": "0852-5222-2976", "NAMA_PEMIL": "Pemerintah Desa", "N_PETAK": "TDB754", "LUAS_HA": 0.70693836177000002, "PAKET": "Paket Sulawesi Selatan 14" }, "geometry": { "type": "MultiPolygon", "coordinates": [ [ [ [ 120.416129384563533, -2.70383377021227, 0.0 ], [ 120.41641559110667, -2.704540758748976, 0.0 ], [ 120.416011321565293, -2.704766106370641, 0.0 ], [ 120.41572698021605, -2.704158125996685, 0.0 ], [ 120.415723042084778, -2.704160567656004, 0.0 ], [ 120.415350386411319, -2.704391568416099, 0.0 ], [ 120.415263052347996, -2.704083314093623, 0.0 ], [ 120.415670129572845, -2.703797941221978, 0.0 ], [ 120.416129384563533, -2.70383377021227, 0.0 ] ] ] ] } },
{ "type": "Feature", "properties": { "OBJECTID": 3047, "WADMPR": "Sulawesi Selatan", "WADMKK": "Kab. Luwu Utara", "WADMKC": "Kec. Malangke", "WADMKD": "Desa Tolada", "POKTAN": "Gapoktan Reso Temangingngi", "K_POKTAN": "A. Ahmaluddin", "P_SID": "Universitas Negeri Makassar", "NO_HP_1": "0852-5222-2976", "NAMA_PEMIL": "Pemerintah Desa", "N_PETAK": "TDB755", "LUAS_HA": 1.1916995429299999, "PAKET": "Paket Sulawesi Selatan 14" }, "geometry": { "type": "MultiPolygon", "coordinates": [ [ [ [ 120.416745737625774, -2.705321676953758, 0.0 ], [ 120.417625378908156, -2.705738850867249, 0.0 ], [ 120.417911298567674, -2.705719295109361, 0.0 ], [ 120.418000384510151, -2.705935666597668, 0.0 ], [ 120.417654244447931, -2.70646581424586, 0.0 ], [ 120.417489902337138, -2.706565617409296, 0.0 ], [ 120.41731815790672, -2.706640867282147, 0.0 ], [ 120.416771262184056, -2.706014111761817, 0.0 ], [ 120.416644324675872, -2.705289486620472, 0.0 ], [ 120.416745737625774, -2.705321676953758, 0.0 ] ] ] ] } },
{ "type": "Feature", "properties": { "OBJECTID": 3048, "WADMPR": "Sulawesi Selatan", "WADMKK": "Kab. Luwu Utara", "WADMKC": "Kec. Malangke", "WADMKD": "Desa Tolada", "POKTAN": "Gapoktan Reso Temangingngi", "K_POKTAN": "A. Ahmaluddin", "P_SID": "Universitas Negeri Makassar", "NO_HP_1": "0852-5222-2976", "NAMA_PEMIL": "Pemerintah Desa", "N_PETAK": "TDB756", "LUAS_HA": 2.31949912405, "PAKET": "Paket Sulawesi Selatan 14" }, "geometry": { "type": "MultiPolygon", "coordinates": [ [ [ [ 120.415676505766214, -2.706252357460301, 0.0 ], [ 120.415227141519381, -2.706592920826608, 0.0 ], [ 120.414517371379702, -2.706439259963815, 0.0 ], [ 120.414202208465213, -2.707363477942124, 0.0 ], [ 120.413828849521906, -2.706953088514183, 0.0 ], [ 120.413960225184269, -2.706259316414275, 0.0 ], [ 120.413795467586851, -2.705895126958467, 0.0 ], [ 120.413650720804185, -2.705550676722282, 0.0 ], [ 120.414208605342878, -2.70543177735459, 0.0 ], [ 120.414507657802233, -2.705407919240031, 0.0 ], [ 120.414630172444618, -2.705885960168871, 0.0 ], [ 120.415584425081192, -2.705661068503446, 0.0 ], [ 120.415676505766214, -2.706252357460301, 0.0 ] ] ] ] } },
{ "type": "Feature", "properties": { "OBJECTID": 3049, "WADMPR": "Sulawesi Selatan", "WADMKK": "Kab. Luwu Utara", "WADMKC": "Kec. Malangke", "WADMKD": "Desa Tolada", "POKTAN": "Gapoktan Reso Temangingngi", "K_POKTAN": "A. Ahmaluddin", "P_SID": "Universitas Negeri Makassar", "NO_HP_1": "0852-5222-2976", "NAMA_PEMIL": "Pemerintah Desa", "N_PETAK": "TDB757", "LUAS_HA": 0.72106669483999997, "PAKET": "Paket Sulawesi Selatan 14" }, "geometry": { "type": "MultiPolygon", "coordinates": [ [ [ [ 120.414208605342878, -2.70543177735459, 0.0 ], [ 120.413650720804185, -2.705550676722282, 0.0 ], [ 120.413309878648079, -2.704739583564901, 0.0 ], [ 120.413955311288646, -2.704480230777961, 0.0 ], [ 120.414208605342878, -2.70543177735459, 0.0 ] ] ] ] } },
{ "type": "Feature", "properties": { "OBJECTID": 3050, "WADMPR": "Sulawesi Selatan", "WADMKK": "Kab. Luwu Utara", "WADMKC": "Kec. Malangke", "WADMKD": "Desa Tolada", "POKTAN": "Gapoktan Reso Temangingngi", "K_POKTAN": "A. Ahmaluddin", "P_SID": "Universitas Negeri Makassar", "NO_HP_1": "0852-5222-2976", "NAMA_PEMIL": "Pemerintah Desa", "N_PETAK": "TDB758", "LUAS_HA": 0.49438095532999998, "PAKET": "Paket Sulawesi Selatan 14" }, "geometry": { "type": "MultiPolygon", "coordinates": [ [ [ [ 120.414607506831089, -2.705357927726141, 0.0 ], [ 120.414520315760001, -2.705376129105048, 0.0 ], [ 120.414507657802233, -2.705407919240031, 0.0 ], [ 120.414208605342878, -2.70543177735459, 0.0 ], [ 120.413955311288646, -2.704480230777961, 0.0 ], [ 120.414331513888328, -2.704379565164743, 0.0 ], [ 120.414607506831089, -2.705357927726141, 0.0 ] ] ] ] } },
{ "type": "Feature", "properties": { "OBJECTID": 3051, "WADMPR": "Sulawesi Selatan", "WADMKK": "Kab. Luwu Utara", "WADMKC": "Kec. Malangke", "WADMKD": "Desa Tolada", "POKTAN": "Gapoktan Reso Temangingngi", "K_POKTAN": "A. Ahmaluddin", "P_SID": "Universitas Negeri Makassar", "NO_HP_1": "0852-5222-2976", "NAMA_PEMIL": "Pemerintah Desa", "N_PETAK": "TDB759", "LUAS_HA": 0.64107784661, "PAKET": "Paket Sulawesi Selatan 14" }, "geometry": { "type": "MultiPolygon", "coordinates": [ [ [ [ 120.415122106100398, -2.705250502808383, 0.0 ], [ 120.414607506831089, -2.705357927726141, 0.0 ], [ 120.414331513888328, -2.704379565164743, 0.0 ], [ 120.414788192321225, -2.7042380082774, 0.0 ], [ 120.415122106100398, -2.705250502808383, 0.0 ] ] ] ] } },
{ "type": "Feature", "properties": { "OBJECTID": 3052, "WADMPR": "Sulawesi Selatan", "WADMKK": "Kab. Luwu Utara", "WADMKC": "Kec. Malangke", "WADMKD": "Desa Tolada", "POKTAN": "Gapoktan Reso Temangingngi", "K_POKTAN": "A. Ahmaluddin", "P_SID": "Universitas Negeri Makassar", "NO_HP_1": "0852-5222-2976", "NAMA_PEMIL": "Pemerintah Desa", "N_PETAK": "TDB760", "LUAS_HA": 0.659452853, "PAKET": "Paket Sulawesi Selatan 14" }, "geometry": { "type": "MultiPolygon", "coordinates": [ [ [ [ 120.415350386411319, -2.704391568416099, 0.0 ], [ 120.415548115852971, -2.704978325689126, 0.0 ], [ 120.415611363373728, -2.705157525499374, 0.0 ], [ 120.415122106100398, -2.705250502808383, 0.0 ], [ 120.414788192321225, -2.7042380082774, 0.0 ], [ 120.415260982108748, -2.704087219849271, 0.0 ], [ 120.415350386411319, -2.704391568416099, 0.0 ] ] ] ] } },
{ "type": "Feature", "properties": { "OBJECTID": 3053, "WADMPR": "Sulawesi Selatan", "WADMKK": "Kab. Luwu Utara", "WADMKC": "Kec. Malangke", "WADMKD": "Desa Tolada", "POKTAN": "Gapoktan Reso Temangingngi", "K_POKTAN": "A. Ahmaluddin", "P_SID": "Universitas Negeri Makassar", "NO_HP_1": "0852-5222-2976", "NAMA_PEMIL": "Pemerintah Desa", "N_PETAK": "TDB761", "LUAS_HA": 0.37553084047000002, "PAKET": "Paket Sulawesi Selatan 14" }, "geometry": { "type": "MultiPolygon", "coordinates": [ [ [ [ 120.416011321565293, -2.704766106370641, 0.0 ], [ 120.415910612784614, -2.704822673727335, 0.0 ], [ 120.415908387861919, -2.704823628807389, 0.0 ], [ 120.415548115852971, -2.704978325689126, 0.0 ], [ 120.415350386411319, -2.704391568416099, 0.0 ], [ 120.415723042084778, -2.704160567656004, 0.0 ], [ 120.416011321565293, -2.704766106370641, 0.0 ] ] ] ] } },
{ "type": "Feature", "properties": { "OBJECTID": 3054, "WADMPR": "Sulawesi Selatan", "WADMKK": "Kab. Luwu Utara", "WADMKC": "Kec. Malangke", "WADMKD": "Desa Tolada", "POKTAN": "Gapoktan Reso Temangingngi", "K_POKTAN": "A. Ahmaluddin", "P_SID": "Universitas Negeri Makassar", "NO_HP_1": "0852-5222-2976", "NAMA_PEMIL": "Pemerintah Desa", "N_PETAK": "TDB762", "LUAS_HA": 1.1950407518199999, "PAKET": "Paket Sulawesi Selatan 14" }, "geometry": { "type": "MultiPolygon", "coordinates": [ [ [ [ 120.413650720804185, -2.705550676722282, 0.0 ], [ 120.413795467586851, -2.705895126958467, 0.0 ], [ 120.413405598889312, -2.705904641785764, 0.0 ], [ 120.412740397351513, -2.705915672869935, 0.0 ], [ 120.412695493302408, -2.705412043530941, 0.0 ], [ 120.412712851117249, -2.704740369572335, 0.0 ], [ 120.413186524938283, -2.704786587530918, 0.0 ], [ 120.413309878648079, -2.704739583564901, 0.0 ], [ 120.413650720804185, -2.705550676722282, 0.0 ] ] ] ] } },
{ "type": "Feature", "properties": { "OBJECTID": 3055, "WADMPR": "Sulawesi Selatan", "WADMKK": "Kab. Luwu Utara", "WADMKC": "Kec. Malangke", "WADMKD": "Desa Tolada", "POKTAN": "Gapoktan Reso Temangingngi", "K_POKTAN": "A. Ahmaluddin", "P_SID": "Universitas Negeri Makassar", "NO_HP_1": "0852-5222-2976", "NAMA_PEMIL": "Pemerintah Desa", "N_PETAK": "TDB763", "LUAS_HA": 1.0815759754600001, "PAKET": "Paket Sulawesi Selatan 14" }, "geometry": { "type": "MultiPolygon", "coordinates": [ [ [ [ 120.41336398186229, -2.707055268585748, 0.0 ], [ 120.413039299624074, -2.707063919164511, 0.0 ], [ 120.41285614639412, -2.707223049703941, 0.0 ], [ 120.412486030406058, -2.706938517698404, 0.0 ], [ 120.412640327988811, -2.706671424446654, 0.0 ], [ 120.412740397351513, -2.705915672869935, 0.0 ], [ 120.413405598889312, -2.705904641785764, 0.0 ], [ 120.41336398186229, -2.707055268585748, 0.0 ] ] ] ] } },
{ "type": "Feature", "properties": { "OBJECTID": 3056, "WADMPR": "Sulawesi Selatan", "WADMKK": "Kab. Luwu Utara", "WADMKC": "Kec. Malangke", "WADMKD": "Desa Tolada", "POKTAN": "Gapoktan Reso Temangingngi", "K_POKTAN": "A. Ahmaluddin", "P_SID": "Universitas Negeri Makassar", "NO_HP_1": "0852-5222-2976", "NAMA_PEMIL": "Pemerintah Desa", "N_PETAK": "TDB764", "LUAS_HA": 0.67968856011000001, "PAKET": "Paket Sulawesi Selatan 14" }, "geometry": { "type": "MultiPolygon", "coordinates": [ [ [ [ 120.413828849521906, -2.706953088514183, 0.0 ], [ 120.41336398186229, -2.707055268585748, 0.0 ], [ 120.413405598889312, -2.705904641785764, 0.0 ], [ 120.413795467586851, -2.705895126958467, 0.0 ], [ 120.413960225184269, -2.706259316414275, 0.0 ], [ 120.413828849521906, -2.706953088514183, 0.0 ] ] ] ] } },
{ "type": "Feature", "properties": { "OBJECTID": 3057, "WADMPR": "Sulawesi Selatan", "WADMKK": "Kab. Luwu Utara", "WADMKC": "Kec. Malangke", "WADMKD": "Desa Tolada", "POKTAN": "Gapoktan Reso Temangingngi", "K_POKTAN": "A. Ahmaluddin", "P_SID": "Universitas Negeri Makassar", "NO_HP_1": "0852-5222-2976", "NAMA_PEMIL": "Pemerintah Desa", "N_PETAK": "TDB765", "LUAS_HA": 1.63658924612, "PAKET": "Paket Sulawesi Selatan 14" }, "geometry": { "type": "MultiPolygon", "coordinates": [ [ [ [ 120.412651547930636, -2.705398907133826, 0.0 ], [ 120.411521656799096, -2.705249441608373, 0.0 ], [ 120.411418155623437, -2.704376183713862, 0.0 ], [ 120.412495306913002, -2.704007604667197, 0.0 ], [ 120.412673590314057, -2.704733709193249, 0.0 ], [ 120.412651547930636, -2.705398907133826, 0.0 ] ] ] ] } },
{ "type": "Feature", "properties": { "OBJECTID": 3058, "WADMPR": "Sulawesi Selatan", "WADMKK": "Kab. Luwu Utara", "WADMKC": "Kec. Malangke", "WADMKD": "Desa Tolada", "POKTAN": "Gapoktan Reso Temangingngi", "K_POKTAN": "A. Ahmaluddin", "P_SID": "Universitas Negeri Makassar", "NO_HP_1": "0852-5222-2976", "NAMA_PEMIL": "Pemerintah Desa", "N_PETAK": "TDB766", "LUAS_HA": 0.30047513846000001, "PAKET": "Paket Sulawesi Selatan 14" }, "geometry": { "type": "MultiPolygon", "coordinates": [ [ [ [ 120.411521656799096, -2.705249441608373, 0.0 ], [ 120.411550121241135, -2.705387239329582, 0.0 ], [ 120.411553069218826, -2.705639810328933, 0.0 ], [ 120.410862445645421, -2.7055491919416, 0.0 ], [ 120.410920563433365, -2.705196294373422, 0.0 ], [ 120.411521656799096, -2.705249441608373, 0.0 ] ] ] ] } },
{ "type": "Feature", "properties": { "OBJECTID": 3059, "WADMPR": "Sulawesi Selatan", "WADMKK": "Kab. Luwu Utara", "WADMKC": "Kec. Malangke", "WADMKD": "Desa Tolada", "POKTAN": "Gapoktan Reso Temangingngi", "K_POKTAN": "A. Ahmaluddin", "P_SID": "Universitas Negeri Makassar", "NO_HP_1": "0852-5222-2976", "NAMA_PEMIL": "Pemerintah Desa", "N_PETAK": "TDB767", "LUAS_HA": 0.88225300634000003, "PAKET": "Paket Sulawesi Selatan 14" }, "geometry": { "type": "MultiPolygon", "coordinates": [ [ [ [ 120.412659558192104, -2.705560928094314, 0.0 ], [ 120.412686340002665, -2.705919682946956, 0.0 ], [ 120.412645255374287, -2.706153506678959, 0.0 ], [ 120.411589055590525, -2.706093133391335, 0.0 ], [ 120.411568069011196, -2.705917018255718, 0.0 ], [ 120.411553069218826, -2.705639810328933, 0.0 ], [ 120.411550121241135, -2.705387239329582, 0.0 ], [ 120.412659558192104, -2.705560928094314, 0.0 ] ] ] ] } },
{ "type": "Feature", "properties": { "OBJECTID": 3060, "WADMPR": "Sulawesi Selatan", "WADMKK": "Kab. Luwu Utara", "WADMKC": "Kec. Malangke", "WADMKD": "Desa Tolada", "POKTAN": "Gapoktan Reso Temangingngi", "K_POKTAN": "A. Ahmaluddin", "P_SID": "Universitas Negeri Makassar", "NO_HP_1": "0852-5222-2976", "NAMA_PEMIL": "Pemerintah Desa", "N_PETAK": "TDB768", "LUAS_HA": 0.20275808533, "PAKET": "Paket Sulawesi Selatan 14" }, "geometry": { "type": "MultiPolygon", "coordinates": [ [ [ [ 120.412651547930636, -2.705398907133826, 0.0 ], [ 120.412659558192104, -2.705560928094314, 0.0 ], [ 120.411550121241135, -2.705387239329582, 0.0 ], [ 120.411521656799096, -2.705249441608373, 0.0 ], [ 120.412651547930636, -2.705398907133826, 0.0 ] ] ] ] } },
{ "type": "Feature", "properties": { "OBJECTID": 3061, "WADMPR": "Sulawesi Selatan", "WADMKK": "Kab. Luwu Utara", "WADMKC": "Kec. Malangke", "WADMKD": "Desa Tolada", "POKTAN": "Gapoktan Reso Temangingngi", "K_POKTAN": "A. Ahmaluddin", "P_SID": "Universitas Negeri Makassar", "NO_HP_1": "0852-5222-2976", "NAMA_PEMIL": "Pemerintah Desa", "N_PETAK": "TDB769", "LUAS_HA": 1.4866449590499999, "PAKET": "Paket Sulawesi Selatan 14" }, "geometry": { "type": "MultiPolygon", "coordinates": [ [ [ [ 120.411553069218826, -2.705639810328933, 0.0 ], [ 120.411568069011196, -2.705917018255718, 0.0 ], [ 120.410891127723403, -2.707283175677958, 0.0 ], [ 120.410246929851951, -2.707007645886108, 0.0 ], [ 120.410787830693948, -2.70602373360839, 0.0 ], [ 120.410620402109885, -2.705892880452041, 0.0 ], [ 120.410862445645421, -2.7055491919416, 0.0 ], [ 120.411553069218826, -2.705639810328933, 0.0 ] ] ] ] } },
{ "type": "Feature", "properties": { "OBJECTID": 3062, "WADMPR": "Sulawesi Selatan", "WADMKK": "Kab. Luwu Utara", "WADMKC": "Kec. Malangke", "WADMKD": "Desa Tolada", "POKTAN": "Gapoktan Reso Temangingngi", "K_POKTAN": "A. Ahmaluddin", "P_SID": "Universitas Negeri Makassar", "NO_HP_1": "0852-5222-2976", "NAMA_PEMIL": "Pemerintah Desa", "N_PETAK": "TDB770", "LUAS_HA": 5.6303580610499999, "PAKET": "Paket Sulawesi Selatan 14" }, "geometry": { "type": "MultiPolygon", "coordinates": [ [ [ [ 120.409865841235614, -2.703993043743935, 0.0 ], [ 120.410348638678784, -2.704104516510199, 0.0 ], [ 120.410801781876785, -2.704202421204741, 0.0 ], [ 120.410982307287668, -2.704900718693182, 0.0 ], [ 120.410920563433365, -2.705196294373422, 0.0 ], [ 120.410862445645421, -2.7055491919416, 0.0 ], [ 120.410620402109885, -2.705892880452041, 0.0 ], [ 120.410787830693948, -2.70602373360839, 0.0 ], [ 120.410246929851951, -2.707007645886108, 0.0 ], [ 120.409983684799272, -2.706881306427078, 0.0 ], [ 120.409656179589092, -2.70662522897112, 0.0 ], [ 120.410240733523096, -2.705610077842778, 0.0 ], [ 120.409665958816959, -2.705183223626818, 0.0 ], [ 120.409077717662626, -2.706235734391555, 0.0 ], [ 120.408346505886584, -2.705723512929751, 0.0 ], [ 120.408526377490375, -2.705460171649577, 0.0 ], [ 120.408580399765697, -2.705457716500348, 0.0 ], [ 120.408564458383125, -2.705404417279965, 0.0 ], [ 120.409126357495438, -2.704581763337671, 0.0 ], [ 120.408656281862022, -2.704114594313012, 0.0 ], [ 120.409291771598078, -2.703541991469706, 0.0 ], [ 120.409363044668794, -2.703487400822837, 0.0 ], [ 120.409403694924663, -2.70374555931005, 0.0 ], [ 120.409865841235614, -2.703993043743935, 0.0 ] ] ] ] } },
{ "type": "Feature", "properties": { "OBJECTID": 3063, "WADMPR": "Sulawesi Selatan", "WADMKK": "Kab. Luwu Utara", "WADMKC": "Kec. Malangke", "WADMKD": "Desa Tolada", "POKTAN": "Gapoktan Reso Temangingngi", "K_POKTAN": "A. Ahmaluddin", "P_SID": "Universitas Negeri Makassar", "NO_HP_1": "0852-5222-2976", "NAMA_PEMIL": "Pemerintah Desa", "N_PETAK": "TDB771", "LUAS_HA": 1.0272802990100001, "PAKET": "Paket Sulawesi Selatan 14" }, "geometry": { "type": "MultiPolygon", "coordinates": [ [ [ [ 120.409656179589092, -2.70662522897112, 0.0 ], [ 120.409077717662626, -2.706235734391555, 0.0 ], [ 120.409665958816959, -2.705183223626818, 0.0 ], [ 120.410240733523096, -2.705610077842778, 0.0 ], [ 120.409656179589092, -2.70662522897112, 0.0 ] ] ] ] } },
{ "type": "Feature", "properties": { "OBJECTID": 3064, "WADMPR": "Sulawesi Selatan", "WADMKK": "Kab. Luwu Utara", "WADMKC": "Kec. Malangke", "WADMKD": "Desa Tolada", "POKTAN": "Gapoktan Reso Temangingngi", "K_POKTAN": "A. Ahmaluddin", "P_SID": "Universitas Negeri Makassar", "NO_HP_1": "0852-5222-2976", "NAMA_PEMIL": "Pemerintah Desa", "N_PETAK": "TDB772", "LUAS_HA": 1.1300616777300001, "PAKET": "Paket Sulawesi Selatan 14" }, "geometry": { "type": "MultiPolygon", "coordinates": [ [ [ [ 120.411431679628322, -2.703914648941861, 0.0 ], [ 120.411343542470604, -2.704312190655003, 0.0 ], [ 120.411418155623437, -2.704376183713862, 0.0 ], [ 120.411521656799096, -2.705249441608373, 0.0 ], [ 120.410920563433365, -2.705196294373422, 0.0 ], [ 120.410982307287668, -2.704900718693182, 0.0 ], [ 120.410801781876785, -2.704202421204741, 0.0 ], [ 120.410348638678784, -2.704104516510199, 0.0 ], [ 120.410547789049247, -2.703719065282598, 0.0 ], [ 120.411431679628322, -2.703914648941861, 0.0 ] ] ] ] } },
{ "type": "Feature", "properties": { "OBJECTID": 3065, "WADMPR": "Sulawesi Selatan", "WADMKK": "Kab. Luwu Utara", "WADMKC": "Kec. Malangke", "WADMKD": "Desa Tolada", "POKTAN": "Gapoktan Reso Temangingngi", "K_POKTAN": "A. Ahmaluddin", "P_SID": "Universitas Negeri Makassar", "NO_HP_1": "0852-5222-2976", "NAMA_PEMIL": "Pemerintah Desa", "N_PETAK": "TDB773", "LUAS_HA": 1.0786659000600001, "PAKET": "Paket Sulawesi Selatan 14" }, "geometry": { "type": "MultiPolygon", "coordinates": [ [ [ [ 120.412495306913002, -2.704007604667197, 0.0 ], [ 120.411418155623437, -2.704376183713862, 0.0 ], [ 120.411343542470604, -2.704312190655003, 0.0 ], [ 120.411431679628322, -2.703914648941861, 0.0 ], [ 120.41147186403532, -2.703417741135809, 0.0 ], [ 120.412312675289741, -2.703223443507056, 0.0 ], [ 120.412495306913002, -2.704007604667197, 0.0 ] ] ] ] } },
{ "type": "Feature", "properties": { "OBJECTID": 3066, "WADMPR": "Sulawesi Selatan", "WADMKK": "Kab. Luwu Utara", "WADMKC": "Kec. Malangke", "WADMKD": "Desa Tolada", "POKTAN": "Gapoktan Reso Temangingngi", "K_POKTAN": "A. Ahmaluddin", "P_SID": "Universitas Negeri Makassar", "NO_HP_1": "0852-5222-2976", "NAMA_PEMIL": "Pemerintah Desa", "N_PETAK": "TDB774", "LUAS_HA": 0.45791503833000002, "PAKET": "Paket Sulawesi Selatan 14" }, "geometry": { "type": "MultiPolygon", "coordinates": [ [ [ [ 120.410816920164848, -2.703230460916984, 0.0 ], [ 120.410547789049247, -2.703719065282598, 0.0 ], [ 120.410348638678784, -2.704104516510199, 0.0 ], [ 120.409865841235614, -2.703993043743935, 0.0 ], [ 120.410579314783604, -2.703129648714253, 0.0 ], [ 120.410816920164848, -2.703230460916984, 0.0 ] ] ] ] } },
{ "type": "Feature", "properties": { "OBJECTID": 3067, "WADMPR": "Sulawesi Selatan", "WADMKK": "Kab. Luwu Utara", "WADMKC": "Kec. Malangke", "WADMKD": "Desa Tolada", "POKTAN": "Gapoktan Reso Temangingngi", "K_POKTAN": "A. Ahmaluddin", "P_SID": "Universitas Negeri Makassar", "NO_HP_1": "0852-5222-2976", "NAMA_PEMIL": "Pemerintah Desa", "N_PETAK": "TDB775", "LUAS_HA": 0.78369693543999996, "PAKET": "Paket Sulawesi Selatan 14" }, "geometry": { "type": "MultiPolygon", "coordinates": [ [ [ [ 120.41147186403532, -2.703417741135809, 0.0 ], [ 120.411431679628322, -2.703914648941861, 0.0 ], [ 120.410547789049247, -2.703719065282598, 0.0 ], [ 120.410816920164848, -2.703230460916984, 0.0 ], [ 120.411268782728257, -2.702761191076036, 0.0 ], [ 120.411471885619108, -2.703096302752101, 0.0 ], [ 120.41147186403532, -2.703417741135809, 0.0 ] ] ] ] } },
{ "type": "Feature", "properties": { "OBJECTID": 3068, "WADMPR": "Sulawesi Selatan", "WADMKK": "Kab. Luwu Utara", "WADMKC": "Kec. Malangke", "WADMKD": "Desa Tolada", "POKTAN": "Gapoktan Reso Temangingngi", "K_POKTAN": "A. Ahmaluddin", "P_SID": "Universitas Negeri Makassar", "NO_HP_1": "0852-5222-2976", "NAMA_PEMIL": "Pemerintah Desa", "N_PETAK": "TDB776", "LUAS_HA": 0.74038606098000004, "PAKET": "Paket Sulawesi Selatan 14" }, "geometry": { "type": "MultiPolygon", "coordinates": [ [ [ [ 120.412312675289741, -2.703223443507056, 0.0 ], [ 120.41147186403532, -2.703417741135809, 0.0 ], [ 120.411471885619108, -2.703096302752101, 0.0 ], [ 120.411268782728257, -2.702761191076036, 0.0 ], [ 120.411307264718516, -2.702710091597396, 0.0 ], [ 120.411584408793487, -2.702484466984515, 0.0 ], [ 120.412213828105791, -2.702796548821595, 0.0 ], [ 120.412312675289741, -2.703223443507056, 0.0 ] ] ] ] } },
{ "type": "Feature", "properties": { "OBJECTID": 3069, "WADMPR": "Sulawesi Selatan", "WADMKK": "Kab. Luwu Utara", "WADMKC": "Kec. Malangke", "WADMKD": "Desa Tolada", "POKTAN": "Gapoktan Reso Temangingngi", "K_POKTAN": "A. Ahmaluddin", "P_SID": "Universitas Negeri Makassar", "NO_HP_1": "0852-5222-2976", "NAMA_PEMIL": "Pemerintah Desa", "N_PETAK": "TDB777", "LUAS_HA": 0.67602598746999998, "PAKET": "Paket Sulawesi Selatan 14" }, "geometry": { "type": "MultiPolygon", "coordinates": [ [ [ [ 120.411307264718516, -2.702710091597396, 0.0 ], [ 120.411268782728257, -2.702761191076036, 0.0 ], [ 120.410816920164848, -2.703230460916984, 0.0 ], [ 120.410579314783604, -2.703129648714253, 0.0 ], [ 120.410199349420509, -2.702978420517638, 0.0 ], [ 120.410649504171374, -2.702280904540089, 0.0 ], [ 120.411307264718516, -2.702710091597396, 0.0 ] ] ] ] } },
{ "type": "Feature", "properties": { "OBJECTID": 3070, "WADMPR": "Sulawesi Selatan", "WADMKK": "Kab. Luwu Utara", "WADMKC": "Kec. Malangke", "WADMKD": "Desa Tolada", "POKTAN": "Gapoktan Reso Temangingngi", "K_POKTAN": "A. Ahmaluddin", "P_SID": "Universitas Negeri Makassar", "NO_HP_1": "0852-5222-2976", "NAMA_PEMIL": "Pemerintah Desa", "N_PETAK": "TDB778", "LUAS_HA": 0.40969149084000001, "PAKET": "Paket Sulawesi Selatan 14" }, "geometry": { "type": "MultiPolygon", "coordinates": [ [ [ [ 120.411584408793487, -2.702484466984515, 0.0 ], [ 120.411307264718516, -2.702710091597396, 0.0 ], [ 120.410649504171374, -2.702280904540089, 0.0 ], [ 120.410461781486106, -2.702162072621491, 0.0 ], [ 120.410291632452982, -2.702052392204109, 0.0 ], [ 120.410456256950738, -2.701907933204495, 0.0 ], [ 120.411584408793487, -2.702484466984515, 0.0 ] ] ] ] } },
{ "type": "Feature", "properties": { "OBJECTID": 3071, "WADMPR": "Sulawesi Selatan", "WADMKK": "Kab. Luwu Utara", "WADMKC": "Kec. Malangke", "WADMKD": "Desa Tolada", "POKTAN": "Gapoktan Reso Temangingngi", "K_POKTAN": "A. Ahmaluddin", "P_SID": "Universitas Negeri Makassar", "NO_HP_1": "0852-5222-2976", "NAMA_PEMIL": "Pemerintah Desa", "N_PETAK": "TDB779", "LUAS_HA": 1.2034854369300001, "PAKET": "Paket Sulawesi Selatan 14" }, "geometry": { "type": "MultiPolygon", "coordinates": [ [ [ [ 120.410649504171374, -2.702280904540089, 0.0 ], [ 120.410199349420509, -2.702978420517638, 0.0 ], [ 120.410579314783604, -2.703129648714253, 0.0 ], [ 120.409865841235614, -2.703993043743935, 0.0 ], [ 120.409403694924663, -2.70374555931005, 0.0 ], [ 120.409363044668794, -2.703487400822837, 0.0 ], [ 120.410461781486106, -2.702162072621491, 0.0 ], [ 120.410649504171374, -2.702280904540089, 0.0 ] ] ] ] } },
{ "type": "Feature", "properties": { "OBJECTID": 3072, "WADMPR": "Sulawesi Selatan", "WADMKK": "Kab. Luwu Utara", "WADMKC": "Kec. Malangke", "WADMKD": "Desa Tolada", "POKTAN": "Gapoktan Reso Temangingngi", "K_POKTAN": "A. Ahmaluddin", "P_SID": "Universitas Negeri Makassar", "NO_HP_1": "0852-5222-2976", "NAMA_PEMIL": "Pemerintah Desa", "N_PETAK": "TDB780", "LUAS_HA": 0.64490574659, "PAKET": "Paket Sulawesi Selatan 14" }, "geometry": { "type": "MultiPolygon", "coordinates": [ [ [ [ 120.40649138077265, -2.699955255030943, 0.0 ], [ 120.40632498910702, -2.700858274189954, 0.0 ], [ 120.405807600140747, -2.700734397974031, 0.0 ], [ 120.405796296561903, -2.700731691914029, 0.0 ], [ 120.405863947163539, -2.70039632033388, 0.0 ], [ 120.406002524596943, -2.699709326424227, 0.0 ], [ 120.40649138077265, -2.699955255030943, 0.0 ] ] ] ] } },
{ "type": "Feature", "properties": { "OBJECTID": 3073, "WADMPR": "Sulawesi Selatan", "WADMKK": "Kab. Luwu Utara", "WADMKC": "Kec. Malangke", "WADMKD": "Desa Tolada", "POKTAN": "Gapoktan Reso Temangingngi", "K_POKTAN": "A. Ahmaluddin", "P_SID": "Universitas Negeri Makassar", "NO_HP_1": "0852-5222-2976", "NAMA_PEMIL": "Pemerintah Desa", "N_PETAK": "TDB781", "LUAS_HA": 1.02269247307, "PAKET": "Paket Sulawesi Selatan 14" }, "geometry": { "type": "MultiPolygon", "coordinates": [ [ [ [ 120.40632498910702, -2.700858274189954, 0.0 ], [ 120.406496971857791, -2.700902983086166, 0.0 ], [ 120.406318723530376, -2.701681239297727, 0.0 ], [ 120.405480840468499, -2.701680393934964, 0.0 ], [ 120.405230664363785, -2.701177738561739, 0.0 ], [ 120.405487454082845, -2.701254204318047, 0.0 ], [ 120.405499740620598, -2.701220555284351, 0.0 ], [ 120.405546443313824, -2.701092644709718, 0.0 ], [ 120.405668376094695, -2.700758696756395, 0.0 ], [ 120.405785790681762, -2.700780822776721, 0.0 ], [ 120.405788580378726, -2.700767778110446, 0.0 ], [ 120.405796296561903, -2.700731691914029, 0.0 ], [ 120.405807600140747, -2.700734397974031, 0.0 ], [ 120.40632498910702, -2.700858274189954, 0.0 ] ] ] ] } },
{ "type": "Feature", "properties": { "OBJECTID": 3074, "WADMPR": "Sulawesi Selatan", "WADMKK": "Kab. Luwu Utara", "WADMKC": "Kec. Malangke", "WADMKD": "Desa Tolada", "POKTAN": "Gapoktan Reso Temangingngi", "K_POKTAN": "A. Ahmaluddin", "P_SID": "Universitas Negeri Makassar", "NO_HP_1": "0852-5222-2976", "NAMA_PEMIL": "Pemerintah Desa", "N_PETAK": "TDB782", "LUAS_HA": 1.07152274506, "PAKET": "Paket Sulawesi Selatan 14" }, "geometry": { "type": "MultiPolygon", "coordinates": [ [ [ [ 120.407470474482921, -2.700476155849856, 0.0 ], [ 120.407439816594319, -2.701067143533805, 0.0 ], [ 120.40742768653854, -2.701234303220474, 0.0 ], [ 120.407017496760091, -2.701216697192763, 0.0 ], [ 120.407053127899644, -2.700880476652628, 0.0 ], [ 120.406496971857791, -2.700902983086166, 0.0 ], [ 120.40632498910702, -2.700858274189954, 0.0 ], [ 120.40649138077265, -2.699955255030943, 0.0 ], [ 120.407470474482921, -2.700476155849856, 0.0 ] ] ] ] } },
{ "type": "Feature", "properties": { "OBJECTID": 3075, "WADMPR": "Sulawesi Selatan", "WADMKK": "Kab. Luwu Utara", "WADMKC": "Kec. Malangke", "WADMKD": "Desa Tolada", "POKTAN": "Gapoktan Reso Temangingngi", "K_POKTAN": "A. Ahmaluddin", "P_SID": "Universitas Negeri Makassar", "NO_HP_1": "0852-5222-2976", "NAMA_PEMIL": "Pemerintah Desa", "N_PETAK": "TDB783", "LUAS_HA": 0.91208236905999995, "PAKET": "Paket Sulawesi Selatan 14" }, "geometry": { "type": "MultiPolygon", "coordinates": [ [ [ [ 120.407017496760091, -2.701216697192763, 0.0 ], [ 120.407130879686406, -2.701309401107949, 0.0 ], [ 120.407108253643059, -2.701946854064033, 0.0 ], [ 120.40648661706382, -2.702003214576621, 0.0 ], [ 120.406318723530376, -2.701681239297727, 0.0 ], [ 120.406496971857791, -2.700902983086166, 0.0 ], [ 120.407053127899644, -2.700880476652628, 0.0 ], [ 120.407017496760091, -2.701216697192763, 0.0 ] ] ] ] } },
{ "type": "Feature", "properties": { "OBJECTID": 3076, "WADMPR": "Sulawesi Selatan", "WADMKK": "Kab. Luwu Utara", "WADMKC": "Kec. Malangke", "WADMKD": "Desa Tolada", "POKTAN": "Gapoktan Reso Temangingngi", "K_POKTAN": "A. Ahmaluddin", "P_SID": "Universitas Negeri Makassar", "NO_HP_1": "0852-5222-2976", "NAMA_PEMIL": "Pemerintah Desa", "N_PETAK": "TDB784", "LUAS_HA": 0.90442935331999996, "PAKET": "Paket Sulawesi Selatan 14" }, "geometry": { "type": "MultiPolygon", "coordinates": [ [ [ [ 120.408092582306836, -2.701144673188082, 0.0 ], [ 120.408145075734751, -2.701655112193635, 0.0 ], [ 120.407399428041231, -2.702007518731932, 0.0 ], [ 120.407108253643059, -2.701946854064033, 0.0 ], [ 120.407130879686406, -2.701309401107949, 0.0 ], [ 120.407017496760091, -2.701216697192763, 0.0 ], [ 120.40742768653854, -2.701234303220474, 0.0 ], [ 120.407439816594319, -2.701067143533805, 0.0 ], [ 120.408092582306836, -2.701144673188082, 0.0 ] ] ] ] } },
{ "type": "Feature", "properties": { "OBJECTID": 3077, "WADMPR": "Sulawesi Selatan", "WADMKK": "Kab. Luwu Utara", "WADMKC": "Kec. Malangke", "WADMKD": "Desa Tolada", "POKTAN": "Gapoktan Reso Temangingngi", "K_POKTAN": "A. Ahmaluddin", "P_SID": "Universitas Negeri Makassar", "NO_HP_1": "0852-5222-2976", "NAMA_PEMIL": "Pemerintah Desa", "N_PETAK": "TDB785", "LUAS_HA": 0.37068500536, "PAKET": "Paket Sulawesi Selatan 14" }, "geometry": { "type": "MultiPolygon", "coordinates": [ [ [ [ 120.408066381458411, -2.700771249493528, 0.0 ], [ 120.408092582306836, -2.701144673188082, 0.0 ], [ 120.407439816594319, -2.701067143533805, 0.0 ], [ 120.407470474482921, -2.700476155849856, 0.0 ], [ 120.408066381458411, -2.700771249493528, 0.0 ] ] ] ] } },
{ "type": "Feature", "properties": { "OBJECTID": 3078, "WADMPR": "Sulawesi Selatan", "WADMKK": "Kab. Luwu Utara", "WADMKC": "Kec. Malangke", "WADMKD": "Desa Tolada", "POKTAN": "Gapoktan Reso Temangingngi", "K_POKTAN": "A. Ahmaluddin", "P_SID": "Universitas Negeri Makassar", "NO_HP_1": "0852-5222-2976", "NAMA_PEMIL": "Pemerintah Desa", "N_PETAK": "TDB786", "LUAS_HA": 0.76501394908999998, "PAKET": "Paket Sulawesi Selatan 14" }, "geometry": { "type": "MultiPolygon", "coordinates": [ [ [ [ 120.407399428041231, -2.702007518731932, 0.0 ], [ 120.407504084845755, -2.702473672422002, 0.0 ], [ 120.407540956150228, -2.702632480104853, 0.0 ], [ 120.407187894905519, -2.702725389964712, 0.0 ], [ 120.406853273359957, -2.702809742775344, 0.0 ], [ 120.40648661706382, -2.702003214576621, 0.0 ], [ 120.407108253643059, -2.701946854064033, 0.0 ], [ 120.407399428041231, -2.702007518731932, 0.0 ] ] ] ] } },
{ "type": "Feature", "properties": { "OBJECTID": 3079, "WADMPR": "Sulawesi Selatan", "WADMKK": "Kab. Luwu Utara", "WADMKC": "Kec. Malangke", "WADMKD": "Desa Tolada", "POKTAN": "Gapoktan Reso Temangingngi", "K_POKTAN": "A. Ahmaluddin", "P_SID": "Universitas Negeri Makassar", "NO_HP_1": "0852-5222-2976", "NAMA_PEMIL": "Pemerintah Desa", "N_PETAK": "TDB787", "LUAS_HA": 0.39300838359000001, "PAKET": "Paket Sulawesi Selatan 14" }, "geometry": { "type": "MultiPolygon", "coordinates": [ [ [ [ 120.406318723530376, -2.701681239297727, 0.0 ], [ 120.40648661706382, -2.702003214576621, 0.0 ], [ 120.405575709951108, -2.7020783439404, 0.0 ], [ 120.405480840468499, -2.701680393934964, 0.0 ], [ 120.406318723530376, -2.701681239297727, 0.0 ] ] ] ] } },
{ "type": "Feature", "properties": { "OBJECTID": 3080, "WADMPR": "Sulawesi Selatan", "WADMKK": "Kab. Luwu Utara", "WADMKC": "Kec. Malangke", "WADMKD": "Desa Tolada", "POKTAN": "Gapoktan Reso Temangingngi", "K_POKTAN": "A. Ahmaluddin", "P_SID": "Universitas Negeri Makassar", "NO_HP_1": "0852-5222-2976", "NAMA_PEMIL": "Pemerintah Desa", "N_PETAK": "TDB788", "LUAS_HA": 0.4241541813, "PAKET": "Paket Sulawesi Selatan 14" }, "geometry": { "type": "MultiPolygon", "coordinates": [ [ [ [ 120.409738612347155, -2.701559788553368, 0.0 ], [ 120.409731862035869, -2.701835558464211, 0.0 ], [ 120.409502763341948, -2.701603064829555, 0.0 ], [ 120.409071870270623, -2.702076605550872, 0.0 ], [ 120.408960141197667, -2.701663735792749, 0.0 ], [ 120.408917415306519, -2.701174641296632, 0.0 ], [ 120.409738612347155, -2.701559788553368, 0.0 ] ] ] ] } },
{ "type": "Feature", "properties": { "OBJECTID": 3081, "WADMPR": "Sulawesi Selatan", "WADMKK": "Kab. Luwu Utara", "WADMKC": "Kec. Malangke", "WADMKD": "Desa Tolada", "POKTAN": "Gapoktan Reso Temangingngi", "K_POKTAN": "A. Ahmaluddin", "P_SID": "Universitas Negeri Makassar", "NO_HP_1": "0852-5222-2976", "NAMA_PEMIL": "Pemerintah Desa", "N_PETAK": "TDB789", "LUAS_HA": 0.69160969146999995, "PAKET": "Paket Sulawesi Selatan 14" }, "geometry": { "type": "MultiPolygon", "coordinates": [ [ [ [ 120.408917415306519, -2.701174641296632, 0.0 ], [ 120.408960141197667, -2.701663735792749, 0.0 ], [ 120.408145075734751, -2.701655112193635, 0.0 ], [ 120.408092582306836, -2.701144673188082, 0.0 ], [ 120.408066381458411, -2.700771249493528, 0.0 ], [ 120.408917415306519, -2.701174641296632, 0.0 ] ] ] ] } },
{ "type": "Feature", "properties": { "OBJECTID": 3082, "WADMPR": "Sulawesi Selatan", "WADMKK": "Kab. Luwu Utara", "WADMKC": "Kec. Malangke", "WADMKD": "Desa Tolada", "POKTAN": "Gapoktan Reso Temangingngi", "K_POKTAN": "A. Ahmaluddin", "P_SID": "Universitas Negeri Makassar", "NO_HP_1": "0852-5222-2976", "NAMA_PEMIL": "Pemerintah Desa", "N_PETAK": "TDB790", "LUAS_HA": 0.56754643787000003, "PAKET": "Paket Sulawesi Selatan 14" }, "geometry": { "type": "MultiPolygon", "coordinates": [ [ [ [ 120.408245976970306, -2.70251385862764, 0.0 ], [ 120.408270271256129, -2.703009103587192, 0.0 ], [ 120.408200632253397, -2.703006656531954, 0.0 ], [ 120.407222967565986, -2.702969092749356, 0.0 ], [ 120.407187894905519, -2.702725389964712, 0.0 ], [ 120.407540956150228, -2.702632480104853, 0.0 ], [ 120.407504084845755, -2.702473672422002, 0.0 ], [ 120.408245976970306, -2.70251385862764, 0.0 ] ] ] ] } },
{ "type": "Feature", "properties": { "OBJECTID": 3083, "WADMPR": "Sulawesi Selatan", "WADMKK": "Kab. Luwu Utara", "WADMKC": "Kec. Malangke", "WADMKD": "Desa Tolada", "POKTAN": "Gapoktan Reso Temangingngi", "K_POKTAN": "A. Ahmaluddin", "P_SID": "Universitas Negeri Makassar", "NO_HP_1": "0852-5222-2976", "NAMA_PEMIL": "Pemerintah Desa", "N_PETAK": "TDB791", "LUAS_HA": 0.57630336050999997, "PAKET": "Paket Sulawesi Selatan 14" }, "geometry": { "type": "MultiPolygon", "coordinates": [ [ [ [ 120.409143133448879, -2.702544334853144, 0.0 ], [ 120.409194109720488, -2.702885757072011, 0.0 ], [ 120.409214437995956, -2.703069357264951, 0.0 ], [ 120.408270271256129, -2.703009103587192, 0.0 ], [ 120.408245976970306, -2.70251385862764, 0.0 ], [ 120.409143133448879, -2.702544334853144, 0.0 ] ] ] ] } },
{ "type": "Feature", "properties": { "OBJECTID": 3084, "WADMPR": "Sulawesi Selatan", "WADMKK": "Kab. Luwu Utara", "WADMKC": "Kec. Malangke", "WADMKD": "Desa Tolada", "POKTAN": "Gapoktan Reso Temangingngi", "K_POKTAN": "A. Ahmaluddin", "P_SID": "Universitas Negeri Makassar", "NO_HP_1": "0852-5222-2976", "NAMA_PEMIL": "Pemerintah Desa", "N_PETAK": "TDB792", "LUAS_HA": 0.92609096987999995, "PAKET": "Paket Sulawesi Selatan 14" }, "geometry": { "type": "MultiPolygon", "coordinates": [ [ [ [ 120.408960141197667, -2.701663735792749, 0.0 ], [ 120.409071870270623, -2.702076605550872, 0.0 ], [ 120.409143133448879, -2.702544334853144, 0.0 ], [ 120.408245976970306, -2.70251385862764, 0.0 ], [ 120.408145075734751, -2.701655112193635, 0.0 ], [ 120.408960141197667, -2.701663735792749, 0.0 ] ] ] ] } },
{ "type": "Feature", "properties": { "OBJECTID": 3085, "WADMPR": "Sulawesi Selatan", "WADMKK": "Kab. Luwu Utara", "WADMKC": "Kec. Malangke", "WADMKD": "Desa Tolada", "POKTAN": "Gapoktan Reso Temangingngi", "K_POKTAN": "A. Ahmaluddin", "P_SID": "Universitas Negeri Makassar", "NO_HP_1": "0852-5222-2976", "NAMA_PEMIL": "Pemerintah Desa", "N_PETAK": "TDB793", "LUAS_HA": 0.62555285625000001, "PAKET": "Paket Sulawesi Selatan 14" }, "geometry": { "type": "MultiPolygon", "coordinates": [ [ [ [ 120.408245976970306, -2.70251385862764, 0.0 ], [ 120.407504084845755, -2.702473672422002, 0.0 ], [ 120.407399428041231, -2.702007518731932, 0.0 ], [ 120.408145075734751, -2.701655112193635, 0.0 ], [ 120.408245976970306, -2.70251385862764, 0.0 ] ] ] ] } },
{ "type": "Feature", "properties": { "OBJECTID": 3086, "WADMPR": "Sulawesi Selatan", "WADMKK": "Kab. Luwu Utara", "WADMKC": "Kec. Malangke", "WADMKD": "Desa Tolada", "POKTAN": "Gapoktan Reso Temangingngi", "K_POKTAN": "A. Ahmaluddin", "P_SID": "Universitas Negeri Makassar", "NO_HP_1": "0852-5222-2976", "NAMA_PEMIL": "Pemerintah Desa", "N_PETAK": "TDB794", "LUAS_HA": 0.73073895818000001, "PAKET": "Paket Sulawesi Selatan 14" }, "geometry": { "type": "MultiPolygon", "coordinates": [ [ [ [ 120.408200632253397, -2.703006656531954, 0.0 ], [ 120.408217587171976, -2.703624399946079, 0.0 ], [ 120.408014361073924, -2.703626222871833, 0.0 ], [ 120.407309245825104, -2.703609739198043, 0.0 ], [ 120.407222967565986, -2.702969092749356, 0.0 ], [ 120.408200632253397, -2.703006656531954, 0.0 ] ] ] ] } },
{ "type": "Feature", "properties": { "OBJECTID": 3087, "WADMPR": "Sulawesi Selatan", "WADMKK": "Kab. Luwu Utara", "WADMKC": "Kec. Malangke", "WADMKD": "Desa Tolada", "POKTAN": "Gapoktan Reso Temangingngi", "K_POKTAN": "A. Ahmaluddin", "P_SID": "Universitas Negeri Makassar", "NO_HP_1": "0852-5222-2976", "NAMA_PEMIL": "Pemerintah Desa", "N_PETAK": "TDB795", "LUAS_HA": 1.37017182053, "PAKET": "Paket Sulawesi Selatan 14" }, "geometry": { "type": "MultiPolygon", "coordinates": [ [ [ [ 120.408270271256129, -2.703009103587192, 0.0 ], [ 120.409214437995956, -2.703069357264951, 0.0 ], [ 120.409291771598078, -2.703541991469706, 0.0 ], [ 120.408656281862022, -2.704114594313012, 0.0 ], [ 120.408318774392001, -2.704518959182565, 0.0 ], [ 120.408014361073924, -2.703626222871833, 0.0 ], [ 120.408217587171976, -2.703624399946079, 0.0 ], [ 120.408200632253397, -2.703006656531954, 0.0 ], [ 120.408270271256129, -2.703009103587192, 0.0 ] ] ] ] } },
{ "type": "Feature", "properties": { "OBJECTID": 3088, "WADMPR": "Sulawesi Selatan", "WADMKK": "Kab. Luwu Utara", "WADMKC": "Kec. Malangke", "WADMKD": "Desa Tolada", "POKTAN": "Gapoktan Reso Temangingngi", "K_POKTAN": "A. Ahmaluddin", "P_SID": "Universitas Negeri Makassar", "NO_HP_1": "0852-5222-2976", "NAMA_PEMIL": "Pemerintah Desa", "N_PETAK": "TDB796", "LUAS_HA": 0.72879502595000001, "PAKET": "Paket Sulawesi Selatan 14" }, "geometry": { "type": "MultiPolygon", "coordinates": [ [ [ [ 120.409731862035869, -2.701835558464211, 0.0 ], [ 120.409988452105495, -2.702103884686494, 0.0 ], [ 120.409194109720488, -2.702885757072011, 0.0 ], [ 120.409143133448879, -2.702544334853144, 0.0 ], [ 120.409071870270623, -2.702076605550872, 0.0 ], [ 120.409502763341948, -2.701603064829555, 0.0 ], [ 120.409731862035869, -2.701835558464211, 0.0 ] ] ] ] } },
{ "type": "Feature", "properties": { "OBJECTID": 3089, "WADMPR": "Sulawesi Selatan", "WADMKK": "Kab. Luwu Utara", "WADMKC": "Kec. Malangke", "WADMKD": "Desa Tolada", "POKTAN": "Gapoktan Reso Temangingngi", "K_POKTAN": "A. Ahmaluddin", "P_SID": "Universitas Negeri Makassar", "NO_HP_1": "0852-5222-2976", "NAMA_PEMIL": "Pemerintah Desa", "N_PETAK": "TDB797", "LUAS_HA": 0.25291051029, "PAKET": "Paket Sulawesi Selatan 14" }, "geometry": { "type": "MultiPolygon", "coordinates": [ [ [ [ 120.410456256950738, -2.701907933204495, 0.0 ], [ 120.410291632452982, -2.702052392204109, 0.0 ], [ 120.409988452105495, -2.702103884686494, 0.0 ], [ 120.409731862035869, -2.701835558464211, 0.0 ], [ 120.409738612347155, -2.701559788553368, 0.0 ], [ 120.410456256950738, -2.701907933204495, 0.0 ] ] ] ] } },
{ "type": "Feature", "properties": { "OBJECTID": 3090, "WADMPR": "Sulawesi Selatan", "WADMKK": "Kab. Luwu Utara", "WADMKC": "Kec. Malangke", "WADMKD": "Desa Tolada", "POKTAN": "Gapoktan Reso Temangingngi", "K_POKTAN": "A. Ahmaluddin", "P_SID": "Universitas Negeri Makassar", "NO_HP_1": "0852-5222-2976", "NAMA_PEMIL": "Pemerintah Desa", "N_PETAK": "TDB798", "LUAS_HA": 0.86067440719, "PAKET": "Paket Sulawesi Selatan 14" }, "geometry": { "type": "MultiPolygon", "coordinates": [ [ [ [ 120.410461781486106, -2.702162072621491, 0.0 ], [ 120.409363044668794, -2.703487400822837, 0.0 ], [ 120.409291771598078, -2.703541991469706, 0.0 ], [ 120.409214437995956, -2.703069357264951, 0.0 ], [ 120.409194109720488, -2.702885757072011, 0.0 ], [ 120.409988452105495, -2.702103884686494, 0.0 ], [ 120.410291632452982, -2.702052392204109, 0.0 ], [ 120.410461781486106, -2.702162072621491, 0.0 ] ] ] ] } },
{ "type": "Feature", "properties": { "OBJECTID": 3091, "WADMPR": "Sulawesi Selatan", "WADMKK": "Kab. Luwu Utara", "WADMKC": "Kec. Malangke", "WADMKD": "Desa Tolada", "POKTAN": "Gapoktan Reso Temangingngi", "K_POKTAN": "A. Ahmaluddin", "P_SID": "Universitas Negeri Makassar", "NO_HP_1": "0852-5222-2976", "NAMA_PEMIL": "Pemerintah Desa", "N_PETAK": "TDB799", "LUAS_HA": 0.4281545601, "PAKET": "Paket Sulawesi Selatan 14" }, "geometry": { "type": "MultiPolygon", "coordinates": [ [ [ [ 120.419936312810705, -2.706299221132099, 0.0 ], [ 120.419824909292174, -2.705422592578543, 0.0 ], [ 120.420223856645748, -2.705392721596752, 0.0 ], [ 120.420255766390596, -2.705504399408483, 0.0 ], [ 120.420256707980798, -2.705508363620027, 0.0 ], [ 120.420267889251704, -2.705566977833712, 0.0 ], [ 120.420268180632092, -2.705568771981177, 0.0 ], [ 120.420281299942076, -2.705661908470233, 0.0 ], [ 120.420281701939075, -2.705666280974015, 0.0 ], [ 120.420282880050991, -2.705693515143537, 0.0 ], [ 120.420282923218338, -2.705695636644293, 0.0 ], [ 120.420281823347523, -2.705925497963335, 0.0 ], [ 120.42028178557598, -2.705927138326729, 0.0 ], [ 120.420277960759336, -2.70602066871885, 0.0 ], [ 120.420277805176624, -2.706022995264959, 0.0 ], [ 120.420255028946485, -2.706269276405919, 0.0 ], [ 120.420254777136279, -2.70627143837612, 0.0 ], [ 120.420250730187149, -2.706300125850078, 0.0 ], [ 120.419936312810705, -2.706299221132099, 0.0 ] ] ] ] } },
{ "type": "Feature", "properties": { "OBJECTID": 3092, "WADMPR": "Sulawesi Selatan", "WADMKK": "Kab. Luwu Utara", "WADMKC": "Kec. Malangke", "WADMKD": "Desa Tolada", "POKTAN": "Gapoktan Reso Temangingngi", "K_POKTAN": "A. Ahmaluddin", "P_SID": "Universitas Negeri Makassar", "NO_HP_1": "0852-5222-2976", "NAMA_PEMIL": "Pemerintah Desa", "N_PETAK": "TDB800", "LUAS_HA": 0.52487567592999995, "PAKET": "Paket Sulawesi Selatan 14" }, "geometry": { "type": "MultiPolygon", "coordinates": [ [ [ [ 120.419936312810705, -2.706299221132099, 0.0 ], [ 120.419949558025792, -2.706404036217236, 0.0 ], [ 120.419693101055827, -2.706389390757749, 0.0 ], [ 120.419108827710261, -2.706093951774392, 0.0 ], [ 120.419824909292174, -2.705422592578543, 0.0 ], [ 120.419936312810705, -2.706299221132099, 0.0 ] ] ] ] } },
{ "type": "Feature", "properties": { "OBJECTID": 3093, "WADMPR": "Sulawesi Selatan", "WADMKK": "Kab. Luwu Utara", "WADMKC": "Kec. Malangke", "WADMKD": "Desa Tolada", "POKTAN": "Gapoktan Reso Temangingngi", "K_POKTAN": "A. Ahmaluddin", "P_SID": "Universitas Negeri Makassar", "NO_HP_1": "0852-5222-2976", "NAMA_PEMIL": "Pemerintah Desa", "N_PETAK": "TDB801", "LUAS_HA": 0.3619347317, "PAKET": "Paket Sulawesi Selatan 14" }, "geometry": { "type": "MultiPolygon", "coordinates": [ [ [ [ 120.407597386810039, -2.727423049534082, 0.0 ], [ 120.407368293512036, -2.727510134485044, 0.0 ], [ 120.406956413008061, -2.727713177121359, 0.0 ], [ 120.406946920663927, -2.727219461908589, 0.0 ], [ 120.407574167214079, -2.726981834044352, 0.0 ], [ 120.407573374012031, -2.72704168122857, 0.0 ], [ 120.40757554317679, -2.727091427227549, 0.0 ], [ 120.407592005266906, -2.727341347924835, 0.0 ], [ 120.407597386810039, -2.727423049534082, 0.0 ] ] ] ] } },
{ "type": "Feature", "properties": { "OBJECTID": 3094, "WADMPR": "Sulawesi Selatan", "WADMKK": "Kab. Luwu Utara", "WADMKC": "Kec. Malangke", "WADMKD": "Desa Tolada", "POKTAN": "Gapoktan Reso Temangingngi", "K_POKTAN": "A. Ahmaluddin", "P_SID": "Universitas Negeri Makassar", "NO_HP_1": "0852-5222-2976", "NAMA_PEMIL": "Pemerintah Desa", "N_PETAK": "TDB802", "LUAS_HA": 0.18214886737, "PAKET": "Paket Sulawesi Selatan 14" }, "geometry": { "type": "MultiPolygon", "coordinates": [ [ [ [ 120.407583923059633, -2.728272181316072, 0.0 ], [ 120.407368293512036, -2.727510134485044, 0.0 ], [ 120.407597386810039, -2.727423049534082, 0.0 ], [ 120.407598884181198, -2.727445788891998, 0.0 ], [ 120.407601038057578, -2.727459969401991, 0.0 ], [ 120.407609761481353, -2.727517400107899, 0.0 ], [ 120.407612289475651, -2.727534045659638, 0.0 ], [ 120.407626719997211, -2.727613836209514, 0.0 ], [ 120.40763589847802, -2.727656723079235, 0.0 ], [ 120.407599101817141, -2.727663122654917, 0.0 ], [ 120.407664062546473, -2.728061370335922, 0.0 ], [ 120.407722587727335, -2.728050311372726, 0.0 ], [ 120.40776515263974, -2.728221555780124, 0.0 ], [ 120.407759033652496, -2.728224489368642, 0.0 ], [ 120.407583923059633, -2.728272181316072, 0.0 ] ] ] ] } },
{ "type": "Feature", "properties": { "OBJECTID": 3095, "WADMPR": "Sulawesi Selatan", "WADMKK": "Kab. Luwu Utara", "WADMKC": "Kec. Malangke", "WADMKD": "Desa Tolada", "POKTAN": "Gapoktan Reso Temangingngi", "K_POKTAN": "A. Ahmaluddin", "P_SID": "Universitas Negeri Makassar", "NO_HP_1": "0852-5222-2976", "NAMA_PEMIL": "Pemerintah Desa", "N_PETAK": "TDB803", "LUAS_HA": 0.43559825356999998, "PAKET": "Paket Sulawesi Selatan 14" }, "geometry": { "type": "MultiPolygon", "coordinates": [ [ [ [ 120.426687536001054, -2.703737526565533, 0.0 ], [ 120.426273002497169, -2.703817603999198, 0.0 ], [ 120.426159988292852, -2.703009134164176, 0.0 ], [ 120.426610172721325, -2.702940066231008, 0.0 ], [ 120.426687536001054, -2.703737526565533, 0.0 ] ] ] ] } },
{ "type": "Feature", "properties": { "OBJECTID": 3096, "WADMPR": "Sulawesi Selatan", "WADMKK": "Kab. Luwu Utara", "WADMKC": "Kec. Malangke", "WADMKD": "Desa Tolada", "POKTAN": "Gapoktan Reso Temangingngi", "K_POKTAN": "A. Ahmaluddin", "P_SID": "Universitas Negeri Makassar", "NO_HP_1": "0852-5222-2976", "NAMA_PEMIL": "Pemerintah Desa", "N_PETAK": "TDB804", "LUAS_HA": 0.70435195030999997, "PAKET": "Paket Sulawesi Selatan 14" }, "geometry": { "type": "MultiPolygon", "coordinates": [ [ [ [ 120.43978260838071, -2.707716963666883, 0.0 ], [ 120.440277138379315, -2.706492999852003, 0.0 ], [ 120.44069748869822, -2.706659904131243, 0.0 ], [ 120.440141142899506, -2.7079024119667, 0.0 ], [ 120.43978260838071, -2.707716963666883, 0.0 ] ] ] ] } },
{ "type": "Feature", "properties": { "OBJECTID": 3097, "WADMPR": "Sulawesi Selatan", "WADMKK": "Kab. Luwu Utara", "WADMKC": "Kec. Malangke", "WADMKD": "Desa Tolada", "POKTAN": "Gapoktan Reso Temangingngi", "K_POKTAN": "A. Ahmaluddin", "P_SID": "Universitas Negeri Makassar", "NO_HP_1": "0852-5222-2976", "NAMA_PEMIL": "Pemerintah Desa", "N_PETAK": "TDB805", "LUAS_HA": 0.95810719123, "PAKET": "Paket Sulawesi Selatan 14" }, "geometry": { "type": "MultiPolygon", "coordinates": [ [ [ [ 120.440277138379315, -2.706492999852003, 0.0 ], [ 120.43978260838071, -2.707716963666883, 0.0 ], [ 120.439318986282274, -2.7075500593877, 0.0 ], [ 120.439504434582091, -2.707135890109214, 0.0 ], [ 120.439971147650454, -2.706174646142983, 0.0 ], [ 120.440091689180122, -2.705949017033447, 0.0 ], [ 120.440425497738602, -2.706078831472837, 0.0 ], [ 120.440277138379315, -2.706492999852003, 0.0 ] ] ] ] } },
{ "type": "Feature", "properties": { "OBJECTID": 3098, "WADMPR": "Sulawesi Selatan", "WADMKK": "Kab. Luwu Utara", "WADMKC": "Kec. Malangke", "WADMKD": "Desa Tolada", "POKTAN": "Gapoktan Reso Temangingngi", "K_POKTAN": "A. Ahmaluddin", "P_SID": "Universitas Negeri Makassar", "NO_HP_1": "0852-5222-2976", "NAMA_PEMIL": "Pemerintah Desa", "N_PETAK": "TDB806", "LUAS_HA": 0.3852299715, "PAKET": "Paket Sulawesi Selatan 14" }, "geometry": { "type": "MultiPolygon", "coordinates": [ [ [ [ 120.439971147650454, -2.706174646142983, 0.0 ], [ 120.439504434582091, -2.707135890109214, 0.0 ], [ 120.439247896673123, -2.70702771155959, 0.0 ], [ 120.439671338861217, -2.706072650432418, 0.0 ], [ 120.439971147650454, -2.706174646142983, 0.0 ] ] ] ] } },
{ "type": "Feature", "properties": { "OBJECTID": 3099, "WADMPR": "Sulawesi Selatan", "WADMKK": "Kab. Luwu Utara", "WADMKC": "Kec. Malangke", "WADMKD": "Desa Tolada", "POKTAN": "Gapoktan Reso Temangingngi", "K_POKTAN": "A. Ahmaluddin", "P_SID": "Universitas Negeri Makassar", "NO_HP_1": "0852-5222-2976", "NAMA_PEMIL": "Pemerintah Desa", "N_PETAK": "TDB807", "LUAS_HA": 0.53846918475000005, "PAKET": "Paket Sulawesi Selatan 14" }, "geometry": { "type": "MultiPolygon", "coordinates": [ [ [ [ 120.438939588391349, -2.706906783321358, 0.0 ], [ 120.439247896673123, -2.70702771155959, 0.0 ], [ 120.439504434582091, -2.707135890109214, 0.0 ], [ 120.439318986282274, -2.7075500593877, 0.0 ], [ 120.43841626120161, -2.707195661750347, 0.0 ], [ 120.438631632643819, -2.706790780669962, 0.0 ], [ 120.438633350348937, -2.706787551204457, 0.0 ], [ 120.438636417936436, -2.706788745504127, 0.0 ], [ 120.438939588391349, -2.706906783321358, 0.0 ] ] ] ] } },
{ "type": "Feature", "properties": { "OBJECTID": 3100, "WADMPR": "Sulawesi Selatan", "WADMKK": "Kab. Luwu Utara", "WADMKC": "Kec. Malangke", "WADMKD": "Desa Tolada", "POKTAN": "Gapoktan Reso Temangingngi", "K_POKTAN": "A. Ahmaluddin", "P_SID": "Universitas Negeri Makassar", "NO_HP_1": "0852-5222-2976", "NAMA_PEMIL": "Pemerintah Desa", "N_PETAK": "TDB808", "LUAS_HA": 0.33892827455000002, "PAKET": "Paket Sulawesi Selatan 14" }, "geometry": { "type": "MultiPolygon", "coordinates": [ [ [ [ 120.439272623532815, -2.706094284523545, 0.0 ], [ 120.438939588391349, -2.706906783321358, 0.0 ], [ 120.438636417936436, -2.706788745504127, 0.0 ], [ 120.438633350348937, -2.706787551204457, 0.0 ], [ 120.438989427919864, -2.705990356169934, 0.0 ], [ 120.439272623532815, -2.706094284523545, 0.0 ] ] ] ] } },
{ "type": "Feature", "properties": { "OBJECTID": 3101, "WADMPR": "Sulawesi Selatan", "WADMKK": "Kab. Luwu Utara", "WADMKC": "Kec. Malangke", "WADMKD": "Desa Tolada", "POKTAN": "Gapoktan Reso Temangingngi", "K_POKTAN": "A. Ahmaluddin", "P_SID": "Universitas Negeri Makassar", "NO_HP_1": "0852-5222-2976", "NAMA_PEMIL": "Pemerintah Desa", "N_PETAK": "TDB809", "LUAS_HA": 0.42890012376999997, "PAKET": "Paket Sulawesi Selatan 14" }, "geometry": { "type": "MultiPolygon", "coordinates": [ [ [ [ 120.439671338861217, -2.706072650432418, 0.0 ], [ 120.439247896673123, -2.70702771155959, 0.0 ], [ 120.438939588391349, -2.706906783321358, 0.0 ], [ 120.439272623532815, -2.706094284523545, 0.0 ], [ 120.439352985152254, -2.706001560823324, 0.0 ], [ 120.439671338861217, -2.706072650432418, 0.0 ] ] ] ] } },
{ "type": "Feature", "properties": { "OBJECTID": 3102, "WADMPR": "Sulawesi Selatan", "WADMKK": "Kab. Luwu Utara", "WADMKC": "Kec. Malangke", "WADMKD": "Desa Tolada", "POKTAN": "Gapoktan Reso Temangingngi", "K_POKTAN": "A. Ahmaluddin", "P_SID": "Universitas Negeri Makassar", "NO_HP_1": "0852-5222-2976", "NAMA_PEMIL": "Pemerintah Desa", "N_PETAK": "TDB810", "LUAS_HA": 2.2533686712300001, "PAKET": "Paket Sulawesi Selatan 14" }, "geometry": { "type": "MultiPolygon", "coordinates": [ [ [ [ 120.430453858059195, -2.705321790268385, 0.0 ], [ 120.430158105212399, -2.705316726185913, 0.0 ], [ 120.429664405288122, -2.705316056191009, 0.0 ], [ 120.429458334634546, -2.705312395050953, 0.0 ], [ 120.429196933191974, -2.703541075060514, 0.0 ], [ 120.430176789527309, -2.70341370048186, 0.0 ], [ 120.430453858059195, -2.705321790268385, 0.0 ] ] ] ] } },
{ "type": "Feature", "properties": { "OBJECTID": 3103, "WADMPR": "Sulawesi Selatan", "WADMKK": "Kab. Luwu Utara", "WADMKC": "Kec. Malangke", "WADMKD": "Desa Tolada", "POKTAN": "Gapoktan Reso Temangingngi", "K_POKTAN": "A. Ahmaluddin", "P_SID": "Universitas Negeri Makassar", "NO_HP_1": "0852-5222-2976", "NAMA_PEMIL": "Pemerintah Desa", "N_PETAK": "TDB811", "LUAS_HA": 0.47561707185000002, "PAKET": "Paket Sulawesi Selatan 14" }, "geometry": { "type": "MultiPolygon", "coordinates": [ [ [ [ 120.424193297782494, -2.70518969155097, 0.0 ], [ 120.423755068941318, -2.705273082986366, 0.0 ], [ 120.42365616240204, -2.704389109669648, 0.0 ], [ 120.424068746175749, -2.704300319604044, 0.0 ], [ 120.424193297782494, -2.70518969155097, 0.0 ] ] ] ] } },
{ "type": "Feature", "properties": { "OBJECTID": 3104, "WADMPR": "Sulawesi Selatan", "WADMKK": "Kab. Luwu Utara", "WADMKC": "Kec. Malangke", "WADMKD": "Desa Tolada", "POKTAN": "Gapoktan Reso Temangingngi", "K_POKTAN": "A. Ahmaluddin", "P_SID": "Universitas Negeri Makassar", "NO_HP_1": "0852-5222-2976", "NAMA_PEMIL": "Pemerintah Desa", "N_PETAK": "TDB812", "LUAS_HA": 0.52603270467999996, "PAKET": "Paket Sulawesi Selatan 14" }, "geometry": { "type": "MultiPolygon", "coordinates": [ [ [ [ 120.424286688779716, -2.706113784523495, 0.0 ], [ 120.423810702801802, -2.706194145243558, 0.0 ], [ 120.423755068941318, -2.705273082986366, 0.0 ], [ 120.424193297782494, -2.70518969155097, 0.0 ], [ 120.424286688779716, -2.706113784523495, 0.0 ] ] ] ] } },
{ "type": "Feature", "properties": { "OBJECTID": 3105, "WADMPR": "Sulawesi Selatan", "WADMKK": "Kab. Luwu Utara", "WADMKC": "Kec. Malangke", "WADMKD": "Desa Tolada", "POKTAN": "Gapoktan Reso Temangingngi", "K_POKTAN": "A. Ahmaluddin", "P_SID": "Universitas Negeri Makassar", "NO_HP_1": "0852-5222-2976", "NAMA_PEMIL": "Pemerintah Desa", "N_PETAK": "TDB813", "LUAS_HA": 0.50210672695000003, "PAKET": "Paket Sulawesi Selatan 14" }, "geometry": { "type": "MultiPolygon", "coordinates": [ [ [ [ 120.424731765958313, -2.706058149763749, 0.0 ], [ 120.424286688779716, -2.706113784523495, 0.0 ], [ 120.424193297782494, -2.70518969155097, 0.0 ], [ 120.424618177986531, -2.705131677185079, 0.0 ], [ 120.424731765958313, -2.706058149763749, 0.0 ] ] ] ] } },
{ "type": "Feature", "properties": { "OBJECTID": 3106, "WADMPR": "Sulawesi Selatan", "WADMKK": "Kab. Luwu Utara", "WADMKC": "Kec. Malangke", "WADMKD": "Desa Tolada", "POKTAN": "Gapoktan Reso Temangingngi", "K_POKTAN": "A. Ahmaluddin", "P_SID": "Universitas Negeri Makassar", "NO_HP_1": "0852-5222-2976", "NAMA_PEMIL": "Pemerintah Desa", "N_PETAK": "TDB814", "LUAS_HA": 0.58811073340999998, "PAKET": "Paket Sulawesi Selatan 14" }, "geometry": { "type": "MultiPolygon", "coordinates": [ [ [ [ 120.425257204756235, -2.705946879344935, 0.0 ], [ 120.424731765958313, -2.706058149763749, 0.0 ], [ 120.424618177986531, -2.705131677185079, 0.0 ], [ 120.425125071864613, -2.705062906927537, 0.0 ], [ 120.425257204756235, -2.705946879344935, 0.0 ] ] ] ] } },
{ "type": "Feature", "properties": { "OBJECTID": 3107, "WADMPR": "Sulawesi Selatan", "WADMKK": "Kab. Luwu Utara", "WADMKC": "Kec. Malangke", "WADMKD": "Desa Tolada", "POKTAN": "Gapoktan Reso Temangingngi", "K_POKTAN": "A. Ahmaluddin", "P_SID": "Universitas Negeri Makassar", "NO_HP_1": "0852-5222-2976", "NAMA_PEMIL": "Pemerintah Desa", "N_PETAK": "TDB815", "LUAS_HA": 0.40096493605, "PAKET": "Paket Sulawesi Selatan 14" }, "geometry": { "type": "MultiPolygon", "coordinates": [ [ [ [ 120.425597194355078, -2.705897426524984, 0.0 ], [ 120.425257204756235, -2.705946879344935, 0.0 ], [ 120.425125071864613, -2.705062906927537, 0.0 ], [ 120.425509762265733, -2.705011871300769, 0.0 ], [ 120.425597194355078, -2.705897426524984, 0.0 ] ] ] ] } },
{ "type": "Feature", "properties": { "OBJECTID": 3108, "WADMPR": "Sulawesi Selatan", "WADMKK": "Kab. Luwu Utara", "WADMKC": "Kec. Malangke", "WADMKD": "Desa Tolada", "POKTAN": "Gapoktan Reso Temangingngi", "K_POKTAN": "A. Ahmaluddin", "P_SID": "Universitas Negeri Makassar", "NO_HP_1": "0852-5222-2976", "NAMA_PEMIL": "Pemerintah Desa", "N_PETAK": "TDB816", "LUAS_HA": 2.3699096650100002, "PAKET": "Paket Sulawesi Selatan 14" }, "geometry": { "type": "MultiPolygon", "coordinates": [ [ [ [ 120.425978909798914, -2.706876441994154, 0.0 ], [ 120.425311293581444, -2.706950622573117, 0.0 ], [ 120.424742583903139, -2.707092799992665, 0.0 ], [ 120.423790612846574, -2.707166979672309, 0.0 ], [ 120.423810702801802, -2.706194145243558, 0.0 ], [ 120.424286688779716, -2.706113784523495, 0.0 ], [ 120.424731765958313, -2.706058149763749, 0.0 ], [ 120.425257204756235, -2.705946879344935, 0.0 ], [ 120.425597194355078, -2.705897426524984, 0.0 ], [ 120.425626556320594, -2.706451454770786, 0.0 ], [ 120.425978909798914, -2.706876441994154, 0.0 ] ] ] ] } },
{ "type": "Feature", "properties": { "OBJECTID": 3109, "WADMPR": "Sulawesi Selatan", "WADMKK": "Kab. Luwu Utara", "WADMKC": "Kec. Malangke", "WADMKD": "Desa Tolada", "POKTAN": "Gapoktan Reso Temangingngi", "K_POKTAN": "A. Ahmaluddin", "P_SID": "Universitas Negeri Makassar", "NO_HP_1": "0852-5222-2976", "NAMA_PEMIL": "Pemerintah Desa", "N_PETAK": "TDB817", "LUAS_HA": 1.9187050913799999, "PAKET": "Paket Sulawesi Selatan 14" }, "geometry": { "type": "MultiPolygon", "coordinates": [ [ [ [ 120.426309167833892, -2.707213525883446, 0.0 ], [ 120.425567558995681, -2.707307016705386, 0.0 ], [ 120.425555446027033, -2.707786598172902, 0.0 ], [ 120.425095795334755, -2.707815706529573, 0.0 ], [ 120.425016817771962, -2.707995184230299, 0.0 ], [ 120.423693269328965, -2.70759326641604, 0.0 ], [ 120.423790612846574, -2.707166979672309, 0.0 ], [ 120.424742583903139, -2.707092799992665, 0.0 ], [ 120.425311293581444, -2.706950622573117, 0.0 ], [ 120.425978909798914, -2.706876441994154, 0.0 ], [ 120.426309167833892, -2.707213525883446, 0.0 ] ] ] ] } },
{ "type": "Feature", "properties": { "OBJECTID": 3110, "WADMPR": "Sulawesi Selatan", "WADMKK": "Kab. Luwu Utara", "WADMKC": "Kec. Malangke", "WADMKD": "Desa Tolada", "POKTAN": "Gapoktan Reso Temangingngi", "K_POKTAN": "A. Ahmaluddin", "P_SID": "Universitas Negeri Makassar", "NO_HP_1": "0852-5222-2976", "NAMA_PEMIL": "Pemerintah Desa", "N_PETAK": "TDB818", "LUAS_HA": 1.6493917006400001, "PAKET": "Paket Sulawesi Selatan 14" }, "geometry": { "type": "MultiPolygon", "coordinates": [ [ [ [ 120.424894204204179, -2.708360372832885, 0.0 ], [ 120.42488039871148, -2.708460536624443, 0.0 ], [ 120.424910260700017, -2.709256369186051, 0.0 ], [ 120.424756492818005, -2.709457273234534, 0.0 ], [ 120.424255780879662, -2.70919300835061, 0.0 ], [ 120.424116693530664, -2.70910028375107, 0.0 ], [ 120.424209418130204, -2.708921016491672, 0.0 ], [ 120.424030150870863, -2.708822110851713, 0.0 ], [ 120.423943608211061, -2.708902470672456, 0.0 ], [ 120.423498531032465, -2.708642843592315, 0.0 ], [ 120.423663884880398, -2.707817224585199, 0.0 ], [ 120.424219421289308, -2.707973463804251, 0.0 ], [ 120.424181138948484, -2.70812562189991, 0.0 ], [ 120.424894204204179, -2.708360372832885, 0.0 ] ] ] ] } }
]
}
