{
"type": "FeatureCollection",
"name": "SULSEL_PAKET_13",
"crs": { "type": "name", "properties": { "name": "urn:ogc:def:crs:OGC:1.3:CRS84" } },
"features": [
{ "type": "Feature", "properties": { "OBJECTID": 3111, "WADMPR": "Sulawesi Selatan", "WADMKK": "Kab. Luwu Utara", "WADMKC": "Kec. Malangke", "WADMKD": "Desa Tingkara", "POKTAN": "Gapoktan Anugrah Tingkara", "K_POKTAN": "H. Amirsalim", "P_SID": "Universitas Negeri Makassar", "NO_HP_1": null, "NAMA_PEMIL": "Pemerintah Desa", "N_PETAK": "TKB001", "LUAS_HA": 1.1521254815099999, "PAKET": "Paket Sulawesi Selatan 13" }, "geometry": { "type": "MultiPolygon", "coordinates": [ [ [ [ 120.385515577182218, -2.682864616209031, 0.0 ], [ 120.384749801762041, -2.682877419856993, 0.0 ], [ 120.384571041720278, -2.682879790469883, 0.0 ], [ 120.384650701868509, -2.681942842588057, 0.0 ], [ 120.384878300493256, -2.681794903212165, 0.0 ], [ 120.385424537012796, -2.681688689681209, 0.0 ], [ 120.385515577182218, -2.682864616209031, 0.0 ] ] ] ] } },
{ "type": "Feature", "properties": { "OBJECTID": 3112, "WADMPR": "Sulawesi Selatan", "WADMKK": "Kab. Luwu Utara", "WADMKC": "Kec. Malangke", "WADMKD": "Desa Tingkara", "POKTAN": "Gapoktan Anugrah Tingkara", "K_POKTAN": "H. Amirsalim", "P_SID": "Universitas Negeri Makassar", "NO_HP_1": null, "NAMA_PEMIL": "Pemerintah Desa", "N_PETAK": "TKB002", "LUAS_HA": 0.54314679445000003, "PAKET": "Paket Sulawesi Selatan 13" }, "geometry": { "type": "MultiPolygon", "coordinates": [ [ [ [ 120.384911017829268, -2.68381341895406, 0.0 ], [ 120.384846531042626, -2.684022050876877, 0.0 ], [ 120.384795321846696, -2.684039120908665, 0.0 ], [ 120.384645485800547, -2.68376031308793, 0.0 ], [ 120.384501339765052, -2.683492884389068, 0.0 ], [ 120.384379953771941, -2.683253905743129, 0.0 ], [ 120.384256671108574, -2.683113553047974, 0.0 ], [ 120.383983553298435, -2.682969407012479, 0.0 ], [ 120.383908635275361, -2.682907765680795, 0.0 ], [ 120.384571041720278, -2.682879790469883, 0.0 ], [ 120.384749801762041, -2.682877419856993, 0.0 ], [ 120.384873084425408, -2.683673067158281, 0.0 ], [ 120.384911017829268, -2.68381341895406, 0.0 ] ] ] ] } },
{ "type": "Feature", "properties": { "OBJECTID": 3113, "WADMPR": "Sulawesi Selatan", "WADMKK": "Kab. Luwu Utara", "WADMKC": "Kec. Malangke", "WADMKD": "Desa Tingkara", "POKTAN": "Gapoktan Anugrah Tingkara", "K_POKTAN": "H. Amirsalim", "P_SID": "Universitas Negeri Makassar", "NO_HP_1": null, "NAMA_PEMIL": "Pemerintah Desa", "N_PETAK": "TKB003", "LUAS_HA": 1.0550478033, "PAKET": "Paket Sulawesi Selatan 13" }, "geometry": { "type": "MultiPolygon", "coordinates": [ [ [ [ 120.385635540447879, -2.682868409549428, 0.0 ], [ 120.3858384823601, -2.683820531692163, 0.0 ], [ 120.385471479825014, -2.683817212294457, 0.0 ], [ 120.384911017829268, -2.68381341895406, 0.0 ], [ 120.384749801762041, -2.682877419856993, 0.0 ], [ 120.385515577182218, -2.682864616209031, 0.0 ], [ 120.385635540447879, -2.682868409549428, 0.0 ] ] ] ] } },
{ "type": "Feature", "properties": { "OBJECTID": 3114, "WADMPR": "Sulawesi Selatan", "WADMKK": "Kab. Luwu Utara", "WADMKC": "Kec. Malangke", "WADMKD": "Desa Tingkara", "POKTAN": "Gapoktan Anugrah Tingkara", "K_POKTAN": "H. Amirsalim", "P_SID": "Universitas Negeri Makassar", "NO_HP_1": null, "NAMA_PEMIL": "Pemerintah Desa", "N_PETAK": "TKB004", "LUAS_HA": 0.5515588606, "PAKET": "Paket Sulawesi Selatan 13" }, "geometry": { "type": "MultiPolygon", "coordinates": [ [ [ [ 120.385471479825014, -2.683817212294457, 0.0 ], [ 120.385508464444115, -2.684725237079988, 0.0 ], [ 120.385227759053919, -2.684736617101123, 0.0 ], [ 120.384846531042626, -2.684022050876877, 0.0 ], [ 120.384911017829268, -2.68381341895406, 0.0 ], [ 120.385471479825014, -2.683817212294457, 0.0 ] ] ] ] } },
{ "type": "Feature", "properties": { "OBJECTID": 3115, "WADMPR": "Sulawesi Selatan", "WADMKK": "Kab. Luwu Utara", "WADMKC": "Kec. Malangke", "WADMKD": "Desa Tingkara", "POKTAN": "Gapoktan Anugrah Tingkara", "K_POKTAN": "H. Amirsalim", "P_SID": "Universitas Negeri Makassar", "NO_HP_1": null, "NAMA_PEMIL": "Pemerintah Desa", "N_PETAK": "TKB005", "LUAS_HA": 0.89882426045999997, "PAKET": "Paket Sulawesi Selatan 13" }, "geometry": { "type": "MultiPolygon", "coordinates": [ [ [ [ 120.386264281671288, -2.682853711029907, 0.0 ], [ 120.386098324378281, -2.682858453155063, 0.0 ], [ 120.385635540447879, -2.682868409549428, 0.0 ], [ 120.385515577182218, -2.682864616209031, 0.0 ], [ 120.385424537012796, -2.681688689681209, 0.0 ], [ 120.385968403818879, -2.681757444650316, 0.0 ], [ 120.386264281671288, -2.682853711029907, 0.0 ] ] ] ] } },
{ "type": "Feature", "properties": { "OBJECTID": 3116, "WADMPR": "Sulawesi Selatan", "WADMKK": "Kab. Luwu Utara", "WADMKC": "Kec. Malangke", "WADMKD": "Desa Tingkara", "POKTAN": "Gapoktan Anugrah Tingkara", "K_POKTAN": "H. Amirsalim", "P_SID": "Universitas Negeri Makassar", "NO_HP_1": null, "NAMA_PEMIL": "Pemerintah Desa", "N_PETAK": "TKB006", "LUAS_HA": 0.55572413074000004, "PAKET": "Paket Sulawesi Selatan 13" }, "geometry": { "type": "MultiPolygon", "coordinates": [ [ [ [ 120.386324975117532, -2.68379445225213, 0.0 ], [ 120.3858384823601, -2.683820531692163, 0.0 ], [ 120.385635540447879, -2.682868409549428, 0.0 ], [ 120.386098324378281, -2.682858453155063, 0.0 ], [ 120.386324975117532, -2.68379445225213, 0.0 ] ] ] ] } },
{ "type": "Feature", "properties": { "OBJECTID": 3117, "WADMPR": "Sulawesi Selatan", "WADMKK": "Kab. Luwu Utara", "WADMKC": "Kec. Malangke", "WADMKD": "Desa Tingkara", "POKTAN": "Gapoktan Anugrah Tingkara", "K_POKTAN": "H. Amirsalim", "P_SID": "Universitas Negeri Makassar", "NO_HP_1": null, "NAMA_PEMIL": "Pemerintah Desa", "N_PETAK": "TKB007", "LUAS_HA": 0.92339734073000002, "PAKET": "Paket Sulawesi Selatan 13" }, "geometry": { "type": "MultiPolygon", "coordinates": [ [ [ [ 120.386432135634664, -2.683799193477967, 0.0 ], [ 120.386439722315345, -2.684258184967234, 0.0 ], [ 120.386200743669406, -2.684254391626837, 0.0 ], [ 120.386212123690598, -2.68470579643531, 0.0 ], [ 120.385508464444115, -2.684725237079988, 0.0 ], [ 120.385471479825014, -2.683817212294457, 0.0 ], [ 120.3858384823601, -2.683820531692163, 0.0 ], [ 120.386324975117532, -2.68379445225213, 0.0 ], [ 120.386432135634664, -2.683799193477967, 0.0 ] ] ] ] } },
{ "type": "Feature", "properties": { "OBJECTID": 3118, "WADMPR": "Sulawesi Selatan", "WADMKK": "Kab. Luwu Utara", "WADMKC": "Kec. Malangke", "WADMKD": "Desa Tingkara", "POKTAN": "Gapoktan Anugrah Tingkara", "K_POKTAN": "H. Amirsalim", "P_SID": "Universitas Negeri Makassar", "NO_HP_1": null, "NAMA_PEMIL": "Pemerintah Desa", "N_PETAK": "TKB008", "LUAS_HA": 0.5393692067, "PAKET": "Paket Sulawesi Selatan 13" }, "geometry": { "type": "MultiPolygon", "coordinates": [ [ [ [ 120.386815260316098, -2.683768847654164, 0.0 ], [ 120.386432135634664, -2.683799193477967, 0.0 ], [ 120.386324975117532, -2.68379445225213, 0.0 ], [ 120.386098324378281, -2.682858453155063, 0.0 ], [ 120.386264281671288, -2.682853711029907, 0.0 ], [ 120.38654593494698, -2.682862246495404, 0.0 ], [ 120.386815260316098, -2.683768847654164, 0.0 ] ] ] ] } },
{ "type": "Feature", "properties": { "OBJECTID": 3119, "WADMPR": "Sulawesi Selatan", "WADMKK": "Kab. Luwu Utara", "WADMKC": "Kec. Malangke", "WADMKD": "Desa Tingkara", "POKTAN": "Gapoktan Anugrah Tingkara", "K_POKTAN": "H. Amirsalim", "P_SID": "Universitas Negeri Makassar", "NO_HP_1": null, "NAMA_PEMIL": "Pemerintah Desa", "N_PETAK": "TKB009", "LUAS_HA": 0.38737387815000002, "PAKET": "Paket Sulawesi Selatan 13" }, "geometry": { "type": "MultiPolygon", "coordinates": [ [ [ [ 120.387106989595964, -2.684194884386386, 0.0 ], [ 120.387107345727486, -2.68425059828644, 0.0 ], [ 120.386439722315345, -2.684258184967234, 0.0 ], [ 120.386432135634664, -2.683799193477967, 0.0 ], [ 120.386815260316098, -2.683768847654164, 0.0 ], [ 120.387095965706294, -2.683787813456775, 0.0 ], [ 120.387106989595964, -2.684194884386386, 0.0 ] ] ] ] } },
{ "type": "Feature", "properties": { "OBJECTID": 3120, "WADMPR": "Sulawesi Selatan", "WADMKK": "Kab. Luwu Utara", "WADMKC": "Kec. Malangke", "WADMKD": "Desa Tingkara", "POKTAN": "Gapoktan Anugrah Tingkara", "K_POKTAN": "H. Amirsalim", "P_SID": "Universitas Negeri Makassar", "NO_HP_1": null, "NAMA_PEMIL": "Pemerintah Desa", "N_PETAK": "TKB010", "LUAS_HA": 0.48558174388000003, "PAKET": "Paket Sulawesi Selatan 13" }, "geometry": { "type": "MultiPolygon", "coordinates": [ [ [ [ 120.38703527226005, -2.684717176456502, 0.0 ], [ 120.386212123690598, -2.68470579643531, 0.0 ], [ 120.386200743669406, -2.684254391626837, 0.0 ], [ 120.386439722315345, -2.684258184967234, 0.0 ], [ 120.387107345727486, -2.68425059828644, 0.0 ], [ 120.38703527226005, -2.684717176456502, 0.0 ] ] ] ] } },
{ "type": "Feature", "properties": { "OBJECTID": 3121, "WADMPR": "Sulawesi Selatan", "WADMKK": "Kab. Luwu Utara", "WADMKC": "Kec. Malangke", "WADMKD": "Desa Tingkara", "POKTAN": "Gapoktan Anugrah Tingkara", "K_POKTAN": "H. Amirsalim", "P_SID": "Universitas Negeri Makassar", "NO_HP_1": null, "NAMA_PEMIL": "Pemerintah Desa", "N_PETAK": "TKB011", "LUAS_HA": 0.0846027085, "PAKET": "Paket Sulawesi Selatan 13" }, "geometry": { "type": "MultiPolygon", "coordinates": [ [ [ [ 120.384752647216942, -2.684743728040587, 0.0 ], [ 120.384760233897737, -2.684220251563318, 0.0 ], [ 120.385015333790648, -2.684757004731921, 0.0 ], [ 120.384752647216942, -2.684743728040587, 0.0 ] ] ] ] } },
{ "type": "Feature", "properties": { "OBJECTID": 3122, "WADMPR": "Sulawesi Selatan", "WADMKK": "Kab. Luwu Utara", "WADMKC": "Kec. Malangke", "WADMKD": "Desa Tingkara", "POKTAN": "Gapoktan Anugrah Tingkara", "K_POKTAN": "H. Amirsalim", "P_SID": "Universitas Negeri Makassar", "NO_HP_1": null, "NAMA_PEMIL": "Pemerintah Desa", "N_PETAK": "TKB012", "LUAS_HA": 0.74424415261, "PAKET": "Paket Sulawesi Selatan 13" }, "geometry": { "type": "MultiPolygon", "coordinates": [ [ [ [ 120.384662555832392, -2.684764591412716, 0.0 ], [ 120.384427370526737, -2.68516099368486, 0.0 ], [ 120.384027175813571, -2.685124956951142, 0.0 ], [ 120.383771127135901, -2.685538427456436, 0.0 ], [ 120.38330265319496, -2.68551756498357, 0.0 ], [ 120.383446799230455, -2.685113576030687, 0.0 ], [ 120.383471455942981, -2.684834769109273, 0.0 ], [ 120.383828027241748, -2.684789249024561, 0.0 ], [ 120.384184598540401, -2.68473993470019, 0.0 ], [ 120.384662555832392, -2.684764591412716, 0.0 ] ] ] ] } },
{ "type": "Feature", "properties": { "OBJECTID": 3123, "WADMPR": "Sulawesi Selatan", "WADMKK": "Kab. Luwu Utara", "WADMKC": "Kec. Malangke", "WADMKD": "Desa Tingkara", "POKTAN": "Gapoktan Anugrah Tingkara", "K_POKTAN": "H. Amirsalim", "P_SID": "Universitas Negeri Makassar", "NO_HP_1": null, "NAMA_PEMIL": "Pemerintah Desa", "N_PETAK": "TKB013", "LUAS_HA": 0.25992852865, "PAKET": "Paket Sulawesi Selatan 13" }, "geometry": { "type": "MultiPolygon", "coordinates": [ [ [ [ 120.384964123695454, -2.685210307109912, 0.0 ], [ 120.384427370526737, -2.68516099368486, 0.0 ], [ 120.384662555832392, -2.684764591412716, 0.0 ], [ 120.385064647215813, -2.684796835705356, 0.0 ], [ 120.385110166401091, -2.684897357427076, 0.0 ], [ 120.384964123695454, -2.685210307109912, 0.0 ] ] ] ] } },
{ "type": "Feature", "properties": { "OBJECTID": 3124, "WADMPR": "Sulawesi Selatan", "WADMKK": "Kab. Luwu Utara", "WADMKC": "Kec. Malangke", "WADMKD": "Desa Tingkara", "POKTAN": "Gapoktan Anugrah Tingkara", "K_POKTAN": "H. Amirsalim", "P_SID": "Universitas Negeri Makassar", "NO_HP_1": null, "NAMA_PEMIL": "Pemerintah Desa", "N_PETAK": "TKB014", "LUAS_HA": 0.5080738355, "PAKET": "Paket Sulawesi Selatan 13" }, "geometry": { "type": "MultiPolygon", "coordinates": [ [ [ [ 120.384427370526737, -2.68516099368486, 0.0 ], [ 120.384964123695454, -2.685210307109912, 0.0 ], [ 120.384736525070593, -2.68561808760461, 0.0 ], [ 120.384260464448971, -2.685583946641771, 0.0 ], [ 120.383771127135901, -2.685538427456436, 0.0 ], [ 120.384027175813571, -2.685124956951142, 0.0 ], [ 120.384427370526737, -2.68516099368486, 0.0 ] ] ] ] } },
{ "type": "Feature", "properties": { "OBJECTID": 3125, "WADMPR": "Sulawesi Selatan", "WADMKK": "Kab. Luwu Utara", "WADMKC": "Kec. Malangke", "WADMKD": "Desa Tingkara", "POKTAN": "Gapoktan Anugrah Tingkara", "K_POKTAN": "H. Amirsalim", "P_SID": "Universitas Negeri Makassar", "NO_HP_1": null, "NAMA_PEMIL": "Pemerintah Desa", "N_PETAK": "TKB015", "LUAS_HA": 0.56386777222999995, "PAKET": "Paket Sulawesi Selatan 13" }, "geometry": { "type": "MultiPolygon", "coordinates": [ [ [ [ 120.384736525070593, -2.68561808760461, 0.0 ], [ 120.384245291087382, -2.68652848300303, 0.0 ], [ 120.383752160433914, -2.686448821955537, 0.0 ], [ 120.384260464448971, -2.685583946641771, 0.0 ], [ 120.384736525070593, -2.68561808760461, 0.0 ] ] ] ] } },
{ "type": "Feature", "properties": { "OBJECTID": 3126, "WADMPR": "Sulawesi Selatan", "WADMKK": "Kab. Luwu Utara", "WADMKC": "Kec. Malangke", "WADMKD": "Desa Tingkara", "POKTAN": "Gapoktan Anugrah Tingkara", "K_POKTAN": "H. Amirsalim", "P_SID": "Universitas Negeri Makassar", "NO_HP_1": null, "NAMA_PEMIL": "Pemerintah Desa", "N_PETAK": "TKB016", "LUAS_HA": 0.63467279632999996, "PAKET": "Paket Sulawesi Selatan 13" }, "geometry": { "type": "MultiPolygon", "coordinates": [ [ [ [ 120.38663128510575, -2.685121163610745, 0.0 ], [ 120.385730373058323, -2.685092713557822, 0.0 ], [ 120.385465789814361, -2.68511215510182, 0.0 ], [ 120.385474324380652, -2.685408981739045, 0.0 ], [ 120.385332075015299, -2.685143923653129, 0.0 ], [ 120.38517844652813, -2.68487649495421, 0.0 ], [ 120.385225862383663, -2.684774074763709, 0.0 ], [ 120.385929521630146, -2.68475890140212, 0.0 ], [ 120.386680597631539, -2.684749418051183, 0.0 ], [ 120.38663128510575, -2.685121163610745, 0.0 ] ] ] ] } },
{ "type": "Feature", "properties": { "OBJECTID": 3127, "WADMPR": "Sulawesi Selatan", "WADMKK": "Kab. Luwu Utara", "WADMKC": "Kec. Malangke", "WADMKD": "Desa Tingkara", "POKTAN": "Gapoktan Anugrah Tingkara", "K_POKTAN": "H. Amirsalim", "P_SID": "Universitas Negeri Makassar", "NO_HP_1": null, "NAMA_PEMIL": "Pemerintah Desa", "N_PETAK": "TKB017", "LUAS_HA": 0.19018307248, "PAKET": "Paket Sulawesi Selatan 13" }, "geometry": { "type": "MultiPolygon", "coordinates": [ [ [ [ 120.38546389314422, -2.685420361760237, 0.0 ], [ 120.384906275704111, -2.68546398337611, 0.0 ], [ 120.385167066506938, -2.684888822860842, 0.0 ], [ 120.38546389314422, -2.685420361760237, 0.0 ] ] ] ] } },
{ "type": "Feature", "properties": { "OBJECTID": 3128, "WADMPR": "Sulawesi Selatan", "WADMKK": "Kab. Luwu Utara", "WADMKC": "Kec. Malangke", "WADMKD": "Desa Tingkara", "POKTAN": "Gapoktan Anugrah Tingkara", "K_POKTAN": "H. Amirsalim", "P_SID": "Universitas Negeri Makassar", "NO_HP_1": null, "NAMA_PEMIL": "Pemerintah Desa", "N_PETAK": "TKB018", "LUAS_HA": 0.48353049807999998, "PAKET": "Paket Sulawesi Selatan 13" }, "geometry": { "type": "MultiPolygon", "coordinates": [ [ [ [ 120.387185108306198, -2.685434586337067, 0.0 ], [ 120.386585765021096, -2.685423206315875, 0.0 ], [ 120.38663128510575, -2.685121163610745, 0.0 ], [ 120.386680597631539, -2.684749418051183, 0.0 ], [ 120.387040962270703, -2.684763169584585, 0.0 ], [ 120.387238215071648, -2.684782136286515, 0.0 ], [ 120.387235779707567, -2.685074351200285, 0.0 ], [ 120.387185108306198, -2.685434586337067, 0.0 ] ] ] ] } },
{ "type": "Feature", "properties": { "OBJECTID": 3129, "WADMPR": "Sulawesi Selatan", "WADMKK": "Kab. Luwu Utara", "WADMKC": "Kec. Malangke", "WADMKD": "Desa Tingkara", "POKTAN": "Gapoktan Anugrah Tingkara", "K_POKTAN": "H. Amirsalim", "P_SID": "Universitas Negeri Makassar", "NO_HP_1": null, "NAMA_PEMIL": "Pemerintah Desa", "N_PETAK": "TKB019", "LUAS_HA": 0.43482405813000002, "PAKET": "Paket Sulawesi Selatan 13" }, "geometry": { "type": "MultiPolygon", "coordinates": [ [ [ [ 120.38663128510575, -2.685121163610745, 0.0 ], [ 120.386585765021096, -2.685423206315875, 0.0 ], [ 120.385474324380652, -2.685408981739045, 0.0 ], [ 120.385465789814361, -2.68511215510182, 0.0 ], [ 120.385730373058323, -2.685092713557822, 0.0 ], [ 120.38663128510575, -2.685121163610745, 0.0 ] ] ] ] } },
{ "type": "Feature", "properties": { "OBJECTID": 3130, "WADMPR": "Sulawesi Selatan", "WADMKK": "Kab. Luwu Utara", "WADMKC": "Kec. Malangke", "WADMKD": "Desa Tingkara", "POKTAN": "Gapoktan Anugrah Tingkara", "K_POKTAN": "H. Amirsalim", "P_SID": "Universitas Negeri Makassar", "NO_HP_1": null, "NAMA_PEMIL": "Pemerintah Desa", "N_PETAK": "TKB020", "LUAS_HA": 1.2596882445799999, "PAKET": "Paket Sulawesi Selatan 13" }, "geometry": { "type": "MultiPolygon", "coordinates": [ [ [ [ 120.387185108306198, -2.685434586337067, 0.0 ], [ 120.387142593755812, -2.68605152755589, 0.0 ], [ 120.386939491764224, -2.686082293363086, 0.0 ], [ 120.386749824744697, -2.686110744315329, 0.0 ], [ 120.386154275699369, -2.686141091038451, 0.0 ], [ 120.385903917032238, -2.686110744315329, 0.0 ], [ 120.385793911060205, -2.685982016257014, 0.0 ], [ 120.385474324380652, -2.685408981739045, 0.0 ], [ 120.387185108306198, -2.685434586337067, 0.0 ] ] ] ] } },
{ "type": "Feature", "properties": { "OBJECTID": 3131, "WADMPR": "Sulawesi Selatan", "WADMKK": "Kab. Luwu Utara", "WADMKC": "Kec. Malangke", "WADMKD": "Desa Tingkara", "POKTAN": "Gapoktan Anugrah Tingkara", "K_POKTAN": "H. Amirsalim", "P_SID": "Universitas Negeri Makassar", "NO_HP_1": null, "NAMA_PEMIL": "Pemerintah Desa", "N_PETAK": "TKB021", "LUAS_HA": 0.50790721527000005, "PAKET": "Paket Sulawesi Selatan 13" }, "geometry": { "type": "MultiPolygon", "coordinates": [ [ [ [ 120.386732162958992, -2.686986523908899, 0.0 ], [ 120.386939491764224, -2.686082293363086, 0.0 ], [ 120.387142593755812, -2.68605152755589, 0.0 ], [ 120.387281358248174, -2.68603050770173, 0.0 ], [ 120.387402541893834, -2.686789597561813, 0.0 ], [ 120.386887023517374, -2.686934097030928, 0.0 ], [ 120.386820526745964, -2.686952734580984, 0.0 ], [ 120.386754029974554, -2.686971373929737, 0.0 ], [ 120.386760854030285, -2.687005900701706, 0.0 ], [ 120.386732162958992, -2.686986523908899, 0.0 ] ] ] ] } },
{ "type": "Feature", "properties": { "OBJECTID": 3132, "WADMPR": "Sulawesi Selatan", "WADMKK": "Kab. Luwu Utara", "WADMKC": "Kec. Malangke", "WADMKD": "Desa Tingkara", "POKTAN": "Gapoktan Anugrah Tingkara", "K_POKTAN": "H. Amirsalim", "P_SID": "Universitas Negeri Makassar", "NO_HP_1": null, "NAMA_PEMIL": "Pemerintah Desa", "N_PETAK": "TKB022", "LUAS_HA": 0.60035190308999997, "PAKET": "Paket Sulawesi Selatan 13" }, "geometry": { "type": "MultiPolygon", "coordinates": [ [ [ [ 120.386732162958992, -2.686986523908899, 0.0 ], [ 120.386614333784564, -2.686897619629406, 0.0 ], [ 120.386485361110545, -2.686803260062334, 0.0 ], [ 120.386345067770776, -2.686706175549489, 0.0 ], [ 120.386127128764088, -2.686391685327976, 0.0 ], [ 120.385903917032238, -2.686110744315329, 0.0 ], [ 120.386154275699369, -2.686141091038451, 0.0 ], [ 120.386749824744697, -2.686110744315329, 0.0 ], [ 120.386939491764224, -2.686082293363086, 0.0 ], [ 120.386732162958992, -2.686986523908899, 0.0 ] ] ] ] } },
{ "type": "Feature", "properties": { "OBJECTID": 3133, "WADMPR": "Sulawesi Selatan", "WADMKK": "Kab. Luwu Utara", "WADMKC": "Kec. Malangke", "WADMKD": "Desa Tingkara", "POKTAN": "Gapoktan Anugrah Tingkara", "K_POKTAN": "H. Amirsalim", "P_SID": "Universitas Negeri Makassar", "NO_HP_1": null, "NAMA_PEMIL": "Pemerintah Desa", "N_PETAK": "TKB023", "LUAS_HA": 0.47470588821999998, "PAKET": "Paket Sulawesi Selatan 13" }, "geometry": { "type": "MultiPolygon", "coordinates": [ [ [ [ 120.385603297054558, -2.686940531680136, 0.0 ], [ 120.385948488332133, -2.6861894556788, 0.0 ], [ 120.385897160425657, -2.686115960383233, 0.0 ], [ 120.386342578447284, -2.686707953509199, 0.0 ], [ 120.386563597631948, -2.686873909902999, 0.0 ], [ 120.386725051120266, -2.686988420579098, 0.0 ], [ 120.385603297054558, -2.686940531680136, 0.0 ] ] ] ] } },
{ "type": "Feature", "properties": { "OBJECTID": 3134, "WADMPR": "Sulawesi Selatan", "WADMKK": "Kab. Luwu Utara", "WADMKC": "Kec. Malangke", "WADMKD": "Desa Tingkara", "POKTAN": "Gapoktan Anugrah Tingkara", "K_POKTAN": "H. Amirsalim", "P_SID": "Universitas Negeri Makassar", "NO_HP_1": null, "NAMA_PEMIL": "Pemerintah Desa", "N_PETAK": "TKB024", "LUAS_HA": 0.17199697977, "PAKET": "Paket Sulawesi Selatan 13" }, "geometry": { "type": "MultiPolygon", "coordinates": [ [ [ [ 120.385793911060205, -2.685982016257014, 0.0 ], [ 120.385897160425657, -2.686115960383233, 0.0 ], [ 120.385570105775855, -2.686047206313447, 0.0 ], [ 120.38541078637877, -2.686009272909587, 0.0 ], [ 120.38546389314422, -2.685420361760237, 0.0 ], [ 120.385793911060205, -2.685982016257014, 0.0 ] ] ] ] } },
{ "type": "Feature", "properties": { "OBJECTID": 3135, "WADMPR": "Sulawesi Selatan", "WADMKK": "Kab. Luwu Utara", "WADMKC": "Kec. Malangke", "WADMKD": "Desa Tingkara", "POKTAN": "Gapoktan Anugrah Tingkara", "K_POKTAN": "H. Amirsalim", "P_SID": "Universitas Negeri Makassar", "NO_HP_1": null, "NAMA_PEMIL": "Pemerintah Desa", "N_PETAK": "TKB025", "LUAS_HA": 0.41568976266000002, "PAKET": "Paket Sulawesi Selatan 13" }, "geometry": { "type": "MultiPolygon", "coordinates": [ [ [ [ 120.38541078637877, -2.686009272909587, 0.0 ], [ 120.384663503717775, -2.685895473597157, 0.0 ], [ 120.384906275704111, -2.68546398337611, 0.0 ], [ 120.38546389314422, -2.685420361760237, 0.0 ], [ 120.38541078637877, -2.686009272909587, 0.0 ] ] ] ] } },
{ "type": "Feature", "properties": { "OBJECTID": 3136, "WADMPR": "Sulawesi Selatan", "WADMKK": "Kab. Luwu Utara", "WADMKC": "Kec. Malangke", "WADMKD": "Desa Tingkara", "POKTAN": "Gapoktan Anugrah Tingkara", "K_POKTAN": "H. Amirsalim", "P_SID": "Universitas Negeri Makassar", "NO_HP_1": null, "NAMA_PEMIL": "Pemerintah Desa", "N_PETAK": "TKB026", "LUAS_HA": 0.50738637252999996, "PAKET": "Paket Sulawesi Selatan 13" }, "geometry": { "type": "MultiPolygon", "coordinates": [ [ [ [ 120.385897160425657, -2.686115960383233, 0.0 ], [ 120.385948488332133, -2.6861894556788, 0.0 ], [ 120.385603297054558, -2.686940531680136, 0.0 ], [ 120.385073181781991, -2.686877940664374, 0.0 ], [ 120.385570105775855, -2.686047206313447, 0.0 ], [ 120.385897160425657, -2.686115960383233, 0.0 ] ] ] ] } },
{ "type": "Feature", "properties": { "OBJECTID": 3137, "WADMPR": "Sulawesi Selatan", "WADMKK": "Kab. Luwu Utara", "WADMKC": "Kec. Malangke", "WADMKD": "Desa Tingkara", "POKTAN": "Gapoktan Anugrah Tingkara", "K_POKTAN": "H. Amirsalim", "P_SID": "Universitas Negeri Makassar", "NO_HP_1": null, "NAMA_PEMIL": "Pemerintah Desa", "N_PETAK": "TKB027", "LUAS_HA": 1.0021578386500001, "PAKET": "Paket Sulawesi Selatan 13" }, "geometry": { "type": "MultiPolygon", "coordinates": [ [ [ [ 120.385570105775855, -2.686047206313447, 0.0 ], [ 120.385073181781991, -2.686877940664374, 0.0 ], [ 120.384189339766294, -2.686714828826268, 0.0 ], [ 120.384663503717775, -2.685895473597157, 0.0 ], [ 120.385570105775855, -2.686047206313447, 0.0 ] ] ] ] } },
{ "type": "Feature", "properties": { "OBJECTID": 3138, "WADMPR": "Sulawesi Selatan", "WADMKK": "Kab. Luwu Utara", "WADMKC": "Kec. Malangke", "WADMKD": "Desa Tingkara", "POKTAN": "Gapoktan Anugrah Tingkara", "K_POKTAN": "H. Amirsalim", "P_SID": "Universitas Negeri Makassar", "NO_HP_1": null, "NAMA_PEMIL": "Pemerintah Desa", "N_PETAK": "TKB028", "LUAS_HA": 0.95076009406999995, "PAKET": "Paket Sulawesi Selatan 13" }, "geometry": { "type": "MultiPolygon", "coordinates": [ [ [ [ 120.385073181781991, -2.686877940664374, 0.0 ], [ 120.384553497745742, -2.687663156729229, 0.0 ], [ 120.383688622432032, -2.687519010693734, 0.0 ], [ 120.384189339766294, -2.686714828826268, 0.0 ], [ 120.385073181781991, -2.686877940664374, 0.0 ] ] ] ] } },
{ "type": "Feature", "properties": { "OBJECTID": 3139, "WADMPR": "Sulawesi Selatan", "WADMKK": "Kab. Luwu Utara", "WADMKC": "Kec. Malangke", "WADMKD": "Desa Tingkara", "POKTAN": "Gapoktan Anugrah Tingkara", "K_POKTAN": "H. Amirsalim", "P_SID": "Universitas Negeri Makassar", "NO_HP_1": null, "NAMA_PEMIL": "Pemerintah Desa", "N_PETAK": "TKB029", "LUAS_HA": 1.1322859437699999, "PAKET": "Paket Sulawesi Selatan 13" }, "geometry": { "type": "MultiPolygon", "coordinates": [ [ [ [ 120.385603297054558, -2.686940531680136, 0.0 ], [ 120.386136257782141, -2.686966136278102, 0.0 ], [ 120.386058199326499, -2.687046085108705, 0.0 ], [ 120.386021921574525, -2.687107422469523, 0.0 ], [ 120.385985644721814, -2.687168759830342, 0.0 ], [ 120.385949368768365, -2.687230095392522, 0.0 ], [ 120.385913091915768, -2.687291432753398, 0.0 ], [ 120.38587681596232, -2.687352768315577, 0.0 ], [ 120.385840539109608, -2.687414104777076, 0.0 ], [ 120.385804261357634, -2.687475441238576, 0.0 ], [ 120.385767984504923, -2.687536779498714, 0.0 ], [ 120.385731707652212, -2.687598115960213, 0.0 ], [ 120.385695431698878, -2.687659452421769, 0.0 ], [ 120.385659154846167, -2.687720788883269, 0.0 ], [ 120.385622877993455, -2.687782125344768, 0.0 ], [ 120.385586601140744, -2.687843462705587, 0.0 ], [ 120.384553497745742, -2.687663156729229, 0.0 ], [ 120.385073181781991, -2.686877940664374, 0.0 ], [ 120.385603297054558, -2.686940531680136, 0.0 ] ] ] ] } },
{ "type": "Feature", "properties": { "OBJECTID": 3140, "WADMPR": "Sulawesi Selatan", "WADMKK": "Kab. Luwu Utara", "WADMKC": "Kec. Malangke", "WADMKD": "Desa Tingkara", "POKTAN": "Gapoktan Anugrah Tingkara", "K_POKTAN": "H. Amirsalim", "P_SID": "Universitas Negeri Makassar", "NO_HP_1": null, "NAMA_PEMIL": "Pemerintah Desa", "N_PETAK": "TKB030", "LUAS_HA": 0.59196036183, "PAKET": "Paket Sulawesi Selatan 13" }, "geometry": { "type": "MultiPolygon", "coordinates": [ [ [ [ 120.385586601140744, -2.687843462705587, 0.0 ], [ 120.385378543884713, -2.688235946631607, 0.0 ], [ 120.384263309903872, -2.688091801495375, 0.0 ], [ 120.384553497745742, -2.687663156729229, 0.0 ], [ 120.385586601140744, -2.687843462705587, 0.0 ] ] ] ] } },
{ "type": "Feature", "properties": { "OBJECTID": 3141, "WADMPR": "Sulawesi Selatan", "WADMKK": "Kab. Luwu Utara", "WADMKC": "Kec. Malangke", "WADMKD": "Desa Tingkara", "POKTAN": "Gapoktan Anugrah Tingkara", "K_POKTAN": "H. Amirsalim", "P_SID": "Universitas Negeri Makassar", "NO_HP_1": null, "NAMA_PEMIL": "Pemerintah Desa", "N_PETAK": "TKB031", "LUAS_HA": 0.893026598, "PAKET": "Paket Sulawesi Selatan 13" }, "geometry": { "type": "MultiPolygon", "coordinates": [ [ [ [ 120.385946048471396, -2.687878213408794, 0.0 ], [ 120.385756926441104, -2.688641832254689, 0.0 ], [ 120.385651661694851, -2.689066682781117, 0.0 ], [ 120.384798166402334, -2.688888395782783, 0.0 ], [ 120.385273279138573, -2.688225514495855, 0.0 ], [ 120.385378543884713, -2.688235946631607, 0.0 ], [ 120.385586601140744, -2.687843462705587, 0.0 ], [ 120.385658489347861, -2.687850411767045, 0.0 ], [ 120.38573038025288, -2.687857362627142, 0.0 ], [ 120.385802270258637, -2.687864313487239, 0.0 ], [ 120.385874158465754, -2.687871262548697, 0.0 ], [ 120.385946048471396, -2.687878213408794, 0.0 ] ] ] ] } },
{ "type": "Feature", "properties": { "OBJECTID": 3142, "WADMPR": "Sulawesi Selatan", "WADMKK": "Kab. Luwu Utara", "WADMKC": "Kec. Malangke", "WADMKD": "Desa Tingkara", "POKTAN": "Gapoktan Anugrah Tingkara", "K_POKTAN": "H. Amirsalim", "P_SID": "Universitas Negeri Makassar", "NO_HP_1": null, "NAMA_PEMIL": "Pemerintah Desa", "N_PETAK": "TKB032", "LUAS_HA": 0.75771461135999996, "PAKET": "Paket Sulawesi Selatan 13" }, "geometry": { "type": "MultiPolygon", "coordinates": [ [ [ [ 120.38695249955822, -2.687975519154861, 0.0 ], [ 120.386831382462447, -2.688400008153792, 0.0 ], [ 120.386827589122049, -2.688426561536517, 0.0 ], [ 120.386300318405006, -2.688373454771067, 0.0 ], [ 120.386250635358579, -2.688710494593579, 0.0 ], [ 120.385989266291631, -2.688675022634129, 0.0 ], [ 120.385756926441104, -2.688641832254689, 0.0 ], [ 120.385946048471396, -2.687878213408794, 0.0 ], [ 120.386758004977992, -2.687965435956073, 0.0 ], [ 120.38695249955822, -2.687975519154861, 0.0 ] ] ] ] } },
{ "type": "Feature", "properties": { "OBJECTID": 3143, "WADMPR": "Sulawesi Selatan", "WADMKK": "Kab. Luwu Utara", "WADMKC": "Kec. Malangke", "WADMKD": "Desa Tingkara", "POKTAN": "Gapoktan Anugrah Tingkara", "K_POKTAN": "H. Amirsalim", "P_SID": "Universitas Negeri Makassar", "NO_HP_1": null, "NAMA_PEMIL": "Pemerintah Desa", "N_PETAK": "TKB033", "LUAS_HA": 0.22607005807, "PAKET": "Paket Sulawesi Selatan 13" }, "geometry": { "type": "MultiPolygon", "coordinates": [ [ [ [ 120.386250635358579, -2.688710494593579, 0.0 ], [ 120.386159965709908, -2.689325576014483, 0.0 ], [ 120.385871673638917, -2.689420408624926, 0.0 ], [ 120.385989266291631, -2.688675022634129, 0.0 ], [ 120.386250635358579, -2.688710494593579, 0.0 ] ] ] ] } },
{ "type": "Feature", "properties": { "OBJECTID": 3144, "WADMPR": "Sulawesi Selatan", "WADMKK": "Kab. Luwu Utara", "WADMKC": "Kec. Malangke", "WADMKD": "Desa Tingkara", "POKTAN": "Gapoktan Anugrah Tingkara", "K_POKTAN": "H. Amirsalim", "P_SID": "Universitas Negeri Makassar", "NO_HP_1": null, "NAMA_PEMIL": "Pemerintah Desa", "N_PETAK": "TKB034", "LUAS_HA": 0.85080782648999997, "PAKET": "Paket Sulawesi Selatan 13" }, "geometry": { "type": "MultiPolygon", "coordinates": [ [ [ [ 120.387078154633173, -2.688611250808549, 0.0 ], [ 120.38715002035724, -2.688984177177986, 0.0 ], [ 120.386574325644688, -2.689182674640676, 0.0 ], [ 120.386159965709908, -2.689325576014483, 0.0 ], [ 120.386250635358579, -2.688710494593579, 0.0 ], [ 120.386300318405006, -2.688373454771067, 0.0 ], [ 120.386827589122049, -2.688426561536517, 0.0 ], [ 120.386892075009314, -2.688225514495855, 0.0 ], [ 120.38695249955822, -2.687975519154861, 0.0 ], [ 120.386966461533007, -2.688046156404937, 0.0 ], [ 120.386980422608531, -2.68811679275575, 0.0 ], [ 120.386994384583204, -2.688187429106506, 0.0 ], [ 120.387008346557991, -2.688258067255958, 0.0 ], [ 120.387022307633401, -2.688328702707395, 0.0 ], [ 120.387036269608188, -2.688399340856847, 0.0 ], [ 120.387050231582975, -2.68846997720766, 0.0 ], [ 120.387064192658386, -2.688540613558416, 0.0 ], [ 120.387078154633173, -2.688611250808549, 0.0 ] ] ] ] } },
{ "type": "Feature", "properties": { "OBJECTID": 3145, "WADMPR": "Sulawesi Selatan", "WADMKK": "Kab. Luwu Utara", "WADMKC": "Kec. Malangke", "WADMKD": "Desa Tingkara", "POKTAN": "Gapoktan Anugrah Tingkara", "K_POKTAN": "H. Amirsalim", "P_SID": "Universitas Negeri Makassar", "NO_HP_1": null, "NAMA_PEMIL": "Pemerintah Desa", "N_PETAK": "TKB035", "LUAS_HA": 1.07205484448, "PAKET": "Paket Sulawesi Selatan 13" }, "geometry": { "type": "MultiPolygon", "coordinates": [ [ [ [ 120.389141508773719, -2.688752786112161, 0.0 ], [ 120.388625085679223, -2.688812827549896, 0.0 ], [ 120.387704732087741, -2.688926626862269, 0.0 ], [ 120.38715002035724, -2.688984177177986, 0.0 ], [ 120.387078154633173, -2.688611250808549, 0.0 ], [ 120.388513716334955, -2.688252068777899, 0.0 ], [ 120.388950006237906, -2.688552392878591, 0.0 ], [ 120.389141508773719, -2.688752786112161, 0.0 ] ] ] ] } },
{ "type": "Feature", "properties": { "OBJECTID": 3146, "WADMPR": "Sulawesi Selatan", "WADMKK": "Kab. Luwu Utara", "WADMKC": "Kec. Malangke", "WADMKD": "Desa Tingkara", "POKTAN": "Gapoktan Anugrah Tingkara", "K_POKTAN": "H. Amirsalim", "P_SID": "Universitas Negeri Makassar", "NO_HP_1": null, "NAMA_PEMIL": "Pemerintah Desa", "N_PETAK": "TKB036", "LUAS_HA": 0.22166353011000001, "PAKET": "Paket Sulawesi Selatan 13" }, "geometry": { "type": "MultiPolygon", "coordinates": [ [ [ [ 120.389262065591879, -2.688267953503214, 0.0 ], [ 120.388983256871825, -2.688570470151035, 0.0 ], [ 120.388954747463686, -2.688548836059908, 0.0 ], [ 120.38852580592129, -2.68824830331647, 0.0 ], [ 120.38859818695687, -2.688230155896917, 0.0 ], [ 120.388670569790975, -2.688212007578045, 0.0 ], [ 120.388742951725931, -2.688193861057812, 0.0 ], [ 120.38881533276151, -2.688175713638202, 0.0 ], [ 120.388887718293631, -2.688157566218649, 0.0 ], [ 120.388960099329211, -2.688139419698416, 0.0 ], [ 120.389032482163429, -2.688121272278863, 0.0 ], [ 120.389104864997535, -2.688103124859254, 0.0 ], [ 120.389177245133851, -2.688084977439701, 0.0 ], [ 120.389262065591879, -2.688267953503214, 0.0 ] ] ] ] } },
{ "type": "Feature", "properties": { "OBJECTID": 3147, "WADMPR": "Sulawesi Selatan", "WADMKK": "Kab. Luwu Utara", "WADMKC": "Kec. Malangke", "WADMKD": "Desa Tingkara", "POKTAN": "Gapoktan Anugrah Tingkara", "K_POKTAN": "H. Amirsalim", "P_SID": "Universitas Negeri Makassar", "NO_HP_1": null, "NAMA_PEMIL": "Pemerintah Desa", "N_PETAK": "TKB037", "LUAS_HA": 0.44938040672000001, "PAKET": "Paket Sulawesi Selatan 13" }, "geometry": { "type": "MultiPolygon", "coordinates": [ [ [ [ 120.38703527226005, -2.684717176456502, 0.0 ], [ 120.387107345727486, -2.68425059828644, 0.0 ], [ 120.387106989595964, -2.684194884386386, 0.0 ], [ 120.387701117712481, -2.684285922757056, 0.0 ], [ 120.387761810259349, -2.684881473601081, 0.0 ], [ 120.387247816233753, -2.684759139722473, 0.0 ], [ 120.38703527226005, -2.684717176456502, 0.0 ] ] ] ] } },
{ "type": "Feature", "properties": { "OBJECTID": 3148, "WADMPR": "Sulawesi Selatan", "WADMKK": "Kab. Luwu Utara", "WADMKC": "Kec. Malangke", "WADMKD": "Desa Tingkara", "POKTAN": "Gapoktan Anugrah Tingkara", "K_POKTAN": "H. Amirsalim", "P_SID": "Universitas Negeri Makassar", "NO_HP_1": null, "NAMA_PEMIL": "Pemerintah Desa", "N_PETAK": "TKB039", "LUAS_HA": 0.68906572897999996, "PAKET": "Paket Sulawesi Selatan 13" }, "geometry": { "type": "MultiPolygon", "coordinates": [ [ [ [ 120.390080531391504, -2.687935860851269, 0.0 ], [ 120.390166829435657, -2.688398644781557, 0.0 ], [ 120.390185203484407, -2.688531529506406, 0.0 ], [ 120.389456887525398, -2.688706020466441, 0.0 ], [ 120.389262065591879, -2.688267953503214, 0.0 ], [ 120.389177245133851, -2.688084977439701, 0.0 ], [ 120.390065773516653, -2.687866810005232, 0.0 ], [ 120.390080531391504, -2.687935860851269, 0.0 ] ] ] ] } },
{ "type": "Feature", "properties": { "OBJECTID": 3149, "WADMPR": "Sulawesi Selatan", "WADMKK": "Kab. Luwu Utara", "WADMKC": "Kec. Malangke", "WADMKD": "Desa Tingkara", "POKTAN": "Gapoktan Anugrah Tingkara", "K_POKTAN": "H. Amirsalim", "P_SID": "Universitas Negeri Makassar", "NO_HP_1": null, "NAMA_PEMIL": "Pemerintah Desa", "N_PETAK": "TKB040", "LUAS_HA": 1.13527519045, "PAKET": "Paket Sulawesi Selatan 13" }, "geometry": { "type": "MultiPolygon", "coordinates": [ [ [ [ 120.390185203484407, -2.688531529506406, 0.0 ], [ 120.390429516908739, -2.689349818139533, 0.0 ], [ 120.39041932219402, -2.689934699426772, 0.0 ], [ 120.388983256871825, -2.688570470151035, 0.0 ], [ 120.389262065591879, -2.688267953503214, 0.0 ], [ 120.389456887525398, -2.688706020466441, 0.0 ], [ 120.390185203484407, -2.688531529506406, 0.0 ] ] ] ] } },
{ "type": "Feature", "properties": { "OBJECTID": 3150, "WADMPR": "Sulawesi Selatan", "WADMKK": "Kab. Luwu Utara", "WADMKC": "Kec. Malangke", "WADMKD": "Desa Tingkara", "POKTAN": "Gapoktan Anugrah Tingkara", "K_POKTAN": "H. Amirsalim", "P_SID": "Universitas Negeri Makassar", "NO_HP_1": null, "NAMA_PEMIL": "Pemerintah Desa", "N_PETAK": "TKB041", "LUAS_HA": 0.49217733312, "PAKET": "Paket Sulawesi Selatan 13" }, "geometry": { "type": "MultiPolygon", "coordinates": [ [ [ [ 120.389151407611394, -2.689558212641373, 0.0 ], [ 120.388804793606369, -2.689600887271069, 0.0 ], [ 120.388675346989771, -2.689613216077021, 0.0 ], [ 120.388650690277245, -2.689221556829352, 0.0 ], [ 120.388625085679223, -2.688812827549896, 0.0 ], [ 120.389141508773719, -2.688752786112161, 0.0 ], [ 120.389149510941252, -2.689512693455981, 0.0 ], [ 120.389151407611394, -2.689558212641373, 0.0 ] ] ] ] } },
{ "type": "Feature", "properties": { "OBJECTID": 3151, "WADMPR": "Sulawesi Selatan", "WADMKK": "Kab. Luwu Utara", "WADMKC": "Kec. Malangke", "WADMKD": "Desa Tingkara", "POKTAN": "Gapoktan Anugrah Tingkara", "K_POKTAN": "H. Amirsalim", "P_SID": "Universitas Negeri Makassar", "NO_HP_1": null, "NAMA_PEMIL": "Pemerintah Desa", "N_PETAK": "TKB042", "LUAS_HA": 1.56330652742, "PAKET": "Paket Sulawesi Selatan 13" }, "geometry": { "type": "MultiPolygon", "coordinates": [ [ [ [ 120.390406993388069, -2.689947027333403, 0.0 ], [ 120.390317850788279, -2.690039015388209, 0.0 ], [ 120.390381388790161, -2.690241957300429, 0.0 ], [ 120.389832780758297, -2.690450589223246, 0.0 ], [ 120.38953879957603, -2.69052645513176, 0.0 ], [ 120.389349608297834, -2.690484729286766, 0.0 ], [ 120.389243394766936, -2.689991597733979, 0.0 ], [ 120.389099249630704, -2.689877798421605, 0.0 ], [ 120.389076489588433, -2.689756413327757, 0.0 ], [ 120.389151407611394, -2.689558212641373, 0.0 ], [ 120.389141508773719, -2.688752786112161, 0.0 ], [ 120.390406993388069, -2.689947027333403, 0.0 ] ] ] ] } },
{ "type": "Feature", "properties": { "OBJECTID": 3152, "WADMPR": "Sulawesi Selatan", "WADMKK": "Kab. Luwu Utara", "WADMKC": "Kec. Malangke", "WADMKD": "Desa Tingkara", "POKTAN": "Gapoktan Anugrah Tingkara", "K_POKTAN": "H. Amirsalim", "P_SID": "Universitas Negeri Makassar", "NO_HP_1": null, "NAMA_PEMIL": "Pemerintah Desa", "N_PETAK": "TKB043", "LUAS_HA": 0.36549562165, "PAKET": "Paket Sulawesi Selatan 13" }, "geometry": { "type": "MultiPolygon", "coordinates": [ [ [ [ 120.389349608297834, -2.690484729286766, 0.0 ], [ 120.388975492125269, -2.690485678071525, 0.0 ], [ 120.388804793606369, -2.689600887271069, 0.0 ], [ 120.389151407611394, -2.689558212641373, 0.0 ], [ 120.389076489588433, -2.689756413327757, 0.0 ], [ 120.389099249630704, -2.689877798421605, 0.0 ], [ 120.389243394766936, -2.689991597733979, 0.0 ], [ 120.389349608297834, -2.690484729286766, 0.0 ] ] ] ] } },
{ "type": "Feature", "properties": { "OBJECTID": 3153, "WADMPR": "Sulawesi Selatan", "WADMKK": "Kab. Luwu Utara", "WADMKC": "Kec. Malangke", "WADMKD": "Desa Tingkara", "POKTAN": "Gapoktan Anugrah Tingkara", "K_POKTAN": "H. Amirsalim", "P_SID": "Universitas Negeri Makassar", "NO_HP_1": null, "NAMA_PEMIL": "Pemerintah Desa", "N_PETAK": "TKB044", "LUAS_HA": 0.47435390303000002, "PAKET": "Paket Sulawesi Selatan 13" }, "geometry": { "type": "MultiPolygon", "coordinates": [ [ [ [ 120.388650690277245, -2.689221556829352, 0.0 ], [ 120.387712319667912, -2.68934389070796, 0.0 ], [ 120.387704732087741, -2.688926626862269, 0.0 ], [ 120.388625085679223, -2.688812827549896, 0.0 ], [ 120.388650690277245, -2.689221556829352, 0.0 ] ] ] ] } },
{ "type": "Feature", "properties": { "OBJECTID": 3154, "WADMPR": "Sulawesi Selatan", "WADMKK": "Kab. Luwu Utara", "WADMKC": "Kec. Malangke", "WADMKD": "Desa Tingkara", "POKTAN": "Gapoktan Anugrah Tingkara", "K_POKTAN": "H. Amirsalim", "P_SID": "Universitas Negeri Makassar", "NO_HP_1": null, "NAMA_PEMIL": "Pemerintah Desa", "N_PETAK": "TKB045", "LUAS_HA": 0.49376466922000001, "PAKET": "Paket Sulawesi Selatan 13" }, "geometry": { "type": "MultiPolygon", "coordinates": [ [ [ [ 120.388675346989771, -2.689613216077021, 0.0 ], [ 120.388293645035787, -2.689683391075619, 0.0 ], [ 120.38773887305058, -2.689810467978646, 0.0 ], [ 120.387712319667912, -2.68934389070796, 0.0 ], [ 120.388650690277245, -2.689221556829352, 0.0 ], [ 120.388675346989771, -2.689613216077021, 0.0 ] ] ] ] } },
{ "type": "Feature", "properties": { "OBJECTID": 3155, "WADMPR": "Sulawesi Selatan", "WADMKK": "Kab. Luwu Utara", "WADMKC": "Kec. Malangke", "WADMKD": "Desa Tingkara", "POKTAN": "Gapoktan Anugrah Tingkara", "K_POKTAN": "H. Amirsalim", "P_SID": "Universitas Negeri Makassar", "NO_HP_1": null, "NAMA_PEMIL": "Pemerintah Desa", "N_PETAK": "TKB046", "LUAS_HA": 0.55943419321, "PAKET": "Paket Sulawesi Selatan 13" }, "geometry": { "type": "MultiPolygon", "coordinates": [ [ [ [ 120.387712319667912, -2.68934389070796, 0.0 ], [ 120.38773887305058, -2.689810467978646, 0.0 ], [ 120.387442994298794, -2.689922370620877, 0.0 ], [ 120.387332988326762, -2.689962199795616, 0.0 ], [ 120.38715002035724, -2.688984177177986, 0.0 ], [ 120.387704732087741, -2.688926626862269, 0.0 ], [ 120.387712319667912, -2.68934389070796, 0.0 ] ] ] ] } },
{ "type": "Feature", "properties": { "OBJECTID": 3156, "WADMPR": "Sulawesi Selatan", "WADMKK": "Kab. Luwu Utara", "WADMKC": "Kec. Malangke", "WADMKD": "Desa Tingkara", "POKTAN": "Gapoktan Anugrah Tingkara", "K_POKTAN": "H. Amirsalim", "P_SID": "Universitas Negeri Makassar", "NO_HP_1": null, "NAMA_PEMIL": "Pemerintah Desa", "N_PETAK": "TKB047", "LUAS_HA": 0.6075844188, "PAKET": "Paket Sulawesi Selatan 13" }, "geometry": { "type": "MultiPolygon", "coordinates": [ [ [ [ 120.387332988326762, -2.689962199795616, 0.0 ], [ 120.386968830347314, -2.690100656719892, 0.0 ], [ 120.386574325644688, -2.689182674640676, 0.0 ], [ 120.38715002035724, -2.688984177177986, 0.0 ], [ 120.387332988326762, -2.689962199795616, 0.0 ] ] ] ] } },
{ "type": "Feature", "properties": { "OBJECTID": 3157, "WADMPR": "Sulawesi Selatan", "WADMKK": "Kab. Luwu Utara", "WADMKC": "Kec. Malangke", "WADMKD": "Desa Tingkara", "POKTAN": "Gapoktan Anugrah Tingkara", "K_POKTAN": "H. Amirsalim", "P_SID": "Universitas Negeri Makassar", "NO_HP_1": null, "NAMA_PEMIL": "Pemerintah Desa", "N_PETAK": "TKB048", "LUAS_HA": 1.5198099492699999, "PAKET": "Paket Sulawesi Selatan 13" }, "geometry": { "type": "MultiPolygon", "coordinates": [ [ [ [ 120.38851365697974, -2.690965532033601, 0.0 ], [ 120.388528830341329, -2.691103988058558, 0.0 ], [ 120.387701887532103, -2.691278479917855, 0.0 ], [ 120.387623177068008, -2.690886819770867, 0.0 ], [ 120.387442994298794, -2.689922370620877, 0.0 ], [ 120.38773887305058, -2.689810467978646, 0.0 ], [ 120.388293645035787, -2.689683391075619, 0.0 ], [ 120.38851365697974, -2.690965532033601, 0.0 ] ] ] ] } },
{ "type": "Feature", "properties": { "OBJECTID": 3158, "WADMPR": "Sulawesi Selatan", "WADMKK": "Kab. Luwu Utara", "WADMKC": "Kec. Malangke", "WADMKD": "Desa Tingkara", "POKTAN": "Gapoktan Anugrah Tingkara", "K_POKTAN": "H. Amirsalim", "P_SID": "Universitas Negeri Makassar", "NO_HP_1": null, "NAMA_PEMIL": "Pemerintah Desa", "N_PETAK": "TKB049", "LUAS_HA": 2.0171368591299998, "PAKET": "Paket Sulawesi Selatan 13" }, "geometry": { "type": "MultiPolygon", "coordinates": [ [ [ [ 120.389349608297834, -2.690484729286766, 0.0 ], [ 120.38953879957603, -2.69052645513176, 0.0 ], [ 120.389832780758297, -2.690450589223246, 0.0 ], [ 120.390201680862901, -2.691166576376361, 0.0 ], [ 120.389818556181467, -2.691287251005804, 0.0 ], [ 120.389082653541664, -2.691519354334673, 0.0 ], [ 120.388805741491865, -2.690901044347697, 0.0 ], [ 120.38851365697974, -2.690965532033601, 0.0 ], [ 120.388293645035787, -2.689683391075619, 0.0 ], [ 120.388675346989771, -2.689613216077021, 0.0 ], [ 120.388804793606369, -2.689600887271069, 0.0 ], [ 120.388975492125269, -2.690485678071525, 0.0 ], [ 120.389349608297834, -2.690484729286766, 0.0 ] ] ] ] } },
{ "type": "Feature", "properties": { "OBJECTID": 3159, "WADMPR": "Sulawesi Selatan", "WADMKK": "Kab. Luwu Utara", "WADMKC": "Kec. Malangke", "WADMKD": "Desa Tingkara", "POKTAN": "Gapoktan Anugrah Tingkara", "K_POKTAN": "H. Amirsalim", "P_SID": "Universitas Negeri Makassar", "NO_HP_1": null, "NAMA_PEMIL": "Pemerintah Desa", "N_PETAK": "TKB050", "LUAS_HA": 1.5420738506, "PAKET": "Paket Sulawesi Selatan 13" }, "geometry": { "type": "MultiPolygon", "coordinates": [ [ [ [ 120.38851365697974, -2.690965532033601, 0.0 ], [ 120.388805741491865, -2.690901044347697, 0.0 ], [ 120.389082653541664, -2.691519354334673, 0.0 ], [ 120.388998252167653, -2.691554444082271, 0.0 ], [ 120.387884914856954, -2.692002053751708, 0.0 ], [ 120.387809048948498, -2.691747902643556, 0.0 ], [ 120.38736902506048, -2.691918601162456, 0.0 ], [ 120.387175565599932, -2.69101579334415, 0.0 ], [ 120.387623177068008, -2.690886819770867, 0.0 ], [ 120.387701887532103, -2.691278479917855, 0.0 ], [ 120.388528830341329, -2.691103988058558, 0.0 ], [ 120.38851365697974, -2.690965532033601, 0.0 ] ] ] ] } },
{ "type": "Feature", "properties": { "OBJECTID": 3160, "WADMPR": "Sulawesi Selatan", "WADMKK": "Kab. Luwu Utara", "WADMKC": "Kec. Malangke", "WADMKD": "Desa Tingkara", "POKTAN": "Gapoktan Anugrah Tingkara", "K_POKTAN": "H. Amirsalim", "P_SID": "Universitas Negeri Makassar", "NO_HP_1": null, "NAMA_PEMIL": "Pemerintah Desa", "N_PETAK": "TKB051", "LUAS_HA": 0.63403639473999995, "PAKET": "Paket Sulawesi Selatan 13" }, "geometry": { "type": "MultiPolygon", "coordinates": [ [ [ [ 120.39009451944662, -2.691892048679051, 0.0 ], [ 120.38949138282112, -2.692127233984593, 0.0 ], [ 120.388998252167653, -2.691554444082271, 0.0 ], [ 120.389818556181467, -2.691287251005804, 0.0 ], [ 120.39009451944662, -2.691892048679051, 0.0 ] ] ] ] } },
{ "type": "Feature", "properties": { "OBJECTID": 3161, "WADMPR": "Sulawesi Selatan", "WADMKK": "Kab. Luwu Utara", "WADMKC": "Kec. Malangke", "WADMKD": "Desa Tingkara", "POKTAN": "Gapoktan Anugrah Tingkara", "K_POKTAN": "H. Amirsalim", "P_SID": "Universitas Negeri Makassar", "NO_HP_1": null, "NAMA_PEMIL": "Pemerintah Desa", "N_PETAK": "TKB052", "LUAS_HA": 0.5446178241, "PAKET": "Paket Sulawesi Selatan 13" }, "geometry": { "type": "MultiPolygon", "coordinates": [ [ [ [ 120.390634355491216, -2.691839179334636, 0.0 ], [ 120.390273990852052, -2.692309549945719, 0.0 ], [ 120.39009451944662, -2.691892048679051, 0.0 ], [ 120.389818556181467, -2.691287251005804, 0.0 ], [ 120.390201680862901, -2.691166576376361, 0.0 ], [ 120.390634355491216, -2.691839179334636, 0.0 ] ] ] ] } },
{ "type": "Feature", "properties": { "OBJECTID": 3162, "WADMPR": "Sulawesi Selatan", "WADMKK": "Kab. Luwu Utara", "WADMKC": "Kec. Malangke", "WADMKD": "Desa Tingkara", "POKTAN": "Gapoktan Anugrah Tingkara", "K_POKTAN": "H. Amirsalim", "P_SID": "Universitas Negeri Makassar", "NO_HP_1": null, "NAMA_PEMIL": "Pemerintah Desa", "N_PETAK": "TKB053", "LUAS_HA": 0.45756810326000003, "PAKET": "Paket Sulawesi Selatan 13" }, "geometry": { "type": "MultiPolygon", "coordinates": [ [ [ [ 120.390273990852052, -2.692309549945719, 0.0 ], [ 120.389921212893682, -2.692802680599186, 0.0 ], [ 120.38949138282112, -2.692127233984593, 0.0 ], [ 120.39009451944662, -2.691892048679051, 0.0 ], [ 120.390273990852052, -2.692309549945719, 0.0 ] ] ] ] } },
{ "type": "Feature", "properties": { "OBJECTID": 3163, "WADMPR": "Sulawesi Selatan", "WADMKK": "Kab. Luwu Utara", "WADMKC": "Kec. Malangke", "WADMKD": "Desa Tingkara", "POKTAN": "Gapoktan Anugrah Tingkara", "K_POKTAN": "H. Amirsalim", "P_SID": "Universitas Negeri Makassar", "NO_HP_1": null, "NAMA_PEMIL": "Pemerintah Desa", "N_PETAK": "TKB054", "LUAS_HA": 0.92887855504000005, "PAKET": "Paket Sulawesi Selatan 13" }, "geometry": { "type": "MultiPolygon", "coordinates": [ [ [ [ 120.390596422087242, -2.690735324475611, 0.0 ], [ 120.390795571558442, -2.691185780499325, 0.0 ], [ 120.39088850749863, -2.691421914589625, 0.0 ], [ 120.390634355491216, -2.691839179334636, 0.0 ], [ 120.390201680862901, -2.691166576376361, 0.0 ], [ 120.389832780758297, -2.690450589223246, 0.0 ], [ 120.390381388790161, -2.690241957300429, 0.0 ], [ 120.390596422087242, -2.690735324475611, 0.0 ] ] ] ] } },
{ "type": "Feature", "properties": { "OBJECTID": 3164, "WADMPR": "Sulawesi Selatan", "WADMKK": "Kab. Luwu Utara", "WADMKC": "Kec. Malangke", "WADMKD": "Desa Tingkara", "POKTAN": "Gapoktan Anugrah Tingkara", "K_POKTAN": "H. Amirsalim", "P_SID": "Universitas Negeri Makassar", "NO_HP_1": null, "NAMA_PEMIL": "Pemerintah Desa", "N_PETAK": "TKB055", "LUAS_HA": 0.23887133398, "PAKET": "Paket Sulawesi Selatan 13" }, "geometry": { "type": "MultiPolygon", "coordinates": [ [ [ [ 120.39087997203319, -2.690392029868235, 0.0 ], [ 120.390596422087242, -2.690735324475611, 0.0 ], [ 120.390381388790161, -2.690241957300429, 0.0 ], [ 120.390317850788279, -2.690039015388209, 0.0 ], [ 120.390406993388069, -2.689947027333403, 0.0 ], [ 120.39087997203319, -2.690392029868235, 0.0 ] ] ] ] } },
{ "type": "Feature", "properties": { "OBJECTID": 3165, "WADMPR": "Sulawesi Selatan", "WADMKK": "Kab. Luwu Utara", "WADMKC": "Kec. Malangke", "WADMKD": "Desa Tingkara", "POKTAN": "Gapoktan Anugrah Tingkara", "K_POKTAN": "H. Amirsalim", "P_SID": "Universitas Negeri Makassar", "NO_HP_1": null, "NAMA_PEMIL": "Pemerintah Desa", "N_PETAK": "TKB056", "LUAS_HA": 0.26487823347, "PAKET": "Paket Sulawesi Selatan 13" }, "geometry": { "type": "MultiPolygon", "coordinates": [ [ [ [ 120.391149297402194, -2.690640491865167, 0.0 ], [ 120.390795571558442, -2.691185780499325, 0.0 ], [ 120.390596422087242, -2.690735324475611, 0.0 ], [ 120.39087997203319, -2.690392029868235, 0.0 ], [ 120.391149297402194, -2.690640491865167, 0.0 ] ] ] ] } },
{ "type": "Feature", "properties": { "OBJECTID": 3166, "WADMPR": "Sulawesi Selatan", "WADMKK": "Kab. Luwu Utara", "WADMKC": "Kec. Malangke", "WADMKD": "Desa Tingkara", "POKTAN": "Gapoktan Anugrah Tingkara", "K_POKTAN": "H. Amirsalim", "P_SID": "Universitas Negeri Makassar", "NO_HP_1": null, "NAMA_PEMIL": "Pemerintah Desa", "N_PETAK": "TKB057", "LUAS_HA": 0.19066573429, "PAKET": "Paket Sulawesi Selatan 13" }, "geometry": { "type": "MultiPolygon", "coordinates": [ [ [ [ 120.391319521978403, -2.69080502643078, 0.0 ], [ 120.39088850749863, -2.691421914589625, 0.0 ], [ 120.390795571558442, -2.691185780499325, 0.0 ], [ 120.391149297402194, -2.690640491865167, 0.0 ], [ 120.391319521978403, -2.69080502643078, 0.0 ] ] ] ] } },
{ "type": "Feature", "properties": { "OBJECTID": 3167, "WADMPR": "Sulawesi Selatan", "WADMKK": "Kab. Luwu Utara", "WADMKC": "Kec. Malangke", "WADMKD": "Desa Tingkara", "POKTAN": "Gapoktan Anugrah Tingkara", "K_POKTAN": "H. Amirsalim", "P_SID": "Universitas Negeri Makassar", "NO_HP_1": null, "NAMA_PEMIL": "Pemerintah Desa", "N_PETAK": "TKB058", "LUAS_HA": 0.2150240541, "PAKET": "Paket Sulawesi Selatan 13" }, "geometry": { "type": "MultiPolygon", "coordinates": [ [ [ [ 120.391731096712761, -2.69017818277689, 0.0 ], [ 120.391329954114099, -2.690784163058652, 0.0 ], [ 120.391158306810439, -2.690628638800604, 0.0 ], [ 120.391586950677265, -2.689971446624895, 0.0 ], [ 120.391731096712761, -2.69017818277689, 0.0 ] ] ] ] } },
{ "type": "Feature", "properties": { "OBJECTID": 3168, "WADMPR": "Sulawesi Selatan", "WADMKK": "Kab. Luwu Utara", "WADMKC": "Kec. Malangke", "WADMKD": "Desa Tingkara", "POKTAN": "Gapoktan Anugrah Tingkara", "K_POKTAN": "H. Amirsalim", "P_SID": "Universitas Negeri Makassar", "NO_HP_1": null, "NAMA_PEMIL": "Pemerintah Desa", "N_PETAK": "TKB059", "LUAS_HA": 0.4776573544, "PAKET": "Paket Sulawesi Selatan 13" }, "geometry": { "type": "MultiPolygon", "coordinates": [ [ [ [ 120.391478367432796, -2.689831568771808, 0.0 ], [ 120.391586950677265, -2.689971446624895, 0.0 ], [ 120.391158306810439, -2.690628638800604, 0.0 ], [ 120.390889930226194, -2.690369744667919, 0.0 ], [ 120.391067267540393, -2.690112748104809, 0.0 ], [ 120.390925018175153, -2.689830146044358, 0.0 ], [ 120.391237966059293, -2.689583580717624, 0.0 ], [ 120.391478367432796, -2.689831568771808, 0.0 ] ] ] ] } },
{ "type": "Feature", "properties": { "OBJECTID": 3169, "WADMPR": "Sulawesi Selatan", "WADMKK": "Kab. Luwu Utara", "WADMKC": "Kec. Malangke", "WADMKD": "Desa Tingkara", "POKTAN": "Gapoktan Anugrah Tingkara", "K_POKTAN": "H. Amirsalim", "P_SID": "Universitas Negeri Makassar", "NO_HP_1": null, "NAMA_PEMIL": "Pemerintah Desa", "N_PETAK": "TKB060", "LUAS_HA": 0.69409216011999997, "PAKET": "Paket Sulawesi Selatan 13" }, "geometry": { "type": "MultiPolygon", "coordinates": [ [ [ [ 120.391237966059293, -2.689583580717624, 0.0 ], [ 120.390925018175153, -2.689830146044358, 0.0 ], [ 120.391067267540393, -2.690112748104809, 0.0 ], [ 120.390889930226194, -2.690369744667919, 0.0 ], [ 120.39041932219402, -2.689934699426772, 0.0 ], [ 120.390429516908739, -2.689349818139533, 0.0 ], [ 120.391061102687786, -2.689277744672154, 0.0 ], [ 120.391237966059293, -2.689583580717624, 0.0 ] ] ] ] } },
{ "type": "Feature", "properties": { "OBJECTID": 3170, "WADMPR": "Sulawesi Selatan", "WADMKK": "Kab. Luwu Utara", "WADMKC": "Kec. Malangke", "WADMKD": "Desa Tingkara", "POKTAN": "Gapoktan Anugrah Tingkara", "K_POKTAN": "H. Amirsalim", "P_SID": "Universitas Negeri Makassar", "NO_HP_1": null, "NAMA_PEMIL": "Pemerintah Desa", "N_PETAK": "TKB061", "LUAS_HA": 1.04028278201, "PAKET": "Paket Sulawesi Selatan 13" }, "geometry": { "type": "MultiPolygon", "coordinates": [ [ [ [ 120.391188177792287, -2.688830134103341, 0.0 ], [ 120.391210938733934, -2.689270157991359, 0.0 ], [ 120.391061102687786, -2.689277744672154, 0.0 ], [ 120.390429516908739, -2.689349818139533, 0.0 ], [ 120.390185203484407, -2.688531529506406, 0.0 ], [ 120.390166829435657, -2.688398644781557, 0.0 ], [ 120.391135072825364, -2.688340795890952, 0.0 ], [ 120.391188177792287, -2.688830134103341, 0.0 ] ] ] ] } },
{ "type": "Feature", "properties": { "OBJECTID": 3171, "WADMPR": "Sulawesi Selatan", "WADMKK": "Kab. Luwu Utara", "WADMKC": "Kec. Malangke", "WADMKD": "Desa Tingkara", "POKTAN": "Gapoktan Anugrah Tingkara", "K_POKTAN": "H. Amirsalim", "P_SID": "Universitas Negeri Makassar", "NO_HP_1": null, "NAMA_PEMIL": "Pemerintah Desa", "N_PETAK": "TKB062", "LUAS_HA": 0.55002313695000005, "PAKET": "Paket Sulawesi Selatan 13" }, "geometry": { "type": "MultiPolygon", "coordinates": [ [ [ [ 120.391135072825364, -2.688340795890952, 0.0 ], [ 120.390166829435657, -2.688398644781557, 0.0 ], [ 120.390080531391504, -2.687935860851269, 0.0 ], [ 120.390248386254029, -2.687941550861808, 0.0 ], [ 120.390938026868525, -2.687874268982284, 0.0 ], [ 120.391003436359597, -2.687870177966317, 0.0 ], [ 120.391026785457825, -2.687868719265907, 0.0 ], [ 120.391072957551046, -2.688050608948402, 0.0 ], [ 120.391135072825364, -2.688340795890952, 0.0 ] ] ] ] } },
{ "type": "Feature", "properties": { "OBJECTID": 3172, "WADMPR": "Sulawesi Selatan", "WADMKK": "Kab. Luwu Utara", "WADMKC": "Kec. Malangke", "WADMKD": "Desa Tingkara", "POKTAN": "Gapoktan Anugrah Tingkara", "K_POKTAN": "H. Amirsalim", "P_SID": "Universitas Negeri Makassar", "NO_HP_1": null, "NAMA_PEMIL": "Pemerintah Desa", "N_PETAK": "TKB065", "LUAS_HA": 0.54995327835999996, "PAKET": "Paket Sulawesi Selatan 13" }, "geometry": { "type": "MultiPolygon", "coordinates": [ [ [ [ 120.392058744015912, -2.688374936853791, 0.0 ], [ 120.392109954111106, -2.688858584156264, 0.0 ], [ 120.391188177792287, -2.688830134103341, 0.0 ], [ 120.391135072825364, -2.688340795890952, 0.0 ], [ 120.392058744015912, -2.688374936853791, 0.0 ] ] ] ] } },
{ "type": "Feature", "properties": { "OBJECTID": 3173, "WADMPR": "Sulawesi Selatan", "WADMKK": "Kab. Luwu Utara", "WADMKC": "Kec. Malangke", "WADMKD": "Desa Tingkara", "POKTAN": "Gapoktan Anugrah Tingkara", "K_POKTAN": "H. Amirsalim", "P_SID": "Universitas Negeri Makassar", "NO_HP_1": null, "NAMA_PEMIL": "Pemerintah Desa", "N_PETAK": "TKB066", "LUAS_HA": 0.3458118785, "PAKET": "Paket Sulawesi Selatan 13" }, "geometry": { "type": "MultiPolygon", "coordinates": [ [ [ [ 120.392058744015912, -2.688374936853791, 0.0 ], [ 120.391135072825364, -2.688340795890952, 0.0 ], [ 120.391071534823482, -2.688043496210355, 0.0 ], [ 120.391984774777598, -2.688056298958998, 0.0 ], [ 120.392058744015912, -2.688374936853791, 0.0 ] ] ] ] } },
{ "type": "Feature", "properties": { "OBJECTID": 3174, "WADMPR": "Sulawesi Selatan", "WADMKK": "Kab. Luwu Utara", "WADMKC": "Kec. Malangke", "WADMKD": "Desa Tingkara", "POKTAN": "Gapoktan Anugrah Tingkara", "K_POKTAN": "H. Amirsalim", "P_SID": "Universitas Negeri Makassar", "NO_HP_1": null, "NAMA_PEMIL": "Pemerintah Desa", "N_PETAK": "TKB067", "LUAS_HA": 0.52296587104000003, "PAKET": "Paket Sulawesi Selatan 13" }, "geometry": { "type": "MultiPolygon", "coordinates": [ [ [ [ 120.392109954111106, -2.688858584156264, 0.0 ], [ 120.392119911404848, -2.688892723320464, 0.0 ], [ 120.392173966055793, -2.689322315972049, 0.0 ], [ 120.391210938733934, -2.689270157991359, 0.0 ], [ 120.391188177792287, -2.688830134103341, 0.0 ], [ 120.392109954111106, -2.688858584156264, 0.0 ] ] ] ] } },
{ "type": "Feature", "properties": { "OBJECTID": 3175, "WADMPR": "Sulawesi Selatan", "WADMKK": "Kab. Luwu Utara", "WADMKC": "Kec. Malangke", "WADMKD": "Desa Tingkara", "POKTAN": "Gapoktan Anugrah Tingkara", "K_POKTAN": "H. Amirsalim", "P_SID": "Universitas Negeri Makassar", "NO_HP_1": null, "NAMA_PEMIL": "Pemerintah Desa", "N_PETAK": "TKB068", "LUAS_HA": 1.0356648211, "PAKET": "Paket Sulawesi Selatan 13" }, "geometry": { "type": "MultiPolygon", "coordinates": [ [ [ [ 120.393068358018354, -2.688909792452932, 0.0 ], [ 120.392173966055793, -2.689322315972049, 0.0 ], [ 120.392119911404848, -2.688892723320464, 0.0 ], [ 120.392109954111106, -2.688858584156264, 0.0 ], [ 120.392058744015912, -2.688374936853791, 0.0 ], [ 120.39290334861073, -2.688044918937806, 0.0 ], [ 120.393068358018354, -2.688909792452932, 0.0 ] ] ] ] } },
{ "type": "Feature", "properties": { "OBJECTID": 3176, "WADMPR": "Sulawesi Selatan", "WADMKK": "Kab. Luwu Utara", "WADMKC": "Kec. Malangke", "WADMKD": "Desa Tingkara", "POKTAN": "Gapoktan Anugrah Tingkara", "K_POKTAN": "H. Amirsalim", "P_SID": "Universitas Negeri Makassar", "NO_HP_1": null, "NAMA_PEMIL": "Pemerintah Desa", "N_PETAK": "TKB069", "LUAS_HA": 0.39501561136000002, "PAKET": "Paket Sulawesi Selatan 13" }, "geometry": { "type": "MultiPolygon", "coordinates": [ [ [ [ 120.392173966055793, -2.689322315972049, 0.0 ], [ 120.391478367432796, -2.689831568771808, 0.0 ], [ 120.391237966059293, -2.689583580717624, 0.0 ], [ 120.391061102687786, -2.689277744672154, 0.0 ], [ 120.391210938733934, -2.689270157991359, 0.0 ], [ 120.392173966055793, -2.689322315972049, 0.0 ] ] ] ] } },
{ "type": "Feature", "properties": { "OBJECTID": 3177, "WADMPR": "Sulawesi Selatan", "WADMKK": "Kab. Luwu Utara", "WADMKC": "Kec. Malangke", "WADMKD": "Desa Tingkara", "POKTAN": "Gapoktan Anugrah Tingkara", "K_POKTAN": "H. Amirsalim", "P_SID": "Universitas Negeri Makassar", "NO_HP_1": null, "NAMA_PEMIL": "Pemerintah Desa", "N_PETAK": "TKB070", "LUAS_HA": 1.34772014487, "PAKET": "Paket Sulawesi Selatan 13" }, "geometry": { "type": "MultiPolygon", "coordinates": [ [ [ [ 120.392849293959785, -2.690238401381066, 0.0 ], [ 120.392303057440245, -2.690961027329479, 0.0 ], [ 120.391731096712761, -2.69017818277689, 0.0 ], [ 120.391586950677265, -2.689971446624895, 0.0 ], [ 120.391478367432796, -2.689831568771808, 0.0 ], [ 120.392173966055793, -2.689322315972049, 0.0 ], [ 120.392849293959785, -2.690238401381066, 0.0 ] ] ] ] } },
{ "type": "Feature", "properties": { "OBJECTID": 3178, "WADMPR": "Sulawesi Selatan", "WADMKK": "Kab. Luwu Utara", "WADMKC": "Kec. Malangke", "WADMKD": "Desa Tingkara", "POKTAN": "Gapoktan Anugrah Tingkara", "K_POKTAN": "H. Amirsalim", "P_SID": "Universitas Negeri Makassar", "NO_HP_1": null, "NAMA_PEMIL": "Pemerintah Desa", "N_PETAK": "TKB071", "LUAS_HA": 1.1338662538, "PAKET": "Paket Sulawesi Selatan 13" }, "geometry": { "type": "MultiPolygon", "coordinates": [ [ [ [ 120.393532090733515, -2.689504394512142, 0.0 ], [ 120.392849293959785, -2.690238401381066, 0.0 ], [ 120.392173966055793, -2.689322315972049, 0.0 ], [ 120.393068358018354, -2.688909792452932, 0.0 ], [ 120.393532090733515, -2.689504394512142, 0.0 ] ] ] ] } },
{ "type": "Feature", "properties": { "OBJECTID": 3179, "WADMPR": "Sulawesi Selatan", "WADMKK": "Kab. Luwu Utara", "WADMKC": "Kec. Malangke", "WADMKD": "Desa Tingkara", "POKTAN": "Gapoktan Anugrah Tingkara", "K_POKTAN": "H. Amirsalim", "P_SID": "Universitas Negeri Makassar", "NO_HP_1": null, "NAMA_PEMIL": "Pemerintah Desa", "N_PETAK": "TKB072", "LUAS_HA": 0.79490595469000003, "PAKET": "Paket Sulawesi Selatan 13" }, "geometry": { "type": "MultiPolygon", "coordinates": [ [ [ [ 120.392303057440245, -2.690961027329479, 0.0 ], [ 120.392329373401935, -2.691123191282202, 0.0 ], [ 120.392073324724265, -2.691515799314629, 0.0 ], [ 120.391329954114099, -2.690784163058652, 0.0 ], [ 120.391731096712761, -2.69017818277689, 0.0 ], [ 120.392303057440245, -2.690961027329479, 0.0 ] ] ] ] } },
{ "type": "Feature", "properties": { "OBJECTID": 3180, "WADMPR": "Sulawesi Selatan", "WADMKK": "Kab. Luwu Utara", "WADMKC": "Kec. Malangke", "WADMKD": "Desa Tingkara", "POKTAN": "Gapoktan Anugrah Tingkara", "K_POKTAN": "H. Amirsalim", "P_SID": "Universitas Negeri Makassar", "NO_HP_1": null, "NAMA_PEMIL": "Pemerintah Desa", "N_PETAK": "TKB073", "LUAS_HA": 1.5363990566400001, "PAKET": "Paket Sulawesi Selatan 13" }, "geometry": { "type": "MultiPolygon", "coordinates": [ [ [ [ 120.392039184660689, -2.691584078542348, 0.0 ], [ 120.39137345881818, -2.692574133189623, 0.0 ], [ 120.390634355491216, -2.691839179334636, 0.0 ], [ 120.391319521978403, -2.69080502643078, 0.0 ], [ 120.392039184660689, -2.691584078542348, 0.0 ] ] ] ] } },
{ "type": "Feature", "properties": { "OBJECTID": 3181, "WADMPR": "Sulawesi Selatan", "WADMKK": "Kab. Luwu Utara", "WADMKC": "Kec. Malangke", "WADMKD": "Desa Tingkara", "POKTAN": "Gapoktan Anugrah Tingkara", "K_POKTAN": "H. Amirsalim", "P_SID": "Universitas Negeri Makassar", "NO_HP_1": null, "NAMA_PEMIL": "Pemerintah Desa", "N_PETAK": "TKB074", "LUAS_HA": 1.2365132779300001, "PAKET": "Paket Sulawesi Selatan 13" }, "geometry": { "type": "MultiPolygon", "coordinates": [ [ [ [ 120.392618138516355, -2.692158766014188, 0.0 ], [ 120.39188555617352, -2.693251239952701, 0.0 ], [ 120.39137345881818, -2.692574133189623, 0.0 ], [ 120.392039184660689, -2.691584078542348, 0.0 ], [ 120.392618138516355, -2.692158766014188, 0.0 ] ] ] ] } },
{ "type": "Feature", "properties": { "OBJECTID": 3182, "WADMPR": "Sulawesi Selatan", "WADMKK": "Kab. Luwu Utara", "WADMKC": "Kec. Malangke", "WADMKD": "Desa Tingkara", "POKTAN": "Gapoktan Anugrah Tingkara", "K_POKTAN": "H. Amirsalim", "P_SID": "Universitas Negeri Makassar", "NO_HP_1": null, "NAMA_PEMIL": "Pemerintah Desa", "N_PETAK": "TKB075", "LUAS_HA": 0.39241307531000003, "PAKET": "Paket Sulawesi Selatan 13" }, "geometry": { "type": "MultiPolygon", "coordinates": [ [ [ [ 120.392464272608208, -2.691321510679131, 0.0 ], [ 120.392714631275226, -2.691706531131445, 0.0 ], [ 120.392807330693813, -2.691854351796849, 0.0 ], [ 120.392636631275536, -2.692127469606987, 0.0 ], [ 120.392073324724265, -2.691515799314629, 0.0 ], [ 120.392329373401935, -2.691123191282202, 0.0 ], [ 120.392464272608208, -2.691321510679131, 0.0 ] ] ] ] } },
{ "type": "Feature", "properties": { "OBJECTID": 3183, "WADMPR": "Sulawesi Selatan", "WADMKK": "Kab. Luwu Utara", "WADMKC": "Kec. Malangke", "WADMKD": "Desa Tingkara", "POKTAN": "Gapoktan Anugrah Tingkara", "K_POKTAN": "H. Amirsalim", "P_SID": "Universitas Negeri Makassar", "NO_HP_1": null, "NAMA_PEMIL": "Pemerintah Desa", "N_PETAK": "TKB076", "LUAS_HA": 1.4637517875499999, "PAKET": "Paket Sulawesi Selatan 13" }, "geometry": { "type": "MultiPolygon", "coordinates": [ [ [ [ 120.39137345881818, -2.692574133189623, 0.0 ], [ 120.390599622774403, -2.693475993122547, 0.0 ], [ 120.389921212893682, -2.692802680599186, 0.0 ], [ 120.390273990852052, -2.692309549945719, 0.0 ], [ 120.390634355491216, -2.691839179334636, 0.0 ], [ 120.39137345881818, -2.692574133189623, 0.0 ] ] ] ] } },
{ "type": "Feature", "properties": { "OBJECTID": 3184, "WADMPR": "Sulawesi Selatan", "WADMKK": "Kab. Luwu Utara", "WADMKC": "Kec. Malangke", "WADMKD": "Desa Tingkara", "POKTAN": "Gapoktan Anugrah Tingkara", "K_POKTAN": "H. Amirsalim", "P_SID": "Universitas Negeri Makassar", "NO_HP_1": null, "NAMA_PEMIL": "Pemerintah Desa", "N_PETAK": "TKB077", "LUAS_HA": 2.0274018896600001, "PAKET": "Paket Sulawesi Selatan 13" }, "geometry": { "type": "MultiPolygon", "coordinates": [ [ [ [ 120.39188555617352, -2.693251239952701, 0.0 ], [ 120.390710577531195, -2.694764771077303, 0.0 ], [ 120.39016149555664, -2.694062059716259, 0.0 ], [ 120.390599622774403, -2.693475993122547, 0.0 ], [ 120.39137345881818, -2.692574133189623, 0.0 ], [ 120.39188555617352, -2.693251239952701, 0.0 ] ] ] ] } },
{ "type": "Feature", "properties": { "OBJECTID": 3185, "WADMPR": "Sulawesi Selatan", "WADMKK": "Kab. Luwu Utara", "WADMKC": "Kec. Malangke", "WADMKD": "Desa Tingkara", "POKTAN": "Gapoktan Anugrah Tingkara", "K_POKTAN": "H. Amirsalim", "P_SID": "Universitas Negeri Makassar", "NO_HP_1": null, "NAMA_PEMIL": "Pemerintah Desa", "N_PETAK": "TKB078", "LUAS_HA": 1.2801351112399999, "PAKET": "Paket Sulawesi Selatan 13" }, "geometry": { "type": "MultiPolygon", "coordinates": [ [ [ [ 120.393157264096544, -2.692747676264219, 0.0 ], [ 120.392804485238912, -2.693231324466012, 0.0 ], [ 120.392258248719259, -2.693922655805864, 0.0 ], [ 120.39188555617352, -2.693251239952701, 0.0 ], [ 120.392618138516355, -2.692158766014188, 0.0 ], [ 120.393157264096544, -2.692747676264219, 0.0 ] ] ] ] } },
{ "type": "Feature", "properties": { "OBJECTID": 3186, "WADMPR": "Sulawesi Selatan", "WADMKK": "Kab. Luwu Utara", "WADMKC": "Kec. Malangke", "WADMKD": "Desa Tingkara", "POKTAN": "Gapoktan Anugrah Tingkara", "K_POKTAN": "H. Amirsalim", "P_SID": "Universitas Negeri Makassar", "NO_HP_1": null, "NAMA_PEMIL": "Pemerintah Desa", "N_PETAK": "TKB079", "LUAS_HA": 0.33258246334000002, "PAKET": "Paket Sulawesi Selatan 13" }, "geometry": { "type": "MultiPolygon", "coordinates": [ [ [ [ 120.393487282012529, -2.693037865904728, 0.0 ], [ 120.393091829424407, -2.693558497826359, 0.0 ], [ 120.392804485238912, -2.693231324466012, 0.0 ], [ 120.393157264096544, -2.692747676264219, 0.0 ], [ 120.393487282012529, -2.693037865904728, 0.0 ] ] ] ] } },
{ "type": "Feature", "properties": { "OBJECTID": 3187, "WADMPR": "Sulawesi Selatan", "WADMKK": "Kab. Luwu Utara", "WADMKC": "Kec. Malangke", "WADMKD": "Desa Tingkara", "POKTAN": "Gapoktan Anugrah Tingkara", "K_POKTAN": "H. Amirsalim", "P_SID": "Universitas Negeri Makassar", "NO_HP_1": null, "NAMA_PEMIL": "Pemerintah Desa", "N_PETAK": "TKB080", "LUAS_HA": 0.49907630392000002, "PAKET": "Paket Sulawesi Selatan 13" }, "geometry": { "type": "MultiPolygon", "coordinates": [ [ [ [ 120.393091829424407, -2.693558497826359, 0.0 ], [ 120.392565506592973, -2.694309572928375, 0.0 ], [ 120.392258248719259, -2.693922655805864, 0.0 ], [ 120.392804485238912, -2.693231324466012, 0.0 ], [ 120.393091829424407, -2.693558497826359, 0.0 ] ] ] ] } },
{ "type": "Feature", "properties": { "OBJECTID": 3188, "WADMPR": "Sulawesi Selatan", "WADMKK": "Kab. Luwu Utara", "WADMKC": "Kec. Malangke", "WADMKD": "Desa Tingkara", "POKTAN": "Gapoktan Anugrah Tingkara", "K_POKTAN": "H. Amirsalim", "P_SID": "Universitas Negeri Makassar", "NO_HP_1": null, "NAMA_PEMIL": "Pemerintah Desa", "N_PETAK": "TKB081", "LUAS_HA": 0.85079229531, "PAKET": "Paket Sulawesi Selatan 13" }, "geometry": { "type": "MultiPolygon", "coordinates": [ [ [ [ 120.393845749981438, -2.693308139159228, 0.0 ], [ 120.393409400723272, -2.693880692539892, 0.0 ], [ 120.392855695334106, -2.694596917113984, 0.0 ], [ 120.392565506592973, -2.694309572928375, 0.0 ], [ 120.393091829424407, -2.693558497826359, 0.0 ], [ 120.393487282012529, -2.693037865904728, 0.0 ], [ 120.393694966049907, -2.693214253534904, 0.0 ], [ 120.393845749981438, -2.693308139159228, 0.0 ] ] ] ] } },
{ "type": "Feature", "properties": { "OBJECTID": 3189, "WADMPR": "Sulawesi Selatan", "WADMKK": "Kab. Luwu Utara", "WADMKC": "Kec. Malangke", "WADMKD": "Desa Tingkara", "POKTAN": "Gapoktan Anugrah Tingkara", "K_POKTAN": "H. Amirsalim", "P_SID": "Universitas Negeri Makassar", "NO_HP_1": null, "NAMA_PEMIL": "Pemerintah Desa", "N_PETAK": "TKB082", "LUAS_HA": 0.31066574501, "PAKET": "Paket Sulawesi Selatan 13" }, "geometry": { "type": "MultiPolygon", "coordinates": [ [ [ [ 120.393052236771382, -2.692120001636738, 0.0 ], [ 120.393321561241123, -2.692402604596452, 0.0 ], [ 120.393379172710752, -2.692463179332208, 0.0 ], [ 120.393194248715645, -2.692713537999339, 0.0 ], [ 120.392636631275536, -2.692127469606987, 0.0 ], [ 120.392807330693813, -2.691854351796849, 0.0 ], [ 120.393052236771382, -2.692120001636738, 0.0 ] ] ] ] } },
{ "type": "Feature", "properties": { "OBJECTID": 3190, "WADMPR": "Sulawesi Selatan", "WADMKK": "Kab. Luwu Utara", "WADMKC": "Kec. Malangke", "WADMKD": "Desa Tingkara", "POKTAN": "Gapoktan Anugrah Tingkara", "K_POKTAN": "H. Amirsalim", "P_SID": "Universitas Negeri Makassar", "NO_HP_1": null, "NAMA_PEMIL": "Pemerintah Desa", "N_PETAK": "TKB083", "LUAS_HA": 0.15380578973, "PAKET": "Paket Sulawesi Selatan 13" }, "geometry": { "type": "MultiPolygon", "coordinates": [ [ [ [ 120.393680740573814, -2.692798887258789, 0.0 ], [ 120.393512886610438, -2.69300088128557, 0.0 ], [ 120.393194248715645, -2.692713537999339, 0.0 ], [ 120.393379172710752, -2.692463179332208, 0.0 ], [ 120.393680740573814, -2.692798887258789, 0.0 ] ] ] ] } },
{ "type": "Feature", "properties": { "OBJECTID": 3191, "WADMPR": "Sulawesi Selatan", "WADMKK": "Kab. Luwu Utara", "WADMKC": "Kec. Malangke", "WADMKD": "Desa Tingkara", "POKTAN": "Gapoktan Anugrah Tingkara", "K_POKTAN": "H. Amirsalim", "P_SID": "Universitas Negeri Makassar", "NO_HP_1": null, "NAMA_PEMIL": "Pemerintah Desa", "N_PETAK": "TKB084", "LUAS_HA": 0.13802888476, "PAKET": "Paket Sulawesi Selatan 13" }, "geometry": { "type": "MultiPolygon", "coordinates": [ [ [ [ 120.394007913934161, -2.693128904275454, 0.0 ], [ 120.39387135457946, -2.693279688206985, 0.0 ], [ 120.393755421175797, -2.6932199435455, 0.0 ], [ 120.393512886610438, -2.69300088128557, 0.0 ], [ 120.393680740573814, -2.692798887258789, 0.0 ], [ 120.394007913934161, -2.693128904275454, 0.0 ] ] ] ] } },
{ "type": "Feature", "properties": { "OBJECTID": 3192, "WADMPR": "Sulawesi Selatan", "WADMKK": "Kab. Luwu Utara", "WADMKC": "Kec. Malangke", "WADMKD": "Desa Tingkara", "POKTAN": "Gapoktan Anugrah Tingkara", "K_POKTAN": "H. Amirsalim", "P_SID": "Universitas Negeri Makassar", "NO_HP_1": null, "NAMA_PEMIL": "Pemerintah Desa", "N_PETAK": "TKB085", "LUAS_HA": 0.08363323027, "PAKET": "Paket Sulawesi Selatan 13" }, "geometry": { "type": "MultiPolygon", "coordinates": [ [ [ [ 120.394254716681871, -2.693535737784032, 0.0 ], [ 120.39387135457946, -2.693279688206985, 0.0 ], [ 120.394007913934161, -2.693128904275454, 0.0 ], [ 120.394314461343356, -2.693458923090759, 0.0 ], [ 120.394254716681871, -2.693535737784032, 0.0 ] ] ] ] } },
{ "type": "Feature", "properties": { "OBJECTID": 3193, "WADMPR": "Sulawesi Selatan", "WADMKK": "Kab. Luwu Utara", "WADMKC": "Kec. Malangke", "WADMKD": "Desa Tingkara", "POKTAN": "Gapoktan Anugrah Tingkara", "K_POKTAN": "H. Amirsalim", "P_SID": "Universitas Negeri Makassar", "NO_HP_1": null, "NAMA_PEMIL": "Pemerintah Desa", "N_PETAK": "TKB086", "LUAS_HA": 0.41761601094, "PAKET": "Paket Sulawesi Selatan 13" }, "geometry": { "type": "MultiPolygon", "coordinates": [ [ [ [ 120.394244758488867, -2.693552807815763, 0.0 ], [ 120.39376111118645, -2.694154521713756, 0.0 ], [ 120.393409400723272, -2.693880692539892, 0.0 ], [ 120.393845749981438, -2.693308139159228, 0.0 ], [ 120.394244758488867, -2.693552807815763, 0.0 ] ] ] ] } },
{ "type": "Feature", "properties": { "OBJECTID": 3194, "WADMPR": "Sulawesi Selatan", "WADMKK": "Kab. Luwu Utara", "WADMKC": "Kec. Malangke", "WADMKD": "Desa Tingkara", "POKTAN": "Gapoktan Anugrah Tingkara", "K_POKTAN": "H. Amirsalim", "P_SID": "Universitas Negeri Makassar", "NO_HP_1": null, "NAMA_PEMIL": "Pemerintah Desa", "N_PETAK": "TKB087", "LUAS_HA": 0.52735185369000004, "PAKET": "Paket Sulawesi Selatan 13" }, "geometry": { "type": "MultiPolygon", "coordinates": [ [ [ [ 120.39376111118645, -2.694154521713756, 0.0 ], [ 120.393143749084857, -2.694957873507008, 0.0 ], [ 120.392855695334106, -2.694596917113984, 0.0 ], [ 120.393409400723272, -2.693880692539892, 0.0 ], [ 120.39376111118645, -2.694154521713756, 0.0 ] ] ] ] } },
{ "type": "Feature", "properties": { "OBJECTID": 3195, "WADMPR": "Sulawesi Selatan", "WADMKK": "Kab. Luwu Utara", "WADMKC": "Kec. Malangke", "WADMKD": "Desa Tingkara", "POKTAN": "Gapoktan Anugrah Tingkara", "K_POKTAN": "H. Amirsalim", "P_SID": "Universitas Negeri Makassar", "NO_HP_1": null, "NAMA_PEMIL": "Pemerintah Desa", "N_PETAK": "TKB088", "LUAS_HA": 0.48086076327, "PAKET": "Paket Sulawesi Selatan 13" }, "geometry": { "type": "MultiPolygon", "coordinates": [ [ [ [ 120.394406923340853, -2.693659849622293, 0.0 ], [ 120.393293112087463, -2.695136397027056, 0.0 ], [ 120.393143749084857, -2.694957873507008, 0.0 ], [ 120.39376111118645, -2.694154521713756, 0.0 ], [ 120.394244758488867, -2.693552807815763, 0.0 ], [ 120.394406923340853, -2.693659849622293, 0.0 ] ] ] ] } },
{ "type": "Feature", "properties": { "OBJECTID": 3196, "WADMPR": "Sulawesi Selatan", "WADMKK": "Kab. Luwu Utara", "WADMKC": "Kec. Malangke", "WADMKD": "Desa Tingkara", "POKTAN": "Gapoktan Anugrah Tingkara", "K_POKTAN": "H. Amirsalim", "P_SID": "Universitas Negeri Makassar", "NO_HP_1": null, "NAMA_PEMIL": "Pemerintah Desa", "N_PETAK": "TKB089", "LUAS_HA": 0.55459951254999995, "PAKET": "Paket Sulawesi Selatan 13" }, "geometry": { "type": "MultiPolygon", "coordinates": [ [ [ [ 120.394614606478967, -2.693798543068283, 0.0 ], [ 120.39447235801299, -2.694003382550022, 0.0 ], [ 120.394091130001698, -2.694492719863092, 0.0 ], [ 120.393445318746558, -2.695283625039224, 0.0 ], [ 120.393293112087463, -2.695136397027056, 0.0 ], [ 120.394406923340853, -2.693659849622293, 0.0 ], [ 120.394614606478967, -2.693798543068283, 0.0 ] ] ] ] } },
{ "type": "Feature", "properties": { "OBJECTID": 3197, "WADMPR": "Sulawesi Selatan", "WADMKK": "Kab. Luwu Utara", "WADMKC": "Kec. Malangke", "WADMKD": "Desa Tingkara", "POKTAN": "Gapoktan Anugrah Tingkara", "K_POKTAN": "H. Amirsalim", "P_SID": "Universitas Negeri Makassar", "NO_HP_1": null, "NAMA_PEMIL": "Pemerintah Desa", "N_PETAK": "TKB090", "LUAS_HA": 2.2050879836499999, "PAKET": "Paket Sulawesi Selatan 13" }, "geometry": { "type": "MultiPolygon", "coordinates": [ [ [ [ 120.395194983961346, -2.695044646393285, 0.0 ], [ 120.394449597970606, -2.696250919644172, 0.0 ], [ 120.393266084762104, -2.695533982807035, 0.0 ], [ 120.393445318746558, -2.695283625039224, 0.0 ], [ 120.394091130001698, -2.694492719863092, 0.0 ], [ 120.395194983961346, -2.695044646393285, 0.0 ] ] ] ] } },
{ "type": "Feature", "properties": { "OBJECTID": 3198, "WADMPR": "Sulawesi Selatan", "WADMKK": "Kab. Luwu Utara", "WADMKC": "Kec. Malangke", "WADMKD": "Desa Tingkara", "POKTAN": "Gapoktan Anugrah Tingkara", "K_POKTAN": "H. Amirsalim", "P_SID": "Universitas Negeri Makassar", "NO_HP_1": null, "NAMA_PEMIL": "Pemerintah Desa", "N_PETAK": "TKB091", "LUAS_HA": 1.4640473465399999, "PAKET": "Paket Sulawesi Selatan 13" }, "geometry": { "type": "MultiPolygon", "coordinates": [ [ [ [ 120.396227713238432, -2.694802822292388, 0.0 ], [ 120.395809500608038, -2.695269399563074, 0.0 ], [ 120.395194983961346, -2.695044646393285, 0.0 ], [ 120.394091130001698, -2.694492719863092, 0.0 ], [ 120.39447235801299, -2.694003382550022, 0.0 ], [ 120.396227713238432, -2.694802822292388, 0.0 ] ] ] ] } },
{ "type": "Feature", "properties": { "OBJECTID": 3199, "WADMPR": "Sulawesi Selatan", "WADMKK": "Kab. Luwu Utara", "WADMKC": "Kec. Malangke", "WADMKD": "Desa Tingkara", "POKTAN": "Gapoktan Anugrah Tingkara", "K_POKTAN": "H. Amirsalim", "P_SID": "Universitas Negeri Makassar", "NO_HP_1": null, "NAMA_PEMIL": "Pemerintah Desa", "N_PETAK": "TKB092", "LUAS_HA": 0.29097171375999997, "PAKET": "Paket Sulawesi Selatan 13" }, "geometry": { "type": "MultiPolygon", "coordinates": [ [ [ [ 120.396227713238432, -2.694802822292388, 0.0 ], [ 120.39447235801299, -2.694003382550022, 0.0 ], [ 120.394614606478967, -2.693798543068283, 0.0 ], [ 120.396227713238432, -2.694802822292388, 0.0 ] ] ] ] } },
{ "type": "Feature", "properties": { "OBJECTID": 3200, "WADMPR": "Sulawesi Selatan", "WADMKK": "Kab. Luwu Utara", "WADMKC": "Kec. Malangke", "WADMKD": "Desa Tingkara", "POKTAN": "Gapoktan Anugrah Tingkara", "K_POKTAN": "H. Amirsalim", "P_SID": "Universitas Negeri Makassar", "NO_HP_1": null, "NAMA_PEMIL": "Pemerintah Desa", "N_PETAK": "TKB093", "LUAS_HA": 0.76183041378000005, "PAKET": "Paket Sulawesi Selatan 13" }, "geometry": { "type": "MultiPolygon", "coordinates": [ [ [ [ 120.397190739660914, -2.695397423452278, 0.0 ], [ 120.396803822538459, -2.695755892320506, 0.0 ], [ 120.39656484389252, -2.695635455112097, 0.0 ], [ 120.395809500608038, -2.695269399563074, 0.0 ], [ 120.396227713238432, -2.694802822292388, 0.0 ], [ 120.397190739660914, -2.695397423452278, 0.0 ] ] ] ] } },
{ "type": "Feature", "properties": { "OBJECTID": 3201, "WADMPR": "Sulawesi Selatan", "WADMKK": "Kab. Luwu Utara", "WADMKC": "Kec. Malangke", "WADMKD": "Desa Tingkara", "POKTAN": "Gapoktan Anugrah Tingkara", "K_POKTAN": "H. Amirsalim", "P_SID": "Universitas Negeri Makassar", "NO_HP_1": null, "NAMA_PEMIL": "Pemerintah Desa", "N_PETAK": "TKB094", "LUAS_HA": 1.95309206927, "PAKET": "Paket Sulawesi Selatan 13" }, "geometry": { "type": "MultiPolygon", "coordinates": [ [ [ [ 120.395809500608038, -2.695269399563074, 0.0 ], [ 120.395857390406263, -2.695295953845118, 0.0 ], [ 120.395502715777752, -2.696205400458837, 0.0 ], [ 120.395339603939647, -2.696548694166836, 0.0 ], [ 120.395100625293708, -2.697001047760125, 0.0 ], [ 120.394197816576025, -2.696598955477384, 0.0 ], [ 120.394449597970606, -2.696250919644172, 0.0 ], [ 120.395194983961346, -2.695044646393285, 0.0 ], [ 120.395809500608038, -2.695269399563074, 0.0 ] ] ] ] } },
{ "type": "Feature", "properties": { "OBJECTID": 3202, "WADMPR": "Sulawesi Selatan", "WADMKK": "Kab. Luwu Utara", "WADMKC": "Kec. Malangke", "WADMKD": "Desa Tingkara", "POKTAN": "Gapoktan Anugrah Tingkara", "K_POKTAN": "H. Amirsalim", "P_SID": "Universitas Negeri Makassar", "NO_HP_1": null, "NAMA_PEMIL": "Pemerintah Desa", "N_PETAK": "TKB095", "LUAS_HA": 0.87350193333000004, "PAKET": "Paket Sulawesi Selatan 13" }, "geometry": { "type": "MultiPolygon", "coordinates": [ [ [ [ 120.39656484389252, -2.695635455112097, 0.0 ], [ 120.396105852403252, -2.696500330425863, 0.0 ], [ 120.395502715777752, -2.696205400458837, 0.0 ], [ 120.395857390406263, -2.695295953845118, 0.0 ], [ 120.39656484389252, -2.695635455112097, 0.0 ] ] ] ] } },
{ "type": "Feature", "properties": { "OBJECTID": 3203, "WADMPR": "Sulawesi Selatan", "WADMKK": "Kab. Luwu Utara", "WADMKC": "Kec. Malangke", "WADMKD": "Desa Tingkara", "POKTAN": "Gapoktan Anugrah Tingkara", "K_POKTAN": "H. Amirsalim", "P_SID": "Universitas Negeri Makassar", "NO_HP_1": null, "NAMA_PEMIL": "Pemerintah Desa", "N_PETAK": "TKB096", "LUAS_HA": 0.35180784270999998, "PAKET": "Paket Sulawesi Selatan 13" }, "geometry": { "type": "MultiPolygon", "coordinates": [ [ [ [ 120.396105852403252, -2.696500330425863, 0.0 ], [ 120.395885840459187, -2.696928026407249, 0.0 ], [ 120.395339603939647, -2.696548694166836, 0.0 ], [ 120.395502715777752, -2.696205400458837, 0.0 ], [ 120.396105852403252, -2.696500330425863, 0.0 ] ] ] ] } },
{ "type": "Feature", "properties": { "OBJECTID": 3204, "WADMPR": "Sulawesi Selatan", "WADMKK": "Kab. Luwu Utara", "WADMKC": "Kec. Malangke", "WADMKD": "Desa Tingkara", "POKTAN": "Gapoktan Anugrah Tingkara", "K_POKTAN": "H. Amirsalim", "P_SID": "Universitas Negeri Makassar", "NO_HP_1": null, "NAMA_PEMIL": "Pemerintah Desa", "N_PETAK": "TKB097", "LUAS_HA": 2.2553556208800001, "PAKET": "Paket Sulawesi Selatan 13" }, "geometry": { "type": "MultiPolygon", "coordinates": [ [ [ [ 120.396803822538459, -2.695755892320506, 0.0 ], [ 120.397406959163845, -2.696112462719952, 0.0 ], [ 120.397255226447555, -2.696188330427049, 0.0 ], [ 120.396534497169341, -2.697827040885159, 0.0 ], [ 120.395631688451772, -2.697409777039525, 0.0 ], [ 120.395885840459187, -2.696928026407249, 0.0 ], [ 120.39656484389252, -2.695635455112097, 0.0 ], [ 120.396803822538459, -2.695755892320506, 0.0 ] ] ] ] } },
{ "type": "Feature", "properties": { "OBJECTID": 3205, "WADMPR": "Sulawesi Selatan", "WADMKK": "Kab. Luwu Utara", "WADMKC": "Kec. Malangke", "WADMKD": "Desa Tingkara", "POKTAN": "Gapoktan Anugrah Tingkara", "K_POKTAN": "H. Amirsalim", "P_SID": "Universitas Negeri Makassar", "NO_HP_1": null, "NAMA_PEMIL": "Pemerintah Desa", "N_PETAK": "TKB098", "LUAS_HA": 0.43135025903000002, "PAKET": "Paket Sulawesi Selatan 13" }, "geometry": { "type": "MultiPolygon", "coordinates": [ [ [ [ 120.397406959163845, -2.696112462719952, 0.0 ], [ 120.396803822538459, -2.695755892320506, 0.0 ], [ 120.397190739660914, -2.695397423452278, 0.0 ], [ 120.397691456995176, -2.695696147659021, 0.0 ], [ 120.397790082946017, -2.695741667743732, 0.0 ], [ 120.397406959163845, -2.696112462719952, 0.0 ] ] ] ] } },
{ "type": "Feature", "properties": { "OBJECTID": 3206, "WADMPR": "Sulawesi Selatan", "WADMKK": "Kab. Luwu Utara", "WADMKC": "Kec. Malangke", "WADMKD": "Desa Tingkara", "POKTAN": "Gapoktan Anugrah Tingkara", "K_POKTAN": "H. Amirsalim", "P_SID": "Universitas Negeri Makassar", "NO_HP_1": null, "NAMA_PEMIL": "Pemerintah Desa", "N_PETAK": "TKB099", "LUAS_HA": 0.24890966398, "PAKET": "Paket Sulawesi Selatan 13" }, "geometry": { "type": "MultiPolygon", "coordinates": [ [ [ [ 120.39820355435063, -2.695942712985754, 0.0 ], [ 120.397920952290178, -2.696335321018182, 0.0 ], [ 120.397799566296953, -2.696275576356697, 0.0 ], [ 120.397499895104147, -2.696138069116557, 0.0 ], [ 120.397850776392261, -2.69577770447745, 0.0 ], [ 120.39820355435063, -2.695942712985754, 0.0 ] ] ] ] } },
{ "type": "Feature", "properties": { "OBJECTID": 3207, "WADMPR": "Sulawesi Selatan", "WADMKK": "Kab. Luwu Utara", "WADMKC": "Kec. Malangke", "WADMKD": "Desa Tingkara", "POKTAN": "Gapoktan Anugrah Tingkara", "K_POKTAN": "H. Amirsalim", "P_SID": "Universitas Negeri Makassar", "NO_HP_1": null, "NAMA_PEMIL": "Pemerintah Desa", "N_PETAK": "TKB100", "LUAS_HA": 0.4692807589, "PAKET": "Paket Sulawesi Selatan 13" }, "geometry": { "type": "MultiPolygon", "coordinates": [ [ [ [ 120.397799566296953, -2.696275576356697, 0.0 ], [ 120.397424028296314, -2.697057946966652, 0.0 ], [ 120.397018144471872, -2.696921386712575, 0.0 ], [ 120.39734436904746, -2.696196864993283, 0.0 ], [ 120.397499895104147, -2.696138069116557, 0.0 ], [ 120.397799566296953, -2.696275576356697, 0.0 ] ] ] ] } },
{ "type": "Feature", "properties": { "OBJECTID": 3208, "WADMPR": "Sulawesi Selatan", "WADMKK": "Kab. Luwu Utara", "WADMKC": "Kec. Malangke", "WADMKD": "Desa Tingkara", "POKTAN": "Gapoktan Anugrah Tingkara", "K_POKTAN": "H. Amirsalim", "P_SID": "Universitas Negeri Makassar", "NO_HP_1": null, "NAMA_PEMIL": "Pemerintah Desa", "N_PETAK": "TKB101", "LUAS_HA": 0.56630511606, "PAKET": "Paket Sulawesi Selatan 13" }, "geometry": { "type": "MultiPolygon", "coordinates": [ [ [ [ 120.397424028296314, -2.697057946966652, 0.0 ], [ 120.397032369048702, -2.698041362818572, 0.0 ], [ 120.396611311862671, -2.69782514421496, 0.0 ], [ 120.397018144471872, -2.696921386712575, 0.0 ], [ 120.397424028296314, -2.697057946966652, 0.0 ] ] ] ] } },
{ "type": "Feature", "properties": { "OBJECTID": 3209, "WADMPR": "Sulawesi Selatan", "WADMKK": "Kab. Luwu Utara", "WADMKC": "Kec. Malangke", "WADMKD": "Desa Tingkara", "POKTAN": "Gapoktan Anugrah Tingkara", "K_POKTAN": "H. Amirsalim", "P_SID": "Universitas Negeri Makassar", "NO_HP_1": null, "NAMA_PEMIL": "Pemerintah Desa", "N_PETAK": "TKB102", "LUAS_HA": 0.5253664664, "PAKET": "Paket Sulawesi Selatan 13" }, "geometry": { "type": "MultiPolygon", "coordinates": [ [ [ [ 120.397920952290178, -2.696335321018182, 0.0 ], [ 120.398231055618794, -2.696489897390791, 0.0 ], [ 120.397840345155828, -2.697305461078145, 0.0 ], [ 120.397424028296314, -2.697057946966652, 0.0 ], [ 120.397799566296953, -2.696275576356697, 0.0 ], [ 120.397920952290178, -2.696335321018182, 0.0 ] ] ] ] } },
{ "type": "Feature", "properties": { "OBJECTID": 3210, "WADMPR": "Sulawesi Selatan", "WADMKK": "Kab. Luwu Utara", "WADMKC": "Kec. Malangke", "WADMKD": "Desa Tingkara", "POKTAN": "Gapoktan Anugrah Tingkara", "K_POKTAN": "H. Amirsalim", "P_SID": "Universitas Negeri Makassar", "NO_HP_1": null, "NAMA_PEMIL": "Pemerintah Desa", "N_PETAK": "TKB103", "LUAS_HA": 0.59580829781, "PAKET": "Paket Sulawesi Selatan 13" }, "geometry": { "type": "MultiPolygon", "coordinates": [ [ [ [ 120.397840345155828, -2.697305461078145, 0.0 ], [ 120.397415493730136, -2.698265168102978, 0.0 ], [ 120.397032369048702, -2.698041362818572, 0.0 ], [ 120.397424028296314, -2.697057946966652, 0.0 ], [ 120.397840345155828, -2.697305461078145, 0.0 ] ] ] ] } },
{ "type": "Feature", "properties": { "OBJECTID": 3211, "WADMPR": "Sulawesi Selatan", "WADMKK": "Kab. Luwu Utara", "WADMKC": "Kec. Malangke", "WADMKD": "Desa Tingkara", "POKTAN": "Gapoktan Anugrah Tingkara", "K_POKTAN": "H. Amirsalim", "P_SID": "Universitas Negeri Makassar", "NO_HP_1": null, "NAMA_PEMIL": "Pemerintah Desa", "N_PETAK": "TKB104", "LUAS_HA": 1.2318793830699999, "PAKET": "Paket Sulawesi Selatan 13" }, "geometry": { "type": "MultiPolygon", "coordinates": [ [ [ [ 120.398429256305235, -2.696577145119079, 0.0 ], [ 120.398733669623198, -2.696721290255311, 0.0 ], [ 120.398316405777564, -2.697540646383686, 0.0 ], [ 120.397853620947899, -2.698451040882787, 0.0 ], [ 120.397415493730136, -2.698265168102978, 0.0 ], [ 120.398231055618794, -2.696489897390791, 0.0 ], [ 120.398429256305235, -2.696577145119079, 0.0 ] ] ] ] } },
{ "type": "Feature", "properties": { "OBJECTID": 3212, "WADMPR": "Sulawesi Selatan", "WADMKK": "Kab. Luwu Utara", "WADMKC": "Kec. Malangke", "WADMKD": "Desa Tingkara", "POKTAN": "Gapoktan Anugrah Tingkara", "K_POKTAN": "H. Amirsalim", "P_SID": "Universitas Negeri Makassar", "NO_HP_1": null, "NAMA_PEMIL": "Pemerintah Desa", "N_PETAK": "TKB105", "LUAS_HA": 0.55913242273999997, "PAKET": "Paket Sulawesi Selatan 13" }, "geometry": { "type": "MultiPolygon", "coordinates": [ [ [ [ 120.399192660213203, -2.696967854682725, 0.0 ], [ 120.398748842085411, -2.697749277407183, 0.0 ], [ 120.398316405777564, -2.697540646383686, 0.0 ], [ 120.398733669623198, -2.696721290255311, 0.0 ], [ 120.399192660213203, -2.696967854682725, 0.0 ] ] ] ] } },
{ "type": "Feature", "properties": { "OBJECTID": 3213, "WADMPR": "Sulawesi Selatan", "WADMKK": "Kab. Luwu Utara", "WADMKC": "Kec. Malangke", "WADMKD": "Desa Tingkara", "POKTAN": "Gapoktan Anugrah Tingkara", "K_POKTAN": "H. Amirsalim", "P_SID": "Universitas Negeri Makassar", "NO_HP_1": null, "NAMA_PEMIL": "Pemerintah Desa", "N_PETAK": "TKB106", "LUAS_HA": 1.33941483816, "PAKET": "Paket Sulawesi Selatan 13" }, "geometry": { "type": "MultiPolygon", "coordinates": [ [ [ [ 120.400009170886619, -2.697358566944274, 0.0 ], [ 120.400133402334745, -2.697419260390518, 0.0 ], [ 120.399871663646422, -2.697927562606878, 0.0 ], [ 120.399647858362073, -2.698337241570414, 0.0 ], [ 120.399154727708606, -2.698086882003963, 0.0 ], [ 120.398703322900133, -2.697859283379159, 0.0 ], [ 120.398748842085411, -2.697749277407183, 0.0 ], [ 120.399192660213203, -2.696967854682725, 0.0 ], [ 120.400009170886619, -2.697358566944274, 0.0 ] ] ] ] } },
{ "type": "Feature", "properties": { "OBJECTID": 3214, "WADMPR": "Sulawesi Selatan", "WADMKK": "Kab. Luwu Utara", "WADMKC": "Kec. Malangke", "WADMKD": "Desa Tingkara", "POKTAN": "Gapoktan Anugrah Tingkara", "K_POKTAN": "H. Amirsalim", "P_SID": "Universitas Negeri Makassar", "NO_HP_1": null, "NAMA_PEMIL": "Pemerintah Desa", "N_PETAK": "TKB107", "LUAS_HA": 0.65135575533000001, "PAKET": "Paket Sulawesi Selatan 13" }, "geometry": { "type": "MultiPolygon", "coordinates": [ [ [ [ 120.398748842085411, -2.697749277407183, 0.0 ], [ 120.398703322900133, -2.697859283379159, 0.0 ], [ 120.398316405777564, -2.698720366251848, 0.0 ], [ 120.397853620947899, -2.698451040882787, 0.0 ], [ 120.398316405777564, -2.697540646383686, 0.0 ], [ 120.398748842085411, -2.697749277407183, 0.0 ] ] ] ] } },
{ "type": "Feature", "properties": { "OBJECTID": 3215, "WADMPR": "Sulawesi Selatan", "WADMKK": "Kab. Luwu Utara", "WADMKC": "Kec. Malangke", "WADMKD": "Desa Tingkara", "POKTAN": "Gapoktan Anugrah Tingkara", "K_POKTAN": "H. Amirsalim", "P_SID": "Universitas Negeri Makassar", "NO_HP_1": null, "NAMA_PEMIL": "Pemerintah Desa", "N_PETAK": "TKB108", "LUAS_HA": 0.5969870519, "PAKET": "Paket Sulawesi Selatan 13" }, "geometry": { "type": "MultiPolygon", "coordinates": [ [ [ [ 120.399154727708606, -2.698086882003963, 0.0 ], [ 120.398775396367455, -2.698963138238184, 0.0 ], [ 120.398316405777564, -2.698720366251848, 0.0 ], [ 120.398703322900133, -2.697859283379159, 0.0 ], [ 120.399154727708606, -2.698086882003963, 0.0 ] ] ] ] } },
{ "type": "Feature", "properties": { "OBJECTID": 3216, "WADMPR": "Sulawesi Selatan", "WADMKK": "Kab. Luwu Utara", "WADMKC": "Kec. Malangke", "WADMKD": "Desa Tingkara", "POKTAN": "Gapoktan Anugrah Tingkara", "K_POKTAN": "H. Amirsalim", "P_SID": "Universitas Negeri Makassar", "NO_HP_1": null, "NAMA_PEMIL": "Pemerintah Desa", "N_PETAK": "TKB109", "LUAS_HA": 0.65096720365000005, "PAKET": "Paket Sulawesi Selatan 13" }, "geometry": { "type": "MultiPolygon", "coordinates": [ [ [ [ 120.399647858362073, -2.698337241570414, 0.0 ], [ 120.399541645730437, -2.69859897935936, 0.0 ], [ 120.39927232036132, -2.699209703564918, 0.0 ], [ 120.398775396367455, -2.698963138238184, 0.0 ], [ 120.399154727708606, -2.698086882003963, 0.0 ], [ 120.399647858362073, -2.698337241570414, 0.0 ] ] ] ] } },
{ "type": "Feature", "properties": { "OBJECTID": 3217, "WADMPR": "Sulawesi Selatan", "WADMKK": "Kab. Luwu Utara", "WADMKC": "Kec. Malangke", "WADMKD": "Desa Tingkara", "POKTAN": "Gapoktan Anugrah Tingkara", "K_POKTAN": "H. Amirsalim", "P_SID": "Universitas Negeri Makassar", "NO_HP_1": null, "NAMA_PEMIL": "Pemerintah Desa", "N_PETAK": "TKB110", "LUAS_HA": 0.59664949048000004, "PAKET": "Paket Sulawesi Selatan 13" }, "geometry": { "type": "MultiPolygon", "coordinates": [ [ [ [ 120.400857924953357, -2.697753070747581, 0.0 ], [ 120.400592392924636, -2.698322067309505, 0.0 ], [ 120.399871663646422, -2.697927562606878, 0.0 ], [ 120.400133402334745, -2.697419260390518, 0.0 ], [ 120.400857924953357, -2.697753070747581, 0.0 ] ] ] ] } },
{ "type": "Feature", "properties": { "OBJECTID": 3218, "WADMPR": "Sulawesi Selatan", "WADMKK": "Kab. Luwu Utara", "WADMKC": "Kec. Malangke", "WADMKD": "Desa Tingkara", "POKTAN": "Gapoktan Anugrah Tingkara", "K_POKTAN": "H. Amirsalim", "P_SID": "Universitas Negeri Makassar", "NO_HP_1": null, "NAMA_PEMIL": "Pemerintah Desa", "N_PETAK": "TKB111", "LUAS_HA": 0.44543178257, "PAKET": "Paket Sulawesi Selatan 13" }, "geometry": { "type": "MultiPolygon", "coordinates": [ [ [ [ 120.400592392924636, -2.698322067309505, 0.0 ], [ 120.400395140123692, -2.698686226188329, 0.0 ], [ 120.399647858362073, -2.698337241570414, 0.0 ], [ 120.399871663646422, -2.697927562606878, 0.0 ], [ 120.400592392924636, -2.698322067309505, 0.0 ] ] ] ] } },
{ "type": "Feature", "properties": { "OBJECTID": 3219, "WADMPR": "Sulawesi Selatan", "WADMKK": "Kab. Luwu Utara", "WADMKC": "Kec. Malangke", "WADMKD": "Desa Tingkara", "POKTAN": "Gapoktan Anugrah Tingkara", "K_POKTAN": "H. Amirsalim", "P_SID": "Universitas Negeri Makassar", "NO_HP_1": null, "NAMA_PEMIL": "Pemerintah Desa", "N_PETAK": "TKB112", "LUAS_HA": 0.31051376788000001, "PAKET": "Paket Sulawesi Selatan 13" }, "geometry": { "type": "MultiPolygon", "coordinates": [ [ [ [ 120.400395140123692, -2.698686226188329, 0.0 ], [ 120.400258658110602, -2.698991450694848, 0.0 ], [ 120.399541645730437, -2.69859897935936, 0.0 ], [ 120.399647858362073, -2.698337241570414, 0.0 ], [ 120.400395140123692, -2.698686226188329, 0.0 ] ] ] ] } },
{ "type": "Feature", "properties": { "OBJECTID": 3220, "WADMPR": "Sulawesi Selatan", "WADMKK": "Kab. Luwu Utara", "WADMKC": "Kec. Malangke", "WADMKD": "Desa Tingkara", "POKTAN": "Gapoktan Anugrah Tingkara", "K_POKTAN": "H. Amirsalim", "P_SID": "Universitas Negeri Makassar", "NO_HP_1": null, "NAMA_PEMIL": "Pemerintah Desa", "N_PETAK": "TKB113", "LUAS_HA": 0.67729349857, "PAKET": "Paket Sulawesi Selatan 13" }, "geometry": { "type": "MultiPolygon", "coordinates": [ [ [ [ 120.400258658110602, -2.698991450694848, 0.0 ], [ 120.399977876278058, -2.699619379830494, 0.0 ], [ 120.39927232036132, -2.699209703564918, 0.0 ], [ 120.399541645730437, -2.69859897935936, 0.0 ], [ 120.400258658110602, -2.698991450694848, 0.0 ] ] ] ] } },
{ "type": "Feature", "properties": { "OBJECTID": 3221, "WADMPR": "Sulawesi Selatan", "WADMKK": "Kab. Luwu Utara", "WADMKC": "Kec. Malangke", "WADMKD": "Desa Tingkara", "POKTAN": "Gapoktan Anugrah Tingkara", "K_POKTAN": "H. Amirsalim", "P_SID": "Universitas Negeri Makassar", "NO_HP_1": null, "NAMA_PEMIL": "Pemerintah Desa", "N_PETAK": "TKB114", "LUAS_HA": 1.1788983873200001, "PAKET": "Paket Sulawesi Selatan 13" }, "geometry": { "type": "MultiPolygon", "coordinates": [ [ [ [ 120.401696245985022, -2.698147575450207, 0.0 ], [ 120.401203116230931, -2.699095903353225, 0.0 ], [ 120.400395140123692, -2.698686226188329, 0.0 ], [ 120.400592392924636, -2.698322067309505, 0.0 ], [ 120.400857924953357, -2.697753070747581, 0.0 ], [ 120.401696245985022, -2.698147575450207, 0.0 ] ] ] ] } },
{ "type": "Feature", "properties": { "OBJECTID": 3222, "WADMPR": "Sulawesi Selatan", "WADMKK": "Kab. Luwu Utara", "WADMKC": "Kec. Malangke", "WADMKD": "Desa Tingkara", "POKTAN": "Gapoktan Anugrah Tingkara", "K_POKTAN": "H. Amirsalim", "P_SID": "Universitas Negeri Makassar", "NO_HP_1": null, "NAMA_PEMIL": "Pemerintah Desa", "N_PETAK": "TKB115", "LUAS_HA": 1.21720183996, "PAKET": "Paket Sulawesi Selatan 13" }, "geometry": { "type": "MultiPolygon", "coordinates": [ [ [ [ 120.401203116230931, -2.699095903353225, 0.0 ], [ 120.40083895825137, -2.700112511383225, 0.0 ], [ 120.399977876278058, -2.699619379830494, 0.0 ], [ 120.400258658110602, -2.698991450694848, 0.0 ], [ 120.400395140123692, -2.698686226188329, 0.0 ], [ 120.401203116230931, -2.699095903353225, 0.0 ] ] ] ] } },
{ "type": "Feature", "properties": { "OBJECTID": 3223, "WADMPR": "Sulawesi Selatan", "WADMKK": "Kab. Luwu Utara", "WADMKC": "Kec. Malangke", "WADMKD": "Desa Tingkara", "POKTAN": "Gapoktan Anugrah Tingkara", "K_POKTAN": "H. Amirsalim", "P_SID": "Universitas Negeri Makassar", "NO_HP_1": null, "NAMA_PEMIL": "Pemerintah Desa", "N_PETAK": "TKB116", "LUAS_HA": 2.6428953645200002, "PAKET": "Paket Sulawesi Selatan 13" }, "geometry": { "type": "MultiPolygon", "coordinates": [ [ [ [ 120.402545948836519, -2.698557253514366, 0.0 ], [ 120.402242483403938, -2.699528341459768, 0.0 ], [ 120.401840392919894, -2.700362870050355, 0.0 ], [ 120.40083895825137, -2.700112511383225, 0.0 ], [ 120.401203116230931, -2.699095903353225, 0.0 ], [ 120.401696245985022, -2.698147575450207, 0.0 ], [ 120.402545948836519, -2.698557253514366, 0.0 ] ] ] ] } },
{ "type": "Feature", "properties": { "OBJECTID": 3224, "WADMPR": "Sulawesi Selatan", "WADMKK": "Kab. Luwu Utara", "WADMKC": "Kec. Malangke", "WADMKD": "Desa Tingkara", "POKTAN": "Gapoktan Anugrah Tingkara", "K_POKTAN": "H. Amirsalim", "P_SID": "Universitas Negeri Makassar", "NO_HP_1": null, "NAMA_PEMIL": "Pemerintah Desa", "N_PETAK": "TKB117", "LUAS_HA": 1.0515462627400001, "PAKET": "Paket Sulawesi Selatan 13" }, "geometry": { "type": "MultiPolygon", "coordinates": [ [ [ [ 120.402827602112211, -2.698712778671734, 0.0 ], [ 120.403365304065574, -2.698982104040795, 0.0 ], [ 120.402993559405331, -2.699869739396888, 0.0 ], [ 120.402242483403938, -2.699528341459768, 0.0 ], [ 120.402545948836519, -2.698557253514366, 0.0 ], [ 120.402827602112211, -2.698712778671734, 0.0 ] ] ] ] } },
{ "type": "Feature", "properties": { "OBJECTID": 3225, "WADMPR": "Sulawesi Selatan", "WADMKK": "Kab. Luwu Utara", "WADMKC": "Kec. Malangke", "WADMKD": "Desa Tingkara", "POKTAN": "Gapoktan Anugrah Tingkara", "K_POKTAN": "H. Amirsalim", "P_SID": "Universitas Negeri Makassar", "NO_HP_1": null, "NAMA_PEMIL": "Pemerintah Desa", "N_PETAK": "TKB118", "LUAS_HA": 0.94400849112999996, "PAKET": "Paket Sulawesi Selatan 13" }, "geometry": { "type": "MultiPolygon", "coordinates": [ [ [ [ 120.402993559405331, -2.699869739396888, 0.0 ], [ 120.402712854015022, -2.700658747902821, 0.0 ], [ 120.401840392919894, -2.700362870050355, 0.0 ], [ 120.402242483403938, -2.699528341459768, 0.0 ], [ 120.402993559405331, -2.699869739396888, 0.0 ] ] ] ] } },
{ "type": "Feature", "properties": { "OBJECTID": 3226, "WADMPR": "Sulawesi Selatan", "WADMKK": "Kab. Luwu Utara", "WADMKC": "Kec. Malangke", "WADMKD": "Desa Tingkara", "POKTAN": "Gapoktan Anugrah Tingkara", "K_POKTAN": "H. Amirsalim", "P_SID": "Universitas Negeri Makassar", "NO_HP_1": null, "NAMA_PEMIL": "Pemerintah Desa", "N_PETAK": "TKB119", "LUAS_HA": 1.07863587796, "PAKET": "Paket Sulawesi Selatan 13" }, "geometry": { "type": "MultiPolygon", "coordinates": [ [ [ [ 120.403453498779982, -2.699016244104314, 0.0 ], [ 120.403798690057556, -2.699164183480264, 0.0 ], [ 120.404192245975423, -2.699323502877292, 0.0 ], [ 120.403866021399836, -2.70021872491418, 0.0 ], [ 120.402993559405331, -2.699869739396888, 0.0 ], [ 120.403365304065574, -2.698982104040795, 0.0 ], [ 120.403453498779982, -2.699016244104314, 0.0 ] ] ] ] } },
{ "type": "Feature", "properties": { "OBJECTID": 3227, "WADMPR": "Sulawesi Selatan", "WADMKK": "Kab. Luwu Utara", "WADMKC": "Kec. Malangke", "WADMKD": "Desa Tingkara", "POKTAN": "Gapoktan Anugrah Tingkara", "K_POKTAN": "H. Amirsalim", "P_SID": "Universitas Negeri Makassar", "NO_HP_1": null, "NAMA_PEMIL": "Pemerintah Desa", "N_PETAK": "TKB120", "LUAS_HA": 0.55571985357999998, "PAKET": "Paket Sulawesi Selatan 13" }, "geometry": { "type": "MultiPolygon", "coordinates": [ [ [ [ 120.403495699467044, -2.700073155251857, 0.0 ], [ 120.403486690058799, -2.700097338021692, 0.0 ], [ 120.403198397987694, -2.700871174065355, 0.0 ], [ 120.402712854015022, -2.700658747902821, 0.0 ], [ 120.402993559405331, -2.699869739396888, 0.0 ], [ 120.403495699467044, -2.700073155251857, 0.0 ] ] ] ] } },
{ "type": "Feature", "properties": { "OBJECTID": 3228, "WADMPR": "Sulawesi Selatan", "WADMKK": "Kab. Luwu Utara", "WADMKC": "Kec. Malangke", "WADMKD": "Desa Tingkara", "POKTAN": "Gapoktan Anugrah Tingkara", "K_POKTAN": "H. Amirsalim", "P_SID": "Universitas Negeri Makassar", "NO_HP_1": null, "NAMA_PEMIL": "Pemerintah Desa", "N_PETAK": "TKB121", "LUAS_HA": 0.39152094658999997, "PAKET": "Paket Sulawesi Selatan 13" }, "geometry": { "type": "MultiPolygon", "coordinates": [ [ [ [ 120.403866021399836, -2.70021872491418, 0.0 ], [ 120.403677304064445, -2.700659695788261, 0.0 ], [ 120.403529364688438, -2.700989715502942, 0.0 ], [ 120.403198397987694, -2.700871174065355, 0.0 ], [ 120.403486690058799, -2.700097338021692, 0.0 ], [ 120.403495699467044, -2.700073155251857, 0.0 ], [ 120.403866021399836, -2.70021872491418, 0.0 ] ] ] ] } },
{ "type": "Feature", "properties": { "OBJECTID": 3229, "WADMPR": "Sulawesi Selatan", "WADMKK": "Kab. Luwu Utara", "WADMKC": "Kec. Malangke", "WADMKD": "Desa Tingkara", "POKTAN": "Gapoktan Anugrah Tingkara", "K_POKTAN": "H. Amirsalim", "P_SID": "Universitas Negeri Makassar", "NO_HP_1": null, "NAMA_PEMIL": "Pemerintah Desa", "N_PETAK": "TKB122", "LUAS_HA": 1.0757077691700001, "PAKET": "Paket Sulawesi Selatan 13" }, "geometry": { "type": "MultiPolygon", "coordinates": [ [ [ [ 120.40470529121626, -2.699497994736646, 0.0 ], [ 120.405035310031622, -2.699616535274856, 0.0 ], [ 120.404667358711663, -2.700572450757932, 0.0 ], [ 120.403866021399836, -2.70021872491418, 0.0 ], [ 120.404192245975423, -2.699323502877292, 0.0 ], [ 120.40470529121626, -2.699497994736646, 0.0 ] ] ] ] } },
{ "type": "Feature", "properties": { "OBJECTID": 3230, "WADMPR": "Sulawesi Selatan", "WADMKK": "Kab. Luwu Utara", "WADMKC": "Kec. Malangke", "WADMKD": "Desa Tingkara", "POKTAN": "Gapoktan Anugrah Tingkara", "K_POKTAN": "H. Amirsalim", "P_SID": "Universitas Negeri Makassar", "NO_HP_1": null, "NAMA_PEMIL": "Pemerintah Desa", "N_PETAK": "TKB123", "LUAS_HA": 0.5076546492, "PAKET": "Paket Sulawesi Selatan 13" }, "geometry": { "type": "MultiPolygon", "coordinates": [ [ [ [ 120.404667358711663, -2.700572450757932, 0.0 ], [ 120.404538386037757, -2.700993508843339, 0.0 ], [ 120.403677304064445, -2.700659695788261, 0.0 ], [ 120.403866021399836, -2.70021872491418, 0.0 ], [ 120.404667358711663, -2.700572450757932, 0.0 ] ] ] ] } },
{ "type": "Feature", "properties": { "OBJECTID": 3231, "WADMPR": "Sulawesi Selatan", "WADMKK": "Kab. Luwu Utara", "WADMKC": "Kec. Malangke", "WADMKD": "Desa Tingkara", "POKTAN": "Gapoktan Anugrah Tingkara", "K_POKTAN": "H. Amirsalim", "P_SID": "Universitas Negeri Makassar", "NO_HP_1": null, "NAMA_PEMIL": "Pemerintah Desa", "N_PETAK": "TKB124", "LUAS_HA": 0.38477615746, "PAKET": "Paket Sulawesi Selatan 13" }, "geometry": { "type": "MultiPolygon", "coordinates": [ [ [ [ 120.404538386037757, -2.700993508843339, 0.0 ], [ 120.404417000044532, -2.70128274879977, 0.0 ], [ 120.403529364688438, -2.700989715502942, 0.0 ], [ 120.403677304064445, -2.700659695788261, 0.0 ], [ 120.404538386037757, -2.700993508843339, 0.0 ] ] ] ] } },
{ "type": "Feature", "properties": { "OBJECTID": 3232, "WADMPR": "Sulawesi Selatan", "WADMKK": "Kab. Luwu Utara", "WADMKC": "Kec. Malangke", "WADMKD": "Desa Tingkara", "POKTAN": "Gapoktan Anugrah Tingkara", "K_POKTAN": "H. Amirsalim", "P_SID": "Universitas Negeri Makassar", "NO_HP_1": null, "NAMA_PEMIL": "Pemerintah Desa", "N_PETAK": "TKB125", "LUAS_HA": 0.20480933468000001, "PAKET": "Paket Sulawesi Selatan 13" }, "geometry": { "type": "MultiPolygon", "coordinates": [ [ [ [ 120.404860817272947, -2.701036183473036, 0.0 ], [ 120.405202215210124, -2.701138602764274, 0.0 ], [ 120.405202215210124, -2.701223921446797, 0.0 ], [ 120.404891763843921, -2.701205290191922, 0.0 ], [ 120.404829938151238, -2.701326020579359, 0.0 ], [ 120.404678738732855, -2.701354820468566, 0.0 ], [ 120.404417000044532, -2.70128274879977, 0.0 ], [ 120.404538386037757, -2.700993508843339, 0.0 ], [ 120.404860817272947, -2.701036183473036, 0.0 ] ] ] ] } },
{ "type": "Feature", "properties": { "OBJECTID": 3233, "WADMPR": "Sulawesi Selatan", "WADMKK": "Kab. Luwu Utara", "WADMKC": "Kec. Malangke", "WADMKD": "Desa Tingkara", "POKTAN": "Gapoktan Anugrah Tingkara", "K_POKTAN": "H. Amirsalim", "P_SID": "Universitas Negeri Makassar", "NO_HP_1": null, "NAMA_PEMIL": "Pemerintah Desa", "N_PETAK": "TKB126", "LUAS_HA": 0.85033746041000002, "PAKET": "Paket Sulawesi Selatan 13" }, "geometry": { "type": "MultiPolygon", "coordinates": [ [ [ [ 120.405164282705528, -2.699642140772141, 0.0 ], [ 120.405494300621513, -2.699723696691194, 0.0 ], [ 120.405304635400626, -2.70066064457302, 0.0 ], [ 120.405023930010429, -2.700603744467173, 0.0 ], [ 120.404860817272947, -2.701036183473036, 0.0 ], [ 120.404538386037757, -2.700993508843339, 0.0 ], [ 120.404667358711663, -2.700572450757932, 0.0 ], [ 120.405035310031622, -2.699616535274856, 0.0 ], [ 120.405164282705528, -2.699642140772141, 0.0 ] ] ] ] } },
{ "type": "Feature", "properties": { "OBJECTID": 3234, "WADMPR": "Sulawesi Selatan", "WADMKK": "Kab. Luwu Utara", "WADMKC": "Kec. Malangke", "WADMKD": "Desa Tingkara", "POKTAN": "Gapoktan Anugrah Tingkara", "K_POKTAN": "H. Amirsalim", "P_SID": "Universitas Negeri Makassar", "NO_HP_1": null, "NAMA_PEMIL": "Pemerintah Desa", "N_PETAK": "TKB127", "LUAS_HA": 0.63554736743999996, "PAKET": "Paket Sulawesi Selatan 13" }, "geometry": { "type": "MultiPolygon", "coordinates": [ [ [ [ 120.405863947163539, -2.70039632033388, 0.0 ], [ 120.405796296561903, -2.700731691914029, 0.0 ], [ 120.405788580378726, -2.700767778110446, 0.0 ], [ 120.405304635400626, -2.70066064457302, 0.0 ], [ 120.405494300621513, -2.699723696691194, 0.0 ], [ 120.405903978685728, -2.699632656521828, 0.0 ], [ 120.405983637934582, -2.69967817660654, 0.0 ], [ 120.405863947163539, -2.70039632033388, 0.0 ] ] ] ] } },
{ "type": "Feature", "properties": { "OBJECTID": 3235, "WADMPR": "Sulawesi Selatan", "WADMKK": "Kab. Luwu Utara", "WADMKC": "Kec. Malangke", "WADMKD": "Desa Tingkara", "POKTAN": "Gapoktan Anugrah Tingkara", "K_POKTAN": "H. Amirsalim", "P_SID": "Universitas Negeri Makassar", "NO_HP_1": null, "NAMA_PEMIL": "Pemerintah Desa", "N_PETAK": "TKB128", "LUAS_HA": 0.21045080127, "PAKET": "Paket Sulawesi Selatan 13" }, "geometry": { "type": "MultiPolygon", "coordinates": [ [ [ [ 120.398334423694791, -2.695996767636643, 0.0 ], [ 120.398429256305235, -2.696577145119079, 0.0 ], [ 120.398231055618794, -2.696489897390791, 0.0 ], [ 120.397920952290178, -2.696335321018182, 0.0 ], [ 120.39820355435063, -2.695942712985754, 0.0 ], [ 120.398334423694791, -2.695996767636643, 0.0 ] ] ] ] } },
{ "type": "Feature", "properties": { "OBJECTID": 3236, "WADMPR": "Sulawesi Selatan", "WADMKK": "Kab. Luwu Utara", "WADMKC": "Kec. Malangke", "WADMKD": "Desa Tingkara", "POKTAN": "Gapoktan Anugrah Tingkara", "K_POKTAN": "H. Amirsalim", "P_SID": "Universitas Negeri Makassar", "NO_HP_1": null, "NAMA_PEMIL": "Pemerintah Desa", "N_PETAK": "TKB129", "LUAS_HA": 0.64922987002, "PAKET": "Paket Sulawesi Selatan 13" }, "geometry": { "type": "MultiPolygon", "coordinates": [ [ [ [ 120.399514143562897, -2.696563868427745, 0.0 ], [ 120.399192660213203, -2.696967854682725, 0.0 ], [ 120.398733669623198, -2.696721290255311, 0.0 ], [ 120.398429256305235, -2.696577145119079, 0.0 ], [ 120.398334423694791, -2.695996767636643, 0.0 ], [ 120.399514143562897, -2.696563868427745, 0.0 ] ] ] ] } },
{ "type": "Feature", "properties": { "OBJECTID": 3237, "WADMPR": "Sulawesi Selatan", "WADMKK": "Kab. Luwu Utara", "WADMKC": "Kec. Malangke", "WADMKD": "Desa Tingkara", "POKTAN": "Gapoktan Anugrah Tingkara", "K_POKTAN": "H. Amirsalim", "P_SID": "Universitas Negeri Makassar", "NO_HP_1": null, "NAMA_PEMIL": "Pemerintah Desa", "N_PETAK": "TKB130", "LUAS_HA": 0.55320515763, "PAKET": "Paket Sulawesi Selatan 13" }, "geometry": { "type": "MultiPolygon", "coordinates": [ [ [ [ 120.400320223, -2.69696026890125, 0.0 ], [ 120.400009170886619, -2.697358566944274, 0.0 ], [ 120.399192660213203, -2.696967854682725, 0.0 ], [ 120.399514143562897, -2.696563868427745, 0.0 ], [ 120.400320223, -2.69696026890125, 0.0 ] ] ] ] } },
{ "type": "Feature", "properties": { "OBJECTID": 3238, "WADMPR": "Sulawesi Selatan", "WADMKK": "Kab. Luwu Utara", "WADMKC": "Kec. Malangke", "WADMKD": "Desa Tingkara", "POKTAN": "Gapoktan Anugrah Tingkara", "K_POKTAN": "H. Amirsalim", "P_SID": "Universitas Negeri Makassar", "NO_HP_1": null, "NAMA_PEMIL": "Pemerintah Desa", "N_PETAK": "TKB131", "LUAS_HA": 0.54547345718999996, "PAKET": "Paket Sulawesi Selatan 13" }, "geometry": { "type": "MultiPolygon", "coordinates": [ [ [ [ 120.401118714856921, -2.697349083593281, 0.0 ], [ 120.400857924953357, -2.697753070747581, 0.0 ], [ 120.400133402334745, -2.697419260390518, 0.0 ], [ 120.400009170886619, -2.697358566944274, 0.0 ], [ 120.400320223, -2.69696026890125, 0.0 ], [ 120.401118714856921, -2.697349083593281, 0.0 ] ] ] ] } },
{ "type": "Feature", "properties": { "OBJECTID": 3239, "WADMPR": "Sulawesi Selatan", "WADMKK": "Kab. Luwu Utara", "WADMKC": "Kec. Malangke", "WADMKD": "Desa Tingkara", "POKTAN": "Gapoktan Anugrah Tingkara", "K_POKTAN": "H. Amirsalim", "P_SID": "Universitas Negeri Makassar", "NO_HP_1": null, "NAMA_PEMIL": "Pemerintah Desa", "N_PETAK": "TKB132", "LUAS_HA": 0.53211038992000004, "PAKET": "Paket Sulawesi Selatan 13" }, "geometry": { "type": "MultiPolygon", "coordinates": [ [ [ [ 120.401941863426373, -2.697753070747581, 0.0 ], [ 120.401696245985022, -2.698147575450207, 0.0 ], [ 120.400857924953357, -2.697753070747581, 0.0 ], [ 120.401118714856921, -2.697349083593281, 0.0 ], [ 120.401941863426373, -2.697753070747581, 0.0 ] ] ] ] } },
{ "type": "Feature", "properties": { "OBJECTID": 3240, "WADMPR": "Sulawesi Selatan", "WADMKK": "Kab. Luwu Utara", "WADMKC": "Kec. Malangke", "WADMKD": "Desa Tingkara", "POKTAN": "Gapoktan Anugrah Tingkara", "K_POKTAN": "H. Amirsalim", "P_SID": "Universitas Negeri Makassar", "NO_HP_1": null, "NAMA_PEMIL": "Pemerintah Desa", "N_PETAK": "TKB133", "LUAS_HA": 0.53286507893000001, "PAKET": "Paket Sulawesi Selatan 13" }, "geometry": { "type": "MultiPolygon", "coordinates": [ [ [ [ 120.402761218655428, -2.698130506317739, 0.0 ], [ 120.402545948836519, -2.698557253514366, 0.0 ], [ 120.401696245985022, -2.698147575450207, 0.0 ], [ 120.401941863426373, -2.697753070747581, 0.0 ], [ 120.402761218655428, -2.698130506317739, 0.0 ] ] ] ] } },
{ "type": "Feature", "properties": { "OBJECTID": 3241, "WADMPR": "Sulawesi Selatan", "WADMKK": "Kab. Luwu Utara", "WADMKC": "Kec. Malangke", "WADMKD": "Desa Tingkara", "POKTAN": "Gapoktan Anugrah Tingkara", "K_POKTAN": "H. Amirsalim", "P_SID": "Universitas Negeri Makassar", "NO_HP_1": null, "NAMA_PEMIL": "Pemerintah Desa", "N_PETAK": "TKB134", "LUAS_HA": 0.20167076038000001, "PAKET": "Paket Sulawesi Selatan 13" }, "geometry": { "type": "MultiPolygon", "coordinates": [ [ [ [ 120.403077960779342, -2.698282239034029, 0.0 ], [ 120.402827602112211, -2.698712778671734, 0.0 ], [ 120.402545948836519, -2.698557253514366, 0.0 ], [ 120.402761218655428, -2.698130506317739, 0.0 ], [ 120.403077960779342, -2.698282239034029, 0.0 ] ] ] ] } },
{ "type": "Feature", "properties": { "OBJECTID": 3242, "WADMPR": "Sulawesi Selatan", "WADMKK": "Kab. Luwu Utara", "WADMKC": "Kec. Malangke", "WADMKD": "Desa Tingkara", "POKTAN": "Gapoktan Anugrah Tingkara", "K_POKTAN": "H. Amirsalim", "P_SID": "Universitas Negeri Makassar", "NO_HP_1": null, "NAMA_PEMIL": "Pemerintah Desa", "N_PETAK": "TKB135", "LUAS_HA": 0.41453869397999998, "PAKET": "Paket Sulawesi Selatan 13" }, "geometry": { "type": "MultiPolygon", "coordinates": [ [ [ [ 120.403658337362458, -2.698555356844167, 0.0 ], [ 120.403453498779982, -2.699016244104314, 0.0 ], [ 120.403365304065574, -2.698982104040795, 0.0 ], [ 120.402827602112211, -2.698712778671734, 0.0 ], [ 120.403077960779342, -2.698282239034029, 0.0 ], [ 120.403658337362458, -2.698555356844167, 0.0 ] ] ] ] } },
{ "type": "Feature", "properties": { "OBJECTID": 3243, "WADMPR": "Sulawesi Selatan", "WADMKK": "Kab. Luwu Utara", "WADMKC": "Kec. Malangke", "WADMKD": "Desa Tingkara", "POKTAN": "Gapoktan Anugrah Tingkara", "K_POKTAN": "H. Amirsalim", "P_SID": "Universitas Negeri Makassar", "NO_HP_1": null, "NAMA_PEMIL": "Pemerintah Desa", "N_PETAK": "TKB136", "LUAS_HA": 0.22468794358, "PAKET": "Paket Sulawesi Selatan 13" }, "geometry": { "type": "MultiPolygon", "coordinates": [ [ [ [ 120.403980768597648, -2.6986995019804, 0.0 ], [ 120.403798690057556, -2.699164183480264, 0.0 ], [ 120.403453498779982, -2.699016244104314, 0.0 ], [ 120.403658337362458, -2.698555356844167, 0.0 ], [ 120.403980768597648, -2.6986995019804, 0.0 ] ] ] ] } },
{ "type": "Feature", "properties": { "OBJECTID": 3244, "WADMPR": "Sulawesi Selatan", "WADMKK": "Kab. Luwu Utara", "WADMKC": "Kec. Malangke", "WADMKD": "Desa Tingkara", "POKTAN": "Gapoktan Anugrah Tingkara", "K_POKTAN": "H. Amirsalim", "P_SID": "Universitas Negeri Makassar", "NO_HP_1": null, "NAMA_PEMIL": "Pemerintah Desa", "N_PETAK": "TKB137", "LUAS_HA": 0.49393124398, "PAKET": "Paket Sulawesi Selatan 13" }, "geometry": { "type": "MultiPolygon", "coordinates": [ [ [ [ 120.404655978690471, -2.699018140774513, 0.0 ], [ 120.40470529121626, -2.699497994736646, 0.0 ], [ 120.404192245975423, -2.699323502877292, 0.0 ], [ 120.403798690057556, -2.699164183480264, 0.0 ], [ 120.403980768597648, -2.6986995019804, 0.0 ], [ 120.404655978690471, -2.699018140774513, 0.0 ] ] ] ] } },
{ "type": "Feature", "properties": { "OBJECTID": 3245, "WADMPR": "Sulawesi Selatan", "WADMKK": "Kab. Luwu Utara", "WADMKC": "Kec. Malangke", "WADMKD": "Desa Tingkara", "POKTAN": "Gapoktan Anugrah Tingkara", "K_POKTAN": "H. Amirsalim", "P_SID": "Universitas Negeri Makassar", "NO_HP_1": null, "NAMA_PEMIL": "Pemerintah Desa", "N_PETAK": "TKB138", "LUAS_HA": 0.24238071543, "PAKET": "Paket Sulawesi Selatan 13" }, "geometry": { "type": "MultiPolygon", "coordinates": [ [ [ [ 120.405120659291015, -2.699245739399316, 0.0 ], [ 120.405164282705528, -2.699642140772141, 0.0 ], [ 120.405035310031622, -2.699616535274856, 0.0 ], [ 120.40470529121626, -2.699497994736646, 0.0 ], [ 120.404655978690471, -2.699018140774513, 0.0 ], [ 120.405120659291015, -2.699245739399316, 0.0 ] ] ] ] } },
{ "type": "Feature", "properties": { "OBJECTID": 3246, "WADMPR": "Sulawesi Selatan", "WADMKK": "Kab. Luwu Utara", "WADMKC": "Kec. Malangke", "WADMKD": "Desa Tingkara", "POKTAN": "Gapoktan Anugrah Tingkara", "K_POKTAN": "H. Amirsalim", "P_SID": "Universitas Negeri Makassar", "NO_HP_1": null, "NAMA_PEMIL": "Pemerintah Desa", "N_PETAK": "TKB139", "LUAS_HA": 0.21953299519, "PAKET": "Paket Sulawesi Selatan 13" }, "geometry": { "type": "MultiPolygon", "coordinates": [ [ [ [ 120.405903978685728, -2.699632656521828, 0.0 ], [ 120.405494300621513, -2.699723696691194, 0.0 ], [ 120.405164282705528, -2.699642140772141, 0.0 ], [ 120.405120659291015, -2.699245739399316, 0.0 ], [ 120.405903978685728, -2.699632656521828, 0.0 ] ] ] ] } },
{ "type": "Feature", "properties": { "OBJECTID": 3247, "WADMPR": "Sulawesi Selatan", "WADMKK": "Kab. Luwu Utara", "WADMKC": "Kec. Malangke", "WADMKD": "Desa Tingkara", "POKTAN": "Gapoktan Anugrah Tingkara", "K_POKTAN": "H. Amirsalim", "P_SID": "Universitas Negeri Makassar", "NO_HP_1": null, "NAMA_PEMIL": "Pemerintah Desa", "N_PETAK": "TKB140", "LUAS_HA": 0.38125047825000002, "PAKET": "Paket Sulawesi Selatan 13" }, "geometry": { "type": "MultiPolygon", "coordinates": [ [ [ [ 120.405304635400626, -2.70066064457302, 0.0 ], [ 120.405617583284879, -2.700747891402045, 0.0 ], [ 120.405546443313824, -2.701092644709718, 0.0 ], [ 120.405499740620598, -2.701220555284351, 0.0 ], [ 120.405202215210124, -2.701138602764274, 0.0 ], [ 120.404860817272947, -2.701036183473036, 0.0 ], [ 120.405023930010429, -2.700603744467173, 0.0 ], [ 120.405304635400626, -2.70066064457302, 0.0 ] ] ] ] } },
{ "type": "Feature", "properties": { "OBJECTID": 3248, "WADMPR": "Sulawesi Selatan", "WADMKK": "Kab. Luwu Utara", "WADMKC": "Kec. Malangke", "WADMKD": "Desa Tingkara", "POKTAN": "Gapoktan Anugrah Tingkara", "K_POKTAN": "H. Amirsalim", "P_SID": "Universitas Negeri Makassar", "NO_HP_1": null, "NAMA_PEMIL": "Pemerintah Desa", "N_PETAK": "TKB141", "LUAS_HA": 0.44808445168, "PAKET": "Paket Sulawesi Selatan 13" }, "geometry": { "type": "MultiPolygon", "coordinates": [ [ [ [ 120.393082582595184, -2.690617851432648, 0.0 ], [ 120.392464272608208, -2.691321510679131, 0.0 ], [ 120.392329373401935, -2.691123191282202, 0.0 ], [ 120.392303057440245, -2.690961027329479, 0.0 ], [ 120.392849293959785, -2.690238401381066, 0.0 ], [ 120.393082582595184, -2.690617851432648, 0.0 ] ] ] ] } },
{ "type": "Feature", "properties": { "OBJECTID": 3249, "WADMPR": "Sulawesi Selatan", "WADMKK": "Kab. Luwu Utara", "WADMKC": "Kec. Malangke", "WADMKD": "Desa Tingkara", "POKTAN": "Gapoktan Anugrah Tingkara", "K_POKTAN": "H. Amirsalim", "P_SID": "Universitas Negeri Makassar", "NO_HP_1": null, "NAMA_PEMIL": "Pemerintah Desa", "N_PETAK": "TKB142", "LUAS_HA": 0.49428983332999998, "PAKET": "Paket Sulawesi Selatan 13" }, "geometry": { "type": "MultiPolygon", "coordinates": [ [ [ [ 120.393719859284147, -2.68987056877171, 0.0 ], [ 120.393082582595184, -2.690617851432648, 0.0 ], [ 120.392849293959785, -2.690238401381066, 0.0 ], [ 120.393532090733515, -2.689504394512142, 0.0 ], [ 120.393719859284147, -2.68987056877171, 0.0 ] ] ] ] } },
{ "type": "Feature", "properties": { "OBJECTID": 3250, "WADMPR": "Sulawesi Selatan", "WADMKK": "Kab. Luwu Utara", "WADMKC": "Kec. Malangke", "WADMKD": "Desa Tingkara", "POKTAN": "Gapoktan Anugrah Tingkara", "K_POKTAN": "H. Amirsalim", "P_SID": "Universitas Negeri Makassar", "NO_HP_1": null, "NAMA_PEMIL": "Pemerintah Desa", "N_PETAK": "TKB143", "LUAS_HA": 0.51027270273000003, "PAKET": "Paket Sulawesi Selatan 13" }, "geometry": { "type": "MultiPolygon", "coordinates": [ [ [ [ 120.393321561241123, -2.69101994101743, 0.0 ], [ 120.392983956644343, -2.691414446619376, 0.0 ], [ 120.392714631275226, -2.691706531131445, 0.0 ], [ 120.392464272608208, -2.691321510679131, 0.0 ], [ 120.393082582595184, -2.690617851432648, 0.0 ], [ 120.393321561241123, -2.69101994101743, 0.0 ] ] ] ] } },
{ "type": "Feature", "properties": { "OBJECTID": 3251, "WADMPR": "Sulawesi Selatan", "WADMKK": "Kab. Luwu Utara", "WADMKC": "Kec. Malangke", "WADMKD": "Desa Tingkara", "POKTAN": "Gapoktan Anugrah Tingkara", "K_POKTAN": "H. Amirsalim", "P_SID": "Universitas Negeri Makassar", "NO_HP_1": null, "NAMA_PEMIL": "Pemerintah Desa", "N_PETAK": "TKB144", "LUAS_HA": 0.5368338496, "PAKET": "Paket Sulawesi Selatan 13" }, "geometry": { "type": "MultiPolygon", "coordinates": [ [ [ [ 120.393947457908894, -2.690314386000068, 0.0 ], [ 120.393321561241123, -2.69101994101743, 0.0 ], [ 120.393082582595184, -2.690617851432648, 0.0 ], [ 120.393719859284147, -2.68987056877171, 0.0 ], [ 120.393947457908894, -2.690314386000068, 0.0 ] ] ] ] } },
{ "type": "Feature", "properties": { "OBJECTID": 3252, "WADMPR": "Sulawesi Selatan", "WADMKK": "Kab. Luwu Utara", "WADMKC": "Kec. Malangke", "WADMKD": "Desa Tingkara", "POKTAN": "Gapoktan Anugrah Tingkara", "K_POKTAN": "H. Amirsalim", "P_SID": "Universitas Negeri Makassar", "NO_HP_1": null, "NAMA_PEMIL": "Pemerintah Desa", "N_PETAK": "TKB145", "LUAS_HA": 0.26762512185999998, "PAKET": "Paket Sulawesi Selatan 13" }, "geometry": { "type": "MultiPolygon", "coordinates": [ [ [ [ 120.393317767900726, -2.691733085413489, 0.0 ], [ 120.393052236771382, -2.692120001636738, 0.0 ], [ 120.392807330693813, -2.691854351796849, 0.0 ], [ 120.392714631275226, -2.691706531131445, 0.0 ], [ 120.392983956644343, -2.691414446619376, 0.0 ], [ 120.393317767900726, -2.691733085413489, 0.0 ] ] ] ] } },
{ "type": "Feature", "properties": { "OBJECTID": 3253, "WADMPR": "Sulawesi Selatan", "WADMKK": "Kab. Luwu Utara", "WADMKC": "Kec. Malangke", "WADMKD": "Desa Tingkara", "POKTAN": "Gapoktan Anugrah Tingkara", "K_POKTAN": "H. Amirsalim", "P_SID": "Universitas Negeri Makassar", "NO_HP_1": null, "NAMA_PEMIL": "Pemerintah Desa", "N_PETAK": "TKB146", "LUAS_HA": 0.28234887270999998, "PAKET": "Paket Sulawesi Selatan 13" }, "geometry": { "type": "MultiPolygon", "coordinates": [ [ [ [ 120.39367813253989, -2.692082070031461, 0.0 ], [ 120.393379172710752, -2.692463179332208, 0.0 ], [ 120.393321561241123, -2.692402604596452, 0.0 ], [ 120.393052236771382, -2.692120001636738, 0.0 ], [ 120.393317767900726, -2.691733085413489, 0.0 ], [ 120.39367813253989, -2.692082070031461, 0.0 ] ] ] ] } },
{ "type": "Feature", "properties": { "OBJECTID": 3254, "WADMPR": "Sulawesi Selatan", "WADMKK": "Kab. Luwu Utara", "WADMKC": "Kec. Malangke", "WADMKD": "Desa Tingkara", "POKTAN": "Gapoktan Anugrah Tingkara", "K_POKTAN": "H. Amirsalim", "P_SID": "Universitas Negeri Makassar", "NO_HP_1": null, "NAMA_PEMIL": "Pemerintah Desa", "N_PETAK": "TKB147", "LUAS_HA": 0.57223835787, "PAKET": "Paket Sulawesi Selatan 13" }, "geometry": { "type": "MultiPolygon", "coordinates": [ [ [ [ 120.393590886610241, -2.691346167391657, 0.0 ], [ 120.393992977993548, -2.691717911152637, 0.0 ], [ 120.39367813253989, -2.692082070031461, 0.0 ], [ 120.393317767900726, -2.691733085413489, 0.0 ], [ 120.392983956644343, -2.691414446619376, 0.0 ], [ 120.393321561241123, -2.69101994101743, 0.0 ], [ 120.393590886610241, -2.691346167391657, 0.0 ] ] ] ] } },
{ "type": "Feature", "properties": { "OBJECTID": 3255, "WADMPR": "Sulawesi Selatan", "WADMKK": "Kab. Luwu Utara", "WADMKC": "Kec. Malangke", "WADMKD": "Desa Tingkara", "POKTAN": "Gapoktan Anugrah Tingkara", "K_POKTAN": "H. Amirsalim", "P_SID": "Universitas Negeri Makassar", "NO_HP_1": null, "NAMA_PEMIL": "Pemerintah Desa", "N_PETAK": "TKB148", "LUAS_HA": 1.1128770397400001, "PAKET": "Paket Sulawesi Selatan 13" }, "geometry": { "type": "MultiPolygon", "coordinates": [ [ [ [ 120.394285062505674, -2.69203654904743, 0.0 ], [ 120.394637840464043, -2.692465193813575, 0.0 ], [ 120.394007913934161, -2.693128904275454, 0.0 ], [ 120.393680740573814, -2.692798887258789, 0.0 ], [ 120.393379172710752, -2.692463179332208, 0.0 ], [ 120.39367813253989, -2.692082070031461, 0.0 ], [ 120.393992977993548, -2.691717911152637, 0.0 ], [ 120.394285062505674, -2.69203654904743, 0.0 ] ] ] ] } },
{ "type": "Feature", "properties": { "OBJECTID": 3256, "WADMPR": "Sulawesi Selatan", "WADMKK": "Kab. Luwu Utara", "WADMKC": "Kec. Malangke", "WADMKD": "Desa Tingkara", "POKTAN": "Gapoktan Anugrah Tingkara", "K_POKTAN": "H. Amirsalim", "P_SID": "Universitas Negeri Makassar", "NO_HP_1": null, "NAMA_PEMIL": "Pemerintah Desa", "N_PETAK": "TKB149", "LUAS_HA": 0.52246832374999996, "PAKET": "Paket Sulawesi Selatan 13" }, "geometry": { "type": "MultiPolygon", "coordinates": [ [ [ [ 120.394273682484481, -2.690648197256451, 0.0 ], [ 120.393590886610241, -2.691346167391657, 0.0 ], [ 120.393321561241123, -2.69101994101743, 0.0 ], [ 120.393947457908894, -2.690314386000068, 0.0 ], [ 120.394273682484481, -2.690648197256451, 0.0 ] ] ] ] } },
{ "type": "Feature", "properties": { "OBJECTID": 3257, "WADMPR": "Sulawesi Selatan", "WADMKK": "Kab. Luwu Utara", "WADMKC": "Kec. Malangke", "WADMKD": "Desa Tingkara", "POKTAN": "Gapoktan Anugrah Tingkara", "K_POKTAN": "H. Amirsalim", "P_SID": "Universitas Negeri Makassar", "NO_HP_1": null, "NAMA_PEMIL": "Pemerintah Desa", "N_PETAK": "TKB150", "LUAS_HA": 0.60058131734999998, "PAKET": "Paket Sulawesi Selatan 13" }, "geometry": { "type": "MultiPolygon", "coordinates": [ [ [ [ 120.394584734597856, -2.69103890771936, 0.0 ], [ 120.393992977993548, -2.691717911152637, 0.0 ], [ 120.393590886610241, -2.691346167391657, 0.0 ], [ 120.394273682484481, -2.690648197256451, 0.0 ], [ 120.394584734597856, -2.69103890771936, 0.0 ] ] ] ] } },
{ "type": "Feature", "properties": { "OBJECTID": 3258, "WADMPR": "Sulawesi Selatan", "WADMKK": "Kab. Luwu Utara", "WADMKC": "Kec. Malangke", "WADMKD": "Desa Tingkara", "POKTAN": "Gapoktan Anugrah Tingkara", "K_POKTAN": "H. Amirsalim", "P_SID": "Universitas Negeri Makassar", "NO_HP_1": null, "NAMA_PEMIL": "Pemerintah Desa", "N_PETAK": "TKB151", "LUAS_HA": 1.0542074621399999, "PAKET": "Paket Sulawesi Selatan 13" }, "geometry": { "type": "MultiPolygon", "coordinates": [ [ [ [ 120.395180284542562, -2.690295418398819, 0.0 ], [ 120.394584734597856, -2.69103890771936, 0.0 ], [ 120.394273682484481, -2.690648197256451, 0.0 ], [ 120.393947457908894, -2.690314386000068, 0.0 ], [ 120.394653013825632, -2.689627795885997, 0.0 ], [ 120.395180284542562, -2.690295418398819, 0.0 ] ] ] ] } },
{ "type": "Feature", "properties": { "OBJECTID": 3259, "WADMPR": "Sulawesi Selatan", "WADMKK": "Kab. Luwu Utara", "WADMKC": "Kec. Malangke", "WADMKD": "Desa Tingkara", "POKTAN": "Gapoktan Anugrah Tingkara", "K_POKTAN": "H. Amirsalim", "P_SID": "Universitas Negeri Makassar", "NO_HP_1": null, "NAMA_PEMIL": "Pemerintah Desa", "N_PETAK": "TKB152", "LUAS_HA": 0.58146968628999995, "PAKET": "Paket Sulawesi Selatan 13" }, "geometry": { "type": "MultiPolygon", "coordinates": [ [ [ [ 120.395565305894252, -2.690593194720122, 0.0 ], [ 120.394886302460918, -2.691393583247248, 0.0 ], [ 120.394584734597856, -2.69103890771936, 0.0 ], [ 120.395180284542562, -2.690295418398819, 0.0 ], [ 120.395565305894252, -2.690593194720122, 0.0 ] ] ] ] } },
{ "type": "Feature", "properties": { "OBJECTID": 3260, "WADMPR": "Sulawesi Selatan", "WADMKK": "Kab. Luwu Utara", "WADMKC": "Kec. Malangke", "WADMKD": "Desa Tingkara", "POKTAN": "Gapoktan Anugrah Tingkara", "K_POKTAN": "H. Amirsalim", "P_SID": "Universitas Negeri Makassar", "NO_HP_1": null, "NAMA_PEMIL": "Pemerintah Desa", "N_PETAK": "TKB153", "LUAS_HA": 0.48816109108, "PAKET": "Paket Sulawesi Selatan 13" }, "geometry": { "type": "MultiPolygon", "coordinates": [ [ [ [ 120.394886302460918, -2.691393583247248, 0.0 ], [ 120.394285062505674, -2.69203654904743, 0.0 ], [ 120.393992977993548, -2.691717911152637, 0.0 ], [ 120.394584734597856, -2.69103890771936, 0.0 ], [ 120.394886302460918, -2.691393583247248, 0.0 ] ] ] ] } },
{ "type": "Feature", "properties": { "OBJECTID": 3261, "WADMPR": "Sulawesi Selatan", "WADMKK": "Kab. Luwu Utara", "WADMKC": "Kec. Malangke", "WADMKD": "Desa Tingkara", "POKTAN": "Gapoktan Anugrah Tingkara", "K_POKTAN": "H. Amirsalim", "P_SID": "Universitas Negeri Makassar", "NO_HP_1": null, "NAMA_PEMIL": "Pemerintah Desa", "N_PETAK": "TKB154", "LUAS_HA": 0.56069317705, "PAKET": "Paket Sulawesi Selatan 13" }, "geometry": { "type": "MultiPolygon", "coordinates": [ [ [ [ 120.395220114616677, -2.691674288637444, 0.0 ], [ 120.394637840464043, -2.692465193813575, 0.0 ], [ 120.394285062505674, -2.69203654904743, 0.0 ], [ 120.394886302460918, -2.691393583247248, 0.0 ], [ 120.395220114616677, -2.691674288637444, 0.0 ] ] ] ] } },
{ "type": "Feature", "properties": { "OBJECTID": 3262, "WADMPR": "Sulawesi Selatan", "WADMKK": "Kab. Luwu Utara", "WADMKC": "Kec. Malangke", "WADMKD": "Desa Tingkara", "POKTAN": "Gapoktan Anugrah Tingkara", "K_POKTAN": "H. Amirsalim", "P_SID": "Universitas Negeri Makassar", "NO_HP_1": null, "NAMA_PEMIL": "Pemerintah Desa", "N_PETAK": "TKB155", "LUAS_HA": 0.56524912767000002, "PAKET": "Paket Sulawesi Selatan 13" }, "geometry": { "type": "MultiPolygon", "coordinates": [ [ [ [ 120.395868770427455, -2.690980112741954, 0.0 ], [ 120.395220114616677, -2.691674288637444, 0.0 ], [ 120.394886302460918, -2.691393583247248, 0.0 ], [ 120.395565305894252, -2.690593194720122, 0.0 ], [ 120.395868770427455, -2.690980112741954, 0.0 ] ] ] ] } },
{ "type": "Feature", "properties": { "OBJECTID": 3263, "WADMPR": "Sulawesi Selatan", "WADMKK": "Kab. Luwu Utara", "WADMKC": "Kec. Malangke", "WADMKD": "Desa Tingkara", "POKTAN": "Gapoktan Anugrah Tingkara", "K_POKTAN": "H. Amirsalim", "P_SID": "Universitas Negeri Makassar", "NO_HP_1": null, "NAMA_PEMIL": "Pemerintah Desa", "N_PETAK": "TKB156", "LUAS_HA": 1.1201473696199999, "PAKET": "Paket Sulawesi Selatan 13" }, "geometry": { "type": "MultiPolygon", "coordinates": [ [ [ [ 120.396570533903059, -2.691590836048192, 0.0 ], [ 120.395910497171712, -2.692326738687996, 0.0 ], [ 120.395220114616677, -2.691674288637444, 0.0 ], [ 120.395868770427455, -2.690980112741954, 0.0 ], [ 120.396570533903059, -2.691590836048192, 0.0 ] ] ] ] } },
{ "type": "Feature", "properties": { "OBJECTID": 3264, "WADMPR": "Sulawesi Selatan", "WADMKK": "Kab. Luwu Utara", "WADMKC": "Kec. Malangke", "WADMKD": "Desa Tingkara", "POKTAN": "Gapoktan Anugrah Tingkara", "K_POKTAN": "H. Amirsalim", "P_SID": "Universitas Negeri Makassar", "NO_HP_1": null, "NAMA_PEMIL": "Pemerintah Desa", "N_PETAK": "TKB157", "LUAS_HA": 1.1005007503899999, "PAKET": "Paket Sulawesi Selatan 13" }, "geometry": { "type": "MultiPolygon", "coordinates": [ [ [ [ 120.395910497171712, -2.692326738687996, 0.0 ], [ 120.395614144477236, -2.692699905176426, 0.0 ], [ 120.395297877195389, -2.693064537098678, 0.0 ], [ 120.394637840464043, -2.692465193813575, 0.0 ], [ 120.395220114616677, -2.691674288637444, 0.0 ], [ 120.395910497171712, -2.692326738687996, 0.0 ] ] ] ] } },
{ "type": "Feature", "properties": { "OBJECTID": 3265, "WADMPR": "Sulawesi Selatan", "WADMKK": "Kab. Luwu Utara", "WADMKC": "Kec. Malangke", "WADMKD": "Desa Tingkara", "POKTAN": "Gapoktan Anugrah Tingkara", "K_POKTAN": "H. Amirsalim", "P_SID": "Universitas Negeri Makassar", "NO_HP_1": null, "NAMA_PEMIL": "Pemerintah Desa", "N_PETAK": "TKB158", "LUAS_HA": 1.05655080108, "PAKET": "Paket Sulawesi Selatan 13" }, "geometry": { "type": "MultiPolygon", "coordinates": [ [ [ [ 120.395297877195389, -2.693064537098678, 0.0 ], [ 120.394847895114367, -2.693515467964403, 0.0 ], [ 120.394628358012369, -2.693771041800119, 0.0 ], [ 120.394254716681871, -2.693535737784032, 0.0 ], [ 120.394314461343356, -2.693458923090759, 0.0 ], [ 120.394007913934161, -2.693128904275454, 0.0 ], [ 120.394637840464043, -2.692465193813575, 0.0 ], [ 120.395297877195389, -2.693064537098678, 0.0 ] ] ] ] } },
{ "type": "Feature", "properties": { "OBJECTID": 3266, "WADMPR": "Sulawesi Selatan", "WADMKK": "Kab. Luwu Utara", "WADMKC": "Kec. Malangke", "WADMKD": "Desa Tingkara", "POKTAN": "Gapoktan Anugrah Tingkara", "K_POKTAN": "H. Amirsalim", "P_SID": "Universitas Negeri Makassar", "NO_HP_1": null, "NAMA_PEMIL": "Pemerintah Desa", "N_PETAK": "TKB159", "LUAS_HA": 2.2505532808800002, "PAKET": "Paket Sulawesi Selatan 13" }, "geometry": { "type": "MultiPolygon", "coordinates": [ [ [ [ 120.397723226445805, -2.693143723304161, 0.0 ], [ 120.396774898542844, -2.692703698516823, 0.0 ], [ 120.395910497171712, -2.692326738687996, 0.0 ], [ 120.396570533903059, -2.691590836048192, 0.0 ], [ 120.398368088916186, -2.692441959828557, 0.0 ], [ 120.397723226445805, -2.693143723304161, 0.0 ] ] ] ] } },
{ "type": "Feature", "properties": { "OBJECTID": 3267, "WADMPR": "Sulawesi Selatan", "WADMKK": "Kab. Luwu Utara", "WADMKC": "Kec. Malangke", "WADMKD": "Desa Tingkara", "POKTAN": "Gapoktan Anugrah Tingkara", "K_POKTAN": "H. Amirsalim", "P_SID": "Universitas Negeri Makassar", "NO_HP_1": null, "NAMA_PEMIL": "Pemerintah Desa", "N_PETAK": "TKB160", "LUAS_HA": 0.56544122905000005, "PAKET": "Paket Sulawesi Selatan 13" }, "geometry": { "type": "MultiPolygon", "coordinates": [ [ [ [ 120.396774898542844, -2.692703698516823, 0.0 ], [ 120.396482813131342, -2.693120962362457, 0.0 ], [ 120.395614144477236, -2.692699905176426, 0.0 ], [ 120.395910497171712, -2.692326738687996, 0.0 ], [ 120.396774898542844, -2.692703698516823, 0.0 ] ] ] ] } },
{ "type": "Feature", "properties": { "OBJECTID": 3268, "WADMPR": "Sulawesi Selatan", "WADMKK": "Kab. Luwu Utara", "WADMKC": "Kec. Malangke", "WADMKD": "Desa Tingkara", "POKTAN": "Gapoktan Anugrah Tingkara", "K_POKTAN": "H. Amirsalim", "P_SID": "Universitas Negeri Makassar", "NO_HP_1": null, "NAMA_PEMIL": "Pemerintah Desa", "N_PETAK": "TKB161", "LUAS_HA": 0.60278341106, "PAKET": "Paket Sulawesi Selatan 13" }, "geometry": { "type": "MultiPolygon", "coordinates": [ [ [ [ 120.397723226445805, -2.693143723304161, 0.0 ], [ 120.397317341721987, -2.693504087943268, 0.0 ], [ 120.396482813131342, -2.693120962362457, 0.0 ], [ 120.396774898542844, -2.692703698516823, 0.0 ], [ 120.397723226445805, -2.693143723304161, 0.0 ] ] ] ] } },
{ "type": "Feature", "properties": { "OBJECTID": 3269, "WADMPR": "Sulawesi Selatan", "WADMKK": "Kab. Luwu Utara", "WADMKC": "Kec. Malangke", "WADMKD": "Desa Tingkara", "POKTAN": "Gapoktan Anugrah Tingkara", "K_POKTAN": "H. Amirsalim", "P_SID": "Universitas Negeri Makassar", "NO_HP_1": null, "NAMA_PEMIL": "Pemerintah Desa", "N_PETAK": "TKB162", "LUAS_HA": 0.48053466863, "PAKET": "Paket Sulawesi Selatan 13" }, "geometry": { "type": "MultiPolygon", "coordinates": [ [ [ [ 120.397317341721987, -2.693504087943268, 0.0 ], [ 120.397036636331791, -2.693849278321466, 0.0 ], [ 120.396221074443133, -2.693473740320826, 0.0 ], [ 120.396482813131342, -2.693120962362457, 0.0 ], [ 120.397317341721987, -2.693504087943268, 0.0 ] ] ] ] } },
{ "type": "Feature", "properties": { "OBJECTID": 3270, "WADMPR": "Sulawesi Selatan", "WADMKK": "Kab. Luwu Utara", "WADMKC": "Kec. Malangke", "WADMKD": "Desa Tingkara", "POKTAN": "Gapoktan Anugrah Tingkara", "K_POKTAN": "H. Amirsalim", "P_SID": "Universitas Negeri Makassar", "NO_HP_1": null, "NAMA_PEMIL": "Pemerintah Desa", "N_PETAK": "TKB163", "LUAS_HA": 0.54267624912000001, "PAKET": "Paket Sulawesi Selatan 13" }, "geometry": { "type": "MultiPolygon", "coordinates": [ [ [ [ 120.396482813131342, -2.693120962362457, 0.0 ], [ 120.396221074443133, -2.693473740320826, 0.0 ], [ 120.395297877195389, -2.693064537098678, 0.0 ], [ 120.395614144477236, -2.692699905176426, 0.0 ], [ 120.396482813131342, -2.693120962362457, 0.0 ] ] ] ] } },
{ "type": "Feature", "properties": { "OBJECTID": 3271, "WADMPR": "Sulawesi Selatan", "WADMKK": "Kab. Luwu Utara", "WADMKC": "Kec. Malangke", "WADMKD": "Desa Tingkara", "POKTAN": "Gapoktan Anugrah Tingkara", "K_POKTAN": "H. Amirsalim", "P_SID": "Universitas Negeri Makassar", "NO_HP_1": null, "NAMA_PEMIL": "Pemerintah Desa", "N_PETAK": "TKB164", "LUAS_HA": 1.2792555079100001, "PAKET": "Paket Sulawesi Selatan 13" }, "geometry": { "type": "MultiPolygon", "coordinates": [ [ [ [ 120.396221074443133, -2.693473740320826, 0.0 ], [ 120.395908126558879, -2.694277922188292, 0.0 ], [ 120.394709439988674, -2.693777204854086, 0.0 ], [ 120.394628358012369, -2.693771041800119, 0.0 ], [ 120.395297877195389, -2.693064537098678, 0.0 ], [ 120.396221074443133, -2.693473740320826, 0.0 ] ] ] ] } },
{ "type": "Feature", "properties": { "OBJECTID": 3272, "WADMPR": "Sulawesi Selatan", "WADMKK": "Kab. Luwu Utara", "WADMKC": "Kec. Malangke", "WADMKD": "Desa Tingkara", "POKTAN": "Gapoktan Anugrah Tingkara", "K_POKTAN": "H. Amirsalim", "P_SID": "Universitas Negeri Makassar", "NO_HP_1": null, "NAMA_PEMIL": "Pemerintah Desa", "N_PETAK": "TKB165", "LUAS_HA": 0.4035062171, "PAKET": "Paket Sulawesi Selatan 13" }, "geometry": { "type": "MultiPolygon", "coordinates": [ [ [ [ 120.395908126558879, -2.694277922188292, 0.0 ], [ 120.396433499706291, -2.694501254429326, 0.0 ], [ 120.396245731155659, -2.694762993117592, 0.0 ], [ 120.394687627831786, -2.693805180964262, 0.0 ], [ 120.394709439988674, -2.693777204854086, 0.0 ], [ 120.395908126558879, -2.694277922188292, 0.0 ] ] ] ] } },
{ "type": "Feature", "properties": { "OBJECTID": 3273, "WADMPR": "Sulawesi Selatan", "WADMKK": "Kab. Luwu Utara", "WADMKC": "Kec. Malangke", "WADMKD": "Desa Tingkara", "POKTAN": "Gapoktan Anugrah Tingkara", "K_POKTAN": "H. Amirsalim", "P_SID": "Universitas Negeri Makassar", "NO_HP_1": null, "NAMA_PEMIL": "Pemerintah Desa", "N_PETAK": "TKB166", "LUAS_HA": 0.77010951146999995, "PAKET": "Paket Sulawesi Selatan 13" }, "geometry": { "type": "MultiPolygon", "coordinates": [ [ [ [ 120.397036636331791, -2.693849278321466, 0.0 ], [ 120.396755931840858, -2.694156063151752, 0.0 ], [ 120.396433499706291, -2.694501254429326, 0.0 ], [ 120.395908126558879, -2.694277922188292, 0.0 ], [ 120.396221074443133, -2.693473740320826, 0.0 ], [ 120.397036636331791, -2.693849278321466, 0.0 ] ] ] ] } },
{ "type": "Feature", "properties": { "OBJECTID": 3274, "WADMPR": "Sulawesi Selatan", "WADMKK": "Kab. Luwu Utara", "WADMKC": "Kec. Malangke", "WADMKD": "Desa Tingkara", "POKTAN": "Gapoktan Anugrah Tingkara", "K_POKTAN": "H. Amirsalim", "P_SID": "Universitas Negeri Makassar", "NO_HP_1": null, "NAMA_PEMIL": "Pemerintah Desa", "N_PETAK": "TKB167", "LUAS_HA": 1.1079128057600001, "PAKET": "Paket Sulawesi Selatan 13" }, "geometry": { "type": "MultiPolygon", "coordinates": [ [ [ [ 120.398502751600745, -2.693577583238834, 0.0 ], [ 120.397941341719616, -2.694305898298524, 0.0 ], [ 120.397036636331791, -2.693849278321466, 0.0 ], [ 120.397317341721987, -2.693504087943268, 0.0 ], [ 120.397723226445805, -2.693143723304161, 0.0 ], [ 120.398502751600745, -2.693577583238834, 0.0 ] ] ] ] } },
{ "type": "Feature", "properties": { "OBJECTID": 3275, "WADMPR": "Sulawesi Selatan", "WADMKK": "Kab. Luwu Utara", "WADMKC": "Kec. Malangke", "WADMKD": "Desa Tingkara", "POKTAN": "Gapoktan Anugrah Tingkara", "K_POKTAN": "H. Amirsalim", "P_SID": "Universitas Negeri Makassar", "NO_HP_1": null, "NAMA_PEMIL": "Pemerintah Desa", "N_PETAK": "TKB168", "LUAS_HA": 1.0355270754400001, "PAKET": "Paket Sulawesi Selatan 13" }, "geometry": { "type": "MultiPolygon", "coordinates": [ [ [ [ 120.398435420258465, -2.694560999090811, 0.0 ], [ 120.397941341719616, -2.694305898298524, 0.0 ], [ 120.398502751600745, -2.693577583238834, 0.0 ], [ 120.399375213595249, -2.694036572929463, 0.0 ], [ 120.398722764444074, -2.694711783022342, 0.0 ], [ 120.398435420258465, -2.694560999090811, 0.0 ] ] ] ] } },
{ "type": "Feature", "properties": { "OBJECTID": 3276, "WADMPR": "Sulawesi Selatan", "WADMKK": "Kab. Luwu Utara", "WADMKC": "Kec. Malangke", "WADMKD": "Desa Tingkara", "POKTAN": "Gapoktan Anugrah Tingkara", "K_POKTAN": "H. Amirsalim", "P_SID": "Universitas Negeri Makassar", "NO_HP_1": null, "NAMA_PEMIL": "Pemerintah Desa", "N_PETAK": "TKB169", "LUAS_HA": 0.50035839171999996, "PAKET": "Paket Sulawesi Selatan 13" }, "geometry": { "type": "MultiPolygon", "coordinates": [ [ [ [ 120.39751269785279, -2.695106287724968, 0.0 ], [ 120.397219663656642, -2.695356646392042, 0.0 ], [ 120.396245731155659, -2.694762993117592, 0.0 ], [ 120.396433499706291, -2.694501254429326, 0.0 ], [ 120.39751269785279, -2.695106287724968, 0.0 ] ] ] ] } },
{ "type": "Feature", "properties": { "OBJECTID": 3277, "WADMPR": "Sulawesi Selatan", "WADMKK": "Kab. Luwu Utara", "WADMKC": "Kec. Malangke", "WADMKD": "Desa Tingkara", "POKTAN": "Gapoktan Anugrah Tingkara", "K_POKTAN": "H. Amirsalim", "P_SID": "Universitas Negeri Makassar", "NO_HP_1": null, "NAMA_PEMIL": "Pemerintah Desa", "N_PETAK": "TKB170", "LUAS_HA": 0.70968215097999998, "PAKET": "Paket Sulawesi Selatan 13" }, "geometry": { "type": "MultiPolygon", "coordinates": [ [ [ [ 120.397859785800506, -2.69476678645799, 0.0 ], [ 120.39751269785279, -2.695106287724968, 0.0 ], [ 120.396433499706291, -2.694501254429326, 0.0 ], [ 120.396755931840858, -2.694156063151752, 0.0 ], [ 120.397859785800506, -2.69476678645799, 0.0 ] ] ] ] } },
{ "type": "Feature", "properties": { "OBJECTID": 3278, "WADMPR": "Sulawesi Selatan", "WADMKK": "Kab. Luwu Utara", "WADMKC": "Kec. Malangke", "WADMKD": "Desa Tingkara", "POKTAN": "Gapoktan Anugrah Tingkara", "K_POKTAN": "H. Amirsalim", "P_SID": "Universitas Negeri Makassar", "NO_HP_1": null, "NAMA_PEMIL": "Pemerintah Desa", "N_PETAK": "TKB171", "LUAS_HA": 0.89456889551999996, "PAKET": "Paket Sulawesi Selatan 13" }, "geometry": { "type": "MultiPolygon", "coordinates": [ [ [ [ 120.397941341719616, -2.694305898298524, 0.0 ], [ 120.398435420258465, -2.694560999090811, 0.0 ], [ 120.398258082944267, -2.6947857522606, 0.0 ], [ 120.398500854930603, -2.694945071657685, 0.0 ], [ 120.398402228979762, -2.695058870970058, 0.0 ], [ 120.397859785800506, -2.69476678645799, 0.0 ], [ 120.396755931840858, -2.694156063151752, 0.0 ], [ 120.397036636331791, -2.693849278321466, 0.0 ], [ 120.397941341719616, -2.694305898298524, 0.0 ] ] ] ] } },
{ "type": "Feature", "properties": { "OBJECTID": 3279, "WADMPR": "Sulawesi Selatan", "WADMKK": "Kab. Luwu Utara", "WADMKC": "Kec. Malangke", "WADMKD": "Desa Tingkara", "POKTAN": "Gapoktan Anugrah Tingkara", "K_POKTAN": "H. Amirsalim", "P_SID": "Universitas Negeri Makassar", "NO_HP_1": null, "NAMA_PEMIL": "Pemerintah Desa", "N_PETAK": "TKB172", "LUAS_HA": 0.3273208377, "PAKET": "Paket Sulawesi Selatan 13" }, "geometry": { "type": "MultiPolygon", "coordinates": [ [ [ [ 120.398094022321288, -2.695400268907235, 0.0 ], [ 120.397815214500611, -2.695724123769253, 0.0 ], [ 120.397717536435266, -2.695672913674002, 0.0 ], [ 120.397219663656642, -2.695356646392042, 0.0 ], [ 120.39751269785279, -2.695106287724968, 0.0 ], [ 120.398094022321288, -2.695400268907235, 0.0 ] ] ] ] } },
{ "type": "Feature", "properties": { "OBJECTID": 3280, "WADMPR": "Sulawesi Selatan", "WADMKK": "Kab. Luwu Utara", "WADMKC": "Kec. Malangke", "WADMKD": "Desa Tingkara", "POKTAN": "Gapoktan Anugrah Tingkara", "K_POKTAN": "H. Amirsalim", "P_SID": "Universitas Negeri Makassar", "NO_HP_1": null, "NAMA_PEMIL": "Pemerintah Desa", "N_PETAK": "TKB173", "LUAS_HA": 0.35326453194000002, "PAKET": "Paket Sulawesi Selatan 13" }, "geometry": { "type": "MultiPolygon", "coordinates": [ [ [ [ 120.398402228979762, -2.695058870970058, 0.0 ], [ 120.398094022321288, -2.695400268907235, 0.0 ], [ 120.39751269785279, -2.695106287724968, 0.0 ], [ 120.397859785800506, -2.69476678645799, 0.0 ], [ 120.398402228979762, -2.695058870970058, 0.0 ] ] ] ] } },
{ "type": "Feature", "properties": { "OBJECTID": 3281, "WADMPR": "Sulawesi Selatan", "WADMKK": "Kab. Luwu Utara", "WADMKC": "Kec. Malangke", "WADMKD": "Desa Tingkara", "POKTAN": "Gapoktan Anugrah Tingkara", "K_POKTAN": "H. Amirsalim", "P_SID": "Universitas Negeri Makassar", "NO_HP_1": null, "NAMA_PEMIL": "Pemerintah Desa", "N_PETAK": "TKB174", "LUAS_HA": 1.1408798717, "PAKET": "Paket Sulawesi Selatan 13" }, "geometry": { "type": "MultiPolygon", "coordinates": [ [ [ [ 120.401081256295015, -2.695294057174976, 0.0 ], [ 120.400770203282264, -2.695673387616694, 0.0 ], [ 120.400542605556893, -2.695574761665853, 0.0 ], [ 120.399598070994216, -2.695108184395167, 0.0 ], [ 120.399015797740958, -2.694816099883042, 0.0 ], [ 120.399368575699327, -2.69446332102541, 0.0 ], [ 120.401081256295015, -2.695294057174976, 0.0 ] ] ] ] } },
{ "type": "Feature", "properties": { "OBJECTID": 3282, "WADMPR": "Sulawesi Selatan", "WADMKK": "Kab. Luwu Utara", "WADMKC": "Kec. Malangke", "WADMKD": "Desa Tingkara", "POKTAN": "Gapoktan Anugrah Tingkara", "K_POKTAN": "H. Amirsalim", "P_SID": "Universitas Negeri Makassar", "NO_HP_1": null, "NAMA_PEMIL": "Pemerintah Desa", "N_PETAK": "TKB175", "LUAS_HA": 1.0218771853799999, "PAKET": "Paket Sulawesi Selatan 13" }, "geometry": { "type": "MultiPolygon", "coordinates": [ [ [ [ 120.399015797740958, -2.694816099883042, 0.0 ], [ 120.399598070994216, -2.695108184395167, 0.0 ], [ 120.399250508204432, -2.695464281751129, 0.0 ], [ 120.398894411747733, -2.695827017003182, 0.0 ], [ 120.398449645734672, -2.695601314149258, 0.0 ], [ 120.398139542406057, -2.695443892321748, 0.0 ], [ 120.39876164573343, -2.694738335505747, 0.0 ], [ 120.399015797740958, -2.694816099883042, 0.0 ] ] ] ] } },
{ "type": "Feature", "properties": { "OBJECTID": 3283, "WADMPR": "Sulawesi Selatan", "WADMKK": "Kab. Luwu Utara", "WADMKC": "Kec. Malangke", "WADMKD": "Desa Tingkara", "POKTAN": "Gapoktan Anugrah Tingkara", "K_POKTAN": "H. Amirsalim", "P_SID": "Universitas Negeri Makassar", "NO_HP_1": null, "NAMA_PEMIL": "Pemerintah Desa", "N_PETAK": "TKB176", "LUAS_HA": 0.60381862221000004, "PAKET": "Paket Sulawesi Selatan 13" }, "geometry": { "type": "MultiPolygon", "coordinates": [ [ [ [ 120.400134824162819, -2.695921848714306, 0.0 ], [ 120.399728940338377, -2.69630497339574, 0.0 ], [ 120.399224429663718, -2.695997716421402, 0.0 ], [ 120.398894411747733, -2.695827017003182, 0.0 ], [ 120.399250508204432, -2.695464281751129, 0.0 ], [ 120.400134824162819, -2.695921848714306, 0.0 ] ] ] ] } },
{ "type": "Feature", "properties": { "OBJECTID": 3284, "WADMPR": "Sulawesi Selatan", "WADMKK": "Kab. Luwu Utara", "WADMKC": "Kec. Malangke", "WADMKD": "Desa Tingkara", "POKTAN": "Gapoktan Anugrah Tingkara", "K_POKTAN": "H. Amirsalim", "P_SID": "Universitas Negeri Makassar", "NO_HP_1": null, "NAMA_PEMIL": "Pemerintah Desa", "N_PETAK": "TKB177", "LUAS_HA": 0.60989284911999997, "PAKET": "Paket Sulawesi Selatan 13" }, "geometry": { "type": "MultiPolygon", "coordinates": [ [ [ [ 120.400542605556893, -2.695574761665853, 0.0 ], [ 120.400134824162819, -2.695921848714306, 0.0 ], [ 120.399250508204432, -2.695464281751129, 0.0 ], [ 120.399598070994216, -2.695108184395167, 0.0 ], [ 120.400542605556893, -2.695574761665853, 0.0 ] ] ] ] } },
{ "type": "Feature", "properties": { "OBJECTID": 3285, "WADMPR": "Sulawesi Selatan", "WADMKK": "Kab. Luwu Utara", "WADMKC": "Kec. Malangke", "WADMKD": "Desa Tingkara", "POKTAN": "Gapoktan Anugrah Tingkara", "K_POKTAN": "H. Amirsalim", "P_SID": "Universitas Negeri Makassar", "NO_HP_1": null, "NAMA_PEMIL": "Pemerintah Desa", "N_PETAK": "TKB178", "LUAS_HA": 0.47756694937, "PAKET": "Paket Sulawesi Selatan 13" }, "geometry": { "type": "MultiPolygon", "coordinates": [ [ [ [ 120.400770203282264, -2.695673387616694, 0.0 ], [ 120.401179882245856, -2.695893873503394, 0.0 ], [ 120.400866106086028, -2.696300050506863, 0.0 ], [ 120.400134824162819, -2.695921848714306, 0.0 ], [ 120.400542605556893, -2.695574761665853, 0.0 ], [ 120.400770203282264, -2.695673387616694, 0.0 ] ] ] ] } },
{ "type": "Feature", "properties": { "OBJECTID": 3286, "WADMPR": "Sulawesi Selatan", "WADMKK": "Kab. Luwu Utara", "WADMKC": "Kec. Malangke", "WADMKD": "Desa Tingkara", "POKTAN": "Gapoktan Anugrah Tingkara", "K_POKTAN": "H. Amirsalim", "P_SID": "Universitas Negeri Makassar", "NO_HP_1": null, "NAMA_PEMIL": "Pemerintah Desa", "N_PETAK": "TKB179", "LUAS_HA": 0.54130012312999998, "PAKET": "Paket Sulawesi Selatan 13" }, "geometry": { "type": "MultiPolygon", "coordinates": [ [ [ [ 120.400866106086028, -2.696300050506863, 0.0 ], [ 120.400561571359503, -2.696694262030519, 0.0 ], [ 120.399728940338377, -2.69630497339574, 0.0 ], [ 120.400134824162819, -2.695921848714306, 0.0 ], [ 120.400866106086028, -2.696300050506863, 0.0 ] ] ] ] } },
{ "type": "Feature", "properties": { "OBJECTID": 3287, "WADMPR": "Sulawesi Selatan", "WADMKK": "Kab. Luwu Utara", "WADMKC": "Kec. Malangke", "WADMKD": "Desa Tingkara", "POKTAN": "Gapoktan Anugrah Tingkara", "K_POKTAN": "H. Amirsalim", "P_SID": "Universitas Negeri Makassar", "NO_HP_1": null, "NAMA_PEMIL": "Pemerintah Desa", "N_PETAK": "TKB180", "LUAS_HA": 0.17640603531, "PAKET": "Paket Sulawesi Selatan 13" }, "geometry": { "type": "MultiPolygon", "coordinates": [ [ [ [ 120.398449645734672, -2.695601314149258, 0.0 ], [ 120.398221098325052, -2.695913314148072, 0.0 ], [ 120.397863104298835, -2.695743564413931, 0.0 ], [ 120.398139542406057, -2.695443892321748, 0.0 ], [ 120.398449645734672, -2.695601314149258, 0.0 ] ] ] ] } },
{ "type": "Feature", "properties": { "OBJECTID": 3288, "WADMPR": "Sulawesi Selatan", "WADMKK": "Kab. Luwu Utara", "WADMKC": "Kec. Malangke", "WADMKD": "Desa Tingkara", "POKTAN": "Gapoktan Anugrah Tingkara", "K_POKTAN": "H. Amirsalim", "P_SID": "Universitas Negeri Makassar", "NO_HP_1": null, "NAMA_PEMIL": "Pemerintah Desa", "N_PETAK": "TKB181", "LUAS_HA": 0.62768778787000001, "PAKET": "Paket Sulawesi Selatan 13" }, "geometry": { "type": "MultiPolygon", "coordinates": [ [ [ [ 120.398894411747733, -2.695827017003182, 0.0 ], [ 120.399728940338377, -2.69630497339574, 0.0 ], [ 120.399525523584089, -2.696541818849823, 0.0 ], [ 120.398221098325052, -2.695913314148072, 0.0 ], [ 120.398449645734672, -2.695601314149258, 0.0 ], [ 120.398894411747733, -2.695827017003182, 0.0 ] ] ] ] } },
{ "type": "Feature", "properties": { "OBJECTID": 3289, "WADMPR": "Sulawesi Selatan", "WADMKK": "Kab. Luwu Utara", "WADMKC": "Kec. Malangke", "WADMKD": "Desa Tingkara", "POKTAN": "Gapoktan Anugrah Tingkara", "K_POKTAN": "H. Amirsalim", "P_SID": "Universitas Negeri Makassar", "NO_HP_1": null, "NAMA_PEMIL": "Pemerintah Desa", "N_PETAK": "TKB182", "LUAS_HA": 0.34199810412999998, "PAKET": "Paket Sulawesi Selatan 13" }, "geometry": { "type": "MultiPolygon", "coordinates": [ [ [ [ 120.400561571359503, -2.696694262030519, 0.0 ], [ 120.400344878813144, -2.696932531111372, 0.0 ], [ 120.399525523584089, -2.696541818849823, 0.0 ], [ 120.399728940338377, -2.69630497339574, 0.0 ], [ 120.400561571359503, -2.696694262030519, 0.0 ] ] ] ] } },
{ "type": "Feature", "properties": { "OBJECTID": 3290, "WADMPR": "Sulawesi Selatan", "WADMKK": "Kab. Luwu Utara", "WADMKC": "Kec. Malangke", "WADMKD": "Desa Tingkara", "POKTAN": "Gapoktan Anugrah Tingkara", "K_POKTAN": "H. Amirsalim", "P_SID": "Universitas Negeri Makassar", "NO_HP_1": null, "NAMA_PEMIL": "Pemerintah Desa", "N_PETAK": "TKB183", "LUAS_HA": 0.58130881804000001, "PAKET": "Paket Sulawesi Selatan 13" }, "geometry": { "type": "MultiPolygon", "coordinates": [ [ [ [ 120.401946604652153, -2.695694014467165, 0.0 ], [ 120.401658313480425, -2.696084724930074, 0.0 ], [ 120.401179882245856, -2.695893873503394, 0.0 ], [ 120.400770203282264, -2.695673387616694, 0.0 ], [ 120.401081256295015, -2.695294057174976, 0.0 ], [ 120.401946604652153, -2.695694014467165, 0.0 ] ] ] ] } },
{ "type": "Feature", "properties": { "OBJECTID": 3291, "WADMPR": "Sulawesi Selatan", "WADMKK": "Kab. Luwu Utara", "WADMKC": "Kec. Malangke", "WADMKD": "Desa Tingkara", "POKTAN": "Gapoktan Anugrah Tingkara", "K_POKTAN": "H. Amirsalim", "P_SID": "Universitas Negeri Makassar", "NO_HP_1": null, "NAMA_PEMIL": "Pemerintah Desa", "N_PETAK": "TKB184", "LUAS_HA": 0.54849916641999996, "PAKET": "Paket Sulawesi Selatan 13" }, "geometry": { "type": "MultiPolygon", "coordinates": [ [ [ [ 120.402834240008247, -2.696111278312799, 0.0 ], [ 120.402523188794135, -2.696464055371791, 0.0 ], [ 120.401957985572608, -2.696218438829817, 0.0 ], [ 120.401658313480425, -2.696084724930074, 0.0 ], [ 120.401946604652153, -2.695694014467165, 0.0 ], [ 120.402834240008247, -2.696111278312799, 0.0 ] ] ] ] } },
{ "type": "Feature", "properties": { "OBJECTID": 3292, "WADMPR": "Sulawesi Selatan", "WADMKK": "Kab. Luwu Utara", "WADMKC": "Kec. Malangke", "WADMKD": "Desa Tingkara", "POKTAN": "Gapoktan Anugrah Tingkara", "K_POKTAN": "H. Amirsalim", "P_SID": "Universitas Negeri Makassar", "NO_HP_1": null, "NAMA_PEMIL": "Pemerintah Desa", "N_PETAK": "TKB185", "LUAS_HA": 0.49426743268000001, "PAKET": "Paket Sulawesi Selatan 13" }, "geometry": { "type": "MultiPolygon", "coordinates": [ [ [ [ 120.403513243441466, -2.695974718058721, 0.0 ], [ 120.402948039320677, -2.696668895752907, 0.0 ], [ 120.402735377535691, -2.696566712983383, 0.0 ], [ 120.402523188794135, -2.696464055371791, 0.0 ], [ 120.402834240008247, -2.696111278312799, 0.0 ], [ 120.403114945398443, -2.695766086135905, 0.0 ], [ 120.403513243441466, -2.695974718058721, 0.0 ] ] ] ] } },
{ "type": "Feature", "properties": { "OBJECTID": 3293, "WADMPR": "Sulawesi Selatan", "WADMKK": "Kab. Luwu Utara", "WADMKC": "Kec. Malangke", "WADMKD": "Desa Tingkara", "POKTAN": "Gapoktan Anugrah Tingkara", "K_POKTAN": "H. Amirsalim", "P_SID": "Universitas Negeri Makassar", "NO_HP_1": null, "NAMA_PEMIL": "Pemerintah Desa", "N_PETAK": "TKB186", "LUAS_HA": 0.53948644539000001, "PAKET": "Paket Sulawesi Selatan 13" }, "geometry": { "type": "MultiPolygon", "coordinates": [ [ [ [ 120.403972234031471, -2.69620990426364, 0.0 ], [ 120.403376684086766, -2.696892700137937, 0.0 ], [ 120.402948039320677, -2.696668895752907, 0.0 ], [ 120.403513243441466, -2.695974718058721, 0.0 ], [ 120.403972234031471, -2.69620990426364, 0.0 ] ] ] ] } },
{ "type": "Feature", "properties": { "OBJECTID": 3294, "WADMPR": "Sulawesi Selatan", "WADMKK": "Kab. Luwu Utara", "WADMKC": "Kec. Malangke", "WADMKD": "Desa Tingkara", "POKTAN": "Gapoktan Anugrah Tingkara", "K_POKTAN": "H. Amirsalim", "P_SID": "Universitas Negeri Makassar", "NO_HP_1": null, "NAMA_PEMIL": "Pemerintah Desa", "N_PETAK": "TKB187", "LUAS_HA": 1.0410966846900001, "PAKET": "Paket Sulawesi Selatan 13" }, "geometry": { "type": "MultiPolygon", "coordinates": [ [ [ [ 120.401658313480425, -2.696084724930074, 0.0 ], [ 120.401957985572608, -2.696218438829817, 0.0 ], [ 120.401688660203604, -2.696630014463551, 0.0 ], [ 120.401385194771024, -2.697016930686743, 0.0 ], [ 120.400561571359503, -2.696694262030519, 0.0 ], [ 120.400866106086028, -2.696300050506863, 0.0 ], [ 120.401179882245856, -2.695893873503394, 0.0 ], [ 120.401658313480425, -2.696084724930074, 0.0 ] ] ] ] } },
{ "type": "Feature", "properties": { "OBJECTID": 3295, "WADMPR": "Sulawesi Selatan", "WADMKK": "Kab. Luwu Utara", "WADMKC": "Kec. Malangke", "WADMKD": "Desa Tingkara", "POKTAN": "Gapoktan Anugrah Tingkara", "K_POKTAN": "H. Amirsalim", "P_SID": "Universitas Negeri Makassar", "NO_HP_1": null, "NAMA_PEMIL": "Pemerintah Desa", "N_PETAK": "TKB188", "LUAS_HA": 0.51448297853000002, "PAKET": "Paket Sulawesi Selatan 13" }, "geometry": { "type": "MultiPolygon", "coordinates": [ [ [ [ 120.402523188794135, -2.696464055371791, 0.0 ], [ 120.402735377535691, -2.696566712983383, 0.0 ], [ 120.402457516701133, -2.696982080158818, 0.0 ], [ 120.401688660203604, -2.696630014463551, 0.0 ], [ 120.401957985572608, -2.696218438829817, 0.0 ], [ 120.402523188794135, -2.696464055371791, 0.0 ] ] ] ] } },
{ "type": "Feature", "properties": { "OBJECTID": 3296, "WADMPR": "Sulawesi Selatan", "WADMKK": "Kab. Luwu Utara", "WADMKC": "Kec. Malangke", "WADMKD": "Desa Tingkara", "POKTAN": "Gapoktan Anugrah Tingkara", "K_POKTAN": "H. Amirsalim", "P_SID": "Universitas Negeri Makassar", "NO_HP_1": null, "NAMA_PEMIL": "Pemerintah Desa", "N_PETAK": "TKB189", "LUAS_HA": 1.4423044408400001, "PAKET": "Paket Sulawesi Selatan 13" }, "geometry": { "type": "MultiPolygon", "coordinates": [ [ [ [ 120.403376684086766, -2.696892700137937, 0.0 ], [ 120.403471280175495, -2.696949837664818, 0.0 ], [ 120.403250319446784, -2.697329168106592, 0.0 ], [ 120.40278469006148, -2.698095417469517, 0.0 ], [ 120.401976714853618, -2.697736000715793, 0.0 ], [ 120.402170173414788, -2.697433484967291, 0.0 ], [ 120.402457516701133, -2.696982080158818, 0.0 ], [ 120.402735377535691, -2.696566712983383, 0.0 ], [ 120.403376684086766, -2.696892700137937, 0.0 ] ] ] ] } },
{ "type": "Feature", "properties": { "OBJECTID": 3297, "WADMPR": "Sulawesi Selatan", "WADMKK": "Kab. Luwu Utara", "WADMKC": "Kec. Malangke", "WADMKD": "Desa Tingkara", "POKTAN": "Gapoktan Anugrah Tingkara", "K_POKTAN": "H. Amirsalim", "P_SID": "Universitas Negeri Makassar", "NO_HP_1": null, "NAMA_PEMIL": "Pemerintah Desa", "N_PETAK": "TKB190", "LUAS_HA": 0.36876430666, "PAKET": "Paket Sulawesi Selatan 13" }, "geometry": { "type": "MultiPolygon", "coordinates": [ [ [ [ 120.401385194771024, -2.697016930686743, 0.0 ], [ 120.401140289592718, -2.697317788984719, 0.0 ], [ 120.400344878813144, -2.696932531111372, 0.0 ], [ 120.400561571359503, -2.696694262030519, 0.0 ], [ 120.401385194771024, -2.697016930686743, 0.0 ] ] ] ] } },
{ "type": "Feature", "properties": { "OBJECTID": 3298, "WADMPR": "Sulawesi Selatan", "WADMKK": "Kab. Luwu Utara", "WADMKC": "Kec. Malangke", "WADMKD": "Desa Tingkara", "POKTAN": "Gapoktan Anugrah Tingkara", "K_POKTAN": "H. Amirsalim", "P_SID": "Universitas Negeri Makassar", "NO_HP_1": null, "NAMA_PEMIL": "Pemerintah Desa", "N_PETAK": "TKB191", "LUAS_HA": 0.54000705131000004, "PAKET": "Paket Sulawesi Selatan 13" }, "geometry": { "type": "MultiPolygon", "coordinates": [ [ [ [ 120.402457516701133, -2.696982080158818, 0.0 ], [ 120.402170173414788, -2.697433484967291, 0.0 ], [ 120.401385194771024, -2.697016930686743, 0.0 ], [ 120.401688660203604, -2.696630014463551, 0.0 ], [ 120.402457516701133, -2.696982080158818, 0.0 ] ] ] ] } },
{ "type": "Feature", "properties": { "OBJECTID": 3299, "WADMPR": "Sulawesi Selatan", "WADMKK": "Kab. Luwu Utara", "WADMKC": "Kec. Malangke", "WADMKD": "Desa Tingkara", "POKTAN": "Gapoktan Anugrah Tingkara", "K_POKTAN": "H. Amirsalim", "P_SID": "Universitas Negeri Makassar", "NO_HP_1": null, "NAMA_PEMIL": "Pemerintah Desa", "N_PETAK": "TKB192", "LUAS_HA": 0.41321389437, "PAKET": "Paket Sulawesi Selatan 13" }, "geometry": { "type": "MultiPolygon", "coordinates": [ [ [ [ 120.402170173414788, -2.697433484967291, 0.0 ], [ 120.401976714853618, -2.697736000715793, 0.0 ], [ 120.401140289592718, -2.697317788984719, 0.0 ], [ 120.401385194771024, -2.697016930686743, 0.0 ], [ 120.402170173414788, -2.697433484967291, 0.0 ] ] ] ] } },
{ "type": "Feature", "properties": { "OBJECTID": 3300, "WADMPR": "Sulawesi Selatan", "WADMKK": "Kab. Luwu Utara", "WADMKC": "Kec. Malangke", "WADMKD": "Desa Tingkara", "POKTAN": "Gapoktan Anugrah Tingkara", "K_POKTAN": "H. Amirsalim", "P_SID": "Universitas Negeri Makassar", "NO_HP_1": null, "NAMA_PEMIL": "Pemerintah Desa", "N_PETAK": "TKB193", "LUAS_HA": 1.06598090824, "PAKET": "Paket Sulawesi Selatan 13" }, "geometry": { "type": "MultiPolygon", "coordinates": [ [ [ [ 120.404837819809586, -2.696617922179314, 0.0 ], [ 120.404168300626679, -2.697351929048239, 0.0 ], [ 120.403934064105783, -2.69723054305507, 0.0 ], [ 120.403471280175495, -2.696949837664818, 0.0 ], [ 120.403376684086766, -2.696892700137937, 0.0 ], [ 120.403972234031471, -2.69620990426364, 0.0 ], [ 120.404837819809586, -2.696617922179314, 0.0 ] ] ] ] } },
{ "type": "Feature", "properties": { "OBJECTID": 3301, "WADMPR": "Sulawesi Selatan", "WADMKK": "Kab. Luwu Utara", "WADMKC": "Kec. Malangke", "WADMKD": "Desa Tingkara", "POKTAN": "Gapoktan Anugrah Tingkara", "K_POKTAN": "H. Amirsalim", "P_SID": "Universitas Negeri Makassar", "NO_HP_1": null, "NAMA_PEMIL": "Pemerintah Desa", "N_PETAK": "TKB194", "LUAS_HA": 0.27301907018, "PAKET": "Paket Sulawesi Selatan 13" }, "geometry": { "type": "MultiPolygon", "coordinates": [ [ [ [ 120.403934064105783, -2.69723054305507, 0.0 ], [ 120.403779485934592, -2.69755487096046, 0.0 ], [ 120.403250319446784, -2.697329168106592, 0.0 ], [ 120.403471280175495, -2.696949837664818, 0.0 ], [ 120.403934064105783, -2.69723054305507, 0.0 ] ] ] ] } },
{ "type": "Feature", "properties": { "OBJECTID": 3302, "WADMPR": "Sulawesi Selatan", "WADMKK": "Kab. Luwu Utara", "WADMKC": "Kec. Malangke", "WADMKD": "Desa Tingkara", "POKTAN": "Gapoktan Anugrah Tingkara", "K_POKTAN": "H. Amirsalim", "P_SID": "Universitas Negeri Makassar", "NO_HP_1": null, "NAMA_PEMIL": "Pemerintah Desa", "N_PETAK": "TKB195", "LUAS_HA": 0.21577176388, "PAKET": "Paket Sulawesi Selatan 13" }, "geometry": { "type": "MultiPolygon", "coordinates": [ [ [ [ 120.404168300626679, -2.697351929048239, 0.0 ], [ 120.404369346768021, -2.697437278307689, 0.0 ], [ 120.404263133237123, -2.697767296223674, 0.0 ], [ 120.4039302707655, -2.69762125261866, 0.0 ], [ 120.403779485934592, -2.69755487096046, 0.0 ], [ 120.403934064105783, -2.69723054305507, 0.0 ], [ 120.404168300626679, -2.697351929048239, 0.0 ] ] ] ] } },
{ "type": "Feature", "properties": { "OBJECTID": 3303, "WADMPR": "Sulawesi Selatan", "WADMKK": "Kab. Luwu Utara", "WADMKC": "Kec. Malangke", "WADMKD": "Desa Tingkara", "POKTAN": "Gapoktan Anugrah Tingkara", "K_POKTAN": "H. Amirsalim", "P_SID": "Universitas Negeri Makassar", "NO_HP_1": null, "NAMA_PEMIL": "Pemerintah Desa", "N_PETAK": "TKB196", "LUAS_HA": 0.95488229766, "PAKET": "Paket Sulawesi Selatan 13" }, "geometry": { "type": "MultiPolygon", "coordinates": [ [ [ [ 120.403779485934592, -2.69755487096046, 0.0 ], [ 120.4039302707655, -2.69762125261866, 0.0 ], [ 120.403678015428113, -2.698506992203875, 0.0 ], [ 120.40278469006148, -2.698095417469517, 0.0 ], [ 120.403250319446784, -2.697329168106592, 0.0 ], [ 120.403779485934592, -2.69755487096046, 0.0 ] ] ] ] } },
{ "type": "Feature", "properties": { "OBJECTID": 3304, "WADMPR": "Sulawesi Selatan", "WADMKK": "Kab. Luwu Utara", "WADMKC": "Kec. Malangke", "WADMKD": "Desa Tingkara", "POKTAN": "Gapoktan Anugrah Tingkara", "K_POKTAN": "H. Amirsalim", "P_SID": "Universitas Negeri Makassar", "NO_HP_1": null, "NAMA_PEMIL": "Pemerintah Desa", "N_PETAK": "TKB197", "LUAS_HA": 0.40529694453999998, "PAKET": "Paket Sulawesi Selatan 13" }, "geometry": { "type": "MultiPolygon", "coordinates": [ [ [ [ 120.404263133237123, -2.697767296223674, 0.0 ], [ 120.404002343333559, -2.698656827350646, 0.0 ], [ 120.403678015428113, -2.698506992203875, 0.0 ], [ 120.4039302707655, -2.69762125261866, 0.0 ], [ 120.404263133237123, -2.697767296223674, 0.0 ] ] ] ] } },
{ "type": "Feature", "properties": { "OBJECTID": 3305, "WADMPR": "Sulawesi Selatan", "WADMKK": "Kab. Luwu Utara", "WADMKC": "Kec. Malangke", "WADMKD": "Desa Tingkara", "POKTAN": "Gapoktan Anugrah Tingkara", "K_POKTAN": "H. Amirsalim", "P_SID": "Universitas Negeri Makassar", "NO_HP_1": null, "NAMA_PEMIL": "Pemerintah Desa", "N_PETAK": "TKB198", "LUAS_HA": 0.84538992085999998, "PAKET": "Paket Sulawesi Selatan 13" }, "geometry": { "type": "MultiPolygon", "coordinates": [ [ [ [ 120.404719279271376, -2.697573836763127, 0.0 ], [ 120.404639619123145, -2.698947016991212, 0.0 ], [ 120.404002343333559, -2.698656827350646, 0.0 ], [ 120.404369346768021, -2.697437278307689, 0.0 ], [ 120.404719279271376, -2.697573836763127, 0.0 ] ] ] ] } },
{ "type": "Feature", "properties": { "OBJECTID": 3306, "WADMPR": "Sulawesi Selatan", "WADMKK": "Kab. Luwu Utara", "WADMKC": "Kec. Malangke", "WADMKD": "Desa Tingkara", "POKTAN": "Gapoktan Anugrah Tingkara", "K_POKTAN": "H. Amirsalim", "P_SID": "Universitas Negeri Makassar", "NO_HP_1": null, "NAMA_PEMIL": "Pemerintah Desa", "N_PETAK": "TKB199", "LUAS_HA": 0.82370420211999995, "PAKET": "Paket Sulawesi Selatan 13" }, "geometry": { "type": "MultiPolygon", "coordinates": [ [ [ [ 120.404977224619302, -2.697718931583381, 0.0 ], [ 120.405170684079849, -2.69780617661371, 0.0 ], [ 120.405144130697181, -2.699194529304009, 0.0 ], [ 120.404639619123145, -2.698947016991212, 0.0 ], [ 120.404719279271376, -2.697573836763127, 0.0 ], [ 120.404977224619302, -2.697718931583381, 0.0 ] ] ] ] } },
{ "type": "Feature", "properties": { "OBJECTID": 3307, "WADMPR": "Sulawesi Selatan", "WADMKK": "Kab. Luwu Utara", "WADMKC": "Kec. Malangke", "WADMKD": "Desa Tingkara", "POKTAN": "Gapoktan Anugrah Tingkara", "K_POKTAN": "H. Amirsalim", "P_SID": "Universitas Negeri Makassar", "NO_HP_1": null, "NAMA_PEMIL": "Pemerintah Desa", "N_PETAK": "TKB200", "LUAS_HA": 1.54562570499, "PAKET": "Paket Sulawesi Selatan 13" }, "geometry": { "type": "MultiPolygon", "coordinates": [ [ [ [ 120.405592690050639, -2.69826232264802, 0.0 ], [ 120.406642488460193, -2.699403161226883, 0.0 ], [ 120.406141291787208, -2.69953519699169, 0.0 ], [ 120.405963740434345, -2.699581971630664, 0.0 ], [ 120.405936932543455, -2.699589034906012, 0.0 ], [ 120.405144130697181, -2.699194529304009, 0.0 ], [ 120.405170684079849, -2.69780617661371, 0.0 ], [ 120.405592690050639, -2.69826232264802, 0.0 ] ] ] ] } },
{ "type": "Feature", "properties": { "OBJECTID": 3308, "WADMPR": "Sulawesi Selatan", "WADMKK": "Kab. Luwu Utara", "WADMKC": "Kec. Malangke", "WADMKD": "Desa Tingkara", "POKTAN": "Gapoktan Anugrah Tingkara", "K_POKTAN": "H. Amirsalim", "P_SID": "Universitas Negeri Makassar", "NO_HP_1": null, "NAMA_PEMIL": "Pemerintah Desa", "N_PETAK": "TKB201", "LUAS_HA": 1.00826034171, "PAKET": "Paket Sulawesi Selatan 13" }, "geometry": { "type": "MultiPolygon", "coordinates": [ [ [ [ 120.405635364680393, -2.697011478996501, 0.0 ], [ 120.404977224619302, -2.697718931583381, 0.0 ], [ 120.404719279271376, -2.697573836763127, 0.0 ], [ 120.404168300626679, -2.697351929048239, 0.0 ], [ 120.404837819809586, -2.696617922179314, 0.0 ], [ 120.405635364680393, -2.697011478996501, 0.0 ] ] ] ] } },
{ "type": "Feature", "properties": { "OBJECTID": 3309, "WADMPR": "Sulawesi Selatan", "WADMKK": "Kab. Luwu Utara", "WADMKC": "Kec. Malangke", "WADMKD": "Desa Tingkara", "POKTAN": "Gapoktan Anugrah Tingkara", "K_POKTAN": "H. Amirsalim", "P_SID": "Universitas Negeri Makassar", "NO_HP_1": null, "NAMA_PEMIL": "Pemerintah Desa", "N_PETAK": "TKB202", "LUAS_HA": 0.93076712410999995, "PAKET": "Paket Sulawesi Selatan 13" }, "geometry": { "type": "MultiPolygon", "coordinates": [ [ [ [ 120.406234707965496, -2.697542543053885, 0.0 ], [ 120.405592690050639, -2.69826232264802, 0.0 ], [ 120.405170684079849, -2.69780617661371, 0.0 ], [ 120.404977224619302, -2.697718931583381, 0.0 ], [ 120.405635364680393, -2.697011478996501, 0.0 ], [ 120.406234707965496, -2.697542543053885, 0.0 ] ] ] ] } },
{ "type": "Feature", "properties": { "OBJECTID": 3310, "WADMPR": "Sulawesi Selatan", "WADMKK": "Kab. Luwu Utara", "WADMKC": "Kec. Malangke", "WADMKD": "Desa Tingkara", "POKTAN": "Gapoktan Anugrah Tingkara", "K_POKTAN": "H. Amirsalim", "P_SID": "Universitas Negeri Makassar", "NO_HP_1": null, "NAMA_PEMIL": "Pemerintah Desa", "N_PETAK": "TKB203", "LUAS_HA": 2.2083074862099998, "PAKET": "Paket Sulawesi Selatan 13" }, "geometry": { "type": "MultiPolygon", "coordinates": [ [ [ [ 120.406237822317735, -2.697546194301367, 0.0 ], [ 120.40636077942645, -2.697690343934198, 0.0 ], [ 120.4075111571143, -2.699039003247378, 0.0 ], [ 120.406904227148402, -2.699683866617079, 0.0 ], [ 120.406642488460193, -2.699403161226883, 0.0 ], [ 120.405592690050639, -2.69826232264802, 0.0 ], [ 120.406234707965496, -2.697542543053885, 0.0 ], [ 120.406237822317735, -2.697546194301367, 0.0 ] ] ] ] } },
{ "type": "Feature", "properties": { "OBJECTID": 3311, "WADMPR": "Sulawesi Selatan", "WADMKK": "Kab. Luwu Utara", "WADMKC": "Kec. Malangke", "WADMKD": "Desa Tingkara", "POKTAN": "Gapoktan Anugrah Tingkara", "K_POKTAN": "H. Amirsalim", "P_SID": "Universitas Negeri Makassar", "NO_HP_1": null, "NAMA_PEMIL": "Pemerintah Desa", "N_PETAK": "TKB204", "LUAS_HA": 0.55483241278999995, "PAKET": "Paket Sulawesi Selatan 13" }, "geometry": { "type": "MultiPolygon", "coordinates": [ [ [ [ 120.390092478884867, -2.69834421851084, 0.0 ], [ 120.38995460831859, -2.698808783098798, 0.0 ], [ 120.389816737752312, -2.699263356218864, 0.0 ], [ 120.389345180935379, -2.699115494184639, 0.0 ], [ 120.389662882636003, -2.698216339412511, 0.0 ], [ 120.390092478884867, -2.69834421851084, 0.0 ] ] ] ] } },
{ "type": "Feature", "properties": { "OBJECTID": 3312, "WADMPR": "Sulawesi Selatan", "WADMKK": "Kab. Luwu Utara", "WADMKC": "Kec. Malangke", "WADMKD": "Desa Tingkara", "POKTAN": "Gapoktan Anugrah Tingkara", "K_POKTAN": "H. Amirsalim", "P_SID": "Universitas Negeri Makassar", "NO_HP_1": null, "NAMA_PEMIL": "Pemerintah Desa", "N_PETAK": "TKB205", "LUAS_HA": 0.41466706307000001, "PAKET": "Paket Sulawesi Selatan 13" }, "geometry": { "type": "MultiPolygon", "coordinates": [ [ [ [ 120.390580021151095, -2.698991611673478, 0.0 ], [ 120.390307277458987, -2.698908689684231, 0.0 ], [ 120.38995460831859, -2.698808783098798, 0.0 ], [ 120.390092478884867, -2.69834421851084, 0.0 ], [ 120.390715893423817, -2.698432137133352, 0.0 ], [ 120.390580021151095, -2.698991611673478, 0.0 ] ] ] ] } },
{ "type": "Feature", "properties": { "OBJECTID": 3313, "WADMPR": "Sulawesi Selatan", "WADMKK": "Kab. Luwu Utara", "WADMKC": "Kec. Malangke", "WADMKD": "Desa Tingkara", "POKTAN": "Gapoktan Anugrah Tingkara", "K_POKTAN": "H. Amirsalim", "P_SID": "Universitas Negeri Makassar", "NO_HP_1": null, "NAMA_PEMIL": "Pemerintah Desa", "N_PETAK": "TKB206", "LUAS_HA": 0.54916325017000001, "PAKET": "Paket Sulawesi Selatan 13" }, "geometry": { "type": "MultiPolygon", "coordinates": [ [ [ [ 120.390307277458987, -2.698908689684231, 0.0 ], [ 120.390085485756572, -2.699707938770302, 0.0 ], [ 120.389971592015399, -2.700039625828026, 0.0 ], [ 120.389600440907657, -2.699896761326443, 0.0 ], [ 120.389816737752312, -2.699263356218864, 0.0 ], [ 120.38995460831859, -2.698808783098798, 0.0 ], [ 120.390307277458987, -2.698908689684231, 0.0 ] ] ] ] } },
{ "type": "Feature", "properties": { "OBJECTID": 3314, "WADMPR": "Sulawesi Selatan", "WADMKK": "Kab. Luwu Utara", "WADMKC": "Kec. Malangke", "WADMKD": "Desa Tingkara", "POKTAN": "Gapoktan Anugrah Tingkara", "K_POKTAN": "H. Amirsalim", "P_SID": "Universitas Negeri Makassar", "NO_HP_1": null, "NAMA_PEMIL": "Pemerintah Desa", "N_PETAK": "TKB207", "LUAS_HA": 0.57641638378000004, "PAKET": "Paket Sulawesi Selatan 13" }, "geometry": { "type": "MultiPolygon", "coordinates": [ [ [ [ 120.390580021151095, -2.698991611673478, 0.0 ], [ 120.390405184851488, -2.699476155600053, 0.0 ], [ 120.391116517113687, -2.699691952421631, 0.0 ], [ 120.391028599390438, -2.700071596726787, 0.0 ], [ 120.390353233714791, -2.699771878769127, 0.0 ], [ 120.390085485756572, -2.699707938770302, 0.0 ], [ 120.390307277458987, -2.698908689684231, 0.0 ], [ 120.390580021151095, -2.698991611673478, 0.0 ] ] ] ] } },
{ "type": "Feature", "properties": { "OBJECTID": 3315, "WADMPR": "Sulawesi Selatan", "WADMKK": "Kab. Luwu Utara", "WADMKC": "Kec. Malangke", "WADMKD": "Desa Tingkara", "POKTAN": "Gapoktan Anugrah Tingkara", "K_POKTAN": "H. Amirsalim", "P_SID": "Universitas Negeri Makassar", "NO_HP_1": null, "NAMA_PEMIL": "Pemerintah Desa", "N_PETAK": "TKB208", "LUAS_HA": 3.8480398923200001, "PAKET": "Paket Sulawesi Selatan 13" }, "geometry": { "type": "MultiPolygon", "coordinates": [ [ [ [ 120.392754978459607, -2.70127846263091, 0.0 ], [ 120.391988697620377, -2.70093878239885, 0.0 ], [ 120.391474680212355, -2.70070999756831, 0.0 ], [ 120.391117016237331, -2.700554143259069, 0.0 ], [ 120.390715393400797, -2.700380307005503, 0.0 ], [ 120.389971592015399, -2.700039625828026, 0.0 ], [ 120.390085485756572, -2.699707938770302, 0.0 ], [ 120.390353233714791, -2.699771878769127, 0.0 ], [ 120.391028599390438, -2.700071596726787, 0.0 ], [ 120.391843833925805, -2.700567130368711, 0.0 ], [ 120.392027661647376, -2.700095573551835, 0.0 ], [ 120.391116517113687, -2.699691952421631, 0.0 ], [ 120.390405184851488, -2.699476155600053, 0.0 ], [ 120.390580021151095, -2.698991611673478, 0.0 ], [ 120.393322445274748, -2.700063604451714, 0.0 ], [ 120.393122633003145, -2.700679025816328, 0.0 ], [ 120.392754978459607, -2.70127846263091, 0.0 ] ] ] ] } },
{ "type": "Feature", "properties": { "OBJECTID": 3316, "WADMPR": "Sulawesi Selatan", "WADMKK": "Kab. Luwu Utara", "WADMKC": "Kec. Malangke", "WADMKD": "Desa Tingkara", "POKTAN": "Gapoktan Anugrah Tingkara", "K_POKTAN": "H. Amirsalim", "P_SID": "Universitas Negeri Makassar", "NO_HP_1": null, "NAMA_PEMIL": "Pemerintah Desa", "N_PETAK": "TKB209", "LUAS_HA": 0.52682370733999995, "PAKET": "Paket Sulawesi Selatan 13" }, "geometry": { "type": "MultiPolygon", "coordinates": [ [ [ [ 120.391028599390438, -2.700071596726787, 0.0 ], [ 120.391116517113687, -2.699691952421631, 0.0 ], [ 120.392027661647376, -2.700095573551835, 0.0 ], [ 120.391843833925805, -2.700567130368711, 0.0 ], [ 120.391028599390438, -2.700071596726787, 0.0 ] ] ] ] } },
{ "type": "Feature", "properties": { "OBJECTID": 3317, "WADMPR": "Sulawesi Selatan", "WADMKK": "Kab. Luwu Utara", "WADMKC": "Kec. Malangke", "WADMKD": "Desa Tingkara", "POKTAN": "Gapoktan Anugrah Tingkara", "K_POKTAN": "H. Amirsalim", "P_SID": "Universitas Negeri Makassar", "NO_HP_1": null, "NAMA_PEMIL": "Pemerintah Desa", "N_PETAK": "TKB210", "LUAS_HA": 1.065843387, "PAKET": "Paket Sulawesi Selatan 13" }, "geometry": { "type": "MultiPolygon", "coordinates": [ [ [ [ 120.392754978459607, -2.70127846263091, 0.0 ], [ 120.392303593436168, -2.702130823878349, 0.0 ], [ 120.391412239383385, -2.701701065751536, 0.0 ], [ 120.391988697620377, -2.70093878239885, 0.0 ], [ 120.392754978459607, -2.70127846263091, 0.0 ] ] ] ] } },
{ "type": "Feature", "properties": { "OBJECTID": 3318, "WADMPR": "Sulawesi Selatan", "WADMKK": "Kab. Luwu Utara", "WADMKC": "Kec. Malangke", "WADMKD": "Desa Tingkara", "POKTAN": "Gapoktan Anugrah Tingkara", "K_POKTAN": "H. Amirsalim", "P_SID": "Universitas Negeri Makassar", "NO_HP_1": null, "NAMA_PEMIL": "Pemerintah Desa", "N_PETAK": "TKB211", "LUAS_HA": 0.60273687932999997, "PAKET": "Paket Sulawesi Selatan 13" }, "geometry": { "type": "MultiPolygon", "coordinates": [ [ [ [ 120.391988697620377, -2.70093878239885, 0.0 ], [ 120.391412239383385, -2.701701065751536, 0.0 ], [ 120.390965159414691, -2.701483270636402, 0.0 ], [ 120.391474680212355, -2.70070999756831, 0.0 ], [ 120.391988697620377, -2.70093878239885, 0.0 ] ] ] ] } },
{ "type": "Feature", "properties": { "OBJECTID": 3319, "WADMPR": "Sulawesi Selatan", "WADMKK": "Kab. Luwu Utara", "WADMKC": "Kec. Malangke", "WADMKD": "Desa Tingkara", "POKTAN": "Gapoktan Anugrah Tingkara", "K_POKTAN": "H. Amirsalim", "P_SID": "Universitas Negeri Makassar", "NO_HP_1": null, "NAMA_PEMIL": "Pemerintah Desa", "N_PETAK": "TKB212", "LUAS_HA": 0.49562079379000001, "PAKET": "Paket Sulawesi Selatan 13" }, "geometry": { "type": "MultiPolygon", "coordinates": [ [ [ [ 120.391474680212355, -2.70070999756831, 0.0 ], [ 120.390965159414691, -2.701483270636402, 0.0 ], [ 120.390515581129193, -2.701269472108379, 0.0 ], [ 120.391117016237331, -2.700554143259069, 0.0 ], [ 120.391474680212355, -2.70070999756831, 0.0 ] ] ] ] } },
{ "type": "Feature", "properties": { "OBJECTID": 3320, "WADMPR": "Sulawesi Selatan", "WADMKK": "Kab. Luwu Utara", "WADMKC": "Kec. Malangke", "WADMKD": "Desa Tingkara", "POKTAN": "Gapoktan Anugrah Tingkara", "K_POKTAN": "H. Amirsalim", "P_SID": "Universitas Negeri Makassar", "NO_HP_1": null, "NAMA_PEMIL": "Pemerintah Desa", "N_PETAK": "TKB213", "LUAS_HA": 0.46082771937, "PAKET": "Paket Sulawesi Selatan 13" }, "geometry": { "type": "MultiPolygon", "coordinates": [ [ [ [ 120.391117016237331, -2.700554143259069, 0.0 ], [ 120.390515581129193, -2.701269472108379, 0.0 ], [ 120.390155918860614, -2.701079650405518, 0.0 ], [ 120.390715393400797, -2.700380307005503, 0.0 ], [ 120.391117016237331, -2.700554143259069, 0.0 ] ] ] ] } },
{ "type": "Feature", "properties": { "OBJECTID": 3321, "WADMPR": "Sulawesi Selatan", "WADMKK": "Kab. Luwu Utara", "WADMKC": "Kec. Malangke", "WADMKD": "Desa Tingkara", "POKTAN": "Gapoktan Anugrah Tingkara", "K_POKTAN": "H. Amirsalim", "P_SID": "Universitas Negeri Makassar", "NO_HP_1": null, "NAMA_PEMIL": "Pemerintah Desa", "N_PETAK": "TKB214", "LUAS_HA": 0.73851683590999995, "PAKET": "Paket Sulawesi Selatan 13" }, "geometry": { "type": "MultiPolygon", "coordinates": [ [ [ [ 120.390715393400797, -2.700380307005503, 0.0 ], [ 120.390155918860614, -2.701079650405518, 0.0 ], [ 120.38964040318217, -2.700831882685179, 0.0 ], [ 120.389971592015399, -2.700039625828026, 0.0 ], [ 120.390715393400797, -2.700380307005503, 0.0 ] ] ] ] } },
{ "type": "Feature", "properties": { "OBJECTID": 3322, "WADMPR": "Sulawesi Selatan", "WADMKK": "Kab. Luwu Utara", "WADMKC": "Kec. Malangke", "WADMKD": "Desa Tingkara", "POKTAN": "Gapoktan Anugrah Tingkara", "K_POKTAN": "H. Amirsalim", "P_SID": "Universitas Negeri Makassar", "NO_HP_1": null, "NAMA_PEMIL": "Pemerintah Desa", "N_PETAK": "TKB215", "LUAS_HA": 0.89391096886, "PAKET": "Paket Sulawesi Selatan 13" }, "geometry": { "type": "MultiPolygon", "coordinates": [ [ [ [ 120.389600440907657, -2.699896761326443, 0.0 ], [ 120.389971592015399, -2.700039625828026, 0.0 ], [ 120.38964040318217, -2.700831882685179, 0.0 ], [ 120.388852145610144, -2.700481986154671, 0.0 ], [ 120.389020975337758, -2.700039277790381, 0.0 ], [ 120.389124149160239, -2.699742886425042, 0.0 ], [ 120.389600440907657, -2.699896761326443, 0.0 ] ] ] ] } },
{ "type": "Feature", "properties": { "OBJECTID": 3323, "WADMPR": "Sulawesi Selatan", "WADMKK": "Kab. Luwu Utara", "WADMKC": "Kec. Malangke", "WADMKD": "Desa Tingkara", "POKTAN": "Gapoktan Anugrah Tingkara", "K_POKTAN": "H. Amirsalim", "P_SID": "Universitas Negeri Makassar", "NO_HP_1": null, "NAMA_PEMIL": "Pemerintah Desa", "N_PETAK": "TKB216", "LUAS_HA": 0.40366551447, "PAKET": "Paket Sulawesi Selatan 13" }, "geometry": { "type": "MultiPolygon", "coordinates": [ [ [ [ 120.389816737752312, -2.699263356218864, 0.0 ], [ 120.389600440907657, -2.699896761326443, 0.0 ], [ 120.389124149160239, -2.699742886425042, 0.0 ], [ 120.389229500241299, -2.699475110587855, 0.0 ], [ 120.389345180935379, -2.699115494184639, 0.0 ], [ 120.389816737752312, -2.699263356218864, 0.0 ] ] ] ] } },
{ "type": "Feature", "properties": { "OBJECTID": 3324, "WADMPR": "Sulawesi Selatan", "WADMKK": "Kab. Luwu Utara", "WADMKC": "Kec. Malangke", "WADMKD": "Desa Tingkara", "POKTAN": "Gapoktan Anugrah Tingkara", "K_POKTAN": "H. Amirsalim", "P_SID": "Universitas Negeri Makassar", "NO_HP_1": null, "NAMA_PEMIL": "Pemerintah Desa", "N_PETAK": "TKB217", "LUAS_HA": 1.0774663717799999, "PAKET": "Paket Sulawesi Selatan 13" }, "geometry": { "type": "MultiPolygon", "coordinates": [ [ [ [ 120.396932554194109, -2.704848111051433, 0.0 ], [ 120.396197245106805, -2.704464471058429, 0.0 ], [ 120.396518085441357, -2.703481590303113, 0.0 ], [ 120.396583132505612, -2.703513735670299, 0.0 ], [ 120.396648179569866, -2.703545881037542, 0.0 ], [ 120.39671322663412, -2.703578026404728, 0.0 ], [ 120.396778273698487, -2.70361017177197, 0.0 ], [ 120.396843320762741, -2.703642317139156, 0.0 ], [ 120.396908366927619, -2.703674462506399, 0.0 ], [ 120.396973413991873, -2.703706607873585, 0.0 ], [ 120.397038461056241, -2.703738753240827, 0.0 ], [ 120.397103508120495, -2.703770898608013, 0.0 ], [ 120.397168555184749, -2.703803043975256, 0.0 ], [ 120.397233602249003, -2.703835189342442, 0.0 ], [ 120.397298649313257, -2.703867334709685, 0.0 ], [ 120.396932554194109, -2.704848111051433, 0.0 ] ] ] ] } },
{ "type": "Feature", "properties": { "OBJECTID": 3325, "WADMPR": "Sulawesi Selatan", "WADMKK": "Kab. Luwu Utara", "WADMKC": "Kec. Malangke", "WADMKD": "Desa Tingkara", "POKTAN": "Gapoktan Anugrah Tingkara", "K_POKTAN": "H. Amirsalim", "P_SID": "Universitas Negeri Makassar", "NO_HP_1": null, "NAMA_PEMIL": "Pemerintah Desa", "N_PETAK": "TKB218", "LUAS_HA": 1.3312637993900001, "PAKET": "Paket Sulawesi Selatan 13" }, "geometry": { "type": "MultiPolygon", "coordinates": [ [ [ [ 120.396518085441357, -2.703481590303113, 0.0 ], [ 120.396197245106805, -2.704464471058429, 0.0 ], [ 120.396149290557332, -2.704592351056135, 0.0 ], [ 120.395254130573676, -2.704200718788115, 0.0 ], [ 120.395401800152968, -2.703921795854171, 0.0 ], [ 120.3954297762632, -2.703852968039996, 0.0 ], [ 120.395457754172071, -2.703784136628542, 0.0 ], [ 120.395485730282303, -2.703715309713743, 0.0 ], [ 120.395513707291798, -2.70364647740297, 0.0 ], [ 120.395541684301406, -2.703577650488114, 0.0 ], [ 120.395569660411525, -2.703508821774676, 0.0 ], [ 120.395597636521757, -2.703439991262542, 0.0 ], [ 120.395625614430628, -2.703371162549047, 0.0 ], [ 120.395653591440123, -2.703302332936289, 0.0 ], [ 120.395681567550355, -2.703233505122114, 0.0 ], [ 120.39570954455985, -2.703164676408619, 0.0 ], [ 120.395737521569458, -2.703095845896542, 0.0 ], [ 120.395802568633712, -2.703127991263727, 0.0 ], [ 120.395867615697966, -2.70316013663097, 0.0 ], [ 120.39593266276222, -2.703192281998156, 0.0 ], [ 120.395997709826474, -2.703224426466079, 0.0 ], [ 120.396062756890728, -2.703256572732585, 0.0 ], [ 120.396127803955096, -2.703288718099827, 0.0 ], [ 120.396192850119974, -2.703320862567693, 0.0 ], [ 120.396257898083604, -2.703353008834256, 0.0 ], [ 120.396322944248595, -2.703385154201442, 0.0 ], [ 120.396387991312849, -2.703417299568684, 0.0 ], [ 120.396453036578464, -2.703449444036551, 0.0 ], [ 120.396518085441357, -2.703481590303113, 0.0 ] ] ] ] } },
{ "type": "Feature", "properties": { "OBJECTID": 3326, "WADMPR": "Sulawesi Selatan", "WADMKK": "Kab. Luwu Utara", "WADMKC": "Kec. Malangke", "WADMKD": "Desa Tingkara", "POKTAN": "Gapoktan Anugrah Tingkara", "K_POKTAN": "H. Amirsalim", "P_SID": "Universitas Negeri Makassar", "NO_HP_1": null, "NAMA_PEMIL": "Pemerintah Desa", "N_PETAK": "TKB219", "LUAS_HA": 1.1518685146500001, "PAKET": "Paket Sulawesi Selatan 13" }, "geometry": { "type": "MultiPolygon", "coordinates": [ [ [ [ 120.393352493422867, -2.702718954416184, 0.0 ], [ 120.393112142411496, -2.703573307661998, 0.0 ], [ 120.392145051053376, -2.703033814259072, 0.0 ], [ 120.392455922402974, -2.70219271342296, 0.0 ], [ 120.392519963125892, -2.702230302386511, 0.0 ], [ 120.39258400384881, -2.702267889551422, 0.0 ], [ 120.392648045470992, -2.702305478514972, 0.0 ], [ 120.39271208619391, -2.702343068377843, 0.0 ], [ 120.392776126017452, -2.702380657341394, 0.0 ], [ 120.39284016674037, -2.702418244506305, 0.0 ], [ 120.392904209261928, -2.702455834369232, 0.0 ], [ 120.392968249984847, -2.702493423332783, 0.0 ], [ 120.393032290707765, -2.702531012296333, 0.0 ], [ 120.393096329631931, -2.702568599461245, 0.0 ], [ 120.393160370354849, -2.702606189324115, 0.0 ], [ 120.393224412876407, -2.702643778287666, 0.0 ], [ 120.393288452699949, -2.702681366351953, 0.0 ], [ 120.393352493422867, -2.702718954416184, 0.0 ] ] ] ] } },
{ "type": "Feature", "properties": { "OBJECTID": 3327, "WADMPR": "Sulawesi Selatan", "WADMKK": "Kab. Luwu Utara", "WADMKC": "Kec. Malangke", "WADMKD": "Desa Tingkara", "POKTAN": "Gapoktan Anugrah Tingkara", "K_POKTAN": "H. Amirsalim", "P_SID": "Universitas Negeri Makassar", "NO_HP_1": null, "NAMA_PEMIL": "Pemerintah Desa", "N_PETAK": "TKB220", "LUAS_HA": 0.95052473584999997, "PAKET": "Paket Sulawesi Selatan 13" }, "geometry": { "type": "MultiPolygon", "coordinates": [ [ [ [ 120.3941209838963, -2.703170021079586, 0.0 ], [ 120.393879422397504, -2.704040867891706, 0.0 ], [ 120.393112142411496, -2.703573307661998, 0.0 ], [ 120.393352493422867, -2.702718954416184, 0.0 ], [ 120.393416534145786, -2.702756544279055, 0.0 ], [ 120.393480575767967, -2.702794133242605, 0.0 ], [ 120.393544616490885, -2.702831721306836, 0.0 ], [ 120.393608657213804, -2.702869310270387, 0.0 ], [ 120.393672698836099, -2.702906900133314, 0.0 ], [ 120.393736738659641, -2.702944488197545, 0.0 ], [ 120.393800779382559, -2.702982076261776, 0.0 ], [ 120.39386482100474, -2.703019666124646, 0.0 ], [ 120.393928861727659, -2.703057255088197, 0.0 ], [ 120.393992902450577, -2.703094843152428, 0.0 ], [ 120.394056944072759, -2.703132432115979, 0.0 ], [ 120.3941209838963, -2.703170021079586, 0.0 ] ] ] ] } },
{ "type": "Feature", "properties": { "OBJECTID": 3328, "WADMPR": "Sulawesi Selatan", "WADMKK": "Kab. Luwu Utara", "WADMKC": "Kec. Malangke", "WADMKD": "Desa Tingkara", "POKTAN": "Gapoktan Anugrah Tingkara", "K_POKTAN": "H. Amirsalim", "P_SID": "Universitas Negeri Makassar", "NO_HP_1": null, "NAMA_PEMIL": "Pemerintah Desa", "N_PETAK": "TKB221", "LUAS_HA": 0.55877221581000003, "PAKET": "Paket Sulawesi Selatan 13" }, "geometry": { "type": "MultiPolygon", "coordinates": [ [ [ [ 120.394569269855992, -2.703433142925178, 0.0 ], [ 120.394315012627771, -2.70431660992358, 0.0 ], [ 120.393879422397504, -2.704040867891706, 0.0 ], [ 120.3941209838963, -2.703170021079586, 0.0 ], [ 120.394185024619219, -2.703207610043137, 0.0 ], [ 120.394249066241514, -2.703245198107368, 0.0 ], [ 120.394313106964432, -2.703282787970238, 0.0 ], [ 120.394377147687237, -2.703320376933789, 0.0 ], [ 120.394441188410156, -2.7033579640987, 0.0 ], [ 120.394505228233811, -2.703395553062251, 0.0 ], [ 120.394569269855992, -2.703433142925178, 0.0 ] ] ] ] } },
{ "type": "Feature", "properties": { "OBJECTID": 3329, "WADMPR": "Sulawesi Selatan", "WADMKK": "Kab. Luwu Utara", "WADMKC": "Kec. Malangke", "WADMKD": "Desa Tingkara", "POKTAN": "Gapoktan Anugrah Tingkara", "K_POKTAN": "H. Amirsalim", "P_SID": "Universitas Negeri Makassar", "NO_HP_1": null, "NAMA_PEMIL": "Pemerintah Desa", "N_PETAK": "TKB222", "LUAS_HA": 0.99159506787999996, "PAKET": "Paket Sulawesi Selatan 13" }, "geometry": { "type": "MultiPolygon", "coordinates": [ [ [ [ 120.395401800152968, -2.703921795854171, 0.0 ], [ 120.395254130573676, -2.704200718788115, 0.0 ], [ 120.395074299439443, -2.704764189016089, 0.0 ], [ 120.394315012627771, -2.70431660992358, 0.0 ], [ 120.394569269855992, -2.703433142925178, 0.0 ], [ 120.394633310578911, -2.703470731888729, 0.0 ], [ 120.394697351301829, -2.70350831905364, 0.0 ], [ 120.394761392024634, -2.70354590891651, 0.0 ], [ 120.394825433646929, -2.703583497880061, 0.0 ], [ 120.394889474369847, -2.703621085944292, 0.0 ], [ 120.394953515092766, -2.703658675807219, 0.0 ], [ 120.395017555815571, -2.70369626387145, 0.0 ], [ 120.395081596538489, -2.703733851935681, 0.0 ], [ 120.395145637261408, -2.703771439999912, 0.0 ], [ 120.395209678883589, -2.703809029862782, 0.0 ], [ 120.395273719606507, -2.703846618826333, 0.0 ], [ 120.395337760329426, -2.703884206890564, 0.0 ], [ 120.395401800152968, -2.703921795854171, 0.0 ] ] ] ] } },
{ "type": "Feature", "properties": { "OBJECTID": 3330, "WADMPR": "Sulawesi Selatan", "WADMKK": "Kab. Luwu Utara", "WADMKC": "Kec. Malangke", "WADMKD": "Desa Tingkara", "POKTAN": "Gapoktan Anugrah Tingkara", "K_POKTAN": "H. Amirsalim", "P_SID": "Universitas Negeri Makassar", "NO_HP_1": null, "NAMA_PEMIL": "Pemerintah Desa", "N_PETAK": "TKB223", "LUAS_HA": 0.76172978106, "PAKET": "Paket Sulawesi Selatan 13" }, "geometry": { "type": "MultiPolygon", "coordinates": [ [ [ [ 120.396149290557332, -2.704592351056135, 0.0 ], [ 120.395889533974923, -2.705251731282317, 0.0 ], [ 120.395074299439443, -2.704764189016089, 0.0 ], [ 120.395254130573676, -2.704200718788115, 0.0 ], [ 120.396149290557332, -2.704592351056135, 0.0 ] ] ] ] } },
{ "type": "Feature", "properties": { "OBJECTID": 3331, "WADMPR": "Sulawesi Selatan", "WADMKK": "Kab. Luwu Utara", "WADMKC": "Kec. Malangke", "WADMKD": "Desa Tingkara", "POKTAN": "Gapoktan Anugrah Tingkara", "K_POKTAN": "H. Amirsalim", "P_SID": "Universitas Negeri Makassar", "NO_HP_1": null, "NAMA_PEMIL": "Pemerintah Desa", "N_PETAK": "TKB224", "LUAS_HA": 0.90173568477, "PAKET": "Paket Sulawesi Selatan 13" }, "geometry": { "type": "MultiPolygon", "coordinates": [ [ [ [ 120.396932554194109, -2.704848111051433, 0.0 ], [ 120.39666480623589, -2.705691318999129, 0.0 ], [ 120.395889533974923, -2.705251731282317, 0.0 ], [ 120.396149290557332, -2.704592351056135, 0.0 ], [ 120.396197245106805, -2.704464471058429, 0.0 ], [ 120.396932554194109, -2.704848111051433, 0.0 ] ] ] ] } },
{ "type": "Feature", "properties": { "OBJECTID": 3332, "WADMPR": "Sulawesi Selatan", "WADMKK": "Kab. Luwu Utara", "WADMKC": "Kec. Malangke", "WADMKD": "Desa Tingkara", "POKTAN": "Gapoktan Anugrah Tingkara", "K_POKTAN": "H. Amirsalim", "P_SID": "Universitas Negeri Makassar", "NO_HP_1": null, "NAMA_PEMIL": "Pemerintah Desa", "N_PETAK": "TKB225", "LUAS_HA": 4.7036707675500002, "PAKET": "Paket Sulawesi Selatan 13" }, "geometry": { "type": "MultiPolygon", "coordinates": [ [ [ [ 120.395853568287635, -2.705335653317718, 0.0 ], [ 120.395589816017264, -2.706190849228278, 0.0 ], [ 120.395194187162019, -2.705939085820091, 0.0 ], [ 120.394822536031256, -2.705711300136329, 0.0 ], [ 120.394366963764469, -2.705463533315367, 0.0 ], [ 120.394031279220258, -2.70527970559391, 0.0 ], [ 120.393447827855084, -2.70488807332589, 0.0 ], [ 120.39173743423521, -2.703924976756241, 0.0 ], [ 120.392101092191751, -2.703133720844505, 0.0 ], [ 120.393341927288134, -2.703817078795112, 0.0 ], [ 120.39444489091909, -2.704500436745718, 0.0 ], [ 120.395853568287635, -2.705335653317718, 0.0 ] ] ] ] } },
{ "type": "Feature", "properties": { "OBJECTID": 3333, "WADMPR": "Sulawesi Selatan", "WADMKK": "Kab. Luwu Utara", "WADMKC": "Kec. Malangke", "WADMKD": "Desa Tingkara", "POKTAN": "Gapoktan Anugrah Tingkara", "K_POKTAN": "H. Amirsalim", "P_SID": "Universitas Negeri Makassar", "NO_HP_1": null, "NAMA_PEMIL": "Pemerintah Desa", "N_PETAK": "TKB226", "LUAS_HA": 2.1807944394000001, "PAKET": "Paket Sulawesi Selatan 13" }, "geometry": { "type": "MultiPolygon", "coordinates": [ [ [ [ 120.393447827855084, -2.70488807332589, 0.0 ], [ 120.39301223672544, -2.705669339568317, 0.0 ], [ 120.39130184310568, -2.704734217310261, 0.0 ], [ 120.39173743423521, -2.703924976756241, 0.0 ], [ 120.393447827855084, -2.70488807332589, 0.0 ] ] ] ] } },
{ "type": "Feature", "properties": { "OBJECTID": 3334, "WADMPR": "Sulawesi Selatan", "WADMKK": "Kab. Luwu Utara", "WADMKC": "Kec. Malangke", "WADMKD": "Desa Tingkara", "POKTAN": "Gapoktan Anugrah Tingkara", "K_POKTAN": "H. Amirsalim", "P_SID": "Universitas Negeri Makassar", "NO_HP_1": null, "NAMA_PEMIL": "Pemerintah Desa", "N_PETAK": "TKB227", "LUAS_HA": 0.76110036163000006, "PAKET": "Paket Sulawesi Selatan 13" }, "geometry": { "type": "MultiPolygon", "coordinates": [ [ [ [ 120.394031279220258, -2.70527970559391, 0.0 ], [ 120.393651635814422, -2.706025005249728, 0.0 ], [ 120.39301223672544, -2.705669339568317, 0.0 ], [ 120.393447827855084, -2.70488807332589, 0.0 ], [ 120.394031279220258, -2.70527970559391, 0.0 ] ] ] ] } },
{ "type": "Feature", "properties": { "OBJECTID": 3335, "WADMPR": "Sulawesi Selatan", "WADMKK": "Kab. Luwu Utara", "WADMKC": "Kec. Malangke", "WADMKD": "Desa Tingkara", "POKTAN": "Gapoktan Anugrah Tingkara", "K_POKTAN": "H. Amirsalim", "P_SID": "Universitas Negeri Makassar", "NO_HP_1": null, "NAMA_PEMIL": "Pemerintah Desa", "N_PETAK": "TKB228", "LUAS_HA": 0.48113210413000002, "PAKET": "Paket Sulawesi Selatan 13" }, "geometry": { "type": "MultiPolygon", "coordinates": [ [ [ [ 120.394366963764469, -2.705463533315367, 0.0 ], [ 120.394119196943393, -2.706304742969451, 0.0 ], [ 120.393651635814422, -2.706025005249728, 0.0 ], [ 120.394031279220258, -2.70527970559391, 0.0 ], [ 120.394366963764469, -2.705463533315367, 0.0 ] ] ] ] } },
{ "type": "Feature", "properties": { "OBJECTID": 3336, "WADMPR": "Sulawesi Selatan", "WADMKK": "Kab. Luwu Utara", "WADMKC": "Kec. Malangke", "WADMKD": "Desa Tingkara", "POKTAN": "Gapoktan Anugrah Tingkara", "K_POKTAN": "H. Amirsalim", "P_SID": "Universitas Negeri Makassar", "NO_HP_1": null, "NAMA_PEMIL": "Pemerintah Desa", "N_PETAK": "TKB229", "LUAS_HA": 0.54312822294999996, "PAKET": "Paket Sulawesi Selatan 13" }, "geometry": { "type": "MultiPolygon", "coordinates": [ [ [ [ 120.394822536031256, -2.705711300136329, 0.0 ], [ 120.394550791485926, -2.706564498652654, 0.0 ], [ 120.394119196943393, -2.706304742969451, 0.0 ], [ 120.394366963764469, -2.705463533315367, 0.0 ], [ 120.394822536031256, -2.705711300136329, 0.0 ] ] ] ] } },
{ "type": "Feature", "properties": { "OBJECTID": 3337, "WADMPR": "Sulawesi Selatan", "WADMKK": "Kab. Luwu Utara", "WADMKC": "Kec. Malangke", "WADMKD": "Desa Tingkara", "POKTAN": "Gapoktan Anugrah Tingkara", "K_POKTAN": "H. Amirsalim", "P_SID": "Universitas Negeri Makassar", "NO_HP_1": null, "NAMA_PEMIL": "Pemerintah Desa", "N_PETAK": "TKB230", "LUAS_HA": 0.47824502695, "PAKET": "Paket Sulawesi Selatan 13" }, "geometry": { "type": "MultiPolygon", "coordinates": [ [ [ [ 120.395194187162019, -2.705939085820091, 0.0 ], [ 120.394958408303978, -2.706788287749248, 0.0 ], [ 120.394550791485926, -2.706564498652654, 0.0 ], [ 120.394822536031256, -2.705711300136329, 0.0 ], [ 120.395194187162019, -2.705939085820091, 0.0 ] ] ] ] } },
{ "type": "Feature", "properties": { "OBJECTID": 3338, "WADMPR": "Sulawesi Selatan", "WADMKK": "Kab. Luwu Utara", "WADMKC": "Kec. Malangke", "WADMKD": "Desa Tingkara", "POKTAN": "Gapoktan Anugrah Tingkara", "K_POKTAN": "H. Amirsalim", "P_SID": "Universitas Negeri Makassar", "NO_HP_1": null, "NAMA_PEMIL": "Pemerintah Desa", "N_PETAK": "TKB231", "LUAS_HA": 2.32718290571, "PAKET": "Paket Sulawesi Selatan 13" }, "geometry": { "type": "MultiPolygon", "coordinates": [ [ [ [ 120.394958408303978, -2.706788287749248, 0.0 ], [ 120.395194187162019, -2.705939085820091, 0.0 ], [ 120.395589816017264, -2.706190849228278, 0.0 ], [ 120.395853568287635, -2.705335653317718, 0.0 ], [ 120.396636831924297, -2.70576924615375, 0.0 ], [ 120.396149290557332, -2.707403710912502, 0.0 ], [ 120.394958408303978, -2.706788287749248, 0.0 ] ] ] ] } },
{ "type": "Feature", "properties": { "OBJECTID": 3339, "WADMPR": "Sulawesi Selatan", "WADMKK": "Kab. Luwu Utara", "WADMKC": "Kec. Malangke", "WADMKD": "Desa Tingkara", "POKTAN": "Gapoktan Anugrah Tingkara", "K_POKTAN": "H. Amirsalim", "P_SID": "Universitas Negeri Makassar", "NO_HP_1": null, "NAMA_PEMIL": "Pemerintah Desa", "N_PETAK": "TKB232", "LUAS_HA": 0.48016553251, "PAKET": "Paket Sulawesi Selatan 13" }, "geometry": { "type": "MultiPolygon", "coordinates": [ [ [ [ 120.392089103329567, -2.705233747539353, 0.0 ], [ 120.391849328783564, -2.705633372981708, 0.0 ], [ 120.391353794242264, -2.705365625023546, 0.0 ], [ 120.391149985383549, -2.705249733888081, 0.0 ], [ 120.391297846518455, -2.704814142758437, 0.0 ], [ 120.392089103329567, -2.705233747539353, 0.0 ] ] ] ] } },
{ "type": "Feature", "properties": { "OBJECTID": 3340, "WADMPR": "Sulawesi Selatan", "WADMKK": "Kab. Luwu Utara", "WADMKC": "Kec. Malangke", "WADMKD": "Desa Tingkara", "POKTAN": "Gapoktan Anugrah Tingkara", "K_POKTAN": "H. Amirsalim", "P_SID": "Universitas Negeri Makassar", "NO_HP_1": null, "NAMA_PEMIL": "Pemerintah Desa", "N_PETAK": "TKB233", "LUAS_HA": 0.57923001869000001, "PAKET": "Paket Sulawesi Selatan 13" }, "geometry": { "type": "MultiPolygon", "coordinates": [ [ [ [ 120.392964281276591, -2.705713298429941, 0.0 ], [ 120.392788446729469, -2.706128907523009, 0.0 ], [ 120.391849328783564, -2.705633372981708, 0.0 ], [ 120.392089103329567, -2.705233747539353, 0.0 ], [ 120.392964281276591, -2.705713298429941, 0.0 ] ] ] ] } },
{ "type": "Feature", "properties": { "OBJECTID": 3341, "WADMPR": "Sulawesi Selatan", "WADMKK": "Kab. Luwu Utara", "WADMKC": "Kec. Malangke", "WADMKD": "Desa Tingkara", "POKTAN": "Gapoktan Anugrah Tingkara", "K_POKTAN": "H. Amirsalim", "P_SID": "Universitas Negeri Makassar", "NO_HP_1": null, "NAMA_PEMIL": "Pemerintah Desa", "N_PETAK": "TKB234", "LUAS_HA": 2.2094185890400002, "PAKET": "Paket Sulawesi Selatan 13" }, "geometry": { "type": "MultiPolygon", "coordinates": [ [ [ [ 120.391849328783564, -2.705633372981708, 0.0 ], [ 120.392788446729469, -2.706128907523009, 0.0 ], [ 120.392636588108076, -2.706576487514837, 0.0 ], [ 120.392448765598147, -2.70710798774337, 0.0 ], [ 120.390998128560796, -2.706564498652654, 0.0 ], [ 120.391353794242264, -2.705365625023546, 0.0 ], [ 120.391849328783564, -2.705633372981708, 0.0 ] ] ] ] } },
{ "type": "Feature", "properties": { "OBJECTID": 3342, "WADMPR": "Sulawesi Selatan", "WADMKK": "Kab. Luwu Utara", "WADMKC": "Kec. Malangke", "WADMKD": "Desa Tingkara", "POKTAN": "Gapoktan Anugrah Tingkara", "K_POKTAN": "H. Amirsalim", "P_SID": "Universitas Negeri Makassar", "NO_HP_1": null, "NAMA_PEMIL": "Pemerintah Desa", "N_PETAK": "TKB235", "LUAS_HA": 1.13257712984, "PAKET": "Paket Sulawesi Selatan 13" }, "geometry": { "type": "MultiPolygon", "coordinates": [ [ [ [ 120.392448765598147, -2.70710798774337, 0.0 ], [ 120.392185013327776, -2.70765947000848, 0.0 ], [ 120.390818297426563, -2.707155942292843, 0.0 ], [ 120.390998128560796, -2.706564498652654, 0.0 ], [ 120.392448765598147, -2.70710798774337, 0.0 ] ] ] ] } },
{ "type": "Feature", "properties": { "OBJECTID": 3343, "WADMPR": "Sulawesi Selatan", "WADMKK": "Kab. Luwu Utara", "WADMKC": "Kec. Malangke", "WADMKD": "Desa Tingkara", "POKTAN": "Gapoktan Anugrah Tingkara", "K_POKTAN": "H. Amirsalim", "P_SID": "Universitas Negeri Makassar", "NO_HP_1": null, "NAMA_PEMIL": "Pemerintah Desa", "N_PETAK": "TKB236", "LUAS_HA": 1.72859573884, "PAKET": "Paket Sulawesi Selatan 13" }, "geometry": { "type": "MultiPolygon", "coordinates": [ [ [ [ 120.392185013327776, -2.70765947000848, 0.0 ], [ 120.391881298783005, -2.708578606817184, 0.0 ], [ 120.390490605157311, -2.708063091138683, 0.0 ], [ 120.390682425153841, -2.707515604561479, 0.0 ], [ 120.390778334252786, -2.707535585698679, 0.0 ], [ 120.390826289701522, -2.707379733188077, 0.0 ], [ 120.390754357427681, -2.707351759775861, 0.0 ], [ 120.390818297426563, -2.707155942292843, 0.0 ], [ 120.392185013327776, -2.70765947000848, 0.0 ] ] ] ] } },
{ "type": "Feature", "properties": { "OBJECTID": 3344, "WADMPR": "Sulawesi Selatan", "WADMKK": "Kab. Luwu Utara", "WADMKC": "Kec. Malangke", "WADMKD": "Desa Tingkara", "POKTAN": "Gapoktan Anugrah Tingkara", "K_POKTAN": "H. Amirsalim", "P_SID": "Universitas Negeri Makassar", "NO_HP_1": null, "NAMA_PEMIL": "Pemerintah Desa", "N_PETAK": "TKB237", "LUAS_HA": 4.3924096006999997, "PAKET": "Paket Sulawesi Selatan 13" }, "geometry": { "type": "MultiPolygon", "coordinates": [ [ [ [ 120.394524815467889, -2.70667039921949, 0.0 ], [ 120.394258565780206, -2.707541080556382, 0.0 ], [ 120.394001307514372, -2.70838079283925, 0.0 ], [ 120.393030719592048, -2.707973675144956, 0.0 ], [ 120.392185013327776, -2.70765947000848, 0.0 ], [ 120.392448765598147, -2.70710798774337, 0.0 ], [ 120.392964281276591, -2.705713298429941, 0.0 ], [ 120.394524815467889, -2.70667039921949, 0.0 ] ] ] ] } },
{ "type": "Feature", "properties": { "OBJECTID": 3345, "WADMPR": "Sulawesi Selatan", "WADMKK": "Kab. Luwu Utara", "WADMKC": "Kec. Malangke", "WADMKD": "Desa Tingkara", "POKTAN": "Gapoktan Anugrah Tingkara", "K_POKTAN": "H. Amirsalim", "P_SID": "Universitas Negeri Makassar", "NO_HP_1": null, "NAMA_PEMIL": "Pemerintah Desa", "N_PETAK": "TKB238", "LUAS_HA": 2.00870581581, "PAKET": "Paket Sulawesi Selatan 13" }, "geometry": { "type": "MultiPolygon", "coordinates": [ [ [ [ 120.395845574213922, -2.708396778288659, 0.0 ], [ 120.394258565780206, -2.707541080556382, 0.0 ], [ 120.394524815467889, -2.70667039921949, 0.0 ], [ 120.396113323970781, -2.707491627736374, 0.0 ], [ 120.395845574213922, -2.708396778288659, 0.0 ] ] ] ] } },
{ "type": "Feature", "properties": { "OBJECTID": 3346, "WADMPR": "Sulawesi Selatan", "WADMKK": "Kab. Luwu Utara", "WADMKC": "Kec. Malangke", "WADMKD": "Desa Tingkara", "POKTAN": "Gapoktan Anugrah Tingkara", "K_POKTAN": "H. Amirsalim", "P_SID": "Universitas Negeri Makassar", "NO_HP_1": null, "NAMA_PEMIL": "Pemerintah Desa", "N_PETAK": "TKB239", "LUAS_HA": 2.2489590062199998, "PAKET": "Paket Sulawesi Selatan 13" }, "geometry": { "type": "MultiPolygon", "coordinates": [ [ [ [ 120.395845574213922, -2.708396778288659, 0.0 ], [ 120.395551352013399, -2.70931042023966, 0.0 ], [ 120.393921549340121, -2.708601116848001, 0.0 ], [ 120.394001307514372, -2.70838079283925, 0.0 ], [ 120.394258565780206, -2.707541080556382, 0.0 ], [ 120.395845574213922, -2.708396778288659, 0.0 ] ] ] ] } },
{ "type": "Feature", "properties": { "OBJECTID": 3347, "WADMPR": "Sulawesi Selatan", "WADMKK": "Kab. Luwu Utara", "WADMKC": "Kec. Malangke", "WADMKD": "Desa Tingkara", "POKTAN": "Gapoktan Anugrah Tingkara", "K_POKTAN": "H. Amirsalim", "P_SID": "Universitas Negeri Makassar", "NO_HP_1": null, "NAMA_PEMIL": "Pemerintah Desa", "N_PETAK": "TKB240", "LUAS_HA": 1.6102201705200001, "PAKET": "Paket Sulawesi Selatan 13" }, "geometry": { "type": "MultiPolygon", "coordinates": [ [ [ [ 120.395551352013399, -2.70931042023966, 0.0 ], [ 120.395355535429644, -2.710001770465283, 0.0 ], [ 120.393669119534252, -2.709298431377476, 0.0 ], [ 120.393921549340121, -2.708601116848001, 0.0 ], [ 120.395551352013399, -2.70931042023966, 0.0 ] ] ] ] } },
{ "type": "Feature", "properties": { "OBJECTID": 3348, "WADMPR": "Sulawesi Selatan", "WADMKK": "Kab. Luwu Utara", "WADMKC": "Kec. Malangke", "WADMKD": "Desa Tingkara", "POKTAN": "Gapoktan Anugrah Tingkara", "K_POKTAN": "H. Amirsalim", "P_SID": "Universitas Negeri Makassar", "NO_HP_1": null, "NAMA_PEMIL": "Pemerintah Desa", "N_PETAK": "TKB241", "LUAS_HA": 2.3674567199499998, "PAKET": "Paket Sulawesi Selatan 13" }, "geometry": { "type": "MultiPolygon", "coordinates": [ [ [ [ 120.395355535429644, -2.710001770465283, 0.0 ], [ 120.395083790884314, -2.7109428867048, 0.0 ], [ 120.394202618056397, -2.710614195288827, 0.0 ], [ 120.393638148681703, -2.710402394155096, 0.0 ], [ 120.393226804173764, -2.710248865492701, 0.0 ], [ 120.393669119534252, -2.709298431377476, 0.0 ], [ 120.395355535429644, -2.710001770465283, 0.0 ] ] ] ] } },
{ "type": "Feature", "properties": { "OBJECTID": 3349, "WADMPR": "Sulawesi Selatan", "WADMKK": "Kab. Luwu Utara", "WADMKC": "Kec. Malangke", "WADMKD": "Desa Tingkara", "POKTAN": "Gapoktan Anugrah Tingkara", "K_POKTAN": "H. Amirsalim", "P_SID": "Universitas Negeri Makassar", "NO_HP_1": null, "NAMA_PEMIL": "Pemerintah Desa", "N_PETAK": "TKB242", "LUAS_HA": 0.56163043649, "PAKET": "Paket Sulawesi Selatan 13" }, "geometry": { "type": "MultiPolygon", "coordinates": [ [ [ [ 120.393638148681703, -2.710402394155096, 0.0 ], [ 120.393365404989481, -2.711306544661284, 0.0 ], [ 120.392901840447621, -2.71115468693921, 0.0 ], [ 120.393004482770721, -2.710774732367952, 0.0 ], [ 120.393226804173764, -2.710248865492701, 0.0 ], [ 120.393638148681703, -2.710402394155096, 0.0 ] ] ] ] } },
{ "type": "Feature", "properties": { "OBJECTID": 3350, "WADMPR": "Sulawesi Selatan", "WADMKK": "Kab. Luwu Utara", "WADMKC": "Kec. Malangke", "WADMKD": "Desa Tingkara", "POKTAN": "Gapoktan Anugrah Tingkara", "K_POKTAN": "H. Amirsalim", "P_SID": "Universitas Negeri Makassar", "NO_HP_1": null, "NAMA_PEMIL": "Pemerintah Desa", "N_PETAK": "TKB243", "LUAS_HA": 0.67624280056999997, "PAKET": "Paket Sulawesi Selatan 13" }, "geometry": { "type": "MultiPolygon", "coordinates": [ [ [ [ 120.394202618056397, -2.710614195288827, 0.0 ], [ 120.3940307800965, -2.711093745280095, 0.0 ], [ 120.393902900098851, -2.711509354373163, 0.0 ], [ 120.393365404989481, -2.711306544661284, 0.0 ], [ 120.393638148681703, -2.710402394155096, 0.0 ], [ 120.394202618056397, -2.710614195288827, 0.0 ] ] ] ] } },
{ "type": "Feature", "properties": { "OBJECTID": 3351, "WADMPR": "Sulawesi Selatan", "WADMKK": "Kab. Luwu Utara", "WADMKC": "Kec. Malangke", "WADMKD": "Desa Tingkara", "POKTAN": "Gapoktan Anugrah Tingkara", "K_POKTAN": "H. Amirsalim", "P_SID": "Universitas Negeri Makassar", "NO_HP_1": null, "NAMA_PEMIL": "Pemerintah Desa", "N_PETAK": "TKB244", "LUAS_HA": 0.6033405638, "PAKET": "Paket Sulawesi Selatan 13" }, "geometry": { "type": "MultiPolygon", "coordinates": [ [ [ [ 120.395083790884314, -2.7109428867048, 0.0 ], [ 120.394905958043637, -2.711445414374339, 0.0 ], [ 120.3940307800965, -2.711093745280095, 0.0 ], [ 120.394202618056397, -2.710614195288827, 0.0 ], [ 120.395083790884314, -2.7109428867048, 0.0 ] ] ] ] } },
{ "type": "Feature", "properties": { "OBJECTID": 3352, "WADMPR": "Sulawesi Selatan", "WADMKK": "Kab. Luwu Utara", "WADMKC": "Kec. Malangke", "WADMKD": "Desa Tingkara", "POKTAN": "Gapoktan Anugrah Tingkara", "K_POKTAN": "H. Amirsalim", "P_SID": "Universitas Negeri Makassar", "NO_HP_1": null, "NAMA_PEMIL": "Pemerintah Desa", "N_PETAK": "TKB245", "LUAS_HA": 0.49959246448, "PAKET": "Paket Sulawesi Selatan 13" }, "geometry": { "type": "MultiPolygon", "coordinates": [ [ [ [ 120.394905958043637, -2.711445414374339, 0.0 ], [ 120.39476608918369, -2.711857027779558, 0.0 ], [ 120.393902900098851, -2.711509354373163, 0.0 ], [ 120.3940307800965, -2.711093745280095, 0.0 ], [ 120.394905958043637, -2.711445414374339, 0.0 ] ] ] ] } },
{ "type": "Feature", "properties": { "OBJECTID": 3353, "WADMPR": "Sulawesi Selatan", "WADMKK": "Kab. Luwu Utara", "WADMKC": "Kec. Malangke", "WADMKD": "Desa Tingkara", "POKTAN": "Gapoktan Anugrah Tingkara", "K_POKTAN": "H. Amirsalim", "P_SID": "Universitas Negeri Makassar", "NO_HP_1": null, "NAMA_PEMIL": "Pemerintah Desa", "N_PETAK": "TKB246", "LUAS_HA": 1.04333683978, "PAKET": "Paket Sulawesi Selatan 13" }, "geometry": { "type": "MultiPolygon", "coordinates": [ [ [ [ 120.392901840447621, -2.71115468693921, 0.0 ], [ 120.393365404989481, -2.711306544661284, 0.0 ], [ 120.393128164733071, -2.712302551921198, 0.0 ], [ 120.392296647072612, -2.711942811411575, 0.0 ], [ 120.392465184520688, -2.711412044130498, 0.0 ], [ 120.392474249686984, -2.711375912967981, 0.0 ], [ 120.392609834176596, -2.711014698469512, 0.0 ], [ 120.392901840447621, -2.71115468693921, 0.0 ] ] ] ] } },
{ "type": "Feature", "properties": { "OBJECTID": 3354, "WADMPR": "Sulawesi Selatan", "WADMKK": "Kab. Luwu Utara", "WADMKC": "Kec. Malangke", "WADMKD": "Desa Tingkara", "POKTAN": "Gapoktan Anugrah Tingkara", "K_POKTAN": "H. Amirsalim", "P_SID": "Universitas Negeri Makassar", "NO_HP_1": null, "NAMA_PEMIL": "Pemerintah Desa", "N_PETAK": "TKB247", "LUAS_HA": 1.8451441478699999, "PAKET": "Paket Sulawesi Selatan 13" }, "geometry": { "type": "MultiPolygon", "coordinates": [ [ [ [ 120.39476608918369, -2.711857027779558, 0.0 ], [ 120.394451966784914, -2.712849777695055, 0.0 ], [ 120.393649176168651, -2.712508174712468, 0.0 ], [ 120.393615436303435, -2.712499490858761, 0.0 ], [ 120.393128164733071, -2.712302551921198, 0.0 ], [ 120.393365404989481, -2.711306544661284, 0.0 ], [ 120.39476608918369, -2.711857027779558, 0.0 ] ] ] ] } },
{ "type": "Feature", "properties": { "OBJECTID": 3355, "WADMPR": "Sulawesi Selatan", "WADMKK": "Kab. Luwu Utara", "WADMKC": "Kec. Malangke", "WADMKD": "Desa Tingkara", "POKTAN": "Gapoktan Anugrah Tingkara", "K_POKTAN": "H. Amirsalim", "P_SID": "Universitas Negeri Makassar", "NO_HP_1": null, "NAMA_PEMIL": "Pemerintah Desa", "N_PETAK": "TKB248", "LUAS_HA": 0.2363988715, "PAKET": "Paket Sulawesi Selatan 13" }, "geometry": { "type": "MultiPolygon", "coordinates": [ [ [ [ 120.39147445628123, -2.711657524874852, 0.0 ], [ 120.392268203314984, -2.711954982836119, 0.0 ], [ 120.39197207994755, -2.712827675956419, 0.0 ], [ 120.391385292097652, -2.712845872838727, 0.0 ], [ 120.391153179775529, -2.712853070113056, 0.0 ], [ 120.391141940947932, -2.712867731760355, 0.0 ], [ 120.390718765858423, -2.71283820252097, 0.0 ], [ 120.391163080411843, -2.712831856005323, 0.0 ], [ 120.391483198590777, -2.712821170260725, 0.0 ], [ 120.391932928861593, -2.712800209761838, 0.0 ], [ 120.392220541944539, -2.711996287798399, 0.0 ], [ 120.39216910881737, -2.711979025311734, 0.0 ], [ 120.391560151779686, -2.711771373649924, 0.0 ], [ 120.390938009781394, -2.711569256415999, 0.0 ], [ 120.390800822699816, -2.71209920171674, 0.0 ], [ 120.390950850301579, -2.711420391637716, 0.0 ], [ 120.39147445628123, -2.711657524874852, 0.0 ] ] ], [ [ [ 120.390625289425657, -2.712831680637521, 0.0 ], [ 120.390622792907607, -2.712831506169039, 0.0 ], [ 120.390637079537669, -2.712713266004357, 0.0 ], [ 120.390677664142913, -2.712544353539045, 0.0 ], [ 120.390722049283227, -2.712366304861007, 0.0 ], [ 120.390752570474774, -2.712288083628096, 0.0 ], [ 120.390688148439381, -2.712547135142131, 0.0 ], [ 120.390625289425657, -2.712831680637521, 0.0 ] ] ] ] } },
{ "type": "Feature", "properties": { "OBJECTID": 3356, "WADMPR": "Sulawesi Selatan", "WADMKK": "Kab. Luwu Utara", "WADMKC": "Kec. Malangke", "WADMKD": "Desa Tingkara", "POKTAN": "Gapoktan Anugrah Tingkara", "K_POKTAN": "H. Amirsalim", "P_SID": "Universitas Negeri Makassar", "NO_HP_1": null, "NAMA_PEMIL": "Pemerintah Desa", "N_PETAK": "TKB250", "LUAS_HA": 0.77001291909000003, "PAKET": "Paket Sulawesi Selatan 13" }, "geometry": { "type": "MultiPolygon", "coordinates": [ [ [ [ 120.391810655237578, -2.710687608746127, 0.0 ], [ 120.391656921529716, -2.711130122856844, 0.0 ], [ 120.391644322927277, -2.711167467204803, 0.0 ], [ 120.39147445628123, -2.711657524874852, 0.0 ], [ 120.390950850301579, -2.711420391637716, 0.0 ], [ 120.391243317025555, -2.710397603466561, 0.0 ], [ 120.391810655237578, -2.710687608746127, 0.0 ] ] ] ] } },
{ "type": "Feature", "properties": { "OBJECTID": 3357, "WADMPR": "Sulawesi Selatan", "WADMKK": "Kab. Luwu Utara", "WADMKC": "Kec. Malangke", "WADMKD": "Desa Tingkara", "POKTAN": "Gapoktan Anugrah Tingkara", "K_POKTAN": "H. Amirsalim", "P_SID": "Universitas Negeri Makassar", "NO_HP_1": null, "NAMA_PEMIL": "Pemerintah Desa", "N_PETAK": "TKB251", "LUAS_HA": 0.78130714279000002, "PAKET": "Paket Sulawesi Selatan 13" }, "geometry": { "type": "MultiPolygon", "coordinates": [ [ [ [ 120.392181073397865, -2.709784638150495, 0.0 ], [ 120.391946182170614, -2.710405505809376, 0.0 ], [ 120.391810655237578, -2.710687608746127, 0.0 ], [ 120.391243317025555, -2.710397603466561, 0.0 ], [ 120.391265814465783, -2.71033095021312, 0.0 ], [ 120.391288311906123, -2.710264297858998, 0.0 ], [ 120.391310809346464, -2.710197646404197, 0.0 ], [ 120.391333306786692, -2.710130994949395, 0.0 ], [ 120.391355805126409, -2.710064342595274, 0.0 ], [ 120.391378302566636, -2.709997691140472, 0.0 ], [ 120.391400799107601, -2.709931039685671, 0.0 ], [ 120.391423295648679, -2.709864388230869, 0.0 ], [ 120.391445794887545, -2.709797734078109, 0.0 ], [ 120.391468292327886, -2.709731081723987, 0.0 ], [ 120.391490789768227, -2.709664431168505, 0.0 ], [ 120.391513287208454, -2.709597778814384, 0.0 ], [ 120.391535784648795, -2.709531127359583, 0.0 ], [ 120.392181073397865, -2.709784638150495, 0.0 ] ] ] ] } },
{ "type": "Feature", "properties": { "OBJECTID": 3358, "WADMPR": "Sulawesi Selatan", "WADMKK": "Kab. Luwu Utara", "WADMKC": "Kec. Malangke", "WADMKD": "Desa Tingkara", "POKTAN": "Gapoktan Anugrah Tingkara", "K_POKTAN": "H. Amirsalim", "P_SID": "Universitas Negeri Makassar", "NO_HP_1": null, "NAMA_PEMIL": "Pemerintah Desa", "N_PETAK": "TKB252", "LUAS_HA": 0.48861077412999998, "PAKET": "Paket Sulawesi Selatan 13" }, "geometry": { "type": "MultiPolygon", "coordinates": [ [ [ [ 120.393004482770721, -2.710774732367952, 0.0 ], [ 120.392901840447621, -2.71115468693921, 0.0 ], [ 120.392609834176596, -2.711014698469512, 0.0 ], [ 120.391810655237578, -2.710687608746127, 0.0 ], [ 120.391946182170614, -2.710405505809376, 0.0 ], [ 120.393004482770721, -2.710774732367952, 0.0 ] ] ] ] } },
{ "type": "Feature", "properties": { "OBJECTID": 3359, "WADMPR": "Sulawesi Selatan", "WADMKK": "Kab. Luwu Utara", "WADMKC": "Kec. Malangke", "WADMKD": "Desa Tingkara", "POKTAN": "Gapoktan Anugrah Tingkara", "K_POKTAN": "H. Amirsalim", "P_SID": "Universitas Negeri Makassar", "NO_HP_1": null, "NAMA_PEMIL": "Pemerintah Desa", "N_PETAK": "TKB253", "LUAS_HA": 1.20792029688, "PAKET": "Paket Sulawesi Selatan 13" }, "geometry": { "type": "MultiPolygon", "coordinates": [ [ [ [ 120.393669119534252, -2.709298431377476, 0.0 ], [ 120.393226804173764, -2.710248865492701, 0.0 ], [ 120.392419293016019, -2.709885878430498, 0.0 ], [ 120.39272900244157, -2.708910794797305, 0.0 ], [ 120.393669119534252, -2.709298431377476, 0.0 ] ] ] ] } },
{ "type": "Feature", "properties": { "OBJECTID": 3360, "WADMPR": "Sulawesi Selatan", "WADMKK": "Kab. Luwu Utara", "WADMKC": "Kec. Malangke", "WADMKD": "Desa Tingkara", "POKTAN": "Gapoktan Anugrah Tingkara", "K_POKTAN": "H. Amirsalim", "P_SID": "Universitas Negeri Makassar", "NO_HP_1": null, "NAMA_PEMIL": "Pemerintah Desa", "N_PETAK": "TKB254", "LUAS_HA": 1.1606532976599999, "PAKET": "Paket Sulawesi Selatan 13" }, "geometry": { "type": "MultiPolygon", "coordinates": [ [ [ [ 120.39272900244157, -2.708910794797305, 0.0 ], [ 120.392419293016019, -2.709885878430498, 0.0 ], [ 120.392181073397865, -2.709784638150495, 0.0 ], [ 120.391535784648795, -2.709531127359583, 0.0 ], [ 120.391560100518291, -2.709466272750262, 0.0 ], [ 120.391881298783005, -2.708578606817184, 0.0 ], [ 120.39272900244157, -2.708910794797305, 0.0 ] ] ] ] } },
{ "type": "Feature", "properties": { "OBJECTID": 3361, "WADMPR": "Sulawesi Selatan", "WADMKK": "Kab. Luwu Utara", "WADMKC": "Kec. Malangke", "WADMKD": "Desa Tingkara", "POKTAN": "Gapoktan Anugrah Tingkara", "K_POKTAN": "H. Amirsalim", "P_SID": "Universitas Negeri Makassar", "NO_HP_1": null, "NAMA_PEMIL": "Pemerintah Desa", "N_PETAK": "TKB255", "LUAS_HA": 1.2442295972599999, "PAKET": "Paket Sulawesi Selatan 13" }, "geometry": { "type": "MultiPolygon", "coordinates": [ [ [ [ 120.394001307514372, -2.70838079283925, 0.0 ], [ 120.393921549340121, -2.708601116848001, 0.0 ], [ 120.393669119534252, -2.709298431377476, 0.0 ], [ 120.39272900244157, -2.708910794797305, 0.0 ], [ 120.393030719592048, -2.707973675144956, 0.0 ], [ 120.394001307514372, -2.70838079283925, 0.0 ] ] ] ] } },
{ "type": "Feature", "properties": { "OBJECTID": 3362, "WADMPR": "Sulawesi Selatan", "WADMKK": "Kab. Luwu Utara", "WADMKC": "Kec. Malangke", "WADMKD": "Desa Tingkara", "POKTAN": "Gapoktan Anugrah Tingkara", "K_POKTAN": "H. Amirsalim", "P_SID": "Universitas Negeri Makassar", "NO_HP_1": null, "NAMA_PEMIL": "Pemerintah Desa", "N_PETAK": "TKB256", "LUAS_HA": 1.0865548462400001, "PAKET": "Paket Sulawesi Selatan 13" }, "geometry": { "type": "MultiPolygon", "coordinates": [ [ [ [ 120.393030719592048, -2.707973675144956, 0.0 ], [ 120.39272900244157, -2.708910794797305, 0.0 ], [ 120.391881298783005, -2.708578606817184, 0.0 ], [ 120.392185013327776, -2.70765947000848, 0.0 ], [ 120.393030719592048, -2.707973675144956, 0.0 ] ] ] ] } },
{ "type": "Feature", "properties": { "OBJECTID": 3363, "WADMPR": "Sulawesi Selatan", "WADMKK": "Kab. Luwu Utara", "WADMKC": "Kec. Malangke", "WADMKD": "Desa Tingkara", "POKTAN": "Gapoktan Anugrah Tingkara", "K_POKTAN": "H. Amirsalim", "P_SID": "Universitas Negeri Makassar", "NO_HP_1": null, "NAMA_PEMIL": "Pemerintah Desa", "N_PETAK": "TKB257", "LUAS_HA": 1.69307424774, "PAKET": "Paket Sulawesi Selatan 13" }, "geometry": { "type": "MultiPolygon", "coordinates": [ [ [ [ 120.391881298783005, -2.708578606817184, 0.0 ], [ 120.391560100518291, -2.709466272750262, 0.0 ], [ 120.390237342579326, -2.708996713327622, 0.0 ], [ 120.390490605157311, -2.708063091138683, 0.0 ], [ 120.391881298783005, -2.708578606817184, 0.0 ] ] ] ] } },
{ "type": "Feature", "properties": { "OBJECTID": 3364, "WADMPR": "Sulawesi Selatan", "WADMKK": "Kab. Luwu Utara", "WADMKC": "Kec. Malangke", "WADMKD": "Desa Tingkara", "POKTAN": "Gapoktan Anugrah Tingkara", "K_POKTAN": "H. Amirsalim", "P_SID": "Universitas Negeri Makassar", "NO_HP_1": null, "NAMA_PEMIL": "Pemerintah Desa", "N_PETAK": "TKB258", "LUAS_HA": 1.9699218038599999, "PAKET": "Paket Sulawesi Selatan 13" }, "geometry": { "type": "MultiPolygon", "coordinates": [ [ [ [ 120.39913898237819, -2.70272060916875, 0.0 ], [ 120.398275793293237, -2.704319107340893, 0.0 ], [ 120.397484536482239, -2.703919482797858, 0.0 ], [ 120.397920126712506, -2.70311224143677, 0.0 ], [ 120.398375698080031, -2.702324980313563, 0.0 ], [ 120.39913898237819, -2.70272060916875, 0.0 ] ] ] ] } },
{ "type": "Feature", "properties": { "OBJECTID": 3365, "WADMPR": "Sulawesi Selatan", "WADMKK": "Kab. Luwu Utara", "WADMKC": "Kec. Malangke", "WADMKD": "Desa Tingkara", "POKTAN": "Gapoktan Anugrah Tingkara", "K_POKTAN": "H. Amirsalim", "P_SID": "Universitas Negeri Makassar", "NO_HP_1": null, "NAMA_PEMIL": "Pemerintah Desa", "N_PETAK": "TKB259", "LUAS_HA": 1.5695170597600001, "PAKET": "Paket Sulawesi Selatan 13" }, "geometry": { "type": "MultiPolygon", "coordinates": [ [ [ [ 120.399690464643299, -2.702884454853688, 0.0 ], [ 120.398819282384011, -2.704646799610089, 0.0 ], [ 120.398275793293237, -2.704319107340893, 0.0 ], [ 120.39913898237819, -2.70272060916875, 0.0 ], [ 120.399290839200944, -2.702364943487282, 0.0 ], [ 120.399654498056748, -2.702592729171045, 0.0 ], [ 120.39957057692061, -2.702808525992623, 0.0 ], [ 120.399690464643299, -2.702884454853688, 0.0 ] ] ] ] } },
{ "type": "Feature", "properties": { "OBJECTID": 3366, "WADMPR": "Sulawesi Selatan", "WADMKK": "Kab. Luwu Utara", "WADMKC": "Kec. Malangke", "WADMKD": "Desa Tingkara", "POKTAN": "Gapoktan Anugrah Tingkara", "K_POKTAN": "H. Amirsalim", "P_SID": "Universitas Negeri Makassar", "NO_HP_1": null, "NAMA_PEMIL": "Pemerintah Desa", "N_PETAK": "TKB260", "LUAS_HA": 1.3281182529, "PAKET": "Paket Sulawesi Selatan 13" }, "geometry": { "type": "MultiPolygon", "coordinates": [ [ [ [ 120.400130051460792, -2.703272090534483, 0.0 ], [ 120.399314816925312, -2.704926536430492, 0.0 ], [ 120.398819282384011, -2.704646799610089, 0.0 ], [ 120.399690464643299, -2.702884454853688, 0.0 ], [ 120.400130051460792, -2.703272090534483, 0.0 ] ] ] ] } },
{ "type": "Feature", "properties": { "OBJECTID": 3367, "WADMPR": "Sulawesi Selatan", "WADMKK": "Kab. Luwu Utara", "WADMKC": "Kec. Malangke", "WADMKD": "Desa Tingkara", "POKTAN": "Gapoktan Anugrah Tingkara", "K_POKTAN": "H. Amirsalim", "P_SID": "Universitas Negeri Makassar", "NO_HP_1": null, "NAMA_PEMIL": "Pemerintah Desa", "N_PETAK": "TKB261", "LUAS_HA": 4.35493175507, "PAKET": "Paket Sulawesi Selatan 13" }, "geometry": { "type": "MultiPolygon", "coordinates": [ [ [ [ 120.401217030541602, -2.704958507329195, 0.0 ], [ 120.40068952600086, -2.705797718689723, 0.0 ], [ 120.399882283740453, -2.705262220974646, 0.0 ], [ 120.399314816925312, -2.704926536430492, 0.0 ], [ 120.400130051460792, -2.703272090534483, 0.0 ], [ 120.400297893732841, -2.703320045083956, 0.0 ], [ 120.400409788281195, -2.703136218261818, 0.0 ], [ 120.401768512806711, -2.704039369621171, 0.0 ], [ 120.401217030541602, -2.704958507329195, 0.0 ] ] ] ] } },
{ "type": "Feature", "properties": { "OBJECTID": 3368, "WADMPR": "Sulawesi Selatan", "WADMKK": "Kab. Luwu Utara", "WADMKC": "Kec. Malangke", "WADMKD": "Desa Tingkara", "POKTAN": "Gapoktan Anugrah Tingkara", "K_POKTAN": "H. Amirsalim", "P_SID": "Universitas Negeri Makassar", "NO_HP_1": null, "NAMA_PEMIL": "Pemerintah Desa", "N_PETAK": "TKB262", "LUAS_HA": 1.2505554137699999, "PAKET": "Paket Sulawesi Selatan 13" }, "geometry": { "type": "MultiPolygon", "coordinates": [ [ [ [ 120.402174122337897, -2.705511471677028, 0.0 ], [ 120.401648625084022, -2.706237305507216, 0.0 ], [ 120.40068952600086, -2.705797718689723, 0.0 ], [ 120.401217030541602, -2.704958507329195, 0.0 ], [ 120.401584678789959, -2.705158286325798, 0.0 ], [ 120.401643623054838, -2.705193604501176, 0.0 ], [ 120.40170256642034, -2.705228922676611, 0.0 ], [ 120.401761511584596, -2.705264241751308, 0.0 ], [ 120.401820454950098, -2.705299559926686, 0.0 ], [ 120.40187940011424, -2.705334878102121, 0.0 ], [ 120.401938344379118, -2.705370197176819, 0.0 ], [ 120.401997289543374, -2.705405515352197, 0.0 ], [ 120.402056233808253, -2.705440834426895, 0.0 ], [ 120.402115178073018, -2.70547615170301, 0.0 ], [ 120.402174122337897, -2.705511471677028, 0.0 ] ] ] ] } },
{ "type": "Feature", "properties": { "OBJECTID": 3369, "WADMPR": "Sulawesi Selatan", "WADMKK": "Kab. Luwu Utara", "WADMKC": "Kec. Malangke", "WADMKD": "Desa Tingkara", "POKTAN": "Gapoktan Anugrah Tingkara", "K_POKTAN": "H. Amirsalim", "P_SID": "Universitas Negeri Makassar", "NO_HP_1": null, "NAMA_PEMIL": "Pemerintah Desa", "N_PETAK": "TKB263", "LUAS_HA": 2.3931552405300001, "PAKET": "Paket Sulawesi Selatan 13" }, "geometry": { "type": "MultiPolygon", "coordinates": [ [ [ [ 120.402455867344429, -2.706812765496693, 0.0 ], [ 120.401648625084022, -2.706237305507216, 0.0 ], [ 120.402174122337897, -2.705511471677028, 0.0 ], [ 120.402219565080941, -2.705452915019976, 0.0 ], [ 120.402265006924608, -2.705394360161563, 0.0 ], [ 120.402310449667539, -2.70533580530315, 0.0 ], [ 120.402355891511206, -2.705277249545361, 0.0 ], [ 120.40240133425425, -2.705218694686948, 0.0 ], [ 120.402446776097918, -2.705160138029896, 0.0 ], [ 120.402492218840848, -2.705101583171484, 0.0 ], [ 120.402537660684516, -2.705043029212391, 0.0 ], [ 120.402767574164272, -2.704774679607738, 0.0 ], [ 120.403686710973034, -2.705227253534872, 0.0 ], [ 120.402455867344429, -2.706812765496693, 0.0 ] ] ] ] } },
{ "type": "Feature", "properties": { "OBJECTID": 3370, "WADMPR": "Sulawesi Selatan", "WADMKK": "Kab. Luwu Utara", "WADMKC": "Kec. Malangke", "WADMKD": "Desa Tingkara", "POKTAN": "Gapoktan Anugrah Tingkara", "K_POKTAN": "H. Amirsalim", "P_SID": "Universitas Negeri Makassar", "NO_HP_1": null, "NAMA_PEMIL": "Pemerintah Desa", "N_PETAK": "TKB264", "LUAS_HA": 2.2926623386, "PAKET": "Paket Sulawesi Selatan 13" }, "geometry": { "type": "MultiPolygon", "coordinates": [ [ [ [ 120.402455867344429, -2.706812765496693, 0.0 ], [ 120.401322931108439, -2.70824641883712, 0.0 ], [ 120.400443756574191, -2.707774862020244, 0.0 ], [ 120.401648625084022, -2.706237305507216, 0.0 ], [ 120.402455867344429, -2.706812765496693, 0.0 ] ] ] ] } },
{ "type": "Feature", "properties": { "OBJECTID": 3371, "WADMPR": "Sulawesi Selatan", "WADMKK": "Kab. Luwu Utara", "WADMKC": "Kec. Malangke", "WADMKD": "Desa Tingkara", "POKTAN": "Gapoktan Anugrah Tingkara", "K_POKTAN": "H. Amirsalim", "P_SID": "Universitas Negeri Makassar", "NO_HP_1": null, "NAMA_PEMIL": "Pemerintah Desa", "N_PETAK": "TKB265", "LUAS_HA": 2.3393036041799999, "PAKET": "Paket Sulawesi Selatan 13" }, "geometry": { "type": "MultiPolygon", "coordinates": [ [ [ [ 120.401648625084022, -2.706237305507216, 0.0 ], [ 120.400443756574191, -2.707774862020244, 0.0 ], [ 120.39959655203927, -2.707263342029592, 0.0 ], [ 120.40068952600086, -2.705797718689723, 0.0 ], [ 120.401648625084022, -2.706237305507216, 0.0 ] ] ] ] } },
{ "type": "Feature", "properties": { "OBJECTID": 3372, "WADMPR": "Sulawesi Selatan", "WADMKK": "Kab. Luwu Utara", "WADMKC": "Kec. Malangke", "WADMKD": "Desa Tingkara", "POKTAN": "Gapoktan Anugrah Tingkara", "K_POKTAN": "H. Amirsalim", "P_SID": "Universitas Negeri Makassar", "NO_HP_1": null, "NAMA_PEMIL": "Pemerintah Desa", "N_PETAK": "TKB266", "LUAS_HA": 2.3036065036300002, "PAKET": "Paket Sulawesi Selatan 13" }, "geometry": { "type": "MultiPolygon", "coordinates": [ [ [ [ 120.40068952600086, -2.705797718689723, 0.0 ], [ 120.39959655203927, -2.707263342029592, 0.0 ], [ 120.398677415230623, -2.706775800662626, 0.0 ], [ 120.399882283740453, -2.705262220974646, 0.0 ], [ 120.40068952600086, -2.705797718689723, 0.0 ] ] ] ] } },
{ "type": "Feature", "properties": { "OBJECTID": 3373, "WADMPR": "Sulawesi Selatan", "WADMKK": "Kab. Luwu Utara", "WADMKC": "Kec. Malangke", "WADMKD": "Desa Tingkara", "POKTAN": "Gapoktan Anugrah Tingkara", "K_POKTAN": "H. Amirsalim", "P_SID": "Universitas Negeri Makassar", "NO_HP_1": null, "NAMA_PEMIL": "Pemerintah Desa", "N_PETAK": "TKB267", "LUAS_HA": 2.3237384461000001, "PAKET": "Paket Sulawesi Selatan 13" }, "geometry": { "type": "MultiPolygon", "coordinates": [ [ [ [ 120.399882283740453, -2.705262220974646, 0.0 ], [ 120.398677415230623, -2.706775800662626, 0.0 ], [ 120.398038016141641, -2.706296250671357, 0.0 ], [ 120.398819282384011, -2.704646799610089, 0.0 ], [ 120.399882283740453, -2.705262220974646, 0.0 ] ] ] ] } },
{ "type": "Feature", "properties": { "OBJECTID": 3374, "WADMPR": "Sulawesi Selatan", "WADMKK": "Kab. Luwu Utara", "WADMKC": "Kec. Malangke", "WADMKD": "Desa Tingkara", "POKTAN": "Gapoktan Anugrah Tingkara", "K_POKTAN": "H. Amirsalim", "P_SID": "Universitas Negeri Makassar", "NO_HP_1": null, "NAMA_PEMIL": "Pemerintah Desa", "N_PETAK": "TKB268", "LUAS_HA": 3.3283131959199999, "PAKET": "Paket Sulawesi Selatan 13" }, "geometry": { "type": "MultiPolygon", "coordinates": [ [ [ [ 120.398275793293237, -2.704319107340893, 0.0 ], [ 120.398819282384011, -2.704646799610089, 0.0 ], [ 120.398038016141641, -2.706296250671357, 0.0 ], [ 120.396811168200884, -2.705728782956896, 0.0 ], [ 120.397484536482239, -2.703919482797858, 0.0 ], [ 120.398275793293237, -2.704319107340893, 0.0 ] ] ] ] } },
{ "type": "Feature", "properties": { "OBJECTID": 3375, "WADMPR": "Sulawesi Selatan", "WADMKK": "Kab. Luwu Utara", "WADMKC": "Kec. Malangke", "WADMKD": "Desa Tingkara", "POKTAN": "Gapoktan Anugrah Tingkara", "K_POKTAN": "H. Amirsalim", "P_SID": "Universitas Negeri Makassar", "NO_HP_1": null, "NAMA_PEMIL": "Pemerintah Desa", "N_PETAK": "TKB269", "LUAS_HA": 2.1631669494, "PAKET": "Paket Sulawesi Selatan 13" }, "geometry": { "type": "MultiPolygon", "coordinates": [ [ [ [ 120.398038016141641, -2.706296250671357, 0.0 ], [ 120.396731243652084, -2.707790846570276, 0.0 ], [ 120.396283663660256, -2.707535087474241, 0.0 ], [ 120.396811168200884, -2.705728782956896, 0.0 ], [ 120.398038016141641, -2.706296250671357, 0.0 ] ] ] ] } },
{ "type": "Feature", "properties": { "OBJECTID": 3376, "WADMPR": "Sulawesi Selatan", "WADMKK": "Kab. Luwu Utara", "WADMKC": "Kec. Malangke", "WADMKD": "Desa Tingkara", "POKTAN": "Gapoktan Anugrah Tingkara", "K_POKTAN": "H. Amirsalim", "P_SID": "Universitas Negeri Makassar", "NO_HP_1": null, "NAMA_PEMIL": "Pemerintah Desa", "N_PETAK": "TKB270", "LUAS_HA": 2.2510757811, "PAKET": "Paket Sulawesi Selatan 13" }, "geometry": { "type": "MultiPolygon", "coordinates": [ [ [ [ 120.398677415230623, -2.706775800662626, 0.0 ], [ 120.397722312734572, -2.708342328835386, 0.0 ], [ 120.396731243652084, -2.707790846570276, 0.0 ], [ 120.398038016141641, -2.706296250671357, 0.0 ], [ 120.398677415230623, -2.706775800662626, 0.0 ] ] ] ] } },
{ "type": "Feature", "properties": { "OBJECTID": 3377, "WADMPR": "Sulawesi Selatan", "WADMKK": "Kab. Luwu Utara", "WADMKC": "Kec. Malangke", "WADMKD": "Desa Tingkara", "POKTAN": "Gapoktan Anugrah Tingkara", "K_POKTAN": "H. Amirsalim", "P_SID": "Universitas Negeri Makassar", "NO_HP_1": null, "NAMA_PEMIL": "Pemerintah Desa", "N_PETAK": "TKB271", "LUAS_HA": 10.152969498, "PAKET": "Paket Sulawesi Selatan 13" }, "geometry": { "type": "MultiPolygon", "coordinates": [ [ [ [ 120.39959655203927, -2.707263342029592, 0.0 ], [ 120.400443756574191, -2.707774862020244, 0.0 ], [ 120.401322931108439, -2.70824641883712, 0.0 ], [ 120.399576570902127, -2.710364429274932, 0.0 ], [ 120.399018860831802, -2.710053033620568, 0.0 ], [ 120.398470081029473, -2.709679550570741, 0.0 ], [ 120.398450174536038, -2.709746532076736, 0.0 ], [ 120.398430268042489, -2.709813511784091, 0.0 ], [ 120.398410363347693, -2.709880490592127, 0.0 ], [ 120.398390457753521, -2.709947472098122, 0.0 ], [ 120.398370551259973, -2.710014453604117, 0.0 ], [ 120.398350646565177, -2.710081431512833, 0.0 ], [ 120.398330740071628, -2.710148413018771, 0.0 ], [ 120.398310834477456, -2.710215393625447, 0.0 ], [ 120.397106890470695, -2.709629120187685, 0.0 ], [ 120.397434582739834, -2.708997713373719, 0.0 ], [ 120.397722312734572, -2.708342328835386, 0.0 ], [ 120.398677415230623, -2.706775800662626, 0.0 ], [ 120.39959655203927, -2.707263342029592, 0.0 ] ] ] ] } },
{ "type": "Feature", "properties": { "OBJECTID": 3378, "WADMPR": "Sulawesi Selatan", "WADMKK": "Kab. Luwu Utara", "WADMKC": "Kec. Malangke", "WADMKD": "Desa Tingkara", "POKTAN": "Gapoktan Anugrah Tingkara", "K_POKTAN": "H. Amirsalim", "P_SID": "Universitas Negeri Makassar", "NO_HP_1": null, "NAMA_PEMIL": "Pemerintah Desa", "N_PETAK": "TKB272", "LUAS_HA": 1.42963424875, "PAKET": "Paket Sulawesi Selatan 13" }, "geometry": { "type": "MultiPolygon", "coordinates": [ [ [ [ 120.396731243652084, -2.707790846570276, 0.0 ], [ 120.397722312734572, -2.708342328835386, 0.0 ], [ 120.397434582739834, -2.708997713373719, 0.0 ], [ 120.396083851388653, -2.708286382010897, 0.0 ], [ 120.396283663660256, -2.707535087474241, 0.0 ], [ 120.396731243652084, -2.707790846570276, 0.0 ] ] ] ] } },
{ "type": "Feature", "properties": { "OBJECTID": 3379, "WADMPR": "Sulawesi Selatan", "WADMKK": "Kab. Luwu Utara", "WADMKC": "Kec. Malangke", "WADMKD": "Desa Tingkara", "POKTAN": "Gapoktan Anugrah Tingkara", "K_POKTAN": "H. Amirsalim", "P_SID": "Universitas Negeri Makassar", "NO_HP_1": null, "NAMA_PEMIL": "Pemerintah Desa", "N_PETAK": "TKB273", "LUAS_HA": 1.4461648939, "PAKET": "Paket Sulawesi Selatan 13" }, "geometry": { "type": "MultiPolygon", "coordinates": [ [ [ [ 120.397434582739834, -2.708997713373719, 0.0 ], [ 120.397106890470695, -2.709629120187685, 0.0 ], [ 120.395780136843882, -2.709125592472049, 0.0 ], [ 120.396083851388653, -2.708286382010897, 0.0 ], [ 120.397434582739834, -2.708997713373719, 0.0 ] ] ] ] } },
{ "type": "Feature", "properties": { "OBJECTID": 3380, "WADMPR": "Sulawesi Selatan", "WADMKK": "Kab. Luwu Utara", "WADMKC": "Kec. Malangke", "WADMKD": "Desa Tingkara", "POKTAN": "Gapoktan Anugrah Tingkara", "K_POKTAN": "H. Amirsalim", "P_SID": "Universitas Negeri Makassar", "NO_HP_1": null, "NAMA_PEMIL": "Pemerintah Desa", "N_PETAK": "TKB274", "LUAS_HA": 3.1647783997699999, "PAKET": "Paket Sulawesi Selatan 13" }, "geometry": { "type": "MultiPolygon", "coordinates": [ [ [ [ 120.397106890470695, -2.709629120187685, 0.0 ], [ 120.398310834477456, -2.710215393625447, 0.0 ], [ 120.398290928883284, -2.710282372433483, 0.0 ], [ 120.398271022389849, -2.710349353939478, 0.0 ], [ 120.398251115896301, -2.710416335445473, 0.0 ], [ 120.398231210302129, -2.710483314253509, 0.0 ], [ 120.398211303808694, -2.710550293960864, 0.0 ], [ 120.398191398214522, -2.710617274567539, 0.0 ], [ 120.398050005003824, -2.711075760637812, 0.0 ], [ 120.395524376848584, -2.710012759281369, 0.0 ], [ 120.395780136843882, -2.709125592472049, 0.0 ], [ 120.397106890470695, -2.709629120187685, 0.0 ] ] ] ] } },
{ "type": "Feature", "properties": { "OBJECTID": 3381, "WADMPR": "Sulawesi Selatan", "WADMKK": "Kab. Luwu Utara", "WADMKC": "Kec. Malangke", "WADMKD": "Desa Tingkara", "POKTAN": "Gapoktan Anugrah Tingkara", "K_POKTAN": "H. Amirsalim", "P_SID": "Universitas Negeri Makassar", "NO_HP_1": null, "NAMA_PEMIL": "Pemerintah Desa", "N_PETAK": "TKB275", "LUAS_HA": 3.3299633505499999, "PAKET": "Paket Sulawesi Selatan 13" }, "geometry": { "type": "MultiPolygon", "coordinates": [ [ [ [ 120.398050005003824, -2.711075760637812, 0.0 ], [ 120.398007045288978, -2.711229616653441, 0.0 ], [ 120.397830528156419, -2.711985850266728, 0.0 ], [ 120.396982067268596, -2.711648420138431, 0.0 ], [ 120.396913605478517, -2.711622879392337, 0.0 ], [ 120.396845145487191, -2.711597339545563, 0.0 ], [ 120.396776685495752, -2.711571798799412, 0.0 ], [ 120.396708222806296, -2.711546258952637, 0.0 ], [ 120.396639764613496, -2.711520720005183, 0.0 ], [ 120.396571303722794, -2.711495178359769, 0.0 ], [ 120.396502843731355, -2.711469638512938, 0.0 ], [ 120.396434382840539, -2.711444099565483, 0.0 ], [ 120.396365921949837, -2.711418558819389, 0.0 ], [ 120.396297461958397, -2.711393018972615, 0.0 ], [ 120.396229000168319, -2.71136747912584, 0.0 ], [ 120.396160541076142, -2.711341939279009, 0.0 ], [ 120.39609208018544, -2.711316398532915, 0.0 ], [ 120.396023619294624, -2.711290857786821, 0.0 ], [ 120.395955159303185, -2.711265318839367, 0.0 ], [ 120.395886698412482, -2.711239778992535, 0.0 ], [ 120.395818237521667, -2.711214237347122, 0.0 ], [ 120.395749777530227, -2.711188697500347, 0.0 ], [ 120.395681317538788, -2.711163158552893, 0.0 ], [ 120.395612855748709, -2.711137617806742, 0.0 ], [ 120.39554439575727, -2.711112077060648, 0.0 ], [ 120.395475934866568, -2.711086537213873, 0.0 ], [ 120.395407475774505, -2.711060998266419, 0.0 ], [ 120.395339013984426, -2.711035458419644, 0.0 ], [ 120.395270553992987, -2.711009916774174, 0.0 ], [ 120.395202093102171, -2.710984377826719, 0.0 ], [ 120.395524376848584, -2.710012759281369, 0.0 ], [ 120.398050005003824, -2.711075760637812, 0.0 ] ] ], [ [ [ 120.397663542038913, -2.712701246565246, 0.0 ], [ 120.397634395011437, -2.712826117431348, 0.0 ], [ 120.396612478283259, -2.712554047331366, 0.0 ], [ 120.397641895357197, -2.712779054110001, 0.0 ], [ 120.397663542038913, -2.712701246565246, 0.0 ] ] ] ] } },
{ "type": "Feature", "properties": { "OBJECTID": 3382, "WADMPR": "Sulawesi Selatan", "WADMKK": "Kab. Luwu Utara", "WADMKC": "Kec. Malangke", "WADMKD": "Desa Tingkara", "POKTAN": "Gapoktan Anugrah Tingkara", "K_POKTAN": "H. Amirsalim", "P_SID": "Universitas Negeri Makassar", "NO_HP_1": null, "NAMA_PEMIL": "Pemerintah Desa", "N_PETAK": "TKB276", "LUAS_HA": 0.79929724727999996, "PAKET": "Paket Sulawesi Selatan 13" }, "geometry": { "type": "MultiPolygon", "coordinates": [ [ [ [ 120.399576570902127, -2.710364429274932, 0.0 ], [ 120.398857246364855, -2.711347506981838, 0.0 ], [ 120.398191398214522, -2.710617274567539, 0.0 ], [ 120.398237378752128, -2.710663969166774, 0.0 ], [ 120.398283361088261, -2.710710663766065, 0.0 ], [ 120.398329342525244, -2.710757358365356, 0.0 ], [ 120.398375323062737, -2.710804052964647, 0.0 ], [ 120.398421303600344, -2.710850747563882, 0.0 ], [ 120.398467285037214, -2.710897442163173, 0.0 ], [ 120.398513266474083, -2.710944136762464, 0.0 ], [ 120.398549380549525, -2.710880485446012, 0.0 ], [ 120.398585493725591, -2.710816836827519, 0.0 ], [ 120.398621607801033, -2.710753187309706, 0.0 ], [ 120.398657721876475, -2.710689535093934, 0.0 ], [ 120.398693835951804, -2.710625886475441, 0.0 ], [ 120.398729950027246, -2.710562235158989, 0.0 ], [ 120.398766064102688, -2.710498583842536, 0.0 ], [ 120.398802178178016, -2.710434934324724, 0.0 ], [ 120.398838291354082, -2.710371285706231, 0.0 ], [ 120.398874405429524, -2.710307633490459, 0.0 ], [ 120.398910518605589, -2.710243984871965, 0.0 ], [ 120.398946632681032, -2.710180334454833, 0.0 ], [ 120.398982746756474, -2.710116682239061, 0.0 ], [ 120.399018860831802, -2.710053033620568, 0.0 ], [ 120.399576570902127, -2.710364429274932, 0.0 ] ] ] ] } },
{ "type": "Feature", "properties": { "OBJECTID": 3383, "WADMPR": "Sulawesi Selatan", "WADMKK": "Kab. Luwu Utara", "WADMKC": "Kec. Malangke", "WADMKD": "Desa Tingkara", "POKTAN": "Gapoktan Anugrah Tingkara", "K_POKTAN": "H. Amirsalim", "P_SID": "Universitas Negeri Makassar", "NO_HP_1": null, "NAMA_PEMIL": "Pemerintah Desa", "N_PETAK": "TKB277", "LUAS_HA": 0.5167356325, "PAKET": "Paket Sulawesi Selatan 13" }, "geometry": { "type": "MultiPolygon", "coordinates": [ [ [ [ 120.398857246364855, -2.711347506981838, 0.0 ], [ 120.398763334660202, -2.711685189819605, 0.0 ], [ 120.398007045288978, -2.711229616653441, 0.0 ], [ 120.398191398214522, -2.710617274567539, 0.0 ], [ 120.398857246364855, -2.711347506981838, 0.0 ] ] ] ] } },
{ "type": "Feature", "properties": { "OBJECTID": 3384, "WADMPR": "Sulawesi Selatan", "WADMKK": "Kab. Luwu Utara", "WADMKC": "Kec. Malangke", "WADMKD": "Desa Tingkara", "POKTAN": "Gapoktan Anugrah Tingkara", "K_POKTAN": "H. Amirsalim", "P_SID": "Universitas Negeri Makassar", "NO_HP_1": null, "NAMA_PEMIL": "Pemerintah Desa", "N_PETAK": "TKB278", "LUAS_HA": 1.6829294189499999, "PAKET": "Paket Sulawesi Selatan 13" }, "geometry": { "type": "MultiPolygon", "coordinates": [ [ [ [ 120.398763334660202, -2.711685189819605, 0.0 ], [ 120.398449629546803, -2.713085874013814, 0.0 ], [ 120.398387687841591, -2.713261707661616, 0.0 ], [ 120.397634395011437, -2.712826117431348, 0.0 ], [ 120.397663542038913, -2.712701246565246, 0.0 ], [ 120.397859378407702, -2.7119973238174, 0.0 ], [ 120.397830528156419, -2.711985850266728, 0.0 ], [ 120.398007045288978, -2.711229616653441, 0.0 ], [ 120.398763334660202, -2.711685189819605, 0.0 ] ] ] ] } },
{ "type": "Feature", "properties": { "OBJECTID": 3385, "WADMPR": "Sulawesi Selatan", "WADMKK": "Kab. Luwu Utara", "WADMKC": "Kec. Malangke", "WADMKD": "Desa Tingkara", "POKTAN": "Gapoktan Anugrah Tingkara", "K_POKTAN": "H. Amirsalim", "P_SID": "Universitas Negeri Makassar", "NO_HP_1": null, "NAMA_PEMIL": "Pemerintah Desa", "N_PETAK": "TKB279", "LUAS_HA": 2.5884645538500002, "PAKET": "Paket Sulawesi Selatan 13" }, "geometry": { "type": "MultiPolygon", "coordinates": [ [ [ [ 120.397634395011437, -2.712826117431348, 0.0 ], [ 120.398387687841591, -2.713261707661616, 0.0 ], [ 120.398073981828816, -2.714226801625557, 0.0 ], [ 120.397214789331088, -2.713940071676916, 0.0 ], [ 120.396783032910662, -2.713798320536, 0.0 ], [ 120.396352042712692, -2.713607593215784, 0.0 ], [ 120.396612478283259, -2.712554047331366, 0.0 ], [ 120.397634395011437, -2.712826117431348, 0.0 ] ] ] ] } },
{ "type": "Feature", "properties": { "OBJECTID": 3386, "WADMPR": "Sulawesi Selatan", "WADMKK": "Kab. Luwu Utara", "WADMKC": "Kec. Malangke", "WADMKD": "Desa Tingkara", "POKTAN": "Gapoktan Anugrah Tingkara", "K_POKTAN": "H. Amirsalim", "P_SID": "Universitas Negeri Makassar", "NO_HP_1": null, "NAMA_PEMIL": "Pemerintah Desa", "N_PETAK": "TKB280", "LUAS_HA": 0.52762673737, "PAKET": "Paket Sulawesi Selatan 13" }, "geometry": { "type": "MultiPolygon", "coordinates": [ [ [ [ 120.397214789331088, -2.713940071676916, 0.0 ], [ 120.3969564293958, -2.714803073702853, 0.0 ], [ 120.396482592797497, -2.714646876751885, 0.0 ], [ 120.396655273422198, -2.714159160916495, 0.0 ], [ 120.396783032910662, -2.713798320536, 0.0 ], [ 120.397214789331088, -2.713940071676916, 0.0 ] ] ] ] } },
{ "type": "Feature", "properties": { "OBJECTID": 3387, "WADMPR": "Sulawesi Selatan", "WADMKK": "Kab. Luwu Utara", "WADMKC": "Kec. Malangke", "WADMKD": "Desa Tingkara", "POKTAN": "Gapoktan Anugrah Tingkara", "K_POKTAN": "H. Amirsalim", "P_SID": "Universitas Negeri Makassar", "NO_HP_1": null, "NAMA_PEMIL": "Pemerintah Desa", "N_PETAK": "TKB281", "LUAS_HA": 1.08252800341, "PAKET": "Paket Sulawesi Selatan 13" }, "geometry": { "type": "MultiPolygon", "coordinates": [ [ [ [ 120.398073981828816, -2.714226801625557, 0.0 ], [ 120.397785111493818, -2.715190228246399, 0.0 ], [ 120.397365487827074, -2.7150364882433, 0.0 ], [ 120.3969564293958, -2.714803073702853, 0.0 ], [ 120.397214789331088, -2.713940071676916, 0.0 ], [ 120.398073981828816, -2.714226801625557, 0.0 ] ] ] ] } },
{ "type": "Feature", "properties": { "OBJECTID": 3388, "WADMPR": "Sulawesi Selatan", "WADMKK": "Kab. Luwu Utara", "WADMKC": "Kec. Malangke", "WADMKD": "Desa Tingkara", "POKTAN": "Gapoktan Anugrah Tingkara", "K_POKTAN": "H. Amirsalim", "P_SID": "Universitas Negeri Makassar", "NO_HP_1": null, "NAMA_PEMIL": "Pemerintah Desa", "N_PETAK": "TKB282", "LUAS_HA": 2.4458057773699999, "PAKET": "Paket Sulawesi Selatan 13" }, "geometry": { "type": "MultiPolygon", "coordinates": [ [ [ [ 120.396612478283259, -2.712554047331366, 0.0 ], [ 120.396352042712692, -2.713607593215784, 0.0 ], [ 120.394883978612825, -2.713051904821498, 0.0 ], [ 120.394604240893045, -2.71294001117252, 0.0 ], [ 120.394890915083693, -2.711911795592869, 0.0 ], [ 120.394959777971394, -2.711937484727116, 0.0 ], [ 120.395028639060456, -2.711963175660003, 0.0 ], [ 120.395097502847534, -2.71198886479425, 0.0 ], [ 120.395166364835973, -2.712014555727137, 0.0 ], [ 120.395235227723674, -2.712040245760704, 0.0 ], [ 120.395304090611376, -2.712065934894952, 0.0 ], [ 120.395372950801061, -2.712091625827838, 0.0 ], [ 120.395441815487402, -2.712117314962086, 0.0 ], [ 120.395510677475841, -2.712143005894973, 0.0 ], [ 120.395579540363542, -2.71216869592854, 0.0 ], [ 120.395648402351981, -2.712194385062787, 0.0 ], [ 120.395717265239682, -2.712220075995674, 0.0 ], [ 120.395786127228007, -2.712245765129921, 0.0 ], [ 120.395854989216446, -2.712271456062808, 0.0 ], [ 120.395923853003524, -2.712297146995695, 0.0 ], [ 120.395992714991849, -2.712322835230623, 0.0 ], [ 120.39606157787955, -2.712348527062829, 0.0 ], [ 120.396130439867989, -2.712374216197077, 0.0 ], [ 120.396199301856313, -2.712399906230644, 0.0 ], [ 120.396268165643392, -2.712425597163531, 0.0 ], [ 120.396337026732454, -2.712451285398458, 0.0 ], [ 120.396405890519532, -2.712476977230665, 0.0 ], [ 120.396474753407233, -2.712502666364912, 0.0 ], [ 120.396543615395558, -2.712528357297799, 0.0 ], [ 120.396612478283259, -2.712554047331366, 0.0 ] ] ] ] } },
{ "type": "Feature", "properties": { "OBJECTID": 3389, "WADMPR": "Sulawesi Selatan", "WADMKK": "Kab. Luwu Utara", "WADMKC": "Kec. Malangke", "WADMKD": "Desa Tingkara", "POKTAN": "Gapoktan Anugrah Tingkara", "K_POKTAN": "H. Amirsalim", "P_SID": "Universitas Negeri Makassar", "NO_HP_1": null, "NAMA_PEMIL": "Pemerintah Desa", "N_PETAK": "TKB283", "LUAS_HA": 1.5450615487899999, "PAKET": "Paket Sulawesi Selatan 13" }, "geometry": { "type": "MultiPolygon", "coordinates": [ [ [ [ 120.396352042712692, -2.713607593215784, 0.0 ], [ 120.396248045111292, -2.713825525927234, 0.0 ], [ 120.395938466986763, -2.713679001184914, 0.0 ], [ 120.395876578341472, -2.713913441851787, 0.0 ], [ 120.395838291503992, -2.714058475518186, 0.0 ], [ 120.395757982944588, -2.714362693683313, 0.0 ], [ 120.395175115239454, -2.714192728111868, 0.0 ], [ 120.394588740178278, -2.713933237728668, 0.0 ], [ 120.394536530936193, -2.713910134145351, 0.0 ], [ 120.394883978612825, -2.713051904821498, 0.0 ], [ 120.396352042712692, -2.713607593215784, 0.0 ] ] ] ] } },
{ "type": "Feature", "properties": { "OBJECTID": 3390, "WADMPR": "Sulawesi Selatan", "WADMKK": "Kab. Luwu Utara", "WADMKC": "Kec. Malangke", "WADMKD": "Desa Tingkara", "POKTAN": "Gapoktan Anugrah Tingkara", "K_POKTAN": "H. Amirsalim", "P_SID": "Universitas Negeri Makassar", "NO_HP_1": null, "NAMA_PEMIL": "Pemerintah Desa", "N_PETAK": "TKB284", "LUAS_HA": 1.2770191203300001, "PAKET": "Paket Sulawesi Selatan 13" }, "geometry": { "type": "MultiPolygon", "coordinates": [ [ [ [ 120.383370508841949, -2.698515442233827, 0.0 ], [ 120.382949995745776, -2.698413044526319, 0.0 ], [ 120.382634741999823, -2.699301460493984, 0.0 ], [ 120.382605393524159, -2.699292279315216, 0.0 ], [ 120.38219457332093, -2.699169442715572, 0.0 ], [ 120.382613187948323, -2.697709246784257, 0.0 ], [ 120.383541871959892, -2.697909867546286, 0.0 ], [ 120.383370508841949, -2.698515442233827, 0.0 ] ] ] ] } },
{ "type": "Feature", "properties": { "OBJECTID": 3391, "WADMPR": "Sulawesi Selatan", "WADMKK": "Kab. Luwu Utara", "WADMKC": "Kec. Malangke", "WADMKD": "Desa Tingkara", "POKTAN": "Gapoktan Anugrah Tingkara", "K_POKTAN": "H. Amirsalim", "P_SID": "Universitas Negeri Makassar", "NO_HP_1": null, "NAMA_PEMIL": "Pemerintah Desa", "N_PETAK": "TKB285", "LUAS_HA": 0.49923449418, "PAKET": "Paket Sulawesi Selatan 13" }, "geometry": { "type": "MultiPolygon", "coordinates": [ [ [ [ 120.383370508841949, -2.698515442233827, 0.0 ], [ 120.383082926335987, -2.699385715278481, 0.0 ], [ 120.382640854691772, -2.699285231328304, 0.0 ], [ 120.382949995745776, -2.698413044526319, 0.0 ], [ 120.383370508841949, -2.698515442233827, 0.0 ] ] ] ] } },
{ "type": "Feature", "properties": { "OBJECTID": 3392, "WADMPR": "Sulawesi Selatan", "WADMKK": "Kab. Luwu Utara", "WADMKC": "Kec. Malangke", "WADMKD": "Desa Tingkara", "POKTAN": "Gapoktan Anugrah Tingkara", "K_POKTAN": "H. Amirsalim", "P_SID": "Universitas Negeri Makassar", "NO_HP_1": null, "NAMA_PEMIL": "Pemerintah Desa", "N_PETAK": "TKB286", "LUAS_HA": 0.13364234946, "PAKET": "Paket Sulawesi Selatan 13" }, "geometry": { "type": "MultiPolygon", "coordinates": [ [ [ [ 120.38299867514877, -2.699612880430038, 0.0 ], [ 120.382545352086368, -2.699486708244933, 0.0 ], [ 120.382605393524159, -2.699292279315216, 0.0 ], [ 120.382634741999823, -2.699301460493984, 0.0 ], [ 120.382640854691772, -2.699285231328304, 0.0 ], [ 120.383081916397373, -2.699387118220898, 0.0 ], [ 120.38299867514877, -2.699612880430038, 0.0 ] ] ] ] } },
{ "type": "Feature", "properties": { "OBJECTID": 3393, "WADMPR": "Sulawesi Selatan", "WADMKK": "Kab. Luwu Utara", "WADMKC": "Kec. Malangke", "WADMKD": "Desa Tingkara", "POKTAN": "Gapoktan Anugrah Tingkara", "K_POKTAN": "H. Amirsalim", "P_SID": "Universitas Negeri Makassar", "NO_HP_1": null, "NAMA_PEMIL": "Pemerintah Desa", "N_PETAK": "TKB287", "LUAS_HA": 0.23968156461000001, "PAKET": "Paket Sulawesi Selatan 13" }, "geometry": { "type": "MultiPolygon", "coordinates": [ [ [ [ 120.382605393524159, -2.699292279315216, 0.0 ], [ 120.382545352086368, -2.699486708244933, 0.0 ], [ 120.382483662191362, -2.699686479147658, 0.0 ], [ 120.382468884531477, -2.699734333872357, 0.0 ], [ 120.382075474303747, -2.699622245969806, 0.0 ], [ 120.38219457332093, -2.699169442715572, 0.0 ], [ 120.382605393524159, -2.699292279315216, 0.0 ] ] ] ] } },
{ "type": "Feature", "properties": { "OBJECTID": 3394, "WADMPR": "Sulawesi Selatan", "WADMKK": "Kab. Luwu Utara", "WADMKC": "Kec. Malangke", "WADMKD": "Desa Tingkara", "POKTAN": "Gapoktan Anugrah Tingkara", "K_POKTAN": "H. Amirsalim", "P_SID": "Universitas Negeri Makassar", "NO_HP_1": null, "NAMA_PEMIL": "Pemerintah Desa", "N_PETAK": "TKB288", "LUAS_HA": 0.15720507177000001, "PAKET": "Paket Sulawesi Selatan 13" }, "geometry": { "type": "MultiPolygon", "coordinates": [ [ [ [ 120.38299867514877, -2.699612880430038, 0.0 ], [ 120.382922406344051, -2.699882952236408, 0.0 ], [ 120.38246908777819, -2.69973439052967, 0.0 ], [ 120.382483662191362, -2.699686479147658, 0.0 ], [ 120.382545352086368, -2.699486708244933, 0.0 ], [ 120.38299867514877, -2.699612880430038, 0.0 ] ] ] ] } },
{ "type": "Feature", "properties": { "OBJECTID": 3395, "WADMPR": "Sulawesi Selatan", "WADMKK": "Kab. Luwu Utara", "WADMKC": "Kec. Malangke", "WADMKD": "Desa Tingkara", "POKTAN": "Gapoktan Anugrah Tingkara", "K_POKTAN": "H. Amirsalim", "P_SID": "Universitas Negeri Makassar", "NO_HP_1": null, "NAMA_PEMIL": "Pemerintah Desa", "N_PETAK": "TKB289", "LUAS_HA": 0.53863214765, "PAKET": "Paket Sulawesi Selatan 13" }, "geometry": { "type": "MultiPolygon", "coordinates": [ [ [ [ 120.382468884531477, -2.699734333872357, 0.0 ], [ 120.38246908777819, -2.69973439052967, 0.0 ], [ 120.382922406344051, -2.699882952236408, 0.0 ], [ 120.382769333637953, -2.700337808642928, 0.0 ], [ 120.381946372127459, -2.700128065158026, 0.0 ], [ 120.382075474303747, -2.699622245969806, 0.0 ], [ 120.382468884531477, -2.699734333872357, 0.0 ] ] ] ] } },
{ "type": "Feature", "properties": { "OBJECTID": 3396, "WADMPR": "Sulawesi Selatan", "WADMKK": "Kab. Luwu Utara", "WADMKC": "Kec. Malangke", "WADMKD": "Desa Tingkara", "POKTAN": "Gapoktan Anugrah Tingkara", "K_POKTAN": "H. Amirsalim", "P_SID": "Universitas Negeri Makassar", "NO_HP_1": null, "NAMA_PEMIL": "Pemerintah Desa", "N_PETAK": "TKB290", "LUAS_HA": 0.48517755716, "PAKET": "Paket Sulawesi Selatan 13" }, "geometry": { "type": "MultiPolygon", "coordinates": [ [ [ [ 120.382769333637953, -2.700337808642928, 0.0 ], [ 120.382664736188644, -2.70080366915397, 0.0 ], [ 120.382193355638947, -2.700657174988578, 0.0 ], [ 120.381816163784947, -2.700539951957182, 0.0 ], [ 120.381946372127459, -2.700128065158026, 0.0 ], [ 120.382769333637953, -2.700337808642928, 0.0 ] ] ] ] } },
{ "type": "Feature", "properties": { "OBJECTID": 3397, "WADMPR": "Sulawesi Selatan", "WADMKK": "Kab. Luwu Utara", "WADMKC": "Kec. Malangke", "WADMKD": "Desa Tingkara", "POKTAN": "Gapoktan Anugrah Tingkara", "K_POKTAN": "H. Amirsalim", "P_SID": "Universitas Negeri Makassar", "NO_HP_1": null, "NAMA_PEMIL": "Pemerintah Desa", "N_PETAK": "TKB291", "LUAS_HA": 0.20016072028000001, "PAKET": "Paket Sulawesi Selatan 13" }, "geometry": { "type": "MultiPolygon", "coordinates": [ [ [ [ 120.382193355638947, -2.700657174988578, 0.0 ], [ 120.382078442965849, -2.701039796949033, 0.0 ], [ 120.38183418799747, -2.700975036768511, 0.0 ], [ 120.381688513114455, -2.700936149183917, 0.0 ], [ 120.381816163784947, -2.700539951957182, 0.0 ], [ 120.382193355638947, -2.700657174988578, 0.0 ] ] ] ] } },
{ "type": "Feature", "properties": { "OBJECTID": 3398, "WADMPR": "Sulawesi Selatan", "WADMKK": "Kab. Luwu Utara", "WADMKC": "Kec. Malangke", "WADMKD": "Desa Tingkara", "POKTAN": "Gapoktan Anugrah Tingkara", "K_POKTAN": "H. Amirsalim", "P_SID": "Universitas Negeri Makassar", "NO_HP_1": null, "NAMA_PEMIL": "Pemerintah Desa", "N_PETAK": "TKB292", "LUAS_HA": 0.23390770014000001, "PAKET": "Paket Sulawesi Selatan 13" }, "geometry": { "type": "MultiPolygon", "coordinates": [ [ [ [ 120.382664736188644, -2.70080366915397, 0.0 ], [ 120.382544553488401, -2.701164670513094, 0.0 ], [ 120.382078442965849, -2.701039796949033, 0.0 ], [ 120.382193355638947, -2.700657174988578, 0.0 ], [ 120.382664736188644, -2.70080366915397, 0.0 ] ] ] ] } },
{ "type": "Feature", "properties": { "OBJECTID": 3399, "WADMPR": "Sulawesi Selatan", "WADMKK": "Kab. Luwu Utara", "WADMKC": "Kec. Malangke", "WADMKD": "Desa Tingkara", "POKTAN": "Gapoktan Anugrah Tingkara", "K_POKTAN": "H. Amirsalim", "P_SID": "Universitas Negeri Makassar", "NO_HP_1": null, "NAMA_PEMIL": "Pemerintah Desa", "N_PETAK": "TKB293", "LUAS_HA": 0.40427329735, "PAKET": "Paket Sulawesi Selatan 13" }, "geometry": { "type": "MultiPolygon", "coordinates": [ [ [ [ 120.382894462609443, -2.701789239781533, 0.0 ], [ 120.382621250370448, -2.702570185865341, 0.0 ], [ 120.382238279473086, -2.702461204221152, 0.0 ], [ 120.382503934708893, -2.701688191057144, 0.0 ], [ 120.382894462609443, -2.701789239781533, 0.0 ] ] ] ] } },
{ "type": "Feature", "properties": { "OBJECTID": 3400, "WADMPR": "Sulawesi Selatan", "WADMKK": "Kab. Luwu Utara", "WADMKC": "Kec. Malangke", "WADMKD": "Desa Tingkara", "POKTAN": "Gapoktan Anugrah Tingkara", "K_POKTAN": "H. Amirsalim", "P_SID": "Universitas Negeri Makassar", "NO_HP_1": null, "NAMA_PEMIL": "Pemerintah Desa", "N_PETAK": "TKB294", "LUAS_HA": 0.50783225645999996, "PAKET": "Paket Sulawesi Selatan 13" }, "geometry": { "type": "MultiPolygon", "coordinates": [ [ [ [ 120.383150394375207, -2.700906894237733, 0.0 ], [ 120.383049213450477, -2.701334291644173, 0.0 ], [ 120.382899980849515, -2.701772777691474, 0.0 ], [ 120.382894462609443, -2.701789239781533, 0.0 ], [ 120.382503934708893, -2.701688191057144, 0.0 ], [ 120.38249186400833, -2.7015802409353, 0.0 ], [ 120.382730550374617, -2.700795132789096, 0.0 ], [ 120.383150394375207, -2.700906894237733, 0.0 ] ] ] ] } },
{ "type": "Feature", "properties": { "OBJECTID": 3401, "WADMPR": "Sulawesi Selatan", "WADMKK": "Kab. Luwu Utara", "WADMKC": "Kec. Malangke", "WADMKD": "Desa Tingkara", "POKTAN": "Gapoktan Anugrah Tingkara", "K_POKTAN": "H. Amirsalim", "P_SID": "Universitas Negeri Makassar", "NO_HP_1": null, "NAMA_PEMIL": "Pemerintah Desa", "N_PETAK": "TKB295", "LUAS_HA": 0.24129348288, "PAKET": "Paket Sulawesi Selatan 13" }, "geometry": { "type": "MultiPolygon", "coordinates": [ [ [ [ 120.383587573707587, -2.701037364282911, 0.0 ], [ 120.383456226823455, -2.701467248314827, 0.0 ], [ 120.383049213450477, -2.701334291644173, 0.0 ], [ 120.383150394375207, -2.700906894237733, 0.0 ], [ 120.383587573707587, -2.701037364282911, 0.0 ] ] ] ] } },
{ "type": "Feature", "properties": { "OBJECTID": 3402, "WADMPR": "Sulawesi Selatan", "WADMKK": "Kab. Luwu Utara", "WADMKC": "Kec. Malangke", "WADMKD": "Desa Tingkara", "POKTAN": "Gapoktan Anugrah Tingkara", "K_POKTAN": "H. Amirsalim", "P_SID": "Universitas Negeri Makassar", "NO_HP_1": null, "NAMA_PEMIL": "Pemerintah Desa", "N_PETAK": "TKB296", "LUAS_HA": 0.24319191706000001, "PAKET": "Paket Sulawesi Selatan 13" }, "geometry": { "type": "MultiPolygon", "coordinates": [ [ [ [ 120.383271452115878, -2.700491077401239, 0.0 ], [ 120.383150394375207, -2.700906894237733, 0.0 ], [ 120.382730550374617, -2.700795132789096, 0.0 ], [ 120.382827501787801, -2.700357084711641, 0.0 ], [ 120.383271452115878, -2.700491077401239, 0.0 ] ] ] ] } },
{ "type": "Feature", "properties": { "OBJECTID": 3403, "WADMPR": "Sulawesi Selatan", "WADMKK": "Kab. Luwu Utara", "WADMKC": "Kec. Malangke", "WADMKD": "Desa Tingkara", "POKTAN": "Gapoktan Anugrah Tingkara", "K_POKTAN": "H. Amirsalim", "P_SID": "Universitas Negeri Makassar", "NO_HP_1": null, "NAMA_PEMIL": "Pemerintah Desa", "N_PETAK": "TKB297", "LUAS_HA": 0.24587607867, "PAKET": "Paket Sulawesi Selatan 13" }, "geometry": { "type": "MultiPolygon", "coordinates": [ [ [ [ 120.383715628173718, -2.700618535616854, 0.0 ], [ 120.383587573707587, -2.701037364282911, 0.0 ], [ 120.383150394375207, -2.700906894237733, 0.0 ], [ 120.383271452115878, -2.700491077401239, 0.0 ], [ 120.383715628173718, -2.700618535616854, 0.0 ] ] ] ] } },
{ "type": "Feature", "properties": { "OBJECTID": 3404, "WADMPR": "Sulawesi Selatan", "WADMKK": "Kab. Luwu Utara", "WADMKC": "Kec. Malangke", "WADMKD": "Desa Tingkara", "POKTAN": "Gapoktan Anugrah Tingkara", "K_POKTAN": "H. Amirsalim", "P_SID": "Universitas Negeri Makassar", "NO_HP_1": null, "NAMA_PEMIL": "Pemerintah Desa", "N_PETAK": "TKB298", "LUAS_HA": 0.30231798638000001, "PAKET": "Paket Sulawesi Selatan 13" }, "geometry": { "type": "MultiPolygon", "coordinates": [ [ [ [ 120.383885073937108, -2.700117452258553, 0.0 ], [ 120.383715628173718, -2.700618535616854, 0.0 ], [ 120.383271452115878, -2.700491077401239, 0.0 ], [ 120.383435483960511, -2.699987733147339, 0.0 ], [ 120.383885073937108, -2.700117452258553, 0.0 ] ] ] ] } },
{ "type": "Feature", "properties": { "OBJECTID": 3405, "WADMPR": "Sulawesi Selatan", "WADMKK": "Kab. Luwu Utara", "WADMKC": "Kec. Malangke", "WADMKD": "Desa Tingkara", "POKTAN": "Gapoktan Anugrah Tingkara", "K_POKTAN": "H. Amirsalim", "P_SID": "Universitas Negeri Makassar", "NO_HP_1": null, "NAMA_PEMIL": "Pemerintah Desa", "N_PETAK": "TKB299", "LUAS_HA": 0.30570348844, "PAKET": "Paket Sulawesi Selatan 13" }, "geometry": { "type": "MultiPolygon", "coordinates": [ [ [ [ 120.383435483960511, -2.699987733147339, 0.0 ], [ 120.383271452115878, -2.700491077401239, 0.0 ], [ 120.382827501787801, -2.700357084711641, 0.0 ], [ 120.383001264296922, -2.699837348514791, 0.0 ], [ 120.383435483960511, -2.699987733147339, 0.0 ] ] ] ] } },
{ "type": "Feature", "properties": { "OBJECTID": 3406, "WADMPR": "Sulawesi Selatan", "WADMKK": "Kab. Luwu Utara", "WADMKC": "Kec. Malangke", "WADMKD": "Desa Tingkara", "POKTAN": "Gapoktan Anugrah Tingkara", "K_POKTAN": "H. Amirsalim", "P_SID": "Universitas Negeri Makassar", "NO_HP_1": null, "NAMA_PEMIL": "Pemerintah Desa", "N_PETAK": "TKB300", "LUAS_HA": 0.51745366167999995, "PAKET": "Paket Sulawesi Selatan 13" }, "geometry": { "type": "MultiPolygon", "coordinates": [ [ [ [ 120.384852235442395, -2.700415666549702, 0.0 ], [ 120.384721257280262, -2.700849850240331, 0.0 ], [ 120.383915956656097, -2.700619414254504, 0.0 ], [ 120.383876283963446, -2.700607886744535, 0.0 ], [ 120.383808793441176, -2.700588275228654, 0.0 ], [ 120.38391717703621, -2.700176593474964, 0.0 ], [ 120.384852235442395, -2.700415666549702, 0.0 ] ] ] ] } },
{ "type": "Feature", "properties": { "OBJECTID": 3407, "WADMPR": "Sulawesi Selatan", "WADMKK": "Kab. Luwu Utara", "WADMKC": "Kec. Malangke", "WADMKD": "Desa Tingkara", "POKTAN": "Gapoktan Anugrah Tingkara", "K_POKTAN": "H. Amirsalim", "P_SID": "Universitas Negeri Makassar", "NO_HP_1": null, "NAMA_PEMIL": "Pemerintah Desa", "N_PETAK": "TKB301", "LUAS_HA": 0.65527556074000004, "PAKET": "Paket Sulawesi Selatan 13" }, "geometry": { "type": "MultiPolygon", "coordinates": [ [ [ [ 120.3845446592087, -2.699767760773511, 0.0 ], [ 120.385021534616158, -2.699888895855793, 0.0 ], [ 120.384852235442395, -2.700415666549702, 0.0 ], [ 120.38391717703621, -2.700176593474964, 0.0 ], [ 120.384079191701403, -2.69965373663058, 0.0 ], [ 120.3845446592087, -2.699767760773511, 0.0 ] ] ] ] } },
{ "type": "Feature", "properties": { "OBJECTID": 3408, "WADMPR": "Sulawesi Selatan", "WADMKK": "Kab. Luwu Utara", "WADMKC": "Kec. Malangke", "WADMKD": "Desa Tingkara", "POKTAN": "Gapoktan Anugrah Tingkara", "K_POKTAN": "H. Amirsalim", "P_SID": "Universitas Negeri Makassar", "NO_HP_1": null, "NAMA_PEMIL": "Pemerintah Desa", "N_PETAK": "TKB302", "LUAS_HA": 0.26470324406000001, "PAKET": "Paket Sulawesi Selatan 13" }, "geometry": { "type": "MultiPolygon", "coordinates": [ [ [ [ 120.384678971157655, -2.69934307752095, 0.0 ], [ 120.3845446592087, -2.699767760773511, 0.0 ], [ 120.384079191701403, -2.69965373663058, 0.0 ], [ 120.384222004042272, -2.699217018650415, 0.0 ], [ 120.384678971157655, -2.69934307752095, 0.0 ] ] ] ] } },
{ "type": "Feature", "properties": { "OBJECTID": 3409, "WADMPR": "Sulawesi Selatan", "WADMKK": "Kab. Luwu Utara", "WADMKC": "Kec. Malangke", "WADMKD": "Desa Tingkara", "POKTAN": "Gapoktan Anugrah Tingkara", "K_POKTAN": "H. Amirsalim", "P_SID": "Universitas Negeri Makassar", "NO_HP_1": null, "NAMA_PEMIL": "Pemerintah Desa", "N_PETAK": "TKB303", "LUAS_HA": 0.26815260904, "PAKET": "Paket Sulawesi Selatan 13" }, "geometry": { "type": "MultiPolygon", "coordinates": [ [ [ [ 120.385157289976974, -2.699470632863381, 0.0 ], [ 120.385021534616158, -2.699888895855793, 0.0 ], [ 120.3845446592087, -2.699767760773511, 0.0 ], [ 120.384678971157655, -2.69934307752095, 0.0 ], [ 120.385157289976974, -2.699470632863381, 0.0 ] ] ] ] } },
{ "type": "Feature", "properties": { "OBJECTID": 3410, "WADMPR": "Sulawesi Selatan", "WADMKK": "Kab. Luwu Utara", "WADMKC": "Kec. Malangke", "WADMKD": "Desa Tingkara", "POKTAN": "Gapoktan Anugrah Tingkara", "K_POKTAN": "H. Amirsalim", "P_SID": "Universitas Negeri Makassar", "NO_HP_1": null, "NAMA_PEMIL": "Pemerintah Desa", "N_PETAK": "TKB304", "LUAS_HA": 0.27091451941, "PAKET": "Paket Sulawesi Selatan 13" }, "geometry": { "type": "MultiPolygon", "coordinates": [ [ [ [ 120.385282332613656, -2.699040002394156, 0.0 ], [ 120.385157289976974, -2.699470632863381, 0.0 ], [ 120.384678971157655, -2.69934307752095, 0.0 ], [ 120.384807372762111, -2.698916054232484, 0.0 ], [ 120.385282332613656, -2.699040002394156, 0.0 ] ] ] ] } },
{ "type": "Feature", "properties": { "OBJECTID": 3411, "WADMPR": "Sulawesi Selatan", "WADMKK": "Kab. Luwu Utara", "WADMKC": "Kec. Malangke", "WADMKD": "Desa Tingkara", "POKTAN": "Gapoktan Anugrah Tingkara", "K_POKTAN": "H. Amirsalim", "P_SID": "Universitas Negeri Makassar", "NO_HP_1": null, "NAMA_PEMIL": "Pemerintah Desa", "N_PETAK": "TKB305", "LUAS_HA": 0.26068016043999997, "PAKET": "Paket Sulawesi Selatan 13" }, "geometry": { "type": "MultiPolygon", "coordinates": [ [ [ [ 120.384807372762111, -2.698916054232484, 0.0 ], [ 120.384678971157655, -2.69934307752095, 0.0 ], [ 120.384222004042272, -2.699217018650415, 0.0 ], [ 120.384363831625592, -2.69878074853267, 0.0 ], [ 120.384807372762111, -2.698916054232484, 0.0 ] ] ] ] } },
{ "type": "Feature", "properties": { "OBJECTID": 3412, "WADMPR": "Sulawesi Selatan", "WADMKK": "Kab. Luwu Utara", "WADMKC": "Kec. Malangke", "WADMKD": "Desa Tingkara", "POKTAN": "Gapoktan Anugrah Tingkara", "K_POKTAN": "H. Amirsalim", "P_SID": "Universitas Negeri Makassar", "NO_HP_1": null, "NAMA_PEMIL": "Pemerintah Desa", "N_PETAK": "TKB306", "LUAS_HA": 0.55470887135000002, "PAKET": "Paket Sulawesi Selatan 13" }, "geometry": { "type": "MultiPolygon", "coordinates": [ [ [ [ 120.384143373617917, -2.699219543946754, 0.0 ], [ 120.383885073937108, -2.700117452258553, 0.0 ], [ 120.383435483960511, -2.699987733147339, 0.0 ], [ 120.383682285808959, -2.699062915321235, 0.0 ], [ 120.384143373617917, -2.699219543946754, 0.0 ] ] ] ] } },
{ "type": "Feature", "properties": { "OBJECTID": 3413, "WADMPR": "Sulawesi Selatan", "WADMKK": "Kab. Luwu Utara", "WADMKC": "Kec. Malangke", "WADMKD": "Desa Tingkara", "POKTAN": "Gapoktan Anugrah Tingkara", "K_POKTAN": "H. Amirsalim", "P_SID": "Universitas Negeri Makassar", "NO_HP_1": null, "NAMA_PEMIL": "Pemerintah Desa", "N_PETAK": "TKB307", "LUAS_HA": 0.30695015325000002, "PAKET": "Paket Sulawesi Selatan 13" }, "geometry": { "type": "MultiPolygon", "coordinates": [ [ [ [ 120.385282332613656, -2.699040002394156, 0.0 ], [ 120.384807372762111, -2.698916054232484, 0.0 ], [ 120.384940675671714, -2.698425998361074, 0.0 ], [ 120.385428142394971, -2.698570321563068, 0.0 ], [ 120.385282332613656, -2.699040002394156, 0.0 ] ] ] ] } },
{ "type": "Feature", "properties": { "OBJECTID": 3414, "WADMPR": "Sulawesi Selatan", "WADMKK": "Kab. Luwu Utara", "WADMKC": "Kec. Malangke", "WADMKD": "Desa Tingkara", "POKTAN": "Gapoktan Anugrah Tingkara", "K_POKTAN": "H. Amirsalim", "P_SID": "Universitas Negeri Makassar", "NO_HP_1": null, "NAMA_PEMIL": "Pemerintah Desa", "N_PETAK": "TKB308", "LUAS_HA": 0.28983378819, "PAKET": "Paket Sulawesi Selatan 13" }, "geometry": { "type": "MultiPolygon", "coordinates": [ [ [ [ 120.384940675671714, -2.698425998361074, 0.0 ], [ 120.384807372762111, -2.698916054232484, 0.0 ], [ 120.384363831625592, -2.69878074853267, 0.0 ], [ 120.384511607324839, -2.698280677810999, 0.0 ], [ 120.384940675671714, -2.698425998361074, 0.0 ] ] ] ] } },
{ "type": "Feature", "properties": { "OBJECTID": 3415, "WADMPR": "Sulawesi Selatan", "WADMKK": "Kab. Luwu Utara", "WADMKC": "Kec. Malangke", "WADMKD": "Desa Tingkara", "POKTAN": "Gapoktan Anugrah Tingkara", "K_POKTAN": "H. Amirsalim", "P_SID": "Universitas Negeri Makassar", "NO_HP_1": null, "NAMA_PEMIL": "Pemerintah Desa", "N_PETAK": "TKB309", "LUAS_HA": 0.51028994895000002, "PAKET": "Paket Sulawesi Selatan 13" }, "geometry": { "type": "MultiPolygon", "coordinates": [ [ [ [ 120.383682285808959, -2.699062915321235, 0.0 ], [ 120.383435483960511, -2.699987733147339, 0.0 ], [ 120.383001264296922, -2.699837348514791, 0.0 ], [ 120.38329700994916, -2.698926407227873, 0.0 ], [ 120.383682285808959, -2.699062915321235, 0.0 ] ] ] ] } },
{ "type": "Feature", "properties": { "OBJECTID": 3416, "WADMPR": "Sulawesi Selatan", "WADMKK": "Kab. Luwu Utara", "WADMKC": "Kec. Malangke", "WADMKD": "Desa Tingkara", "POKTAN": "Gapoktan Anugrah Tingkara", "K_POKTAN": "H. Amirsalim", "P_SID": "Universitas Negeri Makassar", "NO_HP_1": null, "NAMA_PEMIL": "Pemerintah Desa", "N_PETAK": "TKB310", "LUAS_HA": 0.22106325327000001, "PAKET": "Paket Sulawesi Selatan 13" }, "geometry": { "type": "MultiPolygon", "coordinates": [ [ [ [ 120.383844894026652, -2.698699448021046, 0.0 ], [ 120.383750530862358, -2.699085980233747, 0.0 ], [ 120.383682285808959, -2.699062915321235, 0.0 ], [ 120.38329700994916, -2.698926407227873, 0.0 ], [ 120.383415347240543, -2.698569314322356, 0.0 ], [ 120.383844894026652, -2.698699448021046, 0.0 ] ] ] ] } },
{ "type": "Feature", "properties": { "OBJECTID": 3417, "WADMPR": "Sulawesi Selatan", "WADMKK": "Kab. Luwu Utara", "WADMKC": "Kec. Malangke", "WADMKD": "Desa Tingkara", "POKTAN": "Gapoktan Anugrah Tingkara", "K_POKTAN": "H. Amirsalim", "P_SID": "Universitas Negeri Makassar", "NO_HP_1": null, "NAMA_PEMIL": "Pemerintah Desa", "N_PETAK": "TKB311", "LUAS_HA": 0.33842128478, "PAKET": "Paket Sulawesi Selatan 13" }, "geometry": { "type": "MultiPolygon", "coordinates": [ [ [ [ 120.38399626701414, -2.698107070884589, 0.0 ], [ 120.383844894026652, -2.698699448021046, 0.0 ], [ 120.383415347240543, -2.698569314322356, 0.0 ], [ 120.383580668712966, -2.697962116358553, 0.0 ], [ 120.38399626701414, -2.698107070884589, 0.0 ] ] ] ] } },
{ "type": "Feature", "properties": { "OBJECTID": 3418, "WADMPR": "Sulawesi Selatan", "WADMKK": "Kab. Luwu Utara", "WADMKC": "Kec. Malangke", "WADMKD": "Desa Tingkara", "POKTAN": "Gapoktan Anugrah Tingkara", "K_POKTAN": "H. Amirsalim", "P_SID": "Universitas Negeri Makassar", "NO_HP_1": null, "NAMA_PEMIL": "Pemerintah Desa", "N_PETAK": "TKB312", "LUAS_HA": 0.51613649378000004, "PAKET": "Paket Sulawesi Selatan 13" }, "geometry": { "type": "MultiPolygon", "coordinates": [ [ [ [ 120.384143373617917, -2.699219543946754, 0.0 ], [ 120.383750530862358, -2.699085980233747, 0.0 ], [ 120.38399626701414, -2.698107070884589, 0.0 ], [ 120.384395676619192, -2.698257827836414, 0.0 ], [ 120.384143373617917, -2.699219543946754, 0.0 ] ] ] ] } },
{ "type": "Feature", "properties": { "OBJECTID": 3419, "WADMPR": "Sulawesi Selatan", "WADMKK": "Kab. Luwu Utara", "WADMKC": "Kec. Malangke", "WADMKD": "Desa Tingkara", "POKTAN": "Gapoktan Anugrah Tingkara", "K_POKTAN": "H. Amirsalim", "P_SID": "Universitas Negeri Makassar", "NO_HP_1": null, "NAMA_PEMIL": "Pemerintah Desa", "N_PETAK": "TKB313", "LUAS_HA": 1.4170586164200001, "PAKET": "Paket Sulawesi Selatan 13" }, "geometry": { "type": "MultiPolygon", "coordinates": [ [ [ [ 120.386983205110937, -2.698553276712289, 0.0 ], [ 120.386885598991284, -2.69899886380648, 0.0 ], [ 120.386444745928316, -2.698890423554133, 0.0 ], [ 120.385930688050848, -2.6987446488464, 0.0 ], [ 120.385458960362826, -2.698607192867598, 0.0 ], [ 120.385620090994507, -2.698075708826877, 0.0 ], [ 120.386136474518707, -2.698235215282921, 0.0 ], [ 120.386173995133845, -2.698028721048615, 0.0 ], [ 120.38622415302234, -2.69778022217946, 0.0 ], [ 120.386503779226132, -2.697862631555154, 0.0 ], [ 120.387051396205038, -2.698207704122183, 0.0 ], [ 120.386983205110937, -2.698553276712289, 0.0 ] ] ] ] } },
{ "type": "Feature", "properties": { "OBJECTID": 3420, "WADMPR": "Sulawesi Selatan", "WADMKK": "Kab. Luwu Utara", "WADMKC": "Kec. Malangke", "WADMKD": "Desa Tingkara", "POKTAN": "Gapoktan Anugrah Tingkara", "K_POKTAN": "H. Amirsalim", "P_SID": "Universitas Negeri Makassar", "NO_HP_1": null, "NAMA_PEMIL": "Pemerintah Desa", "N_PETAK": "TKB314", "LUAS_HA": 0.31311223331, "PAKET": "Paket Sulawesi Selatan 13" }, "geometry": { "type": "MultiPolygon", "coordinates": [ [ [ [ 120.385930688050848, -2.6987446488464, 0.0 ], [ 120.385810528733032, -2.699234624678127, 0.0 ], [ 120.385308024445862, -2.699082054693008, 0.0 ], [ 120.385458960362826, -2.698607192867598, 0.0 ], [ 120.385930688050848, -2.6987446488464, 0.0 ] ] ] ] } },
{ "type": "Feature", "properties": { "OBJECTID": 3421, "WADMPR": "Sulawesi Selatan", "WADMKK": "Kab. Luwu Utara", "WADMKC": "Kec. Malangke", "WADMKD": "Desa Tingkara", "POKTAN": "Gapoktan Anugrah Tingkara", "K_POKTAN": "H. Amirsalim", "P_SID": "Universitas Negeri Makassar", "NO_HP_1": null, "NAMA_PEMIL": "Pemerintah Desa", "N_PETAK": "TKB315", "LUAS_HA": 0.27492406424, "PAKET": "Paket Sulawesi Selatan 13" }, "geometry": { "type": "MultiPolygon", "coordinates": [ [ [ [ 120.385810528733032, -2.699234624678127, 0.0 ], [ 120.385678181802746, -2.699649354234282, 0.0 ], [ 120.385185069135673, -2.69948414427779, 0.0 ], [ 120.385308024445862, -2.699082054693008, 0.0 ], [ 120.385810528733032, -2.699234624678127, 0.0 ] ] ] ] } },
{ "type": "Feature", "properties": { "OBJECTID": 3422, "WADMPR": "Sulawesi Selatan", "WADMKK": "Kab. Luwu Utara", "WADMKC": "Kec. Malangke", "WADMKD": "Desa Tingkara", "POKTAN": "Gapoktan Anugrah Tingkara", "K_POKTAN": "H. Amirsalim", "P_SID": "Universitas Negeri Makassar", "NO_HP_1": null, "NAMA_PEMIL": "Pemerintah Desa", "N_PETAK": "TKB316", "LUAS_HA": 0.28223685108000002, "PAKET": "Paket Sulawesi Selatan 13" }, "geometry": { "type": "MultiPolygon", "coordinates": [ [ [ [ 120.385678181802746, -2.699649354234282, 0.0 ], [ 120.385520891276201, -2.700077462105128, 0.0 ], [ 120.385053400294282, -2.699912545327663, 0.0 ], [ 120.385185069135673, -2.69948414427779, 0.0 ], [ 120.385678181802746, -2.699649354234282, 0.0 ] ] ] ] } },
{ "type": "Feature", "properties": { "OBJECTID": 3423, "WADMPR": "Sulawesi Selatan", "WADMKK": "Kab. Luwu Utara", "WADMKC": "Kec. Malangke", "WADMKD": "Desa Tingkara", "POKTAN": "Gapoktan Anugrah Tingkara", "K_POKTAN": "H. Amirsalim", "P_SID": "Universitas Negeri Makassar", "NO_HP_1": null, "NAMA_PEMIL": "Pemerintah Desa", "N_PETAK": "TKB317", "LUAS_HA": 0.90315226746, "PAKET": "Paket Sulawesi Selatan 13" }, "geometry": { "type": "MultiPolygon", "coordinates": [ [ [ [ 120.386166293339784, -2.699829188066531, 0.0 ], [ 120.385894805101202, -2.700666986592125, 0.0 ], [ 120.385401723910491, -2.700545543042324, 0.0 ], [ 120.384891339763612, -2.70040676146283, 0.0 ], [ 120.385053400294282, -2.699912545327663, 0.0 ], [ 120.385520891276201, -2.700077462105128, 0.0 ], [ 120.385678181802746, -2.699649354234282, 0.0 ], [ 120.386166293339784, -2.699829188066531, 0.0 ] ] ] ] } },
{ "type": "Feature", "properties": { "OBJECTID": 3424, "WADMPR": "Sulawesi Selatan", "WADMKK": "Kab. Luwu Utara", "WADMKC": "Kec. Malangke", "WADMKD": "Desa Tingkara", "POKTAN": "Gapoktan Anugrah Tingkara", "K_POKTAN": "H. Amirsalim", "P_SID": "Universitas Negeri Makassar", "NO_HP_1": null, "NAMA_PEMIL": "Pemerintah Desa", "N_PETAK": "TKB318", "LUAS_HA": 0.61181571361999998, "PAKET": "Paket Sulawesi Selatan 13" }, "geometry": { "type": "MultiPolygon", "coordinates": [ [ [ [ 120.386444745928316, -2.698890423554133, 0.0 ], [ 120.386166293339784, -2.699829188066531, 0.0 ], [ 120.385678181802746, -2.699649354234282, 0.0 ], [ 120.385810528733032, -2.699234624678127, 0.0 ], [ 120.385930688050848, -2.6987446488464, 0.0 ], [ 120.386444745928316, -2.698890423554133, 0.0 ] ] ] ] } },
{ "type": "Feature", "properties": { "OBJECTID": 3425, "WADMPR": "Sulawesi Selatan", "WADMKK": "Kab. Luwu Utara", "WADMKC": "Kec. Malangke", "WADMKD": "Desa Tingkara", "POKTAN": "Gapoktan Anugrah Tingkara", "K_POKTAN": "H. Amirsalim", "P_SID": "Universitas Negeri Makassar", "NO_HP_1": null, "NAMA_PEMIL": "Pemerintah Desa", "N_PETAK": "TKB319", "LUAS_HA": 0.55834428594999996, "PAKET": "Paket Sulawesi Selatan 13" }, "geometry": { "type": "MultiPolygon", "coordinates": [ [ [ [ 120.386885598991284, -2.69899886380648, 0.0 ], [ 120.386745417167276, -2.699553060225526, 0.0 ], [ 120.386699311623943, -2.699577044245132, 0.0 ], [ 120.386636586609256, -2.699823486364778, 0.0 ], [ 120.386592683505569, -2.699962643860886, 0.0 ], [ 120.386166293339784, -2.699829188066531, 0.0 ], [ 120.386444745928316, -2.698890423554133, 0.0 ], [ 120.386885598991284, -2.69899886380648, 0.0 ] ] ] ] } },
{ "type": "Feature", "properties": { "OBJECTID": 3426, "WADMPR": "Sulawesi Selatan", "WADMKK": "Kab. Luwu Utara", "WADMKC": "Kec. Malangke", "WADMKD": "Desa Tingkara", "POKTAN": "Gapoktan Anugrah Tingkara", "K_POKTAN": "H. Amirsalim", "P_SID": "Universitas Negeri Makassar", "NO_HP_1": null, "NAMA_PEMIL": "Pemerintah Desa", "N_PETAK": "TKB320", "LUAS_HA": 0.45961106928000001, "PAKET": "Paket Sulawesi Selatan 13" }, "geometry": { "type": "MultiPolygon", "coordinates": [ [ [ [ 120.386592683505569, -2.699962643860886, 0.0 ], [ 120.386475222153877, -2.70035983303984, 0.0 ], [ 120.386443974310055, -2.700444109408068, 0.0 ], [ 120.386360414701471, -2.700442014887017, 0.0 ], [ 120.386285752985145, -2.700779052011569, 0.0 ], [ 120.385894805101202, -2.700666986592125, 0.0 ], [ 120.386166293339784, -2.699829188066531, 0.0 ], [ 120.386592683505569, -2.699962643860886, 0.0 ] ] ] ] } },
{ "type": "Feature", "properties": { "OBJECTID": 3427, "WADMPR": "Sulawesi Selatan", "WADMKK": "Kab. Luwu Utara", "WADMKC": "Kec. Malangke", "WADMKD": "Desa Tingkara", "POKTAN": "Gapoktan Anugrah Tingkara", "K_POKTAN": "H. Amirsalim", "P_SID": "Universitas Negeri Makassar", "NO_HP_1": null, "NAMA_PEMIL": "Pemerintah Desa", "N_PETAK": "TKB321", "LUAS_HA": 0.31626110709, "PAKET": "Paket Sulawesi Selatan 13" }, "geometry": { "type": "MultiPolygon", "coordinates": [ [ [ [ 120.387070706447957, -2.699952768405467, 0.0 ], [ 120.386912021072931, -2.700494524502631, 0.0 ], [ 120.386911026422808, -2.700497922141324, 0.0 ], [ 120.386475222153877, -2.70035983303984, 0.0 ], [ 120.386592683505569, -2.699962643860886, 0.0 ], [ 120.386636586609256, -2.699823486364778, 0.0 ], [ 120.387070706447957, -2.699952768405467, 0.0 ] ] ] ] } },
{ "type": "Feature", "properties": { "OBJECTID": 3428, "WADMPR": "Sulawesi Selatan", "WADMKK": "Kab. Luwu Utara", "WADMKC": "Kec. Malangke", "WADMKD": "Desa Tingkara", "POKTAN": "Gapoktan Anugrah Tingkara", "K_POKTAN": "H. Amirsalim", "P_SID": "Universitas Negeri Makassar", "NO_HP_1": null, "NAMA_PEMIL": "Pemerintah Desa", "N_PETAK": "TKB322", "LUAS_HA": 0.33791030032000002, "PAKET": "Paket Sulawesi Selatan 13" }, "geometry": { "type": "MultiPolygon", "coordinates": [ [ [ [ 120.38721426972279, -2.699991520192441, 0.0 ], [ 120.387535674831611, -2.700096189587441, 0.0 ], [ 120.387383985282781, -2.700631815006204, 0.0 ], [ 120.387028800738676, -2.7005305342567, 0.0 ], [ 120.386915707393996, -2.700495660346405, 0.0 ], [ 120.387070706447957, -2.699952768405467, 0.0 ], [ 120.38721426972279, -2.699991520192441, 0.0 ] ] ] ] } },
{ "type": "Feature", "properties": { "OBJECTID": 3429, "WADMPR": "Sulawesi Selatan", "WADMKK": "Kab. Luwu Utara", "WADMKC": "Kec. Malangke", "WADMKD": "Desa Tingkara", "POKTAN": "Gapoktan Anugrah Tingkara", "K_POKTAN": "H. Amirsalim", "P_SID": "Universitas Negeri Makassar", "NO_HP_1": null, "NAMA_PEMIL": "Pemerintah Desa", "N_PETAK": "TKB323", "LUAS_HA": 0.55649003199000002, "PAKET": "Paket Sulawesi Selatan 13" }, "geometry": { "type": "MultiPolygon", "coordinates": [ [ [ [ 120.386912021072931, -2.700494524502631, 0.0 ], [ 120.386915707393996, -2.700495660346405, 0.0 ], [ 120.387028800738676, -2.7005305342567, 0.0 ], [ 120.387382878217295, -2.700639719147659, 0.0 ], [ 120.387275464990807, -2.70106152097236, 0.0 ], [ 120.386285752985145, -2.700779052011569, 0.0 ], [ 120.386360414701471, -2.700442014887017, 0.0 ], [ 120.386443974310055, -2.700444109408068, 0.0 ], [ 120.386475222153877, -2.70035983303984, 0.0 ], [ 120.386911026422808, -2.700497922141324, 0.0 ], [ 120.386912021072931, -2.700494524502631, 0.0 ] ] ] ] } },
{ "type": "Feature", "properties": { "OBJECTID": 3430, "WADMPR": "Sulawesi Selatan", "WADMKK": "Kab. Luwu Utara", "WADMKC": "Kec. Malangke", "WADMKD": "Desa Tingkara", "POKTAN": "Gapoktan Anugrah Tingkara", "K_POKTAN": "H. Amirsalim", "P_SID": "Universitas Negeri Makassar", "NO_HP_1": null, "NAMA_PEMIL": "Pemerintah Desa", "N_PETAK": "TKB324", "LUAS_HA": 0.66497758667999995, "PAKET": "Paket Sulawesi Selatan 13" }, "geometry": { "type": "MultiPolygon", "coordinates": [ [ [ [ 120.388077147642321, -2.700231911673313, 0.0 ], [ 120.387790048971624, -2.701182162326859, 0.0 ], [ 120.387275464990807, -2.70106152097236, 0.0 ], [ 120.387535674831611, -2.700096189587441, 0.0 ], [ 120.388077147642321, -2.700231911673313, 0.0 ] ] ] ] } },
{ "type": "Feature", "properties": { "OBJECTID": 3431, "WADMPR": "Sulawesi Selatan", "WADMKK": "Kab. Luwu Utara", "WADMKC": "Kec. Malangke", "WADMKD": "Desa Tingkara", "POKTAN": "Gapoktan Anugrah Tingkara", "K_POKTAN": "H. Amirsalim", "P_SID": "Universitas Negeri Makassar", "NO_HP_1": null, "NAMA_PEMIL": "Pemerintah Desa", "N_PETAK": "TKB325", "LUAS_HA": 0.5598151598, "PAKET": "Paket Sulawesi Selatan 13" }, "geometry": { "type": "MultiPolygon", "coordinates": [ [ [ [ 120.388499619461982, -2.700362718964243, 0.0 ], [ 120.388273460651703, -2.701288041310022, 0.0 ], [ 120.388272930951075, -2.701290207776822, 0.0 ], [ 120.388273412987701, -2.701288023323571, 0.0 ], [ 120.388118289827275, -2.701254711535682, 0.0 ], [ 120.387790048971624, -2.701182162326859, 0.0 ], [ 120.388077147642321, -2.700231911673313, 0.0 ], [ 120.388499619461982, -2.700362718964243, 0.0 ] ] ] ] } },
{ "type": "Feature", "properties": { "OBJECTID": 3432, "WADMPR": "Sulawesi Selatan", "WADMKK": "Kab. Luwu Utara", "WADMKC": "Kec. Malangke", "WADMKD": "Desa Tingkara", "POKTAN": "Gapoktan Anugrah Tingkara", "K_POKTAN": "H. Amirsalim", "P_SID": "Universitas Negeri Makassar", "NO_HP_1": null, "NAMA_PEMIL": "Pemerintah Desa", "N_PETAK": "TKB326", "LUAS_HA": 0.26283412164999997, "PAKET": "Paket Sulawesi Selatan 13" }, "geometry": { "type": "MultiPolygon", "coordinates": [ [ [ [ 120.38877321481209, -2.700449892948143, 0.0 ], [ 120.388423505340597, -2.701345831744675, 0.0 ], [ 120.388273460651703, -2.701288041310022, 0.0 ], [ 120.388499619461982, -2.700362718964243, 0.0 ], [ 120.38877321481209, -2.700449892948143, 0.0 ] ] ] ] } },
{ "type": "Feature", "properties": { "OBJECTID": 3433, "WADMPR": "Sulawesi Selatan", "WADMKK": "Kab. Luwu Utara", "WADMKC": "Kec. Malangke", "WADMKD": "Desa Tingkara", "POKTAN": "Gapoktan Anugrah Tingkara", "K_POKTAN": "H. Amirsalim", "P_SID": "Universitas Negeri Makassar", "NO_HP_1": null, "NAMA_PEMIL": "Pemerintah Desa", "N_PETAK": "TKB327", "LUAS_HA": 0.85107925865, "PAKET": "Paket Sulawesi Selatan 13" }, "geometry": { "type": "MultiPolygon", "coordinates": [ [ [ [ 120.387439572378412, -2.698773007168484, 0.0 ], [ 120.38721426972279, -2.699991520192441, 0.0 ], [ 120.386636586609256, -2.699823486364778, 0.0 ], [ 120.386699311623943, -2.699577044245132, 0.0 ], [ 120.386745417167276, -2.699553060225526, 0.0 ], [ 120.386885598991284, -2.69899886380648, 0.0 ], [ 120.386983205110937, -2.698553276712289, 0.0 ], [ 120.387443994344949, -2.69870996649172, 0.0 ], [ 120.387439572378412, -2.698773007168484, 0.0 ] ] ] ] } },
{ "type": "Feature", "properties": { "OBJECTID": 3434, "WADMPR": "Sulawesi Selatan", "WADMKK": "Kab. Luwu Utara", "WADMKC": "Kec. Malangke", "WADMKD": "Desa Tingkara", "POKTAN": "Gapoktan Anugrah Tingkara", "K_POKTAN": "H. Amirsalim", "P_SID": "Universitas Negeri Makassar", "NO_HP_1": null, "NAMA_PEMIL": "Pemerintah Desa", "N_PETAK": "TKB328", "LUAS_HA": 0.77976616778999996, "PAKET": "Paket Sulawesi Selatan 13" }, "geometry": { "type": "MultiPolygon", "coordinates": [ [ [ [ 120.388310096333953, -2.699285946289365, 0.0 ], [ 120.388176981382685, -2.699802720119408, 0.0 ], [ 120.387289894612991, -2.699602562508232, 0.0 ], [ 120.387439572378412, -2.698773007168484, 0.0 ], [ 120.387861861635656, -2.698874226764133, 0.0 ], [ 120.387828621793574, -2.699165261767348, 0.0 ], [ 120.388310096333953, -2.699285946289365, 0.0 ] ] ] ] } },
{ "type": "Feature", "properties": { "OBJECTID": 3435, "WADMPR": "Sulawesi Selatan", "WADMKK": "Kab. Luwu Utara", "WADMKC": "Kec. Malangke", "WADMKD": "Desa Tingkara", "POKTAN": "Gapoktan Anugrah Tingkara", "K_POKTAN": "H. Amirsalim", "P_SID": "Universitas Negeri Makassar", "NO_HP_1": null, "NAMA_PEMIL": "Pemerintah Desa", "N_PETAK": "TKB329", "LUAS_HA": 0.46882500954, "PAKET": "Paket Sulawesi Selatan 13" }, "geometry": { "type": "MultiPolygon", "coordinates": [ [ [ [ 120.388077147642321, -2.700231911673313, 0.0 ], [ 120.387535674831611, -2.700096189587441, 0.0 ], [ 120.38721426972279, -2.699991520192441, 0.0 ], [ 120.387287801890579, -2.699606370237746, 0.0 ], [ 120.388176621653884, -2.699804613192271, 0.0 ], [ 120.388077147642321, -2.700231911673313, 0.0 ] ] ] ] } },
{ "type": "Feature", "properties": { "OBJECTID": 3436, "WADMPR": "Sulawesi Selatan", "WADMKK": "Kab. Luwu Utara", "WADMKC": "Kec. Malangke", "WADMKD": "Desa Tingkara", "POKTAN": "Gapoktan Anugrah Tingkara", "K_POKTAN": "H. Amirsalim", "P_SID": "Universitas Negeri Makassar", "NO_HP_1": null, "NAMA_PEMIL": "Pemerintah Desa", "N_PETAK": "TKB330", "LUAS_HA": 0.86539046627000005, "PAKET": "Paket Sulawesi Selatan 13" }, "geometry": { "type": "MultiPolygon", "coordinates": [ [ [ [ 120.388929391977967, -2.69893757590836, 0.0 ], [ 120.388623644066001, -2.699917686751803, 0.0 ], [ 120.388499619461982, -2.700362718964243, 0.0 ], [ 120.388077147642321, -2.700231911673313, 0.0 ], [ 120.388310096333953, -2.699285946289365, 0.0 ], [ 120.388455228026373, -2.69878584319207, 0.0 ], [ 120.388929391977967, -2.69893757590836, 0.0 ] ] ] ] } },
{ "type": "Feature", "properties": { "OBJECTID": 3437, "WADMPR": "Sulawesi Selatan", "WADMKK": "Kab. Luwu Utara", "WADMKC": "Kec. Malangke", "WADMKD": "Desa Tingkara", "POKTAN": "Gapoktan Anugrah Tingkara", "K_POKTAN": "H. Amirsalim", "P_SID": "Universitas Negeri Makassar", "NO_HP_1": null, "NAMA_PEMIL": "Pemerintah Desa", "N_PETAK": "TKB331", "LUAS_HA": 0.78564553665000003, "PAKET": "Paket Sulawesi Selatan 13" }, "geometry": { "type": "MultiPolygon", "coordinates": [ [ [ [ 120.388941250438393, -2.700013013989349, 0.0 ], [ 120.388623644066001, -2.699917686751803, 0.0 ], [ 120.388929391977967, -2.69893757590836, 0.0 ], [ 120.389142908118743, -2.698229046832978, 0.0 ], [ 120.389521836563517, -2.698345352555918, 0.0 ], [ 120.388941250438393, -2.700013013989349, 0.0 ] ] ] ] } },
{ "type": "Feature", "properties": { "OBJECTID": 3438, "WADMPR": "Sulawesi Selatan", "WADMKK": "Kab. Luwu Utara", "WADMKC": "Kec. Malangke", "WADMKD": "Desa Tingkara", "POKTAN": "Gapoktan Anugrah Tingkara", "K_POKTAN": "H. Amirsalim", "P_SID": "Universitas Negeri Makassar", "NO_HP_1": null, "NAMA_PEMIL": "Pemerintah Desa", "N_PETAK": "TKB332", "LUAS_HA": 0.17848488038, "PAKET": "Paket Sulawesi Selatan 13" }, "geometry": { "type": "MultiPolygon", "coordinates": [ [ [ [ 120.388941250438393, -2.700013013989349, 0.0 ], [ 120.388915925529545, -2.700084298751335, 0.0 ], [ 120.388891538613734, -2.700161209672046, 0.0 ], [ 120.38877321481209, -2.700449892948143, 0.0 ], [ 120.388499619461982, -2.700362718964243, 0.0 ], [ 120.388623644066001, -2.699917686751803, 0.0 ], [ 120.388941250438393, -2.700013013989349, 0.0 ] ] ] ] } },
{ "type": "Feature", "properties": { "OBJECTID": 3439, "WADMPR": "Sulawesi Selatan", "WADMKK": "Kab. Luwu Utara", "WADMKC": "Kec. Malangke", "WADMKD": "Desa Tingkara", "POKTAN": "Gapoktan Anugrah Tingkara", "K_POKTAN": "H. Amirsalim", "P_SID": "Universitas Negeri Makassar", "NO_HP_1": null, "NAMA_PEMIL": "Pemerintah Desa", "N_PETAK": "TKB333", "LUAS_HA": 0.27773208525999998, "PAKET": "Paket Sulawesi Selatan 13" }, "geometry": { "type": "MultiPolygon", "coordinates": [ [ [ [ 120.388272930951075, -2.701290207776822, 0.0 ], [ 120.388423505340597, -2.701345831744675, 0.0 ], [ 120.388097100900495, -2.702122448492162, 0.0 ], [ 120.38788864614412, -2.702083068978425, 0.0 ], [ 120.388118289827275, -2.701254711535682, 0.0 ], [ 120.388272930951075, -2.701290207776822, 0.0 ] ] ] ] } },
{ "type": "Feature", "properties": { "OBJECTID": 3440, "WADMPR": "Sulawesi Selatan", "WADMKK": "Kab. Luwu Utara", "WADMKC": "Kec. Malangke", "WADMKD": "Desa Tingkara", "POKTAN": "Gapoktan Anugrah Tingkara", "K_POKTAN": "H. Amirsalim", "P_SID": "Universitas Negeri Makassar", "NO_HP_1": null, "NAMA_PEMIL": "Pemerintah Desa", "N_PETAK": "TKB334", "LUAS_HA": 0.42145445819, "PAKET": "Paket Sulawesi Selatan 13" }, "geometry": { "type": "MultiPolygon", "coordinates": [ [ [ [ 120.383729781704119, -2.703976523197923, 0.0 ], [ 120.383606684301071, -2.704342427660833, 0.0 ], [ 120.383562331536382, -2.704328406330831, 0.0 ], [ 120.383564756108626, -2.704320530068344, 0.0 ], [ 120.382749239186069, -2.70405820232412, 0.0 ], [ 120.382846616877941, -2.703700004151813, 0.0 ], [ 120.383729781704119, -2.703976523197923, 0.0 ] ] ] ] } },
{ "type": "Feature", "properties": { "OBJECTID": 3441, "WADMPR": "Sulawesi Selatan", "WADMKK": "Kab. Luwu Utara", "WADMKC": "Kec. Malangke", "WADMKD": "Desa Tingkara", "POKTAN": "Gapoktan Anugrah Tingkara", "K_POKTAN": "H. Amirsalim", "P_SID": "Universitas Negeri Makassar", "NO_HP_1": null, "NAMA_PEMIL": "Pemerintah Desa", "N_PETAK": "TKB335", "LUAS_HA": 0.31901734357, "PAKET": "Paket Sulawesi Selatan 13" }, "geometry": { "type": "MultiPolygon", "coordinates": [ [ [ [ 120.385401723910491, -2.700545543042324, 0.0 ], [ 120.385240579788956, -2.701054598890607, 0.0 ], [ 120.384771588737863, -2.700868045324, 0.0 ], [ 120.384892727417537, -2.700409145565573, 0.0 ], [ 120.385401723910491, -2.700545543042324, 0.0 ] ] ] ] } },
{ "type": "Feature", "properties": { "OBJECTID": 3442, "WADMPR": "Sulawesi Selatan", "WADMKK": "Kab. Luwu Utara", "WADMKC": "Kec. Malangke", "WADMKD": "Desa Tingkara", "POKTAN": "Gapoktan Anugrah Tingkara", "K_POKTAN": "H. Amirsalim", "P_SID": "Universitas Negeri Makassar", "NO_HP_1": null, "NAMA_PEMIL": "Pemerintah Desa", "N_PETAK": "TKB336", "LUAS_HA": 0.32409581185000003, "PAKET": "Paket Sulawesi Selatan 13" }, "geometry": { "type": "MultiPolygon", "coordinates": [ [ [ [ 120.385240579788956, -2.701054598890607, 0.0 ], [ 120.385110936220826, -2.70152628071321, 0.0 ], [ 120.384612533741461, -2.701389843666277, 0.0 ], [ 120.384729223474892, -2.701007028351626, 0.0 ], [ 120.384750406106377, -2.700937537737104, 0.0 ], [ 120.384771588737863, -2.700868045324, 0.0 ], [ 120.385240579788956, -2.701054598890607, 0.0 ] ] ] ] } },
{ "type": "Feature", "properties": { "OBJECTID": 3443, "WADMPR": "Sulawesi Selatan", "WADMKK": "Kab. Luwu Utara", "WADMKC": "Kec. Malangke", "WADMKD": "Desa Tingkara", "POKTAN": "Gapoktan Anugrah Tingkara", "K_POKTAN": "H. Amirsalim", "P_SID": "Universitas Negeri Makassar", "NO_HP_1": null, "NAMA_PEMIL": "Pemerintah Desa", "N_PETAK": "TKB337", "LUAS_HA": 0.22643269171, "PAKET": "Paket Sulawesi Selatan 13" }, "geometry": { "type": "MultiPolygon", "coordinates": [ [ [ [ 120.385110936220826, -2.70152628071321, 0.0 ], [ 120.385000083986711, -2.701835082722823, 0.0 ], [ 120.384771934976925, -2.701785423958086, 0.0 ], [ 120.384754801093209, -2.701821117150814, 0.0 ], [ 120.384690139838199, -2.701808691218105, 0.0 ], [ 120.384625478583075, -2.701796265285395, 0.0 ], [ 120.384560818227214, -2.701783840252006, 0.0 ], [ 120.384496156972091, -2.701771414319296, 0.0 ], [ 120.384517350395413, -2.701701925503414, 0.0 ], [ 120.384612533741461, -2.701389843666277, 0.0 ], [ 120.385110936220826, -2.70152628071321, 0.0 ] ] ] ] } },
{ "type": "Feature", "properties": { "OBJECTID": 3444, "WADMPR": "Sulawesi Selatan", "WADMKK": "Kab. Luwu Utara", "WADMKC": "Kec. Malangke", "WADMKD": "Desa Tingkara", "POKTAN": "Gapoktan Anugrah Tingkara", "K_POKTAN": "H. Amirsalim", "P_SID": "Universitas Negeri Makassar", "NO_HP_1": null, "NAMA_PEMIL": "Pemerintah Desa", "N_PETAK": "TKB338", "LUAS_HA": 1.1183497812600001, "PAKET": "Paket Sulawesi Selatan 13" }, "geometry": { "type": "MultiPolygon", "coordinates": [ [ [ [ 120.387790048971624, -2.701182162326859, 0.0 ], [ 120.388118289827275, -2.701254711535682, 0.0 ], [ 120.38788864614412, -2.702083068978425, 0.0 ], [ 120.387843081093365, -2.702255823347514, 0.0 ], [ 120.386971220745295, -2.702053367069198, 0.0 ], [ 120.387275464990807, -2.70106152097236, 0.0 ], [ 120.387790048971624, -2.701182162326859, 0.0 ] ] ] ] } },
{ "type": "Feature", "properties": { "OBJECTID": 3445, "WADMPR": "Sulawesi Selatan", "WADMKK": "Kab. Luwu Utara", "WADMKC": "Kec. Malangke", "WADMKD": "Desa Tingkara", "POKTAN": "Gapoktan Anugrah Tingkara", "K_POKTAN": "H. Amirsalim", "P_SID": "Universitas Negeri Makassar", "NO_HP_1": null, "NAMA_PEMIL": "Pemerintah Desa", "N_PETAK": "TKB339", "LUAS_HA": 0.45577219015999998, "PAKET": "Paket Sulawesi Selatan 13" }, "geometry": { "type": "MultiPolygon", "coordinates": [ [ [ [ 120.387843081093365, -2.702255823347514, 0.0 ], [ 120.387739559233296, -2.702661744044178, 0.0 ], [ 120.386866570236066, -2.702447486861956, 0.0 ], [ 120.386971220745295, -2.702053367069198, 0.0 ], [ 120.387843081093365, -2.702255823347514, 0.0 ] ] ] ] } },
{ "type": "Feature", "properties": { "OBJECTID": 3446, "WADMPR": "Sulawesi Selatan", "WADMKK": "Kab. Luwu Utara", "WADMKC": "Kec. Malangke", "WADMKD": "Desa Tingkara", "POKTAN": "Gapoktan Anugrah Tingkara", "K_POKTAN": "H. Amirsalim", "P_SID": "Universitas Negeri Makassar", "NO_HP_1": null, "NAMA_PEMIL": "Pemerintah Desa", "N_PETAK": "TKB340", "LUAS_HA": 0.36495477543, "PAKET": "Paket Sulawesi Selatan 13" }, "geometry": { "type": "MultiPolygon", "coordinates": [ [ [ [ 120.387219275349366, -2.703149643341305, 0.0 ], [ 120.386926295112517, -2.703053688376997, 0.0 ], [ 120.386718473478822, -2.702998034731479, 0.0 ], [ 120.386795669484627, -2.702712148346905, 0.0 ], [ 120.386866570236066, -2.702447486861956, 0.0 ], [ 120.387352788700355, -2.702566976184983, 0.0 ], [ 120.387219275349366, -2.703149643341305, 0.0 ] ] ] ] } },
{ "type": "Feature", "properties": { "OBJECTID": 3447, "WADMPR": "Sulawesi Selatan", "WADMKK": "Kab. Luwu Utara", "WADMKC": "Kec. Malangke", "WADMKD": "Desa Tingkara", "POKTAN": "Gapoktan Anugrah Tingkara", "K_POKTAN": "H. Amirsalim", "P_SID": "Universitas Negeri Makassar", "NO_HP_1": null, "NAMA_PEMIL": "Pemerintah Desa", "N_PETAK": "TKB341", "LUAS_HA": 0.29399914197, "PAKET": "Paket Sulawesi Selatan 13" }, "geometry": { "type": "MultiPolygon", "coordinates": [ [ [ [ 120.387739559233296, -2.702661744044178, 0.0 ], [ 120.387606773433959, -2.703254778585119, 0.0 ], [ 120.387219275349366, -2.703149643341305, 0.0 ], [ 120.387354038757962, -2.702572643712472, 0.0 ], [ 120.387739559233296, -2.702661744044178, 0.0 ] ] ] ] } },
{ "type": "Feature", "properties": { "OBJECTID": 3448, "WADMPR": "Sulawesi Selatan", "WADMKK": "Kab. Luwu Utara", "WADMKC": "Kec. Malangke", "WADMKD": "Desa Tingkara", "POKTAN": "Gapoktan Anugrah Tingkara", "K_POKTAN": "H. Amirsalim", "P_SID": "Universitas Negeri Makassar", "NO_HP_1": null, "NAMA_PEMIL": "Pemerintah Desa", "N_PETAK": "TKB342", "LUAS_HA": 1.27203666043, "PAKET": "Paket Sulawesi Selatan 13" }, "geometry": { "type": "MultiPolygon", "coordinates": [ [ [ [ 120.386971220745295, -2.702053367069198, 0.0 ], [ 120.386866570236066, -2.702447486861956, 0.0 ], [ 120.386718473478822, -2.702998034731479, 0.0 ], [ 120.385819091178178, -2.702727595102374, 0.0 ], [ 120.385693007126633, -2.702685827888615, 0.0 ], [ 120.385949010838203, -2.701763348299835, 0.0 ], [ 120.386971220745295, -2.702053367069198, 0.0 ] ] ] ] } },
{ "type": "Feature", "properties": { "OBJECTID": 3449, "WADMPR": "Sulawesi Selatan", "WADMKK": "Kab. Luwu Utara", "WADMKC": "Kec. Malangke", "WADMKD": "Desa Tingkara", "POKTAN": "Gapoktan Anugrah Tingkara", "K_POKTAN": "H. Amirsalim", "P_SID": "Universitas Negeri Makassar", "NO_HP_1": null, "NAMA_PEMIL": "Pemerintah Desa", "N_PETAK": "TKB343", "LUAS_HA": 0.45070175727, "PAKET": "Paket Sulawesi Selatan 13" }, "geometry": { "type": "MultiPolygon", "coordinates": [ [ [ [ 120.387219275349366, -2.703149643341305, 0.0 ], [ 120.387606773433959, -2.703254778585119, 0.0 ], [ 120.387445654493376, -2.703743226468703, 0.0 ], [ 120.387444303711732, -2.703745291312089, 0.0 ], [ 120.386693079322185, -2.703522236961646, 0.0 ], [ 120.386729283329828, -2.703394676223297, 0.0 ], [ 120.386878077061624, -2.703397980332454, 0.0 ], [ 120.386911601988913, -2.703295534960944, 0.0 ], [ 120.386859219177722, -2.703211700159784, 0.0 ], [ 120.386926295112517, -2.703053688376997, 0.0 ], [ 120.387219275349366, -2.703149643341305, 0.0 ] ] ] ] } },
{ "type": "Feature", "properties": { "OBJECTID": 3450, "WADMPR": "Sulawesi Selatan", "WADMKK": "Kab. Luwu Utara", "WADMKC": "Kec. Malangke", "WADMKD": "Desa Tingkara", "POKTAN": "Gapoktan Anugrah Tingkara", "K_POKTAN": "H. Amirsalim", "P_SID": "Universitas Negeri Makassar", "NO_HP_1": null, "NAMA_PEMIL": "Pemerintah Desa", "N_PETAK": "TKB344", "LUAS_HA": 1.24844221358, "PAKET": "Paket Sulawesi Selatan 13" }, "geometry": { "type": "MultiPolygon", "coordinates": [ [ [ [ 120.386718473478822, -2.702998034731479, 0.0 ], [ 120.386926295112517, -2.703053688376997, 0.0 ], [ 120.386859219177722, -2.703211700159784, 0.0 ], [ 120.386911601988913, -2.703295534960944, 0.0 ], [ 120.386878077061624, -2.703397980332454, 0.0 ], [ 120.386729283329828, -2.703394676223297, 0.0 ], [ 120.386693079322185, -2.703522236961646, 0.0 ], [ 120.386561936584144, -2.703485564407231, 0.0 ], [ 120.386446165957864, -2.703946881543288, 0.0 ], [ 120.385553337016972, -2.703644405364969, 0.0 ], [ 120.38568286367331, -2.703189048036108, 0.0 ], [ 120.385668899000507, -2.703185642303481, 0.0 ], [ 120.385819091178178, -2.702727595102374, 0.0 ], [ 120.386718473478822, -2.702998034731479, 0.0 ] ] ] ] } },
{ "type": "Feature", "properties": { "OBJECTID": 3451, "WADMPR": "Sulawesi Selatan", "WADMKK": "Kab. Luwu Utara", "WADMKC": "Kec. Malangke", "WADMKD": "Desa Tingkara", "POKTAN": "Gapoktan Anugrah Tingkara", "K_POKTAN": "H. Amirsalim", "P_SID": "Universitas Negeri Makassar", "NO_HP_1": null, "NAMA_PEMIL": "Pemerintah Desa", "N_PETAK": "TKB345", "LUAS_HA": 0.52222136942999997, "PAKET": "Paket Sulawesi Selatan 13" }, "geometry": { "type": "MultiPolygon", "coordinates": [ [ [ [ 120.385693007126633, -2.702685827888615, 0.0 ], [ 120.384852596969836, -2.702425321271505, 0.0 ], [ 120.385007195825438, -2.701953150217662, 0.0 ], [ 120.385076108175895, -2.701975910259989, 0.0 ], [ 120.385813536965202, -2.702212663083913, 0.0 ], [ 120.385693007126633, -2.702685827888615, 0.0 ] ] ] ] } },
{ "type": "Feature", "properties": { "OBJECTID": 3452, "WADMPR": "Sulawesi Selatan", "WADMKK": "Kab. Luwu Utara", "WADMKC": "Kec. Malangke", "WADMKD": "Desa Tingkara", "POKTAN": "Gapoktan Anugrah Tingkara", "K_POKTAN": "H. Amirsalim", "P_SID": "Universitas Negeri Makassar", "NO_HP_1": null, "NAMA_PEMIL": "Pemerintah Desa", "N_PETAK": "TKB346", "LUAS_HA": 0.63278681792000002, "PAKET": "Paket Sulawesi Selatan 13" }, "geometry": { "type": "MultiPolygon", "coordinates": [ [ [ [ 120.384852596969836, -2.702425321271505, 0.0 ], [ 120.385819091178178, -2.702727595102374, 0.0 ], [ 120.385671608657844, -2.703157121204129, 0.0 ], [ 120.384684586524486, -2.702906073656322, 0.0 ], [ 120.384733980888541, -2.70251681110193, 0.0 ], [ 120.384748257626029, -2.702458513449585, 0.0 ], [ 120.384762534363517, -2.702400217595937, 0.0 ], [ 120.384807565216988, -2.702412769433693, 0.0 ], [ 120.384852596969836, -2.702425321271505, 0.0 ] ] ] ] } },
{ "type": "Feature", "properties": { "OBJECTID": 3453, "WADMPR": "Sulawesi Selatan", "WADMKK": "Kab. Luwu Utara", "WADMKC": "Kec. Malangke", "WADMKD": "Desa Tingkara", "POKTAN": "Gapoktan Anugrah Tingkara", "K_POKTAN": "H. Amirsalim", "P_SID": "Universitas Negeri Makassar", "NO_HP_1": null, "NAMA_PEMIL": "Pemerintah Desa", "N_PETAK": "TKB349", "LUAS_HA": 0.14806699019, "PAKET": "Paket Sulawesi Selatan 13" }, "geometry": { "type": "MultiPolygon", "coordinates": [ [ [ [ 120.384990529589345, -2.703949857399948, 0.0 ], [ 120.385046182335486, -2.703607606006187, 0.0 ], [ 120.385057163956958, -2.703574866187068, 0.0 ], [ 120.385058688307936, -2.703570320114125, 0.0 ], [ 120.385391760321568, -2.703659797261764, 0.0 ], [ 120.385367662088015, -2.703721300997188, 0.0 ], [ 120.385343562955086, -2.70378280832989, 0.0 ], [ 120.385319464721533, -2.703844312065314, 0.0 ], [ 120.385295366487981, -2.703905815800738, 0.0 ], [ 120.385271267355165, -2.703967322234064, 0.0 ], [ 120.385247169121612, -2.704028825969488, 0.0 ], [ 120.385183009688262, -2.704009084951281, 0.0 ], [ 120.385118849355422, -2.703989342134378, 0.0 ], [ 120.385054689922072, -2.703969600216851, 0.0 ], [ 120.384990529589345, -2.703949857399948, 0.0 ] ] ] ] } },
{ "type": "Feature", "properties": { "OBJECTID": 3454, "WADMPR": "Sulawesi Selatan", "WADMKK": "Kab. Luwu Utara", "WADMKC": "Kec. Malangke", "WADMKD": "Desa Tingkara", "POKTAN": "Gapoktan Anugrah Tingkara", "K_POKTAN": "H. Amirsalim", "P_SID": "Universitas Negeri Makassar", "NO_HP_1": null, "NAMA_PEMIL": "Pemerintah Desa", "N_PETAK": "TKB350", "LUAS_HA": 0.50042694276, "PAKET": "Paket Sulawesi Selatan 13" }, "geometry": { "type": "MultiPolygon", "coordinates": [ [ [ [ 120.386285553335711, -2.704379944678635, 0.0 ], [ 120.386084733823509, -2.7048093565665, 0.0 ], [ 120.385677599941346, -2.704667860833069, 0.0 ], [ 120.385613928839803, -2.704650193651446, 0.0 ], [ 120.385550257738259, -2.70463252557056, 0.0 ], [ 120.385486586636716, -2.704614858388936, 0.0 ], [ 120.385422915535173, -2.704597192106689, 0.0 ], [ 120.38535924443363, -2.704579524925066, 0.0 ], [ 120.385295573332087, -2.704561857743499, 0.0 ], [ 120.385318077067609, -2.704494762023614, 0.0 ], [ 120.385340579903868, -2.704427666303729, 0.0 ], [ 120.385363083639504, -2.704360572382484, 0.0 ], [ 120.385385587375026, -2.704293476662542, 0.0 ], [ 120.385408090211286, -2.704226381841977, 0.0 ], [ 120.385430593047545, -2.704159287021412, 0.0 ], [ 120.38545309768233, -2.704092190402207, 0.0 ], [ 120.385522468686986, -2.704116170824591, 0.0 ], [ 120.385591839691756, -2.704140149448278, 0.0 ], [ 120.385661210696412, -2.704164129870662, 0.0 ], [ 120.385730581701068, -2.70418810849435, 0.0 ], [ 120.385799953604987, -2.704212088017414, 0.0 ], [ 120.385869324609757, -2.704236067540421, 0.0 ], [ 120.385938696513676, -2.704260046164165, 0.0 ], [ 120.38600806661907, -2.704284026586492, 0.0 ], [ 120.386077438522989, -2.704308005210237, 0.0 ], [ 120.386146809527645, -2.704331985632564, 0.0 ], [ 120.386216179633038, -2.704355963356988, 0.0 ], [ 120.386285553335711, -2.704379944678635, 0.0 ] ] ] ] } },
{ "type": "Feature", "properties": { "OBJECTID": 3455, "WADMPR": "Sulawesi Selatan", "WADMKK": "Kab. Luwu Utara", "WADMKC": "Kec. Malangke", "WADMKD": "Desa Tingkara", "POKTAN": "Gapoktan Anugrah Tingkara", "K_POKTAN": "H. Amirsalim", "P_SID": "Universitas Negeri Makassar", "NO_HP_1": null, "NAMA_PEMIL": "Pemerintah Desa", "N_PETAK": "TKB351", "LUAS_HA": 0.97197150156000001, "PAKET": "Paket Sulawesi Selatan 13" }, "geometry": { "type": "MultiPolygon", "coordinates": [ [ [ [ 120.389012975868241, -2.704669737718177, 0.0 ], [ 120.388570040874697, -2.704538071574689, 0.0 ], [ 120.388388176373269, -2.704490750147954, 0.0 ], [ 120.387342995083259, -2.704191706681854, 0.0 ], [ 120.387498068780928, -2.703748373288761, 0.0 ], [ 120.3891375391662, -2.704237400335728, 0.0 ], [ 120.389012975868241, -2.704669737718177, 0.0 ] ] ] ] } },
{ "type": "Feature", "properties": { "OBJECTID": 3456, "WADMPR": "Sulawesi Selatan", "WADMKK": "Kab. Luwu Utara", "WADMKC": "Kec. Malangke", "WADMKD": "Desa Tingkara", "POKTAN": "Gapoktan Anugrah Tingkara", "K_POKTAN": "H. Amirsalim", "P_SID": "Universitas Negeri Makassar", "NO_HP_1": null, "NAMA_PEMIL": "Pemerintah Desa", "N_PETAK": "TKB352", "LUAS_HA": 1.13713894798, "PAKET": "Paket Sulawesi Selatan 13" }, "geometry": { "type": "MultiPolygon", "coordinates": [ [ [ [ 120.387893447624606, -2.703340507358462, 0.0 ], [ 120.38829887729139, -2.703461273718744, 0.0 ], [ 120.388316860135092, -2.703417813980877, 0.0 ], [ 120.388649035524622, -2.703505139950209, 0.0 ], [ 120.389034461571214, -2.70361980261174, 0.0 ], [ 120.38939552318493, -2.703736030093694, 0.0 ], [ 120.389136198277015, -2.704230468361402, 0.0 ], [ 120.387498068780928, -2.703748373288761, 0.0 ], [ 120.38770222747587, -2.703286905066591, 0.0 ], [ 120.387893447624606, -2.703340507358462, 0.0 ] ] ] ] } },
{ "type": "Feature", "properties": { "OBJECTID": 3457, "WADMPR": "Sulawesi Selatan", "WADMKK": "Kab. Luwu Utara", "WADMKC": "Kec. Malangke", "WADMKD": "Desa Tingkara", "POKTAN": "Gapoktan Anugrah Tingkara", "K_POKTAN": "H. Amirsalim", "P_SID": "Universitas Negeri Makassar", "NO_HP_1": null, "NAMA_PEMIL": "Pemerintah Desa", "N_PETAK": "TKB353", "LUAS_HA": 0.1937665662, "PAKET": "Paket Sulawesi Selatan 13" }, "geometry": { "type": "MultiPolygon", "coordinates": [ [ [ [ 120.387996510830362, -2.705150961347726, 0.0 ], [ 120.388040502067611, -2.704902248439964, 0.0 ], [ 120.388112806660729, -2.704627287019605, 0.0 ], [ 120.388388176373269, -2.704490750147954, 0.0 ], [ 120.388248006240588, -2.705189066522166, 0.0 ], [ 120.387996510830362, -2.705150961347726, 0.0 ] ] ] ] } },
{ "type": "Feature", "properties": { "OBJECTID": 3458, "WADMPR": "Sulawesi Selatan", "WADMKK": "Kab. Luwu Utara", "WADMKC": "Kec. Malangke", "WADMKD": "Desa Tingkara", "POKTAN": "Gapoktan Anugrah Tingkara", "K_POKTAN": "H. Amirsalim", "P_SID": "Universitas Negeri Makassar", "NO_HP_1": null, "NAMA_PEMIL": "Pemerintah Desa", "N_PETAK": "TKB354", "LUAS_HA": 0.50457590839, "PAKET": "Paket Sulawesi Selatan 13" }, "geometry": { "type": "MultiPolygon", "coordinates": [ [ [ [ 120.386084733823509, -2.7048093565665, 0.0 ], [ 120.385810042199751, -2.705731466533905, 0.0 ], [ 120.385416945835459, -2.705643461576472, 0.0 ], [ 120.385435564499744, -2.705573774909737, 0.0 ], [ 120.385454182264766, -2.70550408914238, 0.0 ], [ 120.385472800029788, -2.705434403374966, 0.0 ], [ 120.385491418694073, -2.705364717607608, 0.0 ], [ 120.385510035559719, -2.705295031840194, 0.0 ], [ 120.38552865512338, -2.705225347871476, 0.0 ], [ 120.385547272888402, -2.705155661204742, 0.0 ], [ 120.385565890653425, -2.705085976336704, 0.0 ], [ 120.385584509317709, -2.70501628966997, 0.0 ], [ 120.385603126183355, -2.704946603902613, 0.0 ], [ 120.385621745747017, -2.704876917235879, 0.0 ], [ 120.385640363512039, -2.704807232367841, 0.0 ], [ 120.385658982176324, -2.704737545701107, 0.0 ], [ 120.385677599941346, -2.704667860833069, 0.0 ], [ 120.386084733823509, -2.7048093565665, 0.0 ] ] ] ] } },
{ "type": "Feature", "properties": { "OBJECTID": 3459, "WADMPR": "Sulawesi Selatan", "WADMKK": "Kab. Luwu Utara", "WADMKC": "Kec. Malangke", "WADMKD": "Desa Tingkara", "POKTAN": "Gapoktan Anugrah Tingkara", "K_POKTAN": "H. Amirsalim", "P_SID": "Universitas Negeri Makassar", "NO_HP_1": null, "NAMA_PEMIL": "Pemerintah Desa", "N_PETAK": "TKB355", "LUAS_HA": 1.5828374188500001, "PAKET": "Paket Sulawesi Selatan 13" }, "geometry": { "type": "MultiPolygon", "coordinates": [ [ [ [ 120.387126643379929, -2.704626912901688, 0.0 ], [ 120.386949222428711, -2.70514614997478, 0.0 ], [ 120.386658067815688, -2.705967763401532, 0.0 ], [ 120.385810042199751, -2.705731466533905, 0.0 ], [ 120.386084733823509, -2.7048093565665, 0.0 ], [ 120.386285553335711, -2.704379944678635, 0.0 ], [ 120.387126643379929, -2.704626912901688, 0.0 ] ] ] ] } },
{ "type": "Feature", "properties": { "OBJECTID": 3460, "WADMPR": "Sulawesi Selatan", "WADMKK": "Kab. Luwu Utara", "WADMKC": "Kec. Malangke", "WADMKD": "Desa Tingkara", "POKTAN": "Gapoktan Anugrah Tingkara", "K_POKTAN": "H. Amirsalim", "P_SID": "Universitas Negeri Makassar", "NO_HP_1": null, "NAMA_PEMIL": "Pemerintah Desa", "N_PETAK": "TKB356", "LUAS_HA": 0.35493853714000001, "PAKET": "Paket Sulawesi Selatan 13" }, "geometry": { "type": "MultiPolygon", "coordinates": [ [ [ [ 120.387527126775581, -2.705330333827817, 0.0 ], [ 120.387381580495571, -2.70581427970518, 0.0 ], [ 120.387303120043043, -2.705790115821117, 0.0 ], [ 120.386825141167378, -2.70564660110972, 0.0 ], [ 120.386828784320983, -2.705638858846214, 0.0 ], [ 120.386995353153111, -2.705164818101821, 0.0 ], [ 120.387527126775581, -2.705330333827817, 0.0 ] ] ] ] } },
{ "type": "Feature", "properties": { "OBJECTID": 3461, "WADMPR": "Sulawesi Selatan", "WADMKK": "Kab. Luwu Utara", "WADMKC": "Kec. Malangke", "WADMKD": "Desa Tingkara", "POKTAN": "Gapoktan Anugrah Tingkara", "K_POKTAN": "H. Amirsalim", "P_SID": "Universitas Negeri Makassar", "NO_HP_1": null, "NAMA_PEMIL": "Pemerintah Desa", "N_PETAK": "TKB357", "LUAS_HA": 0.27437460397000002, "PAKET": "Paket Sulawesi Selatan 13" }, "geometry": { "type": "MultiPolygon", "coordinates": [ [ [ [ 120.387926352019576, -2.705446133232442, 0.0 ], [ 120.387840533314034, -2.705940634452645, 0.0 ], [ 120.387381580495571, -2.70581427970518, 0.0 ], [ 120.387530030686435, -2.705331236747156, 0.0 ], [ 120.387926352019576, -2.705446133232442, 0.0 ] ] ] ] } },
{ "type": "Feature", "properties": { "OBJECTID": 3462, "WADMPR": "Sulawesi Selatan", "WADMKK": "Kab. Luwu Utara", "WADMKC": "Kec. Malangke", "WADMKD": "Desa Tingkara", "POKTAN": "Gapoktan Anugrah Tingkara", "K_POKTAN": "H. Amirsalim", "P_SID": "Universitas Negeri Makassar", "NO_HP_1": null, "NAMA_PEMIL": "Pemerintah Desa", "N_PETAK": "TKB358", "LUAS_HA": 0.26237428481000002, "PAKET": "Paket Sulawesi Selatan 13" }, "geometry": { "type": "MultiPolygon", "coordinates": [ [ [ [ 120.387381580495571, -2.70581427970518, 0.0 ], [ 120.387840533314034, -2.705940634452645, 0.0 ], [ 120.387821373257793, -2.706099358498534, 0.0 ], [ 120.38779619313982, -2.7063068419871, 0.0 ], [ 120.387218110727304, -2.706156234322691, 0.0 ], [ 120.387303120043043, -2.705790115821117, 0.0 ], [ 120.387381580495571, -2.70581427970518, 0.0 ] ] ] ] } },
{ "type": "Feature", "properties": { "OBJECTID": 3463, "WADMPR": "Sulawesi Selatan", "WADMKK": "Kab. Luwu Utara", "WADMKC": "Kec. Malangke", "WADMKD": "Desa Tingkara", "POKTAN": "Gapoktan Anugrah Tingkara", "K_POKTAN": "H. Amirsalim", "P_SID": "Universitas Negeri Makassar", "NO_HP_1": null, "NAMA_PEMIL": "Pemerintah Desa", "N_PETAK": "TKB359", "LUAS_HA": 0.2482463991, "PAKET": "Paket Sulawesi Selatan 13" }, "geometry": { "type": "MultiPolygon", "coordinates": [ [ [ [ 120.387303120043043, -2.705790115821117, 0.0 ], [ 120.387218110727304, -2.706156234322691, 0.0 ], [ 120.386689107916027, -2.706021361196804, 0.0 ], [ 120.386825141167378, -2.70564660110972, 0.0 ], [ 120.387303120043043, -2.705790115821117, 0.0 ] ] ] ] } },
{ "type": "Feature", "properties": { "OBJECTID": 3464, "WADMPR": "Sulawesi Selatan", "WADMKK": "Kab. Luwu Utara", "WADMKC": "Kec. Malangke", "WADMKD": "Desa Tingkara", "POKTAN": "Gapoktan Anugrah Tingkara", "K_POKTAN": "H. Amirsalim", "P_SID": "Universitas Negeri Makassar", "NO_HP_1": null, "NAMA_PEMIL": "Pemerintah Desa", "N_PETAK": "TKB360", "LUAS_HA": 0.32795926948999998, "PAKET": "Paket Sulawesi Selatan 13" }, "geometry": { "type": "MultiPolygon", "coordinates": [ [ [ [ 120.388570040874697, -2.704538071574689, 0.0 ], [ 120.388422143767002, -2.705488847432321, 0.0 ], [ 120.387946950091759, -2.705396276616852, 0.0 ], [ 120.387996510830362, -2.705150961347726, 0.0 ], [ 120.388248006240588, -2.705189066522166, 0.0 ], [ 120.388388176373269, -2.704490750147954, 0.0 ], [ 120.388570040874697, -2.704538071574689, 0.0 ] ] ] ] } },
{ "type": "Feature", "properties": { "OBJECTID": 3465, "WADMPR": "Sulawesi Selatan", "WADMKK": "Kab. Luwu Utara", "WADMKC": "Kec. Malangke", "WADMKD": "Desa Tingkara", "POKTAN": "Gapoktan Anugrah Tingkara", "K_POKTAN": "H. Amirsalim", "P_SID": "Universitas Negeri Makassar", "NO_HP_1": null, "NAMA_PEMIL": "Pemerintah Desa", "N_PETAK": "TKB361", "LUAS_HA": 0.54318064908999997, "PAKET": "Paket Sulawesi Selatan 13" }, "geometry": { "type": "MultiPolygon", "coordinates": [ [ [ [ 120.389012975868241, -2.704669737718177, 0.0 ], [ 120.388878848280342, -2.705602168305347, 0.0 ], [ 120.388505422787148, -2.705515388224512, 0.0 ], [ 120.388422951358166, -2.705489104638445, 0.0 ], [ 120.388570040874697, -2.704538071574689, 0.0 ], [ 120.389012975868241, -2.704669737718177, 0.0 ] ] ] ] } },
{ "type": "Feature", "properties": { "OBJECTID": 3466, "WADMPR": "Sulawesi Selatan", "WADMKK": "Kab. Luwu Utara", "WADMKC": "Kec. Malangke", "WADMKD": "Desa Tingkara", "POKTAN": "Gapoktan Anugrah Tingkara", "K_POKTAN": "H. Amirsalim", "P_SID": "Universitas Negeri Makassar", "NO_HP_1": null, "NAMA_PEMIL": "Pemerintah Desa", "N_PETAK": "TKB362", "LUAS_HA": 0.52320927453, "PAKET": "Paket Sulawesi Selatan 13" }, "geometry": { "type": "MultiPolygon", "coordinates": [ [ [ [ 120.388422143767002, -2.705488847432321, 0.0 ], [ 120.388422951358166, -2.705489104638445, 0.0 ], [ 120.388505422787148, -2.705515388224512, 0.0 ], [ 120.388375023788399, -2.706249708956875, 0.0 ], [ 120.387821373257793, -2.706099358498534, 0.0 ], [ 120.387840533314034, -2.705940634452645, 0.0 ], [ 120.387926352019576, -2.705446133232442, 0.0 ], [ 120.387946950091759, -2.705396276616852, 0.0 ], [ 120.388422143767002, -2.705488847432321, 0.0 ] ] ] ] } },
{ "type": "Feature", "properties": { "OBJECTID": 3467, "WADMPR": "Sulawesi Selatan", "WADMKK": "Kab. Luwu Utara", "WADMKC": "Kec. Malangke", "WADMKD": "Desa Tingkara", "POKTAN": "Gapoktan Anugrah Tingkara", "K_POKTAN": "H. Amirsalim", "P_SID": "Universitas Negeri Makassar", "NO_HP_1": null, "NAMA_PEMIL": "Pemerintah Desa", "N_PETAK": "TKB363", "LUAS_HA": 0.48422216549000002, "PAKET": "Paket Sulawesi Selatan 13" }, "geometry": { "type": "MultiPolygon", "coordinates": [ [ [ [ 120.388878848280342, -2.705602168305347, 0.0 ], [ 120.389013398549537, -2.705640975850315, 0.0 ], [ 120.388885470887885, -2.706382504648843, 0.0 ], [ 120.388375129009091, -2.706249735936524, 0.0 ], [ 120.388505422787148, -2.705515388224512, 0.0 ], [ 120.388878848280342, -2.705602168305347, 0.0 ] ] ] ] } },
{ "type": "Feature", "properties": { "OBJECTID": 3468, "WADMPR": "Sulawesi Selatan", "WADMKK": "Kab. Luwu Utara", "WADMKC": "Kec. Malangke", "WADMKD": "Desa Tingkara", "POKTAN": "Gapoktan Anugrah Tingkara", "K_POKTAN": "H. Amirsalim", "P_SID": "Universitas Negeri Makassar", "NO_HP_1": null, "NAMA_PEMIL": "Pemerintah Desa", "N_PETAK": "TKB364", "LUAS_HA": 0.66552234925999998, "PAKET": "Paket Sulawesi Selatan 13" }, "geometry": { "type": "MultiPolygon", "coordinates": [ [ [ [ 120.389668069925506, -2.705808453896964, 0.0 ], [ 120.389650337992748, -2.706532437821693, 0.0 ], [ 120.389282530564401, -2.706485486016334, 0.0 ], [ 120.388885470887885, -2.706382504648843, 0.0 ], [ 120.389013398549537, -2.705640975850315, 0.0 ], [ 120.389668069925506, -2.705808453896964, 0.0 ] ] ] ] } },
{ "type": "Feature", "properties": { "OBJECTID": 3469, "WADMPR": "Sulawesi Selatan", "WADMKK": "Kab. Luwu Utara", "WADMKC": "Kec. Malangke", "WADMKD": "Desa Tingkara", "POKTAN": "Gapoktan Anugrah Tingkara", "K_POKTAN": "H. Amirsalim", "P_SID": "Universitas Negeri Makassar", "NO_HP_1": null, "NAMA_PEMIL": "Pemerintah Desa", "N_PETAK": "TKB365", "LUAS_HA": 0.90039205114999998, "PAKET": "Paket Sulawesi Selatan 13" }, "geometry": { "type": "MultiPolygon", "coordinates": [ [ [ [ 120.389742668689223, -2.704872435914126, 0.0 ], [ 120.389668069925506, -2.705808453896964, 0.0 ], [ 120.389013398549537, -2.705640975850315, 0.0 ], [ 120.388878848280342, -2.705602168305347, 0.0 ], [ 120.389012975868241, -2.704669737718177, 0.0 ], [ 120.389742668689223, -2.704872435914126, 0.0 ] ] ] ] } },
{ "type": "Feature", "properties": { "OBJECTID": 3470, "WADMPR": "Sulawesi Selatan", "WADMKK": "Kab. Luwu Utara", "WADMKC": "Kec. Malangke", "WADMKD": "Desa Tingkara", "POKTAN": "Gapoktan Anugrah Tingkara", "K_POKTAN": "H. Amirsalim", "P_SID": "Universitas Negeri Makassar", "NO_HP_1": null, "NAMA_PEMIL": "Pemerintah Desa", "N_PETAK": "TKB366", "LUAS_HA": 0.99787850103999998, "PAKET": "Paket Sulawesi Selatan 13" }, "geometry": { "type": "MultiPolygon", "coordinates": [ [ [ [ 120.390135552813604, -2.703955738966158, 0.0 ], [ 120.390028424672096, -2.704300570514874, 0.0 ], [ 120.389922367623285, -2.704641954062879, 0.0 ], [ 120.389835035358601, -2.704895251714447, 0.0 ], [ 120.389742668689223, -2.704872435914126, 0.0 ], [ 120.389012975868241, -2.704669737718177, 0.0 ], [ 120.38939552318493, -2.703736030093694, 0.0 ], [ 120.390135552813604, -2.703955738966158, 0.0 ] ] ] ] } },
{ "type": "Feature", "properties": { "OBJECTID": 3471, "WADMPR": "Sulawesi Selatan", "WADMKK": "Kab. Luwu Utara", "WADMKC": "Kec. Malangke", "WADMKD": "Desa Tingkara", "POKTAN": "Gapoktan Anugrah Tingkara", "K_POKTAN": "H. Amirsalim", "P_SID": "Universitas Negeri Makassar", "NO_HP_1": null, "NAMA_PEMIL": "Pemerintah Desa", "N_PETAK": "TKB367", "LUAS_HA": 0.20128568634, "PAKET": "Paket Sulawesi Selatan 13" }, "geometry": { "type": "MultiPolygon", "coordinates": [ [ [ [ 120.388097100900495, -2.702122448492162, 0.0 ], [ 120.387653454543397, -2.703269084100896, 0.0 ], [ 120.387606773433959, -2.703254778585119, 0.0 ], [ 120.387739559233296, -2.702661744044178, 0.0 ], [ 120.387843081093365, -2.702255823347514, 0.0 ], [ 120.38788864614412, -2.702083068978425, 0.0 ], [ 120.388097100900495, -2.702122448492162, 0.0 ] ] ] ] } },
{ "type": "Feature", "properties": { "OBJECTID": 3472, "WADMPR": "Sulawesi Selatan", "WADMKK": "Kab. Luwu Utara", "WADMKC": "Kec. Malangke", "WADMKD": "Desa Tingkara", "POKTAN": "Gapoktan Anugrah Tingkara", "K_POKTAN": "H. Amirsalim", "P_SID": "Universitas Negeri Makassar", "NO_HP_1": null, "NAMA_PEMIL": "Pemerintah Desa", "N_PETAK": "TKB368", "LUAS_HA": 0.53293000002000002, "PAKET": "Paket Sulawesi Selatan 13" }, "geometry": { "type": "MultiPolygon", "coordinates": [ [ [ [ 120.388662339195662, -2.702571701223007, 0.0 ], [ 120.388316860135092, -2.703417813980877, 0.0 ], [ 120.38829887729139, -2.703461273718744, 0.0 ], [ 120.387893447624606, -2.703340507358462, 0.0 ], [ 120.388222870189338, -2.702410128124882, 0.0 ], [ 120.388662339195662, -2.702571701223007, 0.0 ] ] ] ] } },
{ "type": "Feature", "properties": { "OBJECTID": 3473, "WADMPR": "Sulawesi Selatan", "WADMKK": "Kab. Luwu Utara", "WADMKC": "Kec. Malangke", "WADMKD": "Desa Tingkara", "POKTAN": "Gapoktan Anugrah Tingkara", "K_POKTAN": "H. Amirsalim", "P_SID": "Universitas Negeri Makassar", "NO_HP_1": null, "NAMA_PEMIL": "Pemerintah Desa", "N_PETAK": "TKB369", "LUAS_HA": 0.47925924262000003, "PAKET": "Paket Sulawesi Selatan 13" }, "geometry": { "type": "MultiPolygon", "coordinates": [ [ [ [ 120.38910516716976, -2.702607812600434, 0.0 ], [ 120.388649035524622, -2.703505139950209, 0.0 ], [ 120.388316860135092, -2.703417813980877, 0.0 ], [ 120.388712241676672, -2.702451299088125, 0.0 ], [ 120.38910516716976, -2.702607812600434, 0.0 ] ] ] ] } },
{ "type": "Feature", "properties": { "OBJECTID": 3474, "WADMPR": "Sulawesi Selatan", "WADMKK": "Kab. Luwu Utara", "WADMKC": "Kec. Malangke", "WADMKD": "Desa Tingkara", "POKTAN": "Gapoktan Anugrah Tingkara", "K_POKTAN": "H. Amirsalim", "P_SID": "Universitas Negeri Makassar", "NO_HP_1": null, "NAMA_PEMIL": "Pemerintah Desa", "N_PETAK": "TKB370", "LUAS_HA": 0.51608103561999996, "PAKET": "Paket Sulawesi Selatan 13" }, "geometry": { "type": "MultiPolygon", "coordinates": [ [ [ [ 120.389528217253542, -2.702788232790681, 0.0 ], [ 120.389526836794175, -2.702787690499463, 0.0 ], [ 120.389034461571214, -2.70361980261174, 0.0 ], [ 120.388649035524622, -2.703505139950209, 0.0 ], [ 120.38910516716976, -2.702607812600434, 0.0 ], [ 120.389530265909116, -2.702784783890593, 0.0 ], [ 120.389528217253542, -2.702788232790681, 0.0 ] ] ] ] } },
{ "type": "Feature", "properties": { "OBJECTID": 3475, "WADMPR": "Sulawesi Selatan", "WADMKK": "Kab. Luwu Utara", "WADMKC": "Kec. Malangke", "WADMKD": "Desa Tingkara", "POKTAN": "Gapoktan Anugrah Tingkara", "K_POKTAN": "H. Amirsalim", "P_SID": "Universitas Negeri Makassar", "NO_HP_1": null, "NAMA_PEMIL": "Pemerintah Desa", "N_PETAK": "TKB371", "LUAS_HA": 0.4930245494, "PAKET": "Paket Sulawesi Selatan 13" }, "geometry": { "type": "MultiPolygon", "coordinates": [ [ [ [ 120.389528217253542, -2.702788232790681, 0.0 ], [ 120.389971150448332, -2.702962175164203, 0.0 ], [ 120.38939552318493, -2.703736030093694, 0.0 ], [ 120.389034461571214, -2.70361980261174, 0.0 ], [ 120.389526836794175, -2.702787690499463, 0.0 ], [ 120.389528217253542, -2.702788232790681, 0.0 ] ] ] ] } },
{ "type": "Feature", "properties": { "OBJECTID": 3476, "WADMPR": "Sulawesi Selatan", "WADMKK": "Kab. Luwu Utara", "WADMKC": "Kec. Malangke", "WADMKD": "Desa Tingkara", "POKTAN": "Gapoktan Anugrah Tingkara", "K_POKTAN": "H. Amirsalim", "P_SID": "Universitas Negeri Makassar", "NO_HP_1": null, "NAMA_PEMIL": "Pemerintah Desa", "N_PETAK": "TKB372", "LUAS_HA": 1.08857868655, "PAKET": "Paket Sulawesi Selatan 13" }, "geometry": { "type": "MultiPolygon", "coordinates": [ [ [ [ 120.391064172073925, -2.703292680512732, 0.0 ], [ 120.390982856273808, -2.703349254164721, 0.0 ], [ 120.390749205211705, -2.703511533230653, 0.0 ], [ 120.390490284099428, -2.703695628950072, 0.0 ], [ 120.390410516931865, -2.703668802173411, 0.0 ], [ 120.390135552813604, -2.703955738966158, 0.0 ], [ 120.38939552318493, -2.703736030093694, 0.0 ], [ 120.389971150448332, -2.702962175164203, 0.0 ], [ 120.390382110046403, -2.703136003323834, 0.0 ], [ 120.390508622175275, -2.702971632434867, 0.0 ], [ 120.391064172073925, -2.703292680512732, 0.0 ] ] ] ] } },
{ "type": "Feature", "properties": { "OBJECTID": 3477, "WADMPR": "Sulawesi Selatan", "WADMKK": "Kab. Luwu Utara", "WADMKC": "Kec. Malangke", "WADMKD": "Desa Tingkara", "POKTAN": "Gapoktan Anugrah Tingkara", "K_POKTAN": "H. Amirsalim", "P_SID": "Universitas Negeri Makassar", "NO_HP_1": null, "NAMA_PEMIL": "Pemerintah Desa", "N_PETAK": "TKB373", "LUAS_HA": 0.60141909648000003, "PAKET": "Paket Sulawesi Selatan 13" }, "geometry": { "type": "MultiPolygon", "coordinates": [ [ [ [ 120.391178796964027, -2.704680752614593, 0.0 ], [ 120.391095858786912, -2.705108440502102, 0.0 ], [ 120.389922367623285, -2.704641954062879, 0.0 ], [ 120.390030208027724, -2.704301161369472, 0.0 ], [ 120.390031533628417, -2.70429697322669, 0.0 ], [ 120.391178796964027, -2.704680752614593, 0.0 ] ] ] ] } },
{ "type": "Feature", "properties": { "OBJECTID": 3478, "WADMPR": "Sulawesi Selatan", "WADMKK": "Kab. Luwu Utara", "WADMKC": "Kec. Malangke", "WADMKD": "Desa Tingkara", "POKTAN": "Gapoktan Anugrah Tingkara", "K_POKTAN": "H. Amirsalim", "P_SID": "Universitas Negeri Makassar", "NO_HP_1": null, "NAMA_PEMIL": "Pemerintah Desa", "N_PETAK": "TKB374", "LUAS_HA": 1.03794336142, "PAKET": "Paket Sulawesi Selatan 13" }, "geometry": { "type": "MultiPolygon", "coordinates": [ [ [ [ 120.390490284099428, -2.703695628950072, 0.0 ], [ 120.391458284672126, -2.704030363810205, 0.0 ], [ 120.391208768669799, -2.704518905223267, 0.0 ], [ 120.391178796964027, -2.704680752614593, 0.0 ], [ 120.390031533628417, -2.70429697322669, 0.0 ], [ 120.390030208027724, -2.704301161369472, 0.0 ], [ 120.390028424672096, -2.704300570514874, 0.0 ], [ 120.390135552813604, -2.703955738966158, 0.0 ], [ 120.390410516931865, -2.703668802173411, 0.0 ], [ 120.390490284099428, -2.703695628950072, 0.0 ] ] ] ] } },
{ "type": "Feature", "properties": { "OBJECTID": 3479, "WADMPR": "Sulawesi Selatan", "WADMKK": "Kab. Luwu Utara", "WADMKC": "Kec. Malangke", "WADMKD": "Desa Tingkara", "POKTAN": "Gapoktan Anugrah Tingkara", "K_POKTAN": "H. Amirsalim", "P_SID": "Universitas Negeri Makassar", "NO_HP_1": null, "NAMA_PEMIL": "Pemerintah Desa", "N_PETAK": "TKB375", "LUAS_HA": 0.32263251309000002, "PAKET": "Paket Sulawesi Selatan 13" }, "geometry": { "type": "MultiPolygon", "coordinates": [ [ [ [ 120.391614138082105, -2.70377785126675, 0.0 ], [ 120.391458284672126, -2.704030363810205, 0.0 ], [ 120.390490284099428, -2.703695628950072, 0.0 ], [ 120.390749205211705, -2.703511533230653, 0.0 ], [ 120.391614138082105, -2.70377785126675, 0.0 ] ] ] ] } },
{ "type": "Feature", "properties": { "OBJECTID": 3480, "WADMPR": "Sulawesi Selatan", "WADMKK": "Kab. Luwu Utara", "WADMKC": "Kec. Malangke", "WADMKD": "Desa Tingkara", "POKTAN": "Gapoktan Anugrah Tingkara", "K_POKTAN": "H. Amirsalim", "P_SID": "Universitas Negeri Makassar", "NO_HP_1": null, "NAMA_PEMIL": "Pemerintah Desa", "N_PETAK": "TKB376", "LUAS_HA": 0.26508311703999998, "PAKET": "Paket Sulawesi Selatan 13" }, "geometry": { "type": "MultiPolygon", "coordinates": [ [ [ [ 120.391614138082105, -2.70377785126675, 0.0 ], [ 120.390749205211705, -2.703511533230653, 0.0 ], [ 120.390982856273808, -2.703349254164721, 0.0 ], [ 120.39155793674945, -2.703531428032932, 0.0 ], [ 120.39165421906705, -2.70340217746849, 0.0 ], [ 120.391832932343959, -2.703376977565426, 0.0 ], [ 120.391614138082105, -2.70377785126675, 0.0 ] ] ] ] } },
{ "type": "Feature", "properties": { "OBJECTID": 3481, "WADMPR": "Sulawesi Selatan", "WADMKK": "Kab. Luwu Utara", "WADMKC": "Kec. Malangke", "WADMKD": "Desa Tingkara", "POKTAN": "Gapoktan Anugrah Tingkara", "K_POKTAN": "H. Amirsalim", "P_SID": "Universitas Negeri Makassar", "NO_HP_1": null, "NAMA_PEMIL": "Pemerintah Desa", "N_PETAK": "TKB377", "LUAS_HA": 3.27849280501, "PAKET": "Paket Sulawesi Selatan 13" }, "geometry": { "type": "MultiPolygon", "coordinates": [ [ [ [ 120.391724983121549, -2.702831099875311, 0.0 ], [ 120.391600800236802, -2.702988563071699, 0.0 ], [ 120.391429611587341, -2.703141699629668, 0.0 ], [ 120.391243395266542, -2.703251351268818, 0.0 ], [ 120.391064172073925, -2.703292680512732, 0.0 ], [ 120.390508622175275, -2.702971632434867, 0.0 ], [ 120.390382110046403, -2.703136003323834, 0.0 ], [ 120.389971150448332, -2.702962175164203, 0.0 ], [ 120.38910516716976, -2.702607812600434, 0.0 ], [ 120.388712241676672, -2.702451299088125, 0.0 ], [ 120.388662339195662, -2.702571701223007, 0.0 ], [ 120.388222870189338, -2.702410128124882, 0.0 ], [ 120.388258884440006, -2.702218389966674, 0.0 ], [ 120.388542324668606, -2.701572394350478, 0.0 ], [ 120.388452257565746, -2.701483602486235, 0.0 ], [ 120.388478588815929, -2.701410819453713, 0.0 ], [ 120.391724983121549, -2.702831099875311, 0.0 ] ] ] ] } },
{ "type": "Feature", "properties": { "OBJECTID": 3482, "WADMPR": "Sulawesi Selatan", "WADMKK": "Kab. Luwu Utara", "WADMKC": "Kec. Malangke", "WADMKD": "Desa Tingkara", "POKTAN": "Gapoktan Anugrah Tingkara", "K_POKTAN": "H. Amirsalim", "P_SID": "Universitas Negeri Makassar", "NO_HP_1": null, "NAMA_PEMIL": "Pemerintah Desa", "N_PETAK": "TKB378", "LUAS_HA": 4.2996091074700002, "PAKET": "Paket Sulawesi Selatan 13" }, "geometry": { "type": "MultiPolygon", "coordinates": [ [ [ [ 120.38964040318217, -2.700831882685179, 0.0 ], [ 120.390155918860614, -2.701079650405518, 0.0 ], [ 120.390515581129193, -2.701269472108379, 0.0 ], [ 120.390965159414691, -2.701483270636402, 0.0 ], [ 120.391412239383385, -2.701701065751536, 0.0 ], [ 120.392303593436168, -2.702130823878349, 0.0 ], [ 120.392305160954493, -2.702131580208231, 0.0 ], [ 120.391724983121549, -2.702831099875311, 0.0 ], [ 120.388478588815929, -2.701410819453713, 0.0 ], [ 120.388852145610144, -2.700481986154671, 0.0 ], [ 120.38964040318217, -2.700831882685179, 0.0 ] ] ] ] } },
{ "type": "Feature", "properties": { "OBJECTID": 3483, "WADMPR": "Sulawesi Selatan", "WADMKK": "Kab. Luwu Utara", "WADMKC": "Kec. Malangke", "WADMKD": "Desa Tingkara", "POKTAN": "Gapoktan Anugrah Tingkara", "K_POKTAN": "H. Amirsalim", "P_SID": "Universitas Negeri Makassar", "NO_HP_1": null, "NAMA_PEMIL": "Pemerintah Desa", "N_PETAK": "TKB379", "LUAS_HA": 2.341832854, "PAKET": "Paket Sulawesi Selatan 13" }, "geometry": { "type": "MultiPolygon", "coordinates": [ [ [ [ 120.391095858786912, -2.705108440502102, 0.0 ], [ 120.391022411155404, -2.705375692933842, 0.0 ], [ 120.390791028183457, -2.706058632699694, 0.0 ], [ 120.390469404539431, -2.705918708081867, 0.0 ], [ 120.390256082652172, -2.706506140745773, 0.0 ], [ 120.390161263531581, -2.706558113466144, 0.0 ], [ 120.390074986171726, -2.706586282031253, 0.0 ], [ 120.390018499753978, -2.706628566355221, 0.0 ], [ 120.389996768536093, -2.706684280255274, 0.0 ], [ 120.389982483704671, -2.706720904246311, 0.0 ], [ 120.389749254424601, -2.706678373508112, 0.0 ], [ 120.389710017003722, -2.706825234596863, 0.0 ], [ 120.389597262703546, -2.706796446398812, 0.0 ], [ 120.389650337992748, -2.706532437821693, 0.0 ], [ 120.389668069925506, -2.705808453896964, 0.0 ], [ 120.389742668689223, -2.704872435914126, 0.0 ], [ 120.389835035358601, -2.704895251714447, 0.0 ], [ 120.389922367623285, -2.704641954062879, 0.0 ], [ 120.391095858786912, -2.705108440502102, 0.0 ] ] ] ] } },
{ "type": "Feature", "properties": { "OBJECTID": 3484, "WADMPR": "Sulawesi Selatan", "WADMKK": "Kab. Luwu Utara", "WADMKC": "Kec. Malangke", "WADMKD": "Desa Tingkara", "POKTAN": "Gapoktan Anugrah Tingkara", "K_POKTAN": "H. Amirsalim", "P_SID": "Universitas Negeri Makassar", "NO_HP_1": null, "NAMA_PEMIL": "Pemerintah Desa", "N_PETAK": "TKB380", "LUAS_HA": 0.50209161248, "PAKET": "Paket Sulawesi Selatan 13" }, "geometry": { "type": "MultiPolygon", "coordinates": [ [ [ [ 120.388375023788399, -2.706249708956875, 0.0 ], [ 120.388375129009091, -2.706249735936524, 0.0 ], [ 120.388885470887885, -2.706382504648843, 0.0 ], [ 120.389282530564401, -2.706485486016334, 0.0 ], [ 120.389650337992748, -2.706532437821693, 0.0 ], [ 120.389596093584942, -2.706798628154104, 0.0 ], [ 120.38779619313982, -2.7063068419871, 0.0 ], [ 120.387821373257793, -2.706099358498534, 0.0 ], [ 120.388375023788399, -2.706249708956875, 0.0 ] ] ] ] } },
{ "type": "Feature", "properties": { "OBJECTID": 3485, "WADMPR": "Sulawesi Selatan", "WADMKK": "Kab. Luwu Utara", "WADMKC": "Kec. Malangke", "WADMKD": "Desa Tingkara", "POKTAN": "Gapoktan Anugrah Tingkara", "K_POKTAN": "H. Amirsalim", "P_SID": "Universitas Negeri Makassar", "NO_HP_1": null, "NAMA_PEMIL": "Pemerintah Desa", "N_PETAK": "TKB381", "LUAS_HA": 0.30353119353000002, "PAKET": "Paket Sulawesi Selatan 13" }, "geometry": { "type": "MultiPolygon", "coordinates": [ [ [ [ 120.384733980888541, -2.70251681110193, 0.0 ], [ 120.384684586524486, -2.702906073656322, 0.0 ], [ 120.384671175834114, -2.702943199469019, 0.0 ], [ 120.384604171845126, -2.702939481671706, 0.0 ], [ 120.384586938136749, -2.702996800861627, 0.0 ], [ 120.384148329781624, -2.702842956537154, 0.0 ], [ 120.384306510636975, -2.702364643113754, 0.0 ], [ 120.38436757820125, -2.702386381526253, 0.0 ], [ 120.384428644866148, -2.702408119039433, 0.0 ], [ 120.384489712430309, -2.702429857451932, 0.0 ], [ 120.384550779994584, -2.702451596763751, 0.0 ], [ 120.384611846659482, -2.702473335176251, 0.0 ], [ 120.38467291332438, -2.70249507268943, 0.0 ], [ 120.384733980888541, -2.70251681110193, 0.0 ] ] ] ] } },
{ "type": "Feature", "properties": { "OBJECTID": 3486, "WADMPR": "Sulawesi Selatan", "WADMKK": "Kab. Luwu Utara", "WADMKC": "Kec. Malangke", "WADMKD": "Desa Tingkara", "POKTAN": "Gapoktan Anugrah Tingkara", "K_POKTAN": "H. Amirsalim", "P_SID": "Universitas Negeri Makassar", "NO_HP_1": null, "NAMA_PEMIL": "Pemerintah Desa", "N_PETAK": "TKB382", "LUAS_HA": 0.26080558533999998, "PAKET": "Paket Sulawesi Selatan 13" }, "geometry": { "type": "MultiPolygon", "coordinates": [ [ [ [ 120.384586938136749, -2.702996800861627, 0.0 ], [ 120.384457273884095, -2.703428081540665, 0.0 ], [ 120.384392539783903, -2.703404948279683, 0.0 ], [ 120.384327806583087, -2.703381814119382, 0.0 ], [ 120.384263073382158, -2.703358679059761, 0.0 ], [ 120.384198340181342, -2.703335544899403, 0.0 ], [ 120.384133606980413, -2.703312410739102, 0.0 ], [ 120.384068873779597, -2.70328927747812, 0.0 ], [ 120.384004141478044, -2.703266142418499, 0.0 ], [ 120.384148329781624, -2.702842956537154, 0.0 ], [ 120.384586938136749, -2.702996800861627, 0.0 ] ] ] ] } },
{ "type": "Feature", "properties": { "OBJECTID": 3487, "WADMPR": "Sulawesi Selatan", "WADMKK": "Kab. Luwu Utara", "WADMKC": "Kec. Malangke", "WADMKD": "Desa Tingkara", "POKTAN": "Gapoktan Anugrah Tingkara", "K_POKTAN": "H. Amirsalim", "P_SID": "Universitas Negeri Makassar", "NO_HP_1": null, "NAMA_PEMIL": "Pemerintah Desa", "N_PETAK": "TKB383", "LUAS_HA": 0.54724511167000001, "PAKET": "Paket Sulawesi Selatan 13" }, "geometry": { "type": "MultiPolygon", "coordinates": [ [ [ [ 120.386524876421959, -2.706069502805235, 0.0 ], [ 120.386524071528697, -2.706069252793725, 0.0 ], [ 120.386494213137439, -2.706144967616126, 0.0 ], [ 120.386290562559452, -2.706117055357765, 0.0 ], [ 120.386165683599529, -2.706358398321356, 0.0 ], [ 120.386164517178827, -2.706372549153798, 0.0 ], [ 120.386159602383827, -2.70637392241855, 0.0 ], [ 120.386086904786907, -2.706385654074609, 0.0 ], [ 120.385929267122037, -2.706766671644516, 0.0 ], [ 120.385504430085462, -2.706621065110028, 0.0 ], [ 120.385526471569506, -2.706561047953926, 0.0 ], [ 120.385548512154173, -2.70650103259652, 0.0 ], [ 120.385570552738841, -2.706441015440475, 0.0 ], [ 120.385592592424246, -2.70638100098239, 0.0 ], [ 120.385614633008913, -2.706320982926968, 0.0 ], [ 120.385636673593694, -2.706260967569563, 0.0 ], [ 120.385737990316102, -2.70584834872227, 0.0 ], [ 120.386525962803034, -2.706065968469602, 0.0 ], [ 120.386524876421959, -2.706069502805235, 0.0 ] ] ] ] } },
{ "type": "Feature", "properties": { "OBJECTID": 3488, "WADMPR": "Sulawesi Selatan", "WADMKK": "Kab. Luwu Utara", "WADMKC": "Kec. Malangke", "WADMKD": "Desa Tingkara", "POKTAN": "Gapoktan Anugrah Tingkara", "K_POKTAN": "H. Amirsalim", "P_SID": "Universitas Negeri Makassar", "NO_HP_1": null, "NAMA_PEMIL": "Pemerintah Desa", "N_PETAK": "TKB384", "LUAS_HA": 0.34214612206, "PAKET": "Paket Sulawesi Selatan 13" }, "geometry": { "type": "MultiPolygon", "coordinates": [ [ [ [ 120.386524876421959, -2.706069502805235, 0.0 ], [ 120.386596492134458, -2.706091796998805, 0.0 ], [ 120.386466227134747, -2.706509095918022, 0.0 ], [ 120.386308379028492, -2.706910423777003, 0.0 ], [ 120.385929267122037, -2.706766671644516, 0.0 ], [ 120.386093738735099, -2.706392335138105, 0.0 ], [ 120.386159602383827, -2.70637392241855, 0.0 ], [ 120.386164517178827, -2.706372549153798, 0.0 ], [ 120.386169057855795, -2.706371280210362, 0.0 ], [ 120.386289844001112, -2.706124815607723, 0.0 ], [ 120.386493532350755, -2.706146693415121, 0.0 ], [ 120.386494213137439, -2.706144967616126, 0.0 ], [ 120.386524071528697, -2.706069252793725, 0.0 ], [ 120.386524876421959, -2.706069502805235, 0.0 ] ] ] ] } },
{ "type": "Feature", "properties": { "OBJECTID": 3489, "WADMPR": "Sulawesi Selatan", "WADMKK": "Kab. Luwu Utara", "WADMKC": "Kec. Malangke", "WADMKD": "Desa Tingkara", "POKTAN": "Gapoktan Anugrah Tingkara", "K_POKTAN": "H. Amirsalim", "P_SID": "Universitas Negeri Makassar", "NO_HP_1": null, "NAMA_PEMIL": "Pemerintah Desa", "N_PETAK": "TKB385", "LUAS_HA": 0.11453244304, "PAKET": "Paket Sulawesi Selatan 13" }, "geometry": { "type": "MultiPolygon", "coordinates": [ [ [ [ 120.386775977929119, -2.706127137657234, 0.0 ], [ 120.386706266081433, -2.706557873347151, 0.0 ], [ 120.386466227134747, -2.706509095918022, 0.0 ], [ 120.386596492134458, -2.706091796998805, 0.0 ], [ 120.386775977929119, -2.706127137657234, 0.0 ] ] ] ] } },
{ "type": "Feature", "properties": { "OBJECTID": 3490, "WADMPR": "Sulawesi Selatan", "WADMKK": "Kab. Luwu Utara", "WADMKC": "Kec. Malangke", "WADMKD": "Desa Tingkara", "POKTAN": "Gapoktan Anugrah Tingkara", "K_POKTAN": "H. Amirsalim", "P_SID": "Universitas Negeri Makassar", "NO_HP_1": null, "NAMA_PEMIL": "Pemerintah Desa", "N_PETAK": "TKB386", "LUAS_HA": 0.16149168762, "PAKET": "Paket Sulawesi Selatan 13" }, "geometry": { "type": "MultiPolygon", "coordinates": [ [ [ [ 120.386706266081433, -2.706557873347151, 0.0 ], [ 120.386704631113844, -2.706567973633014, 0.0 ], [ 120.386636500274335, -2.707018533078781, 0.0 ], [ 120.386308379028492, -2.706910423777003, 0.0 ], [ 120.386466227134747, -2.706509095918022, 0.0 ], [ 120.386706266081433, -2.706557873347151, 0.0 ] ] ] ] } },
{ "type": "Feature", "properties": { "OBJECTID": 3491, "WADMPR": "Sulawesi Selatan", "WADMKK": "Kab. Luwu Utara", "WADMKC": "Kec. Malangke", "WADMKD": "Desa Tingkara", "POKTAN": "Gapoktan Anugrah Tingkara", "K_POKTAN": "H. Amirsalim", "P_SID": "Universitas Negeri Makassar", "NO_HP_1": null, "NAMA_PEMIL": "Pemerintah Desa", "N_PETAK": "TKB387", "LUAS_HA": 0.46410790047, "PAKET": "Paket Sulawesi Selatan 13" }, "geometry": { "type": "MultiPolygon", "coordinates": [ [ [ [ 120.385862191187243, -2.706744939527312, 0.0 ], [ 120.385693770651073, -2.707682397324731, 0.0 ], [ 120.385315129090031, -2.707586090725442, 0.0 ], [ 120.38548935385063, -2.706616768149274, 0.0 ], [ 120.385862191187243, -2.706744939527312, 0.0 ] ] ] ] } },
{ "type": "Feature", "properties": { "OBJECTID": 3492, "WADMPR": "Sulawesi Selatan", "WADMKK": "Kab. Luwu Utara", "WADMKC": "Kec. Malangke", "WADMKD": "Desa Tingkara", "POKTAN": "Gapoktan Anugrah Tingkara", "K_POKTAN": "H. Amirsalim", "P_SID": "Universitas Negeri Makassar", "NO_HP_1": null, "NAMA_PEMIL": "Pemerintah Desa", "N_PETAK": "TKB388", "LUAS_HA": 1.00597549611, "PAKET": "Paket Sulawesi Selatan 13" }, "geometry": { "type": "MultiPolygon", "coordinates": [ [ [ [ 120.385929267122037, -2.706766671644516, 0.0 ], [ 120.386308379028492, -2.706910423777003, 0.0 ], [ 120.386636500274335, -2.707018533078781, 0.0 ], [ 120.386725168931434, -2.707040819178417, 0.0 ], [ 120.386557041574292, -2.707910507663769, 0.0 ], [ 120.385693770651073, -2.707682397324731, 0.0 ], [ 120.385862191187243, -2.706744939527312, 0.0 ], [ 120.385929267122037, -2.706766671644516, 0.0 ] ] ] ] } },
{ "type": "Feature", "properties": { "OBJECTID": 3493, "WADMPR": "Sulawesi Selatan", "WADMKK": "Kab. Luwu Utara", "WADMKC": "Kec. Malangke", "WADMKD": "Desa Tingkara", "POKTAN": "Gapoktan Anugrah Tingkara", "K_POKTAN": "H. Amirsalim", "P_SID": "Universitas Negeri Makassar", "NO_HP_1": null, "NAMA_PEMIL": "Pemerintah Desa", "N_PETAK": "TKB389", "LUAS_HA": 0.5743618104, "PAKET": "Paket Sulawesi Selatan 13" }, "geometry": { "type": "MultiPolygon", "coordinates": [ [ [ [ 120.387224130789036, -2.707176892899213, 0.0 ], [ 120.387068343928945, -2.708063905924462, 0.0 ], [ 120.386557041574292, -2.707910507663769, 0.0 ], [ 120.386725168931434, -2.707040819178417, 0.0 ], [ 120.387224130789036, -2.707176892899213, 0.0 ] ] ] ] } },
{ "type": "Feature", "properties": { "OBJECTID": 3494, "WADMPR": "Sulawesi Selatan", "WADMKK": "Kab. Luwu Utara", "WADMKC": "Kec. Malangke", "WADMKD": "Desa Tingkara", "POKTAN": "Gapoktan Anugrah Tingkara", "K_POKTAN": "H. Amirsalim", "P_SID": "Universitas Negeri Makassar", "NO_HP_1": null, "NAMA_PEMIL": "Pemerintah Desa", "N_PETAK": "TKB390", "LUAS_HA": 0.44465327368000002, "PAKET": "Paket Sulawesi Selatan 13" }, "geometry": { "type": "MultiPolygon", "coordinates": [ [ [ [ 120.387604341667043, -2.707268525721815, 0.0 ], [ 120.387466837124862, -2.708159161216258, 0.0 ], [ 120.387465443175756, -2.708168185912996, 0.0 ], [ 120.387068343928945, -2.708063905924462, 0.0 ], [ 120.387224130789036, -2.707176892899213, 0.0 ], [ 120.387604341667043, -2.707268525721815, 0.0 ] ] ] ] } },
{ "type": "Feature", "properties": { "OBJECTID": 3495, "WADMPR": "Sulawesi Selatan", "WADMKK": "Kab. Luwu Utara", "WADMKC": "Kec. Malangke", "WADMKD": "Desa Tingkara", "POKTAN": "Gapoktan Anugrah Tingkara", "K_POKTAN": "H. Amirsalim", "P_SID": "Universitas Negeri Makassar", "NO_HP_1": null, "NAMA_PEMIL": "Pemerintah Desa", "N_PETAK": "TKB391", "LUAS_HA": 1.05820502881, "PAKET": "Paket Sulawesi Selatan 13" }, "geometry": { "type": "MultiPolygon", "coordinates": [ [ [ [ 120.388544925507972, -2.707522880076795, 0.0 ], [ 120.388463417252979, -2.707950103014809, 0.0 ], [ 120.388380108555225, -2.708408935324087, 0.0 ], [ 120.387466837124862, -2.708159161216258, 0.0 ], [ 120.387604341667043, -2.707268525721815, 0.0 ], [ 120.388544925507972, -2.707522880076795, 0.0 ] ] ] ] } },
{ "type": "Feature", "properties": { "OBJECTID": 3496, "WADMPR": "Sulawesi Selatan", "WADMKK": "Kab. Luwu Utara", "WADMKC": "Kec. Malangke", "WADMKD": "Desa Tingkara", "POKTAN": "Gapoktan Anugrah Tingkara", "K_POKTAN": "H. Amirsalim", "P_SID": "Universitas Negeri Makassar", "NO_HP_1": null, "NAMA_PEMIL": "Pemerintah Desa", "N_PETAK": "TKB392", "LUAS_HA": 1.1335383424900001, "PAKET": "Paket Sulawesi Selatan 13" }, "geometry": { "type": "MultiPolygon", "coordinates": [ [ [ [ 120.387749941007087, -2.706335985417354, 0.0 ], [ 120.387604341667043, -2.707268525721815, 0.0 ], [ 120.387224130789036, -2.707176892899213, 0.0 ], [ 120.386725168931434, -2.707040819178417, 0.0 ], [ 120.386636500274335, -2.707018533078781, 0.0 ], [ 120.386704631113844, -2.706567973633014, 0.0 ], [ 120.386706266081433, -2.706557873347151, 0.0 ], [ 120.386775977929119, -2.706127137657234, 0.0 ], [ 120.387749941007087, -2.706335985417354, 0.0 ] ] ] ] } },
{ "type": "Feature", "properties": { "OBJECTID": 3497, "WADMPR": "Sulawesi Selatan", "WADMKK": "Kab. Luwu Utara", "WADMKC": "Kec. Malangke", "WADMKD": "Desa Tingkara", "POKTAN": "Gapoktan Anugrah Tingkara", "K_POKTAN": "H. Amirsalim", "P_SID": "Universitas Negeri Makassar", "NO_HP_1": null, "NAMA_PEMIL": "Pemerintah Desa", "N_PETAK": "TKB393", "LUAS_HA": 1.10398051343, "PAKET": "Paket Sulawesi Selatan 13" }, "geometry": { "type": "MultiPolygon", "coordinates": [ [ [ [ 120.388686402355688, -2.706627064487407, 0.0 ], [ 120.388613692168178, -2.707097873068335, 0.0 ], [ 120.388544925507972, -2.707522880076795, 0.0 ], [ 120.387604341667043, -2.707268525721815, 0.0 ], [ 120.387749941007087, -2.706335985417354, 0.0 ], [ 120.388686402355688, -2.706627064487407, 0.0 ] ] ] ] } },
{ "type": "Feature", "properties": { "OBJECTID": 3498, "WADMPR": "Sulawesi Selatan", "WADMKK": "Kab. Luwu Utara", "WADMKC": "Kec. Malangke", "WADMKD": "Desa Tingkara", "POKTAN": "Gapoktan Anugrah Tingkara", "K_POKTAN": "H. Amirsalim", "P_SID": "Universitas Negeri Makassar", "NO_HP_1": null, "NAMA_PEMIL": "Pemerintah Desa", "N_PETAK": "TKB394", "LUAS_HA": 0.52916915083000005, "PAKET": "Paket Sulawesi Selatan 13" }, "geometry": { "type": "MultiPolygon", "coordinates": [ [ [ [ 120.389525766600855, -2.707297959633081, 0.0 ], [ 120.389068170859446, -2.707201805019224, 0.0 ], [ 120.388613692168178, -2.707097873068335, 0.0 ], [ 120.388686402355688, -2.706627064487407, 0.0 ], [ 120.389630167997893, -2.70688946417738, 0.0 ], [ 120.389525766600855, -2.707297959633081, 0.0 ] ] ] ] } },
{ "type": "Feature", "properties": { "OBJECTID": 3499, "WADMPR": "Sulawesi Selatan", "WADMKK": "Kab. Luwu Utara", "WADMKC": "Kec. Malangke", "WADMKD": "Desa Tingkara", "POKTAN": "Gapoktan Anugrah Tingkara", "K_POKTAN": "H. Amirsalim", "P_SID": "Universitas Negeri Makassar", "NO_HP_1": null, "NAMA_PEMIL": "Pemerintah Desa", "N_PETAK": "TKB395", "LUAS_HA": 0.24543945173000001, "PAKET": "Paket Sulawesi Selatan 13" }, "geometry": { "type": "MultiPolygon", "coordinates": [ [ [ [ 120.389068170859446, -2.707201805019224, 0.0 ], [ 120.388981891700951, -2.707634922113925, 0.0 ], [ 120.388544925507972, -2.707522880076795, 0.0 ], [ 120.388613692168178, -2.707097873068335, 0.0 ], [ 120.389068170859446, -2.707201805019224, 0.0 ] ] ] ] } },
{ "type": "Feature", "properties": { "OBJECTID": 3500, "WADMPR": "Sulawesi Selatan", "WADMKK": "Kab. Luwu Utara", "WADMKC": "Kec. Malangke", "WADMKD": "Desa Tingkara", "POKTAN": "Gapoktan Anugrah Tingkara", "K_POKTAN": "H. Amirsalim", "P_SID": "Universitas Negeri Makassar", "NO_HP_1": null, "NAMA_PEMIL": "Pemerintah Desa", "N_PETAK": "TKB396", "LUAS_HA": 0.24929398503, "PAKET": "Paket Sulawesi Selatan 13" }, "geometry": { "type": "MultiPolygon", "coordinates": [ [ [ [ 120.389525766600855, -2.707297959633081, 0.0 ], [ 120.38941868702284, -2.707730211579928, 0.0 ], [ 120.388981891700951, -2.707634922113925, 0.0 ], [ 120.389068170859446, -2.707201805019224, 0.0 ], [ 120.389525766600855, -2.707297959633081, 0.0 ] ] ] ] } },
{ "type": "Feature", "properties": { "OBJECTID": 3501, "WADMPR": "Sulawesi Selatan", "WADMKK": "Kab. Luwu Utara", "WADMKC": "Kec. Malangke", "WADMKD": "Desa Tingkara", "POKTAN": "Gapoktan Anugrah Tingkara", "K_POKTAN": "H. Amirsalim", "P_SID": "Universitas Negeri Makassar", "NO_HP_1": null, "NAMA_PEMIL": "Pemerintah Desa", "N_PETAK": "TKB397", "LUAS_HA": 0.41041593384000002, "PAKET": "Paket Sulawesi Selatan 13" }, "geometry": { "type": "MultiPolygon", "coordinates": [ [ [ [ 120.388380108555225, -2.708408935324087, 0.0 ], [ 120.388463417252979, -2.707950103014809, 0.0 ], [ 120.389221504368948, -2.708122896054761, 0.0 ], [ 120.389197407934034, -2.708373029891391, 0.0 ], [ 120.38900360673108, -2.708342523088902, 0.0 ], [ 120.38895802729121, -2.708561764313913, 0.0 ], [ 120.388380108555225, -2.708408935324087, 0.0 ] ] ] ] } },
{ "type": "Feature", "properties": { "OBJECTID": 3502, "WADMPR": "Sulawesi Selatan", "WADMKK": "Kab. Luwu Utara", "WADMKC": "Kec. Malangke", "WADMKD": "Desa Tingkara", "POKTAN": "Gapoktan Anugrah Tingkara", "K_POKTAN": "H. Amirsalim", "P_SID": "Universitas Negeri Makassar", "NO_HP_1": null, "NAMA_PEMIL": "Pemerintah Desa", "N_PETAK": "TKB398", "LUAS_HA": 0.50842622274000004, "PAKET": "Paket Sulawesi Selatan 13" }, "geometry": { "type": "MultiPolygon", "coordinates": [ [ [ [ 120.388794644757127, -2.708621542250341, 0.0 ], [ 120.388788199315968, -2.708619892893694, 0.0 ], [ 120.388545010943517, -2.709492009548569, 0.0 ], [ 120.388390189955317, -2.709453503276507, 0.0 ], [ 120.388321876553391, -2.709435841490858, 0.0 ], [ 120.388253559554187, -2.709418186899768, 0.0 ], [ 120.388185243454245, -2.709400529610718, 0.0 ], [ 120.388116927354417, -2.709382875019628, 0.0 ], [ 120.388131935240722, -2.709316580595669, 0.0 ], [ 120.38814694222765, -2.709250287071029, 0.0 ], [ 120.388161948315314, -2.70918399354639, 0.0 ], [ 120.388176955302356, -2.709117697323848, 0.0 ], [ 120.38819196318866, -2.709051403799208, 0.0 ], [ 120.388206970175588, -2.708985107576609, 0.0 ], [ 120.38822197716263, -2.70891881315265, 0.0 ], [ 120.388350025333466, -2.708509841056298, 0.0 ], [ 120.388795890318193, -2.708617200323488, 0.0 ], [ 120.388794644757127, -2.708621542250341, 0.0 ] ] ] ] } },
{ "type": "Feature", "properties": { "OBJECTID": 3503, "WADMPR": "Sulawesi Selatan", "WADMKK": "Kab. Luwu Utara", "WADMKC": "Kec. Malangke", "WADMKD": "Desa Tingkara", "POKTAN": "Gapoktan Anugrah Tingkara", "K_POKTAN": "H. Amirsalim", "P_SID": "Universitas Negeri Makassar", "NO_HP_1": null, "NAMA_PEMIL": "Pemerintah Desa", "N_PETAK": "TKB399", "LUAS_HA": 0.5983664355, "PAKET": "Paket Sulawesi Selatan 13" }, "geometry": { "type": "MultiPolygon", "coordinates": [ [ [ [ 120.388794644757127, -2.708621542250341, 0.0 ], [ 120.389094526391318, -2.708698311078138, 0.0 ], [ 120.38904466348049, -2.708870140944214, 0.0 ], [ 120.389218674202539, -2.708928107645988, 0.0 ], [ 120.389199255141534, -2.709062103932922, 0.0 ], [ 120.389294397118761, -2.709090755433976, 0.0 ], [ 120.389141668852972, -2.709647701080485, 0.0 ], [ 120.388545010943517, -2.709492009548569, 0.0 ], [ 120.388788199315968, -2.708619892893694, 0.0 ], [ 120.388794644757127, -2.708621542250341, 0.0 ] ] ] ] } },
{ "type": "Feature", "properties": { "OBJECTID": 3504, "WADMPR": "Sulawesi Selatan", "WADMKK": "Kab. Luwu Utara", "WADMKC": "Kec. Malangke", "WADMKD": "Desa Tingkara", "POKTAN": "Gapoktan Anugrah Tingkara", "K_POKTAN": "H. Amirsalim", "P_SID": "Universitas Negeri Makassar", "NO_HP_1": null, "NAMA_PEMIL": "Pemerintah Desa", "N_PETAK": "TKB400", "LUAS_HA": 0.4821810811, "PAKET": "Paket Sulawesi Selatan 13" }, "geometry": { "type": "MultiPolygon", "coordinates": [ [ [ [ 120.38822197716263, -2.70891881315265, 0.0 ], [ 120.388151949652865, -2.708900409426292, 0.0 ], [ 120.388081923941741, -2.708882004800614, 0.0 ], [ 120.388011896431976, -2.708863599275617, 0.0 ], [ 120.387941868922212, -2.708845194649939, 0.0 ], [ 120.387871842311711, -2.708826790024318, 0.0 ], [ 120.387801813902684, -2.708808384499321, 0.0 ], [ 120.387731788191559, -2.708789980772963, 0.0 ], [ 120.387661760681794, -2.708771576147285, 0.0 ], [ 120.387591734071293, -2.708753169722968, 0.0 ], [ 120.387521706561529, -2.70873476599661, 0.0 ], [ 120.387451679051765, -2.708716360471612, 0.0 ], [ 120.38738165334064, -2.708697956745254, 0.0 ], [ 120.387480192057296, -2.70825088756834, 0.0 ], [ 120.388344293954106, -2.708507420980652, 0.0 ], [ 120.38822197716263, -2.70891881315265, 0.0 ] ] ] ] } },
{ "type": "Feature", "properties": { "OBJECTID": 3505, "WADMPR": "Sulawesi Selatan", "WADMKK": "Kab. Luwu Utara", "WADMKC": "Kec. Malangke", "WADMKD": "Desa Tingkara", "POKTAN": "Gapoktan Anugrah Tingkara", "K_POKTAN": "H. Amirsalim", "P_SID": "Universitas Negeri Makassar", "NO_HP_1": null, "NAMA_PEMIL": "Pemerintah Desa", "N_PETAK": "TKB401", "LUAS_HA": 1.6572008684299999, "PAKET": "Paket Sulawesi Selatan 13" }, "geometry": { "type": "MultiPolygon", "coordinates": [ [ [ [ 120.38738165334064, -2.708697956745254, 0.0 ], [ 120.387227308993147, -2.709203718376841, 0.0 ], [ 120.385880488793532, -2.708766255758064, 0.0 ], [ 120.386141424387233, -2.707876243493786, 0.0 ], [ 120.387471010878471, -2.708250272432053, 0.0 ], [ 120.38738165334064, -2.708697956745254, 0.0 ] ] ] ] } },
{ "type": "Feature", "properties": { "OBJECTID": 3506, "WADMPR": "Sulawesi Selatan", "WADMKK": "Kab. Luwu Utara", "WADMKC": "Kec. Malangke", "WADMKD": "Desa Tingkara", "POKTAN": "Gapoktan Anugrah Tingkara", "K_POKTAN": "H. Amirsalim", "P_SID": "Universitas Negeri Makassar", "NO_HP_1": null, "NAMA_PEMIL": "Pemerintah Desa", "N_PETAK": "TKB402", "LUAS_HA": 0.77252169174999996, "PAKET": "Paket Sulawesi Selatan 13" }, "geometry": { "type": "MultiPolygon", "coordinates": [ [ [ [ 120.387227308993147, -2.709203718376841, 0.0 ], [ 120.387117665447931, -2.709583380668448, 0.0 ], [ 120.386978356865711, -2.710067573859419, 0.0 ], [ 120.386337761678419, -2.709892266314966, 0.0 ], [ 120.386354220171143, -2.709822474427597, 0.0 ], [ 120.386370680462619, -2.709752681640907, 0.0 ], [ 120.386387139854719, -2.709682890652857, 0.0 ], [ 120.386403599246819, -2.709613098765431, 0.0 ], [ 120.386420058638805, -2.7095433086767, 0.0 ], [ 120.386436518030905, -2.70947351678933, 0.0 ], [ 120.386452977423005, -2.70940372580128, 0.0 ], [ 120.386469437714482, -2.709333933014534, 0.0 ], [ 120.386485897106581, -2.709264141127164, 0.0 ], [ 120.386502356498568, -2.709194351038434, 0.0 ], [ 120.386518815890668, -2.709124559151064, 0.0 ], [ 120.386535275282768, -2.709054766364318, 0.0 ], [ 120.386551734674867, -2.708984975376268, 0.0 ], [ 120.387227308993147, -2.709203718376841, 0.0 ] ] ] ] } },
{ "type": "Feature", "properties": { "OBJECTID": 3507, "WADMPR": "Sulawesi Selatan", "WADMKK": "Kab. Luwu Utara", "WADMKC": "Kec. Malangke", "WADMKD": "Desa Tingkara", "POKTAN": "Gapoktan Anugrah Tingkara", "K_POKTAN": "H. Amirsalim", "P_SID": "Universitas Negeri Makassar", "NO_HP_1": null, "NAMA_PEMIL": "Pemerintah Desa", "N_PETAK": "TKB403", "LUAS_HA": 0.97756127517000002, "PAKET": "Paket Sulawesi Selatan 13" }, "geometry": { "type": "MultiPolygon", "coordinates": [ [ [ [ 120.385880488793532, -2.708766255758064, 0.0 ], [ 120.385811154661155, -2.708746261131012, 0.0 ], [ 120.385741818730025, -2.708726266503959, 0.0 ], [ 120.385672483698272, -2.708706271876906, 0.0 ], [ 120.385603147767142, -2.708686276350534, 0.0 ], [ 120.385533812735275, -2.708666280824161, 0.0 ], [ 120.385464477703522, -2.708646286197109, 0.0 ], [ 120.385395141772392, -2.708626291570056, 0.0 ], [ 120.385325807640015, -2.708606297842323, 0.0 ], [ 120.385256470809509, -2.70858630321527, 0.0 ], [ 120.385187136677132, -2.708566308588217, 0.0 ], [ 120.385117801645265, -2.708546313061845, 0.0 ], [ 120.385048465714135, -2.708526318434792, 0.0 ], [ 120.385067513355125, -2.708459159762356, 0.0 ], [ 120.385086560996001, -2.70839199929128, 0.0 ], [ 120.385105606838351, -2.708324841518163, 0.0 ], [ 120.385124655378604, -2.708257680147767, 0.0 ], [ 120.385143703019594, -2.70819052327397, 0.0 ], [ 120.38516275066047, -2.708123361903574, 0.0 ], [ 120.38518179830146, -2.708056204130457, 0.0 ], [ 120.385200845043073, -2.707989043659381, 0.0 ], [ 120.385219892683949, -2.707921885886265, 0.0 ], [ 120.385238940324939, -2.707854725415189, 0.0 ], [ 120.385257987965815, -2.707787567642072, 0.0 ], [ 120.385277034707428, -2.707720408969635, 0.0 ], [ 120.385296082348418, -2.707653250297199, 0.0 ], [ 120.386136762301817, -2.707878126674132, 0.0 ], [ 120.385880488793532, -2.708766255758064, 0.0 ] ] ] ] } },
{ "type": "Feature", "properties": { "OBJECTID": 3508, "WADMPR": "Sulawesi Selatan", "WADMKK": "Kab. Luwu Utara", "WADMKC": "Kec. Malangke", "WADMKD": "Desa Tingkara", "POKTAN": "Gapoktan Anugrah Tingkara", "K_POKTAN": "H. Amirsalim", "P_SID": "Universitas Negeri Makassar", "NO_HP_1": null, "NAMA_PEMIL": "Pemerintah Desa", "N_PETAK": "TKB404", "LUAS_HA": 0.46052253063999998, "PAKET": "Paket Sulawesi Selatan 13" }, "geometry": { "type": "MultiPolygon", "coordinates": [ [ [ [ 120.389338081687129, -2.710832380709746, 0.0 ], [ 120.389381467680664, -2.710844879487524, 0.0 ], [ 120.389716913904522, -2.710941521533925, 0.0 ], [ 120.3894496668687, -2.711752969923566, 0.0 ], [ 120.389447369100822, -2.711759946863992, 0.0 ], [ 120.389309383421391, -2.711722668166544, 0.0 ], [ 120.389256659767057, -2.711704518049032, 0.0 ], [ 120.389108198784356, -2.711653410476458, 0.0 ], [ 120.389105211236597, -2.711666500108834, 0.0 ], [ 120.389104994499917, -2.711667449792913, 0.0 ], [ 120.389052413837931, -2.71165324590055, 0.0 ], [ 120.389183919902052, -2.711184566914199, 0.0 ], [ 120.389196104816392, -2.711120034262137, 0.0 ], [ 120.389208289730846, -2.711055502509396, 0.0 ], [ 120.389220474645299, -2.710990970756654, 0.0 ], [ 120.389232659559639, -2.710926439903233, 0.0 ], [ 120.389247550534037, -2.710868513670903, 0.0 ], [ 120.389262440609173, -2.710810588337949, 0.0 ], [ 120.389338081687129, -2.710832380709746, 0.0 ] ] ] ] } },
{ "type": "Feature", "properties": { "OBJECTID": 3509, "WADMPR": "Sulawesi Selatan", "WADMKK": "Kab. Luwu Utara", "WADMKC": "Kec. Malangke", "WADMKD": "Desa Tingkara", "POKTAN": "Gapoktan Anugrah Tingkara", "K_POKTAN": "H. Amirsalim", "P_SID": "Universitas Negeri Makassar", "NO_HP_1": null, "NAMA_PEMIL": "Pemerintah Desa", "N_PETAK": "TKB405", "LUAS_HA": 0.49190997521000002, "PAKET": "Paket Sulawesi Selatan 13" }, "geometry": { "type": "MultiPolygon", "coordinates": [ [ [ [ 120.390116897277039, -2.711096274173656, 0.0 ], [ 120.389931564090489, -2.711935070047389, 0.0 ], [ 120.38945365716063, -2.71175397086904, 0.0 ], [ 120.389716913904522, -2.710941521533925, 0.0 ], [ 120.390116897277039, -2.711096274173656, 0.0 ] ] ] ] } },
{ "type": "Feature", "properties": { "OBJECTID": 3510, "WADMPR": "Sulawesi Selatan", "WADMKK": "Kab. Luwu Utara", "WADMKC": "Kec. Malangke", "WADMKD": "Desa Tingkara", "POKTAN": "Gapoktan Anugrah Tingkara", "K_POKTAN": "H. Amirsalim", "P_SID": "Universitas Negeri Makassar", "NO_HP_1": null, "NAMA_PEMIL": "Pemerintah Desa", "N_PETAK": "TKB410", "LUAS_HA": 0.53750050683999995, "PAKET": "Paket Sulawesi Selatan 13" }, "geometry": { "type": "MultiPolygon", "coordinates": [ [ [ [ 120.390625289425657, -2.712831680637521, 0.0 ], [ 120.390623548338112, -2.712839562295926, 0.0 ], [ 120.390718765858423, -2.71283820252097, 0.0 ], [ 120.391141940947932, -2.712867731760355, 0.0 ], [ 120.390965404929602, -2.713719041700358, 0.0 ], [ 120.390484450197278, -2.713707931475824, 0.0 ], [ 120.390518252115726, -2.713467527404418, 0.0 ], [ 120.390622792907607, -2.712831506169039, 0.0 ], [ 120.390625289425657, -2.712831680637521, 0.0 ] ] ] ] } },
{ "type": "Feature", "properties": { "OBJECTID": 3511, "WADMPR": "Sulawesi Selatan", "WADMKK": "Kab. Luwu Utara", "WADMKC": "Kec. Malangke", "WADMKD": "Desa Tingkara", "POKTAN": "Gapoktan Anugrah Tingkara", "K_POKTAN": "H. Amirsalim", "P_SID": "Universitas Negeri Makassar", "NO_HP_1": null, "NAMA_PEMIL": "Pemerintah Desa", "N_PETAK": "TKB411", "LUAS_HA": 0.91649910042000005, "PAKET": "Paket Sulawesi Selatan 13" }, "geometry": { "type": "MultiPolygon", "coordinates": [ [ [ [ 120.390950850301579, -2.711420391637716, 0.0 ], [ 120.390800822699816, -2.71209920171674, 0.0 ], [ 120.390768280731663, -2.712224908952351, 0.0 ], [ 120.390762600613584, -2.712247749034361, 0.0 ], [ 120.390752546193085, -2.712243966485801, 0.0 ], [ 120.390758167855211, -2.712221415985539, 0.0 ], [ 120.389987368822062, -2.711956066519235, 0.0 ], [ 120.389931564090489, -2.711935070047389, 0.0 ], [ 120.390116897277039, -2.711096274173656, 0.0 ], [ 120.390950850301579, -2.711420391637716, 0.0 ] ] ] ] } },
{ "type": "Feature", "properties": { "OBJECTID": 3512, "WADMPR": "Sulawesi Selatan", "WADMKK": "Kab. Luwu Utara", "WADMKC": "Kec. Malangke", "WADMKD": "Desa Tingkara", "POKTAN": "Gapoktan Anugrah Tingkara", "K_POKTAN": "H. Amirsalim", "P_SID": "Universitas Negeri Makassar", "NO_HP_1": null, "NAMA_PEMIL": "Pemerintah Desa", "N_PETAK": "TKB412", "LUAS_HA": 0.54892828191999998, "PAKET": "Paket Sulawesi Selatan 13" }, "geometry": { "type": "MultiPolygon", "coordinates": [ [ [ [ 120.389654889461667, -2.710331960151791, 0.0 ], [ 120.390268419551944, -2.710574432663861, 0.0 ], [ 120.390116897277039, -2.711096274173656, 0.0 ], [ 120.389724712825341, -2.710942982032975, 0.0 ], [ 120.389381467680664, -2.710844879487524, 0.0 ], [ 120.389338081687129, -2.710832380709746, 0.0 ], [ 120.389527180335222, -2.710285920258968, 0.0 ], [ 120.389654889461667, -2.710331960151791, 0.0 ] ] ] ] } },
{ "type": "Feature", "properties": { "OBJECTID": 3513, "WADMPR": "Sulawesi Selatan", "WADMKK": "Kab. Luwu Utara", "WADMKC": "Kec. Malangke", "WADMKD": "Desa Tingkara", "POKTAN": "Gapoktan Anugrah Tingkara", "K_POKTAN": "H. Amirsalim", "P_SID": "Universitas Negeri Makassar", "NO_HP_1": null, "NAMA_PEMIL": "Pemerintah Desa", "N_PETAK": "TKB413", "LUAS_HA": 1.1334410778399999, "PAKET": "Paket Sulawesi Selatan 13" }, "geometry": { "type": "MultiPolygon", "coordinates": [ [ [ [ 120.391243317025555, -2.710397603466561, 0.0 ], [ 120.390950850301579, -2.711420391637716, 0.0 ], [ 120.390116897277039, -2.711096274173656, 0.0 ], [ 120.390268419551944, -2.710574432663861, 0.0 ], [ 120.390402785460196, -2.710126678203608, 0.0 ], [ 120.390693413969984, -2.710218939652293, 0.0 ], [ 120.390762151851845, -2.710241273415988, 0.0 ], [ 120.390830888834557, -2.710263606280364, 0.0 ], [ 120.390899627615795, -2.71028593914474, 0.0 ], [ 120.390968366397033, -2.710308272908435, 0.0 ], [ 120.391037103379631, -2.71033060577281, 0.0 ], [ 120.391105841261606, -2.710352938637186, 0.0 ], [ 120.391174580042843, -2.710375271501505, 0.0 ], [ 120.391243317025555, -2.710397603466561, 0.0 ] ] ] ] } },
{ "type": "Feature", "properties": { "OBJECTID": 3514, "WADMPR": "Sulawesi Selatan", "WADMKK": "Kab. Luwu Utara", "WADMKC": "Kec. Malangke", "WADMKD": "Desa Tingkara", "POKTAN": "Gapoktan Anugrah Tingkara", "K_POKTAN": "H. Amirsalim", "P_SID": "Universitas Negeri Makassar", "NO_HP_1": null, "NAMA_PEMIL": "Pemerintah Desa", "N_PETAK": "TKB414", "LUAS_HA": 0.42298107481000002, "PAKET": "Paket Sulawesi Selatan 13" }, "geometry": { "type": "MultiPolygon", "coordinates": [ [ [ [ 120.390280985778986, -2.710084943365416, 0.0 ], [ 120.390402785460196, -2.710126678203608, 0.0 ], [ 120.390268419551944, -2.710574432663861, 0.0 ], [ 120.389654889461667, -2.710331960151791, 0.0 ], [ 120.38967487059881, -2.710260027877951, 0.0 ], [ 120.389766437770959, -2.709764346747136, 0.0 ], [ 120.390280985778986, -2.710084943365416, 0.0 ] ] ] ] } },
{ "type": "Feature", "properties": { "OBJECTID": 3515, "WADMPR": "Sulawesi Selatan", "WADMKK": "Kab. Luwu Utara", "WADMKC": "Kec. Malangke", "WADMKD": "Desa Tingkara", "POKTAN": "Gapoktan Anugrah Tingkara", "K_POKTAN": "H. Amirsalim", "P_SID": "Universitas Negeri Makassar", "NO_HP_1": null, "NAMA_PEMIL": "Pemerintah Desa", "N_PETAK": "TKB415", "LUAS_HA": 0.41677585631000003, "PAKET": "Paket Sulawesi Selatan 13" }, "geometry": { "type": "MultiPolygon", "coordinates": [ [ [ [ 120.390280985778986, -2.710084943365416, 0.0 ], [ 120.389766437770959, -2.709764346747136, 0.0 ], [ 120.3897446966605, -2.709767183208896, 0.0 ], [ 120.389854858215244, -2.709381415419955, 0.0 ], [ 120.389971748497487, -2.709390405942429, 0.0 ], [ 120.390015207335978, -2.709304986535869, 0.0 ], [ 120.390472927183851, -2.709483859892146, 0.0 ], [ 120.390451599761604, -2.709550648043944, 0.0 ], [ 120.390430274137884, -2.709617432598407, 0.0 ], [ 120.390408946715525, -2.709684218951509, 0.0 ], [ 120.390387620192541, -2.70975100890189, 0.0 ], [ 120.390366292770295, -2.709817795254992, 0.0 ], [ 120.390344966247312, -2.709884583406733, 0.0 ], [ 120.390323639724215, -2.709951369759835, 0.0 ], [ 120.390302312301969, -2.710018156112994, 0.0 ], [ 120.390280985778986, -2.710084943365416, 0.0 ] ] ] ] } },
{ "type": "Feature", "properties": { "OBJECTID": 3516, "WADMPR": "Sulawesi Selatan", "WADMKK": "Kab. Luwu Utara", "WADMKC": "Kec. Malangke", "WADMKD": "Desa Tingkara", "POKTAN": "Gapoktan Anugrah Tingkara", "K_POKTAN": "H. Amirsalim", "P_SID": "Universitas Negeri Makassar", "NO_HP_1": null, "NAMA_PEMIL": "Pemerintah Desa", "N_PETAK": "TKB416", "LUAS_HA": 1.9418735413, "PAKET": "Paket Sulawesi Selatan 13" }, "geometry": { "type": "MultiPolygon", "coordinates": [ [ [ [ 120.383302179252269, -2.683949978308817, 0.0 ], [ 120.382991127138894, -2.683967048340548, 0.0 ], [ 120.38259662333553, -2.683987910813414, 0.0 ], [ 120.381671054575577, -2.683972738351144, 0.0 ], [ 120.381716574660231, -2.683115449718173, 0.0 ], [ 120.381807613930278, -2.683107863037378, 0.0 ], [ 120.381837960653456, -2.682903024454959, 0.0 ], [ 120.382740768471763, -2.682880264412631, 0.0 ], [ 120.383036647223548, -2.682804398504118, 0.0 ], [ 120.383135273174389, -2.683388567528311, 0.0 ], [ 120.383302179252269, -2.683949978308817, 0.0 ] ] ] ] } },
{ "type": "Feature", "properties": { "OBJECTID": 3517, "WADMPR": "Sulawesi Selatan", "WADMKK": "Kab. Luwu Utara", "WADMKC": "Kec. Malangke", "WADMKD": "Desa Tingkara", "POKTAN": "Gapoktan Anugrah Tingkara", "K_POKTAN": "H. Amirsalim", "P_SID": "Universitas Negeri Makassar", "NO_HP_1": null, "NAMA_PEMIL": "Pemerintah Desa", "N_PETAK": "TKB417", "LUAS_HA": 0.39414915634999997, "PAKET": "Paket Sulawesi Selatan 13" }, "geometry": { "type": "MultiPolygon", "coordinates": [ [ [ [ 120.383294592571474, -2.682865091051042, 0.0 ], [ 120.383596635276604, -2.683931485549579, 0.0 ], [ 120.383302179252269, -2.683949978308817, 0.0 ], [ 120.383135273174389, -2.683388567528311, 0.0 ], [ 120.383036647223548, -2.682804398504118, 0.0 ], [ 120.383294592571474, -2.682865091051042, 0.0 ] ] ] ] } },
{ "type": "Feature", "properties": { "OBJECTID": 3518, "WADMPR": "Sulawesi Selatan", "WADMKK": "Kab. Luwu Utara", "WADMKC": "Kec. Malangke", "WADMKD": "Desa Tingkara", "POKTAN": "Gapoktan Anugrah Tingkara", "K_POKTAN": "H. Amirsalim", "P_SID": "Universitas Negeri Makassar", "NO_HP_1": null, "NAMA_PEMIL": "Pemerintah Desa", "N_PETAK": "TKB418", "LUAS_HA": 0.94566141958000005, "PAKET": "Paket Sulawesi Selatan 13" }, "geometry": { "type": "MultiPolygon", "coordinates": [ [ [ [ 120.38453879922622, -2.683836178097067, 0.0 ], [ 120.384267577186961, -2.683904459123426, 0.0 ], [ 120.384024805200625, -2.683908252463823, 0.0 ], [ 120.383741729197482, -2.683917735814816, 0.0 ], [ 120.383596635276604, -2.683931485549579, 0.0 ], [ 120.383294592571474, -2.682865091051042, 0.0 ], [ 120.383954628403444, -2.683062343852043, 0.0 ], [ 120.384174641246773, -2.683221661450489, 0.0 ], [ 120.38453879922622, -2.683836178097067, 0.0 ] ] ] ] } },
{ "type": "Feature", "properties": { "OBJECTID": 3519, "WADMPR": "Sulawesi Selatan", "WADMKK": "Kab. Luwu Utara", "WADMKC": "Kec. Malangke", "WADMKD": "Desa Tingkara", "POKTAN": "Gapoktan Anugrah Tingkara", "K_POKTAN": "H. Amirsalim", "P_SID": "Universitas Negeri Makassar", "NO_HP_1": null, "NAMA_PEMIL": "Pemerintah Desa", "N_PETAK": "TKB419", "LUAS_HA": 0.83492699846999996, "PAKET": "Paket Sulawesi Selatan 13" }, "geometry": { "type": "MultiPolygon", "coordinates": [ [ [ [ 120.38259662333553, -2.683987910813414, 0.0 ], [ 120.382513169847016, -2.68489071953104, 0.0 ], [ 120.381959346646568, -2.684905892892573, 0.0 ], [ 120.381671054575577, -2.683972738351144, 0.0 ], [ 120.38259662333553, -2.683987910813414, 0.0 ] ] ] ] } },
{ "type": "Feature", "properties": { "OBJECTID": 3520, "WADMPR": "Sulawesi Selatan", "WADMKK": "Kab. Luwu Utara", "WADMKC": "Kec. Malangke", "WADMKD": "Desa Tingkara", "POKTAN": "Gapoktan Anugrah Tingkara", "K_POKTAN": "H. Amirsalim", "P_SID": "Universitas Negeri Makassar", "NO_HP_1": null, "NAMA_PEMIL": "Pemerintah Desa", "N_PETAK": "TKB420", "LUAS_HA": 0.47308774135999998, "PAKET": "Paket Sulawesi Selatan 13" }, "geometry": { "type": "MultiPolygon", "coordinates": [ [ [ [ 120.38297927317501, -2.684408968898765, 0.0 ], [ 120.382964574655489, -2.684885030419764, 0.0 ], [ 120.382513169847016, -2.68489071953104, 0.0 ], [ 120.38259662333553, -2.683987910813414, 0.0 ], [ 120.382991127138894, -2.683967048340548, 0.0 ], [ 120.38297927317501, -2.684408968898765, 0.0 ] ] ] ] } },
{ "type": "Feature", "properties": { "OBJECTID": 3521, "WADMPR": "Sulawesi Selatan", "WADMKK": "Kab. Luwu Utara", "WADMKC": "Kec. Malangke", "WADMKD": "Desa Tingkara", "POKTAN": "Gapoktan Anugrah Tingkara", "K_POKTAN": "H. Amirsalim", "P_SID": "Universitas Negeri Makassar", "NO_HP_1": null, "NAMA_PEMIL": "Pemerintah Desa", "N_PETAK": "TKB421", "LUAS_HA": 0.35603554714000002, "PAKET": "Paket Sulawesi Selatan 13" }, "geometry": { "type": "MultiPolygon", "coordinates": [ [ [ [ 120.383658750550921, -2.684782611128526, 0.0 ], [ 120.382964574655489, -2.684885030419764, 0.0 ], [ 120.38297927317501, -2.684408968898765, 0.0 ], [ 120.383624610487459, -2.684395692207374, 0.0 ], [ 120.383658750550921, -2.684782611128526, 0.0 ] ] ] ] } },
{ "type": "Feature", "properties": { "OBJECTID": 3522, "WADMPR": "Sulawesi Selatan", "WADMKK": "Kab. Luwu Utara", "WADMKC": "Kec. Malangke", "WADMKD": "Desa Tingkara", "POKTAN": "Gapoktan Anugrah Tingkara", "K_POKTAN": "H. Amirsalim", "P_SID": "Universitas Negeri Makassar", "NO_HP_1": null, "NAMA_PEMIL": "Pemerintah Desa", "N_PETAK": "TKB422", "LUAS_HA": 0.40003762713000002, "PAKET": "Paket Sulawesi Selatan 13" }, "geometry": { "type": "MultiPolygon", "coordinates": [ [ [ [ 120.383624610487459, -2.684395692207374, 0.0 ], [ 120.38297927317501, -2.684408968898765, 0.0 ], [ 120.382991127138894, -2.683967048340548, 0.0 ], [ 120.383302179252269, -2.683949978308817, 0.0 ], [ 120.383596635276604, -2.683931485549579, 0.0 ], [ 120.383741729197482, -2.683917735814816, 0.0 ], [ 120.38374599648057, -2.684212191839151, 0.0 ], [ 120.383632197168254, -2.684219777620569, 0.0 ], [ 120.383624610487459, -2.684395692207374, 0.0 ] ] ] ] } },
{ "type": "Feature", "properties": { "OBJECTID": 3523, "WADMPR": "Sulawesi Selatan", "WADMKK": "Kab. Luwu Utara", "WADMKC": "Kec. Malangke", "WADMKD": "Desa Tingkara", "POKTAN": "Gapoktan Anugrah Tingkara", "K_POKTAN": "H. Amirsalim", "P_SID": "Universitas Negeri Makassar", "NO_HP_1": null, "NAMA_PEMIL": "Pemerintah Desa", "N_PETAK": "TKB423", "LUAS_HA": 0.30138098639, "PAKET": "Paket Sulawesi Selatan 13" }, "geometry": { "type": "MultiPolygon", "coordinates": [ [ [ [ 120.384223479829757, -2.684335948445209, 0.0 ], [ 120.383624610487459, -2.684395692207374, 0.0 ], [ 120.383632197168254, -2.684219777620569, 0.0 ], [ 120.38374599648057, -2.684212191839151, 0.0 ], [ 120.383741729197482, -2.683917735814816, 0.0 ], [ 120.384024805200625, -2.683908252463823, 0.0 ], [ 120.384267577186961, -2.683904459123426, 0.0 ], [ 120.384223479829757, -2.684335948445209, 0.0 ] ] ] ] } },
{ "type": "Feature", "properties": { "OBJECTID": 3524, "WADMPR": "Sulawesi Selatan", "WADMKK": "Kab. Luwu Utara", "WADMKC": "Kec. Malangke", "WADMKD": "Desa Tingkara", "POKTAN": "Gapoktan Anugrah Tingkara", "K_POKTAN": "H. Amirsalim", "P_SID": "Universitas Negeri Makassar", "NO_HP_1": null, "NAMA_PEMIL": "Pemerintah Desa", "N_PETAK": "TKB424", "LUAS_HA": 0.26617472796000002, "PAKET": "Paket Sulawesi Selatan 13" }, "geometry": { "type": "MultiPolygon", "coordinates": [ [ [ [ 120.384187443096039, -2.684717176456502, 0.0 ], [ 120.383658750550921, -2.684782611128526, 0.0 ], [ 120.383624610487459, -2.684395692207374, 0.0 ], [ 120.384223479829757, -2.684335948445209, 0.0 ], [ 120.384187443096039, -2.684717176456502, 0.0 ] ] ] ] } },
{ "type": "Feature", "properties": { "OBJECTID": 3525, "WADMPR": "Sulawesi Selatan", "WADMKK": "Kab. Luwu Utara", "WADMKC": "Kec. Malangke", "WADMKD": "Desa Tingkara", "POKTAN": "Gapoktan Anugrah Tingkara", "K_POKTAN": "H. Amirsalim", "P_SID": "Universitas Negeri Makassar", "NO_HP_1": null, "NAMA_PEMIL": "Pemerintah Desa", "N_PETAK": "TKB425", "LUAS_HA": 0.5178549694, "PAKET": "Paket Sulawesi Selatan 13" }, "geometry": { "type": "MultiPolygon", "coordinates": [ [ [ [ 120.384760233897737, -2.684220251563318, 0.0 ], [ 120.384752647216942, -2.684743728040587, 0.0 ], [ 120.384187443096039, -2.684717176456502, 0.0 ], [ 120.384223479829757, -2.684335948445209, 0.0 ], [ 120.384267577186961, -2.683904459123426, 0.0 ], [ 120.38453879922622, -2.683836178097067, 0.0 ], [ 120.384760233897737, -2.684220251563318, 0.0 ] ] ] ] } },
{ "type": "Feature", "properties": { "OBJECTID": 3526, "WADMPR": "Sulawesi Selatan", "WADMKK": "Kab. Luwu Utara", "WADMKC": "Kec. Malangke", "WADMKD": "Desa Tingkara", "POKTAN": "Gapoktan Anugrah Tingkara", "K_POKTAN": "H. Amirsalim", "P_SID": "Universitas Negeri Makassar", "NO_HP_1": null, "NAMA_PEMIL": "Pemerintah Desa", "N_PETAK": "TKB426", "LUAS_HA": 0.26318565966000002, "PAKET": "Paket Sulawesi Selatan 13" }, "geometry": { "type": "MultiPolygon", "coordinates": [ [ [ [ 120.383066520003922, -2.682699132858659, 0.0 ], [ 120.382315444002643, -2.682560677733022, 0.0 ], [ 120.382341997385311, -2.682342562459269, 0.0 ], [ 120.383038069950999, -2.682338769118871, 0.0 ], [ 120.383079795795993, -2.682528435239021, 0.0 ], [ 120.383066520003922, -2.682699132858659, 0.0 ] ] ] ] } },
{ "type": "Feature", "properties": { "OBJECTID": 3527, "WADMPR": "Sulawesi Selatan", "WADMKK": "Kab. Luwu Utara", "WADMKC": "Kec. Malangke", "WADMKD": "Desa Tingkara", "POKTAN": "Gapoktan Anugrah Tingkara", "K_POKTAN": "H. Amirsalim", "P_SID": "Universitas Negeri Makassar", "NO_HP_1": null, "NAMA_PEMIL": "Pemerintah Desa", "N_PETAK": "TKB427", "LUAS_HA": 0.2099885515, "PAKET": "Paket Sulawesi Selatan 13" }, "geometry": { "type": "MultiPolygon", "coordinates": [ [ [ [ 120.382909725903232, -2.68208868474494, 0.0 ], [ 120.383038069950999, -2.682338769118871, 0.0 ], [ 120.382341997385311, -2.682342562459269, 0.0 ], [ 120.382357169847523, -2.682035304585611, 0.0 ], [ 120.382390505017838, -2.682042777052459, 0.0 ], [ 120.382438539606937, -2.682049418545773, 0.0 ], [ 120.382544972572532, -2.682058288559119, 0.0 ], [ 120.382860400786967, -2.682084575742522, 0.0 ], [ 120.382909725903232, -2.68208868474494, 0.0 ] ] ] ] } },
{ "type": "Feature", "properties": { "OBJECTID": 3528, "WADMPR": "Sulawesi Selatan", "WADMKK": "Kab. Luwu Utara", "WADMKC": "Kec. Malangke", "WADMKD": "Desa Tingkara", "POKTAN": "Gapoktan Anugrah Tingkara", "K_POKTAN": "H. Amirsalim", "P_SID": "Universitas Negeri Makassar", "NO_HP_1": null, "NAMA_PEMIL": "Pemerintah Desa", "N_PETAK": "TKB428", "LUAS_HA": 0.24363735752, "PAKET": "Paket Sulawesi Selatan 13" }, "geometry": { "type": "MultiPolygon", "coordinates": [ [ [ [ 120.383409814611355, -2.682230659817037, 0.0 ], [ 120.38328842861813, -2.68247912091465, 0.0 ], [ 120.383239114293701, -2.682729479581781, 0.0 ], [ 120.383066520003922, -2.682699132858659, 0.0 ], [ 120.383079795795993, -2.682528435239021, 0.0 ], [ 120.383038069950999, -2.682338769118871, 0.0 ], [ 120.382909725903232, -2.68208868474494, 0.0 ], [ 120.383123826603423, -2.682106525495726, 0.0 ], [ 120.38313176042243, -2.682107115450947, 0.0 ], [ 120.383188190182864, -2.682107237758771, 0.0 ], [ 120.383219997405035, -2.682104147688221, 0.0 ], [ 120.383594955343028, -2.682063922811722, 0.0 ], [ 120.383409814611355, -2.682230659817037, 0.0 ] ] ] ] } },
{ "type": "Feature", "properties": { "OBJECTID": 3529, "WADMPR": "Sulawesi Selatan", "WADMKK": "Kab. Luwu Utara", "WADMKC": "Kec. Malangke", "WADMKD": "Desa Tingkara", "POKTAN": "Gapoktan Anugrah Tingkara", "K_POKTAN": "H. Amirsalim", "P_SID": "Universitas Negeri Makassar", "NO_HP_1": null, "NAMA_PEMIL": "Pemerintah Desa", "N_PETAK": "TKB429", "LUAS_HA": 0.56185091546, "PAKET": "Paket Sulawesi Selatan 13" }, "geometry": { "type": "MultiPolygon", "coordinates": [ [ [ [ 120.383908635275361, -2.682907765680795, 0.0 ], [ 120.38373034917629, -2.682805346389557, 0.0 ], [ 120.383290325288385, -2.682727582911582, 0.0 ], [ 120.383375200605087, -2.682390453156813, 0.0 ], [ 120.383409814611355, -2.682230659817037, 0.0 ], [ 120.383549692464385, -2.682155267851272, 0.0 ], [ 120.383594955343028, -2.682063922811722, 0.0 ], [ 120.383643941414789, -2.682057416216765, 0.0 ], [ 120.383664995443269, -2.68205289532483, 0.0 ], [ 120.383843257260537, -2.682010113675744, 0.0 ], [ 120.384021918376902, -2.681967234000581, 0.0 ], [ 120.384055547625508, -2.681957758743522, 0.0 ], [ 120.383908635275361, -2.682907765680795, 0.0 ] ] ] ] } },
{ "type": "Feature", "properties": { "OBJECTID": 3530, "WADMPR": "Sulawesi Selatan", "WADMKK": "Kab. Luwu Utara", "WADMKC": "Kec. Malangke", "WADMKD": "Desa Tingkara", "POKTAN": "Gapoktan Anugrah Tingkara", "K_POKTAN": "H. Amirsalim", "P_SID": "Universitas Negeri Makassar", "NO_HP_1": null, "NAMA_PEMIL": "Pemerintah Desa", "N_PETAK": "TKB430", "LUAS_HA": 0.71755378148000004, "PAKET": "Paket Sulawesi Selatan 13" }, "geometry": { "type": "MultiPolygon", "coordinates": [ [ [ [ 120.384650701868509, -2.681942842588057, 0.0 ], [ 120.384571041720278, -2.682879790469883, 0.0 ], [ 120.383908635275361, -2.682907765680795, 0.0 ], [ 120.384055547625508, -2.681957758743522, 0.0 ], [ 120.384303613920679, -2.681904909184141, 0.0 ], [ 120.384352925547091, -2.682031984288585, 0.0 ], [ 120.384650701868509, -2.681942842588057, 0.0 ] ] ] ] } },
{ "type": "Feature", "properties": { "OBJECTID": 3531, "WADMPR": "Sulawesi Selatan", "WADMKK": "Kab. Luwu Utara", "WADMKC": "Kec. Malangke", "WADMKD": "Desa Tingkara", "POKTAN": "Gapoktan Anugrah Tingkara", "K_POKTAN": "H. Amirsalim", "P_SID": "Universitas Negeri Makassar", "NO_HP_1": null, "NAMA_PEMIL": "Pemerintah Desa", "N_PETAK": "TKB431", "LUAS_HA": 0.50195186662000002, "PAKET": "Paket Sulawesi Selatan 13" }, "geometry": { "type": "MultiPolygon", "coordinates": [ [ [ [ 120.387444303711732, -2.703745291312089, 0.0 ], [ 120.387276714149152, -2.704159191693293, 0.0 ], [ 120.386446165957864, -2.703946881543288, 0.0 ], [ 120.386561936584144, -2.703485564407231, 0.0 ], [ 120.387444303711732, -2.703745291312089, 0.0 ] ] ] ] } },
{ "type": "Feature", "properties": { "OBJECTID": 3532, "WADMPR": "Sulawesi Selatan", "WADMKK": "Kab. Luwu Utara", "WADMKC": "Kec. Malangke", "WADMKD": "Desa Tingkara", "POKTAN": "Gapoktan Anugrah Tingkara", "K_POKTAN": "H. Amirsalim", "P_SID": "Universitas Negeri Makassar", "NO_HP_1": null, "NAMA_PEMIL": "Pemerintah Desa", "N_PETAK": "TKB432", "LUAS_HA": 0.50673027644000002, "PAKET": "Paket Sulawesi Selatan 13" }, "geometry": { "type": "MultiPolygon", "coordinates": [ [ [ [ 120.387276714149152, -2.704159191693293, 0.0 ], [ 120.387126643379929, -2.704626912901688, 0.0 ], [ 120.386285553335711, -2.704379944678635, 0.0 ], [ 120.386308497739037, -2.704318079415771, 0.0 ], [ 120.386331442142364, -2.704256213253586, 0.0 ], [ 120.386354387445067, -2.704194346192082, 0.0 ], [ 120.386377331848394, -2.704132480929218, 0.0 ], [ 120.386400277151097, -2.704070613867714, 0.0 ], [ 120.386423221554537, -2.704008746806153, 0.0 ], [ 120.386446165957864, -2.703946881543288, 0.0 ], [ 120.387276714149152, -2.704159191693293, 0.0 ] ] ] ] } },
{ "type": "Feature", "properties": { "OBJECTID": 3533, "WADMPR": "Sulawesi Selatan", "WADMKK": "Kab. Luwu Utara", "WADMKC": "Kec. Malangke", "WADMKD": "Desa Tingkara", "POKTAN": "Gapoktan Anugrah Tingkara", "K_POKTAN": "H. Amirsalim", "P_SID": "Universitas Negeri Makassar", "NO_HP_1": null, "NAMA_PEMIL": "Pemerintah Desa", "N_PETAK": "TKB433", "LUAS_HA": 0.54377663159, "PAKET": "Paket Sulawesi Selatan 13" }, "geometry": { "type": "MultiPolygon", "coordinates": [ [ [ [ 120.388388176373269, -2.704490750147954, 0.0 ], [ 120.388112806660729, -2.704627287019605, 0.0 ], [ 120.388040502067611, -2.704902248439964, 0.0 ], [ 120.38719417527102, -2.704636917859432, 0.0 ], [ 120.387342995083259, -2.704191706681854, 0.0 ], [ 120.388388176373269, -2.704490750147954, 0.0 ] ] ] ] } },
{ "type": "Feature", "properties": { "OBJECTID": 3534, "WADMPR": "Sulawesi Selatan", "WADMKK": "Kab. Luwu Utara", "WADMKC": "Kec. Malangke", "WADMKD": "Desa Tingkara", "POKTAN": "Gapoktan Anugrah Tingkara", "K_POKTAN": "H. Amirsalim", "P_SID": "Universitas Negeri Makassar", "NO_HP_1": null, "NAMA_PEMIL": "Pemerintah Desa", "N_PETAK": "TKB434", "LUAS_HA": 0.64092757485999996, "PAKET": "Paket Sulawesi Selatan 13" }, "geometry": { "type": "MultiPolygon", "coordinates": [ [ [ [ 120.388040502067611, -2.704902248439964, 0.0 ], [ 120.387926352019576, -2.705446133232442, 0.0 ], [ 120.387530030686435, -2.705331236747156, 0.0 ], [ 120.387527126775581, -2.705330333827817, 0.0 ], [ 120.386995353153111, -2.705164818101821, 0.0 ], [ 120.38719417527102, -2.704636917859432, 0.0 ], [ 120.388040502067611, -2.704902248439964, 0.0 ] ] ] ] } },
{ "type": "Feature", "properties": { "OBJECTID": 3535, "WADMPR": "Sulawesi Selatan", "WADMKK": "Kab. Luwu Utara", "WADMKC": "Kec. Malangke", "WADMKD": "Desa Tingkara", "POKTAN": "Gapoktan Anugrah Tingkara", "K_POKTAN": "H. Amirsalim", "P_SID": "Universitas Negeri Makassar", "NO_HP_1": null, "NAMA_PEMIL": "Pemerintah Desa", "N_PETAK": "TKB435", "LUAS_HA": 0.25125959585000002, "PAKET": "Paket Sulawesi Selatan 13" }, "geometry": { "type": "MultiPolygon", "coordinates": [ [ [ [ 120.388258884440006, -2.702218389966674, 0.0 ], [ 120.388222870189338, -2.702410128124882, 0.0 ], [ 120.387893447624606, -2.703340507358462, 0.0 ], [ 120.38770222747587, -2.703286905066591, 0.0 ], [ 120.388154628733218, -2.702158246905526, 0.0 ], [ 120.388258884440006, -2.702218389966674, 0.0 ] ] ] ] } },
{ "type": "Feature", "properties": { "OBJECTID": 3536, "WADMPR": "Sulawesi Selatan", "WADMKK": "Kab. Luwu Utara", "WADMKC": "Kec. Malangke", "WADMKD": "Desa Tingkara", "POKTAN": "Gapoktan Anugrah Tingkara", "K_POKTAN": "H. Amirsalim", "P_SID": "Universitas Negeri Makassar", "NO_HP_1": null, "NAMA_PEMIL": "Pemerintah Desa", "N_PETAK": "TKB436", "LUAS_HA": 0.10548895524, "PAKET": "Paket Sulawesi Selatan 13" }, "geometry": { "type": "MultiPolygon", "coordinates": [ [ [ [ 120.388258884440006, -2.702218389966674, 0.0 ], [ 120.388154628733218, -2.702158246905526, 0.0 ], [ 120.388452257565746, -2.701483602486235, 0.0 ], [ 120.388542324668606, -2.701572394350478, 0.0 ], [ 120.388258884440006, -2.702218389966674, 0.0 ] ] ] ] } },
{ "type": "Feature", "properties": { "OBJECTID": 6491, "WADMPR": "Sulawesi Selatan", "WADMKK": "Kab. Luwu Utara", "WADMKC": "Kec. Malangke", "WADMKD": "Desa Tingkara", "POKTAN": "Gapoktan Anugrah Tingkara", "K_POKTAN": "H. Amirsalim", "P_SID": "Universitas Negeri Makassar", "NO_HP_1": null, "NAMA_PEMIL": "Pemerintah Desa", "N_PETAK": "TKB038", "LUAS_HA": 2.0244811123600002, "PAKET": "Paket Sulawesi Selatan 13" }, "geometry": { "type": "MultiPolygon", "coordinates": [ [ [ [ 120.390065773516653, -2.687866810005232, 0.0 ], [ 120.389177245133851, -2.688084977439701, 0.0 ], [ 120.389249630665972, -2.688066830919468, 0.0 ], [ 120.389322011701552, -2.688048682600595, 0.0 ], [ 120.389394394535771, -2.688030535180985, 0.0 ], [ 120.389466777369989, -2.688012387761432, 0.0 ], [ 120.389539159304832, -2.687994242140519, 0.0 ], [ 120.389611543038313, -2.687976093821646, 0.0 ], [ 120.389588051847227, -2.687906212901339, 0.0 ], [ 120.389564563353929, -2.687836331081769, 0.0 ], [ 120.389541073961482, -2.687766451060838, 0.0 ], [ 120.389517585468298, -2.687696569241211, 0.0 ], [ 120.38949409517636, -2.6876266901196, 0.0 ], [ 120.389470606683176, -2.68755680830003, 0.0 ], [ 120.389447117290729, -2.687486926480403, 0.0 ], [ 120.389423628797545, -2.687417047358792, 0.0 ], [ 120.389400137606344, -2.687347164639903, 0.0 ], [ 120.38937664911316, -2.687277285518292, 0.0 ], [ 120.389353159720599, -2.687207404597984, 0.0 ], [ 120.389329670328038, -2.687137521879094, 0.0 ], [ 120.389306181834854, -2.687067641858164, 0.0 ], [ 120.389282692442407, -2.686997760937857, 0.0 ], [ 120.389259203949109, -2.686927879118286, 0.0 ], [ 120.389235713657285, -2.686857999097356, 0.0 ], [ 120.389212224264838, -2.686788117277729, 0.0 ], [ 120.389188734872278, -2.686718238156118, 0.0 ], [ 120.389165246379093, -2.686648355437228, 0.0 ], [ 120.389141756986533, -2.686578473617601, 0.0 ], [ 120.389118267594085, -2.68650859449599, 0.0 ], [ 120.389094778201525, -2.68643871267642, 0.0 ], [ 120.389066888426214, -2.686371879558521, 0.0 ], [ 120.389038998650904, -2.686305047339999, 0.0 ], [ 120.389011108875593, -2.686238212423518, 0.0 ], [ 120.388983219999659, -2.686171380204996, 0.0 ], [ 120.388955330224348, -2.686104547087155, 0.0 ], [ 120.388927440449038, -2.686037713969256, 0.0 ], [ 120.388899551573104, -2.685970879052775, 0.0 ], [ 120.388871661797793, -2.685904045934933, 0.0 ], [ 120.388843772022483, -2.685837214615731, 0.0 ], [ 120.388815882247286, -2.685770381497832, 0.0 ], [ 120.388787993371238, -2.68570354837999, 0.0 ], [ 120.388760104495304, -2.68563671256419, 0.0 ], [ 120.388732213820617, -2.685569881244987, 0.0 ], [ 120.388704324944683, -2.685503048127146, 0.0 ], [ 120.388676726549761, -2.685436911084537, 0.0 ], [ 120.389390563423831, -2.685431503461075, 0.0 ], [ 120.389769894764868, -2.686258446270244, 0.0 ], [ 120.389906039532207, -2.686827265665727, 0.0 ], [ 120.390008458823331, -2.687479714816959, 0.0 ], [ 120.390065773516653, -2.687866810005232, 0.0 ] ] ] ] } }
]
}
