{
"type": "FeatureCollection",
"name": "SULSEL_PAKET_7",
"crs": { "type": "name", "properties": { "name": "urn:ogc:def:crs:OGC:1.3:CRS84" } },
"features": [
{ "type": "Feature", "properties": { "OBJECTID": 5063, "WADMPR": "Sulawesi Selatan", "WADMKK": "Kab. Luwu Utara", "WADMKC": "Kec. Masamba", "WADMKD": "Desa Pongo", "POKTAN": "Gapoktan Masagena", "K_POKTAN": "H. Kamaluddin", "P_SID": "Universitas Negeri Makassar", "NO_HP_1": "0813-5551-7977", "NAMA_PEMIL": "Pemerintah Desa", "N_PETAK": "PNB001", "LUAS_HA": 1.41707498871, "PAKET": "Paket Sulawesi Selatan 7" }, "geometry": { "type": "MultiPolygon", "coordinates": [ [ [ [ 120.360087919022362, -2.667081742728215, 0.0 ], [ 120.361047517229167, -2.66682420207519, 0.0 ], [ 120.361162588182992, -2.667252268577272, 0.0 ], [ 120.361309880046974, -2.667542248675772, 0.0 ], [ 120.361424951900062, -2.667961108818076, 0.0 ], [ 120.361484789191763, -2.66820506251355, 0.0 ], [ 120.361070530880397, -2.668099195221657, 0.0 ], [ 120.360831181713706, -2.667984124267889, 0.0 ], [ 120.360527392525228, -2.667882860605459, 0.0 ], [ 120.360361689740216, -2.667896668796175, 0.0 ], [ 120.360286755529387, -2.667766404695783, 0.0 ], [ 120.36020326426933, -2.667578548011534, 0.0 ], [ 120.360140152546023, -2.667368175900549, 0.0 ], [ 120.360127472105205, -2.667331652633607, 0.0 ], [ 120.360087919921625, -2.667232754188205, 0.0 ], [ 120.360087919022362, -2.667081742728215, 0.0 ] ] ] ] } },
{ "type": "Feature", "properties": { "OBJECTID": 5064, "WADMPR": "Sulawesi Selatan", "WADMKK": "Kab. Luwu Utara", "WADMKC": "Kec. Masamba", "WADMKD": "Desa Pongo", "POKTAN": "Gapoktan Masagena", "K_POKTAN": "H. Kamaluddin", "P_SID": "Universitas Negeri Makassar", "NO_HP_1": "0813-5551-7977", "NAMA_PEMIL": "Pemerintah Desa", "N_PETAK": "PNB002", "LUAS_HA": 1.5073468808199999, "PAKET": "Paket Sulawesi Selatan 7" }, "geometry": { "type": "MultiPolygon", "coordinates": [ [ [ [ 120.361047517229167, -2.66682420207519, 0.0 ], [ 120.360087919022362, -2.667081742728215, 0.0 ], [ 120.360099249580799, -2.666855135156311, 0.0 ], [ 120.36009981525433, -2.666833412931624, 0.0 ], [ 120.360096350166486, -2.666776426490856, 0.0 ], [ 120.360072513635714, -2.666585726150288, 0.0 ], [ 120.360071455133607, -2.666577829203391, 0.0 ], [ 120.360036992213509, -2.666335792862526, 0.0 ], [ 120.360026452159104, -2.666278634651235, 0.0 ], [ 120.360009129417904, -2.666224627664405, 0.0 ], [ 120.360005142723253, -2.666216059823228, 0.0 ], [ 120.360087259819238, -2.665779679088871, 0.0 ], [ 120.360096136127822, -2.665731257791265, 0.0 ], [ 120.360096619963088, -2.665727077742417, 0.0 ], [ 120.36013154603404, -2.665530795309905, 0.0 ], [ 120.360647067108516, -2.665328269783799, 0.0 ], [ 120.361047517229167, -2.66682420207519, 0.0 ] ] ] ] } },
{ "type": "Feature", "properties": { "OBJECTID": 5065, "WADMPR": "Sulawesi Selatan", "WADMKK": "Kab. Luwu Utara", "WADMKC": "Kec. Masamba", "WADMKD": "Desa Pongo", "POKTAN": "Gapoktan Masagena", "K_POKTAN": "H. Kamaluddin", "P_SID": "Universitas Negeri Makassar", "NO_HP_1": "0813-5551-7977", "NAMA_PEMIL": "Pemerintah Desa", "N_PETAK": "PNB003", "LUAS_HA": 0.40292819163, "PAKET": "Paket Sulawesi Selatan 7" }, "geometry": { "type": "MultiPolygon", "coordinates": [ [ [ [ 120.362063625236146, -2.665187410770329, 0.0 ], [ 120.361995020453946, -2.665206780368578, 0.0 ], [ 120.361926415671633, -2.665226151765467, 0.0 ], [ 120.361857810889319, -2.665245523162298, 0.0 ], [ 120.361789206107005, -2.665264893659867, 0.0 ], [ 120.361720600425429, -2.665284264157435, 0.0 ], [ 120.361651996542491, -2.665303633755627, 0.0 ], [ 120.361583390860915, -2.665323005152516, 0.0 ], [ 120.36151478787724, -2.665342375650084, 0.0 ], [ 120.361446182195664, -2.665361746147596, 0.0 ], [ 120.36137757741335, -2.665381115745845, 0.0 ], [ 120.361308972631036, -2.665400487142733, 0.0 ], [ 120.361240367848723, -2.665419857640245, 0.0 ], [ 120.361171763066523, -2.665439228137814, 0.0 ], [ 120.361103158284209, -2.665458597736063, 0.0 ], [ 120.361034551703256, -2.665477968233574, 0.0 ], [ 120.360965948719581, -2.665497340529782, 0.0 ], [ 120.360897343038005, -2.665516711027351, 0.0 ], [ 120.360851894899042, -2.665259226132321, 0.0 ], [ 120.361979597980167, -2.664911710107276, 0.0 ], [ 120.362063625236146, -2.665187410770329, 0.0 ] ] ] ] } },
{ "type": "Feature", "properties": { "OBJECTID": 5066, "WADMPR": "Sulawesi Selatan", "WADMKK": "Kab. Luwu Utara", "WADMKC": "Kec. Masamba", "WADMKD": "Desa Pongo", "POKTAN": "Gapoktan Masagena", "K_POKTAN": "H. Kamaluddin", "P_SID": "Universitas Negeri Makassar", "NO_HP_1": "0813-5551-7977", "NAMA_PEMIL": "Pemerintah Desa", "N_PETAK": "PNB004", "LUAS_HA": 0.50352003470999995, "PAKET": "Paket Sulawesi Selatan 7" }, "geometry": { "type": "MultiPolygon", "coordinates": [ [ [ [ 120.36013154603404, -2.665530795309905, 0.0 ], [ 120.360133081176855, -2.665375396956961, 0.0 ], [ 120.360135492259246, -2.665329609773607, 0.0 ], [ 120.360132069439487, -2.665272965974566, 0.0 ], [ 120.360121931382082, -2.665218463461258, 0.0 ], [ 120.360060415955445, -2.664972399956241, 0.0 ], [ 120.36005039031329, -2.664932300085525, 0.0 ], [ 120.3600329083921, -2.664877661774597, 0.0 ], [ 120.360016217874204, -2.664840111481908, 0.0 ], [ 120.360000364625193, -2.664801240984445, 0.0 ], [ 120.359984254170058, -2.66475521188346, 0.0 ], [ 120.359939421167383, -2.664686518068322, 0.0 ], [ 120.359897242963484, -2.664602164358371, 0.0 ], [ 120.35989001781013, -2.664588317496793, 0.0 ], [ 120.359859884226353, -2.664540338665631, 0.0 ], [ 120.359824008471264, -2.664496537185414, 0.0 ], [ 120.359799648535045, -2.664472264483379, 0.0 ], [ 120.359749599464521, -2.664426066309886, 0.0 ], [ 120.360154560584533, -2.664241992174141, 0.0 ], [ 120.360244316522085, -2.664580302738727, 0.0 ], [ 120.360331771094479, -2.664808145079803, 0.0 ], [ 120.360460651138169, -2.66514645654371, 0.0 ], [ 120.360525091160071, -2.665374297985409, 0.0 ], [ 120.36013154603404, -2.665530795309905, 0.0 ] ] ] ] } },
{ "type": "Feature", "properties": { "OBJECTID": 5067, "WADMPR": "Sulawesi Selatan", "WADMKK": "Kab. Luwu Utara", "WADMKC": "Kec. Masamba", "WADMKD": "Desa Pongo", "POKTAN": "Gapoktan Masagena", "K_POKTAN": "H. Kamaluddin", "P_SID": "Universitas Negeri Makassar", "NO_HP_1": "0813-5551-7977", "NAMA_PEMIL": "Pemerintah Desa", "N_PETAK": "PNB005", "LUAS_HA": 0.36876611488, "PAKET": "Paket Sulawesi Selatan 7" }, "geometry": { "type": "MultiPolygon", "coordinates": [ [ [ [ 120.362568764536945, -2.664069384394509, 0.0 ], [ 120.362085463473477, -2.664124618955952, 0.0 ], [ 120.362103875293656, -2.664239689909721, 0.0 ], [ 120.361933568879181, -2.664271911719311, 0.0 ], [ 120.361882937047994, -2.66373797792528, 0.0 ], [ 120.36208805262163, -2.663700004051918, 0.0 ], [ 120.362520434970179, -2.663618303341991, 0.0 ], [ 120.362568764536945, -2.664069384394509, 0.0 ] ] ] ] } },
{ "type": "Feature", "properties": { "OBJECTID": 5068, "WADMPR": "Sulawesi Selatan", "WADMKK": "Kab. Luwu Utara", "WADMKC": "Kec. Masamba", "WADMKD": "Desa Pongo", "POKTAN": "Gapoktan Masagena", "K_POKTAN": "H. Kamaluddin", "P_SID": "Universitas Negeri Makassar", "NO_HP_1": "0813-5551-7977", "NAMA_PEMIL": "Pemerintah Desa", "N_PETAK": "PNB006", "LUAS_HA": 4.4421947405899997, "PAKET": "Paket Sulawesi Selatan 7" }, "geometry": { "type": "MultiPolygon", "coordinates": [ [ [ [ 120.361726439723498, -2.663673537903378, 0.0 ], [ 120.361882937047994, -2.66373797792528, 0.0 ], [ 120.361933568879181, -2.664271911719311, 0.0 ], [ 120.362103875293656, -2.664239689909721, 0.0 ], [ 120.362085463473477, -2.664124618955952, 0.0 ], [ 120.362568764536945, -2.664069384394509, 0.0 ], [ 120.362568764536945, -2.664262705359533, 0.0 ], [ 120.363590601225383, -2.664092399844321, 0.0 ], [ 120.363570421337954, -2.664355678171944, 0.0 ], [ 120.363569804403028, -2.664359999414387, 0.0 ], [ 120.363568903282271, -2.664366662491432, 0.0 ], [ 120.363565239444256, -2.664423289203398, 0.0 ], [ 120.363568662264015, -2.66447993300244, 0.0 ], [ 120.36357605469118, -2.664522809080324, 0.0 ], [ 120.363586655899553, -2.664570510920271, 0.0 ], [ 120.363623644115933, -2.664736960142534, 0.0 ], [ 120.363625179258634, -2.664743631313513, 0.0 ], [ 120.363558381214375, -2.664819651905361, 0.0 ], [ 120.36343870573171, -2.664907107377076, 0.0 ], [ 120.363342046598177, -2.665063603802253, 0.0 ], [ 120.363240783835181, -2.665174072925083, 0.0 ], [ 120.363305223857083, -2.665353584800073, 0.0 ], [ 120.362111995272471, -2.665432793488606, 0.0 ], [ 120.362101806852934, -2.665366533238853, 0.0 ], [ 120.362089082345392, -2.665306824550271, 0.0 ], [ 120.362076353341081, -2.665247118559648, 0.0 ], [ 120.362063625236146, -2.665187410770329, 0.0 ], [ 120.361979597980167, -2.664911710107276, 0.0 ], [ 120.360851894899042, -2.665259226132321, 0.0 ], [ 120.360543502980363, -2.663581480600783, 0.0 ], [ 120.360639480427722, -2.663539064975794, 0.0 ], [ 120.360710355998208, -2.663515373235839, 0.0 ], [ 120.360781234266597, -2.663491678797868, 0.0 ], [ 120.360852109837083, -2.663467987057913, 0.0 ], [ 120.360922986306832, -2.663444292619943, 0.0 ], [ 120.360993862776581, -2.663420600879988, 0.0 ], [ 120.361141875896919, -2.663862256138145, 0.0 ], [ 120.361726439723498, -2.663673537903378, 0.0 ] ] ] ] } },
{ "type": "Feature", "properties": { "OBJECTID": 5069, "WADMPR": "Sulawesi Selatan", "WADMKK": "Kab. Luwu Utara", "WADMKC": "Kec. Masamba", "WADMKD": "Desa Pongo", "POKTAN": "Gapoktan Masagena", "K_POKTAN": "H. Kamaluddin", "P_SID": "Universitas Negeri Makassar", "NO_HP_1": "0813-5551-7977", "NAMA_PEMIL": "Pemerintah Desa", "N_PETAK": "PNB007", "LUAS_HA": 0.8800776041, "PAKET": "Paket Sulawesi Selatan 7" }, "geometry": { "type": "MultiPolygon", "coordinates": [ [ [ [ 120.363590601225383, -2.664092399844321, 0.0 ], [ 120.362568764536945, -2.664262705359533, 0.0 ], [ 120.362568764536945, -2.664069384394509, 0.0 ], [ 120.362520434970179, -2.663618303341991, 0.0 ], [ 120.363493667798593, -2.663398249129841, 0.0 ], [ 120.363666548972105, -2.663848446148847, 0.0 ], [ 120.363634201257469, -2.663953421313295, 0.0 ], [ 120.363627183847484, -2.663977819920433, 0.0 ], [ 120.363617393827781, -2.66402687613936, 0.0 ], [ 120.363590601225383, -2.664092399844321, 0.0 ] ] ] ] } },
{ "type": "Feature", "properties": { "OBJECTID": 5070, "WADMPR": "Sulawesi Selatan", "WADMKK": "Kab. Luwu Utara", "WADMKC": "Kec. Masamba", "WADMKD": "Desa Pongo", "POKTAN": "Gapoktan Masagena", "K_POKTAN": "H. Kamaluddin", "P_SID": "Universitas Negeri Makassar", "NO_HP_1": "0813-5551-7977", "NAMA_PEMIL": "Pemerintah Desa", "N_PETAK": "PNB008", "LUAS_HA": 0.35819403664, "PAKET": "Paket Sulawesi Selatan 7" }, "geometry": { "type": "MultiPolygon", "coordinates": [ [ [ [ 120.361726439723498, -2.663673537903378, 0.0 ], [ 120.361141875896919, -2.663862256138145, 0.0 ], [ 120.360993862776581, -2.663420600879988, 0.0 ], [ 120.361604463775052, -2.663217854120603, 0.0 ], [ 120.361650492876038, -2.663362844619542, 0.0 ], [ 120.361652794241081, -2.663447996927459, 0.0 ], [ 120.361666602431796, -2.663544657859632, 0.0 ], [ 120.361726439723498, -2.663673537903378, 0.0 ] ] ] ] } },
{ "type": "Feature", "properties": { "OBJECTID": 5071, "WADMPR": "Sulawesi Selatan", "WADMKK": "Kab. Luwu Utara", "WADMKC": "Kec. Masamba", "WADMKD": "Desa Pongo", "POKTAN": "Gapoktan Masagena", "K_POKTAN": "H. Kamaluddin", "P_SID": "Universitas Negeri Makassar", "NO_HP_1": "0813-5551-7977", "NAMA_PEMIL": "Pemerintah Desa", "N_PETAK": "PNB009", "LUAS_HA": 0.21081551392, "PAKET": "Paket Sulawesi Selatan 7" }, "geometry": { "type": "MultiPolygon", "coordinates": [ [ [ [ 120.361869128857279, -2.663191100189067, 0.0 ], [ 120.36208805262163, -2.663700004051918, 0.0 ], [ 120.361882937047994, -2.66373797792528, 0.0 ], [ 120.361726439723498, -2.663673537903378, 0.0 ], [ 120.361666602431796, -2.663544657859632, 0.0 ], [ 120.361652794241081, -2.663447996927459, 0.0 ], [ 120.361650492876038, -2.663362844619542, 0.0 ], [ 120.361604463775052, -2.663217854120603, 0.0 ], [ 120.361844380413913, -2.663136281114419, 0.0 ], [ 120.361869128857279, -2.663191100189067, 0.0 ] ] ] ] } },
{ "type": "Feature", "properties": { "OBJECTID": 5072, "WADMPR": "Sulawesi Selatan", "WADMKK": "Kab. Luwu Utara", "WADMKC": "Kec. Masamba", "WADMKD": "Desa Pongo", "POKTAN": "Gapoktan Masagena", "K_POKTAN": "H. Kamaluddin", "P_SID": "Universitas Negeri Makassar", "NO_HP_1": "0813-5551-7977", "NAMA_PEMIL": "Pemerintah Desa", "N_PETAK": "PNB010", "LUAS_HA": 1.08312887394, "PAKET": "Paket Sulawesi Selatan 7" }, "geometry": { "type": "MultiPolygon", "coordinates": [ [ [ [ 120.363493667798593, -2.663398249129841, 0.0 ], [ 120.362520434970179, -2.663618303341991, 0.0 ], [ 120.36208805262163, -2.663700004051918, 0.0 ], [ 120.361869128857279, -2.663191100189067, 0.0 ], [ 120.36305784644253, -2.662846343284059, 0.0 ], [ 120.363387851768039, -2.662842071504372, 0.0 ], [ 120.363422793127484, -2.663182890278108, 0.0 ], [ 120.363446152118286, -2.663380213226219, 0.0 ], [ 120.363493667798593, -2.663398249129841, 0.0 ] ] ] ] } },
{ "type": "Feature", "properties": { "OBJECTID": 5073, "WADMPR": "Sulawesi Selatan", "WADMKK": "Kab. Luwu Utara", "WADMKC": "Kec. Masamba", "WADMKD": "Desa Pongo", "POKTAN": "Gapoktan Masagena", "K_POKTAN": "H. Kamaluddin", "P_SID": "Universitas Negeri Makassar", "NO_HP_1": "0813-5551-7977", "NAMA_PEMIL": "Pemerintah Desa", "N_PETAK": "PNB011", "LUAS_HA": 0.8586651981, "PAKET": "Paket Sulawesi Selatan 7" }, "geometry": { "type": "MultiPolygon", "coordinates": [ [ [ [ 120.359355962607651, -2.662907159937447, 0.0 ], [ 120.359052173419173, -2.663781704761846, 0.0 ], [ 120.358991515046455, -2.663996574382338, 0.0 ], [ 120.358990865735905, -2.663996441282677, 0.0 ], [ 120.358504431434426, -2.663896776614877, 0.0 ], [ 120.358628709647292, -2.663118891823331, 0.0 ], [ 120.358812824252482, -2.662649398950578, 0.0 ], [ 120.359355962607651, -2.662907159937447, 0.0 ] ] ] ] } },
{ "type": "Feature", "properties": { "OBJECTID": 5074, "WADMPR": "Sulawesi Selatan", "WADMKK": "Kab. Luwu Utara", "WADMKC": "Kec. Masamba", "WADMKD": "Desa Pongo", "POKTAN": "Gapoktan Masagena", "K_POKTAN": "H. Kamaluddin", "P_SID": "Universitas Negeri Makassar", "NO_HP_1": "0813-5551-7977", "NAMA_PEMIL": "Pemerintah Desa", "N_PETAK": "PNB012", "LUAS_HA": 1.59565322067, "PAKET": "Paket Sulawesi Selatan 7" }, "geometry": { "type": "MultiPolygon", "coordinates": [ [ [ [ 120.360154560584533, -2.664241992174141, 0.0 ], [ 120.359749599464521, -2.664426066309886, 0.0 ], [ 120.359644984028819, -2.664329496209234, 0.0 ], [ 120.35962829261166, -2.664314835461255, 0.0 ], [ 120.359583147544299, -2.664281661269627, 0.0 ], [ 120.359458905304336, -2.664201792478707, 0.0 ], [ 120.359434710843288, -2.664186237804586, 0.0 ], [ 120.359416368270786, -2.664174447692574, 0.0 ], [ 120.359366401038642, -2.664146691916244, 0.0 ], [ 120.359331062178853, -2.664129952835026, 0.0 ], [ 120.359312247462299, -2.664121040553539, 0.0 ], [ 120.359139993116287, -2.664039445963624, 0.0 ], [ 120.359088288393878, -2.664018783140307, 0.0 ], [ 120.359032628453065, -2.664004355316706, 0.0 ], [ 120.358991515046455, -2.663996574382338, 0.0 ], [ 120.359052173419173, -2.663781704761846, 0.0 ], [ 120.359355962607651, -2.662907159937447, 0.0 ], [ 120.35983926367112, -2.663077466351922, 0.0 ], [ 120.360060201916895, -2.662336404301584, 0.0 ], [ 120.360069407377296, -2.663137304542943, 0.0 ], [ 120.360097024657989, -2.663372050979319, 0.0 ], [ 120.360143051960335, -2.663731072930602, 0.0 ], [ 120.360161464679891, -2.663998040277306, 0.0 ], [ 120.360154560584533, -2.664241992174141, 0.0 ] ] ] ] } },
{ "type": "Feature", "properties": { "OBJECTID": 5075, "WADMPR": "Sulawesi Selatan", "WADMKK": "Kab. Luwu Utara", "WADMKC": "Kec. Masamba", "WADMKD": "Desa Pongo", "POKTAN": "Gapoktan Masagena", "K_POKTAN": "H. Kamaluddin", "P_SID": "Universitas Negeri Makassar", "NO_HP_1": "0813-5551-7977", "NAMA_PEMIL": "Pemerintah Desa", "N_PETAK": "PNB013", "LUAS_HA": 0.33941315862, "PAKET": "Paket Sulawesi Selatan 7" }, "geometry": { "type": "MultiPolygon", "coordinates": [ [ [ [ 120.358812824252482, -2.662649398950578, 0.0 ], [ 120.358628709647292, -2.663118891823331, 0.0 ], [ 120.3583801550202, -2.662918666763005, 0.0 ], [ 120.358794412432303, -2.662126973780744, 0.0 ], [ 120.358923293375369, -2.662126973780744, 0.0 ], [ 120.359148833451968, -2.662028013282168, 0.0 ], [ 120.359098202520045, -2.66210165876447, 0.0 ], [ 120.358812824252482, -2.662649398950578, 0.0 ] ] ] ] } },
{ "type": "Feature", "properties": { "OBJECTID": 5076, "WADMPR": "Sulawesi Selatan", "WADMKK": "Kab. Luwu Utara", "WADMKC": "Kec. Masamba", "WADMKD": "Desa Pongo", "POKTAN": "Gapoktan Masagena", "K_POKTAN": "H. Kamaluddin", "P_SID": "Universitas Negeri Makassar", "NO_HP_1": "0813-5551-7977", "NAMA_PEMIL": "Pemerintah Desa", "N_PETAK": "PNB014", "LUAS_HA": 0.51414395458999995, "PAKET": "Paket Sulawesi Selatan 7" }, "geometry": { "type": "MultiPolygon", "coordinates": [ [ [ [ 120.360060201916895, -2.662336404301584, 0.0 ], [ 120.35983926367112, -2.663077466351922, 0.0 ], [ 120.359355962607651, -2.662907159937447, 0.0 ], [ 120.359668958155908, -2.662028013282168, 0.0 ], [ 120.360060201916895, -2.662336404301584, 0.0 ] ] ] ] } },
{ "type": "Feature", "properties": { "OBJECTID": 5077, "WADMPR": "Sulawesi Selatan", "WADMKK": "Kab. Luwu Utara", "WADMKC": "Kec. Masamba", "WADMKD": "Desa Pongo", "POKTAN": "Gapoktan Masagena", "K_POKTAN": "H. Kamaluddin", "P_SID": "Universitas Negeri Makassar", "NO_HP_1": "0813-5551-7977", "NAMA_PEMIL": "Pemerintah Desa", "N_PETAK": "PNB015", "LUAS_HA": 0.54450693154999996, "PAKET": "Paket Sulawesi Selatan 7" }, "geometry": { "type": "MultiPolygon", "coordinates": [ [ [ [ 120.359668958155908, -2.662028013282168, 0.0 ], [ 120.359355962607651, -2.662907159937447, 0.0 ], [ 120.358812824252482, -2.662649398950578, 0.0 ], [ 120.359148833451968, -2.662028013282168, 0.0 ], [ 120.359254699844541, -2.662009600562556, 0.0 ], [ 120.359314537136243, -2.661972777821404, 0.0 ], [ 120.359415799899352, -2.662064835123999, 0.0 ], [ 120.359586106313827, -2.662018806023013, 0.0 ], [ 120.359668958155908, -2.662028013282168, 0.0 ] ] ] ] } },
{ "type": "Feature", "properties": { "OBJECTID": 5078, "WADMPR": "Sulawesi Selatan", "WADMKK": "Kab. Luwu Utara", "WADMKC": "Kec. Masamba", "WADMKD": "Desa Pongo", "POKTAN": "Gapoktan Masagena", "K_POKTAN": "H. Kamaluddin", "P_SID": "Universitas Negeri Makassar", "NO_HP_1": "0813-5551-7977", "NAMA_PEMIL": "Pemerintah Desa", "N_PETAK": "PNB016", "LUAS_HA": 1.68907473897, "PAKET": "Paket Sulawesi Selatan 7" }, "geometry": { "type": "MultiPolygon", "coordinates": [ [ [ [ 120.35903376159888, -2.66173112818899, 0.0 ], [ 120.358794412432303, -2.662126973780744, 0.0 ], [ 120.3583801550202, -2.662918666763005, 0.0 ], [ 120.35783701666503, -2.662532026631652, 0.0 ], [ 120.357726547542143, -2.662670113035233, 0.0 ], [ 120.357505609296481, -2.662495202991181, 0.0 ], [ 120.358182231325031, -2.661164974384008, 0.0 ], [ 120.35903376159888, -2.66173112818899, 0.0 ] ] ] ] } },
{ "type": "Feature", "properties": { "OBJECTID": 5079, "WADMPR": "Sulawesi Selatan", "WADMKK": "Kab. Luwu Utara", "WADMKC": "Kec. Masamba", "WADMKD": "Desa Pongo", "POKTAN": "Gapoktan Masagena", "K_POKTAN": "H. Kamaluddin", "P_SID": "Universitas Negeri Makassar", "NO_HP_1": "0813-5551-7977", "NAMA_PEMIL": "Pemerintah Desa", "N_PETAK": "PNB017", "LUAS_HA": 1.7378331738, "PAKET": "Paket Sulawesi Selatan 7" }, "geometry": { "type": "MultiPolygon", "coordinates": [ [ [ [ 120.35903376159888, -2.66173112818899, 0.0 ], [ 120.358182231325031, -2.661164974384008, 0.0 ], [ 120.358246671346819, -2.660921023386493, 0.0 ], [ 120.358619504186777, -2.660930228846951, 0.0 ], [ 120.358637915107806, -2.660810553364286, 0.0 ], [ 120.359268508035257, -2.660801348803147, 0.0 ], [ 120.359774823649218, -2.660810553364286, 0.0 ], [ 120.359928450337748, -2.66122118381054, 0.0 ], [ 120.359884185706619, -2.661237867133821, 0.0 ], [ 120.359839921974867, -2.661254551356421, 0.0 ], [ 120.359831028579151, -2.661325312712961, 0.0 ], [ 120.359822137881451, -2.66139607676746, 0.0 ], [ 120.359813244485736, -2.661466839023376, 0.0 ], [ 120.359810708397504, -2.661531338400493, 0.0 ], [ 120.359808170510746, -2.661595838676988, 0.0 ], [ 120.359805634422514, -2.661660338953425, 0.0 ], [ 120.359803098334396, -2.661724841028558, 0.0 ], [ 120.359786646136854, -2.66178139309676, 0.0 ], [ 120.359770193939312, -2.661837948762297, 0.0 ], [ 120.359753741741883, -2.661894500830499, 0.0 ], [ 120.359737288644965, -2.66195105379802, 0.0 ], [ 120.359480239921254, -2.661864610063674, 0.0 ], [ 120.359448019910246, -2.661919844625061, 0.0 ], [ 120.359498651741433, -2.661984285546282, 0.0 ], [ 120.359429608989331, -2.662002697366518, 0.0 ], [ 120.359319139866443, -2.661910639164603, 0.0 ], [ 120.359222479833647, -2.661954366900488, 0.0 ], [ 120.359063680244731, -2.662004998731675, 0.0 ], [ 120.358902580190033, -2.662074040584457, 0.0 ], [ 120.358835838802975, -2.662074040584457, 0.0 ], [ 120.35903376159888, -2.66173112818899, 0.0 ] ] ] ] } },
{ "type": "Feature", "properties": { "OBJECTID": 5080, "WADMPR": "Sulawesi Selatan", "WADMKK": "Kab. Luwu Utara", "WADMKC": "Kec. Masamba", "WADMKD": "Desa Pongo", "POKTAN": "Gapoktan Masagena", "K_POKTAN": "H. Kamaluddin", "P_SID": "Universitas Negeri Makassar", "NO_HP_1": "0813-5551-7977", "NAMA_PEMIL": "Pemerintah Desa", "N_PETAK": "PNB018", "LUAS_HA": 0.92540827782000001, "PAKET": "Paket Sulawesi Selatan 7" }, "geometry": { "type": "MultiPolygon", "coordinates": [ [ [ [ 120.363316155116536, -2.66136030893108, 0.0 ], [ 120.362340347529084, -2.661502997165542, 0.0 ], [ 120.362257494787627, -2.660734319633093, 0.0 ], [ 120.363183247908637, -2.660642836997283, 0.0 ], [ 120.363274729645127, -2.66063305597072, 0.0 ], [ 120.363316155116536, -2.66136030893108, 0.0 ] ] ] ] } },
{ "type": "Feature", "properties": { "OBJECTID": 5081, "WADMPR": "Sulawesi Selatan", "WADMKK": "Kab. Luwu Utara", "WADMKC": "Kec. Masamba", "WADMKD": "Desa Pongo", "POKTAN": "Gapoktan Masagena", "K_POKTAN": "H. Kamaluddin", "P_SID": "Universitas Negeri Makassar", "NO_HP_1": "0813-5551-7977", "NAMA_PEMIL": "Pemerintah Desa", "N_PETAK": "PNB019", "LUAS_HA": 0.1750786069, "PAKET": "Paket Sulawesi Selatan 7" }, "geometry": { "type": "MultiPolygon", "coordinates": [ [ [ [ 120.359899676528926, -2.660342788089167, 0.0 ], [ 120.35996785683119, -2.660315746374522, 0.0 ], [ 120.360050707774008, -2.660930228846951, 0.0 ], [ 120.360011583667756, -2.661118946182398, 0.0 ], [ 120.359668670372912, -2.660430816428971, 0.0 ], [ 120.359899676528926, -2.660342788089167, 0.0 ] ] ] ] } },
{ "type": "Feature", "properties": { "OBJECTID": 5082, "WADMPR": "Sulawesi Selatan", "WADMKK": "Kab. Luwu Utara", "WADMKC": "Kec. Masamba", "WADMKD": "Desa Pongo", "POKTAN": "Gapoktan Masagena", "K_POKTAN": "H. Kamaluddin", "P_SID": "Universitas Negeri Makassar", "NO_HP_1": "0813-5551-7977", "NAMA_PEMIL": "Pemerintah Desa", "N_PETAK": "PNB020", "LUAS_HA": 4.8857748643200001, "PAKET": "Paket Sulawesi Selatan 7" }, "geometry": { "type": "MultiPolygon", "coordinates": [ [ [ [ 120.362257494787627, -2.660734319633093, 0.0 ], [ 120.362340347529084, -2.661502997165542, 0.0 ], [ 120.363316155116536, -2.66136030893108, 0.0 ], [ 120.36375561153227, -2.661229095146552, 0.0 ], [ 120.363721389630541, -2.661651154177378, 0.0 ], [ 120.363719904849745, -2.661686910322601, 0.0 ], [ 120.363721145014892, -2.661721445188505, 0.0 ], [ 120.363744939277581, -2.662042672231507, 0.0 ], [ 120.36307379142238, -2.662375112921097, 0.0 ], [ 120.362554691046171, -2.66240293614652, 0.0 ], [ 120.362404461097071, -2.662410988676129, 0.0 ], [ 120.362336017293387, -2.662414657910062, 0.0 ], [ 120.361998651916338, -2.662434699301912, 0.0 ], [ 120.361631588227283, -2.662449051582428, 0.0 ], [ 120.361604246139109, -2.662450119976995, 0.0 ], [ 120.36157344256037, -2.662423036893586, 0.0 ], [ 120.361501799868279, -2.662423262623406, 0.0 ], [ 120.361430157176073, -2.662423486554587, 0.0 ], [ 120.361358513584605, -2.662423708687186, 0.0 ], [ 120.3612868708924, -2.662423934417006, 0.0 ], [ 120.361215228200308, -2.662424157448868, 0.0 ], [ 120.361143583709463, -2.662424380480729, 0.0 ], [ 120.361071941916634, -2.66242460531123, 0.0 ], [ 120.361000300123806, -2.662424829242411, 0.0 ], [ 120.360928656532337, -2.662425051374953, 0.0 ], [ 120.360857012940869, -2.66242527710483, 0.0 ], [ 120.360785370248664, -2.662425500136692, 0.0 ], [ 120.360713726657195, -2.662425723168553, 0.0 ], [ 120.360642083065727, -2.662425948898374, 0.0 ], [ 120.360570441272898, -2.662426171930235, 0.0 ], [ 120.360490282001024, -2.662423859773241, 0.0 ], [ 120.360475858674022, -2.662132700663562, 0.0 ], [ 120.360545983310544, -2.662121567955921, 0.0 ], [ 120.360616107047804, -2.662110434349017, 0.0 ], [ 120.360686229885687, -2.662099300742113, 0.0 ], [ 120.360756355421472, -2.662088167135153, 0.0 ], [ 120.360826479158732, -2.662077033528249, 0.0 ], [ 120.360896604694631, -2.662065899021968, 0.0 ], [ 120.360966727532514, -2.662054766314384, 0.0 ], [ 120.361036851269773, -2.662043632707423, 0.0 ], [ 120.361106976805559, -2.662032499100519, 0.0 ], [ 120.361177098744179, -2.662021365493558, 0.0 ], [ 120.361247224280078, -2.662010232785974, 0.0 ], [ 120.361317348017224, -2.661999100078333, 0.0 ], [ 120.361387471754483, -2.661987966471429, 0.0 ], [ 120.36136148314597, -2.66192764354588, 0.0 ], [ 120.361335492738817, -2.661867317922315, 0.0 ], [ 120.361309502331778, -2.661806994996766, 0.0 ], [ 120.361283513723265, -2.661746670272578, 0.0 ], [ 120.361257523316112, -2.661686347347029, 0.0 ], [ 120.361231534707599, -2.661626024421423, 0.0 ], [ 120.361205545199823, -2.661565698797915, 0.0 ], [ 120.361179555692047, -2.661505376771686, 0.0 ], [ 120.361157821776146, -2.661436465320548, 0.0 ], [ 120.361136087860245, -2.661367557466747, 0.0 ], [ 120.361114353044968, -2.661298648713625, 0.0 ], [ 120.361092619129181, -2.661229738161865, 0.0 ], [ 120.361071515637946, -2.661162826802979, 0.0 ], [ 120.361050410348184, -2.661095914544774, 0.0 ], [ 120.361029308655702, -2.661029004085208, 0.0 ], [ 120.36100820516458, -2.660962093625699, 0.0 ], [ 120.360987100774196, -2.660895182266813, 0.0 ], [ 120.360965996383698, -2.660828270008608, 0.0 ], [ 120.360944892892576, -2.660761357750403, 0.0 ], [ 120.360933966129664, -2.660694934723438, 0.0 ], [ 120.360923041165506, -2.660628511696416, 0.0 ], [ 120.360912113503332, -2.660562087770074, 0.0 ], [ 120.360901186740421, -2.660495666541749, 0.0 ], [ 120.360890261776262, -2.660429242615407, 0.0 ], [ 120.361359936312056, -2.66042132318546, 0.0 ], [ 120.361857046465616, -2.660284676596518, 0.0 ], [ 120.362243975279284, -2.66042851506387, 0.0 ], [ 120.362257494787627, -2.660734319633093, 0.0 ] ] ] ] } },
{ "type": "Feature", "properties": { "OBJECTID": 5083, "WADMPR": "Sulawesi Selatan", "WADMKK": "Kab. Luwu Utara", "WADMKC": "Kec. Masamba", "WADMKD": "Desa Pongo", "POKTAN": "Gapoktan Masagena", "K_POKTAN": "H. Kamaluddin", "P_SID": "Universitas Negeri Makassar", "NO_HP_1": "0813-5551-7977", "NAMA_PEMIL": "Pemerintah Desa", "N_PETAK": "PNB021", "LUAS_HA": 1.20491342835, "PAKET": "Paket Sulawesi Selatan 7" }, "geometry": { "type": "MultiPolygon", "coordinates": [ [ [ [ 120.36375561153227, -2.661229095146552, 0.0 ], [ 120.363316155116536, -2.66136030893108, 0.0 ], [ 120.363274729645127, -2.66063305597072, 0.0 ], [ 120.363183247908637, -2.660642836997283, 0.0 ], [ 120.363141435728721, -2.660034668664991, 0.0 ], [ 120.364038806245958, -2.660031519239169, 0.0 ], [ 120.364022030292517, -2.660306585880164, 0.0 ], [ 120.364018093060622, -2.661216757347404, 0.0 ], [ 120.36375561153227, -2.661229095146552, 0.0 ] ] ] ] } },
{ "type": "Feature", "properties": { "OBJECTID": 5084, "WADMPR": "Sulawesi Selatan", "WADMKK": "Kab. Luwu Utara", "WADMKC": "Kec. Masamba", "WADMKD": "Desa Pongo", "POKTAN": "Gapoktan Masagena", "K_POKTAN": "H. Kamaluddin", "P_SID": "Universitas Negeri Makassar", "NO_HP_1": "0813-5551-7977", "NAMA_PEMIL": "Pemerintah Desa", "N_PETAK": "PNB022", "LUAS_HA": 0.74590297643000003, "PAKET": "Paket Sulawesi Selatan 7" }, "geometry": { "type": "MultiPolygon", "coordinates": [ [ [ [ 120.361857046465616, -2.660284676596518, 0.0 ], [ 120.361359936312056, -2.66042132318546, 0.0 ], [ 120.361272481739661, -2.659169344589543, 0.0 ], [ 120.361764989163021, -2.659118712758357, 0.0 ], [ 120.361857046465616, -2.660284676596518, 0.0 ] ] ] ] } },
{ "type": "Feature", "properties": { "OBJECTID": 5085, "WADMPR": "Sulawesi Selatan", "WADMKK": "Kab. Luwu Utara", "WADMKC": "Kec. Masamba", "WADMKD": "Desa Pongo", "POKTAN": "Gapoktan Masagena", "K_POKTAN": "H. Kamaluddin", "P_SID": "Universitas Negeri Makassar", "NO_HP_1": "0813-5551-7977", "NAMA_PEMIL": "Pemerintah Desa", "N_PETAK": "PNB023", "LUAS_HA": 0.68127072598000005, "PAKET": "Paket Sulawesi Selatan 7" }, "geometry": { "type": "MultiPolygon", "coordinates": [ [ [ [ 120.35996785683119, -2.660315746374522, 0.0 ], [ 120.359899676528926, -2.660342788089167, 0.0 ], [ 120.359850483612945, -2.660209879981949, 0.0 ], [ 120.359601928985853, -2.660304238649644, 0.0 ], [ 120.359567406710539, -2.660179960436778, 0.0 ], [ 120.359479952138145, -2.659146617822103, 0.0 ], [ 120.359972459561391, -2.658916474115927, 0.0 ], [ 120.35996785683119, -2.660315746374522, 0.0 ] ] ] ] } },
{ "type": "Feature", "properties": { "OBJECTID": 5086, "WADMPR": "Sulawesi Selatan", "WADMKK": "Kab. Luwu Utara", "WADMKC": "Kec. Masamba", "WADMKD": "Desa Pongo", "POKTAN": "Gapoktan Masagena", "K_POKTAN": "H. Kamaluddin", "P_SID": "Universitas Negeri Makassar", "NO_HP_1": "0813-5551-7977", "NAMA_PEMIL": "Pemerintah Desa", "N_PETAK": "PNB024", "LUAS_HA": 1.01765562796, "PAKET": "Paket Sulawesi Selatan 7" }, "geometry": { "type": "MultiPolygon", "coordinates": [ [ [ [ 120.35302979588846, -2.658789066262329, 0.0 ], [ 120.353059855727793, -2.658787637239641, 0.0 ], [ 120.35325166403311, -2.658849121189917, 0.0 ], [ 120.353222497220486, -2.659042190344735, 0.0 ], [ 120.35267935886543, -2.66006862886411, 0.0 ], [ 120.352150028700976, -2.659562313250092, 0.0 ], [ 120.352619521573729, -2.658673960235035, 0.0 ], [ 120.35302979588846, -2.658789066262329, 0.0 ] ] ] ] } },
{ "type": "Feature", "properties": { "OBJECTID": 5087, "WADMPR": "Sulawesi Selatan", "WADMKK": "Kab. Luwu Utara", "WADMKC": "Kec. Masamba", "WADMKD": "Desa Pongo", "POKTAN": "Gapoktan Masagena", "K_POKTAN": "H. Kamaluddin", "P_SID": "Universitas Negeri Makassar", "NO_HP_1": "0813-5551-7977", "NAMA_PEMIL": "Pemerintah Desa", "N_PETAK": "PNB025", "LUAS_HA": 0.21450559258, "PAKET": "Paket Sulawesi Selatan 7" }, "geometry": { "type": "MultiPolygon", "coordinates": [ [ [ [ 120.359972459561391, -2.658916474115927, 0.0 ], [ 120.359479952138145, -2.659146617822103, 0.0 ], [ 120.359498363958437, -2.658833622273789, 0.0 ], [ 120.359576613070317, -2.658589670376955, 0.0 ], [ 120.35996785683119, -2.658718550420701, 0.0 ], [ 120.359972459561391, -2.658916474115927, 0.0 ] ] ] ] } },
{ "type": "Feature", "properties": { "OBJECTID": 5088, "WADMPR": "Sulawesi Selatan", "WADMKK": "Kab. Luwu Utara", "WADMKC": "Kec. Masamba", "WADMKD": "Desa Pongo", "POKTAN": "Gapoktan Masagena", "K_POKTAN": "H. Kamaluddin", "P_SID": "Universitas Negeri Makassar", "NO_HP_1": "0813-5551-7977", "NAMA_PEMIL": "Pemerintah Desa", "N_PETAK": "PNB026", "LUAS_HA": 0.90260507771999998, "PAKET": "Paket Sulawesi Selatan 7" }, "geometry": { "type": "MultiPolygon", "coordinates": [ [ [ [ 120.352619521573729, -2.658673960235035, 0.0 ], [ 120.352173043251355, -2.659447242296324, 0.0 ], [ 120.351770290866284, -2.659490969132889, 0.0 ], [ 120.351533299722064, -2.659497275179035, 0.0 ], [ 120.351498722588076, -2.659290744971884, 0.0 ], [ 120.351521737138569, -2.659023778524499, 0.0 ], [ 120.351662124907193, -2.658634836128726, 0.0 ], [ 120.351744976749387, -2.658538176095931, 0.0 ], [ 120.351853143607741, -2.658598012488255, 0.0 ], [ 120.35210399959999, -2.658625630668269, 0.0 ], [ 120.352341047401524, -2.658616424308491, 0.0 ], [ 120.352619521573729, -2.658673960235035, 0.0 ] ] ] ] } },
{ "type": "Feature", "properties": { "OBJECTID": 5089, "WADMPR": "Sulawesi Selatan", "WADMKK": "Kab. Luwu Utara", "WADMKC": "Kec. Masamba", "WADMKD": "Desa Pongo", "POKTAN": "Gapoktan Masagena", "K_POKTAN": "H. Kamaluddin", "P_SID": "Universitas Negeri Makassar", "NO_HP_1": "0813-5551-7977", "NAMA_PEMIL": "Pemerintah Desa", "N_PETAK": "PNB027", "LUAS_HA": 1.93057945817, "PAKET": "Paket Sulawesi Selatan 7" }, "geometry": { "type": "MultiPolygon", "coordinates": [ [ [ [ 120.361764989163021, -2.659118712758357, 0.0 ], [ 120.361272481739661, -2.659169344589543, 0.0 ], [ 120.361359936312056, -2.66042132318546, 0.0 ], [ 120.360890261776262, -2.660429242615407, 0.0 ], [ 120.360801926767522, -2.659230947250364, 0.0 ], [ 120.360734983033126, -2.659257809100552, 0.0 ], [ 120.360668038399353, -2.65928467095074, 0.0 ], [ 120.360601094664844, -2.659311531901608, 0.0 ], [ 120.360534150031071, -2.659338395550492, 0.0 ], [ 120.360467206296562, -2.659365258299999, 0.0 ], [ 120.360400261662789, -2.659392120150187, 0.0 ], [ 120.360333317029017, -2.659418981101055, 0.0 ], [ 120.360266373294508, -2.659445842051923, 0.0 ], [ 120.360199428660735, -2.659472703902111, 0.0 ], [ 120.36017239683872, -2.65885634904123, 0.0 ], [ 120.360733946114806, -2.65859858805436, 0.0 ], [ 120.361718960062035, -2.65849272256105, 0.0 ], [ 120.361764989163021, -2.659118712758357, 0.0 ] ] ] ] } },
{ "type": "Feature", "properties": { "OBJECTID": 5090, "WADMPR": "Sulawesi Selatan", "WADMKK": "Kab. Luwu Utara", "WADMKC": "Kec. Masamba", "WADMKD": "Desa Pongo", "POKTAN": "Gapoktan Masagena", "K_POKTAN": "H. Kamaluddin", "P_SID": "Universitas Negeri Makassar", "NO_HP_1": "0813-5551-7977", "NAMA_PEMIL": "Pemerintah Desa", "N_PETAK": "PNB028", "LUAS_HA": 0.3839466029, "PAKET": "Paket Sulawesi Selatan 7" }, "geometry": { "type": "MultiPolygon", "coordinates": [ [ [ [ 120.35325166403311, -2.658849121189917, 0.0 ], [ 120.353059855727793, -2.658787637239641, 0.0 ], [ 120.35303695359255, -2.658374405954021, 0.0 ], [ 120.353031227609108, -2.658106304562239, 0.0 ], [ 120.35303265932987, -2.658071273270593, 0.0 ], [ 120.353455640165748, -2.658072704091978, 0.0 ], [ 120.35343989393607, -2.658889157208819, 0.0 ], [ 120.35325166403311, -2.658849121189917, 0.0 ] ] ] ] } },
{ "type": "Feature", "properties": { "OBJECTID": 5091, "WADMPR": "Sulawesi Selatan", "WADMKK": "Kab. Luwu Utara", "WADMKC": "Kec. Masamba", "WADMKD": "Desa Pongo", "POKTAN": "Gapoktan Masagena", "K_POKTAN": "H. Kamaluddin", "P_SID": "Universitas Negeri Makassar", "NO_HP_1": "0813-5551-7977", "NAMA_PEMIL": "Pemerintah Desa", "N_PETAK": "PNB029", "LUAS_HA": 0.78183499554000002, "PAKET": "Paket Sulawesi Selatan 7" }, "geometry": { "type": "MultiPolygon", "coordinates": [ [ [ [ 120.35302979588846, -2.658789066262329, 0.0 ], [ 120.352697709531753, -2.658694695004101, 0.0 ], [ 120.352557432379626, -2.658588884369465, 0.0 ], [ 120.352110833548181, -2.658563147571158, 0.0 ], [ 120.351861767206856, -2.658534550928721, 0.0 ], [ 120.351821688919927, -2.658468777212249, 0.0 ], [ 120.35198343828506, -2.658045536472287, 0.0 ], [ 120.352989716702155, -2.658065553582389, 0.0 ], [ 120.35302979588846, -2.658789066262329, 0.0 ] ] ] ] } },
{ "type": "Feature", "properties": { "OBJECTID": 5092, "WADMPR": "Sulawesi Selatan", "WADMKK": "Kab. Luwu Utara", "WADMKC": "Kec. Masamba", "WADMKD": "Desa Pongo", "POKTAN": "Gapoktan Masagena", "K_POKTAN": "H. Kamaluddin", "P_SID": "Universitas Negeri Makassar", "NO_HP_1": "0813-5551-7977", "NAMA_PEMIL": "Pemerintah Desa", "N_PETAK": "PNB030", "LUAS_HA": 0.39813207594, "PAKET": "Paket Sulawesi Selatan 7" }, "geometry": { "type": "MultiPolygon", "coordinates": [ [ [ [ 120.362570608147166, -2.658379773107981, 0.0 ], [ 120.362414280794496, -2.658380239856115, 0.0 ], [ 120.362405075333982, -2.657533312312466, 0.0 ], [ 120.362752592258403, -2.657531010048046, 0.0 ], [ 120.362834369410734, -2.658361949444384, 0.0 ], [ 120.362768428420281, -2.658366405585127, 0.0 ], [ 120.362702488329205, -2.658370862625191, 0.0 ], [ 120.362636548238129, -2.658375316967238, 0.0 ], [ 120.362570608147166, -2.658379773107981, 0.0 ] ] ] ] } },
{ "type": "Feature", "properties": { "OBJECTID": 5093, "WADMPR": "Sulawesi Selatan", "WADMKK": "Kab. Luwu Utara", "WADMKC": "Kec. Masamba", "WADMKD": "Desa Pongo", "POKTAN": "Gapoktan Masagena", "K_POKTAN": "H. Kamaluddin", "P_SID": "Universitas Negeri Makassar", "NO_HP_1": "0813-5551-7977", "NAMA_PEMIL": "Pemerintah Desa", "N_PETAK": "PNB031", "LUAS_HA": 0.1227704316, "PAKET": "Paket Sulawesi Selatan 7" }, "geometry": { "type": "MultiPolygon", "coordinates": [ [ [ [ 120.352755523348833, -2.657349356887266, 0.0 ], [ 120.352684111782423, -2.657164023700659, 0.0 ], [ 120.352654051942977, -2.656954904345298, 0.0 ], [ 120.352913852592337, -2.656871256603154, 0.0 ], [ 120.35293210253451, -2.657317376995309, 0.0 ], [ 120.352755523348833, -2.657349356887266, 0.0 ] ] ] ] } },
{ "type": "Feature", "properties": { "OBJECTID": 5094, "WADMPR": "Sulawesi Selatan", "WADMKK": "Kab. Luwu Utara", "WADMKC": "Kec. Masamba", "WADMKD": "Desa Pongo", "POKTAN": "Gapoktan Masagena", "K_POKTAN": "H. Kamaluddin", "P_SID": "Universitas Negeri Makassar", "NO_HP_1": "0813-5551-7977", "NAMA_PEMIL": "Pemerintah Desa", "N_PETAK": "PNB032", "LUAS_HA": 5.7813472837799997, "PAKET": "Paket Sulawesi Selatan 7" }, "geometry": { "type": "MultiPolygon", "coordinates": [ [ [ [ 120.361691630564337, -2.656962556676604, 0.0 ], [ 120.361360224095165, -2.65766219235627, 0.0 ], [ 120.362255482104842, -2.657552873466273, 0.0 ], [ 120.362405075333982, -2.657533312312466, 0.0 ], [ 120.362414280794496, -2.658380239856115, 0.0 ], [ 120.362570608147166, -2.658379773107981, 0.0 ], [ 120.362574785498055, -2.658451110930002, 0.0 ], [ 120.362578962848943, -2.658522448751967, 0.0 ], [ 120.362583140199831, -2.658593783875972, 0.0 ], [ 120.362587317550719, -2.658665121697936, 0.0 ], [ 120.362591494901608, -2.658736459519957, 0.0 ], [ 120.362595673151873, -2.658807794643963, 0.0 ], [ 120.362599850502761, -2.658879132465927, 0.0 ], [ 120.362604026954386, -2.658950470287948, 0.0 ], [ 120.362608205204538, -2.659021805411953, 0.0 ], [ 120.362612382555426, -2.659093143233918, 0.0 ], [ 120.362616559906428, -2.659164479257242, 0.0 ], [ 120.362620737257316, -2.659235817079264, 0.0 ], [ 120.362624913708828, -2.659307154901228, 0.0 ], [ 120.362630731423224, -2.659377950432031, 0.0 ], [ 120.362636548238129, -2.659448749560113, 0.0 ], [ 120.362642364153885, -2.659519544191539, 0.0 ], [ 120.36264818096879, -2.659590343319621, 0.0 ], [ 120.362653996884546, -2.659661142447703, 0.0 ], [ 120.362659813699452, -2.659731938877826, 0.0 ], [ 120.362665629615208, -2.659802737106588, 0.0 ], [ 120.362671446430227, -2.659873532637391, 0.0 ], [ 120.362677264144509, -2.659944330866153, 0.0 ], [ 120.362683079160888, -2.660015127296219, 0.0 ], [ 120.362688895975793, -2.660085926424301, 0.0 ], [ 120.362694712790812, -2.660156721955104, 0.0 ], [ 120.362700529605831, -2.660227520183867, 0.0 ], [ 120.362706344622211, -2.660298317513309, 0.0 ], [ 120.362770397036229, -2.660292335223062, 0.0 ], [ 120.362834447651721, -2.660286353832134, 0.0 ], [ 120.362898501864379, -2.660280371541887, 0.0 ], [ 120.362962553379248, -2.66027438925164, 0.0 ], [ 120.363026607591905, -2.660268406961393, 0.0 ], [ 120.363090660006037, -2.660262425570409, 0.0 ], [ 120.363154713319432, -2.660256443280161, 0.0 ], [ 120.363183247908637, -2.660642836997283, 0.0 ], [ 120.362257494787627, -2.660734319633093, 0.0 ], [ 120.362243975279284, -2.66042851506387, 0.0 ], [ 120.361857046465616, -2.660284676596518, 0.0 ], [ 120.361764989163021, -2.659118712758357, 0.0 ], [ 120.361718960062035, -2.65849272256105, 0.0 ], [ 120.361221850807851, -2.658534148032459, 0.0 ], [ 120.360733946114806, -2.65859858805436, 0.0 ], [ 120.36017239683872, -2.65885634904123, 0.0 ], [ 120.360149670071223, -2.658361828035879, 0.0 ], [ 120.360789468459302, -2.656810661183044, 0.0 ], [ 120.361691630564337, -2.656962556676604, 0.0 ] ] ] ] } },
{ "type": "Feature", "properties": { "OBJECTID": 5095, "WADMPR": "Sulawesi Selatan", "WADMKK": "Kab. Luwu Utara", "WADMKC": "Kec. Masamba", "WADMKD": "Desa Pongo", "POKTAN": "Gapoktan Masagena", "K_POKTAN": "H. Kamaluddin", "P_SID": "Universitas Negeri Makassar", "NO_HP_1": "0813-5551-7977", "NAMA_PEMIL": "Pemerintah Desa", "N_PETAK": "PNB033", "LUAS_HA": 0.11577443826, "PAKET": "Paket Sulawesi Selatan 7" }, "geometry": { "type": "MultiPolygon", "coordinates": [ [ [ [ 120.353274567067729, -2.657269118474971, 0.0 ], [ 120.352993295104511, -2.657305579688682, 0.0 ], [ 120.352963236164442, -2.656824071873359, 0.0 ], [ 120.353014766418369, -2.656814420349178, 0.0 ], [ 120.353077032778856, -2.656800478159482, 0.0 ], [ 120.353137151558371, -2.656950615478479, 0.0 ], [ 120.353196197446664, -2.657110402523017, 0.0 ], [ 120.353220889232716, -2.657179036982939, 0.0 ], [ 120.353274567067729, -2.657269118474971, 0.0 ] ] ] ] } },
{ "type": "Feature", "properties": { "OBJECTID": 5096, "WADMPR": "Sulawesi Selatan", "WADMKK": "Kab. Luwu Utara", "WADMKC": "Kec. Masamba", "WADMKD": "Desa Pongo", "POKTAN": "Gapoktan Masagena", "K_POKTAN": "H. Kamaluddin", "P_SID": "Universitas Negeri Makassar", "NO_HP_1": "0813-5551-7977", "NAMA_PEMIL": "Pemerintah Desa", "N_PETAK": "PNB034", "LUAS_HA": 0.67899723512, "PAKET": "Paket Sulawesi Selatan 7" }, "geometry": { "type": "MultiPolygon", "coordinates": [ [ [ [ 120.360021652477371, -2.65829422329972, 0.0 ], [ 120.359989432466364, -2.658487544264688, 0.0 ], [ 120.359616600525783, -2.658423103343523, 0.0 ], [ 120.360348456216343, -2.656692425514962, 0.0 ], [ 120.360601613573635, -2.656747659177086, 0.0 ], [ 120.360021652477371, -2.65829422329972, 0.0 ] ] ] ] } },
{ "type": "Feature", "properties": { "OBJECTID": 5097, "WADMPR": "Sulawesi Selatan", "WADMKK": "Kab. Luwu Utara", "WADMKC": "Kec. Masamba", "WADMKD": "Desa Pongo", "POKTAN": "Gapoktan Masagena", "K_POKTAN": "H. Kamaluddin", "P_SID": "Universitas Negeri Makassar", "NO_HP_1": "0813-5551-7977", "NAMA_PEMIL": "Pemerintah Desa", "N_PETAK": "PNB035", "LUAS_HA": 0.3118690936, "PAKET": "Paket Sulawesi Selatan 7" }, "geometry": { "type": "MultiPolygon", "coordinates": [ [ [ [ 120.35369439308181, -2.657183142388078, 0.0 ], [ 120.353636070248513, -2.657222967965538, 0.0 ], [ 120.353373334212051, -2.65734954844288, 0.0 ], [ 120.353339833566565, -2.657261734141684, 0.0 ], [ 120.353274567067729, -2.657269118474971, 0.0 ], [ 120.353057709046084, -2.656753293429688, 0.0 ], [ 120.353403393152121, -2.65662031607468, 0.0 ], [ 120.353433452991567, -2.656680370102947, 0.0 ], [ 120.35369439308181, -2.657183142388078, 0.0 ] ] ] ] } },
{ "type": "Feature", "properties": { "OBJECTID": 5098, "WADMPR": "Sulawesi Selatan", "WADMKK": "Kab. Luwu Utara", "WADMKC": "Kec. Masamba", "WADMKD": "Desa Pongo", "POKTAN": "Gapoktan Masagena", "K_POKTAN": "H. Kamaluddin", "P_SID": "Universitas Negeri Makassar", "NO_HP_1": "0813-5551-7977", "NAMA_PEMIL": "Pemerintah Desa", "N_PETAK": "PNB036", "LUAS_HA": 0.26424881688000001, "PAKET": "Paket Sulawesi Selatan 7" }, "geometry": { "type": "MultiPolygon", "coordinates": [ [ [ [ 120.353986009946425, -2.656984018997207, 0.0 ], [ 120.353927687113128, -2.657023843675404, 0.0 ], [ 120.353869363380454, -2.657063668353544, 0.0 ], [ 120.35381103964778, -2.657103492132421, 0.0 ], [ 120.353752716814483, -2.657143317709881, 0.0 ], [ 120.35369439308181, -2.657183142388078, 0.0 ], [ 120.353403393152121, -2.65662031607468, 0.0 ], [ 120.353768401890306, -2.656491626687171, 0.0 ], [ 120.353986009946425, -2.656984018997207, 0.0 ] ] ] ] } },
{ "type": "Feature", "properties": { "OBJECTID": 5099, "WADMPR": "Sulawesi Selatan", "WADMKK": "Kab. Luwu Utara", "WADMKC": "Kec. Masamba", "WADMKD": "Desa Pongo", "POKTAN": "Gapoktan Masagena", "K_POKTAN": "H. Kamaluddin", "P_SID": "Universitas Negeri Makassar", "NO_HP_1": "0813-5551-7977", "NAMA_PEMIL": "Pemerintah Desa", "N_PETAK": "PNB037", "LUAS_HA": 0.39482015691, "PAKET": "Paket Sulawesi Selatan 7" }, "geometry": { "type": "MultiPolygon", "coordinates": [ [ [ [ 120.361797496957024, -2.656635752038255, 0.0 ], [ 120.361691630564337, -2.656962556676604, 0.0 ], [ 120.360789468459302, -2.656810661183044, 0.0 ], [ 120.360858511211404, -2.656470048353981, 0.0 ], [ 120.361797496957024, -2.656635752038255, 0.0 ] ] ] ] } },
{ "type": "Feature", "properties": { "OBJECTID": 5100, "WADMPR": "Sulawesi Selatan", "WADMKK": "Kab. Luwu Utara", "WADMKC": "Kec. Masamba", "WADMKD": "Desa Pongo", "POKTAN": "Gapoktan Masagena", "K_POKTAN": "H. Kamaluddin", "P_SID": "Universitas Negeri Makassar", "NO_HP_1": "0813-5551-7977", "NAMA_PEMIL": "Pemerintah Desa", "N_PETAK": "PNB038", "LUAS_HA": 1.7109111268599999, "PAKET": "Paket Sulawesi Selatan 7" }, "geometry": { "type": "MultiPolygon", "coordinates": [ [ [ [ 120.354219302179104, -2.65682471938527, 0.0 ], [ 120.354731380648786, -2.656395111445192, 0.0 ], [ 120.354782911801976, -2.656491626687171, 0.0 ], [ 120.354787206064771, -2.656974207393716, 0.0 ], [ 120.354793647009274, -2.657081448849738, 0.0 ], [ 120.35485806005147, -2.657197268039454, 0.0 ], [ 120.354896708416391, -2.657493250213292, 0.0 ], [ 120.354952532933112, -2.658093793193927, 0.0 ], [ 120.354971857565261, -2.658329722238818, 0.0 ], [ 120.355025535400159, -2.658629994178852, 0.0 ], [ 120.355036269708194, -2.658810157162975, 0.0 ], [ 120.354596112720515, -2.658835893961282, 0.0 ], [ 120.354367288319736, -2.658860065939223, 0.0 ], [ 120.354362003004098, -2.658787376436237, 0.0 ], [ 120.354356717688461, -2.658714685134555, 0.0 ], [ 120.354351432372823, -2.658641992933553, 0.0 ], [ 120.354346146157809, -2.658569304329887, 0.0 ], [ 120.354340861741434, -2.658496612128886, 0.0 ], [ 120.354335576425797, -2.658423919927941, 0.0 ], [ 120.354330291110159, -2.658351231324218, 0.0 ], [ 120.354325005794408, -2.658278540022536, 0.0 ], [ 120.35431972047877, -2.658205847821591, 0.0 ], [ 120.354314435163133, -2.65813315562059, 0.0 ], [ 120.354309149847495, -2.658060466117547, 0.0 ], [ 120.354303864531744, -2.657987774815922, 0.0 ], [ 120.354298579216106, -2.65791508351424, 0.0 ], [ 120.354293293900469, -2.657842394011254, 0.0 ], [ 120.354288008584831, -2.657769701810253, 0.0 ], [ 120.35428272326908, -2.65769701140789, 0.0 ], [ 120.354277437953442, -2.657624319206946, 0.0 ], [ 120.354272152637805, -2.657551629703903, 0.0 ], [ 120.354266867322167, -2.657478939301541, 0.0 ], [ 120.354261582006416, -2.657406247100596, 0.0 ], [ 120.354256296690778, -2.657333554899594, 0.0 ], [ 120.354251012274403, -2.657260866295871, 0.0 ], [ 120.354245726958766, -2.657188174994246, 0.0 ], [ 120.354240441643128, -2.657115483692564, 0.0 ], [ 120.354235156327491, -2.657042791491563, 0.0 ], [ 120.354229871911116, -2.656970101089257, 0.0 ], [ 120.354224586595478, -2.656897409787575, 0.0 ], [ 120.354219302179104, -2.65682471938527, 0.0 ] ] ] ] } },
{ "type": "Feature", "properties": { "OBJECTID": 5101, "WADMPR": "Sulawesi Selatan", "WADMKK": "Kab. Luwu Utara", "WADMKC": "Kec. Masamba", "WADMKD": "Desa Pongo", "POKTAN": "Gapoktan Masagena", "K_POKTAN": "H. Kamaluddin", "P_SID": "Universitas Negeri Makassar", "NO_HP_1": "0813-5551-7977", "NAMA_PEMIL": "Pemerintah Desa", "N_PETAK": "PNB039", "LUAS_HA": 1.0658180909599999, "PAKET": "Paket Sulawesi Selatan 7" }, "geometry": { "type": "MultiPolygon", "coordinates": [ [ [ [ 120.362752592258403, -2.657531010048046, 0.0 ], [ 120.362405075333982, -2.657533312312466, 0.0 ], [ 120.362255482104842, -2.657552873466273, 0.0 ], [ 120.36251669379044, -2.656221493726889, 0.0 ], [ 120.36328192152348, -2.656914226210517, 0.0 ], [ 120.363063285542239, -2.657632273710419, 0.0 ], [ 120.362752592258403, -2.657531010048046, 0.0 ] ] ] ] } },
{ "type": "Feature", "properties": { "OBJECTID": 5102, "WADMPR": "Sulawesi Selatan", "WADMKK": "Kab. Luwu Utara", "WADMKC": "Kec. Masamba", "WADMKD": "Desa Pongo", "POKTAN": "Gapoktan Masagena", "K_POKTAN": "H. Kamaluddin", "P_SID": "Universitas Negeri Makassar", "NO_HP_1": "0813-5551-7977", "NAMA_PEMIL": "Pemerintah Desa", "N_PETAK": "PNB040", "LUAS_HA": 0.51965603404000005, "PAKET": "Paket Sulawesi Selatan 7" }, "geometry": { "type": "MultiPolygon", "coordinates": [ [ [ [ 120.361921774270513, -2.65628593464811, 0.0 ], [ 120.361797496957024, -2.656635752038255, 0.0 ], [ 120.360858511211404, -2.656470048353981, 0.0 ], [ 120.360807880279481, -2.65635958102979, 0.0 ], [ 120.360563928382703, -2.656262920097618, 0.0 ], [ 120.360637573865006, -2.656134040053871, 0.0 ], [ 120.360913745772791, -2.6561754664246, 0.0 ], [ 120.360950568513999, -2.656101819143601, 0.0 ], [ 120.361921774270513, -2.65628593464811, 0.0 ] ] ] ] } },
{ "type": "Feature", "properties": { "OBJECTID": 5103, "WADMPR": "Sulawesi Selatan", "WADMKK": "Kab. Luwu Utara", "WADMKC": "Kec. Masamba", "WADMKD": "Desa Pongo", "POKTAN": "Gapoktan Masagena", "K_POKTAN": "H. Kamaluddin", "P_SID": "Universitas Negeri Makassar", "NO_HP_1": "0813-5551-7977", "NAMA_PEMIL": "Pemerintah Desa", "N_PETAK": "PNB041", "LUAS_HA": 1.23128683083, "PAKET": "Paket Sulawesi Selatan 7" }, "geometry": { "type": "MultiPolygon", "coordinates": [ [ [ [ 120.36251669379044, -2.656221493726889, 0.0 ], [ 120.362255482104842, -2.657552873466273, 0.0 ], [ 120.361360224095165, -2.65766219235627, 0.0 ], [ 120.361691630564337, -2.656962556676604, 0.0 ], [ 120.361797496957024, -2.656635752038255, 0.0 ], [ 120.361921774270513, -2.65628593464811, 0.0 ], [ 120.362027639763824, -2.656078805492427, 0.0 ], [ 120.36251669379044, -2.656221493726889, 0.0 ] ] ] ] } },
{ "type": "Feature", "properties": { "OBJECTID": 5104, "WADMPR": "Sulawesi Selatan", "WADMKK": "Kab. Luwu Utara", "WADMKC": "Kec. Masamba", "WADMKD": "Desa Pongo", "POKTAN": "Gapoktan Masagena", "K_POKTAN": "H. Kamaluddin", "P_SID": "Universitas Negeri Makassar", "NO_HP_1": "0813-5551-7977", "NAMA_PEMIL": "Pemerintah Desa", "N_PETAK": "PNB042", "LUAS_HA": 0.46130397949000002, "PAKET": "Paket Sulawesi Selatan 7" }, "geometry": { "type": "MultiPolygon", "coordinates": [ [ [ [ 120.354731380648786, -2.656395111445192, 0.0 ], [ 120.354219302179104, -2.65682471938527, 0.0 ], [ 120.354160979345806, -2.65686454406341, 0.0 ], [ 120.354102657411772, -2.65690436784223, 0.0 ], [ 120.354044332779836, -2.656944193419747, 0.0 ], [ 120.353986009946425, -2.656984018997207, 0.0 ], [ 120.353846771511371, -2.656639619123098, 0.0 ], [ 120.354520964471021, -2.656009045980625, 0.0 ], [ 120.354731380648786, -2.656395111445192, 0.0 ] ] ] ] } },
{ "type": "Feature", "properties": { "OBJECTID": 5105, "WADMPR": "Sulawesi Selatan", "WADMKK": "Kab. Luwu Utara", "WADMKC": "Kec. Masamba", "WADMKD": "Desa Pongo", "POKTAN": "Gapoktan Masagena", "K_POKTAN": "H. Kamaluddin", "P_SID": "Universitas Negeri Makassar", "NO_HP_1": "0813-5551-7977", "NAMA_PEMIL": "Pemerintah Desa", "N_PETAK": "PNB043", "LUAS_HA": 0.54077084112999996, "PAKET": "Paket Sulawesi Selatan 7" }, "geometry": { "type": "MultiPolygon", "coordinates": [ [ [ [ 120.354520964471021, -2.656009045980625, 0.0 ], [ 120.353846771511371, -2.656639619123098, 0.0 ], [ 120.353768401890306, -2.656491626687171, 0.0 ], [ 120.353403393152121, -2.65662031607468, 0.0 ], [ 120.353317508796067, -2.656337201400675, 0.0 ], [ 120.353643870068595, -2.656242831041766, 0.0 ], [ 120.353892934611281, -2.656139880251203, 0.0 ], [ 120.354021760695787, -2.656036929460697, 0.0 ], [ 120.354141999153967, -2.655831028778891, 0.0 ], [ 120.354405020275522, -2.655700195407633, 0.0 ], [ 120.354520964471021, -2.656009045980625, 0.0 ] ] ] ] } },
{ "type": "Feature", "properties": { "OBJECTID": 5106, "WADMPR": "Sulawesi Selatan", "WADMKK": "Kab. Luwu Utara", "WADMKC": "Kec. Masamba", "WADMKD": "Desa Pongo", "POKTAN": "Gapoktan Masagena", "K_POKTAN": "H. Kamaluddin", "P_SID": "Universitas Negeri Makassar", "NO_HP_1": "0813-5551-7977", "NAMA_PEMIL": "Pemerintah Desa", "N_PETAK": "PNB044", "LUAS_HA": 1.6487486169500001, "PAKET": "Paket Sulawesi Selatan 7" }, "geometry": { "type": "MultiPolygon", "coordinates": [ [ [ [ 120.352684111782423, -2.657164023700659, 0.0 ], [ 120.352755523348833, -2.657349356887266, 0.0 ], [ 120.352305501697629, -2.657419398786203, 0.0 ], [ 120.352083644344816, -2.657397515582829, 0.0 ], [ 120.352111407315647, -2.657334511778231, 0.0 ], [ 120.352139170286591, -2.657271507973689, 0.0 ], [ 120.352166934156799, -2.657208503269771, 0.0 ], [ 120.352194697127629, -2.657145501263813, 0.0 ], [ 120.352222460997837, -2.657082496559894, 0.0 ], [ 120.352150979284374, -2.657104730498872, 0.0 ], [ 120.352079495772159, -2.657126967135753, 0.0 ], [ 120.35173250854848, -2.656070494857431, 0.0 ], [ 120.352854806704045, -2.655666951068895, 0.0 ], [ 120.352864469020119, -2.655997250472694, 0.0 ], [ 120.352873057545594, -2.656194571622109, 0.0 ], [ 120.352881646071182, -2.656512002626755, 0.0 ], [ 120.352890233697394, -2.656662139945752, 0.0 ], [ 120.352898822222983, -2.656752221437841, 0.0 ], [ 120.352898822222983, -2.656773669369272, 0.0 ], [ 120.352662640468566, -2.656861605078973, 0.0 ], [ 120.352641169154708, -2.656910936490476, 0.0 ], [ 120.352684111782423, -2.657164023700659, 0.0 ] ] ] ] } },
{ "type": "Feature", "properties": { "OBJECTID": 5107, "WADMPR": "Sulawesi Selatan", "WADMKK": "Kab. Luwu Utara", "WADMKC": "Kec. Masamba", "WADMKD": "Desa Pongo", "POKTAN": "Gapoktan Masagena", "K_POKTAN": "H. Kamaluddin", "P_SID": "Universitas Negeri Makassar", "NO_HP_1": "0813-5551-7977", "NAMA_PEMIL": "Pemerintah Desa", "N_PETAK": "PNB045", "LUAS_HA": 0.44975827671000002, "PAKET": "Paket Sulawesi Selatan 7" }, "geometry": { "type": "MultiPolygon", "coordinates": [ [ [ [ 120.361621436680025, -2.655938417723746, 0.0 ], [ 120.362027639763824, -2.656078805492427, 0.0 ], [ 120.361921774270513, -2.65628593464811, 0.0 ], [ 120.360950568513999, -2.656101819143601, 0.0 ], [ 120.361001200345186, -2.655986747290513, 0.0 ], [ 120.360752645718094, -2.655922308167931, 0.0 ], [ 120.360844703020689, -2.655659943551484, 0.0 ], [ 120.361621436680025, -2.655938417723746, 0.0 ] ] ] ] } },
{ "type": "Feature", "properties": { "OBJECTID": 5108, "WADMPR": "Sulawesi Selatan", "WADMKK": "Kab. Luwu Utara", "WADMKC": "Kec. Masamba", "WADMKD": "Desa Pongo", "POKTAN": "Gapoktan Masagena", "K_POKTAN": "H. Kamaluddin", "P_SID": "Universitas Negeri Makassar", "NO_HP_1": "0813-5551-7977", "NAMA_PEMIL": "Pemerintah Desa", "N_PETAK": "PNB046", "LUAS_HA": 0.75903961689, "PAKET": "Paket Sulawesi Selatan 7" }, "geometry": { "type": "MultiPolygon", "coordinates": [ [ [ [ 120.36251669379044, -2.656221493726889, 0.0 ], [ 120.362027639763824, -2.656078805492427, 0.0 ], [ 120.361621436680025, -2.655938417723746, 0.0 ], [ 120.362142711616912, -2.655291715240423, 0.0 ], [ 120.3622623862002, -2.655349251166967, 0.0 ], [ 120.362299208941408, -2.655298618436461, 0.0 ], [ 120.362372855323088, -2.655409088458612, 0.0 ], [ 120.362524749917384, -2.655574791243566, 0.0 ], [ 120.362860759116757, -2.655800332219485, 0.0 ], [ 120.36251669379044, -2.656221493726889, 0.0 ] ] ] ] } },
{ "type": "Feature", "properties": { "OBJECTID": 5109, "WADMPR": "Sulawesi Selatan", "WADMKK": "Kab. Luwu Utara", "WADMKC": "Kec. Masamba", "WADMKD": "Desa Pongo", "POKTAN": "Gapoktan Masagena", "K_POKTAN": "H. Kamaluddin", "P_SID": "Universitas Negeri Makassar", "NO_HP_1": "0813-5551-7977", "NAMA_PEMIL": "Pemerintah Desa", "N_PETAK": "PNB047", "LUAS_HA": 1.90141908096, "PAKET": "Paket Sulawesi Selatan 7" }, "geometry": { "type": "MultiPolygon", "coordinates": [ [ [ [ 120.353626693017532, -2.655161849539695, 0.0 ], [ 120.354127327614151, -2.654983115578261, 0.0 ], [ 120.354313767866188, -2.65544496331438, 0.0 ], [ 120.354141999153967, -2.655831028778891, 0.0 ], [ 120.354021760695787, -2.656036929460697, 0.0 ], [ 120.353892934611281, -2.656139880251203, 0.0 ], [ 120.353317508796067, -2.656337201400675, 0.0 ], [ 120.353364745686576, -2.656626750723944, 0.0 ], [ 120.353057709046084, -2.656753293429688, 0.0 ], [ 120.353077032778856, -2.656800478159482, 0.0 ], [ 120.353014766418369, -2.656814420349178, 0.0 ], [ 120.352963236164442, -2.656824071873359, 0.0 ], [ 120.35289238127848, -2.655006351361976, 0.0 ], [ 120.353068444253381, -2.654973106123919, 0.0 ], [ 120.353128563032783, -2.65535917068911, 0.0 ], [ 120.353626693017532, -2.655161849539695, 0.0 ] ] ] ] } },
{ "type": "Feature", "properties": { "OBJECTID": 5110, "WADMPR": "Sulawesi Selatan", "WADMKK": "Kab. Luwu Utara", "WADMKC": "Kec. Masamba", "WADMKD": "Desa Pongo", "POKTAN": "Gapoktan Masagena", "K_POKTAN": "H. Kamaluddin", "P_SID": "Universitas Negeri Makassar", "NO_HP_1": "0813-5551-7977", "NAMA_PEMIL": "Pemerintah Desa", "N_PETAK": "PNB048", "LUAS_HA": 0.90525337587, "PAKET": "Paket Sulawesi Selatan 7" }, "geometry": { "type": "MultiPolygon", "coordinates": [ [ [ [ 120.362142711616912, -2.655291715240423, 0.0 ], [ 120.361621436680025, -2.655938417723746, 0.0 ], [ 120.360844703020689, -2.655659943551484, 0.0 ], [ 120.360996597614985, -2.65534234617229, 0.0 ], [ 120.361212932231069, -2.655038557883074, 0.0 ], [ 120.361314195893442, -2.654951102411417, 0.0 ], [ 120.361733056935122, -2.655093792444518, 0.0 ], [ 120.362142711616912, -2.655291715240423, 0.0 ] ] ] ] } },
{ "type": "Feature", "properties": { "OBJECTID": 5111, "WADMPR": "Sulawesi Selatan", "WADMKK": "Kab. Luwu Utara", "WADMKC": "Kec. Masamba", "WADMKD": "Desa Pongo", "POKTAN": "Gapoktan Masagena", "K_POKTAN": "H. Kamaluddin", "P_SID": "Universitas Negeri Makassar", "NO_HP_1": "0813-5551-7977", "NAMA_PEMIL": "Pemerintah Desa", "N_PETAK": "PNB049", "LUAS_HA": 0.43498685382000002, "PAKET": "Paket Sulawesi Selatan 7" }, "geometry": { "type": "MultiPolygon", "coordinates": [ [ [ [ 120.350650798595552, -2.654457996039639, 0.0 ], [ 120.350899863138238, -2.654480873893192, 0.0 ], [ 120.350962845359049, -2.654538068976649, 0.0 ], [ 120.350974296426671, -2.654955590028408, 0.0 ], [ 120.350985747494292, -2.655018503900806, 0.0 ], [ 120.351139060319497, -2.655139399763414, 0.0 ], [ 120.351102104478628, -2.655174657684256, 0.0 ], [ 120.351054272236979, -2.655222087029642, 0.0 ], [ 120.35100644179397, -2.655269515475709, 0.0 ], [ 120.350949626224292, -2.655226908295163, 0.0 ], [ 120.350904312983744, -2.655192925612994, 0.0 ], [ 120.350858156179015, -2.655158311606726, 0.0 ], [ 120.350815487844557, -2.655126313728374, 0.0 ], [ 120.350772819510098, -2.655094314950645, 0.0 ], [ 120.350730152074902, -2.655062317971556, 0.0 ], [ 120.35068461400374, -2.655041674933329, 0.0 ], [ 120.350639075033314, -2.655021030995727, 0.0 ], [ 120.350609078146476, -2.655007433246396, 0.0 ], [ 120.350541602013436, -2.654976845504962, 0.0 ], [ 120.350375968476214, -2.654889816311936, 0.0 ], [ 120.350453264306793, -2.654443695919781, 0.0 ], [ 120.350650798595552, -2.654457996039639, 0.0 ] ] ] ] } },
{ "type": "Feature", "properties": { "OBJECTID": 5112, "WADMPR": "Sulawesi Selatan", "WADMKK": "Kab. Luwu Utara", "WADMKC": "Kec. Masamba", "WADMKD": "Desa Pongo", "POKTAN": "Gapoktan Masagena", "K_POKTAN": "H. Kamaluddin", "P_SID": "Universitas Negeri Makassar", "NO_HP_1": "0813-5551-7977", "NAMA_PEMIL": "Pemerintah Desa", "N_PETAK": "PNB050", "LUAS_HA": 0.93923990047000006, "PAKET": "Paket Sulawesi Selatan 7" }, "geometry": { "type": "MultiPolygon", "coordinates": [ [ [ [ 120.354321998461501, -2.654908762329455, 0.0 ], [ 120.353829594460308, -2.655086066368824, 0.0 ], [ 120.353626693017532, -2.655161849539695, 0.0 ], [ 120.353128563032783, -2.65535917068911, 0.0 ], [ 120.353068444253381, -2.654973106123919, 0.0 ], [ 120.353045184187977, -2.654822970603561, 0.0 ], [ 120.353451702933853, -2.654577033003648, 0.0 ], [ 120.353669276815708, -2.654416887129571, 0.0 ], [ 120.354012815139413, -2.654245302778463, 0.0 ], [ 120.354167406800457, -2.654536996085426, 0.0 ], [ 120.354321998461501, -2.654851568145318, 0.0 ], [ 120.354321998461501, -2.654908762329455, 0.0 ] ] ] ] } },
{ "type": "Feature", "properties": { "OBJECTID": 5113, "WADMPR": "Sulawesi Selatan", "WADMKK": "Kab. Luwu Utara", "WADMKC": "Kec. Masamba", "WADMKD": "Desa Pongo", "POKTAN": "Gapoktan Masagena", "K_POKTAN": "H. Kamaluddin", "P_SID": "Universitas Negeri Makassar", "NO_HP_1": "0813-5551-7977", "NAMA_PEMIL": "Pemerintah Desa", "N_PETAK": "PNB051", "LUAS_HA": 0.55217924111000005, "PAKET": "Paket Sulawesi Selatan 7" }, "geometry": { "type": "MultiPolygon", "coordinates": [ [ [ [ 120.359236468788026, -2.654683160199625, 0.0 ], [ 120.359499529479763, -2.654211343478664, 0.0 ], [ 120.359570055213908, -2.654235041513914, 0.0 ], [ 120.359640583646069, -2.654258742247123, 0.0 ], [ 120.359711110279591, -2.654282440282373, 0.0 ], [ 120.359781637812375, -2.654306141015525, 0.0 ], [ 120.359852164445897, -2.654329839050774, 0.0 ], [ 120.359922692878058, -2.654353539783983, 0.0 ], [ 120.359993218612203, -2.654377239617872, 0.0 ], [ 120.360063746144988, -2.654400938552442, 0.0 ], [ 120.360134273677886, -2.654424638386331, 0.0 ], [ 120.360204799412031, -2.654448337320844, 0.0 ], [ 120.36027481073404, -2.654602723936534, 0.0 ], [ 120.360327743031007, -2.654729302615181, 0.0 ], [ 120.360335040130053, -2.654833675233874, 0.0 ], [ 120.360282353347998, -2.654828390817556, 0.0 ], [ 120.360229666565942, -2.654823107300501, 0.0 ], [ 120.360197792793997, -2.654846223474408, 0.0 ], [ 120.360165917223412, -2.654869342346217, 0.0 ], [ 120.360135237751138, -2.65489159337227, 0.0 ], [ 120.360066915355901, -2.6548759667524, 0.0 ], [ 120.359998589363499, -2.654860342830489, 0.0 ], [ 120.359930267867639, -2.654844718908578, 0.0 ], [ 120.359861943673877, -2.654829094986724, 0.0 ], [ 120.359793620379378, -2.654813468366797, 0.0 ], [ 120.359725297084879, -2.654797844444943, 0.0 ], [ 120.359656973790379, -2.654782218724392, 0.0 ], [ 120.359588649596617, -2.654766593903162, 0.0 ], [ 120.359520326302118, -2.654750968182611, 0.0 ], [ 120.359452002108242, -2.6547353442607, 0.0 ], [ 120.359383679713119, -2.65471971764083, 0.0 ], [ 120.359307139313046, -2.654701911064308, 0.0 ], [ 120.359236468788026, -2.654683160199625, 0.0 ] ] ] ] } },
{ "type": "Feature", "properties": { "OBJECTID": 5114, "WADMPR": "Sulawesi Selatan", "WADMKK": "Kab. Luwu Utara", "WADMKC": "Kec. Masamba", "WADMKD": "Desa Pongo", "POKTAN": "Gapoktan Masagena", "K_POKTAN": "H. Kamaluddin", "P_SID": "Universitas Negeri Makassar", "NO_HP_1": "0813-5551-7977", "NAMA_PEMIL": "Pemerintah Desa", "N_PETAK": "PNB052", "LUAS_HA": 0.13752806029, "PAKET": "Paket Sulawesi Selatan 7" }, "geometry": { "type": "MultiPolygon", "coordinates": [ [ [ [ 120.360555201361535, -2.654532126256584, 0.0 ], [ 120.360729343384605, -2.654167751540456, 0.0 ], [ 120.361034021103251, -2.654262190247834, 0.0 ], [ 120.361000562725849, -2.654311360680708, 0.0 ], [ 120.36096710344907, -2.654360532912222, 0.0 ], [ 120.360933645971045, -2.654409701546456, 0.0 ], [ 120.360876048890646, -2.654491697233993, 0.0 ], [ 120.360851911986174, -2.654524519790698, 0.0 ], [ 120.360839346658622, -2.654554732514839, 0.0 ], [ 120.360838089406343, -2.654557762330796, 0.0 ], [ 120.360830714965573, -2.654575490666332, 0.0 ], [ 120.360824465576684, -2.654599190500221, 0.0 ], [ 120.360769160868131, -2.654575739778522, 0.0 ], [ 120.360697840133298, -2.65456120313695, 0.0 ], [ 120.360626521197105, -2.654546664696795, 0.0 ], [ 120.360555201361535, -2.654532126256584, 0.0 ] ] ] ] } },
{ "type": "Feature", "properties": { "OBJECTID": 5115, "WADMPR": "Sulawesi Selatan", "WADMKK": "Kab. Luwu Utara", "WADMKC": "Kec. Masamba", "WADMKD": "Desa Pongo", "POKTAN": "Gapoktan Masagena", "K_POKTAN": "H. Kamaluddin", "P_SID": "Universitas Negeri Makassar", "NO_HP_1": "0813-5551-7977", "NAMA_PEMIL": "Pemerintah Desa", "N_PETAK": "PNB053", "LUAS_HA": 2.4951681921, "PAKET": "Paket Sulawesi Selatan 7" }, "geometry": { "type": "MultiPolygon", "coordinates": [ [ [ [ 120.358201217812052, -2.654236794292558, 0.0 ], [ 120.358602818165537, -2.654415155934657, 0.0 ], [ 120.359236468788026, -2.654683160199625, 0.0 ], [ 120.358825469619774, -2.655262074485108, 0.0 ], [ 120.35878390115613, -2.655309254718304, 0.0 ], [ 120.3587423326926, -2.655356433152804, 0.0 ], [ 120.35870637060259, -2.655397247984581, 0.0 ], [ 120.35867040851258, -2.655438064614941, 0.0 ], [ 120.358642769648213, -2.655469433867211, 0.0 ], [ 120.358646156494956, -2.655522074783903, 0.0 ], [ 120.358649544241189, -2.655574719297817, 0.0 ], [ 120.358652931987308, -2.655627361113773, 0.0 ], [ 120.358655428505244, -2.655666158766167, 0.0 ], [ 120.358657925023294, -2.655704955519241, 0.0 ], [ 120.358662222883368, -2.655771736476424, 0.0 ], [ 120.358666519844064, -2.655838520131567, 0.0 ], [ 120.358247246912924, -2.656436966792512, 0.0 ], [ 120.357358892998604, -2.656105560323283, 0.0 ], [ 120.35771331401827, -2.655709712932833, 0.0 ], [ 120.358035515027041, -2.655309263711501, 0.0 ], [ 120.358187409621337, -2.655097531825561, 0.0 ], [ 120.357515391222364, -2.654457733437596, 0.0 ], [ 120.357734027203605, -2.654340360219408, 0.0 ], [ 120.357839892696916, -2.654303537478199, 0.0 ], [ 120.357890524528102, -2.65415164288396, 0.0 ], [ 120.358201217812052, -2.654236794292558, 0.0 ] ] ] ] } },
{ "type": "Feature", "properties": { "OBJECTID": 5116, "WADMPR": "Sulawesi Selatan", "WADMKK": "Kab. Luwu Utara", "WADMKC": "Kec. Masamba", "WADMKD": "Desa Pongo", "POKTAN": "Gapoktan Masagena", "K_POKTAN": "H. Kamaluddin", "P_SID": "Universitas Negeri Makassar", "NO_HP_1": "0813-5551-7977", "NAMA_PEMIL": "Pemerintah Desa", "N_PETAK": "PNB054", "LUAS_HA": 1.1773210465499999, "PAKET": "Paket Sulawesi Selatan 7" }, "geometry": { "type": "MultiPolygon", "coordinates": [ [ [ [ 120.345772385687155, -2.653993465625888, 0.0 ], [ 120.34622954076076, -2.654189179686853, 0.0 ], [ 120.345626918547509, -2.654672475354403, 0.0 ], [ 120.345790099633405, -2.654741108915005, 0.0 ], [ 120.345234713411401, -2.655255863767024, 0.0 ], [ 120.345160280122855, -2.654829762283669, 0.0 ], [ 120.344974197801093, -2.654889816311936, 0.0 ], [ 120.34470795620723, -2.654721091804902, 0.0 ], [ 120.344759486461157, -2.654578104995494, 0.0 ], [ 120.344717080728742, -2.654444590745243, 0.0 ], [ 120.344943243136186, -2.654327341633461, 0.0 ], [ 120.34492320354309, -2.654230109631783, 0.0 ], [ 120.345526720581802, -2.653987567871923, 0.0 ], [ 120.345620656568144, -2.653947710818159, 0.0 ], [ 120.345772385687155, -2.653993465625888, 0.0 ] ] ] ] } },
{ "type": "Feature", "properties": { "OBJECTID": 5117, "WADMPR": "Sulawesi Selatan", "WADMKK": "Kab. Luwu Utara", "WADMKC": "Kec. Masamba", "WADMKD": "Desa Pongo", "POKTAN": "Gapoktan Masagena", "K_POKTAN": "H. Kamaluddin", "P_SID": "Universitas Negeri Makassar", "NO_HP_1": "0813-5551-7977", "NAMA_PEMIL": "Pemerintah Desa", "N_PETAK": "PNB055", "LUAS_HA": 2.6379444684900002, "PAKET": "Paket Sulawesi Selatan 7" }, "geometry": { "type": "MultiPolygon", "coordinates": [ [ [ [ 120.352854806704045, -2.655666951068895, 0.0 ], [ 120.35173250854848, -2.656070494857431, 0.0 ], [ 120.351694141671373, -2.656009602660959, 0.0 ], [ 120.351655772096251, -2.655948710464543, 0.0 ], [ 120.351617405219145, -2.655887822764782, 0.0 ], [ 120.351638272188552, -2.655861999631554, 0.0 ], [ 120.351597904319874, -2.655811945165112, 0.0 ], [ 120.351557534652557, -2.655761894295949, 0.0 ], [ 120.351517165884616, -2.655711840728827, 0.0 ], [ 120.351476798015824, -2.655661789859664, 0.0 ], [ 120.351436429247883, -2.655611735393222, 0.0 ], [ 120.351422784733813, -2.655561976803767, 0.0 ], [ 120.351409141119007, -2.655512215516296, 0.0 ], [ 120.351369981939229, -2.655458160865408, 0.0 ], [ 120.351330822759337, -2.655404108013101, 0.0 ], [ 120.351291663579445, -2.655350054261532, 0.0 ], [ 120.35125250529893, -2.655296000509964, 0.0 ], [ 120.351213345219776, -2.655241944959755, 0.0 ], [ 120.351174187838524, -2.655187890308866, 0.0 ], [ 120.351139060319497, -2.655139399763414, 0.0 ], [ 120.351214772443882, -2.655121454691312, 0.0 ], [ 120.351523956665346, -2.654835481072553, 0.0 ], [ 120.351941927378107, -2.65441224033259, 0.0 ], [ 120.351950515903695, -2.654343605872668, 0.0 ], [ 120.352002046157622, -2.654315008330911, 0.0 ], [ 120.352219620039477, -2.654046191978125, 0.0 ], [ 120.352345583581837, -2.653800254378211, 0.0 ], [ 120.352373853770359, -2.653805260004674, 0.0 ], [ 120.352418943079783, -2.653788100940062, 0.0 ], [ 120.352519857805305, -2.654137705190919, 0.0 ], [ 120.352640095364222, -2.654468003695342, 0.0 ], [ 120.352796834606238, -2.654916268970567, 0.0 ], [ 120.352829041127393, -2.655072839140189, 0.0 ], [ 120.35284514438797, -2.655400995459502, 0.0 ], [ 120.352854806704045, -2.655666951068895, 0.0 ] ] ] ] } },
{ "type": "Feature", "properties": { "OBJECTID": 5118, "WADMPR": "Sulawesi Selatan", "WADMKK": "Kab. Luwu Utara", "WADMKC": "Kec. Masamba", "WADMKD": "Desa Pongo", "POKTAN": "Gapoktan Masagena", "K_POKTAN": "H. Kamaluddin", "P_SID": "Universitas Negeri Makassar", "NO_HP_1": "0813-5551-7977", "NAMA_PEMIL": "Pemerintah Desa", "N_PETAK": "PNB056", "LUAS_HA": 2.5100111471800002, "PAKET": "Paket Sulawesi Selatan 7" }, "geometry": { "type": "MultiPolygon", "coordinates": [ [ [ [ 120.345234713411401, -2.655255863767024, 0.0 ], [ 120.345387516320898, -2.655117165824493, 0.0 ], [ 120.345596501677278, -2.654931282252846, 0.0 ], [ 120.345790099633405, -2.654741108915005, 0.0 ], [ 120.345626918547509, -2.654672475354403, 0.0 ], [ 120.34622954076076, -2.654189179686853, 0.0 ], [ 120.345772385687155, -2.653993465625888, 0.0 ], [ 120.346035764738758, -2.654019204222834, 0.0 ], [ 120.346253338620727, -2.654002045158222, 0.0 ], [ 120.346364986754793, -2.653913393588198, 0.0 ], [ 120.346493814637938, -2.653758966503062, 0.0 ], [ 120.347393990140631, -2.654320728019115, 0.0 ], [ 120.347119160021293, -2.654631010312812, 0.0 ], [ 120.346775622596965, -2.655008496245046, 0.0 ], [ 120.346248865392909, -2.655486071325072, 0.0 ], [ 120.346126480252906, -2.655390985105839, 0.0 ], [ 120.345505249267944, -2.655842825186198, 0.0 ], [ 120.345115548743593, -2.65533736572678, 0.0 ], [ 120.345234713411401, -2.655255863767024, 0.0 ] ] ] ] } },
{ "type": "Feature", "properties": { "OBJECTID": 5119, "WADMPR": "Sulawesi Selatan", "WADMKK": "Kab. Luwu Utara", "WADMKC": "Kec. Masamba", "WADMKD": "Desa Pongo", "POKTAN": "Gapoktan Masagena", "K_POKTAN": "H. Kamaluddin", "P_SID": "Universitas Negeri Makassar", "NO_HP_1": "0813-5551-7977", "NAMA_PEMIL": "Pemerintah Desa", "N_PETAK": "PNB057", "LUAS_HA": 0.50672247614, "PAKET": "Paket Sulawesi Selatan 7" }, "geometry": { "type": "MultiPolygon", "coordinates": [ [ [ [ 120.345620656568144, -2.653947710818159, 0.0 ], [ 120.345526720581802, -2.653987567871923, 0.0 ], [ 120.34492320354309, -2.654230109631783, 0.0 ], [ 120.344943243136186, -2.654327341633461, 0.0 ], [ 120.344717080728742, -2.654444590745243, 0.0 ], [ 120.344488055779266, -2.654190072713618, 0.0 ], [ 120.344389288634829, -2.653909818783063, 0.0 ], [ 120.344658393669988, -2.653809727836631, 0.0 ], [ 120.344858790500894, -2.6539384154255, 0.0 ], [ 120.34539270540904, -2.653726795055491, 0.0 ], [ 120.345417396295829, -2.653744668181844, 0.0 ], [ 120.345620656568144, -2.653947710818159, 0.0 ] ] ] ] } },
{ "type": "Feature", "properties": { "OBJECTID": 5120, "WADMPR": "Sulawesi Selatan", "WADMKK": "Kab. Luwu Utara", "WADMKC": "Kec. Masamba", "WADMKD": "Desa Pongo", "POKTAN": "Gapoktan Masagena", "K_POKTAN": "H. Kamaluddin", "P_SID": "Universitas Negeri Makassar", "NO_HP_1": "0813-5551-7977", "NAMA_PEMIL": "Pemerintah Desa", "N_PETAK": "PNB058", "LUAS_HA": 0.37562591433999998, "PAKET": "Paket Sulawesi Selatan 7" }, "geometry": { "type": "MultiPolygon", "coordinates": [ [ [ [ 120.360220726405487, -2.653801824594495, 0.0 ], [ 120.360333496893418, -2.653806427324696, 0.0 ], [ 120.360416348735612, -2.653845551431004, 0.0 ], [ 120.360450870111663, -2.653857058256563, 0.0 ], [ 120.360515310133565, -2.653852455526362, 0.0 ], [ 120.360595860610488, -2.653875470076855, 0.0 ], [ 120.360747755204784, -2.653995144660144, 0.0 ], [ 120.360807592496485, -2.654036571030872, 0.0 ], [ 120.360729343384605, -2.654167751540456, 0.0 ], [ 120.360555201361535, -2.654532126256584, 0.0 ], [ 120.360483882425342, -2.654517587816372, 0.0 ], [ 120.360452094988204, -2.654516340456723, 0.0 ], [ 120.360188506394479, -2.65407569513718, 0.0 ], [ 120.360004391789289, -2.653663737291595, 0.0 ], [ 120.360220726405487, -2.653801824594495, 0.0 ] ] ] ] } },
{ "type": "Feature", "properties": { "OBJECTID": 5121, "WADMPR": "Sulawesi Selatan", "WADMKK": "Kab. Luwu Utara", "WADMKC": "Kec. Masamba", "WADMKD": "Desa Pongo", "POKTAN": "Gapoktan Masagena", "K_POKTAN": "H. Kamaluddin", "P_SID": "Universitas Negeri Makassar", "NO_HP_1": "0813-5551-7977", "NAMA_PEMIL": "Pemerintah Desa", "N_PETAK": "PNB059", "LUAS_HA": 0.29487949659000001, "PAKET": "Paket Sulawesi Selatan 7" }, "geometry": { "type": "MultiPolygon", "coordinates": [ [ [ [ 120.34539270540904, -2.653726795055491, 0.0 ], [ 120.344858790500894, -2.6539384154255, 0.0 ], [ 120.344658393669988, -2.653809727836631, 0.0 ], [ 120.344389288634829, -2.653909818783063, 0.0 ], [ 120.344335968729979, -2.65376540205159, 0.0 ], [ 120.344902806019718, -2.653570939846929, 0.0 ], [ 120.345074574731939, -2.653459409524089, 0.0 ], [ 120.34539270540904, -2.653726795055491, 0.0 ] ] ] ] } },
{ "type": "Feature", "properties": { "OBJECTID": 5122, "WADMPR": "Sulawesi Selatan", "WADMKK": "Kab. Luwu Utara", "WADMKC": "Kec. Masamba", "WADMKD": "Desa Pongo", "POKTAN": "Gapoktan Masagena", "K_POKTAN": "H. Kamaluddin", "P_SID": "Universitas Negeri Makassar", "NO_HP_1": "0813-5551-7977", "NAMA_PEMIL": "Pemerintah Desa", "N_PETAK": "PNB060", "LUAS_HA": 0.25945485398000001, "PAKET": "Paket Sulawesi Selatan 7" }, "geometry": { "type": "MultiPolygon", "coordinates": [ [ [ [ 120.360807592496485, -2.654036571030872, 0.0 ], [ 120.36093967142881, -2.653403407840926, 0.0 ], [ 120.361008522625298, -2.653411226546837, 0.0 ], [ 120.361077372922523, -2.653419043454051, 0.0 ], [ 120.361146223219635, -2.653426861260584, 0.0 ], [ 120.361215074416236, -2.653434679067118, 0.0 ], [ 120.361204963338423, -2.653495470539497, 0.0 ], [ 120.361194853159986, -2.653556260213179, 0.0 ], [ 120.36118474298155, -2.653617052584877, 0.0 ], [ 120.36117463190385, -2.65367784315788, 0.0 ], [ 120.361164520826037, -2.653738637328217, 0.0 ], [ 120.361224147676353, -2.653744810274702, 0.0 ], [ 120.361223617975611, -2.653756775754573, 0.0 ], [ 120.36120300101777, -2.653825878761268, 0.0 ], [ 120.361182384959193, -2.653894977271364, 0.0 ], [ 120.361161768001239, -2.653964079378738, 0.0 ], [ 120.361141151043398, -2.654033179687417, 0.0 ], [ 120.361120534984821, -2.654102279096833, 0.0 ], [ 120.361115631880921, -2.654134413672182, 0.0 ], [ 120.360807592496485, -2.654036571030872, 0.0 ] ] ] ] } },
{ "type": "Feature", "properties": { "OBJECTID": 5123, "WADMPR": "Sulawesi Selatan", "WADMKK": "Kab. Luwu Utara", "WADMKC": "Kec. Masamba", "WADMKD": "Desa Pongo", "POKTAN": "Gapoktan Masagena", "K_POKTAN": "H. Kamaluddin", "P_SID": "Universitas Negeri Makassar", "NO_HP_1": "0813-5551-7977", "NAMA_PEMIL": "Pemerintah Desa", "N_PETAK": "PNB061", "LUAS_HA": 2.1567878561399998, "PAKET": "Paket Sulawesi Selatan 7" }, "geometry": { "type": "MultiPolygon", "coordinates": [ [ [ [ 120.351386541155989, -2.653375582816864, 0.0 ], [ 120.351861767206856, -2.65332839628843, 0.0 ], [ 120.351916161801455, -2.653657267568803, 0.0 ], [ 120.351990595090001, -2.653860308406479, 0.0 ], [ 120.352042125343928, -2.653866028094683, 0.0 ], [ 120.352053577310812, -2.653943242086882, 0.0 ], [ 120.351993457632034, -2.654071930575071, 0.0 ], [ 120.351961966971317, -2.654223496017494, 0.0 ], [ 120.351950515903695, -2.654343605872668, 0.0 ], [ 120.351941927378107, -2.65441224033259, 0.0 ], [ 120.351523956665346, -2.654835481072553, 0.0 ], [ 120.351214772443882, -2.655121454691312, 0.0 ], [ 120.351139060319497, -2.655139399763414, 0.0 ], [ 120.350985747494292, -2.655018503900806, 0.0 ], [ 120.350962845359049, -2.654538068976649, 0.0 ], [ 120.350899863138238, -2.654480873893192, 0.0 ], [ 120.350650798595552, -2.654457996039639, 0.0 ], [ 120.35076531107029, -2.653768797891644, 0.0 ], [ 120.350813978782185, -2.653334116875953, 0.0 ], [ 120.351180419241018, -2.653314097967211, 0.0 ], [ 120.351357913037305, -2.653288361168904, 0.0 ], [ 120.351386541155989, -2.653375582816864, 0.0 ] ] ] ] } },
{ "type": "Feature", "properties": { "OBJECTID": 5124, "WADMPR": "Sulawesi Selatan", "WADMKK": "Kab. Luwu Utara", "WADMKC": "Kec. Masamba", "WADMKD": "Desa Pongo", "POKTAN": "Gapoktan Masagena", "K_POKTAN": "H. Kamaluddin", "P_SID": "Universitas Negeri Makassar", "NO_HP_1": "0813-5551-7977", "NAMA_PEMIL": "Pemerintah Desa", "N_PETAK": "PNB062", "LUAS_HA": 0.39046636495999998, "PAKET": "Paket Sulawesi Selatan 7" }, "geometry": { "type": "MultiPolygon", "coordinates": [ [ [ [ 120.352345583581837, -2.653800254378211, 0.0 ], [ 120.352219620039477, -2.654046191978125, 0.0 ], [ 120.352002046157622, -2.654315008330911, 0.0 ], [ 120.351950515903695, -2.654343605872668, 0.0 ], [ 120.351993457632034, -2.654071930575071, 0.0 ], [ 120.352053577310812, -2.653943242086882, 0.0 ], [ 120.352042125343928, -2.653866028094683, 0.0 ], [ 120.351990595090001, -2.653860308406479, 0.0 ], [ 120.351916161801455, -2.653657267568803, 0.0 ], [ 120.351861767206856, -2.65332839628843, 0.0 ], [ 120.351861767206856, -2.653262622571901, 0.0 ], [ 120.352202442988414, -2.653225446397187, 0.0 ], [ 120.352342721039804, -2.653694443743518, 0.0 ], [ 120.352345583581837, -2.653800254378211, 0.0 ] ] ] ] } },
{ "type": "Feature", "properties": { "OBJECTID": 5125, "WADMPR": "Sulawesi Selatan", "WADMKK": "Kab. Luwu Utara", "WADMKC": "Kec. Masamba", "WADMKD": "Desa Pongo", "POKTAN": "Gapoktan Masagena", "K_POKTAN": "H. Kamaluddin", "P_SID": "Universitas Negeri Makassar", "NO_HP_1": "0813-5551-7977", "NAMA_PEMIL": "Pemerintah Desa", "N_PETAK": "PNB063", "LUAS_HA": 0.31819516677999998, "PAKET": "Paket Sulawesi Selatan 7" }, "geometry": { "type": "MultiPolygon", "coordinates": [ [ [ [ 120.360975391601073, -2.653273072694105, 0.0 ], [ 120.360957530165933, -2.653338242066184, 0.0 ], [ 120.36093967142881, -2.653403407840926, 0.0 ], [ 120.360807592496485, -2.654036571030872, 0.0 ], [ 120.360595860610488, -2.653875470076855, 0.0 ], [ 120.360697123373598, -2.653550967702927, 0.0 ], [ 120.360338099623618, -2.65342208765918, 0.0 ], [ 120.360423252830969, -2.653187340323427, 0.0 ], [ 120.360525091160071, -2.653193095085214, 0.0 ], [ 120.360626354822443, -2.653246027382238, 0.0 ], [ 120.36080816806259, -2.653241424651981, 0.0 ], [ 120.360946253566794, -2.653248328747338, 0.0 ], [ 120.360975391601073, -2.653273072694105, 0.0 ] ] ] ] } },
{ "type": "Feature", "properties": { "OBJECTID": 5126, "WADMPR": "Sulawesi Selatan", "WADMKK": "Kab. Luwu Utara", "WADMKC": "Kec. Masamba", "WADMKD": "Desa Pongo", "POKTAN": "Gapoktan Masagena", "K_POKTAN": "H. Kamaluddin", "P_SID": "Universitas Negeri Makassar", "NO_HP_1": "0813-5551-7977", "NAMA_PEMIL": "Pemerintah Desa", "N_PETAK": "PNB064", "LUAS_HA": 0.63996733863, "PAKET": "Paket Sulawesi Selatan 7" }, "geometry": { "type": "MultiPolygon", "coordinates": [ [ [ [ 120.358843318464437, -2.653214958503497, 0.0 ], [ 120.358602818165537, -2.654415155934657, 0.0 ], [ 120.358201217812052, -2.654236794292558, 0.0 ], [ 120.358360017400969, -2.653180436228126, 0.0 ], [ 120.358843318464437, -2.653214958503497, 0.0 ] ] ] ] } },
{ "type": "Feature", "properties": { "OBJECTID": 5127, "WADMPR": "Sulawesi Selatan", "WADMKK": "Kab. Luwu Utara", "WADMKC": "Kec. Masamba", "WADMKD": "Desa Pongo", "POKTAN": "Gapoktan Masagena", "K_POKTAN": "H. Kamaluddin", "P_SID": "Universitas Negeri Makassar", "NO_HP_1": "0813-5551-7977", "NAMA_PEMIL": "Pemerintah Desa", "N_PETAK": "PNB065", "LUAS_HA": 0.56107742623000001, "PAKET": "Paket Sulawesi Selatan 7" }, "geometry": { "type": "MultiPolygon", "coordinates": [ [ [ [ 120.34286000948191, -2.653732693708776, 0.0 ], [ 120.342639573057909, -2.65338666426311, 0.0 ], [ 120.343355276924513, -2.653080670836232, 0.0 ], [ 120.343354501708973, -2.653079620428116, 0.0 ], [ 120.343538496704355, -2.653000598798542, 0.0 ], [ 120.343741756077293, -2.653389523207863, 0.0 ], [ 120.343019828002753, -2.653789261065526, 0.0 ], [ 120.342967407420019, -2.653768258298442, 0.0 ], [ 120.342912670183637, -2.653754006741963, 0.0 ], [ 120.34286000948191, -2.653732693708776, 0.0 ] ] ] ] } },
{ "type": "Feature", "properties": { "OBJECTID": 5128, "WADMPR": "Sulawesi Selatan", "WADMKK": "Kab. Luwu Utara", "WADMKC": "Kec. Masamba", "WADMKD": "Desa Pongo", "POKTAN": "Gapoktan Masagena", "K_POKTAN": "H. Kamaluddin", "P_SID": "Universitas Negeri Makassar", "NO_HP_1": "0813-5551-7977", "NAMA_PEMIL": "Pemerintah Desa", "N_PETAK": "PNB066", "LUAS_HA": 1.1817639655600001, "PAKET": "Paket Sulawesi Selatan 7" }, "geometry": { "type": "MultiPolygon", "coordinates": [ [ [ [ 120.353045184187977, -2.654822970603561, 0.0 ], [ 120.353068444253381, -2.654973106123919, 0.0 ], [ 120.35289238127848, -2.655006351361976, 0.0 ], [ 120.35281186407633, -2.654744326689297, 0.0 ], [ 120.352717392094064, -2.654471222368954, 0.0 ], [ 120.352620055771013, -2.654175238396476, 0.0 ], [ 120.35252844633078, -2.653945029939109, 0.0 ], [ 120.352438267711932, -2.653663345187169, 0.0 ], [ 120.352389600000151, -2.653496048803561, 0.0 ], [ 120.352478346898238, -2.653441713564177, 0.0 ], [ 120.352632938559282, -2.653327325195846, 0.0 ], [ 120.352873415475756, -2.653190056276003, 0.0 ], [ 120.353234129951147, -2.652915522033652, 0.0 ], [ 120.353285660205074, -2.652972717117166, 0.0 ], [ 120.353411623747547, -2.653293007965885, 0.0 ], [ 120.353577667375475, -2.653533226776972, 0.0 ], [ 120.35325703208639, -2.653773444688682, 0.0 ], [ 120.352810433254945, -2.654150929721595, 0.0 ], [ 120.353045184187977, -2.654822970603561, 0.0 ] ] ] ] } },
{ "type": "Feature", "properties": { "OBJECTID": 5129, "WADMPR": "Sulawesi Selatan", "WADMKK": "Kab. Luwu Utara", "WADMKC": "Kec. Masamba", "WADMKD": "Desa Pongo", "POKTAN": "Gapoktan Masagena", "K_POKTAN": "H. Kamaluddin", "P_SID": "Universitas Negeri Makassar", "NO_HP_1": "0813-5551-7977", "NAMA_PEMIL": "Pemerintah Desa", "N_PETAK": "PNB067", "LUAS_HA": 0.29475931794, "PAKET": "Paket Sulawesi Selatan 7" }, "geometry": { "type": "MultiPolygon", "coordinates": [ [ [ [ 120.360975391601073, -2.653273072694105, 0.0 ], [ 120.360946253566794, -2.653248328747338, 0.0 ], [ 120.36080816806259, -2.653241424651981, 0.0 ], [ 120.360626354822443, -2.653246027382238, 0.0 ], [ 120.360525091160071, -2.653193095085214, 0.0 ], [ 120.360423252830969, -2.653187340323427, 0.0 ], [ 120.360324291433017, -2.653155120312533, 0.0 ], [ 120.360407717941939, -2.652887004531578, 0.0 ], [ 120.360610244367308, -2.652939937727922, 0.0 ], [ 120.360667780293852, -2.652783439504105, 0.0 ], [ 120.360787454877254, -2.652808755419699, 0.0 ], [ 120.3609140335559, -2.652792645863883, 0.0 ], [ 120.360969268117287, -2.652781138138948, 0.0 ], [ 120.360934746741236, -2.652935334098345, 0.0 ], [ 120.361052119959481, -2.652972157738816, 0.0 ], [ 120.361011109075434, -2.653142741144563, 0.0 ], [ 120.360993250338311, -2.653207907818626, 0.0 ], [ 120.360975391601073, -2.653273072694105, 0.0 ] ] ] ] } },
{ "type": "Feature", "properties": { "OBJECTID": 5130, "WADMPR": "Sulawesi Selatan", "WADMKK": "Kab. Luwu Utara", "WADMKC": "Kec. Masamba", "WADMKD": "Desa Pongo", "POKTAN": "Gapoktan Masagena", "K_POKTAN": "H. Kamaluddin", "P_SID": "Universitas Negeri Makassar", "NO_HP_1": "0813-5551-7977", "NAMA_PEMIL": "Pemerintah Desa", "N_PETAK": "PNB068", "LUAS_HA": 0.49670413369, "PAKET": "Paket Sulawesi Selatan 7" }, "geometry": { "type": "MultiPolygon", "coordinates": [ [ [ [ 120.352202442988414, -2.653225446397187, 0.0 ], [ 120.351861767206856, -2.653262622571901, 0.0 ], [ 120.351861767206856, -2.65332839628843, 0.0 ], [ 120.351386541155989, -2.653375582816864, 0.0 ], [ 120.351332147460653, -2.65288370671766, 0.0 ], [ 120.352169520606935, -2.652755733190475, 0.0 ], [ 120.352165226344141, -2.652985228485477, 0.0 ], [ 120.352202442988414, -2.653225446397187, 0.0 ] ] ] ] } },
{ "type": "Feature", "properties": { "OBJECTID": 5131, "WADMPR": "Sulawesi Selatan", "WADMKK": "Kab. Luwu Utara", "WADMKC": "Kec. Masamba", "WADMKD": "Desa Pongo", "POKTAN": "Gapoktan Masagena", "K_POKTAN": "H. Kamaluddin", "P_SID": "Universitas Negeri Makassar", "NO_HP_1": "0813-5551-7977", "NAMA_PEMIL": "Pemerintah Desa", "N_PETAK": "PNB069", "LUAS_HA": 0.13765503298000001, "PAKET": "Paket Sulawesi Selatan 7" }, "geometry": { "type": "MultiPolygon", "coordinates": [ [ [ [ 120.35998828223353, -2.652782288371839, 0.0 ], [ 120.359921539947209, -2.653102188914829, 0.0 ], [ 120.359822578549256, -2.653307015806092, 0.0 ], [ 120.359735123976861, -2.653180436228126, 0.0 ], [ 120.359705205331011, -2.653033144364088, 0.0 ], [ 120.359723617151303, -2.652699437429021, 0.0 ], [ 120.35998828223353, -2.652782288371839, 0.0 ] ] ] ] } },
{ "type": "Feature", "properties": { "OBJECTID": 5132, "WADMPR": "Sulawesi Selatan", "WADMKK": "Kab. Luwu Utara", "WADMKC": "Kec. Masamba", "WADMKD": "Desa Pongo", "POKTAN": "Gapoktan Masagena", "K_POKTAN": "H. Kamaluddin", "P_SID": "Universitas Negeri Makassar", "NO_HP_1": "0813-5551-7977", "NAMA_PEMIL": "Pemerintah Desa", "N_PETAK": "PNB070", "LUAS_HA": 0.89559055886000005, "PAKET": "Paket Sulawesi Selatan 7" }, "geometry": { "type": "MultiPolygon", "coordinates": [ [ [ [ 120.345111149260219, -2.653206340300301, 0.0 ], [ 120.345160459087992, -2.653267806264182, 0.0 ], [ 120.345074574731939, -2.653459409524089, 0.0 ], [ 120.344902806019718, -2.653570939846929, 0.0 ], [ 120.344335968729979, -2.65376540205159, 0.0 ], [ 120.344138435340597, -2.653202031648391, 0.0 ], [ 120.343981623253399, -2.652861323491265, 0.0 ], [ 120.344043676474598, -2.65283495626818, 0.0 ], [ 120.344105729695684, -2.652808588145774, 0.0 ], [ 120.344167782017621, -2.652782220023369, 0.0 ], [ 120.344229836138084, -2.65275585190102, 0.0 ], [ 120.344291888459907, -2.652729483778614, 0.0 ], [ 120.344353941681106, -2.652703115656209, 0.0 ], [ 120.344393520844392, -2.652685213751568, 0.0 ], [ 120.344446506201393, -2.652710165441761, 0.0 ], [ 120.344491868005321, -2.652710179830876, 0.0 ], [ 120.344544279594857, -2.652757941026096, 0.0 ], [ 120.344596691184393, -2.652805705818594, 0.0 ], [ 120.344649102773928, -2.65285346611455, 0.0 ], [ 120.344701512564825, -2.652901229108409, 0.0 ], [ 120.344760033249031, -2.652944815650699, 0.0 ], [ 120.344818552134484, -2.652988401293612, 0.0 ], [ 120.344877071919427, -2.653031991433238, 0.0 ], [ 120.34493559080488, -2.653075578874791, 0.0 ], [ 120.344994110589823, -2.653119164517761, 0.0 ], [ 120.345052629475276, -2.653162751060052, 0.0 ], [ 120.345111149260219, -2.653206340300301, 0.0 ] ] ] ] } },
{ "type": "Feature", "properties": { "OBJECTID": 5133, "WADMPR": "Sulawesi Selatan", "WADMKK": "Kab. Luwu Utara", "WADMKC": "Kec. Masamba", "WADMKD": "Desa Pongo", "POKTAN": "Gapoktan Masagena", "K_POKTAN": "H. Kamaluddin", "P_SID": "Universitas Negeri Makassar", "NO_HP_1": "0813-5551-7977", "NAMA_PEMIL": "Pemerintah Desa", "N_PETAK": "PNB071", "LUAS_HA": 0.74560406091999998, "PAKET": "Paket Sulawesi Selatan 7" }, "geometry": { "type": "MultiPolygon", "coordinates": [ [ [ [ 120.360407717941939, -2.652887004531578, 0.0 ], [ 120.360324291433017, -2.653155120312533, 0.0 ], [ 120.360423252830969, -2.653187340323427, 0.0 ], [ 120.360338099623618, -2.65342208765918, 0.0 ], [ 120.360697123373598, -2.653550967702927, 0.0 ], [ 120.360595860610488, -2.653875470076855, 0.0 ], [ 120.360515310133565, -2.653852455526362, 0.0 ], [ 120.360450870111663, -2.653857058256563, 0.0 ], [ 120.360333496893418, -2.653806427324696, 0.0 ], [ 120.360220726405487, -2.653801824594495, 0.0 ], [ 120.360124066372578, -2.653737384572594, 0.0 ], [ 120.360004391789289, -2.653663737291595, 0.0 ], [ 120.359921539947209, -2.653493432675702, 0.0 ], [ 120.359822578549256, -2.653307015806092, 0.0 ], [ 120.359921539947209, -2.653102188914829, 0.0 ], [ 120.35998828223353, -2.652782288371839, 0.0 ], [ 120.360052722255432, -2.652568255120855, 0.0 ], [ 120.360453171476706, -2.652713245619736, 0.0 ], [ 120.360407717941939, -2.652887004531578, 0.0 ] ] ] ] } },
{ "type": "Feature", "properties": { "OBJECTID": 5134, "WADMPR": "Sulawesi Selatan", "WADMKK": "Kab. Luwu Utara", "WADMKC": "Kec. Masamba", "WADMKD": "Desa Pongo", "POKTAN": "Gapoktan Masagena", "K_POKTAN": "H. Kamaluddin", "P_SID": "Universitas Negeri Makassar", "NO_HP_1": "0813-5551-7977", "NAMA_PEMIL": "Pemerintah Desa", "N_PETAK": "PNB072", "LUAS_HA": 1.09110179571, "PAKET": "Paket Sulawesi Selatan 7" }, "geometry": { "type": "MultiPolygon", "coordinates": [ [ [ [ 120.358426758787914, -2.652655710592512, 0.0 ], [ 120.358360017400969, -2.653180436228126, 0.0 ], [ 120.358201217812052, -2.654236794292558, 0.0 ], [ 120.357890524528102, -2.65415164288396, 0.0 ], [ 120.357839892696916, -2.654303537478199, 0.0 ], [ 120.357734027203605, -2.654340360219408, 0.0 ], [ 120.357815727913589, -2.652547542834782, 0.0 ], [ 120.358426758787914, -2.652655710592512, 0.0 ] ] ] ] } },
{ "type": "Feature", "properties": { "OBJECTID": 5135, "WADMPR": "Sulawesi Selatan", "WADMKK": "Kab. Luwu Utara", "WADMKC": "Kec. Masamba", "WADMKD": "Desa Pongo", "POKTAN": "Gapoktan Masagena", "K_POKTAN": "H. Kamaluddin", "P_SID": "Universitas Negeri Makassar", "NO_HP_1": "0813-5551-7977", "NAMA_PEMIL": "Pemerintah Desa", "N_PETAK": "PNB073", "LUAS_HA": 1.25939306422, "PAKET": "Paket Sulawesi Selatan 7" }, "geometry": { "type": "MultiPolygon", "coordinates": [ [ [ [ 120.346493814637938, -2.653758966503062, 0.0 ], [ 120.346253338620727, -2.654002045158222, 0.0 ], [ 120.345772385687155, -2.653993465625888, 0.0 ], [ 120.345620656568144, -2.653947710818159, 0.0 ], [ 120.345417396295829, -2.653744668181844, 0.0 ], [ 120.34539270540904, -2.653726795055491, 0.0 ], [ 120.345074574731939, -2.653459409524089, 0.0 ], [ 120.345160459087992, -2.653267806264182, 0.0 ], [ 120.345111149260219, -2.653206340300301, 0.0 ], [ 120.345128547544505, -2.65315522283521, 0.0 ], [ 120.345145946728167, -2.653104107168758, 0.0 ], [ 120.345163345012452, -2.653052990602987, 0.0 ], [ 120.345194020887448, -2.652999900025293, 0.0 ], [ 120.345224695863067, -2.652946807649016, 0.0 ], [ 120.345255372637439, -2.652893714373363, 0.0 ], [ 120.345286048512435, -2.652840622896406, 0.0 ], [ 120.34531672438743, -2.652787532318712, 0.0 ], [ 120.345348354443104, -2.652732789686468, 0.0 ], [ 120.345379982700138, -2.652678046154847, 0.0 ], [ 120.345411610957171, -2.652623304421923, 0.0 ], [ 120.345443242811484, -2.652568562688941, 0.0 ], [ 120.345474871068518, -2.652513820956017, 0.0 ], [ 120.345513449286273, -2.652557587362708, 0.0 ], [ 120.345563325686953, -2.652598892324988, 0.0 ], [ 120.345613202087634, -2.652640195488573, 0.0 ], [ 120.345663079387691, -2.652681500450853, 0.0 ], [ 120.345712954888995, -2.652722803614438, 0.0 ], [ 120.345762832189052, -2.652764108576719, 0.0 ], [ 120.345812708589733, -2.652805411740303, 0.0 ], [ 120.345862584990414, -2.652846714903944, 0.0 ], [ 120.345958468008916, -2.652918202912701, 0.0 ], [ 120.345886898161893, -2.653049751244964, 0.0 ], [ 120.34598995956901, -2.653524467380237, 0.0 ], [ 120.346170316806706, -2.653721791227611, 0.0 ], [ 120.346293417807033, -2.653644577235411, 0.0 ], [ 120.346493814637938, -2.653758966503062, 0.0 ] ] ] ] } },
{ "type": "Feature", "properties": { "OBJECTID": 5136, "WADMPR": "Sulawesi Selatan", "WADMKK": "Kab. Luwu Utara", "WADMKC": "Kec. Masamba", "WADMKD": "Desa Pongo", "POKTAN": "Gapoktan Masagena", "K_POKTAN": "H. Kamaluddin", "P_SID": "Universitas Negeri Makassar", "NO_HP_1": "0813-5551-7977", "NAMA_PEMIL": "Pemerintah Desa", "N_PETAK": "PNB074", "LUAS_HA": 1.2528339773099999, "PAKET": "Paket Sulawesi Selatan 7" }, "geometry": { "type": "MultiPolygon", "coordinates": [ [ [ [ 120.343354501708973, -2.653079620428116, 0.0 ], [ 120.342639573057909, -2.65338666426311, 0.0 ], [ 120.34286000948191, -2.653732693708776, 0.0 ], [ 120.342687283891109, -2.653710384226827, 0.0 ], [ 120.342519334599729, -2.653566827247232, 0.0 ], [ 120.342009754446622, -2.653217939756075, 0.0 ], [ 120.341740649411463, -2.652806136593881, 0.0 ], [ 120.342273133498338, -2.652611673489901, 0.0 ], [ 120.342914403177247, -2.652434369450532, 0.0 ], [ 120.3430002875333, -2.652568777626925, 0.0 ], [ 120.342930148507662, -2.652594514425232, 0.0 ], [ 120.343079015084527, -2.652836164057703, 0.0 ], [ 120.343167761982727, -2.652826153703984, 0.0 ], [ 120.343354501708973, -2.653079620428116, 0.0 ] ] ] ] } },
{ "type": "Feature", "properties": { "OBJECTID": 5137, "WADMPR": "Sulawesi Selatan", "WADMKK": "Kab. Luwu Utara", "WADMKC": "Kec. Masamba", "WADMKD": "Desa Pongo", "POKTAN": "Gapoktan Masagena", "K_POKTAN": "H. Kamaluddin", "P_SID": "Universitas Negeri Makassar", "NO_HP_1": "0813-5551-7977", "NAMA_PEMIL": "Pemerintah Desa", "N_PETAK": "PNB075", "LUAS_HA": 1.9657192543899999, "PAKET": "Paket Sulawesi Selatan 7" }, "geometry": { "type": "MultiPolygon", "coordinates": [ [ [ [ 120.359499529479763, -2.654211343478664, 0.0 ], [ 120.359236468788026, -2.654683160199625, 0.0 ], [ 120.358602818165537, -2.654415155934657, 0.0 ], [ 120.358843318464437, -2.653214958503497, 0.0 ], [ 120.358999815788934, -2.652423264621916, 0.0 ], [ 120.35956942119185, -2.652460087363067, 0.0 ], [ 120.35948656934977, -2.653058461179, 0.0 ], [ 120.359509583900262, -2.653214958503497, 0.0 ], [ 120.359578626652365, -2.653343839446563, 0.0 ], [ 120.359712253317866, -2.6535688866947, 0.0 ], [ 120.359690980754181, -2.653633132463028, 0.0 ], [ 120.359669707291232, -2.653697380029996, 0.0 ], [ 120.359648434727546, -2.653761625798325, 0.0 ], [ 120.3596271639625, -2.653825869768013, 0.0 ], [ 120.359605890499552, -2.653890116435662, 0.0 ], [ 120.359584617935866, -2.65395436130467, 0.0 ], [ 120.359563346271443, -2.654018605274359, 0.0 ], [ 120.359542073707757, -2.654082851042688, 0.0 ], [ 120.359520801144072, -2.654147097710336, 0.0 ], [ 120.359499529479763, -2.654211343478664, 0.0 ] ] ] ] } },
{ "type": "Feature", "properties": { "OBJECTID": 5138, "WADMPR": "Sulawesi Selatan", "WADMKK": "Kab. Luwu Utara", "WADMKC": "Kec. Masamba", "WADMKD": "Desa Pongo", "POKTAN": "Gapoktan Masagena", "K_POKTAN": "H. Kamaluddin", "P_SID": "Universitas Negeri Makassar", "NO_HP_1": "0813-5551-7977", "NAMA_PEMIL": "Pemerintah Desa", "N_PETAK": "PNB076", "LUAS_HA": 0.44944626596999998, "PAKET": "Paket Sulawesi Selatan 7" }, "geometry": { "type": "MultiPolygon", "coordinates": [ [ [ [ 120.358999815788934, -2.652423264621916, 0.0 ], [ 120.358843318464437, -2.653214958503497, 0.0 ], [ 120.358360017400969, -2.653180436228126, 0.0 ], [ 120.358426758787914, -2.652655710592512, 0.0 ], [ 120.358445170608206, -2.652533733744747, 0.0 ], [ 120.358534925646381, -2.652540638739424, 0.0 ], [ 120.358521117455666, -2.652637297872957, 0.0 ], [ 120.358636189308754, -2.652653409227412, 0.0 ], [ 120.358670710684805, -2.652407155066101, 0.0 ], [ 120.358999815788934, -2.652423264621916, 0.0 ] ] ] ] } },
{ "type": "Feature", "properties": { "OBJECTID": 5139, "WADMPR": "Sulawesi Selatan", "WADMKK": "Kab. Luwu Utara", "WADMKC": "Kec. Masamba", "WADMKD": "Desa Pongo", "POKTAN": "Gapoktan Masagena", "K_POKTAN": "H. Kamaluddin", "P_SID": "Universitas Negeri Makassar", "NO_HP_1": "0813-5551-7977", "NAMA_PEMIL": "Pemerintah Desa", "N_PETAK": "PNB077", "LUAS_HA": 5.9026786598600003, "PAKET": "Paket Sulawesi Selatan 7" }, "geometry": { "type": "MultiPolygon", "coordinates": [ [ [ [ 120.354321998461501, -2.654908762329455, 0.0 ], [ 120.354321998461501, -2.654851568145318, 0.0 ], [ 120.354167406800457, -2.654536996085426, 0.0 ], [ 120.354012815139413, -2.654245302778463, 0.0 ], [ 120.353669276815708, -2.654416887129571, 0.0 ], [ 120.353451702933853, -2.654577033003648, 0.0 ], [ 120.353045184187977, -2.654822970603561, 0.0 ], [ 120.352810433254945, -2.654150929721595, 0.0 ], [ 120.35325703208639, -2.653773444688682, 0.0 ], [ 120.353577667375475, -2.653533226776972, 0.0 ], [ 120.353411623747547, -2.653293007965885, 0.0 ], [ 120.353285660205074, -2.652972717117166, 0.0 ], [ 120.353234129951147, -2.652915522033652, 0.0 ], [ 120.35312353492327, -2.652335810948841, 0.0 ], [ 120.354845008190637, -2.652407155066101, 0.0 ], [ 120.354946270953747, -2.652437073711951, 0.0 ], [ 120.355063644171878, -2.652814508382789, 0.0 ], [ 120.354778266803578, -2.652890455230249, 0.0 ], [ 120.354833500465702, -2.653104490279929, 0.0 ], [ 120.35515340010943, -2.653046954353385, 0.0 ], [ 120.355622892982183, -2.6545935175767, 0.0 ], [ 120.355391350830246, -2.654679650145681, 0.0 ], [ 120.355306002470115, -2.654751569829045, 0.0 ], [ 120.355263463638039, -2.654837714089183, 0.0 ], [ 120.354321998461501, -2.654908762329455, 0.0 ] ] ] ] } },
{ "type": "Feature", "properties": { "OBJECTID": 5140, "WADMPR": "Sulawesi Selatan", "WADMKK": "Kab. Luwu Utara", "WADMKC": "Kec. Masamba", "WADMKD": "Desa Pongo", "POKTAN": "Gapoktan Masagena", "K_POKTAN": "H. Kamaluddin", "P_SID": "Universitas Negeri Makassar", "NO_HP_1": "0813-5551-7977", "NAMA_PEMIL": "Pemerintah Desa", "N_PETAK": "PNB078", "LUAS_HA": 0.81330811004000003, "PAKET": "Paket Sulawesi Selatan 7" }, "geometry": { "type": "MultiPolygon", "coordinates": [ [ [ [ 120.35312353492327, -2.652335810948841, 0.0 ], [ 120.353234129951147, -2.652915522033652, 0.0 ], [ 120.352873415475756, -2.653190056276003, 0.0 ], [ 120.352632938559282, -2.653327325195846, 0.0 ], [ 120.352478346898238, -2.653441713564177, 0.0 ], [ 120.352389600000151, -2.653496048803561, 0.0 ], [ 120.352341047401524, -2.653249479879548, 0.0 ], [ 120.352364061951903, -2.65255904966034, 0.0 ], [ 120.352769114802868, -2.652549844199882, 0.0 ], [ 120.352773717533069, -2.652324304123283, 0.0 ], [ 120.35312353492327, -2.652335810948841, 0.0 ] ] ] ] } },
{ "type": "Feature", "properties": { "OBJECTID": 5141, "WADMPR": "Sulawesi Selatan", "WADMKK": "Kab. Luwu Utara", "WADMKC": "Kec. Masamba", "WADMKD": "Desa Pongo", "POKTAN": "Gapoktan Masagena", "K_POKTAN": "H. Kamaluddin", "P_SID": "Universitas Negeri Makassar", "NO_HP_1": "0813-5551-7977", "NAMA_PEMIL": "Pemerintah Desa", "N_PETAK": "PNB079", "LUAS_HA": 1.54504101714, "PAKET": "Paket Sulawesi Selatan 7" }, "geometry": { "type": "MultiPolygon", "coordinates": [ [ [ [ 120.357815727913589, -2.652547542834782, 0.0 ], [ 120.357734027203605, -2.654340360219408, 0.0 ], [ 120.357515391222364, -2.654457733437596, 0.0 ], [ 120.35734968753809, -2.654535981650213, 0.0 ], [ 120.356944635586501, -2.652570556485955, 0.0 ], [ 120.357368099358382, -2.652427867352174, 0.0 ], [ 120.35740492209959, -2.652694834698821, 0.0 ], [ 120.357602844895382, -2.652648805597835, 0.0 ], [ 120.357566022154288, -2.652381839150507, 0.0 ], [ 120.357828385871358, -2.652289781847912, 0.0 ], [ 120.357815727913589, -2.652547542834782, 0.0 ] ] ] ] } },
{ "type": "Feature", "properties": { "OBJECTID": 5142, "WADMPR": "Sulawesi Selatan", "WADMKK": "Kab. Luwu Utara", "WADMKC": "Kec. Masamba", "WADMKD": "Desa Pongo", "POKTAN": "Gapoktan Masagena", "K_POKTAN": "H. Kamaluddin", "P_SID": "Universitas Negeri Makassar", "NO_HP_1": "0813-5551-7977", "NAMA_PEMIL": "Pemerintah Desa", "N_PETAK": "PNB080", "LUAS_HA": 0.52467573218999997, "PAKET": "Paket Sulawesi Selatan 7" }, "geometry": { "type": "MultiPolygon", "coordinates": [ [ [ [ 120.352169520606935, -2.652755733190475, 0.0 ], [ 120.351345030249036, -2.65288156273391, 0.0 ], [ 120.351332147460653, -2.65288370671766, 0.0 ], [ 120.35132928491862, -2.652683524824738, 0.0 ], [ 120.351312107867557, -2.652417567416762, 0.0 ], [ 120.351615566105579, -2.652354653544364, 0.0 ], [ 120.351898984750392, -2.652303179048431, 0.0 ], [ 120.352089362234324, -2.652277440451485, 0.0 ], [ 120.352206737251208, -2.6522810143573, 0.0 ], [ 120.352229640285714, -2.652361088193629, 0.0 ], [ 120.352195286183587, -2.652615606225197, 0.0 ], [ 120.352169520606935, -2.652755733190475, 0.0 ] ] ] ] } },
{ "type": "Feature", "properties": { "OBJECTID": 5143, "WADMPR": "Sulawesi Selatan", "WADMKK": "Kab. Luwu Utara", "WADMKC": "Kec. Masamba", "WADMKD": "Desa Pongo", "POKTAN": "Gapoktan Masagena", "K_POKTAN": "H. Kamaluddin", "P_SID": "Universitas Negeri Makassar", "NO_HP_1": "0813-5551-7977", "NAMA_PEMIL": "Pemerintah Desa", "N_PETAK": "PNB081", "LUAS_HA": 0.40073504284, "PAKET": "Paket Sulawesi Selatan 7" }, "geometry": { "type": "MultiPolygon", "coordinates": [ [ [ [ 120.362401335053619, -2.652039681286226, 0.0 ], [ 120.362208014987914, -2.652108724038328, 0.0 ], [ 120.360626354822443, -2.652427292685388, 0.0 ], [ 120.360754117008923, -2.652141194960109, 0.0 ], [ 120.360776522718425, -2.652235302716974, 0.0 ], [ 120.362235632268721, -2.651873976702632, 0.0 ], [ 120.362318483211538, -2.651947623084311, 0.0 ], [ 120.362401335053619, -2.652039681286226, 0.0 ] ] ] ] } },
{ "type": "Feature", "properties": { "OBJECTID": 5144, "WADMPR": "Sulawesi Selatan", "WADMKK": "Kab. Luwu Utara", "WADMKC": "Kec. Masamba", "WADMKD": "Desa Pongo", "POKTAN": "Gapoktan Masagena", "K_POKTAN": "H. Kamaluddin", "P_SID": "Universitas Negeri Makassar", "NO_HP_1": "0813-5551-7977", "NAMA_PEMIL": "Pemerintah Desa", "N_PETAK": "PNB082", "LUAS_HA": 0.90829691758999997, "PAKET": "Paket Sulawesi Selatan 7" }, "geometry": { "type": "MultiPolygon", "coordinates": [ [ [ [ 120.351253122233857, -2.651854079202337, 0.0 ], [ 120.351258848217299, -2.65234976752771, 0.0 ], [ 120.350386644328182, -2.652304966001338, 0.0 ], [ 120.350351336045378, -2.652103830827059, 0.0 ], [ 120.350196744384334, -2.652131475087458, 0.0 ], [ 120.350206287090487, -2.652295433187646, 0.0 ], [ 120.349692889315406, -2.652264929982493, 0.0 ], [ 120.349738694485268, -2.651980861127811, 0.0 ], [ 120.349732014321035, -2.651760660326147, 0.0 ], [ 120.351253122233857, -2.651854079202337, 0.0 ] ] ] ] } },
{ "type": "Feature", "properties": { "OBJECTID": 5145, "WADMPR": "Sulawesi Selatan", "WADMKK": "Kab. Luwu Utara", "WADMKC": "Kec. Masamba", "WADMKD": "Desa Pongo", "POKTAN": "Gapoktan Masagena", "K_POKTAN": "H. Kamaluddin", "P_SID": "Universitas Negeri Makassar", "NO_HP_1": "0813-5551-7977", "NAMA_PEMIL": "Pemerintah Desa", "N_PETAK": "PNB083", "LUAS_HA": 0.27045529552999997, "PAKET": "Paket Sulawesi Selatan 7" }, "geometry": { "type": "MultiPolygon", "coordinates": [ [ [ [ 120.362401335053619, -2.652039681286226, 0.0 ], [ 120.362318483211538, -2.651947623084311, 0.0 ], [ 120.362235632268721, -2.651873976702632, 0.0 ], [ 120.362787976084292, -2.651722083007655, 0.0 ], [ 120.362909952032737, -2.652116779265896, 0.0 ], [ 120.362546325552557, -2.652323908421579, 0.0 ], [ 120.362401335053619, -2.652039681286226, 0.0 ] ] ] ] } },
{ "type": "Feature", "properties": { "OBJECTID": 5146, "WADMPR": "Sulawesi Selatan", "WADMKK": "Kab. Luwu Utara", "WADMKC": "Kec. Masamba", "WADMKD": "Desa Pongo", "POKTAN": "Gapoktan Masagena", "K_POKTAN": "H. Kamaluddin", "P_SID": "Universitas Negeri Makassar", "NO_HP_1": "0813-5551-7977", "NAMA_PEMIL": "Pemerintah Desa", "N_PETAK": "PNB084", "LUAS_HA": 0.11192944221, "PAKET": "Paket Sulawesi Selatan 7" }, "geometry": { "type": "MultiPolygon", "coordinates": [ [ [ [ 120.359289221220592, -2.652070570300509, 0.0 ], [ 120.359436513084688, -2.651633297438707, 0.0 ], [ 120.359620627689878, -2.652079776660344, 0.0 ], [ 120.359627531785236, -2.652187943518754, 0.0 ], [ 120.359289221220592, -2.652070570300509, 0.0 ] ] ] ] } },
{ "type": "Feature", "properties": { "OBJECTID": 5147, "WADMPR": "Sulawesi Selatan", "WADMKK": "Kab. Luwu Utara", "WADMKC": "Kec. Masamba", "WADMKD": "Desa Pongo", "POKTAN": "Gapoktan Masagena", "K_POKTAN": "H. Kamaluddin", "P_SID": "Universitas Negeri Makassar", "NO_HP_1": "0813-5551-7977", "NAMA_PEMIL": "Pemerintah Desa", "N_PETAK": "PNB085", "LUAS_HA": 0.92467896877, "PAKET": "Paket Sulawesi Selatan 7" }, "geometry": { "type": "MultiPolygon", "coordinates": [ [ [ [ 120.360874909449535, -2.651640202433327, 0.0 ], [ 120.360821976253305, -2.651953196183001, 0.0 ], [ 120.360817949089096, -2.651998254915497, 0.0 ], [ 120.360753509067308, -2.652138642684179, 0.0 ], [ 120.360626354822443, -2.652427292685388, 0.0 ], [ 120.360391608386067, -2.652378962219302, 0.0 ], [ 120.360322564734588, -2.65257458454937, 0.0 ], [ 120.35979323546951, -2.652443402241147, 0.0 ], [ 120.359986554635839, -2.651695436095451, 0.0 ], [ 120.36080586579817, -2.651545843765632, 0.0 ], [ 120.360874909449535, -2.651640202433327, 0.0 ] ] ] ] } },
{ "type": "Feature", "properties": { "OBJECTID": 5148, "WADMPR": "Sulawesi Selatan", "WADMKK": "Kab. Luwu Utara", "WADMKC": "Kec. Masamba", "WADMKD": "Desa Pongo", "POKTAN": "Gapoktan Masagena", "K_POKTAN": "H. Kamaluddin", "P_SID": "Universitas Negeri Makassar", "NO_HP_1": "0813-5551-7977", "NAMA_PEMIL": "Pemerintah Desa", "N_PETAK": "PNB086", "LUAS_HA": 0.43040992977999998, "PAKET": "Paket Sulawesi Selatan 7" }, "geometry": { "type": "MultiPolygon", "coordinates": [ [ [ [ 120.359436513084688, -2.651633297438707, 0.0 ], [ 120.359289221220592, -2.652070570300509, 0.0 ], [ 120.359185657092439, -2.652360551298329, 0.0 ], [ 120.358888771999318, -2.652321427192078, 0.0 ], [ 120.358973924307179, -2.652093583951682, 0.0 ], [ 120.358723068315044, -2.651990020722849, 0.0 ], [ 120.358746082865537, -2.65191637344185, 0.0 ], [ 120.358863456083668, -2.651746068825958, 0.0 ], [ 120.359049872054015, -2.651511322389581, 0.0 ], [ 120.359436513084688, -2.651633297438707, 0.0 ] ] ] ] } },
{ "type": "Feature", "properties": { "OBJECTID": 5149, "WADMPR": "Sulawesi Selatan", "WADMKK": "Kab. Luwu Utara", "WADMKC": "Kec. Masamba", "WADMKD": "Desa Pongo", "POKTAN": "Gapoktan Masagena", "K_POKTAN": "H. Kamaluddin", "P_SID": "Universitas Negeri Makassar", "NO_HP_1": "0813-5551-7977", "NAMA_PEMIL": "Pemerintah Desa", "N_PETAK": "PNB087", "LUAS_HA": 0.59255927468000003, "PAKET": "Paket Sulawesi Selatan 7" }, "geometry": { "type": "MultiPolygon", "coordinates": [ [ [ [ 120.362787976084292, -2.651722083007655, 0.0 ], [ 120.362235632268721, -2.651873976702632, 0.0 ], [ 120.360776522718425, -2.652235302716974, 0.0 ], [ 120.360754117008923, -2.652141194960109, 0.0 ], [ 120.360817949089096, -2.651998254915497, 0.0 ], [ 120.362718933332189, -2.651489637037059, 0.0 ], [ 120.362787976084292, -2.651722083007655, 0.0 ] ] ] ] } },
{ "type": "Feature", "properties": { "OBJECTID": 5150, "WADMPR": "Sulawesi Selatan", "WADMKK": "Kab. Luwu Utara", "WADMKC": "Kec. Masamba", "WADMKD": "Desa Pongo", "POKTAN": "Gapoktan Masagena", "K_POKTAN": "H. Kamaluddin", "P_SID": "Universitas Negeri Makassar", "NO_HP_1": "0813-5551-7977", "NAMA_PEMIL": "Pemerintah Desa", "N_PETAK": "PNB088", "LUAS_HA": 0.28347439017999998, "PAKET": "Paket Sulawesi Selatan 7" }, "geometry": { "type": "MultiPolygon", "coordinates": [ [ [ [ 120.358255877706597, -2.651831221133875, 0.0 ], [ 120.358426183221809, -2.651580365141683, 0.0 ], [ 120.358642517838007, -2.651446882367679, 0.0 ], [ 120.35884964699369, -2.651320301890394, 0.0 ], [ 120.359109709345717, -2.651318000525237, 0.0 ], [ 120.359042967958658, -2.651419264187666, 0.0 ], [ 120.358886470634161, -2.651573461046326, 0.0 ], [ 120.35876909741603, -2.651716150180164, 0.0 ], [ 120.358619504186777, -2.651941689357443, 0.0 ], [ 120.358255877706597, -2.651831221133875, 0.0 ] ] ] ] } },
{ "type": "Feature", "properties": { "OBJECTID": 5151, "WADMPR": "Sulawesi Selatan", "WADMKK": "Kab. Luwu Utara", "WADMKC": "Kec. Masamba", "WADMKD": "Desa Pongo", "POKTAN": "Gapoktan Masagena", "K_POKTAN": "H. Kamaluddin", "P_SID": "Universitas Negeri Makassar", "NO_HP_1": "0813-5551-7977", "NAMA_PEMIL": "Pemerintah Desa", "N_PETAK": "PNB089", "LUAS_HA": 0.9233672481, "PAKET": "Paket Sulawesi Selatan 7" }, "geometry": { "type": "MultiPolygon", "coordinates": [ [ [ [ 120.350646205757812, -2.651312633371276, 0.0 ], [ 120.350806523402412, -2.651324072747684, 0.0 ], [ 120.351262664940123, -2.651358389078325, 0.0 ], [ 120.351253122233857, -2.651854079202337, 0.0 ], [ 120.349732014321035, -2.651760660326147, 0.0 ], [ 120.349762550801188, -2.651547132494102, 0.0 ], [ 120.349707202025797, -2.651282128367484, 0.0 ], [ 120.350646205757812, -2.651312633371276, 0.0 ] ] ] ] } },
{ "type": "Feature", "properties": { "OBJECTID": 5152, "WADMPR": "Sulawesi Selatan", "WADMKK": "Kab. Luwu Utara", "WADMKC": "Kec. Masamba", "WADMKD": "Desa Pongo", "POKTAN": "Gapoktan Masagena", "K_POKTAN": "H. Kamaluddin", "P_SID": "Universitas Negeri Makassar", "NO_HP_1": "0813-5551-7977", "NAMA_PEMIL": "Pemerintah Desa", "N_PETAK": "PNB090", "LUAS_HA": 0.76349039341000002, "PAKET": "Paket Sulawesi Selatan 7" }, "geometry": { "type": "MultiPolygon", "coordinates": [ [ [ [ 120.362718933332189, -2.651489637037059, 0.0 ], [ 120.360817949089096, -2.651998254915497, 0.0 ], [ 120.360821976253305, -2.651953196183001, 0.0 ], [ 120.360874909449535, -2.651640202433327, 0.0 ], [ 120.360921371124391, -2.651610469947173, 0.0 ], [ 120.360993194580374, -2.651593097743216, 0.0 ], [ 120.361065017136866, -2.65157572643858, 0.0 ], [ 120.361136840592735, -2.651558353335304, 0.0 ], [ 120.361208664048718, -2.651540981131348, 0.0 ], [ 120.361280487504587, -2.651523608927334, 0.0 ], [ 120.361352310061079, -2.651506235824058, 0.0 ], [ 120.361424133517062, -2.651488862720782, 0.0 ], [ 120.361495956972931, -2.651471490516826, 0.0 ], [ 120.3615677804288, -2.65145411831287, 0.0 ], [ 120.361639602985406, -2.651436745209594, 0.0 ], [ 120.361711426441275, -2.651419373005638, 0.0 ], [ 120.361783248997767, -2.651401999002985, 0.0 ], [ 120.361855074252389, -2.651384625899709, 0.0 ], [ 120.361926895909619, -2.651367254595073, 0.0 ], [ 120.361998719365488, -2.651349882391116, 0.0 ], [ 120.362070542821357, -2.65133251018716, 0.0 ], [ 120.362142366277226, -2.651315136184564, 0.0 ], [ 120.362214189733095, -2.651297763980551, 0.0 ], [ 120.362286013188964, -2.651280391776595, 0.0 ], [ 120.36235783574557, -2.651263019572639, 0.0 ], [ 120.362429659201439, -2.651245646469363, 0.0 ], [ 120.362501482657308, -2.651228274265407, 0.0 ], [ 120.362573306113291, -2.651210900262811, 0.0 ], [ 120.362645128669783, -2.651193528058798, 0.0 ], [ 120.362718933332189, -2.651489637037059, 0.0 ] ] ] ] } },
{ "type": "Feature", "properties": { "OBJECTID": 5153, "WADMPR": "Sulawesi Selatan", "WADMKK": "Kab. Luwu Utara", "WADMKC": "Kec. Masamba", "WADMKD": "Desa Pongo", "POKTAN": "Gapoktan Masagena", "K_POKTAN": "H. Kamaluddin", "P_SID": "Universitas Negeri Makassar", "NO_HP_1": "0813-5551-7977", "NAMA_PEMIL": "Pemerintah Desa", "N_PETAK": "PNB091", "LUAS_HA": 1.1674466917699999, "PAKET": "Paket Sulawesi Selatan 7" }, "geometry": { "type": "MultiPolygon", "coordinates": [ [ [ [ 120.344897080036276, -2.651567686499504, 0.0 ], [ 120.344742488375232, -2.651883689380725, 0.0 ], [ 120.344688146840554, -2.652083396431578, 0.0 ], [ 120.344667060436564, -2.652138243385195, 0.0 ], [ 120.344645973133197, -2.652193089439493, 0.0 ], [ 120.344575689316684, -2.652206162884056, 0.0 ], [ 120.344501349557731, -2.652201501697903, 0.0 ], [ 120.344427009798778, -2.652196843209708, 0.0 ], [ 120.344352670039711, -2.652192183822194, 0.0 ], [ 120.344278330280758, -2.652187522636041, 0.0 ], [ 120.344203991421182, -2.65218286234915, 0.0 ], [ 120.344136721232758, -2.652190922972693, 0.0 ], [ 120.34406945194371, -2.652198982696859, 0.0 ], [ 120.344002182654663, -2.652207043320345, 0.0 ], [ 120.343934913365615, -2.652215101245872, 0.0 ], [ 120.343867643177305, -2.652223161869358, 0.0 ], [ 120.343800372988881, -2.652231221593581, 0.0 ], [ 120.34373310459921, -2.652239280418428, 0.0 ], [ 120.343665835310162, -2.652247341941234, 0.0 ], [ 120.343653188144231, -2.651164462869644, 0.0 ], [ 120.344897080036276, -2.651567686499504, 0.0 ] ] ] ] } },
{ "type": "Feature", "properties": { "OBJECTID": 5154, "WADMPR": "Sulawesi Selatan", "WADMKK": "Kab. Luwu Utara", "WADMKC": "Kec. Masamba", "WADMKD": "Desa Pongo", "POKTAN": "Gapoktan Masagena", "K_POKTAN": "H. Kamaluddin", "P_SID": "Universitas Negeri Makassar", "NO_HP_1": "0813-5551-7977", "NAMA_PEMIL": "Pemerintah Desa", "N_PETAK": "PNB092", "LUAS_HA": 0.73785266516000003, "PAKET": "Paket Sulawesi Selatan 7" }, "geometry": { "type": "MultiPolygon", "coordinates": [ [ [ [ 120.343547264194967, -2.651133005483757, 0.0 ], [ 120.343653188144231, -2.651164462869644, 0.0 ], [ 120.343665835310162, -2.652247341941234, 0.0 ], [ 120.343598565121738, -2.65225540076608, 0.0 ], [ 120.34353129583269, -2.652263458691607, 0.0 ], [ 120.342847305658665, -2.65131602921133, 0.0 ], [ 120.342784324337117, -2.651124426850799, 0.0 ], [ 120.343547264194967, -2.651133005483757, 0.0 ] ] ] ] } },
{ "type": "Feature", "properties": { "OBJECTID": 5155, "WADMPR": "Sulawesi Selatan", "WADMKK": "Kab. Luwu Utara", "WADMKC": "Kec. Masamba", "WADMKD": "Desa Pongo", "POKTAN": "Gapoktan Masagena", "K_POKTAN": "H. Kamaluddin", "P_SID": "Universitas Negeri Makassar", "NO_HP_1": "0813-5551-7977", "NAMA_PEMIL": "Pemerintah Desa", "N_PETAK": "PNB093", "LUAS_HA": 1.5030658883100001, "PAKET": "Paket Sulawesi Selatan 7" }, "geometry": { "type": "MultiPolygon", "coordinates": [ [ [ [ 120.359197163917997, -2.650807083080394, 0.0 ], [ 120.359178752097819, -2.651028021326056, 0.0 ], [ 120.359109709345717, -2.651318000525237, 0.0 ], [ 120.35884964699369, -2.651320301890394, 0.0 ], [ 120.358642517838007, -2.651446882367679, 0.0 ], [ 120.358426183221809, -2.651580365141683, 0.0 ], [ 120.358255877706597, -2.651831221133875, 0.0 ], [ 120.358131599493731, -2.651796699757824, 0.0 ], [ 120.358071762202144, -2.651909469346492, 0.0 ], [ 120.357841618495968, -2.651858838414626, 0.0 ], [ 120.35775876755315, -2.651980813463695, 0.0 ], [ 120.357454978364672, -2.651927882066047, 0.0 ], [ 120.357459581094872, -2.651886455695319, 0.0 ], [ 120.357572351582803, -2.65155274786099, 0.0 ], [ 120.357756466187993, -2.651251259138235, 0.0 ], [ 120.357839318030187, -2.650984293590227, 0.0 ], [ 120.358041843556293, -2.650781767164801, 0.0 ], [ 120.358274288627626, -2.650779465799644, 0.0 ], [ 120.359197163917997, -2.650807083080394, 0.0 ] ] ] ] } },
{ "type": "Feature", "properties": { "OBJECTID": 5156, "WADMPR": "Sulawesi Selatan", "WADMKK": "Kab. Luwu Utara", "WADMKC": "Kec. Masamba", "WADMKD": "Desa Pongo", "POKTAN": "Gapoktan Masagena", "K_POKTAN": "H. Kamaluddin", "P_SID": "Universitas Negeri Makassar", "NO_HP_1": "0813-5551-7977", "NAMA_PEMIL": "Pemerintah Desa", "N_PETAK": "PNB094", "LUAS_HA": 0.52769316920999998, "PAKET": "Paket Sulawesi Selatan 7" }, "geometry": { "type": "MultiPolygon", "coordinates": [ [ [ [ 120.343560325948374, -2.650629331178664, 0.0 ], [ 120.343578844787885, -2.650720576393439, 0.0 ], [ 120.343547264194967, -2.651133005483757, 0.0 ], [ 120.342784324337117, -2.651124426850799, 0.0 ], [ 120.34264270449728, -2.650617624703557, 0.0 ], [ 120.343560325948374, -2.650629331178664, 0.0 ] ] ] ] } },
{ "type": "Feature", "properties": { "OBJECTID": 5157, "WADMPR": "Sulawesi Selatan", "WADMKK": "Kab. Luwu Utara", "WADMKC": "Kec. Masamba", "WADMKD": "Desa Pongo", "POKTAN": "Gapoktan Masagena", "K_POKTAN": "H. Kamaluddin", "P_SID": "Universitas Negeri Makassar", "NO_HP_1": "0813-5551-7977", "NAMA_PEMIL": "Pemerintah Desa", "N_PETAK": "PNB095", "LUAS_HA": 0.27324249046, "PAKET": "Paket Sulawesi Selatan 7" }, "geometry": { "type": "MultiPolygon", "coordinates": [ [ [ [ 120.356985485491805, -2.650998101780942, 0.0 ], [ 120.356930250930418, -2.650705820317285, 0.0 ], [ 120.35765059979542, -2.650494087532081, 0.0 ], [ 120.357696628896406, -2.650793273990359, 0.0 ], [ 120.356985485491805, -2.650998101780942, 0.0 ] ] ] ] } },
{ "type": "Feature", "properties": { "OBJECTID": 5158, "WADMPR": "Sulawesi Selatan", "WADMKK": "Kab. Luwu Utara", "WADMKC": "Kec. Masamba", "WADMKD": "Desa Pongo", "POKTAN": "Gapoktan Masagena", "K_POKTAN": "H. Kamaluddin", "P_SID": "Universitas Negeri Makassar", "NO_HP_1": "0813-5551-7977", "NAMA_PEMIL": "Pemerintah Desa", "N_PETAK": "PNB096", "LUAS_HA": 1.39705106934, "PAKET": "Paket Sulawesi Selatan 7" }, "geometry": { "type": "MultiPolygon", "coordinates": [ [ [ [ 120.344897080036276, -2.651567686499504, 0.0 ], [ 120.343653188144231, -2.651164462869644, 0.0 ], [ 120.343547264194967, -2.651133005483757, 0.0 ], [ 120.343578844787885, -2.650720576393439, 0.0 ], [ 120.343928107296392, -2.650600466538265, 0.0 ], [ 120.344165720771457, -2.650506095280036, 0.0 ], [ 120.344514984179227, -2.650468918205945, 0.0 ], [ 120.34501731849457, -2.650521018630059, 0.0 ], [ 120.344897080036276, -2.651567686499504, 0.0 ] ] ] ] } },
{ "type": "Feature", "properties": { "OBJECTID": 5159, "WADMPR": "Sulawesi Selatan", "WADMKK": "Kab. Luwu Utara", "WADMKC": "Kec. Masamba", "WADMKD": "Desa Pongo", "POKTAN": "Gapoktan Masagena", "K_POKTAN": "H. Kamaluddin", "P_SID": "Universitas Negeri Makassar", "NO_HP_1": "0813-5551-7977", "NAMA_PEMIL": "Pemerintah Desa", "N_PETAK": "PNB097", "LUAS_HA": 1.98089722433, "PAKET": "Paket Sulawesi Selatan 7" }, "geometry": { "type": "MultiPolygon", "coordinates": [ [ [ [ 120.358170724499359, -2.650774863069444, 0.0 ], [ 120.358041843556293, -2.650781767164801, 0.0 ], [ 120.357839318030187, -2.650984293590227, 0.0 ], [ 120.357756466187993, -2.651251259138235, 0.0 ], [ 120.357572351582803, -2.65155274786099, 0.0 ], [ 120.357459581094872, -2.651886455695319, 0.0 ], [ 120.357454978364672, -2.651927882066047, 0.0 ], [ 120.357445772904157, -2.652144216682188, 0.0 ], [ 120.357003897312097, -2.652176436693139, 0.0 ], [ 120.356969375936046, -2.652293809911328, 0.0 ], [ 120.356780657701279, -2.652298411742265, 0.0 ], [ 120.356759945415206, -2.65249403407239, 0.0 ], [ 120.356272039822898, -2.652599900464963, 0.0 ], [ 120.356299658002854, -2.652224767159225, 0.0 ], [ 120.356032691555583, -2.652233971720364, 0.0 ], [ 120.356221409790237, -2.651785192932266, 0.0 ], [ 120.356957868211111, -2.651690834264571, 0.0 ], [ 120.356985485491805, -2.650998101780942, 0.0 ], [ 120.357696628896406, -2.650793273990359, 0.0 ], [ 120.35765059979542, -2.650494087532081, 0.0 ], [ 120.358313412733878, -2.650438853869957, 0.0 ], [ 120.358170724499359, -2.650774863069444, 0.0 ] ] ] ] } },
{ "type": "Feature", "properties": { "OBJECTID": 5160, "WADMPR": "Sulawesi Selatan", "WADMKK": "Kab. Luwu Utara", "WADMKC": "Kec. Masamba", "WADMKD": "Desa Pongo", "POKTAN": "Gapoktan Masagena", "K_POKTAN": "H. Kamaluddin", "P_SID": "Universitas Negeri Makassar", "NO_HP_1": "0813-5551-7977", "NAMA_PEMIL": "Pemerintah Desa", "N_PETAK": "PNB098", "LUAS_HA": 0.37096203087000001, "PAKET": "Paket Sulawesi Selatan 7" }, "geometry": { "type": "MultiPolygon", "coordinates": [ [ [ [ 120.343495822973864, -2.650311632176056, 0.0 ], [ 120.343560325948374, -2.650629331178664, 0.0 ], [ 120.34264270449728, -2.650617624703557, 0.0 ], [ 120.34255395759908, -2.650283033734979, 0.0 ], [ 120.343495822973864, -2.650311632176056, 0.0 ] ] ] ] } },
{ "type": "Feature", "properties": { "OBJECTID": 5161, "WADMPR": "Sulawesi Selatan", "WADMKK": "Kab. Luwu Utara", "WADMKC": "Kec. Masamba", "WADMKD": "Desa Pongo", "POKTAN": "Gapoktan Masagena", "K_POKTAN": "H. Kamaluddin", "P_SID": "Universitas Negeri Makassar", "NO_HP_1": "0813-5551-7977", "NAMA_PEMIL": "Pemerintah Desa", "N_PETAK": "PNB099", "LUAS_HA": 0.91014584948, "PAKET": "Paket Sulawesi Selatan 7" }, "geometry": { "type": "MultiPolygon", "coordinates": [ [ [ [ 120.360491145350124, -2.650857894775982, 0.0 ], [ 120.361907673800147, -2.650271307474839, 0.0 ], [ 120.362105243162546, -2.650732207325461, 0.0 ], [ 120.362037919014824, -2.650760146563471, 0.0 ], [ 120.36197059396784, -2.65078808580148, 0.0 ], [ 120.361903269820118, -2.650816025938809, 0.0 ], [ 120.361835944773134, -2.650843964277499, 0.0 ], [ 120.361768620625412, -2.650871904414828, 0.0 ], [ 120.361701295578428, -2.650899843652837, 0.0 ], [ 120.361633971430706, -2.650927782890847, 0.0 ], [ 120.361566648182361, -2.650955722128799, 0.0 ], [ 120.361499323135263, -2.650983660467489, 0.0 ], [ 120.361431998088278, -2.651011601504138, 0.0 ], [ 120.361364673041294, -2.651039539842827, 0.0 ], [ 120.361297348893572, -2.651067479980156, 0.0 ], [ 120.361230023846588, -2.651095419218166, 0.0 ], [ 120.361162698799603, -2.651123359355495, 0.0 ], [ 120.361095374651882, -2.651151298593504, 0.0 ], [ 120.36102805050416, -2.651179236932194, 0.0 ], [ 120.360960724557799, -2.651207177968843, 0.0 ], [ 120.360893402208831, -2.651235116307532, 0.0 ], [ 120.360826077161846, -2.651263056444861, 0.0 ], [ 120.360758752114748, -2.65129099658219, 0.0 ], [ 120.36064909328104, -2.651034643933599, 0.0 ], [ 120.360491145350124, -2.650857894775982, 0.0 ] ] ] ] } },
{ "type": "Feature", "properties": { "OBJECTID": 5162, "WADMPR": "Sulawesi Selatan", "WADMKK": "Kab. Luwu Utara", "WADMKC": "Kec. Masamba", "WADMKD": "Desa Pongo", "POKTAN": "Gapoktan Masagena", "K_POKTAN": "H. Kamaluddin", "P_SID": "Universitas Negeri Makassar", "NO_HP_1": "0813-5551-7977", "NAMA_PEMIL": "Pemerintah Desa", "N_PETAK": "PNB100", "LUAS_HA": 0.69488061321000005, "PAKET": "Paket Sulawesi Selatan 7" }, "geometry": { "type": "MultiPolygon", "coordinates": [ [ [ [ 120.359197163917997, -2.650807083080394, 0.0 ], [ 120.358170724499359, -2.650774863069444, 0.0 ], [ 120.358313412733878, -2.650438853869957, 0.0 ], [ 120.358283494088028, -2.650215614259139, 0.0 ], [ 120.359231685294048, -2.650178791517988, 0.0 ], [ 120.359197163917997, -2.650807083080394, 0.0 ] ] ] ] } },
{ "type": "Feature", "properties": { "OBJECTID": 5163, "WADMPR": "Sulawesi Selatan", "WADMKK": "Kab. Luwu Utara", "WADMKC": "Kec. Masamba", "WADMKD": "Desa Pongo", "POKTAN": "Gapoktan Masagena", "K_POKTAN": "H. Kamaluddin", "P_SID": "Universitas Negeri Makassar", "NO_HP_1": "0813-5551-7977", "NAMA_PEMIL": "Pemerintah Desa", "N_PETAK": "PNB101", "LUAS_HA": 0.55908120711999998, "PAKET": "Paket Sulawesi Selatan 7" }, "geometry": { "type": "MultiPolygon", "coordinates": [ [ [ [ 120.360270207104463, -2.650346976431763, 0.0 ], [ 120.360491145350124, -2.650857894775982, 0.0 ], [ 120.360553284006869, -2.650954554808834, 0.0 ], [ 120.360132121600145, -2.650961458904135, 0.0 ], [ 120.360079188403915, -2.650867100236439, 0.0 ], [ 120.359984829736163, -2.650786549759403, 0.0 ], [ 120.359890471068411, -2.650692191091707, 0.0 ], [ 120.359858251057517, -2.650630052434906, 0.0 ], [ 120.359759288760188, -2.650535692867891, 0.0 ], [ 120.359697150103443, -2.650411416453665, 0.0 ], [ 120.359690246008086, -2.650326262347107, 0.0 ], [ 120.359667231457593, -2.650204287297981, 0.0 ], [ 120.359662628727392, -2.650135243646503, 0.0 ], [ 120.359641915542056, -2.650100722270452, 0.0 ], [ 120.360139015803043, -2.650089320665586, 0.0 ], [ 120.360270207104463, -2.650346976431763, 0.0 ] ] ] ] } },
{ "type": "Feature", "properties": { "OBJECTID": 5164, "WADMPR": "Sulawesi Selatan", "WADMKK": "Kab. Luwu Utara", "WADMKC": "Kec. Masamba", "WADMKD": "Desa Pongo", "POKTAN": "Gapoktan Masagena", "K_POKTAN": "H. Kamaluddin", "P_SID": "Universitas Negeri Makassar", "NO_HP_1": "0813-5551-7977", "NAMA_PEMIL": "Pemerintah Desa", "N_PETAK": "PNB102", "LUAS_HA": 0.37208803202000001, "PAKET": "Paket Sulawesi Selatan 7" }, "geometry": { "type": "MultiPolygon", "coordinates": [ [ [ [ 120.359641915542056, -2.650100722270452, 0.0 ], [ 120.359662628727392, -2.650135243646503, 0.0 ], [ 120.359667231457593, -2.650204287297981, 0.0 ], [ 120.359690246008086, -2.650326262347107, 0.0 ], [ 120.359697150103443, -2.650411416453665, 0.0 ], [ 120.359759288760188, -2.650535692867891, 0.0 ], [ 120.359858251057517, -2.650630052434906, 0.0 ], [ 120.359890471068411, -2.650692191091707, 0.0 ], [ 120.359984829736163, -2.650786549759403, 0.0 ], [ 120.360079188403915, -2.650867100236439, 0.0 ], [ 120.360132121600145, -2.650961458904135, 0.0 ], [ 120.359533748683589, -2.651007488005121, 0.0 ], [ 120.35948541821756, -2.651002885274863, 0.0 ], [ 120.359499227307538, -2.650563310148584, 0.0 ], [ 120.359503830037738, -2.650284837775018, 0.0 ], [ 120.359492322312917, -2.650080009984435, 0.0 ], [ 120.359616600525783, -2.650022474057891, 0.0 ], [ 120.359641915542056, -2.650100722270452, 0.0 ] ] ] ] } },
{ "type": "Feature", "properties": { "OBJECTID": 5165, "WADMPR": "Sulawesi Selatan", "WADMKK": "Kab. Luwu Utara", "WADMKC": "Kec. Masamba", "WADMKD": "Desa Pongo", "POKTAN": "Gapoktan Masagena", "K_POKTAN": "H. Kamaluddin", "P_SID": "Universitas Negeri Makassar", "NO_HP_1": "0813-5551-7977", "NAMA_PEMIL": "Pemerintah Desa", "N_PETAK": "PNB103", "LUAS_HA": 1.0747581499600001, "PAKET": "Paket Sulawesi Selatan 7" }, "geometry": { "type": "MultiPolygon", "coordinates": [ [ [ [ 120.361907673800147, -2.650271307474839, 0.0 ], [ 120.360491145350124, -2.650857894775982, 0.0 ], [ 120.360270207104463, -2.650346976431763, 0.0 ], [ 120.361607340706314, -2.649753206245407, 0.0 ], [ 120.361729340037073, -2.649884830120754, 0.0 ], [ 120.361759062630654, -2.649949244062327, 0.0 ], [ 120.361788784324972, -2.650013656205203, 0.0 ], [ 120.361818506918667, -2.650078070146776, 0.0 ], [ 120.361848228612871, -2.650142481390333, 0.0 ], [ 120.361877951206566, -2.650206894432586, 0.0 ], [ 120.361907673800147, -2.650271307474839, 0.0 ] ] ] ] } },
{ "type": "Feature", "properties": { "OBJECTID": 5166, "WADMPR": "Sulawesi Selatan", "WADMKK": "Kab. Luwu Utara", "WADMKC": "Kec. Masamba", "WADMKD": "Desa Pongo", "POKTAN": "Gapoktan Masagena", "K_POKTAN": "H. Kamaluddin", "P_SID": "Universitas Negeri Makassar", "NO_HP_1": "0813-5551-7977", "NAMA_PEMIL": "Pemerintah Desa", "N_PETAK": "PNB104", "LUAS_HA": 0.46655588572000001, "PAKET": "Paket Sulawesi Selatan 7" }, "geometry": { "type": "MultiPolygon", "coordinates": [ [ [ [ 120.359231685294048, -2.650178791517988, 0.0 ], [ 120.358283494088028, -2.650215614259139, 0.0 ], [ 120.358235164521261, -2.649858892773636, 0.0 ], [ 120.359146532086811, -2.649736916825191, 0.0 ], [ 120.359210972108713, -2.650003882373198, 0.0 ], [ 120.359231685294048, -2.650178791517988, 0.0 ] ] ] ] } },
{ "type": "Feature", "properties": { "OBJECTID": 5167, "WADMPR": "Sulawesi Selatan", "WADMKK": "Kab. Luwu Utara", "WADMKC": "Kec. Masamba", "WADMKD": "Desa Pongo", "POKTAN": "Gapoktan Masagena", "K_POKTAN": "H. Kamaluddin", "P_SID": "Universitas Negeri Makassar", "NO_HP_1": "0813-5551-7977", "NAMA_PEMIL": "Pemerintah Desa", "N_PETAK": "PNB105", "LUAS_HA": 0.53681097085999996, "PAKET": "Paket Sulawesi Selatan 7" }, "geometry": { "type": "MultiPolygon", "coordinates": [ [ [ [ 120.35175888566414, -2.650113444979468, 0.0 ], [ 120.350621395261214, -2.650281217104464, 0.0 ], [ 120.350598492226709, -2.649941858829663, 0.0 ], [ 120.351713081393655, -2.649690201541546, 0.0 ], [ 120.35175888566414, -2.650113444979468, 0.0 ] ] ] ] } },
{ "type": "Feature", "properties": { "OBJECTID": 5168, "WADMPR": "Sulawesi Selatan", "WADMKK": "Kab. Luwu Utara", "WADMKC": "Kec. Masamba", "WADMKD": "Desa Pongo", "POKTAN": "Gapoktan Masagena", "K_POKTAN": "H. Kamaluddin", "P_SID": "Universitas Negeri Makassar", "NO_HP_1": "0813-5551-7977", "NAMA_PEMIL": "Pemerintah Desa", "N_PETAK": "PNB106", "LUAS_HA": 0.96145053503, "PAKET": "Paket Sulawesi Selatan 7" }, "geometry": { "type": "MultiPolygon", "coordinates": [ [ [ [ 120.344514984179227, -2.650468918205945, 0.0 ], [ 120.344165720771457, -2.650506095280036, 0.0 ], [ 120.343578844787885, -2.650720576393439, 0.0 ], [ 120.343560325948374, -2.650629331178664, 0.0 ], [ 120.343495822973864, -2.650311632176056, 0.0 ], [ 120.343553079211347, -2.650240137872004, 0.0 ], [ 120.343481508464947, -2.649662468248266, 0.0 ], [ 120.343770653093202, -2.649691064890703, 0.0 ], [ 120.343976775008173, -2.649751119818291, 0.0 ], [ 120.344228702992268, -2.649796876424659, 0.0 ], [ 120.344477767534954, -2.649705364111242, 0.0 ], [ 120.344389020636868, -2.649954162454605, 0.0 ], [ 120.344514984179227, -2.650468918205945, 0.0 ] ] ] ] } },
{ "type": "Feature", "properties": { "OBJECTID": 5169, "WADMPR": "Sulawesi Selatan", "WADMKK": "Kab. Luwu Utara", "WADMKC": "Kec. Masamba", "WADMKD": "Desa Pongo", "POKTAN": "Gapoktan Masagena", "K_POKTAN": "H. Kamaluddin", "P_SID": "Universitas Negeri Makassar", "NO_HP_1": "0813-5551-7977", "NAMA_PEMIL": "Pemerintah Desa", "N_PETAK": "PNB107", "LUAS_HA": 0.81163928680999997, "PAKET": "Paket Sulawesi Selatan 7" }, "geometry": { "type": "MultiPolygon", "coordinates": [ [ [ [ 120.343397234794566, -2.649528775032877, 0.0 ], [ 120.343481508464947, -2.650198671931093, 0.0 ], [ 120.342531054564574, -2.650184372710612, 0.0 ], [ 120.342364474940609, -2.649588472030302, 0.0 ], [ 120.342899104809931, -2.6495001765918, 0.0 ], [ 120.343397234794566, -2.649528775032877, 0.0 ] ] ] ] } },
{ "type": "Feature", "properties": { "OBJECTID": 5170, "WADMPR": "Sulawesi Selatan", "WADMKK": "Kab. Luwu Utara", "WADMKC": "Kec. Masamba", "WADMKD": "Desa Pongo", "POKTAN": "Gapoktan Masagena", "K_POKTAN": "H. Kamaluddin", "P_SID": "Universitas Negeri Makassar", "NO_HP_1": "0813-5551-7977", "NAMA_PEMIL": "Pemerintah Desa", "N_PETAK": "PNB108", "LUAS_HA": 0.404911658, "PAKET": "Paket Sulawesi Selatan 7" }, "geometry": { "type": "MultiPolygon", "coordinates": [ [ [ [ 120.351701629426771, -2.649560558872622, 0.0 ], [ 120.351713081393655, -2.649690201541546, 0.0 ], [ 120.350598492226709, -2.649941858829663, 0.0 ], [ 120.350537419266516, -2.649499551562997, 0.0 ], [ 120.351701629426771, -2.649560558872622, 0.0 ] ] ] ] } },
{ "type": "Feature", "properties": { "OBJECTID": 5171, "WADMPR": "Sulawesi Selatan", "WADMKK": "Kab. Luwu Utara", "WADMKC": "Kec. Masamba", "WADMKD": "Desa Pongo", "POKTAN": "Gapoktan Masagena", "K_POKTAN": "H. Kamaluddin", "P_SID": "Universitas Negeri Makassar", "NO_HP_1": "0813-5551-7977", "NAMA_PEMIL": "Pemerintah Desa", "N_PETAK": "PNB109", "LUAS_HA": 0.63170651861000005, "PAKET": "Paket Sulawesi Selatan 7" }, "geometry": { "type": "MultiPolygon", "coordinates": [ [ [ [ 120.353403691727067, -2.649330660681414, 0.0 ], [ 120.353413053669556, -2.649396330975833, 0.0 ], [ 120.353422415612044, -2.649462001270308, 0.0 ], [ 120.353431777554533, -2.649527672464046, 0.0 ], [ 120.353441139497022, -2.649593342758521, 0.0 ], [ 120.353450501439511, -2.64965901395226, 0.0 ], [ 120.353459863382, -2.649724682448095, 0.0 ], [ 120.353469225324602, -2.649790353641833, 0.0 ], [ 120.353478587267091, -2.649856023936309, 0.0 ], [ 120.353488792773646, -2.64992761356848, 0.0 ], [ 120.353498998280202, -2.649999203200593, 0.0 ], [ 120.353509202887494, -2.650070795530723, 0.0 ], [ 120.353519409293312, -2.650142385162894, 0.0 ], [ 120.353529614799982, -2.650213974795065, 0.0 ], [ 120.353539820306537, -2.650285567125195, 0.0 ], [ 120.353550025813092, -2.650357156757309, 0.0 ], [ 120.353560231319648, -2.65042874638948, 0.0 ], [ 120.353570436826317, -2.65050033692097, 0.0 ], [ 120.353574681626355, -2.650530115272545, 0.0 ], [ 120.353510422368117, -2.650539172344907, 0.0 ], [ 120.35344616221073, -2.650548229417211, 0.0 ], [ 120.353381902053229, -2.650557285590196, 0.0 ], [ 120.353317642794991, -2.650566342662557, 0.0 ], [ 120.353253382637604, -2.650575398835542, 0.0 ], [ 120.353189122480103, -2.650584456807167, 0.0 ], [ 120.353124864121241, -2.650593512980208, 0.0 ], [ 120.353067370462895, -2.649942097150017, 0.0 ], [ 120.353038742344097, -2.649330111195638, 0.0 ], [ 120.353137509488533, -2.649331541117704, 0.0 ], [ 120.353403691727067, -2.649330660681414, 0.0 ] ] ] ] } },
{ "type": "Feature", "properties": { "OBJECTID": 5172, "WADMPR": "Sulawesi Selatan", "WADMKK": "Kab. Luwu Utara", "WADMKC": "Kec. Masamba", "WADMKD": "Desa Pongo", "POKTAN": "Gapoktan Masagena", "K_POKTAN": "H. Kamaluddin", "P_SID": "Universitas Negeri Makassar", "NO_HP_1": "0813-5551-7977", "NAMA_PEMIL": "Pemerintah Desa", "N_PETAK": "PNB110", "LUAS_HA": 1.0220669728, "PAKET": "Paket Sulawesi Selatan 7" }, "geometry": { "type": "MultiPolygon", "coordinates": [ [ [ [ 120.361607340706314, -2.649753206245407, 0.0 ], [ 120.360270207104463, -2.650346976431763, 0.0 ], [ 120.360143628425817, -2.650089215444893, 0.0 ], [ 120.360014748382014, -2.649845263548002, 0.0 ], [ 120.361377196100761, -2.649237684271668, 0.0 ], [ 120.361607340706314, -2.649753206245407, 0.0 ] ] ] ] } },
{ "type": "Feature", "properties": { "OBJECTID": 5173, "WADMPR": "Sulawesi Selatan", "WADMKK": "Kab. Luwu Utara", "WADMKC": "Kec. Masamba", "WADMKD": "Desa Pongo", "POKTAN": "Gapoktan Masagena", "K_POKTAN": "H. Kamaluddin", "P_SID": "Universitas Negeri Makassar", "NO_HP_1": "0813-5551-7977", "NAMA_PEMIL": "Pemerintah Desa", "N_PETAK": "PNB111", "LUAS_HA": 0.91971682722000003, "PAKET": "Paket Sulawesi Selatan 7" }, "geometry": { "type": "MultiPolygon", "coordinates": [ [ [ [ 120.358235164521261, -2.649858892773636, 0.0 ], [ 120.358313412733878, -2.650438853869957, 0.0 ], [ 120.35765059979542, -2.650494087532081, 0.0 ], [ 120.357517117021416, -2.649499869023714, 0.0 ], [ 120.358129298128688, -2.649191475306282, 0.0 ], [ 120.358235164521261, -2.649858892773636, 0.0 ] ] ] ] } },
{ "type": "Feature", "properties": { "OBJECTID": 5174, "WADMPR": "Sulawesi Selatan", "WADMKK": "Kab. Luwu Utara", "WADMKC": "Kec. Masamba", "WADMKD": "Desa Pongo", "POKTAN": "Gapoktan Masagena", "K_POKTAN": "H. Kamaluddin", "P_SID": "Universitas Negeri Makassar", "NO_HP_1": "0813-5551-7977", "NAMA_PEMIL": "Pemerintah Desa", "N_PETAK": "PNB112", "LUAS_HA": 0.50365958862000004, "PAKET": "Paket Sulawesi Selatan 7" }, "geometry": { "type": "MultiPolygon", "coordinates": [ [ [ [ 120.349596508072409, -2.649490017849985, 0.0 ], [ 120.348691858442521, -2.649730238459711, 0.0 ], [ 120.348648916714183, -2.649212622864184, 0.0 ], [ 120.34892374683352, -2.649204996613264, 0.0 ], [ 120.349565016512315, -2.649094418672462, 0.0 ], [ 120.349596508072409, -2.649490017849985, 0.0 ] ] ] ] } },
{ "type": "Feature", "properties": { "OBJECTID": 5175, "WADMPR": "Sulawesi Selatan", "WADMKK": "Kab. Luwu Utara", "WADMKC": "Kec. Masamba", "WADMKD": "Desa Pongo", "POKTAN": "Gapoktan Masagena", "K_POKTAN": "H. Kamaluddin", "P_SID": "Universitas Negeri Makassar", "NO_HP_1": "0813-5551-7977", "NAMA_PEMIL": "Pemerintah Desa", "N_PETAK": "PNB113", "LUAS_HA": 0.26150761455, "PAKET": "Paket Sulawesi Selatan 7" }, "geometry": { "type": "MultiPolygon", "coordinates": [ [ [ [ 120.343816290089762, -2.649079941386162, 0.0 ], [ 120.343809629710677, -2.64914992123181, 0.0 ], [ 120.343802969331591, -2.649219901077515, 0.0 ], [ 120.343796309851882, -2.64928988182254, 0.0 ], [ 120.343789649472797, -2.649359862567565, 0.0 ], [ 120.343782989093711, -2.649429844211909, 0.0 ], [ 120.343776329614002, -2.649499823158237, 0.0 ], [ 120.343769669234916, -2.649569803003942, 0.0 ], [ 120.343765767975924, -2.649604328876649, 0.0 ], [ 120.343397234794566, -2.649528775032877, 0.0 ], [ 120.343328616522513, -2.649058255134321, 0.0 ], [ 120.343816290089762, -2.649079941386162, 0.0 ] ] ] ] } },
{ "type": "Feature", "properties": { "OBJECTID": 5176, "WADMPR": "Sulawesi Selatan", "WADMKK": "Kab. Luwu Utara", "WADMKC": "Kec. Masamba", "WADMKD": "Desa Pongo", "POKTAN": "Gapoktan Masagena", "K_POKTAN": "H. Kamaluddin", "P_SID": "Universitas Negeri Makassar", "NO_HP_1": "0813-5551-7977", "NAMA_PEMIL": "Pemerintah Desa", "N_PETAK": "PNB114", "LUAS_HA": 0.42135271753999998, "PAKET": "Paket Sulawesi Selatan 7" }, "geometry": { "type": "MultiPolygon", "coordinates": [ [ [ [ 120.361377196100761, -2.649237684271668, 0.0 ], [ 120.360014748382014, -2.649845263548002, 0.0 ], [ 120.359918088349104, -2.649619723471403, 0.0 ], [ 120.36126212514705, -2.64904896783554, 0.0 ], [ 120.361377196100761, -2.649237684271668, 0.0 ] ] ] ] } },
{ "type": "Feature", "properties": { "OBJECTID": 5177, "WADMPR": "Sulawesi Selatan", "WADMKK": "Kab. Luwu Utara", "WADMKC": "Kec. Masamba", "WADMKD": "Desa Pongo", "POKTAN": "Gapoktan Masagena", "K_POKTAN": "H. Kamaluddin", "P_SID": "Universitas Negeri Makassar", "NO_HP_1": "0813-5551-7977", "NAMA_PEMIL": "Pemerintah Desa", "N_PETAK": "PNB115", "LUAS_HA": 2.0205206465800001, "PAKET": "Paket Sulawesi Selatan 7" }, "geometry": { "type": "MultiPolygon", "coordinates": [ [ [ [ 120.351447793980583, -2.652323077448045, 0.0 ], [ 120.351329463883758, -2.652353580653198, 0.0 ], [ 120.351298927403604, -2.65172443743279, 0.0 ], [ 120.351321829538847, -2.651358389078325, 0.0 ], [ 120.351505050217952, -2.651099105539231, 0.0 ], [ 120.351703538687389, -2.650763562188615, 0.0 ], [ 120.35184858764228, -2.650534781854674, 0.0 ], [ 120.35184858764228, -2.650237367060811, 0.0 ], [ 120.35181805116224, -2.650023839228766, 0.0 ], [ 120.35177988033729, -2.649764555689671, 0.0 ], [ 120.351795148127621, -2.649306995021732, 0.0 ], [ 120.35191729494727, -2.649139222896792, 0.0 ], [ 120.352138685551949, -2.648986702374373, 0.0 ], [ 120.352253198926064, -2.651918900536771, 0.0 ], [ 120.351428708568164, -2.652029476678933, 0.0 ], [ 120.351447793980583, -2.652323077448045, 0.0 ] ] ] ] } },
{ "type": "Feature", "properties": { "OBJECTID": 5178, "WADMPR": "Sulawesi Selatan", "WADMKK": "Kab. Luwu Utara", "WADMKC": "Kec. Masamba", "WADMKD": "Desa Pongo", "POKTAN": "Gapoktan Masagena", "K_POKTAN": "H. Kamaluddin", "P_SID": "Universitas Negeri Makassar", "NO_HP_1": "0813-5551-7977", "NAMA_PEMIL": "Pemerintah Desa", "N_PETAK": "PNB116", "LUAS_HA": 0.28408838902, "PAKET": "Paket Sulawesi Selatan 7" }, "geometry": { "type": "MultiPolygon", "coordinates": [ [ [ [ 120.349596508072409, -2.649490017849985, 0.0 ], [ 120.349565016512315, -2.649094418672462, 0.0 ], [ 120.349809310151613, -2.649018158860883, 0.0 ], [ 120.350151893395264, -2.64896382452082, 0.0 ], [ 120.350169070446327, -2.649143036022224, 0.0 ], [ 120.350039289281881, -2.649173539227434, 0.0 ], [ 120.350050740349502, -2.64946332777032, 0.0 ], [ 120.349596508072409, -2.649490017849985, 0.0 ] ] ] ] } },
{ "type": "Feature", "properties": { "OBJECTID": 5179, "WADMPR": "Sulawesi Selatan", "WADMKK": "Kab. Luwu Utara", "WADMKC": "Kec. Masamba", "WADMKD": "Desa Pongo", "POKTAN": "Gapoktan Masagena", "K_POKTAN": "H. Kamaluddin", "P_SID": "Universitas Negeri Makassar", "NO_HP_1": "0813-5551-7977", "NAMA_PEMIL": "Pemerintah Desa", "N_PETAK": "PNB117", "LUAS_HA": 5.505836415, "PAKET": "Paket Sulawesi Selatan 7" }, "geometry": { "type": "MultiPolygon", "coordinates": [ [ [ [ 120.351735983528897, -2.64923073521021, 0.0 ], [ 120.351690178359149, -2.649360376979757, 0.0 ], [ 120.351701629426771, -2.649560558872622, 0.0 ], [ 120.350537419266516, -2.649499551562997, 0.0 ], [ 120.350598492226709, -2.649941858829663, 0.0 ], [ 120.350621395261214, -2.650281217104464, 0.0 ], [ 120.35175888566414, -2.650113444979468, 0.0 ], [ 120.35175888566414, -2.650504276850825, 0.0 ], [ 120.351693995981236, -2.65063010639426, 0.0 ], [ 120.351579483506384, -2.650847447351794, 0.0 ], [ 120.351415348239811, -2.651076226786415, 0.0 ], [ 120.351293201420162, -2.651228747308778, 0.0 ], [ 120.351262664940123, -2.651358389078325, 0.0 ], [ 120.350806523402412, -2.651324072747684, 0.0 ], [ 120.350817974470033, -2.651152486597937, 0.0 ], [ 120.35066147444752, -2.65113723499536, 0.0 ], [ 120.350646205757812, -2.651312633371276, 0.0 ], [ 120.349707202025797, -2.651282128367484, 0.0 ], [ 120.349371299845643, -2.650893203958162, 0.0 ], [ 120.34897813962948, -2.650271684290772, 0.0 ], [ 120.348764383369712, -2.650229740809834, 0.0 ], [ 120.348691858442521, -2.649730238459711, 0.0 ], [ 120.349596508072409, -2.649490017849985, 0.0 ], [ 120.350050740349502, -2.64946332777032, 0.0 ], [ 120.350039289281881, -2.649173539227434, 0.0 ], [ 120.350169070446327, -2.649143036022224, 0.0 ], [ 120.350151893395264, -2.64896382452082, 0.0 ], [ 120.350304576694953, -2.648944758893435, 0.0 ], [ 120.351735983528897, -2.64923073521021, 0.0 ] ] ] ] } },
{ "type": "Feature", "properties": { "OBJECTID": 5180, "WADMPR": "Sulawesi Selatan", "WADMKK": "Kab. Luwu Utara", "WADMKC": "Kec. Masamba", "WADMKD": "Desa Pongo", "POKTAN": "Gapoktan Masagena", "K_POKTAN": "H. Kamaluddin", "P_SID": "Universitas Negeri Makassar", "NO_HP_1": "0813-5551-7977", "NAMA_PEMIL": "Pemerintah Desa", "N_PETAK": "PNB118", "LUAS_HA": 0.81681223626, "PAKET": "Paket Sulawesi Selatan 7" }, "geometry": { "type": "MultiPolygon", "coordinates": [ [ [ [ 120.359146532086811, -2.649736916825191, 0.0 ], [ 120.358235164521261, -2.649858892773636, 0.0 ], [ 120.358129298128688, -2.649191475306282, 0.0 ], [ 120.358672436483857, -2.648906098837358, 0.0 ], [ 120.358908334052444, -2.649114809001162, 0.0 ], [ 120.358998089989882, -2.649250594039643, 0.0 ], [ 120.359097051387835, -2.649572794149094, 0.0 ], [ 120.359146532086811, -2.649736916825191, 0.0 ] ] ] ] } },
{ "type": "Feature", "properties": { "OBJECTID": 5181, "WADMPR": "Sulawesi Selatan", "WADMKK": "Kab. Luwu Utara", "WADMKC": "Kec. Masamba", "WADMKD": "Desa Pongo", "POKTAN": "Gapoktan Masagena", "K_POKTAN": "H. Kamaluddin", "P_SID": "Universitas Negeri Makassar", "NO_HP_1": "0813-5551-7977", "NAMA_PEMIL": "Pemerintah Desa", "N_PETAK": "PNB119", "LUAS_HA": 0.29877814505, "PAKET": "Paket Sulawesi Selatan 7" }, "geometry": { "type": "MultiPolygon", "coordinates": [ [ [ [ 120.35351396929434, -2.64891687631274, 0.0 ], [ 120.353771622362501, -2.648939755065612, 0.0 ], [ 120.353741985204465, -2.649321010056497, 0.0 ], [ 120.353667721887973, -2.649323129758557, 0.0 ], [ 120.35359345947063, -2.649325246762658, 0.0 ], [ 120.353519197952664, -2.649327366464718, 0.0 ], [ 120.353461445289554, -2.649329014022726, 0.0 ], [ 120.353403691727067, -2.649330660681414, 0.0 ], [ 120.353137704641426, -2.649330259583792, 0.0 ], [ 120.353204785972139, -2.648889707793728, 0.0 ], [ 120.35351396929434, -2.64891687631274, 0.0 ] ] ] ] } },
{ "type": "Feature", "properties": { "OBJECTID": 5182, "WADMPR": "Sulawesi Selatan", "WADMKK": "Kab. Luwu Utara", "WADMKC": "Kec. Masamba", "WADMKD": "Desa Pongo", "POKTAN": "Gapoktan Masagena", "K_POKTAN": "H. Kamaluddin", "P_SID": "Universitas Negeri Makassar", "NO_HP_1": "0813-5551-7977", "NAMA_PEMIL": "Pemerintah Desa", "N_PETAK": "PNB120", "LUAS_HA": 0.72636372565999996, "PAKET": "Paket Sulawesi Selatan 7" }, "geometry": { "type": "MultiPolygon", "coordinates": [ [ [ [ 120.360109107049766, -2.649173244249766, 0.0 ], [ 120.359775399215323, -2.649299822928413, 0.0 ], [ 120.359918088349104, -2.649619723471403, 0.0 ], [ 120.360014748382014, -2.649845263548002, 0.0 ], [ 120.360139015803043, -2.650089320665586, 0.0 ], [ 120.359641915542056, -2.650100722270452, 0.0 ], [ 120.359616600525783, -2.650022474057891, 0.0 ], [ 120.359370346364472, -2.649350455658976, 0.0 ], [ 120.359416375465457, -2.6491226133179, 0.0 ], [ 120.359526844588231, -2.648984526914319, 0.0 ], [ 120.359950308360112, -2.648809617769587, 0.0 ], [ 120.360109107049766, -2.649173244249766, 0.0 ] ] ] ] } },
{ "type": "Feature", "properties": { "OBJECTID": 5183, "WADMPR": "Sulawesi Selatan", "WADMKK": "Kab. Luwu Utara", "WADMKC": "Kec. Masamba", "WADMKD": "Desa Pongo", "POKTAN": "Gapoktan Masagena", "K_POKTAN": "H. Kamaluddin", "P_SID": "Universitas Negeri Makassar", "NO_HP_1": "0813-5551-7977", "NAMA_PEMIL": "Pemerintah Desa", "N_PETAK": "PNB121", "LUAS_HA": 0.56188029458, "PAKET": "Paket Sulawesi Selatan 7" }, "geometry": { "type": "MultiPolygon", "coordinates": [ [ [ [ 120.36126212514705, -2.64904896783554, 0.0 ], [ 120.359918088349104, -2.649619723471403, 0.0 ], [ 120.359775399215323, -2.649299822928413, 0.0 ], [ 120.360109107049766, -2.649173244249766, 0.0 ], [ 120.361170067844455, -2.648800412309129, 0.0 ], [ 120.36126212514705, -2.64904896783554, 0.0 ] ] ] ] } },
{ "type": "Feature", "properties": { "OBJECTID": 5184, "WADMPR": "Sulawesi Selatan", "WADMKK": "Kab. Luwu Utara", "WADMKC": "Kec. Masamba", "WADMKD": "Desa Pongo", "POKTAN": "Gapoktan Masagena", "K_POKTAN": "H. Kamaluddin", "P_SID": "Universitas Negeri Makassar", "NO_HP_1": "0813-5551-7977", "NAMA_PEMIL": "Pemerintah Desa", "N_PETAK": "PNB122", "LUAS_HA": 1.6817217412400001, "PAKET": "Paket Sulawesi Selatan 7" }, "geometry": { "type": "MultiPolygon", "coordinates": [ [ [ [ 120.353204785972139, -2.648889707793728, 0.0 ], [ 120.353137704641426, -2.649330259583792, 0.0 ], [ 120.353038742344097, -2.649330111195638, 0.0 ], [ 120.353067370462895, -2.649942097150017, 0.0 ], [ 120.353124864121241, -2.650593512980208, 0.0 ], [ 120.353059414160725, -2.650594184773752, 0.0 ], [ 120.352993965099472, -2.650594855668032, 0.0 ], [ 120.352928518736235, -2.650595527461576, 0.0 ], [ 120.352863068775719, -2.6505961983558, 0.0 ], [ 120.352796323791381, -2.650584936145833, 0.0 ], [ 120.35272957970642, -2.650573673935867, 0.0 ], [ 120.352662836520722, -2.6505624117259, 0.0 ], [ 120.352596090637121, -2.650551148616557, 0.0 ], [ 120.35252934655216, -2.650539884607952, 0.0 ], [ 120.352462601567822, -2.650528621498609, 0.0 ], [ 120.352395857482861, -2.650517359288642, 0.0 ], [ 120.352329112498637, -2.650506097078676, 0.0 ], [ 120.352300136342251, -2.649776232487113, 0.0 ], [ 120.352297273800218, -2.649288644355408, 0.0 ], [ 120.352314450851281, -2.64903126737903, 0.0 ], [ 120.35239174668186, -2.648781038214281, 0.0 ], [ 120.353204785972139, -2.648889707793728, 0.0 ] ] ] ] } },
{ "type": "Feature", "properties": { "OBJECTID": 5185, "WADMPR": "Sulawesi Selatan", "WADMKK": "Kab. Luwu Utara", "WADMKC": "Kec. Masamba", "WADMKD": "Desa Pongo", "POKTAN": "Gapoktan Masagena", "K_POKTAN": "H. Kamaluddin", "P_SID": "Universitas Negeri Makassar", "NO_HP_1": "0813-5551-7977", "NAMA_PEMIL": "Pemerintah Desa", "N_PETAK": "PNB123", "LUAS_HA": 1.93063815736, "PAKET": "Paket Sulawesi Selatan 7" }, "geometry": { "type": "MultiPolygon", "coordinates": [ [ [ [ 120.358672436483857, -2.648906098837358, 0.0 ], [ 120.358129298128688, -2.649191475306282, 0.0 ], [ 120.357517117021416, -2.649499869023714, 0.0 ], [ 120.35765059979542, -2.650494087532081, 0.0 ], [ 120.356930250930418, -2.650705820317285, 0.0 ], [ 120.356720820409578, -2.649407811721062, 0.0 ], [ 120.358179929959874, -2.648625324199315, 0.0 ], [ 120.358672436483857, -2.648906098837358, 0.0 ] ] ] ] } },
{ "type": "Feature", "properties": { "OBJECTID": 5186, "WADMPR": "Sulawesi Selatan", "WADMKK": "Kab. Luwu Utara", "WADMKC": "Kec. Masamba", "WADMKD": "Desa Pongo", "POKTAN": "Gapoktan Masagena", "K_POKTAN": "H. Kamaluddin", "P_SID": "Universitas Negeri Makassar", "NO_HP_1": "0813-5551-7977", "NAMA_PEMIL": "Pemerintah Desa", "N_PETAK": "PNB124", "LUAS_HA": 1.0022044512, "PAKET": "Paket Sulawesi Selatan 7" }, "geometry": { "type": "MultiPolygon", "coordinates": [ [ [ [ 120.352223615727326, -2.648671176133803, 0.0 ], [ 120.352141548993359, -2.648856106424148, 0.0 ], [ 120.352042304308952, -2.648978122842038, 0.0 ], [ 120.351874353218932, -2.649100138360666, 0.0 ], [ 120.351735983528897, -2.64923073521021, 0.0 ], [ 120.350304576694953, -2.648944758893435, 0.0 ], [ 120.35030553087563, -2.648612073588254, 0.0 ], [ 120.352223615727326, -2.648671176133803, 0.0 ] ] ] ] } },
{ "type": "Feature", "properties": { "OBJECTID": 5187, "WADMPR": "Sulawesi Selatan", "WADMKK": "Kab. Luwu Utara", "WADMKC": "Kec. Masamba", "WADMKD": "Desa Pongo", "POKTAN": "Gapoktan Masagena", "K_POKTAN": "H. Kamaluddin", "P_SID": "Universitas Negeri Makassar", "NO_HP_1": "0813-5551-7977", "NAMA_PEMIL": "Pemerintah Desa", "N_PETAK": "PNB125", "LUAS_HA": 0.70902488250999995, "PAKET": "Paket Sulawesi Selatan 7" }, "geometry": { "type": "MultiPolygon", "coordinates": [ [ [ [ 120.353741985204465, -2.649321010056497, 0.0 ], [ 120.353771622362501, -2.648939755065612, 0.0 ], [ 120.35351396929434, -2.64891687631274, 0.0 ], [ 120.353559774464088, -2.648570846867017, 0.0 ], [ 120.353584108319978, -2.648407840249604, 0.0 ], [ 120.354248281033392, -2.648436436891984, 0.0 ], [ 120.354282635135519, -2.648730992741093, 0.0 ], [ 120.354288360219698, -2.648974072295573, 0.0 ], [ 120.354311263254203, -2.649308662364831, 0.0 ], [ 120.353816245823168, -2.649318893951772, 0.0 ], [ 120.353741985204465, -2.649321010056497, 0.0 ] ] ] ] } },
{ "type": "Feature", "properties": { "OBJECTID": 5188, "WADMPR": "Sulawesi Selatan", "WADMKK": "Kab. Luwu Utara", "WADMKC": "Kec. Masamba", "WADMKD": "Desa Pongo", "POKTAN": "Gapoktan Masagena", "K_POKTAN": "H. Kamaluddin", "P_SID": "Universitas Negeri Makassar", "NO_HP_1": "0813-5551-7977", "NAMA_PEMIL": "Pemerintah Desa", "N_PETAK": "PNB126", "LUAS_HA": 0.91668636413000004, "PAKET": "Paket Sulawesi Selatan 7" }, "geometry": { "type": "MultiPolygon", "coordinates": [ [ [ [ 120.358179929959874, -2.648625324199315, 0.0 ], [ 120.356720820409578, -2.649407811721062, 0.0 ], [ 120.356537856936598, -2.648949106216207, 0.0 ], [ 120.357670161848546, -2.648309306928923, 0.0 ], [ 120.35773460276971, -2.648359939659429, 0.0 ], [ 120.358179929959874, -2.648625324199315, 0.0 ] ] ] ] } },
{ "type": "Feature", "properties": { "OBJECTID": 5189, "WADMPR": "Sulawesi Selatan", "WADMKK": "Kab. Luwu Utara", "WADMKC": "Kec. Masamba", "WADMKD": "Desa Pongo", "POKTAN": "Gapoktan Masagena", "K_POKTAN": "H. Kamaluddin", "P_SID": "Universitas Negeri Makassar", "NO_HP_1": "0813-5551-7977", "NAMA_PEMIL": "Pemerintah Desa", "N_PETAK": "PNB127", "LUAS_HA": 0.29633333333, "PAKET": "Paket Sulawesi Selatan 7" }, "geometry": { "type": "MultiPolygon", "coordinates": [ [ [ [ 120.35883713292742, -2.648370332224999, 0.0 ], [ 120.358876257933048, -2.648523952618291, 0.0 ], [ 120.358913080674142, -2.648762150652658, 0.0 ], [ 120.359050015945513, -2.64914418805381, 0.0 ], [ 120.358356133228995, -2.648665489720543, 0.0 ], [ 120.358392956869579, -2.648633269709592, 0.0 ], [ 120.358719185042446, -2.648297693084032, 0.0 ], [ 120.35883713292742, -2.648370332224999, 0.0 ] ] ] ] } },
{ "type": "Feature", "properties": { "OBJECTID": 5190, "WADMPR": "Sulawesi Selatan", "WADMKK": "Kab. Luwu Utara", "WADMKC": "Kec. Masamba", "WADMKD": "Desa Pongo", "POKTAN": "Gapoktan Masagena", "K_POKTAN": "H. Kamaluddin", "P_SID": "Universitas Negeri Makassar", "NO_HP_1": "0813-5551-7977", "NAMA_PEMIL": "Pemerintah Desa", "N_PETAK": "PNB128", "LUAS_HA": 0.85995706404000005, "PAKET": "Paket Sulawesi Selatan 7" }, "geometry": { "type": "MultiPolygon", "coordinates": [ [ [ [ 120.35236198541736, -2.648312753130995, 0.0 ], [ 120.352223615727326, -2.648671176133803, 0.0 ], [ 120.35030553087563, -2.648612073588254, 0.0 ], [ 120.350327478830195, -2.648266997423946, 0.0 ], [ 120.35236198541736, -2.648312753130995, 0.0 ] ] ] ] } },
{ "type": "Feature", "properties": { "OBJECTID": 5191, "WADMPR": "Sulawesi Selatan", "WADMKK": "Kab. Luwu Utara", "WADMKC": "Kec. Masamba", "WADMKD": "Desa Pongo", "POKTAN": "Gapoktan Masagena", "K_POKTAN": "H. Kamaluddin", "P_SID": "Universitas Negeri Makassar", "NO_HP_1": "0813-5551-7977", "NAMA_PEMIL": "Pemerintah Desa", "N_PETAK": "PNB129", "LUAS_HA": 0.50186508061000001, "PAKET": "Paket Sulawesi Selatan 7" }, "geometry": { "type": "MultiPolygon", "coordinates": [ [ [ [ 120.343816290089762, -2.649079941386162, 0.0 ], [ 120.343328616522513, -2.649058255134321, 0.0 ], [ 120.343288447404007, -2.648836714342849, 0.0 ], [ 120.343380057743502, -2.648247603544007, 0.0 ], [ 120.343846978555234, -2.648284071952332, 0.0 ], [ 120.343844575566777, -2.648356659831961, 0.0 ], [ 120.343842171678943, -2.64842924771159, 0.0 ], [ 120.343839768690486, -2.648501837389858, 0.0 ], [ 120.343837366601292, -2.648574426168807, 0.0 ], [ 120.343834964512098, -2.648647014947755, 0.0 ], [ 120.343832561523527, -2.648719603726704, 0.0 ], [ 120.34383015853507, -2.648792193404972, 0.0 ], [ 120.343827755546499, -2.64886478398256, 0.0 ], [ 120.343825353457305, -2.648937372761509, 0.0 ], [ 120.343822950468848, -2.649009961540457, 0.0 ], [ 120.343816290089762, -2.649079941386162, 0.0 ] ] ] ] } },
{ "type": "Feature", "properties": { "OBJECTID": 5192, "WADMPR": "Sulawesi Selatan", "WADMKK": "Kab. Luwu Utara", "WADMKC": "Kec. Masamba", "WADMKD": "Desa Pongo", "POKTAN": "Gapoktan Masagena", "K_POKTAN": "H. Kamaluddin", "P_SID": "Universitas Negeri Makassar", "NO_HP_1": "0813-5551-7977", "NAMA_PEMIL": "Pemerintah Desa", "N_PETAK": "PNB130", "LUAS_HA": 1.5665500131300001, "PAKET": "Paket Sulawesi Selatan 7" }, "geometry": { "type": "MultiPolygon", "coordinates": [ [ [ [ 120.343380057743502, -2.648247603544007, 0.0 ], [ 120.343288447404007, -2.648836714342849, 0.0 ], [ 120.343397234794566, -2.649528775032877, 0.0 ], [ 120.342899104809931, -2.6495001765918, 0.0 ], [ 120.342364474940609, -2.649588472030302, 0.0 ], [ 120.342172666635292, -2.648880683096991, 0.0 ], [ 120.342155489584229, -2.648749132966088, 0.0 ], [ 120.342158352126262, -2.648626165065423, 0.0 ], [ 120.342238555464974, -2.648310674797756, 0.0 ], [ 120.34240889335581, -2.648356431404125, 0.0 ], [ 120.342626467237778, -2.648465101882891, 0.0 ], [ 120.342783921440855, -2.648539456031017, 0.0 ], [ 120.343001495322824, -2.648413627386958, 0.0 ], [ 120.343118870339708, -2.648322114174164, 0.0 ], [ 120.343160337179825, -2.648247247412485, 0.0 ], [ 120.343380057743502, -2.648247603544007, 0.0 ] ] ] ] } },
{ "type": "Feature", "properties": { "OBJECTID": 5193, "WADMPR": "Sulawesi Selatan", "WADMKK": "Kab. Luwu Utara", "WADMKC": "Kec. Masamba", "WADMKD": "Desa Pongo", "POKTAN": "Gapoktan Masagena", "K_POKTAN": "H. Kamaluddin", "P_SID": "Universitas Negeri Makassar", "NO_HP_1": "0813-5551-7977", "NAMA_PEMIL": "Pemerintah Desa", "N_PETAK": "PNB131", "LUAS_HA": 0.35838559762, "PAKET": "Paket Sulawesi Selatan 7" }, "geometry": { "type": "MultiPolygon", "coordinates": [ [ [ [ 120.359526844588231, -2.648984526914319, 0.0 ], [ 120.359416375465457, -2.6491226133179, 0.0 ], [ 120.359370346364472, -2.649350455658976, 0.0 ], [ 120.359114887642022, -2.648818824129364, 0.0 ], [ 120.358999815788934, -2.648123791179955, 0.0 ], [ 120.359588983245089, -2.648786604118413, 0.0 ], [ 120.359526844588231, -2.648984526914319, 0.0 ] ] ] ] } },
{ "type": "Feature", "properties": { "OBJECTID": 5194, "WADMPR": "Sulawesi Selatan", "WADMKK": "Kab. Luwu Utara", "WADMKC": "Kec. Masamba", "WADMKD": "Desa Pongo", "POKTAN": "Gapoktan Masagena", "K_POKTAN": "H. Kamaluddin", "P_SID": "Universitas Negeri Makassar", "NO_HP_1": "0813-5551-7977", "NAMA_PEMIL": "Pemerintah Desa", "N_PETAK": "PNB132", "LUAS_HA": 0.49296857320999998, "PAKET": "Paket Sulawesi Selatan 7" }, "geometry": { "type": "MultiPolygon", "coordinates": [ [ [ [ 120.357670161848546, -2.648309306928923, 0.0 ], [ 120.356537856936598, -2.648949106216207, 0.0 ], [ 120.356398669762825, -2.64862630985624, 0.0 ], [ 120.356461785982674, -2.648592364945614, 0.0 ], [ 120.356524902202523, -2.648558422733004, 0.0 ], [ 120.356588017523109, -2.648524479621017, 0.0 ], [ 120.356651133742844, -2.648490534710334, 0.0 ], [ 120.356714250862069, -2.648456592497723, 0.0 ], [ 120.356777366182541, -2.648422649385736, 0.0 ], [ 120.35684048240239, -2.64838870537443, 0.0 ], [ 120.356903597722862, -2.648354763161763, 0.0 ], [ 120.356966713942711, -2.648320819150456, 0.0 ], [ 120.35702983016256, -2.648286875139149, 0.0 ], [ 120.357092945483146, -2.648252932926482, 0.0 ], [ 120.357156061702995, -2.648218989814495, 0.0 ], [ 120.35721917792273, -2.648185045803189, 0.0 ], [ 120.357282293243316, -2.648151103590521, 0.0 ], [ 120.357345410362427, -2.648117159579215, 0.0 ], [ 120.357670161848546, -2.648309306928923, 0.0 ] ] ] ] } },
{ "type": "Feature", "properties": { "OBJECTID": 5195, "WADMPR": "Sulawesi Selatan", "WADMKK": "Kab. Luwu Utara", "WADMKC": "Kec. Masamba", "WADMKD": "Desa Pongo", "POKTAN": "Gapoktan Masagena", "K_POKTAN": "H. Kamaluddin", "P_SID": "Universitas Negeri Makassar", "NO_HP_1": "0813-5551-7977", "NAMA_PEMIL": "Pemerintah Desa", "N_PETAK": "PNB133", "LUAS_HA": 1.7737723626899999, "PAKET": "Paket Sulawesi Selatan 7" }, "geometry": { "type": "MultiPolygon", "coordinates": [ [ [ [ 120.350327478830195, -2.648266997423946, 0.0 ], [ 120.35030553087563, -2.648612073588254, 0.0 ], [ 120.350304576694953, -2.648944758893435, 0.0 ], [ 120.350151893395264, -2.64896382452082, 0.0 ], [ 120.349809310151613, -2.649018158860883, 0.0 ], [ 120.349565016512315, -2.649094418672462, 0.0 ], [ 120.34892374683352, -2.649204996613264, 0.0 ], [ 120.348648916714183, -2.649212622864184, 0.0 ], [ 120.348621242776176, -2.648915208969697, 0.0 ], [ 120.348537266781477, -2.648583476945873, 0.0 ], [ 120.350338930797079, -2.647942890751779, 0.0 ], [ 120.350327478830195, -2.648266997423946, 0.0 ] ] ] ] } },
{ "type": "Feature", "properties": { "OBJECTID": 5196, "WADMPR": "Sulawesi Selatan", "WADMKK": "Kab. Luwu Utara", "WADMKC": "Kec. Masamba", "WADMKD": "Desa Pongo", "POKTAN": "Gapoktan Masagena", "K_POKTAN": "H. Kamaluddin", "P_SID": "Universitas Negeri Makassar", "NO_HP_1": "0813-5551-7977", "NAMA_PEMIL": "Pemerintah Desa", "N_PETAK": "PNB134", "LUAS_HA": 0.55570520421000003, "PAKET": "Paket Sulawesi Selatan 7" }, "geometry": { "type": "MultiPolygon", "coordinates": [ [ [ [ 120.361257522416736, -2.648174421212502, 0.0 ], [ 120.360765015892866, -2.64854725405246, 0.0 ], [ 120.360309332110091, -2.64875898683772, 0.0 ], [ 120.360143628425817, -2.648515034041566, 0.0 ], [ 120.360090695229474, -2.648439087194049, 0.0 ], [ 120.360461226704274, -2.648231957139046, 0.0 ], [ 120.360972145048549, -2.647863728827986, 0.0 ], [ 120.361257522416736, -2.648174421212502, 0.0 ] ] ] ] } },
{ "type": "Feature", "properties": { "OBJECTID": 5197, "WADMPR": "Sulawesi Selatan", "WADMKK": "Kab. Luwu Utara", "WADMKC": "Kec. Masamba", "WADMKD": "Desa Pongo", "POKTAN": "Gapoktan Masagena", "K_POKTAN": "H. Kamaluddin", "P_SID": "Universitas Negeri Makassar", "NO_HP_1": "0813-5551-7977", "NAMA_PEMIL": "Pemerintah Desa", "N_PETAK": "PNB135", "LUAS_HA": 1.12840765784, "PAKET": "Paket Sulawesi Selatan 7" }, "geometry": { "type": "MultiPolygon", "coordinates": [ [ [ [ 120.35236198541736, -2.648312753130995, 0.0 ], [ 120.350327478830195, -2.648266997423946, 0.0 ], [ 120.350338930797079, -2.647942890751779, 0.0 ], [ 120.3503503818647, -2.647855191563792, 0.0 ], [ 120.352522303061846, -2.647855191563792, 0.0 ], [ 120.35236198541736, -2.648312753130995, 0.0 ] ] ] ] } },
{ "type": "Feature", "properties": { "OBJECTID": 5198, "WADMPR": "Sulawesi Selatan", "WADMKK": "Kab. Luwu Utara", "WADMKC": "Kec. Masamba", "WADMKD": "Desa Pongo", "POKTAN": "Gapoktan Masagena", "K_POKTAN": "H. Kamaluddin", "P_SID": "Universitas Negeri Makassar", "NO_HP_1": "0813-5551-7977", "NAMA_PEMIL": "Pemerintah Desa", "N_PETAK": "PNB136", "LUAS_HA": 0.57580354358999997, "PAKET": "Paket Sulawesi Selatan 7" }, "geometry": { "type": "MultiPolygon", "coordinates": [ [ [ [ 120.358719185042446, -2.648297693084032, 0.0 ], [ 120.358392956869579, -2.648633269709592, 0.0 ], [ 120.358356133228995, -2.648665489720543, 0.0 ], [ 120.35755307641341, -2.648103797452222, 0.0 ], [ 120.357896422282124, -2.647787493298154, 0.0 ], [ 120.358719185042446, -2.648297693084032, 0.0 ] ] ] ] } },
{ "type": "Feature", "properties": { "OBJECTID": 5199, "WADMPR": "Sulawesi Selatan", "WADMKK": "Kab. Luwu Utara", "WADMKC": "Kec. Masamba", "WADMKD": "Desa Pongo", "POKTAN": "Gapoktan Masagena", "K_POKTAN": "H. Kamaluddin", "P_SID": "Universitas Negeri Makassar", "NO_HP_1": "0813-5551-7977", "NAMA_PEMIL": "Pemerintah Desa", "N_PETAK": "PNB137", "LUAS_HA": 0.27392137995, "PAKET": "Paket Sulawesi Selatan 7" }, "geometry": { "type": "MultiPolygon", "coordinates": [ [ [ [ 120.358731267434109, -2.647923853003363, 0.0 ], [ 120.358777295635718, -2.648156298973959, 0.0 ], [ 120.35884173565762, -2.648236847652356, 0.0 ], [ 120.35884173565762, -2.648301288573577, 0.0 ], [ 120.35883713292742, -2.648370332224999, 0.0 ], [ 120.358719185042446, -2.648297693084032, 0.0 ], [ 120.357896422282124, -2.647787493298154, 0.0 ], [ 120.357971937454977, -2.647717156421606, 0.0 ], [ 120.358250267735684, -2.647794972959559, 0.0 ], [ 120.358574770109612, -2.647852508886103, 0.0 ], [ 120.358731267434109, -2.647923853003363, 0.0 ] ] ] ] } },
{ "type": "Feature", "properties": { "OBJECTID": 5200, "WADMPR": "Sulawesi Selatan", "WADMKK": "Kab. Luwu Utara", "WADMKC": "Kec. Masamba", "WADMKD": "Desa Pongo", "POKTAN": "Gapoktan Masagena", "K_POKTAN": "H. Kamaluddin", "P_SID": "Universitas Negeri Makassar", "NO_HP_1": "0813-5551-7977", "NAMA_PEMIL": "Pemerintah Desa", "N_PETAK": "PNB138", "LUAS_HA": 1.38194044861, "PAKET": "Paket Sulawesi Selatan 7" }, "geometry": { "type": "MultiPolygon", "coordinates": [ [ [ [ 120.35358554004074, -2.64831918778026, 0.0 ], [ 120.353559774464088, -2.648570846867017, 0.0 ], [ 120.35351396929434, -2.64891687631274, 0.0 ], [ 120.353204785972139, -2.648889707793728, 0.0 ], [ 120.35239174668186, -2.648781038214281, 0.0 ], [ 120.352733853284803, -2.647742947179211, 0.0 ], [ 120.353472458387273, -2.647688611939827, 0.0 ], [ 120.35358554004074, -2.64831918778026, 0.0 ] ] ] ] } },
{ "type": "Feature", "properties": { "OBJECTID": 5201, "WADMPR": "Sulawesi Selatan", "WADMKK": "Kab. Luwu Utara", "WADMKC": "Kec. Masamba", "WADMKD": "Desa Pongo", "POKTAN": "Gapoktan Masagena", "K_POKTAN": "H. Kamaluddin", "P_SID": "Universitas Negeri Makassar", "NO_HP_1": "0813-5551-7977", "NAMA_PEMIL": "Pemerintah Desa", "N_PETAK": "PNB139", "LUAS_HA": 0.4613521907, "PAKET": "Paket Sulawesi Selatan 7" }, "geometry": { "type": "MultiPolygon", "coordinates": [ [ [ [ 120.353584108319978, -2.648407840249604, 0.0 ], [ 120.35358554004074, -2.64831918778026, 0.0 ], [ 120.353472458387273, -2.647688611939827, 0.0 ], [ 120.353990627965118, -2.647645715177589, 0.0 ], [ 120.354079374863318, -2.648423569392151, 0.0 ], [ 120.353584108319978, -2.648407840249604, 0.0 ] ] ] ] } },
{ "type": "Feature", "properties": { "OBJECTID": 5202, "WADMPR": "Sulawesi Selatan", "WADMKK": "Kab. Luwu Utara", "WADMKC": "Kec. Masamba", "WADMKD": "Desa Pongo", "POKTAN": "Gapoktan Masagena", "K_POKTAN": "H. Kamaluddin", "P_SID": "Universitas Negeri Makassar", "NO_HP_1": "0813-5551-7977", "NAMA_PEMIL": "Pemerintah Desa", "N_PETAK": "PNB140", "LUAS_HA": 0.36732027157000002, "PAKET": "Paket Sulawesi Selatan 7" }, "geometry": { "type": "MultiPolygon", "coordinates": [ [ [ [ 120.360972145048549, -2.647863728827986, 0.0 ], [ 120.360461226704274, -2.648231957139046, 0.0 ], [ 120.360090695229474, -2.648439087194049, 0.0 ], [ 120.359980227005963, -2.64831711124566, 0.0 ], [ 120.360723590421458, -2.647578351459686, 0.0 ], [ 120.360972145048549, -2.647863728827986, 0.0 ] ] ] ] } },
{ "type": "Feature", "properties": { "OBJECTID": 5203, "WADMPR": "Sulawesi Selatan", "WADMKK": "Kab. Luwu Utara", "WADMKC": "Kec. Masamba", "WADMKD": "Desa Pongo", "POKTAN": "Gapoktan Masagena", "K_POKTAN": "H. Kamaluddin", "P_SID": "Universitas Negeri Makassar", "NO_HP_1": "0813-5551-7977", "NAMA_PEMIL": "Pemerintah Desa", "N_PETAK": "PNB141", "LUAS_HA": 0.3114898076, "PAKET": "Paket Sulawesi Selatan 7" }, "geometry": { "type": "MultiPolygon", "coordinates": [ [ [ [ 120.357971937454977, -2.647717156421606, 0.0 ], [ 120.357896422282124, -2.647787493298154, 0.0 ], [ 120.35755307641341, -2.648103797452222, 0.0 ], [ 120.357419593639406, -2.648073878806429, 0.0 ], [ 120.357153490541236, -2.647768326047355, 0.0 ], [ 120.357395428855966, -2.647535055398464, 0.0 ], [ 120.357971937454977, -2.647717156421606, 0.0 ] ] ] ] } },
{ "type": "Feature", "properties": { "OBJECTID": 5204, "WADMPR": "Sulawesi Selatan", "WADMKK": "Kab. Luwu Utara", "WADMKC": "Kec. Masamba", "WADMKD": "Desa Pongo", "POKTAN": "Gapoktan Masagena", "K_POKTAN": "H. Kamaluddin", "P_SID": "Universitas Negeri Makassar", "NO_HP_1": "0813-5551-7977", "NAMA_PEMIL": "Pemerintah Desa", "N_PETAK": "PNB142", "LUAS_HA": 1.0904269737700001, "PAKET": "Paket Sulawesi Selatan 7" }, "geometry": { "type": "MultiPolygon", "coordinates": [ [ [ [ 120.352522303061846, -2.647855191563792, 0.0 ], [ 120.3503503818647, -2.647855191563792, 0.0 ], [ 120.350373283999943, -2.647513927625596, 0.0 ], [ 120.351556580471879, -2.647449107190482, 0.0 ], [ 120.352568108231708, -2.647395725232514, 0.0 ], [ 120.352598644711748, -2.647677887524424, 0.0 ], [ 120.352522303061846, -2.647855191563792, 0.0 ] ] ] ] } },
{ "type": "Feature", "properties": { "OBJECTID": 5205, "WADMPR": "Sulawesi Selatan", "WADMKK": "Kab. Luwu Utara", "WADMKC": "Kec. Masamba", "WADMKD": "Desa Pongo", "POKTAN": "Gapoktan Masagena", "K_POKTAN": "H. Kamaluddin", "P_SID": "Universitas Negeri Makassar", "NO_HP_1": "0813-5551-7977", "NAMA_PEMIL": "Pemerintah Desa", "N_PETAK": "PNB143", "LUAS_HA": 2.0608164576200001, "PAKET": "Paket Sulawesi Selatan 7" }, "geometry": { "type": "MultiPolygon", "coordinates": [ [ [ [ 120.361170067844455, -2.648800412309129, 0.0 ], [ 120.360109107049766, -2.649173244249766, 0.0 ], [ 120.359950308360112, -2.648809617769587, 0.0 ], [ 120.359895072899349, -2.648745176848365, 0.0 ], [ 120.360143628425817, -2.648515034041566, 0.0 ], [ 120.360309332110091, -2.64875898683772, 0.0 ], [ 120.360765015892866, -2.64854725405246, 0.0 ], [ 120.361257522416736, -2.648174421212502, 0.0 ], [ 120.362003762763493, -2.64756108987234, 0.0 ], [ 120.362270153644772, -2.647350508219347, 0.0 ], [ 120.362813291999942, -2.647668106497861, 0.0 ], [ 120.36301121569511, -2.647824603822357, 0.0 ], [ 120.363029626616026, -2.647866030193086, 0.0 ], [ 120.3618881153443, -2.648519636771766, 0.0 ], [ 120.361768440761011, -2.648312508515403, 0.0 ], [ 120.361170067844455, -2.648800412309129, 0.0 ] ] ] ] } },
{ "type": "Feature", "properties": { "OBJECTID": 5206, "WADMPR": "Sulawesi Selatan", "WADMKK": "Kab. Luwu Utara", "WADMKC": "Kec. Masamba", "WADMKD": "Desa Pongo", "POKTAN": "Gapoktan Masagena", "K_POKTAN": "H. Kamaluddin", "P_SID": "Universitas Negeri Makassar", "NO_HP_1": "0813-5551-7977", "NAMA_PEMIL": "Pemerintah Desa", "N_PETAK": "PNB144", "LUAS_HA": 0.51612067058, "PAKET": "Paket Sulawesi Selatan 7" }, "geometry": { "type": "MultiPolygon", "coordinates": [ [ [ [ 120.360557886737183, -2.647433360960804, 0.0 ], [ 120.359782303310681, -2.648114584820178, 0.0 ], [ 120.359402566375365, -2.64784531700775, 0.0 ], [ 120.360106805684609, -2.64727226000673, 0.0 ], [ 120.360557886737183, -2.647433360960804, 0.0 ] ] ] ] } },
{ "type": "Feature", "properties": { "OBJECTID": 5207, "WADMPR": "Sulawesi Selatan", "WADMKK": "Kab. Luwu Utara", "WADMKC": "Kec. Masamba", "WADMKD": "Desa Pongo", "POKTAN": "Gapoktan Masagena", "K_POKTAN": "H. Kamaluddin", "P_SID": "Universitas Negeri Makassar", "NO_HP_1": "0813-5551-7977", "NAMA_PEMIL": "Pemerintah Desa", "N_PETAK": "PNB145", "LUAS_HA": 0.31450399261, "PAKET": "Paket Sulawesi Selatan 7" }, "geometry": { "type": "MultiPolygon", "coordinates": [ [ [ [ 120.358642517838007, -2.64746453775814, 0.0 ], [ 120.358731267434109, -2.647923853003363, 0.0 ], [ 120.358574770109612, -2.647852508886103, 0.0 ], [ 120.358250267735684, -2.647794972959559, 0.0 ], [ 120.357971937454977, -2.647717156421606, 0.0 ], [ 120.358436539814534, -2.647253272620389, 0.0 ], [ 120.358642517838007, -2.64746453775814, 0.0 ] ] ] ] } },
{ "type": "Feature", "properties": { "OBJECTID": 5208, "WADMPR": "Sulawesi Selatan", "WADMKK": "Kab. Luwu Utara", "WADMKC": "Kec. Masamba", "WADMKD": "Desa Pongo", "POKTAN": "Gapoktan Masagena", "K_POKTAN": "H. Kamaluddin", "P_SID": "Universitas Negeri Makassar", "NO_HP_1": "0813-5551-7977", "NAMA_PEMIL": "Pemerintah Desa", "N_PETAK": "PNB146", "LUAS_HA": 0.72266365258999998, "PAKET": "Paket Sulawesi Selatan 7" }, "geometry": { "type": "MultiPolygon", "coordinates": [ [ [ [ 120.361717809829088, -2.647339002293052, 0.0 ], [ 120.362003762763493, -2.64756108987234, 0.0 ], [ 120.361257522416736, -2.648174421212502, 0.0 ], [ 120.360972145048549, -2.647863728827986, 0.0 ], [ 120.360723590421458, -2.647578351459686, 0.0 ], [ 120.361155684087635, -2.647151434291231, 0.0 ], [ 120.36141862337081, -2.647615174200894, 0.0 ], [ 120.361717809829088, -2.647339002293052, 0.0 ] ] ] ] } },
{ "type": "Feature", "properties": { "OBJECTID": 5209, "WADMPR": "Sulawesi Selatan", "WADMKK": "Kab. Luwu Utara", "WADMKC": "Kec. Masamba", "WADMKD": "Desa Pongo", "POKTAN": "Gapoktan Masagena", "K_POKTAN": "H. Kamaluddin", "P_SID": "Universitas Negeri Makassar", "NO_HP_1": "0813-5551-7977", "NAMA_PEMIL": "Pemerintah Desa", "N_PETAK": "PNB147", "LUAS_HA": 1.3230221868300001, "PAKET": "Paket Sulawesi Selatan 7" }, "geometry": { "type": "MultiPolygon", "coordinates": [ [ [ [ 120.343508213833047, -2.647615754263597, 0.0 ], [ 120.343319268069877, -2.647967504296844, 0.0 ], [ 120.343160337179825, -2.648247247412485, 0.0 ], [ 120.343118870339708, -2.648322114174164, 0.0 ], [ 120.343001495322824, -2.648413627386958, 0.0 ], [ 120.342783921440855, -2.648539456031017, 0.0 ], [ 120.342626467237778, -2.648465101882891, 0.0 ], [ 120.34240889335581, -2.648356431404125, 0.0 ], [ 120.342238555464974, -2.648310674797756, 0.0 ], [ 120.342390284583985, -2.64775731205026, 0.0 ], [ 120.342487620007773, -2.647356946465834, 0.0 ], [ 120.3425219741099, -2.6471110079666, 0.0 ], [ 120.342569211000296, -2.647109577145216, 0.0 ], [ 120.342944239085455, -2.647298321460312, 0.0 ], [ 120.343284913967636, -2.647478486243074, 0.0 ], [ 120.343508213833047, -2.647615754263597, 0.0 ] ] ] ] } },
{ "type": "Feature", "properties": { "OBJECTID": 5210, "WADMPR": "Sulawesi Selatan", "WADMKK": "Kab. Luwu Utara", "WADMKC": "Kec. Masamba", "WADMKD": "Desa Pongo", "POKTAN": "Gapoktan Masagena", "K_POKTAN": "H. Kamaluddin", "P_SID": "Universitas Negeri Makassar", "NO_HP_1": "0813-5551-7977", "NAMA_PEMIL": "Pemerintah Desa", "N_PETAK": "PNB148", "LUAS_HA": 0.16831828836000001, "PAKET": "Paket Sulawesi Selatan 7" }, "geometry": { "type": "MultiPolygon", "coordinates": [ [ [ [ 120.361717809829088, -2.647339002293052, 0.0 ], [ 120.36141862337081, -2.647615174200894, 0.0 ], [ 120.361155684087635, -2.647151434291231, 0.0 ], [ 120.361291469126058, -2.647013924353075, 0.0 ], [ 120.361584326155821, -2.64734820685419, 0.0 ], [ 120.361662575267701, -2.647290670927646, 0.0 ], [ 120.361717809829088, -2.647339002293052, 0.0 ] ] ] ] } },
{ "type": "Feature", "properties": { "OBJECTID": 5211, "WADMPR": "Sulawesi Selatan", "WADMKK": "Kab. Luwu Utara", "WADMKC": "Kec. Masamba", "WADMKD": "Desa Pongo", "POKTAN": "Gapoktan Masagena", "K_POKTAN": "H. Kamaluddin", "P_SID": "Universitas Negeri Makassar", "NO_HP_1": "0813-5551-7977", "NAMA_PEMIL": "Pemerintah Desa", "N_PETAK": "PNB149", "LUAS_HA": 0.26265066387000002, "PAKET": "Paket Sulawesi Selatan 7" }, "geometry": { "type": "MultiPolygon", "coordinates": [ [ [ [ 120.360926115947564, -2.647065130851047, 0.0 ], [ 120.360557886737183, -2.647433360960804, 0.0 ], [ 120.360106805684609, -2.64727226000673, 0.0 ], [ 120.360507254905997, -2.646924743082366, 0.0 ], [ 120.360926115947564, -2.647065130851047, 0.0 ] ] ] ] } },
{ "type": "Feature", "properties": { "OBJECTID": 5212, "WADMPR": "Sulawesi Selatan", "WADMKK": "Kab. Luwu Utara", "WADMKC": "Kec. Masamba", "WADMKD": "Desa Pongo", "POKTAN": "Gapoktan Masagena", "K_POKTAN": "H. Kamaluddin", "P_SID": "Universitas Negeri Makassar", "NO_HP_1": "0813-5551-7977", "NAMA_PEMIL": "Pemerintah Desa", "N_PETAK": "PNB150", "LUAS_HA": 0.52423191439000005, "PAKET": "Paket Sulawesi Selatan 7" }, "geometry": { "type": "MultiPolygon", "coordinates": [ [ [ [ 120.352434510344438, -2.646955321830603, 0.0 ], [ 120.352568108231708, -2.647395725232514, 0.0 ], [ 120.351556580471879, -2.647449107190482, 0.0 ], [ 120.351480238821978, -2.647094497313162, 0.0 ], [ 120.352316180247612, -2.64691909803787, 0.0 ], [ 120.352434510344438, -2.646955321830603, 0.0 ] ] ] ] } },
{ "type": "Feature", "properties": { "OBJECTID": 5213, "WADMPR": "Sulawesi Selatan", "WADMKK": "Kab. Luwu Utara", "WADMKC": "Kec. Masamba", "WADMKD": "Desa Pongo", "POKTAN": "Gapoktan Masagena", "K_POKTAN": "H. Kamaluddin", "P_SID": "Universitas Negeri Makassar", "NO_HP_1": "0813-5551-7977", "NAMA_PEMIL": "Pemerintah Desa", "N_PETAK": "PNB151", "LUAS_HA": 0.51725171472999998, "PAKET": "Paket Sulawesi Selatan 7" }, "geometry": { "type": "MultiPolygon", "coordinates": [ [ [ [ 120.358131599493731, -2.646939811223262, 0.0 ], [ 120.358436539814534, -2.647253272620389, 0.0 ], [ 120.357971937454977, -2.647717156421606, 0.0 ], [ 120.357395428855966, -2.647535055398464, 0.0 ], [ 120.358064858106786, -2.646889179392076, 0.0 ], [ 120.358131599493731, -2.646939811223262, 0.0 ] ] ] ] } },
{ "type": "Feature", "properties": { "OBJECTID": 5214, "WADMPR": "Sulawesi Selatan", "WADMKK": "Kab. Luwu Utara", "WADMKC": "Kec. Masamba", "WADMKD": "Desa Pongo", "POKTAN": "Gapoktan Masagena", "K_POKTAN": "H. Kamaluddin", "P_SID": "Universitas Negeri Makassar", "NO_HP_1": "0813-5551-7977", "NAMA_PEMIL": "Pemerintah Desa", "N_PETAK": "PNB152", "LUAS_HA": 0.09582714266, "PAKET": "Paket Sulawesi Selatan 7" }, "geometry": { "type": "MultiPolygon", "coordinates": [ [ [ [ 120.35921557573829, -2.647059376988636, 0.0 ], [ 120.358868058813869, -2.647254999318704, 0.0 ], [ 120.358884168369741, -2.646969621051142, 0.0 ], [ 120.359100503885202, -2.646847645102696, 0.0 ], [ 120.35921557573829, -2.647059376988636, 0.0 ] ] ] ] } },
{ "type": "Feature", "properties": { "OBJECTID": 5215, "WADMPR": "Sulawesi Selatan", "WADMKK": "Kab. Luwu Utara", "WADMKC": "Kec. Masamba", "WADMKD": "Desa Pongo", "POKTAN": "Gapoktan Masagena", "K_POKTAN": "H. Kamaluddin", "P_SID": "Universitas Negeri Makassar", "NO_HP_1": "0813-5551-7977", "NAMA_PEMIL": "Pemerintah Desa", "N_PETAK": "PNB153", "LUAS_HA": 0.56274309098999997, "PAKET": "Paket Sulawesi Selatan 7" }, "geometry": { "type": "MultiPolygon", "coordinates": [ [ [ [ 120.360507254905997, -2.646924743082366, 0.0 ], [ 120.360106805684609, -2.64727226000673, 0.0 ], [ 120.359402566375365, -2.64784531700775, 0.0 ], [ 120.358999815788934, -2.648123791179955, 0.0 ], [ 120.358937101566084, -2.647874084521334, 0.0 ], [ 120.360225904701792, -2.646868357388712, 0.0 ], [ 120.360350182015395, -2.646787808710371, 0.0 ], [ 120.360507254905997, -2.646924743082366, 0.0 ] ] ] ] } },
{ "type": "Feature", "properties": { "OBJECTID": 5216, "WADMPR": "Sulawesi Selatan", "WADMKK": "Kab. Luwu Utara", "WADMKC": "Kec. Masamba", "WADMKD": "Desa Pongo", "POKTAN": "Gapoktan Masagena", "K_POKTAN": "H. Kamaluddin", "P_SID": "Universitas Negeri Makassar", "NO_HP_1": "0813-5551-7977", "NAMA_PEMIL": "Pemerintah Desa", "N_PETAK": "PNB154", "LUAS_HA": 1.34542794046, "PAKET": "Paket Sulawesi Selatan 7" }, "geometry": { "type": "MultiPolygon", "coordinates": [ [ [ [ 120.361291469126058, -2.647013924353075, 0.0 ], [ 120.361155684087635, -2.647151434291231, 0.0 ], [ 120.360723590421458, -2.647578351459686, 0.0 ], [ 120.359980227005963, -2.64831711124566, 0.0 ], [ 120.360090695229474, -2.648439087194049, 0.0 ], [ 120.360143628425817, -2.648515034041566, 0.0 ], [ 120.359895072899349, -2.648745176848365, 0.0 ], [ 120.359950308360112, -2.648809617769587, 0.0 ], [ 120.359526844588231, -2.648984526914319, 0.0 ], [ 120.359588983245089, -2.648786604118413, 0.0 ], [ 120.358999815788934, -2.648123791179955, 0.0 ], [ 120.359402566375365, -2.64784531700775, 0.0 ], [ 120.359782303310681, -2.648114584820178, 0.0 ], [ 120.360557886737183, -2.647433360960804, 0.0 ], [ 120.360926115947564, -2.647065130851047, 0.0 ], [ 120.36115625965374, -2.646765943493449, 0.0 ], [ 120.361434732926682, -2.646876413515599, 0.0 ], [ 120.361291469126058, -2.647013924353075, 0.0 ] ] ] ] } },
{ "type": "Feature", "properties": { "OBJECTID": 5217, "WADMPR": "Sulawesi Selatan", "WADMKK": "Kab. Luwu Utara", "WADMKC": "Kec. Masamba", "WADMKD": "Desa Pongo", "POKTAN": "Gapoktan Masagena", "K_POKTAN": "H. Kamaluddin", "P_SID": "Universitas Negeri Makassar", "NO_HP_1": "0813-5551-7977", "NAMA_PEMIL": "Pemerintah Desa", "N_PETAK": "PNB155", "LUAS_HA": 0.52342299688000005, "PAKET": "Paket Sulawesi Selatan 7" }, "geometry": { "type": "MultiPolygon", "coordinates": [ [ [ [ 120.358064858106786, -2.646889179392076, 0.0 ], [ 120.357395428855966, -2.647535055398464, 0.0 ], [ 120.357153490541236, -2.647768326047355, 0.0 ], [ 120.357121270530229, -2.647713092385231, 0.0 ], [ 120.35702460959817, -2.647487551409313, 0.0 ], [ 120.356969375936046, -2.647243600411798, 0.0 ], [ 120.357609174324011, -2.646921399403027, 0.0 ], [ 120.358000418084885, -2.646746489358975, 0.0 ], [ 120.358064858106786, -2.646889179392076, 0.0 ] ] ] ] } },
{ "type": "Feature", "properties": { "OBJECTID": 5218, "WADMPR": "Sulawesi Selatan", "WADMKK": "Kab. Luwu Utara", "WADMKC": "Kec. Masamba", "WADMKD": "Desa Pongo", "POKTAN": "Gapoktan Masagena", "K_POKTAN": "H. Kamaluddin", "P_SID": "Universitas Negeri Makassar", "NO_HP_1": "0813-5551-7977", "NAMA_PEMIL": "Pemerintah Desa", "N_PETAK": "PNB156", "LUAS_HA": 0.30709932659, "PAKET": "Paket Sulawesi Selatan 7" }, "geometry": { "type": "MultiPolygon", "coordinates": [ [ [ [ 120.352434510344438, -2.646955321830603, 0.0 ], [ 120.352316180247612, -2.64691909803787, 0.0 ], [ 120.351480238821978, -2.647094497313162, 0.0 ], [ 120.351422982584609, -2.646886687370682, 0.0 ], [ 120.35246122920239, -2.646635029183187, 0.0 ], [ 120.352507034372252, -2.646776110329199, 0.0 ], [ 120.352434510344438, -2.646955321830603, 0.0 ] ] ] ] } },
{ "type": "Feature", "properties": { "OBJECTID": 5219, "WADMPR": "Sulawesi Selatan", "WADMKK": "Kab. Luwu Utara", "WADMKC": "Kec. Masamba", "WADMKD": "Desa Pongo", "POKTAN": "Gapoktan Masagena", "K_POKTAN": "H. Kamaluddin", "P_SID": "Universitas Negeri Makassar", "NO_HP_1": "0813-5551-7977", "NAMA_PEMIL": "Pemerintah Desa", "N_PETAK": "PNB157", "LUAS_HA": 0.70454608296, "PAKET": "Paket Sulawesi Selatan 7" }, "geometry": { "type": "MultiPolygon", "coordinates": [ [ [ [ 120.353254623702014, -2.647118707961965, 0.0 ], [ 120.353256316226066, -2.647160985990638, 0.0 ], [ 120.353293532870339, -2.647698620494907, 0.0 ], [ 120.352733853284803, -2.647742947179211, 0.0 ], [ 120.35275102943649, -2.647591379938206, 0.0 ], [ 120.352655125733577, -2.646734882708643, 0.0 ], [ 120.352895601750674, -2.646697704735232, 0.0 ], [ 120.353153254818949, -2.646646229339979, 0.0 ], [ 120.353221963023202, -2.64663193101876, 0.0 ], [ 120.353254623702014, -2.647118707961965, 0.0 ] ] ] ] } },
{ "type": "Feature", "properties": { "OBJECTID": 5220, "WADMPR": "Sulawesi Selatan", "WADMKK": "Kab. Luwu Utara", "WADMKC": "Kec. Masamba", "WADMKD": "Desa Pongo", "POKTAN": "Gapoktan Masagena", "K_POKTAN": "H. Kamaluddin", "P_SID": "Universitas Negeri Makassar", "NO_HP_1": "0813-5551-7977", "NAMA_PEMIL": "Pemerintah Desa", "N_PETAK": "PNB158", "LUAS_HA": 0.80042519985000005, "PAKET": "Paket Sulawesi Selatan 7" }, "geometry": { "type": "MultiPolygon", "coordinates": [ [ [ [ 120.360225904701792, -2.646868357388712, 0.0 ], [ 120.358937101566084, -2.647874084521334, 0.0 ], [ 120.358897977459719, -2.647646242180258, 0.0 ], [ 120.358868058813869, -2.647254999318704, 0.0 ], [ 120.35921557573829, -2.647059376988636, 0.0 ], [ 120.3599727473445, -2.646624405491877, 0.0 ], [ 120.360225904701792, -2.646868357388712, 0.0 ] ] ] ] } },
{ "type": "Feature", "properties": { "OBJECTID": 5221, "WADMPR": "Sulawesi Selatan", "WADMKK": "Kab. Luwu Utara", "WADMKC": "Kec. Masamba", "WADMKD": "Desa Pongo", "POKTAN": "Gapoktan Masagena", "K_POKTAN": "H. Kamaluddin", "P_SID": "Universitas Negeri Makassar", "NO_HP_1": "0813-5551-7977", "NAMA_PEMIL": "Pemerintah Desa", "N_PETAK": "PNB159", "LUAS_HA": 0.26305099549, "PAKET": "Paket Sulawesi Selatan 7" }, "geometry": { "type": "MultiPolygon", "coordinates": [ [ [ [ 120.358642517838007, -2.64746453775814, 0.0 ], [ 120.358436539814534, -2.647253272620389, 0.0 ], [ 120.358131599493731, -2.646939811223262, 0.0 ], [ 120.358672436483857, -2.646587690669321, 0.0 ], [ 120.358607996461956, -2.647273518158272, 0.0 ], [ 120.358642517838007, -2.64746453775814, 0.0 ] ] ] ] } },
{ "type": "Feature", "properties": { "OBJECTID": 5222, "WADMPR": "Sulawesi Selatan", "WADMKK": "Kab. Luwu Utara", "WADMKC": "Kec. Masamba", "WADMKD": "Desa Pongo", "POKTAN": "Gapoktan Masagena", "K_POKTAN": "H. Kamaluddin", "P_SID": "Universitas Negeri Makassar", "NO_HP_1": "0813-5551-7977", "NAMA_PEMIL": "Pemerintah Desa", "N_PETAK": "PNB160", "LUAS_HA": 0.76905179575000004, "PAKET": "Paket Sulawesi Selatan 7" }, "geometry": { "type": "MultiPolygon", "coordinates": [ [ [ [ 120.342861217271434, -2.646683473863163, 0.0 ], [ 120.343774455426797, -2.64719822961456, 0.0 ], [ 120.343744395587464, -2.647251135831198, 0.0 ], [ 120.343651354426584, -2.647409852682529, 0.0 ], [ 120.343508213833047, -2.647615754263597, 0.0 ], [ 120.343284913967636, -2.647478486243074, 0.0 ], [ 120.342944239085455, -2.647298321460312, 0.0 ], [ 120.342569211000296, -2.647109577145216, 0.0 ], [ 120.3425219741099, -2.6471110079666, 0.0 ], [ 120.342539151160963, -2.646561934085923, 0.0 ], [ 120.342861217271434, -2.646683473863163, 0.0 ] ] ] ] } },
{ "type": "Feature", "properties": { "OBJECTID": 5223, "WADMPR": "Sulawesi Selatan", "WADMKK": "Kab. Luwu Utara", "WADMKC": "Kec. Masamba", "WADMKD": "Desa Pongo", "POKTAN": "Gapoktan Masagena", "K_POKTAN": "H. Kamaluddin", "P_SID": "Universitas Negeri Makassar", "NO_HP_1": "0813-5551-7977", "NAMA_PEMIL": "Pemerintah Desa", "N_PETAK": "PNB161", "LUAS_HA": 0.93469278984000004, "PAKET": "Paket Sulawesi Selatan 7" }, "geometry": { "type": "MultiPolygon", "coordinates": [ [ [ [ 120.353990627965118, -2.647645715177589, 0.0 ], [ 120.353472458387273, -2.647688611939827, 0.0 ], [ 120.353293532870339, -2.647698620494907, 0.0 ], [ 120.353254623702014, -2.647118707961965, 0.0 ], [ 120.353250591141887, -2.647017998281967, 0.0 ], [ 120.353227688107381, -2.646657668716387, 0.0 ], [ 120.353221963023202, -2.64663193101876, 0.0 ], [ 120.353242002616412, -2.646583314568261, 0.0 ], [ 120.353883272295207, -2.646537558861212, 0.0 ], [ 120.353990627965118, -2.647645715177589, 0.0 ] ] ] ] } },
{ "type": "Feature", "properties": { "OBJECTID": 5224, "WADMPR": "Sulawesi Selatan", "WADMKK": "Kab. Luwu Utara", "WADMKC": "Kec. Masamba", "WADMKD": "Desa Pongo", "POKTAN": "Gapoktan Masagena", "K_POKTAN": "H. Kamaluddin", "P_SID": "Universitas Negeri Makassar", "NO_HP_1": "0813-5551-7977", "NAMA_PEMIL": "Pemerintah Desa", "N_PETAK": "PNB162", "LUAS_HA": 0.40671456948000001, "PAKET": "Paket Sulawesi Selatan 7" }, "geometry": { "type": "MultiPolygon", "coordinates": [ [ [ [ 120.357609174324011, -2.646921399403027, 0.0 ], [ 120.356969375936046, -2.647243600411798, 0.0 ], [ 120.356909538644345, -2.646723475707802, 0.0 ], [ 120.357448074269314, -2.646433495609301, 0.0 ], [ 120.357609174324011, -2.646921399403027, 0.0 ] ] ] ] } },
{ "type": "Feature", "properties": { "OBJECTID": 5225, "WADMPR": "Sulawesi Selatan", "WADMKK": "Kab. Luwu Utara", "WADMKC": "Kec. Masamba", "WADMKD": "Desa Pongo", "POKTAN": "Gapoktan Masagena", "K_POKTAN": "H. Kamaluddin", "P_SID": "Universitas Negeri Makassar", "NO_HP_1": "0813-5551-7977", "NAMA_PEMIL": "Pemerintah Desa", "N_PETAK": "PNB163", "LUAS_HA": 0.23603096331000001, "PAKET": "Paket Sulawesi Selatan 7" }, "geometry": { "type": "MultiPolygon", "coordinates": [ [ [ [ 120.358672436483857, -2.646587690669321, 0.0 ], [ 120.358131599493731, -2.646939811223262, 0.0 ], [ 120.358064858106786, -2.646889179392076, 0.0 ], [ 120.358000418084885, -2.646746489358975, 0.0 ], [ 120.358272450413324, -2.64655123305289, 0.0 ], [ 120.358329005179485, -2.646508305713667, 0.0 ], [ 120.358385560845022, -2.646465377475124, 0.0 ], [ 120.358442115611183, -2.646422448337262, 0.0 ], [ 120.35849867127672, -2.646379520098719, 0.0 ], [ 120.358555226942258, -2.646336590960857, 0.0 ], [ 120.358611781708419, -2.646293661822995, 0.0 ], [ 120.358683944208678, -2.646256284200092, 0.0 ], [ 120.358672436483857, -2.646587690669321, 0.0 ] ] ] ] } },
{ "type": "Feature", "properties": { "OBJECTID": 5226, "WADMPR": "Sulawesi Selatan", "WADMKK": "Kab. Luwu Utara", "WADMKC": "Kec. Masamba", "WADMKD": "Desa Pongo", "POKTAN": "Gapoktan Masagena", "K_POKTAN": "H. Kamaluddin", "P_SID": "Universitas Negeri Makassar", "NO_HP_1": "0813-5551-7977", "NAMA_PEMIL": "Pemerintah Desa", "N_PETAK": "PNB164", "LUAS_HA": 1.2000394224399999, "PAKET": "Paket Sulawesi Selatan 7" }, "geometry": { "type": "MultiPolygon", "coordinates": [ [ [ [ 120.351308470109871, -2.64646344303344, 0.0 ], [ 120.351422982584609, -2.646886687370682, 0.0 ], [ 120.351480238821978, -2.647094497313162, 0.0 ], [ 120.351556580471879, -2.647449107190482, 0.0 ], [ 120.350373283999943, -2.647513927625596, 0.0 ], [ 120.350361832932322, -2.647138346457496, 0.0 ], [ 120.350518333854097, -2.64689812584777, 0.0 ], [ 120.351209226324841, -2.646173654490497, 0.0 ], [ 120.351308470109871, -2.64646344303344, 0.0 ] ] ] ] } },
{ "type": "Feature", "properties": { "OBJECTID": 5227, "WADMPR": "Sulawesi Selatan", "WADMKK": "Kab. Luwu Utara", "WADMKC": "Kec. Masamba", "WADMKD": "Desa Pongo", "POKTAN": "Gapoktan Masagena", "K_POKTAN": "H. Kamaluddin", "P_SID": "Universitas Negeri Makassar", "NO_HP_1": "0813-5551-7977", "NAMA_PEMIL": "Pemerintah Desa", "N_PETAK": "PNB165", "LUAS_HA": 0.66605715932999998, "PAKET": "Paket Sulawesi Selatan 7" }, "geometry": { "type": "MultiPolygon", "coordinates": [ [ [ [ 120.3599727473445, -2.646624405491877, 0.0 ], [ 120.35921557573829, -2.647059376988636, 0.0 ], [ 120.359100503885202, -2.646847645102696, 0.0 ], [ 120.358884168369741, -2.646969621051142, 0.0 ], [ 120.358914087015592, -2.646684242783522, 0.0 ], [ 120.359800139564868, -2.646143405793509, 0.0 ], [ 120.36015686194969, -2.646493224982294, 0.0 ], [ 120.3599727473445, -2.646624405491877, 0.0 ] ] ] ] } },
{ "type": "Feature", "properties": { "OBJECTID": 5228, "WADMPR": "Sulawesi Selatan", "WADMKK": "Kab. Luwu Utara", "WADMKC": "Kec. Masamba", "WADMKD": "Desa Pongo", "POKTAN": "Gapoktan Masagena", "K_POKTAN": "H. Kamaluddin", "P_SID": "Universitas Negeri Makassar", "NO_HP_1": "0813-5551-7977", "NAMA_PEMIL": "Pemerintah Desa", "N_PETAK": "PNB166", "LUAS_HA": 0.32713529189000001, "PAKET": "Paket Sulawesi Selatan 7" }, "geometry": { "type": "MultiPolygon", "coordinates": [ [ [ [ 120.353242002616412, -2.646583314568261, 0.0 ], [ 120.353221963023202, -2.64663193101876, 0.0 ], [ 120.352655125733577, -2.646734882708643, 0.0 ], [ 120.352606458021683, -2.646302700908848, 0.0 ], [ 120.353118901616085, -2.646142554135508, 0.0 ], [ 120.353242002616412, -2.646583314568261, 0.0 ] ] ] ] } },
{ "type": "Feature", "properties": { "OBJECTID": 5229, "WADMPR": "Sulawesi Selatan", "WADMKK": "Kab. Luwu Utara", "WADMKC": "Kec. Masamba", "WADMKD": "Desa Pongo", "POKTAN": "Gapoktan Masagena", "K_POKTAN": "H. Kamaluddin", "P_SID": "Universitas Negeri Makassar", "NO_HP_1": "0813-5551-7977", "NAMA_PEMIL": "Pemerintah Desa", "N_PETAK": "PNB167", "LUAS_HA": 0.393395696, "PAKET": "Paket Sulawesi Selatan 7" }, "geometry": { "type": "MultiPolygon", "coordinates": [ [ [ [ 120.358000418084885, -2.646746489358975, 0.0 ], [ 120.357609174324011, -2.646921399403027, 0.0 ], [ 120.357448074269314, -2.646433495609301, 0.0 ], [ 120.357988911259326, -2.646141787913109, 0.0 ], [ 120.358147709948867, -2.646631418405207, 0.0 ], [ 120.358000418084885, -2.646746489358975, 0.0 ] ] ] ] } },
{ "type": "Feature", "properties": { "OBJECTID": 5230, "WADMPR": "Sulawesi Selatan", "WADMKK": "Kab. Luwu Utara", "WADMKC": "Kec. Masamba", "WADMKD": "Desa Pongo", "POKTAN": "Gapoktan Masagena", "K_POKTAN": "H. Kamaluddin", "P_SID": "Universitas Negeri Makassar", "NO_HP_1": "0813-5551-7977", "NAMA_PEMIL": "Pemerintah Desa", "N_PETAK": "PNB168", "LUAS_HA": 0.19812208227, "PAKET": "Paket Sulawesi Selatan 7" }, "geometry": { "type": "MultiPolygon", "coordinates": [ [ [ [ 120.353488204617065, -2.646196890274211, 0.0 ], [ 120.3535511859385, -2.646557218940472, 0.0 ], [ 120.353242002616412, -2.646583314568261, 0.0 ], [ 120.353118901616085, -2.646142554135508, 0.0 ], [ 120.353422349062271, -2.646043388591465, 0.0 ], [ 120.353488204617065, -2.646196890274211, 0.0 ] ] ] ] } },
{ "type": "Feature", "properties": { "OBJECTID": 5231, "WADMPR": "Sulawesi Selatan", "WADMKK": "Kab. Luwu Utara", "WADMKC": "Kec. Masamba", "WADMKD": "Desa Pongo", "POKTAN": "Gapoktan Masagena", "K_POKTAN": "H. Kamaluddin", "P_SID": "Universitas Negeri Makassar", "NO_HP_1": "0813-5551-7977", "NAMA_PEMIL": "Pemerintah Desa", "N_PETAK": "PNB169", "LUAS_HA": 0.70703803561, "PAKET": "Paket Sulawesi Selatan 7" }, "geometry": { "type": "MultiPolygon", "coordinates": [ [ [ [ 120.35246122920239, -2.646635029183187, 0.0 ], [ 120.351422982584609, -2.646886687370682, 0.0 ], [ 120.351308470109871, -2.64646344303344, 0.0 ], [ 120.352258924010243, -2.646013507717157, 0.0 ], [ 120.35246122920239, -2.646635029183187, 0.0 ] ] ] ] } },
{ "type": "Feature", "properties": { "OBJECTID": 5232, "WADMPR": "Sulawesi Selatan", "WADMKK": "Kab. Luwu Utara", "WADMKC": "Kec. Masamba", "WADMKD": "Desa Pongo", "POKTAN": "Gapoktan Masagena", "K_POKTAN": "H. Kamaluddin", "P_SID": "Universitas Negeri Makassar", "NO_HP_1": "0813-5551-7977", "NAMA_PEMIL": "Pemerintah Desa", "N_PETAK": "PNB170", "LUAS_HA": 1.0371150495499999, "PAKET": "Paket Sulawesi Selatan 7" }, "geometry": { "type": "MultiPolygon", "coordinates": [ [ [ [ 120.34403783357925, -2.646736379180481, 0.0 ], [ 120.344083637849621, -2.646757827111969, 0.0 ], [ 120.34408936473244, -2.646826460672571, 0.0 ], [ 120.344026382511629, -2.646889376343609, 0.0 ], [ 120.343774455426797, -2.64719822961456, 0.0 ], [ 120.34316181296731, -2.646852199269517, 0.0 ], [ 120.342861217271434, -2.646683473863163, 0.0 ], [ 120.342539151160963, -2.646561934085923, 0.0 ], [ 120.342564916737615, -2.64591705812569, 0.0 ], [ 120.342749568237991, -2.646004279773649, 0.0 ], [ 120.343376524307246, -2.646388918014111, 0.0 ], [ 120.34403783357925, -2.646736379180481, 0.0 ] ] ] ] } },
{ "type": "Feature", "properties": { "OBJECTID": 5233, "WADMPR": "Sulawesi Selatan", "WADMKK": "Kab. Luwu Utara", "WADMKC": "Kec. Masamba", "WADMKD": "Desa Pongo", "POKTAN": "Gapoktan Masagena", "K_POKTAN": "H. Kamaluddin", "P_SID": "Universitas Negeri Makassar", "NO_HP_1": "0813-5551-7977", "NAMA_PEMIL": "Pemerintah Desa", "N_PETAK": "PNB171", "LUAS_HA": 0.33165381338, "PAKET": "Paket Sulawesi Selatan 7" }, "geometry": { "type": "MultiPolygon", "coordinates": [ [ [ [ 120.359800139564868, -2.646143405793509, 0.0 ], [ 120.358914087015592, -2.646684242783522, 0.0 ], [ 120.358934800200927, -2.646325219033599, 0.0 ], [ 120.359627531785236, -2.645910961621553, 0.0 ], [ 120.359800139564868, -2.646143405793509, 0.0 ] ] ] ] } },
{ "type": "Feature", "properties": { "OBJECTID": 5234, "WADMPR": "Sulawesi Selatan", "WADMKK": "Kab. Luwu Utara", "WADMKC": "Kec. Masamba", "WADMKD": "Desa Pongo", "POKTAN": "Gapoktan Masagena", "K_POKTAN": "H. Kamaluddin", "P_SID": "Universitas Negeri Makassar", "NO_HP_1": "0813-5551-7977", "NAMA_PEMIL": "Pemerintah Desa", "N_PETAK": "PNB172", "LUAS_HA": 0.09838765676, "PAKET": "Paket Sulawesi Selatan 7" }, "geometry": { "type": "MultiPolygon", "coordinates": [ [ [ [ 120.352317313393314, -2.645955954703481, 0.0 ], [ 120.352492899727622, -2.645891133369048, 0.0 ], [ 120.352565423755323, -2.64677575239898, 0.0 ], [ 120.352317313393314, -2.645955954703481, 0.0 ] ] ] ] } },
{ "type": "Feature", "properties": { "OBJECTID": 5235, "WADMPR": "Sulawesi Selatan", "WADMKK": "Kab. Luwu Utara", "WADMKC": "Kec. Masamba", "WADMKD": "Desa Pongo", "POKTAN": "Gapoktan Masagena", "K_POKTAN": "H. Kamaluddin", "P_SID": "Universitas Negeri Makassar", "NO_HP_1": "0813-5551-7977", "NAMA_PEMIL": "Pemerintah Desa", "N_PETAK": "PNB173", "LUAS_HA": 0.68093829719, "PAKET": "Paket Sulawesi Selatan 7" }, "geometry": { "type": "MultiPolygon", "coordinates": [ [ [ [ 120.357988911259326, -2.646141787913109, 0.0 ], [ 120.357448074269314, -2.646433495609301, 0.0 ], [ 120.356909538644345, -2.646723475707802, 0.0 ], [ 120.356840494992866, -2.646207954633326, 0.0 ], [ 120.357611475689168, -2.645798874618322, 0.0 ], [ 120.357767397447446, -2.645697036289164, 0.0 ], [ 120.357988911259326, -2.646141787913109, 0.0 ] ] ] ] } },
{ "type": "Feature", "properties": { "OBJECTID": 5236, "WADMPR": "Sulawesi Selatan", "WADMKK": "Kab. Luwu Utara", "WADMKC": "Kec. Masamba", "WADMKD": "Desa Pongo", "POKTAN": "Gapoktan Masagena", "K_POKTAN": "H. Kamaluddin", "P_SID": "Universitas Negeri Makassar", "NO_HP_1": "0813-5551-7977", "NAMA_PEMIL": "Pemerintah Desa", "N_PETAK": "PNB174", "LUAS_HA": 0.50522848113999996, "PAKET": "Paket Sulawesi Selatan 7" }, "geometry": { "type": "MultiPolygon", "coordinates": [ [ [ [ 120.344055010630314, -2.646504738103147, 0.0 ], [ 120.344135169902188, -2.646564793930054, 0.0 ], [ 120.34408936473244, -2.646667743821297, 0.0 ], [ 120.34403783357925, -2.646736379180481, 0.0 ], [ 120.343376524307246, -2.646388918014111, 0.0 ], [ 120.342749568237991, -2.646004279773649, 0.0 ], [ 120.342564916737615, -2.64591705812569, 0.0 ], [ 120.342577798626621, -2.645666828960941, 0.0 ], [ 120.342990044255203, -2.645852713431907, 0.0 ], [ 120.343379386849278, -2.646110091307605, 0.0 ], [ 120.344055010630314, -2.646504738103147, 0.0 ] ] ] ] } },
{ "type": "Feature", "properties": { "OBJECTID": 5237, "WADMPR": "Sulawesi Selatan", "WADMKK": "Kab. Luwu Utara", "WADMKC": "Kec. Masamba", "WADMKD": "Desa Pongo", "POKTAN": "Gapoktan Masagena", "K_POKTAN": "H. Kamaluddin", "P_SID": "Universitas Negeri Makassar", "NO_HP_1": "0813-5551-7977", "NAMA_PEMIL": "Pemerintah Desa", "N_PETAK": "PNB175", "LUAS_HA": 0.49903723852999998, "PAKET": "Paket Sulawesi Selatan 7" }, "geometry": { "type": "MultiPolygon", "coordinates": [ [ [ [ 120.353422349062271, -2.646043388591465, 0.0 ], [ 120.352606458021683, -2.646302700908848, 0.0 ], [ 120.352563515393967, -2.645762205661242, 0.0 ], [ 120.353213374497727, -2.645556302281477, 0.0 ], [ 120.353422349062271, -2.646043388591465, 0.0 ] ] ] ] } },
{ "type": "Feature", "properties": { "OBJECTID": 5238, "WADMPR": "Sulawesi Selatan", "WADMKK": "Kab. Luwu Utara", "WADMKC": "Kec. Masamba", "WADMKD": "Desa Pongo", "POKTAN": "Gapoktan Masagena", "K_POKTAN": "H. Kamaluddin", "P_SID": "Universitas Negeri Makassar", "NO_HP_1": "0813-5551-7977", "NAMA_PEMIL": "Pemerintah Desa", "N_PETAK": "PNB176", "LUAS_HA": 0.62118759566000004, "PAKET": "Paket Sulawesi Selatan 7" }, "geometry": { "type": "MultiPolygon", "coordinates": [ [ [ [ 120.352258924010243, -2.646013507717157, 0.0 ], [ 120.351308470109871, -2.64646344303344, 0.0 ], [ 120.351209226324841, -2.646173654490497, 0.0 ], [ 120.351182506567511, -2.646080235614363, 0.0 ], [ 120.351697812703947, -2.645740876440243, 0.0 ], [ 120.351671092946617, -2.645676056005129, 0.0 ], [ 120.351987911512992, -2.645470153524741, 0.0 ], [ 120.352258924010243, -2.646013507717157, 0.0 ] ] ] ] } },
{ "type": "Feature", "properties": { "OBJECTID": 5239, "WADMPR": "Sulawesi Selatan", "WADMKK": "Kab. Luwu Utara", "WADMKC": "Kec. Masamba", "WADMKD": "Desa Pongo", "POKTAN": "Gapoktan Masagena", "K_POKTAN": "H. Kamaluddin", "P_SID": "Universitas Negeri Makassar", "NO_HP_1": "0813-5551-7977", "NAMA_PEMIL": "Pemerintah Desa", "N_PETAK": "PNB177", "LUAS_HA": 0.55506362709000001, "PAKET": "Paket Sulawesi Selatan 7" }, "geometry": { "type": "MultiPolygon", "coordinates": [ [ [ [ 120.357611475689168, -2.645798874618322, 0.0 ], [ 120.356840494992866, -2.646207954633326, 0.0 ], [ 120.356711614949177, -2.645775284501724, 0.0 ], [ 120.356707012218862, -2.645692432659587, 0.0 ], [ 120.356780657701279, -2.645604978986569, 0.0 ], [ 120.357372126522478, -2.645315572655534, 0.0 ], [ 120.357611475689168, -2.645798874618322, 0.0 ] ] ] ] } },
{ "type": "Feature", "properties": { "OBJECTID": 5240, "WADMPR": "Sulawesi Selatan", "WADMKK": "Kab. Luwu Utara", "WADMKC": "Kec. Masamba", "WADMKD": "Desa Pongo", "POKTAN": "Gapoktan Masagena", "K_POKTAN": "H. Kamaluddin", "P_SID": "Universitas Negeri Makassar", "NO_HP_1": "0813-5551-7977", "NAMA_PEMIL": "Pemerintah Desa", "N_PETAK": "PNB178", "LUAS_HA": 0.4721793895, "PAKET": "Paket Sulawesi Selatan 7" }, "geometry": { "type": "MultiPolygon", "coordinates": [ [ [ [ 120.351671092946617, -2.645676056005129, 0.0 ], [ 120.351697812703947, -2.645740876440243, 0.0 ], [ 120.351182506567511, -2.646080235614363, 0.0 ], [ 120.350842785865893, -2.645512095206982, 0.0 ], [ 120.351350457657531, -2.645237559165992, 0.0 ], [ 120.351671092946617, -2.645676056005129, 0.0 ] ] ] ] } },
{ "type": "Feature", "properties": { "OBJECTID": 5241, "WADMPR": "Sulawesi Selatan", "WADMKK": "Kab. Luwu Utara", "WADMKC": "Kec. Masamba", "WADMKD": "Desa Pongo", "POKTAN": "Gapoktan Masagena", "K_POKTAN": "H. Kamaluddin", "P_SID": "Universitas Negeri Makassar", "NO_HP_1": "0813-5551-7977", "NAMA_PEMIL": "Pemerintah Desa", "N_PETAK": "PNB179", "LUAS_HA": 0.60508108624000001, "PAKET": "Paket Sulawesi Selatan 7" }, "geometry": { "type": "MultiPolygon", "coordinates": [ [ [ [ 120.353877547211141, -2.645950950875658, 0.0 ], [ 120.353488204617065, -2.646196890274211, 0.0 ], [ 120.35342522239614, -2.646042463189076, 0.0 ], [ 120.353213374497727, -2.645556302281477, 0.0 ], [ 120.353037311522826, -2.645207412092361, 0.0 ], [ 120.353581245777946, -2.645118759623017, 0.0 ], [ 120.353768759820468, -2.645550582593273, 0.0 ], [ 120.353877547211141, -2.645950950875658, 0.0 ] ] ] ] } },
{ "type": "Feature", "properties": { "OBJECTID": 5242, "WADMPR": "Sulawesi Selatan", "WADMKK": "Kab. Luwu Utara", "WADMKC": "Kec. Masamba", "WADMKD": "Desa Pongo", "POKTAN": "Gapoktan Masagena", "K_POKTAN": "H. Kamaluddin", "P_SID": "Universitas Negeri Makassar", "NO_HP_1": "0813-5551-7977", "NAMA_PEMIL": "Pemerintah Desa", "N_PETAK": "PNB180", "LUAS_HA": 0.63445887631999998, "PAKET": "Paket Sulawesi Selatan 7" }, "geometry": { "type": "MultiPolygon", "coordinates": [ [ [ [ 120.357988911259326, -2.646141787913109, 0.0 ], [ 120.357767397447446, -2.645697036289164, 0.0 ], [ 120.358693149669193, -2.645099238938656, 0.0 ], [ 120.358787508336945, -2.645147569404742, 0.0 ], [ 120.358734575140602, -2.64565848774896, 0.0 ], [ 120.357988911259326, -2.646141787913109, 0.0 ] ] ] ] } },
{ "type": "Feature", "properties": { "OBJECTID": 5243, "WADMPR": "Sulawesi Selatan", "WADMKK": "Kab. Luwu Utara", "WADMKC": "Kec. Masamba", "WADMKD": "Desa Pongo", "POKTAN": "Gapoktan Masagena", "K_POKTAN": "H. Kamaluddin", "P_SID": "Universitas Negeri Makassar", "NO_HP_1": "0813-5551-7977", "NAMA_PEMIL": "Pemerintah Desa", "N_PETAK": "PNB181", "LUAS_HA": 1.7804549386199999, "PAKET": "Paket Sulawesi Selatan 7" }, "geometry": { "type": "MultiPolygon", "coordinates": [ [ [ [ 120.344186700156115, -2.646327433164458, 0.0 ], [ 120.343980577341881, -2.646224482373896, 0.0 ], [ 120.343551155561386, -2.645732603576732, 0.0 ], [ 120.34351107637508, -2.645418029718257, 0.0 ], [ 120.343803083545481, -2.645343675570132, 0.0 ], [ 120.343722208413283, -2.645250017474268, 0.0 ], [ 120.34396554787179, -2.645284334704229, 0.0 ], [ 120.344051432227843, -2.64524143884131, 0.0 ], [ 120.34403425517678, -2.64496404115755, 0.0 ], [ 120.344148767651518, -2.644935443615793, 0.0 ], [ 120.344217474956622, -2.644998359286831, 0.0 ], [ 120.344269005210435, -2.64491542650569, 0.0 ], [ 120.344435048838477, -2.644906846973356, 0.0 ], [ 120.344457951873096, -2.644869669899322, 0.0 ], [ 120.344785028106571, -2.644840357396504, 0.0 ], [ 120.344807930241814, -2.645240723880249, 0.0 ], [ 120.344899540581423, -2.646218761786372, 0.0 ], [ 120.344186700156115, -2.646327433164458, 0.0 ] ] ] ] } },
{ "type": "Feature", "properties": { "OBJECTID": 5244, "WADMPR": "Sulawesi Selatan", "WADMKK": "Kab. Luwu Utara", "WADMKC": "Kec. Masamba", "WADMKD": "Desa Pongo", "POKTAN": "Gapoktan Masagena", "K_POKTAN": "H. Kamaluddin", "P_SID": "Universitas Negeri Makassar", "NO_HP_1": "0813-5551-7977", "NAMA_PEMIL": "Pemerintah Desa", "N_PETAK": "PNB182", "LUAS_HA": 1.6302019882800001, "PAKET": "Paket Sulawesi Selatan 7" }, "geometry": { "type": "MultiPolygon", "coordinates": [ [ [ [ 120.361204014553664, -2.644969675410152, 0.0 ], [ 120.36093751395515, -2.645266185486037, 0.0 ], [ 120.361461579488378, -2.645752233079065, 0.0 ], [ 120.360785153512097, -2.646635914116075, 0.0 ], [ 120.360370895200731, -2.64653925228464, 0.0 ], [ 120.359993459630573, -2.646263080376798, 0.0 ], [ 120.360283440628336, -2.64591786661623, 0.0 ], [ 120.360122340573639, -2.645765972021934, 0.0 ], [ 120.360748330770889, -2.645121570004392, 0.0 ], [ 120.361052119959481, -2.644817780815856, 0.0 ], [ 120.361204014553664, -2.644969675410152, 0.0 ] ] ] ] } },
{ "type": "Feature", "properties": { "OBJECTID": 5245, "WADMPR": "Sulawesi Selatan", "WADMKK": "Kab. Luwu Utara", "WADMKC": "Kec. Masamba", "WADMKD": "Desa Pongo", "POKTAN": "Gapoktan Masagena", "K_POKTAN": "H. Kamaluddin", "P_SID": "Universitas Negeri Makassar", "NO_HP_1": "0813-5551-7977", "NAMA_PEMIL": "Pemerintah Desa", "N_PETAK": "PNB183", "LUAS_HA": 0.41578941648000001, "PAKET": "Paket Sulawesi Selatan 7" }, "geometry": { "type": "MultiPolygon", "coordinates": [ [ [ [ 120.352492899727622, -2.645891133369048, 0.0 ], [ 120.352317313393314, -2.645955954703481, 0.0 ], [ 120.352034848929179, -2.645433571801846, 0.0 ], [ 120.351710396917383, -2.644909282337437, 0.0 ], [ 120.351950873833857, -2.644874965107533, 0.0 ], [ 120.35209401442728, -2.644814910179889, 0.0 ], [ 120.352218068709021, -2.645086587276126, 0.0 ], [ 120.352378387252884, -2.645528897240752, 0.0 ], [ 120.352477631037914, -2.645833938285591, 0.0 ], [ 120.352492899727622, -2.645891133369048, 0.0 ] ] ] ] } },
{ "type": "Feature", "properties": { "OBJECTID": 5246, "WADMPR": "Sulawesi Selatan", "WADMKK": "Kab. Luwu Utara", "WADMKC": "Kec. Masamba", "WADMKD": "Desa Pongo", "POKTAN": "Gapoktan Masagena", "K_POKTAN": "H. Kamaluddin", "P_SID": "Universitas Negeri Makassar", "NO_HP_1": "0813-5551-7977", "NAMA_PEMIL": "Pemerintah Desa", "N_PETAK": "PNB184", "LUAS_HA": 0.69821355552999997, "PAKET": "Paket Sulawesi Selatan 7" }, "geometry": { "type": "MultiPolygon", "coordinates": [ [ [ [ 120.358693149669193, -2.645099238938656, 0.0 ], [ 120.357767397447446, -2.645697036289164, 0.0 ], [ 120.357611475689168, -2.645798874618322, 0.0 ], [ 120.357372126522478, -2.645315572655534, 0.0 ], [ 120.35793367669794, -2.644984166186248, 0.0 ], [ 120.358163819504739, -2.644804655210635, 0.0 ], [ 120.358375552289999, -2.644984166186248, 0.0 ], [ 120.358693149669193, -2.645099238938656, 0.0 ] ] ] ] } },
{ "type": "Feature", "properties": { "OBJECTID": 5247, "WADMPR": "Sulawesi Selatan", "WADMKK": "Kab. Luwu Utara", "WADMKC": "Kec. Masamba", "WADMKD": "Desa Pongo", "POKTAN": "Gapoktan Masagena", "K_POKTAN": "H. Kamaluddin", "P_SID": "Universitas Negeri Makassar", "NO_HP_1": "0813-5551-7977", "NAMA_PEMIL": "Pemerintah Desa", "N_PETAK": "PNB185", "LUAS_HA": 0.63218867579000004, "PAKET": "Paket Sulawesi Selatan 7" }, "geometry": { "type": "MultiPolygon", "coordinates": [ [ [ [ 120.353213374497727, -2.645556302281477, 0.0 ], [ 120.352563515393967, -2.645762205661242, 0.0 ], [ 120.352282960190564, -2.645038685786687, 0.0 ], [ 120.352812579936653, -2.644795606232208, 0.0 ], [ 120.353213374497727, -2.645556302281477, 0.0 ] ] ] ] } },
{ "type": "Feature", "properties": { "OBJECTID": 5248, "WADMPR": "Sulawesi Selatan", "WADMKK": "Kab. Luwu Utara", "WADMKC": "Kec. Masamba", "WADMKD": "Desa Pongo", "POKTAN": "Gapoktan Masagena", "K_POKTAN": "H. Kamaluddin", "P_SID": "Universitas Negeri Makassar", "NO_HP_1": "0813-5551-7977", "NAMA_PEMIL": "Pemerintah Desa", "N_PETAK": "PNB186", "LUAS_HA": 0.46275185333000002, "PAKET": "Paket Sulawesi Selatan 7" }, "geometry": { "type": "MultiPolygon", "coordinates": [ [ [ [ 120.351350457657531, -2.645237559165992, 0.0 ], [ 120.350842785865893, -2.645512095206982, 0.0 ], [ 120.350560321401758, -2.64509647622134, 0.0 ], [ 120.350639048952985, -2.644903918780756, 0.0 ], [ 120.350709187978737, -2.644730427866932, 0.0 ], [ 120.350892406859202, -2.644635102427969, 0.0 ], [ 120.351350457657531, -2.645237559165992, 0.0 ] ] ] ] } },
{ "type": "Feature", "properties": { "OBJECTID": 5249, "WADMPR": "Sulawesi Selatan", "WADMKK": "Kab. Luwu Utara", "WADMKC": "Kec. Masamba", "WADMKD": "Desa Pongo", "POKTAN": "Gapoktan Masagena", "K_POKTAN": "H. Kamaluddin", "P_SID": "Universitas Negeri Makassar", "NO_HP_1": "0813-5551-7977", "NAMA_PEMIL": "Pemerintah Desa", "N_PETAK": "PNB187", "LUAS_HA": 1.99139407404, "PAKET": "Paket Sulawesi Selatan 7" }, "geometry": { "type": "MultiPolygon", "coordinates": [ [ [ [ 120.343722208413283, -2.645250017474268, 0.0 ], [ 120.343803083545481, -2.645343675570132, 0.0 ], [ 120.34351107637508, -2.645418029718257, 0.0 ], [ 120.343551155561386, -2.645732603576732, 0.0 ], [ 120.343980577341881, -2.646224482373896, 0.0 ], [ 120.344186700156115, -2.646327433164458, 0.0 ], [ 120.344129443918746, -2.646418945477876, 0.0 ], [ 120.344055010630314, -2.646504738103147, 0.0 ], [ 120.343379386849278, -2.646110091307605, 0.0 ], [ 120.342990044255203, -2.645852713431907, 0.0 ], [ 120.342577798626621, -2.645666828960941, 0.0 ], [ 120.342588534733181, -2.644609430380854, 0.0 ], [ 120.343667815617209, -2.64452363865496, 0.0 ], [ 120.343722208413283, -2.645250017474268, 0.0 ] ] ] ] } },
{ "type": "Feature", "properties": { "OBJECTID": 5250, "WADMPR": "Sulawesi Selatan", "WADMKK": "Kab. Luwu Utara", "WADMKC": "Kec. Masamba", "WADMKD": "Desa Pongo", "POKTAN": "Gapoktan Masagena", "K_POKTAN": "H. Kamaluddin", "P_SID": "Universitas Negeri Makassar", "NO_HP_1": "0813-5551-7977", "NAMA_PEMIL": "Pemerintah Desa", "N_PETAK": "PNB188", "LUAS_HA": 0.49144325467, "PAKET": "Paket Sulawesi Selatan 7" }, "geometry": { "type": "MultiPolygon", "coordinates": [ [ [ [ 120.343934057211072, -2.64460371069265, 0.0 ], [ 120.344402309019415, -2.644539022457877, 0.0 ], [ 120.344457951873096, -2.644869669899322, 0.0 ], [ 120.344435048838477, -2.644906846973356, 0.0 ], [ 120.344269005210435, -2.64491542650569, 0.0 ], [ 120.344217474956622, -2.644998359286831, 0.0 ], [ 120.344148767651518, -2.644935443615793, 0.0 ], [ 120.34403425517678, -2.64496404115755, 0.0 ], [ 120.344051432227843, -2.64524143884131, 0.0 ], [ 120.34396554787179, -2.645284334704229, 0.0 ], [ 120.343722208413283, -2.645250017474268, 0.0 ], [ 120.343667815617209, -2.64452363865496, 0.0 ], [ 120.343899703108832, -2.644486460681549, 0.0 ], [ 120.343934057211072, -2.64460371069265, 0.0 ] ] ] ] } },
{ "type": "Feature", "properties": { "OBJECTID": 5251, "WADMPR": "Sulawesi Selatan", "WADMKK": "Kab. Luwu Utara", "WADMKC": "Kec. Masamba", "WADMKD": "Desa Pongo", "POKTAN": "Gapoktan Masagena", "K_POKTAN": "H. Kamaluddin", "P_SID": "Universitas Negeri Makassar", "NO_HP_1": "0813-5551-7977", "NAMA_PEMIL": "Pemerintah Desa", "N_PETAK": "PNB189", "LUAS_HA": 0.27441990668, "PAKET": "Paket Sulawesi Selatan 7" }, "geometry": { "type": "MultiPolygon", "coordinates": [ [ [ [ 120.361052119959481, -2.644817780815856, 0.0 ], [ 120.360748330770889, -2.645121570004392, 0.0 ], [ 120.360398512481424, -2.644730326243518, 0.0 ], [ 120.360709205765261, -2.644433440251021, 0.0 ], [ 120.361052119959481, -2.644817780815856, 0.0 ] ] ] ] } },
{ "type": "Feature", "properties": { "OBJECTID": 5252, "WADMPR": "Sulawesi Selatan", "WADMKK": "Kab. Luwu Utara", "WADMKC": "Kec. Masamba", "WADMKD": "Desa Pongo", "POKTAN": "Gapoktan Masagena", "K_POKTAN": "H. Kamaluddin", "P_SID": "Universitas Negeri Makassar", "NO_HP_1": "0813-5551-7977", "NAMA_PEMIL": "Pemerintah Desa", "N_PETAK": "PNB190", "LUAS_HA": 0.54549529691999998, "PAKET": "Paket Sulawesi Selatan 7" }, "geometry": { "type": "MultiPolygon", "coordinates": [ [ [ [ 120.353581245777946, -2.645118759623017, 0.0 ], [ 120.353037311522826, -2.645207412092361, 0.0 ], [ 120.352812579936653, -2.644795606232208, 0.0 ], [ 120.352716676233626, -2.644546806989524, 0.0 ], [ 120.35333218123526, -2.644395239748462, 0.0 ], [ 120.353581245777946, -2.645118759623017, 0.0 ] ] ] ] } },
{ "type": "Feature", "properties": { "OBJECTID": 5253, "WADMPR": "Sulawesi Selatan", "WADMKK": "Kab. Luwu Utara", "WADMKC": "Kec. Masamba", "WADMKD": "Desa Pongo", "POKTAN": "Gapoktan Masagena", "K_POKTAN": "H. Kamaluddin", "P_SID": "Universitas Negeri Makassar", "NO_HP_1": "0813-5551-7977", "NAMA_PEMIL": "Pemerintah Desa", "N_PETAK": "PNB191", "LUAS_HA": 0.45136312396, "PAKET": "Paket Sulawesi Selatan 7" }, "geometry": { "type": "MultiPolygon", "coordinates": [ [ [ [ 120.350892406859202, -2.644635102427969, 0.0 ], [ 120.350709187978737, -2.644730427866932, 0.0 ], [ 120.350639048952985, -2.644903918780756, 0.0 ], [ 120.349980124683043, -2.644949676286501, 0.0 ], [ 120.349943862219561, -2.644574093319704, 0.0 ], [ 120.350457259994641, -2.644513086010079, 0.0 ], [ 120.350993560804227, -2.644317667826044, 0.0 ], [ 120.350892406859202, -2.644635102427969, 0.0 ] ] ] ] } },
{ "type": "Feature", "properties": { "OBJECTID": 5254, "WADMPR": "Sulawesi Selatan", "WADMKK": "Kab. Luwu Utara", "WADMKC": "Kec. Masamba", "WADMKD": "Desa Pongo", "POKTAN": "Gapoktan Masagena", "K_POKTAN": "H. Kamaluddin", "P_SID": "Universitas Negeri Makassar", "NO_HP_1": "0813-5551-7977", "NAMA_PEMIL": "Pemerintah Desa", "N_PETAK": "PNB192", "LUAS_HA": 0.3286180053, "PAKET": "Paket Sulawesi Selatan 7" }, "geometry": { "type": "MultiPolygon", "coordinates": [ [ [ [ 120.361204014553664, -2.644969675410152, 0.0 ], [ 120.361052119959481, -2.644817780815856, 0.0 ], [ 120.360709205765261, -2.644433440251021, 0.0 ], [ 120.36098767993758, -2.644173378798371, 0.0 ], [ 120.36133174436452, -2.644570375522392, 0.0 ], [ 120.361425647075976, -2.644763040881571, 0.0 ], [ 120.361204014553664, -2.644969675410152, 0.0 ] ] ] ] } },
{ "type": "Feature", "properties": { "OBJECTID": 5255, "WADMPR": "Sulawesi Selatan", "WADMKK": "Kab. Luwu Utara", "WADMKC": "Kec. Masamba", "WADMKD": "Desa Pongo", "POKTAN": "Gapoktan Masagena", "K_POKTAN": "H. Kamaluddin", "P_SID": "Universitas Negeri Makassar", "NO_HP_1": "0813-5551-7977", "NAMA_PEMIL": "Pemerintah Desa", "N_PETAK": "PNB193", "LUAS_HA": 1.20742212304, "PAKET": "Paket Sulawesi Selatan 7" }, "geometry": { "type": "MultiPolygon", "coordinates": [ [ [ [ 120.353877547211141, -2.645950950875658, 0.0 ], [ 120.353768759820468, -2.645550582593273, 0.0 ], [ 120.353581245777946, -2.645118759623017, 0.0 ], [ 120.35333218123526, -2.644395239748462, 0.0 ], [ 120.353984901981676, -2.644160738826997, 0.0 ], [ 120.354191024796023, -2.644692653643006, 0.0 ], [ 120.354379970559307, -2.645361838278177, 0.0 ], [ 120.35422537889815, -2.645516267161952, 0.0 ], [ 120.354099414456527, -2.645699291788844, 0.0 ], [ 120.353858938439316, -2.645847999185776, 0.0 ], [ 120.353877547211141, -2.645950950875658, 0.0 ] ] ] ] } },
{ "type": "Feature", "properties": { "OBJECTID": 5256, "WADMPR": "Sulawesi Selatan", "WADMKK": "Kab. Luwu Utara", "WADMKC": "Kec. Masamba", "WADMKD": "Desa Pongo", "POKTAN": "Gapoktan Masagena", "K_POKTAN": "H. Kamaluddin", "P_SID": "Universitas Negeri Makassar", "NO_HP_1": "0813-5551-7977", "NAMA_PEMIL": "Pemerintah Desa", "N_PETAK": "PNB194", "LUAS_HA": 0.85114198227000004, "PAKET": "Paket Sulawesi Selatan 7" }, "geometry": { "type": "MultiPolygon", "coordinates": [ [ [ [ 120.351987911512992, -2.645470153524741, 0.0 ], [ 120.351671092946617, -2.645676056005129, 0.0 ], [ 120.351350457657531, -2.645237559165992, 0.0 ], [ 120.350892406859202, -2.644635102427969, 0.0 ], [ 120.350993560804227, -2.644317667826044, 0.0 ], [ 120.351045091058154, -2.64412034487799, 0.0 ], [ 120.351155786810182, -2.644051710418069, 0.0 ], [ 120.351987911512992, -2.645470153524741, 0.0 ] ] ] ] } },
{ "type": "Feature", "properties": { "OBJECTID": 5257, "WADMPR": "Sulawesi Selatan", "WADMKK": "Kab. Luwu Utara", "WADMKC": "Kec. Masamba", "WADMKD": "Desa Pongo", "POKTAN": "Gapoktan Masagena", "K_POKTAN": "H. Kamaluddin", "P_SID": "Universitas Negeri Makassar", "NO_HP_1": "0813-5551-7977", "NAMA_PEMIL": "Pemerintah Desa", "N_PETAK": "PNB195", "LUAS_HA": 0.47654281681, "PAKET": "Paket Sulawesi Selatan 7" }, "geometry": { "type": "MultiPolygon", "coordinates": [ [ [ [ 120.35830650863852, -2.644045182239324, 0.0 ], [ 120.358515939159361, -2.644003755868596, 0.0 ], [ 120.358776001511274, -2.64479314838502, 0.0 ], [ 120.358780604241588, -2.645046304843049, 0.0 ], [ 120.358430785952123, -2.64489901297901, 0.0 ], [ 120.358283494088028, -2.644770133834584, 0.0 ], [ 120.358186834055232, -2.644581415599816, 0.0 ], [ 120.358131599493731, -2.644332861872044, 0.0 ], [ 120.358159216774538, -2.644282230040858, 0.0 ], [ 120.358361743199907, -2.644236200040552, 0.0 ], [ 120.35830650863852, -2.644045182239324, 0.0 ] ] ] ] } },
{ "type": "Feature", "properties": { "OBJECTID": 5258, "WADMPR": "Sulawesi Selatan", "WADMKK": "Kab. Luwu Utara", "WADMKC": "Kec. Masamba", "WADMKD": "Desa Pongo", "POKTAN": "Gapoktan Masagena", "K_POKTAN": "H. Kamaluddin", "P_SID": "Universitas Negeri Makassar", "NO_HP_1": "0813-5551-7977", "NAMA_PEMIL": "Pemerintah Desa", "N_PETAK": "PNB196", "LUAS_HA": 0.61329258417, "PAKET": "Paket Sulawesi Selatan 7" }, "geometry": { "type": "MultiPolygon", "coordinates": [ [ [ [ 120.35209401442728, -2.644814910179889, 0.0 ], [ 120.351950873833857, -2.644874965107533, 0.0 ], [ 120.351710396917383, -2.644909282337437, 0.0 ], [ 120.351301014730097, -2.644202920628231, 0.0 ], [ 120.351229443983698, -2.644041343932827, 0.0 ], [ 120.351716122900825, -2.643789683946693, 0.0 ], [ 120.35209401442728, -2.644814910179889, 0.0 ] ] ] ] } },
{ "type": "Feature", "properties": { "OBJECTID": 5259, "WADMPR": "Sulawesi Selatan", "WADMKK": "Kab. Luwu Utara", "WADMKC": "Kec. Masamba", "WADMKD": "Desa Pongo", "POKTAN": "Gapoktan Masagena", "K_POKTAN": "H. Kamaluddin", "P_SID": "Universitas Negeri Makassar", "NO_HP_1": "0813-5551-7977", "NAMA_PEMIL": "Pemerintah Desa", "N_PETAK": "PNB197", "LUAS_HA": 0.27916398751, "PAKET": "Paket Sulawesi Selatan 7" }, "geometry": { "type": "MultiPolygon", "coordinates": [ [ [ [ 120.36098767993758, -2.644173378798371, 0.0 ], [ 120.360709205765261, -2.644433440251021, 0.0 ], [ 120.36031105790903, -2.643968551907108, 0.0 ], [ 120.360614847097622, -2.643733805470674, 0.0 ], [ 120.36098767993758, -2.644173378798371, 0.0 ] ] ] ] } },
{ "type": "Feature", "properties": { "OBJECTID": 5260, "WADMPR": "Sulawesi Selatan", "WADMKK": "Kab. Luwu Utara", "WADMKC": "Kec. Masamba", "WADMKD": "Desa Pongo", "POKTAN": "Gapoktan Masagena", "K_POKTAN": "H. Kamaluddin", "P_SID": "Universitas Negeri Makassar", "NO_HP_1": "0813-5551-7977", "NAMA_PEMIL": "Pemerintah Desa", "N_PETAK": "PNB198", "LUAS_HA": 0.94026809236999997, "PAKET": "Paket Sulawesi Selatan 7" }, "geometry": { "type": "MultiPolygon", "coordinates": [ [ [ [ 120.350457259994641, -2.644513086010079, 0.0 ], [ 120.349943862219561, -2.644574093319704, 0.0 ], [ 120.349555951346133, -2.644649399849868, 0.0 ], [ 120.349597938893794, -2.643711397063271, 0.0 ], [ 120.349817898677088, -2.643702818430256, 0.0 ], [ 120.350487797374058, -2.643784798829358, 0.0 ], [ 120.350523104757485, -2.643943039039982, 0.0 ], [ 120.350457259994641, -2.644513086010079, 0.0 ] ] ] ] } },
{ "type": "Feature", "properties": { "OBJECTID": 5261, "WADMPR": "Sulawesi Selatan", "WADMKK": "Kab. Luwu Utara", "WADMKC": "Kec. Masamba", "WADMKD": "Desa Pongo", "POKTAN": "Gapoktan Masagena", "K_POKTAN": "H. Kamaluddin", "P_SID": "Universitas Negeri Makassar", "NO_HP_1": "0813-5551-7977", "NAMA_PEMIL": "Pemerintah Desa", "N_PETAK": "PNB199", "LUAS_HA": 0.1537946913, "PAKET": "Paket Sulawesi Selatan 7" }, "geometry": { "type": "MultiPolygon", "coordinates": [ [ [ [ 120.358403168671316, -2.643568785271157, 0.0 ], [ 120.358515939159361, -2.644003755868596, 0.0 ], [ 120.35830650863852, -2.644045182239324, 0.0 ], [ 120.358269685897312, -2.644017564958631, 0.0 ], [ 120.358179929959874, -2.643867970830115, 0.0 ], [ 120.358156915409381, -2.643743694415889, 0.0 ], [ 120.358168423134316, -2.643658541208652, 0.0 ], [ 120.35820064314521, -2.643577989832295, 0.0 ], [ 120.358255877706597, -2.643529660265585, 0.0 ], [ 120.358295000913586, -2.643561881175856, 0.0 ], [ 120.358366345930222, -2.643582593461872, 0.0 ], [ 120.358403168671316, -2.643568785271157, 0.0 ] ] ] ] } },
{ "type": "Feature", "properties": { "OBJECTID": 5262, "WADMPR": "Sulawesi Selatan", "WADMKK": "Kab. Luwu Utara", "WADMKC": "Kec. Masamba", "WADMKD": "Desa Pongo", "POKTAN": "Gapoktan Masagena", "K_POKTAN": "H. Kamaluddin", "P_SID": "Universitas Negeri Makassar", "NO_HP_1": "0813-5551-7977", "NAMA_PEMIL": "Pemerintah Desa", "N_PETAK": "PNB200", "LUAS_HA": 1.4788588029900001, "PAKET": "Paket Sulawesi Selatan 7" }, "geometry": { "type": "MultiPolygon", "coordinates": [ [ [ [ 120.343899703108832, -2.644486460681549, 0.0 ], [ 120.343338591802649, -2.644543656664382, 0.0 ], [ 120.342588534733181, -2.644609430380854, 0.0 ], [ 120.342535572758493, -2.643664278883307, 0.0 ], [ 120.343656363650325, -2.643494122655568, 0.0 ], [ 120.343899703108832, -2.644486460681549, 0.0 ] ] ] ] } },
{ "type": "Feature", "properties": { "OBJECTID": 5263, "WADMPR": "Sulawesi Selatan", "WADMKK": "Kab. Luwu Utara", "WADMKC": "Kec. Masamba", "WADMKD": "Desa Pongo", "POKTAN": "Gapoktan Masagena", "K_POKTAN": "H. Kamaluddin", "P_SID": "Universitas Negeri Makassar", "NO_HP_1": "0813-5551-7977", "NAMA_PEMIL": "Pemerintah Desa", "N_PETAK": "PNB201", "LUAS_HA": 0.87074723808, "PAKET": "Paket Sulawesi Selatan 7" }, "geometry": { "type": "MultiPolygon", "coordinates": [ [ [ [ 120.360614847097622, -2.643733805470674, 0.0 ], [ 120.36031105790903, -2.643968551907108, 0.0 ], [ 120.360709205765261, -2.644433440251021, 0.0 ], [ 120.360398512481424, -2.644730326243518, 0.0 ], [ 120.359671259521065, -2.643901809620786, 0.0 ], [ 120.360016474180952, -2.643588814971793, 0.0 ], [ 120.36036629247053, -2.643287327148357, 0.0 ], [ 120.360637861648115, -2.643641747268759, 0.0 ], [ 120.360614847097622, -2.643733805470674, 0.0 ] ] ] ] } },
{ "type": "Feature", "properties": { "OBJECTID": 5264, "WADMPR": "Sulawesi Selatan", "WADMKK": "Kab. Luwu Utara", "WADMKC": "Kec. Masamba", "WADMKD": "Desa Pongo", "POKTAN": "Gapoktan Masagena", "K_POKTAN": "H. Kamaluddin", "P_SID": "Universitas Negeri Makassar", "NO_HP_1": "0813-5551-7977", "NAMA_PEMIL": "Pemerintah Desa", "N_PETAK": "PNB202", "LUAS_HA": 1.8075809461600001, "PAKET": "Paket Sulawesi Selatan 7" }, "geometry": { "type": "MultiPolygon", "coordinates": [ [ [ [ 120.344402309019415, -2.644539022457877, 0.0 ], [ 120.344402126456998, -2.644537936976178, 0.0 ], [ 120.343934057211072, -2.64460371069265, 0.0 ], [ 120.343899703108832, -2.644486460681549, 0.0 ], [ 120.343656363650325, -2.643494122655568, 0.0 ], [ 120.344907413246574, -2.643265341422307, 0.0 ], [ 120.34529675584065, -2.644306295898787, 0.0 ], [ 120.344466540398571, -2.644397808212204, 0.0 ], [ 120.34447226548275, -2.644529358343163, 0.0 ], [ 120.344402309019415, -2.644539022457877, 0.0 ] ] ] ] } },
{ "type": "Feature", "properties": { "OBJECTID": 5265, "WADMPR": "Sulawesi Selatan", "WADMKK": "Kab. Luwu Utara", "WADMKC": "Kec. Masamba", "WADMKD": "Desa Pongo", "POKTAN": "Gapoktan Masagena", "K_POKTAN": "H. Kamaluddin", "P_SID": "Universitas Negeri Makassar", "NO_HP_1": "0813-5551-7977", "NAMA_PEMIL": "Pemerintah Desa", "N_PETAK": "PNB203", "LUAS_HA": 0.22835122919, "PAKET": "Paket Sulawesi Selatan 7" }, "geometry": { "type": "MultiPolygon", "coordinates": [ [ [ [ 120.358403168671316, -2.643568785271157, 0.0 ], [ 120.358366345930222, -2.643582593461872, 0.0 ], [ 120.358295000913586, -2.643561881175856, 0.0 ], [ 120.358255877706597, -2.643529660265585, 0.0 ], [ 120.35820064314521, -2.643577989832295, 0.0 ], [ 120.358168423134316, -2.643658541208652, 0.0 ], [ 120.358156915409381, -2.643743694415889, 0.0 ], [ 120.358179929959874, -2.643867970830115, 0.0 ], [ 120.358269685897312, -2.644017564958631, 0.0 ], [ 120.358060255376586, -2.64403137224997, 0.0 ], [ 120.357984307629749, -2.643897889475966, 0.0 ], [ 120.357774877108909, -2.643759803971705, 0.0 ], [ 120.357843920760388, -2.64366774576979, 0.0 ], [ 120.357956691248319, -2.643762106236181, 0.0 ], [ 120.358037240826093, -2.643688459854502, 0.0 ], [ 120.357919867607848, -2.643584894826972, 0.0 ], [ 120.358329523189013, -2.643248884728223, 0.0 ], [ 120.358403168671316, -2.643568785271157, 0.0 ] ] ] ] } },
{ "type": "Feature", "properties": { "OBJECTID": 5266, "WADMPR": "Sulawesi Selatan", "WADMKK": "Kab. Luwu Utara", "WADMKC": "Kec. Masamba", "WADMKD": "Desa Pongo", "POKTAN": "Gapoktan Masagena", "K_POKTAN": "H. Kamaluddin", "P_SID": "Universitas Negeri Makassar", "NO_HP_1": "0813-5551-7977", "NAMA_PEMIL": "Pemerintah Desa", "N_PETAK": "PNB204", "LUAS_HA": 0.87204636501, "PAKET": "Paket Sulawesi Selatan 7" }, "geometry": { "type": "MultiPolygon", "coordinates": [ [ [ [ 120.351155786810182, -2.644051710418069, 0.0 ], [ 120.351045091058154, -2.64412034487799, 0.0 ], [ 120.350993560804227, -2.644317667826044, 0.0 ], [ 120.350457259994641, -2.644513086010079, 0.0 ], [ 120.350523104757485, -2.643943039039982, 0.0 ], [ 120.350487797374058, -2.643784798829358, 0.0 ], [ 120.349817898677088, -2.643702818430256, 0.0 ], [ 120.349825533021999, -2.643262415028403, 0.0 ], [ 120.35002783821426, -2.64323953537621, 0.0 ], [ 120.350142350688998, -2.643245255064414, 0.0 ], [ 120.350306485056308, -2.643266227254514, 0.0 ], [ 120.350441992204196, -2.643220470648146, 0.0 ], [ 120.350518333854097, -2.643418748676254, 0.0 ], [ 120.350625211984038, -2.643620838031211, 0.0 ], [ 120.351155786810182, -2.644051710418069, 0.0 ] ] ] ] } },
{ "type": "Feature", "properties": { "OBJECTID": 5267, "WADMPR": "Sulawesi Selatan", "WADMKK": "Kab. Luwu Utara", "WADMKC": "Kec. Masamba", "WADMKD": "Desa Pongo", "POKTAN": "Gapoktan Masagena", "K_POKTAN": "H. Kamaluddin", "P_SID": "Universitas Negeri Makassar", "NO_HP_1": "0813-5551-7977", "NAMA_PEMIL": "Pemerintah Desa", "N_PETAK": "PNB205", "LUAS_HA": 0.37831259489000002, "PAKET": "Paket Sulawesi Selatan 7" }, "geometry": { "type": "MultiPolygon", "coordinates": [ [ [ [ 120.350878749754543, -2.64373534780799, 0.0 ], [ 120.350686941449226, -2.643590930177254, 0.0 ], [ 120.350570997253726, -2.643386455820234, 0.0 ], [ 120.350508015932292, -2.643252046744522, 0.0 ], [ 120.350525192083978, -2.643244183971888, 0.0 ], [ 120.350764953140128, -2.643164110135501, 0.0 ], [ 120.350981095301336, -2.643121213373263, 0.0 ], [ 120.351070557160597, -2.643109774896175, 0.0 ], [ 120.351331074569543, -2.643493698175575, 0.0 ], [ 120.351190796518154, -2.643563762557562, 0.0 ], [ 120.35104049911979, -2.643645266315957, 0.0 ], [ 120.350878749754543, -2.64373534780799, 0.0 ] ] ] ] } },
{ "type": "Feature", "properties": { "OBJECTID": 5268, "WADMPR": "Sulawesi Selatan", "WADMKK": "Kab. Luwu Utara", "WADMKC": "Kec. Masamba", "WADMKD": "Desa Pongo", "POKTAN": "Gapoktan Masagena", "K_POKTAN": "H. Kamaluddin", "P_SID": "Universitas Negeri Makassar", "NO_HP_1": "0813-5551-7977", "NAMA_PEMIL": "Pemerintah Desa", "N_PETAK": "PNB206", "LUAS_HA": 0.34997480254000002, "PAKET": "Paket Sulawesi Selatan 7" }, "geometry": { "type": "MultiPolygon", "coordinates": [ [ [ [ 120.358796714696723, -2.644113542405989, 0.0 ], [ 120.358474513687952, -2.643068691167116, 0.0 ], [ 120.359326043961801, -2.643938633261257, 0.0 ], [ 120.359054474784216, -2.643952440552653, 0.0 ], [ 120.358796714696723, -2.644113542405989, 0.0 ] ] ] ] } },
{ "type": "Feature", "properties": { "OBJECTID": 5269, "WADMPR": "Sulawesi Selatan", "WADMKK": "Kab. Luwu Utara", "WADMKC": "Kec. Masamba", "WADMKD": "Desa Pongo", "POKTAN": "Gapoktan Masagena", "K_POKTAN": "H. Kamaluddin", "P_SID": "Universitas Negeri Makassar", "NO_HP_1": "0813-5551-7977", "NAMA_PEMIL": "Pemerintah Desa", "N_PETAK": "PNB207", "LUAS_HA": 0.50760324627999998, "PAKET": "Paket Sulawesi Selatan 7" }, "geometry": { "type": "MultiPolygon", "coordinates": [ [ [ [ 120.351716122900825, -2.643789683946693, 0.0 ], [ 120.351229443983698, -2.644041343932827, 0.0 ], [ 120.351146423069054, -2.643944111931148, 0.0 ], [ 120.351006145017664, -2.643826861020784, 0.0 ], [ 120.350878749754543, -2.64373534780799, 0.0 ], [ 120.35104049911979, -2.643645266315957, 0.0 ], [ 120.351190796518154, -2.643563762557562, 0.0 ], [ 120.351331074569543, -2.643493698175575, 0.0 ], [ 120.351070557160597, -2.643109774896175, 0.0 ], [ 120.351398350153772, -2.642991808125373, 0.0 ], [ 120.351716122900825, -2.643789683946693, 0.0 ] ] ] ] } },
{ "type": "Feature", "properties": { "OBJECTID": 5270, "WADMPR": "Sulawesi Selatan", "WADMKK": "Kab. Luwu Utara", "WADMKC": "Kec. Masamba", "WADMKD": "Desa Pongo", "POKTAN": "Gapoktan Masagena", "K_POKTAN": "H. Kamaluddin", "P_SID": "Universitas Negeri Makassar", "NO_HP_1": "0813-5551-7977", "NAMA_PEMIL": "Pemerintah Desa", "N_PETAK": "PNB208", "LUAS_HA": 3.1571475275199998, "PAKET": "Paket Sulawesi Selatan 7" }, "geometry": { "type": "MultiPolygon", "coordinates": [ [ [ [ 120.353984901981676, -2.644160738826997, 0.0 ], [ 120.35333218123526, -2.644395239748462, 0.0 ], [ 120.352716676233626, -2.644546806989524, 0.0 ], [ 120.352812579936653, -2.644795606232208, 0.0 ], [ 120.352282960190564, -2.645038685786687, 0.0 ], [ 120.351843518163946, -2.643796118595958, 0.0 ], [ 120.35255635858914, -2.643515861068067, 0.0 ], [ 120.353008683404028, -2.643347134762394, 0.0 ], [ 120.353890429100034, -2.642969646132201, 0.0 ], [ 120.35431412579635, -2.643953404625847, 0.0 ], [ 120.353984901981676, -2.644160738826997, 0.0 ] ] ] ] } },
{ "type": "Feature", "properties": { "OBJECTID": 5271, "WADMPR": "Sulawesi Selatan", "WADMKK": "Kab. Luwu Utara", "WADMKC": "Kec. Masamba", "WADMKD": "Desa Pongo", "POKTAN": "Gapoktan Masagena", "K_POKTAN": "H. Kamaluddin", "P_SID": "Universitas Negeri Makassar", "NO_HP_1": "0813-5551-7977", "NAMA_PEMIL": "Pemerintah Desa", "N_PETAK": "PNB209", "LUAS_HA": 1.0987077888700001, "PAKET": "Paket Sulawesi Selatan 7" }, "geometry": { "type": "MultiPolygon", "coordinates": [ [ [ [ 120.36098767993758, -2.644173378798371, 0.0 ], [ 120.360614847097622, -2.643733805470674, 0.0 ], [ 120.360637861648115, -2.643641747268759, 0.0 ], [ 120.36036629247053, -2.643287327148357, 0.0 ], [ 120.36098767993758, -2.642785614264653, 0.0 ], [ 120.361636683785946, -2.643591116336893, 0.0 ], [ 120.36098767993758, -2.644173378798371, 0.0 ] ] ] ] } },
{ "type": "Feature", "properties": { "OBJECTID": 5272, "WADMPR": "Sulawesi Selatan", "WADMKK": "Kab. Luwu Utara", "WADMKC": "Kec. Masamba", "WADMKD": "Desa Pongo", "POKTAN": "Gapoktan Masagena", "K_POKTAN": "H. Kamaluddin", "P_SID": "Universitas Negeri Makassar", "NO_HP_1": "0813-5551-7977", "NAMA_PEMIL": "Pemerintah Desa", "N_PETAK": "PNB210", "LUAS_HA": 0.445324371, "PAKET": "Paket Sulawesi Selatan 7" }, "geometry": { "type": "MultiPolygon", "coordinates": [ [ [ [ 120.35826105510364, -2.643199980494671, 0.0 ], [ 120.357690299467777, -2.643664870637224, 0.0 ], [ 120.357519993952565, -2.643591224255545, 0.0 ], [ 120.357648873996368, -2.643411712380555, 0.0 ], [ 120.3574509503012, -2.643236802336503, 0.0 ], [ 120.357892825893259, -2.642758104902555, 0.0 ], [ 120.35826105510364, -2.643199980494671, 0.0 ] ] ] ] } },
{ "type": "Feature", "properties": { "OBJECTID": 5273, "WADMPR": "Sulawesi Selatan", "WADMKK": "Kab. Luwu Utara", "WADMKC": "Kec. Masamba", "WADMKD": "Desa Pongo", "POKTAN": "Gapoktan Masagena", "K_POKTAN": "H. Kamaluddin", "P_SID": "Universitas Negeri Makassar", "NO_HP_1": "0813-5551-7977", "NAMA_PEMIL": "Pemerintah Desa", "N_PETAK": "PNB211", "LUAS_HA": 1.19929161371, "PAKET": "Paket Sulawesi Selatan 7" }, "geometry": { "type": "MultiPolygon", "coordinates": [ [ [ [ 120.350441992204196, -2.643220470648146, 0.0 ], [ 120.350306485056308, -2.643266227254514, 0.0 ], [ 120.350142350688998, -2.643245255064414, 0.0 ], [ 120.35002783821426, -2.64323953537621, 0.0 ], [ 120.349825533021999, -2.643262415028403, 0.0 ], [ 120.349817898677088, -2.643702818430256, 0.0 ], [ 120.349597938893794, -2.643711397063271, 0.0 ], [ 120.349071181689737, -2.643631325025581, 0.0 ], [ 120.349128437927106, -2.643463551101945, 0.0 ], [ 120.349033010864787, -2.643417795394896, 0.0 ], [ 120.349128437927106, -2.642830588460868, 0.0 ], [ 120.349361279599407, -2.642857281238491, 0.0 ], [ 120.349391816978823, -2.642723825444136, 0.0 ], [ 120.350262111607208, -2.642681881063936, 0.0 ], [ 120.350441992204196, -2.643220470648146, 0.0 ] ] ] ] } },
{ "type": "Feature", "properties": { "OBJECTID": 5274, "WADMPR": "Sulawesi Selatan", "WADMKK": "Kab. Luwu Utara", "WADMKC": "Kec. Masamba", "WADMKD": "Desa Pongo", "POKTAN": "Gapoktan Masagena", "K_POKTAN": "H. Kamaluddin", "P_SID": "Universitas Negeri Makassar", "NO_HP_1": "0813-5551-7977", "NAMA_PEMIL": "Pemerintah Desa", "N_PETAK": "PNB212", "LUAS_HA": 0.97418105852000003, "PAKET": "Paket Sulawesi Selatan 7" }, "geometry": { "type": "MultiPolygon", "coordinates": [ [ [ [ 120.343720777591898, -2.643138081956863, 0.0 ], [ 120.343746542269173, -2.64335828275847, 0.0 ], [ 120.343632029794435, -2.643384021355473, 0.0 ], [ 120.343656363650325, -2.643494122655568, 0.0 ], [ 120.343611990201225, -2.64349269183424, 0.0 ], [ 120.343589088065983, -2.64349269183424, 0.0 ], [ 120.342535572758493, -2.643664278883307, 0.0 ], [ 120.342524121690872, -2.643432637805915, 0.0 ], [ 120.342521258249576, -2.643160959810416, 0.0 ], [ 120.343073781030284, -2.642932178577155, 0.0 ], [ 120.34360340167575, -2.642666219370483, 0.0 ], [ 120.343695012015246, -2.64272913504152, 0.0 ], [ 120.343669246438594, -2.642780610436773, 0.0 ], [ 120.343700737998688, -2.642864974039298, 0.0 ], [ 120.343798073422363, -2.642905010058143, 0.0 ], [ 120.343820975557605, -2.642979365105589, 0.0 ], [ 120.343666383896561, -2.643046569643445, 0.0 ], [ 120.343720777591898, -2.643138081956863, 0.0 ] ] ] ] } },
{ "type": "Feature", "properties": { "OBJECTID": 5275, "WADMPR": "Sulawesi Selatan", "WADMKK": "Kab. Luwu Utara", "WADMKC": "Kec. Masamba", "WADMKD": "Desa Pongo", "POKTAN": "Gapoktan Masagena", "K_POKTAN": "H. Kamaluddin", "P_SID": "Universitas Negeri Makassar", "NO_HP_1": "0813-5551-7977", "NAMA_PEMIL": "Pemerintah Desa", "N_PETAK": "PNB213", "LUAS_HA": 4.14662388098, "PAKET": "Paket Sulawesi Selatan 7" }, "geometry": { "type": "MultiPolygon", "coordinates": [ [ [ [ 120.360016474180952, -2.643588814971793, 0.0 ], [ 120.359671259521065, -2.643901809620786, 0.0 ], [ 120.360398512481424, -2.644730326243518, 0.0 ], [ 120.360748330770889, -2.645121570004392, 0.0 ], [ 120.360122340573639, -2.645765972021934, 0.0 ], [ 120.359855374126255, -2.646083568501865, 0.0 ], [ 120.359689670441981, -2.645908659357076, 0.0 ], [ 120.359556187667977, -2.645673914719339, 0.0 ], [ 120.35940429307368, -2.645365521001963, 0.0 ], [ 120.35921557573829, -2.64515839184628, 0.0 ], [ 120.358980829301913, -2.645089349993441, 0.0 ], [ 120.358796714696723, -2.644113542405989, 0.0 ], [ 120.359054474784216, -2.643952440552653, 0.0 ], [ 120.359326043961801, -2.643938633261257, 0.0 ], [ 120.358474513687952, -2.643068691167116, 0.0 ], [ 120.358815125617639, -2.642833944730739, 0.0 ], [ 120.358888771999318, -2.642714269248074, 0.0 ], [ 120.359091297525424, -2.642525551912627, 0.0 ], [ 120.360016474180952, -2.643588814971793, 0.0 ] ] ] ] } },
{ "type": "Feature", "properties": { "OBJECTID": 5276, "WADMPR": "Sulawesi Selatan", "WADMKK": "Kab. Luwu Utara", "WADMKC": "Kec. Masamba", "WADMKD": "Desa Pongo", "POKTAN": "Gapoktan Masagena", "K_POKTAN": "H. Kamaluddin", "P_SID": "Universitas Negeri Makassar", "NO_HP_1": "0813-5551-7977", "NAMA_PEMIL": "Pemerintah Desa", "N_PETAK": "PNB214", "LUAS_HA": 0.61973187508000005, "PAKET": "Paket Sulawesi Selatan 7" }, "geometry": { "type": "MultiPolygon", "coordinates": [ [ [ [ 120.350347698287692, -2.642691056846729, 0.0 ], [ 120.351214176193366, -2.642410799318895, 0.0 ], [ 120.351405030318006, -2.642931276557135, 0.0 ], [ 120.351118749131047, -2.643045667623426, 0.0 ], [ 120.350849644995151, -2.64309333079251, 0.0 ], [ 120.350519466999913, -2.643190561894869, 0.0 ], [ 120.350347698287692, -2.642691056846729, 0.0 ] ] ] ] } },
{ "type": "Feature", "properties": { "OBJECTID": 5277, "WADMPR": "Sulawesi Selatan", "WADMKK": "Kab. Luwu Utara", "WADMKC": "Kec. Masamba", "WADMKD": "Desa Pongo", "POKTAN": "Gapoktan Masagena", "K_POKTAN": "H. Kamaluddin", "P_SID": "Universitas Negeri Makassar", "NO_HP_1": "0813-5551-7977", "NAMA_PEMIL": "Pemerintah Desa", "N_PETAK": "PNB215", "LUAS_HA": 0.23524778822, "PAKET": "Paket Sulawesi Selatan 7" }, "geometry": { "type": "MultiPolygon", "coordinates": [ [ [ [ 120.351836659034689, -2.642701423331971, 0.0 ], [ 120.351479762181384, -2.64292067265086, 0.0 ], [ 120.351302267485721, -2.642409727326992, 0.0 ], [ 120.35168779245771, -2.642318213214935, 0.0 ], [ 120.351836659034689, -2.642701423331971, 0.0 ] ] ] ] } },
{ "type": "Feature", "properties": { "OBJECTID": 5278, "WADMPR": "Sulawesi Selatan", "WADMKK": "Kab. Luwu Utara", "WADMKC": "Kec. Masamba", "WADMKD": "Desa Pongo", "POKTAN": "Gapoktan Masagena", "K_POKTAN": "H. Kamaluddin", "P_SID": "Universitas Negeri Makassar", "NO_HP_1": "0813-5551-7977", "NAMA_PEMIL": "Pemerintah Desa", "N_PETAK": "PNB216", "LUAS_HA": 1.3546360098700001, "PAKET": "Paket Sulawesi Selatan 7" }, "geometry": { "type": "MultiPolygon", "coordinates": [ [ [ [ 120.344907413246574, -2.643265341422307, 0.0 ], [ 120.343656363650325, -2.643494122655568, 0.0 ], [ 120.343632029794435, -2.643384021355473, 0.0 ], [ 120.343746542269173, -2.64335828275847, 0.0 ], [ 120.343740817184994, -2.643252472123834, 0.0 ], [ 120.343720777591898, -2.643138081956863, 0.0 ], [ 120.343666383896561, -2.643046569643445, 0.0 ], [ 120.343820975557605, -2.642979365105589, 0.0 ], [ 120.343798073422363, -2.642905010058143, 0.0 ], [ 120.343700737998688, -2.642864974039298, 0.0 ], [ 120.343669246438594, -2.642780610436773, 0.0 ], [ 120.343695012015246, -2.64272913504152, 0.0 ], [ 120.34360340167575, -2.642666219370483, 0.0 ], [ 120.343934057211072, -2.642447447591564, 0.0 ], [ 120.344352027923833, -2.64232733683707, 0.0 ], [ 120.344724193466845, -2.642241544211856, 0.0 ], [ 120.344724193466845, -2.64248748361041, 0.0 ], [ 120.344701290432226, -2.642567558346116, 0.0 ], [ 120.344707016415782, -2.642693387889494, 0.0 ], [ 120.344724193466845, -2.642784900202912, 0.0 ], [ 120.344867334060268, -2.642842096185746, 0.0 ], [ 120.344907413246574, -2.643265341422307, 0.0 ] ] ] ] } },
{ "type": "Feature", "properties": { "OBJECTID": 5279, "WADMPR": "Sulawesi Selatan", "WADMKK": "Kab. Luwu Utara", "WADMKC": "Kec. Masamba", "WADMKD": "Desa Pongo", "POKTAN": "Gapoktan Masagena", "K_POKTAN": "H. Kamaluddin", "P_SID": "Universitas Negeri Makassar", "NO_HP_1": "0813-5551-7977", "NAMA_PEMIL": "Pemerintah Desa", "N_PETAK": "PNB217", "LUAS_HA": 0.9252152492, "PAKET": "Paket Sulawesi Selatan 7" }, "geometry": { "type": "MultiPolygon", "coordinates": [ [ [ [ 120.357609749890116, -2.642428998899106, 0.0 ], [ 120.357892825893259, -2.642758104902555, 0.0 ], [ 120.3574509503012, -2.643236802336503, 0.0 ], [ 120.357400319369276, -2.643275928241451, 0.0 ], [ 120.357282946151145, -2.643179266409959, 0.0 ], [ 120.357248424775094, -2.643216090949807, 0.0 ], [ 120.356608476200222, -2.642591873316235, 0.0 ], [ 120.356663097424075, -2.642543295536598, 0.0 ], [ 120.356717718647815, -2.64249471865628, 0.0 ], [ 120.356772339871668, -2.642446139977324, 0.0 ], [ 120.356826960196145, -2.642397563097006, 0.0 ], [ 120.356881581419884, -2.642348986216689, 0.0 ], [ 120.356936202643737, -2.642300409336372, 0.0 ], [ 120.356990823867477, -2.642251832456054, 0.0 ], [ 120.357040023078639, -2.642219975771241, 0.0 ], [ 120.357089222289801, -2.64218811818705, 0.0 ], [ 120.35713842240034, -2.642156260602917, 0.0 ], [ 120.357342783442732, -2.642353052051647, 0.0 ], [ 120.357609749890116, -2.642428998899106, 0.0 ] ] ] ] } },
{ "type": "Feature", "properties": { "OBJECTID": 5280, "WADMPR": "Sulawesi Selatan", "WADMKK": "Kab. Luwu Utara", "WADMKC": "Kec. Masamba", "WADMKD": "Desa Pongo", "POKTAN": "Gapoktan Masagena", "K_POKTAN": "H. Kamaluddin", "P_SID": "Universitas Negeri Makassar", "NO_HP_1": "0813-5551-7977", "NAMA_PEMIL": "Pemerintah Desa", "N_PETAK": "PNB218", "LUAS_HA": 0.46328704228000001, "PAKET": "Paket Sulawesi Selatan 7" }, "geometry": { "type": "MultiPolygon", "coordinates": [ [ [ [ 120.350262111607208, -2.642681881063936, 0.0 ], [ 120.349391816978823, -2.642723825444136, 0.0 ], [ 120.349363188860139, -2.642357774391712, 0.0 ], [ 120.349367005582849, -2.642300579308255, 0.0 ], [ 120.349989190748602, -2.642155684137492, 0.0 ], [ 120.350118971013785, -2.642353961266224, 0.0 ], [ 120.350262111607208, -2.642681881063936, 0.0 ] ] ] ] } },
{ "type": "Feature", "properties": { "OBJECTID": 5281, "WADMPR": "Sulawesi Selatan", "WADMKK": "Kab. Luwu Utara", "WADMKC": "Kec. Masamba", "WADMKD": "Desa Pongo", "POKTAN": "Gapoktan Masagena", "K_POKTAN": "H. Kamaluddin", "P_SID": "Universitas Negeri Makassar", "NO_HP_1": "0813-5551-7977", "NAMA_PEMIL": "Pemerintah Desa", "N_PETAK": "PNB219", "LUAS_HA": 2.27120200826, "PAKET": "Paket Sulawesi Selatan 7" }, "geometry": { "type": "MultiPolygon", "coordinates": [ [ [ [ 120.353008683404028, -2.643347134762394, 0.0 ], [ 120.35255635858914, -2.643515861068067, 0.0 ], [ 120.351843518163946, -2.643796118595958, 0.0 ], [ 120.351507137544445, -2.642971076054266, 0.0 ], [ 120.351873577104016, -2.642753732398774, 0.0 ], [ 120.352446140377083, -2.642410560998542, 0.0 ], [ 120.353219099581793, -2.642101705928951, 0.0 ], [ 120.353442399447204, -2.643142661304751, 0.0 ], [ 120.353008683404028, -2.643347134762394, 0.0 ] ] ] ] } },
{ "type": "Feature", "properties": { "OBJECTID": 5282, "WADMPR": "Sulawesi Selatan", "WADMKK": "Kab. Luwu Utara", "WADMKC": "Kec. Masamba", "WADMKD": "Desa Pongo", "POKTAN": "Gapoktan Masagena", "K_POKTAN": "H. Kamaluddin", "P_SID": "Universitas Negeri Makassar", "NO_HP_1": "0813-5551-7977", "NAMA_PEMIL": "Pemerintah Desa", "N_PETAK": "PNB220", "LUAS_HA": 1.3076643596199999, "PAKET": "Paket Sulawesi Selatan 7" }, "geometry": { "type": "MultiPolygon", "coordinates": [ [ [ [ 120.360605641637108, -2.643094007082709, 0.0 ], [ 120.36036629247053, -2.643287327148357, 0.0 ], [ 120.360016474180952, -2.643588814971793, 0.0 ], [ 120.359091297525424, -2.642525551912627, 0.0 ], [ 120.359738000908123, -2.642076773124529, 0.0 ], [ 120.360605641637108, -2.643094007082709, 0.0 ] ] ] ] } },
{ "type": "Feature", "properties": { "OBJECTID": 5283, "WADMPR": "Sulawesi Selatan", "WADMKK": "Kab. Luwu Utara", "WADMKC": "Kec. Masamba", "WADMKD": "Desa Pongo", "POKTAN": "Gapoktan Masagena", "K_POKTAN": "H. Kamaluddin", "P_SID": "Universitas Negeri Makassar", "NO_HP_1": "0813-5551-7977", "NAMA_PEMIL": "Pemerintah Desa", "N_PETAK": "PNB221", "LUAS_HA": 0.20708371051, "PAKET": "Paket Sulawesi Selatan 7" }, "geometry": { "type": "MultiPolygon", "coordinates": [ [ [ [ 120.343273462900015, -2.642272286636683, 0.0 ], [ 120.342898433915707, -2.642329482619459, 0.0 ], [ 120.342842382769845, -2.641875627158413, 0.0 ], [ 120.343199029611583, -2.641824732725183, 0.0 ], [ 120.343273462900015, -2.642272286636683, 0.0 ] ] ] ] } },
{ "type": "Feature", "properties": { "OBJECTID": 5284, "WADMPR": "Sulawesi Selatan", "WADMKK": "Kab. Luwu Utara", "WADMKC": "Kec. Masamba", "WADMKD": "Desa Pongo", "POKTAN": "Gapoktan Masagena", "K_POKTAN": "H. Kamaluddin", "P_SID": "Universitas Negeri Makassar", "NO_HP_1": "0813-5551-7977", "NAMA_PEMIL": "Pemerintah Desa", "N_PETAK": "PNB222", "LUAS_HA": 0.67516917542, "PAKET": "Paket Sulawesi Selatan 7" }, "geometry": { "type": "MultiPolygon", "coordinates": [ [ [ [ 120.351214176193366, -2.642410799318895, 0.0 ], [ 120.350347698287692, -2.642691056846729, 0.0 ], [ 120.35023986507781, -2.642430818227638, 0.0 ], [ 120.350110084812627, -2.642184877030388, 0.0 ], [ 120.351075806503331, -2.641818826877284, 0.0 ], [ 120.351117794950369, -2.642158186051404, 0.0 ], [ 120.351214176193366, -2.642410799318895, 0.0 ] ] ] ] } },
{ "type": "Feature", "properties": { "OBJECTID": 5285, "WADMPR": "Sulawesi Selatan", "WADMKK": "Kab. Luwu Utara", "WADMKC": "Kec. Masamba", "WADMKD": "Desa Pongo", "POKTAN": "Gapoktan Masagena", "K_POKTAN": "H. Kamaluddin", "P_SID": "Universitas Negeri Makassar", "NO_HP_1": "0813-5551-7977", "NAMA_PEMIL": "Pemerintah Desa", "N_PETAK": "PNB223", "LUAS_HA": 0.93889343577999995, "PAKET": "Paket Sulawesi Selatan 7" }, "geometry": { "type": "MultiPolygon", "coordinates": [ [ [ [ 120.36098767993758, -2.642785614264653, 0.0 ], [ 120.360605641637108, -2.643094007082709, 0.0 ], [ 120.359738000908123, -2.642076773124529, 0.0 ], [ 120.359917512782999, -2.641968605366799, 0.0 ], [ 120.360387005655866, -2.641766078941316, 0.0 ], [ 120.360833483078864, -2.642447303700067, 0.0 ], [ 120.360755234866247, -2.642520948283106, 0.0 ], [ 120.36098767993758, -2.642785614264653, 0.0 ] ] ] ] } },
{ "type": "Feature", "properties": { "OBJECTID": 5286, "WADMPR": "Sulawesi Selatan", "WADMKK": "Kab. Luwu Utara", "WADMKC": "Kec. Masamba", "WADMKD": "Desa Pongo", "POKTAN": "Gapoktan Masagena", "K_POKTAN": "H. Kamaluddin", "P_SID": "Universitas Negeri Makassar", "NO_HP_1": "0813-5551-7977", "NAMA_PEMIL": "Pemerintah Desa", "N_PETAK": "PNB224", "LUAS_HA": 0.93513949476000002, "PAKET": "Paket Sulawesi Selatan 7" }, "geometry": { "type": "MultiPolygon", "coordinates": [ [ [ [ 120.349989190748602, -2.642155684137492, 0.0 ], [ 120.349367005582849, -2.642300579308255, 0.0 ], [ 120.349363188860139, -2.642357774391712, 0.0 ], [ 120.348607405807229, -2.642434034203291, 0.0 ], [ 120.348489074811027, -2.641736251127043, 0.0 ], [ 120.348920406751404, -2.641789633085068, 0.0 ], [ 120.349710543007177, -2.641720999524466, 0.0 ], [ 120.349744897109417, -2.641808697813133, 0.0 ], [ 120.349989190748602, -2.642155684137492, 0.0 ] ] ] ] } },
{ "type": "Feature", "properties": { "OBJECTID": 5287, "WADMPR": "Sulawesi Selatan", "WADMKK": "Kab. Luwu Utara", "WADMKC": "Kec. Masamba", "WADMKD": "Desa Pongo", "POKTAN": "Gapoktan Masagena", "K_POKTAN": "H. Kamaluddin", "P_SID": "Universitas Negeri Makassar", "NO_HP_1": "0813-5551-7977", "NAMA_PEMIL": "Pemerintah Desa", "N_PETAK": "PNB225", "LUAS_HA": 0.78494763998999995, "PAKET": "Paket Sulawesi Selatan 7" }, "geometry": { "type": "MultiPolygon", "coordinates": [ [ [ [ 120.359105106615402, -2.642430042112721, 0.0 ], [ 120.358847345628533, -2.642586539437218, 0.0 ], [ 120.358759891056138, -2.642756845851693, 0.0 ], [ 120.35845610186766, -2.642991593187446, 0.0 ], [ 120.358168423134316, -2.641997372880382, 0.0 ], [ 120.358649422832627, -2.641705091416782, 0.0 ], [ 120.359105106615402, -2.642430042112721, 0.0 ] ] ] ] } },
{ "type": "Feature", "properties": { "OBJECTID": 5288, "WADMPR": "Sulawesi Selatan", "WADMKK": "Kab. Luwu Utara", "WADMKC": "Kec. Masamba", "WADMKD": "Desa Pongo", "POKTAN": "Gapoktan Masagena", "K_POKTAN": "H. Kamaluddin", "P_SID": "Universitas Negeri Makassar", "NO_HP_1": "0813-5551-7977", "NAMA_PEMIL": "Pemerintah Desa", "N_PETAK": "PNB226", "LUAS_HA": 1.11200136247, "PAKET": "Paket Sulawesi Selatan 7" }, "geometry": { "type": "MultiPolygon", "coordinates": [ [ [ [ 120.343273462900015, -2.642272286636683, 0.0 ], [ 120.343208552532701, -2.641794199842423, 0.0 ], [ 120.344173228311888, -2.641661414042972, 0.0 ], [ 120.344685545101925, -2.641656720481194, 0.0 ], [ 120.344691271085367, -2.641751093538062, 0.0 ], [ 120.344634014847998, -2.641796849245168, 0.0 ], [ 120.344685545101925, -2.641956996018507, 0.0 ], [ 120.344645465915619, -2.642051369974695, 0.0 ], [ 120.344628288864556, -2.642125722324181, 0.0 ], [ 120.343660657913119, -2.642420279072553, 0.0 ], [ 120.343508928794108, -2.642548968460062, 0.0 ], [ 120.34337437672616, -2.642677657847571, 0.0 ], [ 120.343273462900015, -2.642272286636683, 0.0 ] ] ] ] } },
{ "type": "Feature", "properties": { "OBJECTID": 5289, "WADMPR": "Sulawesi Selatan", "WADMKK": "Kab. Luwu Utara", "WADMKC": "Kec. Masamba", "WADMKD": "Desa Pongo", "POKTAN": "Gapoktan Masagena", "K_POKTAN": "H. Kamaluddin", "P_SID": "Universitas Negeri Makassar", "NO_HP_1": "0813-5551-7977", "NAMA_PEMIL": "Pemerintah Desa", "N_PETAK": "PNB227", "LUAS_HA": 0.44760600127, "PAKET": "Paket Sulawesi Selatan 7" }, "geometry": { "type": "MultiPolygon", "coordinates": [ [ [ [ 120.357609749890116, -2.642428998899106, 0.0 ], [ 120.357342783442732, -2.642353052051647, 0.0 ], [ 120.35713842240034, -2.642156260602917, 0.0 ], [ 120.357099918826293, -2.642103947039459, 0.0 ], [ 120.357061415252133, -2.642051634375377, 0.0 ], [ 120.357022911678087, -2.641999320811976, 0.0 ], [ 120.35698440810404, -2.641947009047158, 0.0 ], [ 120.356945903630617, -2.641894693685117, 0.0 ], [ 120.357314015029829, -2.641584373619878, 0.0 ], [ 120.357814577680642, -2.642191951097629, 0.0 ], [ 120.357621256715674, -2.642290914294222, 0.0 ], [ 120.357609749890116, -2.642428998899106, 0.0 ] ] ] ] } },
{ "type": "Feature", "properties": { "OBJECTID": 5290, "WADMPR": "Sulawesi Selatan", "WADMKK": "Kab. Luwu Utara", "WADMKC": "Kec. Masamba", "WADMKD": "Desa Pongo", "POKTAN": "Gapoktan Masagena", "K_POKTAN": "H. Kamaluddin", "P_SID": "Universitas Negeri Makassar", "NO_HP_1": "0813-5551-7977", "NAMA_PEMIL": "Pemerintah Desa", "N_PETAK": "PNB228", "LUAS_HA": 0.55578796079000004, "PAKET": "Paket Sulawesi Selatan 7" }, "geometry": { "type": "MultiPolygon", "coordinates": [ [ [ [ 120.356945903630617, -2.641894693685117, 0.0 ], [ 120.356885533940272, -2.641927510845903, 0.0 ], [ 120.356825161552024, -2.64196032620805, 0.0 ], [ 120.356764790962416, -2.641993141570197, 0.0 ], [ 120.356702043464566, -2.642024759035337, 0.0 ], [ 120.356639295966829, -2.642056377399854, 0.0 ], [ 120.356576548468979, -2.642087995764371, 0.0 ], [ 120.356513800971243, -2.642119611430871, 0.0 ], [ 120.356463822947148, -2.642149271971277, 0.0 ], [ 120.356413848520333, -2.642178934310323, 0.0 ], [ 120.356363872294878, -2.642208594850729, 0.0 ], [ 120.356313896069537, -2.642238256290455, 0.0 ], [ 120.356245574573677, -2.642248337690603, 0.0 ], [ 120.355987813586808, -2.641594730212603, 0.0 ], [ 120.356483772608044, -2.641410039141931, 0.0 ], [ 120.356532678640292, -2.64155617987376, 0.0 ], [ 120.356739807795975, -2.641579195323573, 0.0 ], [ 120.356945903630617, -2.641894693685117, 0.0 ] ] ] ] } },
{ "type": "Feature", "properties": { "OBJECTID": 5291, "WADMPR": "Sulawesi Selatan", "WADMKK": "Kab. Luwu Utara", "WADMKC": "Kec. Masamba", "WADMKD": "Desa Pongo", "POKTAN": "Gapoktan Masagena", "K_POKTAN": "H. Kamaluddin", "P_SID": "Universitas Negeri Makassar", "NO_HP_1": "0813-5551-7977", "NAMA_PEMIL": "Pemerintah Desa", "N_PETAK": "PNB229", "LUAS_HA": 0.19678481724, "PAKET": "Paket Sulawesi Selatan 7" }, "geometry": { "type": "MultiPolygon", "coordinates": [ [ [ [ 120.343199029611583, -2.641824732725183, 0.0 ], [ 120.342842382769845, -2.641875627158413, 0.0 ], [ 120.342786109491385, -2.641419972153926, 0.0 ], [ 120.343121733781004, -2.641374318969611, 0.0 ], [ 120.343199029611583, -2.641824732725183, 0.0 ] ] ] ] } },
{ "type": "Feature", "properties": { "OBJECTID": 5292, "WADMPR": "Sulawesi Selatan", "WADMKK": "Kab. Luwu Utara", "WADMKC": "Kec. Masamba", "WADMKD": "Desa Pongo", "POKTAN": "Gapoktan Masagena", "K_POKTAN": "H. Kamaluddin", "P_SID": "Universitas Negeri Makassar", "NO_HP_1": "0813-5551-7977", "NAMA_PEMIL": "Pemerintah Desa", "N_PETAK": "PNB230", "LUAS_HA": 0.7455791973, "PAKET": "Paket Sulawesi Selatan 7" }, "geometry": { "type": "MultiPolygon", "coordinates": [ [ [ [ 120.351075806503331, -2.641818826877284, 0.0 ], [ 120.350110084812627, -2.642184877030388, 0.0 ], [ 120.349774180833833, -2.641713968624686, 0.0 ], [ 120.350812428350991, -2.641309788116189, 0.0 ], [ 120.351075806503331, -2.641818826877284, 0.0 ] ] ] ] } },
{ "type": "Feature", "properties": { "OBJECTID": 5293, "WADMPR": "Sulawesi Selatan", "WADMKK": "Kab. Luwu Utara", "WADMKC": "Kec. Masamba", "WADMKD": "Desa Pongo", "POKTAN": "Gapoktan Masagena", "K_POKTAN": "H. Kamaluddin", "P_SID": "Universitas Negeri Makassar", "NO_HP_1": "0813-5551-7977", "NAMA_PEMIL": "Pemerintah Desa", "N_PETAK": "PNB231", "LUAS_HA": 1.2120197931400001, "PAKET": "Paket Sulawesi Selatan 7" }, "geometry": { "type": "MultiPolygon", "coordinates": [ [ [ [ 120.342763165987435, -2.641234190205694, 0.0 ], [ 120.342785353161617, -2.641420075575979, 0.0 ], [ 120.342838315136191, -2.641876208120436, 0.0 ], [ 120.342898433915707, -2.642329482619459, 0.0 ], [ 120.343273462900015, -2.642272286636683, 0.0 ], [ 120.343377955128631, -2.642725559337066, 0.0 ], [ 120.343314257946759, -2.642754872739147, 0.0 ], [ 120.343241256378974, -2.6427677411383, 0.0 ], [ 120.343132468988301, -2.642846384153245, 0.0 ], [ 120.34285119792446, -2.642960061157851, 0.0 ], [ 120.342511238902603, -2.643115202304671, 0.0 ], [ 120.342370960851213, -2.641225610673359, 0.0 ], [ 120.342763165987435, -2.641234190205694, 0.0 ] ] ] ] } },
{ "type": "Feature", "properties": { "OBJECTID": 5294, "WADMPR": "Sulawesi Selatan", "WADMKK": "Kab. Luwu Utara", "WADMKC": "Kec. Masamba", "WADMKD": "Desa Pongo", "POKTAN": "Gapoktan Masagena", "K_POKTAN": "H. Kamaluddin", "P_SID": "Universitas Negeri Makassar", "NO_HP_1": "0813-5551-7977", "NAMA_PEMIL": "Pemerintah Desa", "N_PETAK": "PNB232", "LUAS_HA": 0.96999435005000001, "PAKET": "Paket Sulawesi Selatan 7" }, "geometry": { "type": "MultiPolygon", "coordinates": [ [ [ [ 120.359878388676748, -2.641903013313367, 0.0 ], [ 120.359105106615402, -2.642430042112721, 0.0 ], [ 120.358649422832627, -2.641705091416782, 0.0 ], [ 120.359388182618545, -2.641191871707463, 0.0 ], [ 120.359878388676748, -2.641903013313367, 0.0 ] ] ] ] } },
{ "type": "Feature", "properties": { "OBJECTID": 5295, "WADMPR": "Sulawesi Selatan", "WADMKK": "Kab. Luwu Utara", "WADMKC": "Kec. Masamba", "WADMKD": "Desa Pongo", "POKTAN": "Gapoktan Masagena", "K_POKTAN": "H. Kamaluddin", "P_SID": "Universitas Negeri Makassar", "NO_HP_1": "0813-5551-7977", "NAMA_PEMIL": "Pemerintah Desa", "N_PETAK": "PNB233", "LUAS_HA": 0.86019025067, "PAKET": "Paket Sulawesi Selatan 7" }, "geometry": { "type": "MultiPolygon", "coordinates": [ [ [ [ 120.35826105510364, -2.643199980494671, 0.0 ], [ 120.357892825893259, -2.642758104902555, 0.0 ], [ 120.357609749890116, -2.642428998899106, 0.0 ], [ 120.357621256715674, -2.642290914294222, 0.0 ], [ 120.357814577680642, -2.642191951097629, 0.0 ], [ 120.357314015029829, -2.641584373619878, 0.0 ], [ 120.357398018004233, -2.641514755301671, 0.0 ], [ 120.357807672686022, -2.641183347933122, 0.0 ], [ 120.358309385569783, -2.643149347764165, 0.0 ], [ 120.35826105510364, -2.643199980494671, 0.0 ] ] ] ] } },
{ "type": "Feature", "properties": { "OBJECTID": 5296, "WADMPR": "Sulawesi Selatan", "WADMKK": "Kab. Luwu Utara", "WADMKC": "Kec. Masamba", "WADMKD": "Desa Pongo", "POKTAN": "Gapoktan Masagena", "K_POKTAN": "H. Kamaluddin", "P_SID": "Universitas Negeri Makassar", "NO_HP_1": "0813-5551-7977", "NAMA_PEMIL": "Pemerintah Desa", "N_PETAK": "PNB234", "LUAS_HA": 0.66423628382, "PAKET": "Paket Sulawesi Selatan 7" }, "geometry": { "type": "MultiPolygon", "coordinates": [ [ [ [ 120.35168779245771, -2.642318213214935, 0.0 ], [ 120.351302267485721, -2.642409727326992, 0.0 ], [ 120.351201114439959, -2.642139002612851, 0.0 ], [ 120.35117057795992, -2.641982668065623, 0.0 ], [ 120.351101870654816, -2.641265817563408, 0.0 ], [ 120.351586640311211, -2.641149521732984, 0.0 ], [ 120.351617176791365, -2.641797735976695, 0.0 ], [ 120.35168779245771, -2.642318213214935, 0.0 ] ] ] ] } },
{ "type": "Feature", "properties": { "OBJECTID": 5297, "WADMPR": "Sulawesi Selatan", "WADMKK": "Kab. Luwu Utara", "WADMKC": "Kec. Masamba", "WADMKD": "Desa Pongo", "POKTAN": "Gapoktan Masagena", "K_POKTAN": "H. Kamaluddin", "P_SID": "Universitas Negeri Makassar", "NO_HP_1": "0813-5551-7977", "NAMA_PEMIL": "Pemerintah Desa", "N_PETAK": "PNB235", "LUAS_HA": 0.2969280633, "PAKET": "Paket Sulawesi Selatan 7" }, "geometry": { "type": "MultiPolygon", "coordinates": [ [ [ [ 120.350812428350991, -2.641309788116189, 0.0 ], [ 120.349774180833833, -2.641713968624686, 0.0 ], [ 120.349720742218551, -2.641447056136656, 0.0 ], [ 120.350774257526041, -2.641145827318041, 0.0 ], [ 120.350812428350991, -2.641309788116189, 0.0 ] ] ] ] } },
{ "type": "Feature", "properties": { "OBJECTID": 5298, "WADMPR": "Sulawesi Selatan", "WADMKK": "Kab. Luwu Utara", "WADMKC": "Kec. Masamba", "WADMKD": "Desa Pongo", "POKTAN": "Gapoktan Masagena", "K_POKTAN": "H. Kamaluddin", "P_SID": "Universitas Negeri Makassar", "NO_HP_1": "0813-5551-7977", "NAMA_PEMIL": "Pemerintah Desa", "N_PETAK": "PNB236", "LUAS_HA": 0.40467105835, "PAKET": "Paket Sulawesi Selatan 7" }, "geometry": { "type": "MultiPolygon", "coordinates": [ [ [ [ 120.358649422832627, -2.641705091416782, 0.0 ], [ 120.358168423134316, -2.641997372880382, 0.0 ], [ 120.357968198073991, -2.641106718500225, 0.0 ], [ 120.358133900858888, -2.641000852107595, 0.0 ], [ 120.358649422832627, -2.641705091416782, 0.0 ] ] ] ] } },
{ "type": "Feature", "properties": { "OBJECTID": 5299, "WADMPR": "Sulawesi Selatan", "WADMKK": "Kab. Luwu Utara", "WADMKC": "Kec. Masamba", "WADMKD": "Desa Pongo", "POKTAN": "Gapoktan Masagena", "K_POKTAN": "H. Kamaluddin", "P_SID": "Universitas Negeri Makassar", "NO_HP_1": "0813-5551-7977", "NAMA_PEMIL": "Pemerintah Desa", "N_PETAK": "PNB237", "LUAS_HA": 1.1896007768500001, "PAKET": "Paket Sulawesi Selatan 7" }, "geometry": { "type": "MultiPolygon", "coordinates": [ [ [ [ 120.352168745391396, -2.641044663480386, 0.0 ], [ 120.352390135996075, -2.642348717319408, 0.0 ], [ 120.351836659034689, -2.642701423331971, 0.0 ], [ 120.35168779245771, -2.642318213214935, 0.0 ], [ 120.351617176791365, -2.641797735976695, 0.0 ], [ 120.351586640311211, -2.641149521732984, 0.0 ], [ 120.352048506933102, -2.640997000311245, 0.0 ], [ 120.352168745391396, -2.641044663480386, 0.0 ] ] ] ] } },
{ "type": "Feature", "properties": { "OBJECTID": 5300, "WADMPR": "Sulawesi Selatan", "WADMKK": "Kab. Luwu Utara", "WADMKC": "Kec. Masamba", "WADMKD": "Desa Pongo", "POKTAN": "Gapoktan Masagena", "K_POKTAN": "H. Kamaluddin", "P_SID": "Universitas Negeri Makassar", "NO_HP_1": "0813-5551-7977", "NAMA_PEMIL": "Pemerintah Desa", "N_PETAK": "PNB238", "LUAS_HA": 0.94472307766999997, "PAKET": "Paket Sulawesi Selatan 7" }, "geometry": { "type": "MultiPolygon", "coordinates": [ [ [ [ 120.353004686816917, -2.64211231073449, 0.0 ], [ 120.352390135996075, -2.642348717319408, 0.0 ], [ 120.352168745391396, -2.641044663480386, 0.0 ], [ 120.352439758787909, -2.640991280623041, 0.0 ], [ 120.352733674319666, -2.64095696339308, 0.0 ], [ 120.353004686816917, -2.64211231073449, 0.0 ] ] ] ] } },
{ "type": "Feature", "properties": { "OBJECTID": 5301, "WADMPR": "Sulawesi Selatan", "WADMKK": "Kab. Luwu Utara", "WADMKC": "Kec. Masamba", "WADMKD": "Desa Pongo", "POKTAN": "Gapoktan Masagena", "K_POKTAN": "H. Kamaluddin", "P_SID": "Universitas Negeri Makassar", "NO_HP_1": "0813-5551-7977", "NAMA_PEMIL": "Pemerintah Desa", "N_PETAK": "PNB239", "LUAS_HA": 0.9323035964, "PAKET": "Paket Sulawesi Selatan 7" }, "geometry": { "type": "MultiPolygon", "coordinates": [ [ [ [ 120.353004686816917, -2.64211231073449, 0.0 ], [ 120.352733674319666, -2.64095696339308, 0.0 ], [ 120.353184089873935, -2.640895954284815, 0.0 ], [ 120.353294785625963, -2.641056101058155, 0.0 ], [ 120.353550530332768, -2.641361144800953, 0.0 ], [ 120.353874982344678, -2.641799642539411, 0.0 ], [ 120.353336773173623, -2.641963603337558, 0.0 ], [ 120.353004686816917, -2.64211231073449, 0.0 ] ] ] ] } },
{ "type": "Feature", "properties": { "OBJECTID": 5302, "WADMPR": "Sulawesi Selatan", "WADMKK": "Kab. Luwu Utara", "WADMKC": "Kec. Masamba", "WADMKD": "Desa Pongo", "POKTAN": "Gapoktan Masagena", "K_POKTAN": "H. Kamaluddin", "P_SID": "Universitas Negeri Makassar", "NO_HP_1": "0813-5551-7977", "NAMA_PEMIL": "Pemerintah Desa", "N_PETAK": "PNB240", "LUAS_HA": 0.88216392012, "PAKET": "Paket Sulawesi Selatan 7" }, "geometry": { "type": "MultiPolygon", "coordinates": [ [ [ [ 120.349575036758552, -2.640895954284815, 0.0 ], [ 120.349689548334027, -2.641666186745056, 0.0 ], [ 120.34893376618038, -2.64172338092925, 0.0 ], [ 120.348949034870088, -2.641582298883918, 0.0 ], [ 120.34857496096572, -2.641090418288115, 0.0 ], [ 120.348723826643322, -2.640857824828686, 0.0 ], [ 120.349575036758552, -2.640895954284815, 0.0 ] ] ] ] } },
{ "type": "Feature", "properties": { "OBJECTID": 5303, "WADMPR": "Sulawesi Selatan", "WADMKK": "Kab. Luwu Utara", "WADMKC": "Kec. Masamba", "WADMKD": "Desa Pongo", "POKTAN": "Gapoktan Masagena", "K_POKTAN": "H. Kamaluddin", "P_SID": "Universitas Negeri Makassar", "NO_HP_1": "0813-5551-7977", "NAMA_PEMIL": "Pemerintah Desa", "N_PETAK": "PNB241", "LUAS_HA": 0.46451430785999998, "PAKET": "Paket Sulawesi Selatan 7" }, "geometry": { "type": "MultiPolygon", "coordinates": [ [ [ [ 120.356483772608044, -2.641410039141931, 0.0 ], [ 120.355987813586808, -2.641594730212603, 0.0 ], [ 120.355911291173243, -2.641618320329201, 0.0 ], [ 120.355729477933096, -2.641763309928763, 0.0 ], [ 120.35567884610191, -2.641673553991268, 0.0 ], [ 120.355777808399239, -2.641627525789659, 0.0 ], [ 120.355747889753388, -2.641505548941893, 0.0 ], [ 120.3558629607071, -2.641466424835585, 0.0 ], [ 120.355844549786184, -2.641397381184163, 0.0 ], [ 120.355941209819093, -2.641362860707432, 0.0 ], [ 120.355920496633644, -2.641245487489186, 0.0 ], [ 120.355814630241071, -2.641268502039679, 0.0 ], [ 120.355761697944104, -2.641024549243525, 0.0 ], [ 120.3562841240132, -2.640838133273178, 0.0 ], [ 120.356483772608044, -2.641410039141931, 0.0 ] ] ] ] } },
{ "type": "Feature", "properties": { "OBJECTID": 5304, "WADMPR": "Sulawesi Selatan", "WADMKK": "Kab. Luwu Utara", "WADMKC": "Kec. Masamba", "WADMKD": "Desa Pongo", "POKTAN": "Gapoktan Masagena", "K_POKTAN": "H. Kamaluddin", "P_SID": "Universitas Negeri Makassar", "NO_HP_1": "0813-5551-7977", "NAMA_PEMIL": "Pemerintah Desa", "N_PETAK": "PNB242", "LUAS_HA": 0.73030112791000001, "PAKET": "Paket Sulawesi Selatan 7" }, "geometry": { "type": "MultiPolygon", "coordinates": [ [ [ [ 120.348723826643322, -2.640857824828686, 0.0 ], [ 120.34857496096572, -2.641090418288115, 0.0 ], [ 120.348949034870088, -2.641582298883918, 0.0 ], [ 120.34893376618038, -2.64172338092925, 0.0 ], [ 120.348334484049246, -2.641681439246952, 0.0 ], [ 120.348223789196595, -2.641528917825269, 0.0 ], [ 120.34804056851749, -2.64121624963019, 0.0 ], [ 120.347910788252307, -2.640945524016672, 0.0 ], [ 120.347903153907509, -2.640781564117844, 0.0 ], [ 120.348723826643322, -2.640857824828686, 0.0 ] ] ] ] } },
{ "type": "Feature", "properties": { "OBJECTID": 5305, "WADMPR": "Sulawesi Selatan", "WADMKK": "Kab. Luwu Utara", "WADMKC": "Kec. Masamba", "WADMKD": "Desa Pongo", "POKTAN": "Gapoktan Masagena", "K_POKTAN": "H. Kamaluddin", "P_SID": "Universitas Negeri Makassar", "NO_HP_1": "0813-5551-7977", "NAMA_PEMIL": "Pemerintah Desa", "N_PETAK": "PNB243", "LUAS_HA": 0.35016257107999998, "PAKET": "Paket Sulawesi Selatan 7" }, "geometry": { "type": "MultiPolygon", "coordinates": [ [ [ [ 120.342834371609001, -2.640682962448693, 0.0 ], [ 120.34280443227874, -2.641305536121536, 0.0 ], [ 120.343118911708416, -2.641292897948858, 0.0 ], [ 120.343121733781004, -2.641374318969611, 0.0 ], [ 120.342786109491385, -2.641419972153926, 0.0 ], [ 120.342763165987435, -2.641234190205694, 0.0 ], [ 120.342370960851213, -2.641225610673359, 0.0 ], [ 120.342378028623216, -2.640665631613558, 0.0 ], [ 120.342834371609001, -2.640682962448693, 0.0 ] ] ] ] } },
{ "type": "Feature", "properties": { "OBJECTID": 5306, "WADMPR": "Sulawesi Selatan", "WADMKK": "Kab. Luwu Utara", "WADMKC": "Kec. Masamba", "WADMKD": "Desa Pongo", "POKTAN": "Gapoktan Masagena", "K_POKTAN": "H. Kamaluddin", "P_SID": "Universitas Negeri Makassar", "NO_HP_1": "0813-5551-7977", "NAMA_PEMIL": "Pemerintah Desa", "N_PETAK": "PNB244", "LUAS_HA": 0.92713762945, "PAKET": "Paket Sulawesi Selatan 7" }, "geometry": { "type": "MultiPolygon", "coordinates": [ [ [ [ 120.350774257526041, -2.641145827318041, 0.0 ], [ 120.349720742218551, -2.641447056136656, 0.0 ], [ 120.349613863189347, -2.64065013359675, 0.0 ], [ 120.350330342271491, -2.64058614503449, 0.0 ], [ 120.350675012841634, -2.640554807258525, 0.0 ], [ 120.350774257526041, -2.641145827318041, 0.0 ] ] ] ] } },
{ "type": "Feature", "properties": { "OBJECTID": 5307, "WADMPR": "Sulawesi Selatan", "WADMKK": "Kab. Luwu Utara", "WADMKC": "Kec. Masamba", "WADMKD": "Desa Pongo", "POKTAN": "Gapoktan Masagena", "K_POKTAN": "H. Kamaluddin", "P_SID": "Universitas Negeri Makassar", "NO_HP_1": "0813-5551-7977", "NAMA_PEMIL": "Pemerintah Desa", "N_PETAK": "PNB245", "LUAS_HA": 1.06536109064, "PAKET": "Paket Sulawesi Selatan 7" }, "geometry": { "type": "MultiPolygon", "coordinates": [ [ [ [ 120.357398018004233, -2.641514755301671, 0.0 ], [ 120.357314015029829, -2.641584373619878, 0.0 ], [ 120.356945903630617, -2.641894693685117, 0.0 ], [ 120.356739807795975, -2.641579195323573, 0.0 ], [ 120.356532678640292, -2.64155617987376, 0.0 ], [ 120.356483772608044, -2.641410039141931, 0.0 ], [ 120.3562841240132, -2.640838133273178, 0.0 ], [ 120.357052801545592, -2.640538947714219, 0.0 ], [ 120.357398018004233, -2.641514755301671, 0.0 ] ] ] ] } },
{ "type": "Feature", "properties": { "OBJECTID": 5308, "WADMPR": "Sulawesi Selatan", "WADMKK": "Kab. Luwu Utara", "WADMKC": "Kec. Masamba", "WADMKD": "Desa Pongo", "POKTAN": "Gapoktan Masagena", "K_POKTAN": "H. Kamaluddin", "P_SID": "Universitas Negeri Makassar", "NO_HP_1": "0813-5551-7977", "NAMA_PEMIL": "Pemerintah Desa", "N_PETAK": "PNB246", "LUAS_HA": 0.26876233613, "PAKET": "Paket Sulawesi Selatan 7" }, "geometry": { "type": "MultiPolygon", "coordinates": [ [ [ [ 120.351075806503331, -2.641818826877284, 0.0 ], [ 120.350812428350991, -2.641309788116189, 0.0 ], [ 120.350774257526041, -2.641145827318041, 0.0 ], [ 120.350675012841634, -2.640554807258525, 0.0 ], [ 120.350907855413311, -2.64053574253046, 0.0 ], [ 120.351075806503331, -2.641818826877284, 0.0 ] ] ] ] } },
{ "type": "Feature", "properties": { "OBJECTID": 5309, "WADMPR": "Sulawesi Selatan", "WADMKK": "Kab. Luwu Utara", "WADMKC": "Kec. Masamba", "WADMKD": "Desa Pongo", "POKTAN": "Gapoktan Masagena", "K_POKTAN": "H. Kamaluddin", "P_SID": "Universitas Negeri Makassar", "NO_HP_1": "0813-5551-7977", "NAMA_PEMIL": "Pemerintah Desa", "N_PETAK": "PNB247", "LUAS_HA": 0.39095593282000002, "PAKET": "Paket Sulawesi Selatan 7" }, "geometry": { "type": "MultiPolygon", "coordinates": [ [ [ [ 120.351586640311211, -2.641149521732984, 0.0 ], [ 120.351101870654816, -2.641265817563408, 0.0 ], [ 120.351031254089207, -2.640564220462352, 0.0 ], [ 120.351493121610361, -2.640510838504326, 0.0 ], [ 120.351512207022779, -2.640773937866868, 0.0 ], [ 120.351586640311211, -2.641149521732984, 0.0 ] ] ] ] } },
{ "type": "Feature", "properties": { "OBJECTID": 5310, "WADMPR": "Sulawesi Selatan", "WADMKK": "Kab. Luwu Utara", "WADMKC": "Kec. Masamba", "WADMKD": "Desa Pongo", "POKTAN": "Gapoktan Masagena", "K_POKTAN": "H. Kamaluddin", "P_SID": "Universitas Negeri Makassar", "NO_HP_1": "0813-5551-7977", "NAMA_PEMIL": "Pemerintah Desa", "N_PETAK": "PNB248", "LUAS_HA": 0.49848426388, "PAKET": "Paket Sulawesi Selatan 7" }, "geometry": { "type": "MultiPolygon", "coordinates": [ [ [ [ 120.356234067748119, -2.640740323007435, 0.0 ], [ 120.355755369414851, -2.640942849432918, 0.0 ], [ 120.355566651180084, -2.640975069443869, 0.0 ], [ 120.35543777113628, -2.641048714926228, 0.0 ], [ 120.355235244710798, -2.64082777668051, 0.0 ], [ 120.355143187408203, -2.640666675726436, 0.0 ], [ 120.356068364063844, -2.640362887437277, 0.0 ], [ 120.356234067748119, -2.640740323007435, 0.0 ] ] ] ] } },
{ "type": "Feature", "properties": { "OBJECTID": 5311, "WADMPR": "Sulawesi Selatan", "WADMKK": "Kab. Luwu Utara", "WADMKC": "Kec. Masamba", "WADMKD": "Desa Pongo", "POKTAN": "Gapoktan Masagena", "K_POKTAN": "H. Kamaluddin", "P_SID": "Universitas Negeri Makassar", "NO_HP_1": "0813-5551-7977", "NAMA_PEMIL": "Pemerintah Desa", "N_PETAK": "PNB249", "LUAS_HA": 1.00322968788, "PAKET": "Paket Sulawesi Selatan 7" }, "geometry": { "type": "MultiPolygon", "coordinates": [ [ [ [ 120.349540682656425, -2.64041551306542, 0.0 ], [ 120.349575036758552, -2.640895954284815, 0.0 ], [ 120.348723826643322, -2.640857824828686, 0.0 ], [ 120.347903153907509, -2.640781564117844, 0.0 ], [ 120.347937507110373, -2.640297308873642, 0.0 ], [ 120.348300130846383, -2.640312561375538, 0.0 ], [ 120.349540682656425, -2.64041551306542, 0.0 ] ] ] ] } },
{ "type": "Feature", "properties": { "OBJECTID": 5312, "WADMPR": "Sulawesi Selatan", "WADMKK": "Kab. Luwu Utara", "WADMKC": "Kec. Masamba", "WADMKD": "Desa Pongo", "POKTAN": "Gapoktan Masagena", "K_POKTAN": "H. Kamaluddin", "P_SID": "Universitas Negeri Makassar", "NO_HP_1": "0813-5551-7977", "NAMA_PEMIL": "Pemerintah Desa", "N_PETAK": "PNB250", "LUAS_HA": 0.35417629627000002, "PAKET": "Paket Sulawesi Selatan 7" }, "geometry": { "type": "MultiPolygon", "coordinates": [ [ [ [ 120.350330342271491, -2.64058614503449, 0.0 ], [ 120.349613863189347, -2.64065013359675, 0.0 ], [ 120.349575513399259, -2.640275384301503, 0.0 ], [ 120.350270223492089, -2.640157179210405, 0.0 ], [ 120.350330342271491, -2.64058614503449, 0.0 ] ] ] ] } },
{ "type": "Feature", "properties": { "OBJECTID": 5313, "WADMPR": "Sulawesi Selatan", "WADMKK": "Kab. Luwu Utara", "WADMKC": "Kec. Masamba", "WADMKD": "Desa Pongo", "POKTAN": "Gapoktan Masagena", "K_POKTAN": "H. Kamaluddin", "P_SID": "Universitas Negeri Makassar", "NO_HP_1": "0813-5551-7977", "NAMA_PEMIL": "Pemerintah Desa", "N_PETAK": "PNB251", "LUAS_HA": 0.73022552411999997, "PAKET": "Paket Sulawesi Selatan 7" }, "geometry": { "type": "MultiPolygon", "coordinates": [ [ [ [ 120.357807672686022, -2.641183347933122, 0.0 ], [ 120.357398018004233, -2.641514755301671, 0.0 ], [ 120.357052801545592, -2.640538947714219, 0.0 ], [ 120.357872111808547, -2.640051042121854, 0.0 ], [ 120.357711012653226, -2.640382449490403, 0.0 ], [ 120.357669587181817, -2.640677032319161, 0.0 ], [ 120.357807672686022, -2.641183347933122, 0.0 ] ] ] ] } },
{ "type": "Feature", "properties": { "OBJECTID": 5314, "WADMPR": "Sulawesi Selatan", "WADMKK": "Kab. Luwu Utara", "WADMKC": "Kec. Masamba", "WADMKD": "Desa Pongo", "POKTAN": "Gapoktan Masagena", "K_POKTAN": "H. Kamaluddin", "P_SID": "Universitas Negeri Makassar", "NO_HP_1": "0813-5551-7977", "NAMA_PEMIL": "Pemerintah Desa", "N_PETAK": "PNB252", "LUAS_HA": 0.46611327486999998, "PAKET": "Paket Sulawesi Selatan 7" }, "geometry": { "type": "MultiPolygon", "coordinates": [ [ [ [ 120.356068364063844, -2.640362887437277, 0.0 ], [ 120.355143187408203, -2.640666675726436, 0.0 ], [ 120.354931455522319, -2.640330667426326, 0.0 ], [ 120.355934881289841, -2.640022275507533, 0.0 ], [ 120.356068364063844, -2.640362887437277, 0.0 ] ] ] ] } },
{ "type": "Feature", "properties": { "OBJECTID": 5315, "WADMPR": "Sulawesi Selatan", "WADMKK": "Kab. Luwu Utara", "WADMKC": "Kec. Masamba", "WADMKD": "Desa Pongo", "POKTAN": "Gapoktan Masagena", "K_POKTAN": "H. Kamaluddin", "P_SID": "Universitas Negeri Makassar", "NO_HP_1": "0813-5551-7977", "NAMA_PEMIL": "Pemerintah Desa", "N_PETAK": "PNB253", "LUAS_HA": 0.79810642969000001, "PAKET": "Paket Sulawesi Selatan 7" }, "geometry": { "type": "MultiPolygon", "coordinates": [ [ [ [ 120.351925405932775, -2.639977013528323, 0.0 ], [ 120.352328108855204, -2.640033256229742, 0.0 ], [ 120.352509420273577, -2.640068526741061, 0.0 ], [ 120.353184089873935, -2.640895954284815, 0.0 ], [ 120.352439758787909, -2.640991280623041, 0.0 ], [ 120.351851927724397, -2.639965574151859, 0.0 ], [ 120.351925405932775, -2.639977013528323, 0.0 ] ] ] ] } },
{ "type": "Feature", "properties": { "OBJECTID": 5316, "WADMPR": "Sulawesi Selatan", "WADMKK": "Kab. Luwu Utara", "WADMKC": "Kec. Masamba", "WADMKD": "Desa Pongo", "POKTAN": "Gapoktan Masagena", "K_POKTAN": "H. Kamaluddin", "P_SID": "Universitas Negeri Makassar", "NO_HP_1": "0813-5551-7977", "NAMA_PEMIL": "Pemerintah Desa", "N_PETAK": "PNB254", "LUAS_HA": 0.72742263992, "PAKET": "Paket Sulawesi Selatan 7" }, "geometry": { "type": "MultiPolygon", "coordinates": [ [ [ [ 120.349449073216192, -2.639977013528323, 0.0 ], [ 120.349540682656425, -2.64041551306542, 0.0 ], [ 120.348300130846383, -2.640312561375538, 0.0 ], [ 120.347937507110373, -2.640297308873642, 0.0 ], [ 120.34794514145517, -2.640099030845533, 0.0 ], [ 120.347979495557297, -2.639938883172874, 0.0 ], [ 120.348952851592912, -2.639980826653755, 0.0 ], [ 120.349449073216192, -2.639977013528323, 0.0 ] ] ] ] } },
{ "type": "Feature", "properties": { "OBJECTID": 5317, "WADMPR": "Sulawesi Selatan", "WADMKK": "Kab. Luwu Utara", "WADMKC": "Kec. Masamba", "WADMKD": "Desa Pongo", "POKTAN": "Gapoktan Masagena", "K_POKTAN": "H. Kamaluddin", "P_SID": "Universitas Negeri Makassar", "NO_HP_1": "0813-5551-7977", "NAMA_PEMIL": "Pemerintah Desa", "N_PETAK": "PNB255", "LUAS_HA": 0.39238215801999998, "PAKET": "Paket Sulawesi Selatan 7" }, "geometry": { "type": "MultiPolygon", "coordinates": [ [ [ [ 120.351851927724397, -2.639965574151859, 0.0 ], [ 120.352439758787909, -2.640991280623041, 0.0 ], [ 120.352168745391396, -2.641044663480386, 0.0 ], [ 120.352048506933102, -2.640997000311245, 0.0 ], [ 120.351832842311865, -2.640411699939932, 0.0 ], [ 120.35161526843001, -2.639900753716745, 0.0 ], [ 120.351851927724397, -2.639965574151859, 0.0 ] ] ] ] } },
{ "type": "Feature", "properties": { "OBJECTID": 5318, "WADMPR": "Sulawesi Selatan", "WADMKK": "Kab. Luwu Utara", "WADMKC": "Kec. Masamba", "WADMKD": "Desa Pongo", "POKTAN": "Gapoktan Masagena", "K_POKTAN": "H. Kamaluddin", "P_SID": "Universitas Negeri Makassar", "NO_HP_1": "0813-5551-7977", "NAMA_PEMIL": "Pemerintah Desa", "N_PETAK": "PNB256", "LUAS_HA": 0.51590112072000005, "PAKET": "Paket Sulawesi Selatan 7" }, "geometry": { "type": "MultiPolygon", "coordinates": [ [ [ [ 120.35161526843001, -2.639900753716745, 0.0 ], [ 120.352048506933102, -2.640997000311245, 0.0 ], [ 120.351586640311211, -2.641149521732984, 0.0 ], [ 120.351512207022779, -2.640773937866868, 0.0 ], [ 120.351493121610361, -2.640510838504326, 0.0 ], [ 120.351428231028081, -2.639858810235864, 0.0 ], [ 120.35161526843001, -2.639900753716745, 0.0 ] ] ] ] } },
{ "type": "Feature", "properties": { "OBJECTID": 5319, "WADMPR": "Sulawesi Selatan", "WADMKK": "Kab. Luwu Utara", "WADMKC": "Kec. Masamba", "WADMKD": "Desa Pongo", "POKTAN": "Gapoktan Masagena", "K_POKTAN": "H. Kamaluddin", "P_SID": "Universitas Negeri Makassar", "NO_HP_1": "0813-5551-7977", "NAMA_PEMIL": "Pemerintah Desa", "N_PETAK": "PNB257", "LUAS_HA": 0.30351397785000001, "PAKET": "Paket Sulawesi Selatan 7" }, "geometry": { "type": "MultiPolygon", "coordinates": [ [ [ [ 120.357876140771396, -2.640685556093501, 0.0 ], [ 120.357894551692311, -2.640473824207561, 0.0 ], [ 120.358030336730735, -2.640209158226014, 0.0 ], [ 120.358136203123308, -2.639914575397313, 0.0 ], [ 120.358262781801955, -2.639850135375411, 0.0 ], [ 120.358527446884182, -2.640271297782135, 0.0 ], [ 120.357876140771396, -2.640685556093501, 0.0 ] ] ] ] } },
{ "type": "Feature", "properties": { "OBJECTID": 5320, "WADMPR": "Sulawesi Selatan", "WADMKK": "Kab. Luwu Utara", "WADMKC": "Kec. Masamba", "WADMKD": "Desa Pongo", "POKTAN": "Gapoktan Masagena", "K_POKTAN": "H. Kamaluddin", "P_SID": "Universitas Negeri Makassar", "NO_HP_1": "0813-5551-7977", "NAMA_PEMIL": "Pemerintah Desa", "N_PETAK": "PNB258", "LUAS_HA": 0.32750175512000002, "PAKET": "Paket Sulawesi Selatan 7" }, "geometry": { "type": "MultiPolygon", "coordinates": [ [ [ [ 120.350270223492089, -2.640157179210405, 0.0 ], [ 120.349575513399259, -2.640275384301503, 0.0 ], [ 120.349502035190881, -2.639885976956236, 0.0 ], [ 120.350253046441026, -2.639821156521123, 0.0 ], [ 120.350270223492089, -2.640157179210405, 0.0 ] ] ] ] } },
{ "type": "Feature", "properties": { "OBJECTID": 5321, "WADMPR": "Sulawesi Selatan", "WADMKK": "Kab. Luwu Utara", "WADMKC": "Kec. Masamba", "WADMKD": "Desa Pongo", "POKTAN": "Gapoktan Masagena", "K_POKTAN": "H. Kamaluddin", "P_SID": "Universitas Negeri Makassar", "NO_HP_1": "0813-5551-7977", "NAMA_PEMIL": "Pemerintah Desa", "N_PETAK": "PNB259", "LUAS_HA": 0.4206496975, "PAKET": "Paket Sulawesi Selatan 7" }, "geometry": { "type": "MultiPolygon", "coordinates": [ [ [ [ 120.351428231028081, -2.639858810235864, 0.0 ], [ 120.351493121610361, -2.640510838504326, 0.0 ], [ 120.351031254089207, -2.640564220462352, 0.0 ], [ 120.350954912439306, -2.639801614253031, 0.0 ], [ 120.351325169620964, -2.6397978011276, 0.0 ], [ 120.351428231028081, -2.639858810235864, 0.0 ] ] ] ] } },
{ "type": "Feature", "properties": { "OBJECTID": 5322, "WADMPR": "Sulawesi Selatan", "WADMKK": "Kab. Luwu Utara", "WADMKC": "Kec. Masamba", "WADMKD": "Desa Pongo", "POKTAN": "Gapoktan Masagena", "K_POKTAN": "H. Kamaluddin", "P_SID": "Universitas Negeri Makassar", "NO_HP_1": "0813-5551-7977", "NAMA_PEMIL": "Pemerintah Desa", "N_PETAK": "PNB260", "LUAS_HA": 0.58048105482000001, "PAKET": "Paket Sulawesi Selatan 7" }, "geometry": { "type": "MultiPolygon", "coordinates": [ [ [ [ 120.350907855413311, -2.64053574253046, 0.0 ], [ 120.350675012841634, -2.640554807258525, 0.0 ], [ 120.350330342271491, -2.64058614503449, 0.0 ], [ 120.350270223492089, -2.640157179210405, 0.0 ], [ 120.350253046441026, -2.639821156521123, 0.0 ], [ 120.35063093796748, -2.639763960538289, 0.0 ], [ 120.35085996291707, -2.639756335186689, 0.0 ], [ 120.350907855413311, -2.64053574253046, 0.0 ] ] ] ] } },
{ "type": "Feature", "properties": { "OBJECTID": 5323, "WADMPR": "Sulawesi Selatan", "WADMKK": "Kab. Luwu Utara", "WADMKC": "Kec. Masamba", "WADMKD": "Desa Pongo", "POKTAN": "Gapoktan Masagena", "K_POKTAN": "H. Kamaluddin", "P_SID": "Universitas Negeri Makassar", "NO_HP_1": "0813-5551-7977", "NAMA_PEMIL": "Pemerintah Desa", "N_PETAK": "PNB261", "LUAS_HA": 0.47599964163000003, "PAKET": "Paket Sulawesi Selatan 7" }, "geometry": { "type": "MultiPolygon", "coordinates": [ [ [ [ 120.349449073216192, -2.639977013528323, 0.0 ], [ 120.347979495557297, -2.639938883172874, 0.0 ], [ 120.348032934172579, -2.639662438770472, 0.0 ], [ 120.348643668270711, -2.639692942874944, 0.0 ], [ 120.348845973462971, -2.639704382251409, 0.0 ], [ 120.349338377464164, -2.639647187167895, 0.0 ], [ 120.349449073216192, -2.639977013528323, 0.0 ] ] ] ] } },
{ "type": "Feature", "properties": { "OBJECTID": 5324, "WADMPR": "Sulawesi Selatan", "WADMKK": "Kab. Luwu Utara", "WADMKC": "Kec. Masamba", "WADMKD": "Desa Pongo", "POKTAN": "Gapoktan Masagena", "K_POKTAN": "H. Kamaluddin", "P_SID": "Universitas Negeri Makassar", "NO_HP_1": "0813-5551-7977", "NAMA_PEMIL": "Pemerintah Desa", "N_PETAK": "PNB262", "LUAS_HA": 0.65612215298999998, "PAKET": "Paket Sulawesi Selatan 7" }, "geometry": { "type": "MultiPolygon", "coordinates": [ [ [ [ 120.355934881289841, -2.640022275507533, 0.0 ], [ 120.354931455522319, -2.640330667426326, 0.0 ], [ 120.354848603680125, -2.640063700079622, 0.0 ], [ 120.354802575478516, -2.639778322711379, 0.0 ], [ 120.355819809436753, -2.639589605375932, 0.0 ], [ 120.355934881289841, -2.640022275507533, 0.0 ] ] ] ] } },
{ "type": "Feature", "properties": { "OBJECTID": 5325, "WADMPR": "Sulawesi Selatan", "WADMKK": "Kab. Luwu Utara", "WADMKC": "Kec. Masamba", "WADMKD": "Desa Pongo", "POKTAN": "Gapoktan Masagena", "K_POKTAN": "H. Kamaluddin", "P_SID": "Universitas Negeri Makassar", "NO_HP_1": "0813-5551-7977", "NAMA_PEMIL": "Pemerintah Desa", "N_PETAK": "PNB263", "LUAS_HA": 1.3102229895899999, "PAKET": "Paket Sulawesi Selatan 7" }, "geometry": { "type": "MultiPolygon", "coordinates": [ [ [ [ 120.359130422531052, -2.639725858061865, 0.0 ], [ 120.359397388978437, -2.640202254130656, 0.0 ], [ 120.358133900858888, -2.641000852107595, 0.0 ], [ 120.357968198073991, -2.641106718500225, 0.0 ], [ 120.357876140771396, -2.640685556093501, 0.0 ], [ 120.358527446884182, -2.640271297782135, 0.0 ], [ 120.358262781801955, -2.639850135375411, 0.0 ], [ 120.35892789610557, -2.639408258883975, 0.0 ], [ 120.359130422531052, -2.639725858061865, 0.0 ] ] ] ] } },
{ "type": "Feature", "properties": { "OBJECTID": 5326, "WADMPR": "Sulawesi Selatan", "WADMKK": "Kab. Luwu Utara", "WADMKC": "Kec. Masamba", "WADMKD": "Desa Pongo", "POKTAN": "Gapoktan Masagena", "K_POKTAN": "H. Kamaluddin", "P_SID": "Universitas Negeri Makassar", "NO_HP_1": "0813-5551-7977", "NAMA_PEMIL": "Pemerintah Desa", "N_PETAK": "PNB264", "LUAS_HA": 1.8148274449899999, "PAKET": "Paket Sulawesi Selatan 7" }, "geometry": { "type": "MultiPolygon", "coordinates": [ [ [ [ 120.357485472576514, -2.640170717604462, 0.0 ], [ 120.357145435313669, -2.640349078347242, 0.0 ], [ 120.356234067748119, -2.640740323007435, 0.0 ], [ 120.356068364063844, -2.640362887437277, 0.0 ], [ 120.355934881289841, -2.640022275507533, 0.0 ], [ 120.355819809436753, -2.639589605375932, 0.0 ], [ 120.355783303256885, -2.63953138956191, 0.0 ], [ 120.356694679815632, -2.639415464252238, 0.0 ], [ 120.357098831545954, -2.639374421892001, 0.0 ], [ 120.357485472576514, -2.640170717604462, 0.0 ] ] ] ] } },
{ "type": "Feature", "properties": { "OBJECTID": 5327, "WADMPR": "Sulawesi Selatan", "WADMKK": "Kab. Luwu Utara", "WADMKC": "Kec. Masamba", "WADMKD": "Desa Pongo", "POKTAN": "Gapoktan Masagena", "K_POKTAN": "H. Kamaluddin", "P_SID": "Universitas Negeri Makassar", "NO_HP_1": "0813-5551-7977", "NAMA_PEMIL": "Pemerintah Desa", "N_PETAK": "PNB265", "LUAS_HA": 3.1005821558500002, "PAKET": "Paket Sulawesi Selatan 7" }, "geometry": { "type": "MultiPolygon", "coordinates": [ [ [ [ 120.360290344723694, -2.639387546597959, 0.0 ], [ 120.360285741993494, -2.639546346186876, 0.0 ], [ 120.359673560886222, -2.63996980905938, 0.0 ], [ 120.359979651439858, -2.640457713752426, 0.0 ], [ 120.360069407377296, -2.640384068270066, 0.0 ], [ 120.360294947453895, -2.640816737502405, 0.0 ], [ 120.359827756845561, -2.640855861608657, 0.0 ], [ 120.359929019608671, -2.641083703949732, 0.0 ], [ 120.359892196867463, -2.641127429886922, 0.0 ], [ 120.360292646088851, -2.641728105967275, 0.0 ], [ 120.359878388676748, -2.641903013313367, 0.0 ], [ 120.359388182618545, -2.641191871707463, 0.0 ], [ 120.358649422832627, -2.641705091416782, 0.0 ], [ 120.358133900858888, -2.641000852107595, 0.0 ], [ 120.359397388978437, -2.640202254130656, 0.0 ], [ 120.359130422531052, -2.639725858061865, 0.0 ], [ 120.35947563719094, -2.639514126175925, 0.0 ], [ 120.359857675491412, -2.639302393390722, 0.0 ], [ 120.360290344723694, -2.639387546597959, 0.0 ] ] ] ] } },
{ "type": "Feature", "properties": { "OBJECTID": 5328, "WADMPR": "Sulawesi Selatan", "WADMKK": "Kab. Luwu Utara", "WADMKC": "Kec. Masamba", "WADMKD": "Desa Pongo", "POKTAN": "Gapoktan Masagena", "K_POKTAN": "H. Kamaluddin", "P_SID": "Universitas Negeri Makassar", "NO_HP_1": "0813-5551-7977", "NAMA_PEMIL": "Pemerintah Desa", "N_PETAK": "PNB266", "LUAS_HA": 0.50502705856999996, "PAKET": "Paket Sulawesi Selatan 7" }, "geometry": { "type": "MultiPolygon", "coordinates": [ [ [ [ 120.350253046441026, -2.639821156521123, 0.0 ], [ 120.349502035190881, -2.639885976956236, 0.0 ], [ 120.349318813612399, -2.639312115961332, 0.0 ], [ 120.349929548609794, -2.639239667476602, 0.0 ], [ 120.350253046441026, -2.639821156521123, 0.0 ] ] ] ] } },
{ "type": "Feature", "properties": { "OBJECTID": 5329, "WADMPR": "Sulawesi Selatan", "WADMKK": "Kab. Luwu Utara", "WADMKC": "Kec. Masamba", "WADMKD": "Desa Pongo", "POKTAN": "Gapoktan Masagena", "K_POKTAN": "H. Kamaluddin", "P_SID": "Universitas Negeri Makassar", "NO_HP_1": "0813-5551-7977", "NAMA_PEMIL": "Pemerintah Desa", "N_PETAK": "PNB267", "LUAS_HA": 0.18649703072000001, "PAKET": "Paket Sulawesi Selatan 7" }, "geometry": { "type": "MultiPolygon", "coordinates": [ [ [ [ 120.35947563719094, -2.639514126175925, 0.0 ], [ 120.359130422531052, -2.639725858061865, 0.0 ], [ 120.35892789610557, -2.639408258883975, 0.0 ], [ 120.359257001209699, -2.639196526998091, 0.0 ], [ 120.35947563719094, -2.639514126175925, 0.0 ] ] ] ] } },
{ "type": "Feature", "properties": { "OBJECTID": 5330, "WADMPR": "Sulawesi Selatan", "WADMKK": "Kab. Luwu Utara", "WADMKC": "Kec. Masamba", "WADMKD": "Desa Pongo", "POKTAN": "Gapoktan Masagena", "K_POKTAN": "H. Kamaluddin", "P_SID": "Universitas Negeri Makassar", "NO_HP_1": "0813-5551-7977", "NAMA_PEMIL": "Pemerintah Desa", "N_PETAK": "PNB268", "LUAS_HA": 0.13093549568000001, "PAKET": "Paket Sulawesi Selatan 7" }, "geometry": { "type": "MultiPolygon", "coordinates": [ [ [ [ 120.35859418827124, -2.639539442091518, 0.0 ], [ 120.358156915409381, -2.639797202179068, 0.0 ], [ 120.358423881856766, -2.639152800161526, 0.0 ], [ 120.35859418827124, -2.639539442091518, 0.0 ] ] ] ] } },
{ "type": "Feature", "properties": { "OBJECTID": 5331, "WADMPR": "Sulawesi Selatan", "WADMKK": "Kab. Luwu Utara", "WADMKC": "Kec. Masamba", "WADMKD": "Desa Pongo", "POKTAN": "Gapoktan Masagena", "K_POKTAN": "H. Kamaluddin", "P_SID": "Universitas Negeri Makassar", "NO_HP_1": "0813-5551-7977", "NAMA_PEMIL": "Pemerintah Desa", "N_PETAK": "PNB269", "LUAS_HA": 0.4763906956, "PAKET": "Paket Sulawesi Selatan 7" }, "geometry": { "type": "MultiPolygon", "coordinates": [ [ [ [ 120.357883620432744, -2.639956684353479, 0.0 ], [ 120.357485472576514, -2.640170717604462, 0.0 ], [ 120.357098831545954, -2.639374421892001, 0.0 ], [ 120.357353526743964, -2.639208257754831, 0.0 ], [ 120.357441744840685, -2.639146578651662, 0.0 ], [ 120.357460156660977, -2.639185703657233, 0.0 ], [ 120.357883620432744, -2.639956684353479, 0.0 ] ] ] ] } },
{ "type": "Feature", "properties": { "OBJECTID": 5332, "WADMPR": "Sulawesi Selatan", "WADMKK": "Kab. Luwu Utara", "WADMKC": "Kec. Masamba", "WADMKD": "Desa Pongo", "POKTAN": "Gapoktan Masagena", "K_POKTAN": "H. Kamaluddin", "P_SID": "Universitas Negeri Makassar", "NO_HP_1": "0813-5551-7977", "NAMA_PEMIL": "Pemerintah Desa", "N_PETAK": "PNB270", "LUAS_HA": 0.42916405513, "PAKET": "Paket Sulawesi Selatan 7" }, "geometry": { "type": "MultiPolygon", "coordinates": [ [ [ [ 120.351925405932775, -2.639977013528323, 0.0 ], [ 120.351851927724397, -2.639965574151859, 0.0 ], [ 120.35161526843001, -2.639900753716745, 0.0 ], [ 120.351428231028081, -2.639858810235864, 0.0 ], [ 120.351558966373318, -2.639447002577072, 0.0 ], [ 120.351678727291528, -2.639394096360434, 0.0 ], [ 120.352249858843948, -2.639145772859081, 0.0 ], [ 120.351925405932775, -2.639977013528323, 0.0 ] ] ] ] } },
{ "type": "Feature", "properties": { "OBJECTID": 5333, "WADMPR": "Sulawesi Selatan", "WADMKK": "Kab. Luwu Utara", "WADMKC": "Kec. Masamba", "WADMKD": "Desa Pongo", "POKTAN": "Gapoktan Masagena", "K_POKTAN": "H. Kamaluddin", "P_SID": "Universitas Negeri Makassar", "NO_HP_1": "0813-5551-7977", "NAMA_PEMIL": "Pemerintah Desa", "N_PETAK": "PNB271", "LUAS_HA": 0.78991914036, "PAKET": "Paket Sulawesi Selatan 7" }, "geometry": { "type": "MultiPolygon", "coordinates": [ [ [ [ 120.349338377464164, -2.639647187167895, 0.0 ], [ 120.348845973462971, -2.639704382251409, 0.0 ], [ 120.348643668270711, -2.639692942874944, 0.0 ], [ 120.348032934172579, -2.639662438770472, 0.0 ], [ 120.348128361234899, -2.639197248254334, 0.0 ], [ 120.349120803582309, -2.639059978435228, 0.0 ], [ 120.349338377464164, -2.639647187167895, 0.0 ] ] ] ] } },
{ "type": "Feature", "properties": { "OBJECTID": 5334, "WADMPR": "Sulawesi Selatan", "WADMKK": "Kab. Luwu Utara", "WADMKC": "Kec. Masamba", "WADMKD": "Desa Pongo", "POKTAN": "Gapoktan Masagena", "K_POKTAN": "H. Kamaluddin", "P_SID": "Universitas Negeri Makassar", "NO_HP_1": "0813-5551-7977", "NAMA_PEMIL": "Pemerintah Desa", "N_PETAK": "PNB272", "LUAS_HA": 0.49035426016, "PAKET": "Paket Sulawesi Selatan 7" }, "geometry": { "type": "MultiPolygon", "coordinates": [ [ [ [ 120.352328108855204, -2.640033256229742, 0.0 ], [ 120.351925405932775, -2.639977013528323, 0.0 ], [ 120.352249858843948, -2.639145772859081, 0.0 ], [ 120.352732720138988, -2.638940821861411, 0.0 ], [ 120.352328108855204, -2.640033256229742, 0.0 ] ] ] ] } },
{ "type": "Feature", "properties": { "OBJECTID": 5335, "WADMPR": "Sulawesi Selatan", "WADMKK": "Kab. Luwu Utara", "WADMKC": "Kec. Masamba", "WADMKD": "Desa Pongo", "POKTAN": "Gapoktan Masagena", "K_POKTAN": "H. Kamaluddin", "P_SID": "Universitas Negeri Makassar", "NO_HP_1": "0813-5551-7977", "NAMA_PEMIL": "Pemerintah Desa", "N_PETAK": "PNB273", "LUAS_HA": 0.33194328608000001, "PAKET": "Paket Sulawesi Selatan 7" }, "geometry": { "type": "MultiPolygon", "coordinates": [ [ [ [ 120.35085996291707, -2.639756335186689, 0.0 ], [ 120.35063093796748, -2.639763960538289, 0.0 ], [ 120.350364696373731, -2.639132903560608, 0.0 ], [ 120.35075022134572, -2.638881243574474, 0.0 ], [ 120.350799843238292, -2.639018512494317, 0.0 ], [ 120.35085996291707, -2.639756335186689, 0.0 ] ] ] ] } },
{ "type": "Feature", "properties": { "OBJECTID": 5336, "WADMPR": "Sulawesi Selatan", "WADMKK": "Kab. Luwu Utara", "WADMKC": "Kec. Masamba", "WADMKD": "Desa Pongo", "POKTAN": "Gapoktan Masagena", "K_POKTAN": "H. Kamaluddin", "P_SID": "Universitas Negeri Makassar", "NO_HP_1": "0813-5551-7977", "NAMA_PEMIL": "Pemerintah Desa", "N_PETAK": "PNB274", "LUAS_HA": 0.71128336121000002, "PAKET": "Paket Sulawesi Selatan 7" }, "geometry": { "type": "MultiPolygon", "coordinates": [ [ [ [ 120.351678727291528, -2.639394096360434, 0.0 ], [ 120.351558966373318, -2.639447002577072, 0.0 ], [ 120.351428231028081, -2.639858810235864, 0.0 ], [ 120.351325169620964, -2.6397978011276, 0.0 ], [ 120.350954912439306, -2.639801614253031, 0.0 ], [ 120.350880002510166, -2.639025185463879, 0.0 ], [ 120.351630059579634, -2.638876477167628, 0.0 ], [ 120.351678727291528, -2.639394096360434, 0.0 ] ] ] ] } },
{ "type": "Feature", "properties": { "OBJECTID": 5337, "WADMPR": "Sulawesi Selatan", "WADMKK": "Kab. Luwu Utara", "WADMKC": "Kec. Masamba", "WADMKD": "Desa Pongo", "POKTAN": "Gapoktan Masagena", "K_POKTAN": "H. Kamaluddin", "P_SID": "Universitas Negeri Makassar", "NO_HP_1": "0813-5551-7977", "NAMA_PEMIL": "Pemerintah Desa", "N_PETAK": "PNB275", "LUAS_HA": 0.29996142819, "PAKET": "Paket Sulawesi Selatan 7" }, "geometry": { "type": "MultiPolygon", "coordinates": [ [ [ [ 120.349120803582309, -2.639059978435228, 0.0 ], [ 120.348128361234899, -2.639197248254334, 0.0 ], [ 120.348158898614315, -2.638926523540192, 0.0 ], [ 120.348407008976324, -2.638888393184743, 0.0 ], [ 120.349097901447067, -2.638831196302647, 0.0 ], [ 120.349078816034648, -2.638892205410912, 0.0 ], [ 120.349120803582309, -2.639059978435228, 0.0 ] ] ] ] } },
{ "type": "Feature", "properties": { "OBJECTID": 5338, "WADMPR": "Sulawesi Selatan", "WADMKK": "Kab. Luwu Utara", "WADMKC": "Kec. Masamba", "WADMKD": "Desa Pongo", "POKTAN": "Gapoktan Masagena", "K_POKTAN": "H. Kamaluddin", "P_SID": "Universitas Negeri Makassar", "NO_HP_1": "0813-5551-7977", "NAMA_PEMIL": "Pemerintah Desa", "N_PETAK": "PNB276", "LUAS_HA": 0.47490897086, "PAKET": "Paket Sulawesi Selatan 7" }, "geometry": { "type": "MultiPolygon", "coordinates": [ [ [ [ 120.358097653683785, -2.63944806737436, 0.0 ], [ 120.357883620432744, -2.639956684353479, 0.0 ], [ 120.357441744840685, -2.639146578651662, 0.0 ], [ 120.357522583100831, -2.639061058521008, 0.0 ], [ 120.357579109088647, -2.638874514846918, 0.0 ], [ 120.357793864495306, -2.63879445899704, 0.0 ], [ 120.358097653683785, -2.63944806737436, 0.0 ] ] ] ] } },
{ "type": "Feature", "properties": { "OBJECTID": 5339, "WADMPR": "Sulawesi Selatan", "WADMKK": "Kab. Luwu Utara", "WADMKC": "Kec. Masamba", "WADMKD": "Desa Pongo", "POKTAN": "Gapoktan Masagena", "K_POKTAN": "H. Kamaluddin", "P_SID": "Universitas Negeri Makassar", "NO_HP_1": "0813-5551-7977", "NAMA_PEMIL": "Pemerintah Desa", "N_PETAK": "PNB277", "LUAS_HA": 0.9709795861, "PAKET": "Paket Sulawesi Selatan 7" }, "geometry": { "type": "MultiPolygon", "coordinates": [ [ [ [ 120.352509420273577, -2.640068526741061, 0.0 ], [ 120.352328108855204, -2.640033256229742, 0.0 ], [ 120.352732720138988, -2.638940821861411, 0.0 ], [ 120.353154506675196, -2.638786393876956, 0.0 ], [ 120.35320031274432, -2.64013048913074, 0.0 ], [ 120.352509420273577, -2.640068526741061, 0.0 ] ] ] ] } },
{ "type": "Feature", "properties": { "OBJECTID": 5340, "WADMPR": "Sulawesi Selatan", "WADMKK": "Kab. Luwu Utara", "WADMKC": "Kec. Masamba", "WADMKD": "Desa Pongo", "POKTAN": "Gapoktan Masagena", "K_POKTAN": "H. Kamaluddin", "P_SID": "Universitas Negeri Makassar", "NO_HP_1": "0813-5551-7977", "NAMA_PEMIL": "Pemerintah Desa", "N_PETAK": "PNB278", "LUAS_HA": 0.38934851518000002, "PAKET": "Paket Sulawesi Selatan 7" }, "geometry": { "type": "MultiPolygon", "coordinates": [ [ [ [ 120.349929548609794, -2.639239667476602, 0.0 ], [ 120.349318813612399, -2.639312115961332, 0.0 ], [ 120.349131778009223, -2.638877430448986, 0.0 ], [ 120.349555473806163, -2.638625769563589, 0.0 ], [ 120.349929548609794, -2.639239667476602, 0.0 ] ] ] ] } },
{ "type": "Feature", "properties": { "OBJECTID": 5341, "WADMPR": "Sulawesi Selatan", "WADMKK": "Kab. Luwu Utara", "WADMKC": "Kec. Masamba", "WADMKD": "Desa Pongo", "POKTAN": "Gapoktan Masagena", "K_POKTAN": "H. Kamaluddin", "P_SID": "Universitas Negeri Makassar", "NO_HP_1": "0813-5551-7977", "NAMA_PEMIL": "Pemerintah Desa", "N_PETAK": "PNB279", "LUAS_HA": 0.59838430695, "PAKET": "Paket Sulawesi Selatan 7" }, "geometry": { "type": "MultiPolygon", "coordinates": [ [ [ [ 120.344258896830638, -2.638659498636912, 0.0 ], [ 120.344444979152513, -2.639414480393896, 0.0 ], [ 120.343818922405376, -2.639505248968021, 0.0 ], [ 120.343769050501351, -2.639152952146958, 0.0 ], [ 120.343676430223127, -2.638750837381167, 0.0 ], [ 120.344233904671, -2.638588118546807, 0.0 ], [ 120.344258896830638, -2.638659498636912, 0.0 ] ] ] ] } },
{ "type": "Feature", "properties": { "OBJECTID": 5342, "WADMPR": "Sulawesi Selatan", "WADMKK": "Kab. Luwu Utara", "WADMKC": "Kec. Masamba", "WADMKD": "Desa Pongo", "POKTAN": "Gapoktan Masagena", "K_POKTAN": "H. Kamaluddin", "P_SID": "Universitas Negeri Makassar", "NO_HP_1": "0813-5551-7977", "NAMA_PEMIL": "Pemerintah Desa", "N_PETAK": "PNB280", "LUAS_HA": 0.88654518997999998, "PAKET": "Paket Sulawesi Selatan 7" }, "geometry": { "type": "MultiPolygon", "coordinates": [ [ [ [ 120.360647067108516, -2.639129786510409, 0.0 ], [ 120.360290344723694, -2.639387546597959, 0.0 ], [ 120.359857675491412, -2.639302393390722, 0.0 ], [ 120.35947563719094, -2.639514126175925, 0.0 ], [ 120.359257001209699, -2.639196526998091, 0.0 ], [ 120.359259302574856, -2.639118279684794, 0.0 ], [ 120.359828332411666, -2.638767885829225, 0.0 ], [ 120.36023280879715, -2.638526810863596, 0.0 ], [ 120.360647067108516, -2.639129786510409, 0.0 ] ] ] ] } },
{ "type": "Feature", "properties": { "OBJECTID": 5343, "WADMPR": "Sulawesi Selatan", "WADMKK": "Kab. Luwu Utara", "WADMKC": "Kec. Masamba", "WADMKD": "Desa Pongo", "POKTAN": "Gapoktan Masagena", "K_POKTAN": "H. Kamaluddin", "P_SID": "Universitas Negeri Makassar", "NO_HP_1": "0813-5551-7977", "NAMA_PEMIL": "Pemerintah Desa", "N_PETAK": "PNB281", "LUAS_HA": 0.44738995514000002, "PAKET": "Paket Sulawesi Selatan 7" }, "geometry": { "type": "MultiPolygon", "coordinates": [ [ [ [ 120.344444979152513, -2.639414480393896, 0.0 ], [ 120.344258896830638, -2.638659498636912, 0.0 ], [ 120.344761320178804, -2.638487911587788, 0.0 ], [ 120.344845773713587, -2.638722414307949, 0.0 ], [ 120.344865813306683, -2.638862543071866, 0.0 ], [ 120.344845773713587, -2.638999811092333, 0.0 ], [ 120.344771339525778, -2.639122782590277, 0.0 ], [ 120.34470835820423, -2.639220015491276, 0.0 ], [ 120.344659690492335, -2.639300088428286, 0.0 ], [ 120.344553766543186, -2.639374443475731, 0.0 ], [ 120.344444979152513, -2.639414480393896, 0.0 ] ] ] ] } },
{ "type": "Feature", "properties": { "OBJECTID": 5344, "WADMPR": "Sulawesi Selatan", "WADMKK": "Kab. Luwu Utara", "WADMKC": "Kec. Masamba", "WADMKD": "Desa Pongo", "POKTAN": "Gapoktan Masagena", "K_POKTAN": "H. Kamaluddin", "P_SID": "Universitas Negeri Makassar", "NO_HP_1": "0813-5551-7977", "NAMA_PEMIL": "Pemerintah Desa", "N_PETAK": "PNB282", "LUAS_HA": 0.55111454861999998, "PAKET": "Paket Sulawesi Selatan 7" }, "geometry": { "type": "MultiPolygon", "coordinates": [ [ [ [ 120.35859418827124, -2.639539442091518, 0.0 ], [ 120.358423881856766, -2.639152800161526, 0.0 ], [ 120.358723068315044, -2.638478480397509, 0.0 ], [ 120.358789809701989, -2.638602757711055, 0.0 ], [ 120.358870359279763, -2.638552126779189, 0.0 ], [ 120.359208670743669, -2.639145895166905, 0.0 ], [ 120.359183354828019, -2.639187322436953, 0.0 ], [ 120.35859418827124, -2.639539442091518, 0.0 ] ] ] ] } },
{ "type": "Feature", "properties": { "OBJECTID": 5345, "WADMPR": "Sulawesi Selatan", "WADMKK": "Kab. Luwu Utara", "WADMKC": "Kec. Masamba", "WADMKD": "Desa Pongo", "POKTAN": "Gapoktan Masagena", "K_POKTAN": "H. Kamaluddin", "P_SID": "Universitas Negeri Makassar", "NO_HP_1": "0813-5551-7977", "NAMA_PEMIL": "Pemerintah Desa", "N_PETAK": "PNB283", "LUAS_HA": 0.68630182514000004, "PAKET": "Paket Sulawesi Selatan 7" }, "geometry": { "type": "MultiPolygon", "coordinates": [ [ [ [ 120.350364696373731, -2.639132903560608, 0.0 ], [ 120.35063093796748, -2.639763960538289, 0.0 ], [ 120.350253046441026, -2.639821156521123, 0.0 ], [ 120.349929548609794, -2.639239667476602, 0.0 ], [ 120.349555473806163, -2.638625769563589, 0.0 ], [ 120.349738694485268, -2.63847324724253, 0.0 ], [ 120.350059328874977, -2.638728721253415, 0.0 ], [ 120.350364696373731, -2.639132903560608, 0.0 ] ] ] ] } },
{ "type": "Feature", "properties": { "OBJECTID": 5346, "WADMPR": "Sulawesi Selatan", "WADMKK": "Kab. Luwu Utara", "WADMKC": "Kec. Masamba", "WADMKD": "Desa Pongo", "POKTAN": "Gapoktan Masagena", "K_POKTAN": "H. Kamaluddin", "P_SID": "Universitas Negeri Makassar", "NO_HP_1": "0813-5551-7977", "NAMA_PEMIL": "Pemerintah Desa", "N_PETAK": "PNB284", "LUAS_HA": 1.25355575734, "PAKET": "Paket Sulawesi Selatan 7" }, "geometry": { "type": "MultiPolygon", "coordinates": [ [ [ [ 120.343676430223127, -2.638750837381167, 0.0 ], [ 120.343769050501351, -2.639152952146958, 0.0 ], [ 120.343818922405376, -2.639505248968021, 0.0 ], [ 120.342593481903691, -2.639498131733319, 0.0 ], [ 120.342695009067484, -2.638686782269133, 0.0 ], [ 120.343593031593173, -2.638439635980376, 0.0 ], [ 120.343676430223127, -2.638750837381167, 0.0 ] ] ] ] } },
{ "type": "Feature", "properties": { "OBJECTID": 5347, "WADMPR": "Sulawesi Selatan", "WADMKK": "Kab. Luwu Utara", "WADMKC": "Kec. Masamba", "WADMKD": "Desa Pongo", "POKTAN": "Gapoktan Masagena", "K_POKTAN": "H. Kamaluddin", "P_SID": "Universitas Negeri Makassar", "NO_HP_1": "0813-5551-7977", "NAMA_PEMIL": "Pemerintah Desa", "N_PETAK": "PNB285", "LUAS_HA": 0.33672725488, "PAKET": "Paket Sulawesi Selatan 7" }, "geometry": { "type": "MultiPolygon", "coordinates": [ [ [ [ 120.3516536775752, -2.638684871209819, 0.0 ], [ 120.351630059579634, -2.638876477167628, 0.0 ], [ 120.350880002510166, -2.639025185463879, 0.0 ], [ 120.350863541319427, -2.638905074709385, 0.0 ], [ 120.350834913200742, -2.638807842707706, 0.0 ], [ 120.351112247931951, -2.638661636325423, 0.0 ], [ 120.3515660044676, -2.638422129777439, 0.0 ], [ 120.3516536775752, -2.638684871209819, 0.0 ] ] ] ] } },
{ "type": "Feature", "properties": { "OBJECTID": 5348, "WADMPR": "Sulawesi Selatan", "WADMKK": "Kab. Luwu Utara", "WADMKC": "Kec. Masamba", "WADMKD": "Desa Pongo", "POKTAN": "Gapoktan Masagena", "K_POKTAN": "H. Kamaluddin", "P_SID": "Universitas Negeri Makassar", "NO_HP_1": "0813-5551-7977", "NAMA_PEMIL": "Pemerintah Desa", "N_PETAK": "PNB286", "LUAS_HA": 0.46780136444999998, "PAKET": "Paket Sulawesi Selatan 7" }, "geometry": { "type": "MultiPolygon", "coordinates": [ [ [ [ 120.361122313843794, -2.638796654242128, 0.0 ], [ 120.360647067108516, -2.639129786510409, 0.0 ], [ 120.36023280879715, -2.638526810863596, 0.0 ], [ 120.360345579285081, -2.638467549138056, 0.0 ], [ 120.360658574833451, -2.638274227273712, 0.0 ], [ 120.361122313843794, -2.638796654242128, 0.0 ] ] ] ] } },
{ "type": "Feature", "properties": { "OBJECTID": 5349, "WADMPR": "Sulawesi Selatan", "WADMKK": "Kab. Luwu Utara", "WADMKC": "Kec. Masamba", "WADMKD": "Desa Pongo", "POKTAN": "Gapoktan Masagena", "K_POKTAN": "H. Kamaluddin", "P_SID": "Universitas Negeri Makassar", "NO_HP_1": "0813-5551-7977", "NAMA_PEMIL": "Pemerintah Desa", "N_PETAK": "PNB287", "LUAS_HA": 0.2286273288, "PAKET": "Paket Sulawesi Selatan 7" }, "geometry": { "type": "MultiPolygon", "coordinates": [ [ [ [ 120.344233904671, -2.638588118546807, 0.0 ], [ 120.343676430223127, -2.638750837381167, 0.0 ], [ 120.343593031593173, -2.638439635980376, 0.0 ], [ 120.343779737145269, -2.638389643567166, 0.0 ], [ 120.344145458146386, -2.63827414363675, 0.0 ], [ 120.344233904671, -2.638588118546807, 0.0 ] ] ] ] } },
{ "type": "Feature", "properties": { "OBJECTID": 5350, "WADMPR": "Sulawesi Selatan", "WADMKK": "Kab. Luwu Utara", "WADMKC": "Kec. Masamba", "WADMKD": "Desa Pongo", "POKTAN": "Gapoktan Masagena", "K_POKTAN": "H. Kamaluddin", "P_SID": "Universitas Negeri Makassar", "NO_HP_1": "0813-5551-7977", "NAMA_PEMIL": "Pemerintah Desa", "N_PETAK": "PNB288", "LUAS_HA": 1.0446745691399999, "PAKET": "Paket Sulawesi Selatan 7" }, "geometry": { "type": "MultiPolygon", "coordinates": [ [ [ [ 120.349583505674332, -2.638151879905308, 0.0 ], [ 120.349635036827522, -2.63841497926785, 0.0 ], [ 120.349583505674332, -2.638483614627091, 0.0 ], [ 120.349097901447067, -2.638831196302647, 0.0 ], [ 120.348407008976324, -2.638888393184743, 0.0 ], [ 120.348158898614315, -2.638926523540192, 0.0 ], [ 120.347968879060545, -2.638901141974088, 0.0 ], [ 120.348043312349091, -2.638352065395452, 0.0 ], [ 120.348123470721703, -2.63833490633084, 0.0 ], [ 120.348850625655928, -2.638323467853695, 0.0 ], [ 120.349314401538436, -2.638140440528844, 0.0 ], [ 120.3493487547413, -2.638220515264493, 0.0 ], [ 120.349583505674332, -2.638151879905308, 0.0 ] ] ] ] } },
{ "type": "Feature", "properties": { "OBJECTID": 5351, "WADMPR": "Sulawesi Selatan", "WADMKK": "Kab. Luwu Utara", "WADMKC": "Kec. Masamba", "WADMKD": "Desa Pongo", "POKTAN": "Gapoktan Masagena", "K_POKTAN": "H. Kamaluddin", "P_SID": "Universitas Negeri Makassar", "NO_HP_1": "0813-5551-7977", "NAMA_PEMIL": "Pemerintah Desa", "N_PETAK": "PNB289", "LUAS_HA": 0.58715814760999996, "PAKET": "Paket Sulawesi Selatan 7" }, "geometry": { "type": "MultiPolygon", "coordinates": [ [ [ [ 120.35075022134572, -2.638881243574474, 0.0 ], [ 120.350364696373731, -2.639132903560608, 0.0 ], [ 120.350059328874977, -2.638728721253415, 0.0 ], [ 120.349738694485268, -2.63847324724253, 0.0 ], [ 120.349726288337592, -2.638437023449853, 0.0 ], [ 120.35009654551925, -2.638188222408473, 0.0 ], [ 120.350325570468726, -2.638089084743399, 0.0 ], [ 120.350340839158434, -2.638256858667035, 0.0 ], [ 120.350398094496541, -2.638394126687558, 0.0 ], [ 120.35075022134572, -2.638881243574474, 0.0 ] ] ] ] } },
{ "type": "Feature", "properties": { "OBJECTID": 5352, "WADMPR": "Sulawesi Selatan", "WADMKK": "Kab. Luwu Utara", "WADMKC": "Kec. Masamba", "WADMKD": "Desa Pongo", "POKTAN": "Gapoktan Masagena", "K_POKTAN": "H. Kamaluddin", "P_SID": "Universitas Negeri Makassar", "NO_HP_1": "0813-5551-7977", "NAMA_PEMIL": "Pemerintah Desa", "N_PETAK": "PNB290", "LUAS_HA": 0.26211305204000002, "PAKET": "Paket Sulawesi Selatan 7" }, "geometry": { "type": "MultiPolygon", "coordinates": [ [ [ [ 120.344761320178804, -2.638487911587788, 0.0 ], [ 120.344258896830638, -2.638659498636912, 0.0 ], [ 120.344233904671, -2.638588118546807, 0.0 ], [ 120.344145458146386, -2.63827414363675, 0.0 ], [ 120.344561667087305, -2.638142324608566, 0.0 ], [ 120.344629630653003, -2.638051795254114, 0.0 ], [ 120.344761320178804, -2.638487911587788, 0.0 ] ] ] ] } },
{ "type": "Feature", "properties": { "OBJECTID": 5353, "WADMPR": "Sulawesi Selatan", "WADMKK": "Kab. Luwu Utara", "WADMKC": "Kec. Masamba", "WADMKD": "Desa Pongo", "POKTAN": "Gapoktan Masagena", "K_POKTAN": "H. Kamaluddin", "P_SID": "Universitas Negeri Makassar", "NO_HP_1": "0813-5551-7977", "NAMA_PEMIL": "Pemerintah Desa", "N_PETAK": "PNB291", "LUAS_HA": 3.0243856021100002, "PAKET": "Paket Sulawesi Selatan 7" }, "geometry": { "type": "MultiPolygon", "coordinates": [ [ [ [ 120.345387933606276, -2.638171628118073, 0.0 ], [ 120.345243202112101, -2.638655776342944, 0.0 ], [ 120.345151378633318, -2.638852533617467, 0.0 ], [ 120.345165863114175, -2.638978122142589, 0.0 ], [ 120.345152242881795, -2.639044045146534, 0.0 ], [ 120.345003227916663, -2.639362288238942, 0.0 ], [ 120.344963148730358, -2.639579630995115, 0.0 ], [ 120.344960286188325, -2.639765516365458, 0.0 ], [ 120.345060484154033, -2.639911365716898, 0.0 ], [ 120.345024236979043, -2.640081985994811, 0.0 ], [ 120.344565063826735, -2.639978567556795, 0.0 ], [ 120.344434959805653, -2.63993352950871, 0.0 ], [ 120.344410271616766, -2.640017897607834, 0.0 ], [ 120.344320780080011, -2.640133099862624, 0.0 ], [ 120.344174443295969, -2.640166599608847, 0.0 ], [ 120.343994086058274, -2.640246674344496, 0.0 ], [ 120.343873317899352, -2.640432458990745, 0.0 ], [ 120.342516049376286, -2.639946948292959, 0.0 ], [ 120.342593481903691, -2.639498131733319, 0.0 ], [ 120.343818922405376, -2.639505248968021, 0.0 ], [ 120.344444979152513, -2.639414480393896, 0.0 ], [ 120.344553766543186, -2.639374443475731, 0.0 ], [ 120.344659690492335, -2.639300088428286, 0.0 ], [ 120.34470835820423, -2.639220015491276, 0.0 ], [ 120.344771339525778, -2.639122782590277, 0.0 ], [ 120.344845773713587, -2.638999811092333, 0.0 ], [ 120.344865813306683, -2.638862543071866, 0.0 ], [ 120.344845773713587, -2.638722414307949, 0.0 ], [ 120.344761320178804, -2.638487911587788, 0.0 ], [ 120.344629630653003, -2.638051795254114, 0.0 ], [ 120.344643600721611, -2.63803201016907, 0.0 ], [ 120.345069788539945, -2.638113281003086, 0.0 ], [ 120.345387933606276, -2.638171628118073, 0.0 ] ] ], [ [ [ 120.342834371609001, -2.640682962448693, 0.0 ], [ 120.342378028623216, -2.640665631613558, 0.0 ], [ 120.342415245267375, -2.640531222537845, 0.0 ], [ 120.342470862040727, -2.640208862349084, 0.0 ], [ 120.342966329132878, -2.640310215044337, 0.0 ], [ 120.342837270123937, -2.640622698878417, 0.0 ], [ 120.342834371609001, -2.640682962448693, 0.0 ] ] ] ] } },
{ "type": "Feature", "properties": { "OBJECTID": 5354, "WADMPR": "Sulawesi Selatan", "WADMKK": "Kab. Luwu Utara", "WADMKC": "Kec. Masamba", "WADMKD": "Desa Pongo", "POKTAN": "Gapoktan Masagena", "K_POKTAN": "H. Kamaluddin", "P_SID": "Universitas Negeri Makassar", "NO_HP_1": "0813-5551-7977", "NAMA_PEMIL": "Pemerintah Desa", "N_PETAK": "PNB292", "LUAS_HA": 0.84919900673000004, "PAKET": "Paket Sulawesi Selatan 7" }, "geometry": { "type": "MultiPolygon", "coordinates": [ [ [ [ 120.358323194659761, -2.638907230384348, 0.0 ], [ 120.358097653683785, -2.63944806737436, 0.0 ], [ 120.357793864495306, -2.63879445899704, 0.0 ], [ 120.357579109088647, -2.638874514846918, 0.0 ], [ 120.35727374069063, -2.638175374693731, 0.0 ], [ 120.357858304517208, -2.637986656458963, 0.0 ], [ 120.358323194659761, -2.638907230384348, 0.0 ] ] ] ] } },
{ "type": "Feature", "properties": { "OBJECTID": 5355, "WADMPR": "Sulawesi Selatan", "WADMKK": "Kab. Luwu Utara", "WADMKC": "Kec. Masamba", "WADMKD": "Desa Pongo", "POKTAN": "Gapoktan Masagena", "K_POKTAN": "H. Kamaluddin", "P_SID": "Universitas Negeri Makassar", "NO_HP_1": "0813-5551-7977", "NAMA_PEMIL": "Pemerintah Desa", "N_PETAK": "PNB293", "LUAS_HA": 0.71957250632000003, "PAKET": "Paket Sulawesi Selatan 7" }, "geometry": { "type": "MultiPolygon", "coordinates": [ [ [ [ 120.359828332411666, -2.638767885829225, 0.0 ], [ 120.359259302574856, -2.639118279684794, 0.0 ], [ 120.358870359279763, -2.638432452195843, 0.0 ], [ 120.358863456083668, -2.638340393993929, 0.0 ], [ 120.359337551686735, -2.637972163884228, 0.0 ], [ 120.359828332411666, -2.638767885829225, 0.0 ] ] ] ] } },
{ "type": "Feature", "properties": { "OBJECTID": 5356, "WADMPR": "Sulawesi Selatan", "WADMKK": "Kab. Luwu Utara", "WADMKC": "Kec. Masamba", "WADMKD": "Desa Pongo", "POKTAN": "Gapoktan Masagena", "K_POKTAN": "H. Kamaluddin", "P_SID": "Universitas Negeri Makassar", "NO_HP_1": "0813-5551-7977", "NAMA_PEMIL": "Pemerintah Desa", "N_PETAK": "PNB294", "LUAS_HA": 0.45911024701000003, "PAKET": "Paket Sulawesi Selatan 7" }, "geometry": { "type": "MultiPolygon", "coordinates": [ [ [ [ 120.361550380345875, -2.638437630492206, 0.0 ], [ 120.361122313843794, -2.638796654242128, 0.0 ], [ 120.360658574833451, -2.638274227273712, 0.0 ], [ 120.36114532749491, -2.637963534889195, 0.0 ], [ 120.361550380345875, -2.638437630492206, 0.0 ] ] ] ] } },
{ "type": "Feature", "properties": { "OBJECTID": 5357, "WADMPR": "Sulawesi Selatan", "WADMKK": "Kab. Luwu Utara", "WADMKC": "Kec. Masamba", "WADMKD": "Desa Pongo", "POKTAN": "Gapoktan Masagena", "K_POKTAN": "H. Kamaluddin", "P_SID": "Universitas Negeri Makassar", "NO_HP_1": "0813-5551-7977", "NAMA_PEMIL": "Pemerintah Desa", "N_PETAK": "PNB295", "LUAS_HA": 0.51870119340999998, "PAKET": "Paket Sulawesi Selatan 7" }, "geometry": { "type": "MultiPolygon", "coordinates": [ [ [ [ 120.343779737145269, -2.638389643567166, 0.0 ], [ 120.343593031593173, -2.638439635980376, 0.0 ], [ 120.342695009067484, -2.638686782269133, 0.0 ], [ 120.342641574948743, -2.638412774130188, 0.0 ], [ 120.343726302127152, -2.637923473689284, 0.0 ], [ 120.343779737145269, -2.638389643567166, 0.0 ] ] ] ] } },
{ "type": "Feature", "properties": { "OBJECTID": 5358, "WADMPR": "Sulawesi Selatan", "WADMKK": "Kab. Luwu Utara", "WADMKC": "Kec. Masamba", "WADMKD": "Desa Pongo", "POKTAN": "Gapoktan Masagena", "K_POKTAN": "H. Kamaluddin", "P_SID": "Universitas Negeri Makassar", "NO_HP_1": "0813-5551-7977", "NAMA_PEMIL": "Pemerintah Desa", "N_PETAK": "PNB296", "LUAS_HA": 1.7662145596900001, "PAKET": "Paket Sulawesi Selatan 7" }, "geometry": { "type": "MultiPolygon", "coordinates": [ [ [ [ 120.353154506675196, -2.638786393876956, 0.0 ], [ 120.352732720138988, -2.638940821861411, 0.0 ], [ 120.352249858843948, -2.639145772859081, 0.0 ], [ 120.351678727291528, -2.639394096360434, 0.0 ], [ 120.351630059579634, -2.638876477167628, 0.0 ], [ 120.3516536775752, -2.638684871209819, 0.0 ], [ 120.353462975935599, -2.63791845097569, 0.0 ], [ 120.353812239343483, -2.638513285060014, 0.0 ], [ 120.353154506675196, -2.638786393876956, 0.0 ] ] ] ] } },
{ "type": "Feature", "properties": { "OBJECTID": 5359, "WADMPR": "Sulawesi Selatan", "WADMKK": "Kab. Luwu Utara", "WADMKC": "Kec. Masamba", "WADMKD": "Desa Pongo", "POKTAN": "Gapoktan Masagena", "K_POKTAN": "H. Kamaluddin", "P_SID": "Universitas Negeri Makassar", "NO_HP_1": "0813-5551-7977", "NAMA_PEMIL": "Pemerintah Desa", "N_PETAK": "PNB297", "LUAS_HA": 0.35006881042, "PAKET": "Paket Sulawesi Selatan 7" }, "geometry": { "type": "MultiPolygon", "coordinates": [ [ [ [ 120.351112247931951, -2.638661636325423, 0.0 ], [ 120.350834913200742, -2.638807842707706, 0.0 ], [ 120.350557578469534, -2.638470746227881, 0.0 ], [ 120.350451653621008, -2.638282000114145, 0.0 ], [ 120.350434477469207, -2.638076096734437, 0.0 ], [ 120.350620559791082, -2.637910228474198, 0.0 ], [ 120.351112247931951, -2.638661636325423, 0.0 ] ] ] ] } },
{ "type": "Feature", "properties": { "OBJECTID": 5360, "WADMPR": "Sulawesi Selatan", "WADMKK": "Kab. Luwu Utara", "WADMKC": "Kec. Masamba", "WADMKD": "Desa Pongo", "POKTAN": "Gapoktan Masagena", "K_POKTAN": "H. Kamaluddin", "P_SID": "Universitas Negeri Makassar", "NO_HP_1": "0813-5551-7977", "NAMA_PEMIL": "Pemerintah Desa", "N_PETAK": "PNB298", "LUAS_HA": 0.60572138604000003, "PAKET": "Paket Sulawesi Selatan 7" }, "geometry": { "type": "MultiPolygon", "coordinates": [ [ [ [ 120.351182386957703, -2.637731492714181, 0.0 ], [ 120.351493359930714, -2.638198708503523, 0.0 ], [ 120.3515660044676, -2.638422129777439, 0.0 ], [ 120.351112247931951, -2.638661636325423, 0.0 ], [ 120.350620559791082, -2.637910228474198, 0.0 ], [ 120.350740082388938, -2.637857323156879, 0.0 ], [ 120.351136581787841, -2.637685737007132, 0.0 ], [ 120.351182386957703, -2.637731492714181, 0.0 ] ] ] ] } },
{ "type": "Feature", "properties": { "OBJECTID": 5361, "WADMPR": "Sulawesi Selatan", "WADMKK": "Kab. Luwu Utara", "WADMKC": "Kec. Masamba", "WADMKD": "Desa Pongo", "POKTAN": "Gapoktan Masagena", "K_POKTAN": "H. Kamaluddin", "P_SID": "Universitas Negeri Makassar", "NO_HP_1": "0813-5551-7977", "NAMA_PEMIL": "Pemerintah Desa", "N_PETAK": "PNB299", "LUAS_HA": 0.70835644787999996, "PAKET": "Paket Sulawesi Selatan 7" }, "geometry": { "type": "MultiPolygon", "coordinates": [ [ [ [ 120.36034215196878, -2.638461942764422, 0.0 ], [ 120.36023280879715, -2.638526810863596, 0.0 ], [ 120.359828332411666, -2.638767885829225, 0.0 ], [ 120.359337551686735, -2.637972163884228, 0.0 ], [ 120.359827756845561, -2.637620620695031, 0.0 ], [ 120.36034215196878, -2.638461942764422, 0.0 ] ] ] ] } },
{ "type": "Feature", "properties": { "OBJECTID": 5362, "WADMPR": "Sulawesi Selatan", "WADMKK": "Kab. Luwu Utara", "WADMKC": "Kec. Masamba", "WADMKD": "Desa Pongo", "POKTAN": "Gapoktan Masagena", "K_POKTAN": "H. Kamaluddin", "P_SID": "Universitas Negeri Makassar", "NO_HP_1": "0813-5551-7977", "NAMA_PEMIL": "Pemerintah Desa", "N_PETAK": "PNB300", "LUAS_HA": 0.50174253070999997, "PAKET": "Paket Sulawesi Selatan 7" }, "geometry": { "type": "MultiPolygon", "coordinates": [ [ [ [ 120.349583505674332, -2.638151879905308, 0.0 ], [ 120.3493487547413, -2.638220515264493, 0.0 ], [ 120.349314401538436, -2.638140440528844, 0.0 ], [ 120.348850625655928, -2.638323467853695, 0.0 ], [ 120.348770466383939, -2.637785827953564, 0.0 ], [ 120.349468993199594, -2.637557046720303, 0.0 ], [ 120.349583505674332, -2.638151879905308, 0.0 ] ] ] ] } },
{ "type": "Feature", "properties": { "OBJECTID": 5363, "WADMPR": "Sulawesi Selatan", "WADMKK": "Kab. Luwu Utara", "WADMKC": "Kec. Masamba", "WADMKD": "Desa Pongo", "POKTAN": "Gapoktan Masagena", "K_POKTAN": "H. Kamaluddin", "P_SID": "Universitas Negeri Makassar", "NO_HP_1": "0813-5551-7977", "NAMA_PEMIL": "Pemerintah Desa", "N_PETAK": "PNB301", "LUAS_HA": 0.66418493158000003, "PAKET": "Paket Sulawesi Selatan 7" }, "geometry": { "type": "MultiPolygon", "coordinates": [ [ [ [ 120.358640792038955, -2.638147756513717, 0.0 ], [ 120.358323194659761, -2.638907230384348, 0.0 ], [ 120.357858304517208, -2.637986656458963, 0.0 ], [ 120.358277165558775, -2.63751716448553, 0.0 ], [ 120.358640792038955, -2.638147756513717, 0.0 ] ] ] ] } },
{ "type": "Feature", "properties": { "OBJECTID": 5364, "WADMPR": "Sulawesi Selatan", "WADMKK": "Kab. Luwu Utara", "WADMKC": "Kec. Masamba", "WADMKD": "Desa Pongo", "POKTAN": "Gapoktan Masagena", "K_POKTAN": "H. Kamaluddin", "P_SID": "Universitas Negeri Makassar", "NO_HP_1": "0813-5551-7977", "NAMA_PEMIL": "Pemerintah Desa", "N_PETAK": "PNB302", "LUAS_HA": 0.677943685, "PAKET": "Paket Sulawesi Selatan 7" }, "geometry": { "type": "MultiPolygon", "coordinates": [ [ [ [ 120.348024150494211, -2.637637647559359, 0.0 ], [ 120.34803186128147, -2.637711474704759, 0.0 ], [ 120.348146373756208, -2.6377743885771, 0.0 ], [ 120.348123470721703, -2.63833490633084, 0.0 ], [ 120.348043312349091, -2.638352065395452, 0.0 ], [ 120.347253170697286, -2.638152017501568, 0.0 ], [ 120.34743728530259, -2.637483451599962, 0.0 ], [ 120.348024150494211, -2.637637647559359, 0.0 ] ] ] ] } },
{ "type": "Feature", "properties": { "OBJECTID": 5365, "WADMPR": "Sulawesi Selatan", "WADMKK": "Kab. Luwu Utara", "WADMKC": "Kec. Masamba", "WADMKD": "Desa Pongo", "POKTAN": "Gapoktan Masagena", "K_POKTAN": "H. Kamaluddin", "P_SID": "Universitas Negeri Makassar", "NO_HP_1": "0813-5551-7977", "NAMA_PEMIL": "Pemerintah Desa", "N_PETAK": "PNB303", "LUAS_HA": 0.46786937897999997, "PAKET": "Paket Sulawesi Selatan 7" }, "geometry": { "type": "MultiPolygon", "coordinates": [ [ [ [ 120.343726302127152, -2.637923473689284, 0.0 ], [ 120.342641574948743, -2.638412774130188, 0.0 ], [ 120.34260773256085, -2.638204599962251, 0.0 ], [ 120.343637244063643, -2.637482214132831, 0.0 ], [ 120.343726302127152, -2.637923473689284, 0.0 ] ] ] ] } },
{ "type": "Feature", "properties": { "OBJECTID": 5366, "WADMPR": "Sulawesi Selatan", "WADMKK": "Kab. Luwu Utara", "WADMKC": "Kec. Masamba", "WADMKD": "Desa Pongo", "POKTAN": "Gapoktan Masagena", "K_POKTAN": "H. Kamaluddin", "P_SID": "Universitas Negeri Makassar", "NO_HP_1": "0813-5551-7977", "NAMA_PEMIL": "Pemerintah Desa", "N_PETAK": "PNB304", "LUAS_HA": 1.2141154521299999, "PAKET": "Paket Sulawesi Selatan 7" }, "geometry": { "type": "MultiPolygon", "coordinates": [ [ [ [ 120.353462975935599, -2.63791845097569, 0.0 ], [ 120.3516536775752, -2.638684871209819, 0.0 ], [ 120.3515660044676, -2.638422129777439, 0.0 ], [ 120.351493359930714, -2.638198708503523, 0.0 ], [ 120.353130889579006, -2.637472324288296, 0.0 ], [ 120.353462975935599, -2.63791845097569, 0.0 ] ] ] ] } },
{ "type": "Feature", "properties": { "OBJECTID": 5367, "WADMPR": "Sulawesi Selatan", "WADMKK": "Kab. Luwu Utara", "WADMKC": "Kec. Masamba", "WADMKD": "Desa Pongo", "POKTAN": "Gapoktan Masagena", "K_POKTAN": "H. Kamaluddin", "P_SID": "Universitas Negeri Makassar", "NO_HP_1": "0813-5551-7977", "NAMA_PEMIL": "Pemerintah Desa", "N_PETAK": "PNB305", "LUAS_HA": 0.56027956172000004, "PAKET": "Paket Sulawesi Selatan 7" }, "geometry": { "type": "MultiPolygon", "coordinates": [ [ [ [ 120.361550380345875, -2.638437630492206, 0.0 ], [ 120.36114532749491, -2.637963534889195, 0.0 ], [ 120.360942801968804, -2.637724184823242, 0.0 ], [ 120.361338648459878, -2.637429601095164, 0.0 ], [ 120.361941624106748, -2.638179869505336, 0.0 ], [ 120.361550380345875, -2.638437630492206, 0.0 ] ] ] ] } },
{ "type": "Feature", "properties": { "OBJECTID": 5368, "WADMPR": "Sulawesi Selatan", "WADMKK": "Kab. Luwu Utara", "WADMKC": "Kec. Masamba", "WADMKD": "Desa Pongo", "POKTAN": "Gapoktan Masagena", "K_POKTAN": "H. Kamaluddin", "P_SID": "Universitas Negeri Makassar", "NO_HP_1": "0813-5551-7977", "NAMA_PEMIL": "Pemerintah Desa", "N_PETAK": "PNB306", "LUAS_HA": 0.42174810315, "PAKET": "Paket Sulawesi Selatan 7" }, "geometry": { "type": "MultiPolygon", "coordinates": [ [ [ [ 120.360658574833451, -2.638274227273712, 0.0 ], [ 120.36034215196878, -2.638461942764422, 0.0 ], [ 120.359827756845561, -2.637620620695031, 0.0 ], [ 120.360064804647095, -2.637418095168925, 0.0 ], [ 120.360658574833451, -2.638274227273712, 0.0 ] ] ] ] } },
{ "type": "Feature", "properties": { "OBJECTID": 5369, "WADMPR": "Sulawesi Selatan", "WADMKK": "Kab. Luwu Utara", "WADMKC": "Kec. Masamba", "WADMKD": "Desa Pongo", "POKTAN": "Gapoktan Masagena", "K_POKTAN": "H. Kamaluddin", "P_SID": "Universitas Negeri Makassar", "NO_HP_1": "0813-5551-7977", "NAMA_PEMIL": "Pemerintah Desa", "N_PETAK": "PNB307", "LUAS_HA": 0.09372445849, "PAKET": "Paket Sulawesi Selatan 7" }, "geometry": { "type": "MultiPolygon", "coordinates": [ [ [ [ 120.344790337704012, -2.637415887333304, 0.0 ], [ 120.344766241269099, -2.637419257092972, 0.0 ], [ 120.344771339525778, -2.637409775540675, 0.0 ], [ 120.344790337704012, -2.637415887333304, 0.0 ] ] ], [ [ [ 120.345387933606276, -2.638171628118073, 0.0 ], [ 120.345069788539945, -2.638113281003086, 0.0 ], [ 120.344643600721611, -2.63803201016907, 0.0 ], [ 120.344672099338027, -2.63759430833062, 0.0 ], [ 120.344709456276405, -2.637524846494443, 0.0 ], [ 120.344705158416446, -2.63756927750012, 0.0 ], [ 120.344705590990316, -2.637731771503979, 0.0 ], [ 120.344710905983561, -2.637942045588886, 0.0 ], [ 120.344920213297314, -2.638017947470246, 0.0 ], [ 120.345062860162898, -2.63804623654454, 0.0 ], [ 120.345286284134772, -2.638069528086191, 0.0 ], [ 120.345324768823048, -2.638035107434234, 0.0 ], [ 120.345392825018962, -2.638155264953468, 0.0 ], [ 120.345387933606276, -2.638171628118073, 0.0 ] ] ] ] } },
{ "type": "Feature", "properties": { "OBJECTID": 5370, "WADMPR": "Sulawesi Selatan", "WADMKK": "Kab. Luwu Utara", "WADMKC": "Kec. Masamba", "WADMKD": "Desa Pongo", "POKTAN": "Gapoktan Masagena", "K_POKTAN": "H. Kamaluddin", "P_SID": "Universitas Negeri Makassar", "NO_HP_1": "0813-5551-7977", "NAMA_PEMIL": "Pemerintah Desa", "N_PETAK": "PNB308", "LUAS_HA": 0.7841132344, "PAKET": "Paket Sulawesi Selatan 7" }, "geometry": { "type": "MultiPolygon", "coordinates": [ [ [ [ 120.350325570468726, -2.638089084743399, 0.0 ], [ 120.35009654551925, -2.638188222408473, 0.0 ], [ 120.349726288337592, -2.638437023449853, 0.0 ], [ 120.349570622885949, -2.637512720035943, 0.0 ], [ 120.350390818981168, -2.637228171842594, 0.0 ], [ 120.350325570468726, -2.638089084743399, 0.0 ] ] ] ] } },
{ "type": "Feature", "properties": { "OBJECTID": 5371, "WADMPR": "Sulawesi Selatan", "WADMKK": "Kab. Luwu Utara", "WADMKC": "Kec. Masamba", "WADMKD": "Desa Pongo", "POKTAN": "Gapoktan Masagena", "K_POKTAN": "H. Kamaluddin", "P_SID": "Universitas Negeri Makassar", "NO_HP_1": "0813-5551-7977", "NAMA_PEMIL": "Pemerintah Desa", "N_PETAK": "PNB309", "LUAS_HA": 0.59408077546000004, "PAKET": "Paket Sulawesi Selatan 7" }, "geometry": { "type": "MultiPolygon", "coordinates": [ [ [ [ 120.358277165558775, -2.63751716448553, 0.0 ], [ 120.357858304517208, -2.637986656458963, 0.0 ], [ 120.35727374069063, -2.638175374693731, 0.0 ], [ 120.357080419725662, -2.637876188235452, 0.0 ], [ 120.357540705339375, -2.637733499101671, 0.0 ], [ 120.357968773640096, -2.637148935275093, 0.0 ], [ 120.358277165558775, -2.63751716448553, 0.0 ] ] ] ] } },
{ "type": "Feature", "properties": { "OBJECTID": 5372, "WADMPR": "Sulawesi Selatan", "WADMKK": "Kab. Luwu Utara", "WADMKC": "Kec. Masamba", "WADMKD": "Desa Pongo", "POKTAN": "Gapoktan Masagena", "K_POKTAN": "H. Kamaluddin", "P_SID": "Universitas Negeri Makassar", "NO_HP_1": "0813-5551-7977", "NAMA_PEMIL": "Pemerintah Desa", "N_PETAK": "PNB310", "LUAS_HA": 0.44190359586, "PAKET": "Paket Sulawesi Selatan 7" }, "geometry": { "type": "MultiPolygon", "coordinates": [ [ [ [ 120.349468993199594, -2.637557046720303, 0.0 ], [ 120.348770466383939, -2.637785827953564, 0.0 ], [ 120.348678856943707, -2.637236751374928, 0.0 ], [ 120.349406010978669, -2.637133798785726, 0.0 ], [ 120.349468993199594, -2.637557046720303, 0.0 ] ] ] ] } },
{ "type": "Feature", "properties": { "OBJECTID": 5373, "WADMPR": "Sulawesi Selatan", "WADMKK": "Kab. Luwu Utara", "WADMKC": "Kec. Masamba", "WADMKD": "Desa Pongo", "POKTAN": "Gapoktan Masagena", "K_POKTAN": "H. Kamaluddin", "P_SID": "Universitas Negeri Makassar", "NO_HP_1": "0813-5551-7977", "NAMA_PEMIL": "Pemerintah Desa", "N_PETAK": "PNB311", "LUAS_HA": 0.31394109488, "PAKET": "Paket Sulawesi Selatan 7" }, "geometry": { "type": "MultiPolygon", "coordinates": [ [ [ [ 120.360098174890936, -2.637270803304887, 0.0 ], [ 120.359520515159716, -2.637751802103935, 0.0 ], [ 120.359317988734233, -2.637466424735692, 0.0 ], [ 120.359884141639895, -2.63700613822266, 0.0 ], [ 120.360098174890936, -2.637270803304887, 0.0 ] ] ] ] } },
{ "type": "Feature", "properties": { "OBJECTID": 5374, "WADMPR": "Sulawesi Selatan", "WADMKK": "Kab. Luwu Utara", "WADMKC": "Kec. Masamba", "WADMKD": "Desa Pongo", "POKTAN": "Gapoktan Masagena", "K_POKTAN": "H. Kamaluddin", "P_SID": "Universitas Negeri Makassar", "NO_HP_1": "0813-5551-7977", "NAMA_PEMIL": "Pemerintah Desa", "N_PETAK": "PNB312", "LUAS_HA": 1.2230916758399999, "PAKET": "Paket Sulawesi Selatan 7" }, "geometry": { "type": "MultiPolygon", "coordinates": [ [ [ [ 120.353130889579006, -2.637472324288296, 0.0 ], [ 120.351493359930714, -2.638198708503523, 0.0 ], [ 120.351182386957703, -2.637731492714181, 0.0 ], [ 120.352791288487197, -2.637005107599578, 0.0 ], [ 120.353130889579006, -2.637472324288296, 0.0 ] ] ] ] } },
{ "type": "Feature", "properties": { "OBJECTID": 5375, "WADMPR": "Sulawesi Selatan", "WADMKK": "Kab. Luwu Utara", "WADMKC": "Kec. Masamba", "WADMKD": "Desa Pongo", "POKTAN": "Gapoktan Masagena", "K_POKTAN": "H. Kamaluddin", "P_SID": "Universitas Negeri Makassar", "NO_HP_1": "0813-5551-7977", "NAMA_PEMIL": "Pemerintah Desa", "N_PETAK": "PNB313", "LUAS_HA": 0.40979021489, "PAKET": "Paket Sulawesi Selatan 7" }, "geometry": { "type": "MultiPolygon", "coordinates": [ [ [ [ 120.348024150494211, -2.637637647559359, 0.0 ], [ 120.34743728530259, -2.637483451599962, 0.0 ], [ 120.347393557566647, -2.637027767817187, 0.0 ], [ 120.348008958246851, -2.636979370801271, 0.0 ], [ 120.348024150494211, -2.637637647559359, 0.0 ] ] ] ] } },
{ "type": "Feature", "properties": { "OBJECTID": 5376, "WADMPR": "Sulawesi Selatan", "WADMKK": "Kab. Luwu Utara", "WADMKC": "Kec. Masamba", "WADMKD": "Desa Pongo", "POKTAN": "Gapoktan Masagena", "K_POKTAN": "H. Kamaluddin", "P_SID": "Universitas Negeri Makassar", "NO_HP_1": "0813-5551-7977", "NAMA_PEMIL": "Pemerintah Desa", "N_PETAK": "PNB314", "LUAS_HA": 0.24098378665, "PAKET": "Paket Sulawesi Selatan 7" }, "geometry": { "type": "MultiPolygon", "coordinates": [ [ [ [ 120.350740082388938, -2.637857323156879, 0.0 ], [ 120.350620559791082, -2.637910228474198, 0.0 ], [ 120.350434477469207, -2.638076096734437, 0.0 ], [ 120.350482429320664, -2.637431215378228, 0.0 ], [ 120.350473840795189, -2.637193854612633, 0.0 ], [ 120.35048529186281, -2.636973651113067, 0.0 ], [ 120.350586921549279, -2.636966501502798, 0.0 ], [ 120.350740082388938, -2.637857323156879, 0.0 ] ] ] ] } },
{ "type": "Feature", "properties": { "OBJECTID": 5377, "WADMPR": "Sulawesi Selatan", "WADMKK": "Kab. Luwu Utara", "WADMKC": "Kec. Masamba", "WADMKD": "Desa Pongo", "POKTAN": "Gapoktan Masagena", "K_POKTAN": "H. Kamaluddin", "P_SID": "Universitas Negeri Makassar", "NO_HP_1": "0813-5551-7977", "NAMA_PEMIL": "Pemerintah Desa", "N_PETAK": "PNB315", "LUAS_HA": 0.31962259194999998, "PAKET": "Paket Sulawesi Selatan 7" }, "geometry": { "type": "MultiPolygon", "coordinates": [ [ [ [ 120.350390818981168, -2.637228171842594, 0.0 ], [ 120.349570622885949, -2.637512720035943, 0.0 ], [ 120.349520524352783, -2.63722531199852, 0.0 ], [ 120.350333562743799, -2.636917884152979, 0.0 ], [ 120.350390818981168, -2.637228171842594, 0.0 ] ] ] ] } },
{ "type": "Feature", "properties": { "OBJECTID": 5378, "WADMPR": "Sulawesi Selatan", "WADMKK": "Kab. Luwu Utara", "WADMKC": "Kec. Masamba", "WADMKD": "Desa Pongo", "POKTAN": "Gapoktan Masagena", "K_POKTAN": "H. Kamaluddin", "P_SID": "Universitas Negeri Makassar", "NO_HP_1": "0813-5551-7977", "NAMA_PEMIL": "Pemerintah Desa", "N_PETAK": "PNB316", "LUAS_HA": 0.35189181321000002, "PAKET": "Paket Sulawesi Selatan 7" }, "geometry": { "type": "MultiPolygon", "coordinates": [ [ [ [ 120.347004615170931, -2.637190018104832, 0.0 ], [ 120.346721539167788, -2.637839023751894, 0.0 ], [ 120.346394735428703, -2.637645702786926, 0.0 ], [ 120.346594960489142, -2.637155497628044, 0.0 ], [ 120.346477587270897, -2.637045027605893, 0.0 ], [ 120.346594960489142, -2.636913847096309, 0.0 ], [ 120.346689319156781, -2.63694606620794, 0.0 ], [ 120.346693921887095, -2.637084153510841, 0.0 ], [ 120.347004615170931, -2.637190018104832, 0.0 ] ] ] ] } },
{ "type": "Feature", "properties": { "OBJECTID": 5379, "WADMPR": "Sulawesi Selatan", "WADMKK": "Kab. Luwu Utara", "WADMKC": "Kec. Masamba", "WADMKD": "Desa Pongo", "POKTAN": "Gapoktan Masagena", "K_POKTAN": "H. Kamaluddin", "P_SID": "Universitas Negeri Makassar", "NO_HP_1": "0813-5551-7977", "NAMA_PEMIL": "Pemerintah Desa", "N_PETAK": "PNB317", "LUAS_HA": 0.63663600940999998, "PAKET": "Paket Sulawesi Selatan 7" }, "geometry": { "type": "MultiPolygon", "coordinates": [ [ [ [ 120.357968773640096, -2.637148935275093, 0.0 ], [ 120.357540705339375, -2.637733499101671, 0.0 ], [ 120.357080419725662, -2.637876188235452, 0.0 ], [ 120.356859482379264, -2.637498751765918, 0.0 ], [ 120.357126448826648, -2.637425106283558, 0.0 ], [ 120.357568323519331, -2.636872762467988, 0.0 ], [ 120.357968773640096, -2.637148935275093, 0.0 ] ] ] ] } },
{ "type": "Feature", "properties": { "OBJECTID": 5380, "WADMPR": "Sulawesi Selatan", "WADMKK": "Kab. Luwu Utara", "WADMKC": "Kec. Masamba", "WADMKD": "Desa Pongo", "POKTAN": "Gapoktan Masagena", "K_POKTAN": "H. Kamaluddin", "P_SID": "Universitas Negeri Makassar", "NO_HP_1": "0813-5551-7977", "NAMA_PEMIL": "Pemerintah Desa", "N_PETAK": "PNB318", "LUAS_HA": 0.58468910169, "PAKET": "Paket Sulawesi Selatan 7" }, "geometry": { "type": "MultiPolygon", "coordinates": [ [ [ [ 120.345808215576767, -2.637177239637879, 0.0 ], [ 120.345849189588535, -2.637215308839359, 0.0 ], [ 120.345797390437269, -2.637447129781151, 0.0 ], [ 120.345776008156349, -2.637542933659404, 0.0 ], [ 120.345856167428224, -2.637635876794207, 0.0 ], [ 120.345845090478633, -2.637683725223667, 0.0 ], [ 120.345657294948296, -2.637667014920737, 0.0 ], [ 120.345689534744338, -2.637628984390062, 0.0 ], [ 120.345669015812518, -2.637623360029977, 0.0 ], [ 120.345409559603581, -2.637552240743275, 0.0 ], [ 120.345239605723236, -2.637505657659915, 0.0 ], [ 120.345183532094438, -2.637490285548211, 0.0 ], [ 120.344975321054335, -2.637433214571161, 0.0 ], [ 120.344870960126741, -2.637404609834846, 0.0 ], [ 120.344790337704012, -2.637415887333304, 0.0 ], [ 120.344771339525778, -2.637409775540675, 0.0 ], [ 120.344793218232553, -2.637368340176693, 0.0 ], [ 120.345014082733769, -2.637007147262011, 0.0 ], [ 120.345365374112816, -2.637098058828315, 0.0 ], [ 120.34554000536707, -2.636846397043541, 0.0 ], [ 120.345634478248598, -2.637017984991985, 0.0 ], [ 120.345808215576767, -2.637177239637879, 0.0 ] ] ] ] } },
{ "type": "Feature", "properties": { "OBJECTID": 5381, "WADMPR": "Sulawesi Selatan", "WADMKK": "Kab. Luwu Utara", "WADMKC": "Kec. Masamba", "WADMKD": "Desa Pongo", "POKTAN": "Gapoktan Masagena", "K_POKTAN": "H. Kamaluddin", "P_SID": "Universitas Negeri Makassar", "NO_HP_1": "0813-5551-7977", "NAMA_PEMIL": "Pemerintah Desa", "N_PETAK": "PNB319", "LUAS_HA": 1.16338920124, "PAKET": "Paket Sulawesi Selatan 7" }, "geometry": { "type": "MultiPolygon", "coordinates": [ [ [ [ 120.361338648459878, -2.637429601095164, 0.0 ], [ 120.360942801968804, -2.637724184823242, 0.0 ], [ 120.36114532749491, -2.637963534889195, 0.0 ], [ 120.360658574833451, -2.638274227273712, 0.0 ], [ 120.360064804647095, -2.637418095168925, 0.0 ], [ 120.360712658262628, -2.636845036369266, 0.0 ], [ 120.360998035630928, -2.637070578244561, 0.0 ], [ 120.361338648459878, -2.637429601095164, 0.0 ] ] ] ] } },
{ "type": "Feature", "properties": { "OBJECTID": 5382, "WADMPR": "Sulawesi Selatan", "WADMKK": "Kab. Luwu Utara", "WADMKC": "Kec. Masamba", "WADMKD": "Desa Pongo", "POKTAN": "Gapoktan Masagena", "K_POKTAN": "H. Kamaluddin", "P_SID": "Universitas Negeri Makassar", "NO_HP_1": "0813-5551-7977", "NAMA_PEMIL": "Pemerintah Desa", "N_PETAK": "PNB320", "LUAS_HA": 0.39696700233, "PAKET": "Paket Sulawesi Selatan 7" }, "geometry": { "type": "MultiPolygon", "coordinates": [ [ [ [ 120.346477587270897, -2.637045027605893, 0.0 ], [ 120.346594960489142, -2.637155497628044, 0.0 ], [ 120.346394735428703, -2.637645702786926, 0.0 ], [ 120.346081738981184, -2.637496109557787, 0.0 ], [ 120.34618760627302, -2.637410955451173, 0.0 ], [ 120.346063632031019, -2.637289842851942, 0.0 ], [ 120.346055043505544, -2.637241227300763, 0.0 ], [ 120.345920491437596, -2.637209769015556, 0.0 ], [ 120.345929079963184, -2.637164011509867, 0.0 ], [ 120.345974885132932, -2.637046760599446, 0.0 ], [ 120.345997787268175, -2.636935230276606, 0.0 ], [ 120.346106574658734, -2.636757923539278, 0.0 ], [ 120.346210620823513, -2.636715923401084, 0.0 ], [ 120.346249744929878, -2.636982889848468, 0.0 ], [ 120.346385529968302, -2.636957573932818, 0.0 ], [ 120.346477587270897, -2.637045027605893, 0.0 ] ] ] ] } },
{ "type": "Feature", "properties": { "OBJECTID": 5383, "WADMPR": "Sulawesi Selatan", "WADMKK": "Kab. Luwu Utara", "WADMKC": "Kec. Masamba", "WADMKD": "Desa Pongo", "POKTAN": "Gapoktan Masagena", "K_POKTAN": "H. Kamaluddin", "P_SID": "Universitas Negeri Makassar", "NO_HP_1": "0813-5551-7977", "NAMA_PEMIL": "Pemerintah Desa", "N_PETAK": "PNB321", "LUAS_HA": 0.44881691772, "PAKET": "Paket Sulawesi Selatan 7" }, "geometry": { "type": "MultiPolygon", "coordinates": [ [ [ [ 120.358277165558775, -2.63751716448553, 0.0 ], [ 120.357968773640096, -2.637148935275093, 0.0 ], [ 120.358479691984257, -2.636638016930874, 0.0 ], [ 120.358834113003923, -2.636997039781534, 0.0 ], [ 120.358277165558775, -2.63751716448553, 0.0 ] ] ] ] } },
{ "type": "Feature", "properties": { "OBJECTID": 5384, "WADMPR": "Sulawesi Selatan", "WADMKK": "Kab. Luwu Utara", "WADMKC": "Kec. Masamba", "WADMKD": "Desa Pongo", "POKTAN": "Gapoktan Masagena", "K_POKTAN": "H. Kamaluddin", "P_SID": "Universitas Negeri Makassar", "NO_HP_1": "0813-5551-7977", "NAMA_PEMIL": "Pemerintah Desa", "N_PETAK": "PNB322", "LUAS_HA": 0.53700281581999998, "PAKET": "Paket Sulawesi Selatan 7" }, "geometry": { "type": "MultiPolygon", "coordinates": [ [ [ [ 120.357568323519331, -2.636872762467988, 0.0 ], [ 120.357126448826648, -2.637425106283558, 0.0 ], [ 120.356859482379264, -2.637498751765918, 0.0 ], [ 120.356805415137842, -2.637452412398886, 0.0 ], [ 120.35657733087919, -2.637462589127153, 0.0 ], [ 120.35643716884033, -2.637502205162605, 0.0 ], [ 120.357159819070489, -2.636636864899344, 0.0 ], [ 120.357568323519331, -2.636872762467988, 0.0 ] ] ] ] } },
{ "type": "Feature", "properties": { "OBJECTID": 5385, "WADMPR": "Sulawesi Selatan", "WADMKK": "Kab. Luwu Utara", "WADMKC": "Kec. Masamba", "WADMKD": "Desa Pongo", "POKTAN": "Gapoktan Masagena", "K_POKTAN": "H. Kamaluddin", "P_SID": "Universitas Negeri Makassar", "NO_HP_1": "0813-5551-7977", "NAMA_PEMIL": "Pemerintah Desa", "N_PETAK": "PNB323", "LUAS_HA": 0.14473318719, "PAKET": "Paket Sulawesi Selatan 7" }, "geometry": { "type": "MultiPolygon", "coordinates": [ [ [ [ 120.345751675199722, -2.636603494655503, 0.0 ], [ 120.34572590962307, -2.636689288180037, 0.0 ], [ 120.345777439876997, -2.636820839210316, 0.0 ], [ 120.345871912758639, -2.636878034293773, 0.0 ], [ 120.345808215576767, -2.637177239637879, 0.0 ], [ 120.345634478248598, -2.637017984991985, 0.0 ], [ 120.34554000536707, -2.636846397043541, 0.0 ], [ 120.345562908401575, -2.636769183051285, 0.0 ], [ 120.345471119096942, -2.636603494655503, 0.0 ], [ 120.345642887809049, -2.636597774967299, 0.0 ], [ 120.345751675199722, -2.636603494655503, 0.0 ] ] ] ] } },
{ "type": "Feature", "properties": { "OBJECTID": 5386, "WADMPR": "Sulawesi Selatan", "WADMKK": "Kab. Luwu Utara", "WADMKC": "Kec. Masamba", "WADMKD": "Desa Pongo", "POKTAN": "Gapoktan Masagena", "K_POKTAN": "H. Kamaluddin", "P_SID": "Universitas Negeri Makassar", "NO_HP_1": "0813-5551-7977", "NAMA_PEMIL": "Pemerintah Desa", "N_PETAK": "PNB324", "LUAS_HA": 0.30963651533999997, "PAKET": "Paket Sulawesi Selatan 7" }, "geometry": { "type": "MultiPolygon", "coordinates": [ [ [ [ 120.347004615170931, -2.637190018104832, 0.0 ], [ 120.346693921887095, -2.637084153510841, 0.0 ], [ 120.346689319156781, -2.63694606620794, 0.0 ], [ 120.346594960489142, -2.636913847096309, 0.0 ], [ 120.346516711377149, -2.636662990204798, 0.0 ], [ 120.346689319156781, -2.636593947452639, 0.0 ], [ 120.347071356557876, -2.636446654689337, 0.0 ], [ 120.347016122895866, -2.636635372924047, 0.0 ], [ 120.34704834290676, -2.636819488428614, 0.0 ], [ 120.347027629721424, -2.636911545731209, 0.0 ], [ 120.347036835181825, -2.637070343521486, 0.0 ], [ 120.347004615170931, -2.637190018104832, 0.0 ] ] ] ] } },
{ "type": "Feature", "properties": { "OBJECTID": 5387, "WADMPR": "Sulawesi Selatan", "WADMKK": "Kab. Luwu Utara", "WADMKC": "Kec. Masamba", "WADMKD": "Desa Pongo", "POKTAN": "Gapoktan Masagena", "K_POKTAN": "H. Kamaluddin", "P_SID": "Universitas Negeri Makassar", "NO_HP_1": "0813-5551-7977", "NAMA_PEMIL": "Pemerintah Desa", "N_PETAK": "PNB325", "LUAS_HA": 0.61822223704000001, "PAKET": "Paket Sulawesi Selatan 7" }, "geometry": { "type": "MultiPolygon", "coordinates": [ [ [ [ 120.357159819070489, -2.636636864899344, 0.0 ], [ 120.35643716884033, -2.637502205162605, 0.0 ], [ 120.356375836875486, -2.637533889177575, 0.0 ], [ 120.356319204767601, -2.637523511001177, 0.0 ], [ 120.356154092837187, -2.63704652048051, 0.0 ], [ 120.356767425076669, -2.636429736642981, 0.0 ], [ 120.357159819070489, -2.636636864899344, 0.0 ] ] ] ] } },
{ "type": "Feature", "properties": { "OBJECTID": 5388, "WADMPR": "Sulawesi Selatan", "WADMKK": "Kab. Luwu Utara", "WADMKC": "Kec. Masamba", "WADMKD": "Desa Pongo", "POKTAN": "Gapoktan Masagena", "K_POKTAN": "H. Kamaluddin", "P_SID": "Universitas Negeri Makassar", "NO_HP_1": "0813-5551-7977", "NAMA_PEMIL": "Pemerintah Desa", "N_PETAK": "PNB326", "LUAS_HA": 0.26054173193000002, "PAKET": "Paket Sulawesi Selatan 7" }, "geometry": { "type": "MultiPolygon", "coordinates": [ [ [ [ 120.346106574658734, -2.636757923539278, 0.0 ], [ 120.345997787268175, -2.636935230276606, 0.0 ], [ 120.345974885132932, -2.637046760599446, 0.0 ], [ 120.345929079963184, -2.637164011509867, 0.0 ], [ 120.345920491437596, -2.637209769015556, 0.0 ], [ 120.346055043505544, -2.637241227300763, 0.0 ], [ 120.346063632031019, -2.637289842851942, 0.0 ], [ 120.345797390437269, -2.637447129781151, 0.0 ], [ 120.345849189588535, -2.637215308839359, 0.0 ], [ 120.345808215576767, -2.637177239637879, 0.0 ], [ 120.345871912758639, -2.636878034293773, 0.0 ], [ 120.345777439876997, -2.636820839210316, 0.0 ], [ 120.34572590962307, -2.636689288180037, 0.0 ], [ 120.345751675199722, -2.636603494655503, 0.0 ], [ 120.345854736606839, -2.636666409427221, 0.0 ], [ 120.346055133437744, -2.636397591275795, 0.0 ], [ 120.346192459014787, -2.636371852678792, 0.0 ], [ 120.346198184098967, -2.636483384800329, 0.0 ], [ 120.346160967454693, -2.636617793876042, 0.0 ], [ 120.346106574658734, -2.636757923539278, 0.0 ] ] ] ] } },
{ "type": "Feature", "properties": { "OBJECTID": 5389, "WADMPR": "Sulawesi Selatan", "WADMKK": "Kab. Luwu Utara", "WADMKC": "Kec. Masamba", "WADMKD": "Desa Pongo", "POKTAN": "Gapoktan Masagena", "K_POKTAN": "H. Kamaluddin", "P_SID": "Universitas Negeri Makassar", "NO_HP_1": "0813-5551-7977", "NAMA_PEMIL": "Pemerintah Desa", "N_PETAK": "PNB327", "LUAS_HA": 0.1584974129, "PAKET": "Paket Sulawesi Selatan 7" }, "geometry": { "type": "MultiPolygon", "coordinates": [ [ [ [ 120.346055133437744, -2.636397591275795, 0.0 ], [ 120.345854736606839, -2.636666409427221, 0.0 ], [ 120.345751675199722, -2.636603494655503, 0.0 ], [ 120.345642887809049, -2.636597774967299, 0.0 ], [ 120.345471119096942, -2.636603494655503, 0.0 ], [ 120.345319568943069, -2.63633735648375, 0.0 ], [ 120.345774577334964, -2.636409030652203, 0.0 ], [ 120.346055133437744, -2.636397591275795, 0.0 ] ] ] ] } },
{ "type": "Feature", "properties": { "OBJECTID": 5390, "WADMPR": "Sulawesi Selatan", "WADMKK": "Kab. Luwu Utara", "WADMKC": "Kec. Masamba", "WADMKD": "Desa Pongo", "POKTAN": "Gapoktan Masagena", "K_POKTAN": "H. Kamaluddin", "P_SID": "Universitas Negeri Makassar", "NO_HP_1": "0813-5551-7977", "NAMA_PEMIL": "Pemerintah Desa", "N_PETAK": "PNB328", "LUAS_HA": 0.26403355409000001, "PAKET": "Paket Sulawesi Selatan 7" }, "geometry": { "type": "MultiPolygon", "coordinates": [ [ [ [ 120.35588453724165, -2.636670523825558, 0.0 ], [ 120.356103173222891, -2.636884557975918, 0.0 ], [ 120.355852317230756, -2.637004232559264, 0.0 ], [ 120.355265451139758, -2.636472601029652, 0.0 ], [ 120.355509403036535, -2.636329911895871, 0.0 ], [ 120.35588453724165, -2.636670523825558, 0.0 ] ] ] ] } },
{ "type": "Feature", "properties": { "OBJECTID": 5391, "WADMPR": "Sulawesi Selatan", "WADMKK": "Kab. Luwu Utara", "WADMKC": "Kec. Masamba", "WADMKD": "Desa Pongo", "POKTAN": "Gapoktan Masagena", "K_POKTAN": "H. Kamaluddin", "P_SID": "Universitas Negeri Makassar", "NO_HP_1": "0813-5551-7977", "NAMA_PEMIL": "Pemerintah Desa", "N_PETAK": "PNB329", "LUAS_HA": 0.91548379281000003, "PAKET": "Paket Sulawesi Selatan 7" }, "geometry": { "type": "MultiPolygon", "coordinates": [ [ [ [ 120.343183938088373, -2.637116573171284, 0.0 ], [ 120.342510658839842, -2.63759608718965, 0.0 ], [ 120.342418038561732, -2.637354106606665, 0.0 ], [ 120.342276179502164, -2.636981452731789, 0.0 ], [ 120.342264858836188, -2.63675271016939, 0.0 ], [ 120.342254172192384, -2.636573003141507, 0.0 ], [ 120.342268421050903, -2.636416427576023, 0.0 ], [ 120.342295139009479, -2.636341697511284, 0.0 ], [ 120.342731522441909, -2.636323015894448, 0.0 ], [ 120.343183938088373, -2.637116573171284, 0.0 ] ] ] ] } },
{ "type": "Feature", "properties": { "OBJECTID": 5392, "WADMPR": "Sulawesi Selatan", "WADMKK": "Kab. Luwu Utara", "WADMKC": "Kec. Masamba", "WADMKD": "Desa Pongo", "POKTAN": "Gapoktan Masagena", "K_POKTAN": "H. Kamaluddin", "P_SID": "Universitas Negeri Makassar", "NO_HP_1": "0813-5551-7977", "NAMA_PEMIL": "Pemerintah Desa", "N_PETAK": "PNB330", "LUAS_HA": 0.34070055985999997, "PAKET": "Paket Sulawesi Selatan 7" }, "geometry": { "type": "MultiPolygon", "coordinates": [ [ [ [ 120.343412818246975, -2.636989354175284, 0.0 ], [ 120.343183938088373, -2.637116573171284, 0.0 ], [ 120.342731522441909, -2.636323015894448, 0.0 ], [ 120.343172361115649, -2.636291877767917, 0.0 ], [ 120.343412818246975, -2.636989354175284, 0.0 ] ] ] ] } },
{ "type": "Feature", "properties": { "OBJECTID": 5393, "WADMPR": "Sulawesi Selatan", "WADMKK": "Kab. Luwu Utara", "WADMKC": "Kec. Masamba", "WADMKD": "Desa Pongo", "POKTAN": "Gapoktan Masagena", "K_POKTAN": "H. Kamaluddin", "P_SID": "Universitas Negeri Makassar", "NO_HP_1": "0813-5551-7977", "NAMA_PEMIL": "Pemerintah Desa", "N_PETAK": "PNB331", "LUAS_HA": 0.3283991256, "PAKET": "Paket Sulawesi Selatan 7" }, "geometry": { "type": "MultiPolygon", "coordinates": [ [ [ [ 120.346689319156781, -2.636593947452639, 0.0 ], [ 120.346516711377149, -2.636662990204798, 0.0 ], [ 120.346594960489142, -2.636913847096309, 0.0 ], [ 120.346477587270897, -2.637045027605893, 0.0 ], [ 120.346385529968302, -2.636957573932818, 0.0 ], [ 120.346249744929878, -2.636982889848468, 0.0 ], [ 120.346210620823513, -2.636715923401084, 0.0 ], [ 120.346106574658734, -2.636757923539278, 0.0 ], [ 120.346160967454693, -2.636617793876042, 0.0 ], [ 120.346198184098967, -2.636483384800329, 0.0 ], [ 120.346192459014787, -2.636371852678792, 0.0 ], [ 120.34658115139905, -2.636276349174125, 0.0 ], [ 120.346689319156781, -2.636593947452639, 0.0 ] ] ] ] } },
{ "type": "Feature", "properties": { "OBJECTID": 5394, "WADMPR": "Sulawesi Selatan", "WADMKK": "Kab. Luwu Utara", "WADMKC": "Kec. Masamba", "WADMKD": "Desa Pongo", "POKTAN": "Gapoktan Masagena", "K_POKTAN": "H. Kamaluddin", "P_SID": "Universitas Negeri Makassar", "NO_HP_1": "0813-5551-7977", "NAMA_PEMIL": "Pemerintah Desa", "N_PETAK": "PNB332", "LUAS_HA": 0.39174642662999998, "PAKET": "Paket Sulawesi Selatan 7" }, "geometry": { "type": "MultiPolygon", "coordinates": [ [ [ [ 120.345319568943069, -2.63633735648375, 0.0 ], [ 120.345562908401575, -2.636769183051285, 0.0 ], [ 120.34554000536707, -2.636846397043541, 0.0 ], [ 120.345365374112816, -2.637098058828315, 0.0 ], [ 120.345014082733769, -2.637007147262011, 0.0 ], [ 120.345074642181089, -2.636768725296406, 0.0 ], [ 120.344964209930367, -2.63627408558051, 0.0 ], [ 120.345319568943069, -2.63633735648375, 0.0 ] ] ] ] } },
{ "type": "Feature", "properties": { "OBJECTID": 5395, "WADMPR": "Sulawesi Selatan", "WADMKK": "Kab. Luwu Utara", "WADMKC": "Kec. Masamba", "WADMKD": "Desa Pongo", "POKTAN": "Gapoktan Masagena", "K_POKTAN": "H. Kamaluddin", "P_SID": "Universitas Negeri Makassar", "NO_HP_1": "0813-5551-7977", "NAMA_PEMIL": "Pemerintah Desa", "N_PETAK": "PNB333", "LUAS_HA": 0.57578561287999996, "PAKET": "Paket Sulawesi Selatan 7" }, "geometry": { "type": "MultiPolygon", "coordinates": [ [ [ [ 120.343412818246975, -2.636989354175284, 0.0 ], [ 120.343172361115649, -2.636291877767917, 0.0 ], [ 120.344486858781579, -2.636210031367796, 0.0 ], [ 120.343412818246975, -2.636989354175284, 0.0 ] ] ] ] } },
{ "type": "Feature", "properties": { "OBJECTID": 5396, "WADMPR": "Sulawesi Selatan", "WADMKK": "Kab. Luwu Utara", "WADMKC": "Kec. Masamba", "WADMKD": "Desa Pongo", "POKTAN": "Gapoktan Masagena", "K_POKTAN": "H. Kamaluddin", "P_SID": "Universitas Negeri Makassar", "NO_HP_1": "0813-5551-7977", "NAMA_PEMIL": "Pemerintah Desa", "N_PETAK": "PNB334", "LUAS_HA": 3.5076021080599999, "PAKET": "Paket Sulawesi Selatan 7" }, "geometry": { "type": "MultiPolygon", "coordinates": [ [ [ [ 120.344964209930367, -2.63627408558051, 0.0 ], [ 120.345074642181089, -2.636768725296406, 0.0 ], [ 120.345014082733769, -2.637007147262011, 0.0 ], [ 120.344793218232553, -2.637368340176693, 0.0 ], [ 120.344771339525778, -2.637409775540675, 0.0 ], [ 120.344766241269099, -2.637419257092972, 0.0 ], [ 120.344746129730197, -2.637422071071683, 0.0 ], [ 120.344719030458918, -2.637425862613441, 0.0 ], [ 120.344709456276405, -2.637524846494443, 0.0 ], [ 120.344672099338027, -2.63759430833062, 0.0 ], [ 120.344643600721611, -2.63803201016907, 0.0 ], [ 120.344629630653003, -2.638051795254114, 0.0 ], [ 120.344561667087305, -2.638142324608566, 0.0 ], [ 120.344145458146386, -2.63827414363675, 0.0 ], [ 120.343779737145269, -2.638389643567166, 0.0 ], [ 120.343726302127152, -2.637923473689284, 0.0 ], [ 120.343637244063643, -2.637482214132831, 0.0 ], [ 120.34260773256085, -2.638204599962251, 0.0 ], [ 120.342599716903464, -2.637925254346953, 0.0 ], [ 120.342558750985631, -2.63772953399075, 0.0 ], [ 120.342510658839842, -2.63759608718965, 0.0 ], [ 120.343183938088373, -2.637116573171284, 0.0 ], [ 120.343412818246975, -2.636989354175284, 0.0 ], [ 120.344486858781579, -2.636210031367796, 0.0 ], [ 120.344964209930367, -2.63627408558051, 0.0 ] ] ] ] } },
{ "type": "Feature", "properties": { "OBJECTID": 5397, "WADMPR": "Sulawesi Selatan", "WADMKK": "Kab. Luwu Utara", "WADMKC": "Kec. Masamba", "WADMKD": "Desa Pongo", "POKTAN": "Gapoktan Masagena", "K_POKTAN": "H. Kamaluddin", "P_SID": "Universitas Negeri Makassar", "NO_HP_1": "0813-5551-7977", "NAMA_PEMIL": "Pemerintah Desa", "N_PETAK": "PNB335", "LUAS_HA": 0.64989311031999997, "PAKET": "Paket Sulawesi Selatan 7" }, "geometry": { "type": "MultiPolygon", "coordinates": [ [ [ [ 120.348008958246851, -2.636979370801271, 0.0 ], [ 120.347393557566647, -2.637027767817187, 0.0 ], [ 120.347375146645732, -2.6365513699497, 0.0 ], [ 120.347330471923783, -2.63627872428367, 0.0 ], [ 120.348054763416712, -2.636207229080298, 0.0 ], [ 120.348077666451218, -2.636985089590155, 0.0 ], [ 120.348008958246851, -2.636979370801271, 0.0 ] ] ] ] } },
{ "type": "Feature", "properties": { "OBJECTID": 5398, "WADMPR": "Sulawesi Selatan", "WADMKK": "Kab. Luwu Utara", "WADMKC": "Kec. Masamba", "WADMKD": "Desa Pongo", "POKTAN": "Gapoktan Masagena", "K_POKTAN": "H. Kamaluddin", "P_SID": "Universitas Negeri Makassar", "NO_HP_1": "0813-5551-7977", "NAMA_PEMIL": "Pemerintah Desa", "N_PETAK": "PNB336", "LUAS_HA": 0.71279912623999997, "PAKET": "Paket Sulawesi Selatan 7" }, "geometry": { "type": "MultiPolygon", "coordinates": [ [ [ [ 120.350333562743799, -2.636917884152979, 0.0 ], [ 120.349520524352783, -2.63722531199852, 0.0 ], [ 120.349371657775805, -2.636744868980486, 0.0 ], [ 120.349652212979322, -2.636659074556576, 0.0 ], [ 120.349606408708837, -2.636447451488664, 0.0 ], [ 120.35020759920144, -2.636204369236225, 0.0 ], [ 120.350333562743799, -2.636917884152979, 0.0 ] ] ] ] } },
{ "type": "Feature", "properties": { "OBJECTID": 5399, "WADMPR": "Sulawesi Selatan", "WADMKK": "Kab. Luwu Utara", "WADMKC": "Kec. Masamba", "WADMKD": "Desa Pongo", "POKTAN": "Gapoktan Masagena", "K_POKTAN": "H. Kamaluddin", "P_SID": "Universitas Negeri Makassar", "NO_HP_1": "0813-5551-7977", "NAMA_PEMIL": "Pemerintah Desa", "N_PETAK": "PNB337", "LUAS_HA": 0.41518484175999998, "PAKET": "Paket Sulawesi Selatan 7" }, "geometry": { "type": "MultiPolygon", "coordinates": [ [ [ [ 120.356767425076669, -2.636429736642981, 0.0 ], [ 120.356154092837187, -2.63704652048051, 0.0 ], [ 120.356103173222891, -2.636884557975918, 0.0 ], [ 120.35588453724165, -2.636670523825558, 0.0 ], [ 120.356381646495834, -2.63619182549229, 0.0 ], [ 120.356767425076669, -2.636429736642981, 0.0 ] ] ] ] } },
{ "type": "Feature", "properties": { "OBJECTID": 5400, "WADMPR": "Sulawesi Selatan", "WADMKK": "Kab. Luwu Utara", "WADMKC": "Kec. Masamba", "WADMKD": "Desa Pongo", "POKTAN": "Gapoktan Masagena", "K_POKTAN": "H. Kamaluddin", "P_SID": "Universitas Negeri Makassar", "NO_HP_1": "0813-5551-7977", "NAMA_PEMIL": "Pemerintah Desa", "N_PETAK": "PNB338", "LUAS_HA": 1.9922887819699999, "PAKET": "Paket Sulawesi Selatan 7" }, "geometry": { "type": "MultiPolygon", "coordinates": [ [ [ [ 120.34927432235213, -2.636744868980486, 0.0 ], [ 120.349406010978669, -2.637133798785726, 0.0 ], [ 120.348678856943707, -2.637236751374928, 0.0 ], [ 120.348770466383939, -2.637785827953564, 0.0 ], [ 120.348850625655928, -2.638323467853695, 0.0 ], [ 120.348123470721703, -2.63833490633084, 0.0 ], [ 120.348146373756208, -2.6377743885771, 0.0 ], [ 120.34803186128147, -2.637711474704759, 0.0 ], [ 120.348024150494211, -2.637637647559359, 0.0 ], [ 120.348008958246851, -2.636979370801271, 0.0 ], [ 120.348077666451218, -2.636985089590155, 0.0 ], [ 120.348054763416712, -2.636207229080298, 0.0 ], [ 120.348524265282663, -2.636184351226802, 0.0 ], [ 120.348638777757401, -2.636802064063943, 0.0 ], [ 120.34927432235213, -2.636744868980486, 0.0 ] ] ] ] } },
{ "type": "Feature", "properties": { "OBJECTID": 5401, "WADMPR": "Sulawesi Selatan", "WADMKK": "Kab. Luwu Utara", "WADMKC": "Kec. Masamba", "WADMKD": "Desa Pongo", "POKTAN": "Gapoktan Masagena", "K_POKTAN": "H. Kamaluddin", "P_SID": "Universitas Negeri Makassar", "NO_HP_1": "0813-5551-7977", "NAMA_PEMIL": "Pemerintah Desa", "N_PETAK": "PNB339", "LUAS_HA": 0.15826005935000001, "PAKET": "Paket Sulawesi Selatan 7" }, "geometry": { "type": "MultiPolygon", "coordinates": [ [ [ [ 120.347071356557876, -2.636446654689337, 0.0 ], [ 120.346689319156781, -2.636593947452639, 0.0 ], [ 120.34658115139905, -2.636276349174125, 0.0 ], [ 120.346988504715796, -2.636172785045972, 0.0 ], [ 120.347071356557876, -2.636446654689337, 0.0 ] ] ] ] } },
{ "type": "Feature", "properties": { "OBJECTID": 5402, "WADMPR": "Sulawesi Selatan", "WADMKK": "Kab. Luwu Utara", "WADMKC": "Kec. Masamba", "WADMKD": "Desa Pongo", "POKTAN": "Gapoktan Masagena", "K_POKTAN": "H. Kamaluddin", "P_SID": "Universitas Negeri Makassar", "NO_HP_1": "0813-5551-7977", "NAMA_PEMIL": "Pemerintah Desa", "N_PETAK": "PNB340", "LUAS_HA": 0.22911686979000001, "PAKET": "Paket Sulawesi Selatan 7" }, "geometry": { "type": "MultiPolygon", "coordinates": [ [ [ [ 120.354416222230952, -2.636612988798333, 0.0 ], [ 120.354335671753915, -2.636654413370422, 0.0 ], [ 120.354296547647664, -2.636599178809035, 0.0 ], [ 120.354038786660794, -2.636774087953768, 0.0 ], [ 120.353820150679439, -2.636371338266599, 0.0 ], [ 120.354158461244083, -2.636166510476016, 0.0 ], [ 120.354416222230952, -2.636612988798333, 0.0 ] ] ] ] } },
{ "type": "Feature", "properties": { "OBJECTID": 5403, "WADMPR": "Sulawesi Selatan", "WADMKK": "Kab. Luwu Utara", "WADMKC": "Kec. Masamba", "WADMKD": "Desa Pongo", "POKTAN": "Gapoktan Masagena", "K_POKTAN": "H. Kamaluddin", "P_SID": "Universitas Negeri Makassar", "NO_HP_1": "0813-5551-7977", "NAMA_PEMIL": "Pemerintah Desa", "N_PETAK": "PNB341", "LUAS_HA": 0.58102647868000001, "PAKET": "Paket Sulawesi Selatan 7" }, "geometry": { "type": "MultiPolygon", "coordinates": [ [ [ [ 120.347260074792644, -2.636378763968708, 0.0 ], [ 120.347216347056815, -2.636486930827175, 0.0 ], [ 120.347165716125005, -2.636620413601179, 0.0 ], [ 120.347126591119377, -2.636737786819367, 0.0 ], [ 120.347147304304713, -2.636770006830318, 0.0 ], [ 120.347142701574512, -2.63684135094752, 0.0 ], [ 120.347161112495428, -2.636868968228271, 0.0 ], [ 120.347280787078716, -2.636868968228271, 0.0 ], [ 120.347266978888001, -2.63694261460995, 0.0 ], [ 120.347342926634838, -2.637071495553016, 0.0 ], [ 120.347352132095239, -2.637260212888464, 0.0 ], [ 120.347319911184968, -2.637283226539637, 0.0 ], [ 120.347289993438494, -2.63741671021296, 0.0 ], [ 120.347269280253158, -2.637474245240185, 0.0 ], [ 120.34743728530259, -2.637483451599962, 0.0 ], [ 120.347085165647968, -2.637721650533706, 0.0 ], [ 120.347016122895866, -2.637937985149847, 0.0 ], [ 120.346721539167788, -2.637839023751894, 0.0 ], [ 120.347004615170931, -2.637190018104832, 0.0 ], [ 120.347036835181825, -2.637070343521486, 0.0 ], [ 120.347027629721424, -2.636911545731209, 0.0 ], [ 120.34704834290676, -2.636819488428614, 0.0 ], [ 120.347016122895866, -2.636635372924047, 0.0 ], [ 120.347071356557876, -2.636446654689337, 0.0 ], [ 120.346988504715796, -2.636172785045972, 0.0 ], [ 120.347197935236636, -2.636146317998111, 0.0 ], [ 120.347260074792644, -2.636378763968708, 0.0 ] ] ] ] } },
{ "type": "Feature", "properties": { "OBJECTID": 5404, "WADMPR": "Sulawesi Selatan", "WADMKK": "Kab. Luwu Utara", "WADMKC": "Kec. Masamba", "WADMKD": "Desa Pongo", "POKTAN": "Gapoktan Masagena", "K_POKTAN": "H. Kamaluddin", "P_SID": "Universitas Negeri Makassar", "NO_HP_1": "0813-5551-7977", "NAMA_PEMIL": "Pemerintah Desa", "N_PETAK": "PNB342", "LUAS_HA": 0.21800865103, "PAKET": "Paket Sulawesi Selatan 7" }, "geometry": { "type": "MultiPolygon", "coordinates": [ [ [ [ 120.347330471923783, -2.63627872428367, 0.0 ], [ 120.347375146645732, -2.6365513699497, 0.0 ], [ 120.347393557566647, -2.637027767817187, 0.0 ], [ 120.34743728530259, -2.637483451599962, 0.0 ], [ 120.347269280253158, -2.637474245240185, 0.0 ], [ 120.347289993438494, -2.63741671021296, 0.0 ], [ 120.347319911184968, -2.637283226539637, 0.0 ], [ 120.347352132095239, -2.637260212888464, 0.0 ], [ 120.347342926634838, -2.637071495553016, 0.0 ], [ 120.347266978888001, -2.63694261460995, 0.0 ], [ 120.347280787078716, -2.636868968228271, 0.0 ], [ 120.347161112495428, -2.636868968228271, 0.0 ], [ 120.347142701574512, -2.63684135094752, 0.0 ], [ 120.347147304304713, -2.636770006830318, 0.0 ], [ 120.347126591119377, -2.636737786819367, 0.0 ], [ 120.347260074792644, -2.636378763968708, 0.0 ], [ 120.347197935236636, -2.636146317998111, 0.0 ], [ 120.347298980363689, -2.636124294500519, 0.0 ], [ 120.347330471923783, -2.63627872428367, 0.0 ] ] ] ] } },
{ "type": "Feature", "properties": { "OBJECTID": 5405, "WADMPR": "Sulawesi Selatan", "WADMKK": "Kab. Luwu Utara", "WADMKC": "Kec. Masamba", "WADMKD": "Desa Pongo", "POKTAN": "Gapoktan Masagena", "K_POKTAN": "H. Kamaluddin", "P_SID": "Universitas Negeri Makassar", "NO_HP_1": "0813-5551-7977", "NAMA_PEMIL": "Pemerintah Desa", "N_PETAK": "PNB343", "LUAS_HA": 0.08022371783, "PAKET": "Paket Sulawesi Selatan 7" }, "geometry": { "type": "MultiPolygon", "coordinates": [ [ [ [ 120.343198025068887, -2.636205346799272, 0.0 ], [ 120.342730852446948, -2.636223415977838, 0.0 ], [ 120.342710139261612, -2.63610834412475, 0.0 ], [ 120.343066843659926, -2.636058054935233, 0.0 ], [ 120.343179614147971, -2.636053452205033, 0.0 ], [ 120.343198025068887, -2.636205346799272, 0.0 ] ] ] ] } },
{ "type": "Feature", "properties": { "OBJECTID": 5406, "WADMPR": "Sulawesi Selatan", "WADMKK": "Kab. Luwu Utara", "WADMKC": "Kec. Masamba", "WADMKD": "Desa Pongo", "POKTAN": "Gapoktan Masagena", "K_POKTAN": "H. Kamaluddin", "P_SID": "Universitas Negeri Makassar", "NO_HP_1": "0813-5551-7977", "NAMA_PEMIL": "Pemerintah Desa", "N_PETAK": "PNB344", "LUAS_HA": 0.20032024453, "PAKET": "Paket Sulawesi Selatan 7" }, "geometry": { "type": "MultiPolygon", "coordinates": [ [ [ [ 120.34203668194732, -2.636112085304433, 0.0 ], [ 120.342109464979899, -2.636320076010634, 0.0 ], [ 120.341865513083007, -2.636451258318857, 0.0 ], [ 120.341791866701328, -2.636276349174125, 0.0 ], [ 120.3415179961587, -2.636448956953757, 0.0 ], [ 120.341419034760747, -2.636278650539225, 0.0 ], [ 120.341644575736609, -2.636163004019352, 0.0 ], [ 120.341994393126811, -2.635984067710524, 0.0 ], [ 120.34203668194732, -2.636112085304433, 0.0 ] ] ] ] } },
{ "type": "Feature", "properties": { "OBJECTID": 5407, "WADMPR": "Sulawesi Selatan", "WADMKK": "Kab. Luwu Utara", "WADMKC": "Kec. Masamba", "WADMKD": "Desa Pongo", "POKTAN": "Gapoktan Masagena", "K_POKTAN": "H. Kamaluddin", "P_SID": "Universitas Negeri Makassar", "NO_HP_1": "0813-5551-7977", "NAMA_PEMIL": "Pemerintah Desa", "N_PETAK": "PNB345", "LUAS_HA": 0.38735063689, "PAKET": "Paket Sulawesi Selatan 7" }, "geometry": { "type": "MultiPolygon", "coordinates": [ [ [ [ 120.356381646495834, -2.63619182549229, 0.0 ], [ 120.35588453724165, -2.636670523825558, 0.0 ], [ 120.355509403036535, -2.636329911895871, 0.0 ], [ 120.355953579993752, -2.635993902696384, 0.0 ], [ 120.35605311695781, -2.63592457216123, 0.0 ], [ 120.356381646495834, -2.63619182549229, 0.0 ] ] ] ] } },
{ "type": "Feature", "properties": { "OBJECTID": 5408, "WADMPR": "Sulawesi Selatan", "WADMKK": "Kab. Luwu Utara", "WADMKC": "Kec. Masamba", "WADMKD": "Desa Pongo", "POKTAN": "Gapoktan Masagena", "K_POKTAN": "H. Kamaluddin", "P_SID": "Universitas Negeri Makassar", "NO_HP_1": "0813-5551-7977", "NAMA_PEMIL": "Pemerintah Desa", "N_PETAK": "PNB346", "LUAS_HA": 0.44816592117999998, "PAKET": "Paket Sulawesi Selatan 7" }, "geometry": { "type": "MultiPolygon", "coordinates": [ [ [ [ 120.355014594248132, -2.636608385168813, 0.0 ], [ 120.354696996868938, -2.636806308864038, 0.0 ], [ 120.354528992718883, -2.636548547877112, 0.0 ], [ 120.354416222230952, -2.636612988798333, 0.0 ], [ 120.354158461244083, -2.636166510476016, 0.0 ], [ 120.354535896814241, -2.635913352219404, 0.0 ], [ 120.355014594248132, -2.636608385168813, 0.0 ] ] ] ] } },
{ "type": "Feature", "properties": { "OBJECTID": 5409, "WADMPR": "Sulawesi Selatan", "WADMKK": "Kab. Luwu Utara", "WADMKC": "Kec. Masamba", "WADMKD": "Desa Pongo", "POKTAN": "Gapoktan Masagena", "K_POKTAN": "H. Kamaluddin", "P_SID": "Universitas Negeri Makassar", "NO_HP_1": "0813-5551-7977", "NAMA_PEMIL": "Pemerintah Desa", "N_PETAK": "PNB347", "LUAS_HA": 1.32226326112, "PAKET": "Paket Sulawesi Selatan 7" }, "geometry": { "type": "MultiPolygon", "coordinates": [ [ [ [ 120.360105079885557, -2.635975095174445, 0.0 ], [ 120.360427279995065, -2.636352530744659, 0.0 ], [ 120.359801290697078, -2.636886463639314, 0.0 ], [ 120.359884141639895, -2.63700613822266, 0.0 ], [ 120.359317988734233, -2.637466424735692, 0.0 ], [ 120.359520515159716, -2.637751802103935, 0.0 ], [ 120.358807070390071, -2.638262721347473, 0.0 ], [ 120.359396237846113, -2.636865750453978, 0.0 ], [ 120.359405443306628, -2.636607989467109, 0.0 ], [ 120.359389333750869, -2.636398559845588, 0.0 ], [ 120.35940314194147, -2.635903751057242, 0.0 ], [ 120.359739151140957, -2.636244362087609, 0.0 ], [ 120.360105079885557, -2.635975095174445, 0.0 ] ] ] ] } },
{ "type": "Feature", "properties": { "OBJECTID": 5410, "WADMPR": "Sulawesi Selatan", "WADMKK": "Kab. Luwu Utara", "WADMKC": "Kec. Masamba", "WADMKD": "Desa Pongo", "POKTAN": "Gapoktan Masagena", "K_POKTAN": "H. Kamaluddin", "P_SID": "Universitas Negeri Makassar", "NO_HP_1": "0813-5551-7977", "NAMA_PEMIL": "Pemerintah Desa", "N_PETAK": "PNB348", "LUAS_HA": 0.2076567816, "PAKET": "Paket Sulawesi Selatan 7" }, "geometry": { "type": "MultiPolygon", "coordinates": [ [ [ [ 120.342710139261612, -2.63610834412475, 0.0 ], [ 120.342730852446948, -2.636223415977838, 0.0 ], [ 120.342348814146476, -2.636218814146901, 0.0 ], [ 120.342229139563187, -2.636283254168802, 0.0 ], [ 120.342192316821979, -2.636345391926227, 0.0 ], [ 120.342178507732001, -2.63647657423445, 0.0 ], [ 120.342109464979899, -2.636320076010634, 0.0 ], [ 120.34203668194732, -2.636112085304433, 0.0 ], [ 120.342120971805457, -2.636055411827726, 0.0 ], [ 120.342528326021466, -2.635901215868387, 0.0 ], [ 120.342624986054375, -2.636050809097526, 0.0 ], [ 120.342710139261612, -2.63610834412475, 0.0 ] ] ] ] } },
{ "type": "Feature", "properties": { "OBJECTID": 5411, "WADMPR": "Sulawesi Selatan", "WADMKK": "Kab. Luwu Utara", "WADMKC": "Kec. Masamba", "WADMKD": "Desa Pongo", "POKTAN": "Gapoktan Masagena", "K_POKTAN": "H. Kamaluddin", "P_SID": "Universitas Negeri Makassar", "NO_HP_1": "0813-5551-7977", "NAMA_PEMIL": "Pemerintah Desa", "N_PETAK": "PNB349", "LUAS_HA": 0.45630224929000002, "PAKET": "Paket Sulawesi Selatan 7" }, "geometry": { "type": "MultiPolygon", "coordinates": [ [ [ [ 120.352865720876366, -2.636749157847305, 0.0 ], [ 120.352630308941684, -2.636413913970898, 0.0 ], [ 120.353100952946647, -2.6361003437558, 0.0 ], [ 120.353346055076486, -2.63590069336226, 0.0 ], [ 120.353566993322147, -2.636181468899622, 0.0 ], [ 120.35333224688577, -2.636333364393181, 0.0 ], [ 120.353419701458165, -2.6364760526277, 0.0 ], [ 120.352865720876366, -2.636749157847305, 0.0 ] ] ] ] } },
{ "type": "Feature", "properties": { "OBJECTID": 5412, "WADMPR": "Sulawesi Selatan", "WADMKK": "Kab. Luwu Utara", "WADMKC": "Kec. Masamba", "WADMKD": "Desa Pongo", "POKTAN": "Gapoktan Masagena", "K_POKTAN": "H. Kamaluddin", "P_SID": "Universitas Negeri Makassar", "NO_HP_1": "0813-5551-7977", "NAMA_PEMIL": "Pemerintah Desa", "N_PETAK": "PNB350", "LUAS_HA": 0.26612476275000002, "PAKET": "Paket Sulawesi Selatan 7" }, "geometry": { "type": "MultiPolygon", "coordinates": [ [ [ [ 120.345702561424105, -2.636069273977739, 0.0 ], [ 120.346153642476679, -2.636140618094998, 0.0 ], [ 120.346116818836208, -2.636304021313492, 0.0 ], [ 120.345773905541364, -2.636304021313492, 0.0 ], [ 120.34526989129256, -2.636216565841778, 0.0 ], [ 120.345170929894607, -2.635871351181891, 0.0 ], [ 120.345702561424105, -2.636069273977739, 0.0 ] ] ] ] } },
{ "type": "Feature", "properties": { "OBJECTID": 5413, "WADMPR": "Sulawesi Selatan", "WADMKK": "Kab. Luwu Utara", "WADMKC": "Kec. Masamba", "WADMKD": "Desa Pongo", "POKTAN": "Gapoktan Masagena", "K_POKTAN": "H. Kamaluddin", "P_SID": "Universitas Negeri Makassar", "NO_HP_1": "0813-5551-7977", "NAMA_PEMIL": "Pemerintah Desa", "N_PETAK": "PNB351", "LUAS_HA": 1.3023075393700001, "PAKET": "Paket Sulawesi Selatan 7" }, "geometry": { "type": "MultiPolygon", "coordinates": [ [ [ [ 120.358002143883937, -2.636257128863349, 0.0 ], [ 120.358479691984257, -2.636638016930874, 0.0 ], [ 120.357968773640096, -2.637148935275093, 0.0 ], [ 120.357568323519331, -2.636872762467988, 0.0 ], [ 120.357159819070489, -2.636636864899344, 0.0 ], [ 120.356767425076669, -2.636429736642981, 0.0 ], [ 120.35735429026829, -2.635932627388797, 0.0 ], [ 120.357509637359954, -2.63581985600149, 0.0 ], [ 120.358002143883937, -2.636257128863349, 0.0 ] ] ] ] } },
{ "type": "Feature", "properties": { "OBJECTID": 5414, "WADMPR": "Sulawesi Selatan", "WADMKK": "Kab. Luwu Utara", "WADMKC": "Kec. Masamba", "WADMKD": "Desa Pongo", "POKTAN": "Gapoktan Masagena", "K_POKTAN": "H. Kamaluddin", "P_SID": "Universitas Negeri Makassar", "NO_HP_1": "0813-5551-7977", "NAMA_PEMIL": "Pemerintah Desa", "N_PETAK": "PNB352", "LUAS_HA": 1.0463435000900001, "PAKET": "Paket Sulawesi Selatan 7" }, "geometry": { "type": "MultiPolygon", "coordinates": [ [ [ [ 120.34927432235213, -2.636744868980486, 0.0 ], [ 120.348638777757401, -2.636802064063943, 0.0 ], [ 120.348524265282663, -2.636184351226802, 0.0 ], [ 120.348054763416712, -2.636207229080298, 0.0 ], [ 120.347330471923783, -2.63627872428367, 0.0 ], [ 120.347298980363689, -2.636124294500519, 0.0 ], [ 120.347694048941321, -2.636018482966563, 0.0 ], [ 120.348263748773093, -2.635878354202646, 0.0 ], [ 120.348464145603884, -2.635849756660889, 0.0 ], [ 120.348899293367708, -2.635798280366316, 0.0 ], [ 120.348939372554014, -2.636198650447341, 0.0 ], [ 120.349199889063698, -2.636187211070876, 0.0 ], [ 120.349285773419751, -2.636601878573799, 0.0 ], [ 120.34927432235213, -2.636744868980486, 0.0 ] ] ] ] } },
{ "type": "Feature", "properties": { "OBJECTID": 5415, "WADMPR": "Sulawesi Selatan", "WADMKK": "Kab. Luwu Utara", "WADMKC": "Kec. Masamba", "WADMKD": "Desa Pongo", "POKTAN": "Gapoktan Masagena", "K_POKTAN": "H. Kamaluddin", "P_SID": "Universitas Negeri Makassar", "NO_HP_1": "0813-5551-7977", "NAMA_PEMIL": "Pemerintah Desa", "N_PETAK": "PNB353", "LUAS_HA": 0.11997419769000001, "PAKET": "Paket Sulawesi Selatan 7" }, "geometry": { "type": "MultiPolygon", "coordinates": [ [ [ [ 120.345170929894607, -2.635871351181891, 0.0 ], [ 120.34526989129256, -2.636216565841778, 0.0 ], [ 120.344970704834168, -2.636175140370369, 0.0 ], [ 120.344924676632559, -2.635887461637026, 0.0 ], [ 120.344924676632559, -2.635788499339753, 0.0 ], [ 120.345170929894607, -2.635871351181891, 0.0 ] ] ] ] } },
{ "type": "Feature", "properties": { "OBJECTID": 5416, "WADMPR": "Sulawesi Selatan", "WADMKK": "Kab. Luwu Utara", "WADMKC": "Kec. Masamba", "WADMKD": "Desa Pongo", "POKTAN": "Gapoktan Masagena", "K_POKTAN": "H. Kamaluddin", "P_SID": "Universitas Negeri Makassar", "NO_HP_1": "0813-5551-7977", "NAMA_PEMIL": "Pemerintah Desa", "N_PETAK": "PNB354", "LUAS_HA": 0.61566307097999995, "PAKET": "Paket Sulawesi Selatan 7" }, "geometry": { "type": "MultiPolygon", "coordinates": [ [ [ [ 120.350161794031578, -2.635949847607321, 0.0 ], [ 120.35020759920144, -2.636204369236225, 0.0 ], [ 120.349606408708837, -2.636447451488664, 0.0 ], [ 120.349337303673678, -2.636536103958008, 0.0 ], [ 120.349265733826655, -2.636072818205946, 0.0 ], [ 120.349486170250657, -2.636009903434228, 0.0 ], [ 120.349423188029732, -2.635769682824559, 0.0 ], [ 120.35011598886183, -2.635758243448151, 0.0 ], [ 120.350161794031578, -2.635949847607321, 0.0 ] ] ] ] } },
{ "type": "Feature", "properties": { "OBJECTID": 5417, "WADMPR": "Sulawesi Selatan", "WADMKK": "Kab. Luwu Utara", "WADMKC": "Kec. Masamba", "WADMKD": "Desa Pongo", "POKTAN": "Gapoktan Masagena", "K_POKTAN": "H. Kamaluddin", "P_SID": "Universitas Negeri Makassar", "NO_HP_1": "0813-5551-7977", "NAMA_PEMIL": "Pemerintah Desa", "N_PETAK": "PNB355", "LUAS_HA": 0.34740185181, "PAKET": "Paket Sulawesi Selatan 7" }, "geometry": { "type": "MultiPolygon", "coordinates": [ [ [ [ 120.344199149471251, -2.636145508608308, 0.0 ], [ 120.343593872459337, -2.636180030883679, 0.0 ], [ 120.343198025068887, -2.636205346799272, 0.0 ], [ 120.343179614147971, -2.636053452205033, 0.0 ], [ 120.343170407788193, -2.636025834024963, 0.0 ], [ 120.343550144723508, -2.635984409452874, 0.0 ], [ 120.343485704701607, -2.63577267756699, 0.0 ], [ 120.343865441636922, -2.635731251196262, 0.0 ], [ 120.344199149471251, -2.636145508608308, 0.0 ] ] ] ] } },
{ "type": "Feature", "properties": { "OBJECTID": 5418, "WADMPR": "Sulawesi Selatan", "WADMKK": "Kab. Luwu Utara", "WADMKC": "Kec. Masamba", "WADMKD": "Desa Pongo", "POKTAN": "Gapoktan Masagena", "K_POKTAN": "H. Kamaluddin", "P_SID": "Universitas Negeri Makassar", "NO_HP_1": "0813-5551-7977", "NAMA_PEMIL": "Pemerintah Desa", "N_PETAK": "PNB356", "LUAS_HA": 0.36914388737999998, "PAKET": "Paket Sulawesi Selatan 7" }, "geometry": { "type": "MultiPolygon", "coordinates": [ [ [ [ 120.344467841717574, -2.635756279328803, 0.0 ], [ 120.344862537975814, -2.635742471138087, 0.0 ], [ 120.344883250261887, -2.635965709849586, 0.0 ], [ 120.344572556977937, -2.636122207174083, 0.0 ], [ 120.344199149471251, -2.636145508608308, 0.0 ], [ 120.343865441636922, -2.635731251196262, 0.0 ], [ 120.343924703362404, -2.635730963413209, 0.0 ], [ 120.344467841717574, -2.635756279328803, 0.0 ] ] ] ] } },
{ "type": "Feature", "properties": { "OBJECTID": 5419, "WADMPR": "Sulawesi Selatan", "WADMKK": "Kab. Luwu Utara", "WADMKC": "Kec. Masamba", "WADMKD": "Desa Pongo", "POKTAN": "Gapoktan Masagena", "K_POKTAN": "H. Kamaluddin", "P_SID": "Universitas Negeri Makassar", "NO_HP_1": "0813-5551-7977", "NAMA_PEMIL": "Pemerintah Desa", "N_PETAK": "PNB357", "LUAS_HA": 0.86546457053000003, "PAKET": "Paket Sulawesi Selatan 7" }, "geometry": { "type": "MultiPolygon", "coordinates": [ [ [ [ 120.360912883322953, -2.636518234428934, 0.0 ], [ 120.360098174890936, -2.637270803304887, 0.0 ], [ 120.359884141639895, -2.63700613822266, 0.0 ], [ 120.359801290697078, -2.636886463639314, 0.0 ], [ 120.360427279995065, -2.636352530744659, 0.0 ], [ 120.360105079885557, -2.635975095174445, 0.0 ], [ 120.360424978629908, -2.635726540547353, 0.0 ], [ 120.360912883322953, -2.636518234428934, 0.0 ] ] ] ] } },
{ "type": "Feature", "properties": { "OBJECTID": 5420, "WADMPR": "Sulawesi Selatan", "WADMKK": "Kab. Luwu Utara", "WADMKC": "Kec. Masamba", "WADMKD": "Desa Pongo", "POKTAN": "Gapoktan Masagena", "K_POKTAN": "H. Kamaluddin", "P_SID": "Universitas Negeri Makassar", "NO_HP_1": "0813-5551-7977", "NAMA_PEMIL": "Pemerintah Desa", "N_PETAK": "PNB358", "LUAS_HA": 0.39805594852999998, "PAKET": "Paket Sulawesi Selatan 7" }, "geometry": { "type": "MultiPolygon", "coordinates": [ [ [ [ 120.35735429026829, -2.635932627388797, 0.0 ], [ 120.356767425076669, -2.636429736642981, 0.0 ], [ 120.356381646495834, -2.63619182549229, 0.0 ], [ 120.357053665794069, -2.635687812142748, 0.0 ], [ 120.35735429026829, -2.635932627388797, 0.0 ] ] ] ] } },
{ "type": "Feature", "properties": { "OBJECTID": 5421, "WADMPR": "Sulawesi Selatan", "WADMKK": "Kab. Luwu Utara", "WADMKC": "Kec. Masamba", "WADMKD": "Desa Pongo", "POKTAN": "Gapoktan Masagena", "K_POKTAN": "H. Kamaluddin", "P_SID": "Universitas Negeri Makassar", "NO_HP_1": "0813-5551-7977", "NAMA_PEMIL": "Pemerintah Desa", "N_PETAK": "PNB359", "LUAS_HA": 0.16682503613, "PAKET": "Paket Sulawesi Selatan 7" }, "geometry": { "type": "MultiPolygon", "coordinates": [ [ [ [ 120.343485704701607, -2.63577267756699, 0.0 ], [ 120.343550144723508, -2.635984409452874, 0.0 ], [ 120.343170407788193, -2.636025834024963, 0.0 ], [ 120.343179614147971, -2.636053452205033, 0.0 ], [ 120.343066843659926, -2.636058054935233, 0.0 ], [ 120.343013048013859, -2.635728086481947, 0.0 ], [ 120.343310795556818, -2.635687524359696, 0.0 ], [ 120.34333381010731, -2.635795691218107, 0.0 ], [ 120.343485704701607, -2.63577267756699, 0.0 ] ] ] ] } },
{ "type": "Feature", "properties": { "OBJECTID": 5422, "WADMPR": "Sulawesi Selatan", "WADMKK": "Kab. Luwu Utara", "WADMKC": "Kec. Masamba", "WADMKD": "Desa Pongo", "POKTAN": "Gapoktan Masagena", "K_POKTAN": "H. Kamaluddin", "P_SID": "Universitas Negeri Makassar", "NO_HP_1": "0813-5551-7977", "NAMA_PEMIL": "Pemerintah Desa", "N_PETAK": "PNB360", "LUAS_HA": 3.5134287827500001, "PAKET": "Paket Sulawesi Selatan 7" }, "geometry": { "type": "MultiPolygon", "coordinates": [ [ [ [ 120.352630308941684, -2.636413913970898, 0.0 ], [ 120.352865720876366, -2.636749157847305, 0.0 ], [ 120.352711129215322, -2.636909305519964, 0.0 ], [ 120.352791288487197, -2.637005107599578, 0.0 ], [ 120.351182386957703, -2.637731492714181, 0.0 ], [ 120.351136581787841, -2.637685737007132, 0.0 ], [ 120.350740082388938, -2.637857323156879, 0.0 ], [ 120.350586921549279, -2.636966501502798, 0.0 ], [ 120.351119404736778, -2.636772035700858, 0.0 ], [ 120.350981990126797, -2.635931260419284, 0.0 ], [ 120.351858010738624, -2.635805429077266, 0.0 ], [ 120.352127115773783, -2.635685317423395, 0.0 ], [ 120.352630308941684, -2.636413913970898, 0.0 ] ] ] ] } },
{ "type": "Feature", "properties": { "OBJECTID": 5423, "WADMPR": "Sulawesi Selatan", "WADMKK": "Kab. Luwu Utara", "WADMKC": "Kec. Masamba", "WADMKD": "Desa Pongo", "POKTAN": "Gapoktan Masagena", "K_POKTAN": "H. Kamaluddin", "P_SID": "Universitas Negeri Makassar", "NO_HP_1": "0813-5551-7977", "NAMA_PEMIL": "Pemerintah Desa", "N_PETAK": "PNB361", "LUAS_HA": 0.29378239339000001, "PAKET": "Paket Sulawesi Selatan 7" }, "geometry": { "type": "MultiPolygon", "coordinates": [ [ [ [ 120.350390818981168, -2.637228171842594, 0.0 ], [ 120.350333562743799, -2.636917884152979, 0.0 ], [ 120.35020759920144, -2.636204369236225, 0.0 ], [ 120.350161794031578, -2.635949847607321, 0.0 ], [ 120.350333562743799, -2.635918391120811, 0.0 ], [ 120.350304934625115, -2.635712486841726, 0.0 ], [ 120.350453801201979, -2.635663870391284, 0.0 ], [ 120.350468114811747, -2.636029921443651, 0.0 ], [ 120.350390818981168, -2.637228171842594, 0.0 ] ] ] ] } },
{ "type": "Feature", "properties": { "OBJECTID": 5424, "WADMPR": "Sulawesi Selatan", "WADMKK": "Kab. Luwu Utara", "WADMKC": "Kec. Masamba", "WADMKD": "Desa Pongo", "POKTAN": "Gapoktan Masagena", "K_POKTAN": "H. Kamaluddin", "P_SID": "Universitas Negeri Makassar", "NO_HP_1": "0813-5551-7977", "NAMA_PEMIL": "Pemerintah Desa", "N_PETAK": "PNB362", "LUAS_HA": 0.32389772749000001, "PAKET": "Paket Sulawesi Selatan 7" }, "geometry": { "type": "MultiPolygon", "coordinates": [ [ [ [ 120.358397990375011, -2.635822157366647, 0.0 ], [ 120.358002143883937, -2.636257128863349, 0.0 ], [ 120.357509637359954, -2.63581985600149, 0.0 ], [ 120.357715615383427, -2.635663359576313, 0.0 ], [ 120.358397990375011, -2.635822157366647, 0.0 ] ] ] ] } },
{ "type": "Feature", "properties": { "OBJECTID": 5425, "WADMPR": "Sulawesi Selatan", "WADMKK": "Kab. Luwu Utara", "WADMKC": "Kec. Masamba", "WADMKD": "Desa Pongo", "POKTAN": "Gapoktan Masagena", "K_POKTAN": "H. Kamaluddin", "P_SID": "Universitas Negeri Makassar", "NO_HP_1": "0813-5551-7977", "NAMA_PEMIL": "Pemerintah Desa", "N_PETAK": "PNB363", "LUAS_HA": 0.22279361144000001, "PAKET": "Paket Sulawesi Selatan 7" }, "geometry": { "type": "MultiPolygon", "coordinates": [ [ [ [ 120.342120971805457, -2.636055411827726, 0.0 ], [ 120.34203668194732, -2.636112085304433, 0.0 ], [ 120.341994393126811, -2.635984067710524, 0.0 ], [ 120.341644575736609, -2.636163004019352, 0.0 ], [ 120.341591642540379, -2.636053110462626, 0.0 ], [ 120.341543312074236, -2.636083028209157, 0.0 ], [ 120.341462761597199, -2.635903517233487, 0.0 ], [ 120.34191384354915, -2.635719402628297, 0.0 ], [ 120.341897733094015, -2.635652660341975, 0.0 ], [ 120.342008202216789, -2.635625043960545, 0.0 ], [ 120.342120971805457, -2.636055411827726, 0.0 ] ] ] ] } },
{ "type": "Feature", "properties": { "OBJECTID": 5426, "WADMPR": "Sulawesi Selatan", "WADMKK": "Kab. Luwu Utara", "WADMKC": "Kec. Masamba", "WADMKD": "Desa Pongo", "POKTAN": "Gapoktan Masagena", "K_POKTAN": "H. Kamaluddin", "P_SID": "Universitas Negeri Makassar", "NO_HP_1": "0813-5551-7977", "NAMA_PEMIL": "Pemerintah Desa", "N_PETAK": "PNB364", "LUAS_HA": 0.59475206362, "PAKET": "Paket Sulawesi Selatan 7" }, "geometry": { "type": "MultiPolygon", "coordinates": [ [ [ [ 120.355509403036535, -2.636329911895871, 0.0 ], [ 120.355265451139758, -2.636472601029652, 0.0 ], [ 120.355014594248132, -2.636608385168813, 0.0 ], [ 120.354535896814241, -2.635913352219404, 0.0 ], [ 120.354996183327216, -2.635609563030869, 0.0 ], [ 120.355509403036535, -2.636329911895871, 0.0 ] ] ] ] } },
{ "type": "Feature", "properties": { "OBJECTID": 5427, "WADMPR": "Sulawesi Selatan", "WADMKK": "Kab. Luwu Utara", "WADMKC": "Kec. Masamba", "WADMKD": "Desa Pongo", "POKTAN": "Gapoktan Masagena", "K_POKTAN": "H. Kamaluddin", "P_SID": "Universitas Negeri Makassar", "NO_HP_1": "0813-5551-7977", "NAMA_PEMIL": "Pemerintah Desa", "N_PETAK": "PNB365", "LUAS_HA": 1.8692995812099999, "PAKET": "Paket Sulawesi Selatan 7" }, "geometry": { "type": "MultiPolygon", "coordinates": [ [ [ [ 120.358640792038955, -2.638147756513717, 0.0 ], [ 120.358277165558775, -2.63751716448553, 0.0 ], [ 120.358834113003923, -2.636997039781534, 0.0 ], [ 120.358479691984257, -2.636638016930874, 0.0 ], [ 120.358002143883937, -2.636257128863349, 0.0 ], [ 120.358397990375011, -2.635822157366647, 0.0 ], [ 120.359188533124325, -2.635606973882716, 0.0 ], [ 120.359193136753902, -2.636877365198188, 0.0 ], [ 120.35902282944005, -2.637291623509554, 0.0 ], [ 120.358640792038955, -2.638147756513717, 0.0 ] ] ] ] } },
{ "type": "Feature", "properties": { "OBJECTID": 5428, "WADMPR": "Sulawesi Selatan", "WADMKK": "Kab. Luwu Utara", "WADMKC": "Kec. Masamba", "WADMKD": "Desa Pongo", "POKTAN": "Gapoktan Masagena", "K_POKTAN": "H. Kamaluddin", "P_SID": "Universitas Negeri Makassar", "NO_HP_1": "0813-5551-7977", "NAMA_PEMIL": "Pemerintah Desa", "N_PETAK": "PNB366", "LUAS_HA": 0.75774905534000003, "PAKET": "Paket Sulawesi Selatan 7" }, "geometry": { "type": "MultiPolygon", "coordinates": [ [ [ [ 120.350981990126797, -2.635931260419284, 0.0 ], [ 120.351119404736778, -2.636772035700858, 0.0 ], [ 120.350586921549279, -2.636966501502798, 0.0 ], [ 120.35048529186281, -2.636973651113067, 0.0 ], [ 120.350585490727894, -2.635646711326615, 0.0 ], [ 120.350848868880234, -2.635580936710824, 0.0 ], [ 120.350981990126797, -2.635931260419284, 0.0 ] ] ] ] } },
{ "type": "Feature", "properties": { "OBJECTID": 5429, "WADMPR": "Sulawesi Selatan", "WADMKK": "Kab. Luwu Utara", "WADMKC": "Kec. Masamba", "WADMKD": "Desa Pongo", "POKTAN": "Gapoktan Masagena", "K_POKTAN": "H. Kamaluddin", "P_SID": "Universitas Negeri Makassar", "NO_HP_1": "0813-5551-7977", "NAMA_PEMIL": "Pemerintah Desa", "N_PETAK": "PNB367", "LUAS_HA": 0.15600680175000001, "PAKET": "Paket Sulawesi Selatan 7" }, "geometry": { "type": "MultiPolygon", "coordinates": [ [ [ [ 120.357715615383427, -2.635663359576313, 0.0 ], [ 120.357509637359954, -2.63581985600149, 0.0 ], [ 120.35735429026829, -2.635932627388797, 0.0 ], [ 120.357053665794069, -2.635687812142748, 0.0 ], [ 120.35730135707206, -2.635552890453482, 0.0 ], [ 120.357715615383427, -2.635663359576313, 0.0 ] ] ] ] } },
{ "type": "Feature", "properties": { "OBJECTID": 5430, "WADMPR": "Sulawesi Selatan", "WADMKK": "Kab. Luwu Utara", "WADMKC": "Kec. Masamba", "WADMKD": "Desa Pongo", "POKTAN": "Gapoktan Masagena", "K_POKTAN": "H. Kamaluddin", "P_SID": "Universitas Negeri Makassar", "NO_HP_1": "0813-5551-7977", "NAMA_PEMIL": "Pemerintah Desa", "N_PETAK": "PNB368", "LUAS_HA": 0.21126582401, "PAKET": "Paket Sulawesi Selatan 7" }, "geometry": { "type": "MultiPolygon", "coordinates": [ [ [ [ 120.342528326021466, -2.635901215868387, 0.0 ], [ 120.342120971805457, -2.636055411827726, 0.0 ], [ 120.342008202216789, -2.635625043960545, 0.0 ], [ 120.342385636887684, -2.63553528712373, 0.0 ], [ 120.342528326021466, -2.635901215868387, 0.0 ] ] ] ] } },
{ "type": "Feature", "properties": { "OBJECTID": 5431, "WADMPR": "Sulawesi Selatan", "WADMKK": "Kab. Luwu Utara", "WADMKC": "Kec. Masamba", "WADMKD": "Desa Pongo", "POKTAN": "Gapoktan Masagena", "K_POKTAN": "H. Kamaluddin", "P_SID": "Universitas Negeri Makassar", "NO_HP_1": "0813-5551-7977", "NAMA_PEMIL": "Pemerintah Desa", "N_PETAK": "PNB369", "LUAS_HA": 0.14366788786000001, "PAKET": "Paket Sulawesi Selatan 7" }, "geometry": { "type": "MultiPolygon", "coordinates": [ [ [ [ 120.34627964558922, -2.635676879084656, 0.0 ], [ 120.346546612036605, -2.636188948561085, 0.0 ], [ 120.346248001144431, -2.636260292678344, 0.0 ], [ 120.346266412065347, -2.636057767152181, 0.0 ], [ 120.346160546572037, -2.635758579794583, 0.0 ], [ 120.346229589324139, -2.635528436987727, 0.0 ], [ 120.34627964558922, -2.635676879084656, 0.0 ] ] ] ] } },
{ "type": "Feature", "properties": { "OBJECTID": 5432, "WADMPR": "Sulawesi Selatan", "WADMKK": "Kab. Luwu Utara", "WADMKC": "Kec. Masamba", "WADMKD": "Desa Pongo", "POKTAN": "Gapoktan Masagena", "K_POKTAN": "H. Kamaluddin", "P_SID": "Universitas Negeri Makassar", "NO_HP_1": "0813-5551-7977", "NAMA_PEMIL": "Pemerintah Desa", "N_PETAK": "PNB370", "LUAS_HA": 0.41572395954000002, "PAKET": "Paket Sulawesi Selatan 7" }, "geometry": { "type": "MultiPolygon", "coordinates": [ [ [ [ 120.355949395448306, -2.63599115886484, 0.0 ], [ 120.355936606189516, -2.635999368775799, 0.0 ], [ 120.355509403036535, -2.636329911895871, 0.0 ], [ 120.354996183327216, -2.635609563030869, 0.0 ], [ 120.355184901561984, -2.635489888447523, 0.0 ], [ 120.355949395448306, -2.63599115886484, 0.0 ] ] ] ] } },
{ "type": "Feature", "properties": { "OBJECTID": 5433, "WADMPR": "Sulawesi Selatan", "WADMKK": "Kab. Luwu Utara", "WADMKC": "Kec. Masamba", "WADMKD": "Desa Pongo", "POKTAN": "Gapoktan Masagena", "K_POKTAN": "H. Kamaluddin", "P_SID": "Universitas Negeri Makassar", "NO_HP_1": "0813-5551-7977", "NAMA_PEMIL": "Pemerintah Desa", "N_PETAK": "PNB371", "LUAS_HA": 0.4068499556, "PAKET": "Paket Sulawesi Selatan 7" }, "geometry": { "type": "MultiPolygon", "coordinates": [ [ [ [ 120.357053665794069, -2.635687812142748, 0.0 ], [ 120.356381646495834, -2.63619182549229, 0.0 ], [ 120.35605311695781, -2.63592457216123, 0.0 ], [ 120.356747575240433, -2.635443860245914, 0.0 ], [ 120.357053665794069, -2.635687812142748, 0.0 ] ] ] ] } },
{ "type": "Feature", "properties": { "OBJECTID": 5434, "WADMPR": "Sulawesi Selatan", "WADMKK": "Kab. Luwu Utara", "WADMKC": "Kec. Masamba", "WADMKD": "Desa Pongo", "POKTAN": "Gapoktan Masagena", "K_POKTAN": "H. Kamaluddin", "P_SID": "Universitas Negeri Makassar", "NO_HP_1": "0813-5551-7977", "NAMA_PEMIL": "Pemerintah Desa", "N_PETAK": "PNB372", "LUAS_HA": 0.06254134033, "PAKET": "Paket Sulawesi Selatan 7" }, "geometry": { "type": "MultiPolygon", "coordinates": [ [ [ [ 120.35730135707206, -2.635552890453482, 0.0 ], [ 120.357053665794069, -2.635687812142748, 0.0 ], [ 120.356747575240433, -2.635443860245914, 0.0 ], [ 120.35730135707206, -2.635552890453482, 0.0 ] ] ] ] } },
{ "type": "Feature", "properties": { "OBJECTID": 5435, "WADMPR": "Sulawesi Selatan", "WADMKK": "Kab. Luwu Utara", "WADMKC": "Kec. Masamba", "WADMKD": "Desa Pongo", "POKTAN": "Gapoktan Masagena", "K_POKTAN": "H. Kamaluddin", "P_SID": "Universitas Negeri Makassar", "NO_HP_1": "0813-5551-7977", "NAMA_PEMIL": "Pemerintah Desa", "N_PETAK": "PNB373", "LUAS_HA": 0.41011629392, "PAKET": "Paket Sulawesi Selatan 7" }, "geometry": { "type": "MultiPolygon", "coordinates": [ [ [ [ 120.346999994454222, -2.636107246951838, 0.0 ], [ 120.346546612036605, -2.636188948561085, 0.0 ], [ 120.34627964558922, -2.635676879084656, 0.0 ], [ 120.346728425276638, -2.635419118997106, 0.0 ], [ 120.346924047606763, -2.635773539117508, 0.0 ], [ 120.34695626761777, -2.635969162346896, 0.0 ], [ 120.346999994454222, -2.636107246951838, 0.0 ] ] ] ] } },
{ "type": "Feature", "properties": { "OBJECTID": 5436, "WADMPR": "Sulawesi Selatan", "WADMKK": "Kab. Luwu Utara", "WADMKC": "Kec. Masamba", "WADMKD": "Desa Pongo", "POKTAN": "Gapoktan Masagena", "K_POKTAN": "H. Kamaluddin", "P_SID": "Universitas Negeri Makassar", "NO_HP_1": "0813-5551-7977", "NAMA_PEMIL": "Pemerintah Desa", "N_PETAK": "PNB374", "LUAS_HA": 0.33350007504000001, "PAKET": "Paket Sulawesi Selatan 7" }, "geometry": { "type": "MultiPolygon", "coordinates": [ [ [ [ 120.345702561424105, -2.636069273977739, 0.0 ], [ 120.345170929894607, -2.635871351181891, 0.0 ], [ 120.344924676632559, -2.635788499339753, 0.0 ], [ 120.344973006199325, -2.635602083369406, 0.0 ], [ 120.345350441769483, -2.635381145123688, 0.0 ], [ 120.345603599126889, -2.635730963413209, 0.0 ], [ 120.345702561424105, -2.636069273977739, 0.0 ] ] ] ] } },
{ "type": "Feature", "properties": { "OBJECTID": 5437, "WADMPR": "Sulawesi Selatan", "WADMKK": "Kab. Luwu Utara", "WADMKC": "Kec. Masamba", "WADMKD": "Desa Pongo", "POKTAN": "Gapoktan Masagena", "K_POKTAN": "H. Kamaluddin", "P_SID": "Universitas Negeri Makassar", "NO_HP_1": "0813-5551-7977", "NAMA_PEMIL": "Pemerintah Desa", "N_PETAK": "PNB375", "LUAS_HA": 0.46390608041999998, "PAKET": "Paket Sulawesi Selatan 7" }, "geometry": { "type": "MultiPolygon", "coordinates": [ [ [ [ 120.342954073171995, -2.635367624716082, 0.0 ], [ 120.343013048013859, -2.635728086481947, 0.0 ], [ 120.343066843659926, -2.636058054935233, 0.0 ], [ 120.342710139261612, -2.63610834412475, 0.0 ], [ 120.342624986054375, -2.636050809097526, 0.0 ], [ 120.342528326021466, -2.635901215868387, 0.0 ], [ 120.342385636887684, -2.63553528712373, 0.0 ], [ 120.342346494794924, -2.635418256547268, 0.0 ], [ 120.342806781308013, -2.635365322451605, 0.0 ], [ 120.342806781308013, -2.635390639266518, 0.0 ], [ 120.342954073171995, -2.635367624716082, 0.0 ] ] ] ] } },
{ "type": "Feature", "properties": { "OBJECTID": 5438, "WADMPR": "Sulawesi Selatan", "WADMKK": "Kab. Luwu Utara", "WADMKC": "Kec. Masamba", "WADMKD": "Desa Pongo", "POKTAN": "Gapoktan Masagena", "K_POKTAN": "H. Kamaluddin", "P_SID": "Universitas Negeri Makassar", "NO_HP_1": "0813-5551-7977", "NAMA_PEMIL": "Pemerintah Desa", "N_PETAK": "PNB376", "LUAS_HA": 0.91704946564000001, "PAKET": "Paket Sulawesi Selatan 7" }, "geometry": { "type": "MultiPolygon", "coordinates": [ [ [ [ 120.35458192501585, -2.6358247465148, 0.0 ], [ 120.354169968968904, -2.63611587864483, 0.0 ], [ 120.353792533398746, -2.63632761053077, 0.0 ], [ 120.353553184232169, -2.63600540862268, 0.0 ], [ 120.353134323190488, -2.635660194862055, 0.0 ], [ 120.353654446095902, -2.635476080256865, 0.0 ], [ 120.354176873064262, -2.635336843620394, 0.0 ], [ 120.35458192501585, -2.6358247465148, 0.0 ] ] ] ] } },
{ "type": "Feature", "properties": { "OBJECTID": 5439, "WADMPR": "Sulawesi Selatan", "WADMKK": "Kab. Luwu Utara", "WADMKC": "Kec. Masamba", "WADMKD": "Desa Pongo", "POKTAN": "Gapoktan Masagena", "K_POKTAN": "H. Kamaluddin", "P_SID": "Universitas Negeri Makassar", "NO_HP_1": "0813-5551-7977", "NAMA_PEMIL": "Pemerintah Desa", "N_PETAK": "PNB377", "LUAS_HA": 0.13205519535, "PAKET": "Paket Sulawesi Selatan 7" }, "geometry": { "type": "MultiPolygon", "coordinates": [ [ [ [ 120.343310795556818, -2.635687524359696, 0.0 ], [ 120.343013048013859, -2.635728086481947, 0.0 ], [ 120.342954073171995, -2.635367624716082, 0.0 ], [ 120.343235998942305, -2.635325911461621, 0.0 ], [ 120.343310795556818, -2.635687524359696, 0.0 ] ] ] ] } },
{ "type": "Feature", "properties": { "OBJECTID": 5440, "WADMPR": "Sulawesi Selatan", "WADMKK": "Kab. Luwu Utara", "WADMKC": "Kec. Masamba", "WADMKD": "Desa Pongo", "POKTAN": "Gapoktan Masagena", "K_POKTAN": "H. Kamaluddin", "P_SID": "Universitas Negeri Makassar", "NO_HP_1": "0813-5551-7977", "NAMA_PEMIL": "Pemerintah Desa", "N_PETAK": "PNB378", "LUAS_HA": 0.49152446285000001, "PAKET": "Paket Sulawesi Selatan 7" }, "geometry": { "type": "MultiPolygon", "coordinates": [ [ [ [ 120.351858010738624, -2.635805429077266, 0.0 ], [ 120.350981990126797, -2.635931260419284, 0.0 ], [ 120.350848868880234, -2.635580936710824, 0.0 ], [ 120.351495864542585, -2.635380750321303, 0.0 ], [ 120.351744929984648, -2.635317835549642, 0.0 ], [ 120.351858010738624, -2.635805429077266, 0.0 ] ] ] ] } },
{ "type": "Feature", "properties": { "OBJECTID": 5441, "WADMPR": "Sulawesi Selatan", "WADMKK": "Kab. Luwu Utara", "WADMKC": "Kec. Masamba", "WADMKD": "Desa Pongo", "POKTAN": "Gapoktan Masagena", "K_POKTAN": "H. Kamaluddin", "P_SID": "Universitas Negeri Makassar", "NO_HP_1": "0813-5551-7977", "NAMA_PEMIL": "Pemerintah Desa", "N_PETAK": "PNB379", "LUAS_HA": 0.19059342131000001, "PAKET": "Paket Sulawesi Selatan 7" }, "geometry": { "type": "MultiPolygon", "coordinates": [ [ [ [ 120.346966048644276, -2.635367336933029, 0.0 ], [ 120.347117943238572, -2.635703346132459, 0.0 ], [ 120.347127148698974, -2.63602094351171, 0.0 ], [ 120.346999994454222, -2.636107246951838, 0.0 ], [ 120.34695626761777, -2.635969162346896, 0.0 ], [ 120.346924047606763, -2.635773539117508, 0.0 ], [ 120.346728425276638, -2.635419118997106, 0.0 ], [ 120.346878018505777, -2.635283334857945, 0.0 ], [ 120.346966048644276, -2.635367336933029, 0.0 ] ] ] ] } },
{ "type": "Feature", "properties": { "OBJECTID": 5442, "WADMPR": "Sulawesi Selatan", "WADMKK": "Kab. Luwu Utara", "WADMKC": "Kec. Masamba", "WADMKD": "Desa Pongo", "POKTAN": "Gapoktan Masagena", "K_POKTAN": "H. Kamaluddin", "P_SID": "Universitas Negeri Makassar", "NO_HP_1": "0813-5551-7977", "NAMA_PEMIL": "Pemerintah Desa", "N_PETAK": "PNB380", "LUAS_HA": 0.15829275742000001, "PAKET": "Paket Sulawesi Selatan 7" }, "geometry": { "type": "MultiPolygon", "coordinates": [ [ [ [ 120.358336139501262, -2.635543684993024, 0.0 ], [ 120.358280904939875, -2.635672565036828, 0.0 ], [ 120.357862044797571, -2.635566697744878, 0.0 ], [ 120.358103695329305, -2.635313541286848, 0.0 ], [ 120.358158928991429, -2.635343459932699, 0.0 ], [ 120.358267096749159, -2.63538028267385, 0.0 ], [ 120.358329235405904, -2.63538028267385, 0.0 ], [ 120.358347647226196, -2.63526981355102, 0.0 ], [ 120.358407484517898, -2.635239894905169, 0.0 ], [ 120.358448909989306, -2.635315842651949, 0.0 ], [ 120.358467321809485, -2.635421707245939, 0.0 ], [ 120.358442005893949, -2.635474641341602, 0.0 ], [ 120.358418991343456, -2.635449325425952, 0.0 ], [ 120.358377565872047, -2.635463134515987, 0.0 ], [ 120.358368359512269, -2.635513765447854, 0.0 ], [ 120.358336139501262, -2.635543684993024, 0.0 ] ] ] ] } },
{ "type": "Feature", "properties": { "OBJECTID": 5443, "WADMPR": "Sulawesi Selatan", "WADMKK": "Kab. Luwu Utara", "WADMKC": "Kec. Masamba", "WADMKD": "Desa Pongo", "POKTAN": "Gapoktan Masagena", "K_POKTAN": "H. Kamaluddin", "P_SID": "Universitas Negeri Makassar", "NO_HP_1": "0813-5551-7977", "NAMA_PEMIL": "Pemerintah Desa", "N_PETAK": "PNB381", "LUAS_HA": 0.83040670275999995, "PAKET": "Paket Sulawesi Selatan 7" }, "geometry": { "type": "MultiPolygon", "coordinates": [ [ [ [ 120.348204219049535, -2.635781594345076, 0.0 ], [ 120.347127148698974, -2.63602094351171, 0.0 ], [ 120.347117943238572, -2.635703346132459, 0.0 ], [ 120.346966048644276, -2.635367336933029, 0.0 ], [ 120.347144984053784, -2.635336268054289, 0.0 ], [ 120.347684096144235, -2.635277580995535, 0.0 ], [ 120.348116765376517, -2.635238455989906, 0.0 ], [ 120.348204219049535, -2.635781594345076, 0.0 ] ] ] ] } },
{ "type": "Feature", "properties": { "OBJECTID": 5444, "WADMPR": "Sulawesi Selatan", "WADMKK": "Kab. Luwu Utara", "WADMKC": "Kec. Masamba", "WADMKD": "Desa Pongo", "POKTAN": "Gapoktan Masagena", "K_POKTAN": "H. Kamaluddin", "P_SID": "Universitas Negeri Makassar", "NO_HP_1": "0813-5551-7977", "NAMA_PEMIL": "Pemerintah Desa", "N_PETAK": "PNB382", "LUAS_HA": 0.9264349657, "PAKET": "Paket Sulawesi Selatan 7" }, "geometry": { "type": "MultiPolygon", "coordinates": [ [ [ [ 120.353100952946647, -2.6361003437558, 0.0 ], [ 120.352630308941684, -2.636413913970898, 0.0 ], [ 120.352127115773783, -2.635685317423395, 0.0 ], [ 120.351858010738624, -2.635805429077266, 0.0 ], [ 120.351744929984648, -2.635317835549642, 0.0 ], [ 120.35228624451463, -2.635308650773595, 0.0 ], [ 120.352396713637518, -2.635225798931401, 0.0 ], [ 120.352585430972908, -2.635377693525697, 0.0 ], [ 120.352415125457696, -2.635534189950874, 0.0 ], [ 120.352557813692215, -2.635727510915842, 0.0 ], [ 120.352801766488369, -2.635506573569444, 0.0 ], [ 120.353128569328078, -2.635750525466335, 0.0 ], [ 120.352935249262373, -2.635902420959894, 0.0 ], [ 120.353100952946647, -2.6361003437558, 0.0 ] ] ] ] } },
{ "type": "Feature", "properties": { "OBJECTID": 5445, "WADMPR": "Sulawesi Selatan", "WADMKK": "Kab. Luwu Utara", "WADMKC": "Kec. Masamba", "WADMKD": "Desa Pongo", "POKTAN": "Gapoktan Masagena", "K_POKTAN": "H. Kamaluddin", "P_SID": "Universitas Negeri Makassar", "NO_HP_1": "0813-5551-7977", "NAMA_PEMIL": "Pemerintah Desa", "N_PETAK": "PNB383", "LUAS_HA": 0.11487154736000001, "PAKET": "Paket Sulawesi Selatan 7" }, "geometry": { "type": "MultiPolygon", "coordinates": [ [ [ [ 120.35764110655191, -2.635338857202441, 0.0 ], [ 120.357507623777906, -2.63548384770138, 0.0 ], [ 120.357100269561897, -2.635389488134308, 0.0 ], [ 120.35712328411239, -2.635306636292171, 0.0 ], [ 120.357295891891908, -2.635216881253996, 0.0 ], [ 120.357408661480576, -2.635216881253996, 0.0 ], [ 120.35756976243465, -2.635276717646377, 0.0 ], [ 120.35764110655191, -2.635338857202441, 0.0 ] ] ] ] } },
{ "type": "Feature", "properties": { "OBJECTID": 5446, "WADMPR": "Sulawesi Selatan", "WADMKK": "Kab. Luwu Utara", "WADMKC": "Kec. Masamba", "WADMKD": "Desa Pongo", "POKTAN": "Gapoktan Masagena", "K_POKTAN": "H. Kamaluddin", "P_SID": "Universitas Negeri Makassar", "NO_HP_1": "0813-5551-7977", "NAMA_PEMIL": "Pemerintah Desa", "N_PETAK": "PNB384", "LUAS_HA": 0.18291206231000001, "PAKET": "Paket Sulawesi Selatan 7" }, "geometry": { "type": "MultiPolygon", "coordinates": [ [ [ [ 120.358280904939875, -2.635672565036828, 0.0 ], [ 120.358336139501262, -2.635543684993024, 0.0 ], [ 120.35840518315274, -2.635598918655148, 0.0 ], [ 120.358501843185536, -2.635529875902989, 0.0 ], [ 120.358600804583489, -2.635504559987396, 0.0 ], [ 120.35866064187519, -2.635410201319701, 0.0 ], [ 120.358734288256869, -2.635410201319701, 0.0 ], [ 120.35887007239603, -2.635421707245939, 0.0 ], [ 120.358957526968311, -2.635361870853615, 0.0 ], [ 120.359067996091198, -2.635212276725156, 0.0 ], [ 120.359134737478257, -2.635479244071803, 0.0 ], [ 120.358490335460715, -2.635716291873337, 0.0 ], [ 120.358280904939875, -2.635672565036828, 0.0 ] ] ] ] } },
{ "type": "Feature", "properties": { "OBJECTID": 5447, "WADMPR": "Sulawesi Selatan", "WADMKK": "Kab. Luwu Utara", "WADMKC": "Kec. Masamba", "WADMKD": "Desa Pongo", "POKTAN": "Gapoktan Masagena", "K_POKTAN": "H. Kamaluddin", "P_SID": "Universitas Negeri Makassar", "NO_HP_1": "0813-5551-7977", "NAMA_PEMIL": "Pemerintah Desa", "N_PETAK": "PNB385", "LUAS_HA": 0.96149377946000003, "PAKET": "Paket Sulawesi Selatan 7" }, "geometry": { "type": "MultiPolygon", "coordinates": [ [ [ [ 120.360912883322953, -2.636518234428934, 0.0 ], [ 120.360424978629908, -2.635726540547353, 0.0 ], [ 120.360832332845916, -2.635330694056222, 0.0 ], [ 120.361011844720906, -2.635164990371948, 0.0 ], [ 120.361564187637214, -2.6359152578828, 0.0 ], [ 120.360912883322953, -2.636518234428934, 0.0 ] ] ] ] } },
{ "type": "Feature", "properties": { "OBJECTID": 5448, "WADMPR": "Sulawesi Selatan", "WADMKK": "Kab. Luwu Utara", "WADMKC": "Kec. Masamba", "WADMKD": "Desa Pongo", "POKTAN": "Gapoktan Masagena", "K_POKTAN": "H. Kamaluddin", "P_SID": "Universitas Negeri Makassar", "NO_HP_1": "0813-5551-7977", "NAMA_PEMIL": "Pemerintah Desa", "N_PETAK": "PNB386", "LUAS_HA": 0.48078276936999997, "PAKET": "Paket Sulawesi Selatan 7" }, "geometry": { "type": "MultiPolygon", "coordinates": [ [ [ [ 120.348204219049535, -2.635781594345076, 0.0 ], [ 120.348116765376517, -2.635238455989906, 0.0 ], [ 120.348438966385288, -2.635197030518498, 0.0 ], [ 120.348788783775376, -2.635160207777346, 0.0 ], [ 120.348807195595668, -2.635496217876096, 0.0 ], [ 120.349064956582538, -2.635482408786118, 0.0 ], [ 120.349087970233654, -2.63565731793085, 0.0 ], [ 120.348673712821665, -2.635689537042481, 0.0 ], [ 120.348204219049535, -2.635781594345076, 0.0 ] ] ] ] } },
{ "type": "Feature", "properties": { "OBJECTID": 5449, "WADMPR": "Sulawesi Selatan", "WADMKK": "Kab. Luwu Utara", "WADMKC": "Kec. Masamba", "WADMKD": "Desa Pongo", "POKTAN": "Gapoktan Masagena", "K_POKTAN": "H. Kamaluddin", "P_SID": "Universitas Negeri Makassar", "NO_HP_1": "0813-5551-7977", "NAMA_PEMIL": "Pemerintah Desa", "N_PETAK": "PNB387", "LUAS_HA": 0.81727734334000002, "PAKET": "Paket Sulawesi Selatan 7" }, "geometry": { "type": "MultiPolygon", "coordinates": [ [ [ [ 120.356747575240433, -2.635443860245914, 0.0 ], [ 120.35605311695781, -2.63592457216123, 0.0 ], [ 120.355949395448306, -2.63599115886484, 0.0 ], [ 120.355184901561984, -2.635489888447523, 0.0 ], [ 120.35565209217043, -2.635151576983617, 0.0 ], [ 120.356747575240433, -2.635443860245914, 0.0 ] ] ] ] } },
{ "type": "Feature", "properties": { "OBJECTID": 5450, "WADMPR": "Sulawesi Selatan", "WADMKK": "Kab. Luwu Utara", "WADMKC": "Kec. Masamba", "WADMKD": "Desa Pongo", "POKTAN": "Gapoktan Masagena", "K_POKTAN": "H. Kamaluddin", "P_SID": "Universitas Negeri Makassar", "NO_HP_1": "0813-5551-7977", "NAMA_PEMIL": "Pemerintah Desa", "N_PETAK": "PNB388", "LUAS_HA": 0.30264036088000001, "PAKET": "Paket Sulawesi Selatan 7" }, "geometry": { "type": "MultiPolygon", "coordinates": [ [ [ [ 120.345029391893036, -2.63518552369294, 0.0 ], [ 120.344936183458117, -2.635408762404438, 0.0 ], [ 120.344867140706015, -2.635615891560121, 0.0 ], [ 120.344862537975814, -2.635742471138087, 0.0 ], [ 120.344467841717574, -2.635756279328803, 0.0 ], [ 120.344546090829454, -2.635147549819521, 0.0 ], [ 120.345029391893036, -2.63518552369294, 0.0 ] ] ] ] } },
{ "type": "Feature", "properties": { "OBJECTID": 5451, "WADMPR": "Sulawesi Selatan", "WADMKK": "Kab. Luwu Utara", "WADMKC": "Kec. Masamba", "WADMKD": "Desa Pongo", "POKTAN": "Gapoktan Masagena", "K_POKTAN": "H. Kamaluddin", "P_SID": "Universitas Negeri Makassar", "NO_HP_1": "0813-5551-7977", "NAMA_PEMIL": "Pemerintah Desa", "N_PETAK": "PNB389", "LUAS_HA": 0.15682102609000001, "PAKET": "Paket Sulawesi Selatan 7" }, "geometry": { "type": "MultiPolygon", "coordinates": [ [ [ [ 120.358103695329305, -2.635313541286848, 0.0 ], [ 120.357862044797571, -2.635566697744878, 0.0 ], [ 120.357507623777906, -2.63548384770138, 0.0 ], [ 120.35764110655191, -2.635338857202441, 0.0 ], [ 120.357694039748253, -2.635267512185919, 0.0 ], [ 120.357836728882035, -2.635237593540069, 0.0 ], [ 120.35793338891483, -2.635256004460985, 0.0 ], [ 120.358071474419035, -2.635134029411859, 0.0 ], [ 120.358103695329305, -2.635313541286848, 0.0 ] ] ] ] } },
{ "type": "Feature", "properties": { "OBJECTID": 5452, "WADMPR": "Sulawesi Selatan", "WADMKK": "Kab. Luwu Utara", "WADMKC": "Kec. Masamba", "WADMKD": "Desa Pongo", "POKTAN": "Gapoktan Masagena", "K_POKTAN": "H. Kamaluddin", "P_SID": "Universitas Negeri Makassar", "NO_HP_1": "0813-5551-7977", "NAMA_PEMIL": "Pemerintah Desa", "N_PETAK": "PNB390", "LUAS_HA": 0.42830047377000002, "PAKET": "Paket Sulawesi Selatan 7" }, "geometry": { "type": "MultiPolygon", "coordinates": [ [ [ [ 120.353654446095902, -2.635476080256865, 0.0 ], [ 120.353134323190488, -2.635660194862055, 0.0 ], [ 120.352655624857221, -2.635273552932063, 0.0 ], [ 120.352763792614951, -2.635157331745404, 0.0 ], [ 120.353428906918566, -2.635092889924863, 0.0 ], [ 120.353654446095902, -2.635476080256865, 0.0 ] ] ] ] } },
{ "type": "Feature", "properties": { "OBJECTID": 5453, "WADMPR": "Sulawesi Selatan", "WADMKK": "Kab. Luwu Utara", "WADMKC": "Kec. Masamba", "WADMKD": "Desa Pongo", "POKTAN": "Gapoktan Masagena", "K_POKTAN": "H. Kamaluddin", "P_SID": "Universitas Negeri Makassar", "NO_HP_1": "0813-5551-7977", "NAMA_PEMIL": "Pemerintah Desa", "N_PETAK": "PNB391", "LUAS_HA": 0.3946064251, "PAKET": "Paket Sulawesi Selatan 7" }, "geometry": { "type": "MultiPolygon", "coordinates": [ [ [ [ 120.343924703362404, -2.635730963413209, 0.0 ], [ 120.343865441636922, -2.635731251196262, 0.0 ], [ 120.343485704701607, -2.63577267756699, 0.0 ], [ 120.343460964352062, -2.635577342120598, 0.0 ], [ 120.343383866372392, -2.635197030518498, 0.0 ], [ 120.343991444749463, -2.635070451839852, 0.0 ], [ 120.343924703362404, -2.635730963413209, 0.0 ] ] ] ] } },
{ "type": "Feature", "properties": { "OBJECTID": 5454, "WADMPR": "Sulawesi Selatan", "WADMKK": "Kab. Luwu Utara", "WADMKC": "Kec. Masamba", "WADMKD": "Desa Pongo", "POKTAN": "Gapoktan Masagena", "K_POKTAN": "H. Kamaluddin", "P_SID": "Universitas Negeri Makassar", "NO_HP_1": "0813-5551-7977", "NAMA_PEMIL": "Pemerintah Desa", "N_PETAK": "PNB392", "LUAS_HA": 0.09724518686, "PAKET": "Paket Sulawesi Selatan 7" }, "geometry": { "type": "MultiPolygon", "coordinates": [ [ [ [ 120.343235998942305, -2.635325911461621, 0.0 ], [ 120.342954073171995, -2.635367624716082, 0.0 ], [ 120.342895962578723, -2.635104973215903, 0.0 ], [ 120.343170983354298, -2.635043410125206, 0.0 ], [ 120.343235998942305, -2.635325911461621, 0.0 ] ] ] ] } },
{ "type": "Feature", "properties": { "OBJECTID": 5455, "WADMPR": "Sulawesi Selatan", "WADMKK": "Kab. Luwu Utara", "WADMKC": "Kec. Masamba", "WADMKD": "Desa Pongo", "POKTAN": "Gapoktan Masagena", "K_POKTAN": "H. Kamaluddin", "P_SID": "Universitas Negeri Makassar", "NO_HP_1": "0813-5551-7977", "NAMA_PEMIL": "Pemerintah Desa", "N_PETAK": "PNB393", "LUAS_HA": 0.27668742167, "PAKET": "Paket Sulawesi Selatan 7" }, "geometry": { "type": "MultiPolygon", "coordinates": [ [ [ [ 120.354146954418525, -2.635085986728882, 0.0 ], [ 120.354176873064262, -2.635336843620394, 0.0 ], [ 120.353654446095902, -2.635476080256865, 0.0 ], [ 120.353428906918566, -2.635092889924863, 0.0 ], [ 120.354133145328433, -2.635033053532538, 0.0 ], [ 120.354146954418525, -2.635085986728882, 0.0 ] ] ] ] } },
{ "type": "Feature", "properties": { "OBJECTID": 5456, "WADMPR": "Sulawesi Selatan", "WADMKK": "Kab. Luwu Utara", "WADMKC": "Kec. Masamba", "WADMKD": "Desa Pongo", "POKTAN": "Gapoktan Masagena", "K_POKTAN": "H. Kamaluddin", "P_SID": "Universitas Negeri Makassar", "NO_HP_1": "0813-5551-7977", "NAMA_PEMIL": "Pemerintah Desa", "N_PETAK": "PNB394", "LUAS_HA": 0.16172752642, "PAKET": "Paket Sulawesi Selatan 7" }, "geometry": { "type": "MultiPolygon", "coordinates": [ [ [ [ 120.343460964352062, -2.635577342120598, 0.0 ], [ 120.343485704701607, -2.63577267756699, 0.0 ], [ 120.34333381010731, -2.635795691218107, 0.0 ], [ 120.343310795556818, -2.635687524359696, 0.0 ], [ 120.343235998942305, -2.635325911461621, 0.0 ], [ 120.343170983354298, -2.635043410125206, 0.0 ], [ 120.343341289768773, -2.634997381923597, 0.0 ], [ 120.343460964352062, -2.635577342120598, 0.0 ] ] ] ] } },
{ "type": "Feature", "properties": { "OBJECTID": 5457, "WADMPR": "Sulawesi Selatan", "WADMKK": "Kab. Luwu Utara", "WADMKC": "Kec. Masamba", "WADMKD": "Desa Pongo", "POKTAN": "Gapoktan Masagena", "K_POKTAN": "H. Kamaluddin", "P_SID": "Universitas Negeri Makassar", "NO_HP_1": "0813-5551-7977", "NAMA_PEMIL": "Pemerintah Desa", "N_PETAK": "PNB395", "LUAS_HA": 0.81284330193999998, "PAKET": "Paket Sulawesi Selatan 7" }, "geometry": { "type": "MultiPolygon", "coordinates": [ [ [ [ 120.35458192501585, -2.6358247465148, 0.0 ], [ 120.354176873064262, -2.635336843620394, 0.0 ], [ 120.354146954418525, -2.635085986728882, 0.0 ], [ 120.354749930065282, -2.634987025330929, 0.0 ], [ 120.355612968064065, -2.63512741309961, 0.0 ], [ 120.35458192501585, -2.6358247465148, 0.0 ] ] ] ] } },
{ "type": "Feature", "properties": { "OBJECTID": 5458, "WADMPR": "Sulawesi Selatan", "WADMKK": "Kab. Luwu Utara", "WADMKC": "Kec. Masamba", "WADMKD": "Desa Pongo", "POKTAN": "Gapoktan Masagena", "K_POKTAN": "H. Kamaluddin", "P_SID": "Universitas Negeri Makassar", "NO_HP_1": "0813-5551-7977", "NAMA_PEMIL": "Pemerintah Desa", "N_PETAK": "PNB396", "LUAS_HA": 0.50287503392, "PAKET": "Paket Sulawesi Selatan 7" }, "geometry": { "type": "MultiPolygon", "coordinates": [ [ [ [ 120.344546090829454, -2.635147549819521, 0.0 ], [ 120.344467841717574, -2.635756279328803, 0.0 ], [ 120.343924703362404, -2.635730963413209, 0.0 ], [ 120.343991444749463, -2.635070451839852, 0.0 ], [ 120.344573707210884, -2.634946174526306, 0.0 ], [ 120.344546090829454, -2.635147549819521, 0.0 ] ] ] ] } },
{ "type": "Feature", "properties": { "OBJECTID": 5459, "WADMPR": "Sulawesi Selatan", "WADMKK": "Kab. Luwu Utara", "WADMKC": "Kec. Masamba", "WADMKD": "Desa Pongo", "POKTAN": "Gapoktan Masagena", "K_POKTAN": "H. Kamaluddin", "P_SID": "Universitas Negeri Makassar", "NO_HP_1": "0813-5551-7977", "NAMA_PEMIL": "Pemerintah Desa", "N_PETAK": "PNB397", "LUAS_HA": 0.34128683627, "PAKET": "Paket Sulawesi Selatan 7" }, "geometry": { "type": "MultiPolygon", "coordinates": [ [ [ [ 120.35712328411239, -2.635306636292171, 0.0 ], [ 120.357100269561897, -2.635389488134308, 0.0 ], [ 120.355926538279164, -2.635062685294656, 0.0 ], [ 120.356324686135395, -2.634814128868925, 0.0 ], [ 120.356375317966581, -2.634892378880124, 0.0 ], [ 120.356529513926034, -2.634892378880124, 0.0 ], [ 120.35663077668903, -2.634979832553199, 0.0 ], [ 120.356794179008261, -2.635030464384386, 0.0 ], [ 120.356932265411729, -2.635101809400908, 0.0 ], [ 120.357045035000397, -2.635242196270269, 0.0 ], [ 120.35712328411239, -2.635306636292171, 0.0 ] ] ] ] } },
{ "type": "Feature", "properties": { "OBJECTID": 5460, "WADMPR": "Sulawesi Selatan", "WADMKK": "Kab. Luwu Utara", "WADMKC": "Kec. Masamba", "WADMKD": "Desa Pongo", "POKTAN": "Gapoktan Masagena", "K_POKTAN": "H. Kamaluddin", "P_SID": "Universitas Negeri Makassar", "NO_HP_1": "0813-5551-7977", "NAMA_PEMIL": "Pemerintah Desa", "N_PETAK": "PNB398", "LUAS_HA": 0.50204151468000002, "PAKET": "Paket Sulawesi Selatan 7" }, "geometry": { "type": "MultiPolygon", "coordinates": [ [ [ [ 120.352103424933148, -2.634955380886083, 0.0 ], [ 120.352227702246751, -2.635052040019559, 0.0 ], [ 120.352315155919769, -2.635139495491273, 0.0 ], [ 120.352261072490592, -2.635211990740743, 0.0 ], [ 120.351732893458347, -2.635235004391916, 0.0 ], [ 120.351127616446433, -2.635397255578823, 0.0 ], [ 120.351210468288514, -2.634805787656944, 0.0 ], [ 120.352103424933148, -2.634955380886083, 0.0 ] ] ] ] } },
{ "type": "Feature", "properties": { "OBJECTID": 5461, "WADMPR": "Sulawesi Selatan", "WADMKK": "Kab. Luwu Utara", "WADMKC": "Kec. Masamba", "WADMKD": "Desa Pongo", "POKTAN": "Gapoktan Masagena", "K_POKTAN": "H. Kamaluddin", "P_SID": "Universitas Negeri Makassar", "NO_HP_1": "0813-5551-7977", "NAMA_PEMIL": "Pemerintah Desa", "N_PETAK": "PNB399", "LUAS_HA": 0.38186718070999998, "PAKET": "Paket Sulawesi Selatan 7" }, "geometry": { "type": "MultiPolygon", "coordinates": [ [ [ [ 120.354133145328433, -2.635033053532538, 0.0 ], [ 120.353428906918566, -2.635092889924863, 0.0 ], [ 120.352763792614951, -2.635157331745404, 0.0 ], [ 120.352699352593163, -2.635030752167438, 0.0 ], [ 120.352717763514079, -2.634957105785759, 0.0 ], [ 120.35345652419926, -2.634858145287126, 0.0 ], [ 120.354045691655415, -2.634798307995482, 0.0 ], [ 120.354133145328433, -2.635033053532538, 0.0 ] ] ] ] } },
{ "type": "Feature", "properties": { "OBJECTID": 5462, "WADMPR": "Sulawesi Selatan", "WADMKK": "Kab. Luwu Utara", "WADMKC": "Kec. Masamba", "WADMKD": "Desa Pongo", "POKTAN": "Gapoktan Masagena", "K_POKTAN": "H. Kamaluddin", "P_SID": "Universitas Negeri Makassar", "NO_HP_1": "0813-5551-7977", "NAMA_PEMIL": "Pemerintah Desa", "N_PETAK": "PNB400", "LUAS_HA": 0.13440683978000001, "PAKET": "Paket Sulawesi Selatan 7" }, "geometry": { "type": "MultiPolygon", "coordinates": [ [ [ [ 120.354749930065282, -2.634987025330929, 0.0 ], [ 120.354146954418525, -2.635085986728882, 0.0 ], [ 120.354133145328433, -2.635033053532538, 0.0 ], [ 120.354045691655415, -2.634798307995482, 0.0 ], [ 120.354273533097171, -2.634807513455939, 0.0 ], [ 120.354749930065282, -2.634987025330929, 0.0 ] ] ] ] } },
{ "type": "Feature", "properties": { "OBJECTID": 5463, "WADMPR": "Sulawesi Selatan", "WADMKK": "Kab. Luwu Utara", "WADMKC": "Kec. Masamba", "WADMKD": "Desa Pongo", "POKTAN": "Gapoktan Masagena", "K_POKTAN": "H. Kamaluddin", "P_SID": "Universitas Negeri Makassar", "NO_HP_1": "0813-5551-7977", "NAMA_PEMIL": "Pemerintah Desa", "N_PETAK": "PNB401", "LUAS_HA": 0.72544702633000002, "PAKET": "Paket Sulawesi Selatan 7" }, "geometry": { "type": "MultiPolygon", "coordinates": [ [ [ [ 120.3498658550252, -2.635606686099663, 0.0 ], [ 120.349157013885133, -2.635643507941495, 0.0 ], [ 120.34905575022276, -2.634847212229033, 0.0 ], [ 120.349787606812697, -2.634778169476874, 0.0 ], [ 120.3498658550252, -2.635606686099663, 0.0 ] ] ] ] } },
{ "type": "Feature", "properties": { "OBJECTID": 5464, "WADMPR": "Sulawesi Selatan", "WADMKK": "Kab. Luwu Utara", "WADMKC": "Kec. Masamba", "WADMKD": "Desa Pongo", "POKTAN": "Gapoktan Masagena", "K_POKTAN": "H. Kamaluddin", "P_SID": "Universitas Negeri Makassar", "NO_HP_1": "0813-5551-7977", "NAMA_PEMIL": "Pemerintah Desa", "N_PETAK": "PNB402", "LUAS_HA": 0.62496911746999995, "PAKET": "Paket Sulawesi Selatan 7" }, "geometry": { "type": "MultiPolygon", "coordinates": [ [ [ [ 120.346767549383003, -2.634961133849174, 0.0 ], [ 120.346878018505777, -2.635283334857945, 0.0 ], [ 120.346728425276638, -2.635419118997106, 0.0 ], [ 120.34627964558922, -2.635676879084656, 0.0 ], [ 120.346229589324139, -2.635528436987727, 0.0 ], [ 120.346234191155077, -2.635256868709462, 0.0 ], [ 120.346169752032438, -2.635123384136818, 0.0 ], [ 120.346022460168456, -2.634690715803856, 0.0 ], [ 120.346397018807465, -2.634678057846031, 0.0 ], [ 120.346645573434557, -2.634806936990515, 0.0 ], [ 120.346767549383003, -2.634961133849174, 0.0 ] ] ] ] } },
{ "type": "Feature", "properties": { "OBJECTID": 5465, "WADMPR": "Sulawesi Selatan", "WADMKK": "Kab. Luwu Utara", "WADMKC": "Kec. Masamba", "WADMKD": "Desa Pongo", "POKTAN": "Gapoktan Masagena", "K_POKTAN": "H. Kamaluddin", "P_SID": "Universitas Negeri Makassar", "NO_HP_1": "0813-5551-7977", "NAMA_PEMIL": "Pemerintah Desa", "N_PETAK": "PNB403", "LUAS_HA": 0.55076837075999996, "PAKET": "Paket Sulawesi Selatan 7" }, "geometry": { "type": "MultiPolygon", "coordinates": [ [ [ [ 120.358417265544404, -2.634826786826693, 0.0 ], [ 120.358158928991429, -2.635062685294656, 0.0 ], [ 120.358055364863276, -2.63508800031093, 0.0 ], [ 120.357956403465323, -2.635182358079305, 0.0 ], [ 120.357864346162728, -2.635205373529118, 0.0 ], [ 120.357714752933589, -2.63519616806866, 0.0 ], [ 120.357493814687814, -2.63519386670356, 0.0 ], [ 120.357447786486205, -2.635159344428132, 0.0 ], [ 120.357364934644124, -2.635150138967674, 0.0 ], [ 120.357210738684671, -2.635200770798861, 0.0 ], [ 120.357229149605587, -2.634666837904206, 0.0 ], [ 120.358417265544404, -2.634826786826693, 0.0 ] ] ] ] } },
{ "type": "Feature", "properties": { "OBJECTID": 5466, "WADMPR": "Sulawesi Selatan", "WADMKK": "Kab. Luwu Utara", "WADMKC": "Kec. Masamba", "WADMKD": "Desa Pongo", "POKTAN": "Gapoktan Masagena", "K_POKTAN": "H. Kamaluddin", "P_SID": "Universitas Negeri Makassar", "NO_HP_1": "0813-5551-7977", "NAMA_PEMIL": "Pemerintah Desa", "N_PETAK": "PNB404", "LUAS_HA": 0.28941086971000002, "PAKET": "Paket Sulawesi Selatan 7" }, "geometry": { "type": "MultiPolygon", "coordinates": [ [ [ [ 120.348788783775376, -2.635160207777346, 0.0 ], [ 120.348438966385288, -2.635197030518498, 0.0 ], [ 120.348353813178051, -2.634895542695119, 0.0 ], [ 120.348908458358778, -2.634665399888263, 0.0 ], [ 120.3489798033753, -2.634854117223711, 0.0 ], [ 120.349000516560636, -2.635121082771718, 0.0 ], [ 120.348788783775376, -2.635160207777346, 0.0 ] ] ] ] } },
{ "type": "Feature", "properties": { "OBJECTID": 5467, "WADMPR": "Sulawesi Selatan", "WADMKK": "Kab. Luwu Utara", "WADMKC": "Kec. Masamba", "WADMKD": "Desa Pongo", "POKTAN": "Gapoktan Masagena", "K_POKTAN": "H. Kamaluddin", "P_SID": "Universitas Negeri Makassar", "NO_HP_1": "0813-5551-7977", "NAMA_PEMIL": "Pemerintah Desa", "N_PETAK": "PNB405", "LUAS_HA": 1.20201660909, "PAKET": "Paket Sulawesi Selatan 7" }, "geometry": { "type": "MultiPolygon", "coordinates": [ [ [ [ 120.351210468288514, -2.634805787656944, 0.0 ], [ 120.351127616446433, -2.635397255578823, 0.0 ], [ 120.350793908612104, -2.635507724701711, 0.0 ], [ 120.350506228979384, -2.635572163824236, 0.0 ], [ 120.350179426139675, -2.635608987464764, 0.0 ], [ 120.350161014319383, -2.635498518341876, 0.0 ], [ 120.350004516994886, -2.635286786455993, 0.0 ], [ 120.350032134275693, -2.635116480940781, 0.0 ], [ 120.350105779757996, -2.634982996368137, 0.0 ], [ 120.350170218880521, -2.634835706302738, 0.0 ], [ 120.350193234330391, -2.634713729455029, 0.0 ], [ 120.351155233727127, -2.634501997569089, 0.0 ], [ 120.351210468288514, -2.634805787656944, 0.0 ] ] ] ] } },
{ "type": "Feature", "properties": { "OBJECTID": 5468, "WADMPR": "Sulawesi Selatan", "WADMKK": "Kab. Luwu Utara", "WADMKC": "Kec. Masamba", "WADMKD": "Desa Pongo", "POKTAN": "Gapoktan Masagena", "K_POKTAN": "H. Kamaluddin", "P_SID": "Universitas Negeri Makassar", "NO_HP_1": "0813-5551-7977", "NAMA_PEMIL": "Pemerintah Desa", "N_PETAK": "PNB406", "LUAS_HA": 2.3406814752899998, "PAKET": "Paket Sulawesi Selatan 7" }, "geometry": { "type": "MultiPolygon", "coordinates": [ [ [ [ 120.361011844720906, -2.635164990371948, 0.0 ], [ 120.360832332845916, -2.635330694056222, 0.0 ], [ 120.360424978629908, -2.635726540547353, 0.0 ], [ 120.360105079885557, -2.635975095174445, 0.0 ], [ 120.359739151140957, -2.636244362087609, 0.0 ], [ 120.35940314194147, -2.635903751057242, 0.0 ], [ 120.35942385512692, -2.635597660503606, 0.0 ], [ 120.359207520510722, -2.634921037575793, 0.0 ], [ 120.359138476859243, -2.634594233836765, 0.0 ], [ 120.359152285949335, -2.634460751062761, 0.0 ], [ 120.359603367001796, -2.634677086578222, 0.0 ], [ 120.359824304348194, -2.634603441095862, 0.0 ], [ 120.359976198942491, -2.634594233836765, 0.0 ], [ 120.36015571081748, -2.634700101128715, 0.0 ], [ 120.360459500005959, -2.634575822915849, 0.0 ], [ 120.36051473456746, -2.63460804382612, 0.0 ], [ 120.360565366398646, -2.634879612104385, 0.0 ], [ 120.360735672813121, -2.634930244834891, 0.0 ], [ 120.360942801968804, -2.634907230284398, 0.0 ], [ 120.361011844720906, -2.635164990371948, 0.0 ] ] ] ] } },
{ "type": "Feature", "properties": { "OBJECTID": 5469, "WADMPR": "Sulawesi Selatan", "WADMKK": "Kab. Luwu Utara", "WADMKC": "Kec. Masamba", "WADMKD": "Desa Pongo", "POKTAN": "Gapoktan Masagena", "K_POKTAN": "H. Kamaluddin", "P_SID": "Universitas Negeri Makassar", "NO_HP_1": "0813-5551-7977", "NAMA_PEMIL": "Pemerintah Desa", "N_PETAK": "PNB407", "LUAS_HA": 0.40441409266, "PAKET": "Paket Sulawesi Selatan 7" }, "geometry": { "type": "MultiPolygon", "coordinates": [ [ [ [ 120.356324686135395, -2.634814128868925, 0.0 ], [ 120.355926538279164, -2.635062685294656, 0.0 ], [ 120.355057747317232, -2.634878281107717, 0.0 ], [ 120.356003636258833, -2.634671152851354, 0.0 ], [ 120.355959909422381, -2.634464023695671, 0.0 ], [ 120.356152079255139, -2.634432091467772, 0.0 ], [ 120.356255643383292, -2.634505737849452, 0.0 ], [ 120.356278657933785, -2.634586288326489, 0.0 ], [ 120.356297068854701, -2.63469675565068, 0.0 ], [ 120.356324686135395, -2.634814128868925, 0.0 ] ] ] ] } },
{ "type": "Feature", "properties": { "OBJECTID": 5470, "WADMPR": "Sulawesi Selatan", "WADMKK": "Kab. Luwu Utara", "WADMKC": "Kec. Masamba", "WADMKD": "Desa Pongo", "POKTAN": "Gapoktan Masagena", "K_POKTAN": "H. Kamaluddin", "P_SID": "Universitas Negeri Makassar", "NO_HP_1": "0813-5551-7977", "NAMA_PEMIL": "Pemerintah Desa", "N_PETAK": "PNB408", "LUAS_HA": 0.33075520519000001, "PAKET": "Paket Sulawesi Selatan 7" }, "geometry": { "type": "MultiPolygon", "coordinates": [ [ [ [ 120.345029391893036, -2.63518552369294, 0.0 ], [ 120.344546090829454, -2.635147549819521, 0.0 ], [ 120.344573707210884, -2.634946174526306, 0.0 ], [ 120.344753219085874, -2.634895542695119, 0.0 ], [ 120.344651956322764, -2.634518107124904, 0.0 ], [ 120.344941937320641, -2.634421447991372, 0.0 ], [ 120.34506621463413, -2.634831102673218, 0.0 ], [ 120.345075420094645, -2.635001409087693, 0.0 ], [ 120.345029391893036, -2.63518552369294, 0.0 ] ] ] ] } },
{ "type": "Feature", "properties": { "OBJECTID": 5471, "WADMPR": "Sulawesi Selatan", "WADMKK": "Kab. Luwu Utara", "WADMKC": "Kec. Masamba", "WADMKD": "Desa Pongo", "POKTAN": "Gapoktan Masagena", "K_POKTAN": "H. Kamaluddin", "P_SID": "Universitas Negeri Makassar", "NO_HP_1": "0813-5551-7977", "NAMA_PEMIL": "Pemerintah Desa", "N_PETAK": "PNB409", "LUAS_HA": 0.318282463, "PAKET": "Paket Sulawesi Selatan 7" }, "geometry": { "type": "MultiPolygon", "coordinates": [ [ [ [ 120.352103424933148, -2.634955380886083, 0.0 ], [ 120.351210468288514, -2.634805787656944, 0.0 ], [ 120.351155233727127, -2.634501997569089, 0.0 ], [ 120.351211618521461, -2.634507750532237, 0.0 ], [ 120.351552231350411, -2.634415693229585, 0.0 ], [ 120.352103424933148, -2.634955380886083, 0.0 ] ] ] ] } },
{ "type": "Feature", "properties": { "OBJECTID": 5472, "WADMPR": "Sulawesi Selatan", "WADMKK": "Kab. Luwu Utara", "WADMKC": "Kec. Masamba", "WADMKD": "Desa Pongo", "POKTAN": "Gapoktan Masagena", "K_POKTAN": "H. Kamaluddin", "P_SID": "Universitas Negeri Makassar", "NO_HP_1": "0813-5551-7977", "NAMA_PEMIL": "Pemerintah Desa", "N_PETAK": "PNB410", "LUAS_HA": 0.59813432421000001, "PAKET": "Paket Sulawesi Selatan 7" }, "geometry": { "type": "MultiPolygon", "coordinates": [ [ [ [ 120.355959909422381, -2.634464023695671, 0.0 ], [ 120.356003636258833, -2.634671152851354, 0.0 ], [ 120.355057747317232, -2.634878281107717, 0.0 ], [ 120.35415098158262, -2.634659646025796, 0.0 ], [ 120.354019368499166, -2.634666550121153, 0.0 ], [ 120.353983695990792, -2.634555937106768, 0.0 ], [ 120.35486011140506, -2.634371966393076, 0.0 ], [ 120.354924263643966, -2.634671152851354, 0.0 ], [ 120.355959909422381, -2.634464023695671, 0.0 ] ] ] ] } },
{ "type": "Feature", "properties": { "OBJECTID": 5473, "WADMPR": "Sulawesi Selatan", "WADMKK": "Kab. Luwu Utara", "WADMKC": "Kec. Masamba", "WADMKD": "Desa Pongo", "POKTAN": "Gapoktan Masagena", "K_POKTAN": "H. Kamaluddin", "P_SID": "Universitas Negeri Makassar", "NO_HP_1": "0813-5551-7977", "NAMA_PEMIL": "Pemerintah Desa", "N_PETAK": "PNB411", "LUAS_HA": 0.57796141455000005, "PAKET": "Paket Sulawesi Selatan 7" }, "geometry": { "type": "MultiPolygon", "coordinates": [ [ [ [ 120.358158928991429, -2.635062685294656, 0.0 ], [ 120.358417265544404, -2.634826786826693, 0.0 ], [ 120.358898553025824, -2.634382898551905, 0.0 ], [ 120.358946020142753, -2.634340034165177, 0.0 ], [ 120.358920704227216, -2.634482723299016, 0.0 ], [ 120.358932211052775, -2.634627712898578, 0.0 ], [ 120.35902426835537, -2.635138631242796, 0.0 ], [ 120.358982842883961, -2.635182358079305, 0.0 ], [ 120.358893086946523, -2.635297430831713, 0.0 ], [ 120.358708972341219, -2.635364173118035, 0.0 ], [ 120.358633024594496, -2.635364173118035, 0.0 ], [ 120.358586996392887, -2.635424009510359, 0.0 ], [ 120.358529460466343, -2.635481545436903, 0.0 ], [ 120.358488034095558, -2.635472339077126, 0.0 ], [ 120.358504144550693, -2.635371076314073, 0.0 ], [ 120.358488034095558, -2.635242196270269, 0.0 ], [ 120.358453512719507, -2.635159344428132, 0.0 ], [ 120.35837986723709, -2.635152440332831, 0.0 ], [ 120.358237178103309, -2.635214579888896, 0.0 ], [ 120.358158928991429, -2.635062685294656, 0.0 ] ] ] ] } },
{ "type": "Feature", "properties": { "OBJECTID": 5474, "WADMPR": "Sulawesi Selatan", "WADMKK": "Kab. Luwu Utara", "WADMKC": "Kec. Masamba", "WADMKD": "Desa Pongo", "POKTAN": "Gapoktan Masagena", "K_POKTAN": "H. Kamaluddin", "P_SID": "Universitas Negeri Makassar", "NO_HP_1": "0813-5551-7977", "NAMA_PEMIL": "Pemerintah Desa", "N_PETAK": "PNB412", "LUAS_HA": 0.75291522726000004, "PAKET": "Paket Sulawesi Selatan 7" }, "geometry": { "type": "MultiPolygon", "coordinates": [ [ [ [ 120.348353813178051, -2.634895542695119, 0.0 ], [ 120.348438966385288, -2.635197030518498, 0.0 ], [ 120.348116765376517, -2.635238455989906, 0.0 ], [ 120.347684096144235, -2.635277580995535, 0.0 ], [ 120.347458555168259, -2.634573342585668, 0.0 ], [ 120.347645546704712, -2.634504299833509, 0.0 ], [ 120.348116765376517, -2.634333992519714, 0.0 ], [ 120.348353813178051, -2.634895542695119, 0.0 ] ] ] ] } },
{ "type": "Feature", "properties": { "OBJECTID": 5475, "WADMPR": "Sulawesi Selatan", "WADMKK": "Kab. Luwu Utara", "WADMKC": "Kec. Masamba", "WADMKD": "Desa Pongo", "POKTAN": "Gapoktan Masagena", "K_POKTAN": "H. Kamaluddin", "P_SID": "Universitas Negeri Makassar", "NO_HP_1": "0813-5551-7977", "NAMA_PEMIL": "Pemerintah Desa", "N_PETAK": "PNB413", "LUAS_HA": 1.74622788049, "PAKET": "Paket Sulawesi Selatan 7" }, "geometry": { "type": "MultiPolygon", "coordinates": [ [ [ [ 120.345626613677382, -2.634474380288395, 0.0 ], [ 120.346022460168456, -2.634690715803856, 0.0 ], [ 120.346169752032438, -2.635123384136818, 0.0 ], [ 120.346234191155077, -2.635256868709462, 0.0 ], [ 120.346229589324139, -2.635528436987727, 0.0 ], [ 120.346160546572037, -2.635758579794583, 0.0 ], [ 120.346266412065347, -2.636057767152181, 0.0 ], [ 120.346248001144431, -2.636260292678344, 0.0 ], [ 120.346116818836208, -2.636304021313492, 0.0 ], [ 120.346153642476679, -2.636140618094998, 0.0 ], [ 120.345702561424105, -2.636069273977739, 0.0 ], [ 120.345603599126889, -2.635730963413209, 0.0 ], [ 120.345350441769483, -2.635381145123688, 0.0 ], [ 120.344973006199325, -2.635602083369406, 0.0 ], [ 120.345078872592012, -2.635247662349684, 0.0 ], [ 120.345184738085209, -2.635031326834223, 0.0 ], [ 120.345129503523822, -2.634782773106451, 0.0 ], [ 120.34501443257011, -2.634400734806036, 0.0 ], [ 120.345276795387804, -2.634304074773183, 0.0 ], [ 120.345341236309082, -2.634488189378374, 0.0 ], [ 120.345626613677382, -2.634474380288395, 0.0 ] ] ] ] } },
{ "type": "Feature", "properties": { "OBJECTID": 5476, "WADMPR": "Sulawesi Selatan", "WADMKK": "Kab. Luwu Utara", "WADMKC": "Kec. Masamba", "WADMKD": "Desa Pongo", "POKTAN": "Gapoktan Masagena", "K_POKTAN": "H. Kamaluddin", "P_SID": "Universitas Negeri Makassar", "NO_HP_1": "0813-5551-7977", "NAMA_PEMIL": "Pemerintah Desa", "N_PETAK": "PNB414", "LUAS_HA": 0.60062298042999995, "PAKET": "Paket Sulawesi Selatan 7" }, "geometry": { "type": "MultiPolygon", "coordinates": [ [ [ [ 120.347458555168259, -2.634573342585668, 0.0 ], [ 120.347684096144235, -2.635277580995535, 0.0 ], [ 120.347144984053784, -2.635336268054289, 0.0 ], [ 120.346944759892835, -2.634606712829509, 0.0 ], [ 120.346767549383003, -2.634615919189287, 0.0 ], [ 120.346675492080408, -2.634289115450258, 0.0 ], [ 120.346856730653712, -2.63420166087792, 0.0 ], [ 120.346948787956308, -2.634441009145235, 0.0 ], [ 120.347330825357403, -2.634615919189287, 0.0 ], [ 120.347458555168259, -2.634573342585668, 0.0 ] ] ] ] } },
{ "type": "Feature", "properties": { "OBJECTID": 5477, "WADMPR": "Sulawesi Selatan", "WADMKK": "Kab. Luwu Utara", "WADMKC": "Kec. Masamba", "WADMKD": "Desa Pongo", "POKTAN": "Gapoktan Masagena", "K_POKTAN": "H. Kamaluddin", "P_SID": "Universitas Negeri Makassar", "NO_HP_1": "0813-5551-7977", "NAMA_PEMIL": "Pemerintah Desa", "N_PETAK": "PNB415", "LUAS_HA": 0.42604885477, "PAKET": "Paket Sulawesi Selatan 7" }, "geometry": { "type": "MultiPolygon", "coordinates": [ [ [ [ 120.348908458358778, -2.634665399888263, 0.0 ], [ 120.348353813178051, -2.634895542695119, 0.0 ], [ 120.348116765376517, -2.634333992519714, 0.0 ], [ 120.348641492810657, -2.634140672454009, 0.0 ], [ 120.348908458358778, -2.634665399888263, 0.0 ] ] ] ] } },
{ "type": "Feature", "properties": { "OBJECTID": 5478, "WADMPR": "Sulawesi Selatan", "WADMKK": "Kab. Luwu Utara", "WADMKC": "Kec. Masamba", "WADMKD": "Desa Pongo", "POKTAN": "Gapoktan Masagena", "K_POKTAN": "H. Kamaluddin", "P_SID": "Universitas Negeri Makassar", "NO_HP_1": "0813-5551-7977", "NAMA_PEMIL": "Pemerintah Desa", "N_PETAK": "PNB416", "LUAS_HA": 0.76704307696999996, "PAKET": "Paket Sulawesi Selatan 7" }, "geometry": { "type": "MultiPolygon", "coordinates": [ [ [ [ 120.346675492080408, -2.634289115450258, 0.0 ], [ 120.346767549383003, -2.634615919189287, 0.0 ], [ 120.346944759892835, -2.634606712829509, 0.0 ], [ 120.347144984053784, -2.635336268054289, 0.0 ], [ 120.346966048644276, -2.635367336933029, 0.0 ], [ 120.346878018505777, -2.635283334857945, 0.0 ], [ 120.346843497129726, -2.635175167100215, 0.0 ], [ 120.346767549383003, -2.634961133849174, 0.0 ], [ 120.346645573434557, -2.634806936990515, 0.0 ], [ 120.346397018807465, -2.634678057846031, 0.0 ], [ 120.346022460168456, -2.634690715803856, 0.0 ], [ 120.345626613677382, -2.634474380288395, 0.0 ], [ 120.345593818100269, -2.634208564073901, 0.0 ], [ 120.346086325523515, -2.634139521321799, 0.0 ], [ 120.346178382826224, -2.634468627325248, 0.0 ], [ 120.346426937453316, -2.634388076848211, 0.0 ], [ 120.346675492080408, -2.634289115450258, 0.0 ] ] ] ] } },
{ "type": "Feature", "properties": { "OBJECTID": 5479, "WADMPR": "Sulawesi Selatan", "WADMKK": "Kab. Luwu Utara", "WADMKC": "Kec. Masamba", "WADMKD": "Desa Pongo", "POKTAN": "Gapoktan Masagena", "K_POKTAN": "H. Kamaluddin", "P_SID": "Universitas Negeri Makassar", "NO_HP_1": "0813-5551-7977", "NAMA_PEMIL": "Pemerintah Desa", "N_PETAK": "PNB417", "LUAS_HA": 0.46374627208000002, "PAKET": "Paket Sulawesi Selatan 7" }, "geometry": { "type": "MultiPolygon", "coordinates": [ [ [ [ 120.356152079255139, -2.634432091467772, 0.0 ], [ 120.355959909422381, -2.634464023695671, 0.0 ], [ 120.354924263643966, -2.634671152851354, 0.0 ], [ 120.35486011140506, -2.634371966393076, 0.0 ], [ 120.355105645209392, -2.634321334561889, 0.0 ], [ 120.355809165061032, -2.634130603644394, 0.0 ], [ 120.355905825093828, -2.634013231325525, 0.0 ], [ 120.355910427824028, -2.634091479538085, 0.0 ], [ 120.355882811442711, -2.634192742301195, 0.0 ], [ 120.355938045104722, -2.634208851856954, 0.0 ], [ 120.35600018376158, -2.634277894609113, 0.0 ], [ 120.356039307867832, -2.634353842355893, 0.0 ], [ 120.356152079255139, -2.634432091467772, 0.0 ] ] ] ] } },
{ "type": "Feature", "properties": { "OBJECTID": 5480, "WADMPR": "Sulawesi Selatan", "WADMKK": "Kab. Luwu Utara", "WADMKC": "Kec. Masamba", "WADMKD": "Desa Pongo", "POKTAN": "Gapoktan Masagena", "K_POKTAN": "H. Kamaluddin", "P_SID": "Universitas Negeri Makassar", "NO_HP_1": "0813-5551-7977", "NAMA_PEMIL": "Pemerintah Desa", "N_PETAK": "PNB418", "LUAS_HA": 0.4352492685, "PAKET": "Paket Sulawesi Selatan 7" }, "geometry": { "type": "MultiPolygon", "coordinates": [ [ [ [ 120.348641492810657, -2.634140672454009, 0.0 ], [ 120.348116765376517, -2.634333992519714, 0.0 ], [ 120.347645546704712, -2.634504299833509, 0.0 ], [ 120.347514365295751, -2.634128014496241, 0.0 ], [ 120.348147835154577, -2.633877158503992, 0.0 ], [ 120.348209973811322, -2.634015244907573, 0.0 ], [ 120.348350360680683, -2.633971517171744, 0.0 ], [ 120.348373375231176, -2.634061273109239, 0.0 ], [ 120.348571298926345, -2.634006037648476, 0.0 ], [ 120.348641492810657, -2.634140672454009, 0.0 ] ] ] ] } },
{ "type": "Feature", "properties": { "OBJECTID": 5481, "WADMPR": "Sulawesi Selatan", "WADMKK": "Kab. Luwu Utara", "WADMKC": "Kec. Masamba", "WADMKD": "Desa Pongo", "POKTAN": "Gapoktan Masagena", "K_POKTAN": "H. Kamaluddin", "P_SID": "Universitas Negeri Makassar", "NO_HP_1": "0813-5551-7977", "NAMA_PEMIL": "Pemerintah Desa", "N_PETAK": "PNB419", "LUAS_HA": 0.53459758645, "PAKET": "Paket Sulawesi Selatan 7" }, "geometry": { "type": "MultiPolygon", "coordinates": [ [ [ [ 120.355905825093828, -2.634013231325525, 0.0 ], [ 120.355809165061032, -2.634130603644394, 0.0 ], [ 120.355105645209392, -2.634321334561889, 0.0 ], [ 120.35506191837294, -2.634217770433736, 0.0 ], [ 120.354923831969359, -2.634148727681577, 0.0 ], [ 120.3549123251438, -2.63380811575189, 0.0 ], [ 120.355659571831893, -2.633672618496519, 0.0 ], [ 120.355753930499532, -2.633861335831909, 0.0 ], [ 120.355857495527061, -2.633879747652202, 0.0 ], [ 120.355905825093828, -2.634013231325525, 0.0 ] ] ] ] } },
{ "type": "Feature", "properties": { "OBJECTID": 5482, "WADMPR": "Sulawesi Selatan", "WADMKK": "Kab. Luwu Utara", "WADMKC": "Kec. Masamba", "WADMKD": "Desa Pongo", "POKTAN": "Gapoktan Masagena", "K_POKTAN": "H. Kamaluddin", "P_SID": "Universitas Negeri Makassar", "NO_HP_1": "0813-5551-7977", "NAMA_PEMIL": "Pemerintah Desa", "N_PETAK": "PNB420", "LUAS_HA": 2.2989161026899998, "PAKET": "Paket Sulawesi Selatan 7" }, "geometry": { "type": "MultiPolygon", "coordinates": [ [ [ [ 120.358898553025824, -2.634382898551905, 0.0 ], [ 120.358417265544404, -2.634826786826693, 0.0 ], [ 120.357229149605587, -2.634666837904206, 0.0 ], [ 120.357210738684671, -2.635200770798861, 0.0 ], [ 120.357121270530229, -2.635222345534771, 0.0 ], [ 120.357095954614692, -2.635151001417512, 0.0 ], [ 120.357043021418349, -2.635010613648831, 0.0 ], [ 120.356900332284567, -2.634964585447221, 0.0 ], [ 120.356757644050049, -2.634920858610712, 0.0 ], [ 120.356642572196961, -2.634833404038318, 0.0 ], [ 120.356465361687128, -2.634838007667895, 0.0 ], [ 120.356391715305449, -2.634768964016416, 0.0 ], [ 120.356336481643325, -2.634614767157757, 0.0 ], [ 120.356336481643325, -2.634545724405598, 0.0 ], [ 120.356833590897509, -2.634617068522857, 0.0 ], [ 120.356907237279188, -2.634216620200789, 0.0 ], [ 120.357040720053305, -2.634191304285196, 0.0 ], [ 120.357029213227634, -2.634064725606549, 0.0 ], [ 120.357188299700283, -2.634035957193646, 0.0 ], [ 120.357896853956731, -2.633910529647153, 0.0 ], [ 120.357883044866639, -2.633832279635953, 0.0 ], [ 120.35864481920305, -2.633650466395864, 0.0 ], [ 120.358898553025824, -2.634382898551905, 0.0 ] ] ] ] } },
{ "type": "Feature", "properties": { "OBJECTID": 5483, "WADMPR": "Sulawesi Selatan", "WADMKK": "Kab. Luwu Utara", "WADMKC": "Kec. Masamba", "WADMKD": "Desa Pongo", "POKTAN": "Gapoktan Masagena", "K_POKTAN": "H. Kamaluddin", "P_SID": "Universitas Negeri Makassar", "NO_HP_1": "0813-5551-7977", "NAMA_PEMIL": "Pemerintah Desa", "N_PETAK": "PNB421", "LUAS_HA": 0.59261229273000005, "PAKET": "Paket Sulawesi Selatan 7" }, "geometry": { "type": "MultiPolygon", "coordinates": [ [ [ [ 120.347514365295751, -2.634128014496241, 0.0 ], [ 120.347645546704712, -2.634504299833509, 0.0 ], [ 120.347458555168259, -2.634573342585668, 0.0 ], [ 120.347330825357403, -2.634615919189287, 0.0 ], [ 120.346948787956308, -2.634441009145235, 0.0 ], [ 120.346856730653712, -2.63420166087792, 0.0 ], [ 120.346911964315723, -2.634128014496241, 0.0 ], [ 120.346732452440733, -2.63391167898078, 0.0 ], [ 120.347178930763107, -2.633644713432716, 0.0 ], [ 120.347307811706173, -2.634017546272673, 0.0 ], [ 120.347450499940692, -2.633948502621251, 0.0 ], [ 120.347514365295751, -2.634128014496241, 0.0 ] ] ] ] } },
{ "type": "Feature", "properties": { "OBJECTID": 5484, "WADMPR": "Sulawesi Selatan", "WADMKK": "Kab. Luwu Utara", "WADMKC": "Kec. Masamba", "WADMKD": "Desa Pongo", "POKTAN": "Gapoktan Masagena", "K_POKTAN": "H. Kamaluddin", "P_SID": "Universitas Negeri Makassar", "NO_HP_1": "0813-5551-7977", "NAMA_PEMIL": "Pemerintah Desa", "N_PETAK": "PNB422", "LUAS_HA": 1.9972792669399999, "PAKET": "Paket Sulawesi Selatan 7" }, "geometry": { "type": "MultiPolygon", "coordinates": [ [ [ [ 120.353983695990792, -2.634555937106768, 0.0 ], [ 120.354019368499166, -2.634666550121153, 0.0 ], [ 120.35256716394349, -2.634871377911736, 0.0 ], [ 120.352449790725359, -2.634777019243984, 0.0 ], [ 120.352277182945727, -2.634965736579431, 0.0 ], [ 120.352104575166095, -2.634781621974241, 0.0 ], [ 120.352040135144193, -2.634498545971098, 0.0 ], [ 120.351982599217649, -2.634505449167079, 0.0 ], [ 120.351918159195748, -2.634289115450258, 0.0 ], [ 120.353685660664723, -2.633637808438039, 0.0 ], [ 120.353983695990792, -2.634555937106768, 0.0 ] ] ] ] } },
{ "type": "Feature", "properties": { "OBJECTID": 5485, "WADMPR": "Sulawesi Selatan", "WADMKK": "Kab. Luwu Utara", "WADMKC": "Kec. Masamba", "WADMKD": "Desa Pongo", "POKTAN": "Gapoktan Masagena", "K_POKTAN": "H. Kamaluddin", "P_SID": "Universitas Negeri Makassar", "NO_HP_1": "0813-5551-7977", "NAMA_PEMIL": "Pemerintah Desa", "N_PETAK": "PNB423", "LUAS_HA": 1.5472721361499999, "PAKET": "Paket Sulawesi Selatan 7" }, "geometry": { "type": "MultiPolygon", "coordinates": [ [ [ [ 120.361221275241746, -2.633663880683514, 0.0 ], [ 120.361526215562435, -2.633772047541925, 0.0 ], [ 120.361098148161091, -2.63477547241007, 0.0 ], [ 120.360891019005408, -2.634844515162172, 0.0 ], [ 120.360706904400217, -2.634816898780798, 0.0 ], [ 120.360633258917801, -2.634683415107475, 0.0 ], [ 120.36059643527733, -2.634476285951791, 0.0 ], [ 120.360449144312611, -2.63444406684016, 0.0 ], [ 120.360370895200731, -2.634536124142755, 0.0 ], [ 120.360163766045048, -2.63462357871515, 0.0 ], [ 120.360085517832431, -2.634586755074622, 0.0 ], [ 120.359952034159164, -2.634508506862062, 0.0 ], [ 120.359772522284175, -2.634545328703894, 0.0 ], [ 120.359655148166667, -2.634598262799557, 0.0 ], [ 120.360019926678319, -2.633778952536602, 0.0 ], [ 120.36088986877246, -2.633944654422237, 0.0 ], [ 120.361023351546464, -2.633631659773243, 0.0 ], [ 120.361221275241746, -2.633663880683514, 0.0 ] ] ] ] } },
{ "type": "Feature", "properties": { "OBJECTID": 5486, "WADMPR": "Sulawesi Selatan", "WADMKK": "Kab. Luwu Utara", "WADMKC": "Kec. Masamba", "WADMKD": "Desa Pongo", "POKTAN": "Gapoktan Masagena", "K_POKTAN": "H. Kamaluddin", "P_SID": "Universitas Negeri Makassar", "NO_HP_1": "0813-5551-7977", "NAMA_PEMIL": "Pemerintah Desa", "N_PETAK": "PNB424", "LUAS_HA": 0.24183137551, "PAKET": "Paket Sulawesi Selatan 7" }, "geometry": { "type": "MultiPolygon", "coordinates": [ [ [ [ 120.357883044866639, -2.633832279635953, 0.0 ], [ 120.357896853956731, -2.633910529647153, 0.0 ], [ 120.357188299700283, -2.634035957193646, 0.0 ], [ 120.35718484720303, -2.633767840513372, 0.0 ], [ 120.357829249220572, -2.633613644554032, 0.0 ], [ 120.357883044866639, -2.633832279635953, 0.0 ] ] ] ] } },
{ "type": "Feature", "properties": { "OBJECTID": 5487, "WADMPR": "Sulawesi Selatan", "WADMKK": "Kab. Luwu Utara", "WADMKC": "Kec. Masamba", "WADMKD": "Desa Pongo", "POKTAN": "Gapoktan Masagena", "K_POKTAN": "H. Kamaluddin", "P_SID": "Universitas Negeri Makassar", "NO_HP_1": "0813-5551-7977", "NAMA_PEMIL": "Pemerintah Desa", "N_PETAK": "PNB425", "LUAS_HA": 0.21921256314000001, "PAKET": "Paket Sulawesi Selatan 7" }, "geometry": { "type": "MultiPolygon", "coordinates": [ [ [ [ 120.35864481920305, -2.633650466395864, 0.0 ], [ 120.357883044866639, -2.633832279635953, 0.0 ], [ 120.357829249220572, -2.633613644554032, 0.0 ], [ 120.358581818096468, -2.63342665301758, 0.0 ], [ 120.35864481920305, -2.633650466395864, 0.0 ] ] ] ] } },
{ "type": "Feature", "properties": { "OBJECTID": 5488, "WADMPR": "Sulawesi Selatan", "WADMKK": "Kab. Luwu Utara", "WADMKC": "Kec. Masamba", "WADMKD": "Desa Pongo", "POKTAN": "Gapoktan Masagena", "K_POKTAN": "H. Kamaluddin", "P_SID": "Universitas Negeri Makassar", "NO_HP_1": "0813-5551-7977", "NAMA_PEMIL": "Pemerintah Desa", "N_PETAK": "PNB426", "LUAS_HA": 1.2413460135100001, "PAKET": "Paket Sulawesi Selatan 7" }, "geometry": { "type": "MultiPolygon", "coordinates": [ [ [ [ 120.359702328399749, -2.633272636922584, 0.0 ], [ 120.360070558509506, -2.633525794279933, 0.0 ], [ 120.361023351546464, -2.633631659773243, 0.0 ], [ 120.36088986877246, -2.633944654422237, 0.0 ], [ 120.360019926678319, -2.633778952536602, 0.0 ], [ 120.359655148166667, -2.634598262799557, 0.0 ], [ 120.359153436182169, -2.634377324553839, 0.0 ], [ 120.359485993783665, -2.633249622372148, 0.0 ], [ 120.359702328399749, -2.633272636922584, 0.0 ] ] ] ] } },
{ "type": "Feature", "properties": { "OBJECTID": 5489, "WADMPR": "Sulawesi Selatan", "WADMKK": "Kab. Luwu Utara", "WADMKC": "Kec. Masamba", "WADMKD": "Desa Pongo", "POKTAN": "Gapoktan Masagena", "K_POKTAN": "H. Kamaluddin", "P_SID": "Universitas Negeri Makassar", "NO_HP_1": "0813-5551-7977", "NAMA_PEMIL": "Pemerintah Desa", "N_PETAK": "PNB427", "LUAS_HA": 1.3928343158500001, "PAKET": "Paket Sulawesi Selatan 7" }, "geometry": { "type": "MultiPolygon", "coordinates": [ [ [ [ 120.354640755966216, -2.633794305762535, 0.0 ], [ 120.3549123251438, -2.63380811575189, 0.0 ], [ 120.354923831969359, -2.634148727681577, 0.0 ], [ 120.35506191837294, -2.634217770433736, 0.0 ], [ 120.355105645209392, -2.634321334561889, 0.0 ], [ 120.35486011140506, -2.634371966393076, 0.0 ], [ 120.353983695990792, -2.634555937106768, 0.0 ], [ 120.353685660664723, -2.633637808438039, 0.0 ], [ 120.353701771119859, -2.633534245209205, 0.0 ], [ 120.353609712918001, -2.633209741936014, 0.0 ], [ 120.353644235193315, -2.633108479172904, 0.0 ], [ 120.354003258943294, -2.632905953646798, 0.0 ], [ 120.354369186788631, -2.633897871689385, 0.0 ], [ 120.354640755966216, -2.633794305762535, 0.0 ] ] ] ] } },
{ "type": "Feature", "properties": { "OBJECTID": 5490, "WADMPR": "Sulawesi Selatan", "WADMKK": "Kab. Luwu Utara", "WADMKC": "Kec. Masamba", "WADMKD": "Desa Pongo", "POKTAN": "Gapoktan Masagena", "K_POKTAN": "H. Kamaluddin", "P_SID": "Universitas Negeri Makassar", "NO_HP_1": "0813-5551-7977", "NAMA_PEMIL": "Pemerintah Desa", "N_PETAK": "PNB428", "LUAS_HA": 1.1168746466499999, "PAKET": "Paket Sulawesi Selatan 7" }, "geometry": { "type": "MultiPolygon", "coordinates": [ [ [ [ 120.360130395801207, -2.632909009543084, 0.0 ], [ 120.360406567708992, -2.632909009543084, 0.0 ], [ 120.361198259791877, -2.632964244104528, 0.0 ], [ 120.361221275241746, -2.633663880683514, 0.0 ], [ 120.361023351546464, -2.633631659773243, 0.0 ], [ 120.360070558509506, -2.633525794279933, 0.0 ], [ 120.359702328399749, -2.633272636922584, 0.0 ], [ 120.359863429353823, -2.632890598622168, 0.0 ], [ 120.360130395801207, -2.632909009543084, 0.0 ] ] ] ] } },
{ "type": "Feature", "properties": { "OBJECTID": 5491, "WADMPR": "Sulawesi Selatan", "WADMKK": "Kab. Luwu Utara", "WADMKC": "Kec. Masamba", "WADMKD": "Desa Pongo", "POKTAN": "Gapoktan Masagena", "K_POKTAN": "H. Kamaluddin", "P_SID": "Universitas Negeri Makassar", "NO_HP_1": "0813-5551-7977", "NAMA_PEMIL": "Pemerintah Desa", "N_PETAK": "PNB429", "LUAS_HA": 0.58532760343000001, "PAKET": "Paket Sulawesi Selatan 7" }, "geometry": { "type": "MultiPolygon", "coordinates": [ [ [ [ 120.359160628959899, -2.633484188044804, 0.0 ], [ 120.358946020142753, -2.634340034165177, 0.0 ], [ 120.358511624212156, -2.633007791975956, 0.0 ], [ 120.358935087984037, -2.632865102842175, 0.0 ], [ 120.359160628959899, -2.633484188044804, 0.0 ] ] ] ] } },
{ "type": "Feature", "properties": { "OBJECTID": 5492, "WADMPR": "Sulawesi Selatan", "WADMKK": "Kab. Luwu Utara", "WADMKC": "Kec. Masamba", "WADMKD": "Desa Pongo", "POKTAN": "Gapoktan Masagena", "K_POKTAN": "H. Kamaluddin", "P_SID": "Universitas Negeri Makassar", "NO_HP_1": "0813-5551-7977", "NAMA_PEMIL": "Pemerintah Desa", "N_PETAK": "PNB430", "LUAS_HA": 0.44550225652999997, "PAKET": "Paket Sulawesi Selatan 7" }, "geometry": { "type": "MultiPolygon", "coordinates": [ [ [ [ 120.354640755966216, -2.633794305762535, 0.0 ], [ 120.354369186788631, -2.633897871689385, 0.0 ], [ 120.354003258943294, -2.632905953646798, 0.0 ], [ 120.354326466293401, -2.632701700523, 0.0 ], [ 120.354640755966216, -2.633794305762535, 0.0 ] ] ] ] } },
{ "type": "Feature", "properties": { "OBJECTID": 5493, "WADMPR": "Sulawesi Selatan", "WADMKK": "Kab. Luwu Utara", "WADMKC": "Kec. Masamba", "WADMKD": "Desa Pongo", "POKTAN": "Gapoktan Masagena", "K_POKTAN": "H. Kamaluddin", "P_SID": "Universitas Negeri Makassar", "NO_HP_1": "0813-5551-7977", "NAMA_PEMIL": "Pemerintah Desa", "N_PETAK": "PNB431", "LUAS_HA": 0.98430125593999995, "PAKET": "Paket Sulawesi Selatan 7" }, "geometry": { "type": "MultiPolygon", "coordinates": [ [ [ [ 120.358526583535081, -2.633194207046984, 0.0 ], [ 120.357272301775424, -2.633509503960397, 0.0 ], [ 120.357194051764168, -2.632865102842175, 0.0 ], [ 120.35802026792112, -2.632639562765576, 0.0 ], [ 120.358305646188683, -2.632565915484577, 0.0 ], [ 120.358526583535081, -2.633194207046984, 0.0 ] ] ] ] } },
{ "type": "Feature", "properties": { "OBJECTID": 5494, "WADMPR": "Sulawesi Selatan", "WADMKK": "Kab. Luwu Utara", "WADMKC": "Kec. Masamba", "WADMKD": "Desa Pongo", "POKTAN": "Gapoktan Masagena", "K_POKTAN": "H. Kamaluddin", "P_SID": "Universitas Negeri Makassar", "NO_HP_1": "0813-5551-7977", "NAMA_PEMIL": "Pemerintah Desa", "N_PETAK": "PNB432", "LUAS_HA": 0.24945818138, "PAKET": "Paket Sulawesi Selatan 7" }, "geometry": { "type": "MultiPolygon", "coordinates": [ [ [ [ 120.358935087984037, -2.632865102842175, 0.0 ], [ 120.358511624212156, -2.633007791975956, 0.0 ], [ 120.358378140538775, -2.632535997738046, 0.0 ], [ 120.35877859065954, -2.632437036340093, 0.0 ], [ 120.358935087984037, -2.632865102842175, 0.0 ] ] ] ] } },
{ "type": "Feature", "properties": { "OBJECTID": 5495, "WADMPR": "Sulawesi Selatan", "WADMKK": "Kab. Luwu Utara", "WADMKC": "Kec. Masamba", "WADMKD": "Desa Pongo", "POKTAN": "Gapoktan Masagena", "K_POKTAN": "H. Kamaluddin", "P_SID": "Universitas Negeri Makassar", "NO_HP_1": "0813-5551-7977", "NAMA_PEMIL": "Pemerintah Desa", "N_PETAK": "PNB433", "LUAS_HA": 0.36674744083, "PAKET": "Paket Sulawesi Selatan 7" }, "geometry": { "type": "MultiPolygon", "coordinates": [ [ [ [ 120.35802026792112, -2.632639562765576, 0.0 ], [ 120.357194051764168, -2.632865102842175, 0.0 ], [ 120.357104296725993, -2.632867404207275, 0.0 ], [ 120.357157229922336, -2.632499174097575, 0.0 ], [ 120.357272301775424, -2.632450843631489, 0.0 ], [ 120.357968485856986, -2.632365690424251, 0.0 ], [ 120.35802026792112, -2.632639562765576, 0.0 ] ] ] ] } },
{ "type": "Feature", "properties": { "OBJECTID": 5496, "WADMPR": "Sulawesi Selatan", "WADMKK": "Kab. Luwu Utara", "WADMKC": "Kec. Masamba", "WADMKD": "Desa Pongo", "POKTAN": "Gapoktan Masagena", "K_POKTAN": "H. Kamaluddin", "P_SID": "Universitas Negeri Makassar", "NO_HP_1": "0813-5551-7977", "NAMA_PEMIL": "Pemerintah Desa", "N_PETAK": "PNB434", "LUAS_HA": 0.25111268185000002, "PAKET": "Paket Sulawesi Selatan 7" }, "geometry": { "type": "MultiPolygon", "coordinates": [ [ [ [ 120.360406567708992, -2.632909009543084, 0.0 ], [ 120.360130395801207, -2.632909009543084, 0.0 ], [ 120.36004754305975, -2.632273813885377, 0.0 ], [ 120.360406567708992, -2.632260004795342, 0.0 ], [ 120.360406567708992, -2.632909009543084, 0.0 ] ] ] ] } },
{ "type": "Feature", "properties": { "OBJECTID": 5497, "WADMPR": "Sulawesi Selatan", "WADMKK": "Kab. Luwu Utara", "WADMKC": "Kec. Masamba", "WADMKD": "Desa Pongo", "POKTAN": "Gapoktan Masagena", "K_POKTAN": "H. Kamaluddin", "P_SID": "Universitas Negeri Makassar", "NO_HP_1": "0813-5551-7977", "NAMA_PEMIL": "Pemerintah Desa", "N_PETAK": "PNB435", "LUAS_HA": 0.39676773051000003, "PAKET": "Paket Sulawesi Selatan 7" }, "geometry": { "type": "MultiPolygon", "coordinates": [ [ [ [ 120.36004754305975, -2.632273813885377, 0.0 ], [ 120.360130395801207, -2.632909009543084, 0.0 ], [ 120.359863429353823, -2.632890598622168, 0.0 ], [ 120.359702328399749, -2.633272636922584, 0.0 ], [ 120.359485993783665, -2.633249622372148, 0.0 ], [ 120.359555036535767, -2.632936626823835, 0.0 ], [ 120.359886443005053, -2.632255402964404, 0.0 ], [ 120.36004754305975, -2.632273813885377, 0.0 ] ] ] ] } },
{ "type": "Feature", "properties": { "OBJECTID": 5498, "WADMPR": "Sulawesi Selatan", "WADMKK": "Kab. Luwu Utara", "WADMKC": "Kec. Masamba", "WADMKD": "Desa Pongo", "POKTAN": "Gapoktan Masagena", "K_POKTAN": "H. Kamaluddin", "P_SID": "Universitas Negeri Makassar", "NO_HP_1": "0813-5551-7977", "NAMA_PEMIL": "Pemerintah Desa", "N_PETAK": "PNB436", "LUAS_HA": 3.81194161666, "PAKET": "Paket Sulawesi Selatan 7" }, "geometry": { "type": "MultiPolygon", "coordinates": [ [ [ [ 120.357272301775424, -2.632450843631489, 0.0 ], [ 120.357157229922336, -2.632499174097575, 0.0 ], [ 120.357104296725993, -2.632867404207275, 0.0 ], [ 120.357194051764168, -2.632865102842175, 0.0 ], [ 120.357272301775424, -2.633509503960397, 0.0 ], [ 120.358526583535081, -2.633194207046984, 0.0 ], [ 120.358581818096468, -2.63342665301758, 0.0 ], [ 120.357829249220572, -2.633613644554032, 0.0 ], [ 120.35718484720303, -2.633767840513372, 0.0 ], [ 120.357188299700283, -2.634035957193646, 0.0 ], [ 120.357029213227634, -2.634064725606549, 0.0 ], [ 120.357040720053305, -2.634191304285196, 0.0 ], [ 120.356907237279188, -2.634216620200789, 0.0 ], [ 120.356833590897509, -2.634617068522857, 0.0 ], [ 120.356336481643325, -2.634545724405598, 0.0 ], [ 120.356257369182345, -2.634407064234551, 0.0 ], [ 120.356149202323877, -2.634310402403116, 0.0 ], [ 120.35598580000476, -2.634160810073297, 0.0 ], [ 120.355999609094738, -2.634027327299293, 0.0 ], [ 120.355921359083482, -2.633880035435254, 0.0 ], [ 120.355852317230756, -2.633705126290522, 0.0 ], [ 120.35573034128231, -2.633596958532735, 0.0 ], [ 120.35572573855211, -2.633523313050432, 0.0 ], [ 120.355640585344759, -2.63343125574778, 0.0 ], [ 120.355624474889623, -2.633302374804714, 0.0 ], [ 120.355684312181324, -2.63316889113139, 0.0 ], [ 120.355774068118762, -2.633088342452993, 0.0 ], [ 120.355912154522343, -2.633049217447365, 0.0 ], [ 120.355978895909402, -2.632989379256401, 0.0 ], [ 120.356006513190096, -2.63287891103289, 0.0 ], [ 120.355870728151672, -2.632807566016311, 0.0 ], [ 120.355803986764613, -2.632704002787477, 0.0 ], [ 120.355891441337008, -2.632607341855305, 0.0 ], [ 120.356059446386439, -2.632535997738046, 0.0 ], [ 120.356294191923439, -2.632453144996589, 0.0 ], [ 120.356319507839089, -2.632437036340093, 0.0 ], [ 120.356333316929067, -2.632393308604264, 0.0 ], [ 120.356337919659381, -2.632262127195361, 0.0 ], [ 120.357260794949752, -2.632199988538616, 0.0 ], [ 120.357272301775424, -2.632450843631489, 0.0 ] ] ] ] } },
{ "type": "Feature", "properties": { "OBJECTID": 5499, "WADMPR": "Sulawesi Selatan", "WADMKK": "Kab. Luwu Utara", "WADMKC": "Kec. Masamba", "WADMKD": "Desa Pongo", "POKTAN": "Gapoktan Masagena", "K_POKTAN": "H. Kamaluddin", "P_SID": "Universitas Negeri Makassar", "NO_HP_1": "0813-5551-7977", "NAMA_PEMIL": "Pemerintah Desa", "N_PETAK": "PNB437", "LUAS_HA": 0.72332475647000005, "PAKET": "Paket Sulawesi Selatan 7" }, "geometry": { "type": "MultiPolygon", "coordinates": [ [ [ [ 120.361198259791877, -2.632964244104528, 0.0 ], [ 120.360406567708992, -2.632909009543084, 0.0 ], [ 120.360406567708992, -2.632260004795342, 0.0 ], [ 120.360784002379887, -2.632190962942559, 0.0 ], [ 120.361216672511546, -2.632172550222947, 0.0 ], [ 120.361198259791877, -2.632964244104528, 0.0 ] ] ] ] } },
{ "type": "Feature", "properties": { "OBJECTID": 5500, "WADMPR": "Sulawesi Selatan", "WADMKK": "Kab. Luwu Utara", "WADMKC": "Kec. Masamba", "WADMKD": "Desa Pongo", "POKTAN": "Gapoktan Masagena", "K_POKTAN": "H. Kamaluddin", "P_SID": "Universitas Negeri Makassar", "NO_HP_1": "0813-5551-7977", "NAMA_PEMIL": "Pemerintah Desa", "N_PETAK": "PNB438", "LUAS_HA": 2.3797584857, "PAKET": "Paket Sulawesi Selatan 7" }, "geometry": { "type": "MultiPolygon", "coordinates": [ [ [ [ 120.355659571831893, -2.633672618496519, 0.0 ], [ 120.3549123251438, -2.63380811575189, 0.0 ], [ 120.354640755966216, -2.633794305762535, 0.0 ], [ 120.354326466293401, -2.632701700523, 0.0 ], [ 120.355021499242866, -2.632266729925618, 0.0 ], [ 120.355247040218842, -2.63222990628509, 0.0 ], [ 120.356073254577154, -2.632163164898088, 0.0 ], [ 120.356282685097881, -2.632225304454209, 0.0 ], [ 120.356245862356673, -2.632393308604264, 0.0 ], [ 120.355847714500442, -2.632568216849677, 0.0 ], [ 120.355755657197847, -2.632669481411369, 0.0 ], [ 120.355792479939055, -2.632812168746568, 0.0 ], [ 120.355907551792143, -2.632872006937532, 0.0 ], [ 120.355898345432365, -2.632964063340808, 0.0 ], [ 120.355838508140664, -2.632982476060363, 0.0 ], [ 120.355691216276682, -2.633014695171994, 0.0 ], [ 120.35562217352458, -2.633106753373909, 0.0 ], [ 120.355553130772478, -2.633290867979099, 0.0 ], [ 120.355580748053171, -2.63345657166343, 0.0 ], [ 120.355663598995989, -2.633557834426483, 0.0 ], [ 120.355659571831893, -2.633672618496519, 0.0 ] ] ] ] } },
{ "type": "Feature", "properties": { "OBJECTID": 5501, "WADMPR": "Sulawesi Selatan", "WADMKK": "Kab. Luwu Utara", "WADMKC": "Kec. Masamba", "WADMKD": "Desa Pongo", "POKTAN": "Gapoktan Masagena", "K_POKTAN": "H. Kamaluddin", "P_SID": "Universitas Negeri Makassar", "NO_HP_1": "0813-5551-7977", "NAMA_PEMIL": "Pemerintah Desa", "N_PETAK": "PNB439", "LUAS_HA": 0.27539778463999998, "PAKET": "Paket Sulawesi Selatan 7" }, "geometry": { "type": "MultiPolygon", "coordinates": [ [ [ [ 120.357968485856986, -2.632365690424251, 0.0 ], [ 120.357272301775424, -2.632450843631489, 0.0 ], [ 120.357260794949752, -2.632199988538616, 0.0 ], [ 120.358199779796109, -2.632117136696479, 0.0 ], [ 120.35823430117216, -2.632331169947463, 0.0 ], [ 120.357968485856986, -2.632365690424251, 0.0 ] ] ] ] } },
{ "type": "Feature", "properties": { "OBJECTID": 5502, "WADMPR": "Sulawesi Selatan", "WADMKK": "Kab. Luwu Utara", "WADMKC": "Kec. Masamba", "WADMKD": "Desa Pongo", "POKTAN": "Gapoktan Masagena", "K_POKTAN": "H. Kamaluddin", "P_SID": "Universitas Negeri Makassar", "NO_HP_1": "0813-5551-7977", "NAMA_PEMIL": "Pemerintah Desa", "N_PETAK": "PNB440", "LUAS_HA": 0.19517647766, "PAKET": "Paket Sulawesi Selatan 7" }, "geometry": { "type": "MultiPolygon", "coordinates": [ [ [ [ 120.358736014055921, -2.632316210624595, 0.0 ], [ 120.35877859065954, -2.632437036340093, 0.0 ], [ 120.358378140538775, -2.632535997738046, 0.0 ], [ 120.358272275045465, -2.63212173852736, 0.0 ], [ 120.358658916076138, -2.632082615320371, 0.0 ], [ 120.358736014055921, -2.632316210624595, 0.0 ] ] ] ] } },
{ "type": "Feature", "properties": { "OBJECTID": 5503, "WADMPR": "Sulawesi Selatan", "WADMKK": "Kab. Luwu Utara", "WADMKC": "Kec. Masamba", "WADMKD": "Desa Pongo", "POKTAN": "Gapoktan Masagena", "K_POKTAN": "H. Kamaluddin", "P_SID": "Universitas Negeri Makassar", "NO_HP_1": "0813-5551-7977", "NAMA_PEMIL": "Pemerintah Desa", "N_PETAK": "PNB441", "LUAS_HA": 0.5630245596, "PAKET": "Paket Sulawesi Selatan 7" }, "geometry": { "type": "MultiPolygon", "coordinates": [ [ [ [ 120.359360853120961, -2.632770744174479, 0.0 ], [ 120.359273398548567, -2.632989379256401, 0.0 ], [ 120.359160628959899, -2.633484188044804, 0.0 ], [ 120.358935087984037, -2.632865102842175, 0.0 ], [ 120.35877859065954, -2.632437036340093, 0.0 ], [ 120.358736014055921, -2.632316210624595, 0.0 ], [ 120.358925882523522, -2.632264428560461, 0.0 ], [ 120.358886757517894, -2.632057298505458, 0.0 ], [ 120.359160628959899, -2.632031982589865, 0.0 ], [ 120.359360853120961, -2.632770744174479, 0.0 ] ] ] ] } },
{ "type": "Feature", "properties": { "OBJECTID": 5504, "WADMPR": "Sulawesi Selatan", "WADMKK": "Kab. Luwu Utara", "WADMKC": "Kec. Masamba", "WADMKD": "Desa Pongo", "POKTAN": "Gapoktan Masagena", "K_POKTAN": "H. Kamaluddin", "P_SID": "Universitas Negeri Makassar", "NO_HP_1": "0813-5551-7977", "NAMA_PEMIL": "Pemerintah Desa", "N_PETAK": "PNB442", "LUAS_HA": 0.29762296695000001, "PAKET": "Paket Sulawesi Selatan 7" }, "geometry": { "type": "MultiPolygon", "coordinates": [ [ [ [ 120.359360853120961, -2.632770744174479, 0.0 ], [ 120.359160628959899, -2.632031982589865, 0.0 ], [ 120.359395374497012, -2.632018749965312, 0.0 ], [ 120.35943334837043, -2.632171795691761, 0.0 ], [ 120.359548419324142, -2.632148781141268, 0.0 ], [ 120.359530008403226, -2.632009544504854, 0.0 ], [ 120.359740590056276, -2.631988832218781, 0.0 ], [ 120.35977281006717, -2.63203255905529, 0.0 ], [ 120.359780865294738, -2.632098149310082, 0.0 ], [ 120.359738288691119, -2.632197111607354, 0.0 ], [ 120.359360853120961, -2.632770744174479, 0.0 ] ] ] ] } },
{ "type": "Feature", "properties": { "OBJECTID": 5505, "WADMPR": "Sulawesi Selatan", "WADMKK": "Kab. Luwu Utara", "WADMKC": "Kec. Masamba", "WADMKD": "Desa Pongo", "POKTAN": "Gapoktan Masagena", "K_POKTAN": "H. Kamaluddin", "P_SID": "Universitas Negeri Makassar", "NO_HP_1": "0813-5551-7977", "NAMA_PEMIL": "Pemerintah Desa", "N_PETAK": "PNB443", "LUAS_HA": 0.27827392, "PAKET": "Paket Sulawesi Selatan 7" }, "geometry": { "type": "MultiPolygon", "coordinates": [ [ [ [ 120.334651345883003, -2.631805277891203, 0.0 ], [ 120.334323500729056, -2.631995996218222, 0.0 ], [ 120.33420761139223, -2.632060777982474, 0.0 ], [ 120.334026652508101, -2.631865555850652, 0.0 ], [ 120.333966312495363, -2.631805196952257, 0.0 ], [ 120.333918152001161, -2.631767865194774, 0.0 ], [ 120.334003381650859, -2.631725406402325, 0.0 ], [ 120.334133033312924, -2.631878790273902, 0.0 ], [ 120.33416700160592, -2.63184929790674, 0.0 ], [ 120.334026925002604, -2.631682446687535, 0.0 ], [ 120.334191372333976, -2.631567831690006, 0.0 ], [ 120.334231979422384, -2.631478815894582, 0.0 ], [ 120.334269294992055, -2.631353917149511, 0.0 ], [ 120.334651345883003, -2.631805277891203, 0.0 ] ] ] ] } },
{ "type": "Feature", "properties": { "OBJECTID": 5506, "WADMPR": "Sulawesi Selatan", "WADMKK": "Kab. Luwu Utara", "WADMKC": "Kec. Masamba", "WADMKD": "Desa Pongo", "POKTAN": "Gapoktan Masagena", "K_POKTAN": "H. Kamaluddin", "P_SID": "Universitas Negeri Makassar", "NO_HP_1": "0813-5551-7977", "NAMA_PEMIL": "Pemerintah Desa", "N_PETAK": "PNB444", "LUAS_HA": 0.04766039372, "PAKET": "Paket Sulawesi Selatan 7" }, "geometry": { "type": "MultiPolygon", "coordinates": [ [ [ [ 120.334003381650859, -2.631725406402325, 0.0 ], [ 120.333918152001161, -2.631767865194774, 0.0 ], [ 120.333866047080505, -2.631728049509832, 0.0 ], [ 120.333834157120691, -2.631680977195288, 0.0 ], [ 120.333794512307009, -2.631611449708601, 0.0 ], [ 120.333761630394974, -2.63155135970743, 0.0 ], [ 120.333704033314575, -2.63144824074368, 0.0 ], [ 120.333649346440211, -2.631338684432706, 0.0 ], [ 120.333582498933197, -2.631220717661961, 0.0 ], [ 120.333745570301858, -2.63141906044126, 0.0 ], [ 120.333850001376504, -2.631546918855179, 0.0 ], [ 120.333941687259085, -2.631651980354548, 0.0 ], [ 120.334003381650859, -2.631725406402325, 0.0 ] ] ] ] } },
{ "type": "Feature", "properties": { "OBJECTID": 5507, "WADMPR": "Sulawesi Selatan", "WADMKK": "Kab. Luwu Utara", "WADMKC": "Kec. Masamba", "WADMKD": "Desa Pongo", "POKTAN": "Gapoktan Masagena", "K_POKTAN": "H. Kamaluddin", "P_SID": "Universitas Negeri Makassar", "NO_HP_1": "0813-5551-7977", "NAMA_PEMIL": "Pemerintah Desa", "N_PETAK": "PNB445", "LUAS_HA": 1.6424527841200001, "PAKET": "Paket Sulawesi Selatan 7" }, "geometry": { "type": "MultiPolygon", "coordinates": [ [ [ [ 120.335868084544472, -2.630505949989526, 0.0 ], [ 120.336015180356299, -2.63091644553748, 0.0 ], [ 120.334672348650088, -2.63173502015502, 0.0 ], [ 120.334675609591727, -2.63179116572968, 0.0 ], [ 120.334651345883003, -2.631805277891203, 0.0 ], [ 120.334269294992055, -2.631353917149511, 0.0 ], [ 120.334580047631107, -2.630617635895135, 0.0 ], [ 120.334607439182037, -2.630520918305706, 0.0 ], [ 120.3349765596206, -2.630478430734968, 0.0 ], [ 120.335295025744927, -2.630549289218266, 0.0 ], [ 120.335675706968345, -2.630551584288128, 0.0 ], [ 120.335868084544472, -2.630505949989526, 0.0 ] ] ] ] } },
{ "type": "Feature", "properties": { "OBJECTID": 5508, "WADMPR": "Sulawesi Selatan", "WADMKK": "Kab. Luwu Utara", "WADMKC": "Kec. Masamba", "WADMKD": "Desa Pongo", "POKTAN": "Gapoktan Masagena", "K_POKTAN": "H. Kamaluddin", "P_SID": "Universitas Negeri Makassar", "NO_HP_1": "0813-5551-7977", "NAMA_PEMIL": "Pemerintah Desa", "N_PETAK": "PNB446", "LUAS_HA": 1.06505473085, "PAKET": "Paket Sulawesi Selatan 7" }, "geometry": { "type": "MultiPolygon", "coordinates": [ [ [ [ 120.334580047631107, -2.630617635895135, 0.0 ], [ 120.334269294992055, -2.631353917149511, 0.0 ], [ 120.334231979422384, -2.631478815894582, 0.0 ], [ 120.334191372333976, -2.631567831690006, 0.0 ], [ 120.334026925002604, -2.631682446687535, 0.0 ], [ 120.333619179581547, -2.631202330123415, 0.0 ], [ 120.333409435197382, -2.630901919687801, 0.0 ], [ 120.333382406972532, -2.630757708901115, 0.0 ], [ 120.333389073646913, -2.630628965554251, 0.0 ], [ 120.333592821351658, -2.630659984970293, 0.0 ], [ 120.333670895995169, -2.630427294384106, 0.0 ], [ 120.334580047631107, -2.630617635895135, 0.0 ] ] ] ] } },
{ "type": "Feature", "properties": { "OBJECTID": 5509, "WADMPR": "Sulawesi Selatan", "WADMKK": "Kab. Luwu Utara", "WADMKC": "Kec. Masamba", "WADMKD": "Desa Pongo", "POKTAN": "Gapoktan Masagena", "K_POKTAN": "H. Kamaluddin", "P_SID": "Universitas Negeri Makassar", "NO_HP_1": "0813-5551-7977", "NAMA_PEMIL": "Pemerintah Desa", "N_PETAK": "PNB447", "LUAS_HA": 0.4054981119, "PAKET": "Paket Sulawesi Selatan 7" }, "geometry": { "type": "MultiPolygon", "coordinates": [ [ [ [ 120.334165922419402, -2.630211408529647, 0.0 ], [ 120.334669371894051, -2.630299495325403, 0.0 ], [ 120.334607439182037, -2.630520918305706, 0.0 ], [ 120.334580047631107, -2.630617635895135, 0.0 ], [ 120.333670895995169, -2.630427294384106, 0.0 ], [ 120.333697618450401, -2.630236593144218, 0.0 ], [ 120.333428158182983, -2.630205444225851, 0.0 ], [ 120.33344057961915, -2.630082304554662, 0.0 ], [ 120.334165922419402, -2.630211408529647, 0.0 ] ] ] ] } },
{ "type": "Feature", "properties": { "OBJECTID": 5510, "WADMPR": "Sulawesi Selatan", "WADMKK": "Kab. Luwu Utara", "WADMKC": "Kec. Masamba", "WADMKD": "Desa Pongo", "POKTAN": "Gapoktan Masagena", "K_POKTAN": "H. Kamaluddin", "P_SID": "Universitas Negeri Makassar", "NO_HP_1": "0813-5551-7977", "NAMA_PEMIL": "Pemerintah Desa", "N_PETAK": "PNB448", "LUAS_HA": 0.17172593349000001, "PAKET": "Paket Sulawesi Selatan 7" }, "geometry": { "type": "MultiPolygon", "coordinates": [ [ [ [ 120.332830862654305, -2.630160064435358, 0.0 ], [ 120.332976540235222, -2.630113092844908, 0.0 ], [ 120.333272978365358, -2.630065799297142, 0.0 ], [ 120.33326560662249, -2.630167830980554, 0.0 ], [ 120.333017730084293, -2.630154684690922, 0.0 ], [ 120.333009911378326, -2.630357458429899, 0.0 ], [ 120.333252686961941, -2.630362832778474, 0.0 ], [ 120.333225926735167, -2.630574094318945, 0.0 ], [ 120.332959079897705, -2.630512910742198, 0.0 ], [ 120.332714154034988, -2.630306130523479, 0.0 ], [ 120.332740743390673, -2.630272852010478, 0.0 ], [ 120.332778396206095, -2.630225730233235, 0.0 ], [ 120.332811623457701, -2.63018414288382, 0.0 ], [ 120.332830862654305, -2.630160064435358, 0.0 ] ] ] ] } },
{ "type": "Feature", "properties": { "OBJECTID": 5511, "WADMPR": "Sulawesi Selatan", "WADMKK": "Kab. Luwu Utara", "WADMKC": "Kec. Masamba", "WADMKD": "Desa Pongo", "POKTAN": "Gapoktan Masagena", "K_POKTAN": "H. Kamaluddin", "P_SID": "Universitas Negeri Makassar", "NO_HP_1": "0813-5551-7977", "NAMA_PEMIL": "Pemerintah Desa", "N_PETAK": "PNB449", "LUAS_HA": 0.14922937642, "PAKET": "Paket Sulawesi Selatan 7" }, "geometry": { "type": "MultiPolygon", "coordinates": [ [ [ [ 120.334194600000842, -2.630054868037689, 0.0 ], [ 120.334165922419402, -2.630211408529647, 0.0 ], [ 120.33344057961915, -2.630082304554662, 0.0 ], [ 120.333459906949201, -2.629923301718975, 0.0 ], [ 120.333498903351824, -2.629917685452767, 0.0 ], [ 120.333531697130184, -2.62992087984469, 0.0 ], [ 120.333683027849474, -2.629959647819419, 0.0 ], [ 120.334194600000842, -2.630054868037689, 0.0 ] ] ] ] } },
{ "type": "Feature", "properties": { "OBJECTID": 5512, "WADMPR": "Sulawesi Selatan", "WADMKK": "Kab. Luwu Utara", "WADMKC": "Kec. Masamba", "WADMKD": "Desa Pongo", "POKTAN": "Gapoktan Masagena", "K_POKTAN": "H. Kamaluddin", "P_SID": "Universitas Negeri Makassar", "NO_HP_1": "0813-5551-7977", "NAMA_PEMIL": "Pemerintah Desa", "N_PETAK": "PNB450", "LUAS_HA": 1.28779143598, "PAKET": "Paket Sulawesi Selatan 7" }, "geometry": { "type": "MultiPolygon", "coordinates": [ [ [ [ 120.335892591969582, -2.629900641501365, 0.0 ], [ 120.335968622454061, -2.630459638501463, 0.0 ], [ 120.335868084544472, -2.630505949989526, 0.0 ], [ 120.335675706968345, -2.630551584288128, 0.0 ], [ 120.335295025744927, -2.630549289218266, 0.0 ], [ 120.3349765596206, -2.630478430734968, 0.0 ], [ 120.334607439182037, -2.630520918305706, 0.0 ], [ 120.334669371894051, -2.630299495325403, 0.0 ], [ 120.334165922419402, -2.630211408529647, 0.0 ], [ 120.334194600000842, -2.630054868037689, 0.0 ], [ 120.334199515695104, -2.630039142492365, 0.0 ], [ 120.334229363294526, -2.629883067849278, 0.0 ], [ 120.334169937892398, -2.629870472844004, 0.0 ], [ 120.334176184583271, -2.629797489262671, 0.0 ], [ 120.335892591969582, -2.629900641501365, 0.0 ] ] ] ] } },
{ "type": "Feature", "properties": { "OBJECTID": 5513, "WADMPR": "Sulawesi Selatan", "WADMKK": "Kab. Luwu Utara", "WADMKC": "Kec. Masamba", "WADMKD": "Desa Pongo", "POKTAN": "Gapoktan Masagena", "K_POKTAN": "H. Kamaluddin", "P_SID": "Universitas Negeri Makassar", "NO_HP_1": "0813-5551-7977", "NAMA_PEMIL": "Pemerintah Desa", "N_PETAK": "PNB451", "LUAS_HA": 0.3659515969, "PAKET": "Paket Sulawesi Selatan 7" }, "geometry": { "type": "MultiPolygon", "coordinates": [ [ [ [ 120.333272978365358, -2.630065799297142, 0.0 ], [ 120.332976540235222, -2.630113092844908, 0.0 ], [ 120.332830862654305, -2.630160064435358, 0.0 ], [ 120.332873140682977, -2.630107151923482, 0.0 ], [ 120.332891240438471, -2.630084499799807, 0.0 ], [ 120.332830948989113, -2.630042296414786, 0.0 ], [ 120.332815826888918, -2.630032161954659, 0.0 ], [ 120.332815245027632, -2.630031839098024, 0.0 ], [ 120.332766439719535, -2.630004717343809, 0.0 ], [ 120.332756288172277, -2.630000651508794, 0.0 ], [ 120.332714020036065, -2.629983715476044, 0.0 ], [ 120.332712019044493, -2.629983195667876, 0.0 ], [ 120.332659397912948, -2.629969486402615, 0.0 ], [ 120.332614710600524, -2.629963134490993, 0.0 ], [ 120.332483840356986, -2.629951239158288, 0.0 ], [ 120.332472561059944, -2.629950357822736, 0.0 ], [ 120.332443389750665, -2.629949403642001, 0.0 ], [ 120.332305656780704, -2.629949404541321, 0.0 ], [ 120.332264930082488, -2.629949404541321, 0.0 ], [ 120.332237676127875, -2.629950235514912, 0.0 ], [ 120.332219508023968, -2.629952504504445, 0.0 ], [ 120.332222793247411, -2.6299353778154, 0.0 ], [ 120.33222511979352, -2.629912641155443, 0.0 ], [ 120.332225398583319, -2.629909024082167, 0.0 ], [ 120.33223079811296, -2.629838831097118, 0.0 ], [ 120.332237017824127, -2.629757972152618, 0.0 ], [ 120.332237965709623, -2.629733954858068, 0.0 ], [ 120.33332556172536, -2.629652474482043, 0.0 ], [ 120.333306565345765, -2.629844720757205, 0.0 ], [ 120.33298299736748, -2.629857864348935, 0.0 ], [ 120.332983092695599, -2.630036714322841, 0.0 ], [ 120.333267564446601, -2.630018365455157, 0.0 ], [ 120.333272978365358, -2.630065799297142, 0.0 ] ] ] ] } },
{ "type": "Feature", "properties": { "OBJECTID": 5514, "WADMPR": "Sulawesi Selatan", "WADMKK": "Kab. Luwu Utara", "WADMKC": "Kec. Masamba", "WADMKD": "Desa Pongo", "POKTAN": "Gapoktan Masagena", "K_POKTAN": "H. Kamaluddin", "P_SID": "Universitas Negeri Makassar", "NO_HP_1": "0813-5551-7977", "NAMA_PEMIL": "Pemerintah Desa", "N_PETAK": "PNB452", "LUAS_HA": 0.47180440986, "PAKET": "Paket Sulawesi Selatan 7" }, "geometry": { "type": "MultiPolygon", "coordinates": [ [ [ [ 120.33332556172536, -2.629652474482043, 0.0 ], [ 120.332237965709623, -2.629733954858068, 0.0 ], [ 120.332238355116033, -2.629724087496584, 0.0 ], [ 120.33223720128592, -2.629690743333072, 0.0 ], [ 120.3322253032552, -2.629524182594878, 0.0 ], [ 120.332224888667724, -2.629518822635532, 0.0 ], [ 120.332217768735063, -2.62943338794048, 0.0 ], [ 120.332214477216439, -2.629393887018239, 0.0 ], [ 120.33333978630219, -2.629298792705072, 0.0 ], [ 120.33332556172536, -2.629652474482043, 0.0 ] ] ] ] } },
{ "type": "Feature", "properties": { "OBJECTID": 5515, "WADMPR": "Sulawesi Selatan", "WADMKK": "Kab. Luwu Utara", "WADMKC": "Kec. Masamba", "WADMKD": "Desa Pongo", "POKTAN": "Gapoktan Masagena", "K_POKTAN": "H. Kamaluddin", "P_SID": "Universitas Negeri Makassar", "NO_HP_1": "0813-5551-7977", "NAMA_PEMIL": "Pemerintah Desa", "N_PETAK": "PNB453", "LUAS_HA": 1.3444339624399999, "PAKET": "Paket Sulawesi Selatan 7" }, "geometry": { "type": "MultiPolygon", "coordinates": [ [ [ [ 120.335892591969582, -2.629900641501365, 0.0 ], [ 120.334176184583271, -2.629797489262671, 0.0 ], [ 120.334212006379062, -2.629297786363679, 0.0 ], [ 120.334928279516589, -2.629222091326426, 0.0 ], [ 120.335840696590935, -2.629126605808153, 0.0 ], [ 120.335962965718409, -2.629888675122231, 0.0 ], [ 120.335892591969582, -2.629900641501365, 0.0 ] ] ] ] } },
{ "type": "Feature", "properties": { "OBJECTID": 5516, "WADMPR": "Sulawesi Selatan", "WADMKK": "Kab. Luwu Utara", "WADMKC": "Kec. Masamba", "WADMKD": "Desa Pongo", "POKTAN": "Gapoktan Masagena", "K_POKTAN": "H. Kamaluddin", "P_SID": "Universitas Negeri Makassar", "NO_HP_1": "0813-5551-7977", "NAMA_PEMIL": "Pemerintah Desa", "N_PETAK": "PNB454", "LUAS_HA": 0.76790504782000002, "PAKET": "Paket Sulawesi Selatan 7" }, "geometry": { "type": "MultiPolygon", "coordinates": [ [ [ [ 120.334112585427533, -2.629137002870323, 0.0 ], [ 120.334222701116801, -2.629161363705919, 0.0 ], [ 120.334212006379062, -2.629297786363679, 0.0 ], [ 120.334176184583271, -2.629797489262671, 0.0 ], [ 120.334169937892398, -2.629870472844004, 0.0 ], [ 120.334229363294526, -2.629883067849278, 0.0 ], [ 120.334199515695104, -2.630039142492365, 0.0 ], [ 120.334027303617177, -2.630003353072254, 0.0 ], [ 120.333884492175684, -2.629981967193999, 0.0 ], [ 120.333720491807298, -2.629952762609832, 0.0 ], [ 120.333616373696714, -2.629930635690243, 0.0 ], [ 120.333509905657706, -2.629904874610247, 0.0 ], [ 120.33346160037263, -2.629910341588925, 0.0 ], [ 120.333514982330598, -2.629290750967357, 0.0 ], [ 120.333545202249297, -2.629011755188287, 0.0 ], [ 120.334112585427533, -2.629137002870323, 0.0 ] ] ] ] } },
{ "type": "Feature", "properties": { "OBJECTID": 5517, "WADMPR": "Sulawesi Selatan", "WADMKK": "Kab. Luwu Utara", "WADMKC": "Kec. Masamba", "WADMKD": "Desa Pongo", "POKTAN": "Gapoktan Masagena", "K_POKTAN": "H. Kamaluddin", "P_SID": "Universitas Negeri Makassar", "NO_HP_1": "0813-5551-7977", "NAMA_PEMIL": "Pemerintah Desa", "N_PETAK": "PNB455", "LUAS_HA": 0.53374473559000002, "PAKET": "Paket Sulawesi Selatan 7" }, "geometry": { "type": "MultiPolygon", "coordinates": [ [ [ [ 120.33333978630219, -2.629298792705072, 0.0 ], [ 120.332214477216439, -2.629393887018239, 0.0 ], [ 120.33221299153638, -2.629376054361387, 0.0 ], [ 120.332211137134323, -2.629358115584523, 0.0 ], [ 120.33220068341484, -2.629302353121034, 0.0 ], [ 120.332198159017935, -2.629292982185348, 0.0 ], [ 120.332197087025975, -2.629289001785935, 0.0 ], [ 120.332185028016738, -2.62924679930029, 0.0 ], [ 120.332180835377358, -2.629232122364499, 0.0 ], [ 120.332157852303112, -2.629151680705434, 0.0 ], [ 120.332149497601335, -2.629122441047741, 0.0 ], [ 120.332135771248886, -2.62908178629533, 0.0 ], [ 120.33211185557775, -2.629030389141121, 0.0 ], [ 120.332105274339028, -2.629018875120948, 0.0 ], [ 120.332114557141153, -2.629016447850745, 0.0 ], [ 120.333041786949025, -2.628904053279371, 0.0 ], [ 120.333356535275925, -2.628869229731094, 0.0 ], [ 120.333346640035415, -2.629043791737558, 0.0 ], [ 120.332998195010759, -2.62907799295499, 0.0 ], [ 120.333021848079852, -2.629216707085334, 0.0 ], [ 120.333355787039977, -2.629188845188992, 0.0 ], [ 120.33333978630219, -2.629298792705072, 0.0 ] ] ] ] } },
{ "type": "Feature", "properties": { "OBJECTID": 5518, "WADMPR": "Sulawesi Selatan", "WADMKK": "Kab. Luwu Utara", "WADMKC": "Kec. Masamba", "WADMKD": "Desa Pongo", "POKTAN": "Gapoktan Masagena", "K_POKTAN": "H. Kamaluddin", "P_SID": "Universitas Negeri Makassar", "NO_HP_1": "0813-5551-7977", "NAMA_PEMIL": "Pemerintah Desa", "N_PETAK": "PNB456", "LUAS_HA": 0.54729871349000003, "PAKET": "Paket Sulawesi Selatan 7" }, "geometry": { "type": "MultiPolygon", "coordinates": [ [ [ [ 120.334928279516589, -2.629222091326426, 0.0 ], [ 120.334212006379062, -2.629297786363679, 0.0 ], [ 120.334222701116801, -2.629161363705919, 0.0 ], [ 120.334112585427533, -2.629137002870323, 0.0 ], [ 120.334128954887433, -2.629012676094078, 0.0 ], [ 120.334164380981406, -2.62876582927953, 0.0 ], [ 120.334744726088275, -2.628575833108187, 0.0 ], [ 120.334877022656542, -2.628532441718789, 0.0 ], [ 120.334928279516589, -2.629222091326426, 0.0 ] ], [ [ 120.334340095918719, -2.629071528628117, 0.0 ], [ 120.334341309104161, -2.628976272437001, 0.0 ], [ 120.334193268104855, -2.628979305850237, 0.0 ], [ 120.334187807421472, -2.629015102464962, 0.0 ], [ 120.334184774008122, -2.629068494315504, 0.0 ], [ 120.334340095918719, -2.629071528628117, 0.0 ] ] ] ] } },
{ "type": "Feature", "properties": { "OBJECTID": 5519, "WADMPR": "Sulawesi Selatan", "WADMKK": "Kab. Luwu Utara", "WADMKC": "Kec. Masamba", "WADMKD": "Desa Pongo", "POKTAN": "Gapoktan Masagena", "K_POKTAN": "H. Kamaluddin", "P_SID": "Universitas Negeri Makassar", "NO_HP_1": "0813-5551-7977", "NAMA_PEMIL": "Pemerintah Desa", "N_PETAK": "PNB457", "LUAS_HA": 0.71755441085000005, "PAKET": "Paket Sulawesi Selatan 7" }, "geometry": { "type": "MultiPolygon", "coordinates": [ [ [ [ 120.333041786949025, -2.628904053279371, 0.0 ], [ 120.332114557141153, -2.629016447850745, 0.0 ], [ 120.332105274339028, -2.629018875120948, 0.0 ], [ 120.33210236233424, -2.629013782260188, 0.0 ], [ 120.332050350043687, -2.628927094809512, 0.0 ], [ 120.332030978646799, -2.628894808248731, 0.0 ], [ 120.332010339205908, -2.628863438996461, 0.0 ], [ 120.331973915763683, -2.628819105117543, 0.0 ], [ 120.331947873195872, -2.628773114687419, 0.0 ], [ 120.331920576973062, -2.628730272783798, 0.0 ], [ 120.331884703016726, -2.628686473102221, 0.0 ], [ 120.331851428101004, -2.628654188340079, 0.0 ], [ 120.331841908777164, -2.628645859718631, 0.0 ], [ 120.331832541438644, -2.628637663297468, 0.0 ], [ 120.331836292510957, -2.628618913332161, 0.0 ], [ 120.331857403196636, -2.628570297780982, 0.0 ], [ 120.333379244956291, -2.628402354784782, 0.0 ], [ 120.333359815103449, -2.628632839334045, 0.0 ], [ 120.333055088821311, -2.628661703974387, 0.0 ], [ 120.333041786949025, -2.628904053279371, 0.0 ] ] ] ] } },
{ "type": "Feature", "properties": { "OBJECTID": 5520, "WADMPR": "Sulawesi Selatan", "WADMKK": "Kab. Luwu Utara", "WADMKC": "Kec. Masamba", "WADMKD": "Desa Pongo", "POKTAN": "Gapoktan Masagena", "K_POKTAN": "H. Kamaluddin", "P_SID": "Universitas Negeri Makassar", "NO_HP_1": "0813-5551-7977", "NAMA_PEMIL": "Pemerintah Desa", "N_PETAK": "PNB458", "LUAS_HA": 0.89601587731, "PAKET": "Paket Sulawesi Selatan 7" }, "geometry": { "type": "MultiPolygon", "coordinates": [ [ [ [ 120.335840696590935, -2.629126605808153, 0.0 ], [ 120.334928279516589, -2.629222091326426, 0.0 ], [ 120.334877022656542, -2.628532441718789, 0.0 ], [ 120.335539922829184, -2.628314640308361, 0.0 ], [ 120.335807964865694, -2.628308619347251, 0.0 ], [ 120.335840696590935, -2.629126605808153, 0.0 ] ] ] ] } },
{ "type": "Feature", "properties": { "OBJECTID": 5521, "WADMPR": "Sulawesi Selatan", "WADMKK": "Kab. Luwu Utara", "WADMKC": "Kec. Masamba", "WADMKD": "Desa Pongo", "POKTAN": "Gapoktan Masagena", "K_POKTAN": "H. Kamaluddin", "P_SID": "Universitas Negeri Makassar", "NO_HP_1": "0813-5551-7977", "NAMA_PEMIL": "Pemerintah Desa", "N_PETAK": "PNB459", "LUAS_HA": 0.4716657414, "PAKET": "Paket Sulawesi Selatan 7" }, "geometry": { "type": "MultiPolygon", "coordinates": [ [ [ [ 120.335539922829184, -2.628314640308361, 0.0 ], [ 120.334877022656542, -2.628532441718789, 0.0 ], [ 120.334744726088275, -2.628575833108187, 0.0 ], [ 120.334684814152865, -2.628057777744175, 0.0 ], [ 120.335480078343039, -2.627899636459006, 0.0 ], [ 120.335539922829184, -2.628314640308361, 0.0 ] ] ] ] } },
{ "type": "Feature", "properties": { "OBJECTID": 5522, "WADMPR": "Sulawesi Selatan", "WADMKK": "Kab. Luwu Utara", "WADMKC": "Kec. Masamba", "WADMKD": "Desa Pongo", "POKTAN": "Gapoktan Masagena", "K_POKTAN": "H. Kamaluddin", "P_SID": "Universitas Negeri Makassar", "NO_HP_1": "0813-5551-7977", "NAMA_PEMIL": "Pemerintah Desa", "N_PETAK": "PNB460", "LUAS_HA": 1.20445434992, "PAKET": "Paket Sulawesi Selatan 7" }, "geometry": { "type": "MultiPolygon", "coordinates": [ [ [ [ 120.331661467003187, -2.628018034904358, 0.0 ], [ 120.333180423737645, -2.62784941112136, 0.0 ], [ 120.333584322758384, -2.627802500684822, 0.0 ], [ 120.333397237692452, -2.628257125965547, 0.0 ], [ 120.33337899764274, -2.628401441972926, 0.0 ], [ 120.331857442766818, -2.628570207848782, 0.0 ], [ 120.3318588376153, -2.628566995470408, 0.0 ], [ 120.331911484827174, -2.628448540367799, 0.0 ], [ 120.331915899599153, -2.628438029991059, 0.0 ], [ 120.331918686598215, -2.628431394792983, 0.0 ], [ 120.331929253632211, -2.628398926569162, 0.0 ], [ 120.331882325209222, -2.628403464548228, 0.0 ], [ 120.331747323480272, -2.628416524502939, 0.0 ], [ 120.331661467003187, -2.628018034904358, 0.0 ] ] ] ] } },
{ "type": "Feature", "properties": { "OBJECTID": 5523, "WADMPR": "Sulawesi Selatan", "WADMKK": "Kab. Luwu Utara", "WADMKC": "Kec. Masamba", "WADMKD": "Desa Pongo", "POKTAN": "Gapoktan Masagena", "K_POKTAN": "H. Kamaluddin", "P_SID": "Universitas Negeri Makassar", "NO_HP_1": "0813-5551-7977", "NAMA_PEMIL": "Pemerintah Desa", "N_PETAK": "PNB461", "LUAS_HA": 0.7716047406, "PAKET": "Paket Sulawesi Selatan 7" }, "geometry": { "type": "MultiPolygon", "coordinates": [ [ [ [ 120.334121459937478, -2.628196832717606, 0.0 ], [ 120.334157791648863, -2.628378399543465, 0.0 ], [ 120.334181827829184, -2.628640064487342, 0.0 ], [ 120.334164380981406, -2.62876582927953, 0.0 ], [ 120.334128954887433, -2.629012676094078, 0.0 ], [ 120.334112585427533, -2.629137002870323, 0.0 ], [ 120.333545202249297, -2.629011755188287, 0.0 ], [ 120.333567108835041, -2.628788735012051, 0.0 ], [ 120.333592929270367, -2.628586568315427, 0.0 ], [ 120.333625760820269, -2.628361355592062, 0.0 ], [ 120.333657474512847, -2.628160703353728, 0.0 ], [ 120.333716967364239, -2.627888445295469, 0.0 ], [ 120.333941529877734, -2.627766596151446, 0.0 ], [ 120.334121459937478, -2.628196832717606, 0.0 ] ] ] ] } },
{ "type": "Feature", "properties": { "OBJECTID": 5524, "WADMPR": "Sulawesi Selatan", "WADMKK": "Kab. Luwu Utara", "WADMKC": "Kec. Masamba", "WADMKD": "Desa Pongo", "POKTAN": "Gapoktan Masagena", "K_POKTAN": "H. Kamaluddin", "P_SID": "Universitas Negeri Makassar", "NO_HP_1": "0813-5551-7977", "NAMA_PEMIL": "Pemerintah Desa", "N_PETAK": "PNB462", "LUAS_HA": 0.74034996748000004, "PAKET": "Paket Sulawesi Selatan 7" }, "geometry": { "type": "MultiPolygon", "coordinates": [ [ [ [ 120.334684814152865, -2.628057777744175, 0.0 ], [ 120.334744726088275, -2.628575833108187, 0.0 ], [ 120.334164380981406, -2.62876582927953, 0.0 ], [ 120.334181827829184, -2.628640064487342, 0.0 ], [ 120.334157791648863, -2.628378399543465, 0.0 ], [ 120.334121459937478, -2.628196832717606, 0.0 ], [ 120.334081895163422, -2.628096817314201, 0.0 ], [ 120.333941529877734, -2.627766596151446, 0.0 ], [ 120.334078712462656, -2.627716114507052, 0.0 ], [ 120.334634120268447, -2.627629605122138, 0.0 ], [ 120.334684814152865, -2.628057777744175, 0.0 ] ] ] ] } },
{ "type": "Feature", "properties": { "OBJECTID": 5525, "WADMPR": "Sulawesi Selatan", "WADMKK": "Kab. Luwu Utara", "WADMKC": "Kec. Masamba", "WADMKD": "Desa Pongo", "POKTAN": "Gapoktan Masagena", "K_POKTAN": "H. Kamaluddin", "P_SID": "Universitas Negeri Makassar", "NO_HP_1": "0813-5551-7977", "NAMA_PEMIL": "Pemerintah Desa", "N_PETAK": "PNB463", "LUAS_HA": 0.43024829882, "PAKET": "Paket Sulawesi Selatan 7" }, "geometry": { "type": "MultiPolygon", "coordinates": [ [ [ [ 120.335480078343039, -2.627899636459006, 0.0 ], [ 120.334684814152865, -2.628057777744175, 0.0 ], [ 120.334634120268447, -2.627629605122138, 0.0 ], [ 120.335416302020803, -2.627464052523976, 0.0 ], [ 120.335480078343039, -2.627899636459006, 0.0 ] ] ] ] } },
{ "type": "Feature", "properties": { "OBJECTID": 5526, "WADMPR": "Sulawesi Selatan", "WADMKK": "Kab. Luwu Utara", "WADMKC": "Kec. Masamba", "WADMKD": "Desa Pongo", "POKTAN": "Gapoktan Masagena", "K_POKTAN": "H. Kamaluddin", "P_SID": "Universitas Negeri Makassar", "NO_HP_1": "0813-5551-7977", "NAMA_PEMIL": "Pemerintah Desa", "N_PETAK": "PNB464", "LUAS_HA": 0.92412216170999995, "PAKET": "Paket Sulawesi Selatan 7" }, "geometry": { "type": "MultiPolygon", "coordinates": [ [ [ [ 120.333180423737645, -2.62784941112136, 0.0 ], [ 120.331661467003187, -2.628018034904358, 0.0 ], [ 120.331652051101287, -2.627974329651522, 0.0 ], [ 120.331557476596345, -2.627580111832629, 0.0 ], [ 120.331921181317512, -2.627534820175754, 0.0 ], [ 120.33326783963912, -2.627380994737052, 0.0 ], [ 120.333304835050171, -2.627548444005413, 0.0 ], [ 120.333180423737645, -2.62784941112136, 0.0 ] ] ] ] } },
{ "type": "Feature", "properties": { "OBJECTID": 5527, "WADMPR": "Sulawesi Selatan", "WADMKK": "Kab. Luwu Utara", "WADMKC": "Kec. Masamba", "WADMKD": "Desa Pongo", "POKTAN": "Gapoktan Masagena", "K_POKTAN": "H. Kamaluddin", "P_SID": "Universitas Negeri Makassar", "NO_HP_1": "0813-5551-7977", "NAMA_PEMIL": "Pemerintah Desa", "N_PETAK": "PNB465", "LUAS_HA": 0.79088062453999997, "PAKET": "Paket Sulawesi Selatan 7" }, "geometry": { "type": "MultiPolygon", "coordinates": [ [ [ [ 120.334634120268447, -2.627629605122138, 0.0 ], [ 120.334078712462656, -2.627716114507052, 0.0 ], [ 120.334062301633935, -2.627579790774689, 0.0 ], [ 120.333980877915224, -2.627584810790324, 0.0 ], [ 120.333963940983153, -2.627296019595576, 0.0 ], [ 120.334072800319518, -2.627277390139398, 0.0 ], [ 120.334638888473933, -2.627178401761796, 0.0 ], [ 120.335481870691865, -2.6270274982204, 0.0 ], [ 120.33545042769515, -2.627456634016426, 0.0 ], [ 120.334634120268447, -2.627629605122138, 0.0 ] ] ] ] } },
{ "type": "Feature", "properties": { "OBJECTID": 5528, "WADMPR": "Sulawesi Selatan", "WADMKK": "Kab. Luwu Utara", "WADMKC": "Kec. Masamba", "WADMKD": "Desa Pongo", "POKTAN": "Gapoktan Masagena", "K_POKTAN": "H. Kamaluddin", "P_SID": "Universitas Negeri Makassar", "NO_HP_1": "0813-5551-7977", "NAMA_PEMIL": "Pemerintah Desa", "N_PETAK": "PNB466", "LUAS_HA": 0.75221115681999995, "PAKET": "Paket Sulawesi Selatan 7" }, "geometry": { "type": "MultiPolygon", "coordinates": [ [ [ [ 120.33326783963912, -2.627380994737052, 0.0 ], [ 120.331921181317512, -2.627534820175754, 0.0 ], [ 120.331933663008158, -2.627102186016998, 0.0 ], [ 120.333487867770941, -2.626908778717109, 0.0 ], [ 120.333252357810125, -2.627193349393508, 0.0 ], [ 120.33326783963912, -2.627380994737052, 0.0 ] ] ] ] } },
{ "type": "Feature", "properties": { "OBJECTID": 5529, "WADMPR": "Sulawesi Selatan", "WADMKK": "Kab. Luwu Utara", "WADMKC": "Kec. Masamba", "WADMKD": "Desa Pongo", "POKTAN": "Gapoktan Masagena", "K_POKTAN": "H. Kamaluddin", "P_SID": "Universitas Negeri Makassar", "NO_HP_1": "0813-5551-7977", "NAMA_PEMIL": "Pemerintah Desa", "N_PETAK": "PNB467", "LUAS_HA": 0.41214958751000003, "PAKET": "Paket Sulawesi Selatan 7" }, "geometry": { "type": "MultiPolygon", "coordinates": [ [ [ [ 120.334638888473933, -2.627178401761796, 0.0 ], [ 120.334072800319518, -2.627277390139398, 0.0 ], [ 120.334051163530489, -2.627139069012799, 0.0 ], [ 120.333960627880742, -2.627143983807741, 0.0 ], [ 120.33395772846643, -2.627069789738982, 0.0 ], [ 120.333846234116436, -2.62705389781911, 0.0 ], [ 120.333862014520378, -2.626837671121564, 0.0 ], [ 120.334636155434282, -2.626695705042721, 0.0 ], [ 120.334638888473933, -2.627178401761796, 0.0 ] ] ] ] } },
{ "type": "Feature", "properties": { "OBJECTID": 5530, "WADMPR": "Sulawesi Selatan", "WADMKK": "Kab. Luwu Utara", "WADMKC": "Kec. Masamba", "WADMKD": "Desa Pongo", "POKTAN": "Gapoktan Masagena", "K_POKTAN": "H. Kamaluddin", "P_SID": "Universitas Negeri Makassar", "NO_HP_1": "0813-5551-7977", "NAMA_PEMIL": "Pemerintah Desa", "N_PETAK": "PNB468", "LUAS_HA": 0.50897648445, "PAKET": "Paket Sulawesi Selatan 7" }, "geometry": { "type": "MultiPolygon", "coordinates": [ [ [ [ 120.335481870691865, -2.6270274982204, 0.0 ], [ 120.334638888473933, -2.627178401761796, 0.0 ], [ 120.334636187809906, -2.626695698747426, 0.0 ], [ 120.33473803962886, -2.626677020727868, 0.0 ], [ 120.335518451515441, -2.626546055156268, 0.0 ], [ 120.335481870691865, -2.6270274982204, 0.0 ] ] ] ] } },
{ "type": "Feature", "properties": { "OBJECTID": 5531, "WADMPR": "Sulawesi Selatan", "WADMKK": "Kab. Luwu Utara", "WADMKC": "Kec. Masamba", "WADMKD": "Desa Pongo", "POKTAN": "Gapoktan Masagena", "K_POKTAN": "H. Kamaluddin", "P_SID": "Universitas Negeri Makassar", "NO_HP_1": "0813-5551-7977", "NAMA_PEMIL": "Pemerintah Desa", "N_PETAK": "PNB469", "LUAS_HA": 0.99527243683, "PAKET": "Paket Sulawesi Selatan 7" }, "geometry": { "type": "MultiPolygon", "coordinates": [ [ [ [ 120.333487867770941, -2.626908778717109, 0.0 ], [ 120.331933663008158, -2.627102186016998, 0.0 ], [ 120.331944385624979, -2.626632101390328, 0.0 ], [ 120.332817676794434, -2.626535999836449, 0.0 ], [ 120.333519902521516, -2.626457924293732, 0.0 ], [ 120.333736996165499, -2.62643488366291, 0.0 ], [ 120.333689136944145, -2.626883436721187, 0.0 ], [ 120.333487867770941, -2.626908778717109, 0.0 ] ] ] ] } },
{ "type": "Feature", "properties": { "OBJECTID": 5532, "WADMPR": "Sulawesi Selatan", "WADMKK": "Kab. Luwu Utara", "WADMKC": "Kec. Masamba", "WADMKD": "Desa Pongo", "POKTAN": "Gapoktan Masagena", "K_POKTAN": "H. Kamaluddin", "P_SID": "Universitas Negeri Makassar", "NO_HP_1": "0813-5551-7977", "NAMA_PEMIL": "Pemerintah Desa", "N_PETAK": "PNB470", "LUAS_HA": 0.48388362674000002, "PAKET": "Paket Sulawesi Selatan 7" }, "geometry": { "type": "MultiPolygon", "coordinates": [ [ [ [ 120.33473803962886, -2.626677020727868, 0.0 ], [ 120.334636178816709, -2.626694010719973, 0.0 ], [ 120.334636175219316, -2.626693372201316, 0.0 ], [ 120.333862014520378, -2.626837671121564, 0.0 ], [ 120.333917093499167, -2.626373161392223, 0.0 ], [ 120.33472133112457, -2.62619464326815, 0.0 ], [ 120.33473803962886, -2.626677020727868, 0.0 ] ] ] ] } },
{ "type": "Feature", "properties": { "OBJECTID": 5533, "WADMPR": "Sulawesi Selatan", "WADMKK": "Kab. Luwu Utara", "WADMKC": "Kec. Masamba", "WADMKD": "Desa Pongo", "POKTAN": "Gapoktan Masagena", "K_POKTAN": "H. Kamaluddin", "P_SID": "Universitas Negeri Makassar", "NO_HP_1": "0813-5551-7977", "NAMA_PEMIL": "Pemerintah Desa", "N_PETAK": "PNB471", "LUAS_HA": 0.44614421908000002, "PAKET": "Paket Sulawesi Selatan 7" }, "geometry": { "type": "MultiPolygon", "coordinates": [ [ [ [ 120.332817676794434, -2.626535999836449, 0.0 ], [ 120.331945620394094, -2.626630747011291, 0.0 ], [ 120.331998506825698, -2.626184099616466, 0.0 ], [ 120.332830171974933, -2.626124904440758, 0.0 ], [ 120.332817676794434, -2.626535999836449, 0.0 ] ] ] ] } },
{ "type": "Feature", "properties": { "OBJECTID": 5534, "WADMPR": "Sulawesi Selatan", "WADMKK": "Kab. Luwu Utara", "WADMKC": "Kec. Masamba", "WADMKD": "Desa Pongo", "POKTAN": "Gapoktan Masagena", "K_POKTAN": "H. Kamaluddin", "P_SID": "Universitas Negeri Makassar", "NO_HP_1": "0813-5551-7977", "NAMA_PEMIL": "Pemerintah Desa", "N_PETAK": "PNB472", "LUAS_HA": 0.36270245602000001, "PAKET": "Paket Sulawesi Selatan 7" }, "geometry": { "type": "MultiPolygon", "coordinates": [ [ [ [ 120.333519902521516, -2.626457924293732, 0.0 ], [ 120.332817676794434, -2.626535999836449, 0.0 ], [ 120.332830171974933, -2.626124904440758, 0.0 ], [ 120.333523358616162, -2.626021418553592, 0.0 ], [ 120.333519902521516, -2.626457924293732, 0.0 ] ] ] ] } },
{ "type": "Feature", "properties": { "OBJECTID": 5535, "WADMPR": "Sulawesi Selatan", "WADMKK": "Kab. Luwu Utara", "WADMKC": "Kec. Masamba", "WADMKD": "Desa Pongo", "POKTAN": "Gapoktan Masagena", "K_POKTAN": "H. Kamaluddin", "P_SID": "Universitas Negeri Makassar", "NO_HP_1": "0813-5551-7977", "NAMA_PEMIL": "Pemerintah Desa", "N_PETAK": "PNB473", "LUAS_HA": 0.51783524715999996, "PAKET": "Paket Sulawesi Selatan 7" }, "geometry": { "type": "MultiPolygon", "coordinates": [ [ [ [ 120.335518451515441, -2.626546055156268, 0.0 ], [ 120.33473803962886, -2.626677020727868, 0.0 ], [ 120.33472133112457, -2.62619464326815, 0.0 ], [ 120.334760693551175, -2.626185725590744, 0.0 ], [ 120.335584459055553, -2.625993263478279, 0.0 ], [ 120.335518451515441, -2.626546055156268, 0.0 ] ] ] ] } },
{ "type": "Feature", "properties": { "OBJECTID": 5536, "WADMPR": "Sulawesi Selatan", "WADMKK": "Kab. Luwu Utara", "WADMKC": "Kec. Masamba", "WADMKD": "Desa Pongo", "POKTAN": "Gapoktan Masagena", "K_POKTAN": "H. Kamaluddin", "P_SID": "Universitas Negeri Makassar", "NO_HP_1": "0813-5551-7977", "NAMA_PEMIL": "Pemerintah Desa", "N_PETAK": "PNB474", "LUAS_HA": 0.38982022039000003, "PAKET": "Paket Sulawesi Selatan 7" }, "geometry": { "type": "MultiPolygon", "coordinates": [ [ [ [ 120.334760693551175, -2.626185725590744, 0.0 ], [ 120.33472133112457, -2.62619464326815, 0.0 ], [ 120.333917093499167, -2.626373161392223, 0.0 ], [ 120.333932105882013, -2.626196123552234, 0.0 ], [ 120.334086071614934, -2.626168365977264, 0.0 ], [ 120.334077206997563, -2.626023857514951, 0.0 ], [ 120.33395808369869, -2.626041676682007, 0.0 ], [ 120.333963614529239, -2.625963263893482, 0.0 ], [ 120.333963842957019, -2.62596320184025, 0.0 ], [ 120.333963822272608, -2.625963443757882, 0.0 ], [ 120.334725356490026, -2.62575365710552, 0.0 ], [ 120.334760693551175, -2.626185725590744, 0.0 ] ] ] ] } },
{ "type": "Feature", "properties": { "OBJECTID": 5537, "WADMPR": "Sulawesi Selatan", "WADMKK": "Kab. Luwu Utara", "WADMKC": "Kec. Masamba", "WADMKD": "Desa Pongo", "POKTAN": "Gapoktan Masagena", "K_POKTAN": "H. Kamaluddin", "P_SID": "Universitas Negeri Makassar", "NO_HP_1": "0813-5551-7977", "NAMA_PEMIL": "Pemerintah Desa", "N_PETAK": "PNB475", "LUAS_HA": 0.47440790104000002, "PAKET": "Paket Sulawesi Selatan 7" }, "geometry": { "type": "MultiPolygon", "coordinates": [ [ [ [ 120.335584459055553, -2.625993263478279, 0.0 ], [ 120.334760693551175, -2.626185725590744, 0.0 ], [ 120.334725356490026, -2.62575365710552, 0.0 ], [ 120.334774097046989, -2.625740613338564, 0.0 ], [ 120.335626970008775, -2.625530179174405, 0.0 ], [ 120.335584459055553, -2.625993263478279, 0.0 ] ] ] ] } },
{ "type": "Feature", "properties": { "OBJECTID": 5538, "WADMPR": "Sulawesi Selatan", "WADMKK": "Kab. Luwu Utara", "WADMKC": "Kec. Masamba", "WADMKD": "Desa Pongo", "POKTAN": "Gapoktan Masagena", "K_POKTAN": "H. Kamaluddin", "P_SID": "Universitas Negeri Makassar", "NO_HP_1": "0813-5551-7977", "NAMA_PEMIL": "Pemerintah Desa", "N_PETAK": "PNB476", "LUAS_HA": 0.94309263241999997, "PAKET": "Paket Sulawesi Selatan 7" }, "geometry": { "type": "MultiPolygon", "coordinates": [ [ [ [ 120.333523358616162, -2.626021418553592, 0.0 ], [ 120.332830171974933, -2.626124904440758, 0.0 ], [ 120.331998948392766, -2.626183837913743, 0.0 ], [ 120.332050499331103, -2.625732587788661, 0.0 ], [ 120.332885536038702, -2.62563359851174, 0.0 ], [ 120.333428177068754, -2.62556807210882, 0.0 ], [ 120.333855470153935, -2.625515437487422, 0.0 ], [ 120.333800315632175, -2.62572648319059, 0.0 ], [ 120.333515827693304, -2.625773470069532, 0.0 ], [ 120.333523358616162, -2.626021418553592, 0.0 ] ] ] ] } },
{ "type": "Feature", "properties": { "OBJECTID": 5539, "WADMPR": "Sulawesi Selatan", "WADMKK": "Kab. Luwu Utara", "WADMKC": "Kec. Masamba", "WADMKD": "Desa Pongo", "POKTAN": "Gapoktan Masagena", "K_POKTAN": "H. Kamaluddin", "P_SID": "Universitas Negeri Makassar", "NO_HP_1": "0813-5551-7977", "NAMA_PEMIL": "Pemerintah Desa", "N_PETAK": "PNB477", "LUAS_HA": 0.47520717824000003, "PAKET": "Paket Sulawesi Selatan 7" }, "geometry": { "type": "MultiPolygon", "coordinates": [ [ [ [ 120.334774097046989, -2.625740613338564, 0.0 ], [ 120.334725356490026, -2.62575365710552, 0.0 ], [ 120.333963842957019, -2.62596320184025, 0.0 ], [ 120.334005784639317, -2.625463206661607, 0.0 ], [ 120.334287026924812, -2.625388060210753, 0.0 ], [ 120.334787782030617, -2.625254382283856, 0.0 ], [ 120.334774097046989, -2.625740613338564, 0.0 ] ] ] ] } },
{ "type": "Feature", "properties": { "OBJECTID": 5540, "WADMPR": "Sulawesi Selatan", "WADMKK": "Kab. Luwu Utara", "WADMKC": "Kec. Masamba", "WADMKD": "Desa Pongo", "POKTAN": "Gapoktan Masagena", "K_POKTAN": "H. Kamaluddin", "P_SID": "Universitas Negeri Makassar", "NO_HP_1": "0813-5551-7977", "NAMA_PEMIL": "Pemerintah Desa", "N_PETAK": "PNB478", "LUAS_HA": 0.5324709929, "PAKET": "Paket Sulawesi Selatan 7" }, "geometry": { "type": "MultiPolygon", "coordinates": [ [ [ [ 120.335626970008775, -2.625530179174405, 0.0 ], [ 120.334774097046989, -2.625740613338564, 0.0 ], [ 120.334787782030617, -2.625254382283856, 0.0 ], [ 120.335086658222735, -2.625174863329221, 0.0 ], [ 120.335695161102876, -2.625010387219561, 0.0 ], [ 120.335626970008775, -2.625530179174405, 0.0 ] ] ] ] } },
{ "type": "Feature", "properties": { "OBJECTID": 5541, "WADMPR": "Sulawesi Selatan", "WADMKK": "Kab. Luwu Utara", "WADMKC": "Kec. Masamba", "WADMKD": "Desa Pongo", "POKTAN": "Gapoktan Masagena", "K_POKTAN": "H. Kamaluddin", "P_SID": "Universitas Negeri Makassar", "NO_HP_1": "0813-5551-7977", "NAMA_PEMIL": "Pemerintah Desa", "N_PETAK": "PNB479", "LUAS_HA": 0.4998038877, "PAKET": "Paket Sulawesi Selatan 7" }, "geometry": { "type": "MultiPolygon", "coordinates": [ [ [ [ 120.332885536038702, -2.62563359851174, 0.0 ], [ 120.332050499331103, -2.625732587788661, 0.0 ], [ 120.332267751255813, -2.62509368692406, 0.0 ], [ 120.332666827212392, -2.624955362200183, 0.0 ], [ 120.332885536038702, -2.62563359851174, 0.0 ] ] ] ] } },
{ "type": "Feature", "properties": { "OBJECTID": 5542, "WADMPR": "Sulawesi Selatan", "WADMKK": "Kab. Luwu Utara", "WADMKC": "Kec. Masamba", "WADMKD": "Desa Pongo", "POKTAN": "Gapoktan Masagena", "K_POKTAN": "H. Kamaluddin", "P_SID": "Universitas Negeri Makassar", "NO_HP_1": "0813-5551-7977", "NAMA_PEMIL": "Pemerintah Desa", "N_PETAK": "PNB480", "LUAS_HA": 0.57171376851, "PAKET": "Paket Sulawesi Selatan 7" }, "geometry": { "type": "MultiPolygon", "coordinates": [ [ [ [ 120.333428177068754, -2.62556807210882, 0.0 ], [ 120.332885536038702, -2.62563359851174, 0.0 ], [ 120.332666827212392, -2.624955362200183, 0.0 ], [ 120.333243228792071, -2.624700100429266, 0.0 ], [ 120.333428177068754, -2.62556807210882, 0.0 ] ] ] ] } },
{ "type": "Feature", "properties": { "OBJECTID": 5543, "WADMPR": "Sulawesi Selatan", "WADMKK": "Kab. Luwu Utara", "WADMKC": "Kec. Masamba", "WADMKD": "Desa Pongo", "POKTAN": "Gapoktan Masagena", "K_POKTAN": "H. Kamaluddin", "P_SID": "Universitas Negeri Makassar", "NO_HP_1": "0813-5551-7977", "NAMA_PEMIL": "Pemerintah Desa", "N_PETAK": "PNB481", "LUAS_HA": 0.60239548406, "PAKET": "Paket Sulawesi Selatan 7" }, "geometry": { "type": "MultiPolygon", "coordinates": [ [ [ [ 120.333855470153935, -2.625515437487422, 0.0 ], [ 120.333428177068754, -2.62556807210882, 0.0 ], [ 120.333243228792071, -2.624700100429266, 0.0 ], [ 120.333891014059077, -2.62458412116024, 0.0 ], [ 120.333855470153935, -2.625515437487422, 0.0 ] ] ] ] } },
{ "type": "Feature", "properties": { "OBJECTID": 5544, "WADMPR": "Sulawesi Selatan", "WADMKK": "Kab. Luwu Utara", "WADMKC": "Kec. Masamba", "WADMKD": "Desa Pongo", "POKTAN": "Gapoktan Masagena", "K_POKTAN": "H. Kamaluddin", "P_SID": "Universitas Negeri Makassar", "NO_HP_1": "0813-5551-7977", "NAMA_PEMIL": "Pemerintah Desa", "N_PETAK": "PNB482", "LUAS_HA": 0.23036053184, "PAKET": "Paket Sulawesi Selatan 7" }, "geometry": { "type": "MultiPolygon", "coordinates": [ [ [ [ 120.334287026924812, -2.625388060210753, 0.0 ], [ 120.334005784639317, -2.625463206661607, 0.0 ], [ 120.334023485095827, -2.625293395773554, 0.0 ], [ 120.334051239972837, -2.625051085139432, 0.0 ], [ 120.334057185390861, -2.624872113757021, 0.0 ], [ 120.334043396085917, -2.624564208371453, 0.0 ], [ 120.334218685643918, -2.62452524704247, 0.0 ], [ 120.334287026924812, -2.625388060210753, 0.0 ] ] ] ] } },
{ "type": "Feature", "properties": { "OBJECTID": 5545, "WADMPR": "Sulawesi Selatan", "WADMKK": "Kab. Luwu Utara", "WADMKC": "Kec. Masamba", "WADMKD": "Desa Pongo", "POKTAN": "Gapoktan Masagena", "K_POKTAN": "H. Kamaluddin", "P_SID": "Universitas Negeri Makassar", "NO_HP_1": "0813-5551-7977", "NAMA_PEMIL": "Pemerintah Desa", "N_PETAK": "PNB483", "LUAS_HA": 0.8829215972, "PAKET": "Paket Sulawesi Selatan 7" }, "geometry": { "type": "MultiPolygon", "coordinates": [ [ [ [ 120.335086658222735, -2.625174863329221, 0.0 ], [ 120.334787782030617, -2.625254382283856, 0.0 ], [ 120.334287026924812, -2.625388060210753, 0.0 ], [ 120.334218685643918, -2.62452524704247, 0.0 ], [ 120.334593845929362, -2.624463438436862, 0.0 ], [ 120.335128925459571, -2.624354559315407, 0.0 ], [ 120.335086658222735, -2.625174863329221, 0.0 ] ] ] ] } },
{ "type": "Feature", "properties": { "OBJECTID": 5546, "WADMPR": "Sulawesi Selatan", "WADMKK": "Kab. Luwu Utara", "WADMKC": "Kec. Masamba", "WADMKD": "Desa Pongo", "POKTAN": "Gapoktan Masagena", "K_POKTAN": "H. Kamaluddin", "P_SID": "Universitas Negeri Makassar", "NO_HP_1": "0813-5551-7977", "NAMA_PEMIL": "Pemerintah Desa", "N_PETAK": "PNB484", "LUAS_HA": 0.56368643384999995, "PAKET": "Paket Sulawesi Selatan 7" }, "geometry": { "type": "MultiPolygon", "coordinates": [ [ [ [ 120.335695161102876, -2.625010387219561, 0.0 ], [ 120.335086658222735, -2.625174863329221, 0.0 ], [ 120.335128925459571, -2.624354559315407, 0.0 ], [ 120.335178079704633, -2.62434958876247, 0.0 ], [ 120.335220168875708, -2.624356663728975, 0.0 ], [ 120.335285667399717, -2.624361525463996, 0.0 ], [ 120.335328163064332, -2.624369489860044, 0.0 ], [ 120.335370202772651, -2.624386357544324, 0.0 ], [ 120.33549362752899, -2.624463877306027, 0.0 ], [ 120.335823703001552, -2.624708001872762, 0.0 ], [ 120.336065365224499, -2.624892719923025, 0.0 ], [ 120.335695161102876, -2.625010387219561, 0.0 ] ] ] ] } },
{ "type": "Feature", "properties": { "OBJECTID": 5547, "WADMPR": "Sulawesi Selatan", "WADMKK": "Kab. Luwu Utara", "WADMKC": "Kec. Masamba", "WADMKD": "Desa Pongo", "POKTAN": "Gapoktan Masagena", "K_POKTAN": "H. Kamaluddin", "P_SID": "Universitas Negeri Makassar", "NO_HP_1": "0813-5551-7977", "NAMA_PEMIL": "Pemerintah Desa", "N_PETAK": "PNB485", "LUAS_HA": 0.55295910862999997, "PAKET": "Paket Sulawesi Selatan 7" }, "geometry": { "type": "MultiPolygon", "coordinates": [ [ [ [ 120.33322276202091, -2.624564166103312, 0.0 ], [ 120.333243228792071, -2.624700100429266, 0.0 ], [ 120.332666827212392, -2.624955362200183, 0.0 ], [ 120.332267751255813, -2.62509368692406, 0.0 ], [ 120.332334095142414, -2.624443212684071, 0.0 ], [ 120.332732528983115, -2.624296164536304, 0.0 ], [ 120.332772284413409, -2.624375761731983, 0.0 ], [ 120.33322276202091, -2.624564166103312, 0.0 ] ] ] ] } },
{ "type": "Feature", "properties": { "OBJECTID": 5548, "WADMPR": "Sulawesi Selatan", "WADMKK": "Kab. Luwu Utara", "WADMKC": "Kec. Masamba", "WADMKD": "Desa Pongo", "POKTAN": "Gapoktan Masagena", "K_POKTAN": "H. Kamaluddin", "P_SID": "Universitas Negeri Makassar", "NO_HP_1": "0813-5551-7977", "NAMA_PEMIL": "Pemerintah Desa", "N_PETAK": "PNB486", "LUAS_HA": 0.32303038248, "PAKET": "Paket Sulawesi Selatan 7" }, "geometry": { "type": "MultiPolygon", "coordinates": [ [ [ [ 120.345494518557302, -2.624649518060778, 0.0 ], [ 120.344673016646425, -2.624919419895264, 0.0 ], [ 120.344717326243654, -2.624713469750759, 0.0 ], [ 120.344838926275543, -2.624228520229963, 0.0 ], [ 120.345452416795638, -2.624623930549888, 0.0 ], [ 120.345494518557302, -2.624649518060778, 0.0 ] ] ] ] } },
{ "type": "Feature", "properties": { "OBJECTID": 5549, "WADMPR": "Sulawesi Selatan", "WADMKK": "Kab. Luwu Utara", "WADMKC": "Kec. Masamba", "WADMKD": "Desa Pongo", "POKTAN": "Gapoktan Masagena", "K_POKTAN": "H. Kamaluddin", "P_SID": "Universitas Negeri Makassar", "NO_HP_1": "0813-5551-7977", "NAMA_PEMIL": "Pemerintah Desa", "N_PETAK": "PNB487", "LUAS_HA": 0.30786600582000001, "PAKET": "Paket Sulawesi Selatan 7" }, "geometry": { "type": "MultiPolygon", "coordinates": [ [ [ [ 120.344371855277018, -2.624059266921563, 0.0 ], [ 120.344219584766051, -2.624579675811333, 0.0 ], [ 120.343695079464396, -2.624338838266738, 0.0 ], [ 120.343702093276988, -2.624308800910399, 0.0 ], [ 120.343783122193372, -2.624020699495645, 0.0 ], [ 120.344371855277018, -2.624059266921563, 0.0 ] ] ] ] } },
{ "type": "Feature", "properties": { "OBJECTID": 5550, "WADMPR": "Sulawesi Selatan", "WADMKK": "Kab. Luwu Utara", "WADMKC": "Kec. Masamba", "WADMKD": "Desa Pongo", "POKTAN": "Gapoktan Masagena", "K_POKTAN": "H. Kamaluddin", "P_SID": "Universitas Negeri Makassar", "NO_HP_1": "0813-5551-7977", "NAMA_PEMIL": "Pemerintah Desa", "N_PETAK": "PNB488", "LUAS_HA": 0.39056052581, "PAKET": "Paket Sulawesi Selatan 7" }, "geometry": { "type": "MultiPolygon", "coordinates": [ [ [ [ 120.33322276202091, -2.624564166103312, 0.0 ], [ 120.332772284413409, -2.624375761731983, 0.0 ], [ 120.332732528983115, -2.624296164536304, 0.0 ], [ 120.332334095142414, -2.624443212684071, 0.0 ], [ 120.332360791517431, -2.624273329850269, 0.0 ], [ 120.332458171007829, -2.624216904586433, 0.0 ], [ 120.332620879949673, -2.623999707520454, 0.0 ], [ 120.333128454614553, -2.623924096120106, 0.0 ], [ 120.33322276202091, -2.624564166103312, 0.0 ] ] ] ] } },
{ "type": "Feature", "properties": { "OBJECTID": 5551, "WADMPR": "Sulawesi Selatan", "WADMKK": "Kab. Luwu Utara", "WADMKC": "Kec. Masamba", "WADMKD": "Desa Pongo", "POKTAN": "Gapoktan Masagena", "K_POKTAN": "H. Kamaluddin", "P_SID": "Universitas Negeri Makassar", "NO_HP_1": "0813-5551-7977", "NAMA_PEMIL": "Pemerintah Desa", "N_PETAK": "PNB489", "LUAS_HA": 0.3734041518, "PAKET": "Paket Sulawesi Selatan 7" }, "geometry": { "type": "MultiPolygon", "coordinates": [ [ [ [ 120.344838926275543, -2.624228520229963, 0.0 ], [ 120.344717326243654, -2.624713469750759, 0.0 ], [ 120.344219584766051, -2.624579675811333, 0.0 ], [ 120.344371855277018, -2.624059266921563, 0.0 ], [ 120.344495139739024, -2.623920626535664, 0.0 ], [ 120.344564622259554, -2.623996748750926, 0.0 ], [ 120.344838926275543, -2.624228520229963, 0.0 ] ] ] ] } },
{ "type": "Feature", "properties": { "OBJECTID": 5552, "WADMPR": "Sulawesi Selatan", "WADMKK": "Kab. Luwu Utara", "WADMKC": "Kec. Masamba", "WADMKD": "Desa Pongo", "POKTAN": "Gapoktan Masagena", "K_POKTAN": "H. Kamaluddin", "P_SID": "Universitas Negeri Makassar", "NO_HP_1": "0813-5551-7977", "NAMA_PEMIL": "Pemerintah Desa", "N_PETAK": "PNB490", "LUAS_HA": 0.20556039798, "PAKET": "Paket Sulawesi Selatan 7" }, "geometry": { "type": "MultiPolygon", "coordinates": [ [ [ [ 120.343783122193372, -2.624020699495645, 0.0 ], [ 120.343702093276988, -2.624308800910399, 0.0 ], [ 120.343189982431795, -2.624189952804045, 0.0 ], [ 120.343304678368327, -2.623858526549725, 0.0 ], [ 120.343783122193372, -2.624020699495645, 0.0 ] ] ] ] } },
{ "type": "Feature", "properties": { "OBJECTID": 5553, "WADMPR": "Sulawesi Selatan", "WADMKK": "Kab. Luwu Utara", "WADMKC": "Kec. Masamba", "WADMKD": "Desa Pongo", "POKTAN": "Gapoktan Masagena", "K_POKTAN": "H. Kamaluddin", "P_SID": "Universitas Negeri Makassar", "NO_HP_1": "0813-5551-7977", "NAMA_PEMIL": "Pemerintah Desa", "N_PETAK": "PNB491", "LUAS_HA": 0.63102553658000005, "PAKET": "Paket Sulawesi Selatan 7" }, "geometry": { "type": "MultiPolygon", "coordinates": [ [ [ [ 120.345494518557302, -2.624649518060778, 0.0 ], [ 120.344838926275543, -2.624228520229963, 0.0 ], [ 120.345147627561005, -2.62377082196582, 0.0 ], [ 120.345984466510004, -2.624368988038327, 0.0 ], [ 120.345816281596171, -2.624561350326019, 0.0 ], [ 120.345673373027807, -2.624666250846758, 0.0 ], [ 120.345599640311207, -2.624660888189396, 0.0 ], [ 120.345494518557302, -2.624649518060778, 0.0 ] ] ] ] } },
{ "type": "Feature", "properties": { "OBJECTID": 5554, "WADMPR": "Sulawesi Selatan", "WADMKK": "Kab. Luwu Utara", "WADMKC": "Kec. Masamba", "WADMKD": "Desa Pongo", "POKTAN": "Gapoktan Masagena", "K_POKTAN": "H. Kamaluddin", "P_SID": "Universitas Negeri Makassar", "NO_HP_1": "0813-5551-7977", "NAMA_PEMIL": "Pemerintah Desa", "N_PETAK": "PNB492", "LUAS_HA": 0.85616663613, "PAKET": "Paket Sulawesi Selatan 7" }, "geometry": { "type": "MultiPolygon", "coordinates": [ [ [ [ 120.333891014059077, -2.62458412116024, 0.0 ], [ 120.333243228792071, -2.624700100429266, 0.0 ], [ 120.33322276202091, -2.624564166103312, 0.0 ], [ 120.333128454614553, -2.623924096120106, 0.0 ], [ 120.333108184794924, -2.62376597911657, 0.0 ], [ 120.333872702063559, -2.623582565982588, 0.0 ], [ 120.333891014059077, -2.62458412116024, 0.0 ] ] ] ] } },
{ "type": "Feature", "properties": { "OBJECTID": 5555, "WADMPR": "Sulawesi Selatan", "WADMKK": "Kab. Luwu Utara", "WADMKC": "Kec. Masamba", "WADMKD": "Desa Pongo", "POKTAN": "Gapoktan Masagena", "K_POKTAN": "H. Kamaluddin", "P_SID": "Universitas Negeri Makassar", "NO_HP_1": "0813-5551-7977", "NAMA_PEMIL": "Pemerintah Desa", "N_PETAK": "PNB493", "LUAS_HA": 0.29165990125000002, "PAKET": "Paket Sulawesi Selatan 7" }, "geometry": { "type": "MultiPolygon", "coordinates": [ [ [ [ 120.344495139739024, -2.623920626535664, 0.0 ], [ 120.344371855277018, -2.624059266921563, 0.0 ], [ 120.343783122193372, -2.624020699495645, 0.0 ], [ 120.343828314025586, -2.623852894995082, 0.0 ], [ 120.343895291034869, -2.623627256892348, 0.0 ], [ 120.344197769911261, -2.623578397624897, 0.0 ], [ 120.344495139739024, -2.623920626535664, 0.0 ] ] ] ] } },
{ "type": "Feature", "properties": { "OBJECTID": 5556, "WADMPR": "Sulawesi Selatan", "WADMKK": "Kab. Luwu Utara", "WADMKC": "Kec. Masamba", "WADMKD": "Desa Pongo", "POKTAN": "Gapoktan Masagena", "K_POKTAN": "H. Kamaluddin", "P_SID": "Universitas Negeri Makassar", "NO_HP_1": "0813-5551-7977", "NAMA_PEMIL": "Pemerintah Desa", "N_PETAK": "PNB494", "LUAS_HA": 0.18968675167, "PAKET": "Paket Sulawesi Selatan 7" }, "geometry": { "type": "MultiPolygon", "coordinates": [ [ [ [ 120.343828314025586, -2.623852894995082, 0.0 ], [ 120.343783122193372, -2.624020699495645, 0.0 ], [ 120.343304678368327, -2.623858526549725, 0.0 ], [ 120.343068091019632, -2.623774887800778, 0.0 ], [ 120.343199045799338, -2.62355710527612, 0.0 ], [ 120.343828314025586, -2.623852894995082, 0.0 ] ] ] ] } },
{ "type": "Feature", "properties": { "OBJECTID": 5557, "WADMPR": "Sulawesi Selatan", "WADMKK": "Kab. Luwu Utara", "WADMKC": "Kec. Masamba", "WADMKD": "Desa Pongo", "POKTAN": "Gapoktan Masagena", "K_POKTAN": "H. Kamaluddin", "P_SID": "Universitas Negeri Makassar", "NO_HP_1": "0813-5551-7977", "NAMA_PEMIL": "Pemerintah Desa", "N_PETAK": "PNB495", "LUAS_HA": 0.46352914823000002, "PAKET": "Paket Sulawesi Selatan 7" }, "geometry": { "type": "MultiPolygon", "coordinates": [ [ [ [ 120.334342764207236, -2.623355361260849, 0.0 ], [ 120.334433952764812, -2.623678369860841, 0.0 ], [ 120.334641777096408, -2.624412180677552, 0.0 ], [ 120.334214210617347, -2.624485729932417, 0.0 ], [ 120.334044039101173, -2.624519095679659, 0.0 ], [ 120.334058292456348, -2.624213431404712, 0.0 ], [ 120.3343329238254, -2.623323556736693, 0.0 ], [ 120.334342764207236, -2.623355361260849, 0.0 ] ] ] ] } },
{ "type": "Feature", "properties": { "OBJECTID": 5558, "WADMPR": "Sulawesi Selatan", "WADMKK": "Kab. Luwu Utara", "WADMKC": "Kec. Masamba", "WADMKD": "Desa Pongo", "POKTAN": "Gapoktan Masagena", "K_POKTAN": "H. Kamaluddin", "P_SID": "Universitas Negeri Makassar", "NO_HP_1": "0813-5551-7977", "NAMA_PEMIL": "Pemerintah Desa", "N_PETAK": "PNB496", "LUAS_HA": 0.77082032754999996, "PAKET": "Paket Sulawesi Selatan 7" }, "geometry": { "type": "MultiPolygon", "coordinates": [ [ [ [ 120.334641777096408, -2.624412180677552, 0.0 ], [ 120.334433952764812, -2.623678369860841, 0.0 ], [ 120.335024872100234, -2.623390733395581, 0.0 ], [ 120.335215421354633, -2.623315281175223, 0.0 ], [ 120.33514843175476, -2.623585973513798, 0.0 ], [ 120.33508585602749, -2.623666869330521, 0.0 ], [ 120.335071532525262, -2.623730067388635, 0.0 ], [ 120.335144227424166, -2.62382205904072, 0.0 ], [ 120.335169775364875, -2.623918934011556, 0.0 ], [ 120.335175337671785, -2.62403593311177, 0.0 ], [ 120.335386329415655, -2.62420698866157, 0.0 ], [ 120.335567166891337, -2.624357767197125, 0.0 ], [ 120.33563208085593, -2.624419278127164, 0.0 ], [ 120.335606140810796, -2.624493663751537, 0.0 ], [ 120.335454567274496, -2.624383528277178, 0.0 ], [ 120.335395873021184, -2.624350847813332, 0.0 ], [ 120.335340207684453, -2.624334842578889, 0.0 ], [ 120.335267994822175, -2.624328400735067, 0.0 ], [ 120.335148883214401, -2.624315706804396, 0.0 ], [ 120.334641777096408, -2.624412180677552, 0.0 ] ] ] ] } },
{ "type": "Feature", "properties": { "OBJECTID": 5559, "WADMPR": "Sulawesi Selatan", "WADMKK": "Kab. Luwu Utara", "WADMKC": "Kec. Masamba", "WADMKD": "Desa Pongo", "POKTAN": "Gapoktan Masagena", "K_POKTAN": "H. Kamaluddin", "P_SID": "Universitas Negeri Makassar", "NO_HP_1": "0813-5551-7977", "NAMA_PEMIL": "Pemerintah Desa", "N_PETAK": "PNB497", "LUAS_HA": 0.56570645903000005, "PAKET": "Paket Sulawesi Selatan 7" }, "geometry": { "type": "MultiPolygon", "coordinates": [ [ [ [ 120.333108184794924, -2.62376597911657, 0.0 ], [ 120.333128454614553, -2.623924096120106, 0.0 ], [ 120.332620879949673, -2.623999707520454, 0.0 ], [ 120.332458171007829, -2.624216904586433, 0.0 ], [ 120.332360791517431, -2.624273329850269, 0.0 ], [ 120.332272474495198, -2.623626597689281, 0.0 ], [ 120.333023043278899, -2.62331135923182, 0.0 ], [ 120.333087557944509, -2.623624558926224, 0.0 ], [ 120.333108184794924, -2.62376597911657, 0.0 ] ] ] ] } },
{ "type": "Feature", "properties": { "OBJECTID": 5560, "WADMPR": "Sulawesi Selatan", "WADMKK": "Kab. Luwu Utara", "WADMKC": "Kec. Masamba", "WADMKD": "Desa Pongo", "POKTAN": "Gapoktan Masagena", "K_POKTAN": "H. Kamaluddin", "P_SID": "Universitas Negeri Makassar", "NO_HP_1": "0813-5551-7977", "NAMA_PEMIL": "Pemerintah Desa", "N_PETAK": "PNB498", "LUAS_HA": 0.54536940256, "PAKET": "Paket Sulawesi Selatan 7" }, "geometry": { "type": "MultiPolygon", "coordinates": [ [ [ [ 120.345147627561005, -2.62377082196582, 0.0 ], [ 120.344838926275543, -2.624228520229963, 0.0 ], [ 120.344564622259554, -2.623996748750926, 0.0 ], [ 120.344495139739024, -2.623920626535664, 0.0 ], [ 120.344197769911261, -2.623578397624897, 0.0 ], [ 120.344404091475667, -2.623265068428111, 0.0 ], [ 120.344620665311481, -2.623379176207948, 0.0 ], [ 120.345147627561005, -2.62377082196582, 0.0 ] ] ] ] } },
{ "type": "Feature", "properties": { "OBJECTID": 5561, "WADMPR": "Sulawesi Selatan", "WADMKK": "Kab. Luwu Utara", "WADMKC": "Kec. Masamba", "WADMKD": "Desa Pongo", "POKTAN": "Gapoktan Masagena", "K_POKTAN": "H. Kamaluddin", "P_SID": "Universitas Negeri Makassar", "NO_HP_1": "0813-5551-7977", "NAMA_PEMIL": "Pemerintah Desa", "N_PETAK": "PNB499", "LUAS_HA": 0.36632150699, "PAKET": "Paket Sulawesi Selatan 7" }, "geometry": { "type": "MultiPolygon", "coordinates": [ [ [ [ 120.333872702063559, -2.623582565982588, 0.0 ], [ 120.333108184794924, -2.62376597911657, 0.0 ], [ 120.333087557944509, -2.623624558926224, 0.0 ], [ 120.333023043278899, -2.62331135923182, 0.0 ], [ 120.333501281159215, -2.623171886073635, 0.0 ], [ 120.333530749244687, -2.623426176576743, 0.0 ], [ 120.333861679073266, -2.623374464659776, 0.0 ], [ 120.333872702063559, -2.623582565982588, 0.0 ] ] ] ] } },
{ "type": "Feature", "properties": { "OBJECTID": 5562, "WADMPR": "Sulawesi Selatan", "WADMKK": "Kab. Luwu Utara", "WADMKC": "Kec. Masamba", "WADMKD": "Desa Pongo", "POKTAN": "Gapoktan Masagena", "K_POKTAN": "H. Kamaluddin", "P_SID": "Universitas Negeri Makassar", "NO_HP_1": "0813-5551-7977", "NAMA_PEMIL": "Pemerintah Desa", "N_PETAK": "PNB500", "LUAS_HA": 0.22748387507000001, "PAKET": "Paket Sulawesi Selatan 7" }, "geometry": { "type": "MultiPolygon", "coordinates": [ [ [ [ 120.335024872100234, -2.623390733395581, 0.0 ], [ 120.334433952764812, -2.623678369860841, 0.0 ], [ 120.334342764207236, -2.623355361260849, 0.0 ], [ 120.334735340763473, -2.623151566791307, 0.0 ], [ 120.335024872100234, -2.623390733395581, 0.0 ] ] ] ] } },
{ "type": "Feature", "properties": { "OBJECTID": 5563, "WADMPR": "Sulawesi Selatan", "WADMKK": "Kab. Luwu Utara", "WADMKC": "Kec. Masamba", "WADMKD": "Desa Pongo", "POKTAN": "Gapoktan Masagena", "K_POKTAN": "H. Kamaluddin", "P_SID": "Universitas Negeri Makassar", "NO_HP_1": "0813-5551-7977", "NAMA_PEMIL": "Pemerintah Desa", "N_PETAK": "PNB501", "LUAS_HA": 0.482593256, "PAKET": "Paket Sulawesi Selatan 7" }, "geometry": { "type": "MultiPolygon", "coordinates": [ [ [ [ 120.342989544232182, -2.623166019795917, 0.0 ], [ 120.343065553132874, -2.623182897372772, 0.0 ], [ 120.343409567197796, -2.623225899355702, 0.0 ], [ 120.343255989972022, -2.623238184994193, 0.0 ], [ 120.343234488980556, -2.623259685985659, 0.0 ], [ 120.343194558182404, -2.623324188960112, 0.0 ], [ 120.343179200459758, -2.623422478564464, 0.0 ], [ 120.343151557098736, -2.623506946488362, 0.0 ], [ 120.343040980956516, -2.623651309260481, 0.0 ], [ 120.342888938873443, -2.6238248514357, 0.0 ], [ 120.342156373617854, -2.623087678053878, 0.0 ], [ 120.342989544232182, -2.623166019795917, 0.0 ] ] ] ] } },
{ "type": "Feature", "properties": { "OBJECTID": 5564, "WADMPR": "Sulawesi Selatan", "WADMKK": "Kab. Luwu Utara", "WADMKC": "Kec. Masamba", "WADMKD": "Desa Pongo", "POKTAN": "Gapoktan Masagena", "K_POKTAN": "H. Kamaluddin", "P_SID": "Universitas Negeri Makassar", "NO_HP_1": "0813-5551-7977", "NAMA_PEMIL": "Pemerintah Desa", "N_PETAK": "PNB502", "LUAS_HA": 0.60842203672999995, "PAKET": "Paket Sulawesi Selatan 7" }, "geometry": { "type": "MultiPolygon", "coordinates": [ [ [ [ 120.344404091475667, -2.623265068428111, 0.0 ], [ 120.344197769911261, -2.623578397624897, 0.0 ], [ 120.343895291034869, -2.623627256892348, 0.0 ], [ 120.343828314025586, -2.623852894995082, 0.0 ], [ 120.343199045799338, -2.62355710527612, 0.0 ], [ 120.343270284695905, -2.623342036006136, 0.0 ], [ 120.343316682518889, -2.623283616945344, 0.0 ], [ 120.34343197200792, -2.623298645516059, 0.0 ], [ 120.343589253541268, -2.623310365480961, 0.0 ], [ 120.343730544229288, -2.623347225094335, 0.0 ], [ 120.343885376908702, -2.622993117937995, 0.0 ], [ 120.344404091475667, -2.623265068428111, 0.0 ] ] ] ] } },
{ "type": "Feature", "properties": { "OBJECTID": 5565, "WADMPR": "Sulawesi Selatan", "WADMKK": "Kab. Luwu Utara", "WADMKC": "Kec. Masamba", "WADMKD": "Desa Pongo", "POKTAN": "Gapoktan Masagena", "K_POKTAN": "H. Kamaluddin", "P_SID": "Universitas Negeri Makassar", "NO_HP_1": "0813-5551-7977", "NAMA_PEMIL": "Pemerintah Desa", "N_PETAK": "PNB503", "LUAS_HA": 0.31166039144000002, "PAKET": "Paket Sulawesi Selatan 7" }, "geometry": { "type": "MultiPolygon", "coordinates": [ [ [ [ 120.336801889295771, -2.622937556023317, 0.0 ], [ 120.336815711875715, -2.623476614154356, 0.0 ], [ 120.336338084634917, -2.62348275742329, 0.0 ], [ 120.33635497839964, -2.622925270384883, 0.0 ], [ 120.336801889295771, -2.622937556023317, 0.0 ] ] ] ] } },
{ "type": "Feature", "properties": { "OBJECTID": 5566, "WADMPR": "Sulawesi Selatan", "WADMKK": "Kab. Luwu Utara", "WADMKC": "Kec. Masamba", "WADMKD": "Desa Pongo", "POKTAN": "Gapoktan Masagena", "K_POKTAN": "H. Kamaluddin", "P_SID": "Universitas Negeri Makassar", "NO_HP_1": "0813-5551-7977", "NAMA_PEMIL": "Pemerintah Desa", "N_PETAK": "PNB504", "LUAS_HA": 1.1113264779600001, "PAKET": "Paket Sulawesi Selatan 7" }, "geometry": { "type": "MultiPolygon", "coordinates": [ [ [ [ 120.33635497839964, -2.622925270384883, 0.0 ], [ 120.336338084634917, -2.62348275742329, 0.0 ], [ 120.336333477408061, -2.623816020992535, 0.0 ], [ 120.335197003239159, -2.623769947824769, 0.0 ], [ 120.335178574331849, -2.623711588119249, 0.0 ], [ 120.33527993512098, -2.623518080994586, 0.0 ], [ 120.33529836402829, -2.623358358701239, 0.0 ], [ 120.335365938187579, -2.623140279400332, 0.0 ], [ 120.335471907102942, -2.62302663207339, 0.0 ], [ 120.335478050371762, -2.622896090082463, 0.0 ], [ 120.33635497839964, -2.622925270384883, 0.0 ] ] ] ] } },
{ "type": "Feature", "properties": { "OBJECTID": 5567, "WADMPR": "Sulawesi Selatan", "WADMKK": "Kab. Luwu Utara", "WADMKC": "Kec. Masamba", "WADMKD": "Desa Pongo", "POKTAN": "Gapoktan Masagena", "K_POKTAN": "H. Kamaluddin", "P_SID": "Universitas Negeri Makassar", "NO_HP_1": "0813-5551-7977", "NAMA_PEMIL": "Pemerintah Desa", "N_PETAK": "PNB505", "LUAS_HA": 0.18220262416, "PAKET": "Paket Sulawesi Selatan 7" }, "geometry": { "type": "MultiPolygon", "coordinates": [ [ [ [ 120.333501281159215, -2.623171886073635, 0.0 ], [ 120.333023043278899, -2.62331135923182, 0.0 ], [ 120.33304540582094, -2.622980089459531, 0.0 ], [ 120.333140224941531, -2.622950618676043, 0.0 ], [ 120.333468088981135, -2.622848488067234, 0.0 ], [ 120.333501281159215, -2.623171886073635, 0.0 ] ] ] ] } },
{ "type": "Feature", "properties": { "OBJECTID": 5568, "WADMPR": "Sulawesi Selatan", "WADMKK": "Kab. Luwu Utara", "WADMKC": "Kec. Masamba", "WADMKD": "Desa Pongo", "POKTAN": "Gapoktan Masagena", "K_POKTAN": "H. Kamaluddin", "P_SID": "Universitas Negeri Makassar", "NO_HP_1": "0813-5551-7977", "NAMA_PEMIL": "Pemerintah Desa", "N_PETAK": "PNB506", "LUAS_HA": 0.57967589122999996, "PAKET": "Paket Sulawesi Selatan 7" }, "geometry": { "type": "MultiPolygon", "coordinates": [ [ [ [ 120.333140224941531, -2.622950618676043, 0.0 ], [ 120.33304540582094, -2.622980089459531, 0.0 ], [ 120.333023043278899, -2.62331135923182, 0.0 ], [ 120.332272474495198, -2.623626597689281, 0.0 ], [ 120.332139602360826, -2.623121194887176, 0.0 ], [ 120.332661386314044, -2.622904594071713, 0.0 ], [ 120.332994142665598, -2.622761891448079, 0.0 ], [ 120.333140224941531, -2.622950618676043, 0.0 ] ] ] ] } },
{ "type": "Feature", "properties": { "OBJECTID": 5569, "WADMPR": "Sulawesi Selatan", "WADMKK": "Kab. Luwu Utara", "WADMKC": "Kec. Masamba", "WADMKD": "Desa Pongo", "POKTAN": "Gapoktan Masagena", "K_POKTAN": "H. Kamaluddin", "P_SID": "Universitas Negeri Makassar", "NO_HP_1": "0813-5551-7977", "NAMA_PEMIL": "Pemerintah Desa", "N_PETAK": "PNB507", "LUAS_HA": 0.16362811949, "PAKET": "Paket Sulawesi Selatan 7" }, "geometry": { "type": "MultiPolygon", "coordinates": [ [ [ [ 120.343409567197796, -2.623225899355702, 0.0 ], [ 120.343449153555639, -2.623090075646417, 0.0 ], [ 120.343604412513741, -2.622746278318061, 0.0 ], [ 120.343859550178195, -2.622972495584179, 0.0 ], [ 120.343699828784111, -2.623267365296613, 0.0 ], [ 120.343409567197796, -2.623225899355702, 0.0 ] ] ] ] } },
{ "type": "Feature", "properties": { "OBJECTID": 5570, "WADMPR": "Sulawesi Selatan", "WADMKK": "Kab. Luwu Utara", "WADMKC": "Kec. Masamba", "WADMKD": "Desa Pongo", "POKTAN": "Gapoktan Masagena", "K_POKTAN": "H. Kamaluddin", "P_SID": "Universitas Negeri Makassar", "NO_HP_1": "0813-5551-7977", "NAMA_PEMIL": "Pemerintah Desa", "N_PETAK": "PNB508", "LUAS_HA": 0.46132215095000001, "PAKET": "Paket Sulawesi Selatan 7" }, "geometry": { "type": "MultiPolygon", "coordinates": [ [ [ [ 120.345372587574957, -2.623451915173689, 0.0 ], [ 120.345192798708808, -2.623705175953035, 0.0 ], [ 120.344668064079997, -2.623318889255302, 0.0 ], [ 120.344474309641782, -2.623178947550343, 0.0 ], [ 120.344805031726878, -2.622709868365689, 0.0 ], [ 120.344855667155343, -2.622755774259531, 0.0 ], [ 120.344919524416582, -2.62285541914224, 0.0 ], [ 120.34499412138166, -2.623002735287969, 0.0 ], [ 120.345082894360189, -2.62313261537787, 0.0 ], [ 120.345172306756581, -2.623255558097469, 0.0 ], [ 120.345261876534437, -2.623355078873772, 0.0 ], [ 120.345372587574957, -2.623451915173689, 0.0 ] ] ] ] } },
{ "type": "Feature", "properties": { "OBJECTID": 5571, "WADMPR": "Sulawesi Selatan", "WADMKK": "Kab. Luwu Utara", "WADMKC": "Kec. Masamba", "WADMKD": "Desa Pongo", "POKTAN": "Gapoktan Masagena", "K_POKTAN": "H. Kamaluddin", "P_SID": "Universitas Negeri Makassar", "NO_HP_1": "0813-5551-7977", "NAMA_PEMIL": "Pemerintah Desa", "N_PETAK": "PNB509", "LUAS_HA": 0.86707994847000003, "PAKET": "Paket Sulawesi Selatan 7" }, "geometry": { "type": "MultiPolygon", "coordinates": [ [ [ [ 120.342423718679697, -2.622527024502517, 0.0 ], [ 120.34266874706509, -2.622553684005254, 0.0 ], [ 120.343112195571393, -2.622602655687956, 0.0 ], [ 120.342989544232182, -2.623166019795917, 0.0 ], [ 120.342156373617854, -2.623087678053878, 0.0 ], [ 120.3417519682788, -2.623044968350541, 0.0 ], [ 120.341938838406691, -2.622474008568588, 0.0 ], [ 120.342423718679697, -2.622527024502517, 0.0 ] ] ] ] } },
{ "type": "Feature", "properties": { "OBJECTID": 5572, "WADMPR": "Sulawesi Selatan", "WADMKK": "Kab. Luwu Utara", "WADMKC": "Kec. Masamba", "WADMKD": "Desa Pongo", "POKTAN": "Gapoktan Masagena", "K_POKTAN": "H. Kamaluddin", "P_SID": "Universitas Negeri Makassar", "NO_HP_1": "0813-5551-7977", "NAMA_PEMIL": "Pemerintah Desa", "N_PETAK": "PNB510", "LUAS_HA": 0.21341462758, "PAKET": "Paket Sulawesi Selatan 7" }, "geometry": { "type": "MultiPolygon", "coordinates": [ [ [ [ 120.333468088981135, -2.622848488067234, 0.0 ], [ 120.333140224941531, -2.622950618676043, 0.0 ], [ 120.332994142665598, -2.622761891448079, 0.0 ], [ 120.333102332906378, -2.622599899265879, 0.0 ], [ 120.33352264725238, -2.62244635981159, 0.0 ], [ 120.333632875357011, -2.622647209001457, 0.0 ], [ 120.33343832411947, -2.622692144526809, 0.0 ], [ 120.333468088981135, -2.622848488067234, 0.0 ] ] ] ] } },
{ "type": "Feature", "properties": { "OBJECTID": 5573, "WADMPR": "Sulawesi Selatan", "WADMKK": "Kab. Luwu Utara", "WADMKC": "Kec. Masamba", "WADMKD": "Desa Pongo", "POKTAN": "Gapoktan Masagena", "K_POKTAN": "H. Kamaluddin", "P_SID": "Universitas Negeri Makassar", "NO_HP_1": "0813-5551-7977", "NAMA_PEMIL": "Pemerintah Desa", "N_PETAK": "PNB511", "LUAS_HA": 0.35962664416000001, "PAKET": "Paket Sulawesi Selatan 7" }, "geometry": { "type": "MultiPolygon", "coordinates": [ [ [ [ 120.343604412513741, -2.622746278318061, 0.0 ], [ 120.343449153555639, -2.623090075646417, 0.0 ], [ 120.343409567197796, -2.623225899355702, 0.0 ], [ 120.343065553132874, -2.623182897372772, 0.0 ], [ 120.343187746717149, -2.622535476331109, 0.0 ], [ 120.343218651919301, -2.622492164981395, 0.0 ], [ 120.34346752400711, -2.622399601360485, 0.0 ], [ 120.343604412513741, -2.622746278318061, 0.0 ] ] ] ] } },
{ "type": "Feature", "properties": { "OBJECTID": 5574, "WADMPR": "Sulawesi Selatan", "WADMKK": "Kab. Luwu Utara", "WADMKC": "Kec. Masamba", "WADMKD": "Desa Pongo", "POKTAN": "Gapoktan Masagena", "K_POKTAN": "H. Kamaluddin", "P_SID": "Universitas Negeri Makassar", "NO_HP_1": "0813-5551-7977", "NAMA_PEMIL": "Pemerintah Desa", "N_PETAK": "PNB512", "LUAS_HA": 0.54114988961, "PAKET": "Paket Sulawesi Selatan 7" }, "geometry": { "type": "MultiPolygon", "coordinates": [ [ [ [ 120.344932673404173, -2.622669371893949, 0.0 ], [ 120.345374977073561, -2.622297713568571, 0.0 ], [ 120.345801923020417, -2.622601797734717, 0.0 ], [ 120.345341189544342, -2.623277539326921, 0.0 ], [ 120.345067821722637, -2.622945811799752, 0.0 ], [ 120.344932673404173, -2.622669371893949, 0.0 ] ] ] ] } },
{ "type": "Feature", "properties": { "OBJECTID": 5575, "WADMPR": "Sulawesi Selatan", "WADMKK": "Kab. Luwu Utara", "WADMKC": "Kec. Masamba", "WADMKD": "Desa Pongo", "POKTAN": "Gapoktan Masagena", "K_POKTAN": "H. Kamaluddin", "P_SID": "Universitas Negeri Makassar", "NO_HP_1": "0813-5551-7977", "NAMA_PEMIL": "Pemerintah Desa", "N_PETAK": "PNB513", "LUAS_HA": 0.16372202989000001, "PAKET": "Paket Sulawesi Selatan 7" }, "geometry": { "type": "MultiPolygon", "coordinates": [ [ [ [ 120.334078934595254, -2.622532310717531, 0.0 ], [ 120.333734219958387, -2.622671588722767, 0.0 ], [ 120.333599649004668, -2.622456497869052, 0.0 ], [ 120.333591124330951, -2.622402972019472, 0.0 ], [ 120.333644421752751, -2.622356393432767, 0.0 ], [ 120.333758579894607, -2.622300819826933, 0.0 ], [ 120.333962743086204, -2.622215640539309, 0.0 ], [ 120.334078934595254, -2.622532310717531, 0.0 ] ] ] ] } },
{ "type": "Feature", "properties": { "OBJECTID": 5576, "WADMPR": "Sulawesi Selatan", "WADMKK": "Kab. Luwu Utara", "WADMKC": "Kec. Masamba", "WADMKD": "Desa Pongo", "POKTAN": "Gapoktan Masagena", "K_POKTAN": "H. Kamaluddin", "P_SID": "Universitas Negeri Makassar", "NO_HP_1": "0813-5551-7977", "NAMA_PEMIL": "Pemerintah Desa", "N_PETAK": "PNB514", "LUAS_HA": 0.3960077628, "PAKET": "Paket Sulawesi Selatan 7" }, "geometry": { "type": "MultiPolygon", "coordinates": [ [ [ [ 120.334735340763473, -2.623151566791307, 0.0 ], [ 120.334342764207236, -2.623355361260849, 0.0 ], [ 120.3343329238254, -2.623323556736693, 0.0 ], [ 120.334379992542722, -2.623150192627236, 0.0 ], [ 120.334301645404707, -2.62292696830491, 0.0 ], [ 120.33447768229928, -2.622845065247532, 0.0 ], [ 120.334435885407856, -2.62275018227507, 0.0 ], [ 120.334266405470316, -2.622828868457475, 0.0 ], [ 120.334029329789814, -2.622195131500064, 0.0 ], [ 120.334226586188038, -2.622075762686279, 0.0 ], [ 120.334735340763473, -2.623151566791307, 0.0 ] ] ] ] } },
{ "type": "Feature", "properties": { "OBJECTID": 5577, "WADMPR": "Sulawesi Selatan", "WADMKK": "Kab. Luwu Utara", "WADMKC": "Kec. Masamba", "WADMKD": "Desa Pongo", "POKTAN": "Gapoktan Masagena", "K_POKTAN": "H. Kamaluddin", "P_SID": "Universitas Negeri Makassar", "NO_HP_1": "0813-5551-7977", "NAMA_PEMIL": "Pemerintah Desa", "N_PETAK": "PNB515", "LUAS_HA": 0.54175902706000001, "PAKET": "Paket Sulawesi Selatan 7" }, "geometry": { "type": "MultiPolygon", "coordinates": [ [ [ [ 120.334838421955624, -2.622599658247566, 0.0 ], [ 120.334953628707012, -2.622755620475459, 0.0 ], [ 120.335163126677003, -2.622971458665859, 0.0 ], [ 120.335276419671118, -2.623117772067474, 0.0 ], [ 120.335215421354633, -2.623315281175223, 0.0 ], [ 120.335024872100234, -2.623390733395581, 0.0 ], [ 120.334735340763473, -2.623151566791307, 0.0 ], [ 120.334226586188038, -2.622075762686279, 0.0 ], [ 120.334258963580396, -2.622051686935777, 0.0 ], [ 120.334520883032383, -2.622311733999254, 0.0 ], [ 120.334838421955624, -2.622599658247566, 0.0 ] ] ] ] } },
{ "type": "Feature", "properties": { "OBJECTID": 5578, "WADMPR": "Sulawesi Selatan", "WADMKK": "Kab. Luwu Utara", "WADMKC": "Kec. Masamba", "WADMKD": "Desa Pongo", "POKTAN": "Gapoktan Masagena", "K_POKTAN": "H. Kamaluddin", "P_SID": "Universitas Negeri Makassar", "NO_HP_1": "0813-5551-7977", "NAMA_PEMIL": "Pemerintah Desa", "N_PETAK": "PNB516", "LUAS_HA": 0.0914887797, "PAKET": "Paket Sulawesi Selatan 7" }, "geometry": { "type": "MultiPolygon", "coordinates": [ [ [ [ 120.343145376957636, -2.62245005422659, 0.0 ], [ 120.343256070011648, -2.62200868225483, 0.0 ], [ 120.34333216884454, -2.622004615520552, 0.0 ], [ 120.343450195869877, -2.62234238559256, 0.0 ], [ 120.343145376957636, -2.62245005422659, 0.0 ] ] ] ] } },
{ "type": "Feature", "properties": { "OBJECTID": 5579, "WADMPR": "Sulawesi Selatan", "WADMKK": "Kab. Luwu Utara", "WADMKC": "Kec. Masamba", "WADMKD": "Desa Pongo", "POKTAN": "Gapoktan Masagena", "K_POKTAN": "H. Kamaluddin", "P_SID": "Universitas Negeri Makassar", "NO_HP_1": "0813-5551-7977", "NAMA_PEMIL": "Pemerintah Desa", "N_PETAK": "PNB517", "LUAS_HA": 0.62789952274000005, "PAKET": "Paket Sulawesi Selatan 7" }, "geometry": { "type": "MultiPolygon", "coordinates": [ [ [ [ 120.337612011185456, -2.622137801518306, 0.0 ], [ 120.337502971085314, -2.622896474992274, 0.0 ], [ 120.336864088207221, -2.622815078253211, 0.0 ], [ 120.336880981971831, -2.622497173305874, 0.0 ], [ 120.337108276625713, -2.622497173305874, 0.0 ], [ 120.337123634348359, -2.622369702499725, 0.0 ], [ 120.336899410879141, -2.622357417760554, 0.0 ], [ 120.336922447912684, -2.621976544082202, 0.0 ], [ 120.337612011185456, -2.622137801518306, 0.0 ] ] ] ] } },
{ "type": "Feature", "properties": { "OBJECTID": 5580, "WADMPR": "Sulawesi Selatan", "WADMKK": "Kab. Luwu Utara", "WADMKC": "Kec. Masamba", "WADMKD": "Desa Pongo", "POKTAN": "Gapoktan Masagena", "K_POKTAN": "H. Kamaluddin", "P_SID": "Universitas Negeri Makassar", "NO_HP_1": "0813-5551-7977", "NAMA_PEMIL": "Pemerintah Desa", "N_PETAK": "PNB518", "LUAS_HA": 0.56270856575999995, "PAKET": "Paket Sulawesi Selatan 7" }, "geometry": { "type": "MultiPolygon", "coordinates": [ [ [ [ 120.335431505060001, -2.622993960602741, 0.0 ], [ 120.335276419671118, -2.623117772067474, 0.0 ], [ 120.335163126677003, -2.622971458665859, 0.0 ], [ 120.334953628707012, -2.622755620475459, 0.0 ], [ 120.334838421955624, -2.622599658247566, 0.0 ], [ 120.334258963580396, -2.622051686935777, 0.0 ], [ 120.334517682345222, -2.621869500477032, 0.0 ], [ 120.334978089367382, -2.622240272970146, 0.0 ], [ 120.335114720667889, -2.622413475201654, 0.0 ], [ 120.335217051825566, -2.622462948706072, 0.0 ], [ 120.335375662556885, -2.622961769370136, 0.0 ], [ 120.335431505060001, -2.622993960602741, 0.0 ] ] ] ] } },
{ "type": "Feature", "properties": { "OBJECTID": 5581, "WADMPR": "Sulawesi Selatan", "WADMKK": "Kab. Luwu Utara", "WADMKC": "Kec. Masamba", "WADMKD": "Desa Pongo", "POKTAN": "Gapoktan Masagena", "K_POKTAN": "H. Kamaluddin", "P_SID": "Universitas Negeri Makassar", "NO_HP_1": "0813-5551-7977", "NAMA_PEMIL": "Pemerintah Desa", "N_PETAK": "PNB519", "LUAS_HA": 0.39422027587000003, "PAKET": "Paket Sulawesi Selatan 7" }, "geometry": { "type": "MultiPolygon", "coordinates": [ [ [ [ 120.343256070011648, -2.62200868225483, 0.0 ], [ 120.343145376957636, -2.62245005422659, 0.0 ], [ 120.343112195571393, -2.622602655687956, 0.0 ], [ 120.34266874706509, -2.622553684005254, 0.0 ], [ 120.34278450959755, -2.621926437455102, 0.0 ], [ 120.343041382953515, -2.621875049294033, 0.0 ], [ 120.343191987920022, -2.621864786230844, 0.0 ], [ 120.343256070011648, -2.62200868225483, 0.0 ] ] ] ] } },
{ "type": "Feature", "properties": { "OBJECTID": 5582, "WADMPR": "Sulawesi Selatan", "WADMKK": "Kab. Luwu Utara", "WADMKC": "Kec. Masamba", "WADMKD": "Desa Pongo", "POKTAN": "Gapoktan Masagena", "K_POKTAN": "H. Kamaluddin", "P_SID": "Universitas Negeri Makassar", "NO_HP_1": "0813-5551-7977", "NAMA_PEMIL": "Pemerintah Desa", "N_PETAK": "PNB520", "LUAS_HA": 0.19698326228, "PAKET": "Paket Sulawesi Selatan 7" }, "geometry": { "type": "MultiPolygon", "coordinates": [ [ [ [ 120.34278450959755, -2.621926437455102, 0.0 ], [ 120.34266874706509, -2.622553684005254, 0.0 ], [ 120.342423718679697, -2.622527024502517, 0.0 ], [ 120.342551548315328, -2.621860760865388, 0.0 ], [ 120.34278450959755, -2.621926437455102, 0.0 ] ] ] ] } },
{ "type": "Feature", "properties": { "OBJECTID": 5583, "WADMPR": "Sulawesi Selatan", "WADMKK": "Kab. Luwu Utara", "WADMKC": "Kec. Masamba", "WADMKD": "Desa Pongo", "POKTAN": "Gapoktan Masagena", "K_POKTAN": "H. Kamaluddin", "P_SID": "Universitas Negeri Makassar", "NO_HP_1": "0813-5551-7977", "NAMA_PEMIL": "Pemerintah Desa", "N_PETAK": "PNB521", "LUAS_HA": 1.38559774348, "PAKET": "Paket Sulawesi Selatan 7" }, "geometry": { "type": "MultiPolygon", "coordinates": [ [ [ [ 120.336299690778219, -2.621989982651542, 0.0 ], [ 120.336253233599905, -2.622088272255894, 0.0 ], [ 120.336240947062151, -2.622203455624913, 0.0 ], [ 120.336819935091967, -2.622272565826222, 0.0 ], [ 120.336801889295771, -2.622937556023317, 0.0 ], [ 120.33635497839964, -2.622925270384883, 0.0 ], [ 120.335478050371762, -2.622896090082463, 0.0 ], [ 120.335537178098321, -2.621855601454797, 0.0 ], [ 120.335625101217488, -2.621874799282523, 0.0 ], [ 120.336299690778219, -2.621989982651542, 0.0 ] ] ] ] } },
{ "type": "Feature", "properties": { "OBJECTID": 5584, "WADMPR": "Sulawesi Selatan", "WADMKK": "Kab. Luwu Utara", "WADMKC": "Kec. Masamba", "WADMKD": "Desa Pongo", "POKTAN": "Gapoktan Masagena", "K_POKTAN": "H. Kamaluddin", "P_SID": "Universitas Negeri Makassar", "NO_HP_1": "0813-5551-7977", "NAMA_PEMIL": "Pemerintah Desa", "N_PETAK": "PNB522", "LUAS_HA": 0.43270873064999998, "PAKET": "Paket Sulawesi Selatan 7" }, "geometry": { "type": "MultiPolygon", "coordinates": [ [ [ [ 120.342530359388661, -2.621850970845571, 0.0 ], [ 120.342551548315328, -2.621860760865388, 0.0 ], [ 120.342423718679697, -2.622527024502517, 0.0 ], [ 120.341938838406691, -2.622474008568588, 0.0 ], [ 120.342098327775716, -2.621705937179229, 0.0 ], [ 120.342530359388661, -2.621850970845571, 0.0 ] ] ] ] } },
{ "type": "Feature", "properties": { "OBJECTID": 5585, "WADMPR": "Sulawesi Selatan", "WADMKK": "Kab. Luwu Utara", "WADMKC": "Kec. Masamba", "WADMKD": "Desa Pongo", "POKTAN": "Gapoktan Masagena", "K_POKTAN": "H. Kamaluddin", "P_SID": "Universitas Negeri Makassar", "NO_HP_1": "0813-5551-7977", "NAMA_PEMIL": "Pemerintah Desa", "N_PETAK": "PNB523", "LUAS_HA": 0.32706991823999998, "PAKET": "Paket Sulawesi Selatan 7" }, "geometry": { "type": "MultiPolygon", "coordinates": [ [ [ [ 120.336819935091967, -2.622272565826222, 0.0 ], [ 120.336240947062151, -2.622203455624913, 0.0 ], [ 120.336253233599905, -2.622088272255894, 0.0 ], [ 120.336299690778219, -2.621989982651542, 0.0 ], [ 120.33642677577518, -2.621684363342638, 0.0 ], [ 120.336841436083432, -2.621782652947047, 0.0 ], [ 120.336819935091967, -2.622272565826222, 0.0 ] ] ] ] } },
{ "type": "Feature", "properties": { "OBJECTID": 5586, "WADMPR": "Sulawesi Selatan", "WADMKK": "Kab. Luwu Utara", "WADMKC": "Kec. Masamba", "WADMKD": "Desa Pongo", "POKTAN": "Gapoktan Masagena", "K_POKTAN": "H. Kamaluddin", "P_SID": "Universitas Negeri Makassar", "NO_HP_1": "0813-5551-7977", "NAMA_PEMIL": "Pemerintah Desa", "N_PETAK": "PNB524", "LUAS_HA": 0.780165973, "PAKET": "Paket Sulawesi Selatan 7" }, "geometry": { "type": "MultiPolygon", "coordinates": [ [ [ [ 120.34355239482727, -2.621841395763738, 0.0 ], [ 120.343689078288435, -2.621835252494861, 0.0 ], [ 120.344338711662317, -2.621589528933555, 0.0 ], [ 120.344392080130433, -2.621668045144133, 0.0 ], [ 120.344693092212538, -2.622558796651106, 0.0 ], [ 120.344220073097972, -2.622478935054744, 0.0 ], [ 120.343986635175156, -2.622423648332642, 0.0 ], [ 120.343740910714473, -2.622239353863051, 0.0 ], [ 120.34355239482727, -2.621841395763738, 0.0 ] ] ] ] } },
{ "type": "Feature", "properties": { "OBJECTID": 5587, "WADMPR": "Sulawesi Selatan", "WADMKK": "Kab. Luwu Utara", "WADMKC": "Kec. Masamba", "WADMKD": "Desa Pongo", "POKTAN": "Gapoktan Masagena", "K_POKTAN": "H. Kamaluddin", "P_SID": "Universitas Negeri Makassar", "NO_HP_1": "0813-5551-7977", "NAMA_PEMIL": "Pemerintah Desa", "N_PETAK": "PNB525", "LUAS_HA": 0.61343651621999995, "PAKET": "Paket Sulawesi Selatan 7" }, "geometry": { "type": "MultiPolygon", "coordinates": [ [ [ [ 120.335482814080706, -2.622159413126383, 0.0 ], [ 120.335431505060001, -2.622993960602741, 0.0 ], [ 120.335375662556885, -2.622961769370136, 0.0 ], [ 120.335217051825566, -2.622462948706072, 0.0 ], [ 120.335114720667889, -2.622413475201654, 0.0 ], [ 120.334978089367382, -2.622240272970146, 0.0 ], [ 120.334517682345222, -2.621869500477032, 0.0 ], [ 120.334898728693474, -2.621567718575307, 0.0 ], [ 120.335482814080706, -2.622159413126383, 0.0 ] ] ] ] } },
{ "type": "Feature", "properties": { "OBJECTID": 5588, "WADMPR": "Sulawesi Selatan", "WADMKK": "Kab. Luwu Utara", "WADMKC": "Kec. Masamba", "WADMKD": "Desa Pongo", "POKTAN": "Gapoktan Masagena", "K_POKTAN": "H. Kamaluddin", "P_SID": "Universitas Negeri Makassar", "NO_HP_1": "0813-5551-7977", "NAMA_PEMIL": "Pemerintah Desa", "N_PETAK": "PNB526", "LUAS_HA": 0.69607506648999995, "PAKET": "Paket Sulawesi Selatan 7" }, "geometry": { "type": "MultiPolygon", "coordinates": [ [ [ [ 120.341159654994158, -2.622010140055863, 0.0 ], [ 120.341019515438347, -2.622287347083329, 0.0 ], [ 120.340311522358888, -2.622428638670669, 0.0 ], [ 120.340329952165575, -2.621927976195082, 0.0 ], [ 120.340290405377914, -2.621796091516387, 0.0 ], [ 120.341311888632845, -2.621554974282617, 0.0 ], [ 120.341308624993076, -2.621593369038692, 0.0 ], [ 120.341159654994158, -2.622010140055863, 0.0 ] ] ] ] } },
{ "type": "Feature", "properties": { "OBJECTID": 5589, "WADMPR": "Sulawesi Selatan", "WADMKK": "Kab. Luwu Utara", "WADMKC": "Kec. Masamba", "WADMKD": "Desa Pongo", "POKTAN": "Gapoktan Masagena", "K_POKTAN": "H. Kamaluddin", "P_SID": "Universitas Negeri Makassar", "NO_HP_1": "0813-5551-7977", "NAMA_PEMIL": "Pemerintah Desa", "N_PETAK": "PNB527", "LUAS_HA": 0.37659666468000003, "PAKET": "Paket Sulawesi Selatan 7" }, "geometry": { "type": "MultiPolygon", "coordinates": [ [ [ [ 120.337650405042268, -2.62170931952943, 0.0 ], [ 120.337612011185456, -2.622137801518306, 0.0 ], [ 120.336922447912684, -2.621976544082202, 0.0 ], [ 120.336934734450551, -2.621544991807866, 0.0 ], [ 120.337650405042268, -2.62170931952943, 0.0 ] ] ] ] } },
{ "type": "Feature", "properties": { "OBJECTID": 5590, "WADMPR": "Sulawesi Selatan", "WADMKK": "Kab. Luwu Utara", "WADMKC": "Kec. Masamba", "WADMKD": "Desa Pongo", "POKTAN": "Gapoktan Masagena", "K_POKTAN": "H. Kamaluddin", "P_SID": "Universitas Negeri Makassar", "NO_HP_1": "0813-5551-7977", "NAMA_PEMIL": "Pemerintah Desa", "N_PETAK": "PNB528", "LUAS_HA": 0.18465051102, "PAKET": "Paket Sulawesi Selatan 7" }, "geometry": { "type": "MultiPolygon", "coordinates": [ [ [ [ 120.335494292127919, -2.621802675453068, 0.0 ], [ 120.335482814080706, -2.622159413126383, 0.0 ], [ 120.334898728693474, -2.621567718575307, 0.0 ], [ 120.335019742367308, -2.621472447995018, 0.0 ], [ 120.335494292127919, -2.621802675453068, 0.0 ] ] ] ] } },
{ "type": "Feature", "properties": { "OBJECTID": 5591, "WADMPR": "Sulawesi Selatan", "WADMKK": "Kab. Luwu Utara", "WADMKC": "Kec. Masamba", "WADMKD": "Desa Pongo", "POKTAN": "Gapoktan Masagena", "K_POKTAN": "H. Kamaluddin", "P_SID": "Universitas Negeri Makassar", "NO_HP_1": "0813-5551-7977", "NAMA_PEMIL": "Pemerintah Desa", "N_PETAK": "PNB529", "LUAS_HA": 0.56856418228000005, "PAKET": "Paket Sulawesi Selatan 7" }, "geometry": { "type": "MultiPolygon", "coordinates": [ [ [ [ 120.33642677577518, -2.621684363342638, 0.0 ], [ 120.336299690778219, -2.621989982651542, 0.0 ], [ 120.335537178098321, -2.621855601454797, 0.0 ], [ 120.335521819476412, -2.621715846808854, 0.0 ], [ 120.335495328146976, -2.621378360023243, 0.0 ], [ 120.336523914247323, -2.621457067789379, 0.0 ], [ 120.33642677577518, -2.621684363342638, 0.0 ] ] ] ] } },
{ "type": "Feature", "properties": { "OBJECTID": 5592, "WADMPR": "Sulawesi Selatan", "WADMKK": "Kab. Luwu Utara", "WADMKC": "Kec. Masamba", "WADMKD": "Desa Pongo", "POKTAN": "Gapoktan Masagena", "K_POKTAN": "H. Kamaluddin", "P_SID": "Universitas Negeri Makassar", "NO_HP_1": "0813-5551-7977", "NAMA_PEMIL": "Pemerintah Desa", "N_PETAK": "PNB530", "LUAS_HA": 0.45942319785000002, "PAKET": "Paket Sulawesi Selatan 7" }, "geometry": { "type": "MultiPolygon", "coordinates": [ [ [ [ 120.342098327775716, -2.621705937179229, 0.0 ], [ 120.341938838406691, -2.622474008568588, 0.0 ], [ 120.341449916580473, -2.622198463488246, 0.0 ], [ 120.341692568957001, -2.621725445273057, 0.0 ], [ 120.341754000746619, -2.621376055960184, 0.0 ], [ 120.342098327775716, -2.621705937179229, 0.0 ] ] ] ] } },
{ "type": "Feature", "properties": { "OBJECTID": 5593, "WADMPR": "Sulawesi Selatan", "WADMKK": "Kab. Luwu Utara", "WADMKC": "Kec. Masamba", "WADMKD": "Desa Pongo", "POKTAN": "Gapoktan Masagena", "K_POKTAN": "H. Kamaluddin", "P_SID": "Universitas Negeri Makassar", "NO_HP_1": "0813-5551-7977", "NAMA_PEMIL": "Pemerintah Desa", "N_PETAK": "PNB531", "LUAS_HA": 0.14293333154000001, "PAKET": "Paket Sulawesi Selatan 7" }, "geometry": { "type": "MultiPolygon", "coordinates": [ [ [ [ 120.335494292127919, -2.621802675453068, 0.0 ], [ 120.335019742367308, -2.621472447995018, 0.0 ], [ 120.335144995445262, -2.621383012216199, 0.0 ], [ 120.335200855934772, -2.621367551071558, 0.0 ], [ 120.335482034368397, -2.621376128805252, 0.0 ], [ 120.335494292127919, -2.621802675453068, 0.0 ] ] ] ] } },
{ "type": "Feature", "properties": { "OBJECTID": 5594, "WADMPR": "Sulawesi Selatan", "WADMKK": "Kab. Luwu Utara", "WADMKC": "Kec. Masamba", "WADMKD": "Desa Pongo", "POKTAN": "Gapoktan Masagena", "K_POKTAN": "H. Kamaluddin", "P_SID": "Universitas Negeri Makassar", "NO_HP_1": "0813-5551-7977", "NAMA_PEMIL": "Pemerintah Desa", "N_PETAK": "PNB532", "LUAS_HA": 3.7149239939399998, "PAKET": "Paket Sulawesi Selatan 7" }, "geometry": { "type": "MultiPolygon", "coordinates": [ [ [ [ 120.340290405377914, -2.621796091516387, 0.0 ], [ 120.340329952165575, -2.621927976195082, 0.0 ], [ 120.340311522358888, -2.622428638670669, 0.0 ], [ 120.337502971085314, -2.622896474992274, 0.0 ], [ 120.337612011185456, -2.622137801518306, 0.0 ], [ 120.337650405042268, -2.62170931952943, 0.0 ], [ 120.337828172232435, -2.621746369799098, 0.0 ], [ 120.337941819559433, -2.621731012975829, 0.0 ], [ 120.338086182331494, -2.621668045144133, 0.0 ], [ 120.33840101699343, -2.621489895742059, 0.0 ], [ 120.338583773622304, -2.621377784457138, 0.0 ], [ 120.338743495016388, -2.621337853658986, 0.0 ], [ 120.338878643334738, -2.621385461969453, 0.0 ], [ 120.339039899871523, -2.621476074061547, 0.0 ], [ 120.339233406996186, -2.621572827623822, 0.0 ], [ 120.339476060271977, -2.621612758422032, 0.0 ], [ 120.339674174623497, -2.621572827623822, 0.0 ], [ 120.340150265822217, -2.621417714355971, 0.0 ], [ 120.340290405377914, -2.621796091516387, 0.0 ] ] ] ] } },
{ "type": "Feature", "properties": { "OBJECTID": 5595, "WADMPR": "Sulawesi Selatan", "WADMKK": "Kab. Luwu Utara", "WADMKC": "Kec. Masamba", "WADMKD": "Desa Pongo", "POKTAN": "Gapoktan Masagena", "K_POKTAN": "H. Kamaluddin", "P_SID": "Universitas Negeri Makassar", "NO_HP_1": "0813-5551-7977", "NAMA_PEMIL": "Pemerintah Desa", "N_PETAK": "PNB533", "LUAS_HA": 0.97083552371000004, "PAKET": "Paket Sulawesi Selatan 7" }, "geometry": { "type": "MultiPolygon", "coordinates": [ [ [ [ 120.345374977073561, -2.622297713568571, 0.0 ], [ 120.344932673404173, -2.622669371893949, 0.0 ], [ 120.344481155281187, -2.621772478916739, 0.0 ], [ 120.345697490147131, -2.621225742374065, 0.0 ], [ 120.345780422028952, -2.621385461969453, 0.0 ], [ 120.345159968058169, -2.622156421981231, 0.0 ], [ 120.345374977073561, -2.622297713568571, 0.0 ] ] ] ] } },
{ "type": "Feature", "properties": { "OBJECTID": 5596, "WADMPR": "Sulawesi Selatan", "WADMKK": "Kab. Luwu Utara", "WADMKC": "Kec. Masamba", "WADMKD": "Desa Pongo", "POKTAN": "Gapoktan Masagena", "K_POKTAN": "H. Kamaluddin", "P_SID": "Universitas Negeri Makassar", "NO_HP_1": "0813-5551-7977", "NAMA_PEMIL": "Pemerintah Desa", "N_PETAK": "PNB534", "LUAS_HA": 0.38998947111, "PAKET": "Paket Sulawesi Selatan 7" }, "geometry": { "type": "MultiPolygon", "coordinates": [ [ [ [ 120.341612709159222, -2.621406771405304, 0.0 ], [ 120.341754000746619, -2.621376055960184, 0.0 ], [ 120.341692568957001, -2.621725445273057, 0.0 ], [ 120.341449916580473, -2.622198463488246, 0.0 ], [ 120.341159654994158, -2.622010140055863, 0.0 ], [ 120.341308624993076, -2.621593369038692, 0.0 ], [ 120.341311888632845, -2.621554974282617, 0.0 ], [ 120.341340875580954, -2.621204049826986, 0.0 ], [ 120.341612709159222, -2.621406771405304, 0.0 ] ] ] ] } },
{ "type": "Feature", "properties": { "OBJECTID": 5597, "WADMPR": "Sulawesi Selatan", "WADMKK": "Kab. Luwu Utara", "WADMKC": "Kec. Masamba", "WADMKD": "Desa Pongo", "POKTAN": "Gapoktan Masagena", "K_POKTAN": "H. Kamaluddin", "P_SID": "Universitas Negeri Makassar", "NO_HP_1": "0813-5551-7977", "NAMA_PEMIL": "Pemerintah Desa", "N_PETAK": "PNB535", "LUAS_HA": 0.55066591008, "PAKET": "Paket Sulawesi Selatan 7" }, "geometry": { "type": "MultiPolygon", "coordinates": [ [ [ [ 120.343191987920022, -2.621864786230844, 0.0 ], [ 120.343041382953515, -2.621875049294033, 0.0 ], [ 120.34278450959755, -2.621926437455102, 0.0 ], [ 120.342551548315328, -2.621860760865388, 0.0 ], [ 120.342530359388661, -2.621850970845571, 0.0 ], [ 120.342593294844733, -2.620995327072649, 0.0 ], [ 120.343000515061817, -2.621229586975801, 0.0 ], [ 120.343081617722532, -2.621306738914825, 0.0 ], [ 120.343254491701487, -2.621855589763584, 0.0 ], [ 120.343191987920022, -2.621864786230844, 0.0 ] ] ] ] } },
{ "type": "Feature", "properties": { "OBJECTID": 5598, "WADMPR": "Sulawesi Selatan", "WADMKK": "Kab. Luwu Utara", "WADMKC": "Kec. Masamba", "WADMKD": "Desa Pongo", "POKTAN": "Gapoktan Masagena", "K_POKTAN": "H. Kamaluddin", "P_SID": "Universitas Negeri Makassar", "NO_HP_1": "0813-5551-7977", "NAMA_PEMIL": "Pemerintah Desa", "N_PETAK": "PNB536", "LUAS_HA": 0.73046506796, "PAKET": "Paket Sulawesi Selatan 7" }, "geometry": { "type": "MultiPolygon", "coordinates": [ [ [ [ 120.341340875580954, -2.621204049826986, 0.0 ], [ 120.341311888632845, -2.621554974282617, 0.0 ], [ 120.340290405377914, -2.621796091516387, 0.0 ], [ 120.340149881811612, -2.62139678893061, 0.0 ], [ 120.340554558745907, -2.621210960217581, 0.0 ], [ 120.34106904380144, -2.620901501702917, 0.0 ], [ 120.341208799346646, -2.621237836456942, 0.0 ], [ 120.341340875580954, -2.621204049826986, 0.0 ] ] ] ] } },
{ "type": "Feature", "properties": { "OBJECTID": 5599, "WADMPR": "Sulawesi Selatan", "WADMKK": "Kab. Luwu Utara", "WADMKC": "Kec. Masamba", "WADMKD": "Desa Pongo", "POKTAN": "Gapoktan Masagena", "K_POKTAN": "H. Kamaluddin", "P_SID": "Universitas Negeri Makassar", "NO_HP_1": "0813-5551-7977", "NAMA_PEMIL": "Pemerintah Desa", "N_PETAK": "PNB537", "LUAS_HA": 0.24703046195, "PAKET": "Paket Sulawesi Selatan 7" }, "geometry": { "type": "MultiPolygon", "coordinates": [ [ [ [ 120.341780876086659, -2.621095775949243, 0.0 ], [ 120.341754000746619, -2.621375288838465, 0.0 ], [ 120.341612709159222, -2.621406771405304, 0.0 ], [ 120.341340875580954, -2.621204049826986, 0.0 ], [ 120.341365448656575, -2.620881535854153, 0.0 ], [ 120.341804680241808, -2.620854659614793, 0.0 ], [ 120.341780876086659, -2.621095775949243, 0.0 ] ] ] ] } },
{ "type": "Feature", "properties": { "OBJECTID": 5600, "WADMPR": "Sulawesi Selatan", "WADMKK": "Kab. Luwu Utara", "WADMKC": "Kec. Masamba", "WADMKD": "Desa Pongo", "POKTAN": "Gapoktan Masagena", "K_POKTAN": "H. Kamaluddin", "P_SID": "Universitas Negeri Makassar", "NO_HP_1": "0813-5551-7977", "NAMA_PEMIL": "Pemerintah Desa", "N_PETAK": "PNB538", "LUAS_HA": 0.26745552798, "PAKET": "Paket Sulawesi Selatan 7" }, "geometry": { "type": "MultiPolygon", "coordinates": [ [ [ [ 120.342098327775716, -2.621705937179229, 0.0 ], [ 120.341754000746619, -2.621376055960184, 0.0 ], [ 120.341780876086659, -2.621095775949243, 0.0 ], [ 120.34194904391336, -2.62109961605438, 0.0 ], [ 120.34195518718218, -2.620838533871222, 0.0 ], [ 120.342168813939679, -2.620836824259982, 0.0 ], [ 120.342098327775716, -2.621705937179229, 0.0 ] ] ] ] } },
{ "type": "Feature", "properties": { "OBJECTID": 5601, "WADMPR": "Sulawesi Selatan", "WADMKK": "Kab. Luwu Utara", "WADMKC": "Kec. Masamba", "WADMKD": "Desa Pongo", "POKTAN": "Gapoktan Masagena", "K_POKTAN": "H. Kamaluddin", "P_SID": "Universitas Negeri Makassar", "NO_HP_1": "0813-5551-7977", "NAMA_PEMIL": "Pemerintah Desa", "N_PETAK": "PNB539", "LUAS_HA": 0.4606118059, "PAKET": "Paket Sulawesi Selatan 7" }, "geometry": { "type": "MultiPolygon", "coordinates": [ [ [ [ 120.342530359388661, -2.621850970845571, 0.0 ], [ 120.342098327775716, -2.621705937179229, 0.0 ], [ 120.342168813939679, -2.620836824259982, 0.0 ], [ 120.342311470697837, -2.620833271038578, 0.0 ], [ 120.342298576218354, -2.620929883407371, 0.0 ], [ 120.342588910649738, -2.620997389218076, 0.0 ], [ 120.342530359388661, -2.621850970845571, 0.0 ] ] ] ] } },
{ "type": "Feature", "properties": { "OBJECTID": 5602, "WADMPR": "Sulawesi Selatan", "WADMKK": "Kab. Luwu Utara", "WADMKC": "Kec. Masamba", "WADMKD": "Desa Pongo", "POKTAN": "Gapoktan Masagena", "K_POKTAN": "H. Kamaluddin", "P_SID": "Universitas Negeri Makassar", "NO_HP_1": "0813-5551-7977", "NAMA_PEMIL": "Pemerintah Desa", "N_PETAK": "PNB540", "LUAS_HA": 1.0489149814900001, "PAKET": "Paket Sulawesi Selatan 7" }, "geometry": { "type": "MultiPolygon", "coordinates": [ [ [ [ 120.344338711662317, -2.621589528933555, 0.0 ], [ 120.343689078288435, -2.621835252494861, 0.0 ], [ 120.34355239482727, -2.621841395763738, 0.0 ], [ 120.343486355810683, -2.621635602101321, 0.0 ], [ 120.343372708483798, -2.62134073238883, 0.0 ], [ 120.343236024123257, -2.621122652188603, 0.0 ], [ 120.343724401859731, -2.620846213182119, 0.0 ], [ 120.343891800766073, -2.620778639922264, 0.0 ], [ 120.344131381957823, -2.620750994762545, 0.0 ], [ 120.344264994234209, -2.620821640106556, 0.0 ], [ 120.344340247704281, -2.621027434668349, 0.0 ], [ 120.344374035233614, -2.621254730221551, 0.0 ], [ 120.344338711662317, -2.621589528933555, 0.0 ] ] ] ] } },
{ "type": "Feature", "properties": { "OBJECTID": 5603, "WADMPR": "Sulawesi Selatan", "WADMKK": "Kab. Luwu Utara", "WADMKC": "Kec. Masamba", "WADMKD": "Desa Pongo", "POKTAN": "Gapoktan Masagena", "K_POKTAN": "H. Kamaluddin", "P_SID": "Universitas Negeri Makassar", "NO_HP_1": "0813-5551-7977", "NAMA_PEMIL": "Pemerintah Desa", "N_PETAK": "PNB541", "LUAS_HA": 0.2229771563, "PAKET": "Paket Sulawesi Selatan 7" }, "geometry": { "type": "MultiPolygon", "coordinates": [ [ [ [ 120.343317733826439, -2.620779797349712, 0.0 ], [ 120.34369829364141, -2.620818569821097, 0.0 ], [ 120.343564680465647, -2.620896894476061, 0.0 ], [ 120.343206844720157, -2.621084259231111, 0.0 ], [ 120.343188415812847, -2.621067365466502, 0.0 ], [ 120.342887403730742, -2.62091225219865, 0.0 ], [ 120.342653964908664, -2.6207586740735, 0.0 ], [ 120.342824436798423, -2.620746388435009, 0.0 ], [ 120.342821621021017, -2.620683497045718, 0.0 ], [ 120.343096716440414, -2.620765703174641, 0.0 ], [ 120.343317733826439, -2.620779797349712, 0.0 ] ] ] ] } },
{ "type": "Feature", "properties": { "OBJECTID": 5604, "WADMPR": "Sulawesi Selatan", "WADMKK": "Kab. Luwu Utara", "WADMKC": "Kec. Masamba", "WADMKD": "Desa Pongo", "POKTAN": "Gapoktan Masagena", "K_POKTAN": "H. Kamaluddin", "P_SID": "Universitas Negeri Makassar", "NO_HP_1": "0813-5551-7977", "NAMA_PEMIL": "Pemerintah Desa", "N_PETAK": "PNB542", "LUAS_HA": 1.6685666453900001, "PAKET": "Paket Sulawesi Selatan 7" }, "geometry": { "type": "MultiPolygon", "coordinates": [ [ [ [ 120.345697490147131, -2.621225742374065, 0.0 ], [ 120.344481155281187, -2.621772478916739, 0.0 ], [ 120.34446886874332, -2.621416177414631, 0.0 ], [ 120.344425867659766, -2.621029163165304, 0.0 ], [ 120.344258231332333, -2.620638869088509, 0.0 ], [ 120.345427193510204, -2.620193701078392, 0.0 ], [ 120.345697490147131, -2.621225742374065, 0.0 ] ] ] ] } }
]
}
