{
"type": "FeatureCollection",
"name": "SULSEL_PAKET_16",
"crs": { "type": "name", "properties": { "name": "urn:ogc:def:crs:OGC:1.3:CRS84" } },
"features": [
{ "type": "Feature", "properties": { "OBJECTID": 598, "WADMPR": "Sulawesi Selatan", "WADMKK": "Kab. Luwu Utara", "WADMKC": "Kec. Sabbang Selatan", "WADMKD": "Desa Dandang", "POKTAN": "Salu karondang", "K_POKTAN": "Sandi", "P_SID": "Universitas Negeri Makassar", "NO_HP_1": "082395440718/085242982264", "NAMA_PEMIL": "Samsul Bahri", "N_PETAK": "DD01", "LUAS_HA": 0.60151764536999996, "PAKET": "Paket Sulawesi Selatan 16" }, "geometry": { "type": "MultiPolygon", "coordinates": [ [ [ [ 120.18975040056057, -2.690931070912143, 0.0 ], [ 120.189408643793968, -2.689956043936206, 0.0 ], [ 120.189392885873076, -2.689911460045778, 0.0 ], [ 120.189598877386288, -2.689830968024694, 0.0 ], [ 120.189601874826735, -2.6898332963695, 0.0 ], [ 120.189592950854035, -2.689837478216987, 0.0 ], [ 120.189859966764061, -2.6900353407583, 0.0 ], [ 120.190114704230268, -2.690231655566379, 0.0 ], [ 120.190094841803557, -2.690251538677501, 0.0 ], [ 120.19011836896766, -2.690359181231202, 0.0 ], [ 120.190146478177439, -2.690379786497886, 0.0 ], [ 120.190168024135119, -2.690478357590109, 0.0 ], [ 120.190308271609524, -2.690581173482315, 0.0 ], [ 120.190197066841279, -2.690677687824973, 0.0 ], [ 120.190101950944381, -2.690755235465701, 0.0 ], [ 120.19003011220002, -2.690758288664028, 0.0 ], [ 120.189948084136859, -2.690803583918239, 0.0 ], [ 120.189839562046245, -2.690857530650476, 0.0 ], [ 120.18975040056057, -2.690931070912143, 0.0 ] ] ] ] } },
{ "type": "Feature", "properties": { "OBJECTID": 599, "WADMPR": "Sulawesi Selatan", "WADMKK": "Kab. Luwu Utara", "WADMKC": "Kec. Sabbang Selatan", "WADMKD": "Desa Dandang", "POKTAN": "Salu karondang", "K_POKTAN": "Sandi", "P_SID": "Universitas Negeri Makassar", "NO_HP_1": "082395440718/085242982264", "NAMA_PEMIL": "Jusamsi", "N_PETAK": "DD02", "LUAS_HA": 0.15396498788, "PAKET": "Paket Sulawesi Selatan 16" }, "geometry": { "type": "MultiPolygon", "coordinates": [ [ [ [ 120.18884754867554, -2.690743091020806, 0.0 ], [ 120.188520172068365, -2.69118637854848, 0.0 ], [ 120.188418322047937, -2.691088274204446, 0.0 ], [ 120.188406639854634, -2.691037455314245, 0.0 ], [ 120.188458334684469, -2.690862996729891, 0.0 ], [ 120.188534722199734, -2.690772158907976, 0.0 ], [ 120.188680222614266, -2.690568682798414, 0.0 ], [ 120.18884754867554, -2.690743091020806, 0.0 ] ] ] ] } },
{ "type": "Feature", "properties": { "OBJECTID": 600, "WADMPR": "Sulawesi Selatan", "WADMKK": "Kab. Luwu Utara", "WADMKC": "Kec. Sabbang Selatan", "WADMKD": "Desa Dandang", "POKTAN": "Salu karondang", "K_POKTAN": "Sandi", "P_SID": "Universitas Negeri Makassar", "NO_HP_1": "082395440718/085242982264", "NAMA_PEMIL": "Ridwan", "N_PETAK": "DD03", "LUAS_HA": 1.41792831615, "PAKET": "Paket Sulawesi Selatan 16" }, "geometry": { "type": "MultiPolygon", "coordinates": [ [ [ [ 120.190805997798634, -2.691380858739592, 0.0 ], [ 120.190861107354294, -2.691496069088259, 0.0 ], [ 120.191240929725154, -2.691747988079157, 0.0 ], [ 120.19145892269114, -2.691885091523716, 0.0 ], [ 120.191508012185068, -2.691915965249564, 0.0 ], [ 120.191745281219823, -2.692125711432368, 0.0 ], [ 120.191750419945947, -2.692122099755068, 0.0 ], [ 120.191482523599689, -2.692468264099034, 0.0 ], [ 120.191444329392311, -2.692432937829778, 0.0 ], [ 120.191376429678598, -2.692393373055666, 0.0 ], [ 120.191322675401238, -2.692386307981678, 0.0 ], [ 120.191193947342867, -2.692415982011937, 0.0 ], [ 120.190986002502086, -2.69250076379916, 0.0 ], [ 120.190912444253968, -2.692579893347329, 0.0 ], [ 120.190711572581108, -2.692435764398965, 0.0 ], [ 120.19059557622495, -2.692373590668637, 0.0 ], [ 120.190428654858579, -2.692302939928709, 0.0 ], [ 120.190273049661528, -2.692195549185215, 0.0 ], [ 120.190083495057365, -2.692082507101986, 0.0 ], [ 120.18990525662241, -2.692068376954012, 0.0 ], [ 120.189859990146488, -2.692040116658006, 0.0 ], [ 120.189925061492431, -2.691918595766538, 0.0 ], [ 120.190069349620899, -2.691644468917048, 0.0 ], [ 120.190188174344826, -2.691483383251466, 0.0 ], [ 120.190553139016174, -2.691279907141961, 0.0 ], [ 120.190641711445892, -2.691268430893331, 0.0 ], [ 120.190772377543226, -2.691310574023703, 0.0 ], [ 120.190805997798634, -2.691380858739592, 0.0 ] ], [ [ 120.190727132651091, -2.692115006802055, 0.0 ], [ 120.190911029620338, -2.692194136350281, 0.0 ], [ 120.19107795098671, -2.691778706222294, 0.0 ], [ 120.190896884183871, -2.691657186230088, 0.0 ], [ 120.190820495769344, -2.69154414414686, 0.0 ], [ 120.190783780946845, -2.691397019556746, 0.0 ], [ 120.190721475016176, -2.691388710720389, 0.0 ], [ 120.190710157947478, -2.691691098765148, 0.0 ], [ 120.190727132651091, -2.692115006802055, 0.0 ] ] ] ] } },
{ "type": "Feature", "properties": { "OBJECTID": 601, "WADMPR": "Sulawesi Selatan", "WADMKK": "Kab. Luwu Utara", "WADMKC": "Kec. Sabbang Selatan", "WADMKD": "Desa Dandang", "POKTAN": "Salu karondang", "K_POKTAN": "Sandi", "P_SID": "Universitas Negeri Makassar", "NO_HP_1": "082395440718/085242982264", "NAMA_PEMIL": "Ridwan 2", "N_PETAK": "DD04", "LUAS_HA": 0.35770378989000001, "PAKET": "Paket Sulawesi Selatan 16" }, "geometry": { "type": "MultiPolygon", "coordinates": [ [ [ [ 120.186258680193987, -2.687731069033589, 0.0 ], [ 120.186290982942523, -2.687743092069979, 0.0 ], [ 120.186186252393668, -2.687934960629889, 0.0 ], [ 120.186136870620089, -2.688033615359018, 0.0 ], [ 120.186142789058522, -2.688073815953771, 0.0 ], [ 120.185938285023894, -2.688491815444877, 0.0 ], [ 120.185927166705483, -2.688516264414034, 0.0 ], [ 120.185571618835183, -2.68841322459059, 0.0 ], [ 120.185973178719337, -2.687661977718051, 0.0 ], [ 120.1861166808402, -2.687695660925954, 0.0 ], [ 120.186258680193987, -2.687731069033589, 0.0 ] ] ] ] } },
{ "type": "Feature", "properties": { "OBJECTID": 602, "WADMPR": "Sulawesi Selatan", "WADMKK": "Kab. Luwu Utara", "WADMKC": "Kec. Sabbang Selatan", "WADMKD": "Desa Dandang", "POKTAN": "Salu karondang", "K_POKTAN": "Sandi", "P_SID": "Universitas Negeri Makassar", "NO_HP_1": "082395440718/085242982264", "NAMA_PEMIL": "Ridwan 3", "N_PETAK": "DD05", "LUAS_HA": 0.06502030667, "PAKET": "Paket Sulawesi Selatan 16" }, "geometry": { "type": "MultiPolygon", "coordinates": [ [ [ [ 120.185202456128536, -2.688465857413348, 0.0 ], [ 120.185187534577153, -2.688743071635372, 0.0 ], [ 120.185081716747845, -2.688720421310336, 0.0 ], [ 120.184969049681968, -2.688706073526419, 0.0 ], [ 120.184963805735151, -2.688560548830196, 0.0 ], [ 120.185013879986627, -2.68851100068207, 0.0 ], [ 120.185151531118322, -2.688460205174295, 0.0 ], [ 120.185202456128536, -2.688465857413348, 0.0 ] ] ] ] } },
{ "type": "Feature", "properties": { "OBJECTID": 603, "WADMPR": "Sulawesi Selatan", "WADMKK": "Kab. Luwu Utara", "WADMKC": "Kec. Sabbang Selatan", "WADMKD": "Desa Dandang", "POKTAN": "Salu karondang", "K_POKTAN": "Sandi", "P_SID": "Universitas Negeri Makassar", "NO_HP_1": "082395440718/085242982264", "NAMA_PEMIL": "Yusol", "N_PETAK": "DD06", "LUAS_HA": 0.64012445746000002, "PAKET": "Paket Sulawesi Selatan 16" }, "geometry": { "type": "MultiPolygon", "coordinates": [ [ [ [ 120.18975040056057, -2.690931070912143, 0.0 ], [ 120.189657878308481, -2.691016657592627, 0.0 ], [ 120.189582031285795, -2.691035094593872, 0.0 ], [ 120.189561226369619, -2.691042728039406, 0.0 ], [ 120.189545221135063, -2.691067297517691, 0.0 ], [ 120.18951142371327, -2.691101057167998, 0.0 ], [ 120.189415664801118, -2.691039164026165, 0.0 ], [ 120.189348070856795, -2.690988524101044, 0.0 ], [ 120.189308640081777, -2.690932258017256, 0.0 ], [ 120.189308640081777, -2.690864737817321, 0.0 ], [ 120.189311472046825, -2.690821446252698, 0.0 ], [ 120.189301247654498, -2.690790807249925, 0.0 ], [ 120.189266393529351, -2.690755017829758, 0.0 ], [ 120.189212881169624, -2.690690311608535, 0.0 ], [ 120.189142470548632, -2.690667805174996, 0.0 ], [ 120.189086142411611, -2.690673431333721, 0.0 ], [ 120.189027439165102, -2.690651285528361, 0.0 ], [ 120.188965974100483, -2.690590906844818, 0.0 ], [ 120.188984750146119, -2.690478373777864, 0.0 ], [ 120.188975362123301, -2.690446490113402, 0.0 ], [ 120.188937810031916, -2.690318951858103, 0.0 ], [ 120.188873555270447, -2.690196819427626, 0.0 ], [ 120.188941565600885, -2.690163281010541, 0.0 ], [ 120.189024180921251, -2.690137023504803, 0.0 ], [ 120.189125572287367, -2.69007888143517, 0.0 ], [ 120.189166879947607, -2.690050747943587, 0.0 ], [ 120.189408643793968, -2.689956043936206, 0.0 ], [ 120.18975040056057, -2.690931070912143, 0.0 ] ] ] ] } },
{ "type": "Feature", "properties": { "OBJECTID": 604, "WADMPR": "Sulawesi Selatan", "WADMKK": "Kab. Luwu Utara", "WADMKC": "Kec. Sabbang Selatan", "WADMKD": "Desa Dandang", "POKTAN": "Salu karondang", "K_POKTAN": "Sandi", "P_SID": "Universitas Negeri Makassar", "NO_HP_1": "082395440718/085242982264", "NAMA_PEMIL": "Jusamsi 2", "N_PETAK": "DD07", "LUAS_HA": 1.6330035831700001, "PAKET": "Paket Sulawesi Selatan 16" }, "geometry": { "type": "MultiPolygon", "coordinates": [ [ [ [ 120.189210390047492, -2.691133935482696, 0.0 ], [ 120.188995731767704, -2.69156790963126, 0.0 ], [ 120.189275096268716, -2.691707437648063, 0.0 ], [ 120.189016273182574, -2.692187578493929, 0.0 ], [ 120.188721502395538, -2.692670796819755, 0.0 ], [ 120.188466787412381, -2.692539476915272, 0.0 ], [ 120.188158664390926, -2.69246971290687, 0.0 ], [ 120.187686210050629, -2.692342495709568, 0.0 ], [ 120.187896760227318, -2.691940839598033, 0.0 ], [ 120.188142231978532, -2.691472496958113, 0.0 ], [ 120.188205296037609, -2.691499593531375, 0.0 ], [ 120.188205239380409, -2.691499723933077, 0.0 ], [ 120.188311744291582, -2.691545330352653, 0.0 ], [ 120.188311956531606, -2.691545422083493, 0.0 ], [ 120.188315709402559, -2.69154703007132, 0.0 ], [ 120.188456750079013, -2.691607492391825, 0.0 ], [ 120.188524036455192, -2.691636386709831, 0.0 ], [ 120.1885824699051, -2.69166153445218, 0.0 ], [ 120.18873174117698, -2.691456161672477, 0.0 ], [ 120.188909176517313, -2.691290175601068, 0.0 ], [ 120.188635227733585, -2.691201648137508, 0.0 ], [ 120.188820101366673, -2.690936954276992, 0.0 ], [ 120.189210390047492, -2.691133935482696, 0.0 ] ] ] ] } },
{ "type": "Feature", "properties": { "OBJECTID": 605, "WADMPR": "Sulawesi Selatan", "WADMKK": "Kab. Luwu Utara", "WADMKC": "Kec. Sabbang Selatan", "WADMKD": "Desa Dandang", "POKTAN": "Salu karondang", "K_POKTAN": "Sandi", "P_SID": "Universitas Negeri Makassar", "NO_HP_1": "082395440718/085242982264", "NAMA_PEMIL": "Sandi", "N_PETAK": "DD08", "LUAS_HA": 0.16106482461, "PAKET": "Paket Sulawesi Selatan 16" }, "geometry": { "type": "MultiPolygon", "coordinates": [ [ [ [ 120.188142231978532, -2.691472496958113, 0.0 ], [ 120.187896760227318, -2.691940839598033, 0.0 ], [ 120.187626982499296, -2.691717867985176, 0.0 ], [ 120.187967840843271, -2.691467556982104, 0.0 ], [ 120.187941229004537, -2.691436884704444, 0.0 ], [ 120.187952814071195, -2.69128795787293, 0.0 ], [ 120.188142231978532, -2.691472496958113, 0.0 ] ] ] ] } },
{ "type": "Feature", "properties": { "OBJECTID": 606, "WADMPR": "Sulawesi Selatan", "WADMKK": "Kab. Luwu Utara", "WADMKC": "Kec. Sabbang Selatan", "WADMKD": "Desa Dandang", "POKTAN": "Salu karondang", "K_POKTAN": "Sandi", "P_SID": "Universitas Negeri Makassar", "NO_HP_1": "082395440718/085242982264", "NAMA_PEMIL": "Taufik Hidayat", "N_PETAK": "DD09", "LUAS_HA": 0.83484059423000001, "PAKET": "Paket Sulawesi Selatan 16" }, "geometry": { "type": "MultiPolygon", "coordinates": [ [ [ [ 120.187266344466252, -2.691359354150848, 0.0 ], [ 120.187168551287641, -2.691359354150848, 0.0 ], [ 120.187015254650305, -2.691462319330526, 0.0 ], [ 120.18697825204481, -2.691509842205392, 0.0 ], [ 120.186930677009173, -2.691665610179712, 0.0 ], [ 120.186883101973649, -2.691776496587977, 0.0 ], [ 120.186814382078182, -2.691950745630379, 0.0 ], [ 120.186790595010052, -2.691945464811283, 0.0 ], [ 120.186677605986802, -2.691954751210744, 0.0 ], [ 120.186528834737942, -2.691976841258167, 0.0 ], [ 120.186422283062029, -2.691972824885909, 0.0 ], [ 120.186343918836883, -2.691523042454378, 0.0 ], [ 120.18646021286861, -2.691338232673274, 0.0 ], [ 120.186568798811095, -2.691328125192797, 0.0 ], [ 120.186865705488003, -2.691049616846271, 0.0 ], [ 120.186922747686708, -2.690992374998075, 0.0 ], [ 120.186951820969853, -2.690899969657835, 0.0 ], [ 120.186959750292317, -2.690810204727143, 0.0 ], [ 120.18692945572991, -2.690738214896669, 0.0 ], [ 120.186912175256793, -2.690694039298421, 0.0 ], [ 120.18684345626059, -2.690548831163596, 0.0 ], [ 120.186920104579258, -2.690496028368955, 0.0 ], [ 120.186993091757813, -2.69046205378072, 0.0 ], [ 120.187259702073675, -2.690766164926515, 0.0 ], [ 120.187284846218745, -2.690818125955673, 0.0 ], [ 120.187313919501889, -2.690884128999301, 0.0 ], [ 120.187258415143788, -2.691055738531475, 0.0 ], [ 120.187266344466252, -2.691359354150848, 0.0 ] ] ] ] } },
{ "type": "Feature", "properties": { "OBJECTID": 607, "WADMPR": "Sulawesi Selatan", "WADMKK": "Kab. Luwu Utara", "WADMKC": "Kec. Sabbang Selatan", "WADMKD": "Desa Dandang", "POKTAN": "Salu karondang", "K_POKTAN": "Sandi", "P_SID": "Universitas Negeri Makassar", "NO_HP_1": "082395440718/085242982264", "NAMA_PEMIL": "Wandi", "N_PETAK": "DD10", "LUAS_HA": 0.35550182245, "PAKET": "Paket Sulawesi Selatan 16" }, "geometry": { "type": "MultiPolygon", "coordinates": [ [ [ [ 120.187419642002965, -2.691512482614939, 0.0 ], [ 120.187249220475223, -2.692010218696566, 0.0 ], [ 120.187176749507444, -2.69217309940899, 0.0 ], [ 120.186814382078182, -2.691950745630379, 0.0 ], [ 120.186883101973649, -2.691776496587977, 0.0 ], [ 120.186930677009173, -2.691665610179712, 0.0 ], [ 120.18697825204481, -2.691509842205392, 0.0 ], [ 120.187015254650305, -2.691462319330526, 0.0 ], [ 120.187168551287641, -2.691359354150848, 0.0 ], [ 120.187266344466252, -2.691359354150848, 0.0 ], [ 120.187419642002965, -2.691512482614939, 0.0 ] ] ] ] } },
{ "type": "Feature", "properties": { "OBJECTID": 608, "WADMPR": "Sulawesi Selatan", "WADMKK": "Kab. Luwu Utara", "WADMKC": "Kec. Sabbang Selatan", "WADMKD": "Desa Dandang", "POKTAN": "Salu karondang", "K_POKTAN": "Sandi", "P_SID": "Universitas Negeri Makassar", "NO_HP_1": "082395440718/085242982264", "NAMA_PEMIL": "Mustari", "N_PETAK": "DD11", "LUAS_HA": 0.16577895551, "PAKET": "Paket Sulawesi Selatan 16" }, "geometry": { "type": "MultiPolygon", "coordinates": [ [ [ [ 120.187626982499296, -2.691717867985176, 0.0 ], [ 120.187488375388284, -2.69217309940899, 0.0 ], [ 120.187249220475223, -2.692010218696566, 0.0 ], [ 120.187419642002965, -2.691512482614939, 0.0 ], [ 120.187626982499296, -2.691717867985176, 0.0 ] ] ] ] } },
{ "type": "Feature", "properties": { "OBJECTID": 609, "WADMPR": "Sulawesi Selatan", "WADMKK": "Kab. Luwu Utara", "WADMKC": "Kec. Sabbang Selatan", "WADMKD": "Desa Dandang", "POKTAN": "Salu karondang", "K_POKTAN": "Sandi", "P_SID": "Universitas Negeri Makassar", "NO_HP_1": "082395440718/085242982264", "NAMA_PEMIL": "Yusol", "N_PETAK": "DD12", "LUAS_HA": 0.28890507896000001, "PAKET": "Paket Sulawesi Selatan 16" }, "geometry": { "type": "MultiPolygon", "coordinates": [ [ [ [ 120.186258680193987, -2.687731069033589, 0.0 ], [ 120.1861166808402, -2.687695660925954, 0.0 ], [ 120.185973178719337, -2.687661977718051, 0.0 ], [ 120.18567404532098, -2.687601762711154, 0.0 ], [ 120.185798441345014, -2.687160896158389, 0.0 ], [ 120.186345445885649, -2.687317496904939, 0.0 ], [ 120.186283673253001, -2.68735749874952, 0.0 ], [ 120.186232331856672, -2.687477614899933, 0.0 ], [ 120.186182629924474, -2.687548540832438, 0.0 ], [ 120.186181828628605, -2.687600900261316, 0.0 ], [ 120.186337311517718, -2.687611208290605, 0.0 ], [ 120.186309453218769, -2.687652743479305, 0.0 ], [ 120.186260193753014, -2.687679996534541, 0.0 ], [ 120.186258680193987, -2.687731069033589, 0.0 ] ] ] ] } },
{ "type": "Feature", "properties": { "OBJECTID": 610, "WADMPR": "Sulawesi Selatan", "WADMKK": "Kab. Luwu Utara", "WADMKC": "Kec. Sabbang Selatan", "WADMKD": "Desa Dandang", "POKTAN": "Salu karondang", "K_POKTAN": "Sandi", "P_SID": "Universitas Negeri Makassar", "NO_HP_1": "082395440718/085242982264", "NAMA_PEMIL": "Tenas", "N_PETAK": "DD13", "LUAS_HA": 0.24869829801000001, "PAKET": "Paket Sulawesi Selatan 16" }, "geometry": { "type": "MultiPolygon", "coordinates": [ [ [ [ 120.189275096268716, -2.691707437648063, 0.0 ], [ 120.188995731767704, -2.69156790963126, 0.0 ], [ 120.189210390047492, -2.691133935482696, 0.0 ], [ 120.18929638681891, -2.690982864667433, 0.0 ], [ 120.18933721424105, -2.691029853345015, 0.0 ], [ 120.18939046669675, -2.691065315411947, 0.0 ], [ 120.189454369823352, -2.6911007783782, 0.0 ], [ 120.1894969725073, -2.691125602364593, 0.0 ], [ 120.18953300024782, -2.691176352007005, 0.0 ], [ 120.189301712603992, -2.691721373542521, 0.0 ], [ 120.189275096268716, -2.691707437648063, 0.0 ] ] ] ] } },
{ "type": "Feature", "properties": { "OBJECTID": 611, "WADMPR": "Sulawesi Selatan", "WADMKK": "Kab. Luwu Utara", "WADMKC": "Kec. Sabbang Selatan", "WADMKD": "Desa Dandang", "POKTAN": "Salu karondang", "K_POKTAN": "Sandi", "P_SID": "Universitas Negeri Makassar", "NO_HP_1": "082395440718/085242982264", "NAMA_PEMIL": "Ratri", "N_PETAK": "DD14", "LUAS_HA": 0.19039507652000001, "PAKET": "Paket Sulawesi Selatan 16" }, "geometry": { "type": "MultiPolygon", "coordinates": [ [ [ [ 120.18929638681891, -2.690982864667433, 0.0 ], [ 120.189210390047492, -2.691133935482696, 0.0 ], [ 120.188820101366673, -2.690936954276992, 0.0 ], [ 120.18884754867554, -2.690743091020806, 0.0 ], [ 120.188952767556202, -2.690612929443091, 0.0 ], [ 120.189006752059981, -2.690663898520029, 0.0 ], [ 120.189044786187992, -2.690693782991616, 0.0 ], [ 120.189094203934474, -2.69070229417548, 0.0 ], [ 120.18912903557657, -2.690703301416193, 0.0 ], [ 120.189170034769404, -2.690703995692786, 0.0 ], [ 120.189194517013448, -2.690717486422841, 0.0 ], [ 120.189211873029535, -2.690735611359344, 0.0 ], [ 120.189233963076958, -2.690767922201815, 0.0 ], [ 120.189268676008624, -2.690806537291792, 0.0 ], [ 120.189284454613926, -2.690825450034424, 0.0 ], [ 120.189291554761553, -2.690852244435462, 0.0 ], [ 120.189287610334986, -2.690892435137698, 0.0 ], [ 120.189286821629594, -2.690936566669166, 0.0 ], [ 120.18929638681891, -2.690982864667433, 0.0 ] ] ] ] } },
{ "type": "Feature", "properties": { "OBJECTID": 612, "WADMPR": "Sulawesi Selatan", "WADMKK": "Kab. Luwu Utara", "WADMKC": "Kec. Sabbang Selatan", "WADMKD": "Desa Dandang", "POKTAN": "Salu karondang", "K_POKTAN": "Sandi", "P_SID": "Universitas Negeri Makassar", "NO_HP_1": "082395440718/085242982264", "NAMA_PEMIL": "Jusamsi", "N_PETAK": "DD15", "LUAS_HA": 0.39701051705000001, "PAKET": "Paket Sulawesi Selatan 16" }, "geometry": { "type": "MultiPolygon", "coordinates": [ [ [ [ 120.186417616479844, -2.693960151239935, 0.0 ], [ 120.186468108016811, -2.693963303363716, 0.0 ], [ 120.18650359436549, -2.693894166182758, 0.0 ], [ 120.186547411134143, -2.693912403534569, 0.0 ], [ 120.186586359872649, -2.693969545558048, 0.0 ], [ 120.18666376272256, -2.694108305553812, 0.0 ], [ 120.186613271185593, -2.694530703629027, 0.0 ], [ 120.186084898799095, -2.694373189171301, 0.0 ], [ 120.186090984511338, -2.694228509837785, 0.0 ], [ 120.186018813917144, -2.694156377015133, 0.0 ], [ 120.186128715567861, -2.693798118588234, 0.0 ], [ 120.18622852052988, -2.693811492406383, 0.0 ], [ 120.186308851572335, -2.693835808275878, 0.0 ], [ 120.18636849191239, -2.693891735315276, 0.0 ], [ 120.186417616479844, -2.693960151239935, 0.0 ] ] ] ] } },
{ "type": "Feature", "properties": { "OBJECTID": 613, "WADMPR": "Sulawesi Selatan", "WADMKK": "Kab. Luwu Utara", "WADMKC": "Kec. Sabbang Selatan", "WADMKD": "Desa Dandang", "POKTAN": "Salu karondang", "K_POKTAN": "Sandi", "P_SID": "Universitas Negeri Makassar", "NO_HP_1": "082395440718/085242982264", "NAMA_PEMIL": "Nurdin", "N_PETAK": "DD16", "LUAS_HA": 0.32667812276000002, "PAKET": "Paket Sulawesi Selatan 16" }, "geometry": { "type": "MultiPolygon", "coordinates": [ [ [ [ 120.186865705488003, -2.691049616846271, 0.0 ], [ 120.186568798811095, -2.691328125192797, 0.0 ], [ 120.18646021286861, -2.691338232673274, 0.0 ], [ 120.186053641062699, -2.691102610297207, 0.0 ], [ 120.186203677657659, -2.690954551311449, 0.0 ], [ 120.186444834461554, -2.690718870479429, 0.0 ], [ 120.186865705488003, -2.691049616846271, 0.0 ] ] ] ] } },
{ "type": "Feature", "properties": { "OBJECTID": 614, "WADMPR": "Sulawesi Selatan", "WADMKK": "Kab. Luwu Utara", "WADMKC": "Kec. Sabbang Selatan", "WADMKD": "Desa Dandang", "POKTAN": "Salu karondang", "K_POKTAN": "Sandi", "P_SID": "Universitas Negeri Makassar", "NO_HP_1": "082395440718/085242982264", "NAMA_PEMIL": "Lukman", "N_PETAK": "DD17", "LUAS_HA": 0.20707818526, "PAKET": "Paket Sulawesi Selatan 16" }, "geometry": { "type": "MultiPolygon", "coordinates": [ [ [ [ 120.18684345626059, -2.690548831163596, 0.0 ], [ 120.186912175256793, -2.690694039298421, 0.0 ], [ 120.18692945572991, -2.690738214896669, 0.0 ], [ 120.186959750292317, -2.690810204727143, 0.0 ], [ 120.186951820969853, -2.690899969657835, 0.0 ], [ 120.186922747686708, -2.690992374998075, 0.0 ], [ 120.186865705488003, -2.691049616846271, 0.0 ], [ 120.186444834461554, -2.690718870479429, 0.0 ], [ 120.186651928543711, -2.690455264798572, 0.0 ], [ 120.18684345626059, -2.690548831163596, 0.0 ] ] ] ] } },
{ "type": "Feature", "properties": { "OBJECTID": 615, "WADMPR": "Sulawesi Selatan", "WADMKK": "Kab. Luwu Utara", "WADMKC": "Kec. Sabbang Selatan", "WADMKD": "Desa Dandang", "POKTAN": "Salu karondang", "K_POKTAN": "Sandi", "P_SID": "Universitas Negeri Makassar", "NO_HP_1": "082395440718/085242982264", "NAMA_PEMIL": "Jasri", "N_PETAK": "DD18", "LUAS_HA": 0.07302793719, "PAKET": "Paket Sulawesi Selatan 16" }, "geometry": { "type": "MultiPolygon", "coordinates": [ [ [ [ 120.186993091757813, -2.69046205378072, 0.0 ], [ 120.186920104579258, -2.690496028368955, 0.0 ], [ 120.18684345626059, -2.690548831163596, 0.0 ], [ 120.186651928543711, -2.690455264798572, 0.0 ], [ 120.186850463777887, -2.690218689141147, 0.0 ], [ 120.186907088691214, -2.690239885262429, 0.0 ], [ 120.186965664234094, -2.690430768165356, 0.0 ], [ 120.186993091757813, -2.69046205378072, 0.0 ] ] ] ] } },
{ "type": "Feature", "properties": { "OBJECTID": 616, "WADMPR": "Sulawesi Selatan", "WADMKK": "Kab. Luwu Utara", "WADMKC": "Kec. Sabbang Selatan", "WADMKD": "Desa Dandang", "POKTAN": "Salu karondang", "K_POKTAN": "Sandi", "P_SID": "Universitas Negeri Makassar", "NO_HP_1": "082395440718/085242982264", "NAMA_PEMIL": "Muksar", "N_PETAK": "DD19", "LUAS_HA": 0.06064420072, "PAKET": "Paket Sulawesi Selatan 16" }, "geometry": { "type": "MultiPolygon", "coordinates": [ [ [ [ 120.185666620518191, -2.690919478650983, 0.0 ], [ 120.18548397900247, -2.691241679659754, 0.0 ], [ 120.185419035360269, -2.691081043655174, 0.0 ], [ 120.185412849823251, -2.691000726102573, 0.0 ], [ 120.185439408601837, -2.690944302637433, 0.0 ], [ 120.185503311728553, -2.690876923631095, 0.0 ], [ 120.185581416049558, -2.690887561711577, 0.0 ], [ 120.185642896402555, -2.690910322653224, 0.0 ], [ 120.185666620518191, -2.690919478650983, 0.0 ] ] ] ] } },
{ "type": "Feature", "properties": { "OBJECTID": 617, "WADMPR": "Sulawesi Selatan", "WADMKK": "Kab. Luwu Utara", "WADMKC": "Kec. Sabbang Selatan", "WADMKD": "Desa Dandang", "POKTAN": "Salu karondang", "K_POKTAN": "Sandi", "P_SID": "Universitas Negeri Makassar", "NO_HP_1": "082395440718/085242982264", "NAMA_PEMIL": "Hamrita", "N_PETAK": "DD20", "LUAS_HA": 0.101388699, "PAKET": "Paket Sulawesi Selatan 16" }, "geometry": { "type": "MultiPolygon", "coordinates": [ [ [ [ 120.185927166705483, -2.688516264414034, 0.0 ], [ 120.18589049505033, -2.688596902125312, 0.0 ], [ 120.185766591854758, -2.688716154926567, 0.0 ], [ 120.185733693754969, -2.688732600828814, 0.0 ], [ 120.18554296463617, -2.688717754820459, 0.0 ], [ 120.185571618835183, -2.68841322459059, 0.0 ], [ 120.185927166705483, -2.688516264414034, 0.0 ] ] ] ] } },
{ "type": "Feature", "properties": { "OBJECTID": 618, "WADMPR": "Sulawesi Selatan", "WADMKK": "Kab. Luwu Utara", "WADMKC": "Kec. Sabbang Selatan", "WADMKD": "Desa Dandang", "POKTAN": "Salu karondang", "K_POKTAN": "Sandi", "P_SID": "Universitas Negeri Makassar", "NO_HP_1": "082395440718/085242982264", "NAMA_PEMIL": "Sandi 2", "N_PETAK": "DD21", "LUAS_HA": 0.06320952577, "PAKET": "Paket Sulawesi Selatan 16" }, "geometry": { "type": "MultiPolygon", "coordinates": [ [ [ [ 120.188524036455192, -2.691636386709831, 0.0 ], [ 120.188456750079013, -2.691607492391825, 0.0 ], [ 120.188315709402559, -2.69154703007132, 0.0 ], [ 120.188311956531606, -2.691545422083493, 0.0 ], [ 120.188311744291582, -2.691545330352653, 0.0 ], [ 120.188205296037609, -2.691499593531375, 0.0 ], [ 120.188285638771276, -2.691314178506502, 0.0 ], [ 120.188488024003163, -2.69141387465055, 0.0 ], [ 120.188461686457686, -2.691493493429903, 0.0 ], [ 120.188524036455192, -2.691636386709831, 0.0 ] ] ] ] } },
{ "type": "Feature", "properties": { "OBJECTID": 619, "WADMPR": "Sulawesi Selatan", "WADMKK": "Kab. Luwu Utara", "WADMKC": "Kec. Sabbang Selatan", "WADMKD": "Desa Dandang", "POKTAN": "Salu karondang", "K_POKTAN": "Sandi", "P_SID": "Universitas Negeri Makassar", "NO_HP_1": "082395440718/085242982264", "NAMA_PEMIL": "Hasnawiah", "N_PETAK": "DD22", "LUAS_HA": 0.05199718304, "PAKET": "Paket Sulawesi Selatan 16" }, "geometry": { "type": "MultiPolygon", "coordinates": [ [ [ [ 120.188820101366673, -2.690936954276992, 0.0 ], [ 120.188635227733585, -2.691201648137508, 0.0 ], [ 120.188520172068365, -2.69118637854848, 0.0 ], [ 120.18884754867554, -2.690743091020806, 0.0 ], [ 120.188820101366673, -2.690936954276992, 0.0 ] ] ] ] } },
{ "type": "Feature", "properties": { "OBJECTID": 620, "WADMPR": "Sulawesi Selatan", "WADMKK": "Kab. Luwu Utara", "WADMKC": "Kec. Sabbang Selatan", "WADMKD": "Desa Kalotok", "POKTAN": "Teratai ll", "K_POKTAN": "Waris", "P_SID": "Universitas Negeri Makassar", "NO_HP_1": "085399798726", "NAMA_PEMIL": "Nasri", "N_PETAK": "KT01", "LUAS_HA": 0.67677442555, "PAKET": "Paket Sulawesi Selatan 16" }, "geometry": { "type": "MultiPolygon", "coordinates": [ [ [ [ 120.193520814534054, -2.721875596781331, 0.0 ], [ 120.193481262350474, -2.72208846001439, 0.0 ], [ 120.192824855282879, -2.721989505810996, 0.0 ], [ 120.192733520135903, -2.721602568903393, 0.0 ], [ 120.192631158401355, -2.721230223495979, 0.0 ], [ 120.192818223682139, -2.721231255917701, 0.0 ], [ 120.192908833975594, -2.721252829754235, 0.0 ], [ 120.193255455175176, -2.721274403590826, 0.0 ], [ 120.193266961101472, -2.721393779599225, 0.0 ], [ 120.193471194440122, -2.7215232226186, 0.0 ], [ 120.193464722019371, -2.721607361390568, 0.0 ], [ 120.193462565445088, -2.721628215769499, 0.0 ], [ 120.193493487734372, -2.721653385994898, 0.0 ], [ 120.193540230897042, -2.721746153761956, 0.0 ], [ 120.193520814534054, -2.721875596781331, 0.0 ] ] ] ] } },
{ "type": "Feature", "properties": { "OBJECTID": 621, "WADMPR": "Sulawesi Selatan", "WADMKK": "Kab. Luwu Utara", "WADMKC": "Kec. Sabbang Selatan", "WADMKD": "Desa Kalotok", "POKTAN": "Teratai ll", "K_POKTAN": "Waris", "P_SID": "Universitas Negeri Makassar", "NO_HP_1": "085399798726", "NAMA_PEMIL": "Rahming", "N_PETAK": "KT02", "LUAS_HA": 0.78132714471999998, "PAKET": "Paket Sulawesi Selatan 16" }, "geometry": { "type": "MultiPolygon", "coordinates": [ [ [ [ 120.18941739060017, -2.723029493516265, 0.0 ], [ 120.189166949195396, -2.723823376347696, 0.0 ], [ 120.188851032649154, -2.723667873673378, 0.0 ], [ 120.188350148940231, -2.723378147183723, 0.0 ], [ 120.188510562812326, -2.722993481963556, 0.0 ], [ 120.188681615664109, -2.722842889587639, 0.0 ], [ 120.18941739060017, -2.723029493516265, 0.0 ] ] ] ] } },
{ "type": "Feature", "properties": { "OBJECTID": 622, "WADMPR": "Sulawesi Selatan", "WADMKK": "Kab. Luwu Utara", "WADMKC": "Kec. Sabbang Selatan", "WADMKD": "Desa Kalotok", "POKTAN": "Teratai ll", "K_POKTAN": "Waris", "P_SID": "Universitas Negeri Makassar", "NO_HP_1": "085399798726", "NAMA_PEMIL": "Juniranga", "N_PETAK": "KT03", "LUAS_HA": 1.3033581672300001, "PAKET": "Paket Sulawesi Selatan 16" }, "geometry": { "type": "MultiPolygon", "coordinates": [ [ [ [ 120.190542376829285, -2.721053171266817, 0.0 ], [ 120.190552198325349, -2.721233227231608, 0.0 ], [ 120.190616036700817, -2.721416557628004, 0.0 ], [ 120.190735528721689, -2.721724289444353, 0.0 ], [ 120.190791182367207, -2.721826594521644, 0.0 ], [ 120.190594756942573, -2.722484616771624, 0.0 ], [ 120.18972721423961, -2.722072124728754, 0.0 ], [ 120.189936733793274, -2.721437836486928, 0.0 ], [ 120.189809057941716, -2.721352719252536, 0.0 ], [ 120.190067684076439, -2.720945137508068, 0.0 ], [ 120.190229734714535, -2.721089182819469, 0.0 ], [ 120.190396695651089, -2.72088621033032, 0.0 ], [ 120.190542376829285, -2.721053171266817, 0.0 ] ] ] ] } },
{ "type": "Feature", "properties": { "OBJECTID": 623, "WADMPR": "Sulawesi Selatan", "WADMKK": "Kab. Luwu Utara", "WADMKC": "Kec. Sabbang Selatan", "WADMKD": "Desa Kalotok", "POKTAN": "Teratai ll", "K_POKTAN": "Waris", "P_SID": "Universitas Negeri Makassar", "NO_HP_1": "085399798726", "NAMA_PEMIL": "Waris Japin", "N_PETAK": "KT04", "LUAS_HA": 0.31797658245, "PAKET": "Paket Sulawesi Selatan 16" }, "geometry": { "type": "MultiPolygon", "coordinates": [ [ [ [ 120.19542340766418, -2.723793355179168, 0.0 ], [ 120.195421933675334, -2.723797349967697, 0.0 ], [ 120.194946373076732, -2.723794085428665, 0.0 ], [ 120.194881989712144, -2.723645675707303, 0.0 ], [ 120.195150437342818, -2.723163344113004, 0.0 ], [ 120.19549963689883, -2.723409966096995, 0.0 ], [ 120.195476720374359, -2.723464527965518, 0.0 ], [ 120.195440708821707, -2.723626033614494, 0.0 ], [ 120.195427613793413, -2.723687143446853, 0.0 ], [ 120.19542340766418, -2.723793355179168, 0.0 ] ] ] ] } },
{ "type": "Feature", "properties": { "OBJECTID": 624, "WADMPR": "Sulawesi Selatan", "WADMKK": "Kab. Luwu Utara", "WADMKC": "Kec. Sabbang Selatan", "WADMKD": "Desa Kalotok", "POKTAN": "Teratai ll", "K_POKTAN": "Waris", "P_SID": "Universitas Negeri Makassar", "NO_HP_1": "085399798726", "NAMA_PEMIL": "Yuliana Patinngi", "N_PETAK": "KT05", "LUAS_HA": 1.06909470817, "PAKET": "Paket Sulawesi Selatan 16" }, "geometry": { "type": "MultiPolygon", "coordinates": [ [ [ [ 120.202287694521601, -2.727986365078664, 0.0 ], [ 120.202530497084808, -2.727548774756087, 0.0 ], [ 120.202554078208209, -2.727673953190333, 0.0 ], [ 120.203299827525029, -2.728006008070793, 0.0 ], [ 120.203639075183219, -2.728170316906528, 0.0 ], [ 120.203370628451808, -2.728390748833931, 0.0 ], [ 120.203078173419044, -2.728770503755698, 0.0 ], [ 120.202665681376175, -2.728584991604009, 0.0 ], [ 120.202334072559438, -2.728492704974315, 0.0 ], [ 120.202287694521601, -2.727986365078664, 0.0 ] ] ] ] } },
{ "type": "Feature", "properties": { "OBJECTID": 625, "WADMPR": "Sulawesi Selatan", "WADMKK": "Kab. Luwu Utara", "WADMKC": "Kec. Sabbang Selatan", "WADMKD": "Desa Kalotok", "POKTAN": "Teratai ll", "K_POKTAN": "Waris", "P_SID": "Universitas Negeri Makassar", "NO_HP_1": "085399798726", "NAMA_PEMIL": "Marta Lembang", "N_PETAK": "KT06", "LUAS_HA": 0.8500970018, "PAKET": "Paket Sulawesi Selatan 16" }, "geometry": { "type": "MultiPolygon", "coordinates": [ [ [ [ 120.20441617846393, -2.7248461015663, 0.0 ], [ 120.204378531044426, -2.72515055985042, 0.0 ], [ 120.204367072782247, -2.725463202864489, 0.0 ], [ 120.204340600338469, -2.725440488687582, 0.0 ], [ 120.2038890093703, -2.725460969847859, 0.0 ], [ 120.203747409315497, -2.725467391906591, 0.0 ], [ 120.203149238746391, -2.725476296993463, 0.0 ], [ 120.203173792036978, -2.724885385751918, 0.0 ], [ 120.203340817724666, -2.724884930694941, 0.0 ], [ 120.20333788413609, -2.724952424814489, 0.0 ], [ 120.203816144499569, -2.724938524892934, 0.0 ], [ 120.203839999916113, -2.724870653957453, 0.0 ], [ 120.20441617846393, -2.7248461015663, 0.0 ] ] ] ] } },
{ "type": "Feature", "properties": { "OBJECTID": 626, "WADMPR": "Sulawesi Selatan", "WADMKK": "Kab. Luwu Utara", "WADMKC": "Kec. Sabbang Selatan", "WADMKD": "Desa Kalotok", "POKTAN": "Teratai ll", "K_POKTAN": "Waris", "P_SID": "Universitas Negeri Makassar", "NO_HP_1": "085399798726", "NAMA_PEMIL": "Alusius Patinggi", "N_PETAK": "KT07", "LUAS_HA": 1.1315763533500001, "PAKET": "Paket Sulawesi Selatan 16" }, "geometry": { "type": "MultiPolygon", "coordinates": [ [ [ [ 120.207116864151999, -2.729511479471171, 0.0 ], [ 120.206853326819669, -2.730039370720363, 0.0 ], [ 120.205497996335566, -2.72974473393225, 0.0 ], [ 120.205529096690498, -2.729573680181147, 0.0 ], [ 120.206002152677229, -2.729041697016669, 0.0 ], [ 120.206178935109847, -2.729149730775418, 0.0 ], [ 120.207116864151999, -2.729511479471171, 0.0 ] ] ] ] } },
{ "type": "Feature", "properties": { "OBJECTID": 627, "WADMPR": "Sulawesi Selatan", "WADMKK": "Kab. Luwu Utara", "WADMKC": "Kec. Sabbang Selatan", "WADMKD": "Desa Kalotok", "POKTAN": "Teratai ll", "K_POKTAN": "Waris", "P_SID": "Universitas Negeri Makassar", "NO_HP_1": "085399798726", "NAMA_PEMIL": "Pransiskus Lomo", "N_PETAK": "KT08", "LUAS_HA": 1.41623501498, "PAKET": "Paket Sulawesi Selatan 16" }, "geometry": { "type": "MultiPolygon", "coordinates": [ [ [ [ 120.205439886641557, -2.727233497627765, 0.0 ], [ 120.205206359685803, -2.727929714085008, 0.0 ], [ 120.20501429957028, -2.727785669672869, 0.0 ], [ 120.204732757810575, -2.72824181121058, 0.0 ], [ 120.203977613276265, -2.727608887240308, 0.0 ], [ 120.204189315484541, -2.727501944359176, 0.0 ], [ 120.204479587862807, -2.726755530443313, 0.0 ], [ 120.204944460018851, -2.726951954968683, 0.0 ], [ 120.205439886641557, -2.727233497627765, 0.0 ] ] ] ] } },
{ "type": "Feature", "properties": { "OBJECTID": 628, "WADMPR": "Sulawesi Selatan", "WADMKK": "Kab. Luwu Utara", "WADMKC": "Kec. Sabbang Selatan", "WADMKD": "Desa Kalotok", "POKTAN": "Teratai ll", "K_POKTAN": "Waris", "P_SID": "Universitas Negeri Makassar", "NO_HP_1": "085399798726", "NAMA_PEMIL": "Lopabanne", "N_PETAK": "KT09", "LUAS_HA": 0.63582101417000003, "PAKET": "Paket Sulawesi Selatan 16" }, "geometry": { "type": "MultiPolygon", "coordinates": [ [ [ [ 120.197510872628754, -2.732976194995331, 0.0 ], [ 120.197413751243744, -2.733407238253392, 0.0 ], [ 120.196350874893028, -2.733376682887581, 0.0 ], [ 120.196525474671034, -2.732822328187865, 0.0 ], [ 120.197510872628754, -2.732976194995331, 0.0 ] ] ] ] } },
{ "type": "Feature", "properties": { "OBJECTID": 629, "WADMPR": "Sulawesi Selatan", "WADMKK": "Kab. Luwu Utara", "WADMKC": "Kec. Sabbang Selatan", "WADMKD": "Desa Kalotok", "POKTAN": "Teratai ll", "K_POKTAN": "Waris", "P_SID": "Universitas Negeri Makassar", "NO_HP_1": "085399798726", "NAMA_PEMIL": "Damaris Pare", "N_PETAK": "KT10", "LUAS_HA": 2.0998920712500002, "PAKET": "Paket Sulawesi Selatan 16" }, "geometry": { "type": "MultiPolygon", "coordinates": [ [ [ [ 120.202530497084808, -2.727548774756087, 0.0 ], [ 120.202287694521601, -2.727986365078664, 0.0 ], [ 120.201417282081934, -2.727904704838238, 0.0 ], [ 120.201371974237304, -2.727910266245772, 0.0 ], [ 120.20134571583219, -2.727737278052871, 0.0 ], [ 120.201279135423874, -2.727194175670604, 0.0 ], [ 120.201153516321824, -2.726548047854067, 0.0 ], [ 120.201164268616139, -2.726549087470346, 0.0 ], [ 120.202588320794462, -2.726686806051191, 0.0 ], [ 120.202731366059766, -2.726700639422916, 0.0 ], [ 120.202648697679365, -2.727081072433521, 0.0 ], [ 120.202606757795706, -2.727246771621139, 0.0 ], [ 120.202530497084808, -2.727548774756087, 0.0 ] ] ] ] } },
{ "type": "Feature", "properties": { "OBJECTID": 735, "WADMPR": "Sulawesi Selatan", "WADMKK": "Kab. Luwu Utara", "WADMKC": "Kec. Baebunta Selatan", "WADMKD": "Desa Lembang-Lembang", "POKTAN": "Kaluku Belawan II", "K_POKTAN": "Tamrin", "P_SID": "Universitas Negeri Makassar", "NO_HP_1": "‪082260678457", "NAMA_PEMIL": "Tamrin", "N_PETAK": "LL01", "LUAS_HA": 0.95001252847999995, "PAKET": "Paket Sulawesi Selatan 16" }, "geometry": { "type": "MultiPolygon", "coordinates": [ [ [ [ 120.277949535142966, -2.733816105129108, 0.0 ], [ 120.278022920721241, -2.733821644053592, 0.0 ], [ 120.278189113636699, -2.733820322050178, 0.0 ], [ 120.278267033596762, -2.733944851173874, 0.0 ], [ 120.278351186757959, -2.734172118848164, 0.0 ], [ 120.278428306321302, -2.734390888828386, 0.0 ], [ 120.277397106791113, -2.734399924317017, 0.0 ], [ 120.277397447634144, -2.734462321978526, 0.0 ], [ 120.277098664971504, -2.734321014203374, 0.0 ], [ 120.277073180882667, -2.734292931073867, 0.0 ], [ 120.277010070958113, -2.734159944725604, 0.0 ], [ 120.277013041418741, -2.734111988377492, 0.0 ], [ 120.277028484576931, -2.733862625259917, 0.0 ], [ 120.277034127822844, -2.733771509547466, 0.0 ], [ 120.277068909102923, -2.733749638934626, 0.0 ], [ 120.277142293781935, -2.733755177859109, 0.0 ], [ 120.277215679360211, -2.733760716783593, 0.0 ], [ 120.277289064938486, -2.733766255708076, 0.0 ], [ 120.277362450516762, -2.73377179463256, 0.0 ], [ 120.277435836095037, -2.733777333557043, 0.0 ], [ 120.277509220773936, -2.733782871582207, 0.0 ], [ 120.277582608150851, -2.73378841140601, 0.0 ], [ 120.277655992829864, -2.733793949431174, 0.0 ], [ 120.277729378408139, -2.733799488355658, 0.0 ], [ 120.277802763087152, -2.733805027280141, 0.0 ], [ 120.277876150464067, -2.733810566204625, 0.0 ], [ 120.277949535142966, -2.733816105129108, 0.0 ] ] ] ] } },
{ "type": "Feature", "properties": { "OBJECTID": 736, "WADMPR": "Sulawesi Selatan", "WADMKK": "Kab. Luwu Utara", "WADMKC": "Kec. Baebunta Selatan", "WADMKD": "Desa Lembang-Lembang", "POKTAN": "Kaluku Belawan II", "K_POKTAN": "Tamrin", "P_SID": "Universitas Negeri Makassar", "NO_HP_1": "‪082260678457", "NAMA_PEMIL": "Amri", "N_PETAK": "LL02", "LUAS_HA": 0.53283694633000001, "PAKET": "Paket Sulawesi Selatan 16" }, "geometry": { "type": "MultiPolygon", "coordinates": [ [ [ [ 120.264272615788627, -2.741323230082969, 0.0 ], [ 120.2642539143867, -2.741609647067492, 0.0 ], [ 120.263194203649618, -2.741569174877498, 0.0 ], [ 120.263240955805486, -2.741335682995327, 0.0 ], [ 120.263113166639414, -2.741298324258196, 0.0 ], [ 120.263131868041341, -2.741055492017267, 0.0 ], [ 120.264272615788627, -2.741323230082969, 0.0 ] ] ] ] } },
{ "type": "Feature", "properties": { "OBJECTID": 737, "WADMPR": "Sulawesi Selatan", "WADMKK": "Kab. Luwu Utara", "WADMKC": "Kec. Baebunta Selatan", "WADMKD": "Desa Lembang-Lembang", "POKTAN": "Kaluku Belawan II", "K_POKTAN": "Tamrin", "P_SID": "Universitas Negeri Makassar", "NO_HP_1": "‪082260678457", "NAMA_PEMIL": "Afdal1", "N_PETAK": "LL03", "LUAS_HA": 1.30763209524, "PAKET": "Paket Sulawesi Selatan 16" }, "geometry": { "type": "MultiPolygon", "coordinates": [ [ [ [ 120.265409501847103, -2.728398620599819, 0.0 ], [ 120.265681407371062, -2.729657899892118, 0.0 ], [ 120.265276224118566, -2.72959563443095, 0.0 ], [ 120.264814938458699, -2.72959563443095, 0.0 ], [ 120.264746368750025, -2.729520916057368, 0.0 ], [ 120.264621651667994, -2.729040293174933, 0.0 ], [ 120.264470141983566, -2.72856811942313, 0.0 ], [ 120.264609229332564, -2.72856203191219, 0.0 ], [ 120.264852339463914, -2.728456180808053, 0.0 ], [ 120.265409501847103, -2.728398620599819, 0.0 ] ] ] ] } },
{ "type": "Feature", "properties": { "OBJECTID": 738, "WADMPR": "Sulawesi Selatan", "WADMKK": "Kab. Luwu Utara", "WADMKC": "Kec. Baebunta Selatan", "WADMKD": "Desa Lembang-Lembang", "POKTAN": "Kaluku Belawan II", "K_POKTAN": "Tamrin", "P_SID": "Universitas Negeri Makassar", "NO_HP_1": "‪082260678457", "NAMA_PEMIL": "Afdal2", "N_PETAK": "LL04", "LUAS_HA": 0.82358958274000005, "PAKET": "Paket Sulawesi Selatan 16" }, "geometry": { "type": "MultiPolygon", "coordinates": [ [ [ [ 120.266013139394886, -2.73071161305046, 0.0 ], [ 120.265421698452656, -2.730788761392205, 0.0 ], [ 120.265157189852516, -2.729862974996252, 0.0 ], [ 120.26543374307289, -2.729754608488349, 0.0 ], [ 120.265908394456915, -2.729833383703635, 0.0 ], [ 120.265997359890321, -2.730238888913561, 0.0 ], [ 120.266013139394886, -2.73071161305046, 0.0 ] ] ] ] } },
{ "type": "Feature", "properties": { "OBJECTID": 739, "WADMPR": "Sulawesi Selatan", "WADMKK": "Kab. Luwu Utara", "WADMKC": "Kec. Baebunta Selatan", "WADMKD": "Desa Lembang-Lembang", "POKTAN": "Kaluku Belawan II", "K_POKTAN": "Tamrin", "P_SID": "Universitas Negeri Makassar", "NO_HP_1": "‪082260678457", "NAMA_PEMIL": "Kanna", "N_PETAK": "LL05", "LUAS_HA": 0.75433698365000001, "PAKET": "Paket Sulawesi Selatan 16" }, "geometry": { "type": "MultiPolygon", "coordinates": [ [ [ [ 120.268678207433368, -2.716577464878071, 0.0 ], [ 120.268661065455831, -2.717489659819876, 0.0 ], [ 120.267994070669943, -2.717483432914037, 0.0 ], [ 120.268009655021615, -2.716558785059817, 0.0 ], [ 120.268678207433368, -2.716577464878071, 0.0 ] ] ] ] } },
{ "type": "Feature", "properties": { "OBJECTID": 740, "WADMPR": "Sulawesi Selatan", "WADMKK": "Kab. Luwu Utara", "WADMKC": "Kec. Baebunta Selatan", "WADMKD": "Desa Lembang-Lembang", "POKTAN": "Kaluku Belawan II", "K_POKTAN": "Tamrin", "P_SID": "Universitas Negeri Makassar", "NO_HP_1": "‪082260678457", "NAMA_PEMIL": "Maddukallang", "N_PETAK": "LL06", "LUAS_HA": 0.48566836855000001, "PAKET": "Paket Sulawesi Selatan 16" }, "geometry": { "type": "MultiPolygon", "coordinates": [ [ [ [ 120.267889121585767, -2.722862697155676, 0.0 ], [ 120.267817169526779, -2.722866617300497, 0.0 ], [ 120.26780394589548, -2.722386857767219, 0.0 ], [ 120.268633013802628, -2.722368177949022, 0.0 ], [ 120.268680595133446, -2.722819580059536, 0.0 ], [ 120.268608643973835, -2.722823500204299, 0.0 ], [ 120.268536690116207, -2.7228274194498, 0.0 ], [ 120.268464738057332, -2.72283133959462, 0.0 ], [ 120.268392785998344, -2.722835258840064, 0.0 ], [ 120.268320833939356, -2.722839178984884, 0.0 ], [ 120.268248881880481, -2.722843099129648, 0.0 ], [ 120.26817693072087, -2.722847018375148, 0.0 ], [ 120.268104977762619, -2.722850938519969, 0.0 ], [ 120.26803302570363, -2.722854857765412, 0.0 ], [ 120.267961073644642, -2.722858777910233, 0.0 ], [ 120.267889121585767, -2.722862697155676, 0.0 ] ] ] ] } },
{ "type": "Feature", "properties": { "OBJECTID": 741, "WADMPR": "Sulawesi Selatan", "WADMKK": "Kab. Luwu Utara", "WADMKC": "Kec. Baebunta Selatan", "WADMKD": "Desa Lembang-Lembang", "POKTAN": "Kaluku Belawan II", "K_POKTAN": "Tamrin", "P_SID": "Universitas Negeri Makassar", "NO_HP_1": "‪082260678457", "NAMA_PEMIL": "Jumaini", "N_PETAK": "LL07", "LUAS_HA": 2.5144375109200001, "PAKET": "Paket Sulawesi Selatan 16" }, "geometry": { "type": "MultiPolygon", "coordinates": [ [ [ [ 120.280656503494924, -2.727158432115914, 0.0 ], [ 120.280672131014057, -2.727473839645938, 0.0 ], [ 120.280681802323329, -2.727645415903169, 0.0 ], [ 120.278546170569371, -2.72768978665431, 0.0 ], [ 120.278545262254056, -2.727616783287885, 0.0 ], [ 120.278544355737495, -2.727543779022142, 0.0 ], [ 120.278543448321557, -2.727470776555037, 0.0 ], [ 120.278542541804882, -2.727397772289294, 0.0 ], [ 120.27854163528832, -2.727324768922927, 0.0 ], [ 120.278540728771645, -2.727251764657183, 0.0 ], [ 120.278539821355707, -2.727178762190078, 0.0 ], [ 120.278538914839146, -2.727105757924335, 0.0 ], [ 120.278538007423208, -2.727032754557911, 0.0 ], [ 120.278537099107893, -2.726959750292167, 0.0 ], [ 120.278536192591332, -2.7268867469258, 0.0 ], [ 120.278535286074657, -2.726813743559376, 0.0 ], [ 120.278534378658719, -2.726740740192952, 0.0 ], [ 120.278607727364829, -2.726737118623078, 0.0 ], [ 120.278681076070825, -2.726733496153884, 0.0 ], [ 120.278754424776935, -2.726729874584009, 0.0 ], [ 120.278827773483044, -2.726726253014135, 0.0 ], [ 120.278901122189154, -2.726722631444261, 0.0 ], [ 120.27897447089515, -2.72671900897501, 0.0 ], [ 120.27904781960126, -2.726715387405136, 0.0 ], [ 120.27912116830737, -2.726711765835262, 0.0 ], [ 120.279194517912742, -2.726708144265388, 0.0 ], [ 120.279267865719476, -2.726704521796194, 0.0 ], [ 120.279341213526209, -2.726700900226319, 0.0 ], [ 120.279414563131695, -2.726697278656445, 0.0 ], [ 120.279487911837691, -2.726693656187251, 0.0 ], [ 120.279561260543801, -2.726690034617377, 0.0 ], [ 120.279634609249911, -2.726686413047503, 0.0 ], [ 120.279707957955907, -2.726682791477572, 0.0 ], [ 120.279781306662017, -2.726679169008378, 0.0 ], [ 120.279854655368126, -2.726675547438504, 0.0 ], [ 120.279928004973499, -2.726671925868629, 0.0 ], [ 120.280001352780232, -2.726668304298755, 0.0 ], [ 120.280074701486342, -2.726664681829561, 0.0 ], [ 120.280148051091714, -2.726661060259687, 0.0 ], [ 120.280221398898448, -2.726657438689813, 0.0 ], [ 120.280294748503934, -2.726653816220619, 0.0 ], [ 120.280368095411291, -2.726650194650688, 0.0 ], [ 120.2804414441174, -2.726646573080814, 0.0 ], [ 120.280529811501651, -2.726653371056159, 0.0 ], [ 120.280656503494924, -2.727158432115914, 0.0 ] ] ] ] } },
{ "type": "Feature", "properties": { "OBJECTID": 742, "WADMPR": "Sulawesi Selatan", "WADMKK": "Kab. Luwu Utara", "WADMKC": "Kec. Baebunta Selatan", "WADMKD": "Desa Lembang-Lembang", "POKTAN": "Kaluku Belawan II", "K_POKTAN": "Tamrin", "P_SID": "Universitas Negeri Makassar", "NO_HP_1": "‪082260678457", "NAMA_PEMIL": "Kasmial Saka", "N_PETAK": "LL08", "LUAS_HA": 1.1961969477900001, "PAKET": "Paket Sulawesi Selatan 16" }, "geometry": { "type": "MultiPolygon", "coordinates": [ [ [ [ 120.268778068153438, -2.733237573954852, 0.0 ], [ 120.268387504279985, -2.733912017825332, 0.0 ], [ 120.267955378238184, -2.733585727599177, 0.0 ], [ 120.267816914119408, -2.733486017965333, 0.0 ], [ 120.267636164777286, -2.733290471178236, 0.0 ], [ 120.267648081693665, -2.733234979410724, 0.0 ], [ 120.267252220813361, -2.732903657477777, 0.0 ], [ 120.267541833988503, -2.732663965669417, 0.0 ], [ 120.267712291489147, -2.732531722161184, 0.0 ], [ 120.267745390137748, -2.73254990555364, 0.0 ], [ 120.268778068153438, -2.733237573954852, 0.0 ] ] ] ] } },
{ "type": "Feature", "properties": { "OBJECTID": 743, "WADMPR": "Sulawesi Selatan", "WADMKK": "Kab. Luwu Utara", "WADMKC": "Kec. Baebunta Selatan", "WADMKD": "Desa Lembang-Lembang", "POKTAN": "Kaluku Belawan II", "K_POKTAN": "Tamrin", "P_SID": "Universitas Negeri Makassar", "NO_HP_1": "‪082260678457", "NAMA_PEMIL": "Suardi", "N_PETAK": "LL09", "LUAS_HA": 5.4147485673800002, "PAKET": "Paket Sulawesi Selatan 16" }, "geometry": { "type": "MultiPolygon", "coordinates": [ [ [ [ 120.268387504279985, -2.733912017825332, 0.0 ], [ 120.268778068153438, -2.733237573954852, 0.0 ], [ 120.268951703858079, -2.733392409332168, 0.0 ], [ 120.269667281819693, -2.733577718237086, 0.0 ], [ 120.269683183632083, -2.733810678619875, 0.0 ], [ 120.270647207402817, -2.734091732947093, 0.0 ], [ 120.270653321893406, -2.734164719226385, 0.0 ], [ 120.270659436383994, -2.734237704606358, 0.0 ], [ 120.270665549975206, -2.73431069088565, 0.0 ], [ 120.270671664465794, -2.734383676265622, 0.0 ], [ 120.270677778956383, -2.734456662544915, 0.0 ], [ 120.270683893446972, -2.734529648824207, 0.0 ], [ 120.270690007038297, -2.73460263420418, 0.0 ], [ 120.270696121528886, -2.734675620483472, 0.0 ], [ 120.270702236019474, -2.734748605863444, 0.0 ], [ 120.270708349610686, -2.734821592142737, 0.0 ], [ 120.270714464101275, -2.734894579321349, 0.0 ], [ 120.270643038145749, -2.734898628069175, 0.0 ], [ 120.270571612190224, -2.734902677716377, 0.0 ], [ 120.270500187133962, -2.734906726464203, 0.0 ], [ 120.270428761178437, -2.734910776111406, 0.0 ], [ 120.270357335222911, -2.734914824859231, 0.0 ], [ 120.270285910166649, -2.734918874506434, 0.0 ], [ 120.270214483311861, -2.73492292325426, 0.0 ], [ 120.270143059154861, -2.734926972901405, 0.0 ], [ 120.270071632300073, -2.734931021649288, 0.0 ], [ 120.270000207243811, -2.734935071296434, 0.0 ], [ 120.269928780388909, -2.734939120044316, 0.0 ], [ 120.269857355332761, -2.734943169691462, 0.0 ], [ 120.269785929377235, -2.734947218439345, 0.0 ], [ 120.269714504320973, -2.734951267187171, 0.0 ], [ 120.269643077466071, -2.734955316834373, 0.0 ], [ 120.269571652409923, -2.734959365582199, 0.0 ], [ 120.269500225555021, -2.734963415229402, 0.0 ], [ 120.269498624761809, -2.735035341208004, 0.0 ], [ 120.269497023069221, -2.735107267186606, 0.0 ], [ 120.269495422276009, -2.735179192265889, 0.0 ], [ 120.269493821482683, -2.735251117345115, 0.0 ], [ 120.269492219790209, -2.735323043323717, 0.0 ], [ 120.269490617198244, -2.73539496930232, 0.0 ], [ 120.269489015505769, -2.735466895280922, 0.0 ], [ 120.269487413813181, -2.735538820360205, 0.0 ], [ 120.269485813019969, -2.735610745439487, 0.0 ], [ 120.269484211327381, -2.735682672317409, 0.0 ], [ 120.269482610534055, -2.735754598296012, 0.0 ], [ 120.269481008841581, -2.735826522475975, 0.0 ], [ 120.269479408048255, -2.735898449353897, 0.0 ], [ 120.269477806355781, -2.73597037353386, 0.0 ], [ 120.269476204663192, -2.736042299512462, 0.0 ], [ 120.269474602970604, -2.736114225491065, 0.0 ], [ 120.269473001278016, -2.736186150570347, 0.0 ], [ 120.269471399585541, -2.736258077448269, 0.0 ], [ 120.268332861472459, -2.736234254407293, 0.0 ], [ 120.268299792501466, -2.73549894262203, 0.0 ], [ 120.268387504279985, -2.733912017825332, 0.0 ] ] ] ] } },
{ "type": "Feature", "properties": { "OBJECTID": 744, "WADMPR": "Sulawesi Selatan", "WADMKK": "Kab. Luwu Utara", "WADMKC": "Kec. Baebunta Selatan", "WADMKD": "Desa Lembang-Lembang", "POKTAN": "Kaluku Belawan II", "K_POKTAN": "Tamrin", "P_SID": "Universitas Negeri Makassar", "NO_HP_1": "‪082260678457", "NAMA_PEMIL": "Tamrin 2", "N_PETAK": "LL10", "LUAS_HA": 0.24758869999, "PAKET": "Paket Sulawesi Selatan 16" }, "geometry": { "type": "MultiPolygon", "coordinates": [ [ [ [ 120.272314992043334, -2.732777999704865, 0.0 ], [ 120.271409419709016, -2.732858176963248, 0.0 ], [ 120.271401002954008, -2.732637952779271, 0.0 ], [ 120.272292451435533, -2.732552849034732, 0.0 ], [ 120.272314992043334, -2.732777999704865, 0.0 ] ] ] ] } },
{ "type": "Feature", "properties": { "OBJECTID": 745, "WADMPR": "Sulawesi Selatan", "WADMKK": "Kab. Luwu Utara", "WADMKC": "Kec. Baebunta Selatan", "WADMKD": "Desa Lembang-Lembang", "POKTAN": "Kaluku Belawan II", "K_POKTAN": "Tamrin", "P_SID": "Universitas Negeri Makassar", "NO_HP_1": "‪082260678457", "NAMA_PEMIL": "Alias", "N_PETAK": "LL11", "LUAS_HA": 0.31596610863000002, "PAKET": "Paket Sulawesi Selatan 16" }, "geometry": { "type": "MultiPolygon", "coordinates": [ [ [ [ 120.271409419709016, -2.732858176963248, 0.0 ], [ 120.272314992043334, -2.732777999704865, 0.0 ], [ 120.27232443402545, -2.732881938850369, 0.0 ], [ 120.272330865077379, -2.732955768693728, 0.0 ], [ 120.272337295230045, -2.733029597637767, 0.0 ], [ 120.272343725382711, -2.733103426581806, 0.0 ], [ 120.272350156434641, -2.733177256425222, 0.0 ], [ 120.272286069846359, -2.733177645831631, 0.0 ], [ 120.272221984157341, -2.733178035238097, 0.0 ], [ 120.272157897568945, -2.733178424644507, 0.0 ], [ 120.272093811879927, -2.733178814050973, 0.0 ], [ 120.272093725545005, -2.733126842229922, 0.0 ], [ 120.272093638310821, -2.733074868610231, 0.0 ], [ 120.272018866877261, -2.733073499842078, 0.0 ], [ 120.271944098141716, -2.733072131073925, 0.0 ], [ 120.271685750796792, -2.73306717850744, 0.0 ], [ 120.271495478533552, -2.733063922062286, 0.0 ], [ 120.271420708898631, -2.733062553294133, 0.0 ], [ 120.271409419709016, -2.732858176963248, 0.0 ] ] ] ] } },
{ "type": "Feature", "properties": { "OBJECTID": 746, "WADMPR": "Sulawesi Selatan", "WADMKK": "Kab. Luwu Utara", "WADMKC": "Kec. Baebunta Selatan", "WADMKD": "Desa Lembang-Lembang", "POKTAN": "Kaluku Belawan II", "K_POKTAN": "Tamrin", "P_SID": "Universitas Negeri Makassar", "NO_HP_1": "‪082260678457", "NAMA_PEMIL": "Hj. Suarni", "N_PETAK": "LL12", "LUAS_HA": 0.52684610708000001, "PAKET": "Paket Sulawesi Selatan 16" }, "geometry": { "type": "MultiPolygon", "coordinates": [ [ [ [ 120.272665536085697, -2.73047148507095, 0.0 ], [ 120.272245298182042, -2.73051979215461, 0.0 ], [ 120.272253059331319, -2.730446267181435, 0.0 ], [ 120.272260821379859, -2.73037274220826, 0.0 ], [ 120.272268583428399, -2.730299217235029, 0.0 ], [ 120.272276344577676, -2.730225691362534, 0.0 ], [ 120.272284105726953, -2.730152166389303, 0.0 ], [ 120.27229186867487, -2.730078640516808, 0.0 ], [ 120.272299629824147, -2.730005114644257, 0.0 ], [ 120.273180426735394, -2.729983032690768, 0.0 ], [ 120.273182255956385, -2.730053951428658, 0.0 ], [ 120.27318408517749, -2.730124871065925, 0.0 ], [ 120.273185914398482, -2.730195791602455, 0.0 ], [ 120.273187742720211, -2.730266710340345, 0.0 ], [ 120.273189571941202, -2.730337629977612, 0.0 ], [ 120.273191401162308, -2.730408550514142, 0.0 ], [ 120.272665536085697, -2.73047148507095, 0.0 ] ] ] ] } },
{ "type": "Feature", "properties": { "OBJECTID": 747, "WADMPR": "Sulawesi Selatan", "WADMKK": "Kab. Luwu Utara", "WADMKC": "Kec. Baebunta Selatan", "WADMKD": "Desa Lembang-Lembang", "POKTAN": "Kaluku Belawan II", "K_POKTAN": "Tamrin", "P_SID": "Universitas Negeri Makassar", "NO_HP_1": "‪082260678457", "NAMA_PEMIL": "Hariani", "N_PETAK": "LL13", "LUAS_HA": 1.01956840238, "PAKET": "Paket Sulawesi Selatan 16" }, "geometry": { "type": "MultiPolygon", "coordinates": [ [ [ [ 120.273152435336669, -2.729058370447376, 0.0 ], [ 120.272082811372684, -2.729076694134108, 0.0 ], [ 120.272078739242488, -2.729009078606055, 0.0 ], [ 120.272074668011555, -2.728941462178682, 0.0 ], [ 120.27207059588136, -2.728873846650629, 0.0 ], [ 120.272066523751164, -2.728806230223313, 0.0 ], [ 120.272062452520231, -2.72873861469526, 0.0 ], [ 120.272058380390035, -2.728670999167207, 0.0 ], [ 120.272054308259726, -2.728603383639211, 0.0 ], [ 120.272050237028907, -2.728535769010477, 0.0 ], [ 120.272046164898597, -2.728468152583105, 0.0 ], [ 120.272039266199272, -2.728328283723272, 0.0 ], [ 120.273146661689111, -2.728274858597786, 0.0 ], [ 120.273133732136102, -2.728558142344355, 0.0 ], [ 120.273136404021898, -2.728629603373463, 0.0 ], [ 120.273139075907693, -2.728701064402571, 0.0 ], [ 120.273141747793488, -2.72877252543168, 0.0 ], [ 120.273144419679284, -2.728843986460731, 0.0 ], [ 120.273147091565079, -2.728915448389159, 0.0 ], [ 120.273149763450874, -2.728986909418268, 0.0 ], [ 120.273152435336669, -2.729058370447376, 0.0 ] ] ] ] } },
{ "type": "Feature", "properties": { "OBJECTID": 748, "WADMPR": "Sulawesi Selatan", "WADMKK": "Kab. Luwu Utara", "WADMKC": "Kec. Baebunta Selatan", "WADMKD": "Desa Lembang-Lembang", "POKTAN": "Kaluku Belawan II", "K_POKTAN": "Tamrin", "P_SID": "Universitas Negeri Makassar", "NO_HP_1": "‪082260678457", "NAMA_PEMIL": "Becce", "N_PETAK": "LL14", "LUAS_HA": 7.3678380722299996, "PAKET": "Paket Sulawesi Selatan 16" }, "geometry": { "type": "MultiPolygon", "coordinates": [ [ [ [ 120.280687790009551, -2.728329015771408, 0.0 ], [ 120.280686919465779, -2.728328933933085, 0.0 ], [ 120.280689255904463, -2.728523159616088, 0.0 ], [ 120.280698789617531, -2.729785261880295, 0.0 ], [ 120.280416468145518, -2.729779617735119, 0.0 ], [ 120.279847928439153, -2.72976299556575, 0.0 ], [ 120.279264370054648, -2.729751238728625, 0.0 ], [ 120.278931390671232, -2.729721041292976, 0.0 ], [ 120.278939806526864, -2.728520331248262, 0.0 ], [ 120.278451668010121, -2.728534357974183, 0.0 ], [ 120.278457681776672, -2.729747165699109, 0.0 ], [ 120.277884911659385, -2.729743163715966, 0.0 ], [ 120.276866618299891, -2.729746289759419, 0.0 ], [ 120.276824887958242, -2.728814109183759, 0.0 ], [ 120.276802094640971, -2.72831273174711, 0.0 ], [ 120.277868145598518, -2.72833236934332, 0.0 ], [ 120.277865339713685, -2.727964862288502, 0.0 ], [ 120.280684763790873, -2.727928392081594, 0.0 ], [ 120.280687790009551, -2.728329015771408, 0.0 ] ] ] ] } },
{ "type": "Feature", "properties": { "OBJECTID": 749, "WADMPR": "Sulawesi Selatan", "WADMKK": "Kab. Luwu Utara", "WADMKC": "Kec. Baebunta Selatan", "WADMKD": "Desa Lembang-Lembang", "POKTAN": "Kaluku Belawan II", "K_POKTAN": "Tamrin", "P_SID": "Universitas Negeri Makassar", "NO_HP_1": "‪082260678457", "NAMA_PEMIL": "Sukurman", "N_PETAK": "LL15", "LUAS_HA": 0.7461460104, "PAKET": "Paket Sulawesi Selatan 16" }, "geometry": { "type": "MultiPolygon", "coordinates": [ [ [ [ 120.276802094640971, -2.72831273174711, 0.0 ], [ 120.276089523113114, -2.728329564357864, 0.0 ], [ 120.276066379060239, -2.727471112901469, 0.0 ], [ 120.276769350325367, -2.727452658813093, 0.0 ], [ 120.276776871355537, -2.727760717982676, 0.0 ], [ 120.276802094640971, -2.72831273174711, 0.0 ] ] ] ] } },
{ "type": "Feature", "properties": { "OBJECTID": 750, "WADMPR": "Sulawesi Selatan", "WADMKK": "Kab. Luwu Utara", "WADMKC": "Kec. Baebunta Selatan", "WADMKD": "Desa Lembang-Lembang", "POKTAN": "Kaluku Belawan II", "K_POKTAN": "Tamrin", "P_SID": "Universitas Negeri Makassar", "NO_HP_1": "‪082260678457", "NAMA_PEMIL": "Jumaming", "N_PETAK": "LL16", "LUAS_HA": 0.65840246641, "PAKET": "Paket Sulawesi Selatan 16" }, "geometry": { "type": "MultiPolygon", "coordinates": [ [ [ [ 120.276824887958242, -2.728814109183759, 0.0 ], [ 120.276513839442146, -2.728821122097088, 0.0 ], [ 120.276555704682096, -2.729565582685439, 0.0 ], [ 120.276519835222302, -2.729521779406525, 0.0 ], [ 120.276508429120781, -2.729509950623651, 0.0 ], [ 120.276390681784619, -2.729392204186809, 0.0 ], [ 120.276355635204482, -2.729344014914318, 0.0 ], [ 120.276346566440907, -2.729298671996048, 0.0 ], [ 120.276341523042902, -2.729276384097773, 0.0 ], [ 120.276324206596883, -2.72922237890964, 0.0 ], [ 120.276300296321665, -2.729170981755374, 0.0 ], [ 120.276270169033182, -2.729123002924212, 0.0 ], [ 120.276253040545498, -2.729100683549632, 0.0 ], [ 120.276124549008841, -2.728943639437375, 0.0 ], [ 120.276105808036618, -2.728922156432304, 0.0 ], [ 120.276089523113114, -2.728329564357864, 0.0 ], [ 120.276802094640971, -2.72831273174711, 0.0 ], [ 120.276824887958242, -2.728814109183759, 0.0 ] ] ] ] } },
{ "type": "Feature", "properties": { "OBJECTID": 751, "WADMPR": "Sulawesi Selatan", "WADMKK": "Kab. Luwu Utara", "WADMKC": "Kec. Baebunta Selatan", "WADMKD": "Desa Lembang-Lembang", "POKTAN": "Kaluku Belawan II", "K_POKTAN": "Tamrin", "P_SID": "Universitas Negeri Makassar", "NO_HP_1": "‪082260678457", "NAMA_PEMIL": "Nurdin", "N_PETAK": "LL17", "LUAS_HA": 0.40628457594, "PAKET": "Paket Sulawesi Selatan 16" }, "geometry": { "type": "MultiPolygon", "coordinates": [ [ [ [ 120.276866618299891, -2.729746289759419, 0.0 ], [ 120.27687045121047, -2.730077381465946, 0.0 ], [ 120.276804467951933, -2.730088576226763, 0.0 ], [ 120.276744061389422, -2.730098824900779, 0.0 ], [ 120.27673455285742, -2.730068713800051, 0.0 ], [ 120.276724717871502, -2.729960528055869, 0.0 ], [ 120.276723166540933, -2.729946046272971, 0.0 ], [ 120.276712720016121, -2.729890285608121, 0.0 ], [ 120.276695403570102, -2.729836280419931, 0.0 ], [ 120.276678697763714, -2.729798691456381, 0.0 ], [ 120.276593036439522, -2.729627369707316, 0.0 ], [ 120.276585832869955, -2.729613561516601, 0.0 ], [ 120.276555704682096, -2.729565582685439, 0.0 ], [ 120.276513839442146, -2.728821122097088, 0.0 ], [ 120.276824887958242, -2.728814109183759, 0.0 ], [ 120.276866618299891, -2.729746289759419, 0.0 ] ] ] ] } },
{ "type": "Feature", "properties": { "OBJECTID": 752, "WADMPR": "Sulawesi Selatan", "WADMKK": "Kab. Luwu Utara", "WADMKC": "Kec. Baebunta Selatan", "WADMKD": "Desa Lembang-Lembang", "POKTAN": "Kaluku Belawan II", "K_POKTAN": "Tamrin", "P_SID": "Universitas Negeri Makassar", "NO_HP_1": "‪082260678457", "NAMA_PEMIL": "Aripuddin", "N_PETAK": "LL18", "LUAS_HA": 0.3102665368, "PAKET": "Paket Sulawesi Selatan 16" }, "geometry": { "type": "MultiPolygon", "coordinates": [ [ [ [ 120.279264370054648, -2.729751238728625, 0.0 ], [ 120.2792679430612, -2.730473478867907, 0.0 ], [ 120.27891245454623, -2.730472449144145, 0.0 ], [ 120.278931390671232, -2.729721041292976, 0.0 ], [ 120.27915405201793, -2.729749749451344, 0.0 ], [ 120.279264370054648, -2.729751238728625, 0.0 ] ] ] ] } },
{ "type": "Feature", "properties": { "OBJECTID": 753, "WADMPR": "Sulawesi Selatan", "WADMKK": "Kab. Luwu Utara", "WADMKC": "Kec. Baebunta Selatan", "WADMKD": "Desa Lembang-Lembang", "POKTAN": "Kaluku Belawan II", "K_POKTAN": "Tamrin", "P_SID": "Universitas Negeri Makassar", "NO_HP_1": "‪082260678457", "NAMA_PEMIL": "Amiruddin", "N_PETAK": "LL19", "LUAS_HA": 0.42052557126000001, "PAKET": "Paket Sulawesi Selatan 16" }, "geometry": { "type": "MultiPolygon", "coordinates": [ [ [ [ 120.27891245454623, -2.730472449144145, 0.0 ], [ 120.278461837543773, -2.730476306336413, 0.0 ], [ 120.278457681776672, -2.729747165699109, 0.0 ], [ 120.278931390671232, -2.729721041292976, 0.0 ], [ 120.27891245454623, -2.730472449144145, 0.0 ] ] ] ] } },
{ "type": "Feature", "properties": { "OBJECTID": 754, "WADMPR": "Sulawesi Selatan", "WADMKK": "Kab. Luwu Utara", "WADMKC": "Kec. Baebunta Selatan", "WADMKD": "Desa Lembang-Lembang", "POKTAN": "Kaluku Belawan II", "K_POKTAN": "Tamrin", "P_SID": "Universitas Negeri Makassar", "NO_HP_1": "‪082260678457", "NAMA_PEMIL": "Lukman", "N_PETAK": "LL20", "LUAS_HA": 1.2338479578199999, "PAKET": "Paket Sulawesi Selatan 16" }, "geometry": { "type": "MultiPolygon", "coordinates": [ [ [ [ 120.278457681776672, -2.729747165699109, 0.0 ], [ 120.278461837543773, -2.730476306336413, 0.0 ], [ 120.277829162685748, -2.730480235474431, 0.0 ], [ 120.277285201450923, -2.730435103896866, 0.0 ], [ 120.277260065399787, -2.730368020767514, 0.0 ], [ 120.277234930247914, -2.730300937638106, 0.0 ], [ 120.277209794196665, -2.730233853609434, 0.0 ], [ 120.277184658145529, -2.730166770480025, 0.0 ], [ 120.27715952209428, -2.730099687350616, 0.0 ], [ 120.277134386043144, -2.730032603321945, 0.0 ], [ 120.277068402784607, -2.730043798082761, 0.0 ], [ 120.27700241952607, -2.730054991944257, 0.0 ], [ 120.27693643536827, -2.73006618670513, 0.0 ], [ 120.27687045121047, -2.730077381465946, 0.0 ], [ 120.276866618299891, -2.729746289759419, 0.0 ], [ 120.278457681776672, -2.729747165699109, 0.0 ] ] ] ] } },
{ "type": "Feature", "properties": { "OBJECTID": 755, "WADMPR": "Sulawesi Selatan", "WADMKK": "Kab. Luwu Utara", "WADMKC": "Kec. Baebunta Selatan", "WADMKD": "Desa Lembang-Lembang", "POKTAN": "Kaluku Belawan II", "K_POKTAN": "Tamrin", "P_SID": "Universitas Negeri Makassar", "NO_HP_1": "‪082260678457", "NAMA_PEMIL": "Buhari", "N_PETAK": "LL21", "LUAS_HA": 0.74083521793999996, "PAKET": "Paket Sulawesi Selatan 16" }, "geometry": { "type": "MultiPolygon", "coordinates": [ [ [ [ 120.276089523113114, -2.728329564357864, 0.0 ], [ 120.27545725654727, -2.728330177695511, 0.0 ], [ 120.275279114339696, -2.727494169720103, 0.0 ], [ 120.276066379060239, -2.727471112901469, 0.0 ], [ 120.276089523113114, -2.728329564357864, 0.0 ] ] ] ] } },
{ "type": "Feature", "properties": { "OBJECTID": 756, "WADMPR": "Sulawesi Selatan", "WADMKK": "Kab. Luwu Utara", "WADMKC": "Kec. Baebunta Selatan", "WADMKD": "Desa Lembang-Lembang", "POKTAN": "Kaluku Belawan II", "K_POKTAN": "Tamrin", "P_SID": "Universitas Negeri Makassar", "NO_HP_1": "‪082260678457", "NAMA_PEMIL": "Darna", "N_PETAK": "LL22", "LUAS_HA": 0.77054311965, "PAKET": "Paket Sulawesi Selatan 16" }, "geometry": { "type": "MultiPolygon", "coordinates": [ [ [ [ 120.277485838400821, -2.723026869294529, 0.0 ], [ 120.277486740420841, -2.723098928372792, 0.0 ], [ 120.277487641541484, -2.723170989249695, 0.0 ], [ 120.277488543561503, -2.723243047428639, 0.0 ], [ 120.277489444682146, -2.723315107406222, 0.0 ], [ 120.277490346702166, -2.723387167383805, 0.0 ], [ 120.277491248722185, -2.723459227361388, 0.0 ], [ 120.277492149842942, -2.723531286439652, 0.0 ], [ 120.277493051862962, -2.723603345517915, 0.0 ], [ 120.277493952983605, -2.723675405495499, 0.0 ], [ 120.277494855003624, -2.723747463674442, 0.0 ], [ 120.277424199767097, -2.723752105974881, 0.0 ], [ 120.27735354273193, -2.723756749174584, 0.0 ], [ 120.27728288569665, -2.723761392374286, 0.0 ], [ 120.277212230460123, -2.723766034674725, 0.0 ], [ 120.277141573424956, -2.723770676975107, 0.0 ], [ 120.277070917289052, -2.723775320174866, 0.0 ], [ 120.277000261153148, -2.723779962475248, 0.0 ], [ 120.276929604117981, -2.72378460567495, 0.0 ], [ 120.276858947982078, -2.72378924797539, 0.0 ], [ 120.276788290946911, -2.723793891175092, 0.0 ], [ 120.276717634811007, -2.723798534374794, 0.0 ], [ 120.276646978675217, -2.723803176675233, 0.0 ], [ 120.276679007130497, -2.723008339663124, 0.0 ], [ 120.277485838400821, -2.723026869294529, 0.0 ] ] ] ] } },
{ "type": "Feature", "properties": { "OBJECTID": 757, "WADMPR": "Sulawesi Selatan", "WADMKK": "Kab. Luwu Utara", "WADMKC": "Kec. Baebunta Selatan", "WADMKD": "Desa Lembang-Lembang", "POKTAN": "Mangkallang I", "K_POKTAN": "Anton Yosep", "P_SID": "Universitas Negeri Makassar", "NO_HP_1": "082191961267", "NAMA_PEMIL": "Palimbu 3", "N_PETAK": "LL23", "LUAS_HA": 1.00257475838, "PAKET": "Paket Sulawesi Selatan 16" }, "geometry": { "type": "MultiPolygon", "coordinates": [ [ [ [ 120.2470499564904, -2.74563341804776, 0.0 ], [ 120.247132156324028, -2.7458378438414, 0.0 ], [ 120.247543995459068, -2.745635931652885, 0.0 ], [ 120.247791578818351, -2.746015664091601, 0.0 ], [ 120.247226542870749, -2.74697935241511, 0.0 ], [ 120.246927987736512, -2.746438215950832, 0.0 ], [ 120.246638956422771, -2.74582276310997, 0.0 ], [ 120.2470499564904, -2.74563341804776, 0.0 ] ] ] ] } },
{ "type": "Feature", "properties": { "OBJECTID": 758, "WADMPR": "Sulawesi Selatan", "WADMKK": "Kab. Luwu Utara", "WADMKC": "Kec. Baebunta Selatan", "WADMKD": "Desa Lembang-Lembang", "POKTAN": "Mangkallang I", "K_POKTAN": "Anton Yosep", "P_SID": "Universitas Negeri Makassar", "NO_HP_1": "082191961267", "NAMA_PEMIL": "Palimbu", "N_PETAK": "LL24", "LUAS_HA": 0.35990490654000001, "PAKET": "Paket Sulawesi Selatan 16" }, "geometry": { "type": "MultiPolygon", "coordinates": [ [ [ [ 120.247954670871422, -2.744943103841138, 0.0 ], [ 120.247341732535006, -2.745344036897734, 0.0 ], [ 120.247119338286893, -2.745033404767753, 0.0 ], [ 120.24772323663808, -2.744601768856512, 0.0 ], [ 120.247752166029727, -2.74464511348117, 0.0 ], [ 120.247954670871422, -2.744943103841138, 0.0 ] ] ] ] } },
{ "type": "Feature", "properties": { "OBJECTID": 759, "WADMPR": "Sulawesi Selatan", "WADMKK": "Kab. Luwu Utara", "WADMKC": "Kec. Baebunta Selatan", "WADMKD": "Desa Lembang-Lembang", "POKTAN": "Mangkallang I", "K_POKTAN": "Anton Yosep", "P_SID": "Universitas Negeri Makassar", "NO_HP_1": "082191961267", "NAMA_PEMIL": "L. Sabara/Rintis", "N_PETAK": "LL25", "LUAS_HA": 1.50740191814, "PAKET": "Paket Sulawesi Selatan 16" }, "geometry": { "type": "MultiPolygon", "coordinates": [ [ [ [ 120.244792387458801, -2.744519202998788, 0.0 ], [ 120.244678956868484, -2.746051836622939, 0.0 ], [ 120.243741027826218, -2.745760066873515, 0.0 ], [ 120.243760408216303, -2.745690520501057, 0.0 ], [ 120.243779788606389, -2.745620973229279, 0.0 ], [ 120.243799168996475, -2.745551427756141, 0.0 ], [ 120.243818550285937, -2.745481880484363, 0.0 ], [ 120.243837930676023, -2.745412334111904, 0.0 ], [ 120.243857311066108, -2.745342787739389, 0.0 ], [ 120.243876691456194, -2.745273241366931, 0.0 ], [ 120.243896071846279, -2.745203694994473, 0.0 ], [ 120.243915452236365, -2.745134149521334, 0.0 ], [ 120.243934832626451, -2.745064602249556, 0.0 ], [ 120.243954213915913, -2.744995055877098, 0.0 ], [ 120.243973594305999, -2.74492550950464, 0.0 ], [ 120.243992974696084, -2.744855964031444, 0.0 ], [ 120.24401235508617, -2.744786416759666, 0.0 ], [ 120.244031735476256, -2.744716871286528, 0.0 ], [ 120.244051115866341, -2.74464732401475, 0.0 ], [ 120.244070496256427, -2.744577777642291, 0.0 ], [ 120.244089876646512, -2.744508232169153, 0.0 ], [ 120.244109257935975, -2.744438684897318, 0.0 ], [ 120.24412863832606, -2.74436913762554, 0.0 ], [ 120.244792387458801, -2.744519202998788, 0.0 ] ] ] ] } },
{ "type": "Feature", "properties": { "OBJECTID": 760, "WADMPR": "Sulawesi Selatan", "WADMKK": "Kab. Luwu Utara", "WADMKC": "Kec. Baebunta Selatan", "WADMKD": "Desa Lembang-Lembang", "POKTAN": "Mangkallang I", "K_POKTAN": "Anton Yosep", "P_SID": "Universitas Negeri Makassar", "NO_HP_1": "082191961267", "NAMA_PEMIL": "Natalia Palada", "N_PETAK": "LL26", "LUAS_HA": 2.0425996181600001, "PAKET": "Paket Sulawesi Selatan 16" }, "geometry": { "type": "MultiPolygon", "coordinates": [ [ [ [ 120.248904368441913, -2.747535733287407, 0.0 ], [ 120.248257156042996, -2.748104112015085, 0.0 ], [ 120.247914631255298, -2.747453345495444, 0.0 ], [ 120.247447552162839, -2.746907850017237, 0.0 ], [ 120.247591269221743, -2.74658007411108, 0.0 ], [ 120.248108649194819, -2.745620671057054, 0.0 ], [ 120.248175717035792, -2.745572819929635, 0.0 ], [ 120.248380818220198, -2.74615905739455, 0.0 ], [ 120.24807353876281, -2.746587278580023, 0.0 ], [ 120.248326618778492, -2.746938953070185, 0.0 ], [ 120.248580518975814, -2.74655614854737, 0.0 ], [ 120.248913122442673, -2.747352122302573, 0.0 ], [ 120.248910204142703, -2.747413324765091, 0.0 ], [ 120.248907286741996, -2.747474529925569, 0.0 ], [ 120.248904368441913, -2.747535733287407, 0.0 ] ] ] ] } },
{ "type": "Feature", "properties": { "OBJECTID": 761, "WADMPR": "Sulawesi Selatan", "WADMKK": "Kab. Luwu Utara", "WADMKC": "Kec. Baebunta Selatan", "WADMKD": "Desa Lembang-Lembang", "POKTAN": "Mangkallang I", "K_POKTAN": "Anton Yosep", "P_SID": "Universitas Negeri Makassar", "NO_HP_1": "082191961267", "NAMA_PEMIL": "Palimbu 2", "N_PETAK": "LL27", "LUAS_HA": 1.00213364702, "PAKET": "Paket Sulawesi Selatan 16" }, "geometry": { "type": "MultiPolygon", "coordinates": [ [ [ [ 120.248754750931084, -2.746349760433077, 0.0 ], [ 120.248740815936003, -2.746366352924781, 0.0 ], [ 120.248571923255668, -2.746042600585497, 0.0 ], [ 120.248506387859607, -2.745896738643523, 0.0 ], [ 120.248421928928906, -2.7456198886469, 0.0 ], [ 120.249075475252994, -2.744918935460475, 0.0 ], [ 120.249589366755913, -2.745355978095859, 0.0 ], [ 120.249542998610536, -2.745411188375613, 0.0 ], [ 120.249496631364536, -2.74546639865531, 0.0 ], [ 120.249450264118423, -2.745521608935064, 0.0 ], [ 120.249403896872423, -2.745576818315442, 0.0 ], [ 120.249357528727046, -2.745632029494516, 0.0 ], [ 120.249311161480932, -2.74568723887495, 0.0 ], [ 120.249264794234932, -2.745742448255328, 0.0 ], [ 120.249218426089556, -2.745797659434402, 0.0 ], [ 120.249172057944179, -2.745852869714099, 0.0 ], [ 120.249125691597442, -2.745908079993853, 0.0 ], [ 120.249079323452065, -2.745963289374231, 0.0 ], [ 120.249032956206065, -2.746018500553305, 0.0 ], [ 120.248986588060689, -2.746073709933739, 0.0 ], [ 120.248940220814575, -2.746128920213437, 0.0 ], [ 120.248893852669198, -2.746184130493191, 0.0 ], [ 120.248847485423198, -2.746239340772888, 0.0 ], [ 120.248801118177084, -2.746294551052642, 0.0 ], [ 120.248754750931084, -2.746349760433077, 0.0 ] ] ] ] } },
{ "type": "Feature", "properties": { "OBJECTID": 762, "WADMPR": "Sulawesi Selatan", "WADMKK": "Kab. Luwu Utara", "WADMKC": "Kec. Baebunta Selatan", "WADMKD": "Desa Lembang-Lembang", "POKTAN": "Mangkallang I", "K_POKTAN": "Anton Yosep", "P_SID": "Universitas Negeri Makassar", "NO_HP_1": "082191961267", "NAMA_PEMIL": "April Duma", "N_PETAK": "LL28", "LUAS_HA": 2.0073156931499998, "PAKET": "Paket Sulawesi Selatan 16" }, "geometry": { "type": "MultiPolygon", "coordinates": [ [ [ [ 120.248257156042996, -2.748104112015085, 0.0 ], [ 120.248904368441913, -2.747535733287407, 0.0 ], [ 120.248945634733332, -2.747587569310838, 0.0 ], [ 120.24898690102475, -2.747639405334269, 0.0 ], [ 120.249028167316169, -2.747691241357643, 0.0 ], [ 120.249069433607588, -2.747743077381074, 0.0 ], [ 120.249110699898893, -2.747794914303824, 0.0 ], [ 120.249151965291048, -2.747846749427879, 0.0 ], [ 120.24919323068309, -2.74789858455199, 0.0 ], [ 120.249239918087824, -2.747953960306972, 0.0 ], [ 120.249286603693918, -2.748009335162635, 0.0 ], [ 120.249333289299898, -2.748064710018298, 0.0 ], [ 120.249404411284559, -2.748049955740839, 0.0 ], [ 120.249475533269333, -2.748035200564004, 0.0 ], [ 120.249546655253994, -2.748020446286546, 0.0 ], [ 120.249617777238655, -2.748005692009031, 0.0 ], [ 120.249688899223429, -2.747990936832196, 0.0 ], [ 120.249760022107353, -2.747976182554737, 0.0 ], [ 120.249831144092127, -2.747961427377902, 0.0 ], [ 120.249902266076788, -2.747946673100444, 0.0 ], [ 120.250049968031703, -2.748263828013194, 0.0 ], [ 120.250093477232213, -2.748597016938731, 0.0 ], [ 120.250151953849695, -2.749081924191387, 0.0 ], [ 120.249538957956588, -2.749203244534044, 0.0 ], [ 120.249526673217474, -2.749132903160898, 0.0 ], [ 120.249514387578984, -2.749062559989113, 0.0 ], [ 120.24950210283987, -2.748992219515287, 0.0 ], [ 120.249489817201379, -2.748921877242765, 0.0 ], [ 120.249477532462265, -2.748851536768939, 0.0 ], [ 120.249465246823775, -2.748781194496473, 0.0 ], [ 120.249452962084547, -2.748710853123328, 0.0 ], [ 120.24944067644617, -2.748640510850862, 0.0 ], [ 120.249369408771258, -2.748640513548821, 0.0 ], [ 120.249298141995723, -2.748640515347461, 0.0 ], [ 120.249226875220188, -2.74864051804542, 0.0 ], [ 120.249155608444653, -2.748640519844059, 0.0 ], [ 120.249084341669118, -2.748640522542019, 0.0 ], [ 120.249013074893583, -2.748640525239978, 0.0 ], [ 120.248941806319408, -2.748640527038617, 0.0 ], [ 120.248870539543873, -2.748640529736633, 0.0 ], [ 120.248799272768338, -2.748640531535273, 0.0 ], [ 120.248728005992689, -2.748640534233232, 0.0 ], [ 120.248656738317891, -2.748640536931191, 0.0 ], [ 120.248585471542356, -2.74864053872983, 0.0 ], [ 120.248514203867444, -2.74864054142779, 0.0 ], [ 120.248442937091909, -2.748640543226429, 0.0 ], [ 120.248371670316374, -2.748640545924388, 0.0 ], [ 120.248257156042996, -2.748104112015085, 0.0 ] ] ] ] } },
{ "type": "Feature", "properties": { "OBJECTID": 763, "WADMPR": "Sulawesi Selatan", "WADMKK": "Kab. Luwu Utara", "WADMKC": "Kec. Baebunta Selatan", "WADMKD": "Desa Lembang-Lembang", "POKTAN": "Mangkallang I", "K_POKTAN": "Anton Yosep", "P_SID": "Universitas Negeri Makassar", "NO_HP_1": "082191961267", "NAMA_PEMIL": "Marten Timang", "N_PETAK": "LL29", "LUAS_HA": 2.0183217560600002, "PAKET": "Paket Sulawesi Selatan 16" }, "geometry": { "type": "MultiPolygon", "coordinates": [ [ [ [ 120.252647462810273, -2.74623477491491, 0.0 ], [ 120.252580734913067, -2.746253773992407, 0.0 ], [ 120.252313076887049, -2.744552715335487, 0.0 ], [ 120.252250433710628, -2.744102159486999, 0.0 ], [ 120.253141290438293, -2.744184903410542, 0.0 ], [ 120.25319719859192, -2.744290020667847, 0.0 ], [ 120.253158427019798, -2.744414973372272, 0.0 ], [ 120.253115175025414, -2.744677175211393, 0.0 ], [ 120.25312242715836, -2.744974148438132, 0.0 ], [ 120.253165936358982, -2.745187824658331, 0.0 ], [ 120.253310967327366, -2.745582582070483, 0.0 ], [ 120.253494773465036, -2.745965693262065, 0.0 ], [ 120.252647462810273, -2.74623477491491, 0.0 ] ] ] ] } },
{ "type": "Feature", "properties": { "OBJECTID": 764, "WADMPR": "Sulawesi Selatan", "WADMKK": "Kab. Luwu Utara", "WADMKC": "Kec. Baebunta Selatan", "WADMKD": "Desa Lembang-Lembang", "POKTAN": "Mangkallang I", "K_POKTAN": "Anton Yosep", "P_SID": "Universitas Negeri Makassar", "NO_HP_1": "082191961267", "NAMA_PEMIL": "Nonto", "N_PETAK": "LL30", "LUAS_HA": 0.25507116447, "PAKET": "Paket Sulawesi Selatan 16" }, "geometry": { "type": "MultiPolygon", "coordinates": [ [ [ [ 120.254552578538778, -2.742650364122937, 0.0 ], [ 120.254008243185922, -2.742762191222084, 0.0 ], [ 120.253741865794495, -2.742746766949665, 0.0 ], [ 120.253757308053423, -2.742642651537096, 0.0 ], [ 120.253838379237891, -2.742392004187593, 0.0 ], [ 120.253934892681173, -2.742411284752961, 0.0 ], [ 120.254579602266858, -2.742526968145, 0.0 ], [ 120.254552578538778, -2.742650364122937, 0.0 ] ] ] ] } },
{ "type": "Feature", "properties": { "OBJECTID": 765, "WADMPR": "Sulawesi Selatan", "WADMKK": "Kab. Luwu Utara", "WADMKC": "Kec. Baebunta Selatan", "WADMKD": "Desa Lembang-Lembang", "POKTAN": "Sangkutu Banne", "K_POKTAN": "Yusuf Mange", "P_SID": "Universitas Negeri Makassar", "NO_HP_1": "081354863414", "NAMA_PEMIL": "Teresia Sinadi", "N_PETAK": "LL31", "LUAS_HA": 1.0530953892399999, "PAKET": "Paket Sulawesi Selatan 16" }, "geometry": { "type": "MultiPolygon", "coordinates": [ [ [ [ 120.237273118059989, -2.743409481862045, 0.0 ], [ 120.236432246550976, -2.743748650379871, 0.0 ], [ 120.236259794354055, -2.743818086135718, 0.0 ], [ 120.235906868007646, -2.743153103133182, 0.0 ], [ 120.235944299589846, -2.743134408925812, 0.0 ], [ 120.236850676817312, -2.742675063103604, 0.0 ], [ 120.237273118059989, -2.743409481862045, 0.0 ] ] ] ] } },
{ "type": "Feature", "properties": { "OBJECTID": 766, "WADMPR": "Sulawesi Selatan", "WADMKK": "Kab. Luwu Utara", "WADMKC": "Kec. Baebunta Selatan", "WADMKD": "Desa Lembang-Lembang", "POKTAN": "Sangkutu Banne", "K_POKTAN": "Yusuf Mange", "P_SID": "Universitas Negeri Makassar", "NO_HP_1": "081354863414", "NAMA_PEMIL": "Wiliam Lapu", "N_PETAK": "LL32", "LUAS_HA": 1.00431429845, "PAKET": "Paket Sulawesi Selatan 16" }, "geometry": { "type": "MultiPolygon", "coordinates": [ [ [ [ 120.237556380222827, -2.743895123860852, 0.0 ], [ 120.237706588588253, -2.744164263969537, 0.0 ], [ 120.237668085014207, -2.744180849266741, 0.0 ], [ 120.237243981824349, -2.744369293208251, 0.0 ], [ 120.236889610267326, -2.744516663313334, 0.0 ], [ 120.236831961026269, -2.744541821847577, 0.0 ], [ 120.236432246550976, -2.743748650379871, 0.0 ], [ 120.237273118059989, -2.743409481862045, 0.0 ], [ 120.237556380222827, -2.743895123860852, 0.0 ] ] ] ] } },
{ "type": "Feature", "properties": { "OBJECTID": 767, "WADMPR": "Sulawesi Selatan", "WADMKK": "Kab. Luwu Utara", "WADMKC": "Kec. Baebunta Selatan", "WADMKD": "Desa Lembang-Lembang", "POKTAN": "Sangkutu Banne", "K_POKTAN": "Yusuf Mange", "P_SID": "Universitas Negeri Makassar", "NO_HP_1": "081354863414", "NAMA_PEMIL": "Ana Wangiwa", "N_PETAK": "LL33", "LUAS_HA": 5.3881377598200002, "PAKET": "Paket Sulawesi Selatan 16" }, "geometry": { "type": "MultiPolygon", "coordinates": [ [ [ [ 120.244400158940266, -2.748713203951127, 0.0 ], [ 120.243687389561387, -2.748602664681187, 0.0 ], [ 120.243190831591619, -2.748517733606491, 0.0 ], [ 120.243456139689101, -2.746676306965924, 0.0 ], [ 120.245639567711919, -2.746909235872465, 0.0 ], [ 120.245570272250347, -2.747902684561211, 0.0 ], [ 120.245542645976343, -2.748901507598475, 0.0 ], [ 120.244400158940266, -2.748713203951127, 0.0 ] ] ] ] } },
{ "type": "Feature", "properties": { "OBJECTID": 768, "WADMPR": "Sulawesi Selatan", "WADMKK": "Kab. Luwu Utara", "WADMKC": "Kec. Baebunta Selatan", "WADMKD": "Desa Lembang-Lembang", "POKTAN": "Sangkutu Banne", "K_POKTAN": "Yusuf Mange", "P_SID": "Universitas Negeri Makassar", "NO_HP_1": "081354863414", "NAMA_PEMIL": "Yohanes Patondon", "N_PETAK": "LL34", "LUAS_HA": 0.51929128105, "PAKET": "Paket Sulawesi Selatan 16" }, "geometry": { "type": "MultiPolygon", "coordinates": [ [ [ [ 120.237156665747534, -2.746841784920377, 0.0 ], [ 120.236625867889529, -2.746945154795014, 0.0 ], [ 120.236676631921114, -2.74767313890419, 0.0 ], [ 120.236933717517104, -2.747635465404358, 0.0 ], [ 120.236931819048323, -2.747638170565097, 0.0 ], [ 120.236654377297782, -2.747680788537537, 0.0 ], [ 120.236599400841783, -2.746875398880491, 0.0 ], [ 120.236600810978757, -2.746696579483512, 0.0 ], [ 120.236499316190589, -2.746129145943257, 0.0 ], [ 120.236888378196113, -2.746061560992189, 0.0 ], [ 120.236982092949347, -2.746219222938748, 0.0 ], [ 120.237118149583011, -2.746685315474906, 0.0 ], [ 120.237156665747534, -2.746841784920377, 0.0 ] ] ], [ [ [ 120.237279505045194, -2.747340808831211, 0.0 ], [ 120.237232524461547, -2.74735708925823, 0.0 ], [ 120.237216994968435, -2.747086868164388, 0.0 ], [ 120.237279505045194, -2.747340808831211, 0.0 ] ] ] ] } },
{ "type": "Feature", "properties": { "OBJECTID": 769, "WADMPR": "Sulawesi Selatan", "WADMKK": "Kab. Luwu Utara", "WADMKC": "Kec. Baebunta Selatan", "WADMKD": "Desa Lembang-Lembang", "POKTAN": "Sangkutu Banne", "K_POKTAN": "Yusuf Mange", "P_SID": "Universitas Negeri Makassar", "NO_HP_1": "081354863414", "NAMA_PEMIL": "Yohanis Salu", "N_PETAK": "LL35", "LUAS_HA": 1.47117537423, "PAKET": "Paket Sulawesi Selatan 16" }, "geometry": { "type": "MultiPolygon", "coordinates": [ [ [ [ 120.237833425372401, -2.745724495089348, 0.0 ], [ 120.237117364474898, -2.746031672024003, 0.0 ], [ 120.236477522020095, -2.744718567407915, 0.0 ], [ 120.236831961026269, -2.744541821847577, 0.0 ], [ 120.237243981824349, -2.744369293208251, 0.0 ], [ 120.237833425372401, -2.745724495089348, 0.0 ] ] ] ] } },
{ "type": "Feature", "properties": { "OBJECTID": 770, "WADMPR": "Sulawesi Selatan", "WADMKK": "Kab. Luwu Utara", "WADMKC": "Kec. Baebunta Selatan", "WADMKD": "Desa Lembang-Lembang", "POKTAN": "Sangkutu Banne", "K_POKTAN": "Yusuf Mange", "P_SID": "Universitas Negeri Makassar", "NO_HP_1": "081354863414", "NAMA_PEMIL": "Markus Bongga", "N_PETAK": "LL36", "LUAS_HA": 0.3886895596, "PAKET": "Paket Sulawesi Selatan 16" }, "geometry": { "type": "MultiPolygon", "coordinates": [ [ [ [ 120.238893417597183, -2.749973457209251, 0.0 ], [ 120.238874265634877, -2.749974194653305, 0.0 ], [ 120.238368080422674, -2.749970683700042, 0.0 ], [ 120.23813487362554, -2.749918755046451, 0.0 ], [ 120.238002750626492, -2.749868019793212, 0.0 ], [ 120.237967987332809, -2.749634828284627, 0.0 ], [ 120.238323216843014, -2.749577099903206, 0.0 ], [ 120.238758224312619, -2.74953542442023, 0.0 ], [ 120.238893417597183, -2.749973457209251, 0.0 ] ] ] ] } },
{ "type": "Feature", "properties": { "OBJECTID": 771, "WADMPR": "Sulawesi Selatan", "WADMKK": "Kab. Luwu Utara", "WADMKC": "Kec. Baebunta Selatan", "WADMKD": "Desa Lembang-Lembang", "POKTAN": "Sangkutu Banne", "K_POKTAN": "Yusuf Mange", "P_SID": "Universitas Negeri Makassar", "NO_HP_1": "081354863414", "NAMA_PEMIL": "Damaris", "N_PETAK": "LL37", "LUAS_HA": 0.49752759548999997, "PAKET": "Paket Sulawesi Selatan 16" }, "geometry": { "type": "MultiPolygon", "coordinates": [ [ [ [ 120.239259356234356, -2.749368679321037, 0.0 ], [ 120.239119497267097, -2.749528857570681, 0.0 ], [ 120.238795647800998, -2.749489248729788, 0.0 ], [ 120.23862733428416, -2.74947264544619, 0.0 ], [ 120.238545051712777, -2.749476499940499, 0.0 ], [ 120.238533753529964, -2.749289983246058, 0.0 ], [ 120.238510945823577, -2.749137399771143, 0.0 ], [ 120.238446185643056, -2.748874107054348, 0.0 ], [ 120.238391509560529, -2.748708728025349, 0.0 ], [ 120.238347230540285, -2.748517564533927, 0.0 ], [ 120.238546109315507, -2.748477637333053, 0.0 ], [ 120.238702940288476, -2.748826718178464, 0.0 ], [ 120.238864070020895, -2.749056825911737, 0.0 ], [ 120.238958211052704, -2.749150135969955, 0.0 ], [ 120.239259356234356, -2.749368679321037, 0.0 ] ] ] ] } },
{ "type": "Feature", "properties": { "OBJECTID": 772, "WADMPR": "Sulawesi Selatan", "WADMKK": "Kab. Luwu Utara", "WADMKC": "Kec. Baebunta Selatan", "WADMKD": "Desa Lembang-Lembang", "POKTAN": "Sangkutu Banne", "K_POKTAN": "Yusuf Mange", "P_SID": "Universitas Negeri Makassar", "NO_HP_1": "081354863414", "NAMA_PEMIL": "Petrus Tosi", "N_PETAK": "LL38", "LUAS_HA": 4.0680958544100001, "PAKET": "Paket Sulawesi Selatan 16" }, "geometry": { "type": "MultiPolygon", "coordinates": [ [ [ [ 120.237833425372401, -2.745724495089348, 0.0 ], [ 120.237243981824349, -2.744369293208251, 0.0 ], [ 120.237706588588253, -2.744164263969537, 0.0 ], [ 120.237556380222827, -2.743895123860852, 0.0 ], [ 120.238364236720258, -2.743517986865527, 0.0 ], [ 120.238383112590668, -2.743588261688899, 0.0 ], [ 120.238401989360341, -2.743658537411534, 0.0 ], [ 120.238420865230864, -2.743728811335529, 0.0 ], [ 120.238439741101274, -2.743799087058164, 0.0 ], [ 120.238458616971684, -2.74386936098216, 0.0 ], [ 120.238529203859684, -2.743848512898523, 0.0 ], [ 120.238599789848536, -2.743827663915511, 0.0 ], [ 120.238670376736536, -2.743806815831817, 0.0 ], [ 120.23874096362465, -2.743785966848861, 0.0 ], [ 120.238811549613388, -2.743765118765168, 0.0 ], [ 120.238882135602125, -2.743744270681475, 0.0 ], [ 120.238952722490239, -2.743723421698519, 0.0 ], [ 120.23902330937824, -2.743702573614826, 0.0 ], [ 120.239093895367091, -2.743681725531189, 0.0 ], [ 120.239164481355829, -2.743660876548176, 0.0 ], [ 120.239235068243829, -2.743640028464483, 0.0 ], [ 120.239305655131943, -2.743619180380847, 0.0 ], [ 120.239376242020057, -2.743598331397834, 0.0 ], [ 120.239764938001599, -2.743381058788771, 0.0 ], [ 120.240149605919669, -2.743119776956121, 0.0 ], [ 120.239536601033365, -2.744276348274809, 0.0 ], [ 120.239127931109238, -2.744470729540467, 0.0 ], [ 120.239292820007677, -2.745151954299217, 0.0 ], [ 120.238574966761348, -2.745270363536406, 0.0 ], [ 120.237833425372401, -2.745724495089348, 0.0 ] ] ] ] } },
{ "type": "Feature", "properties": { "OBJECTID": 773, "WADMPR": "Sulawesi Selatan", "WADMKK": "Kab. Luwu Utara", "WADMKC": "Kec. Baebunta Selatan", "WADMKD": "Desa Lembang-Lembang", "POKTAN": "Sangkutu Banne", "K_POKTAN": "Yusuf Mange", "P_SID": "Universitas Negeri Makassar", "NO_HP_1": "081354863414", "NAMA_PEMIL": "Martinus Jimeng", "N_PETAK": "LL39", "LUAS_HA": 0.27396299832999998, "PAKET": "Paket Sulawesi Selatan 16" }, "geometry": { "type": "MultiPolygon", "coordinates": [ [ [ [ 120.240835997283511, -2.74839211540376, 0.0 ], [ 120.240294782578189, -2.748413299833885, 0.0 ], [ 120.24020286467055, -2.748234775414517, 0.0 ], [ 120.240139155797465, -2.748128689587304, 0.0 ], [ 120.24063173426714, -2.747984059716543, 0.0 ], [ 120.240887062587944, -2.748203389974435, 0.0 ], [ 120.240835997283511, -2.74839211540376, 0.0 ] ] ] ] } },
{ "type": "Feature", "properties": { "OBJECTID": 774, "WADMPR": "Sulawesi Selatan", "WADMKK": "Kab. Luwu Utara", "WADMKC": "Kec. Baebunta Selatan", "WADMKD": "Desa Lembang-Lembang", "POKTAN": "Sangkutu Banne", "K_POKTAN": "Yusuf Mange", "P_SID": "Universitas Negeri Makassar", "NO_HP_1": "081354863414", "NAMA_PEMIL": "Ribka Nammu", "N_PETAK": "LL40", "LUAS_HA": 1.1107612629000001, "PAKET": "Paket Sulawesi Selatan 16" }, "geometry": { "type": "MultiPolygon", "coordinates": [ [ [ [ 120.237279505045194, -2.747340808831211, 0.0 ], [ 120.237216994968435, -2.747086868164388, 0.0 ], [ 120.23720239897159, -2.746832878934185, 0.0 ], [ 120.237156665747534, -2.746841784920377, 0.0 ], [ 120.237118149583011, -2.746685315474906, 0.0 ], [ 120.236982092949347, -2.746219222938748, 0.0 ], [ 120.236888378196113, -2.746061560992189, 0.0 ], [ 120.237117364474898, -2.746031672024003, 0.0 ], [ 120.237833425372401, -2.745724495089348, 0.0 ], [ 120.23782848089968, -2.745759500300665, 0.0 ], [ 120.237829218343791, -2.74583103777212, 0.0 ], [ 120.237829955787902, -2.745902575243633, 0.0 ], [ 120.237830692332636, -2.745974112715089, 0.0 ], [ 120.237831428877371, -2.746045650186545, 0.0 ], [ 120.237832166321482, -2.746117189456697, 0.0 ], [ 120.237832904664856, -2.746188726028834, 0.0 ], [ 120.237833642108967, -2.746260264399609, 0.0 ], [ 120.237834378653702, -2.746331800971802, 0.0 ], [ 120.237818190856842, -2.746404162222234, 0.0 ], [ 120.23780200216072, -2.746476523472722, 0.0 ], [ 120.237785815263237, -2.746548882924571, 0.0 ], [ 120.237769626567115, -2.746621243275683, 0.0 ], [ 120.237753438770255, -2.746693604526172, 0.0 ], [ 120.237737250973396, -2.746765963978021, 0.0 ], [ 120.237721063176537, -2.746838326127829, 0.0 ], [ 120.237704875379791, -2.746910685579621, 0.0 ], [ 120.237677177160094, -2.746967475968177, 0.0 ], [ 120.237649478940398, -2.747024263658773, 0.0 ], [ 120.237621781619964, -2.747081052248689, 0.0 ], [ 120.237594083400268, -2.747137841737981, 0.0 ], [ 120.237566385180571, -2.747194630327897, 0.0 ], [ 120.237538687860251, -2.747251418917813, 0.0 ], [ 120.237279505045194, -2.747340808831211, 0.0 ] ] ] ] } },
{ "type": "Feature", "properties": { "OBJECTID": 775, "WADMPR": "Sulawesi Selatan", "WADMKK": "Kab. Luwu Utara", "WADMKC": "Kec. Baebunta Selatan", "WADMKD": "Desa Lembang-Lembang", "POKTAN": "Sangkutu Banne", "K_POKTAN": "Yusuf Mange", "P_SID": "Universitas Negeri Makassar", "NO_HP_1": "081354863414", "NAMA_PEMIL": "Antonius Mangallo", "N_PETAK": "LL41", "LUAS_HA": 1.0720549506399999, "PAKET": "Paket Sulawesi Selatan 16" }, "geometry": { "type": "MultiPolygon", "coordinates": [ [ [ [ 120.244400158940266, -2.748713203951127, 0.0 ], [ 120.244391342886274, -2.74878095347816, 0.0 ], [ 120.24438280921936, -2.749861221817866, 0.0 ], [ 120.243645094445583, -2.749867185222399, 0.0 ], [ 120.243687389561387, -2.748602664681187, 0.0 ], [ 120.244400158940266, -2.748713203951127, 0.0 ] ] ] ] } },
{ "type": "Feature", "properties": { "OBJECTID": 776, "WADMPR": "Sulawesi Selatan", "WADMKK": "Kab. Luwu Utara", "WADMKC": "Kec. Baebunta Selatan", "WADMKD": "Desa Lembang-Lembang", "POKTAN": "Sangkutu Banne", "K_POKTAN": "Yusuf Mange", "P_SID": "Universitas Negeri Makassar", "NO_HP_1": "081354863414", "NAMA_PEMIL": "Nikodemos", "N_PETAK": "LL42", "LUAS_HA": 1.2730826713600001, "PAKET": "Paket Sulawesi Selatan 16" }, "geometry": { "type": "MultiPolygon", "coordinates": [ [ [ [ 120.242195106718896, -2.74836925104006, 0.0 ], [ 120.242327656895895, -2.749091192604396, 0.0 ], [ 120.2411357862876, -2.749086913630094, 0.0 ], [ 120.240818336397183, -2.748793922601408, 0.0 ], [ 120.240960548890257, -2.748261406138909, 0.0 ], [ 120.242195106718896, -2.74836925104006, 0.0 ] ] ] ] } },
{ "type": "Feature", "properties": { "OBJECTID": 777, "WADMPR": "Sulawesi Selatan", "WADMKK": "Kab. Luwu Utara", "WADMKC": "Kec. Baebunta Selatan", "WADMKD": "Desa Lembang-Lembang", "POKTAN": "Sangkutu Banne", "K_POKTAN": "Yusuf Mange", "P_SID": "Universitas Negeri Makassar", "NO_HP_1": "081354863414", "NAMA_PEMIL": "Amran Amir", "N_PETAK": "LL43", "LUAS_HA": 0.25938863515, "PAKET": "Paket Sulawesi Selatan 16" }, "geometry": { "type": "MultiPolygon", "coordinates": [ [ [ [ 120.244792387458801, -2.744519202998788, 0.0 ], [ 120.244786593126832, -2.744388990159734, 0.0 ], [ 120.244809164311505, -2.743982315831147, 0.0 ], [ 120.244959114571543, -2.74363656247732, 0.0 ], [ 120.24517638538191, -2.743688647612942, 0.0 ], [ 120.244945585170626, -2.744556270355531, 0.0 ], [ 120.244792387458801, -2.744519202998788, 0.0 ] ] ] ] } },
{ "type": "Feature", "properties": { "OBJECTID": 778, "WADMPR": "Sulawesi Selatan", "WADMKK": "Kab. Luwu Utara", "WADMKC": "Kec. Baebunta Selatan", "WADMKD": "Desa Lembang-Lembang", "POKTAN": "Sangkutu Banne", "K_POKTAN": "Yusuf Mange", "P_SID": "Universitas Negeri Makassar", "NO_HP_1": "081354863414", "NAMA_PEMIL": "Rusdin T", "N_PETAK": "LL44", "LUAS_HA": 1.0303618353799999, "PAKET": "Paket Sulawesi Selatan 16" }, "geometry": { "type": "MultiPolygon", "coordinates": [ [ [ [ 120.243190831591619, -2.748517733606491, 0.0 ], [ 120.243687389561387, -2.748602664681187, 0.0 ], [ 120.243645094445583, -2.749867185222399, 0.0 ], [ 120.243518280144599, -2.749871912958383, 0.0 ], [ 120.243443335141819, -2.749872740334638, 0.0 ], [ 120.24336838923989, -2.749873569509589, 0.0 ], [ 120.243293444237111, -2.749874397785163, 0.0 ], [ 120.243218498335068, -2.749875225161475, 0.0 ], [ 120.243143553332402, -2.749876052537729, 0.0 ], [ 120.243068608329622, -2.749876879914041, 0.0 ], [ 120.243000627676906, -2.748499960304855, 0.0 ], [ 120.243190831591619, -2.748517733606491, 0.0 ] ] ] ] } },
{ "type": "Feature", "properties": { "OBJECTID": 779, "WADMPR": "Sulawesi Selatan", "WADMKK": "Kab. Luwu Utara", "WADMKC": "Kec. Baebunta Selatan", "WADMKD": "Desa Lembang-Lembang", "POKTAN": "Sangkutu Banne", "K_POKTAN": "Yusuf Mange", "P_SID": "Universitas Negeri Makassar", "NO_HP_1": "081354863414", "NAMA_PEMIL": "Rintis", "N_PETAK": "LL45", "LUAS_HA": 0.2596559121, "PAKET": "Paket Sulawesi Selatan 16" }, "geometry": { "type": "MultiPolygon", "coordinates": [ [ [ [ 120.239792763924925, -2.746936879233544, 0.0 ], [ 120.239616427556143, -2.746946726809938, 0.0 ], [ 120.239596691034535, -2.746496713252668, 0.0 ], [ 120.240062888791385, -2.746470198540806, 0.0 ], [ 120.240085978884849, -2.746920504377727, 0.0 ], [ 120.240012676044216, -2.746924598091709, 0.0 ], [ 120.239939371404944, -2.746928691805635, 0.0 ], [ 120.239866066765671, -2.746932785519562, 0.0 ], [ 120.239792763924925, -2.746936879233544, 0.0 ] ] ] ] } },
{ "type": "Feature", "properties": { "OBJECTID": 780, "WADMPR": "Sulawesi Selatan", "WADMKK": "Kab. Luwu Utara", "WADMKC": "Kec. Baebunta Selatan", "WADMKD": "Desa Lembang-Lembang", "POKTAN": "Mangkallang II", "K_POKTAN": "Ikram Fausy", "P_SID": "Universitas Negeri Makassar", "NO_HP_1": "085255140690", "NAMA_PEMIL": "Virna Palayukan", "N_PETAK": "LL46", "LUAS_HA": 0.57951219845000002, "PAKET": "Paket Sulawesi Selatan 16" }, "geometry": { "type": "MultiPolygon", "coordinates": [ [ [ [ 120.244446323838815, -2.757701855855942, 0.0 ], [ 120.244372040737176, -2.757702787553569, 0.0 ], [ 120.244370055933359, -2.75763056389934, 0.0 ], [ 120.244368071129657, -2.757558338446529, 0.0 ], [ 120.244366085426577, -2.757486112094341, 0.0 ], [ 120.244364100622761, -2.75741388664153, 0.0 ], [ 120.244355311548475, -2.757029807779361, 0.0 ], [ 120.244346408260185, -2.756770209477565, 0.0 ], [ 120.244346233791703, -2.756763859364582, 0.0 ], [ 120.244344502596732, -2.756700872647116, 0.0 ], [ 120.244493513964585, -2.75664428910261, 0.0 ], [ 120.244661522611295, -2.756602952664082, 0.0 ], [ 120.244795558468354, -2.756825676064068, 0.0 ], [ 120.244848678723656, -2.756904647331567, 0.0 ], [ 120.244883329602089, -2.757026084586073, 0.0 ], [ 120.244845590451746, -2.757241509088317, 0.0 ], [ 120.244781006538233, -2.757421940969778, 0.0 ], [ 120.244743455346224, -2.757698129964695, 0.0 ], [ 120.244669173143848, -2.757699061662322, 0.0 ], [ 120.244594889142832, -2.75769999335995, 0.0 ], [ 120.244520606041192, -2.757700924158257, 0.0 ], [ 120.244446323838815, -2.757701855855942, 0.0 ] ] ] ] } },
{ "type": "Feature", "properties": { "OBJECTID": 781, "WADMPR": "Sulawesi Selatan", "WADMKK": "Kab. Luwu Utara", "WADMKC": "Kec. Baebunta Selatan", "WADMKD": "Desa Lembang-Lembang", "POKTAN": "Mangkallang II", "K_POKTAN": "Ikram Fausy", "P_SID": "Universitas Negeri Makassar", "NO_HP_1": "085255140690", "NAMA_PEMIL": "Welly", "N_PETAK": "LL47", "LUAS_HA": 0.49820958639000001, "PAKET": "Paket Sulawesi Selatan 16" }, "geometry": { "type": "MultiPolygon", "coordinates": [ [ [ [ 120.24171987886939, -2.757879849675248, 0.0 ], [ 120.24172357148575, -2.758603343469474, 0.0 ], [ 120.24134191179985, -2.758569183620864, 0.0 ], [ 120.241284457711572, -2.758090954733746, 0.0 ], [ 120.24124889132338, -2.757462423951665, 0.0 ], [ 120.2415226422562, -2.757429202995297, 0.0 ], [ 120.241519137598175, -2.757503204609179, 0.0 ], [ 120.241515633839526, -2.757577206223061, 0.0 ], [ 120.241512129181501, -2.757651206937624, 0.0 ], [ 120.241508624523476, -2.757725208551506, 0.0 ], [ 120.241505120764828, -2.757799208366748, 0.0 ], [ 120.241501616106802, -2.75787320998063, 0.0 ], [ 120.241574370360922, -2.75787542321217, 0.0 ], [ 120.241647125514532, -2.757877636443709, 0.0 ], [ 120.24171987886939, -2.757879849675248, 0.0 ] ] ] ] } },
{ "type": "Feature", "properties": { "OBJECTID": 782, "WADMPR": "Sulawesi Selatan", "WADMKK": "Kab. Luwu Utara", "WADMKC": "Kec. Baebunta Selatan", "WADMKD": "Desa Lembang-Lembang", "POKTAN": "Mangkallang II", "K_POKTAN": "Ikram Fausy", "P_SID": "Universitas Negeri Makassar", "NO_HP_1": "085255140690", "NAMA_PEMIL": "Robertus Lindang", "N_PETAK": "LL48", "LUAS_HA": 0.45450563939, "PAKET": "Paket Sulawesi Selatan 16" }, "geometry": { "type": "MultiPolygon", "coordinates": [ [ [ [ 120.236678463840121, -2.754734349410626, 0.0 ], [ 120.236224639855322, -2.754745258187086, 0.0 ], [ 120.236204012105532, -2.754473763653209, 0.0 ], [ 120.236008648780171, -2.754466490835853, 0.0 ], [ 120.236083881565946, -2.75406046132116, 0.0 ], [ 120.236661475646656, -2.754145303363032, 0.0 ], [ 120.236700305674617, -2.754181663852648, 0.0 ], [ 120.236724573879997, -2.754232569077772, 0.0 ], [ 120.236714866597822, -2.754375589162066, 0.0 ], [ 120.236673610198977, -2.754615570552119, 0.0 ], [ 120.236678463840121, -2.754734349410626, 0.0 ] ] ] ] } },
{ "type": "Feature", "properties": { "OBJECTID": 783, "WADMPR": "Sulawesi Selatan", "WADMKK": "Kab. Luwu Utara", "WADMKC": "Kec. Baebunta Selatan", "WADMKD": "Desa Lembang-Lembang", "POKTAN": "Mangkallang II", "K_POKTAN": "Ikram Fausy", "P_SID": "Universitas Negeri Makassar", "NO_HP_1": "085255140690", "NAMA_PEMIL": "Yulina Berlina", "N_PETAK": "LL49", "LUAS_HA": 0.29117556902000002, "PAKET": "Paket Sulawesi Selatan 16" }, "geometry": { "type": "MultiPolygon", "coordinates": [ [ [ [ 120.240839321177759, -2.755617918931762, 0.0 ], [ 120.240851454830818, -2.755867596812095, 0.0 ], [ 120.240817479343264, -2.755933045873348, 0.0 ], [ 120.240696135618236, -2.756117274692429, 0.0 ], [ 120.240252019814875, -2.75584093191344, 0.0 ], [ 120.240084566049973, -2.755714881136782, 0.0 ], [ 120.240135530630255, -2.755637311013061, 0.0 ], [ 120.240256873456019, -2.755639735585305, 0.0 ], [ 120.240477718172201, -2.755617918931762, 0.0 ], [ 120.240645171937217, -2.755617918931762, 0.0 ], [ 120.240839321177759, -2.755617918931762, 0.0 ] ] ] ] } },
{ "type": "Feature", "properties": { "OBJECTID": 784, "WADMPR": "Sulawesi Selatan", "WADMKK": "Kab. Luwu Utara", "WADMKC": "Kec. Baebunta Selatan", "WADMKD": "Desa Lembang-Lembang", "POKTAN": "Mangkallang II", "K_POKTAN": "Ikram Fausy", "P_SID": "Universitas Negeri Makassar", "NO_HP_1": "085255140690", "NAMA_PEMIL": "Virda Tokamban", "N_PETAK": "LL50", "LUAS_HA": 0.36704596507999998, "PAKET": "Paket Sulawesi Selatan 16" }, "geometry": { "type": "MultiPolygon", "coordinates": [ [ [ [ 120.246213188587831, -2.757201464076275, 0.0 ], [ 120.245776629787656, -2.757226867226109, 0.0 ], [ 120.245761703739731, -2.757155587860041, 0.0 ], [ 120.245746778591069, -2.757084307594653, 0.0 ], [ 120.245731852543031, -2.757013029127961, 0.0 ], [ 120.245716927394369, -2.756941750661213, 0.0 ], [ 120.24570200314497, -2.756870472194464, 0.0 ], [ 120.245687076197669, -2.756799192828453, 0.0 ], [ 120.245672151049007, -2.756727913462385, 0.0 ], [ 120.245657225900345, -2.756656634096316, 0.0 ], [ 120.245642299852307, -2.756585354730305, 0.0 ], [ 120.246090230579739, -2.75652671713425, 0.0 ], [ 120.246108254792148, -2.7565919953243, 0.0 ], [ 120.246119913603138, -2.756659713375029, 0.0 ], [ 120.246131573313505, -2.756727432325079, 0.0 ], [ 120.246143233023872, -2.756795152174504, 0.0 ], [ 120.246154891834863, -2.756862870225234, 0.0 ], [ 120.24616655154523, -2.756930590074603, 0.0 ], [ 120.24617821035622, -2.75699830722607, 0.0 ], [ 120.246189870066473, -2.757066026176119, 0.0 ], [ 120.246201528877464, -2.757133745126168, 0.0 ], [ 120.246213188587831, -2.757201464076275, 0.0 ] ] ] ] } },
{ "type": "Feature", "properties": { "OBJECTID": 785, "WADMPR": "Sulawesi Selatan", "WADMKK": "Kab. Luwu Utara", "WADMKC": "Kec. Baebunta Selatan", "WADMKD": "Desa Lembang-Lembang", "POKTAN": "Mangkallang II", "K_POKTAN": "Ikram Fausy", "P_SID": "Universitas Negeri Makassar", "NO_HP_1": "085255140690", "NAMA_PEMIL": "Estepanus Napi", "N_PETAK": "LL51", "LUAS_HA": 0.45119999576000003, "PAKET": "Paket Sulawesi Selatan 16" }, "geometry": { "type": "MultiPolygon", "coordinates": [ [ [ [ 120.246272251563255, -2.758792091381849, 0.0 ], [ 120.246348488891726, -2.7596595279648, 0.0 ], [ 120.246274067294394, -2.759658381329189, 0.0 ], [ 120.246199644797798, -2.759657234693577, 0.0 ], [ 120.24612522140194, -2.759656088057966, 0.0 ], [ 120.246076667004672, -2.759656778737281, 0.0 ], [ 120.245974280089058, -2.759467976865608, 0.0 ], [ 120.245829889437914, -2.759313263796059, 0.0 ], [ 120.245743910653005, -2.758895669899175, 0.0 ], [ 120.246272251563255, -2.758792091381849, 0.0 ] ] ] ] } },
{ "type": "Feature", "properties": { "OBJECTID": 786, "WADMPR": "Sulawesi Selatan", "WADMKK": "Kab. Luwu Utara", "WADMKC": "Kec. Baebunta Selatan", "WADMKD": "Desa Lembang-Lembang", "POKTAN": "Mangkallang II", "K_POKTAN": "Ikram Fausy", "P_SID": "Universitas Negeri Makassar", "NO_HP_1": "085255140690", "NAMA_PEMIL": "Kaswan", "N_PETAK": "LL52", "LUAS_HA": 2.9223977045499998, "PAKET": "Paket Sulawesi Selatan 16" }, "geometry": { "type": "MultiPolygon", "coordinates": [ [ [ [ 120.253338943437598, -2.731630773241534, 0.0 ], [ 120.253672699835306, -2.731817471599015, 0.0 ], [ 120.253894615644072, -2.731714427278973, 0.0 ], [ 120.254010964534473, -2.732042763462744, 0.0 ], [ 120.254144057002691, -2.732355207726584, 0.0 ], [ 120.254353329242804, -2.732811575893493, 0.0 ], [ 120.254139043282294, -2.732893210952852, 0.0 ], [ 120.254002616127877, -2.732919301184779, 0.0 ], [ 120.253713151340889, -2.732959996406635, 0.0 ], [ 120.253547114907519, -2.733003260991666, 0.0 ], [ 120.253411689597897, -2.73304470085219, 0.0 ], [ 120.253327092171617, -2.732647650168872, 0.0 ], [ 120.252483965162924, -2.732834811677151, 0.0 ], [ 120.252387006555182, -2.73234121337623, 0.0 ], [ 120.25186351478942, -2.732388410696558, 0.0 ], [ 120.251686679296881, -2.732384269318516, 0.0 ], [ 120.251773552907252, -2.732221047763119, 0.0 ], [ 120.251906801857444, -2.731782051800224, 0.0 ], [ 120.252347279003743, -2.731802123768944, 0.0 ], [ 120.252783027514738, -2.731784574398546, 0.0 ], [ 120.252854577576727, -2.731454840668334, 0.0 ], [ 120.252832051358155, -2.730815964085423, 0.0 ], [ 120.253001355028573, -2.73141085752502, 0.0 ], [ 120.253159141081596, -2.731515317377955, 0.0 ], [ 120.253338943437598, -2.731630773241534, 0.0 ] ] ] ] } },
{ "type": "Feature", "properties": { "OBJECTID": 787, "WADMPR": "Sulawesi Selatan", "WADMKK": "Kab. Luwu Utara", "WADMKC": "Kec. Baebunta Selatan", "WADMKD": "Desa Lembang-Lembang", "POKTAN": "Mangkallang II", "K_POKTAN": "Ikram Fausy", "P_SID": "Universitas Negeri Makassar", "NO_HP_1": "085255140690", "NAMA_PEMIL": "Virda Tokamban", "N_PETAK": "LL53", "LUAS_HA": 0.64774593616999998, "PAKET": "Paket Sulawesi Selatan 16" }, "geometry": { "type": "MultiPolygon", "coordinates": [ [ [ [ 120.252522809580114, -2.733581701334401, 0.0 ], [ 120.251774429746206, -2.733659583522922, 0.0 ], [ 120.251769166014242, -2.73366565214809, 0.0 ], [ 120.251752646367549, -2.733675800098069, 0.0 ], [ 120.251185348624972, -2.733728724301159, 0.0 ], [ 120.251400696684868, -2.73321090995546, 0.0 ], [ 120.252179913372402, -2.733132673434056, 0.0 ], [ 120.252192329412537, -2.733293293250824, 0.0 ], [ 120.252406825814433, -2.733288957619266, 0.0 ], [ 120.252522809580114, -2.733581701334401, 0.0 ] ] ] ] } },
{ "type": "Feature", "properties": { "OBJECTID": 788, "WADMPR": "Sulawesi Selatan", "WADMKK": "Kab. Luwu Utara", "WADMKC": "Kec. Baebunta Selatan", "WADMKD": "Desa Lembang-Lembang", "POKTAN": "Mangkallang II", "K_POKTAN": "Ikram Fausy", "P_SID": "Universitas Negeri Makassar", "NO_HP_1": "085255140690", "NAMA_PEMIL": "Saling", "N_PETAK": "LL54", "LUAS_HA": 0.4946870841, "PAKET": "Paket Sulawesi Selatan 16" }, "geometry": { "type": "MultiPolygon", "coordinates": [ [ [ [ 120.251769166014242, -2.73366565214809, 0.0 ], [ 120.251774429746206, -2.733659583522922, 0.0 ], [ 120.252522809580114, -2.733581701334401, 0.0 ], [ 120.252731837204578, -2.733989060047008, 0.0 ], [ 120.252174714391572, -2.734103382764829, 0.0 ], [ 120.251799852681074, -2.734156799796438, 0.0 ], [ 120.251769166014242, -2.73366565214809, 0.0 ] ] ] ] } },
{ "type": "Feature", "properties": { "OBJECTID": 915, "WADMPR": "Sulawesi Selatan", "WADMKK": "Kab. Luwu Utara", "WADMKC": "Kec. Malangke Barat", "WADMKD": "Desa Pombakka", "POKTAN": "Saromase", "K_POKTAN": "Abdullah", "P_SID": "Universitas Negeri Makassar", "NO_HP_1": "082326497062", "NAMA_PEMIL": "Bahril", "N_PETAK": "PK01", "LUAS_HA": 2.0035213829899998, "PAKET": "Paket Sulawesi Selatan 16" }, "geometry": { "type": "MultiPolygon", "coordinates": [ [ [ [ 120.293196038566407, -2.849126150851134, 0.0 ], [ 120.2929083373499, -2.849050658161275, 0.0 ], [ 120.292203039538663, -2.848863931025562, 0.0 ], [ 120.293146098313855, -2.847274439563705, 0.0 ], [ 120.293932184922483, -2.847724147351471, 0.0 ], [ 120.293196038566407, -2.849126150851134, 0.0 ] ] ] ] } },
{ "type": "Feature", "properties": { "OBJECTID": 916, "WADMPR": "Sulawesi Selatan", "WADMKK": "Kab. Luwu Utara", "WADMKC": "Kec. Malangke Barat", "WADMKD": "Desa Pombakka", "POKTAN": "Saromase", "K_POKTAN": "Abdullah", "P_SID": "Universitas Negeri Makassar", "NO_HP_1": "082326497062", "NAMA_PEMIL": "Takdir", "N_PETAK": "PK02", "LUAS_HA": 0.52893785461999998, "PAKET": "Paket Sulawesi Selatan 16" }, "geometry": { "type": "MultiPolygon", "coordinates": [ [ [ [ 120.293196038566407, -2.849126150851134, 0.0 ], [ 120.293273246263311, -2.849146483623258, 0.0 ], [ 120.292864758002224, -2.850256288396963, 0.0 ], [ 120.292523002134885, -2.850157854901056, 0.0 ], [ 120.2929083373499, -2.849050658161275, 0.0 ], [ 120.293196038566407, -2.849126150851134, 0.0 ] ] ] ] } },
{ "type": "Feature", "properties": { "OBJECTID": 917, "WADMPR": "Sulawesi Selatan", "WADMKK": "Kab. Luwu Utara", "WADMKC": "Kec. Malangke Barat", "WADMKD": "Desa Pombakka", "POKTAN": "Saromase", "K_POKTAN": "Abdullah", "P_SID": "Universitas Negeri Makassar", "NO_HP_1": "082326497062", "NAMA_PEMIL": "Rusdi", "N_PETAK": "PK03", "LUAS_HA": 1.50345398567, "PAKET": "Paket Sulawesi Selatan 16" }, "geometry": { "type": "MultiPolygon", "coordinates": [ [ [ [ 120.290155241870934, -2.85086216975327, 0.0 ], [ 120.290678495316342, -2.849616952260476, 0.0 ], [ 120.291513514037547, -2.849921011245613, 0.0 ], [ 120.291204204810242, -2.85074734701243, 0.0 ], [ 120.291046698446394, -2.851181090035254, 0.0 ], [ 120.290622999951552, -2.85100565029046, 0.0 ], [ 120.290155241870934, -2.85086216975327, 0.0 ] ] ] ] } },
{ "type": "Feature", "properties": { "OBJECTID": 918, "WADMPR": "Sulawesi Selatan", "WADMKK": "Kab. Luwu Utara", "WADMKC": "Kec. Malangke Barat", "WADMKD": "Desa Pombakka", "POKTAN": "Saromase", "K_POKTAN": "Abdullah", "P_SID": "Universitas Negeri Makassar", "NO_HP_1": "082326497062", "NAMA_PEMIL": "Takdir 2", "N_PETAK": "PK04", "LUAS_HA": 1.4982099604300001, "PAKET": "Paket Sulawesi Selatan 16" }, "geometry": { "type": "MultiPolygon", "coordinates": [ [ [ [ 120.290155241870934, -2.85086216975327, 0.0 ], [ 120.28847555919981, -2.850369225259499, 0.0 ], [ 120.288787261522998, -2.849696287753432, 0.0 ], [ 120.29041604886163, -2.850241393825229, 0.0 ], [ 120.290155241870934, -2.85086216975327, 0.0 ] ] ] ] } },
{ "type": "Feature", "properties": { "OBJECTID": 919, "WADMPR": "Sulawesi Selatan", "WADMKK": "Kab. Luwu Utara", "WADMKC": "Kec. Malangke Barat", "WADMKD": "Desa Pombakka", "POKTAN": "Saroja 2", "K_POKTAN": "Abdullah", "P_SID": "Universitas Negeri Makassar", "NO_HP_1": "087739658123", "NAMA_PEMIL": "Hasim", "N_PETAK": "PK05", "LUAS_HA": 3.1113190573999998, "PAKET": "Paket Sulawesi Selatan 16" }, "geometry": { "type": "MultiPolygon", "coordinates": [ [ [ [ 120.276927957459293, -2.844185718895744, 0.0 ], [ 120.277183656300735, -2.844202243039035, 0.0 ], [ 120.277339411684579, -2.844181470498427, 0.0 ], [ 120.277393244202926, -2.844669057730755, 0.0 ], [ 120.277463133217111, -2.844704401087199, 0.0 ], [ 120.277476628443765, -2.845342654439889, 0.0 ], [ 120.27693724565745, -2.845705712548522, 0.0 ], [ 120.276351708764423, -2.846035995764566, 0.0 ], [ 120.276103929352871, -2.845666043453093, 0.0 ], [ 120.275841868707289, -2.845524711396251, 0.0 ], [ 120.275792964473794, -2.845484028764872, 0.0 ], [ 120.275772156859603, -2.845413987765255, 0.0 ], [ 120.275692804279515, -2.845152481102048, 0.0 ], [ 120.275615474274787, -2.845093612380253, 0.0 ], [ 120.275482081432983, -2.844853298241048, 0.0 ], [ 120.275699198459279, -2.844704428066848, 0.0 ], [ 120.275972547395213, -2.844465079799534, 0.0 ], [ 120.276284825284506, -2.844242967039236, 0.0 ], [ 120.276614106655757, -2.84404048557991, 0.0 ], [ 120.276927957459293, -2.844185718895744, 0.0 ] ] ] ] } },
{ "type": "Feature", "properties": { "OBJECTID": 920, "WADMPR": "Sulawesi Selatan", "WADMKK": "Kab. Luwu Utara", "WADMKC": "Kec. Malangke Barat", "WADMKD": "Desa Pombakka", "POKTAN": "Saroja 2", "K_POKTAN": "Abdullah", "P_SID": "Universitas Negeri Makassar", "NO_HP_1": "087739658123", "NAMA_PEMIL": "Ramang", "N_PETAK": "PK06", "LUAS_HA": 0.15203198386, "PAKET": "Paket Sulawesi Selatan 16" }, "geometry": { "type": "MultiPolygon", "coordinates": [ [ [ [ 120.271369407072484, -2.848724723167379, 0.0 ], [ 120.271433803926925, -2.848697900887373, 0.0 ], [ 120.27166806652815, -2.848509073834634, 0.0 ], [ 120.271703131994059, -2.84846362209845, 0.0 ], [ 120.271832108265244, -2.848646989367012, 0.0 ], [ 120.271881295785192, -2.848708532672617, 0.0 ], [ 120.271839631094167, -2.848742947928656, 0.0 ], [ 120.271745969401081, -2.848927228009131, 0.0 ], [ 120.271685234586016, -2.848965575101147, 0.0 ], [ 120.271632597266603, -2.84892543296229, 0.0 ], [ 120.271579959047926, -2.848885290823489, 0.0 ], [ 120.27152732082925, -2.848845148684632, 0.0 ], [ 120.271474682610574, -2.848805007445094, 0.0 ], [ 120.271422045291274, -2.848764865306237, 0.0 ], [ 120.271369407072484, -2.848724723167379, 0.0 ] ] ] ] } },
{ "type": "Feature", "properties": { "OBJECTID": 921, "WADMPR": "Sulawesi Selatan", "WADMKK": "Kab. Luwu Utara", "WADMKC": "Kec. Malangke Barat", "WADMKD": "Desa Pombakka", "POKTAN": "Saroja 2", "K_POKTAN": "Abdullah", "P_SID": "Universitas Negeri Makassar", "NO_HP_1": "087739658123", "NAMA_PEMIL": "Fatman", "N_PETAK": "PK07", "LUAS_HA": 0.527314498, "PAKET": "Paket Sulawesi Selatan 16" }, "geometry": { "type": "MultiPolygon", "coordinates": [ [ [ [ 120.271703131994059, -2.84846362209845, 0.0 ], [ 120.27166806652815, -2.848509073834634, 0.0 ], [ 120.271433803926925, -2.848697900887373, 0.0 ], [ 120.271369407072484, -2.848724723167379, 0.0 ], [ 120.271316768853808, -2.848684581028522, 0.0 ], [ 120.271264674724989, -2.848657340563761, 0.0 ], [ 120.270872683627545, -2.848405140984426, 0.0 ], [ 120.270690358673164, -2.848258586564498, 0.0 ], [ 120.270704367412691, -2.848241557901531, 0.0 ], [ 120.271259619635771, -2.847917346907991, 0.0 ], [ 120.271323811444859, -2.847924332841615, 0.0 ], [ 120.271703131994059, -2.84846362209845, 0.0 ] ] ] ] } },
{ "type": "Feature", "properties": { "OBJECTID": 922, "WADMPR": "Sulawesi Selatan", "WADMKK": "Kab. Luwu Utara", "WADMKC": "Kec. Malangke Barat", "WADMKD": "Desa Pombakka", "POKTAN": "Saroja 2", "K_POKTAN": "Abdullah", "P_SID": "Universitas Negeri Makassar", "NO_HP_1": "087739658123", "NAMA_PEMIL": "Supomo", "N_PETAK": "PK08", "LUAS_HA": 0.66460016305000003, "PAKET": "Paket Sulawesi Selatan 16" }, "geometry": { "type": "MultiPolygon", "coordinates": [ [ [ [ 120.269553054429934, -2.851838435994978, 0.0 ], [ 120.269327397441543, -2.852050138203253, 0.0 ], [ 120.269027211836374, -2.85173378188847, 0.0 ], [ 120.268481673190763, -2.85124225742419, 0.0 ], [ 120.268802918220217, -2.850909315812203, 0.0 ], [ 120.269175750160798, -2.851174690459573, 0.0 ], [ 120.269314078482012, -2.851271889186307, 0.0 ], [ 120.269523687068613, -2.851438916672635, 0.0 ], [ 120.269327257147211, -2.85165068902802, 0.0 ], [ 120.269553054429934, -2.851838435994978, 0.0 ] ] ] ] } },
{ "type": "Feature", "properties": { "OBJECTID": 923, "WADMPR": "Sulawesi Selatan", "WADMKK": "Kab. Luwu Utara", "WADMKC": "Kec. Malangke Barat", "WADMKD": "Desa Pombakka", "POKTAN": "Saroja 2", "K_POKTAN": "Hasman", "P_SID": "Universitas Negeri Makassar", "NO_HP_1": "087739658123", "NAMA_PEMIL": "Supomo 2", "N_PETAK": "PK09", "LUAS_HA": 1.1786957573700001, "PAKET": "Paket Sulawesi Selatan 16" }, "geometry": { "type": "MultiPolygon", "coordinates": [ [ [ [ 120.270263302109811, -2.851124921977544, 0.0 ], [ 120.269834021522911, -2.851528124023673, 0.0 ], [ 120.269428472246204, -2.851200108897842, 0.0 ], [ 120.268911835113158, -2.850827944254149, 0.0 ], [ 120.269535774856195, -2.850206161984715, 0.0 ], [ 120.270416194951508, -2.850990876227911, 0.0 ], [ 120.270263302109811, -2.851124921977544, 0.0 ] ] ] ] } },
{ "type": "Feature", "properties": { "OBJECTID": 924, "WADMPR": "Sulawesi Selatan", "WADMKK": "Kab. Luwu Utara", "WADMKC": "Kec. Malangke Barat", "WADMKD": "Desa Pombakka", "POKTAN": "Saroja 2", "K_POKTAN": "Hasman", "P_SID": "Universitas Negeri Makassar", "NO_HP_1": "087739658123", "NAMA_PEMIL": "Rasding/Hasman", "N_PETAK": "PK10", "LUAS_HA": 2.0359864596200001, "PAKET": "Paket Sulawesi Selatan 16" }, "geometry": { "type": "MultiPolygon", "coordinates": [ [ [ [ 120.280257848421002, -2.844999077445436, 0.0 ], [ 120.279971224592373, -2.845834624068573, 0.0 ], [ 120.279473429155473, -2.845807873734316, 0.0 ], [ 120.278771420164958, -2.845789887293392, 0.0 ], [ 120.278269105634763, -2.84571272905913, 0.0 ], [ 120.27834886830567, -2.84502261180404, 0.0 ], [ 120.278455511712536, -2.84477031329925, 0.0 ], [ 120.280257848421002, -2.844999077445436, 0.0 ] ] ] ] } },
{ "type": "Feature", "properties": { "OBJECTID": 925, "WADMPR": "Sulawesi Selatan", "WADMKK": "Kab. Luwu Utara", "WADMKC": "Kec. Malangke Barat", "WADMKD": "Desa Pombakka", "POKTAN": "Saroja 2", "K_POKTAN": "Hasman", "P_SID": "Universitas Negeri Makassar", "NO_HP_1": "087739658123", "NAMA_PEMIL": "Marlina Kasuanto", "N_PETAK": "PK11", "LUAS_HA": 1.3680913271799999, "PAKET": "Paket Sulawesi Selatan 16" }, "geometry": { "type": "MultiPolygon", "coordinates": [ [ [ [ 120.28278078130802, -2.862306981681797, 0.0 ], [ 120.282696546308671, -2.863609772872678, 0.0 ], [ 120.281844682386236, -2.863460848739123, 0.0 ], [ 120.281874807876193, -2.863305867671613, 0.0 ], [ 120.281926801280861, -2.863055730237704, 0.0 ], [ 120.281930571238945, -2.862604180638357, 0.0 ], [ 120.281960831627089, -2.862392074634499, 0.0 ], [ 120.281931574882378, -2.862178466762771, 0.0 ], [ 120.281893952643827, -2.86207092763118, 0.0 ], [ 120.28278078130802, -2.862306981681797, 0.0 ] ] ] ] } },
{ "type": "Feature", "properties": { "OBJECTID": 926, "WADMPR": "Sulawesi Selatan", "WADMKK": "Kab. Luwu Utara", "WADMKC": "Kec. Malangke Barat", "WADMKD": "Desa Pombakka", "POKTAN": "Saroja 2", "K_POKTAN": "Hasman", "P_SID": "Universitas Negeri Makassar", "NO_HP_1": "087739658123", "NAMA_PEMIL": "Marlina Kasuanto", "N_PETAK": "PK12", "LUAS_HA": 1.3806725422399999, "PAKET": "Paket Sulawesi Selatan 16" }, "geometry": { "type": "MultiPolygon", "coordinates": [ [ [ [ 120.282696546308671, -2.863609772872678, 0.0 ], [ 120.28278078130802, -2.862306981681797, 0.0 ], [ 120.283608287992138, -2.86245992578489, 0.0 ], [ 120.283582406402957, -2.863110000725896, 0.0 ], [ 120.283600408132429, -2.863507197998729, 0.0 ], [ 120.283575469032712, -2.863757401083149, 0.0 ], [ 120.283111648184104, -2.8636882890832, 0.0 ], [ 120.282696546308671, -2.863609772872678, 0.0 ] ] ] ] } },
{ "type": "Feature", "properties": { "OBJECTID": 927, "WADMPR": "Sulawesi Selatan", "WADMKK": "Kab. Luwu Utara", "WADMKC": "Kec. Malangke Barat", "WADMKD": "Desa Pombakka", "POKTAN": "Saroja 2", "K_POKTAN": "Hasman", "P_SID": "Universitas Negeri Makassar", "NO_HP_1": "087739658123", "NAMA_PEMIL": "Isno", "N_PETAK": "PK13", "LUAS_HA": 0.78023211167999995, "PAKET": "Paket Sulawesi Selatan 16" }, "geometry": { "type": "MultiPolygon", "coordinates": [ [ [ [ 120.28129387281399, -2.861743363965047, 0.0 ], [ 120.281327979602679, -2.862171632814579, 0.0 ], [ 120.280880279101666, -2.862432191592347, 0.0 ], [ 120.280847899011405, -2.86251302985238, 0.0 ], [ 120.280631461872531, -2.862426169731918, 0.0 ], [ 120.280371762846585, -2.862129725306545, 0.0 ], [ 120.28060620711085, -2.861488425050709, 0.0 ], [ 120.28129387281399, -2.861743363965047, 0.0 ] ] ] ] } },
{ "type": "Feature", "properties": { "OBJECTID": 928, "WADMPR": "Sulawesi Selatan", "WADMKK": "Kab. Luwu Utara", "WADMKC": "Kec. Malangke Barat", "WADMKD": "Desa Pombakka", "POKTAN": "Saroja 2", "K_POKTAN": "Hasman", "P_SID": "Universitas Negeri Makassar", "NO_HP_1": "087739658123", "NAMA_PEMIL": "Supriyono", "N_PETAK": "PK14", "LUAS_HA": 0.74905869101, "PAKET": "Paket Sulawesi Selatan 16" }, "geometry": { "type": "MultiPolygon", "coordinates": [ [ [ [ 120.280679513548762, -2.862950199292243, 0.0 ], [ 120.280627955415866, -2.863058300500143, 0.0 ], [ 120.280529546201706, -2.862985242275045, 0.0 ], [ 120.28042478057921, -2.863047701989785, 0.0 ], [ 120.280126007809031, -2.863051034877287, 0.0 ], [ 120.280084479814946, -2.863171296717894, 0.0 ], [ 120.279812087757705, -2.863079111711613, 0.0 ], [ 120.279707675568829, -2.862991878372441, 0.0 ], [ 120.279865920276052, -2.862859757172032, 0.0 ], [ 120.280018210572052, -2.862693233306004, 0.0 ], [ 120.28001366000251, -2.862489922671728, 0.0 ], [ 120.280295855569307, -2.862122599977965, 0.0 ], [ 120.280393521044175, -2.86222667402177, 0.0 ], [ 120.280630308042305, -2.862487516085935, 0.0 ], [ 120.28069735789677, -2.86249307029891, 0.0 ], [ 120.280895608945229, -2.862601430511575, 0.0 ], [ 120.280679513548762, -2.862950199292243, 0.0 ] ] ] ] } },
{ "type": "Feature", "properties": { "OBJECTID": 929, "WADMPR": "Sulawesi Selatan", "WADMKK": "Kab. Luwu Utara", "WADMKC": "Kec. Malangke Barat", "WADMKD": "Desa Pombakka", "POKTAN": "Tunas Baru", "K_POKTAN": "Hasman", "P_SID": "Universitas Negeri Makassar", "NO_HP_1": "085399326418", "NAMA_PEMIL": "Asdar", "N_PETAK": "PK15", "LUAS_HA": 0.4348462969, "PAKET": "Paket Sulawesi Selatan 16" }, "geometry": { "type": "MultiPolygon", "coordinates": [ [ [ [ 120.266751199508349, -2.848334255521422, 0.0 ], [ 120.266079878983305, -2.848777771476932, 0.0 ], [ 120.2655565266125, -2.848610387859082, 0.0 ], [ 120.266524210623857, -2.848082944472253, 0.0 ], [ 120.266751199508349, -2.848334255521422, 0.0 ] ] ] ] } },
{ "type": "Feature", "properties": { "OBJECTID": 930, "WADMPR": "Sulawesi Selatan", "WADMKK": "Kab. Luwu Utara", "WADMKC": "Kec. Malangke Barat", "WADMKD": "Desa Pombakka", "POKTAN": "Tunas Baru", "K_POKTAN": "Hasman", "P_SID": "Universitas Negeri Makassar", "NO_HP_1": "085399326418", "NAMA_PEMIL": "Amiruddin", "N_PETAK": "PK16", "LUAS_HA": 0.50619763674999996, "PAKET": "Paket Sulawesi Selatan 16" }, "geometry": { "type": "MultiPolygon", "coordinates": [ [ [ [ 120.28129387281399, -2.861743363965047, 0.0 ], [ 120.280419102259771, -2.86141382988427, 0.0 ], [ 120.280710698440089, -2.860982795619464, 0.0 ], [ 120.280759084664055, -2.860936220630037, 0.0 ], [ 120.280944429541819, -2.861070293359319, 0.0 ], [ 120.281018483316416, -2.861073530019326, 0.0 ], [ 120.281067161820147, -2.861114458165673, 0.0 ], [ 120.28106693249299, -2.861211556168314, 0.0 ], [ 120.28113794565968, -2.861242742858224, 0.0 ], [ 120.281190279907605, -2.861232078697412, 0.0 ], [ 120.281286620681044, -2.861329406926529, 0.0 ], [ 120.281441989356381, -2.861531028634033, 0.0 ], [ 120.28129387281399, -2.861743363965047, 0.0 ] ] ] ] } },
{ "type": "Feature", "properties": { "OBJECTID": 931, "WADMPR": "Sulawesi Selatan", "WADMKK": "Kab. Luwu Utara", "WADMKC": "Kec. Malangke Barat", "WADMKD": "Desa Pombakka", "POKTAN": "Tunas Baru", "K_POKTAN": "Hasman", "P_SID": "Universitas Negeri Makassar", "NO_HP_1": "085399326418", "NAMA_PEMIL": "Lukman", "N_PETAK": "PK17", "LUAS_HA": 1.43322643348, "PAKET": "Paket Sulawesi Selatan 16" }, "geometry": { "type": "MultiPolygon", "coordinates": [ [ [ [ 120.278382466977291, -2.860339733591786, 0.0 ], [ 120.278545970919936, -2.86039406703253, 0.0 ], [ 120.278674083841906, -2.860384259026262, 0.0 ], [ 120.278836610221447, -2.860284850665266, 0.0 ], [ 120.278980170798263, -2.860264963956865, 0.0 ], [ 120.2790538243745, -2.860313689225336, 0.0 ], [ 120.279099268016921, -2.860381226512345, 0.0 ], [ 120.279296294188725, -2.860439686042639, 0.0 ], [ 120.279359199067812, -2.860496476431194, 0.0 ], [ 120.279307420601071, -2.860840243182622, 0.0 ], [ 120.279212961209282, -2.861082763358809, 0.0 ], [ 120.278238009776373, -2.86102379661088, 0.0 ], [ 120.278006993727786, -2.861159453046298, 0.0 ], [ 120.277564614515427, -2.860492195658253, 0.0 ], [ 120.277582735854594, -2.860486170200545, 0.0 ], [ 120.278052864548158, -2.860193300580306, 0.0 ], [ 120.278259250863812, -2.860263918944668, 0.0 ], [ 120.278382466977291, -2.860339733591786, 0.0 ] ] ] ] } },
{ "type": "Feature", "properties": { "OBJECTID": 932, "WADMPR": "Sulawesi Selatan", "WADMKK": "Kab. Luwu Utara", "WADMKC": "Kec. Malangke Barat", "WADMKD": "Desa Pombakka", "POKTAN": "Tunas Baru", "K_POKTAN": "Hasman", "P_SID": "Universitas Negeri Makassar", "NO_HP_1": "085399326418", "NAMA_PEMIL": "Marlina Kasuanto", "N_PETAK": "PK18", "LUAS_HA": 0.50904847759000005, "PAKET": "Paket Sulawesi Selatan 16" }, "geometry": { "type": "MultiPolygon", "coordinates": [ [ [ [ 120.277620120672054, -2.866054229119356, 0.0 ], [ 120.277553249782727, -2.866087203661493, 0.0 ], [ 120.277222620327734, -2.865373249875518, 0.0 ], [ 120.277284023339121, -2.865345298946352, 0.0 ], [ 120.277345425451131, -2.865317348017129, 0.0 ], [ 120.277406828462404, -2.865289397087963, 0.0 ], [ 120.277468230574414, -2.86526144615874, 0.0 ], [ 120.277529632686424, -2.865233495229575, 0.0 ], [ 120.277591034798434, -2.865205544300409, 0.0 ], [ 120.27765243780982, -2.865177593371186, 0.0 ], [ 120.277720047941898, -2.865156512363114, 0.0 ], [ 120.278021345109096, -2.865856380967159, 0.0 ], [ 120.277954474219655, -2.865889355509296, 0.0 ], [ 120.277887603330328, -2.865922330051433, 0.0 ], [ 120.277820733340263, -2.86595530459357, 0.0 ], [ 120.27775386155156, -2.865988280035026, 0.0 ], [ 120.277686991561495, -2.866021254577163, 0.0 ], [ 120.277620120672054, -2.866054229119356, 0.0 ] ] ] ] } },
{ "type": "Feature", "properties": { "OBJECTID": 933, "WADMPR": "Sulawesi Selatan", "WADMKK": "Kab. Luwu Utara", "WADMKC": "Kec. Malangke Barat", "WADMKD": "Desa Pombakka", "POKTAN": "Tunas Baru", "K_POKTAN": "Hasman", "P_SID": "Universitas Negeri Makassar", "NO_HP_1": "085399326418", "NAMA_PEMIL": "Marlina Kasuanto", "N_PETAK": "PK19", "LUAS_HA": 0.67150501241000005, "PAKET": "Paket Sulawesi Selatan 16" }, "geometry": { "type": "MultiPolygon", "coordinates": [ [ [ [ 120.277138047183143, -2.864309495786529, 0.0 ], [ 120.277068145578482, -2.864330337574984, 0.0 ], [ 120.277039782759857, -2.864265844493104, 0.0 ], [ 120.277011420840495, -2.864201349612529, 0.0 ], [ 120.276983058921132, -2.86413685473201, 0.0 ], [ 120.276954696102393, -2.86407236165013, 0.0 ], [ 120.276926334183031, -2.864007867668931, 0.0 ], [ 120.276897973163045, -2.863943371889036, 0.0 ], [ 120.276963626370275, -2.863908497079422, 0.0 ], [ 120.277029280476995, -2.863873620471168, 0.0 ], [ 120.277094934583602, -2.863838744762234, 0.0 ], [ 120.277160588690322, -2.863803869053243, 0.0 ], [ 120.277226243696305, -2.863768992444989, 0.0 ], [ 120.277291897802911, -2.863734116736055, 0.0 ], [ 120.277357551010255, -2.86369924192644, 0.0 ], [ 120.277423205116861, -2.863664366217506, 0.0 ], [ 120.277488859223581, -2.863629489609195, 0.0 ], [ 120.277554513330188, -2.863594613900261, 0.0 ], [ 120.277853734861992, -2.863440403551749, 0.0 ], [ 120.277900360213494, -2.863575373804395, 0.0 ], [ 120.277974839367403, -2.863842571377518, 0.0 ], [ 120.277990666536084, -2.863955890451962, 0.0 ], [ 120.278046769842604, -2.864038553436444, 0.0 ], [ 120.277976869137319, -2.864059396124162, 0.0 ], [ 120.277906966633282, -2.864080237013297, 0.0 ], [ 120.277837065028621, -2.864101078801696, 0.0 ], [ 120.277767164323222, -2.864121921489414, 0.0 ], [ 120.277697261819185, -2.864142761479229, 0.0 ], [ 120.2776273611139, -2.864163603267627, 0.0 ], [ 120.2775574577106, -2.864184445056026, 0.0 ], [ 120.277487556105939, -2.8642052877438, 0.0 ], [ 120.277417654501164, -2.864226129532199, 0.0 ], [ 120.27734775199724, -2.864246970421277, 0.0 ], [ 120.277277850392579, -2.864267812209732, 0.0 ], [ 120.277207948787918, -2.86428865489745, 0.0 ], [ 120.277138047183143, -2.864309495786529, 0.0 ] ] ] ] } },
{ "type": "Feature", "properties": { "OBJECTID": 934, "WADMPR": "Sulawesi Selatan", "WADMKK": "Kab. Luwu Utara", "WADMKC": "Kec. Malangke Barat", "WADMKD": "Desa Pombakka", "POKTAN": "Tunas Baru", "K_POKTAN": "Hasman", "P_SID": "Universitas Negeri Makassar", "NO_HP_1": "085399326418", "NAMA_PEMIL": "Suwardi", "N_PETAK": "PK20", "LUAS_HA": 2.8080459818, "PAKET": "Paket Sulawesi Selatan 16" }, "geometry": { "type": "MultiPolygon", "coordinates": [ [ [ [ 120.276815440580208, -2.869966931128943, 0.0 ], [ 120.276919257417831, -2.870093104213367, 0.0 ], [ 120.277288235763535, -2.870072747159497, 0.0 ], [ 120.277422891253536, -2.871194249415055, 0.0 ], [ 120.277464094592347, -2.871635840821341, 0.0 ], [ 120.277428872644464, -2.871854226791072, 0.0 ], [ 120.276238258388958, -2.871567665914995, 0.0 ], [ 120.276081644152669, -2.871435298300355, 0.0 ], [ 120.276012328006573, -2.871395685862183, 0.0 ], [ 120.276014052906248, -2.871304660981252, 0.0 ], [ 120.275993938669444, -2.870878291499878, 0.0 ], [ 120.275815773079557, -2.870289208580061, 0.0 ], [ 120.276143206343932, -2.870289992788912, 0.0 ], [ 120.276228417107859, -2.869989799989241, 0.0 ], [ 120.276815440580208, -2.869966931128943, 0.0 ] ] ] ] } },
{ "type": "Feature", "properties": { "OBJECTID": 935, "WADMPR": "Sulawesi Selatan", "WADMKK": "Kab. Luwu Utara", "WADMKC": "Kec. Malangke Barat", "WADMKD": "Desa Pombakka", "POKTAN": "Tunas Baru", "K_POKTAN": "Hasman", "P_SID": "Universitas Negeri Makassar", "NO_HP_1": "085399326418", "NAMA_PEMIL": "Latief", "N_PETAK": "PK21", "LUAS_HA": 0.49736479395, "PAKET": "Paket Sulawesi Selatan 16" }, "geometry": { "type": "MultiPolygon", "coordinates": [ [ [ [ 120.279683172640375, -2.866294093597503, 0.0 ], [ 120.279658900837717, -2.866573526447041, 0.0 ], [ 120.279222682880572, -2.866633170384432, 0.0 ], [ 120.279172168860555, -2.866299274591825, 0.0 ], [ 120.279265720836406, -2.866299497623686, 0.0 ], [ 120.279073914329729, -2.8657346559296, 0.0 ], [ 120.279076433330829, -2.865730267238007, 0.0 ], [ 120.279143059604621, -2.865700719112851, 0.0 ], [ 120.279209684979037, -2.865671170987696, 0.0 ], [ 120.279276311252829, -2.86564162286254, 0.0 ], [ 120.279342936627245, -2.865612074737385, 0.0 ], [ 120.279409562901037, -2.865582526612286, 0.0 ], [ 120.279434436350243, -2.865647213947739, 0.0 ], [ 120.279459309799336, -2.865711903081831, 0.0 ], [ 120.279484183248542, -2.865776589517964, 0.0 ], [ 120.279509056697634, -2.865841277752736, 0.0 ], [ 120.27953393194548, -2.865905966886828, 0.0 ], [ 120.279558805394572, -2.865970654222281, 0.0 ], [ 120.279583678843778, -2.866035341557733, 0.0 ], [ 120.279608551393608, -2.866100029792506, 0.0 ], [ 120.279633425742077, -2.866164717127958, 0.0 ], [ 120.279658299191169, -2.866229405362731, 0.0 ], [ 120.279683172640375, -2.866294093597503, 0.0 ] ] ] ] } },
{ "type": "Feature", "properties": { "OBJECTID": 936, "WADMPR": "Sulawesi Selatan", "WADMKK": "Kab. Luwu Utara", "WADMKC": "Kec. Malangke Barat", "WADMKD": "Desa Pombakka", "POKTAN": "Tunas Baru", "K_POKTAN": "Hasman", "P_SID": "Universitas Negeri Makassar", "NO_HP_1": "085399326418", "NAMA_PEMIL": "M Mashur", "N_PETAK": "PK22", "LUAS_HA": 0.66782488745000002, "PAKET": "Paket Sulawesi Selatan 16" }, "geometry": { "type": "MultiPolygon", "coordinates": [ [ [ [ 120.2797970349053, -2.86239142262599, 0.0 ], [ 120.279975617780565, -2.862485912594764, 0.0 ], [ 120.2799638141787, -2.862692217971414, 0.0 ], [ 120.279892745254074, -2.862755769463149, 0.0 ], [ 120.279777778621678, -2.862878384829571, 0.0 ], [ 120.279700706722338, -2.86292826752549, 0.0 ], [ 120.279607032438662, -2.862979627807533, 0.0 ], [ 120.279454564976277, -2.86300808955167, 0.0 ], [ 120.279344393528959, -2.863016929887351, 0.0 ], [ 120.278791059559808, -2.86283203287195, 0.0 ], [ 120.27885798171053, -2.862607652920815, 0.0 ], [ 120.279012255011594, -2.86245327080178, 0.0 ], [ 120.279289842452386, -2.862475172890868, 0.0 ], [ 120.279501124677267, -2.862460505847594, 0.0 ], [ 120.27962825284169, -2.862299990352199, 0.0 ], [ 120.2797970349053, -2.86239142262599, 0.0 ] ] ] ] } },
{ "type": "Feature", "properties": { "OBJECTID": 937, "WADMPR": "Sulawesi Selatan", "WADMKK": "Kab. Luwu Utara", "WADMKC": "Kec. Malangke Barat", "WADMKD": "Desa Pombakka", "POKTAN": "Tunas Baru", "K_POKTAN": "Hasman", "P_SID": "Universitas Negeri Makassar", "NO_HP_1": "085399326418", "NAMA_PEMIL": "Mardin", "N_PETAK": "PK23", "LUAS_HA": 0.68943981342000005, "PAKET": "Paket Sulawesi Selatan 16" }, "geometry": { "type": "MultiPolygon", "coordinates": [ [ [ [ 120.278730119699276, -2.862957869609943, 0.0 ], [ 120.278676896921297, -2.863031989034994, 0.0 ], [ 120.278171018377861, -2.86231989684569, 0.0 ], [ 120.278466961880895, -2.862076530407478, 0.0 ], [ 120.278800061773495, -2.86191347252867, 0.0 ], [ 120.279000569221012, -2.861828610701764, 0.0 ], [ 120.279183994046207, -2.86178979146564, 0.0 ], [ 120.279188307194659, -2.861940000730385, 0.0 ], [ 120.27908953735232, -2.862072896247128, 0.0 ], [ 120.279049386220208, -2.862182888729308, 0.0 ], [ 120.279019528728327, -2.862246823332157, 0.0 ], [ 120.279013357580425, -2.862344095803337, 0.0 ], [ 120.279019212166986, -2.862380806129238, 0.0 ], [ 120.278966924683914, -2.8624182314162, 0.0 ], [ 120.278897218232146, -2.862464149001255, 0.0 ], [ 120.278846147531794, -2.862525471972901, 0.0 ], [ 120.278783122143409, -2.862617488805995, 0.0 ], [ 120.278781274935909, -2.862680636502148, 0.0 ], [ 120.278731877873952, -2.862752204550532, 0.0 ], [ 120.278704532188499, -2.86283065151332, 0.0 ], [ 120.278738741499751, -2.862900712297971, 0.0 ], [ 120.278730119699276, -2.862957869609943, 0.0 ] ] ] ] } },
{ "type": "Feature", "properties": { "OBJECTID": 938, "WADMPR": "Sulawesi Selatan", "WADMKK": "Kab. Luwu Utara", "WADMKC": "Kec. Malangke Barat", "WADMKD": "Desa Pombakka", "POKTAN": "Tunas Baru", "K_POKTAN": "Hasman", "P_SID": "Universitas Negeri Makassar", "NO_HP_1": "085399326418", "NAMA_PEMIL": "Herlina", "N_PETAK": "PK24", "LUAS_HA": 0.59659041455999995, "PAKET": "Paket Sulawesi Selatan 16" }, "geometry": { "type": "MultiPolygon", "coordinates": [ [ [ [ 120.276811759655061, -2.87628426470701, 0.0 ], [ 120.276591027354129, -2.876305923979146, 0.0 ], [ 120.276534810732983, -2.876031846592412, 0.0 ], [ 120.276484127640401, -2.875929317583882, 0.0 ], [ 120.276444091621556, -2.875632238237131, 0.0 ], [ 120.276427347144363, -2.875534910008071, 0.0 ], [ 120.276552211715284, -2.875495099719046, 0.0 ], [ 120.276741063049712, -2.875316338777964, 0.0 ], [ 120.276921515615527, -2.875100007759102, 0.0 ], [ 120.2771356558859, -2.875709849729731, 0.0 ], [ 120.276869937697484, -2.876089829481998, 0.0 ], [ 120.276811759655061, -2.87628426470701, 0.0 ] ] ] ] } },
{ "type": "Feature", "properties": { "OBJECTID": 939, "WADMPR": "Sulawesi Selatan", "WADMKK": "Kab. Luwu Utara", "WADMKC": "Kec. Malangke Barat", "WADMKD": "Desa Pombakka", "POKTAN": "Tunas Baru", "K_POKTAN": "Hasman", "P_SID": "Universitas Negeri Makassar", "NO_HP_1": "085399326418", "NAMA_PEMIL": "Herman", "N_PETAK": "PK25", "LUAS_HA": 1.0995083801100001, "PAKET": "Paket Sulawesi Selatan 16" }, "geometry": { "type": "MultiPolygon", "coordinates": [ [ [ [ 120.274807704112277, -2.875972229634669, 0.0 ], [ 120.274867321070019, -2.875887033259914, 0.0 ], [ 120.274977745226806, -2.875851455180452, 0.0 ], [ 120.275352679782372, -2.875874957163489, 0.0 ], [ 120.27547504873462, -2.875883372119858, 0.0 ], [ 120.276249139286392, -2.875674213194316, 0.0 ], [ 120.276383810964148, -2.875639773656587, 0.0 ], [ 120.276438930412382, -2.876018816315252, 0.0 ], [ 120.276522911802999, -2.876396220409219, 0.0 ], [ 120.276215698895498, -2.876378414732017, 0.0 ], [ 120.275558770221096, -2.876370010567484, 0.0 ], [ 120.275097142818936, -2.87632623246958, 0.0 ], [ 120.274901975545845, -2.87630528186321, 0.0 ], [ 120.274807704112277, -2.875972229634669, 0.0 ] ] ] ] } },
{ "type": "Feature", "properties": { "OBJECTID": 940, "WADMPR": "Sulawesi Selatan", "WADMKK": "Kab. Luwu Utara", "WADMKC": "Kec. Malangke Barat", "WADMKD": "Desa Pombakka", "POKTAN": "Tunas Baru", "K_POKTAN": "Hasman", "P_SID": "Universitas Negeri Makassar", "NO_HP_1": "085399326418", "NAMA_PEMIL": "Nirwan", "N_PETAK": "PK26", "LUAS_HA": 0.92440910575000002, "PAKET": "Paket Sulawesi Selatan 16" }, "geometry": { "type": "MultiPolygon", "coordinates": [ [ [ [ 120.278477740255539, -2.873845824924842, 0.0 ], [ 120.278428906169097, -2.874395299003822, 0.0 ], [ 120.27781804166932, -2.874289719494925, 0.0 ], [ 120.277485439101838, -2.874241131822714, 0.0 ], [ 120.277865667966239, -2.873533719705335, 0.0 ], [ 120.277986809343815, -2.873273723003877, 0.0 ], [ 120.278007181686121, -2.873272918110615, 0.0 ], [ 120.278499170200575, -2.873398693694696, 0.0 ], [ 120.278477740255539, -2.873845824924842, 0.0 ] ] ] ] } },
{ "type": "Feature", "properties": { "OBJECTID": 941, "WADMPR": "Sulawesi Selatan", "WADMKK": "Kab. Luwu Utara", "WADMKC": "Kec. Malangke Barat", "WADMKD": "Desa Pombakka", "POKTAN": "Tunas Baru", "K_POKTAN": "Hasman", "P_SID": "Universitas Negeri Makassar", "NO_HP_1": "085399326418", "NAMA_PEMIL": "Abdurahman", "N_PETAK": "PK27", "LUAS_HA": 0.13246837513000001, "PAKET": "Paket Sulawesi Selatan 16" }, "geometry": { "type": "MultiPolygon", "coordinates": [ [ [ [ 120.277875354564003, -2.866767557876472, 0.0 ], [ 120.277939576050699, -2.866738600605913, 0.0 ], [ 120.278003796638018, -2.866709641536659, 0.0 ], [ 120.2780680181246, -2.8666806842661, 0.0 ], [ 120.278132239611182, -2.866651726096222, 0.0 ], [ 120.278196461097878, -2.866622767926344, 0.0 ], [ 120.27826068258446, -2.866593809756466, 0.0 ], [ 120.278324904970418, -2.866564851586588, 0.0 ], [ 120.278389125557737, -2.86653589431603, 0.0 ], [ 120.278453347943696, -2.866506935246832, 0.0 ], [ 120.278517569430392, -2.866477977076954, 0.0 ], [ 120.278581790916974, -2.866449019806396, 0.0 ], [ 120.278620270209331, -2.866432662037653, 0.0 ], [ 120.278668181591343, -2.866720586285965, 0.0 ], [ 120.278393955816455, -2.866751933055241, 0.0 ], [ 120.27839057616427, -2.866698623942284, 0.0 ], [ 120.278316972950051, -2.866708471518677, 0.0 ], [ 120.278243369735833, -2.866718319994447, 0.0 ], [ 120.278169767420877, -2.866728168470161, 0.0 ], [ 120.278096163307396, -2.866738015147234, 0.0 ], [ 120.278022560093177, -2.866747862723628, 0.0 ], [ 120.277948956878959, -2.866757710300021, 0.0 ], [ 120.277875354564003, -2.866767557876472, 0.0 ] ] ] ] } },
{ "type": "Feature", "properties": { "OBJECTID": 942, "WADMPR": "Sulawesi Selatan", "WADMKK": "Kab. Luwu Utara", "WADMKC": "Kec. Malangke Barat", "WADMKD": "Desa Pombakka", "POKTAN": "Tunas Baru", "K_POKTAN": "Hasman", "P_SID": "Universitas Negeri Makassar", "NO_HP_1": "085399326418", "NAMA_PEMIL": "Hasan", "N_PETAK": "PK28", "LUAS_HA": 0.08422030302, "PAKET": "Paket Sulawesi Selatan 16" }, "geometry": { "type": "MultiPolygon", "coordinates": [ [ [ [ 120.277875354564003, -2.866767557876472, 0.0 ], [ 120.277879976179975, -2.866840992917446, 0.0 ], [ 120.277577498203073, -2.866852925122373, 0.0 ], [ 120.277217186623943, -2.866912742628926, 0.0 ], [ 120.277179853967141, -2.866818559328976, 0.0 ], [ 120.277221961124724, -2.866809967206166, 0.0 ], [ 120.277289195340131, -2.866796248048388, 0.0 ], [ 120.277356428656276, -2.866782529789873, 0.0 ], [ 120.277423663771174, -2.866768809732719, 0.0 ], [ 120.277490896187942, -2.866755090574941, 0.0 ], [ 120.277558130403463, -2.866741371417106, 0.0 ], [ 120.277621573976489, -2.866746608169365, 0.0 ], [ 120.277685019348269, -2.866751845821, 0.0 ], [ 120.277748464719934, -2.866757083472578, 0.0 ], [ 120.277811909192337, -2.866762320224836, 0.0 ], [ 120.277875354564003, -2.866767557876472, 0.0 ] ] ] ] } },
{ "type": "Feature", "properties": { "OBJECTID": 943, "WADMPR": "Sulawesi Selatan", "WADMKK": "Kab. Luwu Utara", "WADMKC": "Kec. Malangke Barat", "WADMKD": "Desa Pombakka", "POKTAN": "Tunas Baru", "K_POKTAN": "Hasman", "P_SID": "Universitas Negeri Makassar", "NO_HP_1": "085399326418", "NAMA_PEMIL": "Ikhwan", "N_PETAK": "PK29", "LUAS_HA": 0.30474774387999998, "PAKET": "Paket Sulawesi Selatan 16" }, "geometry": { "type": "MultiPolygon", "coordinates": [ [ [ [ 120.278699952840611, -2.867547674785328, 0.0 ], [ 120.27793664156286, -2.867594682348681, 0.0 ], [ 120.277930786076922, -2.867530931207455, 0.0 ], [ 120.277924929691835, -2.867467180965605, 0.0 ], [ 120.277919073306634, -2.867403431623018, 0.0 ], [ 120.27791321782081, -2.867339682280488, 0.0 ], [ 120.277907361435609, -2.867275931139261, 0.0 ], [ 120.277980543767171, -2.867271241174819, 0.0 ], [ 120.278053726997996, -2.867266550311001, 0.0 ], [ 120.278126910228821, -2.867261860346503, 0.0 ], [ 120.278200093459645, -2.867257171281381, 0.0 ], [ 120.27827327669047, -2.867252480417562, 0.0 ], [ 120.278346459921295, -2.86724779135244, 0.0 ], [ 120.27841964315212, -2.867243099589302, 0.0 ], [ 120.278694776342945, -2.867224222819573, 0.0 ], [ 120.278688310217376, -2.867446091863599, 0.0 ], [ 120.278699952840611, -2.867547674785328, 0.0 ] ] ] ] } },
{ "type": "Feature", "properties": { "OBJECTID": 944, "WADMPR": "Sulawesi Selatan", "WADMKK": "Kab. Luwu Utara", "WADMKC": "Kec. Malangke Barat", "WADMKD": "Desa Pombakka", "POKTAN": "Tunas Baru", "K_POKTAN": "Hasman", "P_SID": "Universitas Negeri Makassar", "NO_HP_1": "085399326418", "NAMA_PEMIL": "Herman 2", "N_PETAK": "PK30", "LUAS_HA": 0.75319043713, "PAKET": "Paket Sulawesi Selatan 16" }, "geometry": { "type": "MultiPolygon", "coordinates": [ [ [ [ 120.280030952166726, -2.864686648969609, 0.0 ], [ 120.280247508016146, -2.864994817856484, 0.0 ], [ 120.27962255024056, -2.864715903915794, 0.0 ], [ 120.27932920667763, -2.864576952364416, 0.0 ], [ 120.279192058266972, -2.864428132552234, 0.0 ], [ 120.279090496928916, -2.86430500007566, 0.0 ], [ 120.279061881400821, -2.864202523227846, 0.0 ], [ 120.279046933768996, -2.864062529362172, 0.0 ], [ 120.27903687754997, -2.864007888353342, 0.0 ], [ 120.27905582086953, -2.863893577326678, 0.0 ], [ 120.279049201859266, -2.863821021822673, 0.0 ], [ 120.279003233012872, -2.863698875902344, 0.0 ], [ 120.278959737302102, -2.863607458017725, 0.0 ], [ 120.279102681843369, -2.863458453844544, 0.0 ], [ 120.279292710390337, -2.863889941367631, 0.0 ], [ 120.279516629888576, -2.863955334670891, 0.0 ], [ 120.280030952166726, -2.864686648969609, 0.0 ] ] ] ] } },
{ "type": "Feature", "properties": { "OBJECTID": 945, "WADMPR": "Sulawesi Selatan", "WADMKK": "Kab. Luwu Utara", "WADMKC": "Kec. Malangke Barat", "WADMKD": "Desa Pombakka", "POKTAN": "Tunas Baru", "K_POKTAN": "Hasman", "P_SID": "Universitas Negeri Makassar", "NO_HP_1": "085399326418", "NAMA_PEMIL": "Agung", "N_PETAK": "PK31", "LUAS_HA": 1.2376272828599999, "PAKET": "Paket Sulawesi Selatan 16" }, "geometry": { "type": "MultiPolygon", "coordinates": [ [ [ [ 120.280247508016146, -2.864994817856484, 0.0 ], [ 120.280030952166726, -2.864686648969609, 0.0 ], [ 120.281993877215768, -2.864137682108321, 0.0 ], [ 120.282008568540618, -2.864206014396018, 0.0 ], [ 120.282023258966319, -2.864274347583034, 0.0 ], [ 120.282037950291283, -2.864342679870731, 0.0 ], [ 120.282052641616133, -2.864411012158428, 0.0 ], [ 120.282067332041834, -2.864479345345444, 0.0 ], [ 120.282082023366797, -2.864547677633141, 0.0 ], [ 120.282096714691647, -2.864616009920894, 0.0 ], [ 120.282111405117348, -2.864684343107911, 0.0 ], [ 120.282126096442312, -2.864752675395607, 0.0 ], [ 120.282140786867899, -2.864821007683304, 0.0 ], [ 120.282141438876351, -2.864824038398581, 0.0 ], [ 120.281536303058033, -2.864911063994384, 0.0 ], [ 120.281279647337897, -2.864838721629667, 0.0 ], [ 120.281151573985994, -2.864694955108064, 0.0 ], [ 120.280694150015051, -2.865052516560354, 0.0 ], [ 120.280247508016146, -2.864994817856484, 0.0 ] ] ] ] } },
{ "type": "Feature", "properties": { "OBJECTID": 946, "WADMPR": "Sulawesi Selatan", "WADMKK": "Kab. Luwu Utara", "WADMKC": "Kec. Malangke Barat", "WADMKD": "Desa Pombakka", "POKTAN": "Tunas Baru", "K_POKTAN": "Hasman", "P_SID": "Universitas Negeri Makassar", "NO_HP_1": "085399326418", "NAMA_PEMIL": "Maswan Sp", "N_PETAK": "PK32", "LUAS_HA": 2.1698294362700001, "PAKET": "Paket Sulawesi Selatan 16" }, "geometry": { "type": "MultiPolygon", "coordinates": [ [ [ [ 120.2755571388509, -2.854973653411321, 0.0 ], [ 120.27537159971962, -2.855231043877552, 0.0 ], [ 120.275185847448938, -2.855102528958525, 0.0 ], [ 120.274879305435661, -2.855124913084239, 0.0 ], [ 120.274779823330277, -2.855247079688922, 0.0 ], [ 120.27469298209553, -2.855386346003002, 0.0 ], [ 120.274403778111946, -2.854932501333849, 0.0 ], [ 120.274350524756983, -2.85484020661022, 0.0 ], [ 120.27436124737369, -2.854612375061038, 0.0 ], [ 120.274330034603508, -2.854351159778162, 0.0 ], [ 120.274482936438403, -2.854297760733004, 0.0 ], [ 120.274799388980682, -2.853993851035341, 0.0 ], [ 120.27506432565815, -2.853940718189563, 0.0 ], [ 120.275484648997463, -2.853859793594552, 0.0 ], [ 120.275700899077265, -2.853937114606083, 0.0 ], [ 120.276077418238287, -2.854076262209674, 0.0 ], [ 120.276297313270447, -2.854227837544613, 0.0 ], [ 120.276123679364332, -2.854434800325748, 0.0 ], [ 120.275853312580352, -2.854631292300269, 0.0 ], [ 120.2755571388509, -2.854973653411321, 0.0 ] ] ] ] } },
{ "type": "Feature", "properties": { "OBJECTID": 947, "WADMPR": "Sulawesi Selatan", "WADMKK": "Kab. Luwu Utara", "WADMKC": "Kec. Malangke Barat", "WADMKD": "Desa Pombakka", "POKTAN": "Tunas Baru", "K_POKTAN": "Hasman", "P_SID": "Universitas Negeri Makassar", "NO_HP_1": "085399326418", "NAMA_PEMIL": "Jasmani", "N_PETAK": "PK33", "LUAS_HA": 0.43304699548999998, "PAKET": "Paket Sulawesi Selatan 16" }, "geometry": { "type": "MultiPolygon", "coordinates": [ [ [ [ 120.277341090718778, -2.873166233334928, 0.0 ], [ 120.277118442861934, -2.873638057250503, 0.0 ], [ 120.277021753151416, -2.873608383220244, 0.0 ], [ 120.276947166078912, -2.873385466466061, 0.0 ], [ 120.276700263506427, -2.873347751597407, 0.0 ], [ 120.276891292099549, -2.872787525224055, 0.0 ], [ 120.276970145555879, -2.87255345597714, 0.0 ], [ 120.277089742797443, -2.872587024971153, 0.0 ], [ 120.277007022256385, -2.872840926967172, 0.0 ], [ 120.27718637674991, -2.872908562280259, 0.0 ], [ 120.277349230482628, -2.872955035646328, 0.0 ], [ 120.277341090718778, -2.873166233334928, 0.0 ] ] ] ] } },
{ "type": "Feature", "properties": { "OBJECTID": 948, "WADMPR": "Sulawesi Selatan", "WADMKK": "Kab. Luwu Utara", "WADMKC": "Kec. Malangke Barat", "WADMKD": "Desa Pombakka", "POKTAN": "Tunas Baru", "K_POKTAN": "Hasman", "P_SID": "Universitas Negeri Makassar", "NO_HP_1": "085399326418", "NAMA_PEMIL": "Jasmani 2", "N_PETAK": "PK34", "LUAS_HA": 0.7218797981, "PAKET": "Paket Sulawesi Selatan 16" }, "geometry": { "type": "MultiPolygon", "coordinates": [ [ [ [ 120.276249139286392, -2.875674213194316, 0.0 ], [ 120.27547504873462, -2.875883372119858, 0.0 ], [ 120.275352679782372, -2.875874957163489, 0.0 ], [ 120.275186393337435, -2.875263630412178, 0.0 ], [ 120.275897414434212, -2.875010597161292, 0.0 ], [ 120.276249139286392, -2.875674213194316, 0.0 ] ] ] ] } },
{ "type": "Feature", "properties": { "OBJECTID": 949, "WADMPR": "Sulawesi Selatan", "WADMKK": "Kab. Luwu Utara", "WADMKC": "Kec. Malangke Barat", "WADMKD": "Desa Pombakka", "POKTAN": "Tunas Baru", "K_POKTAN": "Hasman", "P_SID": "Universitas Negeri Makassar", "NO_HP_1": "085399326418", "NAMA_PEMIL": "Jasmani 3", "N_PETAK": "PK35", "LUAS_HA": 0.45262426152000002, "PAKET": "Paket Sulawesi Selatan 16" }, "geometry": { "type": "MultiPolygon", "coordinates": [ [ [ [ 120.275352679782372, -2.875874957163489, 0.0 ], [ 120.274977745226806, -2.875851455180452, 0.0 ], [ 120.274867321070019, -2.875887033259914, 0.0 ], [ 120.274807704112277, -2.875972229634669, 0.0 ], [ 120.274696465169768, -2.875968429099657, 0.0 ], [ 120.274511868527952, -2.875427783665259, 0.0 ], [ 120.27493214060587, -2.875372468164812, 0.0 ], [ 120.275186393337435, -2.875263630412178, 0.0 ], [ 120.275352679782372, -2.875874957163489, 0.0 ] ] ] ] } },
{ "type": "Feature", "properties": { "OBJECTID": 950, "WADMPR": "Sulawesi Selatan", "WADMKK": "Kab. Luwu Utara", "WADMKC": "Kec. Malangke Barat", "WADMKD": "Desa Pombakka", "POKTAN": "Tunas Baru", "K_POKTAN": "Hasman", "P_SID": "Universitas Negeri Makassar", "NO_HP_1": "085399326418", "NAMA_PEMIL": "Irwan", "N_PETAK": "PK36", "LUAS_HA": 0.28141113187, "PAKET": "Paket Sulawesi Selatan 16" }, "geometry": { "type": "MultiPolygon", "coordinates": [ [ [ [ 120.275733683862427, -2.861115944744995, 0.0 ], [ 120.27549081205143, -2.861259375819486, 0.0 ], [ 120.275389864051022, -2.861146805880367, 0.0 ], [ 120.275107094716759, -2.860798583887515, 0.0 ], [ 120.275063353491078, -2.860721672966804, 0.0 ], [ 120.275409584384875, -2.860478641076384, 0.0 ], [ 120.27546477937608, -2.860557499029312, 0.0 ], [ 120.27558207884988, -2.861024375774264, 0.0 ], [ 120.275684168089924, -2.861058221759492, 0.0 ], [ 120.275733683862427, -2.861115944744995, 0.0 ] ] ] ] } },
{ "type": "Feature", "properties": { "OBJECTID": 951, "WADMPR": "Sulawesi Selatan", "WADMKK": "Kab. Luwu Utara", "WADMKC": "Kec. Malangke Barat", "WADMKD": "Desa Pombakka", "POKTAN": "Tunas Baru", "K_POKTAN": "Abdullah", "P_SID": "Universitas Negeri Makassar", "NO_HP_1": "085399326418", "NAMA_PEMIL": "Ambo-", "N_PETAK": "PK37", "LUAS_HA": 0.55319564807, "PAKET": "Paket Sulawesi Selatan 16" }, "geometry": { "type": "MultiPolygon", "coordinates": [ [ [ [ 120.276279418560421, -2.864457023272962, 0.0 ], [ 120.276279086710588, -2.864527138916287, 0.0 ], [ 120.276347686996246, -2.864514377536466, 0.0 ], [ 120.276416285483265, -2.864501617955284, 0.0 ], [ 120.276484884869546, -2.864488857474726, 0.0 ], [ 120.276553484255942, -2.864476094296265, 0.0 ], [ 120.276622083642337, -2.864463334715083, 0.0 ], [ 120.276614298211371, -2.864514613158804, 0.0 ], [ 120.276606513679781, -2.864565888904622, 0.0 ], [ 120.276598731846093, -2.864617166449023, 0.0 ], [ 120.276616429604587, -2.864683463570941, 0.0 ], [ 120.276634129161835, -2.86474976069286, 0.0 ], [ 120.276661616040769, -2.864792968620577, 0.0 ], [ 120.276689102020555, -2.864836173850279, 0.0 ], [ 120.27667752684647, -2.864902073471853, 0.0 ], [ 120.276665950773122, -2.864967973093428, 0.0 ], [ 120.276647084795172, -2.865025344444064, 0.0 ], [ 120.276628219716599, -2.865082716693962, 0.0 ], [ 120.2766055801834, -2.865151562494589, 0.0 ], [ 120.276582940650201, -2.865220408295158, 0.0 ], [ 120.276510797935089, -2.865238449594699, 0.0 ], [ 120.276438655219863, -2.865256490894296, 0.0 ], [ 120.276366512504637, -2.865274532193837, 0.0 ], [ 120.276294369789412, -2.865292573493434, 0.0 ], [ 120.276222227973449, -2.865310614792975, 0.0 ], [ 120.276150083459697, -2.865328656991892, 0.0 ], [ 120.276176549608181, -2.865207360031604, 0.0 ], [ 120.276182431174334, -2.865181840869241, 0.0 ], [ 120.276186075227201, -2.865161175347907, 0.0 ], [ 120.276190829043571, -2.865130031825458, 0.0 ], [ 120.276192044927029, -2.865121534131447, 0.0 ], [ 120.276192576426297, -2.8651173990487, 0.0 ], [ 120.276197330242667, -2.865079067245119, 0.0 ], [ 120.276199750318256, -2.865053784604413, 0.0 ], [ 120.276200781840657, -2.865024235579938, 0.0 ], [ 120.276200783639297, -2.865023159990812, 0.0 ], [ 120.276200782740034, -2.864980037498697, 0.0 ], [ 120.276199889713212, -2.864951558667428, 0.0 ], [ 120.276197076633821, -2.864922125655539, 0.0 ], [ 120.276192355193075, -2.864892941755784, 0.0 ], [ 120.276185746075384, -2.864864131074739, 0.0 ], [ 120.276185444802536, -2.864863002425579, 0.0 ], [ 120.276139228642592, -2.86468971385915, 0.0 ], [ 120.276134945171634, -2.86467104213483, 0.0 ], [ 120.276131260649208, -2.864657888650584, 0.0 ], [ 120.2761164838887, -2.864608041028248, 0.0 ], [ 120.276111698596083, -2.864592878458552, 0.0 ], [ 120.276101405855229, -2.864565181138175, 0.0 ], [ 120.276098545111836, -2.864558350787206, 0.0 ], [ 120.276078079240051, -2.864510577001454, 0.0 ], [ 120.276068866584978, -2.864490447476101, 0.0 ], [ 120.276055066488198, -2.86446433745914, 0.0 ], [ 120.276054488224077, -2.864463327520525, 0.0 ], [ 120.276028612030927, -2.864418284975841, 0.0 ], [ 120.276021644083698, -2.86440699128957, 0.0 ], [ 120.276048523021018, -2.864354261340054, 0.0 ], [ 120.276081885170925, -2.864288811379481, 0.0 ], [ 120.276115248220208, -2.864223360519645, 0.0 ], [ 120.276148611269491, -2.864157908760433, 0.0 ], [ 120.276181974318774, -2.86409245790054, 0.0 ], [ 120.276215337367944, -2.864027007040704, 0.0 ], [ 120.276248701316604, -2.863961556180811, 0.0 ], [ 120.276282061667871, -2.863896106220295, 0.0 ], [ 120.276281732516054, -2.863966220064981, 0.0 ], [ 120.276281401565484, -2.864036335708306, 0.0 ], [ 120.27628107151429, -2.864106449552935, 0.0 ], [ 120.276280741463097, -2.86417656429694, 0.0 ], [ 120.276280410512641, -2.864246679940265, 0.0 ], [ 120.276280079562071, -2.864316793784951, 0.0 ], [ 120.276279749510877, -2.864386909428276, 0.0 ], [ 120.276279418560421, -2.864457023272962, 0.0 ] ] ] ] } },
{ "type": "Feature", "properties": { "OBJECTID": 952, "WADMPR": "Sulawesi Selatan", "WADMKK": "Kab. Luwu Utara", "WADMKC": "Kec. Malangke Barat", "WADMKD": "Desa Pombakka", "POKTAN": "Tunas Baru", "K_POKTAN": "Abdullah", "P_SID": "Universitas Negeri Makassar", "NO_HP_1": "085399326418", "NAMA_PEMIL": "Rasni", "N_PETAK": "PK38", "LUAS_HA": 1.59086215836, "PAKET": "Paket Sulawesi Selatan 16" }, "geometry": { "type": "MultiPolygon", "coordinates": [ [ [ [ 120.286753570620817, -2.864984710376064, 0.0 ], [ 120.286180892234484, -2.865179124017288, 0.0 ], [ 120.286210829765992, -2.864590167901895, 0.0 ], [ 120.286738044725098, -2.864265489260902, 0.0 ], [ 120.287093382153898, -2.864117171270379, 0.0 ], [ 120.287623350837066, -2.864059833194688, 0.0 ], [ 120.288174549815722, -2.863986562729622, 0.0 ], [ 120.288607666910366, -2.863962999592729, 0.0 ], [ 120.288154601953352, -2.864308833885502, 0.0 ], [ 120.287872478332247, -2.864552686856939, 0.0 ], [ 120.286753570620817, -2.864984710376064, 0.0 ] ] ] ] } },
{ "type": "Feature", "properties": { "OBJECTID": 1089, "WADMPR": "Sulawesi Selatan", "WADMKK": "Kab. Luwu Utara", "WADMKC": "Kec. Sabbang Selatan", "WADMKD": "Desa Tete Uri", "POKTAN": "Sikamase", "K_POKTAN": "Sada’ SP", "P_SID": "Universitas Negeri Makassar", "NO_HP_1": "082346775756", "NAMA_PEMIL": "Upe", "N_PETAK": "TU01", "LUAS_HA": 0.98927053489000005, "PAKET": "Paket Sulawesi Selatan 16" }, "geometry": { "type": "MultiPolygon", "coordinates": [ [ [ [ 120.23463687778974, -2.743600782050407, 0.0 ], [ 120.234510220870106, -2.743361260213931, 0.0 ], [ 120.234444970559025, -2.743156463899652, 0.0 ], [ 120.234452324315384, -2.743085299646793, 0.0 ], [ 120.234467990505436, -2.743061825542782, 0.0 ], [ 120.234608731707681, -2.742953535477227, 0.0 ], [ 120.234779187409686, -2.742875916790069, 0.0 ], [ 120.23523666084327, -2.742660587616001, 0.0 ], [ 120.235457250152081, -2.742968558652024, 0.0 ], [ 120.235531197806608, -2.743083734826428, 0.0 ], [ 120.235591358854208, -2.7431863915387, 0.0 ], [ 120.235636479639879, -2.743299064000553, 0.0 ], [ 120.235410876610786, -2.743434270774912, 0.0 ], [ 120.235166473254253, -2.743589508149228, 0.0 ], [ 120.234745577046851, -2.743868901428584, 0.0 ], [ 120.234727254259383, -2.743799904541902, 0.0 ], [ 120.234708932371404, -2.743730908554539, 0.0 ], [ 120.234690610483312, -2.743661912567177, 0.0 ], [ 120.234672287695957, -2.743592915680495, 0.0 ], [ 120.23463687778974, -2.743600782050407, 0.0 ] ] ] ] } },
{ "type": "Feature", "properties": { "OBJECTID": 1090, "WADMPR": "Sulawesi Selatan", "WADMKK": "Kab. Luwu Utara", "WADMKC": "Kec. Sabbang Selatan", "WADMKD": "Desa Tete Uri", "POKTAN": "Sikamase", "K_POKTAN": "Sada’ SP", "P_SID": "Universitas Negeri Makassar", "NO_HP_1": "082346775756", "NAMA_PEMIL": "Dorkas Sibilang", "N_PETAK": "TU02", "LUAS_HA": 0.33259403685, "PAKET": "Paket Sulawesi Selatan 16" }, "geometry": { "type": "MultiPolygon", "coordinates": [ [ [ [ 120.236525419012992, -2.735128101780447, 0.0 ], [ 120.236477791816696, -2.73549366360163, 0.0 ], [ 120.236161633352708, -2.73546518207246, 0.0 ], [ 120.235992431305704, -2.735419173655885, 0.0 ], [ 120.235770588342007, -2.735349692034617, 0.0 ], [ 120.235848609026107, -2.734987886681552, 0.0 ], [ 120.236051651662478, -2.735040467343651, 0.0 ], [ 120.236525419012992, -2.735128101780447, 0.0 ] ] ] ] } },
{ "type": "Feature", "properties": { "OBJECTID": 1091, "WADMPR": "Sulawesi Selatan", "WADMKK": "Kab. Luwu Utara", "WADMKC": "Kec. Sabbang Selatan", "WADMKD": "Desa Tete Uri", "POKTAN": "Sikamase", "K_POKTAN": "Sada’ SP", "P_SID": "Universitas Negeri Makassar", "NO_HP_1": "082346775756", "NAMA_PEMIL": "Yomma Bota", "N_PETAK": "TU03", "LUAS_HA": 0.38331242126999998, "PAKET": "Paket Sulawesi Selatan 16" }, "geometry": { "type": "MultiPolygon", "coordinates": [ [ [ [ 120.24347724228096, -2.729758501653464, 0.0 ], [ 120.243303652441682, -2.730736467613838, 0.0 ], [ 120.243018083517768, -2.730699793260783, 0.0 ], [ 120.243133415274997, -2.729727537995416, 0.0 ], [ 120.24347724228096, -2.729758501653464, 0.0 ] ] ] ] } },
{ "type": "Feature", "properties": { "OBJECTID": 1092, "WADMPR": "Sulawesi Selatan", "WADMKK": "Kab. Luwu Utara", "WADMKC": "Kec. Sabbang Selatan", "WADMKD": "Desa Tete Uri", "POKTAN": "Sikamase", "K_POKTAN": "Sada’ SP", "P_SID": "Universitas Negeri Makassar", "NO_HP_1": "082346775756", "NAMA_PEMIL": "Yulius Sampe Tonda", "N_PETAK": "TU04", "LUAS_HA": 0.3840471261, "PAKET": "Paket Sulawesi Selatan 16" }, "geometry": { "type": "MultiPolygon", "coordinates": [ [ [ [ 120.24379893247476, -2.729804836523954, 0.0 ], [ 120.243603499002347, -2.730782310555128, 0.0 ], [ 120.243303652441682, -2.730736467613838, 0.0 ], [ 120.24347724228096, -2.729758501653464, 0.0 ], [ 120.24379893247476, -2.729804836523954, 0.0 ] ] ] ] } },
{ "type": "Feature", "properties": { "OBJECTID": 1093, "WADMPR": "Sulawesi Selatan", "WADMKK": "Kab. Luwu Utara", "WADMKC": "Kec. Sabbang Selatan", "WADMKD": "Desa Tete Uri", "POKTAN": "Sikamase", "K_POKTAN": "Sada’ SP", "P_SID": "Universitas Negeri Makassar", "NO_HP_1": "082346775756", "NAMA_PEMIL": "Berkat", "N_PETAK": "TU05", "LUAS_HA": 0.36841771095999998, "PAKET": "Paket Sulawesi Selatan 16" }, "geometry": { "type": "MultiPolygon", "coordinates": [ [ [ [ 120.243603499002347, -2.730782310555128, 0.0 ], [ 120.24379893247476, -2.729804836523954, 0.0 ], [ 120.244071543067321, -2.729849692009623, 0.0 ], [ 120.243996721271742, -2.730346980228887, 0.0 ], [ 120.243943483205271, -2.730815522518299, 0.0 ], [ 120.243603499002347, -2.730782310555128, 0.0 ] ] ] ] } },
{ "type": "Feature", "properties": { "OBJECTID": 1094, "WADMPR": "Sulawesi Selatan", "WADMKK": "Kab. Luwu Utara", "WADMKC": "Kec. Sabbang Selatan", "WADMKD": "Desa Tete Uri", "POKTAN": "Sikamase", "K_POKTAN": "Sada’ SP", "P_SID": "Universitas Negeri Makassar", "NO_HP_1": "082346775756", "NAMA_PEMIL": "Marta", "N_PETAK": "TU06", "LUAS_HA": 0.70678772994000005, "PAKET": "Paket Sulawesi Selatan 16" }, "geometry": { "type": "MultiPolygon", "coordinates": [ [ [ [ 120.248797328433966, -2.72867543552286, 0.0 ], [ 120.248852110636449, -2.728585811785763, 0.0 ], [ 120.249426763934025, -2.72764137704786, 0.0 ], [ 120.24960351039374, -2.72770983434134, 0.0 ], [ 120.249625153478064, -2.727839541761398, 0.0 ], [ 120.249581868208679, -2.728185429114205, 0.0 ], [ 120.24943037111484, -2.728624994347967, 0.0 ], [ 120.249378048558128, -2.728799435845247, 0.0 ], [ 120.24935787946265, -2.728982091750083, 0.0 ], [ 120.249368636253621, -2.729097594378459, 0.0 ], [ 120.248797328433966, -2.72867543552286, 0.0 ] ] ] ] } },
{ "type": "Feature", "properties": { "OBJECTID": 1095, "WADMPR": "Sulawesi Selatan", "WADMKK": "Kab. Luwu Utara", "WADMKC": "Kec. Sabbang Selatan", "WADMKD": "Desa Tete Uri", "POKTAN": "Sikamase", "K_POKTAN": "Sada’ SP", "P_SID": "Universitas Negeri Makassar", "NO_HP_1": "082346775756", "NAMA_PEMIL": "Seni", "N_PETAK": "TU07", "LUAS_HA": 0.81863337091, "PAKET": "Paket Sulawesi Selatan 16" }, "geometry": { "type": "MultiPolygon", "coordinates": [ [ [ [ 120.248852110636449, -2.728585811785763, 0.0 ], [ 120.248797328433966, -2.72867543552286, 0.0 ], [ 120.248456459298268, -2.729087977927804, 0.0 ], [ 120.247814399115327, -2.729073566292016, 0.0 ], [ 120.247980324032824, -2.728648413593362, 0.0 ], [ 120.248268891296334, -2.727898991445272, 0.0 ], [ 120.248852110636449, -2.728585811785763, 0.0 ] ] ] ] } },
{ "type": "Feature", "properties": { "OBJECTID": 1096, "WADMPR": "Sulawesi Selatan", "WADMKK": "Kab. Luwu Utara", "WADMKC": "Kec. Sabbang Selatan", "WADMKD": "Desa Tete Uri", "POKTAN": "Sikamase", "K_POKTAN": "Sada’ SP", "P_SID": "Universitas Negeri Makassar", "NO_HP_1": "082346775756", "NAMA_PEMIL": "Agustina Manda", "N_PETAK": "TU08", "LUAS_HA": 0.21859585723, "PAKET": "Paket Sulawesi Selatan 16" }, "geometry": { "type": "MultiPolygon", "coordinates": [ [ [ [ 120.236894412647075, -2.734488622651781, 0.0 ], [ 120.23686736014065, -2.734981779385578, 0.0 ], [ 120.236521079784097, -2.734957459019483, 0.0 ], [ 120.23652919616552, -2.734719662982002, 0.0 ], [ 120.236534606486998, -2.734616978390818, 0.0 ], [ 120.236548133189899, -2.734437280356133, 0.0 ], [ 120.236894412647075, -2.734488622651781, 0.0 ] ] ] ] } },
{ "type": "Feature", "properties": { "OBJECTID": 1097, "WADMPR": "Sulawesi Selatan", "WADMKK": "Kab. Luwu Utara", "WADMKC": "Kec. Sabbang Selatan", "WADMKD": "Desa Tete Uri", "POKTAN": "Sikamase", "K_POKTAN": "Sada’ SP", "P_SID": "Universitas Negeri Makassar", "NO_HP_1": "082346775756", "NAMA_PEMIL": "Adriana Tandi Tasik", "N_PETAK": "TU09", "LUAS_HA": 1.24762524228, "PAKET": "Paket Sulawesi Selatan 16" }, "geometry": { "type": "MultiPolygon", "coordinates": [ [ [ [ 120.235124642188566, -2.73716105523846, 0.0 ], [ 120.234992187339685, -2.737659638481489, 0.0 ], [ 120.234740986007751, -2.737625907609527, 0.0 ], [ 120.234313547232432, -2.737563756362192, 0.0 ], [ 120.234559730347314, -2.736155897376705, 0.0 ], [ 120.235241977635269, -2.736246808943008, 0.0 ], [ 120.235241939863727, -2.736246977116252, 0.0 ], [ 120.235124642188566, -2.73716105523846, 0.0 ] ] ] ] } },
{ "type": "Feature", "properties": { "OBJECTID": 1098, "WADMPR": "Sulawesi Selatan", "WADMKK": "Kab. Luwu Utara", "WADMKC": "Kec. Sabbang Selatan", "WADMKD": "Desa Tete Uri", "POKTAN": "Sikamase", "K_POKTAN": "Sada’ SP", "P_SID": "Universitas Negeri Makassar", "NO_HP_1": "082346775756", "NAMA_PEMIL": "Elispina Tandi Rerung", "N_PETAK": "TU10", "LUAS_HA": 0.36289273438000003, "PAKET": "Paket Sulawesi Selatan 16" }, "geometry": { "type": "MultiPolygon", "coordinates": [ [ [ [ 120.236894412647075, -2.734488622651781, 0.0 ], [ 120.236548133189899, -2.734437280356133, 0.0 ], [ 120.236588713298488, -2.734121119194242, 0.0 ], [ 120.236645524371511, -2.733594859315247, 0.0 ], [ 120.237002625370906, -2.733684033391398, 0.0 ], [ 120.236894412647075, -2.734488622651781, 0.0 ] ] ] ] } },
{ "type": "Feature", "properties": { "OBJECTID": 1099, "WADMPR": "Sulawesi Selatan", "WADMKK": "Kab. Luwu Utara", "WADMKC": "Kec. Sabbang Selatan", "WADMKD": "Desa Tete Uri", "POKTAN": "Sikamase", "K_POKTAN": "Sada’ SP", "P_SID": "Universitas Negeri Makassar", "NO_HP_1": "082346775756", "NAMA_PEMIL": "Teresiai Passari", "N_PETAK": "TU11", "LUAS_HA": 2.00240128024, "PAKET": "Paket Sulawesi Selatan 16" }, "geometry": { "type": "MultiPolygon", "coordinates": [ [ [ [ 120.235993144468125, -2.739580852973916, 0.0 ], [ 120.235836950215116, -2.740333333716308, 0.0 ], [ 120.235760211964248, -2.740658472810253, 0.0 ], [ 120.234790007153151, -2.740660451318718, 0.0 ], [ 120.234860019374423, -2.740155860604432, 0.0 ], [ 120.233743064091186, -2.74015266531319, 0.0 ], [ 120.233836059386704, -2.73964108866528, 0.0 ], [ 120.234706753314072, -2.739649294079584, 0.0 ], [ 120.235993144468125, -2.739580852973916, 0.0 ] ] ] ] } },
{ "type": "Feature", "properties": { "OBJECTID": 1100, "WADMPR": "Sulawesi Selatan", "WADMKK": "Kab. Luwu Utara", "WADMKC": "Kec. Sabbang Selatan", "WADMKD": "Desa Tete Uri", "POKTAN": "Sikamase", "K_POKTAN": "Sada’ SP", "P_SID": "Universitas Negeri Makassar", "NO_HP_1": "082346775756", "NAMA_PEMIL": "Yusuf Tampang", "N_PETAK": "TU12", "LUAS_HA": 0.76821971789, "PAKET": "Paket Sulawesi Selatan 16" }, "geometry": { "type": "MultiPolygon", "coordinates": [ [ [ [ 120.234584077693057, -2.741482648405452, 0.0 ], [ 120.234475865868603, -2.742010931759069, 0.0 ], [ 120.233330166454039, -2.741869065504943, 0.0 ], [ 120.233394298008534, -2.74154682402667, 0.0 ], [ 120.233442648259711, -2.741334325918331, 0.0 ], [ 120.234584077693057, -2.741482648405452, 0.0 ] ] ] ] } },
{ "type": "Feature", "properties": { "OBJECTID": 1101, "WADMPR": "Sulawesi Selatan", "WADMKK": "Kab. Luwu Utara", "WADMKC": "Kec. Sabbang Selatan", "WADMKD": "Desa Tete Uri", "POKTAN": "Sikamase", "K_POKTAN": "Sada’ SP", "P_SID": "Universitas Negeri Makassar", "NO_HP_1": "082346775756", "NAMA_PEMIL": "Agustina Tandi", "N_PETAK": "TU13", "LUAS_HA": 1.3844215821700001, "PAKET": "Paket Sulawesi Selatan 16" }, "geometry": { "type": "MultiPolygon", "coordinates": [ [ [ [ 120.223386797862531, -2.736275470336636, 0.0 ], [ 120.223259685885864, -2.737229369539705, 0.0 ], [ 120.222414238626243, -2.737103702773595, 0.0 ], [ 120.222437456423563, -2.736836385590664, 0.0 ], [ 120.222766053410737, -2.736171109409099, 0.0 ], [ 120.222945824290377, -2.735839943058863, 0.0 ], [ 120.223143093279191, -2.735489090549038, 0.0 ], [ 120.223597308469039, -2.735650258052942, 0.0 ], [ 120.223465252019878, -2.735845816531139, 0.0 ], [ 120.223386797862531, -2.736275470336636, 0.0 ] ] ] ] } },
{ "type": "Feature", "properties": { "OBJECTID": 1102, "WADMPR": "Sulawesi Selatan", "WADMKK": "Kab. Luwu Utara", "WADMKC": "Kec. Sabbang Selatan", "WADMKD": "Desa Tete Uri", "POKTAN": "Sikamase", "K_POKTAN": "Sada’ SP", "P_SID": "Universitas Negeri Makassar", "NO_HP_1": "082346775756", "NAMA_PEMIL": "Roslija", "N_PETAK": "TU14", "LUAS_HA": 0.630970589, "PAKET": "Paket Sulawesi Selatan 16" }, "geometry": { "type": "MultiPolygon", "coordinates": [ [ [ [ 120.226387161038701, -2.735216631941967, 0.0 ], [ 120.225782869683712, -2.735161936973782, 0.0 ], [ 120.225907696483091, -2.734714033225998, 0.0 ], [ 120.226997034485635, -2.734764475300267, 0.0 ], [ 120.226917679207645, -2.734919402408423, 0.0 ], [ 120.226903250484725, -2.735070727731852, 0.0 ], [ 120.22693638780413, -2.735097333275291, 0.0 ], [ 120.226878105440278, -2.735241779684316, 0.0 ], [ 120.226387161038701, -2.735216631941967, 0.0 ] ] ] ] } },
{ "type": "Feature", "properties": { "OBJECTID": 1103, "WADMPR": "Sulawesi Selatan", "WADMKK": "Kab. Luwu Utara", "WADMKC": "Kec. Sabbang Selatan", "WADMKD": "Desa Tete Uri", "POKTAN": "Sikamase", "K_POKTAN": "Sada’ SP", "P_SID": "Universitas Negeri Makassar", "NO_HP_1": "082346775756", "NAMA_PEMIL": "Yusuf Paa", "N_PETAK": "TU15", "LUAS_HA": 0.88410564466999997, "PAKET": "Paket Sulawesi Selatan 16" }, "geometry": { "type": "MultiPolygon", "coordinates": [ [ [ [ 120.243983879852181, -2.731334303635151, 0.0 ], [ 120.243880876901017, -2.731837056135191, 0.0 ], [ 120.243400234233491, -2.731768599741031, 0.0 ], [ 120.243463357647897, -2.731264181696588, 0.0 ], [ 120.242943938012445, -2.731190321276245, 0.0 ], [ 120.243008865466777, -2.730757963209385, 0.0 ], [ 120.243807833964411, -2.73084803750686, 0.0 ], [ 120.244000813187085, -2.730876861677757, 0.0 ], [ 120.243983879852181, -2.731334303635151, 0.0 ] ] ] ] } },
{ "type": "Feature", "properties": { "OBJECTID": 1104, "WADMPR": "Sulawesi Selatan", "WADMKK": "Kab. Luwu Utara", "WADMKC": "Kec. Sabbang Selatan", "WADMKD": "Desa Tete Uri", "POKTAN": "Sikamase", "K_POKTAN": "Sada’ SP", "P_SID": "Universitas Negeri Makassar", "NO_HP_1": "082346775756", "NAMA_PEMIL": "Herman Tonapa", "N_PETAK": "TU16", "LUAS_HA": 3.8452435417899999, "PAKET": "Paket Sulawesi Selatan 16" }, "geometry": { "type": "MultiPolygon", "coordinates": [ [ [ [ 120.241052024331566, -2.730669689354613, 0.0 ], [ 120.240914955061157, -2.73228382583784, 0.0 ], [ 120.241733762603076, -2.732460371748687, 0.0 ], [ 120.24086084914893, -2.732892728916283, 0.0 ], [ 120.240409964148625, -2.733134128537131, 0.0 ], [ 120.240161075873061, -2.733245820737977, 0.0 ], [ 120.23971018997338, -2.733364719206406, 0.0 ], [ 120.239331446788924, -2.732842287741335, 0.0 ], [ 120.239273733695882, -2.732719786588859, 0.0 ], [ 120.239519014790744, -2.731811835547717, 0.0 ], [ 120.239768731341996, -2.731860454696175, 0.0 ], [ 120.239793744186045, -2.731707168850733, 0.0 ], [ 120.240292657480268, -2.731801706483509, 0.0 ], [ 120.240770672328722, -2.730104021183593, 0.0 ], [ 120.241041202789347, -2.730140050722696, 0.0 ], [ 120.2409726681542, -2.730658880402984, 0.0 ], [ 120.241052024331566, -2.730669689354613, 0.0 ] ] ] ] } },
{ "type": "Feature", "properties": { "OBJECTID": 1105, "WADMPR": "Sulawesi Selatan", "WADMKK": "Kab. Luwu Utara", "WADMKC": "Kec. Sabbang Selatan", "WADMKD": "Desa Tete Uri", "POKTAN": "Sikamase", "K_POKTAN": "Sada’ SP", "P_SID": "Universitas Negeri Makassar", "NO_HP_1": "082346775756", "NAMA_PEMIL": "Damaris", "N_PETAK": "TU17", "LUAS_HA": 1.3914083429399999, "PAKET": "Paket Sulawesi Selatan 16" }, "geometry": { "type": "MultiPolygon", "coordinates": [ [ [ [ 120.242204818497612, -2.723167731905278, 0.0 ], [ 120.242125046833507, -2.723405426319346, 0.0 ], [ 120.241742411383257, -2.723366260844216, 0.0 ], [ 120.241355719990565, -2.723285228330553, 0.0 ], [ 120.241434139973649, -2.72285305552407, 0.0 ], [ 120.24160720460884, -2.721891469815432, 0.0 ], [ 120.242392756120807, -2.722060287851946, 0.0 ], [ 120.242204818497612, -2.723167731905278, 0.0 ] ] ] ] } },
{ "type": "Feature", "properties": { "OBJECTID": 1106, "WADMPR": "Sulawesi Selatan", "WADMKK": "Kab. Luwu Utara", "WADMKC": "Kec. Sabbang Selatan", "WADMKD": "Desa Tete Uri", "POKTAN": "Sikamase", "K_POKTAN": "Sada’ SP", "P_SID": "Universitas Negeri Makassar", "NO_HP_1": "082346775756", "NAMA_PEMIL": "Aldofina Dandemu", "N_PETAK": "TU18", "LUAS_HA": 1.0442345290199999, "PAKET": "Paket Sulawesi Selatan 16" }, "geometry": { "type": "MultiPolygon", "coordinates": [ [ [ [ 120.243965840351279, -2.739582916018719, 0.0 ], [ 120.244107299212601, -2.739625305563379, 0.0 ], [ 120.244297258511779, -2.739625305563379, 0.0 ], [ 120.244949990050031, -2.739514286055396, 0.0 ], [ 120.245034359947795, -2.740046673914833, 0.0 ], [ 120.244289158318111, -2.740080122399661, 0.0 ], [ 120.243717335186943, -2.7400088655167, 0.0 ], [ 120.243405185900656, -2.739884947931955, 0.0 ], [ 120.243368681519541, -2.739128746694234, 0.0 ], [ 120.243965840351279, -2.739582916018719, 0.0 ] ] ] ] } },
{ "type": "Feature", "properties": { "OBJECTID": 1107, "WADMPR": "Sulawesi Selatan", "WADMKK": "Kab. Luwu Utara", "WADMKC": "Kec. Sabbang Selatan", "WADMKD": "Desa Tete Uri", "POKTAN": "Sikamase", "K_POKTAN": "Sada’ SP", "P_SID": "Universitas Negeri Makassar", "NO_HP_1": "082346775756", "NAMA_PEMIL": "Hermina Dake", "N_PETAK": "TU19", "LUAS_HA": 0.49547668288000002, "PAKET": "Paket Sulawesi Selatan 16" }, "geometry": { "type": "MultiPolygon", "coordinates": [ [ [ [ 120.234452324315384, -2.743085299646793, 0.0 ], [ 120.234444970559025, -2.743156463899652, 0.0 ], [ 120.234510220870106, -2.743361260213931, 0.0 ], [ 120.23463687778974, -2.743600782050407, 0.0 ], [ 120.234635852562633, -2.743601134584651, 0.0 ], [ 120.234607143504945, -2.74360761060268, 0.0 ], [ 120.234541998414556, -2.743622302826964, 0.0 ], [ 120.234485960758548, -2.743671280804904, 0.0 ], [ 120.234429923102539, -2.743720257883524, 0.0 ], [ 120.23437388544653, -2.743769234962201, 0.0 ], [ 120.234342010775208, -2.743829975173185, 0.0 ], [ 120.234272211693224, -2.743735718128846, 0.0 ], [ 120.23420557912425, -2.743662031277665, 0.0 ], [ 120.234121948469237, -2.743619585075749, 0.0 ], [ 120.234026675190989, -2.743623265101576, 0.0 ], [ 120.23389436333423, -2.743589335479385, 0.0 ], [ 120.233837644891423, -2.743574921145637, 0.0 ], [ 120.2338219031584, -2.743566960346868, 0.0 ], [ 120.233819786154299, -2.743570382267308, 0.0 ], [ 120.233643281612217, -2.743525523184303, 0.0 ], [ 120.233631722626001, -2.743429084384672, 0.0 ], [ 120.233662999248054, -2.74332177907678, 0.0 ], [ 120.233815302134531, -2.743312950432255, 0.0 ], [ 120.233903692901208, -2.743268806310311, 0.0 ], [ 120.234399357844154, -2.743017522240791, 0.0 ], [ 120.234421115142368, -2.743074570734791, 0.0 ], [ 120.234452324315384, -2.743085299646793, 0.0 ] ] ] ] } },
{ "type": "Feature", "properties": { "OBJECTID": 1108, "WADMPR": "Sulawesi Selatan", "WADMKK": "Kab. Luwu Utara", "WADMKC": "Kec. Sabbang Selatan", "WADMKD": "Desa Tete Uri", "POKTAN": "Sikamase", "K_POKTAN": "Sada’ SP", "P_SID": "Universitas Negeri Makassar", "NO_HP_1": "082346775756", "NAMA_PEMIL": "Matius Tuluran", "N_PETAK": "TU20", "LUAS_HA": 0.21445337621, "PAKET": "Paket Sulawesi Selatan 16" }, "geometry": { "type": "MultiPolygon", "coordinates": [ [ [ [ 120.2330225830259, -2.743332166246432, 0.0 ], [ 120.232869689284826, -2.743519462653012, 0.0 ], [ 120.232362095734175, -2.743175918034126, 0.0 ], [ 120.232432622367696, -2.742887917343467, 0.0 ], [ 120.2330225830259, -2.743332166246432, 0.0 ] ] ] ] } },
{ "type": "Feature", "properties": { "OBJECTID": 1109, "WADMPR": "Sulawesi Selatan", "WADMKK": "Kab. Luwu Utara", "WADMKC": "Kec. Sabbang Selatan", "WADMKD": "Desa Tete Uri", "POKTAN": "Sikamase", "K_POKTAN": "Sada’ SP", "P_SID": "Universitas Negeri Makassar", "NO_HP_1": "082346775756", "NAMA_PEMIL": "Agus Tinus Sulu", "N_PETAK": "TU21", "LUAS_HA": 0.00323965958, "PAKET": "Paket Sulawesi Selatan 16" }, "geometry": { "type": "MultiPolygon", "coordinates": [ [ [ [ 120.236933717517104, -2.747635465404358, 0.0 ], [ 120.237095822114611, -2.747404462845623, 0.0 ], [ 120.237232524461547, -2.74735708925823, 0.0 ], [ 120.237232548743236, -2.747357510140944, 0.0 ], [ 120.237171321099595, -2.747378727845955, 0.0 ], [ 120.237110093456067, -2.747399944651704, 0.0 ], [ 120.237069092464708, -2.747458372705694, 0.0 ], [ 120.237028091473348, -2.747516799860364, 0.0 ], [ 120.236987090481875, -2.747575226115771, 0.0 ], [ 120.236946090389779, -2.747633652371121, 0.0 ], [ 120.236933717517104, -2.747635465404358, 0.0 ] ] ] ] } },
{ "type": "Feature", "properties": { "OBJECTID": 1110, "WADMPR": "Sulawesi Selatan", "WADMKK": "Kab. Luwu Utara", "WADMKC": "Kec. Sabbang Selatan", "WADMKD": "Desa Tete Uri", "POKTAN": "Sikamase", "K_POKTAN": "Sada’ SP", "P_SID": "Universitas Negeri Makassar", "NO_HP_1": "082346775756", "NAMA_PEMIL": "Yohanes Luse", "N_PETAK": "TU22", "LUAS_HA": 0.55452593554999996, "PAKET": "Paket Sulawesi Selatan 16" }, "geometry": { "type": "MultiPolygon", "coordinates": [ [ [ [ 120.226387161038701, -2.735216631941967, 0.0 ], [ 120.226336558885123, -2.735901114045134, 0.0 ], [ 120.225635442022053, -2.735842164384337, 0.0 ], [ 120.225782869683712, -2.735161936973782, 0.0 ], [ 120.226387161038701, -2.735216631941967, 0.0 ] ] ] ] } },
{ "type": "Feature", "properties": { "OBJECTID": 1111, "WADMPR": "Sulawesi Selatan", "WADMKK": "Kab. Luwu Utara", "WADMKC": "Kec. Sabbang Selatan", "WADMKD": "Desa Tete Uri", "POKTAN": "Sikamase", "K_POKTAN": "Sada’ SP", "P_SID": "Universitas Negeri Makassar", "NO_HP_1": "082346775756", "NAMA_PEMIL": "Daut Lambe", "N_PETAK": "TU23", "LUAS_HA": 0.53971845356000003, "PAKET": "Paket Sulawesi Selatan 16" }, "geometry": { "type": "MultiPolygon", "coordinates": [ [ [ [ 120.22361376426386, -2.73913321812347, 0.0 ], [ 120.223622911268421, -2.739300994745065, 0.0 ], [ 120.223427299730133, -2.739285539895718, 0.0 ], [ 120.223120068836124, -2.739276709452554, 0.0 ], [ 120.223138356549953, -2.738848850693842, 0.0 ], [ 120.22317705257899, -2.738462331970993, 0.0 ], [ 120.223185344328272, -2.738385028945856, 0.0 ], [ 120.223704976203749, -2.738412637233353, 0.0 ], [ 120.223653855141379, -2.738678403085771, 0.0 ], [ 120.223624820529153, -2.738837807019138, 0.0 ], [ 120.223608236131213, -2.73897032751853, 0.0 ], [ 120.22361376426386, -2.73913321812347, 0.0 ] ] ] ] } },
{ "type": "Feature", "properties": { "OBJECTID": 1112, "WADMPR": "Sulawesi Selatan", "WADMKK": "Kab. Luwu Utara", "WADMKC": "Kec. Sabbang Selatan", "WADMKD": "Desa Tete Uri", "POKTAN": "Sikamase", "K_POKTAN": "Sada’ SP", "P_SID": "Universitas Negeri Makassar", "NO_HP_1": "082346775756", "NAMA_PEMIL": "Hj. Nursia", "N_PETAK": "TU24", "LUAS_HA": 0.82970768614000001, "PAKET": "Paket Sulawesi Selatan 16" }, "geometry": { "type": "MultiPolygon", "coordinates": [ [ [ [ 120.254646421894904, -2.723739690834009, 0.0 ], [ 120.25464717732541, -2.723975570416201, 0.0 ], [ 120.254637738041197, -2.724224617871755, 0.0 ], [ 120.254651342085822, -2.7245208518558, 0.0 ], [ 120.253818772218665, -2.724330610169488, 0.0 ], [ 120.253780681433341, -2.723914795131634, 0.0 ], [ 120.253758914242553, -2.723526158505365, 0.0 ], [ 120.254646421894904, -2.723739690834009, 0.0 ] ] ] ] } },
{ "type": "Feature", "properties": { "OBJECTID": 1113, "WADMPR": "Sulawesi Selatan", "WADMKK": "Kab. Luwu Utara", "WADMKC": "Kec. Sabbang Selatan", "WADMKD": "Desa Tete Uri", "POKTAN": "Sikamase", "K_POKTAN": "Sada’ SP", "P_SID": "Universitas Negeri Makassar", "NO_HP_1": "082346775756", "NAMA_PEMIL": "Dg.Mananring", "N_PETAK": "TU25", "LUAS_HA": 1.3752449551899999, "PAKET": "Paket Sulawesi Selatan 16" }, "geometry": { "type": "MultiPolygon", "coordinates": [ [ [ [ 120.254701515262809, -2.724544922210328, 0.0 ], [ 120.254651342085822, -2.7245208518558, 0.0 ], [ 120.254637738041197, -2.724224617871755, 0.0 ], [ 120.25464717732541, -2.723975570416201, 0.0 ], [ 120.254646421894904, -2.723739690834009, 0.0 ], [ 120.254643151060691, -2.723299211889071, 0.0 ], [ 120.255003640705468, -2.723205683295589, 0.0 ], [ 120.255010663511371, -2.723773865971111, 0.0 ], [ 120.255755190649552, -2.723585694524161, 0.0 ], [ 120.255733802972713, -2.724571333500194, 0.0 ], [ 120.254701515262809, -2.724544922210328, 0.0 ] ] ] ] } },
{ "type": "Feature", "properties": { "OBJECTID": 1114, "WADMPR": "Sulawesi Selatan", "WADMKK": "Kab. Luwu Utara", "WADMKC": "Kec. Sabbang Selatan", "WADMKD": "Desa Tete Uri", "POKTAN": "Sikamase", "K_POKTAN": "Sada’ SP", "P_SID": "Universitas Negeri Makassar", "NO_HP_1": "082346775756", "NAMA_PEMIL": "Kaswan Rompon", "N_PETAK": "TU26", "LUAS_HA": 3.0050479289899998, "PAKET": "Paket Sulawesi Selatan 16" }, "geometry": { "type": "MultiPolygon", "coordinates": [ [ [ [ 120.254701515262809, -2.724544922210328, 0.0 ], [ 120.255305003523176, -2.724565579637726, 0.0 ], [ 120.255340723695554, -2.726268834439111, 0.0 ], [ 120.254840176333119, -2.726267667119089, 0.0 ], [ 120.25417510789498, -2.726266956654683, 0.0 ], [ 120.253838583383981, -2.726268834439111, 0.0 ], [ 120.25384771869733, -2.724658267365101, 0.0 ], [ 120.254699390164774, -2.724661739647502, 0.0 ], [ 120.254701515262809, -2.724544922210328, 0.0 ] ] ] ] } },
{ "type": "Feature", "properties": { "OBJECTID": 1117, "WADMPR": "Sulawesi Selatan", "WADMKK": "Kab. Luwu Utara", "WADMKC": "Kec. Malangke Barat", "WADMKD": "Desa Wara", "POKTAN": "Gapoktan Pelita Jaya", "K_POKTAN": "Hasan", "P_SID": "Universitas Negeri Makassar", "NO_HP_1": "081241775269", "NAMA_PEMIL": "Alprida", "N_PETAK": "WR001", "LUAS_HA": 0.9475015085, "PAKET": "Paket Sulawesi Selatan 16" }, "geometry": { "type": "MultiPolygon", "coordinates": [ [ [ [ 120.262760752906502, -2.782205735806031, 0.0 ], [ 120.262807222675292, -2.78140606134059, 0.0 ], [ 120.262880235934176, -2.781408404074568, 0.0 ], [ 120.262953248293798, -2.78141074770781, 0.0 ], [ 120.263026261552795, -2.781413090441731, 0.0 ], [ 120.263099273912417, -2.781415433175653, 0.0 ], [ 120.263172287171415, -2.781417776808894, 0.0 ], [ 120.263245299531036, -2.781420119542815, 0.0 ], [ 120.26331831278992, -2.781422462276737, 0.0 ], [ 120.263391325149541, -2.781424805910035, 0.0 ], [ 120.263464338408539, -2.781427148643957, 0.0 ], [ 120.26346173666991, -2.781496319099801, 0.0 ], [ 120.263453821736562, -2.781706779344347, 0.0 ], [ 120.263449639889018, -2.781776262764254, 0.0 ], [ 120.263445458041474, -2.781845745284897, 0.0 ], [ 120.263441277093307, -2.781915228704804, 0.0 ], [ 120.263437095245763, -2.781984712124711, 0.0 ], [ 120.263432913398333, -2.782054193745978, 0.0 ], [ 120.263428731550789, -2.782123678065261, 0.0 ], [ 120.263424550602622, -2.782193160585848, 0.0 ], [ 120.263420368755078, -2.782262644005755, 0.0 ], [ 120.263416186907534, -2.782332127425718, 0.0 ], [ 120.263400623240273, -2.782391945831591, 0.0 ], [ 120.263385060472274, -2.782451763338145, 0.0 ], [ 120.263369497704161, -2.782511579945435, 0.0 ], [ 120.2633539340369, -2.782571397451989, 0.0 ], [ 120.262689639915038, -2.782578206219171, 0.0 ], [ 120.262760752906502, -2.782205735806031, 0.0 ] ] ] ] } },
{ "type": "Feature", "properties": { "OBJECTID": 1118, "WADMPR": "Sulawesi Selatan", "WADMKK": "Kab. Luwu Utara", "WADMKC": "Kec. Malangke Barat", "WADMKD": "Desa Wara", "POKTAN": "Gapoktan Pelita Jaya", "K_POKTAN": "Hasan", "P_SID": "Universitas Negeri Makassar", "NO_HP_1": "081241775269", "NAMA_PEMIL": "Erna Bertarante", "N_PETAK": "WR002", "LUAS_HA": 0.57910336501000004, "PAKET": "Paket Sulawesi Selatan 16" }, "geometry": { "type": "MultiPolygon", "coordinates": [ [ [ [ 120.262807222675292, -2.78140606134059, 0.0 ], [ 120.262760752906502, -2.782205735806031, 0.0 ], [ 120.262135381442818, -2.782152648825615, 0.0 ], [ 120.26214446729341, -2.782085067471826, 0.0 ], [ 120.26215355404338, -2.782017483420077, 0.0 ], [ 120.262162640793349, -2.781949901166968, 0.0 ], [ 120.262171726643942, -2.781882317115219, 0.0 ], [ 120.262180813393911, -2.781814734862053, 0.0 ], [ 120.262189899244504, -2.781747151709624, 0.0 ], [ 120.262198985994473, -2.781679568557195, 0.0 ], [ 120.262208071845066, -2.781611987203405, 0.0 ], [ 120.262217158595035, -2.781544403151656, 0.0 ], [ 120.262223120200929, -2.781387315871882, 0.0 ], [ 120.262296133459813, -2.781389659505123, 0.0 ], [ 120.262369145819434, -2.781392002239045, 0.0 ], [ 120.262442159078432, -2.781394345872343, 0.0 ], [ 120.262515171438054, -2.781396688606264, 0.0 ], [ 120.262588184697051, -2.781399032239506, 0.0 ], [ 120.262661197056673, -2.781401374973427, 0.0 ], [ 120.262734210315671, -2.781403718606668, 0.0 ], [ 120.262807222675292, -2.78140606134059, 0.0 ] ] ] ] } },
{ "type": "Feature", "properties": { "OBJECTID": 1119, "WADMPR": "Sulawesi Selatan", "WADMKK": "Kab. Luwu Utara", "WADMKC": "Kec. Malangke Barat", "WADMKD": "Desa Wara", "POKTAN": "Gapoktan Pelita Jaya", "K_POKTAN": "Hasan", "P_SID": "Universitas Negeri Makassar", "NO_HP_1": "081241775269", "NAMA_PEMIL": "Bimbang", "N_PETAK": "WR003", "LUAS_HA": 0.9167670942, "PAKET": "Paket Sulawesi Selatan 16" }, "geometry": { "type": "MultiPolygon", "coordinates": [ [ [ [ 120.262223120200929, -2.781387315871882, 0.0 ], [ 120.262217158595035, -2.781544403151656, 0.0 ], [ 120.262150489153782, -2.781568308030955, 0.0 ], [ 120.262083818813267, -2.781592212910255, 0.0 ], [ 120.262028568963387, -2.781633052023665, 0.0 ], [ 120.261973319113395, -2.781673892036451, 0.0 ], [ 120.261911024873939, -2.781710079856225, 0.0 ], [ 120.261848731533746, -2.781746266776736, 0.0 ], [ 120.26178643729429, -2.781782454596566, 0.0 ], [ 120.261724143054835, -2.78181864241634, 0.0 ], [ 120.26171407064794, -2.7818828153396, 0.0 ], [ 120.261703998240932, -2.781946990061499, 0.0 ], [ 120.261693925834038, -2.782011162085439, 0.0 ], [ 120.26168385432652, -2.782075335907962, 0.0 ], [ 120.261673781919512, -2.782139509730541, 0.0 ], [ 120.261663709512618, -2.782203682653801, 0.0 ], [ 120.261653637105724, -2.782267855577004, 0.0 ], [ 120.260993969995752, -2.782222190701475, 0.0 ], [ 120.261067631665924, -2.781974322257099, 0.0 ], [ 120.261183112710569, -2.781651551977518, 0.0 ], [ 120.261195265249398, -2.781611978210151, 0.0 ], [ 120.261201359055576, -2.781584953582694, 0.0 ], [ 120.261223148729414, -2.781472429508995, 0.0 ], [ 120.261261443660715, -2.781449447334069, 0.0 ], [ 120.261362300829546, -2.781407021816563, 0.0 ], [ 120.261458091217946, -2.781366728591593, 0.0 ], [ 120.261475058727001, -2.781359173387102, 0.0 ], [ 120.261519290982505, -2.78133525411863, 0.0 ], [ 120.261661657259765, -2.781247616983876, 0.0 ], [ 120.261838403719366, -2.781154054216188, 0.0 ], [ 120.262031105950882, -2.78106739824176, 0.0 ], [ 120.262094679925553, -2.781050124063938, 0.0 ], [ 120.26208191404919, -2.781096646892706, 0.0 ], [ 120.262062456317381, -2.781167556637399, 0.0 ], [ 120.262042997686308, -2.781238466382092, 0.0 ], [ 120.262023539954498, -2.781309376126785, 0.0 ], [ 120.262004082222688, -2.781380285871421, 0.0 ], [ 120.26207709458231, -2.781382629504719, 0.0 ], [ 120.262150107841308, -2.781384972238641, 0.0 ], [ 120.262223120200929, -2.781387315871882, 0.0 ] ] ] ] } },
{ "type": "Feature", "properties": { "OBJECTID": 1120, "WADMPR": "Sulawesi Selatan", "WADMKK": "Kab. Luwu Utara", "WADMKC": "Kec. Malangke Barat", "WADMKD": "Desa Wara", "POKTAN": "Gapoktan Pelita Jaya", "K_POKTAN": "Hasan", "P_SID": "Universitas Negeri Makassar", "NO_HP_1": "081241775269", "NAMA_PEMIL": "Saira", "N_PETAK": "WR004", "LUAS_HA": 1.24332573813, "PAKET": "Paket Sulawesi Selatan 16" }, "geometry": { "type": "MultiPolygon", "coordinates": [ [ [ [ 120.265347647376075, -2.779171932238853, 0.0 ], [ 120.265222641611672, -2.780018534227906, 0.0 ], [ 120.264134868429551, -2.779855421490481, 0.0 ], [ 120.264147157665207, -2.779783619618286, 0.0 ], [ 120.264159446900976, -2.779711816846827, 0.0 ], [ 120.264171736136745, -2.779640014075369, 0.0 ], [ 120.264184024473252, -2.779568212203174, 0.0 ], [ 120.264196313709022, -2.779496410331035, 0.0 ], [ 120.264208602944677, -2.77942460755952, 0.0 ], [ 120.264220892180447, -2.779352805687381, 0.0 ], [ 120.264233180516953, -2.779281002915923, 0.0 ], [ 120.264245469752723, -2.779209201043727, 0.0 ], [ 120.264257758988492, -2.779137400070908, 0.0 ], [ 120.264270048224262, -2.77906559640013, 0.0 ], [ 120.264282336560655, -2.778993795427255, 0.0 ], [ 120.264294625796424, -2.778921992655796, 0.0 ], [ 120.264306915032194, -2.778850190783658, 0.0 ], [ 120.264371859573771, -2.778876807118934, 0.0 ], [ 120.264436804115235, -2.77890342345421, 0.0 ], [ 120.264508025025407, -2.778925034162967, 0.0 ], [ 120.264579245935465, -2.778946644871723, 0.0 ], [ 120.2646504677449, -2.7789682564798, 0.0 ], [ 120.264721689554335, -2.778989867188557, 0.0 ], [ 120.264792910464507, -2.779011477897313, 0.0 ], [ 120.264864131374679, -2.779033088606127, 0.0 ], [ 120.264935353184114, -2.779054700214203, 0.0 ], [ 120.265006574094173, -2.77907631092296, 0.0 ], [ 120.265077795004345, -2.779097921631717, 0.0 ], [ 120.26514901681378, -2.779119533239793, 0.0 ], [ 120.265220237723838, -2.779141143948607, 0.0 ], [ 120.26529145863401, -2.779162754657364, 0.0 ], [ 120.265347647376075, -2.779171932238853, 0.0 ] ] ] ] } },
{ "type": "Feature", "properties": { "OBJECTID": 1121, "WADMPR": "Sulawesi Selatan", "WADMKK": "Kab. Luwu Utara", "WADMKC": "Kec. Malangke Barat", "WADMKD": "Desa Wara", "POKTAN": "Gapoktan Pelita Jaya", "K_POKTAN": "Hasan", "P_SID": "Universitas Negeri Makassar", "NO_HP_1": "081241775269", "NAMA_PEMIL": "Ayub Sulleallo", "N_PETAK": "WR005", "LUAS_HA": 0.60119714732999996, "PAKET": "Paket Sulawesi Selatan 16" }, "geometry": { "type": "MultiPolygon", "coordinates": [ [ [ [ 120.265553280059862, -2.774737264613009, 0.0 ], [ 120.265535285525061, -2.774804459258348, 0.0 ], [ 120.264725031435091, -2.774473062681636, 0.0 ], [ 120.264693377997105, -2.774454438621376, 0.0 ], [ 120.264736738809461, -2.774350493180691, 0.0 ], [ 120.264818258755668, -2.77410448813157, 0.0 ], [ 120.26487072610314, -2.774043419668033, 0.0 ], [ 120.265274422776429, -2.77407330413962, 0.0 ], [ 120.26571150678069, -2.774235286429303, 0.0 ], [ 120.265625257299803, -2.774468487830404, 0.0 ], [ 120.265607262765002, -2.774535681576424, 0.0 ], [ 120.265589268230201, -2.774602876221707, 0.0 ], [ 120.265571274594663, -2.774670069967726, 0.0 ], [ 120.265553280059862, -2.774737264613009, 0.0 ] ] ] ] } },
{ "type": "Feature", "properties": { "OBJECTID": 1122, "WADMPR": "Sulawesi Selatan", "WADMKK": "Kab. Luwu Utara", "WADMKC": "Kec. Malangke Barat", "WADMKD": "Desa Wara", "POKTAN": "Gapoktan Pelita Jaya", "K_POKTAN": "Hasan", "P_SID": "Universitas Negeri Makassar", "NO_HP_1": "081241775269", "NAMA_PEMIL": "Syok Nita", "N_PETAK": "WR006", "LUAS_HA": 0.11581921511, "PAKET": "Paket Sulawesi Selatan 16" }, "geometry": { "type": "MultiPolygon", "coordinates": [ [ [ [ 120.268214947761749, -2.775559187406543, 0.0 ], [ 120.268194147342115, -2.775629625007127, 0.0 ], [ 120.268173347821858, -2.775700062607768, 0.0 ], [ 120.268152547402224, -2.775770500208353, 0.0 ], [ 120.26813174698259, -2.775840937808994, 0.0 ], [ 120.267806347984674, -2.775698406056563, 0.0 ], [ 120.267865293148816, -2.77548827676253, 0.0 ], [ 120.268107682923301, -2.775572531547027, 0.0 ], [ 120.268147710848211, -2.775451067312872, 0.0 ], [ 120.268191729065052, -2.775469908109699, 0.0 ], [ 120.268235748181269, -2.775488749805902, 0.0 ], [ 120.268214947761749, -2.775559187406543, 0.0 ] ] ] ] } },
{ "type": "Feature", "properties": { "OBJECTID": 1123, "WADMPR": "Sulawesi Selatan", "WADMKK": "Kab. Luwu Utara", "WADMKC": "Kec. Malangke Barat", "WADMKD": "Desa Wara", "POKTAN": "Gapoktan Pelita Jaya", "K_POKTAN": "Hasan", "P_SID": "Universitas Negeri Makassar", "NO_HP_1": "081241775269", "NAMA_PEMIL": "Rasdi", "N_PETAK": "WR007", "LUAS_HA": 0.95187206447999995, "PAKET": "Paket Sulawesi Selatan 16" }, "geometry": { "type": "MultiPolygon", "coordinates": [ [ [ [ 120.268350652760432, -2.770557915415395, 0.0 ], [ 120.26798343528742, -2.771236936835123, 0.0 ], [ 120.267104246363942, -2.770762379879898, 0.0 ], [ 120.267139826242101, -2.770703154127204, 0.0 ], [ 120.267175406120145, -2.770643928374568, 0.0 ], [ 120.267210985998304, -2.770584702621875, 0.0 ], [ 120.267246565876349, -2.770525476869238, 0.0 ], [ 120.267282145754507, -2.770466251116545, 0.0 ], [ 120.26722450460727, -2.770431138885897, 0.0 ], [ 120.267166860762131, -2.770396025755929, 0.0 ], [ 120.267328459940586, -2.770095205229495, 0.0 ], [ 120.268293864170573, -2.770534493472042, 0.0 ], [ 120.268350652760432, -2.770557915415395, 0.0 ] ] ] ] } },
{ "type": "Feature", "properties": { "OBJECTID": 1124, "WADMPR": "Sulawesi Selatan", "WADMKK": "Kab. Luwu Utara", "WADMKC": "Kec. Malangke Barat", "WADMKD": "Desa Wara", "POKTAN": "Gapoktan Pelita Jaya", "K_POKTAN": "Hasan", "P_SID": "Universitas Negeri Makassar", "NO_HP_1": "081241775269", "NAMA_PEMIL": "Samuel Pasang", "N_PETAK": "WR008", "LUAS_HA": 1.2478516318799999, "PAKET": "Paket Sulawesi Selatan 16" }, "geometry": { "type": "MultiPolygon", "coordinates": [ [ [ [ 120.273558390207654, -2.762996527167957, 0.0 ], [ 120.273666627213174, -2.763080275634138, 0.0 ], [ 120.273380252496736, -2.76362762371582, 0.0 ], [ 120.273818979562293, -2.763865393672916, 0.0 ], [ 120.273959323264194, -2.76391014034067, 0.0 ], [ 120.273573253303084, -2.764464397913571, 0.0 ], [ 120.272548816674657, -2.763721326777784, 0.0 ], [ 120.272910113011335, -2.763290405827547, 0.0 ], [ 120.273259214541213, -2.762923438365931, 0.0 ], [ 120.273558390207654, -2.762996527167957, 0.0 ] ] ] ] } },
{ "type": "Feature", "properties": { "OBJECTID": 1125, "WADMPR": "Sulawesi Selatan", "WADMKK": "Kab. Luwu Utara", "WADMKC": "Kec. Malangke Barat", "WADMKD": "Desa Wara", "POKTAN": "Gapoktan Pelita Jaya", "K_POKTAN": "Hasan", "P_SID": "Universitas Negeri Makassar", "NO_HP_1": "081241775269", "NAMA_PEMIL": "Ette", "N_PETAK": "WR009", "LUAS_HA": 0.27993238156, "PAKET": "Paket Sulawesi Selatan 16" }, "geometry": { "type": "MultiPolygon", "coordinates": [ [ [ [ 120.273666627213174, -2.763080275634138, 0.0 ], [ 120.273558390207654, -2.762996527167957, 0.0 ], [ 120.27379887341931, -2.762649354683901, 0.0 ], [ 120.274259260656436, -2.762899075731696, 0.0 ], [ 120.274097667773162, -2.763307155700602, 0.0 ], [ 120.274005391035985, -2.763272778216106, 0.0 ], [ 120.274002155275298, -2.763266085461453, 0.0 ], [ 120.27393846618736, -2.763134354566773, 0.0 ], [ 120.273699686291593, -2.763018992232674, 0.0 ], [ 120.273666627213174, -2.763080275634138, 0.0 ] ] ] ] } },
{ "type": "Feature", "properties": { "OBJECTID": 1126, "WADMPR": "Sulawesi Selatan", "WADMKK": "Kab. Luwu Utara", "WADMKC": "Kec. Malangke Barat", "WADMKD": "Desa Wara", "POKTAN": "Gapoktan Pelita Jaya", "K_POKTAN": "Hasan", "P_SID": "Universitas Negeri Makassar", "NO_HP_1": "081241775269", "NAMA_PEMIL": "Allaran", "N_PETAK": "WR010", "LUAS_HA": 0.36531701073, "PAKET": "Paket Sulawesi Selatan 16" }, "geometry": { "type": "MultiPolygon", "coordinates": [ [ [ [ 120.273259214541213, -2.762923438365931, 0.0 ], [ 120.272910113011335, -2.763290405827547, 0.0 ], [ 120.272614368258587, -2.76312291069371, 0.0 ], [ 120.272405135588542, -2.763030216671098, 0.0 ], [ 120.272679538529928, -2.762614523041748, 0.0 ], [ 120.273259214541213, -2.762923438365931, 0.0 ] ] ] ] } },
{ "type": "Feature", "properties": { "OBJECTID": 1127, "WADMPR": "Sulawesi Selatan", "WADMKK": "Kab. Luwu Utara", "WADMKC": "Kec. Malangke Barat", "WADMKD": "Desa Wara", "POKTAN": "Gapoktan Pelita Jaya", "K_POKTAN": "Hasan", "P_SID": "Universitas Negeri Makassar", "NO_HP_1": "081241775269", "NAMA_PEMIL": "Yusuf Rondong", "N_PETAK": "WR011", "LUAS_HA": 0.9400949879, "PAKET": "Paket Sulawesi Selatan 16" }, "geometry": { "type": "MultiPolygon", "coordinates": [ [ [ [ 120.272679538529928, -2.762614523041748, 0.0 ], [ 120.272405135588542, -2.763030216671098, 0.0 ], [ 120.272291182492154, -2.762983774781333, 0.0 ], [ 120.272151196720415, -2.762964220822084, 0.0 ], [ 120.272162381588714, -2.762893554793663, 0.0 ], [ 120.272096178895595, -2.762865539113307, 0.0 ], [ 120.272029972605196, -2.762837522533573, 0.0 ], [ 120.271963769012814, -2.762809506853216, 0.0 ], [ 120.271897564521055, -2.762781491172859, 0.0 ], [ 120.271831360029296, -2.762753474593126, 0.0 ], [ 120.271765156436913, -2.762725458912769, 0.0 ], [ 120.271715018333452, -2.762650503118152, 0.0 ], [ 120.271732689112355, -2.762596197556434, 0.0 ], [ 120.271728352581476, -2.762526733022241, 0.0 ], [ 120.271724015151221, -2.762457266689466, 0.0 ], [ 120.271719678620343, -2.762387803054594, 0.0 ], [ 120.271715341190088, -2.762318337621139, 0.0 ], [ 120.27171100465921, -2.762248873087003, 0.0 ], [ 120.271720190334577, -2.762185128241015, 0.0 ], [ 120.271729375110681, -2.762121385193723, 0.0 ], [ 120.271738560786048, -2.762057639448471, 0.0 ], [ 120.271747746461415, -2.761993895501803, 0.0 ], [ 120.271772227806082, -2.76193829221836, 0.0 ], [ 120.271796710050239, -2.761882689834238, 0.0 ], [ 120.271821191394906, -2.761827086550738, 0.0 ], [ 120.271845672739687, -2.761771485065935, 0.0 ], [ 120.271885494719868, -2.761716433066908, 0.0 ], [ 120.271925316700049, -2.761661381967144, 0.0 ], [ 120.271965137780967, -2.761606331766757, 0.0 ], [ 120.272017821865006, -2.761654860083695, 0.0 ], [ 120.272070506848422, -2.761703390199273, 0.0 ], [ 120.272123190033199, -2.761751917616834, 0.0 ], [ 120.272175875016728, -2.761800447732412, 0.0 ], [ 120.272228559100768, -2.76184897694867, 0.0 ], [ 120.272281244084184, -2.761897505265608, 0.0 ], [ 120.27233392726896, -2.761946033582547, 0.0 ], [ 120.272347968384111, -2.762085959999013, 0.0 ], [ 120.272320528269802, -2.762159048801038, 0.0 ], [ 120.272351017985102, -2.762201683860553, 0.0 ], [ 120.272302235160055, -2.762314362617701, 0.0 ], [ 120.272282035487592, -2.762392019975721, 0.0 ], [ 120.272679538529928, -2.762614523041748, 0.0 ] ] ] ] } },
{ "type": "Feature", "properties": { "OBJECTID": 1128, "WADMPR": "Sulawesi Selatan", "WADMKK": "Kab. Luwu Utara", "WADMKC": "Kec. Malangke Barat", "WADMKD": "Desa Wara", "POKTAN": "Gapoktan Pelita Jaya", "K_POKTAN": "Hasan", "P_SID": "Universitas Negeri Makassar", "NO_HP_1": "081241775269", "NAMA_PEMIL": "Matius Raro", "N_PETAK": "WR012", "LUAS_HA": 0.34187493693999998, "PAKET": "Paket Sulawesi Selatan 16" }, "geometry": { "type": "MultiPolygon", "coordinates": [ [ [ [ 120.277862703800793, -2.768682421556434, 0.0 ], [ 120.277820994143667, -2.768705728386635, 0.0 ], [ 120.277643062377479, -2.768618438390149, 0.0 ], [ 120.277674149242671, -2.768558399650374, 0.0 ], [ 120.277705235208487, -2.768498360910598, 0.0 ], [ 120.277736322073679, -2.768438322170766, 0.0 ], [ 120.277767408039495, -2.768378283430991, 0.0 ], [ 120.277798494904687, -2.768318245590535, 0.0 ], [ 120.277829580870502, -2.768258206850703, 0.0 ], [ 120.277860667735695, -2.768198168110928, 0.0 ], [ 120.277881915118314, -2.768135981790067, 0.0 ], [ 120.277903162501048, -2.768073795469263, 0.0 ], [ 120.277924409883667, -2.768011608249083, 0.0 ], [ 120.277945656367024, -2.767949421928222, 0.0 ], [ 120.277966903749643, -2.767887235607418, 0.0 ], [ 120.277988151132377, -2.767825049286557, 0.0 ], [ 120.278322217796131, -2.767913743124723, 0.0 ], [ 120.278315661738475, -2.767983678004271, 0.0 ], [ 120.278286417584127, -2.768113188472796, 0.0 ], [ 120.278280899344054, -2.768137623952157, 0.0 ], [ 120.278265632452985, -2.768205234983554, 0.0 ], [ 120.278050712470417, -2.768437348204998, 0.0 ], [ 120.278018365655157, -2.768476488499118, 0.0 ], [ 120.278005791334294, -2.768493577416621, 0.0 ], [ 120.277912502859749, -2.768610348089055, 0.0 ], [ 120.277862703800793, -2.768682421556434, 0.0 ] ] ] ] } },
{ "type": "Feature", "properties": { "OBJECTID": 1129, "WADMPR": "Sulawesi Selatan", "WADMKK": "Kab. Luwu Utara", "WADMKC": "Kec. Malangke Barat", "WADMKD": "Desa Wara", "POKTAN": "Gapoktan Pelita Jaya", "K_POKTAN": "Hasan", "P_SID": "Universitas Negeri Makassar", "NO_HP_1": "081241775269", "NAMA_PEMIL": "Yulis Bijak", "N_PETAK": "WR013", "LUAS_HA": 1.10833038348, "PAKET": "Paket Sulawesi Selatan 16" }, "geometry": { "type": "MultiPolygon", "coordinates": [ [ [ [ 120.27029575504514, -2.766783317795841, 0.0 ], [ 120.270578408366873, -2.766990071034911, 0.0 ], [ 120.269997529062834, -2.767798989631615, 0.0 ], [ 120.269899873480426, -2.767755264593745, 0.0 ], [ 120.269915015365768, -2.767703832365896, 0.0 ], [ 120.269729363819124, -2.767603974343899, 0.0 ], [ 120.269253479464624, -2.767399769783481, 0.0 ], [ 120.269168143694969, -2.767481260951399, 0.0 ], [ 120.269005296257433, -2.767421550464121, 0.0 ], [ 120.26906455258711, -2.767387336656213, 0.0 ], [ 120.269123808916675, -2.767353122848306, 0.0 ], [ 120.269183065246352, -2.767318909040398, 0.0 ], [ 120.269230254472745, -2.767262230167717, 0.0 ], [ 120.269277442799762, -2.767205551295092, 0.0 ], [ 120.269324631126892, -2.767148873321787, 0.0 ], [ 120.269371819454022, -2.767092194449162, 0.0 ], [ 120.269419007781039, -2.767035516475858, 0.0 ], [ 120.269466196108169, -2.766978837603233, 0.0 ], [ 120.269513383535923, -2.766922159629928, 0.0 ], [ 120.269560572762316, -2.766865480757303, 0.0 ], [ 120.269607761089333, -2.766808801884679, 0.0 ], [ 120.269654949416463, -2.766752123011997, 0.0 ], [ 120.269702137743479, -2.766695445938012, 0.0 ], [ 120.26974932607061, -2.766638767065388, 0.0 ], [ 120.27029575504514, -2.766783317795841, 0.0 ] ] ] ] } },
{ "type": "Feature", "properties": { "OBJECTID": 1130, "WADMPR": "Sulawesi Selatan", "WADMKK": "Kab. Luwu Utara", "WADMKC": "Kec. Malangke Barat", "WADMKD": "Desa Wara", "POKTAN": "Gapoktan Pelita Jaya", "K_POKTAN": "Hasan", "P_SID": "Universitas Negeri Makassar", "NO_HP_1": "081241775269", "NAMA_PEMIL": "Ruben Ruruk", "N_PETAK": "WR014", "LUAS_HA": 2.00162345665, "PAKET": "Paket Sulawesi Selatan 16" }, "geometry": { "type": "MultiPolygon", "coordinates": [ [ [ [ 120.269717612377917, -2.765595904227553, 0.0 ], [ 120.269476038288644, -2.766518265105788, 0.0 ], [ 120.269407714994145, -2.766488139615888, 0.0 ], [ 120.269339392598908, -2.766458014125988, 0.0 ], [ 120.269269434336934, -2.766442804791552, 0.0 ], [ 120.269199476075073, -2.766427595457117, 0.0 ], [ 120.269129517813099, -2.766412387022001, 0.0 ], [ 120.269059559551124, -2.766397176788246, 0.0 ], [ 120.268989600389773, -2.76638196745381, 0.0 ], [ 120.268921875144429, -2.76636785709087, 0.0 ], [ 120.268854150798461, -2.766353746727987, 0.0 ], [ 120.268786425553117, -2.766339637264423, 0.0 ], [ 120.268718701207149, -2.766325526901483, 0.0 ], [ 120.268650975961805, -2.766311417437919, 0.0 ], [ 120.268581318073416, -2.766296400558417, 0.0 ], [ 120.268511660185027, -2.766281383678859, 0.0 ], [ 120.268442001397261, -2.766266366799357, 0.0 ], [ 120.268372343508872, -2.766251349919798, 0.0 ], [ 120.268302685620483, -2.766236333939617, 0.0 ], [ 120.268233027732094, -2.766221317060115, 0.0 ], [ 120.268163369843705, -2.766206300180556, 0.0 ], [ 120.26809371105594, -2.766191283301055, 0.0 ], [ 120.268024053167551, -2.766176267320816, 0.0 ], [ 120.267956561746018, -2.766157528147346, 0.0 ], [ 120.267889071223749, -2.766138787175237, 0.0 ], [ 120.267892548002806, -2.766067375608827, 0.0 ], [ 120.267896024781749, -2.765995963143155, 0.0 ], [ 120.267899501560805, -2.765924550677425, 0.0 ], [ 120.267902978339862, -2.765853138211696, 0.0 ], [ 120.267906455118919, -2.765781726645343, 0.0 ], [ 120.267909931897861, -2.765710314179614, 0.0 ], [ 120.267913408676918, -2.765638901713885, 0.0 ], [ 120.267878164245985, -2.765628492061239, 0.0 ], [ 120.267887125090851, -2.765565325479315, 0.0 ], [ 120.267874440153378, -2.765272609643148, 0.0 ], [ 120.267826646582535, -2.765177148406622, 0.0 ], [ 120.269717612377917, -2.765595904227553, 0.0 ] ] ] ] } },
{ "type": "Feature", "properties": { "OBJECTID": 1131, "WADMPR": "Sulawesi Selatan", "WADMKK": "Kab. Luwu Utara", "WADMKC": "Kec. Malangke Barat", "WADMKD": "Desa Wara", "POKTAN": "Gapoktan Pelita Jaya", "K_POKTAN": "Hasan", "P_SID": "Universitas Negeri Makassar", "NO_HP_1": "081241775269", "NAMA_PEMIL": "Andarias Ande'", "N_PETAK": "WR015", "LUAS_HA": 0.36078794639, "PAKET": "Paket Sulawesi Selatan 16" }, "geometry": { "type": "MultiPolygon", "coordinates": [ [ [ [ 120.272373219548513, -2.771233438472336, 0.0 ], [ 120.27235486708355, -2.771295653571485, 0.0 ], [ 120.272296517270547, -2.771267150458584, 0.0 ], [ 120.272238167457544, -2.771238646446307, 0.0 ], [ 120.272179816745165, -2.771210142434086, 0.0 ], [ 120.272121466932163, -2.771181638421808, 0.0 ], [ 120.272063117119274, -2.771153135308907, 0.0 ], [ 120.271945578425743, -2.771089315819211, 0.0 ], [ 120.272043653991545, -2.77081182910257, 0.0 ], [ 120.27165471789101, -2.770670562696239, 0.0 ], [ 120.271696810659364, -2.770472117394263, 0.0 ], [ 120.272150149010258, -2.770608338603893, 0.0 ], [ 120.272153698634384, -2.770622976868822, 0.0 ], [ 120.272132363118089, -2.770689546485357, 0.0 ], [ 120.272190857721966, -2.770717979451149, 0.0 ], [ 120.272249352325844, -2.77074641331626, 0.0 ], [ 120.272307848728246, -2.770774847181428, 0.0 ], [ 120.272366343332124, -2.77080328014722, 0.0 ], [ 120.272424838835263, -2.770831714012331, 0.0 ], [ 120.272483334338517, -2.770860147877499, 0.0 ], [ 120.272464981873441, -2.770922362976648, 0.0 ], [ 120.272446629408478, -2.770984578075797, 0.0 ], [ 120.272428276943515, -2.771046794074266, 0.0 ], [ 120.272409924478438, -2.771109008274038, 0.0 ], [ 120.272391572013476, -2.771171224272507, 0.0 ], [ 120.272373219548513, -2.771233438472336, 0.0 ] ] ] ] } },
{ "type": "Feature", "properties": { "OBJECTID": 1132, "WADMPR": "Sulawesi Selatan", "WADMKK": "Kab. Luwu Utara", "WADMKC": "Kec. Malangke Barat", "WADMKD": "Desa Wara", "POKTAN": "Gapoktan Pelita Jaya", "K_POKTAN": "Hasan", "P_SID": "Universitas Negeri Makassar", "NO_HP_1": "081241775269", "NAMA_PEMIL": "Yusuf Lapi Pararu", "N_PETAK": "WR016", "LUAS_HA": 0.2757952352, "PAKET": "Paket Sulawesi Selatan 16" }, "geometry": { "type": "MultiPolygon", "coordinates": [ [ [ [ 120.269878406663224, -2.773927246145433, 0.0 ], [ 120.269626692717793, -2.774301852448502, 0.0 ], [ 120.269185211028685, -2.77404838752301, 0.0 ], [ 120.269491154093544, -2.773678349775992, 0.0 ], [ 120.269878406663224, -2.773927246145433, 0.0 ] ] ] ] } },
{ "type": "Feature", "properties": { "OBJECTID": 1133, "WADMPR": "Sulawesi Selatan", "WADMKK": "Kab. Luwu Utara", "WADMKC": "Kec. Malangke Barat", "WADMKD": "Desa Wara", "POKTAN": "Gapoktan Pelita Jaya", "K_POKTAN": "Hasan", "P_SID": "Universitas Negeri Makassar", "NO_HP_1": "081241775269", "NAMA_PEMIL": "Suleman Malintak", "N_PETAK": "WR017", "LUAS_HA": 1.2496052769599999, "PAKET": "Paket Sulawesi Selatan 16" }, "geometry": { "type": "MultiPolygon", "coordinates": [ [ [ [ 120.26554613134897, -2.766903335920176, 0.0 ], [ 120.265827212655836, -2.766406398436516, 0.0 ], [ 120.266534655350142, -2.766608602904626, 0.0 ], [ 120.266573318104179, -2.766620906529567, 0.0 ], [ 120.266611981757592, -2.766633210154453, 0.0 ], [ 120.266549153320852, -2.766813795819985, 0.0 ], [ 120.266514109438617, -2.76703494990295, 0.0 ], [ 120.26646117714165, -2.767232256663249, 0.0 ], [ 120.266633726465329, -2.767321396565137, 0.0 ], [ 120.266723030043863, -2.76738686990808, 0.0 ], [ 120.266741246711263, -2.767530209251731, 0.0 ], [ 120.266860290869772, -2.767607548249714, 0.0 ], [ 120.266948875889966, -2.767685504182623, 0.0 ], [ 120.266974422032035, -2.767834096466345, 0.0 ], [ 120.265406710351499, -2.767176649782527, 0.0 ], [ 120.265434594730777, -2.76712198629059, 0.0 ], [ 120.26546247911017, -2.767067323697972, 0.0 ], [ 120.265490362590185, -2.767012661105355, 0.0 ], [ 120.265518246969577, -2.766957998512794, 0.0 ], [ 120.26554613134897, -2.766903335920176, 0.0 ] ] ] ] } },
{ "type": "Feature", "properties": { "OBJECTID": 1134, "WADMPR": "Sulawesi Selatan", "WADMKK": "Kab. Luwu Utara", "WADMKC": "Kec. Malangke Barat", "WADMKD": "Desa Wara", "POKTAN": "Gapoktan Pelita Jaya", "K_POKTAN": "Hasan", "P_SID": "Universitas Negeri Makassar", "NO_HP_1": "081241775269", "NAMA_PEMIL": "Darius", "N_PETAK": "WR018", "LUAS_HA": 0.63269540556000003, "PAKET": "Paket Sulawesi Selatan 16" }, "geometry": { "type": "MultiPolygon", "coordinates": [ [ [ [ 120.2694526864924, -2.763714277891552, 0.0 ], [ 120.269226809169936, -2.764263068485775, 0.0 ], [ 120.268255293147377, -2.763991993036029, 0.0 ], [ 120.268297260010627, -2.763930385878552, 0.0 ], [ 120.268339225075238, -2.763868779620452, 0.0 ], [ 120.268381191938488, -2.763807172462975, 0.0 ], [ 120.268423157902475, -2.763745565305555, 0.0 ], [ 120.268465123866463, -2.763683958148079, 0.0 ], [ 120.268507089830337, -2.763622350990659, 0.0 ], [ 120.268549055794324, -2.763560744732558, 0.0 ], [ 120.2694526864924, -2.763714277891552, 0.0 ] ] ] ] } },
{ "type": "Feature", "properties": { "OBJECTID": 1135, "WADMPR": "Sulawesi Selatan", "WADMKK": "Kab. Luwu Utara", "WADMKC": "Kec. Malangke Barat", "WADMKD": "Desa Wara", "POKTAN": "Gapoktan Pelita Jaya", "K_POKTAN": "Hasan", "P_SID": "Universitas Negeri Makassar", "NO_HP_1": "081241775269", "NAMA_PEMIL": "Gaspar", "N_PETAK": "WR019", "LUAS_HA": 0.26214951994000002, "PAKET": "Paket Sulawesi Selatan 16" }, "geometry": { "type": "MultiPolygon", "coordinates": [ [ [ [ 120.272949615732273, -2.769799217659738, 0.0 ], [ 120.272854559190591, -2.769981734169676, 0.0 ], [ 120.271929699096404, -2.769568412951855, 0.0 ], [ 120.272007145113662, -2.769371863420702, 0.0 ], [ 120.272074464764842, -2.769402389108905, 0.0 ], [ 120.272141783516531, -2.769432913897788, 0.0 ], [ 120.272209103167597, -2.769463439586048, 0.0 ], [ 120.272276422818663, -2.769493964374931, 0.0 ], [ 120.272343741570467, -2.769524490063134, 0.0 ], [ 120.272411061221533, -2.769555015751337, 0.0 ], [ 120.272478380872599, -2.76958554054022, 0.0 ], [ 120.272545700523779, -2.769616066228423, 0.0 ], [ 120.272613019275468, -2.769646591017306, 0.0 ], [ 120.272680338926534, -2.769677116705509, 0.0 ], [ 120.272747657678337, -2.769707641494392, 0.0 ], [ 120.272814976430027, -2.769738167182595, 0.0 ], [ 120.27288229698047, -2.769768692870855, 0.0 ], [ 120.272949615732273, -2.769799217659738, 0.0 ] ] ] ] } },
{ "type": "Feature", "properties": { "OBJECTID": 1136, "WADMPR": "Sulawesi Selatan", "WADMKK": "Kab. Luwu Utara", "WADMKC": "Kec. Malangke Barat", "WADMKD": "Desa Wara", "POKTAN": "Gapoktan Pelita Jaya", "K_POKTAN": "Hasan", "P_SID": "Universitas Negeri Makassar", "NO_HP_1": "081241775269", "NAMA_PEMIL": "Dewianti", "N_PETAK": "WR020", "LUAS_HA": 1.0355937475699999, "PAKET": "Paket Sulawesi Selatan 16" }, "geometry": { "type": "MultiPolygon", "coordinates": [ [ [ [ 120.272193289488769, -2.768154342348964, 0.0 ], [ 120.272031513143929, -2.768446266781723, 0.0 ], [ 120.271796478924443, -2.76831821681219, 0.0 ], [ 120.271596183716952, -2.768615631606053, 0.0 ], [ 120.27158473444797, -2.768608925361548, 0.0 ], [ 120.271536805978826, -2.768580680354091, 0.0 ], [ 120.271474533323158, -2.768543985316626, 0.0 ], [ 120.271443453652523, -2.768526178740103, 0.0 ], [ 120.270949804090264, -2.768237051198923, 0.0 ], [ 120.271499597428488, -2.767430187553089, 0.0 ], [ 120.272165817898212, -2.767737414849762, 0.0 ], [ 120.272014724599899, -2.768025528855048, 0.0 ], [ 120.272193289488769, -2.768154342348964, 0.0 ] ] ] ] } },
{ "type": "Feature", "properties": { "OBJECTID": 1137, "WADMPR": "Sulawesi Selatan", "WADMKK": "Kab. Luwu Utara", "WADMKC": "Kec. Malangke Barat", "WADMKD": "Desa Wara", "POKTAN": "Gapoktan Pelita Jaya", "K_POKTAN": "Hasan", "P_SID": "Universitas Negeri Makassar", "NO_HP_1": "081241775269", "NAMA_PEMIL": "Markus Mangga", "N_PETAK": "WR021", "LUAS_HA": 1.30513124055, "PAKET": "Paket Sulawesi Selatan 16" }, "geometry": { "type": "MultiPolygon", "coordinates": [ [ [ [ 120.275642291158874, -2.770680470527225, 0.0 ], [ 120.275252730029479, -2.771379983899067, 0.0 ], [ 120.27517756559223, -2.771496220374218, 0.0 ], [ 120.274240481912784, -2.771005360508923, 0.0 ], [ 120.274413323516114, -2.770677231169259, 0.0 ], [ 120.274598406691211, -2.770115634229114, 0.0 ], [ 120.274663252307278, -2.770147044850205, 0.0 ], [ 120.274728097923457, -2.770178454571976, 0.0 ], [ 120.274792945338163, -2.770209865193067, 0.0 ], [ 120.274857790954343, -2.770241274914838, 0.0 ], [ 120.274922637469786, -2.770272685535986, 0.0 ], [ 120.274987483085965, -2.770304096157076, 0.0 ], [ 120.275052329601408, -2.770335506778167, 0.0 ], [ 120.275117174318211, -2.770366916499938, 0.0 ], [ 120.275182021733031, -2.770398327121029, 0.0 ], [ 120.275246868248473, -2.770429737742177, 0.0 ], [ 120.275311714763916, -2.770461148363268, 0.0 ], [ 120.275375685339668, -2.770492134504366, 0.0 ], [ 120.275350569972943, -2.770536737280565, 0.0 ], [ 120.275478760236638, -2.770602698955372, 0.0 ], [ 120.275642291158874, -2.770680470527225, 0.0 ] ] ] ] } },
{ "type": "Feature", "properties": { "OBJECTID": 1138, "WADMPR": "Sulawesi Selatan", "WADMKK": "Kab. Luwu Utara", "WADMKC": "Kec. Malangke Barat", "WADMKD": "Desa Wara", "POKTAN": "Gapoktan Pelita Jaya", "K_POKTAN": "Hasan", "P_SID": "Universitas Negeri Makassar", "NO_HP_1": "081241775269", "NAMA_PEMIL": "Yohanis Pararuk", "N_PETAK": "WR022", "LUAS_HA": 0.25272086555000001, "PAKET": "Paket Sulawesi Selatan 16" }, "geometry": { "type": "MultiPolygon", "coordinates": [ [ [ [ 120.27517756559223, -2.771496220374218, 0.0 ], [ 120.275252730029479, -2.771379983899067, 0.0 ], [ 120.275642291158874, -2.770680470527225, 0.0 ], [ 120.275763763486907, -2.770734621405609, 0.0 ], [ 120.276013174268655, -2.770910710460896, 0.0 ], [ 120.275597986957564, -2.77116823852333, 0.0 ], [ 120.275593659419883, -2.771170951777947, 0.0 ], [ 120.27554792979322, -2.771204198814701, 0.0 ], [ 120.27550520749935, -2.771244559488764, 0.0 ], [ 120.275277362460315, -2.77149220040468, 0.0 ], [ 120.275200076522424, -2.771534520701493, 0.0 ], [ 120.27517756559223, -2.771496220374218, 0.0 ] ] ] ] } },
{ "type": "Feature", "properties": { "OBJECTID": 1139, "WADMPR": "Sulawesi Selatan", "WADMKK": "Kab. Luwu Utara", "WADMKC": "Kec. Malangke Barat", "WADMKD": "Desa Wara", "POKTAN": "Gapoktan Pelita Jaya", "K_POKTAN": "Hasan", "P_SID": "Universitas Negeri Makassar", "NO_HP_1": "081241775269", "NAMA_PEMIL": "Luter Kabbi", "N_PETAK": "WR023", "LUAS_HA": 0.99481905976999996, "PAKET": "Paket Sulawesi Selatan 16" }, "geometry": { "type": "MultiPolygon", "coordinates": [ [ [ [ 120.276094426216901, -2.760870851808306, 0.0 ], [ 120.276046351158243, -2.760955457328464, 0.0 ], [ 120.275533269944503, -2.760603602074525, 0.0 ], [ 120.275580438486486, -2.760554717626064, 0.0 ], [ 120.275627606129206, -2.760505834976243, 0.0 ], [ 120.275674773771811, -2.760456950527782, 0.0 ], [ 120.275721942313794, -2.760408066079322, 0.0 ], [ 120.275769109956514, -2.760359181630861, 0.0 ], [ 120.275800358699712, -2.760304363455589, 0.0 ], [ 120.27583160654342, -2.76024954617958, 0.0 ], [ 120.275862855286618, -2.760194728004251, 0.0 ], [ 120.275894104029703, -2.760139909828922, 0.0 ], [ 120.27590103240675, -2.76007310099277, 0.0 ], [ 120.275907960783798, -2.760006292156618, 0.0 ], [ 120.275914888261582, -2.759939482421146, 0.0 ], [ 120.275921816638629, -2.759872674484313, 0.0 ], [ 120.275928745015676, -2.759805865648161, 0.0 ], [ 120.275935674291986, -2.759739055912632, 0.0 ], [ 120.275942602669033, -2.75967224707648, 0.0 ], [ 120.275949531046081, -2.759605438240328, 0.0 ], [ 120.275978355217035, -2.759549612824344, 0.0 ], [ 120.276007179387875, -2.759493785609664, 0.0 ], [ 120.276036003558829, -2.759437960193679, 0.0 ], [ 120.276064826830407, -2.759382135676958, 0.0 ], [ 120.276093651001247, -2.759326309361654, 0.0 ], [ 120.276122475172201, -2.759270483945613, 0.0 ], [ 120.276115317467998, -2.759215172042502, 0.0 ], [ 120.276108159763794, -2.759159859240071, 0.0 ], [ 120.276101002059704, -2.759104546437641, 0.0 ], [ 120.276167964679871, -2.759126366688406, 0.0 ], [ 120.276234927300152, -2.759148186939228, 0.0 ], [ 120.276301889920319, -2.75917000719005, 0.0 ], [ 120.2763688525406, -2.759191827440816, 0.0 ], [ 120.276435816060143, -2.759213647691638, 0.0 ], [ 120.276410349058438, -2.759703144184698, 0.0 ], [ 120.276416453656452, -2.75992418495315, 0.0 ], [ 120.276358458176333, -2.760184861542086, 0.0 ], [ 120.276265360358138, -2.760515661868226, 0.0 ], [ 120.276094426216901, -2.760870851808306, 0.0 ] ] ] ] } },
{ "type": "Feature", "properties": { "OBJECTID": 1140, "WADMPR": "Sulawesi Selatan", "WADMKK": "Kab. Luwu Utara", "WADMKC": "Kec. Malangke Barat", "WADMKD": "Desa Wara", "POKTAN": "Gapoktan Pelita Jaya", "K_POKTAN": "Hasan", "P_SID": "Universitas Negeri Makassar", "NO_HP_1": "081241775269", "NAMA_PEMIL": "Batta", "N_PETAK": "WR024", "LUAS_HA": 0.48394723427000003, "PAKET": "Paket Sulawesi Selatan 16" }, "geometry": { "type": "MultiPolygon", "coordinates": [ [ [ [ 120.267864304793875, -2.779126333013835, 0.0 ], [ 120.26679057632407, -2.779219903875401, 0.0 ], [ 120.266835233059624, -2.779090348440775, 0.0 ], [ 120.267122663580153, -2.778570006100836, 0.0 ], [ 120.267274364820196, -2.778661834076331, 0.0 ], [ 120.267880218297478, -2.778985976721401, 0.0 ], [ 120.267864304793875, -2.779126333013835, 0.0 ] ] ] ] } },
{ "type": "Feature", "properties": { "OBJECTID": 1141, "WADMPR": "Sulawesi Selatan", "WADMKK": "Kab. Luwu Utara", "WADMKC": "Kec. Malangke Barat", "WADMKD": "Desa Wara", "POKTAN": "Gapoktan Pelita Jaya", "K_POKTAN": "Hasan", "P_SID": "Universitas Negeri Makassar", "NO_HP_1": "081241775269", "NAMA_PEMIL": "Paulus Sampe", "N_PETAK": "WR025", "LUAS_HA": 0.71601906334999998, "PAKET": "Paket Sulawesi Selatan 16" }, "geometry": { "type": "MultiPolygon", "coordinates": [ [ [ [ 120.267462106391122, -2.781002844905345, 0.0 ], [ 120.266160680371172, -2.781117164925149, 0.0 ], [ 120.266195011990249, -2.780655553710801, 0.0 ], [ 120.266851979335456, -2.780611167671225, 0.0 ], [ 120.267213492408814, -2.780565581936003, 0.0 ], [ 120.267441689082716, -2.780508000144039, 0.0 ], [ 120.267462106391122, -2.781002844905345, 0.0 ] ] ] ] } },
{ "type": "Feature", "properties": { "OBJECTID": 1142, "WADMPR": "Sulawesi Selatan", "WADMKK": "Kab. Luwu Utara", "WADMKC": "Kec. Malangke Barat", "WADMKD": "Desa Wara", "POKTAN": "Gapoktan Pelita Jaya", "K_POKTAN": "Hasan", "P_SID": "Universitas Negeri Makassar", "NO_HP_1": "081241775269", "NAMA_PEMIL": "Asdianto Dani", "N_PETAK": "WR026", "LUAS_HA": 0.57743998785999995, "PAKET": "Paket Sulawesi Selatan 16" }, "geometry": { "type": "MultiPolygon", "coordinates": [ [ [ [ 120.267462106391122, -2.781002844905345, 0.0 ], [ 120.267441689082716, -2.780508000144039, 0.0 ], [ 120.267451928763535, -2.780467389458408, 0.0 ], [ 120.267525422260519, -2.780467626879442, 0.0 ], [ 120.26759891395875, -2.780467882286871, 0.0 ], [ 120.267672407455734, -2.780468129600479, 0.0 ], [ 120.267745898254702, -2.78046837601471, 0.0 ], [ 120.26781939085231, -2.780468623328261, 0.0 ], [ 120.26789288434918, -2.780468870641812, 0.0 ], [ 120.267966376047525, -2.780469117955363, 0.0 ], [ 120.268039869544396, -2.780469365268971, 0.0 ], [ 120.268113360343364, -2.780469610783882, 0.0 ], [ 120.268186852940971, -2.780469858097433, 0.0 ], [ 120.268260346437955, -2.780470104511664, 0.0 ], [ 120.268333838136186, -2.780470352724535, 0.0 ], [ 120.268335101683647, -2.780470240309285, 0.0 ], [ 120.268369869473986, -2.780470352724535, 0.0 ], [ 120.268364256805057, -2.78095787250777, 0.0 ], [ 120.268328191293108, -2.780960864552185, 0.0 ], [ 120.268289990790549, -2.780964318848191, 0.0 ], [ 120.267462106391122, -2.781002844905345, 0.0 ] ] ] ] } },
{ "type": "Feature", "properties": { "OBJECTID": 1143, "WADMPR": "Sulawesi Selatan", "WADMKK": "Kab. Luwu Utara", "WADMKC": "Kec. Malangke Barat", "WADMKD": "Desa Wara", "POKTAN": "Gapoktan Pelita Jaya", "K_POKTAN": "Hasan", "P_SID": "Universitas Negeri Makassar", "NO_HP_1": "081241775269", "NAMA_PEMIL": "Duma", "N_PETAK": "WR027", "LUAS_HA": 1.02555965357, "PAKET": "Paket Sulawesi Selatan 16" }, "geometry": { "type": "MultiPolygon", "coordinates": [ [ [ [ 120.269428506420468, -2.78363361639822, 0.0 ], [ 120.268503706580873, -2.783694796377688, 0.0 ], [ 120.268438851072233, -2.78280107890663, 0.0 ], [ 120.269339629120623, -2.782712306827477, 0.0 ], [ 120.269428506420468, -2.78363361639822, 0.0 ] ] ] ] } },
{ "type": "Feature", "properties": { "OBJECTID": 1144, "WADMPR": "Sulawesi Selatan", "WADMKK": "Kab. Luwu Utara", "WADMKC": "Kec. Malangke Barat", "WADMKD": "Desa Wara", "POKTAN": "Gapoktan Pelita Jaya", "K_POKTAN": "Hasan", "P_SID": "Universitas Negeri Makassar", "NO_HP_1": "081241775269", "NAMA_PEMIL": "Duma 2", "N_PETAK": "WR028", "LUAS_HA": 0.5294981265000001, "PAKET": "Paket Sulawesi Selatan 16" }, "geometry": { "type": "MultiPolygon", "coordinates": [ [ [ [ 120.269428506420468, -2.78363361639822, 0.0 ], [ 120.269348036882434, -2.782786683458653, 0.0 ], [ 120.269417996943048, -2.78277108831503, 0.0 ], [ 120.26953749975587, -2.782790282545477, 0.0 ], [ 120.269666011077561, -2.782831669346024, 0.0 ], [ 120.269759692555795, -2.782886851746753, 0.0 ], [ 120.269903817007616, -2.783011612895564, 0.0 ], [ 120.270038333102661, -2.783174760706572, 0.0 ], [ 120.269915827453588, -2.783402689382569, 0.0 ], [ 120.269930239089376, -2.783609023537565, 0.0 ], [ 120.269428506420468, -2.78363361639822, 0.0 ] ] ] ] } },
{ "type": "Feature", "properties": { "OBJECTID": 1145, "WADMPR": "Sulawesi Selatan", "WADMKK": "Kab. Luwu Utara", "WADMKC": "Kec. Malangke Barat", "WADMKD": "Desa Wara", "POKTAN": "Gapoktan Pelita Jaya", "K_POKTAN": "Hasan", "P_SID": "Universitas Negeri Makassar", "NO_HP_1": "081241775269", "NAMA_PEMIL": "Epa", "N_PETAK": "WR029", "LUAS_HA": 0.66786596046000002, "PAKET": "Paket Sulawesi Selatan 16" }, "geometry": { "type": "MultiPolygon", "coordinates": [ [ [ [ 120.264221406592696, -2.782979522386995, 0.0 ], [ 120.264766482986829, -2.78293935057053, 0.0 ], [ 120.264905480403627, -2.783621618542838, 0.0 ], [ 120.264319291502147, -2.783851047287953, 0.0 ], [ 120.264031642446412, -2.78308388960977, 0.0 ], [ 120.264221406592696, -2.782979522386995, 0.0 ] ] ] ] } },
{ "type": "Feature", "properties": { "OBJECTID": 1146, "WADMPR": "Sulawesi Selatan", "WADMKK": "Kab. Luwu Utara", "WADMKC": "Kec. Malangke Barat", "WADMKD": "Desa Wara", "POKTAN": "Gapoktan Pelita Jaya", "K_POKTAN": "Hasan", "P_SID": "Universitas Negeri Makassar", "NO_HP_1": "081241775269", "NAMA_PEMIL": "Aprida Randan", "N_PETAK": "WR030", "LUAS_HA": 0.22560752348, "PAKET": "Paket Sulawesi Selatan 16" }, "geometry": { "type": "MultiPolygon", "coordinates": [ [ [ [ 120.264221406592696, -2.782979522386995, 0.0 ], [ 120.263970364440866, -2.782528497092414, 0.0 ], [ 120.264004866031769, -2.782479828481257, 0.0 ], [ 120.264039367622786, -2.78243115897078, 0.0 ], [ 120.264073870113066, -2.782382489460247, 0.0 ], [ 120.26413158770265, -2.782428894477846, 0.0 ], [ 120.264189305292234, -2.782475299495445, 0.0 ], [ 120.264247021982555, -2.782521704512988, 0.0 ], [ 120.264304741370779, -2.782568110429906, 0.0 ], [ 120.264362458960363, -2.782614515447506, 0.0 ], [ 120.264420176549947, -2.782660920465048, 0.0 ], [ 120.264477894139532, -2.782707325482647, 0.0 ], [ 120.264535611729116, -2.78275373050019, 0.0 ], [ 120.264531875046032, -2.782956130121249, 0.0 ], [ 120.264221406592696, -2.782979522386995, 0.0 ] ] ] ] } },
{ "type": "Feature", "properties": { "OBJECTID": 1147, "WADMPR": "Sulawesi Selatan", "WADMKK": "Kab. Luwu Utara", "WADMKC": "Kec. Malangke Barat", "WADMKD": "Desa Wara", "POKTAN": "Gapoktan Pelita Jaya", "K_POKTAN": "Hasan", "P_SID": "Universitas Negeri Makassar", "NO_HP_1": "081241775269", "NAMA_PEMIL": "Alpridan Randuan", "N_PETAK": "WR031", "LUAS_HA": 1.0162477545799999, "PAKET": "Paket Sulawesi Selatan 16" }, "geometry": { "type": "MultiPolygon", "coordinates": [ [ [ [ 120.265168419686916, -2.785238971001661, 0.0 ], [ 120.265115148345444, -2.785266904843752, 0.0 ], [ 120.265021898541818, -2.785071060381085, 0.0 ], [ 120.264901794082562, -2.784977490418783, 0.0 ], [ 120.264707226657265, -2.784793948681738, 0.0 ], [ 120.26455949862202, -2.784598410887895, 0.0 ], [ 120.264459812370546, -2.784411270064027, 0.0 ], [ 120.265414637875324, -2.784060980529773, 0.0 ], [ 120.26543505518373, -2.784084973542633, 0.0 ], [ 120.265507117859215, -2.784263716497264, 0.0 ], [ 120.265545550386946, -2.784497642751944, 0.0 ], [ 120.265642909192934, -2.78499016456442, 0.0 ], [ 120.265577558157815, -2.785024432331625, 0.0 ], [ 120.265512208921336, -2.785058699199567, 0.0 ], [ 120.265446858785594, -2.785092966966829, 0.0 ], [ 120.265381507750476, -2.785127234734034, 0.0 ], [ 120.265328237308381, -2.785155167676805, 0.0 ], [ 120.265274965067647, -2.785183102418216, 0.0 ], [ 120.265221692826913, -2.78521103626025, 0.0 ], [ 120.265168419686916, -2.785238971001661, 0.0 ] ] ] ] } },
{ "type": "Feature", "properties": { "OBJECTID": 1148, "WADMPR": "Sulawesi Selatan", "WADMKK": "Kab. Luwu Utara", "WADMKC": "Kec. Malangke Barat", "WADMKD": "Desa Wara", "POKTAN": "Gapoktan Pelita Jaya", "K_POKTAN": "Hasan", "P_SID": "Universitas Negeri Makassar", "NO_HP_1": "081241775269", "NAMA_PEMIL": "Yosapat Sanggola", "N_PETAK": "WR032", "LUAS_HA": 0.17029993726000001, "PAKET": "Paket Sulawesi Selatan 16" }, "geometry": { "type": "MultiPolygon", "coordinates": [ [ [ [ 120.265847617373652, -2.785395003376664, 0.0 ], [ 120.265316758361791, -2.785670915380365, 0.0 ], [ 120.265218531709934, -2.785463124323655, 0.0 ], [ 120.265278543470117, -2.785431172310723, 0.0 ], [ 120.265338554330924, -2.785399221197054, 0.0 ], [ 120.265398565191731, -2.785367270083384, 0.0 ], [ 120.265458576052538, -2.785335318969771, 0.0 ], [ 120.265518586013968, -2.785303367856102, 0.0 ], [ 120.265578597774152, -2.785271415843113, 0.0 ], [ 120.265638606836319, -2.785239465628763, 0.0 ], [ 120.265698617697126, -2.78520751451515, 0.0 ], [ 120.265741025228181, -2.785183570065669, 0.0 ], [ 120.265847617373652, -2.785395003376664, 0.0 ] ] ] ] } },
{ "type": "Feature", "properties": { "OBJECTID": 1149, "WADMPR": "Sulawesi Selatan", "WADMKK": "Kab. Luwu Utara", "WADMKC": "Kec. Malangke Barat", "WADMKD": "Desa Wara", "POKTAN": "Gapoktan Pelita Jaya", "K_POKTAN": "Hasan", "P_SID": "Universitas Negeri Makassar", "NO_HP_1": "081241775269", "NAMA_PEMIL": "Bokko", "N_PETAK": "WR033", "LUAS_HA": 0.37490905553999998, "PAKET": "Paket Sulawesi Selatan 16" }, "geometry": { "type": "MultiPolygon", "coordinates": [ [ [ [ 120.267107356219526, -2.787331635846272, 0.0 ], [ 120.266466002004449, -2.787624342689242, 0.0 ], [ 120.266247412787948, -2.787202077713687, 0.0 ], [ 120.266826312684202, -2.78694296054914, 0.0 ], [ 120.266915189984047, -2.787146895312901, 0.0 ], [ 120.267107356219526, -2.787331635846272, 0.0 ] ] ] ] } },
{ "type": "Feature", "properties": { "OBJECTID": 1150, "WADMPR": "Sulawesi Selatan", "WADMKK": "Kab. Luwu Utara", "WADMKC": "Kec. Malangke Barat", "WADMKD": "Desa Wara", "POKTAN": "Gapoktan Pelita Jaya", "K_POKTAN": "Hasan", "P_SID": "Universitas Negeri Makassar", "NO_HP_1": "081241775269", "NAMA_PEMIL": "Lisa", "N_PETAK": "WR034", "LUAS_HA": 2.45981332165, "PAKET": "Paket Sulawesi Selatan 16" }, "geometry": { "type": "MultiPolygon", "coordinates": [ [ [ [ 120.270722695595964, -2.788116709818269, 0.0 ], [ 120.268924422024497, -2.788630878312347, 0.0 ], [ 120.268856927904949, -2.788648919611887, 0.0 ], [ 120.268789434684777, -2.788666960012165, 0.0 ], [ 120.268721938766475, -2.788685001311705, 0.0 ], [ 120.268654444646927, -2.788703042611303, 0.0 ], [ 120.268586950527379, -2.788721083910843, 0.0 ], [ 120.26851945640783, -2.788739125210441, 0.0 ], [ 120.268451962288282, -2.788757166509981, 0.0 ], [ 120.268384468168733, -2.788775208708842, 0.0 ], [ 120.268316973149808, -2.788793249109119, 0.0 ], [ 120.26824947903026, -2.78881128950934, 0.0 ], [ 120.268181984910711, -2.788829331708257, 0.0 ], [ 120.268109801726041, -2.788848939626803, 0.0 ], [ 120.268037617641994, -2.788868548444725, 0.0 ], [ 120.267965434457324, -2.78888815816191, 0.0 ], [ 120.26789325127254, -2.788907766979833, 0.0 ], [ 120.267839863019276, -2.788218013950143, 0.0 ], [ 120.267911494919645, -2.788197920397636, 0.0 ], [ 120.267983127719276, -2.788177825945866, 0.0 ], [ 120.268054759619531, -2.788157732393415, 0.0 ], [ 120.268126394217802, -2.788137637941588, 0.0 ], [ 120.268198027916696, -2.788117543489818, 0.0 ], [ 120.268269659817065, -2.788097449937311, 0.0 ], [ 120.268341292616583, -2.788077356384861, 0.0 ], [ 120.268412925416214, -2.788057261933034, 0.0 ], [ 120.268484559115223, -2.788037168380583, 0.0 ], [ 120.26855619191474, -2.788017073928756, 0.0 ], [ 120.268627825613748, -2.787996979476986, 0.0 ], [ 120.268699457514003, -2.787976885924479, 0.0 ], [ 120.268771090313635, -2.787956792372029, 0.0 ], [ 120.26884272221389, -2.787936698819522, 0.0 ], [ 120.268914357711537, -2.787916603468432, 0.0 ], [ 120.268985989611792, -2.787896509915925, 0.0 ], [ 120.269057622411424, -2.787876416363474, 0.0 ], [ 120.269129254311679, -2.787856321911704, 0.0 ], [ 120.26920088890995, -2.787836227459877, 0.0 ], [ 120.269272521709581, -2.787816133907427, 0.0 ], [ 120.269344154509213, -2.7877960394556, 0.0 ], [ 120.269415786409468, -2.787775945903149, 0.0 ], [ 120.269487421007739, -2.787755851451323, 0.0 ], [ 120.269559052907994, -2.787735757898872, 0.0 ], [ 120.269630686607002, -2.787715663447045, 0.0 ], [ 120.269702319406633, -2.787695569894595, 0.0 ], [ 120.269773952206151, -2.787675475442768, 0.0 ], [ 120.269845585005783, -2.787655381890318, 0.0 ], [ 120.269917217805414, -2.787635288337867, 0.0 ], [ 120.269988851504309, -2.78761519388604, 0.0 ], [ 120.27006048430394, -2.78759509943427, 0.0 ], [ 120.270132117103572, -2.787575005881763, 0.0 ], [ 120.270203749903203, -2.787554911429993, 0.0 ], [ 120.270275382702835, -2.787534817877486, 0.0 ], [ 120.270347016401729, -2.787514723425716, 0.0 ], [ 120.27041864920136, -2.787494629873208, 0.0 ], [ 120.270490282000992, -2.787474535421438, 0.0 ], [ 120.270561914800624, -2.787454441868931, 0.0 ], [ 120.270633548499518, -2.787434347417161, 0.0 ], [ 120.270722695595964, -2.788116709818269, 0.0 ] ] ] ] } },
{ "type": "Feature", "properties": { "OBJECTID": 1151, "WADMPR": "Sulawesi Selatan", "WADMKK": "Kab. Luwu Utara", "WADMKC": "Kec. Malangke Barat", "WADMKD": "Desa Wara", "POKTAN": "Gapoktan Pelita Jaya", "K_POKTAN": "Hasan", "P_SID": "Universitas Negeri Makassar", "NO_HP_1": "081241775269", "NAMA_PEMIL": "Sita Pasedan", "N_PETAK": "WR035", "LUAS_HA": 0.70470705318000004, "PAKET": "Paket Sulawesi Selatan 16" }, "geometry": { "type": "MultiPolygon", "coordinates": [ [ [ [ 120.268924422024497, -2.788630878312347, 0.0 ], [ 120.270722695595964, -2.788116709818269, 0.0 ], [ 120.270856350140548, -2.788410646933755, 0.0 ], [ 120.270786521380955, -2.788429132498436, 0.0 ], [ 120.270716694420003, -2.78844761806306, 0.0 ], [ 120.27064686566041, -2.78846610452706, 0.0 ], [ 120.270577037800081, -2.788484590091684, 0.0 ], [ 120.270507210839128, -2.788503075656365, 0.0 ], [ 120.270437382079535, -2.788521562120366, 0.0 ], [ 120.270367555118582, -2.78854004678567, 0.0 ], [ 120.270297725459727, -2.78855853324967, 0.0 ], [ 120.270227897599511, -2.788577018814294, 0.0 ], [ 120.270158069739182, -2.788595505278295, 0.0 ], [ 120.270088241878966, -2.788613990842975, 0.0 ], [ 120.270018414018637, -2.788632476407599, 0.0 ], [ 120.269948585259044, -2.78865096197228, 0.0 ], [ 120.269878758298091, -2.788669447536904, 0.0 ], [ 120.269808930437875, -2.788687934000905, 0.0 ], [ 120.269739101678283, -2.788706419565585, 0.0 ], [ 120.26966927471733, -2.788724905130209, 0.0 ], [ 120.269599445957738, -2.78874339069489, 0.0 ], [ 120.269529618996785, -2.788761876259514, 0.0 ], [ 120.269459791136569, -2.788780362723514, 0.0 ], [ 120.26938996327624, -2.788798848288195, 0.0 ], [ 120.269320135416024, -2.788817333852819, 0.0 ], [ 120.269250307555694, -2.7888358194175, 0.0 ], [ 120.269180479695478, -2.788854304982124, 0.0 ], [ 120.269110650935886, -2.788872791446124, 0.0 ], [ 120.269040823974933, -2.788891277010805, 0.0 ], [ 120.268970996114604, -2.788909762575429, 0.0 ], [ 120.268959352592105, -2.788840042633808, 0.0 ], [ 120.268947709069607, -2.788770320893548, 0.0 ], [ 120.268936065546995, -2.788700600052607, 0.0 ], [ 120.268924422024497, -2.788630878312347, 0.0 ] ] ] ] } },
{ "type": "Feature", "properties": { "OBJECTID": 1152, "WADMPR": "Sulawesi Selatan", "WADMKK": "Kab. Luwu Utara", "WADMKC": "Kec. Malangke Barat", "WADMKD": "Desa Wara", "POKTAN": "Gapoktan Pelita Jaya", "K_POKTAN": "Hasan", "P_SID": "Universitas Negeri Makassar", "NO_HP_1": "081241775269", "NAMA_PEMIL": "Selma Patandean", "N_PETAK": "WR036", "LUAS_HA": 1.0677609897, "PAKET": "Paket Sulawesi Selatan 16" }, "geometry": { "type": "MultiPolygon", "coordinates": [ [ [ [ 120.26965479922967, -2.793595877947382, 0.0 ], [ 120.269423702242079, -2.793871881681923, 0.0 ], [ 120.269115352591484, -2.793042642004252, 0.0 ], [ 120.269183242412737, -2.79301486014765, 0.0 ], [ 120.269251131334727, -2.792987077391672, 0.0 ], [ 120.269319020256603, -2.792959295535013, 0.0 ], [ 120.269386909178593, -2.792931513678354, 0.0 ], [ 120.269454798100469, -2.792903731821696, 0.0 ], [ 120.269522687022459, -2.792875949965094, 0.0 ], [ 120.269590575944335, -2.792848168108435, 0.0 ], [ 120.269658464866325, -2.792820386251776, 0.0 ], [ 120.269726354687577, -2.792792603495798, 0.0 ], [ 120.269794243609567, -2.792764821639139, 0.0 ], [ 120.26986213343082, -2.792737039782537, 0.0 ], [ 120.269930021453433, -2.792709257925878, 0.0 ], [ 120.269997910375309, -2.79268147606922, 0.0 ], [ 120.270065799297299, -2.792653694212561, 0.0 ], [ 120.270133688219175, -2.792625912355902, 0.0 ], [ 120.270201578040428, -2.79259812959998, 0.0 ], [ 120.270269466962418, -2.792570347743322, 0.0 ], [ 120.270337356783671, -2.792542565886663, 0.0 ], [ 120.270405245705547, -2.792514784030004, 0.0 ], [ 120.27047313372816, -2.792487002173345, 0.0 ], [ 120.27054102265015, -2.792459220316744, 0.0 ], [ 120.270608911572026, -2.792431438460085, 0.0 ], [ 120.270676801393279, -2.792403656603426, 0.0 ], [ 120.270744690315269, -2.792375873847448, 0.0 ], [ 120.270812578337882, -2.792348092890109, 0.0 ], [ 120.270880469058511, -2.79232031013413, 0.0 ], [ 120.270948357081124, -2.792292528277528, 0.0 ], [ 120.271109587537467, -2.792217061667998, 0.0 ], [ 120.270871641313306, -2.792455008791592, 0.0 ], [ 120.270676525301496, -2.792650124803345, 0.0 ], [ 120.270364554980347, -2.792895244020258, 0.0 ], [ 120.270357013265652, -2.792901301853533, 0.0 ], [ 120.2699037243774, -2.793273501570809, 0.0 ], [ 120.269861794386316, -2.793312828923888, 0.0 ], [ 120.269824659580422, -2.793357942515001, 0.0 ], [ 120.26965479922967, -2.793595877947382, 0.0 ] ] ] ] } },
{ "type": "Feature", "properties": { "OBJECTID": 1153, "WADMPR": "Sulawesi Selatan", "WADMKK": "Kab. Luwu Utara", "WADMKC": "Kec. Malangke Barat", "WADMKD": "Desa Wara", "POKTAN": "Gapoktan Pelita Jaya", "K_POKTAN": "Hasan", "P_SID": "Universitas Negeri Makassar", "NO_HP_1": "081241775269", "NAMA_PEMIL": "Yospin", "N_PETAK": "WR037", "LUAS_HA": 0.34844536495, "PAKET": "Paket Sulawesi Selatan 16" }, "geometry": { "type": "MultiPolygon", "coordinates": [ [ [ [ 120.268659131014147, -2.793745749067, 0.0 ], [ 120.268594349249838, -2.793774094798607, 0.0 ], [ 120.268572491227587, -2.793713625283544, 0.0 ], [ 120.268550633205223, -2.793653156667801, 0.0 ], [ 120.268528776082235, -2.793592688052058, 0.0 ], [ 120.26850691805987, -2.793532217637676, 0.0 ], [ 120.268485060936882, -2.793471748122613, 0.0 ], [ 120.268463203813894, -2.79341127860755, 0.0 ], [ 120.26844134579153, -2.793350809991864, 0.0 ], [ 120.268641596932184, -2.793252667876288, 0.0 ], [ 120.268983442731724, -2.793095818916868, 0.0 ], [ 120.269177389624929, -2.793518981415787, 0.0 ], [ 120.269112608759997, -2.793547327147394, 0.0 ], [ 120.269047825197049, -2.793575672878944, 0.0 ], [ 120.268983042533478, -2.793604019509871, 0.0 ], [ 120.26891825897053, -2.793632366140741, 0.0 ], [ 120.268853478105598, -2.793660710972972, 0.0 ], [ 120.268788695442026, -2.793689057603899, 0.0 ], [ 120.268723912778455, -2.793717403335449, 0.0 ], [ 120.268659131014147, -2.793745749067, 0.0 ] ] ] ] } },
{ "type": "Feature", "properties": { "OBJECTID": 1154, "WADMPR": "Sulawesi Selatan", "WADMKK": "Kab. Luwu Utara", "WADMKC": "Kec. Malangke Barat", "WADMKD": "Desa Wara", "POKTAN": "Gapoktan Pelita Jaya", "K_POKTAN": "Hasan", "P_SID": "Universitas Negeri Makassar", "NO_HP_1": "081241775269", "NAMA_PEMIL": "Nasri", "N_PETAK": "WR038", "LUAS_HA": 0.65276494301, "PAKET": "Paket Sulawesi Selatan 16" }, "geometry": { "type": "MultiPolygon", "coordinates": [ [ [ [ 120.268227121884252, -2.783605736515483, 0.0 ], [ 120.268323723461094, -2.784089757036611, 0.0 ], [ 120.268162686359005, -2.784197400489575, 0.0 ], [ 120.268082167358216, -2.784234519107713, 0.0 ], [ 120.268022840881486, -2.784257273754122, 0.0 ], [ 120.267972118218722, -2.78429441575463, 0.0 ], [ 120.267921394656696, -2.784331558654458, 0.0 ], [ 120.267861668880983, -2.784352875284924, 0.0 ], [ 120.267801942205892, -2.78437419101607, 0.0 ], [ 120.267742215530916, -2.784395506747217, 0.0 ], [ 120.267682489755202, -2.784416824276946, 0.0 ], [ 120.267622763080112, -2.784438139108772, 0.0 ], [ 120.267607955742619, -2.784367965009551, 0.0 ], [ 120.267593148405126, -2.784297790910273, 0.0 ], [ 120.26757834196701, -2.784227615911675, 0.0 ], [ 120.267563534629517, -2.784157441812454, 0.0 ], [ 120.267548727292024, -2.784087268612495, 0.0 ], [ 120.267533919954531, -2.784017092714635, 0.0 ], [ 120.267516966834592, -2.783947633576361, 0.0 ], [ 120.267500014614029, -2.783878172639504, 0.0 ], [ 120.267483061494204, -2.783808712601967, 0.0 ], [ 120.267466108374265, -2.78373925256443, 0.0 ], [ 120.267449156153702, -2.783669793426157, 0.0 ], [ 120.267432203033763, -2.78360033158998, 0.0 ], [ 120.26750446895619, -2.783600824418443, 0.0 ], [ 120.267576733979126, -2.783601315448323, 0.0 ], [ 120.267648999002176, -2.783601807377465, 0.0 ], [ 120.267721264025226, -2.783602298407288, 0.0 ], [ 120.267793529947539, -2.783602789437111, 0.0 ], [ 120.267865794970476, -2.783603281366311, 0.0 ], [ 120.267938060892902, -2.783603772396134, 0.0 ], [ 120.268010325915839, -2.783604262526637, 0.0 ], [ 120.268082590938889, -2.78360475445578, 0.0 ], [ 120.268154856861202, -2.78360524548566, 0.0 ], [ 120.268227121884252, -2.783605736515483, 0.0 ] ] ] ] } },
{ "type": "Feature", "properties": { "OBJECTID": 1155, "WADMPR": "Sulawesi Selatan", "WADMKK": "Kab. Luwu Utara", "WADMKC": "Kec. Malangke Barat", "WADMKD": "Desa Wara", "POKTAN": "Gapoktan Pelita Jaya", "K_POKTAN": "Hasan", "P_SID": "Universitas Negeri Makassar", "NO_HP_1": "081241775269", "NAMA_PEMIL": "Alpius Liku", "N_PETAK": "WR039", "LUAS_HA": 0.37169012748000002, "PAKET": "Paket Sulawesi Selatan 16" }, "geometry": { "type": "MultiPolygon", "coordinates": [ [ [ [ 120.268503706580873, -2.783694796377688, 0.0 ], [ 120.269031667077797, -2.78366351256102, 0.0 ], [ 120.269052670744259, -2.783849760358123, 0.0 ], [ 120.268988965468452, -2.783860763563325, 0.0 ], [ 120.268925258394006, -2.783871766768584, 0.0 ], [ 120.268861554017576, -2.783882769074467, 0.0 ], [ 120.268836838849097, -2.783912507855916, 0.0 ], [ 120.268785497452768, -2.783946772925162, 0.0 ], [ 120.268734156056553, -2.783981038893785, 0.0 ], [ 120.268682814660224, -2.784015303963088, 0.0 ], [ 120.268631473263895, -2.784049569032334, 0.0 ], [ 120.268563515094229, -2.784077194406962, 0.0 ], [ 120.268495558723089, -2.784104818882213, 0.0 ], [ 120.268427601452686, -2.78413244515616, 0.0 ], [ 120.26835964328302, -2.784160068732149, 0.0 ], [ 120.268306205567001, -2.784204755145311, 0.0 ], [ 120.268252767850981, -2.784249443357055, 0.0 ], [ 120.268199331034339, -2.784294129770217, 0.0 ], [ 120.268145891519794, -2.784338817082698, 0.0 ], [ 120.268092452904398, -2.7843835052945, 0.0 ], [ 120.268057646443253, -2.784320389074651, 0.0 ], [ 120.268022840881486, -2.784257273754122, 0.0 ], [ 120.268082167358216, -2.784234519107713, 0.0 ], [ 120.268162686359005, -2.784197400489575, 0.0 ], [ 120.268323723461094, -2.784089757036611, 0.0 ], [ 120.268227121884252, -2.783605736515483, 0.0 ], [ 120.268299386907188, -2.783606228444626, 0.0 ], [ 120.268371651930238, -2.783606720373825, 0.0 ], [ 120.268443917852551, -2.783607212302968, 0.0 ], [ 120.268503706580873, -2.783694796377688, 0.0 ] ] ] ] } },
{ "type": "Feature", "properties": { "OBJECTID": 1156, "WADMPR": "Sulawesi Selatan", "WADMKK": "Kab. Luwu Utara", "WADMKC": "Kec. Malangke Barat", "WADMKD": "Desa Wara", "POKTAN": "Gapoktan Pelita Jaya", "K_POKTAN": "Hasan", "P_SID": "Universitas Negeri Makassar", "NO_HP_1": "081241775269", "NAMA_PEMIL": "Jabir", "N_PETAK": "WR040", "LUAS_HA": 1.43175349607, "PAKET": "Paket Sulawesi Selatan 16" }, "geometry": { "type": "MultiPolygon", "coordinates": [ [ [ [ 120.287183690275128, -2.770279195728278, 0.0 ], [ 120.28716950526848, -2.770403705966203, 0.0 ], [ 120.2865856555037, -2.770327256397707, 0.0 ], [ 120.286596500428232, -2.769752822534713, 0.0 ], [ 120.286548426268951, -2.769720433451198, 0.0 ], [ 120.286532396752818, -2.769709634392086, 0.0 ], [ 120.286438646926058, -2.769695011415592, 0.0 ], [ 120.286018965702738, -2.769629549763863, 0.0 ], [ 120.28595494386559, -2.769550499356001, 0.0 ], [ 120.285991234208154, -2.769278004776027, 0.0 ], [ 120.286034409760305, -2.768985463408342, 0.0 ], [ 120.287245866703415, -2.769160681919914, 0.0 ], [ 120.287243773081741, -2.769191704933178, 0.0 ], [ 120.287238882568431, -2.769262579604344, 0.0 ], [ 120.287233991155858, -2.769333455174774, 0.0 ], [ 120.287229099743172, -2.769404330745203, 0.0 ], [ 120.287224209229976, -2.76947520631569, 0.0 ], [ 120.287219318716666, -2.769546081886119, 0.0 ], [ 120.287214427304093, -2.769616958355869, 0.0 ], [ 120.287209536790783, -2.769687833027035, 0.0 ], [ 120.287204646277473, -2.769758708597465, 0.0 ], [ 120.287201652434419, -2.769833065443549, 0.0 ], [ 120.287198658591251, -2.769907420490995, 0.0 ], [ 120.287195665647459, -2.76998177463912, 0.0 ], [ 120.287192671804405, -2.770056131485205, 0.0 ], [ 120.287189677061974, -2.770130485633331, 0.0 ], [ 120.28718668321892, -2.770204841580153, 0.0 ], [ 120.287183690275128, -2.770279195728278, 0.0 ] ] ] ] } },
{ "type": "Feature", "properties": { "OBJECTID": 1157, "WADMPR": "Sulawesi Selatan", "WADMKK": "Kab. Luwu Utara", "WADMKC": "Kec. Malangke Barat", "WADMKD": "Desa Wara", "POKTAN": "Gapoktan Pelita Jaya", "K_POKTAN": "Hasan", "P_SID": "Universitas Negeri Makassar", "NO_HP_1": "081241775269", "NAMA_PEMIL": "Saleh", "N_PETAK": "WR041", "LUAS_HA": 0.63578443140999996, "PAKET": "Paket Sulawesi Selatan 16" }, "geometry": { "type": "MultiPolygon", "coordinates": [ [ [ [ 120.285625751527277, -2.770925657193288, 0.0 ], [ 120.285508960170432, -2.771431452999082, 0.0 ], [ 120.284734820155904, -2.771417543185009, 0.0 ], [ 120.284764211799029, -2.771014951778568, 0.0 ], [ 120.284738493886493, -2.770986818286985, 0.0 ], [ 120.284693182444471, -2.770978255841783, 0.0 ], [ 120.284761762945095, -2.770695692452193, 0.0 ], [ 120.285625751527277, -2.770925657193288, 0.0 ] ] ] ] } },
{ "type": "Feature", "properties": { "OBJECTID": 1158, "WADMPR": "Sulawesi Selatan", "WADMKK": "Kab. Luwu Utara", "WADMKC": "Kec. Malangke Barat", "WADMKD": "Desa Wara", "POKTAN": "Gapoktan Pelita Jaya", "K_POKTAN": "Hasan", "P_SID": "Universitas Negeri Makassar", "NO_HP_1": "081241775269", "NAMA_PEMIL": "Usman", "N_PETAK": "WR042", "LUAS_HA": 0.57823257555999996, "PAKET": "Paket Sulawesi Selatan 16" }, "geometry": { "type": "MultiPolygon", "coordinates": [ [ [ [ 120.284681203474861, -2.757282702534667, 0.0 ], [ 120.283906613799218, -2.757612209635738, 0.0 ], [ 120.283869305424219, -2.757548020524666, 0.0 ], [ 120.283613004036965, -2.757183926397033, 0.0 ], [ 120.284391574111964, -2.756773838241998, 0.0 ], [ 120.284681203474861, -2.757282702534667, 0.0 ] ] ] ] } },
{ "type": "Feature", "properties": { "OBJECTID": 1159, "WADMPR": "Sulawesi Selatan", "WADMKK": "Kab. Luwu Utara", "WADMKC": "Kec. Malangke Barat", "WADMKD": "Desa Wara", "POKTAN": "Gapoktan Pelita Jaya", "K_POKTAN": "Hasan", "P_SID": "Universitas Negeri Makassar", "NO_HP_1": "081241775269", "NAMA_PEMIL": "Yanto Palar", "N_PETAK": "WR043", "LUAS_HA": 0.38745751778999998, "PAKET": "Paket Sulawesi Selatan 16" }, "geometry": { "type": "MultiPolygon", "coordinates": [ [ [ [ 120.28435855550299, -2.756440641222582, 0.0 ], [ 120.283895473897019, -2.756650682383054, 0.0 ], [ 120.283735293848849, -2.75629732795926, 0.0 ], [ 120.283700373173701, -2.756188136773062, 0.0 ], [ 120.283867227990186, -2.755931561092609, 0.0 ], [ 120.283981440091452, -2.755760239343545, 0.0 ], [ 120.284266975740366, -2.756231371680428, 0.0 ], [ 120.28435855550299, -2.756440641222582, 0.0 ] ] ] ] } },
{ "type": "Feature", "properties": { "OBJECTID": 1160, "WADMPR": "Sulawesi Selatan", "WADMKK": "Kab. Luwu Utara", "WADMKC": "Kec. Malangke Barat", "WADMKD": "Desa Wara", "POKTAN": "Gapoktan Pelita Jaya", "K_POKTAN": "Hasan", "P_SID": "Universitas Negeri Makassar", "NO_HP_1": "081241775269", "NAMA_PEMIL": "Yosia Djuius", "N_PETAK": "WR044", "LUAS_HA": 1.0491945487900001, "PAKET": "Paket Sulawesi Selatan 16" }, "geometry": { "type": "MultiPolygon", "coordinates": [ [ [ [ 120.284718344576049, -2.753807915502875, 0.0 ], [ 120.284433129085755, -2.753928649487534, 0.0 ], [ 120.284107982797195, -2.753434217515064, 0.0 ], [ 120.283764141402116, -2.753539114438524, 0.0 ], [ 120.283422524030357, -2.752593926968132, 0.0 ], [ 120.284026362126951, -2.752458273230673, 0.0 ], [ 120.284718344576049, -2.753807915502875, 0.0 ] ] ] ] } },
{ "type": "Feature", "properties": { "OBJECTID": 1161, "WADMPR": "Sulawesi Selatan", "WADMKK": "Kab. Luwu Utara", "WADMKC": "Kec. Malangke Barat", "WADMKD": "Desa Wara", "POKTAN": "Gapoktan Pelita Jaya", "K_POKTAN": "Hasan", "P_SID": "Universitas Negeri Makassar", "NO_HP_1": "081241775269", "NAMA_PEMIL": "Roslina", "N_PETAK": "WR045", "LUAS_HA": 0.63629104815000004, "PAKET": "Paket Sulawesi Selatan 16" }, "geometry": { "type": "MultiPolygon", "coordinates": [ [ [ [ 120.284718344576049, -2.753807915502875, 0.0 ], [ 120.284675499974355, -2.75371124198017, 0.0 ], [ 120.285224365212343, -2.753453428832643, 0.0 ], [ 120.285625331543883, -2.754152869359359, 0.0 ], [ 120.28512905506193, -2.754388587962922, 0.0 ], [ 120.285014968865767, -2.754446078923365, 0.0 ], [ 120.284882121013084, -2.754160268081876, 0.0 ], [ 120.284718344576049, -2.753807915502875, 0.0 ] ] ] ] } },
{ "type": "Feature", "properties": { "OBJECTID": 1162, "WADMPR": "Sulawesi Selatan", "WADMKK": "Kab. Luwu Utara", "WADMKC": "Kec. Malangke Barat", "WADMKD": "Desa Wara", "POKTAN": "Gapoktan Pelita Jaya", "K_POKTAN": "Hasan", "P_SID": "Universitas Negeri Makassar", "NO_HP_1": "081241775269", "NAMA_PEMIL": "Minggu Tanggu", "N_PETAK": "WR046", "LUAS_HA": 0.99949151714999995, "PAKET": "Paket Sulawesi Selatan 16" }, "geometry": { "type": "MultiPolygon", "coordinates": [ [ [ [ 120.280498097809073, -2.763464497488542, 0.0 ], [ 120.280505619738619, -2.763535817324055, 0.0 ], [ 120.280513142567543, -2.763607138958264, 0.0 ], [ 120.280520664497089, -2.763678458793777, 0.0 ], [ 120.280528187326013, -2.763749779528666, 0.0 ], [ 120.280535709255673, -2.763821099364179, 0.0 ], [ 120.280543232084597, -2.763892420099069, 0.0 ], [ 120.280550754014143, -2.763963739934582, 0.0 ], [ 120.280558276843067, -2.764035060669471, 0.0 ], [ 120.280565798772614, -2.764106381404304, 0.0 ], [ 120.280573321601537, -2.764177702139193, 0.0 ], [ 120.280580843531197, -2.764249022874083, 0.0 ], [ 120.280588366360121, -2.764320343608915, 0.0 ], [ 120.280595888289668, -2.764391663444485, 0.0 ], [ 120.280526083811765, -2.764389199302059, 0.0 ], [ 120.280456279333862, -2.764386736058952, 0.0 ], [ 120.280386473956696, -2.764384271916583, 0.0 ], [ 120.280316669478793, -2.764381806874837, 0.0 ], [ 120.28024686500089, -2.764379343631731, 0.0 ], [ 120.280177060522988, -2.764376879489362, 0.0 ], [ 120.280107256045085, -2.764374415346936, 0.0 ], [ 120.280037451567182, -2.764371952103886, 0.0 ], [ 120.279967647089279, -2.76436948796146, 0.0 ], [ 120.279897842611376, -2.764367023819034, 0.0 ], [ 120.279828038133473, -2.764364559676665, 0.0 ], [ 120.279758233655571, -2.764362095534239, 0.0 ], [ 120.279704857992897, -2.764360212353893, 0.0 ], [ 120.279699671602657, -2.764284776321347, 0.0 ], [ 120.279679830759619, -2.763996156897065, 0.0 ], [ 120.279677485327738, -2.763971712424564, 0.0 ], [ 120.279669564099208, -2.763926458539174, 0.0 ], [ 120.279571691780234, -2.763463038788188, 0.0 ], [ 120.280498097809073, -2.763464497488542, 0.0 ] ] ] ] } },
{ "type": "Feature", "properties": { "OBJECTID": 1163, "WADMPR": "Sulawesi Selatan", "WADMKK": "Kab. Luwu Utara", "WADMKC": "Kec. Malangke Barat", "WADMKD": "Desa Wara", "POKTAN": "Gapoktan Pelita Jaya", "K_POKTAN": "Hasan", "P_SID": "Universitas Negeri Makassar", "NO_HP_1": "081241775269", "NAMA_PEMIL": "Ahmad Dahlan", "N_PETAK": "WR047", "LUAS_HA": 0.86062064275000005, "PAKET": "Paket Sulawesi Selatan 16" }, "geometry": { "type": "MultiPolygon", "coordinates": [ [ [ [ 120.280360945801021, -2.763256880900258, 0.0 ], [ 120.280498097809073, -2.763464497488542, 0.0 ], [ 120.279571691780234, -2.763463038788188, 0.0 ], [ 120.279441930400822, -2.762911596093261, 0.0 ], [ 120.27952222457111, -2.762820037914366, 0.0 ], [ 120.279559917855977, -2.762761551404424, 0.0 ], [ 120.279597611140957, -2.762703063995161, 0.0 ], [ 120.279635304425824, -2.762644576585899, 0.0 ], [ 120.279672997710691, -2.762586088277317, 0.0 ], [ 120.279710691894934, -2.762527600868054, 0.0 ], [ 120.279748384280538, -2.762469113458792, 0.0 ], [ 120.279786077565518, -2.76241062604953, 0.0 ], [ 120.279823770850385, -2.76235213864021, 0.0 ], [ 120.279849049893755, -2.762300207288661, 0.0 ], [ 120.27987432893724, -2.762248274138472, 0.0 ], [ 120.280084198327131, -2.762617842439454, 0.0 ], [ 120.280289794138753, -2.763177813405321, 0.0 ], [ 120.280360945801021, -2.763256880900258, 0.0 ] ] ] ] } },
{ "type": "Feature", "properties": { "OBJECTID": 1164, "WADMPR": "Sulawesi Selatan", "WADMKK": "Kab. Luwu Utara", "WADMKC": "Kec. Malangke Barat", "WADMKD": "Desa Wara", "POKTAN": "Gapoktan Pelita Jaya", "K_POKTAN": "Hasan", "P_SID": "Universitas Negeri Makassar", "NO_HP_1": "081241775269", "NAMA_PEMIL": "Sampe Sinoang", "N_PETAK": "WR048", "LUAS_HA": 0.58410535433, "PAKET": "Paket Sulawesi Selatan 16" }, "geometry": { "type": "MultiPolygon", "coordinates": [ [ [ [ 120.281313246009518, -2.764449192176414, 0.0 ], [ 120.281303175401263, -2.765434346417919, 0.0 ], [ 120.280803275550738, -2.765428418086969, 0.0 ], [ 120.28080766064511, -2.765355904851106, 0.0 ], [ 120.280812045739367, -2.765283389816545, 0.0 ], [ 120.280816431733001, -2.765210875681305, 0.0 ], [ 120.280820816827259, -2.765138359747482, 0.0 ], [ 120.28082520192163, -2.765065846511561, 0.0 ], [ 120.280829587015887, -2.764993332376321, 0.0 ], [ 120.280833973009521, -2.764920818241137, 0.0 ], [ 120.280838358103779, -2.764848304105897, 0.0 ], [ 120.28084274319815, -2.764775789970656, 0.0 ], [ 120.280847128292407, -2.764703274936153, 0.0 ], [ 120.280851513386665, -2.764630761700232, 0.0 ], [ 120.280855899380299, -2.764558246665729, 0.0 ], [ 120.280860284474556, -2.764485732530488, 0.0 ], [ 120.280864669568928, -2.764413218395248, 0.0 ], [ 120.28092875255993, -2.764418357121428, 0.0 ], [ 120.280992835550933, -2.764423496746929, 0.0 ], [ 120.281056915844033, -2.764428635473109, 0.0 ], [ 120.281120998835036, -2.76443377509861, 0.0 ], [ 120.281185081826152, -2.76443891382479, 0.0 ], [ 120.281249163917892, -2.764444053450234, 0.0 ], [ 120.281313246009518, -2.764449192176414, 0.0 ] ] ] ] } },
{ "type": "Feature", "properties": { "OBJECTID": 1165, "WADMPR": "Sulawesi Selatan", "WADMKK": "Kab. Luwu Utara", "WADMKC": "Kec. Malangke Barat", "WADMKD": "Desa Wara", "POKTAN": "Gapoktan Pelita Jaya", "K_POKTAN": "Hasan", "P_SID": "Universitas Negeri Makassar", "NO_HP_1": "081241775269", "NAMA_PEMIL": "Sampe Sinoang", "N_PETAK": "WR049", "LUAS_HA": 0.55290495657000005, "PAKET": "Paket Sulawesi Selatan 16" }, "geometry": { "type": "MultiPolygon", "coordinates": [ [ [ [ 120.281303175401263, -2.765434346417919, 0.0 ], [ 120.281313246009518, -2.764449192176414, 0.0 ], [ 120.281796242202859, -2.764462440089517, 0.0 ], [ 120.281747354157119, -2.765282873605713, 0.0 ], [ 120.281863426955624, -2.765321744103176, 0.0 ], [ 120.281866843480088, -2.765377476889, 0.0 ], [ 120.281808231065042, -2.765383389931458, 0.0 ], [ 120.281793233071312, -2.765382343120564, 0.0 ], [ 120.281792446164559, -2.765384982630792, 0.0 ], [ 120.281303175401263, -2.765434346417919, 0.0 ] ] ] ] } },
{ "type": "Feature", "properties": { "OBJECTID": 1166, "WADMPR": "Sulawesi Selatan", "WADMKK": "Kab. Luwu Utara", "WADMKC": "Kec. Malangke Barat", "WADMKD": "Desa Wara", "POKTAN": "Gapoktan Pelita Jaya", "K_POKTAN": "Hasan", "P_SID": "Universitas Negeri Makassar", "NO_HP_1": "081241775269", "NAMA_PEMIL": "Yusuf Tappang", "N_PETAK": "WR050", "LUAS_HA": 0.50834298049000004, "PAKET": "Paket Sulawesi Selatan 16" }, "geometry": { "type": "MultiPolygon", "coordinates": [ [ [ [ 120.281303175401263, -2.765434346417919, 0.0 ], [ 120.281179552794242, -2.765900822065248, 0.0 ], [ 120.281082120243695, -2.766304953111046, 0.0 ], [ 120.280621079199477, -2.766306730171436, 0.0 ], [ 120.280704337535212, -2.765905368138192, 0.0 ], [ 120.280720148516139, -2.765839259873871, 0.0 ], [ 120.280800997568008, -2.765544674347211, 0.0 ], [ 120.280803275550738, -2.765428418086969, 0.0 ], [ 120.281303175401263, -2.765434346417919, 0.0 ] ] ] ] } },
{ "type": "Feature", "properties": { "OBJECTID": 1167, "WADMPR": "Sulawesi Selatan", "WADMKK": "Kab. Luwu Utara", "WADMKC": "Kec. Malangke Barat", "WADMKD": "Desa Wara", "POKTAN": "Gapoktan Pelita Jaya", "K_POKTAN": "Hasan", "P_SID": "Universitas Negeri Makassar", "NO_HP_1": "081241775269", "NAMA_PEMIL": "Yusuf Tappang", "N_PETAK": "WR051", "LUAS_HA": 0.27630122169, "PAKET": "Paket Sulawesi Selatan 16" }, "geometry": { "type": "MultiPolygon", "coordinates": [ [ [ [ 120.281595542300465, -2.76591390180505, 0.0 ], [ 120.281179552794242, -2.765900822065248, 0.0 ], [ 120.281303175401263, -2.765434346417919, 0.0 ], [ 120.281792220434681, -2.765385740759257, 0.0 ], [ 120.281730120448742, -2.765594057919373, 0.0 ], [ 120.281602554314532, -2.765874017771637, 0.0 ], [ 120.281595542300465, -2.76591390180505, 0.0 ] ] ] ] } },
{ "type": "Feature", "properties": { "OBJECTID": 1168, "WADMPR": "Sulawesi Selatan", "WADMKK": "Kab. Luwu Utara", "WADMKC": "Kec. Malangke Barat", "WADMKD": "Desa Wara", "POKTAN": "Gapoktan Pelita Jaya", "K_POKTAN": "Hasan", "P_SID": "Universitas Negeri Makassar", "NO_HP_1": "081241775269", "NAMA_PEMIL": "Abdullah Beddu", "N_PETAK": "WR052", "LUAS_HA": 0.23417523029000001, "PAKET": "Paket Sulawesi Selatan 16" }, "geometry": { "type": "MultiPolygon", "coordinates": [ [ [ [ 120.281595542300465, -2.76591390180505, 0.0 ], [ 120.281574844403622, -2.766168039423405, 0.0 ], [ 120.281589990785506, -2.766344762500751, 0.0 ], [ 120.281082120243695, -2.766304953111046, 0.0 ], [ 120.281179552794242, -2.765900822065248, 0.0 ], [ 120.281595542300465, -2.76591390180505, 0.0 ] ] ] ] } },
{ "type": "Feature", "properties": { "OBJECTID": 1169, "WADMPR": "Sulawesi Selatan", "WADMKK": "Kab. Luwu Utara", "WADMKC": "Kec. Malangke Barat", "WADMKD": "Desa Wara", "POKTAN": "Gapoktan Pelita Jaya", "K_POKTAN": "Hasan", "P_SID": "Universitas Negeri Makassar", "NO_HP_1": "081241775269", "NAMA_PEMIL": "Isnar", "N_PETAK": "WR053", "LUAS_HA": 0.86364733567999996, "PAKET": "Paket Sulawesi Selatan 16" }, "geometry": { "type": "MultiPolygon", "coordinates": [ [ [ [ 120.280676277788075, -2.755711164238789, 0.0 ], [ 120.280378389051521, -2.756141130109029, 0.0 ], [ 120.279254183433864, -2.755547403989453, 0.0 ], [ 120.279688750235664, -2.755073840785087, 0.0 ], [ 120.279750470707768, -2.755113673557162, 0.0 ], [ 120.279812191179758, -2.755153506329179, 0.0 ], [ 120.279873911651748, -2.755193339101254, 0.0 ], [ 120.279935633023115, -2.755233171873329, 0.0 ], [ 120.279997352595842, -2.755273004645403, 0.0 ], [ 120.280059073067832, -2.755312836518158, 0.0 ], [ 120.280120793539822, -2.755352670189552, 0.0 ], [ 120.280182514011926, -2.75539250296157, 0.0 ], [ 120.280244235383179, -2.755432335733644, 0.0 ], [ 120.280305954955907, -2.755472167606399, 0.0 ], [ 120.280367674528634, -2.755512000378474, 0.0 ], [ 120.280429395900001, -2.755551833150548, 0.0 ], [ 120.280491116371991, -2.755591665922623, 0.0 ], [ 120.280552835944718, -2.75563149869464, 0.0 ], [ 120.280614556416708, -2.755671330567395, 0.0 ], [ 120.280676277788075, -2.755711164238789, 0.0 ] ] ] ] } },
{ "type": "Feature", "properties": { "OBJECTID": 1170, "WADMPR": "Sulawesi Selatan", "WADMKK": "Kab. Luwu Utara", "WADMKC": "Kec. Malangke Barat", "WADMKD": "Desa Wara", "POKTAN": "Gapoktan Pelita Jaya", "K_POKTAN": "Hasan", "P_SID": "Universitas Negeri Makassar", "NO_HP_1": "081241775269", "NAMA_PEMIL": "Ronald", "N_PETAK": "WR054", "LUAS_HA": 0.33566428877, "PAKET": "Paket Sulawesi Selatan 16" }, "geometry": { "type": "MultiPolygon", "coordinates": [ [ [ [ 120.280498097809073, -2.763464497488542, 0.0 ], [ 120.280360945801021, -2.763256880900258, 0.0 ], [ 120.280589102005479, -2.763307617052817, 0.0 ], [ 120.281002888172793, -2.763287049557619, 0.0 ], [ 120.281873178304636, -2.76328188115383, 0.0 ], [ 120.281856452713214, -2.763489892544442, 0.0 ], [ 120.281336200305418, -2.763485877071503, 0.0 ], [ 120.28126635715671, -2.763484095514571, 0.0 ], [ 120.281196516705904, -2.763482313957581, 0.0 ], [ 120.281126673557196, -2.763480532400592, 0.0 ], [ 120.281056833106391, -2.763478750843603, 0.0 ], [ 120.280986990857059, -2.763476969286671, 0.0 ], [ 120.280917148607614, -2.763475186830362, 0.0 ], [ 120.280847307257432, -2.763473405273373, 0.0 ], [ 120.2807774650081, -2.763471623716441, 0.0 ], [ 120.280707623657918, -2.763469842159452, 0.0 ], [ 120.280637781408586, -2.763468060602463, 0.0 ], [ 120.280567940058404, -2.763466279045474, 0.0 ], [ 120.280498097809073, -2.763464497488542, 0.0 ] ] ] ] } },
{ "type": "Feature", "properties": { "OBJECTID": 1171, "WADMPR": "Sulawesi Selatan", "WADMKK": "Kab. Luwu Utara", "WADMKC": "Kec. Malangke Barat", "WADMKD": "Desa Wara", "POKTAN": "Gapoktan Pelita Jaya", "K_POKTAN": "Hasan", "P_SID": "Universitas Negeri Makassar", "NO_HP_1": "081241775269", "NAMA_PEMIL": "Barkus Bantu", "N_PETAK": "WR055", "LUAS_HA": 3.2378847241300002, "PAKET": "Paket Sulawesi Selatan 16" }, "geometry": { "type": "MultiPolygon", "coordinates": [ [ [ [ 120.280610077792971, -2.756485277273669, 0.0 ], [ 120.280597552035488, -2.756584231477063, 0.0 ], [ 120.279501696646093, -2.75652455156677, 0.0 ], [ 120.278698995062655, -2.756710756196412, 0.0 ], [ 120.278690887674429, -2.756695130475862, 0.0 ], [ 120.278666964808622, -2.75665703159666, 0.0 ], [ 120.278660760385833, -2.75664715074538, 0.0 ], [ 120.278624890926039, -2.756603347466466, 0.0 ], [ 120.278583844069203, -2.756564409519854, 0.0 ], [ 120.278573311209357, -2.7565558740543, 0.0 ], [ 120.278399516324725, -2.756419305706345, 0.0 ], [ 120.278294265967702, -2.756289347375457, 0.0 ], [ 120.278271827882577, -2.756261639263187, 0.0 ], [ 120.278191470759793, -2.75600826696791, 0.0 ], [ 120.278181535949216, -2.755980178442428, 0.0 ], [ 120.278165733961487, -2.755944406109393, 0.0 ], [ 120.278159469284105, -2.755931733762452, 0.0 ], [ 120.278023719319208, -2.75565715815128, 0.0 ], [ 120.278015611930982, -2.75564153243073, 0.0 ], [ 120.2779854846425, -2.755593553599567, 0.0 ], [ 120.277968014412409, -2.75557081604029, 0.0 ], [ 120.277664915903188, -2.755201258531201, 0.0 ], [ 120.277620072108675, -2.755096541472142, 0.0 ], [ 120.277556167183434, -2.754947313367779, 0.0 ], [ 120.277498912744704, -2.754641568153772, 0.0 ], [ 120.277538223010652, -2.754567314729741, 0.0 ], [ 120.27922083477381, -2.755554878254998, 0.0 ], [ 120.280375501328422, -2.75617590239591, 0.0 ], [ 120.280610077792971, -2.756485277273669, 0.0 ] ] ] ] } },
{ "type": "Feature", "properties": { "OBJECTID": 1172, "WADMPR": "Sulawesi Selatan", "WADMKK": "Kab. Luwu Utara", "WADMKC": "Kec. Malangke Barat", "WADMKD": "Desa Wara", "POKTAN": "Gapoktan Pelita Jaya", "K_POKTAN": "Hasan", "P_SID": "Universitas Negeri Makassar", "NO_HP_1": "081241775269", "NAMA_PEMIL": "Elisabeth", "N_PETAK": "WR056", "LUAS_HA": 1.0425633887400001, "PAKET": "Paket Sulawesi Selatan 16" }, "geometry": { "type": "MultiPolygon", "coordinates": [ [ [ [ 120.280803275550738, -2.765428418086969, 0.0 ], [ 120.280704337535212, -2.765905368138192, 0.0 ], [ 120.280671183128675, -2.766043991437016, 0.0 ], [ 120.280621079199477, -2.766306730171436, 0.0 ], [ 120.279841682647543, -2.766403735543918, 0.0 ], [ 120.279831081439283, -2.76589513834989, 0.0 ], [ 120.27983083142783, -2.765886832211493, 0.0 ], [ 120.279819596197513, -2.765599882828269, 0.0 ], [ 120.279816528610013, -2.765562056443684, 0.0 ], [ 120.279813058126138, -2.765538855733553, 0.0 ], [ 120.279782020723701, -2.765362654263015, 0.0 ], [ 120.279821513552065, -2.765365197545805, 0.0 ], [ 120.279891639087964, -2.765369713041764, 0.0 ], [ 120.279961765523126, -2.7653742294371, 0.0 ], [ 120.280031890159648, -2.765378744933059, 0.0 ], [ 120.28010201839345, -2.765383261328395, 0.0 ], [ 120.280172143929349, -2.765387777723731, 0.0 ], [ 120.280242269465248, -2.765392292320371, 0.0 ], [ 120.28031239590041, -2.765396808715707, 0.0 ], [ 120.280382520536932, -2.765401323312346, 0.0 ], [ 120.280452646972094, -2.765405839707682, 0.0 ], [ 120.280522772507993, -2.765410356103018, 0.0 ], [ 120.280592898043892, -2.765414870699658, 0.0 ], [ 120.280663025378431, -2.765419386195674, 0.0 ], [ 120.280733150014953, -2.76542390259101, 0.0 ], [ 120.280803275550738, -2.765428418086969, 0.0 ] ] ] ] } },
{ "type": "Feature", "properties": { "OBJECTID": 1173, "WADMPR": "Sulawesi Selatan", "WADMKK": "Kab. Luwu Utara", "WADMKC": "Kec. Malangke Barat", "WADMKD": "Desa Wara", "POKTAN": "Gapoktan Pelita Jaya", "K_POKTAN": "Hasan", "P_SID": "Universitas Negeri Makassar", "NO_HP_1": "081241775269", "NAMA_PEMIL": "Daud Patana", "N_PETAK": "WR057", "LUAS_HA": 0.13800483923000001, "PAKET": "Paket Sulawesi Selatan 16" }, "geometry": { "type": "MultiPolygon", "coordinates": [ [ [ [ 120.282327471735471, -2.767621321366846, 0.0 ], [ 120.282074099440251, -2.767647355840779, 0.0 ], [ 120.281995527471622, -2.767292488757278, 0.0 ], [ 120.28233031269383, -2.767282251774475, 0.0 ], [ 120.28238429360033, -2.767542299737272, 0.0 ], [ 120.282327471735471, -2.767621321366846, 0.0 ] ] ] ] } },
{ "type": "Feature", "properties": { "OBJECTID": 1174, "WADMPR": "Sulawesi Selatan", "WADMKK": "Kab. Luwu Utara", "WADMKC": "Kec. Malangke Barat", "WADMKD": "Desa Wara", "POKTAN": "Gapoktan Pelita Jaya", "K_POKTAN": "Hasan", "P_SID": "Universitas Negeri Makassar", "NO_HP_1": "081241775269", "NAMA_PEMIL": "Yoran", "N_PETAK": "WR058", "LUAS_HA": 0.40240162931000001, "PAKET": "Paket Sulawesi Selatan 16" }, "geometry": { "type": "MultiPolygon", "coordinates": [ [ [ [ 120.284681203474861, -2.757282702534667, 0.0 ], [ 120.284391574111964, -2.756773838241998, 0.0 ], [ 120.284866598714643, -2.756502630591854, 0.0 ], [ 120.285123579989317, -2.757002317303034, 0.0 ], [ 120.285147415620827, -2.757080321799378, 0.0 ], [ 120.284681203474861, -2.757282702534667, 0.0 ] ] ] ] } },
{ "type": "Feature", "properties": { "OBJECTID": 1175, "WADMPR": "Sulawesi Selatan", "WADMKK": "Kab. Luwu Utara", "WADMKC": "Kec. Malangke Barat", "WADMKD": "Desa Wara", "POKTAN": "Gapoktan Pelita Jaya", "K_POKTAN": "Hasan", "P_SID": "Universitas Negeri Makassar", "NO_HP_1": "081241775269", "NAMA_PEMIL": "Cambi", "N_PETAK": "WR059", "LUAS_HA": 0.87881930886000004, "PAKET": "Paket Sulawesi Selatan 16" }, "geometry": { "type": "MultiPolygon", "coordinates": [ [ [ [ 120.284026362126951, -2.752458273230673, 0.0 ], [ 120.283422524030357, -2.752593926968132, 0.0 ], [ 120.283310084492882, -2.752228707788561, 0.0 ], [ 120.282881923561945, -2.751214136722979, 0.0 ], [ 120.28325770707761, -2.751108549120204, 0.0 ], [ 120.283291706846853, -2.751167453814901, 0.0 ], [ 120.283325708414736, -2.751226360308237, 0.0 ], [ 120.283354841952473, -2.751276835657393, 0.0 ], [ 120.283383977288736, -2.751327310107229, 0.0 ], [ 120.283409969494528, -2.75137234006138, 0.0 ], [ 120.28343596170032, -2.751417372713547, 0.0 ], [ 120.283461953906112, -2.751462403567018, 0.0 ], [ 120.283489405711521, -2.751509963314106, 0.0 ], [ 120.283516858416306, -2.751557521262555, 0.0 ], [ 120.283534282781034, -2.751587710604326, 0.0 ], [ 120.283569395910945, -2.751647359937635, 0.0 ], [ 120.283604508141593, -2.751707011069641, 0.0 ], [ 120.283634345848441, -2.751757698658821, 0.0 ], [ 120.283664183555288, -2.751808388046641, 0.0 ], [ 120.283696254278766, -2.75186287167412, 0.0 ], [ 120.283728326800883, -2.751917356200977, 0.0 ], [ 120.283737099687414, -2.751932261564548, 0.0 ], [ 120.283690983352244, -2.751933020592389, 0.0 ], [ 120.283718897409244, -2.751985163284587, 0.0 ], [ 120.283746811466244, -2.752037305077522, 0.0 ], [ 120.283774726422507, -2.752089447769777, 0.0 ], [ 120.283795516949567, -2.752128284092976, 0.0 ], [ 120.283820947079107, -2.752164635589395, 0.0 ], [ 120.283846377208647, -2.752200987985134, 0.0 ], [ 120.283882374372183, -2.752252444494673, 0.0 ], [ 120.283918370636343, -2.752303901004154, 0.0 ], [ 120.283954367799879, -2.752355358413013, 0.0 ], [ 120.283990364963415, -2.752406816721191, 0.0 ], [ 120.284026362126951, -2.752458273230673, 0.0 ] ] ] ] } },
{ "type": "Feature", "properties": { "OBJECTID": 1176, "WADMPR": "Sulawesi Selatan", "WADMKK": "Kab. Luwu Utara", "WADMKC": "Kec. Malangke Barat", "WADMKD": "Desa Wara", "POKTAN": "Gapoktan Pelita Jaya", "K_POKTAN": "Hasan", "P_SID": "Universitas Negeri Makassar", "NO_HP_1": "081241775269", "NAMA_PEMIL": "Yohanes Siro", "N_PETAK": "WR060", "LUAS_HA": 1.2965359955, "PAKET": "Paket Sulawesi Selatan 16" }, "geometry": { "type": "MultiPolygon", "coordinates": [ [ [ [ 120.287218666708213, -2.757037798255737, 0.0 ], [ 120.287148986336661, -2.757063264358123, 0.0 ], [ 120.286811827803717, -2.756527299894913, 0.0 ], [ 120.287536274879244, -2.756205342602414, 0.0 ], [ 120.288057488662275, -2.755934881389635, 0.0 ], [ 120.288112411158863, -2.755906381873956, 0.0 ], [ 120.288681959005316, -2.756502988522072, 0.0 ], [ 120.288612278633764, -2.756528455523778, 0.0 ], [ 120.288542598262325, -2.756553922525484, 0.0 ], [ 120.288472916092246, -2.756579390426452, 0.0 ], [ 120.288403236620184, -2.756604857428158, 0.0 ], [ 120.288333556248631, -2.756630323530544, 0.0 ], [ 120.288263876776568, -2.75665579053225, 0.0 ], [ 120.28819419460649, -2.756681258433275, 0.0 ], [ 120.288124514235051, -2.756706724535661, 0.0 ], [ 120.288054833863498, -2.756732192436687, 0.0 ], [ 120.287985153492059, -2.756757658539073, 0.0 ], [ 120.287915472221357, -2.756783125540778, 0.0 ], [ 120.287845792749181, -2.756808594341123, 0.0 ], [ 120.287776111478479, -2.756834060443509, 0.0 ], [ 120.287706431106926, -2.756859528344535, 0.0 ], [ 120.287636749836224, -2.756884994446864, 0.0 ], [ 120.287567069464785, -2.75691046144857, 0.0 ], [ 120.287497389093346, -2.756935929349595, 0.0 ], [ 120.28742770962117, -2.756961395451981, 0.0 ], [ 120.287358027451091, -2.756986862453687, 0.0 ], [ 120.287288347079652, -2.757012330354712, 0.0 ], [ 120.287218666708213, -2.757037798255737, 0.0 ] ] ] ] } },
{ "type": "Feature", "properties": { "OBJECTID": 1177, "WADMPR": "Sulawesi Selatan", "WADMKK": "Kab. Luwu Utara", "WADMKC": "Kec. Malangke Barat", "WADMKD": "Desa Wara", "POKTAN": "Gapoktan Pelita Jaya", "K_POKTAN": "Hasan", "P_SID": "Universitas Negeri Makassar", "NO_HP_1": "081241775269", "NAMA_PEMIL": "Ardi Selan", "N_PETAK": "WR061", "LUAS_HA": 1.5960826541499999, "PAKET": "Paket Sulawesi Selatan 16" }, "geometry": { "type": "MultiPolygon", "coordinates": [ [ [ [ 120.287024075001113, -2.760877181236879, 0.0 ], [ 120.286865044286401, -2.760931073110498, 0.0 ], [ 120.286844968720402, -2.760864051135002, 0.0 ], [ 120.28655571257616, -2.759898386101611, 0.0 ], [ 120.287900922089989, -2.759616499901483, 0.0 ], [ 120.2880350280941, -2.760526124580963, 0.0 ], [ 120.287024075001113, -2.760877181236879, 0.0 ] ] ] ] } },
{ "type": "Feature", "properties": { "OBJECTID": 1178, "WADMPR": "Sulawesi Selatan", "WADMKK": "Kab. Luwu Utara", "WADMKC": "Kec. Malangke Barat", "WADMKD": "Desa Wara", "POKTAN": "Gapoktan Pelita Jaya", "K_POKTAN": "Hasan", "P_SID": "Universitas Negeri Makassar", "NO_HP_1": "081241775269", "NAMA_PEMIL": "Taberang 1", "N_PETAK": "WR062", "LUAS_HA": 0.91695179087000001, "PAKET": "Paket Sulawesi Selatan 16" }, "geometry": { "type": "MultiPolygon", "coordinates": [ [ [ [ 120.273041137938208, -2.781832082784319, 0.0 ], [ 120.273041743181921, -2.781902693954123, 0.0 ], [ 120.272301698264869, -2.781682696399287, 0.0 ], [ 120.272312400197166, -2.781626983398496, 0.0 ], [ 120.272316074827017, -2.781570361183185, 0.0 ], [ 120.272312661000569, -2.781513721880685, 0.0 ], [ 120.272311046717505, -2.781501911084263, 0.0 ], [ 120.27230785862082, -2.781480659204988, 0.0 ], [ 120.272307281256076, -2.781476809207334, 0.0 ], [ 120.272299938291553, -2.781427860007682, 0.0 ], [ 120.27226821830368, -2.781216391623104, 0.0 ], [ 120.272264424064019, -2.781194699076082, 0.0 ], [ 120.272230414402202, -2.781024646270339, 0.0 ], [ 120.272247967369822, -2.780648654112042, 0.0 ], [ 120.272993692405066, -2.780950761568363, 0.0 ], [ 120.273004192889289, -2.781012215841031, 0.0 ], [ 120.273014693373511, -2.781073670113756, 0.0 ], [ 120.27302519385762, -2.781135123487104, 0.0 ], [ 120.273035694341843, -2.781196576860509, 0.0 ], [ 120.273036298686293, -2.781267189828895, 0.0 ], [ 120.273036903030743, -2.781337800099323, 0.0 ], [ 120.273037508274456, -2.781408413067766, 0.0 ], [ 120.273038112618906, -2.781479024237512, 0.0 ], [ 120.273038717862619, -2.781549636306636, 0.0 ], [ 120.273039323106332, -2.781620247476383, 0.0 ], [ 120.273039928350045, -2.781690859545506, 0.0 ], [ 120.273040532694495, -2.781761470715253, 0.0 ], [ 120.273041137938208, -2.781832082784319, 0.0 ] ] ] ] } },
{ "type": "Feature", "properties": { "OBJECTID": 1179, "WADMPR": "Sulawesi Selatan", "WADMKK": "Kab. Luwu Utara", "WADMKC": "Kec. Malangke Barat", "WADMKD": "Desa Wara", "POKTAN": "Gapoktan Pelita Jaya", "K_POKTAN": "Hasan", "P_SID": "Universitas Negeri Makassar", "NO_HP_1": "081241775269", "NAMA_PEMIL": "Taberang 2", "N_PETAK": "WR063", "LUAS_HA": 0.2753213029, "PAKET": "Paket Sulawesi Selatan 16" }, "geometry": { "type": "MultiPolygon", "coordinates": [ [ [ [ 120.286469468491191, -2.812461920581143, 0.0 ], [ 120.285945745599747, -2.812524502603651, 0.0 ], [ 120.285921005250202, -2.81210441488679, 0.0 ], [ 120.28646004629411, -2.812043145874441, 0.0 ], [ 120.286461616510451, -2.812112943157729, 0.0 ], [ 120.286463186726792, -2.812182737743115, 0.0 ], [ 120.286464757842396, -2.812252534127083, 0.0 ], [ 120.286466328058623, -2.812322329611789, 0.0 ], [ 120.286467898274964, -2.812392125995757, 0.0 ], [ 120.286469468491191, -2.812461920581143, 0.0 ] ] ] ] } },
{ "type": "Feature", "properties": { "OBJECTID": 1180, "WADMPR": "Sulawesi Selatan", "WADMKK": "Kab. Luwu Utara", "WADMKC": "Kec. Malangke Barat", "WADMKD": "Desa Wara", "POKTAN": "Gapoktan Pelita Jaya", "K_POKTAN": "Hasan", "P_SID": "Universitas Negeri Makassar", "NO_HP_1": "081241775269", "NAMA_PEMIL": "Taberang 3", "N_PETAK": "WR064", "LUAS_HA": 0.41496832079000001, "PAKET": "Paket Sulawesi Selatan 16" }, "geometry": { "type": "MultiPolygon", "coordinates": [ [ [ [ 120.278872333091726, -2.80876841572973, 0.0 ], [ 120.278669457729393, -2.809381251543471, 0.0 ], [ 120.278124880458904, -2.809224186746746, 0.0 ], [ 120.278323085642, -2.808689340140916, 0.0 ], [ 120.278872333091726, -2.80876841572973, 0.0 ] ] ] ] } },
{ "type": "Feature", "properties": { "OBJECTID": 1181, "WADMPR": "Sulawesi Selatan", "WADMKK": "Kab. Luwu Utara", "WADMKC": "Kec. Malangke Barat", "WADMKD": "Desa Wara", "POKTAN": "Gapoktan Pelita Jaya", "K_POKTAN": "Hasan", "P_SID": "Universitas Negeri Makassar", "NO_HP_1": "081241775269", "NAMA_PEMIL": "Haden B", "N_PETAK": "WR065", "LUAS_HA": 0.91529046870999997, "PAKET": "Paket Sulawesi Selatan 16" }, "geometry": { "type": "MultiPolygon", "coordinates": [ [ [ [ 120.278118171516439, -2.806667569752506, 0.0 ], [ 120.278322555041996, -2.807950726045135, 0.0 ], [ 120.277566127175078, -2.807674370675613, 0.0 ], [ 120.277575578150504, -2.806615937875165, 0.0 ], [ 120.278118171516439, -2.806667569752506, 0.0 ] ] ] ] } },
{ "type": "Feature", "properties": { "OBJECTID": 1182, "WADMPR": "Sulawesi Selatan", "WADMKK": "Kab. Luwu Utara", "WADMKC": "Kec. Malangke Barat", "WADMKD": "Desa Wara", "POKTAN": "Gapoktan Pelita Jaya", "K_POKTAN": "Hasan", "P_SID": "Universitas Negeri Makassar", "NO_HP_1": "081241775269", "NAMA_PEMIL": "Rahmat", "N_PETAK": "WR066", "LUAS_HA": 1.8827811409699999, "PAKET": "Paket Sulawesi Selatan 16" }, "geometry": { "type": "MultiPolygon", "coordinates": [ [ [ [ 120.270282108732431, -2.757619280105644, 0.0 ], [ 120.270172903157004, -2.757577911291548, 0.0 ], [ 120.270113432788776, -2.757557049718002, 0.0 ], [ 120.270051484788269, -2.757533359776687, 0.0 ], [ 120.269984580623941, -2.757508609534682, 0.0 ], [ 120.26989891570247, -2.757477848224084, 0.0 ], [ 120.269858206990762, -2.757461936519121, 0.0 ], [ 120.269789481699263, -2.757438448925257, 0.0 ], [ 120.269813148258208, -2.757166284396476, 0.0 ], [ 120.269832081685308, -2.757043218469732, 0.0 ], [ 120.269900714346591, -2.756891752852084, 0.0 ], [ 120.270116079493505, -2.756560421925883, 0.0 ], [ 120.270584675742271, -2.755855160087549, 0.0 ], [ 120.270726674196681, -2.755798360705739, 0.0 ], [ 120.270861573402954, -2.7557486614715, 0.0 ], [ 120.27100357275674, -2.755646895088091, 0.0 ], [ 120.27104143871145, -2.755564063031045, 0.0 ], [ 120.271155038374332, -2.755656362251273, 0.0 ], [ 120.27132543651976, -2.755803093837642, 0.0 ], [ 120.271360936358178, -2.755869360382633, 0.0 ], [ 120.271316193287703, -2.756000056157632, 0.0 ], [ 120.271276890216427, -2.756060021153019, 0.0 ], [ 120.271237588044301, -2.756119986148406, 0.0 ], [ 120.271198285872288, -2.756179950244473, 0.0 ], [ 120.271158982800898, -2.75623991523986, 0.0 ], [ 120.271119680628772, -2.756299880235247, 0.0 ], [ 120.271080378456759, -2.756359844331314, 0.0 ], [ 120.271041075385369, -2.756419810226021, 0.0 ], [ 120.271001773213357, -2.756479774322088, 0.0 ], [ 120.27096247104123, -2.756539738418155, 0.0 ], [ 120.270923167969841, -2.756599704312862, 0.0 ], [ 120.270883865797828, -2.756659668408929, 0.0 ], [ 120.270844562726438, -2.756719634303636, 0.0 ], [ 120.270805260554425, -2.756779598399703, 0.0 ], [ 120.270765958382299, -2.75683956339509, 0.0 ], [ 120.270726655310909, -2.756899528390477, 0.0 ], [ 120.270687354038273, -2.756959492486544, 0.0 ], [ 120.270648050966884, -2.757019457481931, 0.0 ], [ 120.270608747895494, -2.757079423376638, 0.0 ], [ 120.270569445723368, -2.757139386573385, 0.0 ], [ 120.270530143551355, -2.757199351568772, 0.0 ], [ 120.270598883231969, -2.75722921175867, 0.0 ], [ 120.27066762111383, -2.757259071948567, 0.0 ], [ 120.270736360794444, -2.757288932138465, 0.0 ], [ 120.270805100475059, -2.757318792328363, 0.0 ], [ 120.270873839256296, -2.75734865161894, 0.0 ], [ 120.270777698132292, -2.757631708736312, 0.0 ], [ 120.270285875093123, -2.757465594961218, 0.0 ], [ 120.270282108732431, -2.757619280105644, 0.0 ] ] ] ] } },
{ "type": "Feature", "properties": { "OBJECTID": 1183, "WADMPR": "Sulawesi Selatan", "WADMKK": "Kab. Luwu Utara", "WADMKC": "Kec. Malangke Barat", "WADMKD": "Desa Wara", "POKTAN": "Gapoktan Pelita Jaya", "K_POKTAN": "Hasan", "P_SID": "Universitas Negeri Makassar", "NO_HP_1": "081241775269", "NAMA_PEMIL": "Rahman Kongle Mangawi", "N_PETAK": "WR067", "LUAS_HA": 2.2117551740399999, "PAKET": "Paket Sulawesi Selatan 16" }, "geometry": { "type": "MultiPolygon", "coordinates": [ [ [ [ 120.264727461403254, -2.763498226561865, 0.0 ], [ 120.263067910056066, -2.763203718376872, 0.0 ], [ 120.262998515668983, -2.763189918280034, 0.0 ], [ 120.26348856884249, -2.762267161700095, 0.0 ], [ 120.263780263948092, -2.762295108132662, 0.0 ], [ 120.264102128610375, -2.76234244125061, 0.0 ], [ 120.264409792977631, -2.762389774368557, 0.0 ], [ 120.264655923931855, -2.762444206734699, 0.0 ], [ 120.264852356551046, -2.762491539852647, 0.0 ], [ 120.264996722021124, -2.762515206411592, 0.0 ], [ 120.265133987343688, -2.762600405484307, 0.0 ], [ 120.265186053593538, -2.762673772176811, 0.0 ], [ 120.265181867249453, -2.762711873753915, 0.0 ], [ 120.265146912400155, -2.762772363054069, 0.0 ], [ 120.265111957550857, -2.762832852354222, 0.0 ], [ 120.265077004500199, -2.76289333985568, 0.0 ], [ 120.265042049650901, -2.762953829155833, 0.0 ], [ 120.265007094801604, -2.763014318455987, 0.0 ], [ 120.264972140851683, -2.763074805957501, 0.0 ], [ 120.264937186901761, -2.763135295257598, 0.0 ], [ 120.264902232951727, -2.763195783658432, 0.0 ], [ 120.264867278102429, -2.763256272059266, 0.0 ], [ 120.264832324152508, -2.76331676135942, 0.0 ], [ 120.26479736930321, -2.763377249760197, 0.0 ], [ 120.264762415353289, -2.763437738161031, 0.0 ], [ 120.264727461403254, -2.763498226561865, 0.0 ] ] ] ] } },
{ "type": "Feature", "properties": { "OBJECTID": 1184, "WADMPR": "Sulawesi Selatan", "WADMKK": "Kab. Luwu Utara", "WADMKC": "Kec. Malangke Barat", "WADMKD": "Desa Wara", "POKTAN": "Gapoktan Pelita Jaya", "K_POKTAN": "Hasan", "P_SID": "Universitas Negeri Makassar", "NO_HP_1": "081241775269", "NAMA_PEMIL": "Udin", "N_PETAK": "WR068", "LUAS_HA": 1.0028417243000001, "PAKET": "Paket Sulawesi Selatan 16" }, "geometry": { "type": "MultiPolygon", "coordinates": [ [ [ [ 120.26348856884249, -2.762267161700095, 0.0 ], [ 120.262998515668983, -2.763189918280034, 0.0 ], [ 120.26238351158986, -2.763054619774834, 0.0 ], [ 120.262439354092976, -2.762869868449627, 0.0 ], [ 120.262266613213683, -2.762811171498299, 0.0 ], [ 120.262434831402402, -2.762324535748689, 0.0 ], [ 120.262546063150353, -2.762367135734678, 0.0 ], [ 120.262634812746455, -2.762136387684109, 0.0 ], [ 120.262928277717947, -2.762174253638875, 0.0 ], [ 120.263136542717348, -2.762202653329723, 0.0 ], [ 120.263297474598858, -2.762227503396502, 0.0 ], [ 120.26348856884249, -2.762267161700095, 0.0 ] ] ] ] } },
{ "type": "Feature", "properties": { "OBJECTID": 1185, "WADMPR": "Sulawesi Selatan", "WADMKK": "Kab. Luwu Utara", "WADMKC": "Kec. Malangke Barat", "WADMKD": "Desa Wara", "POKTAN": "Gapoktan Pelita Jaya", "K_POKTAN": "Hasan", "P_SID": "Universitas Negeri Makassar", "NO_HP_1": "081241775269", "NAMA_PEMIL": "Firman", "N_PETAK": "WR069", "LUAS_HA": 1.4828844316400001, "PAKET": "Paket Sulawesi Selatan 16" }, "geometry": { "type": "MultiPolygon", "coordinates": [ [ [ [ 120.26238351158986, -2.763054619774834, 0.0 ], [ 120.262998515668983, -2.763189918280034, 0.0 ], [ 120.263067910056066, -2.763203718376872, 0.0 ], [ 120.264727461403254, -2.763498226561865, 0.0 ], [ 120.264574565863541, -2.763922615736078, 0.0 ], [ 120.261781919999635, -2.763414575222441, 0.0 ], [ 120.261872641809077, -2.76324023175124, 0.0 ], [ 120.262216594720144, -2.763307287001624, 0.0 ], [ 120.262259983411582, -2.763185799385099, 0.0 ], [ 120.261949163323266, -2.763116377119047, 0.0 ], [ 120.262044618264554, -2.762981478812151, 0.0 ], [ 120.26238351158986, -2.763054619774834, 0.0 ] ] ] ] } },
{ "type": "Feature", "properties": { "OBJECTID": 1186, "WADMPR": "Sulawesi Selatan", "WADMKK": "Kab. Luwu Utara", "WADMKC": "Kec. Malangke Barat", "WADMKD": "Desa Wara", "POKTAN": "Gapoktan Pelita Jaya", "K_POKTAN": "Hasan", "P_SID": "Universitas Negeri Makassar", "NO_HP_1": "081241775269", "NAMA_PEMIL": "Isra", "N_PETAK": "WR070", "LUAS_HA": 2.2635275986800001, "PAKET": "Paket Sulawesi Selatan 16" }, "geometry": { "type": "MultiPolygon", "coordinates": [ [ [ [ 120.262358493349893, -2.765094000687554, 0.0 ], [ 120.26324707479273, -2.765346462868933, 0.0 ], [ 120.263242636638438, -2.765418414927865, 0.0 ], [ 120.263238199383409, -2.765490366986796, 0.0 ], [ 120.263233761229117, -2.765562319045728, 0.0 ], [ 120.263229323974201, -2.76563426930602, 0.0 ], [ 120.263224885819909, -2.765706222264271, 0.0 ], [ 120.26322044856488, -2.765778173423939, 0.0 ], [ 120.263291807970631, -2.76579100405155, 0.0 ], [ 120.263363167376383, -2.765803834679161, 0.0 ], [ 120.263434526782021, -2.765816665306829, 0.0 ], [ 120.263505884389133, -2.765829495035121, 0.0 ], [ 120.263577242895508, -2.765842325662732, 0.0 ], [ 120.263648602301259, -2.765855156290399, 0.0 ], [ 120.263719960807634, -2.765867986918011, 0.0 ], [ 120.263705963759321, -2.765932255169389, 0.0 ], [ 120.263691968509647, -2.765996520722808, 0.0 ], [ 120.26367797146122, -2.766060788974187, 0.0 ], [ 120.263663975312284, -2.766125055426926, 0.0 ], [ 120.263649979163233, -2.766189321879665, 0.0 ], [ 120.26363598211492, -2.766253589231724, 0.0 ], [ 120.263621985965983, -2.766317855684463, 0.0 ], [ 120.263128323813135, -2.766195224130229, 0.0 ], [ 120.263057416766401, -2.766176046986914, 0.0 ], [ 120.262986509719667, -2.766156870742918, 0.0 ], [ 120.262915602672933, -2.76613769359966, 0.0 ], [ 120.262844695626313, -2.766118516456345, 0.0 ], [ 120.26277378857958, -2.76609933931303, 0.0 ], [ 120.262702882432109, -2.766080163069034, 0.0 ], [ 120.261416172918075, -2.765816740849857, 0.0 ], [ 120.26146666175714, -2.764974213688959, 0.0 ], [ 120.261573949977901, -2.764873236910319, 0.0 ], [ 120.262358493349893, -2.765094000687554, 0.0 ] ] ] ] } },
{ "type": "Feature", "properties": { "OBJECTID": 1187, "WADMPR": "Sulawesi Selatan", "WADMKK": "Kab. Luwu Utara", "WADMKC": "Kec. Malangke Barat", "WADMKD": "Desa Wara", "POKTAN": "Gapoktan Pelita Jaya", "K_POKTAN": "Hasan", "P_SID": "Universitas Negeri Makassar", "NO_HP_1": "081241775269", "NAMA_PEMIL": "Masita", "N_PETAK": "WR071", "LUAS_HA": 2.1022672614000002, "PAKET": "Paket Sulawesi Selatan 16" }, "geometry": { "type": "MultiPolygon", "coordinates": [ [ [ [ 120.265227419709731, -2.765726715115761, 0.0 ], [ 120.266072641239475, -2.765875525035426, 0.0 ], [ 120.265885984250872, -2.766245104128188, 0.0 ], [ 120.265788162293916, -2.766399725466897, 0.0 ], [ 120.26554613134897, -2.766903335920176, 0.0 ], [ 120.264310557286421, -2.766512670423367, 0.0 ], [ 120.26433569693495, -2.766452947345613, 0.0 ], [ 120.264360836583364, -2.766393224267858, 0.0 ], [ 120.264269311679413, -2.766227906392714, 0.0 ], [ 120.264254021406032, -2.766198884370965, 0.0 ], [ 120.264227426654429, -2.766148405424531, 0.0 ], [ 120.264200832802203, -2.766097926478096, 0.0 ], [ 120.264174238949977, -2.766047449330301, 0.0 ], [ 120.264142159233302, -2.765990960214594, 0.0 ], [ 120.26411007861725, -2.765934471098888, 0.0 ], [ 120.264078000699214, -2.765877981083918, 0.0 ], [ 120.264045920982539, -2.76582149376685, 0.0 ], [ 120.264013840366488, -2.7657650046512, 0.0 ], [ 120.263981760649813, -2.765708514636174, 0.0 ], [ 120.26399748619508, -2.765644814756342, 0.0 ], [ 120.264013212639725, -2.765581113077872, 0.0 ], [ 120.264028938184993, -2.765517411399344, 0.0 ], [ 120.265227419709731, -2.765726715115761, 0.0 ] ] ] ] } },
{ "type": "Feature", "properties": { "OBJECTID": 1188, "WADMPR": "Sulawesi Selatan", "WADMKK": "Kab. Luwu Utara", "WADMKC": "Kec. Malangke Barat", "WADMKD": "Desa Wara", "POKTAN": "Gapoktan Pelita Jaya", "K_POKTAN": "Hasan", "P_SID": "Universitas Negeri Makassar", "NO_HP_1": "081241775269", "NAMA_PEMIL": "Ismail Patarra", "N_PETAK": "WR072", "LUAS_HA": 0.51277856991000004, "PAKET": "Paket Sulawesi Selatan 16" }, "geometry": { "type": "MultiPolygon", "coordinates": [ [ [ [ 120.266072641239475, -2.765875525035426, 0.0 ], [ 120.265227419709731, -2.765726715115761, 0.0 ], [ 120.265360479802325, -2.765256568435859, 0.0 ], [ 120.266229532467037, -2.765426427887292, 0.0 ], [ 120.266072641239475, -2.765875525035426, 0.0 ] ] ] ] } },
{ "type": "Feature", "properties": { "OBJECTID": 1189, "WADMPR": "Sulawesi Selatan", "WADMKK": "Kab. Luwu Utara", "WADMKC": "Kec. Malangke Barat", "WADMKD": "Desa Wara", "POKTAN": "Gapoktan Pelita Jaya", "K_POKTAN": "Hasan", "P_SID": "Universitas Negeri Makassar", "NO_HP_1": "081241775269", "NAMA_PEMIL": "Sumassang", "N_PETAK": "WR073", "LUAS_HA": 1.1452944038699999, "PAKET": "Paket Sulawesi Selatan 16" }, "geometry": { "type": "MultiPolygon", "coordinates": [ [ [ [ 120.264726002702901, -2.768256366837818, 0.0 ], [ 120.26469871727204, -2.769220512016943, 0.0 ], [ 120.263720502199476, -2.769220512016943, 0.0 ], [ 120.263746772295804, -2.768778181367907, 0.0 ], [ 120.263752050416883, -2.768711488544341, 0.0 ], [ 120.263757328537963, -2.768644793922078, 0.0 ], [ 120.263762607558306, -2.768578100199136, 0.0 ], [ 120.263767885679499, -2.768511405576874, 0.0 ], [ 120.263773163800579, -2.768444711853931, 0.0 ], [ 120.263778441921659, -2.768378019030308, 0.0 ], [ 120.263783720942001, -2.768311325307366, 0.0 ], [ 120.263788999063081, -2.768244630685103, 0.0 ], [ 120.264726002702901, -2.768256366837818, 0.0 ] ] ] ] } },
{ "type": "Feature", "properties": { "OBJECTID": 1190, "WADMPR": "Sulawesi Selatan", "WADMKK": "Kab. Luwu Utara", "WADMKC": "Kec. Malangke Barat", "WADMKD": "Desa Wara", "POKTAN": "Gapoktan Pelita Jaya", "K_POKTAN": "Hasan", "P_SID": "Universitas Negeri Makassar", "NO_HP_1": "081241775269", "NAMA_PEMIL": "Y.P. Tandi Rante", "N_PETAK": "WR074", "LUAS_HA": 0.50358784241, "PAKET": "Paket Sulawesi Selatan 16" }, "geometry": { "type": "MultiPolygon", "coordinates": [ [ [ [ 120.263746772295804, -2.768778181367907, 0.0 ], [ 120.263720502199476, -2.769220512016943, 0.0 ], [ 120.263720419461833, -2.769255223149969, 0.0 ], [ 120.263266021709569, -2.769283312574771, 0.0 ], [ 120.263193840323538, -2.769282691143246, 0.0 ], [ 120.26312165983677, -2.769282067913082, 0.0 ], [ 120.263049478450739, -2.769281443783541, 0.0 ], [ 120.262977297064708, -2.769280821452696, 0.0 ], [ 120.262929734619661, -2.7692804104625, 0.0 ], [ 120.262920613695428, -2.768988043563297, 0.0 ], [ 120.262915814013695, -2.768931980726279, 0.0 ], [ 120.262911014331962, -2.768875917889261, 0.0 ], [ 120.262906213750853, -2.768819853253603, 0.0 ], [ 120.26290141406912, -2.768763790416529, 0.0 ], [ 120.262971860662901, -2.768764990112174, 0.0 ], [ 120.263042307256683, -2.768766188908444, 0.0 ], [ 120.263112753850578, -2.768767388604033, 0.0 ], [ 120.263183200444359, -2.768768587400359, 0.0 ], [ 120.263253646138878, -2.768769786196629, 0.0 ], [ 120.263324092732773, -2.768770985892218, 0.0 ], [ 120.263394540225931, -2.768772185587864, 0.0 ], [ 120.26346498592045, -2.768773384384133, 0.0 ], [ 120.263535431614969, -2.768774583180402, 0.0 ], [ 120.263605879108127, -2.768775782876048, 0.0 ], [ 120.263676325701908, -2.768776981672318, 0.0 ], [ 120.263746772295804, -2.768778181367907, 0.0 ] ] ] ] } },
{ "type": "Feature", "properties": { "OBJECTID": 1191, "WADMPR": "Sulawesi Selatan", "WADMKK": "Kab. Luwu Utara", "WADMKC": "Kec. Malangke Barat", "WADMKD": "Desa Wara", "POKTAN": "Gapoktan Pelita Jaya", "K_POKTAN": "Hasan", "P_SID": "Universitas Negeri Makassar", "NO_HP_1": "081241775269", "NAMA_PEMIL": "Surianti", "N_PETAK": "WR075", "LUAS_HA": 0.5131234012, "PAKET": "Paket Sulawesi Selatan 16" }, "geometry": { "type": "MultiPolygon", "coordinates": [ [ [ [ 120.265139642280701, -2.769224369209212, 0.0 ], [ 120.26469871727204, -2.769220512016943, 0.0 ], [ 120.264726002702901, -2.768256366837818, 0.0 ], [ 120.265155419986741, -2.768271398106492, 0.0 ], [ 120.265139642280701, -2.769224369209212, 0.0 ] ] ] ] } },
{ "type": "Feature", "properties": { "OBJECTID": 1192, "WADMPR": "Sulawesi Selatan", "WADMKK": "Kab. Luwu Utara", "WADMKC": "Kec. Malangke Barat", "WADMKD": "Desa Wara", "POKTAN": "Gapoktan Pelita Jaya", "K_POKTAN": "Hasan", "P_SID": "Universitas Negeri Makassar", "NO_HP_1": "081241775269", "NAMA_PEMIL": "Rasmi", "N_PETAK": "WR076", "LUAS_HA": 0.50835462419, "PAKET": "Paket Sulawesi Selatan 16" }, "geometry": { "type": "MultiPolygon", "coordinates": [ [ [ [ 120.265139642280701, -2.769224369209212, 0.0 ], [ 120.265163276464136, -2.770125640985498, 0.0 ], [ 120.264690860794644, -2.770129999100106, 0.0 ], [ 120.26469871727204, -2.769220512016943, 0.0 ], [ 120.265139642280701, -2.769224369209212, 0.0 ] ] ] ] } },
{ "type": "Feature", "properties": { "OBJECTID": 1193, "WADMPR": "Sulawesi Selatan", "WADMKK": "Kab. Luwu Utara", "WADMKC": "Kec. Malangke Barat", "WADMKD": "Desa Wara", "POKTAN": "Gapoktan Pelita Jaya", "K_POKTAN": "Hasan", "P_SID": "Universitas Negeri Makassar", "NO_HP_1": "081241775269", "NAMA_PEMIL": "Y.P. Tandi Rante 2", "N_PETAK": "WR077", "LUAS_HA": 0.50067162039000002, "PAKET": "Paket Sulawesi Selatan 16" }, "geometry": { "type": "MultiPolygon", "coordinates": [ [ [ [ 120.265618999817093, -2.770121436654904, 0.0 ], [ 120.265163276464136, -2.770125640985498, 0.0 ], [ 120.265139642280701, -2.769224369209212, 0.0 ], [ 120.265593897040731, -2.769232507174422, 0.0 ], [ 120.265618999817093, -2.770121436654904, 0.0 ] ] ] ] } },
{ "type": "Feature", "properties": { "OBJECTID": 1194, "WADMPR": "Sulawesi Selatan", "WADMKK": "Kab. Luwu Utara", "WADMKC": "Kec. Malangke Barat", "WADMKD": "Desa Wara", "POKTAN": "Gapoktan Pelita Jaya", "K_POKTAN": "Hasan", "P_SID": "Universitas Negeri Makassar", "NO_HP_1": "081241775269", "NAMA_PEMIL": "Y.P Tandi Rante", "N_PETAK": "WR078", "LUAS_HA": 1.0398276504599999, "PAKET": "Paket Sulawesi Selatan 16" }, "geometry": { "type": "MultiPolygon", "coordinates": [ [ [ [ 120.264704259793803, -2.77102985264554, 0.0 ], [ 120.264699135456794, -2.770700449865842, 0.0 ], [ 120.264689914707901, -2.770239540122645, 0.0 ], [ 120.264690860794644, -2.770129999100106, 0.0 ], [ 120.265163308839647, -2.77012685147298, 0.0 ], [ 120.265618999817093, -2.770121436654904, 0.0 ], [ 120.265650919454401, -2.771025119513581, 0.0 ], [ 120.264704259793803, -2.77102985264554, 0.0 ] ] ] ] } },
{ "type": "Feature", "properties": { "OBJECTID": 1195, "WADMPR": "Sulawesi Selatan", "WADMKK": "Kab. Luwu Utara", "WADMKC": "Kec. Malangke Barat", "WADMKD": "Desa Wara", "POKTAN": "Gapoktan Pelita Jaya", "K_POKTAN": "Hasan", "P_SID": "Universitas Negeri Makassar", "NO_HP_1": "081241775269", "NAMA_PEMIL": "Ismail Bakarra", "N_PETAK": "WR079", "LUAS_HA": 1.9941986145, "PAKET": "Paket Sulawesi Selatan 16" }, "geometry": { "type": "MultiPolygon", "coordinates": [ [ [ [ 120.262920613695428, -2.768988043563297, 0.0 ], [ 120.262929734619661, -2.7692804104625, 0.0 ], [ 120.262905115678564, -2.769280198222532, 0.0 ], [ 120.262832934292533, -2.769279574992368, 0.0 ], [ 120.262760752906502, -2.769278953560786, 0.0 ], [ 120.262688571520471, -2.769278330330621, 0.0 ], [ 120.262616390134326, -2.769277706201137, 0.0 ], [ 120.262544209647672, -2.769277083870293, 0.0 ], [ 120.262472027362264, -2.769276460640071, 0.0 ], [ 120.262399846875496, -2.769275838309227, 0.0 ], [ 120.262327665489465, -2.769275215079062, 0.0 ], [ 120.262255484103321, -2.769274591848898, 0.0 ], [ 120.26218330271729, -2.769273968618734, 0.0 ], [ 120.262111122230522, -2.769273346287832, 0.0 ], [ 120.262038939945228, -2.769272723057668, 0.0 ], [ 120.261966758559083, -2.769272099827504, 0.0 ], [ 120.261971345101529, -2.76933854084092, 0.0 ], [ 120.261975930744711, -2.769404981854393, 0.0 ], [ 120.261980517287157, -2.769471422867809, 0.0 ], [ 120.261985102930225, -2.769537862082643, 0.0 ], [ 120.261989689472671, -2.76960430309606, 0.0 ], [ 120.261994276015116, -2.769670744109533, 0.0 ], [ 120.261998861658185, -2.769737184223629, 0.0 ], [ 120.26200344820063, -2.769803625237046, 0.0 ], [ 120.262002236813828, -2.769803613545889, 0.0 ], [ 120.262004318744403, -2.769877260826888, 0.0 ], [ 120.26200640157424, -2.769950906309248, 0.0 ], [ 120.262008484404078, -2.770024554489567, 0.0 ], [ 120.262010566334652, -2.770098199971926, 0.0 ], [ 120.26201264916449, -2.770171847252925, 0.0 ], [ 120.262014731095064, -2.770245494533924, 0.0 ], [ 120.262016813924902, -2.770319140915547, 0.0 ], [ 120.262018895855476, -2.770392787297226, 0.0 ], [ 120.262020978685314, -2.770466433678905, 0.0 ], [ 120.26195537044407, -2.770471470781729, 0.0 ], [ 120.261889762202827, -2.770476506985176, 0.0 ], [ 120.261824153961584, -2.770481544087943, 0.0 ], [ 120.261822212325342, -2.770544613543052, 0.0 ], [ 120.261820271588363, -2.770607682998104, 0.0 ], [ 120.261818329952007, -2.770670753352533, 0.0 ], [ 120.261816389215028, -2.770733822807642, 0.0 ], [ 120.261814447578786, -2.770796891363375, 0.0 ], [ 120.261740368623123, -2.77079520963116, 0.0 ], [ 120.261666288768311, -2.770793527898945, 0.0 ], [ 120.261592208913385, -2.77079184616673, 0.0 ], [ 120.261518129058459, -2.770790164434516, 0.0 ], [ 120.261444050102909, -2.770788483601564, 0.0 ], [ 120.261369970247983, -2.770786801869349, 0.0 ], [ 120.261295890393058, -2.770785120137134, 0.0 ], [ 120.261221810538132, -2.770783438404919, 0.0 ], [ 120.261147730683319, -2.770781756672704, 0.0 ], [ 120.261288588797356, -2.770272359981391, 0.0 ], [ 120.26126965537037, -2.770030961259806, 0.0 ], [ 120.261153689591197, -2.768964786195852, 0.0 ], [ 120.261924797091751, -2.768983921071026, 0.0 ], [ 120.261995927170346, -2.768984215149374, 0.0 ], [ 120.262067057248942, -2.768984510126984, 0.0 ], [ 120.262138185528897, -2.768984804205274, 0.0 ], [ 120.262209316506869, -2.768985099182942, 0.0 ], [ 120.262280446585351, -2.768985393261232, 0.0 ], [ 120.262351575764683, -2.768985688238899, 0.0 ], [ 120.262422706742541, -2.76898598231719, 0.0 ], [ 120.262493834123234, -2.768986276395481, 0.0 ], [ 120.262564965101092, -2.768986571373148, 0.0 ], [ 120.262636095179687, -2.768986865451438, 0.0 ], [ 120.262707224359019, -2.768987160429049, 0.0 ], [ 120.262778355336877, -2.768987454507396, 0.0 ], [ 120.262849484516209, -2.768987749485007, 0.0 ], [ 120.262920613695428, -2.768988043563297, 0.0 ] ] ] ] } },
{ "type": "Feature", "properties": { "OBJECTID": 1196, "WADMPR": "Sulawesi Selatan", "WADMKK": "Kab. Luwu Utara", "WADMKC": "Kec. Malangke Barat", "WADMKD": "Desa Wara", "POKTAN": "Gapoktan Pelita Jaya", "K_POKTAN": "Hasan", "P_SID": "Universitas Negeri Makassar", "NO_HP_1": "081241775269", "NAMA_PEMIL": "Ismail Bakarra", "N_PETAK": "WR080", "LUAS_HA": 1.6178439285599999, "PAKET": "Paket Sulawesi Selatan 16" }, "geometry": { "type": "MultiPolygon", "coordinates": [ [ [ [ 120.264689978559772, -2.770130006294721, 0.0 ], [ 120.264689914707901, -2.770239540122645, 0.0 ], [ 120.26378057961017, -2.770229190724535, 0.0 ], [ 120.263430315256869, -2.770222682330882, 0.0 ], [ 120.2634315077579, -2.770110785983945, 0.0 ], [ 120.263427701827027, -2.770037788912759, 0.0 ], [ 120.263423895896153, -2.76996479274095, 0.0 ], [ 120.26342008996528, -2.769891795669764, 0.0 ], [ 120.263416284034292, -2.769818798598635, 0.0 ], [ 120.263397501693362, -2.76975186385738, 0.0 ], [ 120.263378718453168, -2.769684927317485, 0.0 ], [ 120.263359936112238, -2.769617992576229, 0.0 ], [ 120.263341152871931, -2.769551056036335, 0.0 ], [ 120.263322370531, -2.769484120395816, 0.0 ], [ 120.263303587290807, -2.769417184755241, 0.0 ], [ 120.263284804949876, -2.769350249114666, 0.0 ], [ 120.263266021709569, -2.769283312574771, 0.0 ], [ 120.263720419461833, -2.769255223149969, 0.0 ], [ 120.263720502199476, -2.769220512016943, 0.0 ], [ 120.26469871727204, -2.769220512016943, 0.0 ], [ 120.264689978559772, -2.770130006294721, 0.0 ] ] ] ] } },
{ "type": "Feature", "properties": { "OBJECTID": 1197, "WADMPR": "Sulawesi Selatan", "WADMKK": "Kab. Luwu Utara", "WADMKC": "Kec. Malangke Barat", "WADMKD": "Desa Wara", "POKTAN": "Gapoktan Pelita Jaya", "K_POKTAN": "Hasan", "P_SID": "Universitas Negeri Makassar", "NO_HP_1": "081241775269", "NAMA_PEMIL": "Sumardi", "N_PETAK": "WR081", "LUAS_HA": 0.53234965218999997, "PAKET": "Paket Sulawesi Selatan 16" }, "geometry": { "type": "MultiPolygon", "coordinates": [ [ [ [ 120.264689914707901, -2.770239540122645, 0.0 ], [ 120.264699135456794, -2.770700449865842, 0.0 ], [ 120.263787088003824, -2.770719087415898, 0.0 ], [ 120.26378057961017, -2.770229190724535, 0.0 ], [ 120.264689914707901, -2.770239540122645, 0.0 ] ] ] ] } },
{ "type": "Feature", "properties": { "OBJECTID": 1198, "WADMPR": "Sulawesi Selatan", "WADMKK": "Kab. Luwu Utara", "WADMKC": "Kec. Malangke Barat", "WADMKD": "Desa Wara", "POKTAN": "Gapoktan Pelita Jaya", "K_POKTAN": "Hasan", "P_SID": "Universitas Negeri Makassar", "NO_HP_1": "081241775269", "NAMA_PEMIL": "Abdul Sarif", "N_PETAK": "WR082", "LUAS_HA": 0.62749822584000003, "PAKET": "Paket Sulawesi Selatan 16" }, "geometry": { "type": "MultiPolygon", "coordinates": [ [ [ [ 120.264704259793803, -2.77102985264554, 0.0 ], [ 120.264717477129921, -2.771295662564739, 0.0 ], [ 120.264129366377233, -2.771303581994687, 0.0 ], [ 120.26413163446739, -2.77121692062434, 0.0 ], [ 120.263784573499379, -2.771194487935247, 0.0 ], [ 120.263787088003824, -2.770719087415898, 0.0 ], [ 120.264699135456794, -2.770700449865842, 0.0 ], [ 120.264704259793803, -2.77102985264554, 0.0 ] ] ] ] } },
{ "type": "Feature", "properties": { "OBJECTID": 1199, "WADMPR": "Sulawesi Selatan", "WADMKK": "Kab. Luwu Utara", "WADMKC": "Kec. Malangke Barat", "WADMKD": "Desa Wara", "POKTAN": "Gapoktan Pelita Jaya", "K_POKTAN": "Hasan", "P_SID": "Universitas Negeri Makassar", "NO_HP_1": "081241775269", "NAMA_PEMIL": "Saptar", "N_PETAK": "WR083", "LUAS_HA": 1.8498301514, "PAKET": "Paket Sulawesi Selatan 16" }, "geometry": { "type": "MultiPolygon", "coordinates": [ [ [ [ 120.262906274904708, -2.773615384642255, 0.0 ], [ 120.262836133181054, -2.773636627528276, 0.0 ], [ 120.26257447812975, -2.773241867418221, 0.0 ], [ 120.263090407496406, -2.772981536168913, 0.0 ], [ 120.2626265443796, -2.772157942435058, 0.0 ], [ 120.263417005290648, -2.771755611831964, 0.0 ], [ 120.263626359369027, -2.772145360919637, 0.0 ], [ 120.263876134376119, -2.773492732403611, 0.0 ], [ 120.263186841799325, -2.773530413997378, 0.0 ], [ 120.26311670007567, -2.773551656883399, 0.0 ], [ 120.263046558352016, -2.773572899769476, 0.0 ], [ 120.262976416628362, -2.773594141756178, 0.0 ], [ 120.262906274904708, -2.773615384642255, 0.0 ] ] ] ] } },
{ "type": "Feature", "properties": { "OBJECTID": 1200, "WADMPR": "Sulawesi Selatan", "WADMKK": "Kab. Luwu Utara", "WADMKC": "Kec. Malangke Barat", "WADMKD": "Desa Wara", "POKTAN": "Gapoktan Pelita Jaya", "K_POKTAN": "Hasan", "P_SID": "Universitas Negeri Makassar", "NO_HP_1": "081241775269", "NAMA_PEMIL": "Isalamang", "N_PETAK": "WR084", "LUAS_HA": 0.27066428016, "PAKET": "Paket Sulawesi Selatan 16" }, "geometry": { "type": "MultiPolygon", "coordinates": [ [ [ [ 120.261069646147348, -2.767922962974296, 0.0 ], [ 120.261842876947298, -2.7680394872325, 0.0 ], [ 120.261863321235296, -2.768267270218303, 0.0 ], [ 120.260958056469235, -2.768185522743636, 0.0 ], [ 120.260998934253507, -2.767912574905381, 0.0 ], [ 120.261069646147348, -2.767922962974296, 0.0 ] ] ] ] } },
{ "type": "Feature", "properties": { "OBJECTID": 1201, "WADMPR": "Sulawesi Selatan", "WADMKK": "Kab. Luwu Utara", "WADMKC": "Kec. Malangke Barat", "WADMKD": "Desa Wara", "POKTAN": "Gapoktan Pelita Jaya", "K_POKTAN": "Hasan", "P_SID": "Universitas Negeri Makassar", "NO_HP_1": "081241775269", "NAMA_PEMIL": "Ranta", "N_PETAK": "WR085", "LUAS_HA": 0.69572461853000001, "PAKET": "Paket Sulawesi Selatan 16" }, "geometry": { "type": "MultiPolygon", "coordinates": [ [ [ [ 120.261842876947298, -2.7680394872325, 0.0 ], [ 120.261069646147348, -2.767922962974296, 0.0 ], [ 120.261234550334279, -2.767239462031512, 0.0 ], [ 120.262072574589752, -2.767366946327456, 0.0 ], [ 120.262049425140958, -2.767430852152074, 0.0 ], [ 120.262026275692165, -2.767494760674595, 0.0 ], [ 120.262003125343995, -2.767558668297852, 0.0 ], [ 120.261979975895201, -2.767622575921109, 0.0 ], [ 120.261956826446408, -2.76768648354431, 0.0 ], [ 120.261933676098351, -2.767750391167567, 0.0 ], [ 120.261910526649558, -2.767814298790825, 0.0 ], [ 120.261887377200765, -2.767878206414025, 0.0 ], [ 120.261864227751971, -2.767942113137963, 0.0 ], [ 120.261841077403915, -2.76800602166054, 0.0 ], [ 120.261842876947298, -2.7680394872325, 0.0 ] ] ] ] } },
{ "type": "Feature", "properties": { "OBJECTID": 1202, "WADMPR": "Sulawesi Selatan", "WADMKK": "Kab. Luwu Utara", "WADMKC": "Kec. Malangke Barat", "WADMKD": "Desa Wara", "POKTAN": "Gapoktan Pelita Jaya", "K_POKTAN": "Hasan", "P_SID": "Universitas Negeri Makassar", "NO_HP_1": "081241775269", "NAMA_PEMIL": "Emelisa", "N_PETAK": "WR086", "LUAS_HA": 1.33894819841, "PAKET": "Paket Sulawesi Selatan 16" }, "geometry": { "type": "MultiPolygon", "coordinates": [ [ [ [ 120.27029575504514, -2.766783317795841, 0.0 ], [ 120.270661402301926, -2.766123022959107, 0.0 ], [ 120.270661402301926, -2.766044923134643, 0.0 ], [ 120.270672052073564, -2.765920674599386, 0.0 ], [ 120.270725301831249, -2.765885174760967, 0.0 ], [ 120.270842005054533, -2.765677666091392, 0.0 ], [ 120.271678468986238, -2.766073322825548, 0.0 ], [ 120.271553003668259, -2.766275217027612, 0.0 ], [ 120.271514724025337, -2.766336545395234, 0.0 ], [ 120.271476445281792, -2.766397874662118, 0.0 ], [ 120.27143816563887, -2.76645920302974, 0.0 ], [ 120.271399885995947, -2.766520532296681, 0.0 ], [ 120.271361606353139, -2.766581860664303, 0.0 ], [ 120.271323326710217, -2.766643189931244, 0.0 ], [ 120.271285047966671, -2.766704518298809, 0.0 ], [ 120.271246767424486, -2.76676584846507, 0.0 ], [ 120.271208488680827, -2.766827175933372, 0.0 ], [ 120.271170209038019, -2.766888505200313, 0.0 ], [ 120.271131929395096, -2.766949833567935, 0.0 ], [ 120.271093649752174, -2.767011162834876, 0.0 ], [ 120.271055371008629, -2.767072491202441, 0.0 ], [ 120.271017090466444, -2.767133820469382, 0.0 ], [ 120.270978811722898, -2.767195148837004, 0.0 ], [ 120.27029575504514, -2.766783317795841, 0.0 ] ] ] ] } },
{ "type": "Feature", "properties": { "OBJECTID": 1203, "WADMPR": "Sulawesi Selatan", "WADMKK": "Kab. Luwu Utara", "WADMKC": "Kec. Malangke Barat", "WADMKD": "Desa Wara", "POKTAN": "Gapoktan Pelita Jaya", "K_POKTAN": "Hasan", "P_SID": "Universitas Negeri Makassar", "NO_HP_1": "081241775269", "NAMA_PEMIL": "Herlin", "N_PETAK": "WR087", "LUAS_HA": 0.44712143254999998, "PAKET": "Paket Sulawesi Selatan 16" }, "geometry": { "type": "MultiPolygon", "coordinates": [ [ [ [ 120.272537551766618, -2.809904969039053, 0.0 ], [ 120.272440450166755, -2.809951652846451, 0.0 ], [ 120.272386936907651, -2.809892452274823, 0.0 ], [ 120.272218034334855, -2.809705597435311, 0.0 ], [ 120.272109765853088, -2.809558070848254, 0.0 ], [ 120.271999538647833, -2.809184841407273, 0.0 ], [ 120.271994831596317, -2.809093122249749, 0.0 ], [ 120.271994131024371, -2.809082090266202, 0.0 ], [ 120.271992782041366, -2.809064290884294, 0.0 ], [ 120.272007281810716, -2.809062143303208, 0.0 ], [ 120.272080587349251, -2.809051283989504, 0.0 ], [ 120.272153893787277, -2.80904042557512, 0.0 ], [ 120.272227198426549, -2.809029566261415, 0.0 ], [ 120.272300503965198, -2.809018707847031, 0.0 ], [ 120.272373809503733, -2.809007849432646, 0.0 ], [ 120.27244711414312, -2.808996990118942, 0.0 ], [ 120.272520419681655, -2.808986131704557, 0.0 ], [ 120.272521737188526, -2.809056812122151, 0.0 ], [ 120.272523055594547, -2.809127491640368, 0.0 ], [ 120.272524373101419, -2.809198171158641, 0.0 ], [ 120.272525691507553, -2.809268850676858, 0.0 ], [ 120.272527009014311, -2.809339531094452, 0.0 ], [ 120.272528326521069, -2.809410211511988, 0.0 ], [ 120.272529644927204, -2.809480890130942, 0.0 ], [ 120.272530962434075, -2.809551570548479, 0.0 ], [ 120.272532279940833, -2.809622250966072, 0.0 ], [ 120.272533598346968, -2.809692929584969, 0.0 ], [ 120.272534915853726, -2.809763610002562, 0.0 ], [ 120.27253623425986, -2.809834290420099, 0.0 ], [ 120.272537551766618, -2.809904969039053, 0.0 ] ] ] ] } },
{ "type": "Feature", "properties": { "OBJECTID": 1204, "WADMPR": "Sulawesi Selatan", "WADMKK": "Kab. Luwu Utara", "WADMKC": "Kec. Malangke Barat", "WADMKD": "Desa Wara", "POKTAN": "Gapoktan Pelita Jaya", "K_POKTAN": "Hasan", "P_SID": "Universitas Negeri Makassar", "NO_HP_1": "081241775269", "NAMA_PEMIL": "Daharuddin", "N_PETAK": "WR088", "LUAS_HA": 3.01925121877, "PAKET": "Paket Sulawesi Selatan 16" }, "geometry": { "type": "MultiPolygon", "coordinates": [ [ [ [ 120.270271085742024, -2.815641327984849, 0.0 ], [ 120.269911446855872, -2.816321573381856, 0.0 ], [ 120.268083695306359, -2.815545443167593, 0.0 ], [ 120.268222384255637, -2.815341306056382, 0.0 ], [ 120.268339174713219, -2.815071553509313, 0.0 ], [ 120.268474214213711, -2.814765347842467, 0.0 ], [ 120.268605603365927, -2.814364363524533, 0.0 ], [ 120.268830060658843, -2.814147467731402, 0.0 ], [ 120.268920943446801, -2.814110128779362, 0.0 ], [ 120.270271085742024, -2.815641327984849, 0.0 ] ] ] ] } },
{ "type": "Feature", "properties": { "OBJECTID": 1205, "WADMPR": "Sulawesi Selatan", "WADMKK": "Kab. Luwu Utara", "WADMKC": "Kec. Malangke Barat", "WADMKD": "Desa Wara", "POKTAN": "Gapoktan Pelita Jaya", "K_POKTAN": "Hasan", "P_SID": "Universitas Negeri Makassar", "NO_HP_1": "081241775269", "NAMA_PEMIL": "Arnia", "N_PETAK": "WR089", "LUAS_HA": 3.26137236847, "PAKET": "Paket Sulawesi Selatan 16" }, "geometry": { "type": "MultiPolygon", "coordinates": [ [ [ [ 120.277137173042206, -2.794294179033102, 0.0 ], [ 120.27720523013727, -2.794314004587591, 0.0 ], [ 120.277216150604886, -2.794247222731087, 0.0 ], [ 120.277227071971879, -2.794180439975264, 0.0 ], [ 120.277237993338758, -2.794113657219441, 0.0 ], [ 120.277248913806375, -2.794046875362937, 0.0 ], [ 120.277320368540245, -2.794067584951051, 0.0 ], [ 120.277391822374739, -2.794088294539108, 0.0 ], [ 120.277463277108609, -2.794109004127165, 0.0 ], [ 120.27753473004384, -2.794129713715279, 0.0 ], [ 120.277606185676973, -2.794150423303336, 0.0 ], [ 120.277677640410843, -2.794171132891449, 0.0 ], [ 120.277483254648587, -2.795331761051898, 0.0 ], [ 120.277416239867648, -2.795302673379638, 0.0 ], [ 120.277349224187446, -2.795273586606697, 0.0 ], [ 120.277282209406508, -2.795244498934437, 0.0 ], [ 120.277215193726306, -2.795215411262177, 0.0 ], [ 120.277148178945367, -2.795186324489237, 0.0 ], [ 120.277081163265166, -2.795157236816976, 0.0 ], [ 120.27701414758485, -2.795128149144716, 0.0 ], [ 120.276947132804025, -2.795099062371776, 0.0 ], [ 120.276880117123824, -2.795069974699516, 0.0 ], [ 120.276813102342885, -2.795040887027255, 0.0 ], [ 120.276746086662683, -2.795011799354995, 0.0 ], [ 120.276679071881745, -2.794982712582055, 0.0 ], [ 120.276612056201543, -2.794953624909795, 0.0 ], [ 120.276545042319867, -2.794924538136854, 0.0 ], [ 120.276478025740403, -2.794895450464594, 0.0 ], [ 120.276411010060087, -2.794866362792334, 0.0 ], [ 120.276343994379886, -2.79483727512013, 0.0 ], [ 120.276276979598947, -2.79480818834719, 0.0 ], [ 120.276209964818122, -2.79477910067493, 0.0 ], [ 120.276142950037183, -2.794750013901989, 0.0 ], [ 120.276075934356982, -2.794720926229729, 0.0 ], [ 120.276008919576043, -2.794691839456789, 0.0 ], [ 120.275941903895841, -2.794662751784529, 0.0 ], [ 120.275874888215526, -2.794633664112268, 0.0 ], [ 120.275807872535324, -2.794604576440008, 0.0 ], [ 120.275740857754499, -2.794575489667068, 0.0 ], [ 120.275673842074184, -2.794546401994808, 0.0 ], [ 120.275606828192622, -2.794517315221867, 0.0 ], [ 120.275539810713781, -2.794488226650287, 0.0 ], [ 120.275472796832219, -2.794459139877347, 0.0 ], [ 120.275405781151903, -2.794430052205087, 0.0 ], [ 120.275338766371078, -2.794400965432146, 0.0 ], [ 120.275278220413611, -2.794363107571314, 0.0 ], [ 120.27521767535552, -2.794325251509122, 0.0 ], [ 120.27515712849879, -2.794287393648233, 0.0 ], [ 120.275096583440586, -2.794249536686721, 0.0 ], [ 120.275036037483233, -2.794211679725208, 0.0 ], [ 120.274975491525765, -2.794173822763639, 0.0 ], [ 120.274914945568298, -2.794135964902807, 0.0 ], [ 120.274854399610945, -2.794098107941295, 0.0 ], [ 120.274793854552854, -2.794060250979726, 0.0 ], [ 120.274733308595387, -2.794022394018214, 0.0 ], [ 120.274672763537296, -2.793984537056701, 0.0 ], [ 120.274612216680566, -2.793946679195813, 0.0 ], [ 120.274551670723099, -2.7939088222343, 0.0 ], [ 120.274640564210699, -2.793213067129273, 0.0 ], [ 120.274707460281093, -2.793243341906646, 0.0 ], [ 120.274774353653584, -2.793273615784699, 0.0 ], [ 120.2748412488246, -2.793303889662752, 0.0 ], [ 120.274908143995731, -2.793334164440068, 0.0 ], [ 120.274975038267485, -2.793364439217441, 0.0 ], [ 120.275041934337878, -2.793394713095495, 0.0 ], [ 120.275108828609632, -2.793424986973548, 0.0 ], [ 120.275175722881386, -2.793455260851545, 0.0 ], [ 120.275242618951779, -2.793485535628918, 0.0 ], [ 120.275309513223533, -2.793515809506971, 0.0 ], [ 120.275376409293926, -2.793546085183664, 0.0 ], [ 120.27544330356568, -2.79357635906166, 0.0 ], [ 120.275510198736697, -2.793606632939714, 0.0 ], [ 120.275577093907827, -2.793636906817767, 0.0 ], [ 120.275643988179581, -2.793667180695763, 0.0 ], [ 120.275710883350598, -2.793697455473136, 0.0 ], [ 120.275777779420991, -2.793727730250509, 0.0 ], [ 120.275844672793482, -2.793758004128563, 0.0 ], [ 120.275911567065236, -2.793788278905879, 0.0 ], [ 120.27597846313563, -2.793818552783932, 0.0 ], [ 120.276045358306646, -2.793848827561305, 0.0 ], [ 120.276112253477777, -2.793879101439359, 0.0 ], [ 120.276175492904713, -2.793907463358721, 0.0 ], [ 120.276238733231025, -2.793935823479444, 0.0 ], [ 120.276301974456601, -2.793964184499487, 0.0 ], [ 120.276365215682176, -2.793992545519529, 0.0 ], [ 120.276428456008489, -2.794020906539572, 0.0 ], [ 120.276491695435425, -2.794049267559615, 0.0 ], [ 120.276553903340073, -2.794076870451136, 0.0 ], [ 120.276616111244607, -2.794104471544074, 0.0 ], [ 120.276678320048518, -2.794132071737693, 0.0 ], [ 120.276740527953052, -2.794159673729894, 0.0 ], [ 120.276802736756963, -2.794187273923512, 0.0 ], [ 120.276864944661497, -2.794214875016394, 0.0 ], [ 120.276933001756674, -2.794234700570939, 0.0 ], [ 120.277001058851852, -2.794254527024748, 0.0 ], [ 120.277069115947029, -2.794274352579237, 0.0 ], [ 120.277137173042206, -2.794294179033102, 0.0 ] ] ] ] } },
{ "type": "Feature", "properties": { "OBJECTID": 1206, "WADMPR": "Sulawesi Selatan", "WADMKK": "Kab. Luwu Utara", "WADMKC": "Kec. Malangke Barat", "WADMKD": "Desa Wara", "POKTAN": "Gapoktan Pelita Jaya", "K_POKTAN": "Hasan", "P_SID": "Universitas Negeri Makassar", "NO_HP_1": "081241775269", "NAMA_PEMIL": "Miati", "N_PETAK": "WR090", "LUAS_HA": 0.51971155277000003, "PAKET": "Paket Sulawesi Selatan 16" }, "geometry": { "type": "MultiPolygon", "coordinates": [ [ [ [ 120.275232755187517, -2.803022622895696, 0.0 ], [ 120.274891612657825, -2.803025068152351, 0.0 ], [ 120.274537378697119, -2.803001253205196, 0.0 ], [ 120.274556963233294, -2.802843697378705, 0.0 ], [ 120.274641264782645, -2.802599814729604, 0.0 ], [ 120.27478985616699, -2.802292356307134, 0.0 ], [ 120.275148982439646, -2.802451167587265, 0.0 ], [ 120.275217938856827, -2.802476494294751, 0.0 ], [ 120.275286895274007, -2.802501820102862, 0.0 ], [ 120.275355851691302, -2.802527146810348, 0.0 ], [ 120.275309392714348, -2.802690925046079, 0.0 ], [ 120.27526766776873, -2.802883989704299, 0.0 ], [ 120.275232755187517, -2.803022622895696, 0.0 ] ] ] ] } },
{ "type": "Feature", "properties": { "OBJECTID": 1207, "WADMPR": "Sulawesi Selatan", "WADMKK": "Kab. Luwu Utara", "WADMKC": "Kec. Malangke Barat", "WADMKD": "Desa Wara", "POKTAN": "Gapoktan Pelita Jaya", "K_POKTAN": "Hasan", "P_SID": "Universitas Negeri Makassar", "NO_HP_1": "081241775269", "NAMA_PEMIL": "Kurais. Aje. Syarifuddin,Masrun", "N_PETAK": "WR091", "LUAS_HA": 2.97913219491, "PAKET": "Paket Sulawesi Selatan 16" }, "geometry": { "type": "MultiPolygon", "coordinates": [ [ [ [ 120.269911446855872, -2.816321573381856, 0.0 ], [ 120.269912199588362, -2.816321892641213, 0.0 ], [ 120.270271085742024, -2.815641327984849, 0.0 ], [ 120.270342871426465, -2.81560707550608, 0.0 ], [ 120.270400249971658, -2.815667901152665, 0.0 ], [ 120.271219903775545, -2.81522337525854, 0.0 ], [ 120.270877409564832, -2.814834890617647, 0.0 ], [ 120.270920915168176, -2.814779057107728, 0.0 ], [ 120.270964419872143, -2.814723222698547, 0.0 ], [ 120.271007924576111, -2.814667387389989, 0.0 ], [ 120.271051429280078, -2.81461155298075, 0.0 ], [ 120.271094934883422, -2.814555718571512, 0.0 ], [ 120.271138439587389, -2.814499883262954, 0.0 ], [ 120.271181944291357, -2.814444048853716, 0.0 ], [ 120.271229453676369, -2.814389160531277, 0.0 ], [ 120.271276963061496, -2.8143342704102, 0.0 ], [ 120.271324472446508, -2.814279382087761, 0.0 ], [ 120.271371980932258, -2.814224492866003, 0.0 ], [ 120.271419490317271, -2.814169604543565, 0.0 ], [ 120.27146700060166, -2.814114714422487, 0.0 ], [ 120.271514508188034, -2.814059826999369, 0.0 ], [ 120.27156201757316, -2.814004937777611, 0.0 ], [ 120.271609526958173, -2.813950048555853, 0.0 ], [ 120.271827784324842, -2.814017405978461, 0.0 ], [ 120.271813491399598, -2.81409026635265, 0.0 ], [ 120.271799199373618, -2.814163127626216, 0.0 ], [ 120.271784906448374, -2.814235988899725, 0.0 ], [ 120.271770613523017, -2.814308849273914, 0.0 ], [ 120.271756320597774, -2.81438171054748, 0.0 ], [ 120.271742028571794, -2.814454571820988, 0.0 ], [ 120.27172773564655, -2.814527432195177, 0.0 ], [ 120.271713442721307, -2.814600293468743, 0.0 ], [ 120.27169914979595, -2.814673154742252, 0.0 ], [ 120.271684857770083, -2.814746015116441, 0.0 ], [ 120.271670564844726, -2.814818876390007, 0.0 ], [ 120.271656271919483, -2.814891738562835, 0.0 ], [ 120.271641978994239, -2.814964598937024, 0.0 ], [ 120.271627686968259, -2.81503746021059, 0.0 ], [ 120.271613394043015, -2.815110321484099, 0.0 ], [ 120.271599101117658, -2.815183181858288, 0.0 ], [ 120.271584808192415, -2.815256043131853, 0.0 ], [ 120.271570516166435, -2.815328903506042, 0.0 ], [ 120.271556223241191, -2.815401764779551, 0.0 ], [ 120.271541930315948, -2.815474626952437, 0.0 ], [ 120.271527637390591, -2.815547487326626, 0.0 ], [ 120.27151334536461, -2.815620347700815, 0.0 ], [ 120.271499052439367, -2.81569320897438, 0.0 ], [ 120.271484759514124, -2.815766070247889, 0.0 ], [ 120.271470467488143, -2.815838930622078, 0.0 ], [ 120.2714561745629, -2.815911792794964, 0.0 ], [ 120.271441881637543, -2.815984653169153, 0.0 ], [ 120.271427588712299, -2.816057514442662, 0.0 ], [ 120.271413295787056, -2.816130375716227, 0.0 ], [ 120.271399003761076, -2.816203236090416, 0.0 ], [ 120.271384710835832, -2.816276097363982, 0.0 ], [ 120.271370417910475, -2.816348958637491, 0.0 ], [ 120.271356124985232, -2.816421819911, 0.0 ], [ 120.271341832959251, -2.816494681184565, 0.0 ], [ 120.271327540034008, -2.816567541558754, 0.0 ], [ 120.271313247108765, -2.816640402832263, 0.0 ], [ 120.271298954183408, -2.816713264105829, 0.0 ], [ 120.271284662157541, -2.816786124480018, 0.0 ], [ 120.271270369232184, -2.816858985753527, 0.0 ], [ 120.270984355143923, -2.816800787925956, 0.0 ], [ 120.270926591688863, -2.816878143111751, 0.0 ], [ 120.26987900291374, -2.816382941319659, 0.0 ], [ 120.269911446855872, -2.816321573381856, 0.0 ] ] ] ] } },
{ "type": "Feature", "properties": { "OBJECTID": 1208, "WADMPR": "Sulawesi Selatan", "WADMKK": "Kab. Luwu Utara", "WADMKC": "Kec. Malangke Barat", "WADMKD": "Desa Wara", "POKTAN": "Gapoktan Pelita Jaya", "K_POKTAN": "Hasan", "P_SID": "Universitas Negeri Makassar", "NO_HP_1": "081241775269", "NAMA_PEMIL": "Kani", "N_PETAK": "WR092", "LUAS_HA": 0.79577485529000003, "PAKET": "Paket Sulawesi Selatan 16" }, "geometry": { "type": "MultiPolygon", "coordinates": [ [ [ [ 120.283439926811184, -2.798046281011011, 0.0 ], [ 120.283397602017772, -2.798080964265068, 0.0 ], [ 120.282459035356283, -2.797772771995767, 0.0 ], [ 120.282628555763267, -2.797223323097853, 0.0 ], [ 120.283503183325365, -2.797507286731843, 0.0 ], [ 120.283529305033426, -2.797562719144139, 0.0 ], [ 120.283692127289896, -2.797697715477113, 0.0 ], [ 120.283715681433591, -2.797767176414027, 0.0 ], [ 120.283714854956656, -2.797852443835154, 0.0 ], [ 120.283693822511964, -2.797892532014714, 0.0 ], [ 120.283663316608795, -2.797942721379457, 0.0 ], [ 120.283648896879185, -2.797970062568311, 0.0 ], [ 120.28361847191502, -2.797983741256587, 0.0 ], [ 120.283588571255677, -2.797992300104511, 0.0 ], [ 120.283539898147865, -2.798000905717174, 0.0 ], [ 120.283498249644595, -2.798009452873885, 0.0 ], [ 120.283465194163455, -2.798019607119102, 0.0 ], [ 120.283439926811184, -2.798046281011011, 0.0 ] ] ] ] } },
{ "type": "Feature", "properties": { "OBJECTID": 1209, "WADMPR": "Sulawesi Selatan", "WADMKK": "Kab. Luwu Utara", "WADMKC": "Kec. Malangke Barat", "WADMKD": "Desa Wara", "POKTAN": "Gapoktan Pelita Jaya", "K_POKTAN": "Hasan", "P_SID": "Universitas Negeri Makassar", "NO_HP_1": "081241775269", "NAMA_PEMIL": "Kani 2", "N_PETAK": "WR093", "LUAS_HA": 5.5074244183800003, "PAKET": "Paket Sulawesi Selatan 16" }, "geometry": { "type": "MultiPolygon", "coordinates": [ [ [ [ 120.283458967257616, -2.799202703042283, 0.0 ], [ 120.28337588428974, -2.799285686185442, 0.0 ], [ 120.283255876957242, -2.799353301713438, 0.0 ], [ 120.283274339139552, -2.79950390128397, 0.0 ], [ 120.283332804965085, -2.799697528917761, 0.0 ], [ 120.283372807708929, -2.799820467140819, 0.0 ], [ 120.283188179590866, -2.799931111631452, 0.0 ], [ 120.283012783912909, -2.800195427776714, 0.0 ], [ 120.282658914177659, -2.800654909396485, 0.0 ], [ 120.282412743653254, -2.800951496814093, 0.0 ], [ 120.282272734499202, -2.801106706309383, 0.0 ], [ 120.28214964968663, -2.801367949471228, 0.0 ], [ 120.282098877561225, -2.801647633231653, 0.0 ], [ 120.282111185682766, -2.801833577057891, 0.0 ], [ 120.282111185682766, -2.801947294531942, 0.0 ], [ 120.282139649225542, -2.801998774423851, 0.0 ], [ 120.282204269111844, -2.80209097831596, 0.0 ], [ 120.281635000055303, -2.802076378721836, 0.0 ], [ 120.281718083023179, -2.801664536888836, 0.0 ], [ 120.281045730975734, -2.801472446196385, 0.0 ], [ 120.281341134885565, -2.80043515735656, 0.0 ], [ 120.281250360016202, -2.800152399713454, 0.0 ], [ 120.281493453060421, -2.79912586676528, 0.0 ], [ 120.281985023390234, -2.799254951854493, 0.0 ], [ 120.282175805569068, -2.798551129830742, 0.0 ], [ 120.283455889777542, -2.799027516007015, 0.0 ], [ 120.283492815041427, -2.799095131535069, 0.0 ], [ 120.283458967257616, -2.799202703042283, 0.0 ] ] ] ] } },
{ "type": "Feature", "properties": { "OBJECTID": 1210, "WADMPR": "Sulawesi Selatan", "WADMKK": "Kab. Luwu Utara", "WADMKC": "Kec. Malangke Barat", "WADMKD": "Desa Wara", "POKTAN": "Gapoktan Pelita Jaya", "K_POKTAN": "Hasan", "P_SID": "Universitas Negeri Makassar", "NO_HP_1": "081241775269", "NAMA_PEMIL": "Rahmat 2", "N_PETAK": "WR094", "LUAS_HA": 0.19867436135, "PAKET": "Paket Sulawesi Selatan 16" }, "geometry": { "type": "MultiPolygon", "coordinates": [ [ [ [ 120.262358493349893, -2.765094000687554, 0.0 ], [ 120.261573949977901, -2.764873236910319, 0.0 ], [ 120.261693757660851, -2.764714752983423, 0.0 ], [ 120.261697739858846, -2.764711144903345, 0.0 ], [ 120.261702097973512, -2.764709606163365, 0.0 ], [ 120.262390750232953, -2.764860306457933, 0.0 ], [ 120.262358493349893, -2.765094000687554, 0.0 ] ] ] ] } },
{ "type": "Feature", "properties": { "OBJECTID": 1211, "WADMPR": "Sulawesi Selatan", "WADMKK": "Kab. Luwu Utara", "WADMKC": "Kec. Malangke Barat", "WADMKD": "Desa Wara", "POKTAN": "Gapoktan Pelita Jaya", "K_POKTAN": "Hasan", "P_SID": "Universitas Negeri Makassar", "NO_HP_1": "081241775269", "NAMA_PEMIL": "Agus", "N_PETAK": "WR095", "LUAS_HA": 2.2453939419200002, "PAKET": "Paket Sulawesi Selatan 16" }, "geometry": { "type": "MultiPolygon", "coordinates": [ [ [ [ 120.267160248047048, -2.763996985172696, 0.0 ], [ 120.267123927127614, -2.764059178688115, 0.0 ], [ 120.267087607107442, -2.764121371304213, 0.0 ], [ 120.26705128708727, -2.764183563920312, 0.0 ], [ 120.267014967966475, -2.764245755637091, 0.0 ], [ 120.266978647946303, -2.76430794915251, 0.0 ], [ 120.266942327926131, -2.764370140869232, 0.0 ], [ 120.266906007905959, -2.764432333485331, 0.0 ], [ 120.266869687885901, -2.76449452610143, 0.0 ], [ 120.266833367865729, -2.764556719616849, 0.0 ], [ 120.266797047845557, -2.764618911333628, 0.0 ], [ 120.266760727825385, -2.764681104849046, 0.0 ], [ 120.266724407805214, -2.764743297465145, 0.0 ], [ 120.266688087785042, -2.764805490081244, 0.0 ], [ 120.26533548044813, -2.764826593572366, 0.0 ], [ 120.26536298261567, -2.764762076208797, 0.0 ], [ 120.265390485682474, -2.764697558845228, 0.0 ], [ 120.265417987849901, -2.764633042380979, 0.0 ], [ 120.265445490916704, -2.764568524118033, 0.0 ], [ 120.265472993983508, -2.764504006754464, 0.0 ], [ 120.265500496151049, -2.764439490290215, 0.0 ], [ 120.265528000117229, -2.764374972027269, 0.0 ], [ 120.265555503184032, -2.764310454663701, 0.0 ], [ 120.265583004452196, -2.764245938199451, 0.0 ], [ 120.265610506619623, -2.764181419936506, 0.0 ], [ 120.265638009686427, -2.764116902572937, 0.0 ], [ 120.26566551275323, -2.764052385209368, 0.0 ], [ 120.265683885902718, -2.763993342019091, 0.0 ], [ 120.265702259052091, -2.763934298828758, 0.0 ], [ 120.265720632201464, -2.763875255638482, 0.0 ], [ 120.266154233131374, -2.764030275376854, 0.0 ], [ 120.266222175113398, -2.764055611077538, 0.0 ], [ 120.266201032052095, -2.763985987363355, 0.0 ], [ 120.266179889890054, -2.76391636454855, 0.0 ], [ 120.266158747728127, -2.763846740834367, 0.0 ], [ 120.266137604666824, -2.763777118019561, 0.0 ], [ 120.266204804708082, -2.763769428816033, 0.0 ], [ 120.266272004749226, -2.763761740511882, 0.0 ], [ 120.266339204790484, -2.763754050409034, 0.0 ], [ 120.266406404831741, -2.763746361205563, 0.0 ], [ 120.266473604872999, -2.763738673800731, 0.0 ], [ 120.266540804914257, -2.763730984597203, 0.0 ], [ 120.266608003156875, -2.763723295393731, 0.0 ], [ 120.266675203198133, -2.763715605290884, 0.0 ], [ 120.266742404138654, -2.763707916087412, 0.0 ], [ 120.266809604179912, -2.763700227783261, 0.0 ], [ 120.266810476522323, -2.763633716622678, 0.0 ], [ 120.266811348864735, -2.763567205462095, 0.0 ], [ 120.266816502879351, -2.763496150926585, 0.0 ], [ 120.266821655994704, -2.763425096391018, 0.0 ], [ 120.26682681000932, -2.763354042754827, 0.0 ], [ 120.266831963124673, -2.763282989118579, 0.0 ], [ 120.266837117139289, -2.763211934583069, 0.0 ], [ 120.266842271153905, -2.763140880047501, 0.0 ], [ 120.266847424269258, -2.76306982731063, 0.0 ], [ 120.26759608738962, -2.76325067377951, 0.0 ], [ 120.267559767369448, -2.763312866395609, 0.0 ], [ 120.267523447349276, -2.763375059011707, 0.0 ], [ 120.267487127329105, -2.763437251627806, 0.0 ], [ 120.267450807308933, -2.763499444243905, 0.0 ], [ 120.267414487288875, -2.763561637759324, 0.0 ], [ 120.267378167268703, -2.763623829476103, 0.0 ], [ 120.267341847248531, -2.763686022092202, 0.0 ], [ 120.267305527228359, -2.76374821560762, 0.0 ], [ 120.267269207208187, -2.763810407324399, 0.0 ], [ 120.267232887188015, -2.763872600839818, 0.0 ], [ 120.26719656806722, -2.763934792556597, 0.0 ], [ 120.267160248047048, -2.763996985172696, 0.0 ] ] ] ] } },
{ "type": "Feature", "properties": { "OBJECTID": 1212, "WADMPR": "Sulawesi Selatan", "WADMKK": "Kab. Luwu Utara", "WADMKC": "Kec. Malangke Barat", "WADMKD": "Desa Wara", "POKTAN": "Gapoktan Pelita Jaya", "K_POKTAN": "Hasan", "P_SID": "Universitas Negeri Makassar", "NO_HP_1": "081241775269", "NAMA_PEMIL": "Akbar", "N_PETAK": "WR096", "LUAS_HA": 0.33738357961999998, "PAKET": "Paket Sulawesi Selatan 16" }, "geometry": { "type": "MultiPolygon", "coordinates": [ [ [ [ 120.268803893984568, -2.760830746541671, 0.0 ], [ 120.268785335574876, -2.760851055931425, 0.0 ], [ 120.268807836612382, -2.760909034324413, 0.0 ], [ 120.268830337650002, -2.760967010019442, 0.0 ], [ 120.268852837788245, -2.761024986613791, 0.0 ], [ 120.26844459504207, -2.761115730906226, 0.0 ], [ 120.268268839635311, -2.760501564995195, 0.0 ], [ 120.2686288463442, -2.760351294576537, 0.0 ], [ 120.268803893984568, -2.760830746541671, 0.0 ] ] ] ] } },
{ "type": "Feature", "properties": { "OBJECTID": 1213, "WADMPR": "Sulawesi Selatan", "WADMKK": "Kab. Luwu Utara", "WADMKC": "Kec. Malangke Barat", "WADMKD": "Desa Wara", "POKTAN": "Gapoktan Pelita Jaya", "K_POKTAN": "Hasan", "P_SID": "Universitas Negeri Makassar", "NO_HP_1": "081241775269", "NAMA_PEMIL": "Sumassang", "N_PETAK": "WR097", "LUAS_HA": 0.1091687111, "PAKET": "Paket Sulawesi Selatan 16" }, "geometry": { "type": "MultiPolygon", "coordinates": [ [ [ [ 120.268803893984568, -2.760830746541671, 0.0 ], [ 120.2686288463442, -2.760351294576537, 0.0 ], [ 120.2687938566512, -2.76022170047105, 0.0 ], [ 120.268810458136159, -2.760285351787502, 0.0 ], [ 120.268827060520493, -2.760349004902594, 0.0 ], [ 120.268843662904828, -2.760412656219046, 0.0 ], [ 120.268860265289049, -2.760476308434818, 0.0 ], [ 120.268876866774008, -2.76053995975127, 0.0 ], [ 120.268893469158343, -2.760603612866419, 0.0 ], [ 120.268910071542678, -2.760667265082191, 0.0 ], [ 120.268926673027636, -2.760730916398643, 0.0 ], [ 120.268803893984568, -2.760830746541671, 0.0 ] ] ] ] } },
{ "type": "Feature", "properties": { "OBJECTID": 1214, "WADMPR": "Sulawesi Selatan", "WADMKK": "Kab. Luwu Utara", "WADMKC": "Kec. Malangke Barat", "WADMKD": "Desa Wara", "POKTAN": "Gapoktan Pelita Jaya", "K_POKTAN": "Hasan", "P_SID": "Universitas Negeri Makassar", "NO_HP_1": "081241775269", "NAMA_PEMIL": "Rapa", "N_PETAK": "WR098", "LUAS_HA": 0.31335543818, "PAKET": "Paket Sulawesi Selatan 16" }, "geometry": { "type": "MultiPolygon", "coordinates": [ [ [ [ 120.270664855698556, -2.758195337244956, 0.0 ], [ 120.270645719024742, -2.758264300856752, 0.0 ], [ 120.270626581451666, -2.758333265367867, 0.0 ], [ 120.270607444777852, -2.758402228979662, 0.0 ], [ 120.270588308104038, -2.758471191692081, 0.0 ], [ 120.270569171430225, -2.758540155303876, 0.0 ], [ 120.270550033857035, -2.758609118915672, 0.0 ], [ 120.270530897183221, -2.758678082527467, 0.0 ], [ 120.270511759610031, -2.758747045239886, 0.0 ], [ 120.270074657619375, -2.758542290294429, 0.0 ], [ 120.270205160040177, -2.75806364052454, 0.0 ], [ 120.270664855698556, -2.758195337244956, 0.0 ] ] ] ] } },
{ "type": "Feature", "properties": { "OBJECTID": 1215, "WADMPR": "Sulawesi Selatan", "WADMKK": "Kab. Luwu Utara", "WADMKC": "Kec. Malangke Barat", "WADMKD": "Desa Wara", "POKTAN": "Gapoktan Pelita Jaya", "K_POKTAN": "Hasan", "P_SID": "Universitas Negeri Makassar", "NO_HP_1": "081241775269", "NAMA_PEMIL": "Sipi", "N_PETAK": "WR099", "LUAS_HA": 0.34894410985000002, "PAKET": "Paket Sulawesi Selatan 16" }, "geometry": { "type": "MultiPolygon", "coordinates": [ [ [ [ 120.270282108732431, -2.757619280105644, 0.0 ], [ 120.270279744414779, -2.757796344925339, 0.0 ], [ 120.270369404124722, -2.757993255983934, 0.0 ], [ 120.270683993271746, -2.758126374532537, 0.0 ], [ 120.270664855698556, -2.758195337244956, 0.0 ], [ 120.270205160040177, -2.75806364052454, 0.0 ], [ 120.269797320190264, -2.757944218650721, 0.0 ], [ 120.269789481699263, -2.757438448925257, 0.0 ], [ 120.270282108732431, -2.757619280105644, 0.0 ] ] ] ] } },
{ "type": "Feature", "properties": { "OBJECTID": 1216, "WADMPR": "Sulawesi Selatan", "WADMKK": "Kab. Luwu Utara", "WADMKC": "Kec. Malangke Barat", "WADMKD": "Desa Wara", "POKTAN": "Gapoktan Pelita Jaya", "K_POKTAN": "Hasan", "P_SID": "Universitas Negeri Makassar", "NO_HP_1": "081241775269", "NAMA_PEMIL": "Justan Lattu /Ani Geseng", "N_PETAK": "WR100", "LUAS_HA": 2.29697994043, "PAKET": "Paket Sulawesi Selatan 16" }, "geometry": { "type": "MultiPolygon", "coordinates": [ [ [ [ 120.262522471235116, -2.760559913009558, 0.0 ], [ 120.262535431365109, -2.760469381856467, 0.0 ], [ 120.26196232400207, -2.759974918407693, 0.0 ], [ 120.262277572352104, -2.759739314018077, 0.0 ], [ 120.26242301880734, -2.759630612962383, 0.0 ], [ 120.262254520030183, -2.759366136737754, 0.0 ], [ 120.262364964871267, -2.759303906350169, 0.0 ], [ 120.262489569538047, -2.759257234233928, 0.0 ], [ 120.262737361540076, -2.759243090596101, 0.0 ], [ 120.262873293168013, -2.759243090596101, 0.0 ], [ 120.262993649437476, -2.759197833113433, 0.0 ], [ 120.263077191059551, -2.759135957058731, 0.0 ], [ 120.263690777807255, -2.759791889284202, 0.0 ], [ 120.263724945749686, -2.759849929730422, 0.0 ], [ 120.263759112792854, -2.759907971975281, 0.0 ], [ 120.263793279836023, -2.759966012421501, 0.0 ], [ 120.263821904357428, -2.760014409437417, 0.0 ], [ 120.263850526180931, -2.760062807352654, 0.0 ], [ 120.263993348414374, -2.760305021759279, 0.0 ], [ 120.263974270196513, -2.760350223483954, 0.0 ], [ 120.263955193777178, -2.760395427007325, 0.0 ], [ 120.263927741072507, -2.760415998999122, 0.0 ], [ 120.26387427367888, -2.760457203237308, 0.0 ], [ 120.263814071262459, -2.760493427929305, 0.0 ], [ 120.263753867047399, -2.76052965441994, 0.0 ], [ 120.263693663731601, -2.760565880910633, 0.0 ], [ 120.263633462214557, -2.760602106501949, 0.0 ], [ 120.263573258898873, -2.760638332992642, 0.0 ], [ 120.263513054683813, -2.760674559483277, 0.0 ], [ 120.263452852267392, -2.76071078597397, 0.0 ], [ 120.263392649850971, -2.760747011565286, 0.0 ], [ 120.263332446535287, -2.760783238055922, 0.0 ], [ 120.26327224321949, -2.760819462747975, 0.0 ], [ 120.263212039004429, -2.76085569013793, 0.0 ], [ 120.2631832804841, -2.760806031373193, 0.0 ], [ 120.263154520165017, -2.760756375306414, 0.0 ], [ 120.263125758946671, -2.760706717440996, 0.0 ], [ 120.263096998627702, -2.760657059575578, 0.0 ], [ 120.263054793443985, -2.760604589530146, 0.0 ], [ 120.263012589159757, -2.760552117686018, 0.0 ], [ 120.262970383076777, -2.760499646741266, 0.0 ], [ 120.262928178792436, -2.760447173997818, 0.0 ], [ 120.262885972709569, -2.760394702153746, 0.0 ], [ 120.262843770223867, -2.760342231208938, 0.0 ], [ 120.262801565040263, -2.760289759364866, 0.0 ], [ 120.262759358957283, -2.760237288420058, 0.0 ], [ 120.262722534417435, -2.760272668648668, 0.0 ], [ 120.262687309771536, -2.760319555702893, 0.0 ], [ 120.262652086025014, -2.76036644365638, 0.0 ], [ 120.262616863177755, -2.760413331609925, 0.0 ], [ 120.262581637632479, -2.760460218664093, 0.0 ], [ 120.262552055333117, -2.760510065387166, 0.0 ], [ 120.262522471235116, -2.760559913009558, 0.0 ] ] ] ] } },
{ "type": "Feature", "properties": { "OBJECTID": 1217, "WADMPR": "Sulawesi Selatan", "WADMKK": "Kab. Luwu Utara", "WADMKC": "Kec. Malangke Barat", "WADMKD": "Desa Wara", "POKTAN": "Gapoktan Pelita Jaya", "K_POKTAN": "Hasan", "P_SID": "Universitas Negeri Makassar", "NO_HP_1": "081241775269", "NAMA_PEMIL": "Sumassang", "N_PETAK": "WR101", "LUAS_HA": 0.37718769511, "PAKET": "Paket Sulawesi Selatan 16" }, "geometry": { "type": "MultiPolygon", "coordinates": [ [ [ [ 120.262522471235116, -2.760559913009558, 0.0 ], [ 120.262559388405066, -2.760605416906401, 0.0 ], [ 120.262462370442108, -2.760830231230159, 0.0 ], [ 120.26227737090403, -2.761262381553593, 0.0 ], [ 120.261856712117606, -2.761061317425799, 0.0 ], [ 120.261690004789898, -2.760994459126948, 0.0 ], [ 120.261955537717995, -2.760559251108532, 0.0 ], [ 120.262016066588217, -2.760591646487228, 0.0 ], [ 120.262046228051076, -2.76060934244714, 0.0 ], [ 120.262422280463966, -2.760809052195953, 0.0 ], [ 120.262507289779705, -2.760608069906482, 0.0 ], [ 120.262522471235116, -2.760559913009558, 0.0 ] ] ] ] } },
{ "type": "Feature", "properties": { "OBJECTID": 1218, "WADMPR": "Sulawesi Selatan", "WADMKK": "Kab. Luwu Utara", "WADMKC": "Kec. Malangke Barat", "WADMKD": "Desa Wara", "POKTAN": "Gapoktan Pelita Jaya", "K_POKTAN": "Hasan", "P_SID": "Universitas Negeri Makassar", "NO_HP_1": "081241775269", "NAMA_PEMIL": "Neni/Ahmadi", "N_PETAK": "WR102", "LUAS_HA": 3.0408047767099999, "PAKET": "Paket Sulawesi Selatan 16" }, "geometry": { "type": "MultiPolygon", "coordinates": [ [ [ [ 120.278799229900642, -2.819573065944212, 0.0 ], [ 120.27878550264893, -2.819644242787547, 0.0 ], [ 120.277436852328947, -2.819633053422649, 0.0 ], [ 120.277569934005328, -2.817897270142851, 0.0 ], [ 120.278928886059362, -2.817950230318843, 0.0 ], [ 120.278991483370305, -2.817951694415115, 0.0 ], [ 120.279054079781986, -2.817953157612067, 0.0 ], [ 120.27905557175734, -2.818020043789943, 0.0 ], [ 120.279057064631843, -2.818086930867139, 0.0 ], [ 120.279058556607197, -2.818153817044958, 0.0 ], [ 120.279060048582437, -2.818220703222835, 0.0 ], [ 120.279046321330725, -2.81829187826753, 0.0 ], [ 120.279032594079013, -2.818363056010185, 0.0 ], [ 120.2790188668273, -2.818434233752839, 0.0 ], [ 120.279005139575588, -2.818505409696854, 0.0 ], [ 120.278991412323876, -2.818576587439509, 0.0 ], [ 120.278977685072164, -2.818647765182163, 0.0 ], [ 120.278963957820451, -2.818718941126178, 0.0 ], [ 120.278950230568739, -2.818790118868833, 0.0 ], [ 120.278936503317027, -2.818861294812848, 0.0 ], [ 120.278922776065315, -2.818932471656183, 0.0 ], [ 120.27890904791434, -2.819003650298157, 0.0 ], [ 120.27889532156189, -2.819074826242172, 0.0 ], [ 120.278881593410915, -2.819146003984827, 0.0 ], [ 120.278867866159203, -2.819217180828161, 0.0 ], [ 120.278854138907491, -2.819288356772176, 0.0 ], [ 120.278840411655779, -2.819359533615511, 0.0 ], [ 120.278826684404066, -2.819430711358223, 0.0 ], [ 120.278812957152354, -2.819501888201557, 0.0 ], [ 120.278799229900642, -2.819573065944212, 0.0 ] ] ] ] } },
{ "type": "Feature", "properties": { "OBJECTID": 1219, "WADMPR": "Sulawesi Selatan", "WADMKK": "Kab. Luwu Utara", "WADMKC": "Kec. Malangke Barat", "WADMKD": "Desa Wara", "POKTAN": "Gapoktan Pelita Jaya", "K_POKTAN": "Hasan", "P_SID": "Universitas Negeri Makassar", "NO_HP_1": "081241775269", "NAMA_PEMIL": "Munir", "N_PETAK": "WR103", "LUAS_HA": 2.60487223823, "PAKET": "Paket Sulawesi Selatan 16" }, "geometry": { "type": "MultiPolygon", "coordinates": [ [ [ [ 120.279166977074397, -2.772517706327051, 0.0 ], [ 120.278376994602695, -2.773279526528881, 0.0 ], [ 120.276903294451586, -2.772372830941322, 0.0 ], [ 120.276998867204043, -2.772169759526719, 0.0 ], [ 120.277139852122559, -2.771879584275325, 0.0 ], [ 120.277413277500841, -2.771649151886777, 0.0 ], [ 120.277575623116604, -2.771384580334086, 0.0 ], [ 120.279166977074397, -2.772517706327051, 0.0 ] ] ] ] } },
{ "type": "Feature", "properties": { "OBJECTID": 1220, "WADMPR": "Sulawesi Selatan", "WADMKK": "Kab. Luwu Utara", "WADMKC": "Kec. Malangke Barat", "WADMKD": "Desa Limbong Wara", "POKTAN": "Taro Ada Taro Gau", "K_POKTAN": "Markus Limin", "P_SID": "Universitas Negeri Makassar", "NO_HP_1": "085150991731", "NAMA_PEMIL": "Pemerintah Desa", "N_PETAK": "LA01", "LUAS_HA": 0.9999948182, "PAKET": "Paket Sulawesi Selatan 16" }, "geometry": { "type": "MultiPolygon", "coordinates": [ [ [ [ 120.260568801109343, -2.813120458142578, 0.0 ], [ 120.259509819722439, -2.813497898209391, 0.0 ], [ 120.259267045937463, -2.812816367681194, 0.0 ], [ 120.260326021029073, -2.81243892941302, 0.0 ], [ 120.260568801109343, -2.813120458142578, 0.0 ] ] ] ] } },
{ "type": "Feature", "properties": { "OBJECTID": 1221, "WADMPR": "Sulawesi Selatan", "WADMKK": "Kab. Luwu Utara", "WADMKC": "Kec. Malangke Barat", "WADMKD": "Desa Limbong Wara", "POKTAN": "Taro Ada Taro Gau", "K_POKTAN": "Markus Limin", "P_SID": "Universitas Negeri Makassar", "NO_HP_1": "085150991731", "NAMA_PEMIL": "Pemerintah Desa", "N_PETAK": "LA02", "LUAS_HA": 0.70471957993000001, "PAKET": "Paket Sulawesi Selatan 16" }, "geometry": { "type": "MultiPolygon", "coordinates": [ [ [ [ 120.259509819722439, -2.813497898209391, 0.0 ], [ 120.258450838335534, -2.813875338276205, 0.0 ], [ 120.258343426907686, -2.813573874734459, 0.0 ], [ 120.258412983172661, -2.813550016619899, 0.0 ], [ 120.258458276628176, -2.813531662356297, 0.0 ], [ 120.258507790602152, -2.813504443475267, 0.0 ], [ 120.258553522027455, -2.813471200035792, 0.0 ], [ 120.258588382447897, -2.813439102332666, 0.0 ], [ 120.258957775381077, -2.813061200913637, 0.0 ], [ 120.259124685056236, -2.812890446636743, 0.0 ], [ 120.259131052256294, -2.812883798848191, 0.0 ], [ 120.259148737424312, -2.81286379522794, 0.0 ], [ 120.259155119912862, -2.812856130306102, 0.0 ], [ 120.259267045937463, -2.812816367681194, 0.0 ], [ 120.259509819722439, -2.813497898209391, 0.0 ] ] ] ] } },
{ "type": "Feature", "properties": { "OBJECTID": 1222, "WADMPR": "Sulawesi Selatan", "WADMKK": "Kab. Luwu Utara", "WADMKC": "Kec. Malangke Barat", "WADMKD": "Desa Limbong Wara", "POKTAN": "Taro Ada Taro Gau", "K_POKTAN": "Markus Limin", "P_SID": "Universitas Negeri Makassar", "NO_HP_1": "085150991731", "NAMA_PEMIL": "Pemerintah Desa", "N_PETAK": "LA03", "LUAS_HA": 0.99999566942999996, "PAKET": "Paket Sulawesi Selatan 16" }, "geometry": { "type": "MultiPolygon", "coordinates": [ [ [ [ 120.260811577592335, -2.813801988670775, 0.0 ], [ 120.259752601601349, -2.814179426938949, 0.0 ], [ 120.259509819722439, -2.813497898209391, 0.0 ], [ 120.260568801109343, -2.813120458142578, 0.0 ], [ 120.260811577592335, -2.813801988670775, 0.0 ] ] ] ] } },
{ "type": "Feature", "properties": { "OBJECTID": 1223, "WADMPR": "Sulawesi Selatan", "WADMKK": "Kab. Luwu Utara", "WADMKC": "Kec. Malangke Barat", "WADMKD": "Desa Limbong Wara", "POKTAN": "Taro Ada Taro Gau", "K_POKTAN": "Markus Limin", "P_SID": "Universitas Negeri Makassar", "NO_HP_1": "085150991731", "NAMA_PEMIL": "Pemerintah Desa", "N_PETAK": "LA04", "LUAS_HA": 0.99999830070999995, "PAKET": "Paket Sulawesi Selatan 16" }, "geometry": { "type": "MultiPolygon", "coordinates": [ [ [ [ 120.259752601601349, -2.814179426938949, 0.0 ], [ 120.258693618415805, -2.814556867005763, 0.0 ], [ 120.258450838335534, -2.813875338276205, 0.0 ], [ 120.259509819722439, -2.813497898209391, 0.0 ], [ 120.259752601601349, -2.814179426938949, 0.0 ] ] ] ] } },
{ "type": "Feature", "properties": { "OBJECTID": 1224, "WADMPR": "Sulawesi Selatan", "WADMKK": "Kab. Luwu Utara", "WADMKC": "Kec. Malangke Barat", "WADMKD": "Desa Limbong Wara", "POKTAN": "Taro Ada Taro Gau", "K_POKTAN": "Markus Limin", "P_SID": "Universitas Negeri Makassar", "NO_HP_1": "085150991731", "NAMA_PEMIL": "Pemerintah Desa", "N_PETAK": "LA05", "LUAS_HA": 0.99999590003000005, "PAKET": "Paket Sulawesi Selatan 16" }, "geometry": { "type": "MultiPolygon", "coordinates": [ [ [ [ 120.259995372688309, -2.814860957467147, 0.0 ], [ 120.258936391301518, -2.81523839753396, 0.0 ], [ 120.258693618415805, -2.814556867005763, 0.0 ], [ 120.259752601601349, -2.814179426938949, 0.0 ], [ 120.259995372688309, -2.814860957467147, 0.0 ] ] ] ] } },
{ "type": "Feature", "properties": { "OBJECTID": 1225, "WADMPR": "Sulawesi Selatan", "WADMKK": "Kab. Luwu Utara", "WADMKC": "Kec. Malangke Barat", "WADMKD": "Desa Limbong Wara", "POKTAN": "Taro Ada Taro Gau", "K_POKTAN": "Markus Limin", "P_SID": "Universitas Negeri Makassar", "NO_HP_1": "085150991731", "NAMA_PEMIL": "Pemerintah Desa", "N_PETAK": "LA06", "LUAS_HA": 0.99999129133999998, "PAKET": "Paket Sulawesi Selatan 16" }, "geometry": { "type": "MultiPolygon", "coordinates": [ [ [ [ 120.261054351377311, -2.81448351829971, 0.0 ], [ 120.259995372688309, -2.814860957467147, 0.0 ], [ 120.259752601601349, -2.814179426938949, 0.0 ], [ 120.260811577592335, -2.813801988670775, 0.0 ], [ 120.261054351377311, -2.81448351829971, 0.0 ] ] ] ] } },
{ "type": "Feature", "properties": { "OBJECTID": 1226, "WADMPR": "Sulawesi Selatan", "WADMKK": "Kab. Luwu Utara", "WADMKC": "Kec. Malangke Barat", "WADMKD": "Desa Limbong Wara", "POKTAN": "Taro Ada Taro Gau", "K_POKTAN": "Markus Limin", "P_SID": "Universitas Negeri Makassar", "NO_HP_1": "085150991731", "NAMA_PEMIL": "Pemerintah Desa", "N_PETAK": "LA07", "LUAS_HA": 0.99999261265999995, "PAKET": "Paket Sulawesi Selatan 16" }, "geometry": { "type": "MultiPolygon", "coordinates": [ [ [ [ 120.26129712426291, -2.815165048827907, 0.0 ], [ 120.260238146473398, -2.815542487995401, 0.0 ], [ 120.259995372688309, -2.814860957467147, 0.0 ], [ 120.261054351377311, -2.81448351829971, 0.0 ], [ 120.26129712426291, -2.815165048827907, 0.0 ] ] ] ] } },
{ "type": "Feature", "properties": { "OBJECTID": 1227, "WADMPR": "Sulawesi Selatan", "WADMKK": "Kab. Luwu Utara", "WADMKC": "Kec. Malangke Barat", "WADMKD": "Desa Limbong Wara", "POKTAN": "Taro Ada Taro Gau", "K_POKTAN": "Markus Limin", "P_SID": "Universitas Negeri Makassar", "NO_HP_1": "085150991731", "NAMA_PEMIL": "Pemerintah Desa", "N_PETAK": "LA08", "LUAS_HA": 0.99999541190999996, "PAKET": "Paket Sulawesi Selatan 16" }, "geometry": { "type": "MultiPolygon", "coordinates": [ [ [ [ 120.260238146473398, -2.815542487995401, 0.0 ], [ 120.259179165086493, -2.815919928062158, 0.0 ], [ 120.258936391301518, -2.81523839753396, 0.0 ], [ 120.259995372688309, -2.814860957467147, 0.0 ], [ 120.260238146473398, -2.815542487995401, 0.0 ] ] ] ] } },
{ "type": "Feature", "properties": { "OBJECTID": 1228, "WADMPR": "Sulawesi Selatan", "WADMKK": "Kab. Luwu Utara", "WADMKC": "Kec. Malangke Barat", "WADMKD": "Desa Limbong Wara", "POKTAN": "Taro Ada Taro Gau", "K_POKTAN": "Markus Limin", "P_SID": "Universitas Negeri Makassar", "NO_HP_1": "085150991731", "NAMA_PEMIL": "Pemerintah Desa", "N_PETAK": "LA09", "LUAS_HA": 0.99999334836999998, "PAKET": "Paket Sulawesi Selatan 16" }, "geometry": { "type": "MultiPolygon", "coordinates": [ [ [ [ 120.261539900745902, -2.815846578456785, 0.0 ], [ 120.260480919358997, -2.816224018523599, 0.0 ], [ 120.260238146473398, -2.815542487995401, 0.0 ], [ 120.26129712426291, -2.815165048827907, 0.0 ], [ 120.261539900745902, -2.815846578456785, 0.0 ] ] ] ] } },
{ "type": "Feature", "properties": { "OBJECTID": 1229, "WADMPR": "Sulawesi Selatan", "WADMKK": "Kab. Luwu Utara", "WADMKC": "Kec. Malangke Barat", "WADMKD": "Desa Limbong Wara", "POKTAN": "Taro Ada Taro Gau", "K_POKTAN": "Markus Limin", "P_SID": "Universitas Negeri Makassar", "NO_HP_1": "085150991731", "NAMA_PEMIL": "Pemerintah Desa", "N_PETAK": "LA10", "LUAS_HA": 0.99999442516000003, "PAKET": "Paket Sulawesi Selatan 16" }, "geometry": { "type": "MultiPolygon", "coordinates": [ [ [ [ 120.260480919358997, -2.816224018523599, 0.0 ], [ 120.259421937972093, -2.816601458590412, 0.0 ], [ 120.259179165086493, -2.815919928062158, 0.0 ], [ 120.260238146473398, -2.815542487995401, 0.0 ], [ 120.260480919358997, -2.816224018523599, 0.0 ] ] ] ] } },
{ "type": "Feature", "properties": { "OBJECTID": 1230, "WADMPR": "Sulawesi Selatan", "WADMKK": "Kab. Luwu Utara", "WADMKC": "Kec. Malangke Barat", "WADMKD": "Desa Limbong Wara", "POKTAN": "Taro Ada Taro Gau", "K_POKTAN": "Markus Limin", "P_SID": "Universitas Negeri Makassar", "NO_HP_1": "085150991731", "NAMA_PEMIL": "Pemerintah Desa", "N_PETAK": "LA11", "LUAS_HA": 0.9999929411, "PAKET": "Paket Sulawesi Selatan 16" }, "geometry": { "type": "MultiPolygon", "coordinates": [ [ [ [ 120.26178267722878, -2.816528108085663, 0.0 ], [ 120.260723701237907, -2.816905547253157, 0.0 ], [ 120.260480919358997, -2.816224018523599, 0.0 ], [ 120.261539900745902, -2.815846578456785, 0.0 ], [ 120.26178267722878, -2.816528108085663, 0.0 ] ] ] ] } },
{ "type": "Feature", "properties": { "OBJECTID": 1231, "WADMPR": "Sulawesi Selatan", "WADMKK": "Kab. Luwu Utara", "WADMKC": "Kec. Malangke Barat", "WADMKD": "Desa Limbong Wara", "POKTAN": "Taro Ada Taro Gau", "K_POKTAN": "Markus Limin", "P_SID": "Universitas Negeri Makassar", "NO_HP_1": "085150991731", "NAMA_PEMIL": "Pemerintah Desa", "N_PETAK": "LA12", "LUAS_HA": 0.99999602337000004, "PAKET": "Paket Sulawesi Selatan 16" }, "geometry": { "type": "MultiPolygon", "coordinates": [ [ [ [ 120.260723701237907, -2.816905547253157, 0.0 ], [ 120.259664718052363, -2.81728298731997, 0.0 ], [ 120.259421937972093, -2.816601458590412, 0.0 ], [ 120.260480919358997, -2.816224018523599, 0.0 ], [ 120.260723701237907, -2.816905547253157, 0.0 ] ] ] ] } },
{ "type": "Feature", "properties": { "OBJECTID": 1232, "WADMPR": "Sulawesi Selatan", "WADMKK": "Kab. Luwu Utara", "WADMKC": "Kec. Malangke Barat", "WADMKD": "Desa Limbong Wara", "POKTAN": "Taro Ada Taro Gau", "K_POKTAN": "Markus Limin", "P_SID": "Universitas Negeri Makassar", "NO_HP_1": "085150991731", "NAMA_PEMIL": "Pemerintah Desa", "N_PETAK": "LA13", "LUAS_HA": 0.6927145341, "PAKET": "Paket Sulawesi Selatan 16" }, "geometry": { "type": "MultiPolygon", "coordinates": [ [ [ [ 120.260898924246021, -2.817397463821862, 0.0 ], [ 120.260723701237907, -2.816905547253157, 0.0 ], [ 120.26178267722878, -2.816528108085663, 0.0 ], [ 120.261943906785973, -2.816980722482299, 0.0 ], [ 120.261198554969383, -2.817277617468051, 0.0 ], [ 120.260898924246021, -2.817397463821862, 0.0 ] ] ] ] } },
{ "type": "Feature", "properties": { "OBJECTID": 1233, "WADMPR": "Sulawesi Selatan", "WADMKK": "Kab. Luwu Utara", "WADMKC": "Kec. Malangke Barat", "WADMKD": "Desa Limbong Wara", "POKTAN": "Taro Ada Taro Gau", "K_POKTAN": "Markus Limin", "P_SID": "Universitas Negeri Makassar", "NO_HP_1": "085150991731", "NAMA_PEMIL": "Pemerintah Desa", "N_PETAK": "LA14", "LUAS_HA": 0.75943730067000004, "PAKET": "Paket Sulawesi Selatan 16" }, "geometry": { "type": "MultiPolygon", "coordinates": [ [ [ [ 120.260898924246021, -2.817397463821862, 0.0 ], [ 120.260775352900282, -2.817446890561484, 0.0 ], [ 120.260741595048671, -2.81746076620135, 0.0 ], [ 120.260712343699765, -2.817472790137117, 0.0 ], [ 120.260366638909318, -2.817614948670894, 0.0 ], [ 120.260361345499746, -2.817617165499769, 0.0 ], [ 120.259960085089915, -2.817788210257675, 0.0 ], [ 120.259917778282897, -2.817804431329421, 0.0 ], [ 120.259887501706885, -2.817817333003461, 0.0 ], [ 120.259873358069058, -2.817824291058116, 0.0 ], [ 120.259860003136737, -2.817831155583292, 0.0 ], [ 120.259664718052363, -2.81728298731997, 0.0 ], [ 120.260723701237907, -2.816905547253157, 0.0 ], [ 120.260898924246021, -2.817397463821862, 0.0 ] ] ] ] } },
{ "type": "Feature", "properties": { "OBJECTID": 1234, "WADMPR": "Sulawesi Selatan", "WADMKK": "Kab. Luwu Utara", "WADMKC": "Kec. Malangke Barat", "WADMKD": "Desa Limbong Wara", "POKTAN": "Taro Ada Taro Gau", "K_POKTAN": "Markus Limin", "P_SID": "Universitas Negeri Makassar", "NO_HP_1": "085150991731", "NAMA_PEMIL": "Pemerintah Desa", "N_PETAK": "LA15", "LUAS_HA": 0.4137930494, "PAKET": "Paket Sulawesi Selatan 16" }, "geometry": { "type": "MultiPolygon", "coordinates": [ [ [ [ 120.258383391880102, -2.813900114598539, 0.0 ], [ 120.257324412291837, -2.814277553766033, 0.0 ], [ 120.257307729867875, -2.814231962634892, 0.0 ], [ 120.257358810460801, -2.814101938653494, 0.0 ], [ 120.257369837048373, -2.814070532529001, 0.0 ], [ 120.257420047996902, -2.813908739096973, 0.0 ], [ 120.257422595776234, -2.813900530984654, 0.0 ], [ 120.257795504159276, -2.813751567280974, 0.0 ], [ 120.257861847146614, -2.813731791189184, 0.0 ], [ 120.25789376588466, -2.813722277261263, 0.0 ], [ 120.258014856000841, -2.813686182970912, 0.0 ], [ 120.258024994957623, -2.813683029048491, 0.0 ], [ 120.2580322192116, -2.813680619764739, 0.0 ], [ 120.258275370711885, -2.813597332650716, 0.0 ], [ 120.258383391880102, -2.813900114598539, 0.0 ] ] ] ] } },
{ "type": "Feature", "properties": { "OBJECTID": 1235, "WADMPR": "Sulawesi Selatan", "WADMKK": "Kab. Luwu Utara", "WADMKC": "Kec. Malangke Barat", "WADMKD": "Desa Limbong Wara", "POKTAN": "Taro Ada Taro Gau", "K_POKTAN": "Markus Limin", "P_SID": "Universitas Negeri Makassar", "NO_HP_1": "085150991731", "NAMA_PEMIL": "Pemerintah Desa", "N_PETAK": "LA16", "LUAS_HA": 0.99999312791999995, "PAKET": "Paket Sulawesi Selatan 16" }, "geometry": { "type": "MultiPolygon", "coordinates": [ [ [ [ 120.258626168363094, -2.814581644227474, 0.0 ], [ 120.257567192372107, -2.814959082495591, 0.0 ], [ 120.257324412291837, -2.814277553766033, 0.0 ], [ 120.258383391880102, -2.813900114598539, 0.0 ], [ 120.258626168363094, -2.814581644227474, 0.0 ] ] ] ] } },
{ "type": "Feature", "properties": { "OBJECTID": 1236, "WADMPR": "Sulawesi Selatan", "WADMKK": "Kab. Luwu Utara", "WADMKC": "Kec. Malangke Barat", "WADMKD": "Desa Limbong Wara", "POKTAN": "Taro Ada Taro Gau", "K_POKTAN": "Markus Limin", "P_SID": "Universitas Negeri Makassar", "NO_HP_1": "085150991731", "NAMA_PEMIL": "Pemerintah Desa", "N_PETAK": "LA17", "LUAS_HA": 0.25016919735999998, "PAKET": "Paket Sulawesi Selatan 16" }, "geometry": { "type": "MultiPolygon", "coordinates": [ [ [ [ 120.257567192372107, -2.814959082495591, 0.0 ], [ 120.257144272690084, -2.815109365504782, 0.0 ], [ 120.257135528581784, -2.81503358323323, 0.0 ], [ 120.25714993931831, -2.814867850770668, 0.0 ], [ 120.257175281314289, -2.814656671068462, 0.0 ], [ 120.257211774903567, -2.814481502918966, 0.0 ], [ 120.257231215548245, -2.814429658801657, 0.0 ], [ 120.257255404613261, -2.814365154927884, 0.0 ], [ 120.257284080396062, -2.814292161454034, 0.0 ], [ 120.257324412291837, -2.814277553766033, 0.0 ], [ 120.257567192372107, -2.814959082495591, 0.0 ] ] ] ] } },
{ "type": "Feature", "properties": { "OBJECTID": 1237, "WADMPR": "Sulawesi Selatan", "WADMKK": "Kab. Luwu Utara", "WADMKC": "Kec. Malangke Barat", "WADMKD": "Desa Limbong Wara", "POKTAN": "Taro Ada Taro Gau", "K_POKTAN": "Markus Limin", "P_SID": "Universitas Negeri Makassar", "NO_HP_1": "085150991731", "NAMA_PEMIL": "Pemerintah Desa", "N_PETAK": "LA18", "LUAS_HA": 0.51417492743000004, "PAKET": "Paket Sulawesi Selatan 16" }, "geometry": { "type": "MultiPolygon", "coordinates": [ [ [ [ 120.257809963459067, -2.815640613923165, 0.0 ], [ 120.257133256894349, -2.815881745546051, 0.0 ], [ 120.257133255995086, -2.81559566580728, 0.0 ], [ 120.257159553970268, -2.815332675262709, 0.0 ], [ 120.257161807671309, -2.815288534738045, 0.0 ], [ 120.257158814727632, -2.81523540009357, 0.0 ], [ 120.257144272690084, -2.815109365504782, 0.0 ], [ 120.257567192372107, -2.814959082495591, 0.0 ], [ 120.257809963459067, -2.815640613923165, 0.0 ] ] ] ] } },
{ "type": "Feature", "properties": { "OBJECTID": 1238, "WADMPR": "Sulawesi Selatan", "WADMKK": "Kab. Luwu Utara", "WADMKC": "Kec. Malangke Barat", "WADMKD": "Desa Limbong Wara", "POKTAN": "Taro Ada Taro Gau", "K_POKTAN": "Markus Limin", "P_SID": "Universitas Negeri Makassar", "NO_HP_1": "085150991731", "NAMA_PEMIL": "Pemerintah Desa", "N_PETAK": "LA19", "LUAS_HA": 0.9999912256, "PAKET": "Paket Sulawesi Selatan 16" }, "geometry": { "type": "MultiPolygon", "coordinates": [ [ [ [ 120.258868941248693, -2.815263174755671, 0.0 ], [ 120.257809963459067, -2.815640613923165, 0.0 ], [ 120.257567192372107, -2.814959082495591, 0.0 ], [ 120.258626168363094, -2.814581644227474, 0.0 ], [ 120.258868941248693, -2.815263174755671, 0.0 ] ] ] ] } },
{ "type": "Feature", "properties": { "OBJECTID": 1239, "WADMPR": "Sulawesi Selatan", "WADMKK": "Kab. Luwu Utara", "WADMKC": "Kec. Malangke Barat", "WADMKD": "Desa Limbong Wara", "POKTAN": "Taro Ada Taro Gau", "K_POKTAN": "Markus Limin", "P_SID": "Universitas Negeri Makassar", "NO_HP_1": "085150991731", "NAMA_PEMIL": "Pemerintah Desa", "N_PETAK": "LA20", "LUAS_HA": 0.99999062235000002, "PAKET": "Paket Sulawesi Selatan 16" }, "geometry": { "type": "MultiPolygon", "coordinates": [ [ [ [ 120.259111715033669, -2.815944704384549, 0.0 ], [ 120.258052737244043, -2.816322143552043, 0.0 ], [ 120.257809963459067, -2.815640613923165, 0.0 ], [ 120.258868941248693, -2.815263174755671, 0.0 ], [ 120.259111715033669, -2.815944704384549, 0.0 ] ] ] ] } },
{ "type": "Feature", "properties": { "OBJECTID": 1240, "WADMPR": "Sulawesi Selatan", "WADMKK": "Kab. Luwu Utara", "WADMKC": "Kec. Malangke Barat", "WADMKD": "Desa Limbong Wara", "POKTAN": "Taro Ada Taro Gau", "K_POKTAN": "Markus Limin", "P_SID": "Universitas Negeri Makassar", "NO_HP_1": "085150991731", "NAMA_PEMIL": "Pemerintah Desa", "N_PETAK": "LA21", "LUAS_HA": 0.75775248827999997, "PAKET": "Paket Sulawesi Selatan 16" }, "geometry": { "type": "MultiPolygon", "coordinates": [ [ [ [ 120.258052737244043, -2.816322143552043, 0.0 ], [ 120.257112290999544, -2.816657337066431, 0.0 ], [ 120.257122291460632, -2.816532467998968, 0.0 ], [ 120.257123375143692, -2.816514396122443, 0.0 ], [ 120.257132892668892, -2.816276448998849, 0.0 ], [ 120.25713325509571, -2.816258824085423, 0.0 ], [ 120.257133256894349, -2.815906131562656, 0.0 ], [ 120.257133256894349, -2.815881745546051, 0.0 ], [ 120.257809963459067, -2.815640613923165, 0.0 ], [ 120.258052737244043, -2.816322143552043, 0.0 ] ] ] ] } },
{ "type": "Feature", "properties": { "OBJECTID": 1241, "WADMPR": "Sulawesi Selatan", "WADMKK": "Kab. Luwu Utara", "WADMKC": "Kec. Malangke Barat", "WADMKD": "Desa Limbong Wara", "POKTAN": "Taro Ada Taro Gau", "K_POKTAN": "Markus Limin", "P_SID": "Universitas Negeri Makassar", "NO_HP_1": "085150991731", "NAMA_PEMIL": "Pemerintah Desa", "N_PETAK": "LA22", "LUAS_HA": 0.99999314820999996, "PAKET": "Paket Sulawesi Selatan 16" }, "geometry": { "type": "MultiPolygon", "coordinates": [ [ [ [ 120.25935449151666, -2.816626234912746, 0.0 ], [ 120.258295510129756, -2.81700367408024, 0.0 ], [ 120.258052737244043, -2.816322143552043, 0.0 ], [ 120.259111715033669, -2.815944704384549, 0.0 ], [ 120.25935449151666, -2.816626234912746, 0.0 ] ] ] ] } },
{ "type": "Feature", "properties": { "OBJECTID": 1242, "WADMPR": "Sulawesi Selatan", "WADMKK": "Kab. Luwu Utara", "WADMKC": "Kec. Malangke Barat", "WADMKD": "Desa Limbong Wara", "POKTAN": "Taro Ada Taro Gau", "K_POKTAN": "Markus Limin", "P_SID": "Universitas Negeri Makassar", "NO_HP_1": "085150991731", "NAMA_PEMIL": "Pemerintah Desa", "N_PETAK": "LA23", "LUAS_HA": 0.97678242598999998, "PAKET": "Paket Sulawesi Selatan 16" }, "geometry": { "type": "MultiPolygon", "coordinates": [ [ [ [ 120.258295510129756, -2.81700367408024, 0.0 ], [ 120.257236528742851, -2.817381114147054, 0.0 ], [ 120.257097730975602, -2.816991515246173, 0.0 ], [ 120.257104198899697, -2.816758621413214, 0.0 ], [ 120.257108731482845, -2.816701968620919, 0.0 ], [ 120.257112290999544, -2.816657337066431, 0.0 ], [ 120.258052737244043, -2.816322143552043, 0.0 ], [ 120.258295510129756, -2.81700367408024, 0.0 ] ] ] ] } },
{ "type": "Feature", "properties": { "OBJECTID": 1243, "WADMPR": "Sulawesi Selatan", "WADMKK": "Kab. Luwu Utara", "WADMKC": "Kec. Malangke Barat", "WADMKD": "Desa Limbong Wara", "POKTAN": "Taro Ada Taro Gau", "K_POKTAN": "Markus Limin", "P_SID": "Universitas Negeri Makassar", "NO_HP_1": "085150991731", "NAMA_PEMIL": "Pemerintah Desa", "N_PETAK": "LA24", "LUAS_HA": 0.99999202107999996, "PAKET": "Paket Sulawesi Selatan 16" }, "geometry": { "type": "MultiPolygon", "coordinates": [ [ [ [ 120.259597267999538, -2.817307764541681, 0.0 ], [ 120.258538292008666, -2.817685202809798, 0.0 ], [ 120.258295510129756, -2.81700367408024, 0.0 ], [ 120.25935449151666, -2.816626234912746, 0.0 ], [ 120.259597267999538, -2.817307764541681, 0.0 ] ] ] ] } },
{ "type": "Feature", "properties": { "OBJECTID": 1244, "WADMPR": "Sulawesi Selatan", "WADMKK": "Kab. Luwu Utara", "WADMKC": "Kec. Malangke Barat", "WADMKD": "Desa Limbong Wara", "POKTAN": "Taro Ada Taro Gau", "K_POKTAN": "Markus Limin", "P_SID": "Universitas Negeri Makassar", "NO_HP_1": "085150991731", "NAMA_PEMIL": "Pemerintah Desa", "N_PETAK": "LA25", "LUAS_HA": 0.99999537164999996, "PAKET": "Paket Sulawesi Selatan 16" }, "geometry": { "type": "MultiPolygon", "coordinates": [ [ [ [ 120.258538292008666, -2.817685202809798, 0.0 ], [ 120.257479308823122, -2.818062642876612, 0.0 ], [ 120.257236528742851, -2.817381114147054, 0.0 ], [ 120.258295510129756, -2.81700367408024, 0.0 ], [ 120.258538292008666, -2.817685202809798, 0.0 ] ] ] ] } },
{ "type": "Feature", "properties": { "OBJECTID": 1245, "WADMPR": "Sulawesi Selatan", "WADMKK": "Kab. Luwu Utara", "WADMKC": "Kec. Malangke Barat", "WADMKD": "Desa Limbong Wara", "POKTAN": "Taro Ada Taro Gau", "K_POKTAN": "Markus Limin", "P_SID": "Universitas Negeri Makassar", "NO_HP_1": "085150991731", "NAMA_PEMIL": "Pemerintah Desa", "N_PETAK": "LA26", "LUAS_HA": 0.9483914011, "PAKET": "Paket Sulawesi Selatan 16" }, "geometry": { "type": "MultiPolygon", "coordinates": [ [ [ [ 120.258781063095626, -2.818366734237372, 0.0 ], [ 120.258538292008666, -2.817685202809798, 0.0 ], [ 120.259597267999538, -2.817307764541681, 0.0 ], [ 120.259795914749702, -2.817865420652595, 0.0 ], [ 120.259458504406552, -2.818062120370485, 0.0 ], [ 120.259444007335105, -2.818070942719771, 0.0 ], [ 120.259398275909803, -2.818104186159189, 0.0 ], [ 120.259357048289189, -2.818142931650925, 0.0 ], [ 120.259335344050896, -2.818169186458761, 0.0 ], [ 120.258781063095626, -2.818366734237372, 0.0 ] ] ] ] } },
{ "type": "Feature", "properties": { "OBJECTID": 1246, "WADMPR": "Sulawesi Selatan", "WADMKK": "Kab. Luwu Utara", "WADMKC": "Kec. Malangke Barat", "WADMKD": "Desa Limbong Wara", "POKTAN": "Taro Ada Taro Gau", "K_POKTAN": "Markus Limin", "P_SID": "Universitas Negeri Makassar", "NO_HP_1": "085150991731", "NAMA_PEMIL": "Pemerintah Desa", "N_PETAK": "LA27", "LUAS_HA": 0.99999342154000004, "PAKET": "Paket Sulawesi Selatan 16" }, "geometry": { "type": "MultiPolygon", "coordinates": [ [ [ [ 120.258781063095626, -2.818366734237372, 0.0 ], [ 120.257722081708721, -2.818744173404809, 0.0 ], [ 120.257479308823122, -2.818062642876612, 0.0 ], [ 120.258538292008666, -2.817685202809798, 0.0 ], [ 120.258781063095626, -2.818366734237372, 0.0 ] ] ] ] } },
{ "type": "Feature", "properties": { "OBJECTID": 1247, "WADMPR": "Sulawesi Selatan", "WADMKK": "Kab. Luwu Utara", "WADMKC": "Kec. Malangke Barat", "WADMKD": "Desa Limbong Wara", "POKTAN": "Taro Ada Taro Gau", "K_POKTAN": "Markus Limin", "P_SID": "Universitas Negeri Makassar", "NO_HP_1": "085150991731", "NAMA_PEMIL": "Pemerintah Desa", "N_PETAK": "LA28", "LUAS_HA": 0.97595383278000003, "PAKET": "Paket Sulawesi Selatan 16" }, "geometry": { "type": "MultiPolygon", "coordinates": [ [ [ [ 120.258859930041808, -2.8191066901216, 0.0 ], [ 120.257964861788992, -2.819425703033744, 0.0 ], [ 120.257722081708721, -2.818744173404809, 0.0 ], [ 120.258781063095626, -2.818366734237372, 0.0 ], [ 120.25894843052572, -2.818836640798281, 0.0 ], [ 120.258859930041808, -2.8191066901216, 0.0 ] ] ] ] } },
{ "type": "Feature", "properties": { "OBJECTID": 1248, "WADMPR": "Sulawesi Selatan", "WADMKK": "Kab. Luwu Utara", "WADMKC": "Kec. Malangke Barat", "WADMKD": "Desa Limbong Wara", "POKTAN": "Taro Ada Taro Gau", "K_POKTAN": "Markus Limin", "P_SID": "Universitas Negeri Makassar", "NO_HP_1": "085150991731", "NAMA_PEMIL": "Pemerintah Desa", "N_PETAK": "LA29", "LUAS_HA": 0.48843050395999998, "PAKET": "Paket Sulawesi Selatan 16" }, "geometry": { "type": "MultiPolygon", "coordinates": [ [ [ [ 120.257653017372945, -2.81876646759838, 0.0 ], [ 120.256959661659153, -2.819013682235607, 0.0 ], [ 120.256989447205342, -2.818877904391741, 0.0 ], [ 120.256996330616175, -2.818838207417286, 0.0 ], [ 120.256998271353154, -2.818820219177724, 0.0 ], [ 120.257045859878644, -2.818277702254136, 0.0 ], [ 120.25704744808138, -2.818249653298835, 0.0 ], [ 120.257048364490515, -2.818213916039326, 0.0 ], [ 120.257410244487232, -2.818084937070125, 0.0 ], [ 120.257653017372945, -2.81876646759838, 0.0 ] ] ] ] } },
{ "type": "Feature", "properties": { "OBJECTID": 1249, "WADMPR": "Sulawesi Selatan", "WADMKK": "Kab. Luwu Utara", "WADMKC": "Kec. Malangke Barat", "WADMKD": "Desa Limbong Wara", "POKTAN": "Taro Ada Taro Gau", "K_POKTAN": "Markus Limin", "P_SID": "Universitas Negeri Makassar", "NO_HP_1": "085150991731", "NAMA_PEMIL": "Pemerintah Desa", "N_PETAK": "LA30", "LUAS_HA": 0.86768495537000001, "PAKET": "Paket Sulawesi Selatan 16" }, "geometry": { "type": "MultiPolygon", "coordinates": [ [ [ [ 120.257895791157921, -2.819447998126577, 0.0 ], [ 120.256836812469032, -2.819825437294071, 0.0 ], [ 120.256764528560211, -2.819622688736047, 0.0 ], [ 120.256765655410732, -2.819620339706887, 0.0 ], [ 120.256778754036304, -2.819588684470148, 0.0 ], [ 120.256859222675075, -2.819394219567528, 0.0 ], [ 120.256862290262575, -2.819386787570124, 0.0 ], [ 120.256879868411261, -2.819344326079715, 0.0 ], [ 120.2568824009021, -2.819338073093547, 0.0 ], [ 120.25689996646031, -2.819284150643, 0.0 ], [ 120.256903786780413, -2.819268138213943, 0.0 ], [ 120.256959661659153, -2.819013682235607, 0.0 ], [ 120.257653017372945, -2.81876646759838, 0.0 ], [ 120.257895791157921, -2.819447998126577, 0.0 ] ] ] ] } },
{ "type": "Feature", "properties": { "OBJECTID": 1250, "WADMPR": "Sulawesi Selatan", "WADMKK": "Kab. Luwu Utara", "WADMKC": "Kec. Malangke Barat", "WADMKD": "Desa Limbong Wara", "POKTAN": "Taro Ada Taro Gau", "K_POKTAN": "Markus Limin", "P_SID": "Universitas Negeri Makassar", "NO_HP_1": "085150991731", "NAMA_PEMIL": "Pemerintah Desa", "N_PETAK": "LA31", "LUAS_HA": 0.99998846227000004, "PAKET": "Paket Sulawesi Selatan 16" }, "geometry": { "type": "MultiPolygon", "coordinates": [ [ [ [ 120.25813856404352, -2.820129528654775, 0.0 ], [ 120.257079586254008, -2.820506967822269, 0.0 ], [ 120.256836812469032, -2.819825437294071, 0.0 ], [ 120.257895791157921, -2.819447998126577, 0.0 ], [ 120.25813856404352, -2.820129528654775, 0.0 ] ] ] ] } },
{ "type": "Feature", "properties": { "OBJECTID": 1251, "WADMPR": "Sulawesi Selatan", "WADMKK": "Kab. Luwu Utara", "WADMKC": "Kec. Malangke Barat", "WADMKD": "Desa Limbong Wara", "POKTAN": "Taro Ada Taro Gau", "K_POKTAN": "Markus Limin", "P_SID": "Universitas Negeri Makassar", "NO_HP_1": "085150991731", "NAMA_PEMIL": "Pemerintah Desa", "N_PETAK": "LA32", "LUAS_HA": 0.61105887254000002, "PAKET": "Paket Sulawesi Selatan 16" }, "geometry": { "type": "MultiPolygon", "coordinates": [ [ [ [ 120.257079586254008, -2.820506967822269, 0.0 ], [ 120.256063482743571, -2.820869154487866, 0.0 ], [ 120.256187257336137, -2.820598397398101, 0.0 ], [ 120.256226627856677, -2.820514031996936, 0.0 ], [ 120.256246511867062, -2.820471423917013, 0.0 ], [ 120.256287635166245, -2.82038330294705, 0.0 ], [ 120.256321832786398, -2.820340232615592, 0.0 ], [ 120.256344148563699, -2.820312128801675, 0.0 ], [ 120.256350139847086, -2.820304582590381, 0.0 ], [ 120.256367552520601, -2.820284266905333, 0.0 ], [ 120.256383800572053, -2.82026293768439, 0.0 ], [ 120.25638940604631, -2.820255274561248, 0.0 ], [ 120.256462373439831, -2.820163230748449, 0.0 ], [ 120.256474119485119, -2.820147765107208, 0.0 ], [ 120.256504469805463, -2.820099928368961, 0.0 ], [ 120.256528617501772, -2.820048642730626, 0.0 ], [ 120.256540785329094, -2.820013895624754, 0.0 ], [ 120.256545302623636, -2.819999097280458, 0.0 ], [ 120.256598135095942, -2.819910524850798, 0.0 ], [ 120.256836812469032, -2.819825437294071, 0.0 ], [ 120.257079586254008, -2.820506967822269, 0.0 ] ] ] ] } },
{ "type": "Feature", "properties": { "OBJECTID": 1252, "WADMPR": "Sulawesi Selatan", "WADMKK": "Kab. Luwu Utara", "WADMKC": "Kec. Malangke Barat", "WADMKD": "Desa Limbong Wara", "POKTAN": "Taro Ada Taro Gau", "K_POKTAN": "Markus Limin", "P_SID": "Universitas Negeri Makassar", "NO_HP_1": "085150991731", "NAMA_PEMIL": "Pemerintah Desa", "N_PETAK": "LA33", "LUAS_HA": 0.99998847740999997, "PAKET": "Paket Sulawesi Selatan 16" }, "geometry": { "type": "MultiPolygon", "coordinates": [ [ [ [ 120.258381340526512, -2.820811058283653, 0.0 ], [ 120.257322359139607, -2.821188497451146, 0.0 ], [ 120.257079586254008, -2.820506967822269, 0.0 ], [ 120.25813856404352, -2.820129528654775, 0.0 ], [ 120.258381340526512, -2.820811058283653, 0.0 ] ] ] ] } },
{ "type": "Feature", "properties": { "OBJECTID": 1253, "WADMPR": "Sulawesi Selatan", "WADMKK": "Kab. Luwu Utara", "WADMKC": "Kec. Malangke Barat", "WADMKD": "Desa Limbong Wara", "POKTAN": "Taro Ada Taro Gau", "K_POKTAN": "Markus Limin", "P_SID": "Universitas Negeri Makassar", "NO_HP_1": "085150991731", "NAMA_PEMIL": "Pemerintah Desa", "N_PETAK": "LA34", "LUAS_HA": 0.99843322892999997, "PAKET": "Paket Sulawesi Selatan 16" }, "geometry": { "type": "MultiPolygon", "coordinates": [ [ [ [ 120.257322359139607, -2.821188497451146, 0.0 ], [ 120.256263377752703, -2.82156593751796, 0.0 ], [ 120.256041881927331, -2.820944145355952, 0.0 ], [ 120.256047749104368, -2.820909096977175, 0.0 ], [ 120.256051367976283, -2.820895654810556, 0.0 ], [ 120.256063482743571, -2.820869154487866, 0.0 ], [ 120.257079586254008, -2.820506967822269, 0.0 ], [ 120.257322359139607, -2.821188497451146, 0.0 ] ] ] ] } },
{ "type": "Feature", "properties": { "OBJECTID": 1254, "WADMPR": "Sulawesi Selatan", "WADMKK": "Kab. Luwu Utara", "WADMKC": "Kec. Malangke Barat", "WADMKD": "Desa Limbong Wara", "POKTAN": "Taro Ada Taro Gau", "K_POKTAN": "Markus Limin", "P_SID": "Universitas Negeri Makassar", "NO_HP_1": "085150991731", "NAMA_PEMIL": "Pemerintah Desa", "N_PETAK": "LA35", "LUAS_HA": 0.99998924009000001, "PAKET": "Paket Sulawesi Selatan 16" }, "geometry": { "type": "MultiPolygon", "coordinates": [ [ [ [ 120.258624117009504, -2.82149258791253, 0.0 ], [ 120.257565141018517, -2.821870027080024, 0.0 ], [ 120.257322359139607, -2.821188497451146, 0.0 ], [ 120.258381340526512, -2.820811058283653, 0.0 ], [ 120.258624117009504, -2.82149258791253, 0.0 ] ] ] ] } },
{ "type": "Feature", "properties": { "OBJECTID": 1255, "WADMPR": "Sulawesi Selatan", "WADMKK": "Kab. Luwu Utara", "WADMKC": "Kec. Malangke Barat", "WADMKD": "Desa Limbong Wara", "POKTAN": "Taro Ada Taro Gau", "K_POKTAN": "Markus Limin", "P_SID": "Universitas Negeri Makassar", "NO_HP_1": "085150991731", "NAMA_PEMIL": "Pemerintah Desa", "N_PETAK": "LA36", "LUAS_HA": 0.99999304137, "PAKET": "Paket Sulawesi Selatan 16" }, "geometry": { "type": "MultiPolygon", "coordinates": [ [ [ [ 120.257565141018517, -2.821870027080024, 0.0 ], [ 120.256506157832973, -2.822247467146838, 0.0 ], [ 120.256263377752703, -2.82156593751796, 0.0 ], [ 120.257322359139607, -2.821188497451146, 0.0 ], [ 120.257565141018517, -2.821870027080024, 0.0 ] ] ] ] } },
{ "type": "Feature", "properties": { "OBJECTID": 1256, "WADMPR": "Sulawesi Selatan", "WADMKK": "Kab. Luwu Utara", "WADMKC": "Kec. Malangke Barat", "WADMKD": "Desa Limbong Wara", "POKTAN": "Taro Ada Taro Gau", "K_POKTAN": "Markus Limin", "P_SID": "Universitas Negeri Makassar", "NO_HP_1": "085150991731", "NAMA_PEMIL": "Pemerintah Desa", "N_PETAK": "LA37", "LUAS_HA": 0.66242389264000001, "PAKET": "Paket Sulawesi Selatan 16" }, "geometry": { "type": "MultiPolygon", "coordinates": [ [ [ [ 120.257727925503445, -2.822326942934012, 0.0 ], [ 120.257565141018517, -2.821870027080024, 0.0 ], [ 120.258624117009504, -2.82149258791253, 0.0 ], [ 120.258636286635351, -2.821584634423289, 0.0 ], [ 120.258631441987518, -2.821614523391474, 0.0 ], [ 120.258627765559027, -2.821671145606842, 0.0 ], [ 120.258627873477622, -2.821682162301897, 0.0 ], [ 120.258634317120141, -2.821976267590628, 0.0 ], [ 120.258637620329978, -2.822021889298696, 0.0 ], [ 120.258648063257624, -2.822077650862866, 0.0 ], [ 120.258649384361661, -2.822082753616144, 0.0 ], [ 120.258651582304765, -2.822091037271491, 0.0 ], [ 120.258327759818371, -2.822162694352812, 0.0 ], [ 120.258314507408613, -2.822165573082657, 0.0 ], [ 120.258307500790579, -2.822167271902003, 0.0 ], [ 120.258280745060347, -2.822174090561759, 0.0 ], [ 120.258272926354493, -2.822176083459453, 0.0 ], [ 120.257869688335518, -2.822271298281748, 0.0 ], [ 120.25783531534762, -2.822280941712052, 0.0 ], [ 120.257785821158791, -2.822300296021808, 0.0 ], [ 120.257727925503445, -2.822326942934012, 0.0 ] ] ] ] } },
{ "type": "Feature", "properties": { "OBJECTID": 1257, "WADMPR": "Sulawesi Selatan", "WADMKK": "Kab. Luwu Utara", "WADMKC": "Kec. Malangke Barat", "WADMKD": "Desa Limbong Wara", "POKTAN": "Taro Ada Taro Gau", "K_POKTAN": "Markus Limin", "P_SID": "Universitas Negeri Makassar", "NO_HP_1": "085150991731", "NAMA_PEMIL": "Pemerintah Desa", "N_PETAK": "LA38", "LUAS_HA": 0.71994035630999997, "PAKET": "Paket Sulawesi Selatan 16" }, "geometry": { "type": "MultiPolygon", "coordinates": [ [ [ [ 120.257727925503445, -2.822326942934012, 0.0 ], [ 120.257610963275397, -2.822380941826964, 0.0 ], [ 120.2574659655819, -2.822447814514987, 0.0 ], [ 120.257413951492708, -2.822471803930569, 0.0 ], [ 120.25736330257439, -2.82249516382069, 0.0 ], [ 120.257305364650961, -2.822521884477339, 0.0 ], [ 120.257101437981078, -2.822598646110578, 0.0 ], [ 120.256777899680401, -2.822720431402729, 0.0 ], [ 120.256680869126853, -2.822737932209748, 0.0 ], [ 120.256506157832973, -2.822247467146838, 0.0 ], [ 120.257565141018517, -2.821870027080024, 0.0 ], [ 120.257727925503445, -2.822326942934012, 0.0 ] ] ] ] } },
{ "type": "Feature", "properties": { "OBJECTID": 1258, "WADMPR": "Sulawesi Selatan", "WADMKK": "Kab. Luwu Utara", "WADMKC": "Kec. Malangke Barat", "WADMKD": "Desa Limbong Wara", "POKTAN": "Taro Ada Taro Gau", "K_POKTAN": "Markus Limin", "P_SID": "Universitas Negeri Makassar", "NO_HP_1": "085150991731", "NAMA_PEMIL": "Pemerintah Desa", "N_PETAK": "LA39", "LUAS_HA": 0.64943607846999996, "PAKET": "Paket Sulawesi Selatan 16" }, "geometry": { "type": "MultiPolygon", "coordinates": [ [ [ [ 120.258693287465348, -2.819934136551126, 0.0 ], [ 120.258207635573967, -2.820107233561941, 0.0 ], [ 120.257964861788992, -2.819425703033744, 0.0 ], [ 120.258859930041808, -2.8191066901216, 0.0 ], [ 120.258826991472574, -2.81920719025959, 0.0 ], [ 120.258818797749427, -2.819235207738586, 0.0 ], [ 120.258808329640715, -2.8192891104041, 0.0 ], [ 120.258767325951339, -2.819599498817752, 0.0 ], [ 120.258728137993216, -2.819776615798105, 0.0 ], [ 120.258693287465348, -2.819934136551126, 0.0 ] ] ] ] } },
{ "type": "Feature", "properties": { "OBJECTID": 1259, "WADMPR": "Sulawesi Selatan", "WADMKK": "Kab. Luwu Utara", "WADMKC": "Kec. Malangke Barat", "WADMKD": "Desa Limbong Wara", "POKTAN": "Taro Ada Taro Gau", "K_POKTAN": "Markus Limin", "P_SID": "Universitas Negeri Makassar", "NO_HP_1": "085150991731", "NAMA_PEMIL": "Pemerintah Desa", "N_PETAK": "LA40", "LUAS_HA": 0.36456442921, "PAKET": "Paket Sulawesi Selatan 16" }, "geometry": { "type": "MultiPolygon", "coordinates": [ [ [ [ 120.258207635573967, -2.820107233561941, 0.0 ], [ 120.258693287465348, -2.819934136551126, 0.0 ], [ 120.258692255942947, -2.819938792341361, 0.0 ], [ 120.258685209754731, -2.819979227659189, 0.0 ], [ 120.258681533326126, -2.8200358498745, 0.0 ], [ 120.258684164742476, -2.820085753254887, 0.0 ], [ 120.258712094087969, -2.820344043043121, 0.0 ], [ 120.258712873800164, -2.820350778065915, 0.0 ], [ 120.25871798105004, -2.820382772347045, 0.0 ], [ 120.258722715081262, -2.820406866083943, 0.0 ], [ 120.258754781308198, -2.820570077746822, 0.0 ], [ 120.258762170138084, -2.820677651952053, 0.0 ], [ 120.258450415654238, -2.8207887622915, 0.0 ], [ 120.258207635573967, -2.820107233561941, 0.0 ] ] ] ] } },
{ "type": "Feature", "properties": { "OBJECTID": 1260, "WADMPR": "Sulawesi Selatan", "WADMKK": "Kab. Luwu Utara", "WADMKC": "Kec. Malangke Barat", "WADMKD": "Desa Limbong Wara", "POKTAN": "Taro Ada Taro Gau", "K_POKTAN": "Markus Limin", "P_SID": "Universitas Negeri Makassar", "NO_HP_1": "085150991731", "NAMA_PEMIL": "Pemerintah Desa", "N_PETAK": "LA41", "LUAS_HA": 0.48084794143999998, "PAKET": "Paket Sulawesi Selatan 16" }, "geometry": { "type": "MultiPolygon", "coordinates": [ [ [ [ 120.256438818396759, -2.822268867414266, 0.0 ], [ 120.255771124837565, -2.822506869396477, 0.0 ], [ 120.255767133646373, -2.822328255944228, 0.0 ], [ 120.255773123131235, -2.82211572815828, 0.0 ], [ 120.255804998701819, -2.822030726037156, 0.0 ], [ 120.255808020423842, -2.82202242259666, 0.0 ], [ 120.255822654192229, -2.821980960253086, 0.0 ], [ 120.255848364910207, -2.821908112469373, 0.0 ], [ 120.255865126474419, -2.821860621970075, 0.0 ], [ 120.255877032599074, -2.821821283825159, 0.0 ], [ 120.255881772026214, -2.821802351297436, 0.0 ], [ 120.255910040416097, -2.821689287630477, 0.0 ], [ 120.256196038316602, -2.821587338684708, 0.0 ], [ 120.256438818396759, -2.822268867414266, 0.0 ] ] ] ] } },
{ "type": "Feature", "properties": { "OBJECTID": 1261, "WADMPR": "Sulawesi Selatan", "WADMKK": "Kab. Luwu Utara", "WADMKC": "Kec. Malangke Barat", "WADMKD": "Desa Limbong Wara", "POKTAN": "Taro Ada Taro Gau", "K_POKTAN": "Markus Limin", "P_SID": "Universitas Negeri Makassar", "NO_HP_1": "085150991731", "NAMA_PEMIL": "Pemerintah Desa", "N_PETAK": "LA42", "LUAS_HA": 0.37921500212999998, "PAKET": "Paket Sulawesi Selatan 16" }, "geometry": { "type": "MultiPolygon", "coordinates": [ [ [ [ 120.255771124837565, -2.822506869396477, 0.0 ], [ 120.256438818396759, -2.822268867414266, 0.0 ], [ 120.256610436922188, -2.822750617147221, 0.0 ], [ 120.256249226920318, -2.822815787418619, 0.0 ], [ 120.255843628180969, -2.822779302822539, 0.0 ], [ 120.2558154614145, -2.822707563003576, 0.0 ], [ 120.25579568532271, -2.822642741669142, 0.0 ], [ 120.255793486480229, -2.822633188171039, 0.0 ], [ 120.255788389122927, -2.822611045962958, 0.0 ], [ 120.255771132032123, -2.822506980912408, 0.0 ], [ 120.255771124837565, -2.822506869396477, 0.0 ] ] ] ] } },
{ "type": "Feature", "properties": { "OBJECTID": 1262, "WADMPR": "Sulawesi Selatan", "WADMKK": "Kab. Luwu Utara", "WADMKC": "Kec. Malangke Barat", "WADMKD": "Desa Limbong Wara", "POKTAN": "Taro Ada Taro Gau", "K_POKTAN": "Markus Limin", "P_SID": "Universitas Negeri Makassar", "NO_HP_1": "085150991731", "NAMA_PEMIL": "Pemerintah Desa", "N_PETAK": "LA43", "LUAS_HA": 0.64241530485999998, "PAKET": "Paket Sulawesi Selatan 16" }, "geometry": { "type": "MultiPolygon", "coordinates": [ [ [ [ 120.270572843362061, -2.796120479976139, 0.0 ], [ 120.270689545686082, -2.796448924078561, 0.0 ], [ 120.26966670085767, -2.796813484055008, 0.0 ], [ 120.269671161495012, -2.796711517122787, 0.0 ], [ 120.269685638781311, -2.796615986638415, 0.0 ], [ 120.26968709118637, -2.796605594072844, 0.0 ], [ 120.269688432075554, -2.796593925369336, 0.0 ], [ 120.26970059720486, -2.796474403670743, 0.0 ], [ 120.269702930945527, -2.796429450158939, 0.0 ], [ 120.269700298629914, -2.79637954767793, 0.0 ], [ 120.269688658704695, -2.796271926708016, 0.0 ], [ 120.269687878093123, -2.796265189886583, 0.0 ], [ 120.269678180703522, -2.796213418614343, 0.0 ], [ 120.269717206783753, -2.796174393433489, 0.0 ], [ 120.269839182732198, -2.796052417485043, 0.0 ], [ 120.269897940837382, -2.796018840397096, 0.0 ], [ 120.269966170602402, -2.796030956963023, 0.0 ], [ 120.270037394210476, -2.79604360592765, 0.0 ], [ 120.270108618717813, -2.796056253992901, 0.0 ], [ 120.270179843225264, -2.796068902957472, 0.0 ], [ 120.270251065933962, -2.796081551022723, 0.0 ], [ 120.270322290441413, -2.796094199987294, 0.0 ], [ 120.270393514049488, -2.796106848052546, 0.0 ], [ 120.270466771024758, -2.796112415755317, 0.0 ], [ 120.270540027999914, -2.796117985256785, 0.0 ], [ 120.270572843362061, -2.796120479976139, 0.0 ] ] ] ] } },
{ "type": "Feature", "properties": { "OBJECTID": 1263, "WADMPR": "Sulawesi Selatan", "WADMKK": "Kab. Luwu Utara", "WADMKC": "Kec. Malangke Barat", "WADMKD": "Desa Limbong Wara", "POKTAN": "Taro Ada Taro Gau", "K_POKTAN": "Markus Limin", "P_SID": "Universitas Negeri Makassar", "NO_HP_1": "085150991731", "NAMA_PEMIL": "Pemerintah Desa", "N_PETAK": "LA44", "LUAS_HA": 0.12699342705, "PAKET": "Paket Sulawesi Selatan 16" }, "geometry": { "type": "MultiPolygon", "coordinates": [ [ [ [ 120.271058339670731, -2.796317469275721, 0.0 ], [ 120.270689545686082, -2.796448924078561, 0.0 ], [ 120.270572843362061, -2.796120479976139, 0.0 ], [ 120.270613286773823, -2.796123553858877, 0.0 ], [ 120.270686544648356, -2.796129122460968, 0.0 ], [ 120.27075980072425, -2.796134691962436, 0.0 ], [ 120.270833059498159, -2.796140260564528, 0.0 ], [ 120.270906317372692, -2.796145830065939, 0.0 ], [ 120.270979575247225, -2.796151398668087, 0.0 ], [ 120.27101974796301, -2.796154452765734, 0.0 ], [ 120.271020287556325, -2.796162003473626, 0.0 ], [ 120.271022547552548, -2.796185222170209, 0.0 ], [ 120.271032991379457, -2.796240983734378, 0.0 ], [ 120.271046459626518, -2.796284798704448, 0.0 ], [ 120.271058339670731, -2.796317469275721, 0.0 ] ] ] ] } },
{ "type": "Feature", "properties": { "OBJECTID": 1264, "WADMPR": "Sulawesi Selatan", "WADMKK": "Kab. Luwu Utara", "WADMKC": "Kec. Malangke Barat", "WADMKD": "Desa Limbong Wara", "POKTAN": "Taro Ada Taro Gau", "K_POKTAN": "Markus Limin", "P_SID": "Universitas Negeri Makassar", "NO_HP_1": "085150991731", "NAMA_PEMIL": "Pemerintah Desa", "N_PETAK": "LA45", "LUAS_HA": 0.39591791115000002, "PAKET": "Paket Sulawesi Selatan 16" }, "geometry": { "type": "MultiPolygon", "coordinates": [ [ [ [ 120.271420023615292, -2.796956627346447, 0.0 ], [ 120.270932318571681, -2.797130454606759, 0.0 ], [ 120.270689545686082, -2.796448924078561, 0.0 ], [ 120.271058339670731, -2.796317469275721, 0.0 ], [ 120.271094049051158, -2.79641566894793, 0.0 ], [ 120.271097894552213, -2.796425860065369, 0.0 ], [ 120.271121803028905, -2.796477258118898, 0.0 ], [ 120.271152646177711, -2.7965262298016, 0.0 ], [ 120.271213977243292, -2.796610566424476, 0.0 ], [ 120.271233050065234, -2.796636790655327, 0.0 ], [ 120.271327204586896, -2.796804176971136, 0.0 ], [ 120.271335481047686, -2.796818289132716, 0.0 ], [ 120.271420023615292, -2.796956627346447, 0.0 ] ] ] ] } },
{ "type": "Feature", "properties": { "OBJECTID": 1265, "WADMPR": "Sulawesi Selatan", "WADMKK": "Kab. Luwu Utara", "WADMKC": "Kec. Malangke Barat", "WADMKD": "Desa Limbong Wara", "POKTAN": "Taro Ada Taro Gau", "K_POKTAN": "Markus Limin", "P_SID": "Universitas Negeri Makassar", "NO_HP_1": "085150991731", "NAMA_PEMIL": "Pemerintah Desa", "N_PETAK": "LA46", "LUAS_HA": 0.99803011445000001, "PAKET": "Paket Sulawesi Selatan 16" }, "geometry": { "type": "MultiPolygon", "coordinates": [ [ [ [ 120.270932318571681, -2.797130454606759, 0.0 ], [ 120.269873337184777, -2.797507894673572, 0.0 ], [ 120.269656708490402, -2.796899758716847, 0.0 ], [ 120.269662704270445, -2.796868546845928, 0.0 ], [ 120.269665946326427, -2.7968307321525, 0.0 ], [ 120.26966670085767, -2.796813484055008, 0.0 ], [ 120.270689545686082, -2.796448924078561, 0.0 ], [ 120.270932318571681, -2.797130454606759, 0.0 ] ] ] ] } },
{ "type": "Feature", "properties": { "OBJECTID": 1266, "WADMPR": "Sulawesi Selatan", "WADMKK": "Kab. Luwu Utara", "WADMKC": "Kec. Malangke Barat", "WADMKD": "Desa Limbong Wara", "POKTAN": "Taro Ada Taro Gau", "K_POKTAN": "Markus Limin", "P_SID": "Universitas Negeri Makassar", "NO_HP_1": "085150991731", "NAMA_PEMIL": "Pemerintah Desa", "N_PETAK": "LA47", "LUAS_HA": 0.46611659458, "PAKET": "Paket Sulawesi Selatan 16" }, "geometry": { "type": "MultiPolygon", "coordinates": [ [ [ [ 120.271680439400825, -2.797631884204065, 0.0 ], [ 120.271175091457394, -2.797811985134956, 0.0 ], [ 120.270932318571681, -2.797130454606759, 0.0 ], [ 120.271420023615292, -2.796956627346447, 0.0 ], [ 120.271441016489803, -2.796990983247213, 0.0 ], [ 120.271512167252808, -2.797195541241194, 0.0 ], [ 120.271521388901078, -2.797235504414971, 0.0 ], [ 120.271533212287977, -2.797286736093952, 0.0 ], [ 120.271542348500589, -2.797326323351115, 0.0 ], [ 120.2715445761213, -2.79733553600613, 0.0 ], [ 120.271561889869417, -2.79738954119432, 0.0 ], [ 120.271585797446619, -2.797440940147226, 0.0 ], [ 120.271615923835839, -2.797488919877708, 0.0 ], [ 120.271651793295632, -2.797532724955261, 0.0 ], [ 120.271674377070894, -2.797555354595886, 0.0 ], [ 120.271681202025889, -2.79756172539328, 0.0 ], [ 120.271681043745275, -2.797576401429751, 0.0 ], [ 120.271680439400825, -2.797631884204065, 0.0 ] ] ] ] } },
{ "type": "Feature", "properties": { "OBJECTID": 1267, "WADMPR": "Sulawesi Selatan", "WADMKK": "Kab. Luwu Utara", "WADMKC": "Kec. Malangke Barat", "WADMKD": "Desa Limbong Wara", "POKTAN": "Taro Ada Taro Gau", "K_POKTAN": "Markus Limin", "P_SID": "Universitas Negeri Makassar", "NO_HP_1": "085150991731", "NAMA_PEMIL": "Pemerintah Desa", "N_PETAK": "LA48", "LUAS_HA": 1.0000090399299999, "PAKET": "Paket Sulawesi Selatan 16" }, "geometry": { "type": "MultiPolygon", "coordinates": [ [ [ [ 120.271175091457394, -2.797811985134956, 0.0 ], [ 120.270116110070489, -2.79818942430245, 0.0 ], [ 120.269873337184777, -2.797507894673572, 0.0 ], [ 120.270932318571681, -2.797130454606759, 0.0 ], [ 120.271175091457394, -2.797811985134956, 0.0 ] ] ] ] } },
{ "type": "Feature", "properties": { "OBJECTID": 1268, "WADMPR": "Sulawesi Selatan", "WADMKK": "Kab. Luwu Utara", "WADMKC": "Kec. Malangke Barat", "WADMKD": "Desa Limbong Wara", "POKTAN": "Taro Ada Taro Gau", "K_POKTAN": "Markus Limin", "P_SID": "Universitas Negeri Makassar", "NO_HP_1": "085150991731", "NAMA_PEMIL": "Pemerintah Desa", "N_PETAK": "LA49", "LUAS_HA": 0.20944825751000001, "PAKET": "Paket Sulawesi Selatan 16" }, "geometry": { "type": "MultiPolygon", "coordinates": [ [ [ [ 120.271365951877215, -2.798347731962224, 0.0 ], [ 120.271175091457394, -2.797811985134956, 0.0 ], [ 120.271680439400825, -2.797631884204065, 0.0 ], [ 120.271680128235403, -2.797660514121389, 0.0 ], [ 120.271666599733862, -2.797740978263505, 0.0 ], [ 120.271632571186274, -2.797817482690618, 0.0 ], [ 120.27162535682487, -2.797834644453246, 0.0 ], [ 120.271619947402769, -2.797848994935123, 0.0 ], [ 120.271564970047393, -2.79800265130126, 0.0 ], [ 120.271419770006446, -2.798232634928127, 0.0 ], [ 120.271405867386989, -2.798256206158953, 0.0 ], [ 120.271381389639487, -2.798308332663396, 0.0 ], [ 120.271365951877215, -2.798347731962224, 0.0 ] ] ] ] } },
{ "type": "Feature", "properties": { "OBJECTID": 1269, "WADMPR": "Sulawesi Selatan", "WADMKK": "Kab. Luwu Utara", "WADMKC": "Kec. Malangke Barat", "WADMKD": "Desa Limbong Wara", "POKTAN": "Taro Ada Taro Gau", "K_POKTAN": "Markus Limin", "P_SID": "Universitas Negeri Makassar", "NO_HP_1": "085150991731", "NAMA_PEMIL": "Pemerintah Desa", "N_PETAK": "LA50", "LUAS_HA": 0.9871872003, "PAKET": "Paket Sulawesi Selatan 16" }, "geometry": { "type": "MultiPolygon", "coordinates": [ [ [ [ 120.271365951877215, -2.798347731962224, 0.0 ], [ 120.271291152564686, -2.798538629254267, 0.0 ], [ 120.27035889015076, -2.798870953931328, 0.0 ], [ 120.270116110070489, -2.79818942430245, 0.0 ], [ 120.271175091457394, -2.797811985134956, 0.0 ], [ 120.271365951877215, -2.798347731962224, 0.0 ] ] ] ] } },
{ "type": "Feature", "properties": { "OBJECTID": 1270, "WADMPR": "Sulawesi Selatan", "WADMKK": "Kab. Luwu Utara", "WADMKC": "Kec. Malangke Barat", "WADMKD": "Desa Limbong Wara", "POKTAN": "Taro Ada Taro Gau", "K_POKTAN": "Markus Limin", "P_SID": "Universitas Negeri Makassar", "NO_HP_1": "085150991731", "NAMA_PEMIL": "Pemerintah Desa", "N_PETAK": "LA51", "LUAS_HA": 0.44834833435, "PAKET": "Paket Sulawesi Selatan 16" }, "geometry": { "type": "MultiPolygon", "coordinates": [ [ [ [ 120.27035889015076, -2.798870953931328, 0.0 ], [ 120.271291152564686, -2.798538629254267, 0.0 ], [ 120.271257776924926, -2.798623807642571, 0.0 ], [ 120.27114519799261, -2.798860111704755, 0.0 ], [ 120.271067163818657, -2.79885277593479, 0.0 ], [ 120.27093369183649, -2.79888565065221, 0.0 ], [ 120.270784734428048, -2.799073364344224, 0.0 ], [ 120.270883454807631, -2.799200813566642, 0.0 ], [ 120.270831197002167, -2.799333821498635, 0.0 ], [ 120.270757638754048, -2.799496586198472, 0.0 ], [ 120.270601663036359, -2.799552484459525, 0.0 ], [ 120.27035889015076, -2.798870953931328, 0.0 ] ] ] ] } },
{ "type": "Feature", "properties": { "OBJECTID": 1271, "WADMPR": "Sulawesi Selatan", "WADMKK": "Kab. Luwu Utara", "WADMKC": "Kec. Malangke Barat", "WADMKD": "Desa Limbong Wara", "POKTAN": "Taro Ada Taro Gau", "K_POKTAN": "Markus Limin", "P_SID": "Universitas Negeri Makassar", "NO_HP_1": "085150991731", "NAMA_PEMIL": "Pemerintah Desa", "N_PETAK": "LA52", "LUAS_HA": 0.68346060177000001, "PAKET": "Paket Sulawesi Selatan 16" }, "geometry": { "type": "MultiPolygon", "coordinates": [ [ [ [ 120.267048007259746, -2.793141591711048, 0.0 ], [ 120.266036326615222, -2.793502164093525, 0.0 ], [ 120.265950694069375, -2.793301655746745, 0.0 ], [ 120.265916580086127, -2.79331505564528, 0.0 ], [ 120.265837219412219, -2.793092738738835, 0.0 ], [ 120.266237132637571, -2.79297007930569, 0.0 ], [ 120.266297884539767, -2.792944197716508, 0.0 ], [ 120.266358635542701, -2.792918317026647, 0.0 ], [ 120.266419385646145, -2.792892436336842, 0.0 ], [ 120.266480136649079, -2.792866554747661, 0.0 ], [ 120.2665408876519, -2.7928406740578, 0.0 ], [ 120.26660163865472, -2.792814792468675, 0.0 ], [ 120.266662389657654, -2.792788911778814, 0.0 ], [ 120.266563326636287, -2.792618509136844, 0.0 ], [ 120.26680523347477, -2.792460061182851, 0.0 ], [ 120.267048007259746, -2.793141591711048, 0.0 ] ] ] ] } },
{ "type": "Feature", "properties": { "OBJECTID": 1272, "WADMPR": "Sulawesi Selatan", "WADMKK": "Kab. Luwu Utara", "WADMKC": "Kec. Malangke Barat", "WADMKD": "Desa Limbong Wara", "POKTAN": "Taro Ada Taro Gau", "K_POKTAN": "Markus Limin", "P_SID": "Universitas Negeri Makassar", "NO_HP_1": "085150991731", "NAMA_PEMIL": "Pemerintah Desa", "N_PETAK": "LA53", "LUAS_HA": 0.95583823596999995, "PAKET": "Paket Sulawesi Selatan 16" }, "geometry": { "type": "MultiPolygon", "coordinates": [ [ [ [ 120.267290780145458, -2.793823121339926, 0.0 ], [ 120.266231796959914, -2.79420056230606, 0.0 ], [ 120.266171812179437, -2.794032270372952, 0.0 ], [ 120.266247455056032, -2.793998975672139, 0.0 ], [ 120.266220477193315, -2.793935583360451, 0.0 ], [ 120.266193499330598, -2.793872191048706, 0.0 ], [ 120.266166520568504, -2.793808797837698, 0.0 ], [ 120.266139543605163, -2.79374540642533, 0.0 ], [ 120.266036326615222, -2.793502164093525, 0.0 ], [ 120.267048007259746, -2.793141591711048, 0.0 ], [ 120.267290780145458, -2.793823121339926, 0.0 ] ] ] ] } },
{ "type": "Feature", "properties": { "OBJECTID": 1273, "WADMPR": "Sulawesi Selatan", "WADMKK": "Kab. Luwu Utara", "WADMKC": "Kec. Malangke Barat", "WADMKD": "Desa Limbong Wara", "POKTAN": "Taro Ada Taro Gau", "K_POKTAN": "Markus Limin", "P_SID": "Universitas Negeri Makassar", "NO_HP_1": "085150991731", "NAMA_PEMIL": "Pemerintah Desa", "N_PETAK": "LA54", "LUAS_HA": 1.0000097781699999, "PAKET": "Paket Sulawesi Selatan 16" }, "geometry": { "type": "MultiPolygon", "coordinates": [ [ [ [ 120.266231796959914, -2.79420056230606, 0.0 ], [ 120.267290780145458, -2.793823121339926, 0.0 ], [ 120.2675335458365, -2.794504653666763, 0.0 ], [ 120.266474569845627, -2.794882091934937, 0.0 ], [ 120.266231796959914, -2.79420056230606, 0.0 ] ] ] ] } },
{ "type": "Feature", "properties": { "OBJECTID": 1274, "WADMPR": "Sulawesi Selatan", "WADMKK": "Kab. Luwu Utara", "WADMKC": "Kec. Malangke Barat", "WADMKD": "Desa Limbong Wara", "POKTAN": "Taro Ada Taro Gau", "K_POKTAN": "Markus Limin", "P_SID": "Universitas Negeri Makassar", "NO_HP_1": "085150991731", "NAMA_PEMIL": "Pemerintah Desa", "N_PETAK": "LA55", "LUAS_HA": 0.39237919704000002, "PAKET": "Paket Sulawesi Selatan 16" }, "geometry": { "type": "MultiPolygon", "coordinates": [ [ [ [ 120.265591360952612, -2.789052410340446, 0.0 ], [ 120.265802744800908, -2.788977075931257, 0.0 ], [ 120.266226320088663, -2.788826102242751, 0.0 ], [ 120.266307036040985, -2.789256159843831, 0.0 ], [ 120.266071893003527, -2.789339614231778, 0.0 ], [ 120.26609628711401, -2.789395317339995, 0.0 ], [ 120.26612068032523, -2.789451020448212, 0.0 ], [ 120.266052947885328, -2.789475501792936, 0.0 ], [ 120.265985213646786, -2.789499984936299, 0.0 ], [ 120.265917481206884, -2.789524466281023, 0.0 ], [ 120.265849747867605, -2.789548948525123, 0.0 ], [ 120.26578201452844, -2.789573430769167, 0.0 ], [ 120.265591360952612, -2.789052410340446, 0.0 ] ] ] ] } },
{ "type": "Feature", "properties": { "OBJECTID": 1275, "WADMPR": "Sulawesi Selatan", "WADMKK": "Kab. Luwu Utara", "WADMKC": "Kec. Malangke Barat", "WADMKD": "Desa Limbong Wara", "POKTAN": "Taro Ada Taro Gau", "K_POKTAN": "Markus Limin", "P_SID": "Universitas Negeri Makassar", "NO_HP_1": "085150991731", "NAMA_PEMIL": "Pemerintah Desa", "N_PETAK": "LA56", "LUAS_HA": 0.92571431453999997, "PAKET": "Paket Sulawesi Selatan 16" }, "geometry": { "type": "MultiPolygon", "coordinates": [ [ [ [ 120.264532377767068, -2.789429850407203, 0.0 ], [ 120.264955965645413, -2.789278876718754, 0.0 ], [ 120.265379143432824, -2.789128048720443, 0.0 ], [ 120.265591360952612, -2.789052410340446, 0.0 ], [ 120.265777635729364, -2.789575013575984, 0.0 ], [ 120.265714281189162, -2.78959791301321, 0.0 ], [ 120.26564654874926, -2.789622395257311, 0.0 ], [ 120.265578815410095, -2.789646877501355, 0.0 ], [ 120.265511082070816, -2.789671359745398, 0.0 ], [ 120.265443348731651, -2.789695841989442, 0.0 ], [ 120.265463635638298, -2.789763456618175, 0.0 ], [ 120.265483923444322, -2.789831072146228, 0.0 ], [ 120.265491351844503, -2.789855830482168, 0.0 ], [ 120.264775150652781, -2.790111380935457, 0.0 ], [ 120.264532377767068, -2.789429850407203, 0.0 ] ] ] ] } },
{ "type": "Feature", "properties": { "OBJECTID": 1276, "WADMPR": "Sulawesi Selatan", "WADMKK": "Kab. Luwu Utara", "WADMKC": "Kec. Malangke Barat", "WADMKD": "Desa Limbong Wara", "POKTAN": "Taro Ada Taro Gau", "K_POKTAN": "Markus Limin", "P_SID": "Universitas Negeri Makassar", "NO_HP_1": "085150991731", "NAMA_PEMIL": "Pemerintah Desa", "N_PETAK": "LA57", "LUAS_HA": 0.9996711787, "PAKET": "Paket Sulawesi Selatan 16" }, "geometry": { "type": "MultiPolygon", "coordinates": [ [ [ [ 120.260335100584484, -2.791700492883365, 0.0 ], [ 120.259276124593498, -2.792077931151539, 0.0 ], [ 120.259033344513341, -2.791396402421981, 0.0 ], [ 120.259245040426322, -2.791321827939953, 0.0 ], [ 120.259668348615492, -2.791170075438572, 0.0 ], [ 120.260092327698771, -2.791018962355167, 0.0 ], [ 120.260335100584484, -2.791700492883365, 0.0 ] ] ] ] } },
{ "type": "Feature", "properties": { "OBJECTID": 1277, "WADMPR": "Sulawesi Selatan", "WADMKK": "Kab. Luwu Utara", "WADMKC": "Kec. Malangke Barat", "WADMKD": "Desa Limbong Wara", "POKTAN": "Taro Ada Taro Gau", "K_POKTAN": "Markus Limin", "P_SID": "Universitas Negeri Makassar", "NO_HP_1": "085150991731", "NAMA_PEMIL": "Pemerintah Desa", "N_PETAK": "LA58", "LUAS_HA": 1.00001537723, "PAKET": "Paket Sulawesi Selatan 16" }, "geometry": { "type": "MultiPolygon", "coordinates": [ [ [ [ 120.259276124593498, -2.792077931151539, 0.0 ], [ 120.258217141408068, -2.792455371218352, 0.0 ], [ 120.257974361327797, -2.791773842488794, 0.0 ], [ 120.257974409891176, -2.791773835294237, 0.0 ], [ 120.258397993272865, -2.791622851713214, 0.0 ], [ 120.258821172858916, -2.791472022815526, 0.0 ], [ 120.259033344513341, -2.791396402421981, 0.0 ], [ 120.259276124593498, -2.792077931151539, 0.0 ] ] ] ] } },
{ "type": "Feature", "properties": { "OBJECTID": 1278, "WADMPR": "Sulawesi Selatan", "WADMKK": "Kab. Luwu Utara", "WADMKC": "Kec. Malangke Barat", "WADMKD": "Desa Limbong Wara", "POKTAN": "Taro Ada Taro Gau", "K_POKTAN": "Markus Limin", "P_SID": "Universitas Negeri Makassar", "NO_HP_1": "085150991731", "NAMA_PEMIL": "Pemerintah Desa", "N_PETAK": "LA59", "LUAS_HA": 1.0000154571, "PAKET": "Paket Sulawesi Selatan 16" }, "geometry": { "type": "MultiPolygon", "coordinates": [ [ [ [ 120.259518897479211, -2.792759461679793, 0.0 ], [ 120.258459914293667, -2.79313690174655, 0.0 ], [ 120.258217141408068, -2.792455371218352, 0.0 ], [ 120.259276124593498, -2.792077931151539, 0.0 ], [ 120.259518897479211, -2.792759461679793, 0.0 ] ] ] ] } },
{ "type": "Feature", "properties": { "OBJECTID": 1279, "WADMPR": "Sulawesi Selatan", "WADMKK": "Kab. Luwu Utara", "WADMKC": "Kec. Malangke Barat", "WADMKD": "Desa Limbong Wara", "POKTAN": "Taro Ada Taro Gau", "K_POKTAN": "Markus Limin", "P_SID": "Universitas Negeri Makassar", "NO_HP_1": "085150991731", "NAMA_PEMIL": "Pemerintah Desa", "N_PETAK": "LA60", "LUAS_HA": 1.00000933871, "PAKET": "Paket Sulawesi Selatan 16" }, "geometry": { "type": "MultiPolygon", "coordinates": [ [ [ [ 120.26057787436946, -2.792382022512299, 0.0 ], [ 120.259518897479211, -2.792759461679793, 0.0 ], [ 120.259276124593498, -2.792077931151539, 0.0 ], [ 120.260335100584484, -2.791700492883365, 0.0 ], [ 120.26057787436946, -2.792382022512299, 0.0 ] ] ] ] } },
{ "type": "Feature", "properties": { "OBJECTID": 1280, "WADMPR": "Sulawesi Selatan", "WADMKK": "Kab. Luwu Utara", "WADMKC": "Kec. Malangke Barat", "WADMKD": "Desa Limbong Wara", "POKTAN": "Taro Ada Taro Gau", "K_POKTAN": "Markus Limin", "P_SID": "Universitas Negeri Makassar", "NO_HP_1": "085150991731", "NAMA_PEMIL": "Pemerintah Desa", "N_PETAK": "LA61", "LUAS_HA": 1.0000094936099999, "PAKET": "Paket Sulawesi Selatan 16" }, "geometry": { "type": "MultiPolygon", "coordinates": [ [ [ [ 120.260820647255173, -2.793063553040497, 0.0 ], [ 120.259761671264187, -2.793440992207991, 0.0 ], [ 120.259518897479211, -2.792759461679793, 0.0 ], [ 120.26057787436946, -2.792382022512299, 0.0 ], [ 120.260820647255173, -2.793063553040497, 0.0 ] ] ] ] } },
{ "type": "Feature", "properties": { "OBJECTID": 1281, "WADMPR": "Sulawesi Selatan", "WADMKK": "Kab. Luwu Utara", "WADMKC": "Kec. Malangke Barat", "WADMKD": "Desa Limbong Wara", "POKTAN": "Taro Ada Taro Gau", "K_POKTAN": "Markus Limin", "P_SID": "Universitas Negeri Makassar", "NO_HP_1": "085150991731", "NAMA_PEMIL": "Pemerintah Desa", "N_PETAK": "LA62", "LUAS_HA": 1.00001530969, "PAKET": "Paket Sulawesi Selatan 16" }, "geometry": { "type": "MultiPolygon", "coordinates": [ [ [ [ 120.259761671264187, -2.793440992207991, 0.0 ], [ 120.258702688078642, -2.793818432274804, 0.0 ], [ 120.258459914293667, -2.79313690174655, 0.0 ], [ 120.259518897479211, -2.792759461679793, 0.0 ], [ 120.259761671264187, -2.793440992207991, 0.0 ] ] ] ] } },
{ "type": "Feature", "properties": { "OBJECTID": 1282, "WADMPR": "Sulawesi Selatan", "WADMKK": "Kab. Luwu Utara", "WADMKC": "Kec. Malangke Barat", "WADMKD": "Desa Limbong Wara", "POKTAN": "Taro Ada Taro Gau", "K_POKTAN": "Markus Limin", "P_SID": "Universitas Negeri Makassar", "NO_HP_1": "085150991731", "NAMA_PEMIL": "Pemerintah Desa", "N_PETAK": "LA63", "LUAS_HA": 1.0000102338400001, "PAKET": "Paket Sulawesi Selatan 16" }, "geometry": { "type": "MultiPolygon", "coordinates": [ [ [ [ 120.261063423738051, -2.793745082669375, 0.0 ], [ 120.260004444149786, -2.794122522736188, 0.0 ], [ 120.259761671264187, -2.793440992207991, 0.0 ], [ 120.260820647255173, -2.793063553040497, 0.0 ], [ 120.261063423738051, -2.793745082669375, 0.0 ] ] ] ] } },
{ "type": "Feature", "properties": { "OBJECTID": 1283, "WADMPR": "Sulawesi Selatan", "WADMKK": "Kab. Luwu Utara", "WADMKC": "Kec. Malangke Barat", "WADMKD": "Desa Limbong Wara", "POKTAN": "Taro Ada Taro Gau", "K_POKTAN": "Markus Limin", "P_SID": "Universitas Negeri Makassar", "NO_HP_1": "085150991731", "NAMA_PEMIL": "Pemerintah Desa", "N_PETAK": "LA64", "LUAS_HA": 1.00001432735, "PAKET": "Paket Sulawesi Selatan 16" }, "geometry": { "type": "MultiPolygon", "coordinates": [ [ [ [ 120.260004444149786, -2.794122522736188, 0.0 ], [ 120.258945460964355, -2.794499962803002, 0.0 ], [ 120.258702688078642, -2.793818432274804, 0.0 ], [ 120.259761671264187, -2.793440992207991, 0.0 ], [ 120.260004444149786, -2.794122522736188, 0.0 ] ] ] ] } },
{ "type": "Feature", "properties": { "OBJECTID": 1284, "WADMPR": "Sulawesi Selatan", "WADMKK": "Kab. Luwu Utara", "WADMKC": "Kec. Malangke Barat", "WADMKD": "Desa Limbong Wara", "POKTAN": "Taro Ada Taro Gau", "K_POKTAN": "Markus Limin", "P_SID": "Universitas Negeri Makassar", "NO_HP_1": "085150991731", "NAMA_PEMIL": "Pemerintah Desa", "N_PETAK": "LA65", "LUAS_HA": 1.00001061856, "PAKET": "Paket Sulawesi Selatan 16" }, "geometry": { "type": "MultiPolygon", "coordinates": [ [ [ [ 120.261306200221043, -2.794426613197572, 0.0 ], [ 120.260247224230056, -2.794804051465746, 0.0 ], [ 120.260004444149786, -2.794122522736188, 0.0 ], [ 120.261063423738051, -2.793745082669375, 0.0 ], [ 120.261306200221043, -2.794426613197572, 0.0 ] ] ] ] } },
{ "type": "Feature", "properties": { "OBJECTID": 1285, "WADMPR": "Sulawesi Selatan", "WADMKK": "Kab. Luwu Utara", "WADMKC": "Kec. Malangke Barat", "WADMKD": "Desa Limbong Wara", "POKTAN": "Taro Ada Taro Gau", "K_POKTAN": "Markus Limin", "P_SID": "Universitas Negeri Makassar", "NO_HP_1": "085150991731", "NAMA_PEMIL": "Pemerintah Desa", "N_PETAK": "LA66", "LUAS_HA": 1.0000147591099999, "PAKET": "Paket Sulawesi Selatan 16" }, "geometry": { "type": "MultiPolygon", "coordinates": [ [ [ [ 120.260247224230056, -2.794804051465746, 0.0 ], [ 120.259188241044512, -2.79518149153256, 0.0 ], [ 120.258945460964355, -2.794499962803002, 0.0 ], [ 120.260004444149786, -2.794122522736188, 0.0 ], [ 120.260247224230056, -2.794804051465746, 0.0 ] ] ] ] } },
{ "type": "Feature", "properties": { "OBJECTID": 1286, "WADMPR": "Sulawesi Selatan", "WADMKK": "Kab. Luwu Utara", "WADMKC": "Kec. Malangke Barat", "WADMKD": "Desa Limbong Wara", "POKTAN": "Taro Ada Taro Gau", "K_POKTAN": "Markus Limin", "P_SID": "Universitas Negeri Makassar", "NO_HP_1": "085150991731", "NAMA_PEMIL": "Pemerintah Desa", "N_PETAK": "LA67", "LUAS_HA": 1.0000131971299999, "PAKET": "Paket Sulawesi Selatan 16" }, "geometry": { "type": "MultiPolygon", "coordinates": [ [ [ [ 120.260489997115769, -2.795485581993944, 0.0 ], [ 120.259431013930225, -2.795863022060757, 0.0 ], [ 120.259188241044512, -2.79518149153256, 0.0 ], [ 120.260247224230056, -2.794804051465746, 0.0 ], [ 120.260489997115769, -2.795485581993944, 0.0 ] ] ] ] } },
{ "type": "Feature", "properties": { "OBJECTID": 1287, "WADMPR": "Sulawesi Selatan", "WADMKK": "Kab. Luwu Utara", "WADMKC": "Kec. Malangke Barat", "WADMKD": "Desa Limbong Wara", "POKTAN": "Taro Ada Taro Gau", "K_POKTAN": "Markus Limin", "P_SID": "Universitas Negeri Makassar", "NO_HP_1": "085150991731", "NAMA_PEMIL": "Pemerintah Desa", "N_PETAK": "LA68", "LUAS_HA": 1.00000707898, "PAKET": "Paket Sulawesi Selatan 16" }, "geometry": { "type": "MultiPolygon", "coordinates": [ [ [ [ 120.261548974006018, -2.795108142826507, 0.0 ], [ 120.260489997115769, -2.795485581993944, 0.0 ], [ 120.260247224230056, -2.794804051465746, 0.0 ], [ 120.261306200221043, -2.794426613197572, 0.0 ], [ 120.261548974006018, -2.795108142826507, 0.0 ] ] ] ] } },
{ "type": "Feature", "properties": { "OBJECTID": 1288, "WADMPR": "Sulawesi Selatan", "WADMKK": "Kab. Luwu Utara", "WADMKC": "Kec. Malangke Barat", "WADMKD": "Desa Limbong Wara", "POKTAN": "Taro Ada Taro Gau", "K_POKTAN": "Markus Limin", "P_SID": "Universitas Negeri Makassar", "NO_HP_1": "085150991731", "NAMA_PEMIL": "Pemerintah Desa", "N_PETAK": "LA69", "LUAS_HA": 1.0000072333000001, "PAKET": "Paket Sulawesi Selatan 16" }, "geometry": { "type": "MultiPolygon", "coordinates": [ [ [ [ 120.260732770900745, -2.796167112522198, 0.0 ], [ 120.260489997115769, -2.795485581993944, 0.0 ], [ 120.261548974006018, -2.795108142826507, 0.0 ], [ 120.261791746891618, -2.795789673354705, 0.0 ], [ 120.260732770900745, -2.796167112522198, 0.0 ] ] ] ] } },
{ "type": "Feature", "properties": { "OBJECTID": 1289, "WADMPR": "Sulawesi Selatan", "WADMKK": "Kab. Luwu Utara", "WADMKC": "Kec. Malangke Barat", "WADMKD": "Desa Limbong Wara", "POKTAN": "Taro Ada Taro Gau", "K_POKTAN": "Markus Limin", "P_SID": "Universitas Negeri Makassar", "NO_HP_1": "085150991731", "NAMA_PEMIL": "Pemerintah Desa", "N_PETAK": "LA70", "LUAS_HA": 1.0000130491599999, "PAKET": "Paket Sulawesi Selatan 16" }, "geometry": { "type": "MultiPolygon", "coordinates": [ [ [ [ 120.260732770900745, -2.796167112522198, 0.0 ], [ 120.259673787715201, -2.796544552589012, 0.0 ], [ 120.259431013930225, -2.795863022060757, 0.0 ], [ 120.260489997115769, -2.795485581993944, 0.0 ], [ 120.260732770900745, -2.796167112522198, 0.0 ] ] ] ] } },
{ "type": "Feature", "properties": { "OBJECTID": 1290, "WADMPR": "Sulawesi Selatan", "WADMKK": "Kab. Luwu Utara", "WADMKC": "Kec. Malangke Barat", "WADMKD": "Desa Limbong Wara", "POKTAN": "Taro Ada Taro Gau", "K_POKTAN": "Markus Limin", "P_SID": "Universitas Negeri Makassar", "NO_HP_1": "085150991731", "NAMA_PEMIL": "Pemerintah Desa", "N_PETAK": "LA71", "LUAS_HA": 0.94744438591000002, "PAKET": "Paket Sulawesi Selatan 16" }, "geometry": { "type": "MultiPolygon", "coordinates": [ [ [ [ 120.259673787715201, -2.796544552589012, 0.0 ], [ 120.260732770900745, -2.796167112522198, 0.0 ], [ 120.260975543786344, -2.796848643050396, 0.0 ], [ 120.260232863855663, -2.79711324877735, 0.0 ], [ 120.259977783747786, -2.797014227124862, 0.0 ], [ 120.259830968524398, -2.797010601058332, 0.0 ], [ 120.259673787715201, -2.796544552589012, 0.0 ] ] ] ] } },
{ "type": "Feature", "properties": { "OBJECTID": 1291, "WADMPR": "Sulawesi Selatan", "WADMKK": "Kab. Luwu Utara", "WADMKC": "Kec. Malangke Barat", "WADMKD": "Desa Limbong Wara", "POKTAN": "Taro Ada Taro Gau", "K_POKTAN": "Markus Limin", "P_SID": "Universitas Negeri Makassar", "NO_HP_1": "085150991731", "NAMA_PEMIL": "Pemerintah Desa", "N_PETAK": "LA72", "LUAS_HA": 0.89541665219, "PAKET": "Paket Sulawesi Selatan 16" }, "geometry": { "type": "MultiPolygon", "coordinates": [ [ [ [ 120.262277299857601, -2.79715273351178, 0.0 ], [ 120.261218323866615, -2.797530171779954, 0.0 ], [ 120.261083999327184, -2.797154801053182, 0.0 ], [ 120.261275633164018, -2.796947831976809, 0.0 ], [ 120.261405485374894, -2.796696466968342, 0.0 ], [ 120.262034526971888, -2.796471202983582, 0.0 ], [ 120.262277299857601, -2.79715273351178, 0.0 ] ] ] ] } },
{ "type": "Feature", "properties": { "OBJECTID": 1292, "WADMPR": "Sulawesi Selatan", "WADMKK": "Kab. Luwu Utara", "WADMKC": "Kec. Malangke Barat", "WADMKD": "Desa Limbong Wara", "POKTAN": "Taro Ada Taro Gau", "K_POKTAN": "Markus Limin", "P_SID": "Universitas Negeri Makassar", "NO_HP_1": "085150991731", "NAMA_PEMIL": "Pemerintah Desa", "N_PETAK": "LA73", "LUAS_HA": 0.36906271798000001, "PAKET": "Paket Sulawesi Selatan 16" }, "geometry": { "type": "MultiPolygon", "coordinates": [ [ [ [ 120.261218323866615, -2.797530171779954, 0.0 ], [ 120.26038225833463, -2.797828166636521, 0.0 ], [ 120.260490326267586, -2.797481478887107, 0.0 ], [ 120.260531651914221, -2.797284254864451, 0.0 ], [ 120.260801221898987, -2.797271060011383, 0.0 ], [ 120.261083999327184, -2.797154801053182, 0.0 ], [ 120.261218323866615, -2.797530171779954, 0.0 ] ] ] ] } },
{ "type": "Feature", "properties": { "OBJECTID": 1293, "WADMPR": "Sulawesi Selatan", "WADMKK": "Kab. Luwu Utara", "WADMKC": "Kec. Malangke Barat", "WADMKD": "Desa Limbong Wara", "POKTAN": "Taro Ada Taro Gau", "K_POKTAN": "Markus Limin", "P_SID": "Universitas Negeri Makassar", "NO_HP_1": "085150991731", "NAMA_PEMIL": "Pemerintah Desa", "N_PETAK": "LA74", "LUAS_HA": 0.92783332774000005, "PAKET": "Paket Sulawesi Selatan 16" }, "geometry": { "type": "MultiPolygon", "coordinates": [ [ [ [ 120.261461096752328, -2.798211702308151, 0.0 ], [ 120.260402113566784, -2.798589142374965, 0.0 ], [ 120.26030243720777, -2.798304510544654, 0.0 ], [ 120.260378052205397, -2.798058630501373, 0.0 ], [ 120.26038225833463, -2.797828166636521, 0.0 ], [ 120.261218323866615, -2.797530171779954, 0.0 ], [ 120.261461096752328, -2.798211702308151, 0.0 ] ] ] ] } },
{ "type": "Feature", "properties": { "OBJECTID": 1294, "WADMPR": "Sulawesi Selatan", "WADMKK": "Kab. Luwu Utara", "WADMKC": "Kec. Malangke Barat", "WADMKD": "Desa Limbong Wara", "POKTAN": "Taro Ada Taro Gau", "K_POKTAN": "Markus Limin", "P_SID": "Universitas Negeri Makassar", "NO_HP_1": "085150991731", "NAMA_PEMIL": "Pemerintah Desa", "N_PETAK": "LA75", "LUAS_HA": 1.00000481703, "PAKET": "Paket Sulawesi Selatan 16" }, "geometry": { "type": "MultiPolygon", "coordinates": [ [ [ [ 120.262520073642577, -2.797834263140658, 0.0 ], [ 120.261461096752328, -2.798211702308151, 0.0 ], [ 120.261218323866615, -2.797530171779954, 0.0 ], [ 120.262277299857601, -2.79715273351178, 0.0 ], [ 120.262520073642577, -2.797834263140658, 0.0 ] ] ] ] } },
{ "type": "Feature", "properties": { "OBJECTID": 1295, "WADMPR": "Sulawesi Selatan", "WADMKK": "Kab. Luwu Utara", "WADMKC": "Kec. Malangke Barat", "WADMKD": "Desa Limbong Wara", "POKTAN": "Taro Ada Taro Gau", "K_POKTAN": "Markus Limin", "P_SID": "Universitas Negeri Makassar", "NO_HP_1": "085150991731", "NAMA_PEMIL": "Pemerintah Desa", "N_PETAK": "LA76", "LUAS_HA": 0.52886577486999997, "PAKET": "Paket Sulawesi Selatan 16" }, "geometry": { "type": "MultiPolygon", "coordinates": [ [ [ [ 120.261668088311694, -2.79879547922792, 0.0 ], [ 120.261461096752328, -2.798211702308151, 0.0 ], [ 120.262520073642577, -2.797834263140658, 0.0 ], [ 120.262566645934044, -2.797966527333301, 0.0 ], [ 120.262150350658203, -2.798390069346169, 0.0 ], [ 120.261836330782103, -2.798593986123535, 0.0 ], [ 120.261668088311694, -2.79879547922792, 0.0 ] ] ] ] } },
{ "type": "Feature", "properties": { "OBJECTID": 1296, "WADMPR": "Sulawesi Selatan", "WADMKK": "Kab. Luwu Utara", "WADMKC": "Kec. Malangke Barat", "WADMKD": "Desa Limbong Wara", "POKTAN": "Taro Ada Taro Gau", "K_POKTAN": "Markus Limin", "P_SID": "Universitas Negeri Makassar", "NO_HP_1": "085150991731", "NAMA_PEMIL": "Pemerintah Desa", "N_PETAK": "LA77", "LUAS_HA": 0.98044183448, "PAKET": "Paket Sulawesi Selatan 16" }, "geometry": { "type": "MultiPolygon", "coordinates": [ [ [ [ 120.261668088311694, -2.79879547922792, 0.0 ], [ 120.261558411491592, -2.798945255918795, 0.0 ], [ 120.260728841762671, -2.799243132064873, 0.0 ], [ 120.260667460335071, -2.79917111705339, 0.0 ], [ 120.260584235274337, -2.799101047275485, 0.0 ], [ 120.260402113566784, -2.798589142374965, 0.0 ], [ 120.261461096752328, -2.798211702308151, 0.0 ], [ 120.261668088311694, -2.79879547922792, 0.0 ] ] ] ] } },
{ "type": "Feature", "properties": { "OBJECTID": 1297, "WADMPR": "Sulawesi Selatan", "WADMKK": "Kab. Luwu Utara", "WADMKC": "Kec. Malangke Barat", "WADMKD": "Desa Limbong Wara", "POKTAN": "Taro Ada Taro Gau", "K_POKTAN": "Markus Limin", "P_SID": "Universitas Negeri Makassar", "NO_HP_1": "085150991731", "NAMA_PEMIL": "Pemerintah Desa", "N_PETAK": "LA78", "LUAS_HA": 0.62807579862999996, "PAKET": "Paket Sulawesi Selatan 16" }, "geometry": { "type": "MultiPolygon", "coordinates": [ [ [ [ 120.26192423141822, -2.799234428426075, 0.0 ], [ 120.261852541961275, -2.799311696377629, 0.0 ], [ 120.261769229666243, -2.799063979918685, 0.0 ], [ 120.261842391313394, -2.798945230737786, 0.0 ], [ 120.261890792825852, -2.798829189415528, 0.0 ], [ 120.262762846528176, -2.798515793668912, 0.0 ], [ 120.262945090543553, -2.79903770172848, 0.0 ], [ 120.26279643440796, -2.799095431009277, 0.0 ], [ 120.262680904799936, -2.799100690244586, 0.0 ], [ 120.262425066563651, -2.799122214618478, 0.0 ], [ 120.262235142338, -2.799185377603067, 0.0 ], [ 120.26192423141822, -2.799234428426075, 0.0 ] ] ] ] } },
{ "type": "Feature", "properties": { "OBJECTID": 1298, "WADMPR": "Sulawesi Selatan", "WADMKK": "Kab. Luwu Utara", "WADMKC": "Kec. Malangke Barat", "WADMKD": "Desa Limbong Wara", "POKTAN": "Taro Ada Taro Gau", "K_POKTAN": "Markus Limin", "P_SID": "Universitas Negeri Makassar", "NO_HP_1": "085150991731", "NAMA_PEMIL": "Pemerintah Desa", "N_PETAK": "LA79", "LUAS_HA": 1.00000631485, "PAKET": "Paket Sulawesi Selatan 16" }, "geometry": { "type": "MultiPolygon", "coordinates": [ [ [ [ 120.263248399494159, -2.799878852926668, 0.0 ], [ 120.262189423503173, -2.800256292094161, 0.0 ], [ 120.261946643422903, -2.799574763364603, 0.0 ], [ 120.263005626608447, -2.79919732329779, 0.0 ], [ 120.263248399494159, -2.799878852926668, 0.0 ] ] ] ] } },
{ "type": "Feature", "properties": { "OBJECTID": 1299, "WADMPR": "Sulawesi Selatan", "WADMKK": "Kab. Luwu Utara", "WADMKC": "Kec. Malangke Barat", "WADMKD": "Desa Limbong Wara", "POKTAN": "Taro Ada Taro Gau", "K_POKTAN": "Markus Limin", "P_SID": "Universitas Negeri Makassar", "NO_HP_1": "085150991731", "NAMA_PEMIL": "Pemerintah Desa", "N_PETAK": "LA80", "LUAS_HA": 0.85181392303000003, "PAKET": "Paket Sulawesi Selatan 16" }, "geometry": { "type": "MultiPolygon", "coordinates": [ [ [ [ 120.262189423503173, -2.800256292094161, 0.0 ], [ 120.261130440317629, -2.800633732160975, 0.0 ], [ 120.260887660237358, -2.799952203431417, 0.0 ], [ 120.261254312036954, -2.799910425425765, 0.0 ], [ 120.26131197746588, -2.799950661993421, 0.0 ], [ 120.261548536935493, -2.79994015521396, 0.0 ], [ 120.261651795294142, -2.799889234700402, 0.0 ], [ 120.261946643422903, -2.799574763364603, 0.0 ], [ 120.262189423503173, -2.800256292094161, 0.0 ] ] ] ] } },
{ "type": "Feature", "properties": { "OBJECTID": 1300, "WADMPR": "Sulawesi Selatan", "WADMKK": "Kab. Luwu Utara", "WADMKC": "Kec. Malangke Barat", "WADMKD": "Desa Limbong Wara", "POKTAN": "Taro Ada Taro Gau", "K_POKTAN": "Markus Limin", "P_SID": "Universitas Negeri Makassar", "NO_HP_1": "085150991731", "NAMA_PEMIL": "Pemerintah Desa", "N_PETAK": "LA81", "LUAS_HA": 0.88458511997, "PAKET": "Paket Sulawesi Selatan 16" }, "geometry": { "type": "MultiPolygon", "coordinates": [ [ [ [ 120.262432196388772, -2.800937822622359, 0.0 ], [ 120.261647977672055, -2.801218738453997, 0.0 ], [ 120.261522767761562, -2.801059730222335, 0.0 ], [ 120.261288895466237, -2.80088349637623, 0.0 ], [ 120.261130440317629, -2.800633732160975, 0.0 ], [ 120.262189423503173, -2.800256292094161, 0.0 ], [ 120.262432196388772, -2.800937822622359, 0.0 ] ] ] ] } },
{ "type": "Feature", "properties": { "OBJECTID": 1301, "WADMPR": "Sulawesi Selatan", "WADMKK": "Kab. Luwu Utara", "WADMKC": "Kec. Malangke Barat", "WADMKD": "Desa Limbong Wara", "POKTAN": "Taro Ada Taro Gau", "K_POKTAN": "Markus Limin", "P_SID": "Universitas Negeri Makassar", "NO_HP_1": "085150991731", "NAMA_PEMIL": "Pemerintah Desa", "N_PETAK": "LA82", "LUAS_HA": 0.97579081932, "PAKET": "Paket Sulawesi Selatan 16" }, "geometry": { "type": "MultiPolygon", "coordinates": [ [ [ [ 120.262432196388772, -2.800937822622359, 0.0 ], [ 120.262189423503173, -2.800256292094161, 0.0 ], [ 120.263248399494159, -2.799878852926668, 0.0 ], [ 120.263460303150509, -2.800473798526923, 0.0 ], [ 120.263254082310141, -2.80062909975311, 0.0 ], [ 120.262432196388772, -2.800937822622359, 0.0 ] ] ] ] } },
{ "type": "Feature", "properties": { "OBJECTID": 1302, "WADMPR": "Sulawesi Selatan", "WADMKK": "Kab. Luwu Utara", "WADMKC": "Kec. Malangke Barat", "WADMKD": "Desa Limbong Wara", "POKTAN": "Taro Ada Taro Gau", "K_POKTAN": "Markus Limin", "P_SID": "Universitas Negeri Makassar", "NO_HP_1": "085150991731", "NAMA_PEMIL": "Pemerintah Desa", "N_PETAK": "LA83", "LUAS_HA": 0.54046815932000003, "PAKET": "Paket Sulawesi Selatan 16" }, "geometry": { "type": "MultiPolygon", "coordinates": [ [ [ [ 120.261647977672055, -2.801218738453997, 0.0 ], [ 120.262432196388772, -2.800937822622359, 0.0 ], [ 120.262505250117215, -2.801142903122411, 0.0 ], [ 120.262469348281911, -2.80118633318267, 0.0 ], [ 120.262450253876182, -2.801214847986785, 0.0 ], [ 120.26243402830778, -2.801241188230222, 0.0 ], [ 120.262360184075305, -2.801361066060281, 0.0 ], [ 120.262348928160577, -2.801380391591749, 0.0 ], [ 120.262324782262908, -2.801431677230084, 0.0 ], [ 120.262319060776122, -2.801446898255676, 0.0 ], [ 120.262253240294854, -2.801632042584629, 0.0 ], [ 120.262241397122807, -2.801670746707543, 0.0 ], [ 120.262231281548452, -2.801722040439756, 0.0 ], [ 120.262223239810737, -2.801780357877192, 0.0 ], [ 120.26188961651269, -2.801897586304506, 0.0 ], [ 120.261818418984944, -2.801777633830682, 0.0 ], [ 120.261798824556195, -2.801665789644403, 0.0 ], [ 120.261811183039754, -2.801474163002183, 0.0 ], [ 120.261779749935613, -2.801330347917201, 0.0 ], [ 120.261647977672055, -2.801218738453997, 0.0 ] ] ] ] } },
{ "type": "Feature", "properties": { "OBJECTID": 1303, "WADMPR": "Sulawesi Selatan", "WADMKK": "Kab. Luwu Utara", "WADMKC": "Kec. Malangke Barat", "WADMKD": "Desa Limbong Wara", "POKTAN": "Taro Ada Taro Gau", "K_POKTAN": "Markus Limin", "P_SID": "Universitas Negeri Makassar", "NO_HP_1": "085150991731", "NAMA_PEMIL": "Pemerintah Desa", "N_PETAK": "LA84", "LUAS_HA": 1.0000124213599999, "PAKET": "Paket Sulawesi Selatan 16" }, "geometry": { "type": "MultiPolygon", "coordinates": [ [ [ [ 120.258144341288357, -2.792482010036679, 0.0 ], [ 120.257085365297485, -2.792859449204173, 0.0 ], [ 120.256842585217214, -2.792177919575295, 0.0 ], [ 120.257054356673279, -2.792102441274608, 0.0 ], [ 120.257477943652248, -2.791951468485422, 0.0 ], [ 120.257901568402758, -2.791800479508481, 0.0 ], [ 120.258144341288357, -2.792482010036679, 0.0 ] ] ] ] } },
{ "type": "Feature", "properties": { "OBJECTID": 1304, "WADMPR": "Sulawesi Selatan", "WADMKK": "Kab. Luwu Utara", "WADMKC": "Kec. Malangke Barat", "WADMKD": "Desa Limbong Wara", "POKTAN": "Taro Ada Taro Gau", "K_POKTAN": "Markus Limin", "P_SID": "Universitas Negeri Makassar", "NO_HP_1": "085150991731", "NAMA_PEMIL": "Pemerintah Desa", "N_PETAK": "LA85", "LUAS_HA": 1.0000148094200001, "PAKET": "Paket Sulawesi Selatan 16" }, "geometry": { "type": "MultiPolygon", "coordinates": [ [ [ [ 120.257328138183084, -2.79354097973237, 0.0 ], [ 120.25626915499754, -2.793918419799184, 0.0 ], [ 120.256026382111941, -2.793236889270986, 0.0 ], [ 120.257085365297485, -2.792859449204173, 0.0 ], [ 120.257328138183084, -2.79354097973237, 0.0 ] ] ] ] } },
{ "type": "Feature", "properties": { "OBJECTID": 1305, "WADMPR": "Sulawesi Selatan", "WADMKK": "Kab. Luwu Utara", "WADMKC": "Kec. Malangke Barat", "WADMKD": "Desa Limbong Wara", "POKTAN": "Taro Ada Taro Gau", "K_POKTAN": "Markus Limin", "P_SID": "Universitas Negeri Makassar", "NO_HP_1": "085150991731", "NAMA_PEMIL": "Pemerintah Desa", "N_PETAK": "LA86", "LUAS_HA": 1.0000088252399999, "PAKET": "Paket Sulawesi Selatan 16" }, "geometry": { "type": "MultiPolygon", "coordinates": [ [ [ [ 120.25838711417407, -2.793163540564876, 0.0 ], [ 120.257328138183084, -2.79354097973237, 0.0 ], [ 120.257085365297485, -2.792859449204173, 0.0 ], [ 120.258144341288357, -2.792482010036679, 0.0 ], [ 120.25838711417407, -2.793163540564876, 0.0 ] ] ] ] } },
{ "type": "Feature", "properties": { "OBJECTID": 1306, "WADMPR": "Sulawesi Selatan", "WADMKK": "Kab. Luwu Utara", "WADMKC": "Kec. Malangke Barat", "WADMKD": "Desa Limbong Wara", "POKTAN": "Taro Ada Taro Gau", "K_POKTAN": "Markus Limin", "P_SID": "Universitas Negeri Makassar", "NO_HP_1": "085150991731", "NAMA_PEMIL": "Pemerintah Desa", "N_PETAK": "LA87", "LUAS_HA": 1.00000812621, "PAKET": "Paket Sulawesi Selatan 16" }, "geometry": { "type": "MultiPolygon", "coordinates": [ [ [ [ 120.258629887959046, -2.793845071093131, 0.0 ], [ 120.257570911068797, -2.794222509361248, 0.0 ], [ 120.257328138183084, -2.79354097973237, 0.0 ], [ 120.25838711417407, -2.793163540564876, 0.0 ], [ 120.258629887959046, -2.793845071093131, 0.0 ] ] ] ] } },
{ "type": "Feature", "properties": { "OBJECTID": 1307, "WADMPR": "Sulawesi Selatan", "WADMKK": "Kab. Luwu Utara", "WADMKC": "Kec. Malangke Barat", "WADMKD": "Desa Limbong Wara", "POKTAN": "Taro Ada Taro Gau", "K_POKTAN": "Markus Limin", "P_SID": "Universitas Negeri Makassar", "NO_HP_1": "085150991731", "NAMA_PEMIL": "Pemerintah Desa", "N_PETAK": "LA88", "LUAS_HA": 0.94092815746000003, "PAKET": "Paket Sulawesi Selatan 16" }, "geometry": { "type": "MultiPolygon", "coordinates": [ [ [ [ 120.257570911068797, -2.794222509361248, 0.0 ], [ 120.256511927883253, -2.794599949428061, 0.0 ], [ 120.256437389374128, -2.794390324653705, 0.0 ], [ 120.256496410980617, -2.794264153367919, 0.0 ], [ 120.25650812824756, -2.794136232001449, 0.0 ], [ 120.256421983088103, -2.793999877692158, 0.0 ], [ 120.25626915499754, -2.793918419799184, 0.0 ], [ 120.257328138183084, -2.79354097973237, 0.0 ], [ 120.257570911068797, -2.794222509361248, 0.0 ] ] ] ] } },
{ "type": "Feature", "properties": { "OBJECTID": 1308, "WADMPR": "Sulawesi Selatan", "WADMKK": "Kab. Luwu Utara", "WADMKC": "Kec. Malangke Barat", "WADMKD": "Desa Limbong Wara", "POKTAN": "Taro Ada Taro Gau", "K_POKTAN": "Markus Limin", "P_SID": "Universitas Negeri Makassar", "NO_HP_1": "085150991731", "NAMA_PEMIL": "Pemerintah Desa", "N_PETAK": "LA89", "LUAS_HA": 1.00000990293, "PAKET": "Paket Sulawesi Selatan 16" }, "geometry": { "type": "MultiPolygon", "coordinates": [ [ [ [ 120.258872664441924, -2.794526600722008, 0.0 ], [ 120.257813684853772, -2.794904039889502, 0.0 ], [ 120.257570911068797, -2.794222509361248, 0.0 ], [ 120.258629887959046, -2.793845071093131, 0.0 ], [ 120.258872664441924, -2.794526600722008, 0.0 ] ] ] ] } },
{ "type": "Feature", "properties": { "OBJECTID": 1309, "WADMPR": "Sulawesi Selatan", "WADMKK": "Kab. Luwu Utara", "WADMKC": "Kec. Malangke Barat", "WADMKD": "Desa Limbong Wara", "POKTAN": "Taro Ada Taro Gau", "K_POKTAN": "Markus Limin", "P_SID": "Universitas Negeri Makassar", "NO_HP_1": "085150991731", "NAMA_PEMIL": "Pemerintah Desa", "N_PETAK": "LA90", "LUAS_HA": 1.00001409681, "PAKET": "Paket Sulawesi Selatan 16" }, "geometry": { "type": "MultiPolygon", "coordinates": [ [ [ [ 120.257813684853772, -2.794904039889502, 0.0 ], [ 120.256754701668228, -2.795281479956316, 0.0 ], [ 120.256511927883253, -2.794599949428061, 0.0 ], [ 120.257570911068797, -2.794222509361248, 0.0 ], [ 120.257813684853772, -2.794904039889502, 0.0 ] ] ] ] } },
{ "type": "Feature", "properties": { "OBJECTID": 1310, "WADMPR": "Sulawesi Selatan", "WADMKK": "Kab. Luwu Utara", "WADMKC": "Kec. Malangke Barat", "WADMKD": "Desa Limbong Wara", "POKTAN": "Taro Ada Taro Gau", "K_POKTAN": "Markus Limin", "P_SID": "Universitas Negeri Makassar", "NO_HP_1": "085150991731", "NAMA_PEMIL": "Pemerintah Desa", "N_PETAK": "LA91", "LUAS_HA": 1.0000099704200001, "PAKET": "Paket Sulawesi Selatan 16" }, "geometry": { "type": "MultiPolygon", "coordinates": [ [ [ [ 120.259115440924916, -2.795208130350886, 0.0 ], [ 120.258056464933929, -2.79558556951838, 0.0 ], [ 120.257813684853772, -2.794904039889502, 0.0 ], [ 120.258872664441924, -2.794526600722008, 0.0 ], [ 120.259115440924916, -2.795208130350886, 0.0 ] ] ] ] } },
{ "type": "Feature", "properties": { "OBJECTID": 1311, "WADMPR": "Sulawesi Selatan", "WADMKK": "Kab. Luwu Utara", "WADMKC": "Kec. Malangke Barat", "WADMKD": "Desa Limbong Wara", "POKTAN": "Taro Ada Taro Gau", "K_POKTAN": "Markus Limin", "P_SID": "Universitas Negeri Makassar", "NO_HP_1": "085150991731", "NAMA_PEMIL": "Pemerintah Desa", "N_PETAK": "LA92", "LUAS_HA": 0.76523787566000001, "PAKET": "Paket Sulawesi Selatan 16" }, "geometry": { "type": "MultiPolygon", "coordinates": [ [ [ [ 120.258056464933929, -2.79558556951838, 0.0 ], [ 120.257394121441621, -2.79582175217206, 0.0 ], [ 120.257162350861904, -2.795520607889671, 0.0 ], [ 120.256960394606608, -2.795377420531509, 0.0 ], [ 120.256754701668228, -2.795281479956316, 0.0 ], [ 120.257813684853772, -2.794904039889502, 0.0 ], [ 120.258056464933929, -2.79558556951838, 0.0 ] ] ] ] } },
{ "type": "Feature", "properties": { "OBJECTID": 1312, "WADMPR": "Sulawesi Selatan", "WADMKK": "Kab. Luwu Utara", "WADMKC": "Kec. Malangke Barat", "WADMKD": "Desa Limbong Wara", "POKTAN": "Taro Ada Taro Gau", "K_POKTAN": "Markus Limin", "P_SID": "Universitas Negeri Makassar", "NO_HP_1": "085150991731", "NAMA_PEMIL": "Pemerintah Desa", "N_PETAK": "LA93", "LUAS_HA": 0.31207499145000001, "PAKET": "Paket Sulawesi Selatan 16" }, "geometry": { "type": "MultiPolygon", "coordinates": [ [ [ [ 120.258177648579704, -2.795926116696876, 0.0 ], [ 120.25801691275035, -2.796121354117133, 0.0 ], [ 120.257794987049124, -2.796147079224284, 0.0 ], [ 120.257574345579656, -2.795971040531072, 0.0 ], [ 120.257394121441621, -2.79582175217206, 0.0 ], [ 120.258056464933929, -2.79558556951838, 0.0 ], [ 120.258177648579704, -2.795926116696876, 0.0 ] ] ] ] } },
{ "type": "Feature", "properties": { "OBJECTID": 1313, "WADMPR": "Sulawesi Selatan", "WADMKK": "Kab. Luwu Utara", "WADMKC": "Kec. Malangke Barat", "WADMKD": "Desa Limbong Wara", "POKTAN": "Taro Ada Taro Gau", "K_POKTAN": "Markus Limin", "P_SID": "Universitas Negeri Makassar", "NO_HP_1": "085150991731", "NAMA_PEMIL": "Pemerintah Desa", "N_PETAK": "LA94", "LUAS_HA": 0.56393098339000003, "PAKET": "Paket Sulawesi Selatan 16" }, "geometry": { "type": "MultiPolygon", "coordinates": [ [ [ [ 120.258177648579704, -2.795926116696876, 0.0 ], [ 120.258056464933929, -2.79558556951838, 0.0 ], [ 120.259115440924916, -2.795208130350886, 0.0 ], [ 120.259358213810629, -2.795889660879084, 0.0 ], [ 120.259047409910067, -2.795997465310734, 0.0 ], [ 120.258843641520912, -2.795580330068105, 0.0 ], [ 120.258633494240485, -2.795631774886431, 0.0 ], [ 120.258486933525205, -2.795676026027706, 0.0 ], [ 120.258284464656413, -2.795811409968564, 0.0 ], [ 120.258177648579704, -2.795926116696876, 0.0 ] ] ] ] } },
{ "type": "Feature", "properties": { "OBJECTID": 1314, "WADMPR": "Sulawesi Selatan", "WADMKK": "Kab. Luwu Utara", "WADMKC": "Kec. Malangke Barat", "WADMKD": "Desa Limbong Wara", "POKTAN": "Taro Ada Taro Gau", "K_POKTAN": "Markus Limin", "P_SID": "Universitas Negeri Makassar", "NO_HP_1": "085150991731", "NAMA_PEMIL": "Pemerintah Desa", "N_PETAK": "LA95", "LUAS_HA": 0.82307606198000005, "PAKET": "Paket Sulawesi Selatan 16" }, "geometry": { "type": "MultiPolygon", "coordinates": [ [ [ [ 120.26146235310523, -2.791297333105376, 0.0 ], [ 120.26121957302496, -2.790615803476499, 0.0 ], [ 120.262138757497723, -2.790288190347667, 0.0 ], [ 120.262209605189241, -2.790622728256267, 0.0 ], [ 120.262228896546389, -2.790713815190372, 0.0 ], [ 120.26226086834447, -2.790883117961471, 0.0 ], [ 120.26227721172404, -2.791006902446554, 0.0 ], [ 120.26146235310523, -2.791297333105376, 0.0 ] ] ] ] } },
{ "type": "Feature", "properties": { "OBJECTID": 1315, "WADMPR": "Sulawesi Selatan", "WADMKK": "Kab. Luwu Utara", "WADMKC": "Kec. Malangke Barat", "WADMKD": "Desa Limbong Wara", "POKTAN": "Taro Ada Taro Gau", "K_POKTAN": "Markus Limin", "P_SID": "Universitas Negeri Makassar", "NO_HP_1": "085150991731", "NAMA_PEMIL": "Pemerintah Desa", "N_PETAK": "LA96", "LUAS_HA": 1.00001883615, "PAKET": "Paket Sulawesi Selatan 16" }, "geometry": { "type": "MultiPolygon", "coordinates": [ [ [ [ 120.26146235310523, -2.791297333105376, 0.0 ], [ 120.260403369919686, -2.79167477317219, 0.0 ], [ 120.260160589839415, -2.790993243543312, 0.0 ], [ 120.26121957302496, -2.790615803476499, 0.0 ], [ 120.26146235310523, -2.791297333105376, 0.0 ] ] ] ] } },
{ "type": "Feature", "properties": { "OBJECTID": 1316, "WADMPR": "Sulawesi Selatan", "WADMKK": "Kab. Luwu Utara", "WADMKC": "Kec. Malangke Barat", "WADMKD": "Desa Limbong Wara", "POKTAN": "Taro Ada Taro Gau", "K_POKTAN": "Markus Limin", "P_SID": "Universitas Negeri Makassar", "NO_HP_1": "085150991731", "NAMA_PEMIL": "Pemerintah Desa", "N_PETAK": "LA97", "LUAS_HA": 1.0000161038599999, "PAKET": "Paket Sulawesi Selatan 16" }, "geometry": { "type": "MultiPolygon", "coordinates": [ [ [ [ 120.261705125990829, -2.791978863633631, 0.0 ], [ 120.260646142805285, -2.792356303700387, 0.0 ], [ 120.260403369919686, -2.79167477317219, 0.0 ], [ 120.26146235310523, -2.791297333105376, 0.0 ], [ 120.261705125990829, -2.791978863633631, 0.0 ] ] ] ] } },
{ "type": "Feature", "properties": { "OBJECTID": 1317, "WADMPR": "Sulawesi Selatan", "WADMKK": "Kab. Luwu Utara", "WADMKC": "Kec. Malangke Barat", "WADMKD": "Desa Limbong Wara", "POKTAN": "Taro Ada Taro Gau", "K_POKTAN": "Markus Limin", "P_SID": "Universitas Negeri Makassar", "NO_HP_1": "085150991731", "NAMA_PEMIL": "Pemerintah Desa", "N_PETAK": "LA98", "LUAS_HA": 1.0000150880400001, "PAKET": "Paket Sulawesi Selatan 16" }, "geometry": { "type": "MultiPolygon", "coordinates": [ [ [ [ 120.261947898876542, -2.792660393262508, 0.0 ], [ 120.260888915690998, -2.793037834228642, 0.0 ], [ 120.260646142805285, -2.792356303700387, 0.0 ], [ 120.261705125990829, -2.791978863633631, 0.0 ], [ 120.261947898876542, -2.792660393262508, 0.0 ] ] ] ] } },
{ "type": "Feature", "properties": { "OBJECTID": 1318, "WADMPR": "Sulawesi Selatan", "WADMKK": "Kab. Luwu Utara", "WADMKC": "Kec. Malangke Barat", "WADMKD": "Desa Limbong Wara", "POKTAN": "Taro Ada Taro Gau", "K_POKTAN": "Markus Limin", "P_SID": "Universitas Negeri Makassar", "NO_HP_1": "085150991731", "NAMA_PEMIL": "Pemerintah Desa", "N_PETAK": "LA99", "LUAS_HA": 1.0000149405200001, "PAKET": "Paket Sulawesi Selatan 16" }, "geometry": { "type": "MultiPolygon", "coordinates": [ [ [ [ 120.262190672661518, -2.793341923790706, 0.0 ], [ 120.261131689475974, -2.79371936385752, 0.0 ], [ 120.260888915690998, -2.793037834228642, 0.0 ], [ 120.261947898876542, -2.792660393262508, 0.0 ], [ 120.262190672661518, -2.793341923790706, 0.0 ] ] ] ] } },
{ "type": "Feature", "properties": { "OBJECTID": 1319, "WADMPR": "Sulawesi Selatan", "WADMKK": "Kab. Luwu Utara", "WADMKC": "Kec. Malangke Barat", "WADMKD": "Desa Limbong Wara", "POKTAN": "Taro Ada Taro Gau", "K_POKTAN": "Markus Limin", "P_SID": "Universitas Negeri Makassar", "NO_HP_1": "085150991731", "NAMA_PEMIL": "Pemerintah Desa", "N_PETAK": "LA100", "LUAS_HA": 0.97075964842999996, "PAKET": "Paket Sulawesi Selatan 16" }, "geometry": { "type": "MultiPolygon", "coordinates": [ [ [ [ 120.262363854208616, -2.794048259419583, 0.0 ], [ 120.261374469556131, -2.794400893486397, 0.0 ], [ 120.261131689475974, -2.79371936385752, 0.0 ], [ 120.262190672661518, -2.793341923790706, 0.0 ], [ 120.262284463856986, -2.793623972768103, 0.0 ], [ 120.26228430197898, -2.793693717890733, 0.0 ], [ 120.262287714006902, -2.793750356293856, 0.0 ], [ 120.262296278250687, -2.79379839897689, 0.0 ], [ 120.262331595526803, -2.793949113660631, 0.0 ], [ 120.262333476009189, -2.793956832541767, 0.0 ], [ 120.262345828197454, -2.793997540354155, 0.0 ], [ 120.262363854208616, -2.794048259419583, 0.0 ] ] ] ] } },
{ "type": "Feature", "properties": { "OBJECTID": 1320, "WADMPR": "Sulawesi Selatan", "WADMKK": "Kab. Luwu Utara", "WADMKC": "Kec. Malangke Barat", "WADMKD": "Desa Limbong Wara", "POKTAN": "Taro Ada Taro Gau", "K_POKTAN": "Markus Limin", "P_SID": "Universitas Negeri Makassar", "NO_HP_1": "085150991731", "NAMA_PEMIL": "Pemerintah Desa", "N_PETAK": "LA101", "LUAS_HA": 0.97243414527000005, "PAKET": "Paket Sulawesi Selatan 16" }, "geometry": { "type": "MultiPolygon", "coordinates": [ [ [ [ 120.262676225627388, -2.794704983947781, 0.0 ], [ 120.261617242441844, -2.795082424014595, 0.0 ], [ 120.261374469556131, -2.794400893486397, 0.0 ], [ 120.262363854208616, -2.794048259419583, 0.0 ], [ 120.262409613512887, -2.794177012658963, 0.0 ], [ 120.262414575072626, -2.794190310934027, 0.0 ], [ 120.262438482649941, -2.794241708987613, 0.0 ], [ 120.262468609039161, -2.794289688718095, 0.0 ], [ 120.262504477599578, -2.794333493795648, 0.0 ], [ 120.262545522657774, -2.79437243264158, 0.0 ], [ 120.262562241954015, -2.794384999767885, 0.0 ], [ 120.262676225627388, -2.794704983947781, 0.0 ] ] ] ] } },
{ "type": "Feature", "properties": { "OBJECTID": 1321, "WADMPR": "Sulawesi Selatan", "WADMKK": "Kab. Luwu Utara", "WADMKC": "Kec. Malangke Barat", "WADMKD": "Desa Limbong Wara", "POKTAN": "Taro Ada Taro Gau", "K_POKTAN": "Markus Limin", "P_SID": "Universitas Negeri Makassar", "NO_HP_1": "085150991731", "NAMA_PEMIL": "Pemerintah Desa", "N_PETAK": "LA102", "LUAS_HA": 0.7983449126, "PAKET": "Paket Sulawesi Selatan 16" }, "geometry": { "type": "MultiPolygon", "coordinates": [ [ [ [ 120.261617242441844, -2.795082424014595, 0.0 ], [ 120.262676225627388, -2.794704983947781, 0.0 ], [ 120.262918999412364, -2.795386513576716, 0.0 ], [ 120.262726605648368, -2.795448900446331, 0.0 ], [ 120.262493616487291, -2.795402722057929, 0.0 ], [ 120.26210997829287, -2.795384191527148, 0.0 ], [ 120.261955144714193, -2.795437757846173, 0.0 ], [ 120.261893039332335, -2.795533024829183, 0.0 ], [ 120.26189162110154, -2.795699994758877, 0.0 ], [ 120.261848268382892, -2.795714412689961, 0.0 ], [ 120.261617242441844, -2.795082424014595, 0.0 ] ] ] ] } },
{ "type": "Feature", "properties": { "OBJECTID": 1322, "WADMPR": "Sulawesi Selatan", "WADMKK": "Kab. Luwu Utara", "WADMKC": "Kec. Malangke Barat", "WADMKD": "Desa Limbong Wara", "POKTAN": "Taro Ada Taro Gau", "K_POKTAN": "Markus Limin", "P_SID": "Universitas Negeri Makassar", "NO_HP_1": "085150991731", "NAMA_PEMIL": "Pemerintah Desa", "N_PETAK": "LA103", "LUAS_HA": 0.89434661775000002, "PAKET": "Paket Sulawesi Selatan 16" }, "geometry": { "type": "MultiPolygon", "coordinates": [ [ [ [ 120.263161772297963, -2.796068044104913, 0.0 ], [ 120.262102789112532, -2.796445484171727, 0.0 ], [ 120.261931169687841, -2.7959496069887, 0.0 ], [ 120.261945056119544, -2.795891562045881, 0.0 ], [ 120.262022496740883, -2.795706448293913, 0.0 ], [ 120.26216094916856, -2.79564254876459, 0.0 ], [ 120.2622599438414, -2.795651077934849, 0.0 ], [ 120.26247880195524, -2.795564475020456, 0.0 ], [ 120.262602559460561, -2.795568913174748, 0.0 ], [ 120.262821116301552, -2.795611946633983, 0.0 ], [ 120.262975910310047, -2.795576011523679, 0.0 ], [ 120.263161772297963, -2.796068044104913, 0.0 ] ] ] ] } },
{ "type": "Feature", "properties": { "OBJECTID": 1323, "WADMPR": "Sulawesi Selatan", "WADMKK": "Kab. Luwu Utara", "WADMKC": "Kec. Malangke Barat", "WADMKD": "Desa Limbong Wara", "POKTAN": "Taro Ada Taro Gau", "K_POKTAN": "Markus Limin", "P_SID": "Universitas Negeri Makassar", "NO_HP_1": "085150991731", "NAMA_PEMIL": "Pemerintah Desa", "N_PETAK": "LA104", "LUAS_HA": 1.0000143161899999, "PAKET": "Paket Sulawesi Selatan 16" }, "geometry": { "type": "MultiPolygon", "coordinates": [ [ [ [ 120.263404552378233, -2.796749573733791, 0.0 ], [ 120.262345569192689, -2.797127013800605, 0.0 ], [ 120.262102789112532, -2.796445484171727, 0.0 ], [ 120.263161772297963, -2.796068044104913, 0.0 ], [ 120.263404552378233, -2.796749573733791, 0.0 ] ] ] ] } },
{ "type": "Feature", "properties": { "OBJECTID": 1324, "WADMPR": "Sulawesi Selatan", "WADMKK": "Kab. Luwu Utara", "WADMKC": "Kec. Malangke Barat", "WADMKD": "Desa Limbong Wara", "POKTAN": "Taro Ada Taro Gau", "K_POKTAN": "Markus Limin", "P_SID": "Universitas Negeri Makassar", "NO_HP_1": "085150991731", "NAMA_PEMIL": "Pemerintah Desa", "N_PETAK": "LA105", "LUAS_HA": 1.00000724524, "PAKET": "Paket Sulawesi Selatan 16" }, "geometry": { "type": "MultiPolygon", "coordinates": [ [ [ [ 120.26534636584222, -2.795284961231914, 0.0 ], [ 120.265103592057244, -2.794603430703717, 0.0 ], [ 120.266162568947493, -2.794225992435543, 0.0 ], [ 120.266405341833092, -2.79490752206442, 0.0 ], [ 120.26534636584222, -2.795284961231914, 0.0 ] ] ] ] } },
{ "type": "Feature", "properties": { "OBJECTID": 1325, "WADMPR": "Sulawesi Selatan", "WADMKK": "Kab. Luwu Utara", "WADMKC": "Kec. Malangke Barat", "WADMKD": "Desa Limbong Wara", "POKTAN": "Taro Ada Taro Gau", "K_POKTAN": "Markus Limin", "P_SID": "Universitas Negeri Makassar", "NO_HP_1": "085150991731", "NAMA_PEMIL": "Pemerintah Desa", "N_PETAK": "LA106", "LUAS_HA": 0.52089565436999996, "PAKET": "Paket Sulawesi Selatan 16" }, "geometry": { "type": "MultiPolygon", "coordinates": [ [ [ [ 120.26534636584222, -2.795284961231914, 0.0 ], [ 120.264742513356396, -2.795500184286027, 0.0 ], [ 120.264738299133228, -2.795361145500408, 0.0 ], [ 120.264735094848788, -2.795319321629336, 0.0 ], [ 120.264724650122616, -2.795263560065223, 0.0 ], [ 120.26471690965775, -2.795236508458061, 0.0 ], [ 120.264640766758021, -2.794998562233786, 0.0 ], [ 120.264631194374147, -2.794971608652759, 0.0 ], [ 120.264607285897569, -2.794920210599173, 0.0 ], [ 120.264591509090906, -2.794893428788669, 0.0 ], [ 120.264557137002384, -2.794839414607225, 0.0 ], [ 120.26454554743907, -2.79480232836471, 0.0 ], [ 120.265103592057244, -2.794603430703717, 0.0 ], [ 120.26534636584222, -2.795284961231914, 0.0 ] ] ] ] } },
{ "type": "Feature", "properties": { "OBJECTID": 1326, "WADMPR": "Sulawesi Selatan", "WADMKK": "Kab. Luwu Utara", "WADMKC": "Kec. Malangke Barat", "WADMKD": "Desa Limbong Wara", "POKTAN": "Taro Ada Taro Gau", "K_POKTAN": "Markus Limin", "P_SID": "Universitas Negeri Makassar", "NO_HP_1": "085150991731", "NAMA_PEMIL": "Pemerintah Desa", "N_PETAK": "LA107", "LUAS_HA": 0.99260718652000002, "PAKET": "Paket Sulawesi Selatan 16" }, "geometry": { "type": "MultiPolygon", "coordinates": [ [ [ [ 120.263591902744224, -2.797450858770048, 0.0 ], [ 120.26258834927296, -2.797808542530163, 0.0 ], [ 120.262345569192689, -2.797127013800605, 0.0 ], [ 120.263404552378233, -2.796749573733791, 0.0 ], [ 120.263578456980213, -2.797237757216692, 0.0 ], [ 120.263589195784789, -2.797405616575873, 0.0 ], [ 120.263591902744224, -2.797450858770048, 0.0 ] ] ] ] } },
{ "type": "Feature", "properties": { "OBJECTID": 1327, "WADMPR": "Sulawesi Selatan", "WADMKK": "Kab. Luwu Utara", "WADMKC": "Kec. Malangke Barat", "WADMKD": "Desa Limbong Wara", "POKTAN": "Taro Ada Taro Gau", "K_POKTAN": "Markus Limin", "P_SID": "Universitas Negeri Makassar", "NO_HP_1": "085150991731", "NAMA_PEMIL": "Pemerintah Desa", "N_PETAK": "LA108", "LUAS_HA": 0.17144372033, "PAKET": "Paket Sulawesi Selatan 16" }, "geometry": { "type": "MultiPolygon", "coordinates": [ [ [ [ 120.263472077974029, -2.798216594620101, 0.0 ], [ 120.263479203302609, -2.798257057816897, 0.0 ], [ 120.263499111594797, -2.798251990137203, 0.0 ], [ 120.262831122158673, -2.79849007305836, 0.0 ], [ 120.262745995031651, -2.798205556341316, 0.0 ], [ 120.262919274604883, -2.798203888998216, 0.0 ], [ 120.263097749561553, -2.79818563995525, 0.0 ], [ 120.263265939871303, -2.79815492181217, 0.0 ], [ 120.263339174363523, -2.798153019745996, 0.0 ], [ 120.263468076890263, -2.798162655981741, 0.0 ], [ 120.263472077974029, -2.798216594620101, 0.0 ] ] ] ] } },
{ "type": "Feature", "properties": { "OBJECTID": 1328, "WADMPR": "Sulawesi Selatan", "WADMKK": "Kab. Luwu Utara", "WADMKC": "Kec. Malangke Barat", "WADMKD": "Desa Limbong Wara", "POKTAN": "Taro Ada Taro Gau", "K_POKTAN": "Markus Limin", "P_SID": "Universitas Negeri Makassar", "NO_HP_1": "085150991731", "NAMA_PEMIL": "Pemerintah Desa", "N_PETAK": "LA109", "LUAS_HA": 0.3950435415, "PAKET": "Paket Sulawesi Selatan 16" }, "geometry": { "type": "MultiPolygon", "coordinates": [ [ [ [ 120.263704428616506, -2.79894687020186, 0.0 ], [ 120.263073895943648, -2.799171603586615, 0.0 ], [ 120.263094832160846, -2.798998200806295, 0.0 ], [ 120.26303333382134, -2.798832120306088, 0.0 ], [ 120.26312395220873, -2.798672620145283, 0.0 ], [ 120.263166031487231, -2.798539970143452, 0.0 ], [ 120.263256075207778, -2.79840587672976, 0.0 ], [ 120.263309765633267, -2.798381112098582, 0.0 ], [ 120.263483708006788, -2.798538122935952, 0.0 ], [ 120.263564275570957, -2.798487493802725, 0.0 ], [ 120.263643850283529, -2.798761590974607, 0.0 ], [ 120.263649051062885, -2.798778509920226, 0.0 ], [ 120.263684907032939, -2.79888751854412, 0.0 ], [ 120.263704428616506, -2.79894687020186, 0.0 ] ] ] ] } },
{ "type": "Feature", "properties": { "OBJECTID": 1329, "WADMPR": "Sulawesi Selatan", "WADMKK": "Kab. Luwu Utara", "WADMKC": "Kec. Malangke Barat", "WADMKD": "Desa Limbong Wara", "POKTAN": "Taro Ada Taro Gau", "K_POKTAN": "Markus Limin", "P_SID": "Universitas Negeri Makassar", "NO_HP_1": "085150991731", "NAMA_PEMIL": "Pemerintah Desa", "N_PETAK": "LA110", "LUAS_HA": 0.47616351567999998, "PAKET": "Paket Sulawesi Selatan 16" }, "geometry": { "type": "MultiPolygon", "coordinates": [ [ [ [ 120.263680860982959, -2.799725988863258, 0.0 ], [ 120.263316668829248, -2.799853134114812, 0.0 ], [ 120.263073895943648, -2.799171603586615, 0.0 ], [ 120.263704428616506, -2.79894687020186, 0.0 ], [ 120.263706618465676, -2.79895352698361, 0.0 ], [ 120.263735821251203, -2.79909553712929, 0.0 ], [ 120.26373433826916, -2.799114354543804, 0.0 ], [ 120.263706193086364, -2.799219532055702, 0.0 ], [ 120.263694956956783, -2.799277270329696, 0.0 ], [ 120.263691794041165, -2.799313377210524, 0.0 ], [ 120.263681794479339, -2.799523760113402, 0.0 ], [ 120.263681282765106, -2.799544275447886, 0.0 ], [ 120.263680860982959, -2.799725988863258, 0.0 ] ] ] ] } },
{ "type": "Feature", "properties": { "OBJECTID": 1330, "WADMPR": "Sulawesi Selatan", "WADMKK": "Kab. Luwu Utara", "WADMKC": "Kec. Malangke Barat", "WADMKD": "Desa Limbong Wara", "POKTAN": "Taro Ada Taro Gau", "K_POKTAN": "Markus Limin", "P_SID": "Universitas Negeri Makassar", "NO_HP_1": "085150991731", "NAMA_PEMIL": "Pemerintah Desa", "N_PETAK": "LA111", "LUAS_HA": 0.20986076291, "PAKET": "Paket Sulawesi Selatan 16" }, "geometry": { "type": "MultiPolygon", "coordinates": [ [ [ [ 120.263316668829248, -2.799853134114812, 0.0 ], [ 120.263680860982959, -2.799725988863258, 0.0 ], [ 120.263684556297335, -2.799784836900642, 0.0 ], [ 120.26370997833294, -2.799975704515077, 0.0 ], [ 120.263711537757331, -2.799987412788823, 0.0 ], [ 120.263712884941697, -2.799997517571342, 0.0 ], [ 120.263717427417419, -2.800025093483214, 0.0 ], [ 120.263750981122939, -2.800195865746559, 0.0 ], [ 120.263631387478654, -2.800282238434534, 0.0 ], [ 120.263607907978667, -2.800300404739858, 0.0 ], [ 120.263566682156693, -2.800339151130856, 0.0 ], [ 120.263537306701437, -2.80037380110997, 0.0 ], [ 120.263529629189065, -2.800383841141297, 0.0 ], [ 120.263513285809609, -2.800405071436842, 0.0 ], [ 120.263316668829248, -2.799853134114812, 0.0 ] ] ] ] } },
{ "type": "Feature", "properties": { "OBJECTID": 1331, "WADMPR": "Sulawesi Selatan", "WADMKK": "Kab. Luwu Utara", "WADMKC": "Kec. Malangke Barat", "WADMKD": "Desa Limbong Wara", "POKTAN": "Taro Ada Taro Gau", "K_POKTAN": "Markus Limin", "P_SID": "Universitas Negeri Makassar", "NO_HP_1": "085150991731", "NAMA_PEMIL": "Pemerintah Desa", "N_PETAK": "LA112", "LUAS_HA": 0.35879090845, "PAKET": "Paket Sulawesi Selatan 16" }, "geometry": { "type": "MultiPolygon", "coordinates": [ [ [ [ 120.265680696007394, -2.801319860023455, 0.0 ], [ 120.265103978765637, -2.801520283834009, 0.0 ], [ 120.264868184619104, -2.800857446613804, 0.0 ], [ 120.264893871055392, -2.80082847495413, 0.0 ], [ 120.265212673526094, -2.80072816097578, 0.0 ], [ 120.265226950263582, -2.80081858061294, 0.0 ], [ 120.265235249207421, -2.800859077984001, 0.0 ], [ 120.265252562056162, -2.80091308407151, 0.0 ], [ 120.26527647053274, -2.800964482125096, 0.0 ], [ 120.265306596022697, -2.801012462754898, 0.0 ], [ 120.265333381430423, -2.801046196324876, 0.0 ], [ 120.265367240006185, -2.801084890555217, 0.0 ], [ 120.265371938963881, -2.801093506959717, 0.0 ], [ 120.265401774872089, -2.801140953392235, 0.0 ], [ 120.265437643432506, -2.801184758469788, 0.0 ], [ 120.265478689390079, -2.80122369821504, 0.0 ], [ 120.265524265232671, -2.801257156592442, 0.0 ], [ 120.265573651502905, -2.801284609297227, 0.0 ], [ 120.265626071186261, -2.801305619258869, 0.0 ], [ 120.265680696007394, -2.801319860023455, 0.0 ] ] ] ] } },
{ "type": "Feature", "properties": { "OBJECTID": 1332, "WADMPR": "Sulawesi Selatan", "WADMKK": "Kab. Luwu Utara", "WADMKC": "Kec. Malangke Barat", "WADMKD": "Desa Limbong Wara", "POKTAN": "Taro Ada Taro Gau", "K_POKTAN": "Markus Limin", "P_SID": "Universitas Negeri Makassar", "NO_HP_1": "085150991731", "NAMA_PEMIL": "Pemerintah Desa", "N_PETAK": "LA113", "LUAS_HA": 0.34666728097, "PAKET": "Paket Sulawesi Selatan 16" }, "geometry": { "type": "MultiPolygon", "coordinates": [ [ [ [ 120.265103978765637, -2.801520283834009, 0.0 ], [ 120.26475493479245, -2.801644080010249, 0.0 ], [ 120.264742465692279, -2.801586537788467, 0.0 ], [ 120.264685429788869, -2.801516706330858, 0.0 ], [ 120.264642361256051, -2.801485898255578, 0.0 ], [ 120.264562863885089, -2.801487174393515, 0.0 ], [ 120.264504738902588, -2.801469003591592, 0.0 ], [ 120.26449226080922, -2.801415360830163, 0.0 ], [ 120.264492435277702, -2.801340301613607, 0.0 ], [ 120.264497429213066, -2.801276951570003, 0.0 ], [ 120.264462697395629, -2.801204735110389, 0.0 ], [ 120.264475169193815, -2.801195961324481, 0.0 ], [ 120.264483514003018, -2.801191242581751, 0.0 ], [ 120.26452986596064, -2.801157481132805, 0.0 ], [ 120.264616257534271, -2.801085436443714, 0.0 ], [ 120.264656239593819, -2.801047723373699, 0.0 ], [ 120.264689279786467, -2.801007755703324, 0.0 ], [ 120.264733043495198, -2.800983697039953, 0.0 ], [ 120.264778774021238, -2.800950451801839, 0.0 ], [ 120.264805884983616, -2.800924972209657, 0.0 ], [ 120.264820000742475, -2.80091170631016, 0.0 ], [ 120.264830517414453, -2.800900099659827, 0.0 ], [ 120.264868184619104, -2.800857446613804, 0.0 ], [ 120.265103978765637, -2.801520283834009, 0.0 ] ] ] ] } },
{ "type": "Feature", "properties": { "OBJECTID": 1333, "WADMPR": "Sulawesi Selatan", "WADMKK": "Kab. Luwu Utara", "WADMKC": "Kec. Malangke Barat", "WADMKD": "Desa Limbong Wara", "POKTAN": "Taro Ada Taro Gau", "K_POKTAN": "Markus Limin", "P_SID": "Universitas Negeri Makassar", "NO_HP_1": "085150991731", "NAMA_PEMIL": "Pemerintah Desa", "N_PETAK": "LA114", "LUAS_HA": 0.91469475478999995, "PAKET": "Paket Sulawesi Selatan 16" }, "geometry": { "type": "MultiPolygon", "coordinates": [ [ [ [ 120.266405731239615, -2.801824374295393, 0.0 ], [ 120.265543907325537, -2.802129433326627, 0.0 ], [ 120.265461432299276, -2.802160432957578, 0.0 ], [ 120.265394114446849, -2.802134929982969, 0.0 ], [ 120.265298306971317, -2.802062569631858, 0.0 ], [ 120.265103978765637, -2.801520283834009, 0.0 ], [ 120.265680696007394, -2.801319860023455, 0.0 ], [ 120.265736665314876, -2.801327102263883, 0.0 ], [ 120.26579309507531, -2.801327234464225, 0.0 ], [ 120.265849098557169, -2.801320254825839, 0.0 ], [ 120.265905421298271, -2.801305723580242, 0.0 ], [ 120.266035563990158, -2.801328722842243, 0.0 ], [ 120.266118905962799, -2.801358726024318, 0.0 ], [ 120.266132661992856, -2.801363421384735, 0.0 ], [ 120.266239502351254, -2.801397428348594, 0.0 ], [ 120.266255101991419, -2.801401629981171, 0.0 ], [ 120.266405731239615, -2.801824374295393, 0.0 ] ] ] ] } },
{ "type": "Feature", "properties": { "OBJECTID": 1334, "WADMPR": "Sulawesi Selatan", "WADMKK": "Kab. Luwu Utara", "WADMKC": "Kec. Malangke Barat", "WADMKD": "Desa Limbong Wara", "POKTAN": "Taro Ada Taro Gau", "K_POKTAN": "Markus Limin", "P_SID": "Universitas Negeri Makassar", "NO_HP_1": "085150991731", "NAMA_PEMIL": "Pemerintah Desa", "N_PETAK": "LA115", "LUAS_HA": 0.90811562109, "PAKET": "Paket Sulawesi Selatan 16" }, "geometry": { "type": "MultiPolygon", "coordinates": [ [ [ [ 120.266648511319772, -2.802505903924271, 0.0 ], [ 120.265681347116583, -2.802851106893002, 0.0 ], [ 120.265578771343257, -2.802770932332635, 0.0 ], [ 120.265522729190707, -2.802690867489503, 0.0 ], [ 120.265488522577357, -2.80260110525677, 0.0 ], [ 120.265583845318247, -2.802464857966754, 0.0 ], [ 120.265592008464523, -2.802289412826099, 0.0 ], [ 120.265557362082632, -2.802180154190694, 0.0 ], [ 120.265543907325537, -2.802129433326627, 0.0 ], [ 120.266405731239615, -2.801824374295393, 0.0 ], [ 120.266648511319772, -2.802505903924271, 0.0 ] ] ] ] } },
{ "type": "Feature", "properties": { "OBJECTID": 1335, "WADMPR": "Sulawesi Selatan", "WADMKK": "Kab. Luwu Utara", "WADMKC": "Kec. Malangke Barat", "WADMKD": "Desa Limbong Wara", "POKTAN": "Taro Ada Taro Gau", "K_POKTAN": "Markus Limin", "P_SID": "Universitas Negeri Makassar", "NO_HP_1": "085150991731", "NAMA_PEMIL": "Pemerintah Desa", "N_PETAK": "LA116", "LUAS_HA": 0.87873346355000004, "PAKET": "Paket Sulawesi Selatan 16" }, "geometry": { "type": "MultiPolygon", "coordinates": [ [ [ [ 120.265589531731621, -2.802883343091764, 0.0 ], [ 120.264530548546077, -2.803260783158578, 0.0 ], [ 120.264287768465806, -2.80257925442902, 0.0 ], [ 120.265266894551587, -2.80223064932494, 0.0 ], [ 120.265229861369107, -2.802314395093219, 0.0 ], [ 120.265198628813778, -2.802404977507649, 0.0 ], [ 120.265274041463954, -2.802492886237644, 0.0 ], [ 120.265308768784735, -2.802567053326811, 0.0 ], [ 120.265404399993145, -2.802715446860361, 0.0 ], [ 120.265474859177516, -2.802849159860784, 0.0 ], [ 120.265520345987284, -2.802882409595497, 0.0 ], [ 120.26556351164686, -2.802871301169546, 0.0 ], [ 120.265589531731621, -2.802883343091764, 0.0 ] ] ] ] } },
{ "type": "Feature", "properties": { "OBJECTID": 1336, "WADMPR": "Sulawesi Selatan", "WADMKK": "Kab. Luwu Utara", "WADMKC": "Kec. Malangke Barat", "WADMKD": "Desa Limbong Wara", "POKTAN": "Taro Ada Taro Gau", "K_POKTAN": "Markus Limin", "P_SID": "Universitas Negeri Makassar", "NO_HP_1": "085150991731", "NAMA_PEMIL": "Pemerintah Desa", "N_PETAK": "LA117", "LUAS_HA": 1.00000742567, "PAKET": "Paket Sulawesi Selatan 16" }, "geometry": { "type": "MultiPolygon", "coordinates": [ [ [ [ 120.267376448664209, -2.797633641479308, 0.0 ], [ 120.266317472673336, -2.798011080646802, 0.0 ], [ 120.266074695290968, -2.797329551017924, 0.0 ], [ 120.267133674879233, -2.796952110951111, 0.0 ], [ 120.267376448664209, -2.797633641479308, 0.0 ] ] ] ] } },
{ "type": "Feature", "properties": { "OBJECTID": 1337, "WADMPR": "Sulawesi Selatan", "WADMKK": "Kab. Luwu Utara", "WADMKC": "Kec. Malangke Barat", "WADMKD": "Desa Limbong Wara", "POKTAN": "Taro Ada Taro Gau", "K_POKTAN": "Markus Limin", "P_SID": "Universitas Negeri Makassar", "NO_HP_1": "085150991731", "NAMA_PEMIL": "Pemerintah Desa", "N_PETAK": "LA118", "LUAS_HA": 1.0000064425199999, "PAKET": "Paket Sulawesi Selatan 16" }, "geometry": { "type": "MultiPolygon", "coordinates": [ [ [ [ 120.2676192251472, -2.798315171108186, 0.0 ], [ 120.266560245558935, -2.798692611174999, 0.0 ], [ 120.266317472673336, -2.798011080646802, 0.0 ], [ 120.267376448664209, -2.797633641479308, 0.0 ], [ 120.2676192251472, -2.798315171108186, 0.0 ] ] ] ] } },
{ "type": "Feature", "properties": { "OBJECTID": 1338, "WADMPR": "Sulawesi Selatan", "WADMKK": "Kab. Luwu Utara", "WADMKC": "Kec. Malangke Barat", "WADMKD": "Desa Limbong Wara", "POKTAN": "Taro Ada Taro Gau", "K_POKTAN": "Markus Limin", "P_SID": "Universitas Negeri Makassar", "NO_HP_1": "085150991731", "NAMA_PEMIL": "Pemerintah Desa", "N_PETAK": "LA119", "LUAS_HA": 0.97312990371999997, "PAKET": "Paket Sulawesi Selatan 16" }, "geometry": { "type": "MultiPolygon", "coordinates": [ [ [ [ 120.266560245558935, -2.798692611174999, 0.0 ], [ 120.265549988541238, -2.799052684433775, 0.0 ], [ 120.26552056452249, -2.799015413830261, 0.0 ], [ 120.265511325787088, -2.798990007982411, 0.0 ], [ 120.265476609258144, -2.798877179038527, 0.0 ], [ 120.26546487130679, -2.798843745842134, 0.0 ], [ 120.265437585875929, -2.798775517875811, 0.0 ], [ 120.265425868608986, -2.798728652405316, 0.0 ], [ 120.265408406472829, -2.79867405276525, 0.0 ], [ 120.265384498895514, -2.798622654711721, 0.0 ], [ 120.265354372506295, -2.79857467408192, 0.0 ], [ 120.265318503945878, -2.798530869004367, 0.0 ], [ 120.265304444844332, -2.798517531159064, 0.0 ], [ 120.265258488588415, -2.798388520713615, 0.0 ], [ 120.266317472673336, -2.798011080646802, 0.0 ], [ 120.266560245558935, -2.798692611174999, 0.0 ] ] ] ] } },
{ "type": "Feature", "properties": { "OBJECTID": 1339, "WADMPR": "Sulawesi Selatan", "WADMKK": "Kab. Luwu Utara", "WADMKC": "Kec. Malangke Barat", "WADMKD": "Desa Limbong Wara", "POKTAN": "Taro Ada Taro Gau", "K_POKTAN": "Markus Limin", "P_SID": "Universitas Negeri Makassar", "NO_HP_1": "085150991731", "NAMA_PEMIL": "Pemerintah Desa", "N_PETAK": "LA120", "LUAS_HA": 0.68827731772, "PAKET": "Paket Sulawesi Selatan 16" }, "geometry": { "type": "MultiPolygon", "coordinates": [ [ [ [ 120.266803025639206, -2.799374139904558, 0.0 ], [ 120.266560245558935, -2.798692611174999, 0.0 ], [ 120.2676192251472, -2.798315171108186, 0.0 ], [ 120.267583961830383, -2.79837874957957, 0.0 ], [ 120.267524293611359, -2.798474249486958, 0.0 ], [ 120.267511524137603, -2.798496018476442, 0.0 ], [ 120.267487378239935, -2.79854730411472, 0.0 ], [ 120.267469814480364, -2.798601228363964, 0.0 ], [ 120.267467898924451, -2.798608935553887, 0.0 ], [ 120.267437884950482, -2.798734391878611, 0.0 ], [ 120.26743035672564, -2.798773290255099, 0.0 ], [ 120.26741473190441, -2.798878424599593, 0.0 ], [ 120.267388870100376, -2.798918095493661, 0.0 ], [ 120.267280311137483, -2.799059319631851, 0.0 ], [ 120.267272924106237, -2.799069206778427, 0.0 ], [ 120.267267565046154, -2.799076749392441, 0.0 ], [ 120.26717213168854, -2.799214007520391, 0.0 ], [ 120.267149382438106, -2.799250691765963, 0.0 ], [ 120.266803025639206, -2.799374139904558, 0.0 ] ] ] ] } },
{ "type": "Feature", "properties": { "OBJECTID": 1340, "WADMPR": "Sulawesi Selatan", "WADMKK": "Kab. Luwu Utara", "WADMKC": "Kec. Malangke Barat", "WADMKD": "Desa Limbong Wara", "POKTAN": "Taro Ada Taro Gau", "K_POKTAN": "Markus Limin", "P_SID": "Universitas Negeri Makassar", "NO_HP_1": "085150991731", "NAMA_PEMIL": "Pemerintah Desa", "N_PETAK": "LA121", "LUAS_HA": 0.81142613288999998, "PAKET": "Paket Sulawesi Selatan 16" }, "geometry": { "type": "MultiPolygon", "coordinates": [ [ [ [ 120.266803025639206, -2.799374139904558, 0.0 ], [ 120.266089062860033, -2.799628608473427, 0.0 ], [ 120.266048759742489, -2.799568153347536, 0.0 ], [ 120.266039658603404, -2.799555012453823, 0.0 ], [ 120.266003790042987, -2.79951120737627, 0.0 ], [ 120.265981207166988, -2.799488578634964, 0.0 ], [ 120.265838439792219, -2.799355328785339, 0.0 ], [ 120.265707449938873, -2.799233072248455, 0.0 ], [ 120.265606980377925, -2.79912487481306, 0.0 ], [ 120.265549988541238, -2.799052684433775, 0.0 ], [ 120.266560245558935, -2.798692611174999, 0.0 ], [ 120.266803025639206, -2.799374139904558, 0.0 ] ] ] ] } },
{ "type": "Feature", "properties": { "OBJECTID": 1341, "WADMPR": "Sulawesi Selatan", "WADMKK": "Kab. Luwu Utara", "WADMKC": "Kec. Malangke Barat", "WADMKD": "Desa Limbong Wara", "POKTAN": "Taro Ada Taro Gau", "K_POKTAN": "Markus Limin", "P_SID": "Universitas Negeri Makassar", "NO_HP_1": "085150991731", "NAMA_PEMIL": "Pemerintah Desa", "N_PETAK": "LA122", "LUAS_HA": 0.68563864867000002, "PAKET": "Paket Sulawesi Selatan 16" }, "geometry": { "type": "MultiPolygon", "coordinates": [ [ [ [ 120.266089062860033, -2.799628608473427, 0.0 ], [ 120.266803025639206, -2.799374139904558, 0.0 ], [ 120.267045798524805, -2.800055670432812, 0.0 ], [ 120.266211746574868, -2.80035294133512, 0.0 ], [ 120.26621518108584, -2.800342398582757, 0.0 ], [ 120.266225883917514, -2.800286686481343, 0.0 ], [ 120.266228675413117, -2.800257348797572, 0.0 ], [ 120.266238192938317, -2.800105062998227, 0.0 ], [ 120.266239076072566, -2.80007777846663, 0.0 ], [ 120.266235664044757, -2.800021140063507, 0.0 ], [ 120.266225220217848, -2.799965378499394, 0.0 ], [ 120.266215781832898, -2.799933131508737, 0.0 ], [ 120.266158674882945, -2.799761810658993, 0.0 ], [ 120.266150799519892, -2.799740051562082, 0.0 ], [ 120.266126891942577, -2.799688652609177, 0.0 ], [ 120.266105866692442, -2.799653813772466, 0.0 ], [ 120.266089062860033, -2.799628608473427, 0.0 ] ] ] ] } },
{ "type": "Feature", "properties": { "OBJECTID": 1342, "WADMPR": "Sulawesi Selatan", "WADMKK": "Kab. Luwu Utara", "WADMKC": "Kec. Malangke Barat", "WADMKD": "Desa Limbong Wara", "POKTAN": "Taro Ada Taro Gau", "K_POKTAN": "Markus Limin", "P_SID": "Universitas Negeri Makassar", "NO_HP_1": "085150991731", "NAMA_PEMIL": "Pemerintah Desa", "N_PETAK": "LA123", "LUAS_HA": 0.96646436122000001, "PAKET": "Paket Sulawesi Selatan 16" }, "geometry": { "type": "MultiPolygon", "coordinates": [ [ [ [ 120.26758164427747, -2.801559929547068, 0.0 ], [ 120.267774125275764, -2.802100260218765, 0.0 ], [ 120.26671514209022, -2.802477700285579, 0.0 ], [ 120.266472362009949, -2.801796170656701, 0.0 ], [ 120.267241439740701, -2.801522059095703, 0.0 ], [ 120.267290923137693, -2.801538552662009, 0.0 ], [ 120.26734631867771, -2.801553047035441, 0.0 ], [ 120.267402287985306, -2.801560290175189, 0.0 ], [ 120.267431549226671, -2.801561249751842, 0.0 ], [ 120.267495159174359, -2.801561249751842, 0.0 ], [ 120.267550525036768, -2.801561248852522, 0.0 ], [ 120.267577691757083, -2.80156042237553, 0.0 ], [ 120.26758164427747, -2.801559929547068, 0.0 ] ] ] ] } },
{ "type": "Feature", "properties": { "OBJECTID": 1343, "WADMPR": "Sulawesi Selatan", "WADMKK": "Kab. Luwu Utara", "WADMKC": "Kec. Malangke Barat", "WADMKD": "Desa Limbong Wara", "POKTAN": "Taro Ada Taro Gau", "K_POKTAN": "Markus Limin", "P_SID": "Universitas Negeri Makassar", "NO_HP_1": "085150991731", "NAMA_PEMIL": "Pemerintah Desa", "N_PETAK": "LA124", "LUAS_HA": 0.85760620502999996, "PAKET": "Paket Sulawesi Selatan 16" }, "geometry": { "type": "MultiPolygon", "coordinates": [ [ [ [ 120.270047767890219, -2.798213430805163, 0.0 ], [ 120.268988791899233, -2.7985908699726, 0.0 ], [ 120.268932676901613, -2.798433340226438, 0.0 ], [ 120.268960423684689, -2.79834546567065, 0.0 ], [ 120.26900696090263, -2.798194244668593, 0.0 ], [ 120.269033223804286, -2.798115455963455, 0.0 ], [ 120.269064779216251, -2.798020787928976, 0.0 ], [ 120.269074106984476, -2.797988965418369, 0.0 ], [ 120.269122106500049, -2.797796994335783, 0.0 ], [ 120.269126486198388, -2.797773734270379, 0.0 ], [ 120.26980499500462, -2.797531900276908, 0.0 ], [ 120.270047767890219, -2.798213430805163, 0.0 ] ] ] ] } },
{ "type": "Feature", "properties": { "OBJECTID": 1344, "WADMPR": "Sulawesi Selatan", "WADMKK": "Kab. Luwu Utara", "WADMKC": "Kec. Malangke Barat", "WADMKD": "Desa Limbong Wara", "POKTAN": "Taro Ada Taro Gau", "K_POKTAN": "Markus Limin", "P_SID": "Universitas Negeri Makassar", "NO_HP_1": "085150991731", "NAMA_PEMIL": "Pemerintah Desa", "N_PETAK": "LA125", "LUAS_HA": 1.00000465607, "PAKET": "Paket Sulawesi Selatan 16" }, "geometry": { "type": "MultiPolygon", "coordinates": [ [ [ [ 120.270290541675195, -2.79889496133336, 0.0 ], [ 120.269231564784945, -2.799272400500854, 0.0 ], [ 120.268988791899233, -2.7985908699726, 0.0 ], [ 120.270047767890219, -2.798213430805163, 0.0 ], [ 120.270290541675195, -2.79889496133336, 0.0 ] ] ] ] } },
{ "type": "Feature", "properties": { "OBJECTID": 1345, "WADMPR": "Sulawesi Selatan", "WADMKK": "Kab. Luwu Utara", "WADMKC": "Kec. Malangke Barat", "WADMKD": "Desa Limbong Wara", "POKTAN": "Taro Ada Taro Gau", "K_POKTAN": "Markus Limin", "P_SID": "Universitas Negeri Makassar", "NO_HP_1": "085150991731", "NAMA_PEMIL": "Pemerintah Desa", "N_PETAK": "LA126", "LUAS_HA": 0.36972034513000002, "PAKET": "Paket Sulawesi Selatan 16" }, "geometry": { "type": "MultiPolygon", "coordinates": [ [ [ [ 120.269231564784945, -2.799272400500854, 0.0 ], [ 120.268540182183756, -2.799518821036713, 0.0 ], [ 120.268562586094504, -2.799460570149165, 0.0 ], [ 120.268612013733559, -2.799343741020778, 0.0 ], [ 120.26861541856681, -2.799335469056587, 0.0 ], [ 120.268686453317173, -2.799157880831501, 0.0 ], [ 120.268761483755497, -2.798998992209647, 0.0 ], [ 120.268772977990579, -2.798972495484236, 0.0 ], [ 120.268790540850887, -2.798918571235049, 0.0 ], [ 120.268818315512931, -2.798794767864194, 0.0 ], [ 120.268869439273317, -2.798633409704053, 0.0 ], [ 120.268988791899233, -2.7985908699726, 0.0 ], [ 120.269231564784945, -2.799272400500854, 0.0 ] ] ] ] } },
{ "type": "Feature", "properties": { "OBJECTID": 1346, "WADMPR": "Sulawesi Selatan", "WADMKK": "Kab. Luwu Utara", "WADMKC": "Kec. Malangke Barat", "WADMKD": "Desa Limbong Wara", "POKTAN": "Taro Ada Taro Gau", "K_POKTAN": "Markus Limin", "P_SID": "Universitas Negeri Makassar", "NO_HP_1": "085150991731", "NAMA_PEMIL": "Pemerintah Desa", "N_PETAK": "LA127", "LUAS_HA": 1.00000832234, "PAKET": "Paket Sulawesi Selatan 16" }, "geometry": { "type": "MultiPolygon", "coordinates": [ [ [ [ 120.270533321755465, -2.799576490962238, 0.0 ], [ 120.269474338569921, -2.799953931029052, 0.0 ], [ 120.269231564784945, -2.799272400500854, 0.0 ], [ 120.270290541675195, -2.79889496133336, 0.0 ], [ 120.270533321755465, -2.799576490962238, 0.0 ] ] ] ] } },
{ "type": "Feature", "properties": { "OBJECTID": 1347, "WADMPR": "Sulawesi Selatan", "WADMKK": "Kab. Luwu Utara", "WADMKC": "Kec. Malangke Barat", "WADMKD": "Desa Limbong Wara", "POKTAN": "Taro Ada Taro Gau", "K_POKTAN": "Markus Limin", "P_SID": "Universitas Negeri Makassar", "NO_HP_1": "085150991731", "NAMA_PEMIL": "Pemerintah Desa", "N_PETAK": "LA128", "LUAS_HA": 0.56982487154999995, "PAKET": "Paket Sulawesi Selatan 16" }, "geometry": { "type": "MultiPolygon", "coordinates": [ [ [ [ 120.269474338569921, -2.799953931029052, 0.0 ], [ 120.268881026138502, -2.800165329266463, 0.0 ], [ 120.268877649184219, -2.800115408799002, 0.0 ], [ 120.268862902101318, -2.800043837153339, 0.0 ], [ 120.268829589414054, -2.79992962325349, 0.0 ], [ 120.268816579821419, -2.79989142724753, 0.0 ], [ 120.268792671344727, -2.799840029193945, 0.0 ], [ 120.268762544955507, -2.799792048564143, 0.0 ], [ 120.268738774974508, -2.79976179716914, 0.0 ], [ 120.268718793837365, -2.799738485842397, 0.0 ], [ 120.268681664427277, -2.799695168197388, 0.0 ], [ 120.268669569445137, -2.799681619011437, 0.0 ], [ 120.268628523487678, -2.799642680165505, 0.0 ], [ 120.268606907382946, -2.799626129042565, 0.0 ], [ 120.268597555333031, -2.799606841282639, 0.0 ], [ 120.268567429843074, -2.799558861552157, 0.0 ], [ 120.268541917875268, -2.799527594822621, 0.0 ], [ 120.268539444739645, -2.799520738391323, 0.0 ], [ 120.268540182183756, -2.799518821036713, 0.0 ], [ 120.269231564784945, -2.799272400500854, 0.0 ], [ 120.269474338569921, -2.799953931029052, 0.0 ] ] ] ] } },
{ "type": "Feature", "properties": { "OBJECTID": 1348, "WADMPR": "Sulawesi Selatan", "WADMKK": "Kab. Luwu Utara", "WADMKC": "Kec. Malangke Barat", "WADMKD": "Desa Limbong Wara", "POKTAN": "Taro Ada Taro Gau", "K_POKTAN": "Markus Limin", "P_SID": "Universitas Negeri Makassar", "NO_HP_1": "085150991731", "NAMA_PEMIL": "Pemerintah Desa", "N_PETAK": "LA129", "LUAS_HA": 0.87807168985999995, "PAKET": "Paket Sulawesi Selatan 16" }, "geometry": { "type": "MultiPolygon", "coordinates": [ [ [ [ 120.27043563469681, -2.800379367913479, 0.0 ], [ 120.269717118650192, -2.80063545975861, 0.0 ], [ 120.269474338569921, -2.799953931029052, 0.0 ], [ 120.270533321755465, -2.799576490962238, 0.0 ], [ 120.270615490112846, -2.799807158973181, 0.0 ], [ 120.270523409427824, -2.799991265484493, 0.0 ], [ 120.270507441964924, -2.800026963173764, 0.0 ], [ 120.27048987910473, -2.800080886523631, 0.0 ], [ 120.270482520851715, -2.800114715421728, 0.0 ], [ 120.270438788619231, -2.800360614350836, 0.0 ], [ 120.27043563469681, -2.800379367913479, 0.0 ] ] ] ] } },
{ "type": "Feature", "properties": { "OBJECTID": 1349, "WADMPR": "Sulawesi Selatan", "WADMKK": "Kab. Luwu Utara", "WADMKC": "Kec. Malangke Barat", "WADMKD": "Desa Limbong Wara", "POKTAN": "Taro Ada Taro Gau", "K_POKTAN": "Markus Limin", "P_SID": "Universitas Negeri Makassar", "NO_HP_1": "085150991731", "NAMA_PEMIL": "Pemerintah Desa", "N_PETAK": "LA130", "LUAS_HA": 0.71159627934000003, "PAKET": "Paket Sulawesi Selatan 16" }, "geometry": { "type": "MultiPolygon", "coordinates": [ [ [ [ 120.269717118650192, -2.80063545975861, 0.0 ], [ 120.268845742137387, -2.800946033432638, 0.0 ], [ 120.268848753966836, -2.800899200337767, 0.0 ], [ 120.268848754866212, -2.800827289647657, 0.0 ], [ 120.268845341039764, -2.800771703451289, 0.0 ], [ 120.268834897212741, -2.800715941887177, 0.0 ], [ 120.268825459727282, -2.800683698493856, 0.0 ], [ 120.268801665464593, -2.800612313907095, 0.0 ], [ 120.268794100367472, -2.800591350710192, 0.0 ], [ 120.26879164791626, -2.800585042865407, 0.0 ], [ 120.26879164791626, -2.800565549160694, 0.0 ], [ 120.268789243129163, -2.800526392678819, 0.0 ], [ 120.268795630114255, -2.800517894984807, 0.0 ], [ 120.268825977736697, -2.800470057347241, 0.0 ], [ 120.268850124533628, -2.800418770809586, 0.0 ], [ 120.268867688293199, -2.800364847459718, 0.0 ], [ 120.268878390225609, -2.800309135358248, 0.0 ], [ 120.268882065754838, -2.800252512243617, 0.0 ], [ 120.268882031580574, -2.800245794307898, 0.0 ], [ 120.268881028836518, -2.800165396715613, 0.0 ], [ 120.269474338569921, -2.799953931029052, 0.0 ], [ 120.269717118650192, -2.80063545975861, 0.0 ] ] ] ] } },
{ "type": "Feature", "properties": { "OBJECTID": 1350, "WADMPR": "Sulawesi Selatan", "WADMKK": "Kab. Luwu Utara", "WADMKC": "Kec. Malangke Barat", "WADMKD": "Desa Limbong Wara", "POKTAN": "Taro Ada Taro Gau", "K_POKTAN": "Markus Limin", "P_SID": "Universitas Negeri Makassar", "NO_HP_1": "085150991731", "NAMA_PEMIL": "Pemerintah Desa", "N_PETAK": "LA131", "LUAS_HA": 1.00000466709, "PAKET": "Paket Sulawesi Selatan 16" }, "geometry": { "type": "MultiPolygon", "coordinates": [ [ [ [ 120.269075881346907, -2.802404350680206, 0.0 ], [ 120.268016905355921, -2.80278178894838, 0.0 ], [ 120.267774125275764, -2.802100260218765, 0.0 ], [ 120.268833108461195, -2.801722820152008, 0.0 ], [ 120.269075881346907, -2.802404350680206, 0.0 ] ] ] ] } },
{ "type": "Feature", "properties": { "OBJECTID": 1351, "WADMPR": "Sulawesi Selatan", "WADMKK": "Kab. Luwu Utara", "WADMKC": "Kec. Malangke Barat", "WADMKD": "Desa Limbong Wara", "POKTAN": "Taro Ada Taro Gau", "K_POKTAN": "Markus Limin", "P_SID": "Universitas Negeri Makassar", "NO_HP_1": "085150991731", "NAMA_PEMIL": "Pemerintah Desa", "N_PETAK": "LA132", "LUAS_HA": 1.00000813437, "PAKET": "Paket Sulawesi Selatan 16" }, "geometry": { "type": "MultiPolygon", "coordinates": [ [ [ [ 120.268016905355921, -2.80278178894838, 0.0 ], [ 120.266957922170377, -2.803159229015137, 0.0 ], [ 120.26671514209022, -2.802477700285579, 0.0 ], [ 120.267774125275764, -2.802100260218765, 0.0 ], [ 120.268016905355921, -2.80278178894838, 0.0 ] ] ] ] } },
{ "type": "Feature", "properties": { "OBJECTID": 1352, "WADMPR": "Sulawesi Selatan", "WADMKK": "Kab. Luwu Utara", "WADMKC": "Kec. Malangke Barat", "WADMKD": "Desa Limbong Wara", "POKTAN": "Taro Ada Taro Gau", "K_POKTAN": "Markus Limin", "P_SID": "Universitas Negeri Makassar", "NO_HP_1": "085150991731", "NAMA_PEMIL": "Pemerintah Desa", "N_PETAK": "LA133", "LUAS_HA": 1.0000065707500001, "PAKET": "Paket Sulawesi Selatan 16" }, "geometry": { "type": "MultiPolygon", "coordinates": [ [ [ [ 120.268259678241634, -2.803463319476577, 0.0 ], [ 120.26720069505609, -2.803840759543391, 0.0 ], [ 120.266957922170377, -2.803159229015137, 0.0 ], [ 120.268016905355921, -2.80278178894838, 0.0 ], [ 120.268259678241634, -2.803463319476577, 0.0 ] ] ] ] } },
{ "type": "Feature", "properties": { "OBJECTID": 1353, "WADMPR": "Sulawesi Selatan", "WADMKK": "Kab. Luwu Utara", "WADMKC": "Kec. Malangke Barat", "WADMKD": "Desa Limbong Wara", "POKTAN": "Taro Ada Taro Gau", "K_POKTAN": "Markus Limin", "P_SID": "Universitas Negeri Makassar", "NO_HP_1": "085150991731", "NAMA_PEMIL": "Pemerintah Desa", "N_PETAK": "LA134", "LUAS_HA": 1.0000009047, "PAKET": "Paket Sulawesi Selatan 16" }, "geometry": { "type": "MultiPolygon", "coordinates": [ [ [ [ 120.268259678241634, -2.803463319476577, 0.0 ], [ 120.268016905355921, -2.80278178894838, 0.0 ], [ 120.269075881346907, -2.802404350680206, 0.0 ], [ 120.269318655131883, -2.803085881208403, 0.0 ], [ 120.268259678241634, -2.803463319476577, 0.0 ] ] ] ] } },
{ "type": "Feature", "properties": { "OBJECTID": 1354, "WADMPR": "Sulawesi Selatan", "WADMKK": "Kab. Luwu Utara", "WADMKC": "Kec. Malangke Barat", "WADMKD": "Desa Limbong Wara", "POKTAN": "Taro Ada Taro Gau", "K_POKTAN": "Markus Limin", "P_SID": "Universitas Negeri Makassar", "NO_HP_1": "085150991731", "NAMA_PEMIL": "Pemerintah Desa", "N_PETAK": "LA135", "LUAS_HA": 0.92204439103000002, "PAKET": "Paket Sulawesi Selatan 16" }, "geometry": { "type": "MultiPolygon", "coordinates": [ [ [ [ 120.26720069505609, -2.803840759543391, 0.0 ], [ 120.268259678241634, -2.803463319476577, 0.0 ], [ 120.268437634289398, -2.803959715568396, 0.0 ], [ 120.268371933418052, -2.804007170094792, 0.0 ], [ 120.268318286160024, -2.80404654511193, 0.0 ], [ 120.268259618886418, -2.804073907884515, 0.0 ], [ 120.268209454702628, -2.804101431635729, 0.0 ], [ 120.268164496694226, -2.80413403835513, 0.0 ], [ 120.268042607080702, -2.804234494426339, 0.0 ], [ 120.268036202109101, -2.804239884962669, 0.0 ], [ 120.267836061585058, -2.804411565541272, 0.0 ], [ 120.267443468841066, -2.804522290071588, 0.0 ], [ 120.26720069505609, -2.803840759543391, 0.0 ] ] ] ] } },
{ "type": "Feature", "properties": { "OBJECTID": 1355, "WADMPR": "Sulawesi Selatan", "WADMKK": "Kab. Luwu Utara", "WADMKC": "Kec. Malangke Barat", "WADMKD": "Desa Limbong Wara", "POKTAN": "Taro Ada Taro Gau", "K_POKTAN": "Markus Limin", "P_SID": "Universitas Negeri Makassar", "NO_HP_1": "085150991731", "NAMA_PEMIL": "Pemerintah Desa", "N_PETAK": "LA136", "LUAS_HA": 0.88786686301999995, "PAKET": "Paket Sulawesi Selatan 16" }, "geometry": { "type": "MultiPolygon", "coordinates": [ [ [ [ 120.266891288702027, -2.803187433553148, 0.0 ], [ 120.265832311811778, -2.803564872720642, 0.0 ], [ 120.265856610594142, -2.803357439594095, 0.0 ], [ 120.265911283978653, -2.803191851922406, 0.0 ], [ 120.265810738874507, -2.803072689952614, 0.0 ], [ 120.265809039155897, -2.80296935784952, 0.0 ], [ 120.265681347116583, -2.802851106893002, 0.0 ], [ 120.266648511319772, -2.802505903924271, 0.0 ], [ 120.266891288702027, -2.803187433553148, 0.0 ] ] ] ] } },
{ "type": "Feature", "properties": { "OBJECTID": 1356, "WADMPR": "Sulawesi Selatan", "WADMKK": "Kab. Luwu Utara", "WADMKC": "Kec. Malangke Barat", "WADMKD": "Desa Limbong Wara", "POKTAN": "Taro Ada Taro Gau", "K_POKTAN": "Markus Limin", "P_SID": "Universitas Negeri Makassar", "NO_HP_1": "085150991731", "NAMA_PEMIL": "Pemerintah Desa", "N_PETAK": "LA137", "LUAS_HA": 0.96880605955, "PAKET": "Paket Sulawesi Selatan 16" }, "geometry": { "type": "MultiPolygon", "coordinates": [ [ [ [ 120.265675196653092, -2.803620940054316, 0.0 ], [ 120.264773328626234, -2.803942312787456, 0.0 ], [ 120.264530548546077, -2.803260783158578, 0.0 ], [ 120.265589531731621, -2.802883343091764, 0.0 ], [ 120.265730753171738, -2.803283790514456, 0.0 ], [ 120.265675196653092, -2.803620940054316, 0.0 ] ] ] ] } },
{ "type": "Feature", "properties": { "OBJECTID": 1357, "WADMPR": "Sulawesi Selatan", "WADMKK": "Kab. Luwu Utara", "WADMKC": "Kec. Malangke Barat", "WADMKD": "Desa Limbong Wara", "POKTAN": "Taro Ada Taro Gau", "K_POKTAN": "Markus Limin", "P_SID": "Universitas Negeri Makassar", "NO_HP_1": "085150991731", "NAMA_PEMIL": "Pemerintah Desa", "N_PETAK": "LA138", "LUAS_HA": 0.74106009181, "PAKET": "Paket Sulawesi Selatan 16" }, "geometry": { "type": "MultiPolygon", "coordinates": [ [ [ [ 120.265584071048124, -2.804422542666146, 0.0 ], [ 120.265016102411209, -2.804623842416333, 0.0 ], [ 120.264773328626234, -2.803942312787456, 0.0 ], [ 120.265675196653092, -2.803620940054316, 0.0 ], [ 120.265693847693001, -2.803729674384897, 0.0 ], [ 120.265679177951711, -2.803784715592087, 0.0 ], [ 120.265694048241812, -2.803852011860783, 0.0 ], [ 120.265671378131628, -2.803986128656845, 0.0 ], [ 120.265703438962646, -2.804124064873633, 0.0 ], [ 120.26571083318845, -2.804203751102193, 0.0 ], [ 120.265694246092608, -2.804225880719798, 0.0 ], [ 120.26566237951522, -2.804300625173653, 0.0 ], [ 120.265626466887966, -2.804337950635841, 0.0 ], [ 120.265584071048124, -2.804422542666146, 0.0 ] ] ] ] } },
{ "type": "Feature", "properties": { "OBJECTID": 1358, "WADMPR": "Sulawesi Selatan", "WADMKK": "Kab. Luwu Utara", "WADMKC": "Kec. Malangke Barat", "WADMKD": "Desa Limbong Wara", "POKTAN": "Taro Ada Taro Gau", "K_POKTAN": "Markus Limin", "P_SID": "Universitas Negeri Makassar", "NO_HP_1": "085150991731", "NAMA_PEMIL": "Pemerintah Desa", "N_PETAK": "LA139", "LUAS_HA": 1.0000008580299999, "PAKET": "Paket Sulawesi Selatan 16" }, "geometry": { "type": "MultiPolygon", "coordinates": [ [ [ [ 120.26713406158774, -2.803868964081403, 0.0 ], [ 120.266075083798114, -2.80424640324884, 0.0 ], [ 120.265832311811778, -2.803564872720642, 0.0 ], [ 120.266891288702027, -2.803187433553148, 0.0 ], [ 120.26713406158774, -2.803868964081403, 0.0 ] ] ] ] } },
{ "type": "Feature", "properties": { "OBJECTID": 1359, "WADMPR": "Sulawesi Selatan", "WADMKK": "Kab. Luwu Utara", "WADMKC": "Kec. Malangke Barat", "WADMKD": "Desa Limbong Wara", "POKTAN": "Taro Ada Taro Gau", "K_POKTAN": "Markus Limin", "P_SID": "Universitas Negeri Makassar", "NO_HP_1": "085150991731", "NAMA_PEMIL": "Pemerintah Desa", "N_PETAK": "LA140", "LUAS_HA": 0.99999982049000002, "PAKET": "Paket Sulawesi Selatan 16" }, "geometry": { "type": "MultiPolygon", "coordinates": [ [ [ [ 120.267376834473339, -2.8045504946096, 0.0 ], [ 120.266317858482466, -2.804927932877774, 0.0 ], [ 120.266075083798114, -2.80424640324884, 0.0 ], [ 120.26713406158774, -2.803868964081403, 0.0 ], [ 120.267376834473339, -2.8045504946096, 0.0 ] ] ] ] } },
{ "type": "Feature", "properties": { "OBJECTID": 1360, "WADMPR": "Sulawesi Selatan", "WADMKK": "Kab. Luwu Utara", "WADMKC": "Kec. Malangke Barat", "WADMKD": "Desa Limbong Wara", "POKTAN": "Taro Ada Taro Gau", "K_POKTAN": "Markus Limin", "P_SID": "Universitas Negeri Makassar", "NO_HP_1": "085150991731", "NAMA_PEMIL": "Pemerintah Desa", "N_PETAK": "LA141", "LUAS_HA": 0.27006967749, "PAKET": "Paket Sulawesi Selatan 16" }, "geometry": { "type": "MultiPolygon", "coordinates": [ [ [ [ 120.265407486466415, -2.805253107045189, 0.0 ], [ 120.265258875296922, -2.805305372944531, 0.0 ], [ 120.265016102411209, -2.804623842416333, 0.0 ], [ 120.265584071048124, -2.804422542666146, 0.0 ], [ 120.265524000831988, -2.804552468621466, 0.0 ], [ 120.265521070840805, -2.804627281423848, 0.0 ], [ 120.265476738760526, -2.804729707909644, 0.0 ], [ 120.265454575868034, -2.804779534847626, 0.0 ], [ 120.265400710974063, -2.80483344470764, 0.0 ], [ 120.265333044184672, -2.804897020481064, 0.0 ], [ 120.265319071418048, -2.804980120536072, 0.0 ], [ 120.265349082694115, -2.80511043140126, 0.0 ], [ 120.265407486466415, -2.805253107045189, 0.0 ] ] ] ] } },
{ "type": "Feature", "properties": { "OBJECTID": 1361, "WADMPR": "Sulawesi Selatan", "WADMKK": "Kab. Luwu Utara", "WADMKC": "Kec. Malangke Barat", "WADMKD": "Desa Limbong Wara", "POKTAN": "Taro Ada Taro Gau", "K_POKTAN": "Markus Limin", "P_SID": "Universitas Negeri Makassar", "NO_HP_1": "085150991731", "NAMA_PEMIL": "Pemerintah Desa", "N_PETAK": "LA142", "LUAS_HA": 0.98343111844999997, "PAKET": "Paket Sulawesi Selatan 16" }, "geometry": { "type": "MultiPolygon", "coordinates": [ [ [ [ 120.267537322989142, -2.805261158675478, 0.0 ], [ 120.266560631368066, -2.805609463405972, 0.0 ], [ 120.266317858482466, -2.804927932877774, 0.0 ], [ 120.267376834473339, -2.8045504946096, 0.0 ], [ 120.267531532254452, -2.804991374652161, 0.0 ], [ 120.2675278576246, -2.805047996867529, 0.0 ], [ 120.267527574338146, -2.805169936843072, 0.0 ], [ 120.267530986365955, -2.805226575246195, 0.0 ], [ 120.267537322989142, -2.805261158675478, 0.0 ] ] ] ] } },
{ "type": "Feature", "properties": { "OBJECTID": 1362, "WADMPR": "Sulawesi Selatan", "WADMKK": "Kab. Luwu Utara", "WADMKC": "Kec. Malangke Barat", "WADMKD": "Desa Limbong Wara", "POKTAN": "Taro Ada Taro Gau", "K_POKTAN": "Markus Limin", "P_SID": "Universitas Negeri Makassar", "NO_HP_1": "085150991731", "NAMA_PEMIL": "Pemerintah Desa", "N_PETAK": "LA143", "LUAS_HA": 0.29139813957, "PAKET": "Paket Sulawesi Selatan 16" }, "geometry": { "type": "MultiPolygon", "coordinates": [ [ [ [ 120.265724536158473, -2.805903844786542, 0.0 ], [ 120.265501648182635, -2.805986903472785, 0.0 ], [ 120.265258875296922, -2.805305372944531, 0.0 ], [ 120.265407486466415, -2.805253107045189, 0.0 ], [ 120.26543977212782, -2.805294055875947, 0.0 ], [ 120.265496218076009, -2.805315664786065, 0.0 ], [ 120.265590486811561, -2.805367150973211, 0.0 ], [ 120.265668855533363, -2.80544215443183, 0.0 ], [ 120.265736457571506, -2.805406289468635, 0.0 ], [ 120.265818989254967, -2.805468832820338, 0.0 ], [ 120.265799491953089, -2.805557461907313, 0.0 ], [ 120.265782621570793, -2.805701518909927, 0.0 ], [ 120.265732738874817, -2.805820558571895, 0.0 ], [ 120.265724536158473, -2.805903844786542, 0.0 ] ] ] ] } },
{ "type": "Feature", "properties": { "OBJECTID": 1363, "WADMPR": "Sulawesi Selatan", "WADMKK": "Kab. Luwu Utara", "WADMKC": "Kec. Malangke Barat", "WADMKD": "Desa Limbong Wara", "POKTAN": "Taro Ada Taro Gau", "K_POKTAN": "Markus Limin", "P_SID": "Universitas Negeri Makassar", "NO_HP_1": "085150991731", "NAMA_PEMIL": "Pemerintah Desa", "N_PETAK": "LA144", "LUAS_HA": 0.89975040992, "PAKET": "Paket Sulawesi Selatan 16" }, "geometry": { "type": "MultiPolygon", "coordinates": [ [ [ [ 120.267655817661876, -2.805987161578173, 0.0 ], [ 120.266803411448336, -2.80629099303485, 0.0 ], [ 120.266560631368066, -2.805609463405972, 0.0 ], [ 120.267537322989142, -2.805261158675478, 0.0 ], [ 120.267541430192864, -2.805282336810365, 0.0 ], [ 120.267558743041604, -2.805336342897874, 0.0 ], [ 120.267579302442869, -2.805381466381505, 0.0 ], [ 120.267643220857963, -2.80550355744316, 0.0 ], [ 120.267646569933277, -2.805509832013115, 0.0 ], [ 120.267676695423233, -2.805557811743597, 0.0 ], [ 120.267700463605593, -2.805586839161265, 0.0 ], [ 120.267688792204012, -2.805615149819289, 0.0 ], [ 120.26768648724169, -2.805620852420361, 0.0 ], [ 120.26766892348212, -2.805674775770228, 0.0 ], [ 120.267658220650446, -2.805730487871642, 0.0 ], [ 120.267654545121218, -2.80578711008701, 0.0 ], [ 120.267654215070024, -2.805929179587906, 0.0 ], [ 120.267654144922858, -2.805959260111706, 0.0 ], [ 120.267655817661876, -2.805987161578173, 0.0 ] ] ] ] } },
{ "type": "Feature", "properties": { "OBJECTID": 1364, "WADMPR": "Sulawesi Selatan", "WADMKK": "Kab. Luwu Utara", "WADMKC": "Kec. Malangke Barat", "WADMKD": "Desa Limbong Wara", "POKTAN": "Taro Ada Taro Gau", "K_POKTAN": "Markus Limin", "P_SID": "Universitas Negeri Makassar", "NO_HP_1": "085150991731", "NAMA_PEMIL": "Pemerintah Desa", "N_PETAK": "LA145", "LUAS_HA": 0.69932158975000003, "PAKET": "Paket Sulawesi Selatan 16" }, "geometry": { "type": "MultiPolygon", "coordinates": [ [ [ [ 120.266803411448336, -2.80629099303485, 0.0 ], [ 120.266122758658412, -2.806534510559175, 0.0 ], [ 120.266018989484792, -2.806383588132064, 0.0 ], [ 120.265922308767585, -2.806183843309668, 0.0 ], [ 120.265798759005634, -2.805872844256328, 0.0 ], [ 120.266560631368066, -2.805609463405972, 0.0 ], [ 120.266803411448336, -2.80629099303485, 0.0 ] ] ] ] } },
{ "type": "Feature", "properties": { "OBJECTID": 1365, "WADMPR": "Sulawesi Selatan", "WADMKK": "Kab. Luwu Utara", "WADMKC": "Kec. Malangke Barat", "WADMKD": "Desa Limbong Wara", "POKTAN": "Taro Ada Taro Gau", "K_POKTAN": "Markus Limin", "P_SID": "Universitas Negeri Makassar", "NO_HP_1": "085150991731", "NAMA_PEMIL": "Pemerintah Desa", "N_PETAK": "LA146", "LUAS_HA": 0.21566693546, "PAKET": "Paket Sulawesi Selatan 16" }, "geometry": { "type": "MultiPolygon", "coordinates": [ [ [ [ 120.26622026675193, -2.807267345611479, 0.0 ], [ 120.265987202047768, -2.807349962730541, 0.0 ], [ 120.265744428262792, -2.806668433101663, 0.0 ], [ 120.265986077895263, -2.806592127424722, 0.0 ], [ 120.266097243992704, -2.806951521695339, 0.0 ], [ 120.26622026675193, -2.807267345611479, 0.0 ] ] ] ] } },
{ "type": "Feature", "properties": { "OBJECTID": 1366, "WADMPR": "Sulawesi Selatan", "WADMKK": "Kab. Luwu Utara", "WADMKC": "Kec. Malangke Barat", "WADMKD": "Desa Limbong Wara", "POKTAN": "Taro Ada Taro Gau", "K_POKTAN": "Markus Limin", "P_SID": "Universitas Negeri Makassar", "NO_HP_1": "085150991731", "NAMA_PEMIL": "Pemerintah Desa", "N_PETAK": "LA147", "LUAS_HA": 0.81058249892000001, "PAKET": "Paket Sulawesi Selatan 16" }, "geometry": { "type": "MultiPolygon", "coordinates": [ [ [ [ 120.267954430352688, -2.806648807196666, 0.0 ], [ 120.267046185233312, -2.806972522663727, 0.0 ], [ 120.266803411448336, -2.80629099303485, 0.0 ], [ 120.267655817661876, -2.805987161578173, 0.0 ], [ 120.26765755695078, -2.806015898514829, 0.0 ], [ 120.267668000777689, -2.806071660978319, 0.0 ], [ 120.267685314525693, -2.806125666166508, 0.0 ], [ 120.267690991945756, -2.806139505833471, 0.0 ], [ 120.26776194395859, -2.806304651038772, 0.0 ], [ 120.26777682773843, -2.806335938452776, 0.0 ], [ 120.267840747052901, -2.806458028615054, 0.0 ], [ 120.267844093430199, -2.80646430138637, 0.0 ], [ 120.267853724270026, -2.806481142990322, 0.0 ], [ 120.267954430352688, -2.806648807196666, 0.0 ] ] ] ] } },
{ "type": "Feature", "properties": { "OBJECTID": 1367, "WADMPR": "Sulawesi Selatan", "WADMKK": "Kab. Luwu Utara", "WADMKC": "Kec. Malangke Barat", "WADMKD": "Desa Limbong Wara", "POKTAN": "Taro Ada Taro Gau", "K_POKTAN": "Markus Limin", "P_SID": "Universitas Negeri Makassar", "NO_HP_1": "085150991731", "NAMA_PEMIL": "Pemerintah Desa", "N_PETAK": "LA148", "LUAS_HA": 0.82311813080999996, "PAKET": "Paket Sulawesi Selatan 16" }, "geometry": { "type": "MultiPolygon", "coordinates": [ [ [ [ 120.268072961897701, -2.807374603255312, 0.0 ], [ 120.267288958119025, -2.807654053191982, 0.0 ], [ 120.267046185233312, -2.806972522663727, 0.0 ], [ 120.267954430352688, -2.806648807196666, 0.0 ], [ 120.267974528401851, -2.806682269171347, 0.0 ], [ 120.267995023951244, -2.806713408197197, 0.0 ], [ 120.268030892511774, -2.80675721327475, 0.0 ], [ 120.268040693323428, -2.806767428673822, 0.0 ], [ 120.268072951105864, -2.806800018306149, 0.0 ], [ 120.268067802487167, -2.806832652904575, 0.0 ], [ 120.268052837768323, -2.806927502602093, 0.0 ], [ 120.268036611300658, -2.807030349970603, 0.0 ], [ 120.268034737113453, -2.807043468381323, 0.0 ], [ 120.268031062483601, -2.807100090596634, 0.0 ], [ 120.26803447451141, -2.807156728100495, 0.0 ], [ 120.268038239073576, -2.807181585361832, 0.0 ], [ 120.268072961897701, -2.807374603255312, 0.0 ] ] ] ] } },
{ "type": "Feature", "properties": { "OBJECTID": 1368, "WADMPR": "Sulawesi Selatan", "WADMKK": "Kab. Luwu Utara", "WADMKC": "Kec. Malangke Barat", "WADMKD": "Desa Limbong Wara", "POKTAN": "Taro Ada Taro Gau", "K_POKTAN": "Markus Limin", "P_SID": "Universitas Negeri Makassar", "NO_HP_1": "085150991731", "NAMA_PEMIL": "Pemerintah Desa", "N_PETAK": "LA149", "LUAS_HA": 0.64901740142999997, "PAKET": "Paket Sulawesi Selatan 16" }, "geometry": { "type": "MultiPolygon", "coordinates": [ [ [ [ 120.267288958119025, -2.807654053191982, 0.0 ], [ 120.266596345245148, -2.807902809267205, 0.0 ], [ 120.266363681638609, -2.80722057456984, 0.0 ], [ 120.267046185233312, -2.806972522663727, 0.0 ], [ 120.267288958119025, -2.807654053191982, 0.0 ] ] ] ] } },
{ "type": "Feature", "properties": { "OBJECTID": 1369, "WADMPR": "Sulawesi Selatan", "WADMKK": "Kab. Luwu Utara", "WADMKC": "Kec. Malangke Barat", "WADMKD": "Desa Limbong Wara", "POKTAN": "Taro Ada Taro Gau", "K_POKTAN": "Markus Limin", "P_SID": "Universitas Negeri Makassar", "NO_HP_1": "085150991731", "NAMA_PEMIL": "Pemerintah Desa", "N_PETAK": "LA150", "LUAS_HA": 0.74163585445000002, "PAKET": "Paket Sulawesi Selatan 16" }, "geometry": { "type": "MultiPolygon", "coordinates": [ [ [ [ 120.268374777074314, -2.808035103137456, 0.0 ], [ 120.267531729205984, -2.808335583720179, 0.0 ], [ 120.267288958119025, -2.807654053191982, 0.0 ], [ 120.268072961897701, -2.807374603255312, 0.0 ], [ 120.268089885340032, -2.807468624677256, 0.0 ], [ 120.268096563705512, -2.807499530778671, 0.0 ], [ 120.268113876554253, -2.807553535966861, 0.0 ], [ 120.268120688019394, -2.807569990862362, 0.0 ], [ 120.268229491597822, -2.807818910614174, 0.0 ], [ 120.268246588609259, -2.807853852872938, 0.0 ], [ 120.268276714998478, -2.80790183350274, 0.0 ], [ 120.268285522958536, -2.807913670379548, 0.0 ], [ 120.268358055979547, -2.808007894148943, 0.0 ], [ 120.268364106618264, -2.808015755122938, 0.0 ], [ 120.268374777074314, -2.808035103137456, 0.0 ] ] ] ] } },
{ "type": "Feature", "properties": { "OBJECTID": 1370, "WADMPR": "Sulawesi Selatan", "WADMKK": "Kab. Luwu Utara", "WADMKC": "Kec. Malangke Barat", "WADMKD": "Desa Limbong Wara", "POKTAN": "Taro Ada Taro Gau", "K_POKTAN": "Markus Limin", "P_SID": "Universitas Negeri Makassar", "NO_HP_1": "085150991731", "NAMA_PEMIL": "Pemerintah Desa", "N_PETAK": "LA151", "LUAS_HA": 0.65108111422000003, "PAKET": "Paket Sulawesi Selatan 16" }, "geometry": { "type": "MultiPolygon", "coordinates": [ [ [ [ 120.267531729205984, -2.808335583720179, 0.0 ], [ 120.266838654980006, -2.808585067346939, 0.0 ], [ 120.266760685557301, -2.808338256505294, 0.0 ], [ 120.266596345245148, -2.807902809267205, 0.0 ], [ 120.267288958119025, -2.807654053191982, 0.0 ], [ 120.267531729205984, -2.808335583720179, 0.0 ] ] ] ] } },
{ "type": "Feature", "properties": { "OBJECTID": 1371, "WADMPR": "Sulawesi Selatan", "WADMKK": "Kab. Luwu Utara", "WADMKC": "Kec. Malangke Barat", "WADMKD": "Desa Limbong Wara", "POKTAN": "Taro Ada Taro Gau", "K_POKTAN": "Markus Limin", "P_SID": "Universitas Negeri Makassar", "NO_HP_1": "085150991731", "NAMA_PEMIL": "Pemerintah Desa", "N_PETAK": "LA152", "LUAS_HA": 0.80907235252999998, "PAKET": "Paket Sulawesi Selatan 16" }, "geometry": { "type": "MultiPolygon", "coordinates": [ [ [ [ 120.268620678701382, -2.808715518506347, 0.0 ], [ 120.267774511084895, -2.809017113349057, 0.0 ], [ 120.267531729205984, -2.808335583720179, 0.0 ], [ 120.268374777074314, -2.808035103137456, 0.0 ], [ 120.268405408882586, -2.808090636273789, 0.0 ], [ 120.268460667725662, -2.808190816253102, 0.0 ], [ 120.268522128293625, -2.808401191961366, 0.0 ], [ 120.268524746220123, -2.808409834446252, 0.0 ], [ 120.268607339057553, -2.808672971580336, 0.0 ], [ 120.268620678701382, -2.808715518506347, 0.0 ] ] ] ] } },
{ "type": "Feature", "properties": { "OBJECTID": 1372, "WADMPR": "Sulawesi Selatan", "WADMKK": "Kab. Luwu Utara", "WADMKC": "Kec. Malangke Barat", "WADMKD": "Desa Limbong Wara", "POKTAN": "Taro Ada Taro Gau", "K_POKTAN": "Markus Limin", "P_SID": "Universitas Negeri Makassar", "NO_HP_1": "085150991731", "NAMA_PEMIL": "Pemerintah Desa", "N_PETAK": "LA153", "LUAS_HA": 0.20034708402000001, "PAKET": "Paket Sulawesi Selatan 16" }, "geometry": { "type": "MultiPolygon", "coordinates": [ [ [ [ 120.267135445644385, -2.809244591464676, 0.0 ], [ 120.26671552789935, -2.809394553415871, 0.0 ], [ 120.266595041228243, -2.809055579151618, 0.0 ], [ 120.266752664503883, -2.808824564002407, 0.0 ], [ 120.266789318172528, -2.808737845075427, 0.0 ], [ 120.266818294328914, -2.808783972202491, 0.0 ], [ 120.266875161159874, -2.808926426613255, 0.0 ], [ 120.266901143473092, -2.809009345904542, 0.0 ], [ 120.266960103026349, -2.809085519381142, 0.0 ], [ 120.267035558843986, -2.80915490747293, 0.0 ], [ 120.267135445644385, -2.809244591464676, 0.0 ] ] ] ] } },
{ "type": "Feature", "properties": { "OBJECTID": 1373, "WADMPR": "Sulawesi Selatan", "WADMKK": "Kab. Luwu Utara", "WADMKC": "Kec. Malangke Barat", "WADMKD": "Desa Limbong Wara", "POKTAN": "Taro Ada Taro Gau", "K_POKTAN": "Markus Limin", "P_SID": "Universitas Negeri Makassar", "NO_HP_1": "085150991731", "NAMA_PEMIL": "Pemerintah Desa", "N_PETAK": "LA154", "LUAS_HA": 0.32612910027999997, "PAKET": "Paket Sulawesi Selatan 16" }, "geometry": { "type": "MultiPolygon", "coordinates": [ [ [ [ 120.264219485640865, -2.802604975938834, 0.0 ], [ 120.263846438762243, -2.802737942502006, 0.0 ], [ 120.263844544790004, -2.802706602927344, 0.0 ], [ 120.263834100963095, -2.802650841363175, 0.0 ], [ 120.263828287745355, -2.802629965400513, 0.0 ], [ 120.263761165945084, -2.802409439943631, 0.0 ], [ 120.263665487971934, -2.802103254061876, 0.0 ], [ 120.263654340875178, -2.80207172562956, 0.0 ], [ 120.263643667721112, -2.802045038247854, 0.0 ], [ 120.263642715339074, -2.80204249946172, 0.0 ], [ 120.263976711855776, -2.801923445410637, 0.0 ], [ 120.264219485640865, -2.802604975938834, 0.0 ] ] ] ] } },
{ "type": "Feature", "properties": { "OBJECTID": 1374, "WADMPR": "Sulawesi Selatan", "WADMKK": "Kab. Luwu Utara", "WADMKC": "Kec. Malangke Barat", "WADMKD": "Desa Limbong Wara", "POKTAN": "Taro Ada Taro Gau", "K_POKTAN": "Markus Limin", "P_SID": "Universitas Negeri Makassar", "NO_HP_1": "085150991731", "NAMA_PEMIL": "Pemerintah Desa", "N_PETAK": "LA155", "LUAS_HA": 0.46485385764999998, "PAKET": "Paket Sulawesi Selatan 16" }, "geometry": { "type": "MultiPolygon", "coordinates": [ [ [ [ 120.264462258526464, -2.803286506467032, 0.0 ], [ 120.263878862919228, -2.803494441415296, 0.0 ], [ 120.263878381781979, -2.803491086044744, 0.0 ], [ 120.263874258390388, -2.803449853927589, 0.0 ], [ 120.263873099164243, -2.803439476650453, 0.0 ], [ 120.263871231272333, -2.803425984121816, 0.0 ], [ 120.263838441091252, -2.803212852890795, 0.0 ], [ 120.263838441091252, -2.803027577260821, 0.0 ], [ 120.263847646551653, -2.802779000150679, 0.0 ], [ 120.263847956817813, -2.802763241330467, 0.0 ], [ 120.263846438762243, -2.802737942502006, 0.0 ], [ 120.264219485640865, -2.802604975938834, 0.0 ], [ 120.264462258526464, -2.803286506467032, 0.0 ] ] ] ] } },
{ "type": "Feature", "properties": { "OBJECTID": 1375, "WADMPR": "Sulawesi Selatan", "WADMKK": "Kab. Luwu Utara", "WADMKC": "Kec. Malangke Barat", "WADMKD": "Desa Limbong Wara", "POKTAN": "Taro Ada Taro Gau", "K_POKTAN": "Markus Limin", "P_SID": "Universitas Negeri Makassar", "NO_HP_1": "085150991731", "NAMA_PEMIL": "Pemerintah Desa", "N_PETAK": "LA156", "LUAS_HA": 0.68417792466000005, "PAKET": "Paket Sulawesi Selatan 16" }, "geometry": { "type": "MultiPolygon", "coordinates": [ [ [ [ 120.264705031412177, -2.803968036995286, 0.0 ], [ 120.26392451700292, -2.80424486271022, 0.0 ], [ 120.263834538932883, -2.8042024749642, 0.0 ], [ 120.263786088856932, -2.804134477224295, 0.0 ], [ 120.263827558395178, -2.804000852357376, 0.0 ], [ 120.263833008286724, -2.803981836192747, 0.0 ], [ 120.26388088279657, -2.803799901544153, 0.0 ], [ 120.2638918716126, -2.803743094068466, 0.0 ], [ 120.263895546242566, -2.803686472752474, 0.0 ], [ 120.263893294340164, -2.803640216123028, 0.0 ], [ 120.26389164318482, -2.803623709066869, 0.0 ], [ 120.263878862919228, -2.803494441415296, 0.0 ], [ 120.264462258526464, -2.803286506467032, 0.0 ], [ 120.264705031412177, -2.803968036995286, 0.0 ] ] ] ] } },
{ "type": "Feature", "properties": { "OBJECTID": 1376, "WADMPR": "Sulawesi Selatan", "WADMKK": "Kab. Luwu Utara", "WADMKC": "Kec. Malangke Barat", "WADMKD": "Desa Limbong Wara", "POKTAN": "Taro Ada Taro Gau", "K_POKTAN": "Markus Limin", "P_SID": "Universitas Negeri Makassar", "NO_HP_1": "085150991731", "NAMA_PEMIL": "Pemerintah Desa", "N_PETAK": "LA157", "LUAS_HA": 0.50276365715000004, "PAKET": "Paket Sulawesi Selatan 16" }, "geometry": { "type": "MultiPolygon", "coordinates": [ [ [ [ 120.264947808794432, -2.804649566624164, 0.0 ], [ 120.264605852378281, -2.804773484208908, 0.0 ], [ 120.264560291824068, -2.804652900410986, 0.0 ], [ 120.264456033419265, -2.804542031089795, 0.0 ], [ 120.264148238650364, -2.804433449643966, 0.0 ], [ 120.26405074044942, -2.804372376683773, 0.0 ], [ 120.263990353671943, -2.804319688103078, 0.0 ], [ 120.26392451700292, -2.80424486271022, 0.0 ], [ 120.264705031412177, -2.803968036995286, 0.0 ], [ 120.264947808794432, -2.804649566624164, 0.0 ] ] ] ] } },
{ "type": "Feature", "properties": { "OBJECTID": 1377, "WADMPR": "Sulawesi Selatan", "WADMKK": "Kab. Luwu Utara", "WADMKC": "Kec. Malangke Barat", "WADMKD": "Desa Limbong Wara", "POKTAN": "Taro Ada Taro Gau", "K_POKTAN": "Markus Limin", "P_SID": "Universitas Negeri Makassar", "NO_HP_1": "085150991731", "NAMA_PEMIL": "Pemerintah Desa", "N_PETAK": "LA158", "LUAS_HA": 0.42963764085, "PAKET": "Paket Sulawesi Selatan 16" }, "geometry": { "type": "MultiPolygon", "coordinates": [ [ [ [ 120.26519058527731, -2.805331096253042, 0.0 ], [ 120.264905141359236, -2.805435339369353, 0.0 ], [ 120.26472845605349, -2.805336255663633, 0.0 ], [ 120.264630354407359, -2.805325221881446, 0.0 ], [ 120.264518732353622, -2.805275984898742, 0.0 ], [ 120.26450164343612, -2.805232732904244, 0.0 ], [ 120.264525045594496, -2.805025367226847, 0.0 ], [ 120.264591158355302, -2.804931895290679, 0.0 ], [ 120.264605852378281, -2.804773484208908, 0.0 ], [ 120.264947808794432, -2.804649566624164, 0.0 ], [ 120.26519058527731, -2.805331096253042, 0.0 ] ] ] ] } },
{ "type": "Feature", "properties": { "OBJECTID": 1378, "WADMPR": "Sulawesi Selatan", "WADMKK": "Kab. Luwu Utara", "WADMKC": "Kec. Malangke Barat", "WADMKD": "Desa Limbong Wara", "POKTAN": "Taro Ada Taro Gau", "K_POKTAN": "Markus Limin", "P_SID": "Universitas Negeri Makassar", "NO_HP_1": "085150991731", "NAMA_PEMIL": "Pemerintah Desa", "N_PETAK": "LA159", "LUAS_HA": 0.7245208286, "PAKET": "Paket Sulawesi Selatan 16" }, "geometry": { "type": "MultiPolygon", "coordinates": [ [ [ [ 120.264131609286437, -2.805708535420536, 0.0 ], [ 120.263072626100893, -2.806085975487349, 0.0 ], [ 120.263050540550012, -2.806025156136002, 0.0 ], [ 120.263077056161251, -2.805972109625088, 0.0 ], [ 120.263189984929909, -2.805789685745367, 0.0 ], [ 120.263201762451445, -2.805769513951873, 0.0 ], [ 120.263223374059521, -2.805724487595, 0.0 ], [ 120.263337587959427, -2.80544846947123, 0.0 ], [ 120.263340123148282, -2.805442211089144, 0.0 ], [ 120.263357687807115, -2.8053882868399, 0.0 ], [ 120.26336396237707, -2.80536032601816, 0.0 ], [ 120.263393619320141, -2.805205452869302, 0.0 ], [ 120.263393697561128, -2.805205111126952, 0.0 ], [ 120.26388882830679, -2.805027005791658, 0.0 ], [ 120.264131609286437, -2.805708535420536, 0.0 ] ] ] ] } },
{ "type": "Feature", "properties": { "OBJECTID": 1379, "WADMPR": "Sulawesi Selatan", "WADMKK": "Kab. Luwu Utara", "WADMKC": "Kec. Malangke Barat", "WADMKD": "Desa Limbong Wara", "POKTAN": "Taro Ada Taro Gau", "K_POKTAN": "Markus Limin", "P_SID": "Universitas Negeri Makassar", "NO_HP_1": "085150991731", "NAMA_PEMIL": "Pemerintah Desa", "N_PETAK": "LA160", "LUAS_HA": 1.00000413495, "PAKET": "Paket Sulawesi Selatan 16" }, "geometry": { "type": "MultiPolygon", "coordinates": [ [ [ [ 120.264374382172036, -2.806390065948733, 0.0 ], [ 120.263315398986492, -2.806767506015547, 0.0 ], [ 120.263072626100893, -2.806085975487349, 0.0 ], [ 120.264131609286437, -2.805708535420536, 0.0 ], [ 120.264374382172036, -2.806390065948733, 0.0 ] ] ] ] } },
{ "type": "Feature", "properties": { "OBJECTID": 1380, "WADMPR": "Sulawesi Selatan", "WADMKK": "Kab. Luwu Utara", "WADMKC": "Kec. Malangke Barat", "WADMKD": "Desa Limbong Wara", "POKTAN": "Taro Ada Taro Gau", "K_POKTAN": "Markus Limin", "P_SID": "Universitas Negeri Makassar", "NO_HP_1": "085150991731", "NAMA_PEMIL": "Pemerintah Desa", "N_PETAK": "LA161", "LUAS_HA": 0.53084024005999997, "PAKET": "Paket Sulawesi Selatan 16" }, "geometry": { "type": "MultiPolygon", "coordinates": [ [ [ [ 120.265033828048786, -2.806154411197099, 0.0 ], [ 120.264374382172036, -2.806390065948733, 0.0 ], [ 120.264131609286437, -2.805708535420536, 0.0 ], [ 120.264631307688774, -2.805531203502198, 0.0 ], [ 120.264717094018692, -2.805601986442468, 0.0 ], [ 120.26475112616356, -2.805751869253299, 0.0 ], [ 120.264882300377963, -2.806017215122324, 0.0 ], [ 120.265033828048786, -2.806154411197099, 0.0 ] ] ] ] } },
{ "type": "Feature", "properties": { "OBJECTID": 1381, "WADMPR": "Sulawesi Selatan", "WADMKK": "Kab. Luwu Utara", "WADMKC": "Kec. Malangke Barat", "WADMKD": "Desa Limbong Wara", "POKTAN": "Taro Ada Taro Gau", "K_POKTAN": "Markus Limin", "P_SID": "Universitas Negeri Makassar", "NO_HP_1": "085150991731", "NAMA_PEMIL": "Pemerintah Desa", "N_PETAK": "LA162", "LUAS_HA": 0.46536554216999998, "PAKET": "Paket Sulawesi Selatan 16" }, "geometry": { "type": "MultiPolygon", "coordinates": [ [ [ [ 120.264617155057749, -2.807071595577611, 0.0 ], [ 120.264374382172036, -2.806390065948733, 0.0 ], [ 120.265033828048786, -2.806154411197099, 0.0 ], [ 120.265176636792376, -2.80634488221051, 0.0 ], [ 120.265079051357247, -2.806419554718616, 0.0 ], [ 120.264882036876543, -2.806746066177936, 0.0 ], [ 120.264812666771263, -2.807008059374368, 0.0 ], [ 120.264617155057749, -2.807071595577611, 0.0 ] ] ] ] } },
{ "type": "Feature", "properties": { "OBJECTID": 1382, "WADMPR": "Sulawesi Selatan", "WADMKK": "Kab. Luwu Utara", "WADMKC": "Kec. Malangke Barat", "WADMKD": "Desa Limbong Wara", "POKTAN": "Taro Ada Taro Gau", "K_POKTAN": "Markus Limin", "P_SID": "Universitas Negeri Makassar", "NO_HP_1": "085150991731", "NAMA_PEMIL": "Pemerintah Desa", "N_PETAK": "LA163", "LUAS_HA": 1.00000239655, "PAKET": "Paket Sulawesi Selatan 16" }, "geometry": { "type": "MultiPolygon", "coordinates": [ [ [ [ 120.264617155057749, -2.807071595577611, 0.0 ], [ 120.263558171872205, -2.807449035644424, 0.0 ], [ 120.263315398986492, -2.806767506015547, 0.0 ], [ 120.264374382172036, -2.806390065948733, 0.0 ], [ 120.264617155057749, -2.807071595577611, 0.0 ] ] ] ] } },
{ "type": "Feature", "properties": { "OBJECTID": 1383, "WADMPR": "Sulawesi Selatan", "WADMKK": "Kab. Luwu Utara", "WADMKC": "Kec. Malangke Barat", "WADMKD": "Desa Limbong Wara", "POKTAN": "Taro Ada Taro Gau", "K_POKTAN": "Markus Limin", "P_SID": "Universitas Negeri Makassar", "NO_HP_1": "085150991731", "NAMA_PEMIL": "Pemerintah Desa", "N_PETAK": "LA164", "LUAS_HA": 0.57904161345000005, "PAKET": "Paket Sulawesi Selatan 16" }, "geometry": { "type": "MultiPolygon", "coordinates": [ [ [ [ 120.26591890843099, -2.807375686938371, 0.0 ], [ 120.264859928842725, -2.807753126105865, 0.0 ], [ 120.264851550758522, -2.807535343581208, 0.0 ], [ 120.264903516284335, -2.807365496720251, 0.0 ], [ 120.265029972655157, -2.807195824327778, 0.0 ], [ 120.265161870823704, -2.80715004164108, 0.0 ], [ 120.265379518450118, -2.807190885251089, 0.0 ], [ 120.265568636883131, -2.807179806502802, 0.0 ], [ 120.265569662110238, -2.806739040674131, 0.0 ], [ 120.265676131048622, -2.806694157309437, 0.0 ], [ 120.26591890843099, -2.807375686938371, 0.0 ] ] ] ] } },
{ "type": "Feature", "properties": { "OBJECTID": 1384, "WADMPR": "Sulawesi Selatan", "WADMKK": "Kab. Luwu Utara", "WADMKC": "Kec. Malangke Barat", "WADMKD": "Desa Limbong Wara", "POKTAN": "Taro Ada Taro Gau", "K_POKTAN": "Markus Limin", "P_SID": "Universitas Negeri Makassar", "NO_HP_1": "085150991731", "NAMA_PEMIL": "Pemerintah Desa", "N_PETAK": "LA165", "LUAS_HA": 0.8978526388, "PAKET": "Paket Sulawesi Selatan 16" }, "geometry": { "type": "MultiPolygon", "coordinates": [ [ [ [ 120.26457003058249, -2.807855894334011, 0.0 ], [ 120.263800944757804, -2.808130566172622, 0.0 ], [ 120.263558171872205, -2.807449035644424, 0.0 ], [ 120.264617155057749, -2.807071595577611, 0.0 ], [ 120.264685965784793, -2.807282880500509, 0.0 ], [ 120.264587562865813, -2.807709013460169, 0.0 ], [ 120.26457003058249, -2.807855894334011, 0.0 ] ] ] ] } },
{ "type": "Feature", "properties": { "OBJECTID": 1385, "WADMPR": "Sulawesi Selatan", "WADMKK": "Kab. Luwu Utara", "WADMKC": "Kec. Malangke Barat", "WADMKD": "Desa Limbong Wara", "POKTAN": "Taro Ada Taro Gau", "K_POKTAN": "Markus Limin", "P_SID": "Universitas Negeri Makassar", "NO_HP_1": "085150991731", "NAMA_PEMIL": "Pemerintah Desa", "N_PETAK": "LA166", "LUAS_HA": 0.93278844741, "PAKET": "Paket Sulawesi Selatan 16" }, "geometry": { "type": "MultiPolygon", "coordinates": [ [ [ [ 120.266161684913868, -2.808057216567249, 0.0 ], [ 120.265102708922996, -2.808434655734743, 0.0 ], [ 120.26512203715231, -2.808212861334425, 0.0 ], [ 120.265149940417473, -2.808041459545677, 0.0 ], [ 120.265012613041677, -2.807958168834375, 0.0 ], [ 120.264859928842725, -2.807753126105865, 0.0 ], [ 120.26591890843099, -2.807375686938371, 0.0 ], [ 120.266161684913868, -2.808057216567249, 0.0 ] ] ] ] } },
{ "type": "Feature", "properties": { "OBJECTID": 1386, "WADMPR": "Sulawesi Selatan", "WADMKK": "Kab. Luwu Utara", "WADMKC": "Kec. Malangke Barat", "WADMKD": "Desa Limbong Wara", "POKTAN": "Taro Ada Taro Gau", "K_POKTAN": "Markus Limin", "P_SID": "Universitas Negeri Makassar", "NO_HP_1": "085150991731", "NAMA_PEMIL": "Pemerintah Desa", "N_PETAK": "LA167", "LUAS_HA": 0.80143248367999997, "PAKET": "Paket Sulawesi Selatan 16" }, "geometry": { "type": "MultiPolygon", "coordinates": [ [ [ [ 120.264629921833489, -2.808589207825605, 0.0 ], [ 120.264043725737451, -2.808812095801557, 0.0 ], [ 120.263800944757804, -2.808130566172622, 0.0 ], [ 120.26457003058249, -2.807855894334011, 0.0 ], [ 120.264747353507573, -2.807988830320198, 0.0 ], [ 120.264810155864097, -2.808086926570354, 0.0 ], [ 120.264875716441225, -2.808231122967925, 0.0 ], [ 120.264846770861823, -2.808357811363862, 0.0 ], [ 120.264757532933913, -2.808539094003947, 0.0 ], [ 120.264629921833489, -2.808589207825605, 0.0 ] ] ] ] } },
{ "type": "Feature", "properties": { "OBJECTID": 1387, "WADMPR": "Sulawesi Selatan", "WADMKK": "Kab. Luwu Utara", "WADMKC": "Kec. Malangke Barat", "WADMKD": "Desa Limbong Wara", "POKTAN": "Taro Ada Taro Gau", "K_POKTAN": "Markus Limin", "P_SID": "Universitas Negeri Makassar", "NO_HP_1": "085150991731", "NAMA_PEMIL": "Pemerintah Desa", "N_PETAK": "LA168", "LUAS_HA": 0.44765310921000001, "PAKET": "Paket Sulawesi Selatan 16" }, "geometry": { "type": "MultiPolygon", "coordinates": [ [ [ [ 120.263242626745864, -2.806794139437955, 0.0 ], [ 120.262470592044224, -2.807069305903724, 0.0 ], [ 120.262493387160134, -2.806970528866771, 0.0 ], [ 120.26253997563947, -2.806784174050335, 0.0 ], [ 120.262547353677519, -2.806748698493607, 0.0 ], [ 120.262570757634421, -2.806608267557465, 0.0 ], [ 120.262583594557327, -2.80656719192234, 0.0 ], [ 120.262629057984668, -2.806510363762243, 0.0 ], [ 120.262646163989302, -2.806492269402668, 0.0 ], [ 120.262659602558642, -2.806484115249646, 0.0 ], [ 120.262667994132698, -2.806478588016375, 0.0 ], [ 120.262705965308101, -2.806451827789601, 0.0 ], [ 120.262723068614832, -2.80644187139518, 0.0 ], [ 120.262760991226855, -2.806413697434152, 0.0 ], [ 120.262802217948092, -2.806374951942416, 0.0 ], [ 120.262821470634435, -2.806353055249247, 0.0 ], [ 120.26295472138338, -2.806191252824021, 0.0 ], [ 120.262971540504282, -2.806169512612882, 0.0 ], [ 120.263001889025986, -2.806121674975259, 0.0 ], [ 120.263002595893113, -2.806120327790836, 0.0 ], [ 120.263242626745864, -2.806794139437955, 0.0 ] ] ] ] } },
{ "type": "Feature", "properties": { "OBJECTID": 1388, "WADMPR": "Sulawesi Selatan", "WADMKK": "Kab. Luwu Utara", "WADMKC": "Kec. Malangke Barat", "WADMKD": "Desa Limbong Wara", "POKTAN": "Taro Ada Taro Gau", "K_POKTAN": "Markus Limin", "P_SID": "Universitas Negeri Makassar", "NO_HP_1": "085150991731", "NAMA_PEMIL": "Pemerintah Desa", "N_PETAK": "LA169", "LUAS_HA": 0.9455557573, "PAKET": "Paket Sulawesi Selatan 16" }, "geometry": { "type": "MultiPolygon", "coordinates": [ [ [ [ 120.26348540053084, -2.807475669966152, 0.0 ], [ 120.262426423640591, -2.807853109133646, 0.0 ], [ 120.262270360688603, -2.80741496932535, 0.0 ], [ 120.262282601360994, -2.807388600303625, 0.0 ], [ 120.262301104012749, -2.807348737853943, 0.0 ], [ 120.262327724844681, -2.807324779015289, 0.0 ], [ 120.26235487897452, -2.807298182465104, 0.0 ], [ 120.262390950781764, -2.807254547359435, 0.0 ], [ 120.262421299303583, -2.807206709721811, 0.0 ], [ 120.262445446100514, -2.807155424083533, 0.0 ], [ 120.262463010759348, -2.807101500733609, 0.0 ], [ 120.262465760886244, -2.807090241221601, 0.0 ], [ 120.262470592044224, -2.807069305903724, 0.0 ], [ 120.263242626745864, -2.806794139437955, 0.0 ], [ 120.26348540053084, -2.807475669966152, 0.0 ] ] ] ] } },
{ "type": "Feature", "properties": { "OBJECTID": 1389, "WADMPR": "Sulawesi Selatan", "WADMKK": "Kab. Luwu Utara", "WADMKC": "Kec. Malangke Barat", "WADMKD": "Desa Limbong Wara", "POKTAN": "Taro Ada Taro Gau", "K_POKTAN": "Markus Limin", "P_SID": "Universitas Negeri Makassar", "NO_HP_1": "085150991731", "NAMA_PEMIL": "Pemerintah Desa", "N_PETAK": "LA170", "LUAS_HA": 0.59380474652000004, "PAKET": "Paket Sulawesi Selatan 16" }, "geometry": { "type": "MultiPolygon", "coordinates": [ [ [ [ 120.262669197425566, -2.808534638762524, 0.0 ], [ 120.261731598434608, -2.808868816942322, 0.0 ], [ 120.262057575696645, -2.808084694453044, 0.0 ], [ 120.262105822525768, -2.807967525380946, 0.0 ], [ 120.26210589447146, -2.807967350912463, 0.0 ], [ 120.262426423640591, -2.807853109133646, 0.0 ], [ 120.262669197425566, -2.808534638762524, 0.0 ] ] ] ] } },
{ "type": "Feature", "properties": { "OBJECTID": 1390, "WADMPR": "Sulawesi Selatan", "WADMKK": "Kab. Luwu Utara", "WADMKC": "Kec. Malangke Barat", "WADMKD": "Desa Limbong Wara", "POKTAN": "Taro Ada Taro Gau", "K_POKTAN": "Markus Limin", "P_SID": "Universitas Negeri Makassar", "NO_HP_1": "085150991731", "NAMA_PEMIL": "Pemerintah Desa", "N_PETAK": "LA171", "LUAS_HA": 0.99999623194999998, "PAKET": "Paket Sulawesi Selatan 16" }, "geometry": { "type": "MultiPolygon", "coordinates": [ [ [ [ 120.263728173416553, -2.80815720049435, 0.0 ], [ 120.262669197425566, -2.808534638762524, 0.0 ], [ 120.262426423640591, -2.807853109133646, 0.0 ], [ 120.26348540053084, -2.807475669966152, 0.0 ], [ 120.263728173416553, -2.80815720049435, 0.0 ] ] ] ] } },
{ "type": "Feature", "properties": { "OBJECTID": 1391, "WADMPR": "Sulawesi Selatan", "WADMKK": "Kab. Luwu Utara", "WADMKC": "Kec. Malangke Barat", "WADMKD": "Desa Limbong Wara", "POKTAN": "Taro Ada Taro Gau", "K_POKTAN": "Markus Limin", "P_SID": "Universitas Negeri Makassar", "NO_HP_1": "085150991731", "NAMA_PEMIL": "Pemerintah Desa", "N_PETAK": "LA172", "LUAS_HA": 0.9999955298, "PAKET": "Paket Sulawesi Selatan 16" }, "geometry": { "type": "MultiPolygon", "coordinates": [ [ [ [ 120.263970946302152, -2.808838731022547, 0.0 ], [ 120.262911970311279, -2.809216169290721, 0.0 ], [ 120.262669197425566, -2.808534638762524, 0.0 ], [ 120.263728173416553, -2.80815720049435, 0.0 ], [ 120.263970946302152, -2.808838731022547, 0.0 ] ] ] ] } },
{ "type": "Feature", "properties": { "OBJECTID": 1392, "WADMPR": "Sulawesi Selatan", "WADMKK": "Kab. Luwu Utara", "WADMKC": "Kec. Malangke Barat", "WADMKD": "Desa Limbong Wara", "POKTAN": "Taro Ada Taro Gau", "K_POKTAN": "Markus Limin", "P_SID": "Universitas Negeri Makassar", "NO_HP_1": "085150991731", "NAMA_PEMIL": "Pemerintah Desa", "N_PETAK": "LA173", "LUAS_HA": 0.98861739635000001, "PAKET": "Paket Sulawesi Selatan 16" }, "geometry": { "type": "MultiPolygon", "coordinates": [ [ [ [ 120.262911970311279, -2.809216169290721, 0.0 ], [ 120.261852987125735, -2.809593609357535, 0.0 ], [ 120.261655237898935, -2.809033384782822, 0.0 ], [ 120.261690411283553, -2.808964342930039, 0.0 ], [ 120.261705123292813, -2.808932493439784, 0.0 ], [ 120.261731598434608, -2.808868816942322, 0.0 ], [ 120.262669197425566, -2.808534638762524, 0.0 ], [ 120.262911970311279, -2.809216169290721, 0.0 ] ] ] ] } },
{ "type": "Feature", "properties": { "OBJECTID": 1393, "WADMPR": "Sulawesi Selatan", "WADMKK": "Kab. Luwu Utara", "WADMKC": "Kec. Malangke Barat", "WADMKD": "Desa Limbong Wara", "POKTAN": "Taro Ada Taro Gau", "K_POKTAN": "Markus Limin", "P_SID": "Universitas Negeri Makassar", "NO_HP_1": "085150991731", "NAMA_PEMIL": "Pemerintah Desa", "N_PETAK": "LA174", "LUAS_HA": 0.99999718853999997, "PAKET": "Paket Sulawesi Selatan 16" }, "geometry": { "type": "MultiPolygon", "coordinates": [ [ [ [ 120.264213722785144, -2.809520260651482, 0.0 ], [ 120.263154741398239, -2.809897699818919, 0.0 ], [ 120.262911970311279, -2.809216169290721, 0.0 ], [ 120.263970946302152, -2.808838731022547, 0.0 ], [ 120.264213722785144, -2.809520260651482, 0.0 ] ] ] ] } },
{ "type": "Feature", "properties": { "OBJECTID": 1394, "WADMPR": "Sulawesi Selatan", "WADMKK": "Kab. Luwu Utara", "WADMKC": "Kec. Malangke Barat", "WADMKD": "Desa Limbong Wara", "POKTAN": "Taro Ada Taro Gau", "K_POKTAN": "Markus Limin", "P_SID": "Universitas Negeri Makassar", "NO_HP_1": "085150991731", "NAMA_PEMIL": "Pemerintah Desa", "N_PETAK": "LA175", "LUAS_HA": 1.0000000415600001, "PAKET": "Paket Sulawesi Selatan 16" }, "geometry": { "type": "MultiPolygon", "coordinates": [ [ [ [ 120.263154741398239, -2.809897699818919, 0.0 ], [ 120.262095760011334, -2.810275139885732, 0.0 ], [ 120.261852987125735, -2.809593609357535, 0.0 ], [ 120.262911970311279, -2.809216169290721, 0.0 ], [ 120.263154741398239, -2.809897699818919, 0.0 ] ] ] ] } },
{ "type": "Feature", "properties": { "OBJECTID": 1395, "WADMPR": "Sulawesi Selatan", "WADMKK": "Kab. Luwu Utara", "WADMKC": "Kec. Malangke Barat", "WADMKD": "Desa Limbong Wara", "POKTAN": "Taro Ada Taro Gau", "K_POKTAN": "Markus Limin", "P_SID": "Universitas Negeri Makassar", "NO_HP_1": "085150991731", "NAMA_PEMIL": "Pemerintah Desa", "N_PETAK": "LA176", "LUAS_HA": 0.99999925859000005, "PAKET": "Paket Sulawesi Selatan 16" }, "geometry": { "type": "MultiPolygon", "coordinates": [ [ [ [ 120.264456500167398, -2.81020179028036, 0.0 ], [ 120.263397523277149, -2.810579229447853, 0.0 ], [ 120.263154741398239, -2.809897699818919, 0.0 ], [ 120.264213722785144, -2.809520260651482, 0.0 ], [ 120.264456500167398, -2.81020179028036, 0.0 ] ] ] ] } },
{ "type": "Feature", "properties": { "OBJECTID": 1396, "WADMPR": "Sulawesi Selatan", "WADMKK": "Kab. Luwu Utara", "WADMKC": "Kec. Malangke Barat", "WADMKD": "Desa Limbong Wara", "POKTAN": "Taro Ada Taro Gau", "K_POKTAN": "Markus Limin", "P_SID": "Universitas Negeri Makassar", "NO_HP_1": "085150991731", "NAMA_PEMIL": "Pemerintah Desa", "N_PETAK": "LA177", "LUAS_HA": 1.0000024758199999, "PAKET": "Paket Sulawesi Selatan 16" }, "geometry": { "type": "MultiPolygon", "coordinates": [ [ [ [ 120.263397523277149, -2.810579229447853, 0.0 ], [ 120.262338540091605, -2.810956669514667, 0.0 ], [ 120.262095760011334, -2.810275139885732, 0.0 ], [ 120.263154741398239, -2.809897699818919, 0.0 ], [ 120.263397523277149, -2.810579229447853, 0.0 ] ] ] ] } },
{ "type": "Feature", "properties": { "OBJECTID": 1397, "WADMPR": "Sulawesi Selatan", "WADMKK": "Kab. Luwu Utara", "WADMKC": "Kec. Malangke Barat", "WADMKD": "Desa Limbong Wara", "POKTAN": "Taro Ada Taro Gau", "K_POKTAN": "Markus Limin", "P_SID": "Universitas Negeri Makassar", "NO_HP_1": "085150991731", "NAMA_PEMIL": "Pemerintah Desa", "N_PETAK": "LA178", "LUAS_HA": 0.46255111593999998, "PAKET": "Paket Sulawesi Selatan 16" }, "geometry": { "type": "MultiPolygon", "coordinates": [ [ [ [ 120.264043725737451, -2.808812095801557, 0.0 ], [ 120.264629921833489, -2.808589207825605, 0.0 ], [ 120.264644842485609, -2.80864109870771, 0.0 ], [ 120.264668906544898, -2.80876503068157, 0.0 ], [ 120.264654058737847, -2.808989701113774, 0.0 ], [ 120.264636003049191, -2.809361286594026, 0.0 ], [ 120.264286498623051, -2.809493626329754, 0.0 ], [ 120.264043725737451, -2.808812095801557, 0.0 ] ] ] ] } },
{ "type": "Feature", "properties": { "OBJECTID": 1398, "WADMPR": "Sulawesi Selatan", "WADMKK": "Kab. Luwu Utara", "WADMKC": "Kec. Malangke Barat", "WADMKD": "Desa Limbong Wara", "POKTAN": "Taro Ada Taro Gau", "K_POKTAN": "Markus Limin", "P_SID": "Universitas Negeri Makassar", "NO_HP_1": "085150991731", "NAMA_PEMIL": "Pemerintah Desa", "N_PETAK": "LA179", "LUAS_HA": 0.99999638591999995, "PAKET": "Paket Sulawesi Selatan 16" }, "geometry": { "type": "MultiPolygon", "coordinates": [ [ [ [ 120.266404457799581, -2.808738747095447, 0.0 ], [ 120.265345479110579, -2.809116186262941, 0.0 ], [ 120.265102708922996, -2.808434655734743, 0.0 ], [ 120.266161684913868, -2.808057216567249, 0.0 ], [ 120.266404457799581, -2.808738747095447, 0.0 ] ] ] ] } },
{ "type": "Feature", "properties": { "OBJECTID": 1399, "WADMPR": "Sulawesi Selatan", "WADMKK": "Kab. Luwu Utara", "WADMKC": "Kec. Malangke Barat", "WADMKD": "Desa Limbong Wara", "POKTAN": "Taro Ada Taro Gau", "K_POKTAN": "Markus Limin", "P_SID": "Universitas Negeri Makassar", "NO_HP_1": "085150991731", "NAMA_PEMIL": "Pemerintah Desa", "N_PETAK": "LA180", "LUAS_HA": 0.92966957601, "PAKET": "Paket Sulawesi Selatan 16" }, "geometry": { "type": "MultiPolygon", "coordinates": [ [ [ [ 120.266403895723215, -2.809507385057714, 0.0 ], [ 120.265588254694308, -2.809797715891818, 0.0 ], [ 120.265345479110579, -2.809116186262941, 0.0 ], [ 120.266404457799581, -2.808738747095447, 0.0 ], [ 120.266492326060074, -2.809000697124418, 0.0 ], [ 120.26645290427814, -2.809277448195644, 0.0 ], [ 120.266403895723215, -2.809507385057714, 0.0 ] ] ] ] } },
{ "type": "Feature", "properties": { "OBJECTID": 1400, "WADMPR": "Sulawesi Selatan", "WADMKK": "Kab. Luwu Utara", "WADMKC": "Kec. Malangke Barat", "WADMKD": "Desa Limbong Wara", "POKTAN": "Taro Ada Taro Gau", "K_POKTAN": "Markus Limin", "P_SID": "Universitas Negeri Makassar", "NO_HP_1": "085150991731", "NAMA_PEMIL": "Pemerintah Desa", "N_PETAK": "LA181", "LUAS_HA": 0.44986017293000002, "PAKET": "Paket Sulawesi Selatan 16" }, "geometry": { "type": "MultiPolygon", "coordinates": [ [ [ [ 120.265588254694308, -2.809797715891818, 0.0 ], [ 120.264972539251403, -2.810021790972826, 0.0 ], [ 120.264938420771614, -2.809909357730646, 0.0 ], [ 120.264944473208971, -2.809771091462665, 0.0 ], [ 120.26497340529852, -2.809650165023072, 0.0 ], [ 120.26505967816172, -2.809512087612688, 0.0 ], [ 120.26501449442344, -2.809229659121399, 0.0 ], [ 120.265345479110579, -2.809116186262941, 0.0 ], [ 120.265588254694308, -2.809797715891818, 0.0 ] ] ] ] } },
{ "type": "Feature", "properties": { "OBJECTID": 1401, "WADMPR": "Sulawesi Selatan", "WADMKK": "Kab. Luwu Utara", "WADMKC": "Kec. Malangke Barat", "WADMKD": "Desa Limbong Wara", "POKTAN": "Taro Ada Taro Gau", "K_POKTAN": "Markus Limin", "P_SID": "Universitas Negeri Makassar", "NO_HP_1": "085150991731", "NAMA_PEMIL": "Pemerintah Desa", "N_PETAK": "LA182", "LUAS_HA": 0.58136800593000004, "PAKET": "Paket Sulawesi Selatan 16" }, "geometry": { "type": "MultiPolygon", "coordinates": [ [ [ [ 120.26580269084161, -2.810401810295275, 0.0 ], [ 120.265588254694308, -2.809797715891818, 0.0 ], [ 120.266403895723215, -2.809507385057714, 0.0 ], [ 120.266443763568873, -2.809872541284733, 0.0 ], [ 120.266412314276977, -2.810055729588214, 0.0 ], [ 120.266317076971632, -2.810154934702439, 0.0 ], [ 120.26606471551429, -2.810284964079756, 0.0 ], [ 120.265930767790792, -2.810354834208169, 0.0 ], [ 120.26580269084161, -2.810401810295275, 0.0 ] ] ] ] } },
{ "type": "Feature", "properties": { "OBJECTID": 1402, "WADMPR": "Sulawesi Selatan", "WADMKK": "Kab. Luwu Utara", "WADMKC": "Kec. Malangke Barat", "WADMKD": "Desa Limbong Wara", "POKTAN": "Taro Ada Taro Gau", "K_POKTAN": "Markus Limin", "P_SID": "Universitas Negeri Makassar", "NO_HP_1": "085150991731", "NAMA_PEMIL": "Pemerintah Desa", "N_PETAK": "LA183", "LUAS_HA": 0.49922544033, "PAKET": "Paket Sulawesi Selatan 16" }, "geometry": { "type": "MultiPolygon", "coordinates": [ [ [ [ 120.26580269084161, -2.810401810295275, 0.0 ], [ 120.265624322004896, -2.810397004318247, 0.0 ], [ 120.265412759191577, -2.810492035678863, 0.0 ], [ 120.265177217754513, -2.810710793068608, 0.0 ], [ 120.265163430248208, -2.810516706780561, 0.0 ], [ 120.265045748562557, -2.810264759910694, 0.0 ], [ 120.264972539251403, -2.810021790972826, 0.0 ], [ 120.265588254694308, -2.809797715891818, 0.0 ], [ 120.26580269084161, -2.810401810295275, 0.0 ] ] ] ] } },
{ "type": "Feature", "properties": { "OBJECTID": 1403, "WADMPR": "Sulawesi Selatan", "WADMKK": "Kab. Luwu Utara", "WADMKC": "Kec. Malangke Barat", "WADMKD": "Desa Limbong Wara", "POKTAN": "Taro Ada Taro Gau", "K_POKTAN": "Markus Limin", "P_SID": "Universitas Negeri Makassar", "NO_HP_1": "085150991731", "NAMA_PEMIL": "Pemerintah Desa", "N_PETAK": "LA184", "LUAS_HA": 1.0000020615, "PAKET": "Paket Sulawesi Selatan 16" }, "geometry": { "type": "MultiPolygon", "coordinates": [ [ [ [ 120.267131157676886, -2.810783922340079, 0.0 ], [ 120.26607380855944, -2.811160776048951, 0.0 ], [ 120.265831028479283, -2.810479246420016, 0.0 ], [ 120.266890011664714, -2.810101806353259, 0.0 ], [ 120.267132784550427, -2.810783336881457, 0.0 ], [ 120.267131157676886, -2.810783922340079, 0.0 ] ] ] ] } },
{ "type": "Feature", "properties": { "OBJECTID": 1404, "WADMPR": "Sulawesi Selatan", "WADMKK": "Kab. Luwu Utara", "WADMKC": "Kec. Malangke Barat", "WADMKD": "Desa Limbong Wara", "POKTAN": "Taro Ada Taro Gau", "K_POKTAN": "Markus Limin", "P_SID": "Universitas Negeri Makassar", "NO_HP_1": "085150991731", "NAMA_PEMIL": "Pemerintah Desa", "N_PETAK": "LA185", "LUAS_HA": 0.64248681014999998, "PAKET": "Paket Sulawesi Selatan 16" }, "geometry": { "type": "MultiPolygon", "coordinates": [ [ [ [ 120.26607380855944, -2.811160776048951, 0.0 ], [ 120.26529442190008, -2.811438480401478, 0.0 ], [ 120.265193947842477, -2.810785909841798, 0.0 ], [ 120.265831028479283, -2.810479246420016, 0.0 ], [ 120.26607380855944, -2.811160776048951, 0.0 ] ] ] ] } },
{ "type": "Feature", "properties": { "OBJECTID": 1405, "WADMPR": "Sulawesi Selatan", "WADMKK": "Kab. Luwu Utara", "WADMKC": "Kec. Malangke Barat", "WADMKD": "Desa Limbong Wara", "POKTAN": "Taro Ada Taro Gau", "K_POKTAN": "Markus Limin", "P_SID": "Universitas Negeri Makassar", "NO_HP_1": "085150991731", "NAMA_PEMIL": "Pemerintah Desa", "N_PETAK": "LA186", "LUAS_HA": 0.99999932224999999, "PAKET": "Paket Sulawesi Selatan 16" }, "geometry": { "type": "MultiPolygon", "coordinates": [ [ [ [ 120.263640297062125, -2.811260759076731, 0.0 ], [ 120.262581313876581, -2.811638199143545, 0.0 ], [ 120.262338540091605, -2.810956669514667, 0.0 ], [ 120.263397523277149, -2.810579229447853, 0.0 ], [ 120.263640297062125, -2.811260759076731, 0.0 ] ] ] ] } },
{ "type": "Feature", "properties": { "OBJECTID": 1406, "WADMPR": "Sulawesi Selatan", "WADMKK": "Kab. Luwu Utara", "WADMKC": "Kec. Malangke Barat", "WADMKD": "Desa Limbong Wara", "POKTAN": "Taro Ada Taro Gau", "K_POKTAN": "Markus Limin", "P_SID": "Universitas Negeri Makassar", "NO_HP_1": "085150991731", "NAMA_PEMIL": "Pemerintah Desa", "N_PETAK": "LA187", "LUAS_HA": 0.99999395952000003, "PAKET": "Paket Sulawesi Selatan 16" }, "geometry": { "type": "MultiPolygon", "coordinates": [ [ [ [ 120.264699273053111, -2.810883320808557, 0.0 ], [ 120.263640297062125, -2.811260759076731, 0.0 ], [ 120.263397523277149, -2.810579229447853, 0.0 ], [ 120.264456500167398, -2.81020179028036, 0.0 ], [ 120.264699273053111, -2.810883320808557, 0.0 ] ] ] ] } },
{ "type": "Feature", "properties": { "OBJECTID": 1407, "WADMPR": "Sulawesi Selatan", "WADMKK": "Kab. Luwu Utara", "WADMKC": "Kec. Malangke Barat", "WADMKD": "Desa Limbong Wara", "POKTAN": "Taro Ada Taro Gau", "K_POKTAN": "Markus Limin", "P_SID": "Universitas Negeri Makassar", "NO_HP_1": "085150991731", "NAMA_PEMIL": "Pemerintah Desa", "N_PETAK": "LA188", "LUAS_HA": 0.83055485979, "PAKET": "Paket Sulawesi Selatan 16" }, "geometry": { "type": "MultiPolygon", "coordinates": [ [ [ [ 120.264580421349478, -2.811697513929062, 0.0 ], [ 120.263883069947838, -2.811942289604929, 0.0 ], [ 120.263640297062125, -2.811260759076731, 0.0 ], [ 120.264699273053111, -2.810883320808557, 0.0 ], [ 120.264719651690598, -2.810964668984241, 0.0 ], [ 120.264569280547903, -2.811560647905537, 0.0 ], [ 120.264580421349478, -2.811697513929062, 0.0 ] ] ] ] } },
{ "type": "Feature", "properties": { "OBJECTID": 1408, "WADMPR": "Sulawesi Selatan", "WADMKK": "Kab. Luwu Utara", "WADMKC": "Kec. Malangke Barat", "WADMKD": "Desa Limbong Wara", "POKTAN": "Taro Ada Taro Gau", "K_POKTAN": "Markus Limin", "P_SID": "Universitas Negeri Makassar", "NO_HP_1": "085150991731", "NAMA_PEMIL": "Pemerintah Desa", "N_PETAK": "LA189", "LUAS_HA": 0.99999950731999998, "PAKET": "Paket Sulawesi Selatan 16" }, "geometry": { "type": "MultiPolygon", "coordinates": [ [ [ [ 120.263883069947838, -2.811942289604929, 0.0 ], [ 120.262824086762294, -2.812319729671742, 0.0 ], [ 120.262581313876581, -2.811638199143545, 0.0 ], [ 120.263640297062125, -2.811260759076731, 0.0 ], [ 120.263883069947838, -2.811942289604929, 0.0 ] ] ] ] } },
{ "type": "Feature", "properties": { "OBJECTID": 1409, "WADMPR": "Sulawesi Selatan", "WADMKK": "Kab. Luwu Utara", "WADMKC": "Kec. Malangke Barat", "WADMKD": "Desa Limbong Wara", "POKTAN": "Taro Ada Taro Gau", "K_POKTAN": "Markus Limin", "P_SID": "Universitas Negeri Makassar", "NO_HP_1": "085150991731", "NAMA_PEMIL": "Pemerintah Desa", "N_PETAK": "LA190", "LUAS_HA": 0.49849076256000002, "PAKET": "Paket Sulawesi Selatan 16" }, "geometry": { "type": "MultiPolygon", "coordinates": [ [ [ [ 120.26461591039606, -2.812450935362335, 0.0 ], [ 120.264125842833437, -2.812623820133126, 0.0 ], [ 120.263883069947838, -2.811942289604929, 0.0 ], [ 120.264580421349478, -2.811697513929062, 0.0 ], [ 120.2645830383766, -2.811804110571188, 0.0 ], [ 120.264533922802343, -2.811979725683727, 0.0 ], [ 120.264473327382234, -2.812163956301504, 0.0 ], [ 120.264501581382888, -2.812333992020058, 0.0 ], [ 120.26461591039606, -2.812450935362335, 0.0 ] ] ] ] } },
{ "type": "Feature", "properties": { "OBJECTID": 1410, "WADMPR": "Sulawesi Selatan", "WADMKK": "Kab. Luwu Utara", "WADMKC": "Kec. Malangke Barat", "WADMKD": "Desa Limbong Wara", "POKTAN": "Taro Ada Taro Gau", "K_POKTAN": "Markus Limin", "P_SID": "Universitas Negeri Makassar", "NO_HP_1": "085150991731", "NAMA_PEMIL": "Pemerintah Desa", "N_PETAK": "LA191", "LUAS_HA": 0.99999893858, "PAKET": "Paket Sulawesi Selatan 16" }, "geometry": { "type": "MultiPolygon", "coordinates": [ [ [ [ 120.264125842833437, -2.812623820133126, 0.0 ], [ 120.263066859647893, -2.81300126019994, 0.0 ], [ 120.262824086762294, -2.812319729671742, 0.0 ], [ 120.263883069947838, -2.811942289604929, 0.0 ], [ 120.264125842833437, -2.812623820133126, 0.0 ] ] ] ] } },
{ "type": "Feature", "properties": { "OBJECTID": 1411, "WADMPR": "Sulawesi Selatan", "WADMKK": "Kab. Luwu Utara", "WADMKC": "Kec. Malangke Barat", "WADMKD": "Desa Limbong Wara", "POKTAN": "Taro Ada Taro Gau", "K_POKTAN": "Markus Limin", "P_SID": "Universitas Negeri Makassar", "NO_HP_1": "085150991731", "NAMA_PEMIL": "Pemerintah Desa", "N_PETAK": "LA192", "LUAS_HA": 0.35274891467000002, "PAKET": "Paket Sulawesi Selatan 16" }, "geometry": { "type": "MultiPolygon", "coordinates": [ [ [ [ 120.264368622913707, -2.813305348862684, 0.0 ], [ 120.264125842833437, -2.812623820133126, 0.0 ], [ 120.26461591039606, -2.812450935362335, 0.0 ], [ 120.264681618461964, -2.812531753837334, 0.0 ], [ 120.264655550713201, -2.812652687471484, 0.0 ], [ 120.264595951741853, -2.813024174925658, 0.0 ], [ 120.264595766481534, -2.813103398003364, 0.0 ], [ 120.264578351110117, -2.813199864681962, 0.0 ], [ 120.264368622913707, -2.813305348862684, 0.0 ] ] ] ] } },
{ "type": "Feature", "properties": { "OBJECTID": 1412, "WADMPR": "Sulawesi Selatan", "WADMKK": "Kab. Luwu Utara", "WADMKC": "Kec. Malangke Barat", "WADMKD": "Desa Limbong Wara", "POKTAN": "Taro Ada Taro Gau", "K_POKTAN": "Markus Limin", "P_SID": "Universitas Negeri Makassar", "NO_HP_1": "085150991731", "NAMA_PEMIL": "Pemerintah Desa", "N_PETAK": "LA193", "LUAS_HA": 0.99999936666, "PAKET": "Paket Sulawesi Selatan 16" }, "geometry": { "type": "MultiPolygon", "coordinates": [ [ [ [ 120.264368622913707, -2.813305348862684, 0.0 ], [ 120.263309639728163, -2.813682788929498, 0.0 ], [ 120.263066859647893, -2.81300126019994, 0.0 ], [ 120.264125842833437, -2.812623820133126, 0.0 ], [ 120.264368622913707, -2.813305348862684, 0.0 ] ] ] ] } },
{ "type": "Feature", "properties": { "OBJECTID": 1413, "WADMPR": "Sulawesi Selatan", "WADMKK": "Kab. Luwu Utara", "WADMKC": "Kec. Malangke Barat", "WADMKD": "Desa Limbong Wara", "POKTAN": "Taro Ada Taro Gau", "K_POKTAN": "Markus Limin", "P_SID": "Universitas Negeri Makassar", "NO_HP_1": "085150991731", "NAMA_PEMIL": "Pemerintah Desa", "N_PETAK": "LA194", "LUAS_HA": 0.8345125757, "PAKET": "Paket Sulawesi Selatan 16" }, "geometry": { "type": "MultiPolygon", "coordinates": [ [ [ [ 120.262026528401634, -2.810297136403676, 0.0 ], [ 120.260967552410648, -2.81067457467185, 0.0 ], [ 120.260881601504821, -2.810433223614325, 0.0 ], [ 120.261015391846968, -2.810196758573511, 0.0 ], [ 120.261224261190819, -2.809887992536801, 0.0 ], [ 120.261245976220835, -2.809852472013915, 0.0 ], [ 120.261276555868449, -2.809797357961656, 0.0 ], [ 120.261783755515921, -2.809615605875479, 0.0 ], [ 120.262026528401634, -2.810297136403676, 0.0 ] ] ] ] } },
{ "type": "Feature", "properties": { "OBJECTID": 1414, "WADMPR": "Sulawesi Selatan", "WADMKK": "Kab. Luwu Utara", "WADMKC": "Kec. Malangke Barat", "WADMKD": "Desa Limbong Wara", "POKTAN": "Taro Ada Taro Gau", "K_POKTAN": "Markus Limin", "P_SID": "Universitas Negeri Makassar", "NO_HP_1": "085150991731", "NAMA_PEMIL": "Pemerintah Desa", "N_PETAK": "LA195", "LUAS_HA": 0.99999433121000003, "PAKET": "Paket Sulawesi Selatan 16" }, "geometry": { "type": "MultiPolygon", "coordinates": [ [ [ [ 120.26226930218661, -2.810978666931874, 0.0 ], [ 120.261210325296361, -2.811356105200048, 0.0 ], [ 120.260967552410648, -2.81067457467185, 0.0 ], [ 120.262026528401634, -2.810297136403676, 0.0 ], [ 120.26226930218661, -2.810978666931874, 0.0 ] ] ] ] } },
{ "type": "Feature", "properties": { "OBJECTID": 1415, "WADMPR": "Sulawesi Selatan", "WADMKK": "Kab. Luwu Utara", "WADMKC": "Kec. Malangke Barat", "WADMKD": "Desa Limbong Wara", "POKTAN": "Taro Ada Taro Gau", "K_POKTAN": "Markus Limin", "P_SID": "Universitas Negeri Makassar", "NO_HP_1": "085150991731", "NAMA_PEMIL": "Pemerintah Desa", "N_PETAK": "LA196", "LUAS_HA": 0.65830148790999998, "PAKET": "Paket Sulawesi Selatan 16" }, "geometry": { "type": "MultiPolygon", "coordinates": [ [ [ [ 120.261210325296361, -2.811356105200048, 0.0 ], [ 120.260151342110817, -2.811733545266861, 0.0 ], [ 120.260130593851841, -2.811651594545424, 0.0 ], [ 120.260143154682851, -2.811633373381426, 0.0 ], [ 120.260299866046012, -2.811393698660197, 0.0 ], [ 120.260484814322808, -2.811134769453986, 0.0 ], [ 120.260503694689874, -2.811106092771922, 0.0 ], [ 120.260722604964258, -2.810744414223279, 0.0 ], [ 120.260967552410648, -2.81067457467185, 0.0 ], [ 120.261210325296361, -2.811356105200048, 0.0 ] ] ] ] } },
{ "type": "Feature", "properties": { "OBJECTID": 1416, "WADMPR": "Sulawesi Selatan", "WADMKK": "Kab. Luwu Utara", "WADMKC": "Kec. Malangke Barat", "WADMKD": "Desa Limbong Wara", "POKTAN": "Taro Ada Taro Gau", "K_POKTAN": "Markus Limin", "P_SID": "Universitas Negeri Makassar", "NO_HP_1": "085150991731", "NAMA_PEMIL": "Pemerintah Desa", "N_PETAK": "LA197", "LUAS_HA": 0.99999565326999995, "PAKET": "Paket Sulawesi Selatan 16" }, "geometry": { "type": "MultiPolygon", "coordinates": [ [ [ [ 120.262512078669602, -2.811660196560752, 0.0 ], [ 120.261453099081336, -2.812037635728245, 0.0 ], [ 120.261210325296361, -2.811356105200048, 0.0 ], [ 120.26226930218661, -2.810978666931874, 0.0 ], [ 120.262512078669602, -2.811660196560752, 0.0 ] ] ] ] } },
{ "type": "Feature", "properties": { "OBJECTID": 1417, "WADMPR": "Sulawesi Selatan", "WADMKK": "Kab. Luwu Utara", "WADMKC": "Kec. Malangke Barat", "WADMKD": "Desa Limbong Wara", "POKTAN": "Taro Ada Taro Gau", "K_POKTAN": "Markus Limin", "P_SID": "Universitas Negeri Makassar", "NO_HP_1": "085150991731", "NAMA_PEMIL": "Pemerintah Desa", "N_PETAK": "LA198", "LUAS_HA": 0.99999984505999995, "PAKET": "Paket Sulawesi Selatan 16" }, "geometry": { "type": "MultiPolygon", "coordinates": [ [ [ [ 120.261453099081336, -2.812037635728245, 0.0 ], [ 120.260394115895792, -2.812415075795059, 0.0 ], [ 120.260151342110817, -2.811733545266861, 0.0 ], [ 120.261210325296361, -2.811356105200048, 0.0 ], [ 120.261453099081336, -2.812037635728245, 0.0 ] ] ] ] } },
{ "type": "Feature", "properties": { "OBJECTID": 1418, "WADMPR": "Sulawesi Selatan", "WADMKK": "Kab. Luwu Utara", "WADMKC": "Kec. Malangke Barat", "WADMKD": "Desa Limbong Wara", "POKTAN": "Taro Ada Taro Gau", "K_POKTAN": "Markus Limin", "P_SID": "Universitas Negeri Makassar", "NO_HP_1": "085150991731", "NAMA_PEMIL": "Pemerintah Desa", "N_PETAK": "LA199", "LUAS_HA": 0.99999571728000003, "PAKET": "Paket Sulawesi Selatan 16" }, "geometry": { "type": "MultiPolygon", "coordinates": [ [ [ [ 120.26275485515248, -2.812341726189686, 0.0 ], [ 120.261695879161607, -2.812719165357123, 0.0 ], [ 120.261453099081336, -2.812037635728245, 0.0 ], [ 120.262512078669602, -2.811660196560752, 0.0 ], [ 120.26275485515248, -2.812341726189686, 0.0 ] ] ] ] } },
{ "type": "Feature", "properties": { "OBJECTID": 1419, "WADMPR": "Sulawesi Selatan", "WADMKK": "Kab. Luwu Utara", "WADMKC": "Kec. Malangke Barat", "WADMKD": "Desa Limbong Wara", "POKTAN": "Taro Ada Taro Gau", "K_POKTAN": "Markus Limin", "P_SID": "Universitas Negeri Makassar", "NO_HP_1": "085150991731", "NAMA_PEMIL": "Pemerintah Desa", "N_PETAK": "LA200", "LUAS_HA": 1.0000010267899999, "PAKET": "Paket Sulawesi Selatan 16" }, "geometry": { "type": "MultiPolygon", "coordinates": [ [ [ [ 120.261695879161607, -2.812719165357123, 0.0 ], [ 120.260636895976063, -2.813096605423937, 0.0 ], [ 120.260394115895792, -2.812415075795059, 0.0 ], [ 120.261453099081336, -2.812037635728245, 0.0 ], [ 120.261695879161607, -2.812719165357123, 0.0 ] ] ] ] } },
{ "type": "Feature", "properties": { "OBJECTID": 1420, "WADMPR": "Sulawesi Selatan", "WADMKK": "Kab. Luwu Utara", "WADMKC": "Kec. Malangke Barat", "WADMKD": "Desa Limbong Wara", "POKTAN": "Taro Ada Taro Gau", "K_POKTAN": "Markus Limin", "P_SID": "Universitas Negeri Makassar", "NO_HP_1": "085150991731", "NAMA_PEMIL": "Pemerintah Desa", "N_PETAK": "LA201", "LUAS_HA": 0.99999711934000002, "PAKET": "Paket Sulawesi Selatan 16" }, "geometry": { "type": "MultiPolygon", "coordinates": [ [ [ [ 120.261938652047206, -2.813400694986058, 0.0 ], [ 120.260879668861662, -2.813778135052871, 0.0 ], [ 120.260636895976063, -2.813096605423937, 0.0 ], [ 120.261695879161607, -2.812719165357123, 0.0 ], [ 120.261938652047206, -2.813400694986058, 0.0 ] ] ] ] } },
{ "type": "Feature", "properties": { "OBJECTID": 1421, "WADMPR": "Sulawesi Selatan", "WADMKK": "Kab. Luwu Utara", "WADMKC": "Kec. Malangke Barat", "WADMKD": "Desa Limbong Wara", "POKTAN": "Taro Ada Taro Gau", "K_POKTAN": "Markus Limin", "P_SID": "Universitas Negeri Makassar", "NO_HP_1": "085150991731", "NAMA_PEMIL": "Pemerintah Desa", "N_PETAK": "LA202", "LUAS_HA": 0.99999158869000004, "PAKET": "Paket Sulawesi Selatan 16" }, "geometry": { "type": "MultiPolygon", "coordinates": [ [ [ [ 120.262997628038192, -2.813023256717884, 0.0 ], [ 120.261938652047206, -2.813400694986058, 0.0 ], [ 120.261695879161607, -2.812719165357123, 0.0 ], [ 120.26275485515248, -2.812341726189686, 0.0 ], [ 120.262997628038192, -2.813023256717884, 0.0 ] ] ] ] } },
{ "type": "Feature", "properties": { "OBJECTID": 1422, "WADMPR": "Sulawesi Selatan", "WADMKK": "Kab. Luwu Utara", "WADMKC": "Kec. Malangke Barat", "WADMKD": "Desa Limbong Wara", "POKTAN": "Taro Ada Taro Gau", "K_POKTAN": "Markus Limin", "P_SID": "Universitas Negeri Makassar", "NO_HP_1": "085150991731", "NAMA_PEMIL": "Pemerintah Desa", "N_PETAK": "LA203", "LUAS_HA": 0.9999918884, "PAKET": "Paket Sulawesi Selatan 16" }, "geometry": { "type": "MultiPolygon", "coordinates": [ [ [ [ 120.263240401823168, -2.813704787246081, 0.0 ], [ 120.262181425832182, -2.814082225514255, 0.0 ], [ 120.261938652047206, -2.813400694986058, 0.0 ], [ 120.262997628038192, -2.813023256717884, 0.0 ], [ 120.263240401823168, -2.813704787246081, 0.0 ] ] ] ] } },
{ "type": "Feature", "properties": { "OBJECTID": 1423, "WADMPR": "Sulawesi Selatan", "WADMKK": "Kab. Luwu Utara", "WADMKC": "Kec. Malangke Barat", "WADMKD": "Desa Limbong Wara", "POKTAN": "Taro Ada Taro Gau", "K_POKTAN": "Markus Limin", "P_SID": "Universitas Negeri Makassar", "NO_HP_1": "085150991731", "NAMA_PEMIL": "Pemerintah Desa", "N_PETAK": "LA204", "LUAS_HA": 0.99999830665, "PAKET": "Paket Sulawesi Selatan 16" }, "geometry": { "type": "MultiPolygon", "coordinates": [ [ [ [ 120.262181425832182, -2.814082225514255, 0.0 ], [ 120.261122441747375, -2.814459665581069, 0.0 ], [ 120.260879668861662, -2.813778135052871, 0.0 ], [ 120.261938652047206, -2.813400694986058, 0.0 ], [ 120.262181425832182, -2.814082225514255, 0.0 ] ] ] ] } },
{ "type": "Feature", "properties": { "OBJECTID": 1424, "WADMPR": "Sulawesi Selatan", "WADMKK": "Kab. Luwu Utara", "WADMKC": "Kec. Malangke Barat", "WADMKD": "Desa Limbong Wara", "POKTAN": "Taro Ada Taro Gau", "K_POKTAN": "Markus Limin", "P_SID": "Universitas Negeri Makassar", "NO_HP_1": "085150991731", "NAMA_PEMIL": "Pemerintah Desa", "N_PETAK": "LA205", "LUAS_HA": 0.99999279251999995, "PAKET": "Paket Sulawesi Selatan 16" }, "geometry": { "type": "MultiPolygon", "coordinates": [ [ [ [ 120.263483178306046, -2.814386316874959, 0.0 ], [ 120.262424198717895, -2.814763756042453, 0.0 ], [ 120.262181425832182, -2.814082225514255, 0.0 ], [ 120.263240401823168, -2.813704787246081, 0.0 ], [ 120.263483178306046, -2.814386316874959, 0.0 ] ] ] ] } },
{ "type": "Feature", "properties": { "OBJECTID": 1425, "WADMPR": "Sulawesi Selatan", "WADMKK": "Kab. Luwu Utara", "WADMKC": "Kec. Malangke Barat", "WADMKD": "Desa Limbong Wara", "POKTAN": "Taro Ada Taro Gau", "K_POKTAN": "Markus Limin", "P_SID": "Universitas Negeri Makassar", "NO_HP_1": "085150991731", "NAMA_PEMIL": "Pemerintah Desa", "N_PETAK": "LA206", "LUAS_HA": 0.99999773756, "PAKET": "Paket Sulawesi Selatan 16" }, "geometry": { "type": "MultiPolygon", "coordinates": [ [ [ [ 120.262424198717895, -2.814763756042453, 0.0 ], [ 120.261365215532351, -2.815141196109266, 0.0 ], [ 120.261122441747375, -2.814459665581069, 0.0 ], [ 120.262181425832182, -2.814082225514255, 0.0 ], [ 120.262424198717895, -2.814763756042453, 0.0 ] ] ] ] } },
{ "type": "Feature", "properties": { "OBJECTID": 1426, "WADMPR": "Sulawesi Selatan", "WADMKK": "Kab. Luwu Utara", "WADMKC": "Kec. Malangke Barat", "WADMKD": "Desa Limbong Wara", "POKTAN": "Taro Ada Taro Gau", "K_POKTAN": "Markus Limin", "P_SID": "Universitas Negeri Makassar", "NO_HP_1": "085150991731", "NAMA_PEMIL": "Pemerintah Desa", "N_PETAK": "LA207", "LUAS_HA": 0.99999344146000002, "PAKET": "Paket Sulawesi Selatan 16" }, "geometry": { "type": "MultiPolygon", "coordinates": [ [ [ [ 120.263725954789038, -2.815067846503894, 0.0 ], [ 120.262666978798052, -2.815445285671331, 0.0 ], [ 120.262424198717895, -2.814763756042453, 0.0 ], [ 120.263483178306046, -2.814386316874959, 0.0 ], [ 120.263725954789038, -2.815067846503894, 0.0 ] ] ] ] } },
{ "type": "Feature", "properties": { "OBJECTID": 1427, "WADMPR": "Sulawesi Selatan", "WADMKK": "Kab. Luwu Utara", "WADMKC": "Kec. Malangke Barat", "WADMKD": "Desa Limbong Wara", "POKTAN": "Taro Ada Taro Gau", "K_POKTAN": "Markus Limin", "P_SID": "Universitas Negeri Makassar", "NO_HP_1": "085150991731", "NAMA_PEMIL": "Pemerintah Desa", "N_PETAK": "LA208", "LUAS_HA": 0.99999875055999998, "PAKET": "Paket Sulawesi Selatan 16" }, "geometry": { "type": "MultiPolygon", "coordinates": [ [ [ [ 120.262666978798052, -2.815445285671331, 0.0 ], [ 120.261607995612621, -2.815822725738144, 0.0 ], [ 120.261365215532351, -2.815141196109266, 0.0 ], [ 120.262424198717895, -2.814763756042453, 0.0 ], [ 120.262666978798052, -2.815445285671331, 0.0 ] ] ] ] } },
{ "type": "Feature", "properties": { "OBJECTID": 1428, "WADMPR": "Sulawesi Selatan", "WADMKK": "Kab. Luwu Utara", "WADMKC": "Kec. Malangke Barat", "WADMKD": "Desa Limbong Wara", "POKTAN": "Taro Ada Taro Gau", "K_POKTAN": "Markus Limin", "P_SID": "Universitas Negeri Makassar", "NO_HP_1": "085150991731", "NAMA_PEMIL": "Pemerintah Desa", "N_PETAK": "LA209", "LUAS_HA": 0.629770981, "PAKET": "Paket Sulawesi Selatan 16" }, "geometry": { "type": "MultiPolygon", "coordinates": [ [ [ [ 120.265315010079689, -2.813735920876013, 0.0 ], [ 120.264611396698683, -2.813986879390939, 0.0 ], [ 120.264593469613033, -2.813934513666823, 0.0 ], [ 120.26464374261468, -2.813877015511821, 0.0 ], [ 120.264755734289793, -2.813767807238492, 0.0 ], [ 120.264846325697476, -2.813621098135116, 0.0 ], [ 120.264852290900535, -2.813520283234425, 0.0 ], [ 120.264855296434803, -2.813459793034951, 0.0 ], [ 120.264927164856886, -2.813356252289168, 0.0 ], [ 120.264915959304176, -2.813246753534827, 0.0 ], [ 120.26492488057886, -2.813107054646821, 0.0 ], [ 120.265427599803957, -2.812927910594567, 0.0 ], [ 120.265593628143506, -2.813393504006967, 0.0 ], [ 120.265315010079689, -2.813735920876013, 0.0 ] ] ] ] } },
{ "type": "Feature", "properties": { "OBJECTID": 1429, "WADMPR": "Sulawesi Selatan", "WADMKK": "Kab. Luwu Utara", "WADMKC": "Kec. Malangke Barat", "WADMKD": "Desa Limbong Wara", "POKTAN": "Taro Ada Taro Gau", "K_POKTAN": "Markus Limin", "P_SID": "Universitas Negeri Makassar", "NO_HP_1": "085150991731", "NAMA_PEMIL": "Pemerintah Desa", "N_PETAK": "LA210", "LUAS_HA": 0.87204927018, "PAKET": "Paket Sulawesi Selatan 16" }, "geometry": { "type": "MultiPolygon", "coordinates": [ [ [ [ 120.264071815162197, -2.814180314569796, 0.0 ], [ 120.263552413513139, -2.814364319457752, 0.0 ], [ 120.263309639728163, -2.813682788929498, 0.0 ], [ 120.264368622913707, -2.813305348862684, 0.0 ], [ 120.264508071790146, -2.813697363342612, 0.0 ], [ 120.264500796274774, -2.813745600279162, 0.0 ], [ 120.264469220178398, -2.813771453090055, 0.0 ], [ 120.264238733830553, -2.813860935633613, 0.0 ], [ 120.264186779995953, -2.814025020538224, 0.0 ], [ 120.264071815162197, -2.814180314569796, 0.0 ] ] ] ] } },
{ "type": "Feature", "properties": { "OBJECTID": 1430, "WADMPR": "Sulawesi Selatan", "WADMKK": "Kab. Luwu Utara", "WADMKC": "Kec. Malangke Barat", "WADMKD": "Desa Limbong Wara", "POKTAN": "Taro Ada Taro Gau", "K_POKTAN": "Markus Limin", "P_SID": "Universitas Negeri Makassar", "NO_HP_1": "085150991731", "NAMA_PEMIL": "Pemerintah Desa", "N_PETAK": "LA211", "LUAS_HA": 0.53464473952000002, "PAKET": "Paket Sulawesi Selatan 16" }, "geometry": { "type": "MultiPolygon", "coordinates": [ [ [ [ 120.264236331741358, -2.814890108091959, 0.0 ], [ 120.26379519359341, -2.81504584908663, 0.0 ], [ 120.263552413513139, -2.814364319457752, 0.0 ], [ 120.264071815162197, -2.814180314569796, 0.0 ], [ 120.264178847076209, -2.814354857690489, 0.0 ], [ 120.264333135665765, -2.81453671409804, 0.0 ], [ 120.264309979921677, -2.814637488529229, 0.0 ], [ 120.26430961749486, -2.814793053256778, 0.0 ], [ 120.264236331741358, -2.814890108091959, 0.0 ] ] ] ] } },
{ "type": "Feature", "properties": { "OBJECTID": 1431, "WADMPR": "Sulawesi Selatan", "WADMKK": "Kab. Luwu Utara", "WADMKC": "Kec. Malangke Barat", "WADMKD": "Desa Limbong Wara", "POKTAN": "Taro Ada Taro Gau", "K_POKTAN": "Markus Limin", "P_SID": "Universitas Negeri Makassar", "NO_HP_1": "085150991731", "NAMA_PEMIL": "Pemerintah Desa", "N_PETAK": "LA212", "LUAS_HA": 0.72721144905000001, "PAKET": "Paket Sulawesi Selatan 16" }, "geometry": { "type": "MultiPolygon", "coordinates": [ [ [ [ 120.266316577847874, -2.811842306577148, 0.0 ], [ 120.265547845456808, -2.812110312640755, 0.0 ], [ 120.26529442190008, -2.811438480401478, 0.0 ], [ 120.26607380855944, -2.811160776048951, 0.0 ], [ 120.266316577847874, -2.811842306577148, 0.0 ] ] ] ] } },
{ "type": "Feature", "properties": { "OBJECTID": 1432, "WADMPR": "Sulawesi Selatan", "WADMKK": "Kab. Luwu Utara", "WADMKC": "Kec. Malangke Barat", "WADMKD": "Desa Limbong Wara", "POKTAN": "Taro Ada Taro Gau", "K_POKTAN": "Markus Limin", "P_SID": "Universitas Negeri Makassar", "NO_HP_1": "085150991731", "NAMA_PEMIL": "Pemerintah Desa", "N_PETAK": "LA213", "LUAS_HA": 0.807874828, "PAKET": "Paket Sulawesi Selatan 16" }, "geometry": { "type": "MultiPolygon", "coordinates": [ [ [ [ 120.266388293385148, -2.812043626112427, 0.0 ], [ 120.266012388461036, -2.812718785843231, 0.0 ], [ 120.26550037833988, -2.81290127537352, 0.0 ], [ 120.265294006413342, -2.812317422910667, 0.0 ], [ 120.265362870200306, -2.812273335446037, 0.0 ], [ 120.265403006043925, -2.812164188326562, 0.0 ], [ 120.265547845456808, -2.812110312640755, 0.0 ], [ 120.266316577847874, -2.811842306577148, 0.0 ], [ 120.266388293385148, -2.812043626112427, 0.0 ] ] ] ] } },
{ "type": "Feature", "properties": { "OBJECTID": 1433, "WADMPR": "Sulawesi Selatan", "WADMKK": "Kab. Luwu Utara", "WADMKC": "Kec. Malangke Barat", "WADMKD": "Desa Limbong Wara", "POKTAN": "Taro Ada Taro Gau", "K_POKTAN": "Markus Limin", "P_SID": "Universitas Negeri Makassar", "NO_HP_1": "085150991731", "NAMA_PEMIL": "Pemerintah Desa", "N_PETAK": "LA214", "LUAS_HA": 0.7944955312, "PAKET": "Paket Sulawesi Selatan 16" }, "geometry": { "type": "MultiPolygon", "coordinates": [ [ [ [ 120.268873937682088, -2.80939338069993, 0.0 ], [ 120.26801728486987, -2.809698642977935, 0.0 ], [ 120.267774511084895, -2.809017113349057, 0.0 ], [ 120.268620678701382, -2.808715518506347, 0.0 ], [ 120.26868997326369, -2.808936240015441, 0.0 ], [ 120.268696592273955, -2.808955763397705, 0.0 ], [ 120.268810007575894, -2.809266858678541, 0.0 ], [ 120.268813723574567, -2.809276694563778, 0.0 ], [ 120.268838689653876, -2.80933001806585, 0.0 ], [ 120.268873937682088, -2.80939338069993, 0.0 ] ] ] ] } },
{ "type": "Feature", "properties": { "OBJECTID": 1434, "WADMPR": "Sulawesi Selatan", "WADMKK": "Kab. Luwu Utara", "WADMKC": "Kec. Malangke Barat", "WADMKD": "Desa Limbong Wara", "POKTAN": "Taro Ada Taro Gau", "K_POKTAN": "Markus Limin", "P_SID": "Universitas Negeri Makassar", "NO_HP_1": "085150991731", "NAMA_PEMIL": "Pemerintah Desa", "N_PETAK": "LA215", "LUAS_HA": 0.55663044583, "PAKET": "Paket Sulawesi Selatan 16" }, "geometry": { "type": "MultiPolygon", "coordinates": [ [ [ [ 120.26801728486987, -2.809698642977935, 0.0 ], [ 120.26737614739136, -2.809927077072928, 0.0 ], [ 120.267346133417391, -2.80989629327928, 0.0 ], [ 120.267336645569799, -2.809828379176338, 0.0 ], [ 120.267348114623815, -2.809637201295743, 0.0 ], [ 120.267304477719563, -2.809440350491741, 0.0 ], [ 120.267185782497904, -2.809226697653912, 0.0 ], [ 120.267774511084895, -2.809017113349057, 0.0 ], [ 120.26801728486987, -2.809698642977935, 0.0 ] ] ] ] } },
{ "type": "Feature", "properties": { "OBJECTID": 1435, "WADMPR": "Sulawesi Selatan", "WADMKK": "Kab. Luwu Utara", "WADMKC": "Kec. Malangke Barat", "WADMKD": "Desa Limbong Wara", "POKTAN": "Taro Ada Taro Gau", "K_POKTAN": "Markus Limin", "P_SID": "Universitas Negeri Makassar", "NO_HP_1": "085150991731", "NAMA_PEMIL": "Pemerintah Desa", "N_PETAK": "LA216", "LUAS_HA": 0.40925279763, "PAKET": "Paket Sulawesi Selatan 16" }, "geometry": { "type": "MultiPolygon", "coordinates": [ [ [ [ 120.268182364424661, -2.810162278566281, 0.0 ], [ 120.268172051898773, -2.810168487485669, 0.0 ], [ 120.267962502667388, -2.810293729771786, 0.0 ], [ 120.267955192078489, -2.810294115580916, 0.0 ], [ 120.267921273248248, -2.810297483542001, 0.0 ], [ 120.26786914224715, -2.810304674521092, 0.0 ], [ 120.267847057595645, -2.810308287097712, 0.0 ], [ 120.267792367124116, -2.810322269756909, 0.0 ], [ 120.267739849414625, -2.81034303420364, 0.0 ], [ 120.267690336340024, -2.81037025398399, 0.0 ], [ 120.267598537142817, -2.810286918306588, 0.0 ], [ 120.267499547865896, -2.810191082052768, 0.0 ], [ 120.267444584899749, -2.810124446785721, 0.0 ], [ 120.26737614739136, -2.809927077072928, 0.0 ], [ 120.26801728486987, -2.809698642977935, 0.0 ], [ 120.268182364424661, -2.810162278566281, 0.0 ] ] ] ] } },
{ "type": "Feature", "properties": { "OBJECTID": 1436, "WADMPR": "Sulawesi Selatan", "WADMKK": "Kab. Luwu Utara", "WADMKC": "Kec. Malangke Barat", "WADMKD": "Desa Limbong Wara", "POKTAN": "Taro Ada Taro Gau", "K_POKTAN": "Markus Limin", "P_SID": "Universitas Negeri Makassar", "NO_HP_1": "085150991731", "NAMA_PEMIL": "Pemerintah Desa", "N_PETAK": "LA217", "LUAS_HA": 0.95835769485, "PAKET": "Paket Sulawesi Selatan 16" }, "geometry": { "type": "MultiPolygon", "coordinates": [ [ [ [ 120.263608245224418, -2.8158774845582, 0.0 ], [ 120.262909748086486, -2.816126816199585, 0.0 ], [ 120.262666978798052, -2.815445285671331, 0.0 ], [ 120.263725954789038, -2.815067846503894, 0.0 ], [ 120.263907491937289, -2.815577469824348, 0.0 ], [ 120.26382577503955, -2.81566518340145, 0.0 ], [ 120.263704343180962, -2.815787160249215, 0.0 ], [ 120.263608245224418, -2.8158774845582, 0.0 ] ] ] ] } },
{ "type": "Feature", "properties": { "OBJECTID": 1437, "WADMPR": "Sulawesi Selatan", "WADMKK": "Kab. Luwu Utara", "WADMKC": "Kec. Malangke Barat", "WADMKD": "Desa Limbong Wara", "POKTAN": "Taro Ada Taro Gau", "K_POKTAN": "Markus Limin", "P_SID": "Universitas Negeri Makassar", "NO_HP_1": "085150991731", "NAMA_PEMIL": "Pemerintah Desa", "N_PETAK": "LA218", "LUAS_HA": 0.99999295207000005, "PAKET": "Paket Sulawesi Selatan 16" }, "geometry": { "type": "MultiPolygon", "coordinates": [ [ [ [ 120.262909748086486, -2.816126816199585, 0.0 ], [ 120.261850768498221, -2.816504255367022, 0.0 ], [ 120.261607995612621, -2.815822725738144, 0.0 ], [ 120.262666978798052, -2.815445285671331, 0.0 ], [ 120.262909748086486, -2.816126816199585, 0.0 ] ] ] ] } },
{ "type": "Feature", "properties": { "OBJECTID": 1438, "WADMPR": "Sulawesi Selatan", "WADMKK": "Kab. Luwu Utara", "WADMKC": "Kec. Malangke Barat", "WADMKD": "Desa Limbong Wara", "POKTAN": "Taro Ada Taro Gau", "K_POKTAN": "Markus Limin", "P_SID": "Universitas Negeri Makassar", "NO_HP_1": "085150991731", "NAMA_PEMIL": "Pemerintah Desa", "N_PETAK": "LA219", "LUAS_HA": 0.4174274304, "PAKET": "Paket Sulawesi Selatan 16" }, "geometry": { "type": "MultiPolygon", "coordinates": [ [ [ [ 120.269959891535791, -2.801316990286807, 0.0 ], [ 120.269717118650192, -2.80063545975861, 0.0 ], [ 120.27043563469681, -2.800379367913479, 0.0 ], [ 120.270411787374201, -2.800521140638068, 0.0 ], [ 120.270340393794186, -2.80062432075573, 0.0 ], [ 120.270315987093227, -2.800663778510511, 0.0 ], [ 120.270291841195558, -2.800715065048166, 0.0 ], [ 120.270273923103105, -2.800770382347196, 0.0 ], [ 120.270267528923341, -2.800795833161146, 0.0 ], [ 120.270201985433346, -2.801056857787728, 0.0 ], [ 120.270152355446953, -2.801248392699108, 0.0 ], [ 120.269959891535791, -2.801316990286807, 0.0 ] ] ] ] } },
{ "type": "Feature", "properties": { "OBJECTID": 1439, "WADMPR": "Sulawesi Selatan", "WADMKK": "Kab. Luwu Utara", "WADMKC": "Kec. Malangke Barat", "WADMKD": "Desa Limbong Wara", "POKTAN": "Taro Ada Taro Gau", "K_POKTAN": "Markus Limin", "P_SID": "Universitas Negeri Makassar", "NO_HP_1": "085150991731", "NAMA_PEMIL": "Pemerintah Desa", "N_PETAK": "LA220", "LUAS_HA": 0.96705929350999997, "PAKET": "Paket Sulawesi Selatan 16" }, "geometry": { "type": "MultiPolygon", "coordinates": [ [ [ [ 120.269959891535791, -2.801316990286807, 0.0 ], [ 120.268900908350247, -2.801694430353621, 0.0 ], [ 120.268741480135304, -2.801246871945523, 0.0 ], [ 120.268754945684236, -2.801218269907167, 0.0 ], [ 120.268761010712183, -2.801202077613766, 0.0 ], [ 120.268782216725981, -2.801141995706473, 0.0 ], [ 120.268806196248988, -2.80109061114274, 0.0 ], [ 120.268816811846477, -2.801065984107822, 0.0 ], [ 120.268834375606048, -2.801012060757955, 0.0 ], [ 120.268845742137387, -2.800946033432638, 0.0 ], [ 120.269717118650192, -2.80063545975861, 0.0 ], [ 120.269959891535791, -2.801316990286807, 0.0 ] ] ] ] } },
{ "type": "Feature", "properties": { "OBJECTID": 1440, "WADMPR": "Sulawesi Selatan", "WADMKK": "Kab. Luwu Utara", "WADMKC": "Kec. Malangke Barat", "WADMKD": "Desa Limbong Wara", "POKTAN": "Taro Ada Taro Gau", "K_POKTAN": "Markus Limin", "P_SID": "Universitas Negeri Makassar", "NO_HP_1": "085150991731", "NAMA_PEMIL": "Pemerintah Desa", "N_PETAK": "LA221", "LUAS_HA": 0.98528288657999996, "PAKET": "Paket Sulawesi Selatan 16" }, "geometry": { "type": "MultiPolygon", "coordinates": [ [ [ [ 120.270144799343029, -2.802019145866836, 0.0 ], [ 120.269143688430518, -2.802375959083179, 0.0 ], [ 120.268900908350247, -2.801694430353621, 0.0 ], [ 120.269959891535791, -2.801316990286807, 0.0 ], [ 120.270074270011605, -2.801638070740353, 0.0 ], [ 120.270076143299434, -2.801669167498062, 0.0 ], [ 120.270083203876766, -2.801710570486364, 0.0 ], [ 120.270135662231041, -2.801950575258786, 0.0 ], [ 120.270144799343029, -2.802019145866836, 0.0 ] ] ] ] } },
{ "type": "Feature", "properties": { "OBJECTID": 1441, "WADMPR": "Sulawesi Selatan", "WADMKK": "Kab. Luwu Utara", "WADMKC": "Kec. Malangke Barat", "WADMKD": "Desa Limbong Wara", "POKTAN": "Taro Ada Taro Gau", "K_POKTAN": "Markus Limin", "P_SID": "Universitas Negeri Makassar", "NO_HP_1": "085150991731", "NAMA_PEMIL": "Pemerintah Desa", "N_PETAK": "LA222", "LUAS_HA": 0.24999248195000001, "PAKET": "Paket Sulawesi Selatan 16" }, "geometry": { "type": "MultiPolygon", "coordinates": [ [ [ [ 120.258397993272865, -2.791622851713214, 0.0 ], [ 120.257974409891176, -2.791773835294237, 0.0 ], [ 120.25782260522908, -2.791347921769102, 0.0 ], [ 120.25824618681213, -2.791196933691481, 0.0 ], [ 120.258397993272865, -2.791622851713214, 0.0 ] ] ] ] } },
{ "type": "Feature", "properties": { "OBJECTID": 1442, "WADMPR": "Sulawesi Selatan", "WADMKK": "Kab. Luwu Utara", "WADMKC": "Kec. Malangke Barat", "WADMKD": "Desa Limbong Wara", "POKTAN": "Taro Ada Taro Gau", "K_POKTAN": "Markus Limin", "P_SID": "Universitas Negeri Makassar", "NO_HP_1": "085150991731", "NAMA_PEMIL": "Pemerintah Desa", "N_PETAK": "LA223", "LUAS_HA": 0.25008501868, "PAKET": "Paket Sulawesi Selatan 16" }, "geometry": { "type": "MultiPolygon", "coordinates": [ [ [ [ 120.257901568402758, -2.791800479508481, 0.0 ], [ 120.257477943652248, -2.791951468485422, 0.0 ], [ 120.257326090426773, -2.791525420961364, 0.0 ], [ 120.257749672009822, -2.791374432883742, 0.0 ], [ 120.257901568402758, -2.791800479508481, 0.0 ] ] ] ] } },
{ "type": "Feature", "properties": { "OBJECTID": 1443, "WADMPR": "Sulawesi Selatan", "WADMKK": "Kab. Luwu Utara", "WADMKC": "Kec. Malangke Barat", "WADMKD": "Desa Limbong Wara", "POKTAN": "Taro Ada Taro Gau", "K_POKTAN": "Markus Limin", "P_SID": "Universitas Negeri Makassar", "NO_HP_1": "085150991731", "NAMA_PEMIL": "Pemerintah Desa", "N_PETAK": "LA224", "LUAS_HA": 0.25006532911000001, "PAKET": "Paket Sulawesi Selatan 16" }, "geometry": { "type": "MultiPolygon", "coordinates": [ [ [ [ 120.257477943652248, -2.791951468485422, 0.0 ], [ 120.257054356673279, -2.792102441274608, 0.0 ], [ 120.256902508843723, -2.791676409038985, 0.0 ], [ 120.257326090426773, -2.791525420961364, 0.0 ], [ 120.257477943652248, -2.791951468485422, 0.0 ] ] ] ] } },
{ "type": "Feature", "properties": { "OBJECTID": 1444, "WADMPR": "Sulawesi Selatan", "WADMKK": "Kab. Luwu Utara", "WADMKC": "Kec. Malangke Barat", "WADMKD": "Desa Limbong Wara", "POKTAN": "Taro Ada Taro Gau", "K_POKTAN": "Markus Limin", "P_SID": "Universitas Negeri Makassar", "NO_HP_1": "085150991731", "NAMA_PEMIL": "Pemerintah Desa", "N_PETAK": "LA225", "LUAS_HA": 0.2499979126, "PAKET": "Paket Sulawesi Selatan 16" }, "geometry": { "type": "MultiPolygon", "coordinates": [ [ [ [ 120.257588447848661, -2.790915536722594, 0.0 ], [ 120.257164723273377, -2.791066123702592, 0.0 ], [ 120.257013317910378, -2.790640055494123, 0.0 ], [ 120.257437042485549, -2.790489468514124, 0.0 ], [ 120.257588447848661, -2.790915536722594, 0.0 ] ] ] ] } },
{ "type": "Feature", "properties": { "OBJECTID": 1445, "WADMPR": "Sulawesi Selatan", "WADMKK": "Kab. Luwu Utara", "WADMKC": "Kec. Malangke Barat", "WADMKD": "Desa Limbong Wara", "POKTAN": "Taro Ada Taro Gau", "K_POKTAN": "Markus Limin", "P_SID": "Universitas Negeri Makassar", "NO_HP_1": "085150991731", "NAMA_PEMIL": "Pemerintah Desa", "N_PETAK": "LA226", "LUAS_HA": 0.24999819938000001, "PAKET": "Paket Sulawesi Selatan 16" }, "geometry": { "type": "MultiPolygon", "coordinates": [ [ [ [ 120.257164723273377, -2.791066123702592, 0.0 ], [ 120.256740998698206, -2.79121671158191, 0.0 ], [ 120.256589593335093, -2.790790642474121, 0.0 ], [ 120.257013317910378, -2.790640055494123, 0.0 ], [ 120.257164723273377, -2.791066123702592, 0.0 ] ] ] ] } },
{ "type": "Feature", "properties": { "OBJECTID": 1446, "WADMPR": "Sulawesi Selatan", "WADMKK": "Kab. Luwu Utara", "WADMKC": "Kec. Malangke Barat", "WADMKD": "Desa Limbong Wara", "POKTAN": "Taro Ada Taro Gau", "K_POKTAN": "Markus Limin", "P_SID": "Universitas Negeri Makassar", "NO_HP_1": "085150991731", "NAMA_PEMIL": "Pemerintah Desa", "N_PETAK": "LA227", "LUAS_HA": 0.24999814238000001, "PAKET": "Paket Sulawesi Selatan 16" }, "geometry": { "type": "MultiPolygon", "coordinates": [ [ [ [ 120.257316128636489, -2.791492192810381, 0.0 ], [ 120.257164723273377, -2.791066123702592, 0.0 ], [ 120.257588447848661, -2.790915536722594, 0.0 ], [ 120.257739853211774, -2.791341604931063, 0.0 ], [ 120.257316128636489, -2.791492192810381, 0.0 ] ] ] ] } },
{ "type": "Feature", "properties": { "OBJECTID": 1447, "WADMPR": "Sulawesi Selatan", "WADMKK": "Kab. Luwu Utara", "WADMKC": "Kec. Malangke Barat", "WADMKD": "Desa Limbong Wara", "POKTAN": "Taro Ada Taro Gau", "K_POKTAN": "Markus Limin", "P_SID": "Universitas Negeri Makassar", "NO_HP_1": "085150991731", "NAMA_PEMIL": "Pemerintah Desa", "N_PETAK": "LA228", "LUAS_HA": 0.24999811117000001, "PAKET": "Paket Sulawesi Selatan 16" }, "geometry": { "type": "MultiPolygon", "coordinates": [ [ [ [ 120.257316128636489, -2.791492192810381, 0.0 ], [ 120.256892404061205, -2.791642779790379, 0.0 ], [ 120.256740998698206, -2.79121671158191, 0.0 ], [ 120.257164723273377, -2.791066123702592, 0.0 ], [ 120.257316128636489, -2.791492192810381, 0.0 ] ] ] ] } },
{ "type": "Feature", "properties": { "OBJECTID": 1448, "WADMPR": "Sulawesi Selatan", "WADMKK": "Kab. Luwu Utara", "WADMKC": "Kec. Malangke Barat", "WADMKD": "Desa Limbong Wara", "POKTAN": "Taro Ada Taro Gau", "K_POKTAN": "Markus Limin", "P_SID": "Universitas Negeri Makassar", "NO_HP_1": "085150991731", "NAMA_PEMIL": "Pemerintah Desa", "N_PETAK": "LA229", "LUAS_HA": 0.24999809528, "PAKET": "Paket Sulawesi Selatan 16" }, "geometry": { "type": "MultiPolygon", "coordinates": [ [ [ [ 120.257274274188489, -2.790032880013371, 0.0 ], [ 120.256850549613205, -2.790183466993369, 0.0 ], [ 120.256699144250206, -2.7897573987849, 0.0 ], [ 120.257122868825377, -2.789606811804902, 0.0 ], [ 120.257274274188489, -2.790032880013371, 0.0 ] ] ] ] } },
{ "type": "Feature", "properties": { "OBJECTID": 1449, "WADMPR": "Sulawesi Selatan", "WADMKK": "Kab. Luwu Utara", "WADMKC": "Kec. Malangke Barat", "WADMKD": "Desa Limbong Wara", "POKTAN": "Taro Ada Taro Gau", "K_POKTAN": "Markus Limin", "P_SID": "Universitas Negeri Makassar", "NO_HP_1": "085150991731", "NAMA_PEMIL": "Pemerintah Desa", "N_PETAK": "LA230", "LUAS_HA": 0.24999838207, "PAKET": "Paket Sulawesi Selatan 16" }, "geometry": { "type": "MultiPolygon", "coordinates": [ [ [ [ 120.256850549613205, -2.790183466993369, 0.0 ], [ 120.256426825038034, -2.790334054872687, 0.0 ], [ 120.256275419674921, -2.789907985764899, 0.0 ], [ 120.256699144250206, -2.7897573987849, 0.0 ], [ 120.256850549613205, -2.790183466993369, 0.0 ] ] ] ] } },
{ "type": "Feature", "properties": { "OBJECTID": 1450, "WADMPR": "Sulawesi Selatan", "WADMKK": "Kab. Luwu Utara", "WADMKC": "Kec. Malangke Barat", "WADMKD": "Desa Limbong Wara", "POKTAN": "Taro Ada Taro Gau", "K_POKTAN": "Markus Limin", "P_SID": "Universitas Negeri Makassar", "NO_HP_1": "085150991731", "NAMA_PEMIL": "Pemerintah Desa", "N_PETAK": "LA231", "LUAS_HA": 0.24999832506, "PAKET": "Paket Sulawesi Selatan 16" }, "geometry": { "type": "MultiPolygon", "coordinates": [ [ [ [ 120.257001954976317, -2.790609536101158, 0.0 ], [ 120.256850549613205, -2.790183466993369, 0.0 ], [ 120.257274274188489, -2.790032880013371, 0.0 ], [ 120.257425679551488, -2.79045894822184, 0.0 ], [ 120.257001954976317, -2.790609536101158, 0.0 ] ] ] ] } },
{ "type": "Feature", "properties": { "OBJECTID": 1451, "WADMPR": "Sulawesi Selatan", "WADMKK": "Kab. Luwu Utara", "WADMKC": "Kec. Malangke Barat", "WADMKD": "Desa Limbong Wara", "POKTAN": "Taro Ada Taro Gau", "K_POKTAN": "Markus Limin", "P_SID": "Universitas Negeri Makassar", "NO_HP_1": "085150991731", "NAMA_PEMIL": "Pemerintah Desa", "N_PETAK": "LA232", "LUAS_HA": 0.2499982939, "PAKET": "Paket Sulawesi Selatan 16" }, "geometry": { "type": "MultiPolygon", "coordinates": [ [ [ [ 120.257001954976317, -2.790609536101158, 0.0 ], [ 120.256578230401033, -2.790760123081157, 0.0 ], [ 120.256426825038034, -2.790334054872687, 0.0 ], [ 120.256850549613205, -2.790183466993369, 0.0 ], [ 120.257001954976317, -2.790609536101158, 0.0 ] ] ] ] } },
{ "type": "Feature", "properties": { "OBJECTID": 1452, "WADMPR": "Sulawesi Selatan", "WADMKK": "Kab. Luwu Utara", "WADMKC": "Kec. Malangke Barat", "WADMKD": "Desa Limbong Wara", "POKTAN": "Taro Ada Taro Gau", "K_POKTAN": "Markus Limin", "P_SID": "Universitas Negeri Makassar", "NO_HP_1": "085150991731", "NAMA_PEMIL": "Pemerintah Desa", "N_PETAK": "LA233", "LUAS_HA": 0.24999803037000001, "PAKET": "Paket Sulawesi Selatan 16" }, "geometry": { "type": "MultiPolygon", "coordinates": [ [ [ [ 120.256426825038034, -2.790334054872687, 0.0 ], [ 120.256003101362126, -2.790484641852686, 0.0 ], [ 120.255851695999013, -2.790058572744897, 0.0 ], [ 120.256275419674921, -2.789907985764899, 0.0 ], [ 120.256426825038034, -2.790334054872687, 0.0 ] ] ] ] } },
{ "type": "Feature", "properties": { "OBJECTID": 1453, "WADMPR": "Sulawesi Selatan", "WADMKK": "Kab. Luwu Utara", "WADMKC": "Kec. Malangke Barat", "WADMKD": "Desa Limbong Wara", "POKTAN": "Taro Ada Taro Gau", "K_POKTAN": "Markus Limin", "P_SID": "Universitas Negeri Makassar", "NO_HP_1": "085150991731", "NAMA_PEMIL": "Pemerintah Desa", "N_PETAK": "LA234", "LUAS_HA": 0.24999747365, "PAKET": "Paket Sulawesi Selatan 16" }, "geometry": { "type": "MultiPolygon", "coordinates": [ [ [ [ 120.256578230401033, -2.790760123081157, 0.0 ], [ 120.256154506725125, -2.790910710061155, 0.0 ], [ 120.256003101362126, -2.790484641852686, 0.0 ], [ 120.256426825038034, -2.790334054872687, 0.0 ], [ 120.256578230401033, -2.790760123081157, 0.0 ] ] ] ] } },
{ "type": "Feature", "properties": { "OBJECTID": 1454, "WADMPR": "Sulawesi Selatan", "WADMKK": "Kab. Luwu Utara", "WADMKC": "Kec. Malangke Barat", "WADMKD": "Desa Limbong Wara", "POKTAN": "Taro Ada Taro Gau", "K_POKTAN": "Markus Limin", "P_SID": "Universitas Negeri Makassar", "NO_HP_1": "085150991731", "NAMA_PEMIL": "Pemerintah Desa", "N_PETAK": "LA235", "LUAS_HA": 0.24999742068, "PAKET": "Paket Sulawesi Selatan 16" }, "geometry": { "type": "MultiPolygon", "coordinates": [ [ [ [ 120.258658052926876, -2.791016111504291, 0.0 ], [ 120.258234329250968, -2.79116669848429, 0.0 ], [ 120.258082923887855, -2.79074063027582, 0.0 ], [ 120.258506647563763, -2.790590043295822, 0.0 ], [ 120.258658052926876, -2.791016111504291, 0.0 ] ] ] ] } },
{ "type": "Feature", "properties": { "OBJECTID": 1455, "WADMPR": "Sulawesi Selatan", "WADMKK": "Kab. Luwu Utara", "WADMKC": "Kec. Malangke Barat", "WADMKD": "Desa Limbong Wara", "POKTAN": "Taro Ada Taro Gau", "K_POKTAN": "Markus Limin", "P_SID": "Universitas Negeri Makassar", "NO_HP_1": "085150991731", "NAMA_PEMIL": "Pemerintah Desa", "N_PETAK": "LA236", "LUAS_HA": 0.24999817855000001, "PAKET": "Paket Sulawesi Selatan 16" }, "geometry": { "type": "MultiPolygon", "coordinates": [ [ [ [ 120.258234329250968, -2.79116669848429, 0.0 ], [ 120.257810604675683, -2.791317286363608, 0.0 ], [ 120.257659199312684, -2.790891217255819, 0.0 ], [ 120.258082923887855, -2.79074063027582, 0.0 ], [ 120.258234329250968, -2.79116669848429, 0.0 ] ] ] ] } },
{ "type": "Feature", "properties": { "OBJECTID": 1456, "WADMPR": "Sulawesi Selatan", "WADMKK": "Kab. Luwu Utara", "WADMKC": "Kec. Malangke Barat", "WADMKD": "Desa Limbong Wara", "POKTAN": "Taro Ada Taro Gau", "K_POKTAN": "Markus Limin", "P_SID": "Universitas Negeri Makassar", "NO_HP_1": "085150991731", "NAMA_PEMIL": "Pemerintah Desa", "N_PETAK": "LA237", "LUAS_HA": 0.24999750886, "PAKET": "Paket Sulawesi Selatan 16" }, "geometry": { "type": "MultiPolygon", "coordinates": [ [ [ [ 120.258506647563763, -2.790590043295822, 0.0 ], [ 120.258082923887855, -2.79074063027582, 0.0 ], [ 120.257931518524856, -2.790314562067351, 0.0 ], [ 120.258355242200764, -2.790163975087353, 0.0 ], [ 120.258506647563763, -2.790590043295822, 0.0 ] ] ] ] } },
{ "type": "Feature", "properties": { "OBJECTID": 1457, "WADMPR": "Sulawesi Selatan", "WADMKK": "Kab. Luwu Utara", "WADMKC": "Kec. Malangke Barat", "WADMKD": "Desa Limbong Wara", "POKTAN": "Taro Ada Taro Gau", "K_POKTAN": "Markus Limin", "P_SID": "Universitas Negeri Makassar", "NO_HP_1": "085150991731", "NAMA_PEMIL": "Pemerintah Desa", "N_PETAK": "LA238", "LUAS_HA": 0.2499979488, "PAKET": "Paket Sulawesi Selatan 16" }, "geometry": { "type": "MultiPolygon", "coordinates": [ [ [ [ 120.258082923887855, -2.79074063027582, 0.0 ], [ 120.257659199312684, -2.790891217255819, 0.0 ], [ 120.257507793949571, -2.79046514904735, 0.0 ], [ 120.257931518524856, -2.790314562067351, 0.0 ], [ 120.258082923887855, -2.79074063027582, 0.0 ] ] ] ] } },
{ "type": "Feature", "properties": { "OBJECTID": 1458, "WADMPR": "Sulawesi Selatan", "WADMKK": "Kab. Luwu Utara", "WADMKC": "Kec. Malangke Barat", "WADMKD": "Desa Limbong Wara", "POKTAN": "Taro Ada Taro Gau", "K_POKTAN": "Markus Limin", "P_SID": "Universitas Negeri Makassar", "NO_HP_1": "085150991731", "NAMA_PEMIL": "Pemerintah Desa", "N_PETAK": "LA239", "LUAS_HA": 0.2499983603, "PAKET": "Paket Sulawesi Selatan 16" }, "geometry": { "type": "MultiPolygon", "coordinates": [ [ [ [ 120.259354096714219, -2.790288868436505, 0.0 ], [ 120.258930372139048, -2.790439456315823, 0.0 ], [ 120.258778966775935, -2.790013387207978, 0.0 ], [ 120.25920269135122, -2.789862800227979, 0.0 ], [ 120.259354096714219, -2.790288868436505, 0.0 ] ] ] ] } },
{ "type": "Feature", "properties": { "OBJECTID": 1459, "WADMPR": "Sulawesi Selatan", "WADMKK": "Kab. Luwu Utara", "WADMKC": "Kec. Malangke Barat", "WADMKD": "Desa Limbong Wara", "POKTAN": "Taro Ada Taro Gau", "K_POKTAN": "Markus Limin", "P_SID": "Universitas Negeri Makassar", "NO_HP_1": "085150991731", "NAMA_PEMIL": "Pemerintah Desa", "N_PETAK": "LA240", "LUAS_HA": 0.24999832912, "PAKET": "Paket Sulawesi Selatan 16" }, "geometry": { "type": "MultiPolygon", "coordinates": [ [ [ [ 120.258930372139048, -2.790439456315823, 0.0 ], [ 120.258506647563763, -2.790590043295822, 0.0 ], [ 120.258355242200764, -2.790163975087353, 0.0 ], [ 120.258778966775935, -2.790013387207978, 0.0 ], [ 120.258930372139048, -2.790439456315823, 0.0 ] ] ] ] } },
{ "type": "Feature", "properties": { "OBJECTID": 1460, "WADMPR": "Sulawesi Selatan", "WADMKK": "Kab. Luwu Utara", "WADMKC": "Kec. Malangke Barat", "WADMKD": "Desa Limbong Wara", "POKTAN": "Taro Ada Taro Gau", "K_POKTAN": "Markus Limin", "P_SID": "Universitas Negeri Makassar", "NO_HP_1": "085150991731", "NAMA_PEMIL": "Pemerintah Desa", "N_PETAK": "LA241", "LUAS_HA": 0.24999760303, "PAKET": "Paket Sulawesi Selatan 16" }, "geometry": { "type": "MultiPolygon", "coordinates": [ [ [ [ 120.258344548362288, -2.790135261533067, 0.0 ], [ 120.25792082468638, -2.790285848513065, 0.0 ], [ 120.257769419323267, -2.789859780304596, 0.0 ], [ 120.258193142999176, -2.789709193324541, 0.0 ], [ 120.258344548362288, -2.790135261533067, 0.0 ] ] ] ] } },
{ "type": "Feature", "properties": { "OBJECTID": 1461, "WADMPR": "Sulawesi Selatan", "WADMKK": "Kab. Luwu Utara", "WADMKC": "Kec. Malangke Barat", "WADMKD": "Desa Limbong Wara", "POKTAN": "Taro Ada Taro Gau", "K_POKTAN": "Markus Limin", "P_SID": "Universitas Negeri Makassar", "NO_HP_1": "085150991731", "NAMA_PEMIL": "Pemerintah Desa", "N_PETAK": "LA242", "LUAS_HA": 0.2499983609, "PAKET": "Paket Sulawesi Selatan 16" }, "geometry": { "type": "MultiPolygon", "coordinates": [ [ [ [ 120.25792082468638, -2.790285848513065, 0.0 ], [ 120.257497100111095, -2.790436436392383, 0.0 ], [ 120.257345694748096, -2.790010367284594, 0.0 ], [ 120.257769419323267, -2.789859780304596, 0.0 ], [ 120.25792082468638, -2.790285848513065, 0.0 ] ] ] ] } },
{ "type": "Feature", "properties": { "OBJECTID": 1462, "WADMPR": "Sulawesi Selatan", "WADMKK": "Kab. Luwu Utara", "WADMKC": "Kec. Malangke Barat", "WADMKD": "Desa Limbong Wara", "POKTAN": "Taro Ada Taro Gau", "K_POKTAN": "Markus Limin", "P_SID": "Universitas Negeri Makassar", "NO_HP_1": "085150991731", "NAMA_PEMIL": "Pemerintah Desa", "N_PETAK": "LA243", "LUAS_HA": 0.24999845441, "PAKET": "Paket Sulawesi Selatan 16" }, "geometry": { "type": "MultiPolygon", "coordinates": [ [ [ [ 120.258768272937459, -2.789984674553068, 0.0 ], [ 120.25861686757446, -2.789558606344542, 0.0 ], [ 120.259040592149631, -2.789408018465224, 0.0 ], [ 120.259191997512744, -2.789834087573013, 0.0 ], [ 120.258768272937459, -2.789984674553068, 0.0 ] ] ] ] } },
{ "type": "Feature", "properties": { "OBJECTID": 1463, "WADMPR": "Sulawesi Selatan", "WADMKK": "Kab. Luwu Utara", "WADMKC": "Kec. Malangke Barat", "WADMKD": "Desa Limbong Wara", "POKTAN": "Taro Ada Taro Gau", "K_POKTAN": "Markus Limin", "P_SID": "Universitas Negeri Makassar", "NO_HP_1": "085150991731", "NAMA_PEMIL": "Pemerintah Desa", "N_PETAK": "LA244", "LUAS_HA": 0.2499981053, "PAKET": "Paket Sulawesi Selatan 16" }, "geometry": { "type": "MultiPolygon", "coordinates": [ [ [ [ 120.258768272937459, -2.789984674553068, 0.0 ], [ 120.258344548362288, -2.790135261533067, 0.0 ], [ 120.258193142999176, -2.789709193324541, 0.0 ], [ 120.25861686757446, -2.789558606344542, 0.0 ], [ 120.258768272937459, -2.789984674553068, 0.0 ] ] ] ] } },
{ "type": "Feature", "properties": { "OBJECTID": 1464, "WADMPR": "Sulawesi Selatan", "WADMKK": "Kab. Luwu Utara", "WADMKC": "Kec. Malangke Barat", "WADMKD": "Desa Limbong Wara", "POKTAN": "Taro Ada Taro Gau", "K_POKTAN": "Markus Limin", "P_SID": "Universitas Negeri Makassar", "NO_HP_1": "085150991731", "NAMA_PEMIL": "Pemerintah Desa", "N_PETAK": "LA245", "LUAS_HA": 0.24999800999, "PAKET": "Paket Sulawesi Selatan 16" }, "geometry": { "type": "MultiPolygon", "coordinates": [ [ [ [ 120.258193142999176, -2.789709193324541, 0.0 ], [ 120.257769419323267, -2.789859780304596, 0.0 ], [ 120.257618013060892, -2.78943371209607, 0.0 ], [ 120.258041737636177, -2.789283125116071, 0.0 ], [ 120.258193142999176, -2.789709193324541, 0.0 ] ] ] ] } },
{ "type": "Feature", "properties": { "OBJECTID": 1465, "WADMPR": "Sulawesi Selatan", "WADMKK": "Kab. Luwu Utara", "WADMKC": "Kec. Malangke Barat", "WADMKD": "Desa Limbong Wara", "POKTAN": "Taro Ada Taro Gau", "K_POKTAN": "Markus Limin", "P_SID": "Universitas Negeri Makassar", "NO_HP_1": "085150991731", "NAMA_PEMIL": "Pemerintah Desa", "N_PETAK": "LA246", "LUAS_HA": 0.24999797883, "PAKET": "Paket Sulawesi Selatan 16" }, "geometry": { "type": "MultiPolygon", "coordinates": [ [ [ [ 120.257769419323267, -2.789859780304596, 0.0 ], [ 120.257345694748096, -2.790010367284594, 0.0 ], [ 120.257194289384984, -2.789584299076068, 0.0 ], [ 120.257618013060892, -2.78943371209607, 0.0 ], [ 120.257769419323267, -2.789859780304596, 0.0 ] ] ] ] } },
{ "type": "Feature", "properties": { "OBJECTID": 1466, "WADMPR": "Sulawesi Selatan", "WADMKK": "Kab. Luwu Utara", "WADMKC": "Kec. Malangke Barat", "WADMKD": "Desa Limbong Wara", "POKTAN": "Taro Ada Taro Gau", "K_POKTAN": "Markus Limin", "P_SID": "Universitas Negeri Makassar", "NO_HP_1": "085150991731", "NAMA_PEMIL": "Pemerintah Desa", "N_PETAK": "LA247", "LUAS_HA": 0.24999839024000001, "PAKET": "Paket Sulawesi Selatan 16" }, "geometry": { "type": "MultiPolygon", "coordinates": [ [ [ [ 120.259040592149631, -2.789408018465224, 0.0 ], [ 120.25861686757446, -2.789558606344542, 0.0 ], [ 120.258465462211348, -2.789132537236753, 0.0 ], [ 120.258889185887256, -2.788981950256755, 0.0 ], [ 120.259040592149631, -2.789408018465224, 0.0 ] ] ] ] } },
{ "type": "Feature", "properties": { "OBJECTID": 1467, "WADMPR": "Sulawesi Selatan", "WADMKK": "Kab. Luwu Utara", "WADMKC": "Kec. Malangke Barat", "WADMKD": "Desa Limbong Wara", "POKTAN": "Taro Ada Taro Gau", "K_POKTAN": "Markus Limin", "P_SID": "Universitas Negeri Makassar", "NO_HP_1": "085150991731", "NAMA_PEMIL": "Pemerintah Desa", "N_PETAK": "LA248", "LUAS_HA": 0.24999851139000001, "PAKET": "Paket Sulawesi Selatan 16" }, "geometry": { "type": "MultiPolygon", "coordinates": [ [ [ [ 120.25861686757446, -2.789558606344542, 0.0 ], [ 120.258193142999176, -2.789709193324541, 0.0 ], [ 120.258041737636177, -2.789283125116071, 0.0 ], [ 120.258465462211348, -2.789132537236753, 0.0 ], [ 120.25861686757446, -2.789558606344542, 0.0 ] ] ] ] } },
{ "type": "Feature", "properties": { "OBJECTID": 1468, "WADMPR": "Sulawesi Selatan", "WADMKK": "Kab. Luwu Utara", "WADMKC": "Kec. Malangke Barat", "WADMKD": "Desa Limbong Wara", "POKTAN": "Taro Ada Taro Gau", "K_POKTAN": "Markus Limin", "P_SID": "Universitas Negeri Makassar", "NO_HP_1": "085150991731", "NAMA_PEMIL": "Pemerintah Desa", "N_PETAK": "LA249", "LUAS_HA": 0.24999852865, "PAKET": "Paket Sulawesi Selatan 16" }, "geometry": { "type": "MultiPolygon", "coordinates": [ [ [ [ 120.258321935808794, -2.788739058660553, 0.0 ], [ 120.257898212132886, -2.788889645640609, 0.0 ], [ 120.257746805870511, -2.788463577432083, 0.0 ], [ 120.258170530445682, -2.788312989552765, 0.0 ], [ 120.258321935808794, -2.788739058660553, 0.0 ] ] ] ] } },
{ "type": "Feature", "properties": { "OBJECTID": 1469, "WADMPR": "Sulawesi Selatan", "WADMKK": "Kab. Luwu Utara", "WADMKC": "Kec. Malangke Barat", "WADMKD": "Desa Limbong Wara", "POKTAN": "Taro Ada Taro Gau", "K_POKTAN": "Markus Limin", "P_SID": "Universitas Negeri Makassar", "NO_HP_1": "085150991731", "NAMA_PEMIL": "Pemerintah Desa", "N_PETAK": "LA250", "LUAS_HA": 0.24999771871000001, "PAKET": "Paket Sulawesi Selatan 16" }, "geometry": { "type": "MultiPolygon", "coordinates": [ [ [ [ 120.257113007759131, -2.78957610984952, 0.0 ], [ 120.256689284083222, -2.789726696829575, 0.0 ], [ 120.256537878720223, -2.789300628621049, 0.0 ], [ 120.256961602396132, -2.789150041641051, 0.0 ], [ 120.257113007759131, -2.78957610984952, 0.0 ] ] ] ] } },
{ "type": "Feature", "properties": { "OBJECTID": 1470, "WADMPR": "Sulawesi Selatan", "WADMKK": "Kab. Luwu Utara", "WADMKC": "Kec. Malangke Barat", "WADMKD": "Desa Limbong Wara", "POKTAN": "Taro Ada Taro Gau", "K_POKTAN": "Markus Limin", "P_SID": "Universitas Negeri Makassar", "NO_HP_1": "085150991731", "NAMA_PEMIL": "Pemerintah Desa", "N_PETAK": "LA251", "LUAS_HA": 0.24999827208, "PAKET": "Paket Sulawesi Selatan 16" }, "geometry": { "type": "MultiPolygon", "coordinates": [ [ [ [ 120.259081777502047, -2.790865524524293, 0.0 ], [ 120.258930372139048, -2.790439456315823, 0.0 ], [ 120.259354096714219, -2.790288868436505, 0.0 ], [ 120.259505502077332, -2.790714937544294, 0.0 ], [ 120.259081777502047, -2.790865524524293, 0.0 ] ] ] ] } },
{ "type": "Feature", "properties": { "OBJECTID": 1471, "WADMPR": "Sulawesi Selatan", "WADMKK": "Kab. Luwu Utara", "WADMKC": "Kec. Malangke Barat", "WADMKD": "Desa Limbong Wara", "POKTAN": "Taro Ada Taro Gau", "K_POKTAN": "Markus Limin", "P_SID": "Universitas Negeri Makassar", "NO_HP_1": "085150991731", "NAMA_PEMIL": "Pemerintah Desa", "N_PETAK": "LA252", "LUAS_HA": 0.24999792295000001, "PAKET": "Paket Sulawesi Selatan 16" }, "geometry": { "type": "MultiPolygon", "coordinates": [ [ [ [ 120.259081777502047, -2.790865524524293, 0.0 ], [ 120.258658052926876, -2.791016111504291, 0.0 ], [ 120.258506647563763, -2.790590043295822, 0.0 ], [ 120.258930372139048, -2.790439456315823, 0.0 ], [ 120.259081777502047, -2.790865524524293, 0.0 ] ] ] ] } },
{ "type": "Feature", "properties": { "OBJECTID": 1472, "WADMPR": "Sulawesi Selatan", "WADMKK": "Kab. Luwu Utara", "WADMKC": "Kec. Malangke Barat", "WADMKD": "Desa Limbong Wara", "POKTAN": "Taro Ada Taro Gau", "K_POKTAN": "Markus Limin", "P_SID": "Universitas Negeri Makassar", "NO_HP_1": "085150991731", "NAMA_PEMIL": "Pemerintah Desa", "N_PETAK": "LA253", "LUAS_HA": 0.24965513731, "PAKET": "Paket Sulawesi Selatan 16" }, "geometry": { "type": "MultiPolygon", "coordinates": [ [ [ [ 120.259668348615492, -2.791170075438572, 0.0 ], [ 120.259245040426322, -2.791321827939953, 0.0 ], [ 120.259093635063323, -2.790895759731484, 0.0 ], [ 120.259517359638494, -2.790745172751485, 0.0 ], [ 120.259668348615492, -2.791170075438572, 0.0 ] ] ] ] } },
{ "type": "Feature", "properties": { "OBJECTID": 1473, "WADMPR": "Sulawesi Selatan", "WADMKK": "Kab. Luwu Utara", "WADMKC": "Kec. Malangke Barat", "WADMKD": "Desa Limbong Wara", "POKTAN": "Taro Ada Taro Gau", "K_POKTAN": "Markus Limin", "P_SID": "Universitas Negeri Makassar", "NO_HP_1": "085150991731", "NAMA_PEMIL": "Pemerintah Desa", "N_PETAK": "LA254", "LUAS_HA": 0.24976879151, "PAKET": "Paket Sulawesi Selatan 16" }, "geometry": { "type": "MultiPolygon", "coordinates": [ [ [ [ 120.259245040426322, -2.791321827939953, 0.0 ], [ 120.259033344513341, -2.791396402421981, 0.0 ], [ 120.258821172858916, -2.791472022815526, 0.0 ], [ 120.258669911387415, -2.791046346711482, 0.0 ], [ 120.259093635063323, -2.790895759731484, 0.0 ], [ 120.259245040426322, -2.791321827939953, 0.0 ] ] ] ] } },
{ "type": "Feature", "properties": { "OBJECTID": 1474, "WADMPR": "Sulawesi Selatan", "WADMKK": "Kab. Luwu Utara", "WADMKC": "Kec. Malangke Barat", "WADMKD": "Desa Limbong Wara", "POKTAN": "Taro Ada Taro Gau", "K_POKTAN": "Markus Limin", "P_SID": "Universitas Negeri Makassar", "NO_HP_1": "085150991731", "NAMA_PEMIL": "Pemerintah Desa", "N_PETAK": "LA255", "LUAS_HA": 0.25000314604000001, "PAKET": "Paket Sulawesi Selatan 16" }, "geometry": { "type": "MultiPolygon", "coordinates": [ [ [ [ 120.264804293183602, -2.78885333821097, 0.0 ], [ 120.264955965645413, -2.789278876718754, 0.0 ], [ 120.264532377767068, -2.789429850407203, 0.0 ], [ 120.264380568608431, -2.789003925190968, 0.0 ], [ 120.26480415019148, -2.78885293711329, 0.0 ], [ 120.264804293183602, -2.78885333821097, 0.0 ] ] ] ] } },
{ "type": "Feature", "properties": { "OBJECTID": 1475, "WADMPR": "Sulawesi Selatan", "WADMKK": "Kab. Luwu Utara", "WADMKC": "Kec. Malangke Barat", "WADMKD": "Desa Limbong Wara", "POKTAN": "Taro Ada Taro Gau", "K_POKTAN": "Markus Limin", "P_SID": "Universitas Negeri Makassar", "NO_HP_1": "085150991731", "NAMA_PEMIL": "Pemerintah Desa", "N_PETAK": "LA256", "LUAS_HA": 0.24999822452000001, "PAKET": "Paket Sulawesi Selatan 16" }, "geometry": { "type": "MultiPolygon", "coordinates": [ [ [ [ 120.265216017205489, -2.788672114926101, 0.0 ], [ 120.264792292630318, -2.788822701906099, 0.0 ], [ 120.264640887267205, -2.78839663369763, 0.0 ], [ 120.265064610943114, -2.788246046717632, 0.0 ], [ 120.265216017205489, -2.788672114926101, 0.0 ] ] ] ] } },
{ "type": "Feature", "properties": { "OBJECTID": 1476, "WADMPR": "Sulawesi Selatan", "WADMKK": "Kab. Luwu Utara", "WADMKC": "Kec. Malangke Barat", "WADMKD": "Desa Limbong Wara", "POKTAN": "Taro Ada Taro Gau", "K_POKTAN": "Markus Limin", "P_SID": "Universitas Negeri Makassar", "NO_HP_1": "085150991731", "NAMA_PEMIL": "Pemerintah Desa", "N_PETAK": "LA257", "LUAS_HA": 0.24999834572, "PAKET": "Paket Sulawesi Selatan 16" }, "geometry": { "type": "MultiPolygon", "coordinates": [ [ [ [ 120.264792292630318, -2.788822701906099, 0.0 ], [ 120.264368568055033, -2.788973288886098, 0.0 ], [ 120.264217162691921, -2.788547220677629, 0.0 ], [ 120.264640887267205, -2.78839663369763, 0.0 ], [ 120.264792292630318, -2.788822701906099, 0.0 ] ] ] ] } },
{ "type": "Feature", "properties": { "OBJECTID": 1477, "WADMPR": "Sulawesi Selatan", "WADMKK": "Kab. Luwu Utara", "WADMKC": "Kec. Malangke Barat", "WADMKD": "Desa Limbong Wara", "POKTAN": "Taro Ada Taro Gau", "K_POKTAN": "Markus Limin", "P_SID": "Universitas Negeri Makassar", "NO_HP_1": "085150991731", "NAMA_PEMIL": "Pemerintah Desa", "N_PETAK": "LA258", "LUAS_HA": 0.2172794884, "PAKET": "Paket Sulawesi Selatan 16" }, "geometry": { "type": "MultiPolygon", "coordinates": [ [ [ [ 120.265064610943114, -2.788246046717632, 0.0 ], [ 120.264640887267205, -2.78839663369763, 0.0 ], [ 120.264509722945377, -2.788027307314337, 0.0 ], [ 120.264574770909007, -2.788009971083227, 0.0 ], [ 120.264644660822455, -2.787991344325008, 0.0 ], [ 120.264714548038, -2.787972717566788, 0.0 ], [ 120.264784436152922, -2.787954092607265, 0.0 ], [ 120.264854325166993, -2.787935464949726, 0.0 ], [ 120.264833906959325, -2.787874634806485, 0.0 ], [ 120.264825826550691, -2.787850564451958, 0.0 ], [ 120.264913205580001, -2.787819977609843, 0.0 ], [ 120.265064610943114, -2.788246046717632, 0.0 ] ] ] ] } },
{ "type": "Feature", "properties": { "OBJECTID": 1478, "WADMPR": "Sulawesi Selatan", "WADMKK": "Kab. Luwu Utara", "WADMKC": "Kec. Malangke Barat", "WADMKD": "Desa Limbong Wara", "POKTAN": "Taro Ada Taro Gau", "K_POKTAN": "Markus Limin", "P_SID": "Universitas Negeri Makassar", "NO_HP_1": "085150991731", "NAMA_PEMIL": "Pemerintah Desa", "N_PETAK": "LA259", "LUAS_HA": 0.2268288752, "PAKET": "Paket Sulawesi Selatan 16" }, "geometry": { "type": "MultiPolygon", "coordinates": [ [ [ [ 120.264640887267205, -2.78839663369763, 0.0 ], [ 120.264217162691921, -2.788547220677629, 0.0 ], [ 120.264073610209039, -2.788143537494193, 0.0 ], [ 120.264085551407106, -2.788140354793484, 0.0 ], [ 120.264155440421291, -2.788121728934584, 0.0 ], [ 120.264225328536099, -2.788103103075684, 0.0 ], [ 120.264295216651021, -2.788084475418145, 0.0 ], [ 120.26436510476583, -2.788065850458565, 0.0 ], [ 120.264434993780014, -2.788047223700346, 0.0 ], [ 120.264504883693462, -2.788028596942127, 0.0 ], [ 120.264509722945377, -2.788027307314337, 0.0 ], [ 120.264640887267205, -2.78839663369763, 0.0 ] ] ] ] } },
{ "type": "Feature", "properties": { "OBJECTID": 1479, "WADMPR": "Sulawesi Selatan", "WADMKK": "Kab. Luwu Utara", "WADMKC": "Kec. Malangke Barat", "WADMKD": "Desa Limbong Wara", "POKTAN": "Taro Ada Taro Gau", "K_POKTAN": "Markus Limin", "P_SID": "Universitas Negeri Makassar", "NO_HP_1": "085150991731", "NAMA_PEMIL": "Pemerintah Desa", "N_PETAK": "LA260", "LUAS_HA": 0.24999852724, "PAKET": "Paket Sulawesi Selatan 16" }, "geometry": { "type": "MultiPolygon", "coordinates": [ [ [ [ 120.265912060093569, -2.787944871858315, 0.0 ], [ 120.265488335518285, -2.788095458838313, 0.0 ], [ 120.265336930155286, -2.787669390629844, 0.0 ], [ 120.265760654730457, -2.787518803649846, 0.0 ], [ 120.265912060093569, -2.787944871858315, 0.0 ] ] ] ] } },
{ "type": "Feature", "properties": { "OBJECTID": 1480, "WADMPR": "Sulawesi Selatan", "WADMKK": "Kab. Luwu Utara", "WADMKC": "Kec. Malangke Barat", "WADMKD": "Desa Limbong Wara", "POKTAN": "Taro Ada Taro Gau", "K_POKTAN": "Markus Limin", "P_SID": "Universitas Negeri Makassar", "NO_HP_1": "085150991731", "NAMA_PEMIL": "Pemerintah Desa", "N_PETAK": "LA261", "LUAS_HA": 0.24999881406, "PAKET": "Paket Sulawesi Selatan 16" }, "geometry": { "type": "MultiPolygon", "coordinates": [ [ [ [ 120.265488335518285, -2.788095458838313, 0.0 ], [ 120.265064610943114, -2.788246046717632, 0.0 ], [ 120.264913205580001, -2.787819977609843, 0.0 ], [ 120.265336930155286, -2.787669390629844, 0.0 ], [ 120.265488335518285, -2.788095458838313, 0.0 ] ] ] ] } },
{ "type": "Feature", "properties": { "OBJECTID": 1481, "WADMPR": "Sulawesi Selatan", "WADMKK": "Kab. Luwu Utara", "WADMKC": "Kec. Malangke Barat", "WADMKD": "Desa Limbong Wara", "POKTAN": "Taro Ada Taro Gau", "K_POKTAN": "Markus Limin", "P_SID": "Universitas Negeri Makassar", "NO_HP_1": "085150991731", "NAMA_PEMIL": "Pemerintah Desa", "N_PETAK": "LA262", "LUAS_HA": 0.1481268224, "PAKET": "Paket Sulawesi Selatan 16" }, "geometry": { "type": "MultiPolygon", "coordinates": [ [ [ [ 120.264902511741639, -2.787791264954876, 0.0 ], [ 120.26481348785228, -2.787813806461941, 0.0 ], [ 120.264793069644497, -2.787752976318757, 0.0 ], [ 120.264772650537452, -2.787692146175573, 0.0 ], [ 120.26475223232967, -2.787631316032389, 0.0 ], [ 120.26468050240328, -2.787644807661707, 0.0 ], [ 120.264608773376267, -2.787658298391705, 0.0 ], [ 120.26453704434914, -2.787671790021022, 0.0 ], [ 120.26446531442275, -2.787685281650397, 0.0 ], [ 120.264420529084191, -2.78769549345219, 0.0 ], [ 120.264392654597373, -2.787700886686537, 0.0 ], [ 120.264327382702618, -2.787515783726406, 0.0 ], [ 120.264751106378526, -2.787365196746407, 0.0 ], [ 120.264838757902453, -2.78761185380398, 0.0 ], [ 120.264902511741639, -2.787791264954876, 0.0 ] ] ] ] } },
{ "type": "Feature", "properties": { "OBJECTID": 1482, "WADMPR": "Sulawesi Selatan", "WADMKK": "Kab. Luwu Utara", "WADMKC": "Kec. Malangke Barat", "WADMKD": "Desa Limbong Wara", "POKTAN": "Taro Ada Taro Gau", "K_POKTAN": "Markus Limin", "P_SID": "Universitas Negeri Makassar", "NO_HP_1": "085150991731", "NAMA_PEMIL": "Pemerintah Desa", "N_PETAK": "LA263", "LUAS_HA": 0.09203686399, "PAKET": "Paket Sulawesi Selatan 16" }, "geometry": { "type": "MultiPolygon", "coordinates": [ [ [ [ 120.264392654597373, -2.787700886686537, 0.0 ], [ 120.263949878783933, -2.787795306508144, 0.0 ], [ 120.263903658127333, -2.787666370706404, 0.0 ], [ 120.264327382702618, -2.787515783726406, 0.0 ], [ 120.264392654597373, -2.787700886686537, 0.0 ] ] ] ] } },
{ "type": "Feature", "properties": { "OBJECTID": 1483, "WADMPR": "Sulawesi Selatan", "WADMKK": "Kab. Luwu Utara", "WADMKC": "Kec. Malangke Barat", "WADMKD": "Desa Limbong Wara", "POKTAN": "Taro Ada Taro Gau", "K_POKTAN": "Markus Limin", "P_SID": "Universitas Negeri Makassar", "NO_HP_1": "085150991731", "NAMA_PEMIL": "Pemerintah Desa", "N_PETAK": "LA264", "LUAS_HA": 0.24999893929, "PAKET": "Paket Sulawesi Selatan 16" }, "geometry": { "type": "MultiPolygon", "coordinates": [ [ [ [ 120.26532623631681, -2.787640677974878, 0.0 ], [ 120.265174830953697, -2.787214609766409, 0.0 ], [ 120.265598555528982, -2.787064021887034, 0.0 ], [ 120.265749960892094, -2.787490090994879, 0.0 ], [ 120.26532623631681, -2.787640677974878, 0.0 ] ] ] ] } },
{ "type": "Feature", "properties": { "OBJECTID": 1484, "WADMPR": "Sulawesi Selatan", "WADMKK": "Kab. Luwu Utara", "WADMKC": "Kec. Malangke Barat", "WADMKD": "Desa Limbong Wara", "POKTAN": "Taro Ada Taro Gau", "K_POKTAN": "Markus Limin", "P_SID": "Universitas Negeri Makassar", "NO_HP_1": "085150991731", "NAMA_PEMIL": "Pemerintah Desa", "N_PETAK": "LA265", "LUAS_HA": 0.24999839117, "PAKET": "Paket Sulawesi Selatan 16" }, "geometry": { "type": "MultiPolygon", "coordinates": [ [ [ [ 120.26532623631681, -2.787640677974878, 0.0 ], [ 120.264902511741639, -2.787791264954876, 0.0 ], [ 120.264838757902453, -2.78761185380398, 0.0 ], [ 120.264751106378526, -2.787365196746407, 0.0 ], [ 120.265174830953697, -2.787214609766409, 0.0 ], [ 120.26532623631681, -2.787640677974878, 0.0 ] ] ] ] } },
{ "type": "Feature", "properties": { "OBJECTID": 1485, "WADMPR": "Sulawesi Selatan", "WADMKK": "Kab. Luwu Utara", "WADMKC": "Kec. Malangke Barat", "WADMKD": "Desa Limbong Wara", "POKTAN": "Taro Ada Taro Gau", "K_POKTAN": "Markus Limin", "P_SID": "Universitas Negeri Makassar", "NO_HP_1": "085150991731", "NAMA_PEMIL": "Pemerintah Desa", "N_PETAK": "LA266", "LUAS_HA": 0.2499984948, "PAKET": "Paket Sulawesi Selatan 16" }, "geometry": { "type": "MultiPolygon", "coordinates": [ [ [ [ 120.264751106378526, -2.787365196746407, 0.0 ], [ 120.264327382702618, -2.787515783726406, 0.0 ], [ 120.264175976440242, -2.787089715517936, 0.0 ], [ 120.264599701015413, -2.786939128537881, 0.0 ], [ 120.264751106378526, -2.787365196746407, 0.0 ] ] ] ] } },
{ "type": "Feature", "properties": { "OBJECTID": 1486, "WADMPR": "Sulawesi Selatan", "WADMKK": "Kab. Luwu Utara", "WADMKC": "Kec. Malangke Barat", "WADMKD": "Desa Limbong Wara", "POKTAN": "Taro Ada Taro Gau", "K_POKTAN": "Markus Limin", "P_SID": "Universitas Negeri Makassar", "NO_HP_1": "085150991731", "NAMA_PEMIL": "Pemerintah Desa", "N_PETAK": "LA267", "LUAS_HA": 0.24999846367, "PAKET": "Paket Sulawesi Selatan 16" }, "geometry": { "type": "MultiPolygon", "coordinates": [ [ [ [ 120.264327382702618, -2.787515783726406, 0.0 ], [ 120.263903658127333, -2.787666370706404, 0.0 ], [ 120.263752252764334, -2.787240302497935, 0.0 ], [ 120.264175976440242, -2.787089715517936, 0.0 ], [ 120.264327382702618, -2.787515783726406, 0.0 ] ] ] ] } },
{ "type": "Feature", "properties": { "OBJECTID": 1487, "WADMPR": "Sulawesi Selatan", "WADMKK": "Kab. Luwu Utara", "WADMKC": "Kec. Malangke Barat", "WADMKD": "Desa Limbong Wara", "POKTAN": "Taro Ada Taro Gau", "K_POKTAN": "Markus Limin", "P_SID": "Universitas Negeri Makassar", "NO_HP_1": "085150991731", "NAMA_PEMIL": "Pemerintah Desa", "N_PETAK": "LA268", "LUAS_HA": 0.24999902735000001, "PAKET": "Paket Sulawesi Selatan 16" }, "geometry": { "type": "MultiPolygon", "coordinates": [ [ [ [ 120.265598555528982, -2.787064021887034, 0.0 ], [ 120.265174830953697, -2.787214609766409, 0.0 ], [ 120.265023425590698, -2.786788540658563, 0.0 ], [ 120.265447150165869, -2.786637953678564, 0.0 ], [ 120.265598555528982, -2.787064021887034, 0.0 ] ] ] ] } },
{ "type": "Feature", "properties": { "OBJECTID": 1488, "WADMPR": "Sulawesi Selatan", "WADMKK": "Kab. Luwu Utara", "WADMKC": "Kec. Malangke Barat", "WADMKD": "Desa Limbong Wara", "POKTAN": "Taro Ada Taro Gau", "K_POKTAN": "Markus Limin", "P_SID": "Universitas Negeri Makassar", "NO_HP_1": "085150991731", "NAMA_PEMIL": "Pemerintah Desa", "N_PETAK": "LA269", "LUAS_HA": 0.24999899622, "PAKET": "Paket Sulawesi Selatan 16" }, "geometry": { "type": "MultiPolygon", "coordinates": [ [ [ [ 120.265174830953697, -2.787214609766409, 0.0 ], [ 120.264751106378526, -2.787365196746407, 0.0 ], [ 120.264599701015413, -2.786939128537881, 0.0 ], [ 120.265023425590698, -2.786788540658563, 0.0 ], [ 120.265174830953697, -2.787214609766409, 0.0 ] ] ] ] } },
{ "type": "Feature", "properties": { "OBJECTID": 1489, "WADMPR": "Sulawesi Selatan", "WADMKK": "Kab. Luwu Utara", "WADMKC": "Kec. Malangke Barat", "WADMKD": "Desa Limbong Wara", "POKTAN": "Taro Ada Taro Gau", "K_POKTAN": "Markus Limin", "P_SID": "Universitas Negeri Makassar", "NO_HP_1": "085150991731", "NAMA_PEMIL": "Pemerintah Desa", "N_PETAK": "LA270", "LUAS_HA": 0.24999875712, "PAKET": "Paket Sulawesi Selatan 16" }, "geometry": { "type": "MultiPolygon", "coordinates": [ [ [ [ 120.265639740881397, -2.788521527946102, 0.0 ], [ 120.265488335518285, -2.788095458838313, 0.0 ], [ 120.265912060093569, -2.787944871858315, 0.0 ], [ 120.266063465456682, -2.788370940066784, 0.0 ], [ 120.265639740881397, -2.788521527946102, 0.0 ] ] ] ] } },
{ "type": "Feature", "properties": { "OBJECTID": 1490, "WADMPR": "Sulawesi Selatan", "WADMKK": "Kab. Luwu Utara", "WADMKC": "Kec. Malangke Barat", "WADMKD": "Desa Limbong Wara", "POKTAN": "Taro Ada Taro Gau", "K_POKTAN": "Markus Limin", "P_SID": "Universitas Negeri Makassar", "NO_HP_1": "085150991731", "NAMA_PEMIL": "Pemerintah Desa", "N_PETAK": "LA271", "LUAS_HA": 0.24999857363, "PAKET": "Paket Sulawesi Selatan 16" }, "geometry": { "type": "MultiPolygon", "coordinates": [ [ [ [ 120.265639740881397, -2.788521527946102, 0.0 ], [ 120.265216017205489, -2.788672114926101, 0.0 ], [ 120.265064610943114, -2.788246046717632, 0.0 ], [ 120.265488335518285, -2.788095458838313, 0.0 ], [ 120.265639740881397, -2.788521527946102, 0.0 ] ] ] ] } },
{ "type": "Feature", "properties": { "OBJECTID": 1491, "WADMPR": "Sulawesi Selatan", "WADMKK": "Kab. Luwu Utara", "WADMKC": "Kec. Malangke Barat", "WADMKD": "Desa Limbong Wara", "POKTAN": "Taro Ada Taro Gau", "K_POKTAN": "Markus Limin", "P_SID": "Universitas Negeri Makassar", "NO_HP_1": "085150991731", "NAMA_PEMIL": "Pemerintah Desa", "N_PETAK": "LA272", "LUAS_HA": 0.2494391874, "PAKET": "Paket Sulawesi Selatan 16" }, "geometry": { "type": "MultiPolygon", "coordinates": [ [ [ [ 120.266226320088663, -2.788826102242751, 0.0 ], [ 120.265802744800908, -2.788977075931257, 0.0 ], [ 120.26565159844256, -2.788551763153293, 0.0 ], [ 120.266075323017844, -2.788401176173295, 0.0 ], [ 120.266226320088663, -2.788826102242751, 0.0 ] ] ] ] } },
{ "type": "Feature", "properties": { "OBJECTID": 1492, "WADMPR": "Sulawesi Selatan", "WADMKK": "Kab. Luwu Utara", "WADMKC": "Kec. Malangke Barat", "WADMKD": "Desa Limbong Wara", "POKTAN": "Taro Ada Taro Gau", "K_POKTAN": "Markus Limin", "P_SID": "Universitas Negeri Makassar", "NO_HP_1": "085150991731", "NAMA_PEMIL": "Pemerintah Desa", "N_PETAK": "LA273", "LUAS_HA": 0.24967113465, "PAKET": "Paket Sulawesi Selatan 16" }, "geometry": { "type": "MultiPolygon", "coordinates": [ [ [ [ 120.265802744800908, -2.788977075931257, 0.0 ], [ 120.265591360952612, -2.789052410340446, 0.0 ], [ 120.265379143432824, -2.789128048720443, 0.0 ], [ 120.265227874766651, -2.788702350133292, 0.0 ], [ 120.26565159844256, -2.788551763153293, 0.0 ], [ 120.265802744800908, -2.788977075931257, 0.0 ] ] ] ] } },
{ "type": "Feature", "properties": { "OBJECTID": 1493, "WADMPR": "Sulawesi Selatan", "WADMKK": "Kab. Luwu Utara", "WADMKC": "Kec. Malangke Barat", "WADMKD": "Desa Limbong Wara", "POKTAN": "Taro Ada Taro Gau", "K_POKTAN": "Markus Limin", "P_SID": "Universitas Negeri Makassar", "NO_HP_1": "085150991731", "NAMA_PEMIL": "Pemerintah Desa", "N_PETAK": "LA274", "LUAS_HA": 0.24965540925, "PAKET": "Paket Sulawesi Selatan 16" }, "geometry": { "type": "MultiPolygon", "coordinates": [ [ [ [ 120.265379143432824, -2.789128048720443, 0.0 ], [ 120.264955965645413, -2.789278876718754, 0.0 ], [ 120.264804293183602, -2.78885333821097, 0.0 ], [ 120.265227874766651, -2.788702350133292, 0.0 ], [ 120.265379143432824, -2.789128048720443, 0.0 ] ] ] ] } },
{ "type": "Feature", "properties": { "OBJECTID": 1494, "WADMPR": "Sulawesi Selatan", "WADMKK": "Kab. Luwu Utara", "WADMKC": "Kec. Malangke Barat", "WADMKD": "Desa Limbong Wara", "POKTAN": "Taro Ada Taro Gau", "K_POKTAN": "Markus Limin", "P_SID": "Universitas Negeri Makassar", "NO_HP_1": "085150991731", "NAMA_PEMIL": "Pemerintah Desa", "N_PETAK": "LA275", "LUAS_HA": 0.57390821497, "PAKET": "Paket Sulawesi Selatan 16" }, "geometry": { "type": "MultiPolygon", "coordinates": [ [ [ [ 120.260326021029073, -2.81243892941302, 0.0 ], [ 120.259267045937463, -2.812816367681194, 0.0 ], [ 120.259243456720242, -2.812750050774184, 0.0 ], [ 120.259600753771792, -2.812320985125325, 0.0 ], [ 120.259643898746958, -2.812269175182223, 0.0 ], [ 120.259685263963775, -2.812219499330411, 0.0 ], [ 120.259703650603001, -2.812195867844991, 0.0 ], [ 120.259724549048769, -2.812164400566587, 0.0 ], [ 120.25982006424465, -2.812006656781762, 0.0 ], [ 120.259839503989951, -2.81198278337871, 0.0 ], [ 120.259932167435636, -2.811868021791724, 0.0 ], [ 120.259938850297772, -2.811860089771301, 0.0 ], [ 120.259953997579032, -2.811843139349378, 0.0 ], [ 120.260010934557044, -2.811783212125476, 0.0 ], [ 120.260083244546195, -2.811757399784142, 0.0 ], [ 120.260326021029073, -2.81243892941302, 0.0 ] ] ] ] } },
{ "type": "Feature", "properties": { "OBJECTID": 1495, "WADMPR": "Sulawesi Selatan", "WADMKK": "Kab. Luwu Utara", "WADMKC": "Kec. Malangke Barat", "WADMKD": "Desa Limbong Wara", "POKTAN": "Taro Ada Taro Gau", "K_POKTAN": "Markus Limin", "P_SID": "Universitas Negeri Makassar", "NO_HP_1": "085150991731", "NAMA_PEMIL": "Pemerintah Desa", "N_PETAK": "LA276", "LUAS_HA": 0.54279356356999997, "PAKET": "Paket Sulawesi Selatan 16" }, "geometry": { "type": "MultiPolygon", "coordinates": [ [ [ [ 120.262995991272078, -2.81636885164113, 0.0 ], [ 120.262903611112847, -2.816433096510139, 0.0 ], [ 120.262890851531665, -2.816442305567875, 0.0 ], [ 120.262576662583001, -2.816677543034132, 0.0 ], [ 120.262017818467598, -2.816951275980557, 0.0 ], [ 120.262010967432275, -2.816954004523666, 0.0 ], [ 120.261850768498221, -2.816504255367022, 0.0 ], [ 120.262909748086486, -2.816126816199585, 0.0 ], [ 120.262995991272078, -2.81636885164113, 0.0 ] ] ] ] } },
{ "type": "Feature", "properties": { "OBJECTID": 1496, "WADMPR": "Sulawesi Selatan", "WADMKK": "Kab. Luwu Utara", "WADMKC": "Kec. Malangke Barat", "WADMKD": "Desa Limbong Wara", "POKTAN": "Taro Ada Taro Gau", "K_POKTAN": "Markus Limin", "P_SID": "Universitas Negeri Makassar", "NO_HP_1": "085150991731", "NAMA_PEMIL": "Pemerintah Desa", "N_PETAK": "LA277", "LUAS_HA": 0.12489072448000001, "PAKET": "Paket Sulawesi Selatan 16" }, "geometry": { "type": "MultiPolygon", "coordinates": [ [ [ [ 120.262995991272078, -2.81636885164113, 0.0 ], [ 120.262909748086486, -2.816126816199585, 0.0 ], [ 120.263608245224418, -2.8158774845582, 0.0 ], [ 120.263578957003347, -2.815905022698587, 0.0 ], [ 120.263449754102908, -2.81601864214656, 0.0 ], [ 120.263316878371256, -2.816127895385989, 0.0 ], [ 120.26317688540496, -2.816235415631866, 0.0 ], [ 120.2629975228175, -2.816367785944522, 0.0 ], [ 120.262995991272078, -2.81636885164113, 0.0 ] ] ] ] } },
{ "type": "Feature", "properties": { "OBJECTID": 1497, "WADMPR": "Sulawesi Selatan", "WADMKK": "Kab. Luwu Utara", "WADMKC": "Kec. Malangke Barat", "WADMKD": "Desa Limbong Wara", "POKTAN": "Taro Ada Taro Gau", "K_POKTAN": "Markus Limin", "P_SID": "Universitas Negeri Makassar", "NO_HP_1": "085150991731", "NAMA_PEMIL": "Pemerintah Desa", "N_PETAK": "LA278", "LUAS_HA": 0.54366653997000003, "PAKET": "Paket Sulawesi Selatan 16" }, "geometry": { "type": "MultiPolygon", "coordinates": [ [ [ [ 120.266509795390789, -2.8117721090955, 0.0 ], [ 120.266316577847874, -2.811842306577148, 0.0 ], [ 120.26607380855944, -2.811160776048951, 0.0 ], [ 120.267131157676886, -2.810783922340079, 0.0 ], [ 120.267158542033144, -2.81086042496861, 0.0 ], [ 120.267052416635806, -2.810933148645859, 0.0 ], [ 120.267019235249563, -2.81095821994586, 0.0 ], [ 120.266904253328676, -2.811054105662379, 0.0 ], [ 120.266864269470489, -2.811091818732393, 0.0 ], [ 120.266828197663244, -2.811135454737382, 0.0 ], [ 120.266812100697962, -2.811160372253312, 0.0 ], [ 120.266800859172349, -2.811176435044388, 0.0 ], [ 120.266648679493073, -2.811444232465306, 0.0 ], [ 120.266645040836011, -2.811450723771827, 0.0 ], [ 120.266622344645498, -2.811498394135526, 0.0 ], [ 120.266509795390789, -2.8117721090955, 0.0 ] ] ] ] } },
{ "type": "Feature", "properties": { "OBJECTID": 1498, "WADMPR": "Sulawesi Selatan", "WADMKK": "Kab. Luwu Utara", "WADMKC": "Kec. Malangke Barat", "WADMKD": "Desa Limbong Wara", "POKTAN": "Taro Ada Taro Gau", "K_POKTAN": "Markus Limin", "P_SID": "Universitas Negeri Makassar", "NO_HP_1": "085150991731", "NAMA_PEMIL": "Pemerintah Desa", "N_PETAK": "LA279", "LUAS_HA": 0.71265782113999998, "PAKET": "Paket Sulawesi Selatan 16" }, "geometry": { "type": "MultiPolygon", "coordinates": [ [ [ [ 120.269143688430518, -2.802375959083179, 0.0 ], [ 120.270144799343029, -2.802019145866836, 0.0 ], [ 120.27016339822228, -2.802158719749059, 0.0 ], [ 120.270166330911479, -2.802180720763602, 0.0 ], [ 120.270116124459605, -2.802482691522926, 0.0 ], [ 120.270107623168315, -2.802490172983028, 0.0 ], [ 120.269908046519163, -2.802670285605132, 0.0 ], [ 120.2699004652344, -2.802677286827304, 0.0 ], [ 120.269705043453087, -2.802861948220311, 0.0 ], [ 120.269697624945479, -2.80286912121295, 0.0 ], [ 120.269575356717382, -2.80299007822947, 0.0 ], [ 120.269386462215493, -2.803057489611433, 0.0 ], [ 120.269143688430518, -2.802375959083179, 0.0 ] ] ] ] } },
{ "type": "Feature", "properties": { "OBJECTID": 1499, "WADMPR": "Sulawesi Selatan", "WADMKK": "Kab. Luwu Utara", "WADMKC": "Kec. Malangke Barat", "WADMKD": "Desa Limbong Wara", "POKTAN": "Taro Ada Taro Gau", "K_POKTAN": "Markus Limin", "P_SID": "Universitas Negeri Makassar", "NO_HP_1": "085150991731", "NAMA_PEMIL": "Pemerintah Desa", "N_PETAK": "LA280", "LUAS_HA": 0.8245925738, "PAKET": "Paket Sulawesi Selatan 16" }, "geometry": { "type": "MultiPolygon", "coordinates": [ [ [ [ 120.267133674879233, -2.796952110951111, 0.0 ], [ 120.266074695290968, -2.797329551017924, 0.0 ], [ 120.26583191880809, -2.796648020489727, 0.0 ], [ 120.266110618710172, -2.796548871133439, 0.0 ], [ 120.26612767705069, -2.796592541312691, 0.0 ], [ 120.266152805907382, -2.796656871617301, 0.0 ], [ 120.266177934763959, -2.796721201022535, 0.0 ], [ 120.266944762390949, -2.796421663828653, 0.0 ], [ 120.267133674879233, -2.796952110951111, 0.0 ] ] ] ] } },
{ "type": "Feature", "properties": { "OBJECTID": 1500, "WADMPR": "Sulawesi Selatan", "WADMKK": "Kab. Luwu Utara", "WADMKC": "Kec. Malangke Barat", "WADMKD": "Desa Limbong Wara", "POKTAN": "Taro Ada Taro Gau", "K_POKTAN": "Markus Limin", "P_SID": "Universitas Negeri Makassar", "NO_HP_1": "085150991731", "NAMA_PEMIL": "Pemerintah Desa", "N_PETAK": "LA281", "LUAS_HA": 0.13375347951, "PAKET": "Paket Sulawesi Selatan 16" }, "geometry": { "type": "MultiPolygon", "coordinates": [ [ [ [ 120.26379519359341, -2.81504584908663, 0.0 ], [ 120.264236331741358, -2.814890108091959, 0.0 ], [ 120.264246907768666, -2.814962153680426, 0.0 ], [ 120.264290505102736, -2.815002588098935, 0.0 ], [ 120.264160506302346, -2.815154965629119, 0.0 ], [ 120.263952521891383, -2.815269708330334, 0.0 ], [ 120.263923555627684, -2.815405039211157, 0.0 ], [ 120.26379519359341, -2.81504584908663, 0.0 ] ] ] ] } },
{ "type": "Feature", "properties": { "OBJECTID": 1501, "WADMPR": "Sulawesi Selatan", "WADMKK": "Kab. Luwu Utara", "WADMKC": "Kec. Malangke Barat", "WADMKD": "Desa Limbong Wara", "POKTAN": "Taro Ada Taro Gau", "K_POKTAN": "Markus Limin", "P_SID": "Universitas Negeri Makassar", "NO_HP_1": "085150991731", "NAMA_PEMIL": "Pemerintah Desa", "N_PETAK": "LA282", "LUAS_HA": 0.15042163888000001, "PAKET": "Paket Sulawesi Selatan 16" }, "geometry": { "type": "MultiPolygon", "coordinates": [ [ [ [ 120.26550037833988, -2.81290127537352, 0.0 ], [ 120.266012388461036, -2.812718785843231, 0.0 ], [ 120.26566153505189, -2.813309995659722, 0.0 ], [ 120.265651625422265, -2.813322195862611, 0.0 ], [ 120.26550037833988, -2.81290127537352, 0.0 ] ] ] ] } },
{ "type": "Feature", "properties": { "OBJECTID": 1502, "WADMPR": "Sulawesi Selatan", "WADMKK": "Kab. Luwu Utara", "WADMKC": "Kec. Malangke Barat", "WADMKD": "Desa Limbong Wara", "POKTAN": "Taro Ada Taro Gau", "K_POKTAN": "Markus Limin", "P_SID": "Universitas Negeri Makassar", "NO_HP_1": "085150991731", "NAMA_PEMIL": "Pemerintah Desa", "N_PETAK": "LA283", "LUAS_HA": 0.02848809745, "PAKET": "Paket Sulawesi Selatan 16" }, "geometry": { "type": "MultiPolygon", "coordinates": [ [ [ [ 120.266388293385148, -2.812043626112427, 0.0 ], [ 120.266316577847874, -2.811842306577148, 0.0 ], [ 120.266509795390789, -2.8117721090955, 0.0 ], [ 120.266436164297602, -2.811956481806135, 0.0 ], [ 120.266388293385148, -2.812043626112427, 0.0 ] ] ] ] } },
{ "type": "Feature", "properties": { "OBJECTID": 1503, "WADMPR": "Sulawesi Selatan", "WADMKK": "Kab. Luwu Utara", "WADMKC": "Kec. Malangke Barat", "WADMKD": "Desa Limbong Wara", "POKTAN": "Taro Ada Taro Gau", "K_POKTAN": "Markus Limin", "P_SID": "Universitas Negeri Makassar", "NO_HP_1": "085150991731", "NAMA_PEMIL": "Pemerintah Desa", "N_PETAK": "LA284", "LUAS_HA": 0.25438035477999998, "PAKET": "Paket Sulawesi Selatan 16" }, "geometry": { "type": "MultiPolygon", "coordinates": [ [ [ [ 120.267241439740701, -2.801522059095703, 0.0 ], [ 120.266472362009949, -2.801796170656701, 0.0 ], [ 120.266336141699639, -2.801417092025133, 0.0 ], [ 120.266401960382268, -2.801425319922544, 0.0 ], [ 120.266433849442706, -2.801429305717818, 0.0 ], [ 120.266460021512898, -2.801431797739212, 0.0 ], [ 120.266516451273219, -2.801431930838874, 0.0 ], [ 120.266572454755078, -2.801424951200488, 0.0 ], [ 120.266627144327344, -2.801410967641971, 0.0 ], [ 120.266679661137459, -2.801390203195297, 0.0 ], [ 120.26672917421206, -2.80136298251557, 0.0 ], [ 120.266758066731427, -2.801343014868166, 0.0 ], [ 120.266801794467256, -2.801352988349663, 0.0 ], [ 120.26688621832443, -2.801393634108877, 0.0 ], [ 120.266939533732511, -2.801415074845806, 0.0 ], [ 120.266953235803271, -2.801419344826854, 0.0 ], [ 120.267081399986637, -2.801457039910417, 0.0 ], [ 120.267140111327194, -2.801484851444684, 0.0 ], [ 120.267190215256278, -2.801504984567316, 0.0 ], [ 120.267241439740701, -2.801522059095703, 0.0 ] ] ] ] } },
{ "type": "Feature", "properties": { "OBJECTID": 1504, "WADMPR": "Sulawesi Selatan", "WADMKK": "Kab. Luwu Utara", "WADMKC": "Kec. Malangke Barat", "WADMKD": "Desa Limbong Wara", "POKTAN": "Taro Ada Taro Gau", "K_POKTAN": "Markus Limin", "P_SID": "Universitas Negeri Makassar", "NO_HP_1": "085150991731", "NAMA_PEMIL": "Pemerintah Desa", "N_PETAK": "LA285", "LUAS_HA": 0.39041524203, "PAKET": "Paket Sulawesi Selatan 16" }, "geometry": { "type": "MultiPolygon", "coordinates": [ [ [ [ 120.268833108461195, -2.801722820152008, 0.0 ], [ 120.267774125275764, -2.802100260218765, 0.0 ], [ 120.26758164427747, -2.801559929547068, 0.0 ], [ 120.267633694339565, -2.801553442737145, 0.0 ], [ 120.267684721872456, -2.801547947879442, 0.0 ], [ 120.267743988094594, -2.801625794994379, 0.0 ], [ 120.267772514589979, -2.801659676952454, 0.0 ], [ 120.267813560547438, -2.801698616697763, 0.0 ], [ 120.267859137289406, -2.801732075075165, 0.0 ], [ 120.267908523559527, -2.80175952777995, 0.0 ], [ 120.267960943242997, -2.801780537741593, 0.0 ], [ 120.268015568064129, -2.801794778506178, 0.0 ], [ 120.268071537371611, -2.801802020746607, 0.0 ], [ 120.268127968031308, -2.801802152946948, 0.0 ], [ 120.268183970613791, -2.801795173308562, 0.0 ], [ 120.268238660186057, -2.801781189750045, 0.0 ], [ 120.268291177895662, -2.801760425303314, 0.0 ], [ 120.268340690970149, -2.801733204623645, 0.0 ], [ 120.268386422395565, -2.801699960284907, 0.0 ], [ 120.268427648217425, -2.801661213893851, 0.0 ], [ 120.26846372002467, -2.801617576989543, 0.0 ], [ 120.268494067647111, -2.801569739351919, 0.0 ], [ 120.268518214444157, -2.801518452814321, 0.0 ], [ 120.268532769971443, -2.8014737637032, 0.0 ], [ 120.268573779056737, -2.801443952076681, 0.0 ], [ 120.268587841755561, -2.801431810329746, 0.0 ], [ 120.268617192029865, -2.80140539634192, 0.0 ], [ 120.268635437475496, -2.801388973822043, 0.0 ], [ 120.26866259430335, -2.801362375473218, 0.0 ], [ 120.268691163966082, -2.801327814526985, 0.0 ], [ 120.268833108461195, -2.801722820152008, 0.0 ] ] ] ] } },
{ "type": "Feature", "properties": { "OBJECTID": 1505, "WADMPR": "Sulawesi Selatan", "WADMKK": "Kab. Luwu Utara", "WADMKC": "Kec. Malangke Barat", "WADMKD": "Desa Limbong Wara", "POKTAN": "Taro Ada Taro Gau", "K_POKTAN": "Markus Limin", "P_SID": "Universitas Negeri Makassar", "NO_HP_1": "085150991731", "NAMA_PEMIL": "Pemerintah Desa", "N_PETAK": "LA286", "LUAS_HA": 0.48439039511999998, "PAKET": "Paket Sulawesi Selatan 16" }, "geometry": { "type": "MultiPolygon", "coordinates": [ [ [ [ 120.268182364424661, -2.810162278566281, 0.0 ], [ 120.26801728486987, -2.809698642977935, 0.0 ], [ 120.268873937682088, -2.80939338069993, 0.0 ], [ 120.269035982025002, -2.809684654023499, 0.0 ], [ 120.269047529320119, -2.80971583801545, 0.0 ], [ 120.268906155894456, -2.809783275477741, 0.0 ], [ 120.268893904430229, -2.809789350398148, 0.0 ], [ 120.268679127439896, -2.809899966110493, 0.0 ], [ 120.268547624972939, -2.809951154622013, 0.0 ], [ 120.268519447414633, -2.80996324690625, 0.0 ], [ 120.268480062504977, -2.809984222693686, 0.0 ], [ 120.268316803177981, -2.810081889967194, 0.0 ], [ 120.268182364424661, -2.810162278566281, 0.0 ] ] ] ] } },
{ "type": "Feature", "properties": { "OBJECTID": 1506, "WADMPR": "Sulawesi Selatan", "WADMKK": "Kab. Luwu Utara", "WADMKC": "Kec. Malangke Barat", "WADMKD": "Desa Limbong Wara", "POKTAN": "Taro Ada Taro Gau", "K_POKTAN": "Markus Limin", "P_SID": "Universitas Negeri Makassar", "NO_HP_1": "085150991731", "NAMA_PEMIL": "Pemerintah Desa", "N_PETAK": "LA287", "LUAS_HA": 0.24345249295, "PAKET": "Paket Sulawesi Selatan 16" }, "geometry": { "type": "MultiPolygon", "coordinates": [ [ [ [ 120.26388882830679, -2.805027005791658, 0.0 ], [ 120.263393697561128, -2.805205111126952, 0.0 ], [ 120.263446207176798, -2.804930825996792, 0.0 ], [ 120.263504976073818, -2.80471778649661, 0.0 ], [ 120.263624056205344, -2.804487069022969, 0.0 ], [ 120.263671267914788, -2.804416252807755, 0.0 ], [ 120.26388882830679, -2.805027005791658, 0.0 ] ] ] ] } },
{ "type": "Feature", "properties": { "OBJECTID": 1507, "WADMPR": "Sulawesi Selatan", "WADMKK": "Kab. Luwu Utara", "WADMKC": "Kec. Malangke Barat", "WADMKD": "Desa Limbong Wara", "POKTAN": "Taro Ada Taro Gau", "K_POKTAN": "Markus Limin", "P_SID": "Universitas Negeri Makassar", "NO_HP_1": "085150991731", "NAMA_PEMIL": "Pemerintah Desa", "N_PETAK": "LA288", "LUAS_HA": 0.18751560243000001, "PAKET": "Paket Sulawesi Selatan 16" }, "geometry": { "type": "MultiPolygon", "coordinates": [ [ [ [ 120.266162568947493, -2.794225992435543, 0.0 ], [ 120.265103592057244, -2.794603430703717, 0.0 ], [ 120.265071147215735, -2.794512191784179, 0.0 ], [ 120.26511144853464, -2.794494609138837, 0.0 ], [ 120.26517827355849, -2.794465454916747, 0.0 ], [ 120.265245096783815, -2.794436299795336, 0.0 ], [ 120.265311920908516, -2.794407144673926, 0.0 ], [ 120.265378744133841, -2.794377989552515, 0.0 ], [ 120.265445568258428, -2.794348834431105, 0.0 ], [ 120.265512392383016, -2.794319679309694, 0.0 ], [ 120.265579215608341, -2.794290524188284, 0.0 ], [ 120.265646040632305, -2.794261370865513, 0.0 ], [ 120.26571286385763, -2.794232215744103, 0.0 ], [ 120.265779687982331, -2.794203060622692, 0.0 ], [ 120.265846511207542, -2.794173906400601, 0.0 ], [ 120.265913335332243, -2.794144750379871, 0.0 ], [ 120.265980159456831, -2.794115595258461, 0.0 ], [ 120.266046982682155, -2.79408644013705, 0.0 ], [ 120.266103707420257, -2.794061692593004, 0.0 ], [ 120.266162568947493, -2.794225992435543, 0.0 ] ] ] ] } },
{ "type": "Feature", "properties": { "OBJECTID": 1508, "WADMPR": "Sulawesi Selatan", "WADMKK": "Kab. Luwu Utara", "WADMKC": "Kec. Malangke Barat", "WADMKD": "Desa Limbong Wara", "POKTAN": "Taro Ada Taro Gau", "K_POKTAN": "Markus Limin", "P_SID": "Universitas Negeri Makassar", "NO_HP_1": "085150991731", "NAMA_PEMIL": "Pemerintah Desa", "N_PETAK": "LA289", "LUAS_HA": 0.43512845472, "PAKET": "Paket Sulawesi Selatan 16" }, "geometry": { "type": "MultiPolygon", "coordinates": [ [ [ [ 120.264800544809304, -2.793753408592863, 0.0 ], [ 120.264671243882844, -2.793391950378179, 0.0 ], [ 120.264688234774326, -2.793387585068956, 0.0 ], [ 120.264759623857572, -2.79336924339583, 0.0 ], [ 120.264831012940931, -2.793350902622024, 0.0 ], [ 120.264902402923667, -2.793332563646857, 0.0 ], [ 120.26497379110765, -2.793314221973731, 0.0 ], [ 120.265045181090272, -2.793295881199924, 0.0 ], [ 120.265116570173632, -2.793277541325438, 0.0 ], [ 120.265187959256991, -2.793259199652312, 0.0 ], [ 120.265259348340351, -2.793240858878505, 0.0 ], [ 120.265330738322973, -2.793222518104699, 0.0 ], [ 120.265402127406333, -2.793204178230212, 0.0 ], [ 120.265473515590315, -2.793185838355726, 0.0 ], [ 120.265544905573051, -2.793167496682599, 0.0 ], [ 120.265616294656297, -2.793149155908793, 0.0 ], [ 120.265687683739657, -2.793130816034306, 0.0 ], [ 120.26575907192364, -2.793112467166566, 0.0 ], [ 120.265765256561394, -2.79311087986315, 0.0 ], [ 120.265847716299163, -2.793342104554426, 0.0 ], [ 120.2658154801004, -2.79335476610953, 0.0 ], [ 120.265747873565601, -2.793381320391575, 0.0 ], [ 120.265680265232163, -2.793407874673619, 0.0 ], [ 120.265612657797988, -2.793434428955663, 0.0 ], [ 120.265545050363812, -2.793460984137084, 0.0 ], [ 120.265477443829013, -2.793487539318448, 0.0 ], [ 120.265409835495575, -2.793514092701173, 0.0 ], [ 120.2653422280614, -2.793540646983217, 0.0 ], [ 120.265274620627338, -2.793567200365942, 0.0 ], [ 120.265207014092539, -2.793593757346002, 0.0 ], [ 120.265139405758987, -2.793620311628047, 0.0 ], [ 120.265071797425549, -2.793646865010771, 0.0 ], [ 120.26500419089075, -2.793673420192135, 0.0 ], [ 120.264936583456574, -2.79369997447418, 0.0 ], [ 120.264868976022512, -2.793726528756224, 0.0 ], [ 120.264801368588337, -2.793753084836965, 0.0 ], [ 120.264800544809304, -2.793753408592863, 0.0 ] ] ] ] } },
{ "type": "Feature", "properties": { "OBJECTID": 1509, "WADMPR": "Sulawesi Selatan", "WADMKK": "Kab. Luwu Utara", "WADMKC": "Kec. Malangke Barat", "WADMKD": "Desa Limbong Wara", "POKTAN": "Taro Ada Taro Gau", "K_POKTAN": "Markus Limin", "P_SID": "Universitas Negeri Makassar", "NO_HP_1": "085150991731", "NAMA_PEMIL": "Pemerintah Desa", "N_PETAK": "LA290", "LUAS_HA": 0.28963086752, "PAKET": "Paket Sulawesi Selatan 16" }, "geometry": { "type": "MultiPolygon", "coordinates": [ [ [ [ 120.264800544809304, -2.793753408592863, 0.0 ], [ 120.264733761154162, -2.793779638219689, 0.0 ], [ 120.2646661537201, -2.793806193401053, 0.0 ], [ 120.264598546285924, -2.793832748582417, 0.0 ], [ 120.264530943348404, -2.793859312757036, 0.0 ], [ 120.26446333411559, -2.793885864341121, 0.0 ], [ 120.264395724882888, -2.793912415025886, 0.0 ], [ 120.264328578800928, -2.793938784047612, 0.0 ], [ 120.264307610208107, -2.793892653323269, 0.0 ], [ 120.264293195874302, -2.793863730226917, 0.0 ], [ 120.264263070384459, -2.793815749597115, 0.0 ], [ 120.264236284976619, -2.793782016027194, 0.0 ], [ 120.264045732124941, -2.793552649335254, 0.0 ], [ 120.264117121208187, -2.793534309460767, 0.0 ], [ 120.264188510291547, -2.793515968686961, 0.0 ], [ 120.264259899374906, -2.793497627913155, 0.0 ], [ 120.264331287558889, -2.793479287139348, 0.0 ], [ 120.264402676642248, -2.793460947264862, 0.0 ], [ 120.264474067524247, -2.793442607390375, 0.0 ], [ 120.264545456607607, -2.793424265717249, 0.0 ], [ 120.264616845690966, -2.793405925842762, 0.0 ], [ 120.264671243882844, -2.793391950378179, 0.0 ], [ 120.264800544809304, -2.793753408592863, 0.0 ] ] ] ] } },
{ "type": "Feature", "properties": { "OBJECTID": 1510, "WADMPR": "Sulawesi Selatan", "WADMKK": "Kab. Luwu Utara", "WADMKC": "Kec. Malangke Barat", "WADMKD": "Desa Limbong Wara", "POKTAN": "Taro Ada Taro Gau", "K_POKTAN": "Markus Limin", "P_SID": "Universitas Negeri Makassar", "NO_HP_1": "085150991731", "NAMA_PEMIL": "Pemerintah Desa", "N_PETAK": "LA291", "LUAS_HA": 0.05554351627, "PAKET": "Paket Sulawesi Selatan 16" }, "geometry": { "type": "MultiPolygon", "coordinates": [ [ [ [ 120.265103592057244, -2.794603430703717, 0.0 ], [ 120.26454554743907, -2.79480232836471, 0.0 ], [ 120.264528821847762, -2.794748805213146, 0.0 ], [ 120.264576857336124, -2.794727848311481, 0.0 ], [ 120.264643682360088, -2.794698692290751, 0.0 ], [ 120.264710505585413, -2.794669538068661, 0.0 ], [ 120.264777329710114, -2.79464038294725, 0.0 ], [ 120.264844152935325, -2.794611228725159, 0.0 ], [ 120.264910977060026, -2.794582073603749, 0.0 ], [ 120.264977801184614, -2.794552918482339, 0.0 ], [ 120.265044624409938, -2.794523763360928, 0.0 ], [ 120.265071147215735, -2.794512191784179, 0.0 ], [ 120.265103592057244, -2.794603430703717, 0.0 ] ] ] ] } },
{ "type": "Feature", "properties": { "OBJECTID": 1511, "WADMPR": "Sulawesi Selatan", "WADMKK": "Kab. Luwu Utara", "WADMKC": "Kec. Malangke Barat", "WADMKD": "Desa Limbong Wara", "POKTAN": "Taro Ada Taro Gau", "K_POKTAN": "Markus Limin", "P_SID": "Universitas Negeri Makassar", "NO_HP_1": "085150991731", "NAMA_PEMIL": "Pemerintah Desa", "N_PETAK": "LA292", "LUAS_HA": 0.66816347504999996, "PAKET": "Paket Sulawesi Selatan 16" }, "geometry": { "type": "MultiPolygon", "coordinates": [ [ [ [ 120.263822601332095, -2.791001930994298, 0.0 ], [ 120.263619716077073, -2.790458016524212, 0.0 ], [ 120.264762879403406, -2.790261938237791, 0.0 ], [ 120.26488191097144, -2.790620609453526, 0.0 ], [ 120.264815541903772, -2.790644501742293, 0.0 ], [ 120.264747394876395, -2.790669031650452, 0.0 ], [ 120.264679248748394, -2.790693563357195, 0.0 ], [ 120.264611102620393, -2.790718092366035, 0.0 ], [ 120.264542956492278, -2.790742623173458, 0.0 ], [ 120.264474810364277, -2.790767153980937, 0.0 ], [ 120.264406664236276, -2.79079168478836, 0.0 ], [ 120.264338517208898, -2.790816215595839, 0.0 ], [ 120.264270371080784, -2.790840746403262, 0.0 ], [ 120.264202224952783, -2.790865277210742, 0.0 ], [ 120.264134077925405, -2.790889808917484, 0.0 ], [ 120.264065933596044, -2.790914339724964, 0.0 ], [ 120.263997787467929, -2.790938870532386, 0.0 ], [ 120.263929639541288, -2.790963400440546, 0.0 ], [ 120.263861493413287, -2.790987931247969, 0.0 ], [ 120.263822601332095, -2.791001930994298, 0.0 ] ] ] ] } },
{ "type": "Feature", "properties": { "OBJECTID": 1512, "WADMPR": "Sulawesi Selatan", "WADMKK": "Kab. Luwu Utara", "WADMKC": "Kec. Malangke Barat", "WADMKD": "Desa Limbong Wara", "POKTAN": "Taro Ada Taro Gau", "K_POKTAN": "Markus Limin", "P_SID": "Universitas Negeri Makassar", "NO_HP_1": "085150991731", "NAMA_PEMIL": "Pemerintah Desa", "N_PETAK": "LA293", "LUAS_HA": 0.20728973653, "PAKET": "Paket Sulawesi Selatan 16" }, "geometry": { "type": "MultiPolygon", "coordinates": [ [ [ [ 120.263822601332095, -2.791001930994298, 0.0 ], [ 120.263793347285173, -2.791012461156129, 0.0 ], [ 120.263725201157172, -2.791036992862871, 0.0 ], [ 120.263657055029171, -2.791061523670351, 0.0 ], [ 120.263588908901056, -2.791086054477773, 0.0 ], [ 120.263536292266167, -2.791104994200055, 0.0 ], [ 120.263534999040985, -2.791100576730173, 0.0 ], [ 120.263532337047764, -2.791092590750395, 0.0 ], [ 120.263472354065925, -2.790912639106978, 0.0 ], [ 120.263463303288859, -2.790879455922095, 0.0 ], [ 120.263429528350116, -2.790755612981116, 0.0 ], [ 120.263423878809022, -2.790689448059538, 0.0 ], [ 120.26342162870526, -2.790655022011606, 0.0 ], [ 120.26341118487835, -2.790599260447436, 0.0 ], [ 120.263393871130347, -2.790545255259303, 0.0 ], [ 120.263372595868645, -2.790499515740009, 0.0 ], [ 120.263435749860037, -2.790488723875455, 0.0 ], [ 120.263619716077073, -2.790458016524212, 0.0 ], [ 120.263822601332095, -2.791001930994298, 0.0 ] ] ] ] } },
{ "type": "Feature", "properties": { "OBJECTID": 1513, "WADMPR": "Sulawesi Selatan", "WADMKK": "Kab. Luwu Utara", "WADMKC": "Kec. Malangke Barat", "WADMKD": "Desa Limbong Wara", "POKTAN": "Taro Ada Taro Gau", "K_POKTAN": "Markus Limin", "P_SID": "Universitas Negeri Makassar", "NO_HP_1": "085150991731", "NAMA_PEMIL": "Pemerintah Desa", "N_PETAK": "LA294", "LUAS_HA": 0.35352219597000001, "PAKET": "Paket Sulawesi Selatan 16" }, "geometry": { "type": "MultiPolygon", "coordinates": [ [ [ [ 120.264631307688774, -2.805531203502198, 0.0 ], [ 120.264131609286437, -2.805708535420536, 0.0 ], [ 120.26388882830679, -2.805027005791658, 0.0 ], [ 120.264400115373064, -2.804847181851926, 0.0 ], [ 120.264370482711684, -2.804961625978194, 0.0 ], [ 120.264346668663848, -2.805037911870102, 0.0 ], [ 120.264343721585533, -2.805073194971897, 0.0 ], [ 120.264341403133358, -2.805145930340359, 0.0 ], [ 120.264323918514037, -2.805272646615322, 0.0 ], [ 120.264415123259369, -2.80547739976214, 0.0 ], [ 120.264480944639899, -2.805509243856477, 0.0 ], [ 120.264631307688774, -2.805531203502198, 0.0 ] ] ] ] } },
{ "type": "Feature", "properties": { "OBJECTID": 1514, "WADMPR": "Sulawesi Selatan", "WADMKK": "Kab. Luwu Utara", "WADMKC": "Kec. Malangke Barat", "WADMKD": "Desa Limbong Wara", "POKTAN": "Taro Ada Taro Gau", "K_POKTAN": "Markus Limin", "P_SID": "Universitas Negeri Makassar", "NO_HP_1": "085150991731", "NAMA_PEMIL": "Pemerintah Desa", "N_PETAK": "LA295", "LUAS_HA": 0.24988901206, "PAKET": "Paket Sulawesi Selatan 16" }, "geometry": { "type": "MultiPolygon", "coordinates": [ [ [ [ 120.264400115373064, -2.804847181851926, 0.0 ], [ 120.26388882830679, -2.805027005791658, 0.0 ], [ 120.263671267914788, -2.804416252807755, 0.0 ], [ 120.26368619306345, -2.804393864185442, 0.0 ], [ 120.263706208374856, -2.804360872556174, 0.0 ], [ 120.263714563976009, -2.804345313385454, 0.0 ], [ 120.263833955272844, -2.804453452364896, 0.0 ], [ 120.263924547579904, -2.804527645534392, 0.0 ], [ 120.264045250088316, -2.804663443163349, 0.0 ], [ 120.264168922158092, -2.804705218470986, 0.0 ], [ 120.264353167165041, -2.804719479020719, 0.0 ], [ 120.264377798696501, -2.804772083964451, 0.0 ], [ 120.264400115373064, -2.804847181851926, 0.0 ] ] ] ] } },
{ "type": "Feature", "properties": { "OBJECTID": 1515, "WADMPR": "Sulawesi Selatan", "WADMKK": "Kab. Luwu Utara", "WADMKC": "Kec. Malangke Barat", "WADMKD": "Desa Limbong Wara", "POKTAN": "Taro Ada Taro Gau", "K_POKTAN": "Markus Limin", "P_SID": "Universitas Negeri Makassar", "NO_HP_1": "085150991731", "NAMA_PEMIL": "Pemerintah Desa", "N_PETAK": "LA296", "LUAS_HA": 0.18786709081, "PAKET": "Paket Sulawesi Selatan 16" }, "geometry": { "type": "MultiPolygon", "coordinates": [ [ [ [ 120.264905141359236, -2.805435339369353, 0.0 ], [ 120.26519058527731, -2.805331096253042, 0.0 ], [ 120.265433358163023, -2.806012626781239, 0.0 ], [ 120.265335063162752, -2.806053426324524, 0.0 ], [ 120.265249999887601, -2.805967492505715, 0.0 ], [ 120.265148555461565, -2.805828973528264, 0.0 ], [ 120.265082867180581, -2.805690539087038, 0.0 ], [ 120.265039092680013, -2.805590874419295, 0.0 ], [ 120.264905141359236, -2.805435339369353, 0.0 ] ] ] ] } },
{ "type": "Feature", "properties": { "OBJECTID": 1516, "WADMPR": "Sulawesi Selatan", "WADMKK": "Kab. Luwu Utara", "WADMKC": "Kec. Malangke Barat", "WADMKD": "Desa Limbong Wara", "POKTAN": "Taro Ada Taro Gau", "K_POKTAN": "Markus Limin", "P_SID": "Universitas Negeri Makassar", "NO_HP_1": "085150991731", "NAMA_PEMIL": "Pemerintah Desa", "N_PETAK": "LA297", "LUAS_HA": 0.34286272431999998, "PAKET": "Paket Sulawesi Selatan 16" }, "geometry": { "type": "MultiPolygon", "coordinates": [ [ [ [ 120.26258834927296, -2.797808542530163, 0.0 ], [ 120.263591902744224, -2.797450858770048, 0.0 ], [ 120.263599590149056, -2.797579343112147, 0.0 ], [ 120.263572547535091, -2.79772694164501, 0.0 ], [ 120.263534021477994, -2.797836800128152, 0.0 ], [ 120.263522824918482, -2.797873672332059, 0.0 ], [ 120.263513847885861, -2.79791721121029, 0.0 ], [ 120.263494148236418, -2.798039302271945, 0.0 ], [ 120.263413855864769, -2.797971702032385, 0.0 ], [ 120.263359329069885, -2.797912459192617, 0.0 ], [ 120.263248034369326, -2.797870714461851, 0.0 ], [ 120.263136682112304, -2.797853859368047, 0.0 ], [ 120.2628972196311, -2.797930042737221, 0.0 ], [ 120.262787838687814, -2.797952602230737, 0.0 ], [ 120.262638290424775, -2.797950177658549, 0.0 ], [ 120.26258834927296, -2.797808542530163, 0.0 ] ] ] ] } },
{ "type": "Feature", "properties": { "OBJECTID": 1517, "WADMPR": "Sulawesi Selatan", "WADMKK": "Kab. Luwu Utara", "WADMKC": "Kec. Malangke Barat", "WADMKD": "Desa Limbong Wara", "POKTAN": "Taro Ada Taro Gau", "K_POKTAN": "Markus Limin", "P_SID": "Universitas Negeri Makassar", "NO_HP_1": "085150991731", "NAMA_PEMIL": "Pemerintah Desa", "N_PETAK": "LA298", "LUAS_HA": 0.33527211514, "PAKET": "Paket Sulawesi Selatan 16" }, "geometry": { "type": "MultiPolygon", "coordinates": [ [ [ [ 120.266958301684326, -2.810076083044748, 0.0 ], [ 120.267292478065428, -2.809958747598102, 0.0 ], [ 120.267358231996923, -2.810125167142701, 0.0 ], [ 120.267339674486493, -2.810204561990872, 0.0 ], [ 120.267413026789768, -2.810263850696117, 0.0 ], [ 120.267603377294108, -2.810442244713784, 0.0 ], [ 120.267567305486864, -2.810485880718772, 0.0 ], [ 120.267536956965046, -2.810533718356396, 0.0 ], [ 120.267512810168114, -2.810585003994674, 0.0 ], [ 120.267498457887541, -2.810628399880727, 0.0 ], [ 120.267440876095634, -2.810654538675976, 0.0 ], [ 120.267435278715197, -2.81065712332753, 0.0 ], [ 120.267385764741334, -2.81068434310788, 0.0 ], [ 120.267201081764597, -2.810757612673626, 0.0 ], [ 120.266958301684326, -2.810076083044748, 0.0 ] ] ] ] } },
{ "type": "Feature", "properties": { "OBJECTID": 1518, "WADMPR": "Sulawesi Selatan", "WADMKK": "Kab. Luwu Utara", "WADMKC": "Kec. Malangke Barat", "WADMKD": "Desa Limbong Wara", "POKTAN": "Taro Ada Taro Gau", "K_POKTAN": "Markus Limin", "P_SID": "Universitas Negeri Makassar", "NO_HP_1": "085150991731", "NAMA_PEMIL": "Pemerintah Desa", "N_PETAK": "LA299", "LUAS_HA": 0.37511908686000001, "PAKET": "Paket Sulawesi Selatan 16" }, "geometry": { "type": "MultiPolygon", "coordinates": [ [ [ [ 120.267292478065428, -2.809958747598102, 0.0 ], [ 120.266958301684326, -2.810076083044748, 0.0 ], [ 120.26671552789935, -2.809394553415871, 0.0 ], [ 120.267135445644385, -2.809244591464676, 0.0 ], [ 120.267233449264381, -2.809467894927366, 0.0 ], [ 120.267252584139555, -2.809535139035404, 0.0 ], [ 120.267258457611774, -2.809675784909473, 0.0 ], [ 120.267252710943922, -2.809776916371561, 0.0 ], [ 120.267263524392206, -2.809867002360249, 0.0 ], [ 120.267292478065428, -2.809958747598102, 0.0 ] ] ] ] } },
{ "type": "Feature", "properties": { "OBJECTID": 1519, "WADMPR": "Sulawesi Selatan", "WADMKK": "Kab. Luwu Utara", "WADMKC": "Kec. Malangke Barat", "WADMKD": "Desa Limbong Wara", "POKTAN": "Taro Ada Taro Gau", "K_POKTAN": "Markus Limin", "P_SID": "Universitas Negeri Makassar", "NO_HP_1": "085150991731", "NAMA_PEMIL": "Pemerintah Desa", "N_PETAK": "LA300", "LUAS_HA": 0.22925539191, "PAKET": "Paket Sulawesi Selatan 16" }, "geometry": { "type": "MultiPolygon", "coordinates": [ [ [ [ 120.266229974933481, -2.808031493258738, 0.0 ], [ 120.266481886729707, -2.807941335324301, 0.0 ], [ 120.266516073558023, -2.808053644460074, 0.0 ], [ 120.266566796220786, -2.808165993166028, 0.0 ], [ 120.266588521143376, -2.808304598478401, 0.0 ], [ 120.266714543141688, -2.808626341732236, 0.0 ], [ 120.26647274781908, -2.808713023786993, 0.0 ], [ 120.266229974933481, -2.808031493258738, 0.0 ] ] ] ] } },
{ "type": "Feature", "properties": { "OBJECTID": 1520, "WADMPR": "Sulawesi Selatan", "WADMKK": "Kab. Luwu Utara", "WADMKC": "Kec. Malangke Barat", "WADMKD": "Desa Limbong Wara", "POKTAN": "Taro Ada Taro Gau", "K_POKTAN": "Markus Limin", "P_SID": "Universitas Negeri Makassar", "NO_HP_1": "085150991731", "NAMA_PEMIL": "Pemerintah Desa", "N_PETAK": "LA301", "LUAS_HA": 0.21542688711, "PAKET": "Paket Sulawesi Selatan 16" }, "geometry": { "type": "MultiPolygon", "coordinates": [ [ [ [ 120.266481886729707, -2.807941335324301, 0.0 ], [ 120.266229974933481, -2.808031493258738, 0.0 ], [ 120.265987202047768, -2.807349962730541, 0.0 ], [ 120.26622026675193, -2.807267345611479, 0.0 ], [ 120.266327940781935, -2.807628186891293, 0.0 ], [ 120.266481886729707, -2.807941335324301, 0.0 ] ] ] ] } },
{ "type": "Feature", "properties": { "OBJECTID": 1521, "WADMPR": "Sulawesi Selatan", "WADMKK": "Kab. Luwu Utara", "WADMKC": "Kec. Malangke Barat", "WADMKD": "Desa Limbong Wara", "POKTAN": "Taro Ada Taro Gau", "K_POKTAN": "Markus Limin", "P_SID": "Universitas Negeri Makassar", "NO_HP_1": "085150991731", "NAMA_PEMIL": "Pemerintah Desa", "N_PETAK": "LA302", "LUAS_HA": 0.6460909798, "PAKET": "Paket Sulawesi Selatan 16" }, "geometry": { "type": "MultiPolygon", "coordinates": [ [ [ [ 120.267046185233312, -2.806972522663727, 0.0 ], [ 120.266363681638609, -2.80722057456984, 0.0 ], [ 120.266122758658412, -2.806534510559175, 0.0 ], [ 120.266803411448336, -2.80629099303485, 0.0 ], [ 120.267046185233312, -2.806972522663727, 0.0 ] ] ] ] } },
{ "type": "Feature", "properties": { "OBJECTID": 1522, "WADMPR": "Sulawesi Selatan", "WADMKK": "Kab. Luwu Utara", "WADMKC": "Kec. Malangke Barat", "WADMKD": "Desa Limbong Wara", "POKTAN": "Taro Ada Taro Gau", "K_POKTAN": "Markus Limin", "P_SID": "Universitas Negeri Makassar", "NO_HP_1": "085150991731", "NAMA_PEMIL": "Pemerintah Desa", "N_PETAK": "LA303", "LUAS_HA": 0.21032512002000001, "PAKET": "Paket Sulawesi Selatan 16" }, "geometry": { "type": "MultiPolygon", "coordinates": [ [ [ [ 120.265986077895263, -2.806592127424722, 0.0 ], [ 120.265744428262792, -2.806668433101663, 0.0 ], [ 120.265501648182635, -2.805986903472785, 0.0 ], [ 120.265724536158473, -2.805903844786542, 0.0 ], [ 120.265831258705703, -2.806229351703166, 0.0 ], [ 120.265939598233899, -2.806512490658861, 0.0 ], [ 120.265986077895263, -2.806592127424722, 0.0 ] ] ] ] } },
{ "type": "Feature", "properties": { "OBJECTID": 1523, "WADMPR": "Sulawesi Selatan", "WADMKK": "Kab. Luwu Utara", "WADMKC": "Kec. Malangke Barat", "WADMKD": "Desa Limbong Wara", "POKTAN": "Taro Ada Taro Gau", "K_POKTAN": "Markus Limin", "P_SID": "Universitas Negeri Makassar", "NO_HP_1": "085150991731", "NAMA_PEMIL": "Pemerintah Desa", "N_PETAK": "LA304", "LUAS_HA": 0.60498457792000004, "PAKET": "Paket Sulawesi Selatan 16" }, "geometry": { "type": "MultiPolygon", "coordinates": [ [ [ [ 120.266560631368066, -2.805609463405972, 0.0 ], [ 120.265798759005634, -2.805872844256328, 0.0 ], [ 120.265876531476806, -2.805648395956666, 0.0 ], [ 120.265910033021669, -2.805462811859229, 0.0 ], [ 120.265900491214779, -2.805418451899982, 0.0 ], [ 120.265830364779617, -2.805354552370659, 0.0 ], [ 120.265697459370358, -2.805325836118413, 0.0 ], [ 120.265580454874112, -2.805274295971913, 0.0 ], [ 120.265526866971413, -2.805209050157487, 0.0 ], [ 120.266317858482466, -2.804927932877774, 0.0 ], [ 120.266560631368066, -2.805609463405972, 0.0 ] ] ] ] } },
{ "type": "Feature", "properties": { "OBJECTID": 1524, "WADMPR": "Sulawesi Selatan", "WADMKK": "Kab. Luwu Utara", "WADMKC": "Kec. Malangke Barat", "WADMKD": "Desa Limbong Wara", "POKTAN": "Taro Ada Taro Gau", "K_POKTAN": "Markus Limin", "P_SID": "Universitas Negeri Makassar", "NO_HP_1": "085150991731", "NAMA_PEMIL": "Pemerintah Desa", "N_PETAK": "LA305", "LUAS_HA": 0.60553112206000004, "PAKET": "Paket Sulawesi Selatan 16" }, "geometry": { "type": "MultiPolygon", "coordinates": [ [ [ [ 120.266317858482466, -2.804927932877774, 0.0 ], [ 120.265526866971413, -2.805209050157487, 0.0 ], [ 120.265422613063151, -2.804969799016988, 0.0 ], [ 120.265555262165662, -2.804812158654158, 0.0 ], [ 120.265613424919707, -2.804687596255519, 0.0 ], [ 120.265594333211993, -2.804601648047594, 0.0 ], [ 120.265634595859979, -2.804471501758371, 0.0 ], [ 120.265644297746235, -2.804447277619715, 0.0 ], [ 120.265695908939165, -2.804473723983108, 0.0 ], [ 120.26572072842896, -2.804466854062014, 0.0 ], [ 120.265748420353361, -2.804409419758883, 0.0 ], [ 120.265778145644958, -2.804366537385761, 0.0 ], [ 120.26579300334447, -2.80434717498207, 0.0 ], [ 120.266075083798114, -2.80424640324884, 0.0 ], [ 120.266317858482466, -2.804927932877774, 0.0 ] ] ] ] } },
{ "type": "Feature", "properties": { "OBJECTID": 1525, "WADMPR": "Sulawesi Selatan", "WADMKK": "Kab. Luwu Utara", "WADMKC": "Kec. Malangke Barat", "WADMKD": "Desa Limbong Wara", "POKTAN": "Taro Ada Taro Gau", "K_POKTAN": "Markus Limin", "P_SID": "Universitas Negeri Makassar", "NO_HP_1": "085150991731", "NAMA_PEMIL": "Pemerintah Desa", "N_PETAK": "LA306", "LUAS_HA": 0.16093830694, "PAKET": "Paket Sulawesi Selatan 16" }, "geometry": { "type": "MultiPolygon", "coordinates": [ [ [ [ 120.266075083798114, -2.80424640324884, 0.0 ], [ 120.26579300334447, -2.80434717498207, 0.0 ], [ 120.265815317323131, -2.80423149338867, 0.0 ], [ 120.265821305908617, -2.804157422526998, 0.0 ], [ 120.265782772656848, -2.804052054358749, 0.0 ], [ 120.265763646774985, -2.803938932235894, 0.0 ], [ 120.26576810021777, -2.803691343480693, 0.0 ], [ 120.2657697963391, -2.803587044606388, 0.0 ], [ 120.265832311811778, -2.803564872720642, 0.0 ], [ 120.266075083798114, -2.80424640324884, 0.0 ] ] ] ] } },
{ "type": "Feature", "properties": { "OBJECTID": 1526, "WADMPR": "Sulawesi Selatan", "WADMKK": "Kab. Luwu Utara", "WADMKC": "Kec. Malangke Barat", "WADMKD": "Desa Limbong Wara", "POKTAN": "Taro Ada Taro Gau", "K_POKTAN": "Markus Limin", "P_SID": "Universitas Negeri Makassar", "NO_HP_1": "085150991731", "NAMA_PEMIL": "Pemerintah Desa", "N_PETAK": "LA307", "LUAS_HA": 0.62652444504000004, "PAKET": "Paket Sulawesi Selatan 16" }, "geometry": { "type": "MultiPolygon", "coordinates": [ [ [ [ 120.265266894551587, -2.80223064932494, 0.0 ], [ 120.264287768465806, -2.80257925442902, 0.0 ], [ 120.264044995580093, -2.801897723900765, 0.0 ], [ 120.264545844215377, -2.801719136528902, 0.0 ], [ 120.264563099507541, -2.801803009101548, 0.0 ], [ 120.264576386990711, -2.801925865486282, 0.0 ], [ 120.264682835244685, -2.80200799787076, 0.0 ], [ 120.264785446091537, -2.802072575488921, 0.0 ], [ 120.264897946782867, -2.802053344386309, 0.0 ], [ 120.265004563210141, -2.802063342149495, 0.0 ], [ 120.265169228177456, -2.80212416689676, 0.0 ], [ 120.265266894551587, -2.80223064932494, 0.0 ] ] ] ] } },
{ "type": "Feature", "properties": { "OBJECTID": 1527, "WADMPR": "Sulawesi Selatan", "WADMKK": "Kab. Luwu Utara", "WADMKC": "Kec. Malangke Barat", "WADMKD": "Desa Limbong Wara", "POKTAN": "Taro Ada Taro Gau", "K_POKTAN": "Markus Limin", "P_SID": "Universitas Negeri Makassar", "NO_HP_1": "085150991731", "NAMA_PEMIL": "Pemerintah Desa", "N_PETAK": "LA308", "LUAS_HA": 0.29979973062999998, "PAKET": "Paket Sulawesi Selatan 16" }, "geometry": { "type": "MultiPolygon", "coordinates": [ [ [ [ 120.264545844215377, -2.801719136528902, 0.0 ], [ 120.264044995580093, -2.801897723900765, 0.0 ], [ 120.263892613553367, -2.801469226623453, 0.0 ], [ 120.264102270703347, -2.801347431438785, 0.0 ], [ 120.264203574835165, -2.80131607927359, 0.0 ], [ 120.2642615397383, -2.801298139597407, 0.0 ], [ 120.264267213561084, -2.801296342751982, 0.0 ], [ 120.264319730371312, -2.801275578305251, 0.0 ], [ 120.264329371103599, -2.801270901830605, 0.0 ], [ 120.26437340191103, -2.801250340630645, 0.0 ], [ 120.264394414570688, -2.801386374781316, 0.0 ], [ 120.264410671615224, -2.801482430469719, 0.0 ], [ 120.264408523134875, -2.801572593800131, 0.0 ], [ 120.264522767611652, -2.801637199297261, 0.0 ], [ 120.264545844215377, -2.801719136528902, 0.0 ] ] ] ] } },
{ "type": "Feature", "properties": { "OBJECTID": 1528, "WADMPR": "Sulawesi Selatan", "WADMKK": "Kab. Luwu Utara", "WADMKC": "Kec. Malangke Barat", "WADMKD": "Desa Limbong Wara", "POKTAN": "Taro Ada Taro Gau", "K_POKTAN": "Markus Limin", "P_SID": "Universitas Negeri Makassar", "NO_HP_1": "085150991731", "NAMA_PEMIL": "Pemerintah Desa", "N_PETAK": "LA309", "LUAS_HA": 0.6208815038, "PAKET": "Paket Sulawesi Selatan 16" }, "geometry": { "type": "MultiPolygon", "coordinates": [ [ [ [ 120.267774511084895, -2.809017113349057, 0.0 ], [ 120.267185782497904, -2.809226697653912, 0.0 ], [ 120.267084719384343, -2.809067534738915, 0.0 ], [ 120.26699770458049, -2.808965950917866, 0.0 ], [ 120.266838654980006, -2.808585067346939, 0.0 ], [ 120.267531729205984, -2.808335583720179, 0.0 ], [ 120.267774511084895, -2.809017113349057, 0.0 ] ] ] ] } },
{ "type": "Feature", "properties": { "OBJECTID": 7237, "WADMPR": "Sulawesi Selatan", "WADMKK": "Kab. Luwu Utara", "WADMKC": "Kec. Baebunta Selatan", "WADMKD": "Desa Lembang-Lembang", "POKTAN": "Kaluku Belawan II", "K_POKTAN": "Tamrin", "P_SID": "Universitas Negeri Makassar", "NO_HP_1": "‪082260678457", "NAMA_PEMIL": "Becce", "N_PETAK": "LL14", "LUAS_HA": 0.00010382974, "PAKET": "Paket Sulawesi Selatan 16" }, "geometry": { "type": "MultiPolygon", "coordinates": [ [ [ [ 120.280687790009551, -2.728329015771408, 0.0 ], [ 120.280689255904463, -2.728523159616088, 0.0 ], [ 120.280686919465779, -2.728328933933085, 0.0 ], [ 120.280687790009551, -2.728329015771408, 0.0 ] ] ] ] } },
{ "type": "Feature", "properties": { "OBJECTID": 7242, "WADMPR": "Sulawesi Selatan", "WADMKK": "Kab. Luwu Utara", "WADMKC": "Kec. Sabbang Selatan", "WADMKD": "Desa Dandang", "POKTAN": "Salu karondang", "K_POKTAN": "Sandi", "P_SID": "Universitas Negeri Makassar", "NO_HP_1": "082395440718/085242982264", "NAMA_PEMIL": "Jusamsi 2", "N_PETAK": "DD07", "LUAS_HA": 1.012708e-05, "PAKET": "Paket Sulawesi Selatan 16" }, "geometry": { "type": "MultiPolygon", "coordinates": [ [ [ [ 120.188311744291582, -2.691545330352653, 0.0 ], [ 120.188205239380409, -2.691499723933077, 0.0 ], [ 120.188205296037609, -2.691499593531375, 0.0 ], [ 120.188311744291582, -2.691545330352653, 0.0 ] ] ] ] } },
{ "type": "Feature", "properties": { "OBJECTID": 7243, "WADMPR": "Sulawesi Selatan", "WADMKK": "Kab. Luwu Utara", "WADMKC": "Kec. Sabbang Selatan", "WADMKD": "Desa Dandang", "POKTAN": "Salu karondang", "K_POKTAN": "Sandi", "P_SID": "Universitas Negeri Makassar", "NO_HP_1": "082395440718/085242982264", "NAMA_PEMIL": "Sandi 2", "N_PETAK": "DD21", "LUAS_HA": 1.012708e-05, "PAKET": "Paket Sulawesi Selatan 16" }, "geometry": { "type": "MultiPolygon", "coordinates": [ [ [ [ 120.188311744291582, -2.691545330352653, 0.0 ], [ 120.188205239380409, -2.691499723933077, 0.0 ], [ 120.188205296037609, -2.691499593531375, 0.0 ], [ 120.188311744291582, -2.691545330352653, 0.0 ] ] ] ] } },
{ "type": "Feature", "properties": { "OBJECTID": 7254, "WADMPR": "Sulawesi Selatan", "WADMKK": "Kab. Luwu Utara", "WADMKC": "Kec. Baebunta Selatan", "WADMKD": "Desa Lembang-Lembang", "POKTAN": "Kaluku Belawan II", "K_POKTAN": "Tamrin", "P_SID": "Universitas Negeri Makassar", "NO_HP_1": "‪082260678457", "NAMA_PEMIL": "Becce", "N_PETAK": "LL14", "LUAS_HA": 0.00174314421, "PAKET": "Paket Sulawesi Selatan 16" }, "geometry": { "type": "MultiPolygon", "coordinates": [ [ [ [ 120.279264370054648, -2.729751238728625, 0.0 ], [ 120.27915405201793, -2.729749749451344, 0.0 ], [ 120.278931390671232, -2.729721041292976, 0.0 ], [ 120.279264370054648, -2.729751238728625, 0.0 ] ] ] ] } },
{ "type": "Feature", "properties": { "OBJECTID": 7255, "WADMPR": "Sulawesi Selatan", "WADMKK": "Kab. Luwu Utara", "WADMKC": "Kec. Baebunta Selatan", "WADMKD": "Desa Lembang-Lembang", "POKTAN": "Kaluku Belawan II", "K_POKTAN": "Tamrin", "P_SID": "Universitas Negeri Makassar", "NO_HP_1": "‪082260678457", "NAMA_PEMIL": "Aripuddin", "N_PETAK": "LL18", "LUAS_HA": 0.00174314421, "PAKET": "Paket Sulawesi Selatan 16" }, "geometry": { "type": "MultiPolygon", "coordinates": [ [ [ [ 120.279264370054648, -2.729751238728625, 0.0 ], [ 120.27915405201793, -2.729749749451344, 0.0 ], [ 120.278931390671232, -2.729721041292976, 0.0 ], [ 120.279264370054648, -2.729751238728625, 0.0 ] ] ] ] } },
{ "type": "Feature", "properties": { "OBJECTID": 7256, "WADMPR": "Sulawesi Selatan", "WADMKK": "Kab. Luwu Utara", "WADMKC": "Kec. Baebunta Selatan", "WADMKD": "Desa Lembang-Lembang", "POKTAN": "Sangkutu Banne", "K_POKTAN": "Yusuf Mange", "P_SID": "Universitas Negeri Makassar", "NO_HP_1": "081354863414", "NAMA_PEMIL": "Yohanes Patondon", "N_PETAK": "LL34", "LUAS_HA": 0.46168576792, "PAKET": "Paket Sulawesi Selatan 16" }, "geometry": { "type": "MultiPolygon", "coordinates": [ [ [ [ 120.237216994968435, -2.747086868164388, 0.0 ], [ 120.237232524461547, -2.74735708925823, 0.0 ], [ 120.237095822114611, -2.747404462845623, 0.0 ], [ 120.236933717517104, -2.747635465404358, 0.0 ], [ 120.236676631921114, -2.74767313890419, 0.0 ], [ 120.236625867889529, -2.746945154795014, 0.0 ], [ 120.237156665747534, -2.746841784920377, 0.0 ], [ 120.237216994968435, -2.747086868164388, 0.0 ] ] ] ] } },
{ "type": "Feature", "properties": { "OBJECTID": 7257, "WADMPR": "Sulawesi Selatan", "WADMKK": "Kab. Luwu Utara", "WADMKC": "Kec. Sabbang Selatan", "WADMKD": "Desa Tete Uri", "POKTAN": "Sikamase", "K_POKTAN": "Sada’ SP", "P_SID": "Universitas Negeri Makassar", "NO_HP_1": "082346775756", "NAMA_PEMIL": "Agus Tinus Sulu", "N_PETAK": "TU21", "LUAS_HA": 0.46168576792, "PAKET": "Paket Sulawesi Selatan 16" }, "geometry": { "type": "MultiPolygon", "coordinates": [ [ [ [ 120.237216994968435, -2.747086868164388, 0.0 ], [ 120.237232524461547, -2.74735708925823, 0.0 ], [ 120.237095822114611, -2.747404462845623, 0.0 ], [ 120.236933717517104, -2.747635465404358, 0.0 ], [ 120.236676631921114, -2.74767313890419, 0.0 ], [ 120.236625867889529, -2.746945154795014, 0.0 ], [ 120.237156665747534, -2.746841784920377, 0.0 ], [ 120.237216994968435, -2.747086868164388, 0.0 ] ] ] ] } },
{ "type": "Feature", "properties": { "OBJECTID": 7258, "WADMPR": "Sulawesi Selatan", "WADMKK": "Kab. Luwu Utara", "WADMKC": "Kec. Baebunta Selatan", "WADMKD": "Desa Lembang-Lembang", "POKTAN": "Sangkutu Banne", "K_POKTAN": "Yusuf Mange", "P_SID": "Universitas Negeri Makassar", "NO_HP_1": "081354863414", "NAMA_PEMIL": "Ribka Nammu", "N_PETAK": "LL40", "LUAS_HA": 0.00722087234, "PAKET": "Paket Sulawesi Selatan 16" }, "geometry": { "type": "MultiPolygon", "coordinates": [ [ [ [ 120.237216994968435, -2.747086868164388, 0.0 ], [ 120.237156665747534, -2.746841784920377, 0.0 ], [ 120.23720239897159, -2.746832878934185, 0.0 ], [ 120.237216994968435, -2.747086868164388, 0.0 ] ] ] ] } },
{ "type": "Feature", "properties": { "OBJECTID": 7259, "WADMPR": "Sulawesi Selatan", "WADMKK": "Kab. Luwu Utara", "WADMKC": "Kec. Sabbang Selatan", "WADMKD": "Desa Tete Uri", "POKTAN": "Sikamase", "K_POKTAN": "Sada’ SP", "P_SID": "Universitas Negeri Makassar", "NO_HP_1": "082346775756", "NAMA_PEMIL": "Agus Tinus Sulu", "N_PETAK": "TU21", "LUAS_HA": 0.00722087234, "PAKET": "Paket Sulawesi Selatan 16" }, "geometry": { "type": "MultiPolygon", "coordinates": [ [ [ [ 120.237216994968435, -2.747086868164388, 0.0 ], [ 120.237156665747534, -2.746841784920377, 0.0 ], [ 120.23720239897159, -2.746832878934185, 0.0 ], [ 120.237216994968435, -2.747086868164388, 0.0 ] ] ] ] } },
{ "type": "Feature", "properties": { "OBJECTID": 7294, "WADMPR": "Sulawesi Selatan", "WADMKK": "Kab. Luwu Utara", "WADMKC": "Kec. Malangke Barat", "WADMKD": "Desa Wara", "POKTAN": "Gapoktan Pelita Jaya", "K_POKTAN": "Hasan", "P_SID": "Universitas Negeri Makassar", "NO_HP_1": "081241775269", "NAMA_PEMIL": "Yusuf Tappang", "N_PETAK": "WR050", "LUAS_HA": 0.00108527346, "PAKET": "Paket Sulawesi Selatan 16" }, "geometry": { "type": "MultiPolygon", "coordinates": [ [ [ [ 120.280621079199477, -2.766306730171436, 0.0 ], [ 120.280671183128675, -2.766043991437016, 0.0 ], [ 120.280704337535212, -2.765905368138192, 0.0 ], [ 120.280621079199477, -2.766306730171436, 0.0 ] ] ] ] } },
{ "type": "Feature", "properties": { "OBJECTID": 7295, "WADMPR": "Sulawesi Selatan", "WADMKK": "Kab. Luwu Utara", "WADMKC": "Kec. Malangke Barat", "WADMKD": "Desa Wara", "POKTAN": "Gapoktan Pelita Jaya", "K_POKTAN": "Hasan", "P_SID": "Universitas Negeri Makassar", "NO_HP_1": "081241775269", "NAMA_PEMIL": "Elisabeth", "N_PETAK": "WR056", "LUAS_HA": 0.00108527346, "PAKET": "Paket Sulawesi Selatan 16" }, "geometry": { "type": "MultiPolygon", "coordinates": [ [ [ [ 120.280621079199477, -2.766306730171436, 0.0 ], [ 120.280671183128675, -2.766043991437016, 0.0 ], [ 120.280704337535212, -2.765905368138192, 0.0 ], [ 120.280621079199477, -2.766306730171436, 0.0 ] ] ] ] } },
{ "type": "Feature", "properties": { "OBJECTID": 7296, "WADMPR": "Sulawesi Selatan", "WADMKK": "Kab. Luwu Utara", "WADMKC": "Kec. Malangke Barat", "WADMKD": "Desa Wara", "POKTAN": "Gapoktan Pelita Jaya", "K_POKTAN": "Hasan", "P_SID": "Universitas Negeri Makassar", "NO_HP_1": "081241775269", "NAMA_PEMIL": "Rasmi", "N_PETAK": "WR076", "LUAS_HA": 0.00035163562, "PAKET": "Paket Sulawesi Selatan 16" }, "geometry": { "type": "MultiPolygon", "coordinates": [ [ [ [ 120.265163308839647, -2.77012685147298, 0.0 ], [ 120.264690860794644, -2.770129999100106, 0.0 ], [ 120.265163276464136, -2.770125640985498, 0.0 ], [ 120.265163308839647, -2.77012685147298, 0.0 ] ] ] ] } },
{ "type": "Feature", "properties": { "OBJECTID": 7297, "WADMPR": "Sulawesi Selatan", "WADMKK": "Kab. Luwu Utara", "WADMKC": "Kec. Malangke Barat", "WADMKD": "Desa Wara", "POKTAN": "Gapoktan Pelita Jaya", "K_POKTAN": "Hasan", "P_SID": "Universitas Negeri Makassar", "NO_HP_1": "081241775269", "NAMA_PEMIL": "Y.P Tandi Rante", "N_PETAK": "WR078", "LUAS_HA": 0.00035163562, "PAKET": "Paket Sulawesi Selatan 16" }, "geometry": { "type": "MultiPolygon", "coordinates": [ [ [ [ 120.265163308839647, -2.77012685147298, 0.0 ], [ 120.264690860794644, -2.770129999100106, 0.0 ], [ 120.265163276464136, -2.770125640985498, 0.0 ], [ 120.265163308839647, -2.77012685147298, 0.0 ] ] ] ] } },
{ "type": "Feature", "properties": { "OBJECTID": 7298, "WADMPR": "Sulawesi Selatan", "WADMKK": "Kab. Luwu Utara", "WADMKC": "Kec. Malangke Barat", "WADMKD": "Desa Wara", "POKTAN": "Gapoktan Pelita Jaya", "K_POKTAN": "Hasan", "P_SID": "Universitas Negeri Makassar", "NO_HP_1": "081241775269", "NAMA_PEMIL": "Rasmi", "N_PETAK": "WR076", "LUAS_HA": 0.00049323222, "PAKET": "Paket Sulawesi Selatan 16" }, "geometry": { "type": "MultiPolygon", "coordinates": [ [ [ [ 120.264690860794644, -2.770129999100106, 0.0 ], [ 120.264689978559772, -2.770130006294721, 0.0 ], [ 120.26469871727204, -2.769220512016943, 0.0 ], [ 120.264690860794644, -2.770129999100106, 0.0 ] ] ] ] } },
{ "type": "Feature", "properties": { "OBJECTID": 7299, "WADMPR": "Sulawesi Selatan", "WADMKK": "Kab. Luwu Utara", "WADMKC": "Kec. Malangke Barat", "WADMKD": "Desa Wara", "POKTAN": "Gapoktan Pelita Jaya", "K_POKTAN": "Hasan", "P_SID": "Universitas Negeri Makassar", "NO_HP_1": "081241775269", "NAMA_PEMIL": "Ismail Bakarra", "N_PETAK": "WR080", "LUAS_HA": 0.00049323222, "PAKET": "Paket Sulawesi Selatan 16" }, "geometry": { "type": "MultiPolygon", "coordinates": [ [ [ [ 120.264690860794644, -2.770129999100106, 0.0 ], [ 120.264689978559772, -2.770130006294721, 0.0 ], [ 120.26469871727204, -2.769220512016943, 0.0 ], [ 120.264690860794644, -2.770129999100106, 0.0 ] ] ] ] } },
{ "type": "Feature", "properties": { "OBJECTID": 7300, "WADMPR": "Sulawesi Selatan", "WADMKK": "Kab. Luwu Utara", "WADMKC": "Kec. Malangke Barat", "WADMKD": "Desa Wara", "POKTAN": "Gapoktan Pelita Jaya", "K_POKTAN": "Hasan", "P_SID": "Universitas Negeri Makassar", "NO_HP_1": "081241775269", "NAMA_PEMIL": "Y.P. Tandi Rante 2", "N_PETAK": "WR077", "LUAS_HA": 0.00033921094, "PAKET": "Paket Sulawesi Selatan 16" }, "geometry": { "type": "MultiPolygon", "coordinates": [ [ [ [ 120.265163308839647, -2.77012685147298, 0.0 ], [ 120.265163276464136, -2.770125640985498, 0.0 ], [ 120.265618999817093, -2.770121436654904, 0.0 ], [ 120.265163308839647, -2.77012685147298, 0.0 ] ] ] ] } },
{ "type": "Feature", "properties": { "OBJECTID": 7301, "WADMPR": "Sulawesi Selatan", "WADMKK": "Kab. Luwu Utara", "WADMKC": "Kec. Malangke Barat", "WADMKD": "Desa Wara", "POKTAN": "Gapoktan Pelita Jaya", "K_POKTAN": "Hasan", "P_SID": "Universitas Negeri Makassar", "NO_HP_1": "081241775269", "NAMA_PEMIL": "Y.P Tandi Rante", "N_PETAK": "WR078", "LUAS_HA": 0.00033921094, "PAKET": "Paket Sulawesi Selatan 16" }, "geometry": { "type": "MultiPolygon", "coordinates": [ [ [ [ 120.265163308839647, -2.77012685147298, 0.0 ], [ 120.265163276464136, -2.770125640985498, 0.0 ], [ 120.265618999817093, -2.770121436654904, 0.0 ], [ 120.265163308839647, -2.77012685147298, 0.0 ] ] ] ] } },
{ "type": "Feature", "properties": { "OBJECTID": 7302, "WADMPR": "Sulawesi Selatan", "WADMKK": "Kab. Luwu Utara", "WADMKC": "Kec. Malangke Barat", "WADMKD": "Desa Wara", "POKTAN": "Gapoktan Pelita Jaya", "K_POKTAN": "Hasan", "P_SID": "Universitas Negeri Makassar", "NO_HP_1": "081241775269", "NAMA_PEMIL": "Y.P Tandi Rante", "N_PETAK": "WR078", "LUAS_HA": 5.940616e-05, "PAKET": "Paket Sulawesi Selatan 16" }, "geometry": { "type": "MultiPolygon", "coordinates": [ [ [ [ 120.264689914707901, -2.770239540122645, 0.0 ], [ 120.264689978559772, -2.770130006294721, 0.0 ], [ 120.264690860794644, -2.770129999100106, 0.0 ], [ 120.264689914707901, -2.770239540122645, 0.0 ] ] ] ] } },
{ "type": "Feature", "properties": { "OBJECTID": 7303, "WADMPR": "Sulawesi Selatan", "WADMKK": "Kab. Luwu Utara", "WADMKC": "Kec. Malangke Barat", "WADMKD": "Desa Wara", "POKTAN": "Gapoktan Pelita Jaya", "K_POKTAN": "Hasan", "P_SID": "Universitas Negeri Makassar", "NO_HP_1": "081241775269", "NAMA_PEMIL": "Ismail Bakarra", "N_PETAK": "WR080", "LUAS_HA": 5.940616e-05, "PAKET": "Paket Sulawesi Selatan 16" }, "geometry": { "type": "MultiPolygon", "coordinates": [ [ [ [ 120.264689914707901, -2.770239540122645, 0.0 ], [ 120.264689978559772, -2.770130006294721, 0.0 ], [ 120.264690860794644, -2.770129999100106, 0.0 ], [ 120.264689914707901, -2.770239540122645, 0.0 ] ] ] ] } },
{ "type": "Feature", "properties": { "OBJECTID": 7304, "WADMPR": "Sulawesi Selatan", "WADMKK": "Kab. Luwu Utara", "WADMKC": "Kec. Malangke Barat", "WADMKD": "Desa Wara", "POKTAN": "Gapoktan Pelita Jaya", "K_POKTAN": "Hasan", "P_SID": "Universitas Negeri Makassar", "NO_HP_1": "081241775269", "NAMA_PEMIL": "Daharuddin", "N_PETAK": "WR088", "LUAS_HA": 0.00038535036, "PAKET": "Paket Sulawesi Selatan 16" }, "geometry": { "type": "MultiPolygon", "coordinates": [ [ [ [ 120.269911446855872, -2.816321573381856, 0.0 ], [ 120.270271085742024, -2.815641327984849, 0.0 ], [ 120.269912199588362, -2.816321892641213, 0.0 ], [ 120.269911446855872, -2.816321573381856, 0.0 ] ] ] ] } },
{ "type": "Feature", "properties": { "OBJECTID": 7305, "WADMPR": "Sulawesi Selatan", "WADMKK": "Kab. Luwu Utara", "WADMKC": "Kec. Malangke Barat", "WADMKD": "Desa Wara", "POKTAN": "Gapoktan Pelita Jaya", "K_POKTAN": "Hasan", "P_SID": "Universitas Negeri Makassar", "NO_HP_1": "081241775269", "NAMA_PEMIL": "Kurais. Aje. Syarifuddin,Masrun", "N_PETAK": "WR091", "LUAS_HA": 0.00038535036, "PAKET": "Paket Sulawesi Selatan 16" }, "geometry": { "type": "MultiPolygon", "coordinates": [ [ [ [ 120.269911446855872, -2.816321573381856, 0.0 ], [ 120.270271085742024, -2.815641327984849, 0.0 ], [ 120.269912199588362, -2.816321892641213, 0.0 ], [ 120.269911446855872, -2.816321573381856, 0.0 ] ] ] ] } },
{ "type": "Feature", "properties": { "OBJECTID": 7306, "WADMPR": "Sulawesi Selatan", "WADMKK": "Kab. Luwu Utara", "WADMKC": "Kec. Malangke Barat", "WADMKD": "Desa Limbong Wara", "POKTAN": "Taro Ada Taro Gau", "K_POKTAN": "Markus Limin", "P_SID": "Universitas Negeri Makassar", "NO_HP_1": "085150991731", "NAMA_PEMIL": "Pemerintah Desa", "N_PETAK": "LA128", "LUAS_HA": 2.495148e-05, "PAKET": "Paket Sulawesi Selatan 16" }, "geometry": { "type": "MultiPolygon", "coordinates": [ [ [ [ 120.268881028836518, -2.800165396715613, 0.0 ], [ 120.268881026138502, -2.800165329266463, 0.0 ], [ 120.269474338569921, -2.799953931029052, 0.0 ], [ 120.268881028836518, -2.800165396715613, 0.0 ] ] ] ] } },
{ "type": "Feature", "properties": { "OBJECTID": 7307, "WADMPR": "Sulawesi Selatan", "WADMKK": "Kab. Luwu Utara", "WADMKC": "Kec. Malangke Barat", "WADMKD": "Desa Limbong Wara", "POKTAN": "Taro Ada Taro Gau", "K_POKTAN": "Markus Limin", "P_SID": "Universitas Negeri Makassar", "NO_HP_1": "085150991731", "NAMA_PEMIL": "Pemerintah Desa", "N_PETAK": "LA130", "LUAS_HA": 2.495148e-05, "PAKET": "Paket Sulawesi Selatan 16" }, "geometry": { "type": "MultiPolygon", "coordinates": [ [ [ [ 120.268881028836518, -2.800165396715613, 0.0 ], [ 120.268881026138502, -2.800165329266463, 0.0 ], [ 120.269474338569921, -2.799953931029052, 0.0 ], [ 120.268881028836518, -2.800165396715613, 0.0 ] ] ] ] } }
]
}
