{
"type": "FeatureCollection",
"name": "SULSEL_PAKET_1",
"crs": { "type": "name", "properties": { "name": "urn:ogc:def:crs:OGC:1.3:CRS84" } },
"features": [
{ "type": "Feature", "properties": { "PROVINSI": "Prov. Sulawesi Selatan", "KABUPATEN": "Kab. Luwu Utara", "KECAMATAN": "Malangke Barat", "DESA_KEL": "Waelawi", "POKTAN": "Taroada", "KET_POKTAN": "Mursalim", "NO_HP": "‪085386302745", "NAMA_PEMIL": "Zulkifli", "NO_PETAK": "WL01", "LUAS_Ha": 0.69, "PAKET": "Sulawesi Selatan 1" }, "geometry": { "type": "MultiPolygon", "coordinates": [ [ [ [ 120.320068773255343, -2.835643515635695, 0.0 ], [ 120.320055954318946, -2.83643763498884, 0.0 ], [ 120.319409136722356, -2.836448494302545, 0.0 ], [ 120.319240828601437, -2.835733072823018, 0.0 ], [ 120.320068773255343, -2.835643515635695, 0.0 ] ] ] ] } },
{ "type": "Feature", "properties": { "PROVINSI": "Prov. Sulawesi Selatan", "KABUPATEN": "Kab. Luwu Utara", "KECAMATAN": "Malangke Barat", "DESA_KEL": "Waelawi", "POKTAN": "Taroada", "KET_POKTAN": "Mursalim", "NO_HP": "‪085386302745", "NAMA_PEMIL": "Aliminn", "NO_PETAK": "WL02", "LUAS_Ha": 0.43, "PAKET": "Sulawesi Selatan 1" }, "geometry": { "type": "MultiPolygon", "coordinates": [ [ [ [ 120.318713174773279, -2.8399476700489, 0.0 ], [ 120.318891788225528, -2.839282571033777, 0.0 ], [ 120.319449468618132, -2.839492959332574, 0.0 ], [ 120.319383459279265, -2.839936035519599, 0.0 ], [ 120.318713174773279, -2.8399476700489, 0.0 ] ] ] ] } },
{ "type": "Feature", "properties": { "PROVINSI": "Prov. Sulawesi Selatan", "KABUPATEN": "Kab. Luwu Utara", "KECAMATAN": "Malangke Barat", "DESA_KEL": "Waelawi", "POKTAN": "Taroada", "KET_POKTAN": "Mursalim", "NO_HP": "‪085386302745", "NAMA_PEMIL": "Nurdiana", "NO_PETAK": "WL03", "LUAS_Ha": 0.12, "PAKET": "Sulawesi Selatan 1" }, "geometry": { "type": "MultiPolygon", "coordinates": [ [ [ [ 120.319684869760977, -2.839502897740488, 0.0 ], [ 120.319925609279494, -2.839531498879523, 0.0 ], [ 120.319826594821507, -2.839964879475588, 0.0 ], [ 120.319626626068043, -2.839945488293608, 0.0 ], [ 120.319684869760977, -2.839502897740488, 0.0 ] ] ] ] } },
{ "type": "Feature", "properties": { "PROVINSI": "Prov. Sulawesi Selatan", "KABUPATEN": "Kab. Luwu Utara", "KECAMATAN": "Malangke Barat", "DESA_KEL": "Waelawi", "POKTAN": "Taroada", "KET_POKTAN": "Mursalim", "NO_HP": "‪085386302745", "NAMA_PEMIL": "Andi Sulaeha", "NO_PETAK": "WL04", "LUAS_Ha": 1.82, "PAKET": "Sulawesi Selatan 1" }, "geometry": { "type": "MultiPolygon", "coordinates": [ [ [ [ 120.319449468618132, -2.839492959332574, 0.0 ], [ 120.319360290944701, -2.838380399935488, 0.0 ], [ 120.319992025111901, -2.838358853078546, 0.0 ], [ 120.320254466170695, -2.838341843301407, 0.0 ], [ 120.320772157309307, -2.838894530658024, 0.0 ], [ 120.320788655372212, -2.838969751752586, 0.0 ], [ 120.320790240876931, -2.839063181420613, 0.0 ], [ 120.320695110590918, -2.839394145423398, 0.0 ], [ 120.320684012057541, -2.839649097827532, 0.0 ], [ 120.319925609279494, -2.839531498879523, 0.0 ], [ 120.319684869760977, -2.839502897740488, 0.0 ], [ 120.319449468618132, -2.839492959332574, 0.0 ] ] ] ] } },
{ "type": "Feature", "properties": { "PROVINSI": "Prov. Sulawesi Selatan", "KABUPATEN": "Kab. Luwu Utara", "KECAMATAN": "Malangke Barat", "DESA_KEL": "Waelawi", "POKTAN": "Taroada", "KET_POKTAN": "Mursalim", "NO_HP": "‪085386302745", "NAMA_PEMIL": "Sofyan", "NO_PETAK": "WL05", "LUAS_Ha": 2.78, "PAKET": "Sulawesi Selatan 1" }, "geometry": { "type": "MultiPolygon", "coordinates": [ [ [ [ 120.319449468618132, -2.839492959332574, 0.0 ], [ 120.318891788225528, -2.839282571033777, 0.0 ], [ 120.319453173824968, -2.836794866389937, 0.0 ], [ 120.319728411337223, -2.836767376812929, 0.0 ], [ 120.320702754828289, -2.837036778624395, 0.0 ], [ 120.320254466170695, -2.838341843301407, 0.0 ], [ 120.319992025111901, -2.838358853078546, 0.0 ], [ 120.319360290944701, -2.838380399935488, 0.0 ], [ 120.319449468618132, -2.839492959332574, 0.0 ] ] ] ] } },
{ "type": "Feature", "properties": { "PROVINSI": "Prov. Sulawesi Selatan", "KABUPATEN": "Kab. Luwu Utara", "KECAMATAN": "Malangke Barat", "DESA_KEL": "Waelawi", "POKTAN": "Taroada", "KET_POKTAN": "Mursalim", "NO_HP": "‪085386302745", "NAMA_PEMIL": "Fadlan Fajri Ilyas Mattola", "NO_PETAK": "WL06", "LUAS_Ha": 3.84, "PAKET": "Sulawesi Selatan 1" }, "geometry": { "type": "MultiPolygon", "coordinates": [ [ [ [ 120.319313034269157, -2.836462279110833, 0.0 ], [ 120.319350777916156, -2.837211733634547, 0.0 ], [ 120.318859668039295, -2.837269533961774, 0.0 ], [ 120.318678524794109, -2.837273888479103, 0.0 ], [ 120.318544549191643, -2.837154329908344, 0.0 ], [ 120.318151344908756, -2.836783776849757, 0.0 ], [ 120.317682035497569, -2.834582624988116, 0.0 ], [ 120.318367306306186, -2.834472041651338, 0.0 ], [ 120.318543626487212, -2.834917073863835, 0.0 ], [ 120.31910740338401, -2.834883106470159, 0.0 ], [ 120.319115330907835, -2.834925862938178, 0.0 ], [ 120.319208875689128, -2.835729124799229, 0.0 ], [ 120.319313034269157, -2.836462279110833, 0.0 ] ] ] ] } },
{ "type": "Feature", "properties": { "PROVINSI": "Prov. Sulawesi Selatan", "KABUPATEN": "Kab. Luwu Utara", "KECAMATAN": "Malangke Barat", "DESA_KEL": "Waelawi", "POKTAN": "Taroada", "KET_POKTAN": "Mursalim", "NO_HP": "‪085386302745", "NAMA_PEMIL": "Arifin", "NO_PETAK": "WL07", "LUAS_Ha": 0.45, "PAKET": "Sulawesi Selatan 1" }, "geometry": { "type": "MultiPolygon", "coordinates": [ [ [ [ 120.320684012057541, -2.839649097827532, 0.0 ], [ 120.320695110590918, -2.839394145423398, 0.0 ], [ 120.320790240876931, -2.839063181420613, 0.0 ], [ 120.320788655372212, -2.838969751752586, 0.0 ], [ 120.320772157309307, -2.838894530658024, 0.0 ], [ 120.321137389978617, -2.838884487029418, 0.0 ], [ 120.321220457658001, -2.838998649667928, 0.0 ], [ 120.321215701143728, -2.839136419510112, 0.0 ], [ 120.321209359124737, -2.839296358540082, 0.0 ], [ 120.321176064423867, -2.839514889300631, 0.0 ], [ 120.321013663949543, -2.839690906410169, 0.0 ], [ 120.320678199739177, -2.839722755001105, 0.0 ], [ 120.320684012057541, -2.839649097827532, 0.0 ] ] ] ] } },
{ "type": "Feature", "properties": { "PROVINSI": "Prov. Sulawesi Selatan", "KABUPATEN": "Kab. Luwu Utara", "KECAMATAN": "Malangke Barat", "DESA_KEL": "Waelawi", "POKTAN": "Taroada", "KET_POKTAN": "Mursalim", "NO_HP": "‪085386302745", "NAMA_PEMIL": "Irfan", "NO_PETAK": "WL08", "LUAS_Ha": 0.56, "PAKET": "Sulawesi Selatan 1" }, "geometry": { "type": "MultiPolygon", "coordinates": [ [ [ [ 120.321209359124737, -2.839296358540082, 0.0 ], [ 120.321616101801737, -2.839292115538626, 0.0 ], [ 120.321868656613219, -2.839289567759295, 0.0 ], [ 120.321960494481345, -2.839233513915474, 0.0 ], [ 120.321987280788449, -2.839187651189093, 0.0 ], [ 120.322001312011025, -2.83910611685377, 0.0 ], [ 120.32202044508756, -2.839065350585429, 0.0 ], [ 120.322077843417787, -2.83899082376746, 0.0 ], [ 120.322890355705454, -2.839285108920592, 0.0 ], [ 120.322780659999466, -2.839309314173477, 0.0 ], [ 120.322702853354031, -2.839366643255914, 0.0 ], [ 120.322636525655184, -2.839451998810659, 0.0 ], [ 120.322614841202039, -2.839514422552497, 0.0 ], [ 120.322598259502115, -2.839546272042753, 0.0 ], [ 120.322321469760027, -2.83946983416547, 0.0 ], [ 120.321875034605227, -2.839500409316372, 0.0 ], [ 120.321535743779577, -2.839488942960315, 0.0 ], [ 120.321176064423867, -2.839514889300631, 0.0 ], [ 120.321209359124737, -2.839296358540082, 0.0 ] ] ] ] } },
{ "type": "Feature", "properties": { "PROVINSI": "Prov. Sulawesi Selatan", "KABUPATEN": "Kab. Luwu Utara", "KECAMATAN": "Malangke Barat", "DESA_KEL": "Waelawi", "POKTAN": "Taroada", "KET_POKTAN": "Mursalim", "NO_HP": "‪085386302745", "NAMA_PEMIL": "Muhammad Risal", "NO_PETAK": "WL09", "LUAS_Ha": 0.26, "PAKET": "Sulawesi Selatan 1" }, "geometry": { "type": "MultiPolygon", "coordinates": [ [ [ [ 120.322079119555838, -2.835129432577219, 0.0 ], [ 120.322221978661446, -2.834858077438298, 0.0 ], [ 120.32222325390012, -2.834804571373809, 0.0 ], [ 120.322220702523509, -2.834762529866794, 0.0 ], [ 120.322199018969627, -2.834717941479767, 0.0 ], [ 120.32221049881548, -2.83466316017666, 0.0 ], [ 120.322251315445897, -2.834642777042461, 0.0 ], [ 120.32230616329889, -2.834617297450279, 0.0 ], [ 120.322372490997736, -2.83459691431608, 0.0 ], [ 120.322602086117399, -2.834683544210122, 0.0 ], [ 120.32244136917393, -2.835289952569212, 0.0 ], [ 120.322079119555838, -2.835129432577219, 0.0 ] ] ] ] } },
{ "type": "Feature", "properties": { "PROVINSI": "Prov. Sulawesi Selatan", "KABUPATEN": "Kab. Luwu Utara", "KECAMATAN": "Malangke Barat", "DESA_KEL": "Waelawi", "POKTAN": "Taroada", "KET_POKTAN": "Mursalim", "NO_HP": "‪085386302745", "NAMA_PEMIL": "Harianto 2", "NO_PETAK": "WL10", "LUAS_Ha": 1.35, "PAKET": "Sulawesi Selatan 1" }, "geometry": { "type": "MultiPolygon", "coordinates": [ [ [ [ 120.327781487725588, -2.844639288372434, 0.0 ], [ 120.327957087549635, -2.84468415375062, 0.0 ], [ 120.32796770494565, -2.844804067553639, 0.0 ], [ 120.327953820312587, -2.84497047810504, 0.0 ], [ 120.327940752263999, -2.845103442869572, 0.0 ], [ 120.327931768036706, -2.845465630434433, 0.0 ], [ 120.327838659426675, -2.845499891906456, 0.0 ], [ 120.327585468794382, -2.845479497980421, 0.0 ], [ 120.326982045285263, -2.845435605668627, 0.0 ], [ 120.326863071273806, -2.845447501900651, 0.0 ], [ 120.326562903655145, -2.845457473583508, 0.0 ], [ 120.326501392725163, -2.845135794181488, 0.0 ], [ 120.326572777311867, -2.845088204756792, 0.0 ], [ 120.326644160999308, -2.845004922139424, 0.0 ], [ 120.326703648454668, -2.844909745088614, 0.0 ], [ 120.326728215234994, -2.844720307396244, 0.0 ], [ 120.326929622004513, -2.844695574241314, 0.0 ], [ 120.327115840123952, -2.844653971603464, 0.0 ], [ 120.327257137107267, -2.844609921010999, 0.0 ], [ 120.32738944986329, -2.844596053465068, 0.0 ], [ 120.327484192541533, -2.844579738863786, 0.0 ], [ 120.327556065460158, -2.844564239947658, 0.0 ], [ 120.327781487725588, -2.844639288372434, 0.0 ] ] ] ] } },
{ "type": "Feature", "properties": { "PROVINSI": "Prov. Sulawesi Selatan", "KABUPATEN": "Kab. Luwu Utara", "KECAMATAN": "Malangke Barat", "DESA_KEL": "Waelawi", "POKTAN": "Taroada", "KET_POKTAN": "Mursalim", "NO_HP": "‪085386302745", "NAMA_PEMIL": "Harianto", "NO_PETAK": "WL11", "LUAS_Ha": 0.91, "PAKET": "Sulawesi Selatan 1" }, "geometry": { "type": "MultiPolygon", "coordinates": [ [ [ [ 120.326733603073421, -2.844688232176111, 0.0 ], [ 120.326743179054574, -2.844601909850212, 0.0 ], [ 120.3267590017266, -2.844478692837356, 0.0 ], [ 120.326696729970195, -2.844257608901501, 0.0 ], [ 120.326999343744774, -2.844203797067507, 0.0 ], [ 120.326987192105321, -2.843877813510232, 0.0 ], [ 120.327024139852256, -2.843878934065515, 0.0 ], [ 120.327228756302134, -2.843918381028402, 0.0 ], [ 120.327260389055823, -2.843937344133053, 0.0 ], [ 120.32744112850537, -2.84397744310445, 0.0 ], [ 120.327702633369881, -2.844003568409903, 0.0 ], [ 120.327860031815135, -2.843985189864554, 0.0 ], [ 120.327988940637169, -2.843954067026516, 0.0 ], [ 120.327993024458578, -2.844151476309548, 0.0 ], [ 120.327987307468334, -2.844326860296292, 0.0 ], [ 120.327976689172942, -2.844512032504269, 0.0 ], [ 120.327976689172942, -2.844590343669381, 0.0 ], [ 120.327937485926327, -2.844594422094872, 0.0 ], [ 120.327916250234807, -2.84464255111277, 0.0 ], [ 120.32773084869973, -2.844583001604178, 0.0 ], [ 120.32757403391463, -2.844531610745207, 0.0 ], [ 120.327424570187873, -2.844560977207266, 0.0 ], [ 120.327328193441417, -2.844574029068156, 0.0 ], [ 120.327254686454694, -2.844574029068156, 0.0 ], [ 120.327186079873741, -2.844598501419682, 0.0 ], [ 120.327106855896773, -2.84462378855693, 0.0 ], [ 120.326733603073421, -2.844688232176111, 0.0 ] ] ] ] } },
{ "type": "Feature", "properties": { "PROVINSI": "Prov. Sulawesi Selatan", "KABUPATEN": "Kab. Luwu Utara", "KECAMATAN": "Malangke Barat", "DESA_KEL": "Waelawi", "POKTAN": "Taroada", "KET_POKTAN": "Mursalim", "NO_HP": "‪085386302745", "NAMA_PEMIL": "Ahsan", "NO_PETAK": "WL12", "LUAS_Ha": 0.67, "PAKET": "Sulawesi Selatan 1" }, "geometry": { "type": "MultiPolygon", "coordinates": [ [ [ [ 120.320078430175499, -2.834821564963192, 0.0 ], [ 120.32010246635582, -2.834754343338204, 0.0 ], [ 120.32050653265037, -2.834800174588338, 0.0 ], [ 120.320459985539969, -2.835076004753773, 0.0 ], [ 120.320962945783435, -2.835187327333244, 0.0 ], [ 120.320917682005529, -2.835592654477352, 0.0 ], [ 120.320882712767002, -2.835600303211379, 0.0 ], [ 120.320099973435049, -2.835630237145665, 0.0 ], [ 120.320109785038653, -2.835066118506518, 0.0 ], [ 120.320078430175499, -2.834821564963192, 0.0 ] ] ] ] } },
{ "type": "Feature", "properties": { "PROVINSI": "Prov. Sulawesi Selatan", "KABUPATEN": "Kab. Luwu Utara", "KECAMATAN": "Malangke Barat", "DESA_KEL": "Waelawi", "POKTAN": "Taroada", "KET_POKTAN": "Mursalim", "NO_HP": "‪085386302745", "NAMA_PEMIL": "Darmin", "NO_PETAK": "WL14", "LUAS_Ha": 1.54, "PAKET": "Sulawesi Selatan 1" }, "geometry": { "type": "MultiPolygon", "coordinates": [ [ [ [ 120.317682035497569, -2.834582624988116, 0.0 ], [ 120.317893554244165, -2.835633053822335, 0.0 ], [ 120.316636983709941, -2.835591406218384, 0.0 ], [ 120.316264352318058, -2.834810195733894, 0.0 ], [ 120.317682035497569, -2.834582624988116, 0.0 ] ] ] ] } },
{ "type": "Feature", "properties": { "PROVINSI": "Prov. Sulawesi Selatan", "KABUPATEN": "Kab. Luwu Utara", "KECAMATAN": "Malangke Barat", "DESA_KEL": "Waelawi", "POKTAN": "Taroada", "KET_POKTAN": "Mursalim", "NO_HP": "‪085386302745", "NAMA_PEMIL": "Kadir", "NO_PETAK": "WL15", "LUAS_Ha": 6.27, "PAKET": "Sulawesi Selatan 1" }, "geometry": { "type": "MultiPolygon", "coordinates": [ [ [ [ 120.316264352318058, -2.834810195733894, 0.0 ], [ 120.315933595159322, -2.834581168985721, 0.0 ], [ 120.315998349044662, -2.834544840871672, 0.0 ], [ 120.316676828173172, -2.83417352788598, 0.0 ], [ 120.316829876597581, -2.834154640324357, 0.0 ], [ 120.317111541564486, -2.833463353950549, 0.0 ], [ 120.315027301568762, -2.832982407312215, 0.0 ], [ 120.315103303274896, -2.832897594948008, 0.0 ], [ 120.315179794212213, -2.832819116508972, 0.0 ], [ 120.315308369385775, -2.832797713543584, 0.0 ], [ 120.315390515260106, -2.8327168572971, 0.0 ], [ 120.315423849531044, -2.832612220277724, 0.0 ], [ 120.315425040233436, -2.832530175127431, 0.0 ], [ 120.315498256739261, -2.832401161983967, 0.0 ], [ 120.31606553649533, -2.83234527631339, 0.0 ], [ 120.316528646879647, -2.832132434664061, 0.0 ], [ 120.316556028538002, -2.832264420066906, 0.0 ], [ 120.316657222952585, -2.832317927929978, 0.0 ], [ 120.316715557477096, -2.832284634128541, 0.0 ], [ 120.316778654811174, -2.832215668718106, 0.0 ], [ 120.316985804651267, -2.832281067417284, 0.0 ], [ 120.31733194651224, -2.832398189724643, 0.0 ], [ 120.318747766296383, -2.832957642681038, 0.0 ], [ 120.318562045502063, -2.833690102716048, 0.0 ], [ 120.318371563696815, -2.833823277022589, 0.0 ], [ 120.318367306306186, -2.834472041651338, 0.0 ], [ 120.316264352318058, -2.834810195733894, 0.0 ] ] ] ] } },
{ "type": "Feature", "properties": { "PROVINSI": "Prov. Sulawesi Selatan", "KABUPATEN": "Kab. Luwu Utara", "KECAMATAN": "Kec. Malangke Barat", "DESA_KEL": "Desa Pembuniang", "POKTAN": "Bunga Desa", "KET_POKTAN": "Suparman Abidin", "NO_HP": "085398679816", "NAMA_PEMIL": "Pemerintah Desa Pembuniang 6", "NO_PETAK": "PB01", "LUAS_Ha": 8.76, "PAKET": "Sulawesi Selatan 1" }, "geometry": { "type": "MultiPolygon", "coordinates": [ [ [ [ 120.316966676071274, -2.839551158958784, 0.0 ], [ 120.317143273243573, -2.839599662994033, 0.0 ], [ 120.317739288137659, -2.839436511585689, 0.0 ], [ 120.318264664882463, -2.839520292427494, 0.0 ], [ 120.318410357751873, -2.839661396056556, 0.0 ], [ 120.318516315875286, -2.839987699772507, 0.0 ], [ 120.318503070660199, -2.840433059338181, 0.0 ], [ 120.318370623005876, -2.841200313243803, 0.0 ], [ 120.318185196289846, -2.842055756467914, 0.0 ], [ 120.318114557241074, -2.842337963725981, 0.0 ], [ 120.317937960068889, -2.842664266542613, 0.0 ], [ 120.317774607212414, -2.842302687818744, 0.0 ], [ 120.317571520509318, -2.842060165843918, 0.0 ], [ 120.317368433806223, -2.841936699718872, 0.0 ], [ 120.317107953269442, -2.8418264626211, 0.0 ], [ 120.316820983201865, -2.841707405872057, 0.0 ], [ 120.316547257449997, -2.841570711618999, 0.0 ], [ 120.316207308320713, -2.841526616060435, 0.0 ], [ 120.315973317314842, -2.841548663839717, 0.0 ], [ 120.31570400633484, -2.841619215654248, 0.0 ], [ 120.315492090087901, -2.841526616060435, 0.0 ], [ 120.315474430100949, -2.840909286334465, 0.0 ], [ 120.315492090087901, -2.840375736550982, 0.0 ], [ 120.3155362387065, -2.839745176898361, 0.0 ], [ 120.315571558680517, -2.839410054430402, 0.0 ], [ 120.315633367286182, -2.839224855242833, 0.0 ], [ 120.315840868761143, -2.839105798493733, 0.0 ], [ 120.316242627395354, -2.83926013115007, 0.0 ], [ 120.316662046016631, -2.839268949902078, 0.0 ], [ 120.31681215365802, -2.839410054430402, 0.0 ], [ 120.316966676071274, -2.839551158958784, 0.0 ] ] ] ] } },
{ "type": "Feature", "properties": { "PROVINSI": "Prov. Sulawesi Selatan", "KABUPATEN": "Kab. Luwu Utara", "KECAMATAN": "Kec. Malangke Barat", "DESA_KEL": "Desa Pembuniang", "POKTAN": "Bunga Desa", "KET_POKTAN": "Suparman Abidin", "NO_HP": "085398679816", "NAMA_PEMIL": "Pemerintah Desa Pembuniang 7", "NO_PETAK": "PB02", "LUAS_Ha": 9.79, "PAKET": "Sulawesi Selatan 1" }, "geometry": { "type": "MultiPolygon", "coordinates": [ [ [ [ 120.31801085821462, -2.838049558240471, 0.0 ], [ 120.318600199239881, -2.839493835272208, 0.0 ], [ 120.318352963018924, -2.83929099768136, 0.0 ], [ 120.31798652435873, -2.839268949902078, 0.0 ], [ 120.317637744786111, -2.839198398087547, 0.0 ], [ 120.317443487626861, -2.839229264618837, 0.0 ], [ 120.317319870415758, -2.839251312398119, 0.0 ], [ 120.316962260400032, -2.839180759684268, 0.0 ], [ 120.316820983201865, -2.839105798493733, 0.0 ], [ 120.316631140814593, -2.839039655155887, 0.0 ], [ 120.316476618401225, -2.839110207869737, 0.0 ], [ 120.316220552636423, -2.839017608275981, 0.0 ], [ 120.315924753025001, -2.838898551526881, 0.0 ], [ 120.31545965334044, -2.838829204803915, 0.0 ], [ 120.314960885736355, -2.837324526605585, 0.0 ], [ 120.315338040718075, -2.837118817479393, 0.0 ], [ 120.314732435453607, -2.835642551562444, 0.0 ], [ 120.315202136069729, -2.83524427780111, 0.0 ], [ 120.315723650226346, -2.835720505696713, 0.0 ], [ 120.316498470128408, -2.836248821425897, 0.0 ], [ 120.317154086691858, -2.836851547960521, 0.0 ], [ 120.317571297477457, -2.837394745670906, 0.0 ], [ 120.31801085821462, -2.838049558240471, 0.0 ] ] ] ] } },
{ "type": "Feature", "properties": { "PROVINSI": "Prov. Sulawesi Selatan", "KABUPATEN": "Kab. Luwu Utara", "KECAMATAN": "Kec. Malangke Barat", "DESA_KEL": "Desa Pembuniang", "POKTAN": "Bunga Desa", "KET_POKTAN": "Suparman Abidin", "NO_HP": "085398679816", "NAMA_PEMIL": "Pemerintah Desa Pembuniang 8", "NO_PETAK": "PB03", "LUAS_Ha": 3.42, "PAKET": "Sulawesi Selatan 1" }, "geometry": { "type": "MultiPolygon", "coordinates": [ [ [ [ 120.314889652235706, -2.83925056686013, 0.0 ], [ 120.315042179053421, -2.839287723249754, 0.0 ], [ 120.315198425466974, -2.839239419763373, 0.0 ], [ 120.315321191020189, -2.839254282858803, 0.0 ], [ 120.315283989664408, -2.841412115276853, 0.0 ], [ 120.315257947995974, -2.841525440646535, 0.0 ], [ 120.315133322644783, -2.841531942744894, 0.0 ], [ 120.314996606807995, -2.841551449939402, 0.0 ], [ 120.314871050658553, -2.841601610525856, 0.0 ], [ 120.314789206956448, -2.841526369646203, 0.0 ], [ 120.314693412970655, -2.841443697668467, 0.0 ], [ 120.314597618984976, -2.841381461884907, 0.0 ], [ 120.314487873816347, -2.841332230298121, 0.0 ], [ 120.314396729325608, -2.841287642810414, 0.0 ], [ 120.314253503296641, -2.841093502563069, 0.0 ], [ 120.314026572868102, -2.840822264335998, 0.0 ], [ 120.313903807314887, -2.840669925476618, 0.0 ], [ 120.313755000992614, -2.840432126741234, 0.0 ], [ 120.313721519232786, -2.840261209687014, 0.0 ], [ 120.313751280497286, -2.840030842948977, 0.0 ], [ 120.313870326454435, -2.8398376317013, 0.0 ], [ 120.313980410667455, -2.839698014651617, 0.0 ], [ 120.314166671055091, -2.839774965142453, 0.0 ], [ 120.314349241524383, -2.839802171433007, 0.0 ], [ 120.314338931696398, -2.839323930854675, 0.0 ], [ 120.314498875222966, -2.839263092617557, 0.0 ], [ 120.314511086217749, -2.838918805158698, 0.0 ], [ 120.31464412112939, -2.839124236394355, 0.0 ], [ 120.314889652235706, -2.83925056686013, 0.0 ] ] ] ] } },
{ "type": "Feature", "properties": { "PROVINSI": "Prov. Sulawesi Selatan", "KABUPATEN": "Kab. Luwu Utara", "KECAMATAN": "Kec. Malangke Barat", "DESA_KEL": "Desa Pembuniang", "POKTAN": "Bunga Desa", "KET_POKTAN": "Suparman Abidin", "NO_HP": "085398679816", "NAMA_PEMIL": "Pemerintah Desa Pembuniang 4", "NO_PETAK": "PB04", "LUAS_Ha": 122.32, "PAKET": "Sulawesi Selatan 1" }, "geometry": { "type": "MultiPolygon", "coordinates": [ [ [ [ 120.314778729854538, -2.842895611743018, 0.0 ], [ 120.314808119699023, -2.842896648661338, 0.0 ], [ 120.314837513140787, -2.842895749339334, 0.0 ], [ 120.314841462963159, -2.842895481341316, 0.0 ], [ 120.314866366089973, -2.842893676402014, 0.0 ], [ 120.314891688300804, -2.842891115132829, 0.0 ], [ 120.314920713919832, -2.842886367611754, 0.0 ], [ 120.314943576484893, -2.842881224388975, 0.0 ], [ 120.314944781576514, -2.842880919518791, 0.0 ], [ 120.314944833737172, -2.842880906928258, 0.0 ], [ 120.314967842891747, -2.842875091012615, 0.0 ], [ 120.314973582365042, -2.842873599037318, 0.0 ], [ 120.315001742836216, -2.842865081558216, 0.0 ], [ 120.315029289969857, -2.842854731260786, 0.0 ], [ 120.315041813928588, -2.842849324536644, 0.0 ], [ 120.315064604547956, -2.842839071366029, 0.0 ], [ 120.315078893875921, -2.842832337242498, 0.0 ], [ 120.315104861800023, -2.84281845980405, 0.0 ], [ 120.315129870147416, -2.842802904230609, 0.0 ], [ 120.315132979103737, -2.842800807910919, 0.0 ], [ 120.315153654517644, -2.842786735319521, 0.0 ], [ 120.315163320430997, -2.842779743989922, 0.0 ], [ 120.315174490010804, -2.842771664480665, 0.0 ], [ 120.315197265341567, -2.842752959481459, 0.0 ], [ 120.315214394728628, -2.842737121520884, 0.0 ], [ 120.315232329008836, -2.842719655787448, 0.0 ], [ 120.315236710505815, -2.842715330947726, 0.0 ], [ 120.315241535368614, -2.842710176033734, 0.0 ], [ 120.315291148267988, -2.842729838810953, 0.0 ], [ 120.315310497181713, -2.84273699561578, 0.0 ], [ 120.315321509380169, -2.842740624380269, 0.0 ], [ 120.315407827209469, -2.842767832469463, 0.0 ], [ 120.31542493591212, -2.842772853384417, 0.0 ], [ 120.315438857417348, -2.842776399411264, 0.0 ], [ 120.315458093016673, -2.842780972463856, 0.0 ], [ 120.315526905542356, -2.842797328433903, 0.0 ], [ 120.315541593269927, -2.842800559698048, 0.0 ], [ 120.315558477142076, -2.842803641674664, 0.0 ], [ 120.315596299929325, -2.842809797534073, 0.0 ], [ 120.315647774425315, -2.842818175618277, 0.0 ], [ 120.315659893689258, -2.842819978758939, 0.0 ], [ 120.315679718344427, -2.842822200983733, 0.0 ], [ 120.315769820520813, -2.842830270600473, 0.0 ], [ 120.315779255308485, -2.842831014339765, 0.0 ], [ 120.315801975780573, -2.842831985607575, 0.0 ], [ 120.315892422397383, -2.842833546830661, 0.0 ], [ 120.315899092669042, -2.842833612481172, 0.0 ], [ 120.315924605536225, -2.842832942486268, 0.0 ], [ 120.31601492984521, -2.842827990819046, 0.0 ], [ 120.316018810419791, -2.842827760592627, 0.0 ], [ 120.316046976286998, -2.842825073418339, 0.0 ], [ 120.3160531474349, -2.842824287410906, 0.0 ], [ 120.316136736721091, -2.842813629545333, 0.0 ], [ 120.31613782400143, -2.842813489251057, 0.0 ], [ 120.316144836015383, -2.842812341716126, 0.0 ], [ 120.316166849620458, -2.842808739931343, 0.0 ], [ 120.316168509769, -2.842808408980829, 0.0 ], [ 120.316257206305067, -2.842790535854476, 0.0 ], [ 120.316284201254916, -2.842784219915757, 0.0 ], [ 120.31630129916573, -2.842779289832322, 0.0 ], [ 120.316319897145604, -2.842773525178018, 0.0 ], [ 120.316333062321064, -2.842782995039158, 0.0 ], [ 120.316344017862207, -2.842790632981291, 0.0 ], [ 120.316368954263908, -2.842806305466581, 0.0 ], [ 120.316382496255301, -2.842813897543294, 0.0 ], [ 120.316396832348005, -2.842821612827095, 0.0 ], [ 120.3163968836094, -2.8428216398068, 0.0 ], [ 120.316400579822925, -2.842823628207839, 0.0 ], [ 120.316412888843843, -2.84283000799843, 0.0 ], [ 120.316421557409058, -2.842834215026983, 0.0 ], [ 120.316485387690591, -2.842864356704638, 0.0 ], [ 120.316577473771417, -2.842907837126916, 0.0 ], [ 120.316741627024498, -2.842985347895421, 0.0 ], [ 120.316831510665793, -2.84302778870142, 0.0 ], [ 120.316865913331299, -2.843044034054856, 0.0 ], [ 120.316875136778208, -2.843060152603925, 0.0 ], [ 120.316893965883878, -2.843100674256675, 0.0 ], [ 120.316909306519392, -2.843142656408418, 0.0 ], [ 120.316921046269385, -2.843185795088345, 0.0 ], [ 120.316929102396216, -2.843229786325537, 0.0 ], [ 120.316932391216938, -2.843263733034803, 0.0 ], [ 120.316927558260318, -2.843403559626552, 0.0 ], [ 120.316924155225593, -2.843501996719738, 0.0 ], [ 120.316922730699503, -2.843543229736213, 0.0 ], [ 120.316912523394308, -2.843724347800389, 0.0 ], [ 120.316905317126725, -2.843852234093276, 0.0 ], [ 120.316904630944009, -2.843872284478323, 0.0 ], [ 120.316903856627732, -2.843936099471364, 0.0 ], [ 120.316903723528071, -2.843947191709503, 0.0 ], [ 120.316903692051824, -2.843951625367197, 0.0 ], [ 120.316904585078646, -2.84398117978759, 0.0 ], [ 120.316904737064078, -2.843983495541863, 0.0 ], [ 120.316909816434986, -2.844058208519471, 0.0 ], [ 120.316912480226847, -2.844085326676463, 0.0 ], [ 120.316913732083094, -2.844094349574505, 0.0 ], [ 120.316923590451438, -2.844160503704245, 0.0 ], [ 120.316924769462616, -2.844168411442979, 0.0 ], [ 120.316928239946378, -2.844188572444637, 0.0 ], [ 120.316931556646068, -2.844204099239732, 0.0 ], [ 120.316948476491007, -2.844277028861768, 0.0 ], [ 120.316951769808384, -2.844290314546356, 0.0 ], [ 120.31695809743826, -2.844312066448651, 0.0 ], [ 120.31698079272951, -2.844383393478779, 0.0 ], [ 120.31698293581394, -2.84438995673105, 0.0 ], [ 120.316993182689316, -2.844417536240258, 0.0 ], [ 120.31702150593776, -2.844486799326262, 0.0 ], [ 120.317021553601876, -2.844486917137488, 0.0 ], [ 120.317033627899718, -2.844513877913073, 0.0 ], [ 120.317036583071967, -2.844519826029114, 0.0 ], [ 120.317059594025068, -2.84456531553684, 0.0 ], [ 120.317070349916776, -2.844586577308633, 0.0 ], [ 120.317081196639947, -2.844606736511651, 0.0 ], [ 120.317088022494318, -2.844618287403989, 0.0 ], [ 120.317127017098187, -2.844682092504513, 0.0 ], [ 120.317135662281089, -2.844695687555884, 0.0 ], [ 120.31714715831481, -2.844712259363234, 0.0 ], [ 120.317171802436746, -2.844746141321309, 0.0 ], [ 120.317182452208499, -2.844766410241618, 0.0 ], [ 120.317190095546493, -2.844780356927856, 0.0 ], [ 120.317205566583652, -2.844805502871623, 0.0 ], [ 120.317207176370175, -2.844807902262858, 0.0 ], [ 120.314674254713168, -2.851831347538621, 0.0 ], [ 120.313981204768879, -2.85186765406894, 0.0 ], [ 120.313013662850267, -2.852300060699179, 0.0 ], [ 120.312718250846615, -2.852432083873509, 0.0 ], [ 120.312658179731216, -2.852458930435262, 0.0 ], [ 120.309731347823458, -2.853008339763051, 0.0 ], [ 120.309727054460041, -2.852985411547479, 0.0 ], [ 120.309709739812661, -2.85293140366133, 0.0 ], [ 120.30968583043682, -2.852880003809105, 0.0 ], [ 120.309655703148223, -2.852832022279983, 0.0 ], [ 120.309638295870741, -2.852809358465095, 0.0 ], [ 120.309617938816928, -2.852785890656264, 0.0 ], [ 120.309593059072427, -2.852761134119021, 0.0 ], [ 120.309558079941553, -2.852728939289079, 0.0 ], [ 120.309541910131088, -2.852714755181751, 0.0 ], [ 120.309507540740469, -2.852688724305153, 0.0 ], [ 120.309468340191756, -2.852661892132573, 0.0 ], [ 120.309457129243128, -2.85265446193381, 0.0 ], [ 120.309407739375729, -2.852627009229025, 0.0 ], [ 120.309353426619396, -2.852605383231776, 0.0 ], [ 120.309305817409609, -2.852590164004823, 0.0 ], [ 120.309255621749571, -2.852577277619218, 0.0 ], [ 120.309210603486576, -2.852568463363866, 0.0 ], [ 120.309157222427984, -2.852561067339366, 0.0 ], [ 120.309109391085599, -2.852557354937915, 0.0 ], [ 120.3091040742936, -2.852556974524703, 0.0 ], [ 120.309057597330366, -2.85255634679794, 0.0 ], [ 120.309009659868025, -2.852558194005383, 0.0 ], [ 120.308999702574283, -2.852558689531861, 0.0 ], [ 120.308958110728327, -2.85256318344409, 0.0 ], [ 120.308922302422388, -2.852568757442157, 0.0 ], [ 120.308914957659226, -2.852533756727439, 0.0 ], [ 120.308910781207601, -2.852515692944849, 0.0 ], [ 120.308904562395696, -2.852493490482175, 0.0 ], [ 120.30888152446289, -2.852418618324521, 0.0 ], [ 120.308870428627415, -2.852386812901045, 0.0 ], [ 120.308867488743658, -2.852379484325695, 0.0 ], [ 120.30883769960019, -2.852307059223335, 0.0 ], [ 120.30881912140535, -2.852267433295367, 0.0 ], [ 120.308783858987908, -2.85220002641006, 0.0 ], [ 120.308780444262197, -2.852193625035738, 0.0 ], [ 120.308761066570014, -2.852161277321045, 0.0 ], [ 120.308753397151577, -2.852149606818841, 0.0 ], [ 120.308676348634663, -2.852032359505756, 0.0 ], [ 120.308457082228642, -2.851698692140872, 0.0 ], [ 120.308450402064409, -2.851682248037264, 0.0 ], [ 120.308436467968704, -2.851652588396178, 0.0 ], [ 120.308433836552354, -2.851646986519143, 0.0 ], [ 120.308370378590212, -2.851510835456622, 0.0 ], [ 120.308357884308975, -2.851486078919379, 0.0 ], [ 120.308327757020379, -2.851438096490938, 0.0 ], [ 120.308291885761946, -2.851394289614746, 0.0 ], [ 120.30825083710647, -2.851355348970117, 0.0 ], [ 120.308205256767224, -2.851321888794075, 0.0 ], [ 120.308155866000448, -2.85129443518997, 0.0 ], [ 120.308102105427906, -2.851272988157803, 0.0 ], [ 120.307997169833584, -2.851239157461123, 0.0 ], [ 120.307966430106717, -2.851230446627767, 0.0 ], [ 120.307959951390671, -2.851228858425031, 0.0 ], [ 120.307828591016687, -2.851196650105294, 0.0 ], [ 120.307807366117117, -2.851191989818403, 0.0 ], [ 120.307757640802492, -2.851185200836312, 0.0 ], [ 120.307712116221296, -2.851181572071823, 0.0 ], [ 120.307634010101538, -2.851175345165984, 0.0 ], [ 120.307627758914009, -2.851174891008384, 0.0 ], [ 120.307599543584161, -2.851173932331051, 0.0 ], [ 120.307586642809383, -2.851173902653443, 0.0 ], [ 120.307545532100676, -2.851143722304869, 0.0 ], [ 120.307496142233276, -2.851116268700821, 0.0 ], [ 120.307443718053264, -2.851095256940482, 0.0 ], [ 120.307389089634853, -2.851081016175897, 0.0 ], [ 120.307349610296342, -2.851075162488712, 0.0 ], [ 120.307326005790628, -2.851072732520549, 0.0 ], [ 120.307284394159524, -2.851068449948968, 0.0 ], [ 120.307206964330021, -2.851060480157003, 0.0 ], [ 120.307190467166379, -2.851059090704439, 0.0 ], [ 120.307134032010026, -2.851058957604778, 0.0 ], [ 120.307078025830265, -2.851065938142483, 0.0 ], [ 120.30707118019086, -2.851067290722824, 0.0 ], [ 120.306971725964445, -2.851087735910255, 0.0 ], [ 120.306905640183231, -2.851089534554319, 0.0 ], [ 120.306892100889854, -2.851057945867467, 0.0 ], [ 120.306888232006372, -2.851031373598971, 0.0 ], [ 120.306884151782242, -2.85100774930811, 0.0 ], [ 120.306877392477759, -2.850973950087678, 0.0 ], [ 120.306866159046081, -2.850917787425885, 0.0 ], [ 120.30686364184362, -2.850905197816587, 0.0 ], [ 120.306858462648051, -2.850882382016266, 0.0 ], [ 120.30683243177134, -2.850780514908763, 0.0 ], [ 120.306825891002177, -2.850757474277941, 0.0 ], [ 120.306822077876632, -2.850745274075109, 0.0 ], [ 120.306794687225079, -2.850657665718643, 0.0 ], [ 120.306786938666392, -2.850635001004434, 0.0 ], [ 120.306763801808074, -2.8505727481338, 0.0 ], [ 120.306754050459176, -2.850521537139173, 0.0 ], [ 120.306743590444398, -2.850444171161541, 0.0 ], [ 120.306737301485327, -2.850366348328293, 0.0 ], [ 120.306735203366998, -2.850288297966529, 0.0 ], [ 120.306737302384704, -2.850210246705501, 0.0 ], [ 120.306743590444398, -2.850132422073557, 0.0 ], [ 120.306754050459176, -2.850055055196606, 0.0 ], [ 120.306770936129851, -2.849966373948973, 0.0 ], [ 120.306773914684527, -2.849948875839914, 0.0 ], [ 120.306807543033756, -2.849724956341618, 0.0 ], [ 120.306809142927705, -2.849713239973994, 0.0 ], [ 120.306823211022447, -2.849595403604951, 0.0 ], [ 120.306836208024606, -2.849486461530944, 0.0 ], [ 120.30683763075217, -2.849472769352758, 0.0 ], [ 120.306857631674461, -2.849247206793109, 0.0 ], [ 120.306858639814436, -2.849233472346839, 0.0 ], [ 120.306871794198059, -2.849007400770859, 0.0 ], [ 120.30687238595192, -2.848993644740858, 0.0 ], [ 120.306878683004925, -2.848767274589989, 0.0 ], [ 120.306878857473407, -2.848754601343728, 0.0 ], [ 120.306878291799762, -2.848527049483721, 0.0 ], [ 120.306878048982867, -2.848513281762507, 0.0 ], [ 120.306870620582686, -2.848286946685221, 0.0 ], [ 120.306869960480299, -2.848273191554483, 0.0 ], [ 120.306855676548253, -2.848047190125669, 0.0 ], [ 120.306854600059751, -2.848033461974637, 0.0 ], [ 120.306833473186316, -2.847808002837041, 0.0 ], [ 120.306832010888684, -2.847794559771046, 0.0 ], [ 120.306804032080436, -2.847569607851085, 0.0 ], [ 120.306793647608856, -2.84751433282014, 0.0 ], [ 120.306778994954698, -2.847467300075778, 0.0 ], [ 120.30677405228073, -2.847454019787108, 0.0 ], [ 120.306771390287508, -2.847447045544641, 0.0 ], [ 120.306747480012291, -2.847395644793153, 0.0 ], [ 120.30674060919182, -2.847383459878699, 0.0 ], [ 120.306733991080932, -2.847372137414141, 0.0 ], [ 120.306710206710704, -2.847335437880133, 0.0 ], [ 120.306688387359259, -2.847307477957713, 0.0 ], [ 120.30667925204591, -2.847296675301266, 0.0 ], [ 120.306665200138923, -2.847280829246813, 0.0 ], [ 120.306624068745805, -2.847241818455132, 0.0 ], [ 120.306613134788449, -2.847232690336341, 0.0 ], [ 120.30656772262239, -2.847199369555199, 0.0 ], [ 120.306549197487584, -2.847188109143872, 0.0 ], [ 120.306536956815194, -2.847181067452254, 0.0 ], [ 120.306506091183223, -2.847164874259477, 0.0 ], [ 120.306466417591196, -2.847148275472478, 0.0 ], [ 120.306453153490338, -2.847143459602933, 0.0 ], [ 120.306440403801616, -2.84713904752897, 0.0 ], [ 120.306385775383319, -2.847124806764384, 0.0 ], [ 120.306378007938747, -2.847123369647761, 0.0 ], [ 120.306364116111126, -2.847120925290426, 0.0 ], [ 120.306315909751447, -2.847115119267301, 0.0 ], [ 120.306286635020228, -2.847114159690648, 0.0 ], [ 120.306272532751223, -2.847114159690648, 0.0 ], [ 120.306245374124728, -2.847114987066959, 0.0 ], [ 120.306195075942014, -2.847120924391106, 0.0 ], [ 120.306181184114394, -2.847123369647761, 0.0 ], [ 120.306175475218083, -2.84712441106268, 0.0 ], [ 120.306120781149161, -2.847138395520517, 0.0 ], [ 120.306106041260819, -2.847143457804293, 0.0 ], [ 120.306092776260698, -2.847148272774518, 0.0 ], [ 120.306054995741533, -2.847163974937473, 0.0 ], [ 120.306022215452913, -2.847181076445452, 0.0 ], [ 120.306009974780522, -2.847188118137069, 0.0 ], [ 120.305993238397264, -2.84719823820808, 0.0 ], [ 120.305946780319687, -2.847232085092628, 0.0 ], [ 120.305935207843618, -2.847241745610006, 0.0 ], [ 120.305895424534242, -2.847279289607457, 0.0 ], [ 120.305879940007344, -2.847296669905347, 0.0 ], [ 120.305870804693996, -2.847307472561738, 0.0 ], [ 120.30585021561501, -2.847333729168213, 0.0 ], [ 120.30582573247159, -2.847371220105686, 0.0 ], [ 120.305818586458713, -2.847383445489584, 0.0 ], [ 120.305812719281676, -2.847393793089054, 0.0 ], [ 120.305788570686104, -2.847445080525972, 0.0 ], [ 120.305785140671787, -2.847454005397992, 0.0 ], [ 120.305780197098443, -2.847467284787342, 0.0 ], [ 120.30576606155455, -2.847512285963205, 0.0 ], [ 120.305755357823614, -2.847567999863259, 0.0 ], [ 120.305751682294385, -2.847624623877266, 0.0 ], [ 120.305753248014071, -2.847663376563503, 0.0 ], [ 120.305777616943487, -2.847956054628185, 0.0 ], [ 120.305795207682763, -2.848244194713743, 0.0 ], [ 120.305806427624589, -2.848532655857355, 0.0 ], [ 120.305811271373159, -2.84882129596599, 0.0 ], [ 120.305809735331081, -2.849109972047529, 0.0 ], [ 120.305801820397733, -2.849398544707014, 0.0 ], [ 120.305787532868408, -2.849686869153629, 0.0 ], [ 120.305766878139025, -2.849974801495819, 0.0 ], [ 120.305740829275919, -2.850251948268749, 0.0 ], [ 120.305728860198769, -2.850325585657231, 0.0 ], [ 120.305726652363205, -2.850340786897732, 0.0 ], [ 120.305724605506157, -2.850360013503746, 0.0 ], [ 120.30571699364441, -2.850449620153825, 0.0 ], [ 120.305715379361345, -2.850484279126135, 0.0 ], [ 120.305715028625741, -2.850526226204352, 0.0 ], [ 120.305608374427038, -2.850489237088595, 0.0 ], [ 120.305416929447802, -2.850402015440636, 0.0 ], [ 120.305224416073997, -2.850314306360076, 0.0 ], [ 120.305204106684187, -2.850305651284714, 0.0 ], [ 120.305132863291078, -2.850277343324706, 0.0 ], [ 120.305107568959215, -2.850268161246618, 0.0 ], [ 120.305100914875425, -2.850266028054705, 0.0 ], [ 120.305075098037378, -2.850257971028498, 0.0 ], [ 120.305027757724929, -2.850243196066572, 0.0 ], [ 120.304995070965788, -2.850234336845119, 0.0 ], [ 120.304920408350199, -2.850217105834702, 0.0 ], [ 120.304905117177441, -2.850213857483482, 0.0 ], [ 120.304887133434477, -2.850210743131242, 0.0 ], [ 120.304811391632484, -2.850199216520593, 0.0 ], [ 120.304777742598844, -2.850195392603212, 0.0 ], [ 120.304756499712767, -2.85019379091068, 0.0 ], [ 120.304723862416381, -2.85018247114408, 0.0 ], [ 120.304719442248484, -2.850178522220972, 0.0 ], [ 120.304702058353428, -2.850164707735019, 0.0 ], [ 120.30464900284926, -2.850124642038566, 0.0 ], [ 120.304618821601366, -2.850103735498919, 0.0 ], [ 120.304560523949135, -2.850067186151648, 0.0 ], [ 120.304526565548599, -2.850047908284296, 0.0 ], [ 120.304467426130827, -2.850017660486571, 0.0 ], [ 120.304455967868648, -2.850012003750919, 0.0 ], [ 120.304431937983622, -2.850001418730415, 0.0 ], [ 120.30442049051328, -2.849996770134794, 0.0 ], [ 120.304370411765149, -2.84997643826199, 0.0 ], [ 120.304342019268802, -2.849966012421476, 0.0 ], [ 120.304333654674451, -2.849963348629615, 0.0 ], [ 120.304270205705507, -2.849943826146614, 0.0 ], [ 120.304232452166048, -2.849933987563418, 0.0 ], [ 120.304167560684391, -2.849920069655468, 0.0 ], [ 120.304159050399903, -2.84991833126594, 0.0 ], [ 120.304129103875084, -2.849913562161134, 0.0 ], [ 120.304063255514848, -2.849905353149495, 0.0 ], [ 120.304037229134906, -2.849902879114552, 0.0 ], [ 120.304024389513984, -2.849902221710124, 0.0 ], [ 120.303958081600285, -2.849899782748707, 0.0 ], [ 120.303919079801744, -2.849900050746669, 0.0 ], [ 120.303910757475592, -2.849900471629439, 0.0 ], [ 120.303804793956147, -2.8498637217333, 0.0 ], [ 120.303798042745484, -2.8498573167617, 0.0 ], [ 120.303752463305614, -2.849823856585658, 0.0 ], [ 120.303703072538838, -2.849796402981553, 0.0 ], [ 120.303650649258088, -2.849775391221272, 0.0 ], [ 120.303641836801376, -2.849772589833094, 0.0 ], [ 120.303444615476678, -2.849712130210605, 0.0 ], [ 120.303171299815745, -2.849618255378118, 0.0 ], [ 120.303165900286103, -2.849616438747603, 0.0 ], [ 120.303111272767069, -2.849602198882337, 0.0 ], [ 120.303055298962931, -2.849594954843269, 0.0 ], [ 120.303027083633083, -2.849593997065256, 0.0 ], [ 120.303070689061087, -2.846877531872565, 0.0 ], [ 120.303485692011122, -2.845069644548403, 0.0 ], [ 120.303843301127472, -2.843649788606797, 0.0 ], [ 120.303987544289839, -2.843452704878359, 0.0 ], [ 120.30400193793912, -2.843459303204213, 0.0 ], [ 120.304020320981067, -2.843466537350764, 0.0 ], [ 120.30409891273473, -2.843495481131527, 0.0 ], [ 120.304124864470964, -2.843505039126228, 0.0 ], [ 120.304131407038881, -2.843507368370297, 0.0 ], [ 120.304133979999278, -2.843508284779489, 0.0 ], [ 120.304162100900271, -2.843516934458933, 0.0 ], [ 120.304190724522414, -2.843523716246466, 0.0 ], [ 120.304219727658392, -2.843528600464481, 0.0 ], [ 120.304240270871901, -2.843530683294375, 0.0 ], [ 120.304248985302479, -2.843531567327943, 0.0 ], [ 120.304278375146964, -2.843532604246263, 0.0 ], [ 120.30429726540649, -2.843532648313044, 0.0 ], [ 120.304387764184071, -2.843532860553012, 0.0 ], [ 120.304417157625835, -2.843531962130328, 0.0 ], [ 120.304446430558414, -2.843529132863125, 0.0 ], [ 120.304475455278066, -2.84352438444273, 0.0 ], [ 120.30450410947708, -2.843517737553498, 0.0 ], [ 120.304532269948368, -2.843509220074395, 0.0 ], [ 120.304544142798022, -2.843505010347883, 0.0 ], [ 120.304715322454285, -2.843552892951607, 0.0 ], [ 120.304797942271307, -2.843576003729538, 0.0 ], [ 120.305056258139871, -2.843654643147204, 0.0 ], [ 120.305280041840547, -2.843728374964485, 0.0 ], [ 120.305301043708255, -2.843739692932445, 0.0 ], [ 120.305313625223675, -2.84374621841323, 0.0 ], [ 120.305340382752547, -2.843758485165893, 0.0 ], [ 120.30534456639873, -2.843760213662904, 0.0 ], [ 120.305403256155387, -2.843784123938121, 0.0 ], [ 120.305426571079465, -2.843792875240979, 0.0 ], [ 120.305448730374678, -2.843799858476643, 0.0 ], [ 120.305509626168373, -2.843817326908038, 0.0 ], [ 120.30551558687489, -2.843818992452498, 0.0 ], [ 120.305544211396295, -2.843825774240031, 0.0 ], [ 120.305556499732688, -2.843828083699066, 0.0 ], [ 120.305618903689492, -2.843838909737826, 0.0 ], [ 120.305635618489077, -2.843841485396183, 0.0 ], [ 120.305664876133164, -2.843844452259589, 0.0 ], [ 120.305666650495596, -2.843844570070814, 0.0 ], [ 120.305729845855808, -2.843848631409173, 0.0 ], [ 120.305757461337862, -2.843849550516268, 0.0 ], [ 120.305777922712991, -2.843849128734234, 0.0 ], [ 120.305841190019009, -2.843846378607452, 0.0 ], [ 120.305850122085531, -2.843845901067425, 0.0 ], [ 120.305879394118847, -2.843843070900959, 0.0 ], [ 120.305889044743708, -2.843841710226684, 0.0 ], [ 120.305951655544504, -2.843832179211631, 0.0 ], [ 120.305971030538672, -2.843828792364832, 0.0 ], [ 120.305998747644139, -2.843822394587789, 0.0 ], [ 120.30605998877752, -2.843806190603175, 0.0 ], [ 120.306060926770442, -2.843805942390304, 0.0 ], [ 120.306089087241617, -2.843797424911202, 0.0 ], [ 120.306105757974365, -2.843791408446691, 0.0 ], [ 120.306164926170482, -2.843768720350113, 0.0 ], [ 120.306175802571261, -2.843764386517194, 0.0 ], [ 120.306202615858069, -2.843752245669577, 0.0 ], [ 120.306208873340893, -2.843749100740354, 0.0 ], [ 120.30626529230949, -2.843720186637256, 0.0 ], [ 120.306285002750769, -2.843709454127975, 0.0 ], [ 120.3063068976453, -2.843695961599281, 0.0 ], [ 120.306359921673106, -2.843661151540857, 0.0 ], [ 120.306363036025346, -2.843659088496111, 0.0 ], [ 120.306386978676187, -2.843641921337564, 0.0 ], [ 120.306397607763415, -2.84363350278386, 0.0 ], [ 120.306478990113419, -2.843567023099581, 0.0 ], [ 120.306493307320352, -2.843556510924202, 0.0 ], [ 120.306554314630034, -2.843511715693069, 0.0 ], [ 120.306632373984939, -2.843460385088633, 0.0 ], [ 120.306712960434879, -2.843413163486673, 0.0 ], [ 120.30679585724306, -2.843370181288776, 0.0 ], [ 120.306835095563315, -2.843352345933965, 0.0 ], [ 120.306880844975126, -2.843331550910307, 0.0 ], [ 120.306967705095531, -2.843297372175925, 0.0 ], [ 120.30703695109446, -2.84327418225763, 0.0 ], [ 120.307056198384885, -2.843267737715848, 0.0 ], [ 120.307118499819012, -2.843250404182754, 0.0 ], [ 120.307193228085112, -2.84324351177861, 0.0 ], [ 120.307215122080265, -2.843242829193173, 0.0 ], [ 120.30722513782996, -2.843245778070127, 0.0 ], [ 120.307229346657095, -2.843247729599, 0.0 ], [ 120.307255471063172, -2.843284686339132, 0.0 ], [ 120.307264600980602, -2.843297143748146, 0.0 ], [ 120.307283203457132, -2.843320044084692, 0.0 ], [ 120.307284100081233, -2.843321073808454, 0.0 ], [ 120.30730940250703, -2.843350043669545, 0.0 ], [ 120.307335226539521, -2.84339416171116, 0.0 ], [ 120.307350234425826, -2.843419802282028, 0.0 ], [ 120.307363296179233, -2.843440782566006, 0.0 ], [ 120.30738036890898, -2.843464857417189, 0.0 ], [ 120.307398972284773, -2.843487757753792, 0.0 ], [ 120.307419023569196, -2.84350938554968, 0.0 ], [ 120.307440440923642, -2.843529649074014, 0.0 ], [ 120.307463129020221, -2.843548460193233, 0.0 ], [ 120.307470374857985, -2.843553960446854, 0.0 ], [ 120.307539655031064, -2.843605461922493, 0.0 ], [ 120.307556273603154, -2.843617240343292, 0.0 ], [ 120.307568413551508, -2.843625155276641, 0.0 ], [ 120.307641451092195, -2.843671113331141, 0.0 ], [ 120.30765424664628, -2.843678870883139, 0.0 ], [ 120.307671635037991, -2.843688509816843, 0.0 ], [ 120.307747988378992, -2.843728648358365, 0.0 ], [ 120.307756502260872, -2.84373300827167, 0.0 ], [ 120.307779429577067, -2.843743648150792, 0.0 ], [ 120.307858643661575, -2.843777725261759, 0.0 ], [ 120.307862472974762, -2.843779352135357, 0.0 ], [ 120.307889971545023, -2.843789831935169, 0.0 ], [ 120.307891139764365, -2.843790232133472, 0.0 ], [ 120.307972738850935, -2.843818045466378, 0.0 ], [ 120.307999691532586, -2.843826294048199, 0.0 ], [ 120.308006095604924, -2.843827984773611, 0.0 ], [ 120.30808958866362, -2.843849367054588, 0.0 ], [ 120.308111808213425, -2.843854458116709, 0.0 ], [ 120.308123622607127, -2.843856684838102, 0.0 ], [ 120.308208511413682, -2.84387150656471, 0.0 ], [ 120.308225701055335, -2.84387416406139, 0.0 ], [ 120.308242990521649, -2.843876152462428, 0.0 ], [ 120.308328766059731, -2.843884328199124, 0.0 ], [ 120.308340734237504, -2.843885305762228, 0.0 ], [ 120.30836350956838, -2.843886277929357, 0.0 ], [ 120.308449656526477, -2.843887755515482, 0.0 ], [ 120.308456271040086, -2.843887819367296, 0.0 ], [ 120.308484446799866, -2.84388699648764, 0.0 ], [ 120.308570448967089, -2.84388176692994, 0.0 ], [ 120.308571666649186, -2.843881691386912, 0.0 ], [ 120.30859380975653, -2.843879730864842, 0.0 ], [ 120.308600792992252, -2.843878935864154, 0.0 ], [ 120.308643892102054, -2.843874039055606, 0.0 ], [ 120.308676786604451, -2.843872893319315, 0.0 ], [ 120.30870966401983, -2.8438743241407, 0.0 ], [ 120.308742330993823, -2.843878324325146, 0.0 ], [ 120.308774591474275, -2.843884870490342, 0.0 ], [ 120.308806249408917, -2.843893919468769, 0.0 ], [ 120.30885275694925, -2.843911250303904, 0.0 ], [ 120.308926118245836, -2.843938895463623, 0.0 ], [ 120.308985957336176, -2.84396571504567, 0.0 ], [ 120.309044067030186, -2.843996137311819, 0.0 ], [ 120.309100232389824, -2.844030051645518, 0.0 ], [ 120.309154245671948, -2.844067331242286, 0.0 ], [ 120.309205910824176, -2.84410783940524, 0.0 ], [ 120.30925503359299, -2.844151425048153, 0.0 ], [ 120.309290379647337, -2.84418685024292, 0.0 ], [ 120.309291256486404, -2.844187993281196, 0.0 ], [ 120.309308543254701, -2.844209169617443, 0.0 ], [ 120.309328595438387, -2.844230797413331, 0.0 ], [ 120.309339750629078, -2.844241681908045, 0.0 ], [ 120.30936214374799, -2.844262790795085, 0.0 ], [ 120.309372405911859, -2.844272169824706, 0.0 ], [ 120.309395094008437, -2.844290980943981, 0.0 ], [ 120.309418556421292, -2.844307988023161, 0.0 ], [ 120.309444020724982, -2.844325223530177, 0.0 ], [ 120.309444423621358, -2.844325494226155, 0.0 ], [ 120.309469360023058, -2.844341167610764, 0.0 ], [ 120.309495262296537, -2.844355166457717, 0.0 ], [ 120.309506882436722, -2.844360755744219, 0.0 ], [ 120.309534760520819, -2.844373672706809, 0.0 ], [ 120.309549897010243, -2.844380349273649, 0.0 ], [ 120.309577395580391, -2.844390829972781, 0.0 ], [ 120.3096024848669, -2.844398642383396, 0.0 ], [ 120.309632059971705, -2.844406909850989, 0.0 ], [ 120.309635092485564, -2.844407745321121, 0.0 ], [ 120.309663716107707, -2.844414527108711, 0.0 ], [ 120.309692719243685, -2.844419411326726, 0.0 ], [ 120.309702872589583, -2.84442066228371, 0.0 ], [ 120.30973338209003, -2.844424064419002, 0.0 ], [ 120.309752487287483, -2.84442578032548, 0.0 ], [ 120.309781877131968, -2.8444268172438, 0.0 ], [ 120.309805470845845, -2.844426248872253, 0.0 ], [ 120.309836127835069, -2.844424700239699, 0.0 ], [ 120.309841927562957, -2.844424369289186, 0.0 ], [ 120.309871199596273, -2.844421540021983, 0.0 ], [ 120.309900224315925, -2.844416792500908, 0.0 ], [ 120.309907632930958, -2.844415263653445, 0.0 ], [ 120.309910705015113, -2.844414601752419, 0.0 ], [ 120.309937670287354, -2.844408798427253, 0.0 ], [ 120.309958895186924, -2.844403683982762, 0.0 ], [ 120.309987055658098, -2.844395166503659, 0.0 ], [ 120.310006753508901, -2.844387977323265, 0.0 ], [ 120.310035355547257, -2.844376770871236, 0.0 ], [ 120.310043203930832, -2.844373610653577, 0.0 ], [ 120.310070018116903, -2.84436146980596, 0.0 ], [ 120.310095985141629, -2.844347592367455, 0.0 ], [ 120.310100229941668, -2.844345111137898, 0.0 ], [ 120.310126681701036, -2.844329449444501, 0.0 ], [ 120.310147446147766, -2.844316375100561, 0.0 ], [ 120.310171388798608, -2.844299207942072, 0.0 ], [ 120.310185701508999, -2.844287747881197, 0.0 ], [ 120.310203178933648, -2.844273158179647, 0.0 ], [ 120.310209319504565, -2.844268032043999, 0.0 ], [ 120.310217783024314, -2.844260788004931, 0.0 ], [ 120.310222860596582, -2.844256028792643, 0.0 ], [ 120.310235577010303, -2.844248634566782, 0.0 ], [ 120.310259394655418, -2.844233767874016, 0.0 ], [ 120.310266680962627, -2.844228793723801, 0.0 ], [ 120.310295672407392, -2.844208579662165, 0.0 ], [ 120.310331379989293, -2.844183681032007, 0.0 ], [ 120.310348034534172, -2.844171491621012, 0.0 ], [ 120.310360767135762, -2.844161343671033, 0.0 ], [ 120.31042157209788, -2.844111055380836, 0.0 ], [ 120.31043161662592, -2.844102498331608, 0.0 ], [ 120.310449040990534, -2.844086372587981, 0.0 ], [ 120.3105055444953, -2.844031246844509, 0.0 ], [ 120.310509630115348, -2.844027209787839, 0.0 ], [ 120.310529783023185, -2.844005676420807, 0.0 ], [ 120.310530907175689, -2.84400438769228, 0.0 ], [ 120.310573330894613, -2.843955603068594, 0.0 ], [ 120.310582739601841, -2.843944784224391, 0.0 ], [ 120.310600315052511, -2.843923268843753, 0.0 ], [ 120.310605823400124, -2.843915932174468, 0.0 ], [ 120.310652519798055, -2.8438524058638, 0.0 ], [ 120.31068980658938, -2.843858407939138, 0.0 ], [ 120.310701145241751, -2.843860083376114, 0.0 ], [ 120.310703192998062, -2.843860354971355, 0.0 ], [ 120.310862396382504, -2.843881060062813, 0.0 ], [ 120.31088468158282, -2.843883958577806, 0.0 ], [ 120.3108981219508, -2.843885500015745, 0.0 ], [ 120.311078230975681, -2.843903401920443, 0.0 ], [ 120.311126449925837, -2.843908633276783, 0.0 ], [ 120.31115639375264, -2.843914621862268, 0.0 ], [ 120.311185684671727, -2.843923258051859, 0.0 ], [ 120.311214104147666, -2.843934477094422, 0.0 ], [ 120.311241421054774, -2.843948186359682, 0.0 ], [ 120.311257260814045, -2.843957991667935, 0.0 ], [ 120.311270668806401, -2.843974496925455, 0.0 ], [ 120.311277954214233, -2.843982687051323, 0.0 ], [ 120.311315383098531, -2.844023742901356, 0.0 ], [ 120.311328149874271, -2.844037181470696, 0.0 ], [ 120.311349567228831, -2.84405744499503, 0.0 ], [ 120.311350965674592, -2.844058677965563, 0.0 ], [ 120.311392676231094, -2.84409532443965, 0.0 ], [ 120.311413966781174, -2.844112902588336, 0.0 ], [ 120.311431881276349, -2.844126094743444, 0.0 ], [ 120.311477365388214, -2.844157883079788, 0.0 ], [ 120.311483314403517, -2.844161969599156, 0.0 ], [ 120.311508250805218, -2.844177642983766, 0.0 ], [ 120.3115197117653, -2.844184108209959, 0.0 ], [ 120.311568410054178, -2.844210648102887, 0.0 ], [ 120.311582852266838, -2.844218180824328, 0.0 ], [ 120.311609608896447, -2.844230446677727, 0.0 ], [ 120.31161337165986, -2.844232004303535, 0.0 ], [ 120.311664687875123, -2.844252971097717, 0.0 ], [ 120.311688423681858, -2.844261894171041, 0.0 ], [ 120.311711721518805, -2.84426920206198, 0.0 ], [ 120.311765028833065, -2.844284340349986, 0.0 ], [ 120.311769850997848, -2.844285681239171, 0.0 ], [ 120.311798475519254, -2.844292463026704, 0.0 ], [ 120.311813573337758, -2.844295250025709, 0.0 ], [ 120.311859140187266, -2.844302856491595, 0.0 ], [ 120.311868217044662, -2.844304371849262, 0.0 ], [ 120.311882122362135, -2.844306468168895, 0.0 ], [ 120.311911380905599, -2.844309435032358, 0.0 ], [ 120.311917642884964, -2.844309819042849, 0.0 ], [ 120.311972953888812, -2.844312814684599, 0.0 ], [ 120.311996081753819, -2.844313468491748, 0.0 ], [ 120.312022690894537, -2.844312738242252, 0.0 ], [ 120.312077993804451, -2.844309569930658, 0.0 ], [ 120.312080778105496, -2.844309400858094, 0.0 ], [ 120.312086572437465, -2.844308995263873, 0.0 ], [ 120.312157596395991, -2.844303554365467, 0.0 ], [ 120.312181074996715, -2.8443011306926, 0.0 ], [ 120.312195850857847, -2.844298957930505, 0.0 ], [ 120.312197667488476, -2.844298660254935, 0.0 ], [ 120.312197712454577, -2.844298652161001, 0.0 ], [ 120.312266104097489, -2.844287434917135, 0.0 ], [ 120.312280399720748, -2.8442848511649, 0.0 ], [ 120.312303773100666, -2.844279579339059, 0.0 ], [ 120.312372833839277, -2.844262045257153, 0.0 ], [ 120.312378115557635, -2.844260671093025, 0.0 ], [ 120.312406276028923, -2.844252153613922, 0.0 ], [ 120.312409712338422, -2.844250973703424, 0.0 ], [ 120.312477028392209, -2.844227562551907, 0.0 ], [ 120.312501139216238, -2.844218391265713, 0.0 ], [ 120.312512814215097, -2.844213364954783, 0.0 ], [ 120.312577892755598, -2.844184251202194, 0.0 ], [ 120.312593031043662, -2.844177135766131, 0.0 ], [ 120.312612346682499, -2.844167024688375, 0.0 ], [ 120.312674709270482, -2.844132419675361, 0.0 ], [ 120.312681361555633, -2.844128653314669, 0.0 ], [ 120.312706370802402, -2.844113097741229, 0.0 ], [ 120.312707573196008, -2.844112291049328, 0.0 ], [ 120.312766762076421, -2.844072448384736, 0.0 ], [ 120.312789504132411, -2.84405608881741, 0.0 ], [ 120.312797821962022, -2.844049544450854, 0.0 ], [ 120.312802493040635, -2.844045779888802, 0.0 ], [ 120.312802528114275, -2.844045752009777, 0.0 ], [ 120.31285337128611, -2.844004783393984, 0.0 ], [ 120.312867862961525, -2.843992595781629, 0.0 ], [ 120.312882345643743, -2.843979313694319, 0.0 ], [ 120.312933913669212, -2.843929909437747, 0.0 ], [ 120.312940940971657, -2.84392302782544, 0.0 ], [ 120.312960607346213, -2.843902048440725, 0.0 ], [ 120.312989380255772, -2.843869323010779, 0.0 ], [ 120.31302414984475, -2.843838449284931, 0.0 ], [ 120.313043717293795, -2.843820002391169, 0.0 ], [ 120.31305416381872, -2.843809193439483, 0.0 ], [ 120.313104961125077, -2.843754845609567, 0.0 ], [ 120.313114666608612, -2.843744121194163, 0.0 ], [ 120.31313213773808, -2.843722915180365, 0.0 ], [ 120.313177691996998, -2.843664057250407, 0.0 ], [ 120.313178930363392, -2.843662450161901, 0.0 ], [ 120.313196114609013, -2.843638455350401, 0.0 ], [ 120.313201802821027, -2.843629723832635, 0.0 ], [ 120.31320795778106, -2.843620030939633, 0.0 ], [ 120.313241722827343, -2.843566861221632, 0.0 ], [ 120.313251620765755, -2.843550523238036, 0.0 ], [ 120.313262558320503, -2.843530418893693, 0.0 ], [ 120.313296495137251, -2.843464101986683, 0.0 ], [ 120.313299479987108, -2.843458161065257, 0.0 ], [ 120.313311679290678, -2.843431256946928, 0.0 ], [ 120.313313867341208, -2.843425882598353, 0.0 ], [ 120.313341530487264, -2.843356680666204, 0.0 ], [ 120.31334976467997, -2.843334406257782, 0.0 ], [ 120.313355300007174, -2.843316990886365, 0.0 ], [ 120.31337644756502, -2.843245504676247, 0.0 ], [ 120.31337951335388, -2.843234645362543, 0.0 ], [ 120.313386258269247, -2.843205864359106, 0.0 ], [ 120.313386487596404, -2.843204711428257, 0.0 ], [ 120.313400938802374, -2.84313155877436, 0.0 ], [ 120.313405566713641, -2.843103550288561, 0.0 ], [ 120.313407167506853, -2.843089988512133, 0.0 ], [ 120.313414792858453, -2.843015801637875, 0.0 ], [ 120.313416142740834, -2.842999944791586, 0.0 ], [ 120.313417152679563, -2.842973847365101, 0.0 ], [ 120.313417531294135, -2.842935754781195, 0.0 ], [ 120.313421535075804, -2.842933692635768, 0.0 ], [ 120.313440456811691, -2.842923365720708, 0.0 ], [ 120.31345096808775, -2.842917103741286, 0.0 ], [ 120.31352918482412, -2.842869052065055, 0.0 ], [ 120.313543683694093, -2.842859757571716, 0.0 ], [ 120.313557294033899, -2.842850291307855, 0.0 ], [ 120.313631705738658, -2.842796474977263, 0.0 ], [ 120.313642038948956, -2.842788774082635, 0.0 ], [ 120.313658337362426, -2.842775646678717, 0.0 ], [ 120.313728524052181, -2.842716367866046, 0.0 ], [ 120.313735000969587, -2.84271079117002, 0.0 ], [ 120.313753526104392, -2.842693588038628, 0.0 ], [ 120.313819092077551, -2.842629181291613, 0.0 ], [ 120.313822076927408, -2.842626221622766, 0.0 ], [ 120.313842229835132, -2.842604688255733, 0.0 ], [ 120.31384232516325, -2.842604578538442, 0.0 ], [ 120.313902898999686, -2.842535408082597, 0.0 ], [ 120.313921512268053, -2.842512704697526, 0.0 ], [ 120.313924230019211, -2.842509123597154, 0.0 ], [ 120.313979472674532, -2.842435578838831, 0.0 ], [ 120.313993939168995, -2.842415165127704, 0.0 ], [ 120.313998780219549, -2.842407759210687, 0.0 ], [ 120.314039958377407, -2.842343414516904, 0.0 ], [ 120.314046515334439, -2.842334576879182, 0.0 ], [ 120.314046705990791, -2.842334374531731, 0.0 ], [ 120.314046922727357, -2.842334191969314, 0.0 ], [ 120.314047160148334, -2.842334035487283, 0.0 ], [ 120.314047409260638, -2.842333911380877, 0.0 ], [ 120.314047678157863, -2.842333813354742, 0.0 ], [ 120.314047954249759, -2.842333748603551, 0.0 ], [ 120.314048230341655, -2.842333717127303, 0.0 ], [ 120.314048512728732, -2.842333718026623, 0.0 ], [ 120.314048790619267, -2.84233375220083, 0.0 ], [ 120.314049067610426, -2.842333819650037, 0.0 ], [ 120.314073962643306, -2.84234306288198, 0.0 ], [ 120.314084197827583, -2.842346723122716, 0.0 ], [ 120.314112318728576, -2.84235537190284, 0.0 ], [ 120.314131419429486, -2.842360066363938, 0.0 ], [ 120.31413361917123, -2.84236060685646, 0.0 ], [ 120.314166547848004, -2.842367848197568, 0.0 ], [ 120.314176116634485, -2.842371040790852, 0.0 ], [ 120.314185301410589, -2.842375223537715, 0.0 ], [ 120.314193998754149, -2.842380352371322, 0.0 ], [ 120.314202108840277, -2.842386366137816, 0.0 ], [ 120.314209552528837, -2.842393205481983, 0.0 ], [ 120.314216242585644, -2.842400793961417, 0.0 ], [ 120.314222101668747, -2.842409039845279, 0.0 ], [ 120.314227069523668, -2.842417861295189, 0.0 ], [ 120.314231091291845, -2.842427159385863, 0.0 ], [ 120.314237330788274, -2.842447071275274, 0.0 ], [ 120.314240277866588, -2.842458793938135, 0.0 ], [ 120.314241611561215, -2.842463967737899, 0.0 ], [ 120.314250083174898, -2.842492281993145, 0.0 ], [ 120.314260376815014, -2.842519980212842, 0.0 ], [ 120.314265994879861, -2.842533112113358, 0.0 ], [ 120.314276221070827, -2.842556013349281, 0.0 ], [ 120.314282677303822, -2.842569842224407, 0.0 ], [ 120.314296480098506, -2.842595952241368, 0.0 ], [ 120.314311951135664, -2.842621098185077, 0.0 ], [ 120.314314373010006, -2.842624722452911, 0.0 ], [ 120.314328395239272, -2.84264549229556, 0.0 ], [ 120.314343046994054, -2.84266594197959, 0.0 ], [ 120.314361649470584, -2.842688843215512, 0.0 ], [ 120.314377826475607, -2.84270650769912, 0.0 ], [ 120.314395221162613, -2.842724516623093, 0.0 ], [ 120.314399098139916, -2.842728479935374, 0.0 ], [ 120.314420513695836, -2.842748743459708, 0.0 ], [ 120.314443202691677, -2.842767555478247, 0.0 ], [ 120.314454443317914, -2.842775991119026, 0.0 ], [ 120.314474682560558, -2.842790692336507, 0.0 ], [ 120.3144873054448, -2.842799535370204, 0.0 ], [ 120.314512241846501, -2.842815207855494, 0.0 ], [ 120.314538145019469, -2.842829206702504, 0.0 ], [ 120.314541874507995, -2.84283104491675, 0.0 ], [ 120.314564342270614, -2.842841992364015, 0.0 ], [ 120.314587371210223, -2.842852420003112, 0.0 ], [ 120.314614869780485, -2.842862899802924, 0.0 ], [ 120.314637475139421, -2.842870010742331, 0.0 ], [ 120.314661491534707, -2.842876872569548, 0.0 ], [ 120.314667007076764, -2.842878411309584, 0.0 ], [ 120.31469563159817, -2.842885193097118, 0.0 ], [ 120.314724634734148, -2.84289007641587, 0.0 ], [ 120.314738347596744, -2.842891710484025, 0.0 ], [ 120.314763184173671, -2.842894278947767, 0.0 ], [ 120.314778729854538, -2.842895611743018, 0.0 ] ] ] ] } },
{ "type": "Feature", "properties": { "PROVINSI": "Prov. Sulawesi Selatan", "KABUPATEN": "Kab. Luwu Utara", "KECAMATAN": "Kec. Sabbang Selatan", "DESA_KEL": "Desa Mari Mari", "POKTAN": "Bina tani", "KET_POKTAN": "Yohanis Naba", "NO_HP": "082187342201", "NAMA_PEMIL": "Yohanis Naba", "NO_PETAK": "MM01", "LUAS_Ha": 7.51, "PAKET": "Sulawesi Selatan 1" }, "geometry": { "type": "MultiPolygon", "coordinates": [ [ [ [ 120.191482923797935, -2.764952042702589, 0.0 ], [ 120.191395008772702, -2.764960295780952, 0.0 ], [ 120.190768158823516, -2.764397946108261, 0.0 ], [ 120.19009104666452, -2.763915316838336, 0.0 ], [ 120.189010227040399, -2.763238590488527, 0.0 ], [ 120.189096556560912, -2.762963084079047, 0.0 ], [ 120.189128479795613, -2.762707997675932, 0.0 ], [ 120.189119773458856, -2.762478998806728, 0.0 ], [ 120.189172011479172, -2.762232608847796, 0.0 ], [ 120.189224248600226, -2.76187896574163, 0.0 ], [ 120.189224248600226, -2.761707940768815, 0.0 ], [ 120.189270682396113, -2.761705042253823, 0.0 ], [ 120.189288094170251, -2.761655763902354, 0.0 ], [ 120.189287329746548, -2.761637498671575, 0.0 ], [ 120.189884626174603, -2.761175976490051, 0.0 ], [ 120.189959264508502, -2.761069348371677, 0.0 ], [ 120.190025890782294, -2.760726706672131, 0.0 ], [ 120.18998123584538, -2.760587988944508, 0.0 ], [ 120.189918697889652, -2.760411132767501, 0.0 ], [ 120.190085629148484, -2.760103656358581, 0.0 ], [ 120.189851939415576, -2.759982730818308, 0.0 ], [ 120.18983432619325, -2.759955828498619, 0.0 ], [ 120.189868135306256, -2.759869748090352, 0.0 ], [ 120.18990393371962, -2.75971745239849, 0.0 ], [ 120.189962933742436, -2.759571777515475, 0.0 ], [ 120.190098783532108, -2.759255073163047, 0.0 ], [ 120.190430676534561, -2.759362999003145, 0.0 ], [ 120.190129876692481, -2.76005510376001, 0.0 ], [ 120.190423641138182, -2.760074777329066, 0.0 ], [ 120.190406196089157, -2.760136048140055, 0.0 ], [ 120.190387624189611, -2.760409236097303, 0.0 ], [ 120.190392074035003, -2.760721649784273, 0.0 ], [ 120.19039265499714, -2.76076752420181, 0.0 ], [ 120.190393512050946, -2.760790258163809, 0.0 ], [ 120.190396325130337, -2.760819688477795, 0.0 ], [ 120.19040104567182, -2.760848869679535, 0.0 ], [ 120.190406176304009, -2.760871926498169, 0.0 ], [ 120.190418362117725, -2.760920509673724, 0.0 ], [ 120.190406176304009, -2.760871926498169, 0.0 ], [ 120.190418362117725, -2.760920509673724, 0.0 ], [ 120.190426831033506, -2.760948822130388, 0.0 ], [ 120.190442428875031, -2.760988951678712, 0.0 ], [ 120.19046347031292, -2.761035598613944, 0.0 ], [ 120.190477268611176, -2.761061706832265, 0.0 ], [ 120.190492736050942, -2.761086850078016, 0.0 ], [ 120.190509806082787, -2.761110923130559, 0.0 ], [ 120.190528404962038, -2.761133822567786, 0.0 ], [ 120.190548453548331, -2.761155448565034, 0.0 ], [ 120.190567261969591, -2.761173385543259, 0.0 ], [ 120.190602953363623, -2.761205508427452, 0.0 ], [ 120.190628241400304, -2.761226642495501, 0.0 ], [ 120.190652100414127, -2.761243921169978, 0.0 ], [ 120.190677031419909, -2.761259592755948, 0.0 ], [ 120.190702557776831, -2.761273406342582, 0.0 ], [ 120.190731483571199, -2.761287869239709, 0.0 ], [ 120.190753589806377, -2.761298108920528, 0.0 ], [ 120.190766851209332, -2.76132827218197, 0.0 ], [ 120.19077804147355, -2.761349748891746, 0.0 ], [ 120.190798496553384, -2.761386503284427, 0.0 ], [ 120.190813963993264, -2.761411646530235, 0.0 ], [ 120.190831033125733, -2.761435719582721, 0.0 ], [ 120.190849631105607, -2.761458619020004, 0.0 ], [ 120.190869680591391, -2.761480245017253, 0.0 ], [ 120.190890560151274, -2.761500034598896, 0.0 ], [ 120.190923215434054, -2.761529060217924, 0.0 ], [ 120.190945899034091, -2.761547870437823, 0.0 ], [ 120.190969758047913, -2.761565148212981, 0.0 ], [ 120.190994689053696, -2.761580820698271, 0.0 ], [ 120.191020587730009, -2.761594819545223, 0.0 ], [ 120.191042207432019, -2.761604730973488, 0.0 ], [ 120.191035125270901, -2.761616409569626, 0.0 ], [ 120.19099858311813, -2.761696999616788, 0.0 ], [ 120.190975428273418, -2.761812623653611, 0.0 ], [ 120.190974395851754, -2.761878930668047, 0.0 ], [ 120.190982823398599, -2.76196602641096, 0.0 ], [ 120.191008398319013, -2.762054642008081, 0.0 ], [ 120.191060056276683, -2.762216816752641, 0.0 ], [ 120.191055696363378, -2.762307034941671, 0.0 ], [ 120.191029550373514, -2.762446400181204, 0.0 ], [ 120.190987954030902, -2.762593262169275, 0.0 ], [ 120.190967671620797, -2.762693351317068, 0.0 ], [ 120.190959661359329, -2.762760980334917, 0.0 ], [ 120.190957443631191, -2.762842542549265, 0.0 ], [ 120.190972571127304, -2.762958950794882, 0.0 ], [ 120.19101945548357, -2.763151047782571, 0.0 ], [ 120.191071757355758, -2.763292681112318, 0.0 ], [ 120.191110205171867, -2.763363993753273, 0.0 ], [ 120.191155141596596, -2.76342741214529, 0.0 ], [ 120.19124250623679, -2.763523462437774, 0.0 ], [ 120.191297435927936, -2.763590291958337, 0.0 ], [ 120.191312585907212, -2.763628855787033, 0.0 ], [ 120.191333704686826, -2.763698874303543, 0.0 ], [ 120.191317445843538, -2.763751842573413, 0.0 ], [ 120.191305248338608, -2.763778743993782, 0.0 ], [ 120.191286224080045, -2.763834662039983, 0.0 ], [ 120.191279480064054, -2.76386344034546, 0.0 ], [ 120.191274621926368, -2.76389259906415, 0.0 ], [ 120.191270639728259, -2.763951563114119, 0.0 ], [ 120.191283956889151, -2.764070139625176, 0.0 ], [ 120.191304849938888, -2.764157524050461, 0.0 ], [ 120.191356479118326, -2.764263430013216, 0.0 ], [ 120.191438540456375, -2.764380554119214, 0.0 ], [ 120.191469909708644, -2.764426263061523, 0.0 ], [ 120.191503026343639, -2.764468202945181, 0.0 ], [ 120.191655124184649, -2.764638979705126, 0.0 ], [ 120.191636590956023, -2.764660602105039, 0.0 ], [ 120.191621117220848, -2.764679682121596, 0.0 ], [ 120.191608175077249, -2.764697436537404, 0.0 ], [ 120.191571811889617, -2.76475007385676, 0.0 ], [ 120.191550863081943, -2.764784699554184, 0.0 ], [ 120.191529447526023, -2.764823960357432, 0.0 ], [ 120.191520888678156, -2.764840445829861, 0.0 ], [ 120.191508691173226, -2.764867347250231, 0.0 ], [ 120.191498269829367, -2.764894993309269, 0.0 ], [ 120.191489667813926, -2.764923265296432, 0.0 ], [ 120.191482923797935, -2.764952042702589, 0.0 ] ] ] ] } },
{ "type": "Feature", "properties": { "PROVINSI": "Prov. Sulawesi Selatan", "KABUPATEN": "Kab. Luwu Utara", "KECAMATAN": "Kec. Sabbang Selatan", "DESA_KEL": "Desa Mari Mari", "POKTAN": "Bina tani", "KET_POKTAN": "Yohanis Naba", "NO_HP": "082187342201", "NAMA_PEMIL": "Yulius Rukan", "NO_PETAK": "MM02", "LUAS_Ha": 1.36, "PAKET": "Sulawesi Selatan 1" }, "geometry": { "type": "MultiPolygon", "coordinates": [ [ [ [ 120.186876460480335, -2.762563062035611, 0.0 ], [ 120.187915407669948, -2.762655820809414, 0.0 ], [ 120.189063340101143, -2.763408551563373, 0.0 ], [ 120.188679164112159, -2.763411977980354, 0.0 ], [ 120.188243537009726, -2.76344281303534, 0.0 ], [ 120.187902538371532, -2.76332641468224, 0.0 ], [ 120.187429048012177, -2.763238529334615, 0.0 ], [ 120.187181237124491, -2.763165728315641, 0.0 ], [ 120.186694638246991, -2.763027753428048, 0.0 ], [ 120.186827894391854, -2.762773042941546, 0.0 ], [ 120.186870952132836, -2.762622841770678, 0.0 ], [ 120.186876460480335, -2.762563062035611, 0.0 ] ] ] ] } },
{ "type": "Feature", "properties": { "PROVINSI": "Prov. Sulawesi Selatan", "KABUPATEN": "Kab. Luwu Utara", "KECAMATAN": "Kec. Sabbang Selatan", "DESA_KEL": "Desa Mari Mari", "POKTAN": "Bina tani", "KET_POKTAN": "Yohanis Naba", "NO_HP": "082187342201", "NAMA_PEMIL": "Firdaus Mande", "NO_PETAK": "MM03", "LUAS_Ha": 3.64, "PAKET": "Sulawesi Selatan 1" }, "geometry": { "type": "MultiPolygon", "coordinates": [ [ [ [ 120.189168890831752, -2.758152516925065, 0.0 ], [ 120.1896531038077, -2.757619908731783, 0.0 ], [ 120.189853527618311, -2.757909074943825, 0.0 ], [ 120.190232106226745, -2.757642152563221, 0.0 ], [ 120.190420158063944, -2.757493861552405, 0.0 ], [ 120.190456461896247, -2.757518340199169, 0.0 ], [ 120.191494739091013, -2.756826614956253, 0.0 ], [ 120.191750700534499, -2.756611635618469, 0.0 ], [ 120.191790026088938, -2.756630976438373, 0.0 ], [ 120.191905706783018, -2.757023622242343, 0.0 ], [ 120.191916348460722, -2.757021251629396, 0.0 ], [ 120.191921818137416, -2.757020032148716, 0.0 ], [ 120.192030889713806, -2.757458503806845, 0.0 ], [ 120.192111591277012, -2.757782923443131, 0.0 ], [ 120.192086839236254, -2.757786545912325, 0.0 ], [ 120.192034266668088, -2.757787445234385, 0.0 ], [ 120.192007167396923, -2.757789996610995, 0.0 ], [ 120.191950061346347, -2.757797135429428, 0.0 ], [ 120.191897080485887, -2.75780703246852, 0.0 ], [ 120.191854250273536, -2.757817739796792, 0.0 ], [ 120.191819235169646, -2.75782802804099, 0.0 ], [ 120.191773513636804, -2.757846375110091, 0.0 ], [ 120.191709070917, -2.757876629203054, 0.0 ], [ 120.191666240704535, -2.757898044758917, 0.0 ], [ 120.191636061255281, -2.757914611170349, 0.0 ], [ 120.191600369861249, -2.757936026726213, 0.0 ], [ 120.19158185551828, -2.757947759281592, 0.0 ], [ 120.191550863081943, -2.757970450975506, 0.0 ], [ 120.191515170788534, -2.757999004450426, 0.0 ], [ 120.191478074653446, -2.758032208319719, 0.0 ], [ 120.191453091487006, -2.758057192385479, 0.0 ], [ 120.191432809976277, -2.758078854355574, 0.0 ], [ 120.191407609173893, -2.758107656043421, 0.0 ], [ 120.191383180889147, -2.758136119586197, 0.0 ], [ 120.19136770445607, -2.758155202300713, 0.0 ], [ 120.191350522009088, -2.758179194414254, 0.0 ], [ 120.191334936758039, -2.758204264814935, 0.0 ], [ 120.191321016152074, -2.758230306483426, 0.0 ], [ 120.191299034922622, -2.758278867175932, 0.0 ], [ 120.191268949902224, -2.758355317643748, 0.0 ], [ 120.19124339566622, -2.758434477768901, 0.0 ], [ 120.191230078505328, -2.758499002327028, 0.0 ], [ 120.191189707938747, -2.758505672598687, 0.0 ], [ 120.191143293028631, -2.758526332724045, 0.0 ], [ 120.19088101025045, -2.758543632982253, 0.0 ], [ 120.190811727379355, -2.758630136071872, 0.0 ], [ 120.190767188455084, -2.758803141351848, 0.0 ], [ 120.190556184120624, -2.758848578698917, 0.0 ], [ 120.189388856910227, -2.758357867221775, 0.0 ], [ 120.189348137406682, -2.758408936123431, 0.0 ], [ 120.189155136600334, -2.758166728911362, 0.0 ], [ 120.189168890831752, -2.758152516925065, 0.0 ] ] ] ] } },
{ "type": "Feature", "properties": { "PROVINSI": "Prov. Sulawesi Selatan", "KABUPATEN": "Kab. Luwu Utara", "KECAMATAN": "Malangke Barat", "DESA_KEL": "Cenning", "POKTAN": "Tetelangi 3", "KET_POKTAN": "Mas'un", "NO_HP": "085298689894", "NAMA_PEMIL": "Atira", "NO_PETAK": "CN34", "LUAS_Ha": 0.51, "PAKET": "Sulawesi Selatan 1" }, "geometry": { "type": "MultiPolygon", "coordinates": [ [ [ [ 120.285914084967089, -2.797060187877321, 0.0 ], [ 120.286008241287405, -2.797084627853224, 0.0 ], [ 120.286518609246514, -2.797127481448058, 0.0 ], [ 120.286851799071329, -2.797162861676668, 0.0 ], [ 120.286700466553384, -2.797692974251333, 0.0 ], [ 120.285748257176351, -2.79733341540475, 0.0 ], [ 120.285816307076971, -2.797229725371494, 0.0 ], [ 120.285914084967089, -2.797060187877321, 0.0 ] ] ] ] } },
{ "type": "Feature", "properties": { "PROVINSI": "Prov. Sulawesi Selatan", "KABUPATEN": "Kab. Luwu Utara", "KECAMATAN": "Malangke Barat", "DESA_KEL": "Cenning", "POKTAN": "Tetelangi 3", "KET_POKTAN": "Mas'un", "NO_HP": "085298689894", "NAMA_PEMIL": "Irma", "NO_PETAK": "CN35", "LUAS_Ha": 1.56, "PAKET": "Sulawesi Selatan 1" }, "geometry": { "type": "MultiPolygon", "coordinates": [ [ [ [ 120.287199307901801, -2.79313171445699, 0.0 ], [ 120.2882579619354, -2.793290238853387, 0.0 ], [ 120.288495950427873, -2.793337620534714, 0.0 ], [ 120.288198179502388, -2.79438954404219, 0.0 ], [ 120.287037813944025, -2.793975807337574, 0.0 ], [ 120.287029237109664, -2.793665342481517, 0.0 ], [ 120.287199307901801, -2.79313171445699, 0.0 ] ] ] ] } },
{ "type": "Feature", "properties": { "PROVINSI": "Prov. Sulawesi Selatan", "KABUPATEN": "Kab. Luwu Utara", "KECAMATAN": "Malangke Barat", "DESA_KEL": "Cenning", "POKTAN": "Tetelangi 3", "KET_POKTAN": "Mas'un", "NO_HP": "085298689894", "NAMA_PEMIL": "Aripuddin", "NO_PETAK": "CN36", "LUAS_Ha": 2.02, "PAKET": "Sulawesi Selatan 1" }, "geometry": { "type": "MultiPolygon", "coordinates": [ [ [ [ 120.287997489492568, -2.80291395241693, 0.0 ], [ 120.288006253385916, -2.80350636013037, 0.0 ], [ 120.285172847548878, -2.803568309929517, 0.0 ], [ 120.285165518074223, -2.803000989703889, 0.0 ], [ 120.287997489492568, -2.80291395241693, 0.0 ] ] ] ] } },
{ "type": "Feature", "properties": { "PROVINSI": "Prov. Sulawesi Selatan", "KABUPATEN": "Kab. Luwu Utara", "KECAMATAN": "Malangke Barat", "DESA_KEL": "Cenning", "POKTAN": "Tetelangi 3", "KET_POKTAN": "Mas'un", "NO_HP": "085298689894", "NAMA_PEMIL": "Gapur", "NO_PETAK": "CN37", "LUAS_Ha": 1.09, "PAKET": "Sulawesi Selatan 1" }, "geometry": { "type": "MultiPolygon", "coordinates": [ [ [ [ 120.285914084967089, -2.797060187877321, 0.0 ], [ 120.285816307076971, -2.797229725371494, 0.0 ], [ 120.285748257176351, -2.79733341540475, 0.0 ], [ 120.285574327393292, -2.797585115860386, 0.0 ], [ 120.284095326638067, -2.797091233373692, 0.0 ], [ 120.284293998569282, -2.796809014424411, 0.0 ], [ 120.284461765298246, -2.796663495124164, 0.0 ], [ 120.284719636002478, -2.796697451725947, 0.0 ], [ 120.285368371852996, -2.796911873484134, 0.0 ], [ 120.285914084967089, -2.797060187877321, 0.0 ] ] ] ] } },
{ "type": "Feature", "properties": { "PROVINSI": "Prov. Sulawesi Selatan", "KABUPATEN": "Kab. Luwu Utara", "KECAMATAN": "Malangke Barat", "DESA_KEL": "Cenning", "POKTAN": "Tetelangi 3", "KET_POKTAN": "Mas'un", "NO_HP": "085298689894", "NAMA_PEMIL": "Kasmin", "NO_PETAK": "CN01", "LUAS_Ha": 3.09, "PAKET": "Sulawesi Selatan 1" }, "geometry": { "type": "MultiPolygon", "coordinates": [ [ [ [ 120.288451761339729, -2.787014351431139, 0.0 ], [ 120.289016112003992, -2.786342133382675, 0.0 ], [ 120.289135826157462, -2.786604051935399, 0.0 ], [ 120.289318349862, -2.786995250730171, 0.0 ], [ 120.289310813543239, -2.787491006504695, 0.0 ], [ 120.289227975191011, -2.787840010008381, 0.0 ], [ 120.289372196769477, -2.788179832333356, 0.0 ], [ 120.289564830652466, -2.788408300602555, 0.0 ], [ 120.289548002538382, -2.788681517338091, 0.0 ], [ 120.289580861967224, -2.788988850754833, 0.0 ], [ 120.289585193102198, -2.789179015099422, 0.0 ], [ 120.289340159320986, -2.789216134616879, 0.0 ], [ 120.288947520711531, -2.789297946842737, 0.0 ], [ 120.288865593372506, -2.789134788239835, 0.0 ], [ 120.28885144254015, -2.788974888780046, 0.0 ], [ 120.288880802706913, -2.788701413039746, 0.0 ], [ 120.289049028090275, -2.788178071460778, 0.0 ], [ 120.288628890910687, -2.788128925309593, 0.0 ], [ 120.288049970329894, -2.788046549208843, 0.0 ], [ 120.288015782602301, -2.788173971451556, 0.0 ], [ 120.287544138551198, -2.787874653692256, 0.0 ], [ 120.287698583622827, -2.787507572916127, 0.0 ], [ 120.288203868613678, -2.787323627383444, 0.0 ], [ 120.288451761339729, -2.787014351431139, 0.0 ] ] ] ] } },
{ "type": "Feature", "properties": { "PROVINSI": "Prov. Sulawesi Selatan", "KABUPATEN": "Kab. Luwu Utara", "KECAMATAN": "Malangke Barat", "DESA_KEL": "Cenning", "POKTAN": "Tetelangi 3", "KET_POKTAN": "Mas'un", "NO_HP": "085298689894", "NAMA_PEMIL": "Pak Makmur/Mustakim", "NO_PETAK": "CN02", "LUAS_Ha": 0.88, "PAKET": "Sulawesi Selatan 1" }, "geometry": { "type": "MultiPolygon", "coordinates": [ [ [ [ 120.28958337557242, -2.789179329862122, 0.0 ], [ 120.289580090348991, -2.78951466187209, 0.0 ], [ 120.289370015014256, -2.789658582177765, 0.0 ], [ 120.289119974707091, -2.789750054021738, 0.0 ], [ 120.288374104881086, -2.789807953274362, 0.0 ], [ 120.288362828281947, -2.789045915436589, 0.0 ], [ 120.28885144254015, -2.788974888780046, 0.0 ], [ 120.288865593372506, -2.789134788239835, 0.0 ], [ 120.288947520711531, -2.789297946842737, 0.0 ], [ 120.289340159320986, -2.789216134616879, 0.0 ], [ 120.28958337557242, -2.789179329862122, 0.0 ] ] ] ] } },
{ "type": "Feature", "properties": { "PROVINSI": "Prov. Sulawesi Selatan", "KABUPATEN": "Kab. Luwu Utara", "KECAMATAN": "Malangke Barat", "DESA_KEL": "Cenning", "POKTAN": "Tetelangi 3", "KET_POKTAN": "Mas'un", "NO_HP": "085298689894", "NAMA_PEMIL": "Roee", "NO_PETAK": "CN03", "LUAS_Ha": 1.18, "PAKET": "Sulawesi Selatan 1" }, "geometry": { "type": "MultiPolygon", "coordinates": [ [ [ [ 120.288000285484827, -2.78911414070501, 0.0 ], [ 120.288002911505245, -2.789877406117341, 0.0 ], [ 120.287548889669566, -2.789917036541965, 0.0 ], [ 120.287415121810469, -2.789917152554494, 0.0 ], [ 120.28734477414207, -2.789953386239745, 0.0 ], [ 120.286965817818327, -2.78985639345774, 0.0 ], [ 120.28720981917786, -2.789264612571742, 0.0 ], [ 120.28750739405109, -2.788793777910485, 0.0 ], [ 120.287788228044406, -2.788537657287009, 0.0 ], [ 120.287966290212253, -2.7886818545839, 0.0 ], [ 120.288000285484827, -2.78911414070501, 0.0 ] ] ] ] } },
{ "type": "Feature", "properties": { "PROVINSI": "Prov. Sulawesi Selatan", "KABUPATEN": "Kab. Luwu Utara", "KECAMATAN": "Malangke Barat", "DESA_KEL": "Cenning", "POKTAN": "Tetelangi 3", "KET_POKTAN": "Mas'un", "NO_HP": "085298689894", "NAMA_PEMIL": "Bapak Ira", "NO_PETAK": "CN04", "LUAS_Ha": 1.86, "PAKET": "Sulawesi Selatan 1" }, "geometry": { "type": "MultiPolygon", "coordinates": [ [ [ [ 120.288693053042024, -2.790548902909507, 0.0 ], [ 120.288667256888402, -2.791353949025506, 0.0 ], [ 120.288254067870994, -2.791302752420052, 0.0 ], [ 120.288232415793459, -2.791414867302251, 0.0 ], [ 120.287724272757018, -2.791303813620062, 0.0 ], [ 120.28720878675621, -2.791198456243706, 0.0 ], [ 120.286412953295226, -2.791029482624481, 0.0 ], [ 120.286450127671287, -2.790938086323592, 0.0 ], [ 120.286634839426355, -2.790516719770778, 0.0 ], [ 120.287330375096758, -2.790552691753249, 0.0 ], [ 120.288048824593602, -2.790577321486126, 0.0 ], [ 120.288693053042024, -2.790548902909507, 0.0 ] ] ] ] } },
{ "type": "Feature", "properties": { "PROVINSI": "Prov. Sulawesi Selatan", "KABUPATEN": "Kab. Luwu Utara", "KECAMATAN": "Malangke Barat", "DESA_KEL": "Cenning", "POKTAN": "Tetelangi 3", "KET_POKTAN": "Mas'un", "NO_HP": "085298689894", "NAMA_PEMIL": "Baba", "NO_PETAK": "CN05", "LUAS_Ha": 3.42, "PAKET": "Sulawesi Selatan 1" }, "geometry": { "type": "MultiPolygon", "coordinates": [ [ [ [ 120.286230553697109, -2.790990875628381, 0.0 ], [ 120.286412953295226, -2.791029482624481, 0.0 ], [ 120.28720878675621, -2.791198456243706, 0.0 ], [ 120.287724272757018, -2.791303813620062, 0.0 ], [ 120.288232415793459, -2.791414867302251, 0.0 ], [ 120.288232415793459, -2.791414868201571, 0.0 ], [ 120.288036395063614, -2.792317446692778, 0.0 ], [ 120.287418076982689, -2.792230735859732, 0.0 ], [ 120.285819451106832, -2.792256772132305, 0.0 ], [ 120.285446883566919, -2.792263701408672, 0.0 ], [ 120.285693760059075, -2.79128212826754, 0.0 ], [ 120.285895321511944, -2.791036006306626, 0.0 ], [ 120.286230553697109, -2.790990875628381, 0.0 ] ] ] ] } },
{ "type": "Feature", "properties": { "PROVINSI": "Prov. Sulawesi Selatan", "KABUPATEN": "Kab. Luwu Utara", "KECAMATAN": "Malangke Barat", "DESA_KEL": "Cenning", "POKTAN": "Tetelangi 3", "KET_POKTAN": "Mas'un", "NO_HP": "085298689894", "NAMA_PEMIL": "Pinta", "NO_PETAK": "CN06", "LUAS_Ha": 1.34, "PAKET": "Sulawesi Selatan 1" }, "geometry": { "type": "MultiPolygon", "coordinates": [ [ [ [ 120.285819451106832, -2.792256772132305, 0.0 ], [ 120.287418076982689, -2.792230735859732, 0.0 ], [ 120.287338569719282, -2.792631538514627, 0.0 ], [ 120.287291470425075, -2.792837267425909, 0.0 ], [ 120.286360540806413, -2.79253513029198, 0.0 ], [ 120.285918372035326, -2.792429270194589, 0.0 ], [ 120.285814924818951, -2.792827577230867, 0.0 ], [ 120.285735071316594, -2.793164307686596, 0.0 ], [ 120.28571454878751, -2.793196423376173, 0.0 ], [ 120.28553160330091, -2.793474634047072, 0.0 ], [ 120.285349097582852, -2.793693834802582, 0.0 ], [ 120.285309570580239, -2.793325049811131, 0.0 ], [ 120.285351686731033, -2.792933611796684, 0.0 ], [ 120.285388194709512, -2.792648219139948, 0.0 ], [ 120.285446883566919, -2.792263701408672, 0.0 ], [ 120.285819451106832, -2.792256772132305, 0.0 ] ] ] ] } },
{ "type": "Feature", "properties": { "PROVINSI": "Prov. Sulawesi Selatan", "KABUPATEN": "Kab. Luwu Utara", "KECAMATAN": "Malangke Barat", "DESA_KEL": "Cenning", "POKTAN": "Tetelangi 3", "KET_POKTAN": "Mas'un", "NO_HP": "085298689894", "NAMA_PEMIL": "Mustaran", "NO_PETAK": "CN07", "LUAS_Ha": 0.97, "PAKET": "Sulawesi Selatan 1" }, "geometry": { "type": "MultiPolygon", "coordinates": [ [ [ [ 120.2882579619354, -2.793290238853387, 0.0 ], [ 120.287199307901801, -2.79313171445699, 0.0 ], [ 120.287258366380584, -2.792943237240536, 0.0 ], [ 120.287291470425075, -2.792837267425909, 0.0 ], [ 120.287338569719282, -2.792631538514627, 0.0 ], [ 120.287418076982689, -2.792230735859732, 0.0 ], [ 120.288036395063614, -2.792317446692778, 0.0 ], [ 120.288207040522593, -2.792955267471541, 0.0 ], [ 120.288238300057529, -2.793086533416727, 0.0 ], [ 120.2882579619354, -2.793290238853387, 0.0 ] ] ] ] } },
{ "type": "Feature", "properties": { "PROVINSI": "Prov. Sulawesi Selatan", "KABUPATEN": "Kab. Luwu Utara", "KECAMATAN": "Malangke Barat", "DESA_KEL": "Cenning", "POKTAN": "Tetelangi 3", "KET_POKTAN": "Mas'un", "NO_HP": "085298689894", "NAMA_PEMIL": "Bulla", "NO_PETAK": "CN09", "LUAS_Ha": 2.17, "PAKET": "Sulawesi Selatan 1" }, "geometry": { "type": "MultiPolygon", "coordinates": [ [ [ [ 120.28891918846989, -2.794644944308686, 0.0 ], [ 120.288556110576124, -2.795495746131735, 0.0 ], [ 120.286934730953135, -2.794988274888908, 0.0 ], [ 120.287037813944025, -2.793975807337574, 0.0 ], [ 120.28891918846989, -2.794644944308686, 0.0 ] ] ] ] } },
{ "type": "Feature", "properties": { "PROVINSI": "Prov. Sulawesi Selatan", "KABUPATEN": "Kab. Luwu Utara", "KECAMATAN": "Malangke Barat", "DESA_KEL": "Cenning", "POKTAN": "Tetelangi 3", "KET_POKTAN": "Mas'un", "NO_HP": "085298689894", "NAMA_PEMIL": "Chandera Leka", "NO_PETAK": "CN10", "LUAS_Ha": 2.49, "PAKET": "Sulawesi Selatan 1" }, "geometry": { "type": "MultiPolygon", "coordinates": [ [ [ [ 120.286920519866143, -2.795752222886733, 0.0 ], [ 120.286562750670441, -2.797002411831783, 0.0 ], [ 120.286518609246514, -2.797127481448058, 0.0 ], [ 120.286008241287405, -2.797084627853224, 0.0 ], [ 120.285368371852996, -2.796911873484134, 0.0 ], [ 120.284719636002478, -2.796697451725947, 0.0 ], [ 120.285489786624453, -2.796177606711126, 0.0 ], [ 120.285619342958398, -2.796015426570648, 0.0 ], [ 120.285637135145762, -2.795802837630788, 0.0 ], [ 120.28566118751381, -2.795463866963814, 0.0 ], [ 120.286182256505967, -2.795632212856276, 0.0 ], [ 120.28668517088397, -2.795727644415195, 0.0 ], [ 120.286920519866143, -2.795752222886733, 0.0 ] ] ] ] } },
{ "type": "Feature", "properties": { "PROVINSI": "Prov. Sulawesi Selatan", "KABUPATEN": "Kab. Luwu Utara", "KECAMATAN": "Malangke Barat", "DESA_KEL": "Cenning", "POKTAN": "Tetelangi 3", "KET_POKTAN": "Mas'un", "NO_HP": "085298689894", "NAMA_PEMIL": "Accang", "NO_PETAK": "CN11", "LUAS_Ha": 2.67, "PAKET": "Sulawesi Selatan 1" }, "geometry": { "type": "MultiPolygon", "coordinates": [ [ [ [ 120.286518609246514, -2.797127481448058, 0.0 ], [ 120.286562750670441, -2.797002411831783, 0.0 ], [ 120.286920519866143, -2.795752222886733, 0.0 ], [ 120.287594228990542, -2.795922868345656, 0.0 ], [ 120.288341693314592, -2.796163961297736, 0.0 ], [ 120.288084499799865, -2.796959640075272, 0.0 ], [ 120.288634918166963, -2.797218151096729, 0.0 ], [ 120.288413152544976, -2.797477019149084, 0.0 ], [ 120.288275029269244, -2.797551536973799, 0.0 ], [ 120.288115530007758, -2.79742402300019, 0.0 ], [ 120.287952767106631, -2.797329027612477, 0.0 ], [ 120.287750168735329, -2.797299247462263, 0.0 ], [ 120.287500411714745, -2.797285495029541, 0.0 ], [ 120.286851799071329, -2.797162861676668, 0.0 ], [ 120.286518609246514, -2.797127481448058, 0.0 ] ] ] ] } },
{ "type": "Feature", "properties": { "PROVINSI": "Prov. Sulawesi Selatan", "KABUPATEN": "Kab. Luwu Utara", "KECAMATAN": "Malangke Barat", "DESA_KEL": "Cenning", "POKTAN": "Tetelangi 3", "KET_POKTAN": "Mas'un", "NO_HP": "085298689894", "NAMA_PEMIL": "Mustakim 2", "NO_PETAK": "CN12", "LUAS_Ha": 1.23, "PAKET": "Sulawesi Selatan 1" }, "geometry": { "type": "MultiPolygon", "coordinates": [ [ [ [ 120.2882579619354, -2.793290238853387, 0.0 ], [ 120.288237567110045, -2.793080124847847, 0.0 ], [ 120.288207040522593, -2.792955267471541, 0.0 ], [ 120.288036395063614, -2.792317446692778, 0.0 ], [ 120.288631689600848, -2.792416399996796, 0.0 ], [ 120.289037406151465, -2.792398224698275, 0.0 ], [ 120.289128898679778, -2.792851292353191, 0.0 ], [ 120.289302422868573, -2.793569147398159, 0.0 ], [ 120.288886308356496, -2.793447591433164, 0.0 ], [ 120.288495950427873, -2.793337620534714, 0.0 ], [ 120.2882579619354, -2.793290238853387, 0.0 ] ] ] ] } },
{ "type": "Feature", "properties": { "PROVINSI": "Prov. Sulawesi Selatan", "KABUPATEN": "Kab. Luwu Utara", "KECAMATAN": "Malangke Barat", "DESA_KEL": "Cenning", "POKTAN": "Tetelangi 3", "KET_POKTAN": "Mas'un", "NO_HP": "085298689894", "NAMA_PEMIL": "H. Marsus", "NO_PETAK": "CN13", "LUAS_Ha": 2.73, "PAKET": "Sulawesi Selatan 1" }, "geometry": { "type": "MultiPolygon", "coordinates": [ [ [ [ 120.294809788341112, -2.796347793515793, 0.0 ], [ 120.294870016837876, -2.797485926034597, 0.0 ], [ 120.292880211052989, -2.79722759847482, 0.0 ], [ 120.293392373159563, -2.795991238404895, 0.0 ], [ 120.293922325654862, -2.795943845931674, 0.0 ], [ 120.294809788341112, -2.796347793515793, 0.0 ] ] ] ] } },
{ "type": "Feature", "properties": { "PROVINSI": "Prov. Sulawesi Selatan", "KABUPATEN": "Kab. Luwu Utara", "KECAMATAN": "Malangke Barat", "DESA_KEL": "Cenning", "POKTAN": "Tetelangi 3", "KET_POKTAN": "Mas'un", "NO_HP": "085298689894", "NAMA_PEMIL": "Ratis", "NO_PETAK": "CN14", "LUAS_Ha": 0.79, "PAKET": "Sulawesi Selatan 1" }, "geometry": { "type": "MultiPolygon", "coordinates": [ [ [ [ 120.2955537938725, -2.797707465027429, 0.0 ], [ 120.295558673593959, -2.798526509990381, 0.0 ], [ 120.294705443601401, -2.798334082951499, 0.0 ], [ 120.294870016837876, -2.797485926034597, 0.0 ], [ 120.295021678507737, -2.797593940907575, 0.0 ], [ 120.295363942492017, -2.797660677797978, 0.0 ], [ 120.2955537938725, -2.797707465027429, 0.0 ] ] ] ] } },
{ "type": "Feature", "properties": { "PROVINSI": "Prov. Sulawesi Selatan", "KABUPATEN": "Kab. Luwu Utara", "KECAMATAN": "Malangke Barat", "DESA_KEL": "Cenning", "POKTAN": "Tetelangi 3", "KET_POKTAN": "Mas'un", "NO_HP": "085298689894", "NAMA_PEMIL": "Siding", "NO_PETAK": "CN15", "LUAS_Ha": 0.45, "PAKET": "Sulawesi Selatan 1" }, "geometry": { "type": "MultiPolygon", "coordinates": [ [ [ [ 120.294705724189839, -2.798338012089516, 0.0 ], [ 120.295558673593959, -2.798526509990381, 0.0 ], [ 120.295782264839659, -2.798562281424097, 0.0 ], [ 120.295779911313943, -2.798907245173154, 0.0 ], [ 120.294613847651021, -2.798634511373563, 0.0 ], [ 120.294656460227543, -2.798493105572334, 0.0 ], [ 120.294705724189839, -2.798338012089516, 0.0 ] ] ] ] } },
{ "type": "Feature", "properties": { "PROVINSI": "Prov. Sulawesi Selatan", "KABUPATEN": "Kab. Luwu Utara", "KECAMATAN": "Malangke Barat", "DESA_KEL": "Cenning", "POKTAN": "Tetelangi 3", "KET_POKTAN": "Mas'un", "NO_HP": "085298689894", "NAMA_PEMIL": "Pak Disa", "NO_PETAK": "CN16", "LUAS_Ha": 0.7, "PAKET": "Sulawesi Selatan 1" }, "geometry": { "type": "MultiPolygon", "coordinates": [ [ [ [ 120.295768636513444, -2.799399475605242, 0.0 ], [ 120.294455906914664, -2.799019164902518, 0.0 ], [ 120.294613847651021, -2.798634511373563, 0.0 ], [ 120.295779911313943, -2.798907245173154, 0.0 ], [ 120.295772485611792, -2.799116799800402, 0.0 ], [ 120.295768636513444, -2.799399475605242, 0.0 ] ] ] ] } },
{ "type": "Feature", "properties": { "PROVINSI": "Prov. Sulawesi Selatan", "KABUPATEN": "Kab. Luwu Utara", "KECAMATAN": "Malangke Barat", "DESA_KEL": "Cenning", "POKTAN": "Tetelangi 3", "KET_POKTAN": "Mas'un", "NO_HP": "085298689894", "NAMA_PEMIL": "Risman", "NO_PETAK": "CN17", "LUAS_Ha": 0.96, "PAKET": "Sulawesi Selatan 1" }, "geometry": { "type": "MultiPolygon", "coordinates": [ [ [ [ 120.294455906914664, -2.799019164902518, 0.0 ], [ 120.295768636513444, -2.799399475605242, 0.0 ], [ 120.295783969055023, -2.799939790988503, 0.0 ], [ 120.295214853782582, -2.799826477310035, 0.0 ], [ 120.294267553804616, -2.799453298231071, 0.0 ], [ 120.294455906914664, -2.799019164902518, 0.0 ] ] ] ] } },
{ "type": "Feature", "properties": { "PROVINSI": "Prov. Sulawesi Selatan", "KABUPATEN": "Kab. Luwu Utara", "KECAMATAN": "Malangke Barat", "DESA_KEL": "Cenning", "POKTAN": "Tetelangi 3", "KET_POKTAN": "Mas'un", "NO_HP": "085298689894", "NAMA_PEMIL": "Jabba Bagi 4", "NO_PETAK": "CN18", "LUAS_Ha": 4.09, "PAKET": "Sulawesi Selatan 1" }, "geometry": { "type": "MultiPolygon", "coordinates": [ [ [ [ 120.294181645166873, -2.799924361320166, 0.0 ], [ 120.292214251386667, -2.799790673500752, 0.0 ], [ 120.292024608648831, -2.799288457895955, 0.0 ], [ 120.29192559509022, -2.798744355467591, 0.0 ], [ 120.292155663253311, -2.798401692184314, 0.0 ], [ 120.294656460227543, -2.798493105572334, 0.0 ], [ 120.294613847651021, -2.798634511373564, 0.0 ], [ 120.294455906914664, -2.799019164902518, 0.0 ], [ 120.294267553804616, -2.799453298231072, 0.0 ], [ 120.294203152453633, -2.7997010902331, 0.0 ], [ 120.294181645166873, -2.799924361320166, 0.0 ] ] ] ] } },
{ "type": "Feature", "properties": { "PROVINSI": "Prov. Sulawesi Selatan", "KABUPATEN": "Kab. Luwu Utara", "KECAMATAN": "Malangke Barat", "DESA_KEL": "Cenning", "POKTAN": "Tetelangi 3", "KET_POKTAN": "Mas'un", "NO_HP": "085298689894", "NAMA_PEMIL": "Hasbir", "NO_PETAK": "CN20", "LUAS_Ha": 1.7, "PAKET": "Sulawesi Selatan 1" }, "geometry": { "type": "MultiPolygon", "coordinates": [ [ [ [ 120.296971450072419, -2.797512290559723, 0.0 ], [ 120.298011176974342, -2.797312320007507, 0.0 ], [ 120.297793240665555, -2.798867703781468, 0.0 ], [ 120.296907810447124, -2.798864452732232, 0.0 ], [ 120.296971450072419, -2.797512290559723, 0.0 ] ] ] ] } },
{ "type": "Feature", "properties": { "PROVINSI": "Prov. Sulawesi Selatan", "KABUPATEN": "Kab. Luwu Utara", "KECAMATAN": "Malangke Barat", "DESA_KEL": "Cenning", "POKTAN": "Tetelangi 3", "KET_POKTAN": "Mas'un", "NO_HP": "085298689894", "NAMA_PEMIL": "Masdiana", "NO_PETAK": "CN21", "LUAS_Ha": 1.51, "PAKET": "Sulawesi Selatan 1" }, "geometry": { "type": "MultiPolygon", "coordinates": [ [ [ [ 120.29388971084154, -2.80238551707788, 0.0 ], [ 120.294202929421772, -2.802536291116894, 0.0 ], [ 120.294050586065737, -2.803064200352537, 0.0 ], [ 120.294484923540494, -2.804213292009763, 0.0 ], [ 120.29429124824253, -2.805164352952488, 0.0 ], [ 120.29366343332083, -2.804990487920634, 0.0 ], [ 120.293959147496707, -2.803353535637086, 0.0 ], [ 120.293917540362258, -2.803224839954339, 0.0 ], [ 120.293733437448282, -2.803095288116992, 0.0 ], [ 120.29388971084154, -2.80238551707788, 0.0 ] ] ] ] } },
{ "type": "Feature", "properties": { "PROVINSI": "Prov. Sulawesi Selatan", "KABUPATEN": "Kab. Luwu Utara", "KECAMATAN": "Malangke Barat", "DESA_KEL": "Cenning", "POKTAN": "Tetelangi 3", "KET_POKTAN": "Mas'un", "NO_HP": "085298689894", "NAMA_PEMIL": "Taswir T", "NO_PETAK": "CN22", "LUAS_Ha": 0.43, "PAKET": "Sulawesi Selatan 1" }, "geometry": { "type": "MultiPolygon", "coordinates": [ [ [ [ 120.296066010837762, -2.816151572736828, 0.0 ], [ 120.29599146513408, -2.816752868450067, 0.0 ], [ 120.295780227875298, -2.816571358281521, 0.0 ], [ 120.295492179520579, -2.816713345044775, 0.0 ], [ 120.295343501801199, -2.816679868680922, 0.0 ], [ 120.295315242404627, -2.816392056847917, 0.0 ], [ 120.295353104762057, -2.816266818159079, 0.0 ], [ 120.295416513261557, -2.816184378206458, 0.0 ], [ 120.295542912075803, -2.816153008954132, 0.0 ], [ 120.296066010837762, -2.816151572736828, 0.0 ] ] ] ] } },
{ "type": "Feature", "properties": { "PROVINSI": "Prov. Sulawesi Selatan", "KABUPATEN": "Kab. Luwu Utara", "KECAMATAN": "Malangke Barat", "DESA_KEL": "Cenning", "POKTAN": "Tetelangi 3", "KET_POKTAN": "Mas'un", "NO_HP": "085298689894", "NAMA_PEMIL": "Idris", "NO_PETAK": "CN23", "LUAS_Ha": 0.66, "PAKET": "Sulawesi Selatan 1" }, "geometry": { "type": "MultiPolygon", "coordinates": [ [ [ [ 120.294322288342983, -2.816546590952385, 0.0 ], [ 120.294323919713179, -2.816715082534984, 0.0 ], [ 120.294510912148894, -2.816707918535542, 0.0 ], [ 120.29447215046946, -2.817500822904606, 0.0 ], [ 120.293967016564579, -2.817607469908751, 0.0 ], [ 120.293938406432403, -2.817419013376707, 0.0 ], [ 120.293737642678138, -2.817421869623558, 0.0 ], [ 120.293878766991611, -2.817033140367073, 0.0 ], [ 120.293995176136491, -2.817082410624721, 0.0 ], [ 120.29402001631081, -2.816862735027144, 0.0 ], [ 120.293957766138078, -2.816847010381196, 0.0 ], [ 120.293979615167132, -2.816653387244003, 0.0 ], [ 120.29401540099002, -2.816603259932435, 0.0 ], [ 120.294322288342983, -2.816546590952385, 0.0 ] ] ] ] } },
{ "type": "Feature", "properties": { "PROVINSI": "Prov. Sulawesi Selatan", "KABUPATEN": "Kab. Luwu Utara", "KECAMATAN": "Malangke Barat", "DESA_KEL": "Cenning", "POKTAN": "Tetelangi 3", "KET_POKTAN": "Mas'un", "NO_HP": "085298689894", "NAMA_PEMIL": "Lukman", "NO_PETAK": "CN25", "LUAS_Ha": 1.01, "PAKET": "Sulawesi Selatan 1" }, "geometry": { "type": "MultiPolygon", "coordinates": [ [ [ [ 120.290629312292936, -2.818043346123488, 0.0 ], [ 120.291260693026629, -2.817910841811852, 0.0 ], [ 120.29147605907292, -2.818938562764401, 0.0 ], [ 120.291140942000879, -2.819035659867779, 0.0 ], [ 120.291142693880261, -2.819137569243367, 0.0 ], [ 120.291064320661917, -2.819167115569883, 0.0 ], [ 120.291023840377989, -2.818873705457122, 0.0 ], [ 120.29083859172772, -2.818807058498919, 0.0 ], [ 120.290482607686272, -2.818844503570915, 0.0 ], [ 120.290420011274591, -2.81846048046674, 0.0 ], [ 120.290520471842342, -2.818251238803555, 0.0 ], [ 120.290629312292936, -2.818043346123488, 0.0 ] ] ] ] } },
{ "type": "Feature", "properties": { "PROVINSI": "Prov. Sulawesi Selatan", "KABUPATEN": "Kab. Luwu Utara", "KECAMATAN": "Malangke Barat", "DESA_KEL": "Cenning", "POKTAN": "Tetelangi 3", "KET_POKTAN": "Mas'un", "NO_HP": "085298689894", "NAMA_PEMIL": "Tamrin", "NO_PETAK": "CN26", "LUAS_Ha": 0.38, "PAKET": "Sulawesi Selatan 1" }, "geometry": { "type": "MultiPolygon", "coordinates": [ [ [ [ 120.295076065907779, -2.818236337037263, 0.0 ], [ 120.295154663956623, -2.817692360514002, 0.0 ], [ 120.295624139742358, -2.817811980238673, 0.0 ], [ 120.295554337063095, -2.818447970897068, 0.0 ], [ 120.295141997005658, -2.818323050568267, 0.0 ], [ 120.295076065907779, -2.818236337037263, 0.0 ] ] ] ] } },
{ "type": "Feature", "properties": { "PROVINSI": "Prov. Sulawesi Selatan", "KABUPATEN": "Kab. Luwu Utara", "KECAMATAN": "Malangke Barat", "DESA_KEL": "Cenning", "POKTAN": "Tetelangi 3", "KET_POKTAN": "Mas'un", "NO_HP": "085298689894", "NAMA_PEMIL": "Jabir", "NO_PETAK": "CN27", "LUAS_Ha": 0.37, "PAKET": "Sulawesi Selatan 1" }, "geometry": { "type": "MultiPolygon", "coordinates": [ [ [ [ 120.295154663956623, -2.817692360514002, 0.0 ], [ 120.295076065907779, -2.818236337037263, 0.0 ], [ 120.294525454186441, -2.817945253470612, 0.0 ], [ 120.29447215046946, -2.817500822904606, 0.0 ], [ 120.294908742544521, -2.817645695592319, 0.0 ], [ 120.295154663956623, -2.817692360514002, 0.0 ] ] ] ] } },
{ "type": "Feature", "properties": { "PROVINSI": "Prov. Sulawesi Selatan", "KABUPATEN": "Kab. Luwu Utara", "KECAMATAN": "Malangke Barat", "DESA_KEL": "Cenning", "POKTAN": "Tetelangi 3", "KET_POKTAN": "Mas'un", "NO_HP": "085298689894", "NAMA_PEMIL": "Taswir T 2", "NO_PETAK": "CN28", "LUAS_Ha": 0.27, "PAKET": "Sulawesi Selatan 1" }, "geometry": { "type": "MultiPolygon", "coordinates": [ [ [ [ 120.293738232633359, -2.818369833301119, 0.0 ], [ 120.2937164015907, -2.818721427751655, 0.0 ], [ 120.293671303288079, -2.818941122234946, 0.0 ], [ 120.293601112101669, -2.819076865005286, 0.0 ], [ 120.293402612840396, -2.818963216778968, 0.0 ], [ 120.293346346756607, -2.818731343676518, 0.0 ], [ 120.293257519818781, -2.81850045623105, 0.0 ], [ 120.293738232633359, -2.818369833301119, 0.0 ] ] ] ] } },
{ "type": "Feature", "properties": { "PROVINSI": "Prov. Sulawesi Selatan", "KABUPATEN": "Kab. Luwu Utara", "KECAMATAN": "Malangke Barat", "DESA_KEL": "Cenning", "POKTAN": "Tetelangi 3", "KET_POKTAN": "Mas'un", "NO_HP": "085298689894", "NAMA_PEMIL": "Taswir T 3", "NO_PETAK": "CN29", "LUAS_Ha": 0.19, "PAKET": "Sulawesi Selatan 1" }, "geometry": { "type": "MultiPolygon", "coordinates": [ [ [ [ 120.293840440583949, -2.818767644810919, 0.0 ], [ 120.293828759289909, -2.818600715350669, 0.0 ], [ 120.294140902280901, -2.818644952102829, 0.0 ], [ 120.294125533766419, -2.818788969535262, 0.0 ], [ 120.294115171777776, -2.819006680114171, 0.0 ], [ 120.294128634628805, -2.819072071618791, 0.0 ], [ 120.29413274542992, -2.819082304104995, 0.0 ], [ 120.293782029617091, -2.819203251228998, 0.0 ], [ 120.293793461798941, -2.819038672596605, 0.0 ], [ 120.29386302795649, -2.818951958166281, 0.0 ], [ 120.293840440583949, -2.818767644810919, 0.0 ] ] ] ] } },
{ "type": "Feature", "properties": { "PROVINSI": "Prov. Sulawesi Selatan", "KABUPATEN": "Kab. Luwu Utara", "KECAMATAN": "Malangke Barat", "DESA_KEL": "Cenning", "POKTAN": "Tetelangi 3", "KET_POKTAN": "Mas'un", "NO_HP": "085298689894", "NAMA_PEMIL": "Tamrin 2", "NO_PETAK": "CN30", "LUAS_Ha": 0.17, "PAKET": "Sulawesi Selatan 1" }, "geometry": { "type": "MultiPolygon", "coordinates": [ [ [ [ 120.293782029617091, -2.819203251228998, 0.0 ], [ 120.29413274542992, -2.819082304104995, 0.0 ], [ 120.294239462581231, -2.819419138882097, 0.0 ], [ 120.2938842996208, -2.81957284471099, 0.0 ], [ 120.293858772364501, -2.819419830460788, 0.0 ], [ 120.293782029617091, -2.819203251228998, 0.0 ] ] ] ] } },
{ "type": "Feature", "properties": { "PROVINSI": "Prov. Sulawesi Selatan", "KABUPATEN": "Kab. Luwu Utara", "KECAMATAN": "Malangke Barat", "DESA_KEL": "Cenning", "POKTAN": "Tetelangi 3", "KET_POKTAN": "Mas'un", "NO_HP": "085298689894", "NAMA_PEMIL": "Anwar", "NO_PETAK": "CN31", "LUAS_Ha": 0.53, "PAKET": "Sulawesi Selatan 1" }, "geometry": { "type": "MultiPolygon", "coordinates": [ [ [ [ 120.293938406432403, -2.817419013376707, 0.0 ], [ 120.293967016564579, -2.817607469908751, 0.0 ], [ 120.29447215046946, -2.817500822904606, 0.0 ], [ 120.294525454186441, -2.817945253470612, 0.0 ], [ 120.29379153994762, -2.818109766452494, 0.0 ], [ 120.29357512349327, -2.817424590972053, 0.0 ], [ 120.293737642678138, -2.817421869623558, 0.0 ], [ 120.293938406432403, -2.817419013376707, 0.0 ] ] ] ] } },
{ "type": "Feature", "properties": { "PROVINSI": "Prov. Sulawesi Selatan", "KABUPATEN": "Kab. Luwu Utara", "KECAMATAN": "Malangke Barat", "DESA_KEL": "Cenning", "POKTAN": "Tetelangi 3", "KET_POKTAN": "Mas'un", "NO_HP": "085298689894", "NAMA_PEMIL": "Kani", "NO_PETAK": "CN38", "LUAS_Ha": 2.15, "PAKET": "Sulawesi Selatan 1" }, "geometry": { "type": "MultiPolygon", "coordinates": [ [ [ [ 120.283849879168656, -2.797643649135068, 0.0 ], [ 120.284655020612718, -2.797849600178836, 0.0 ], [ 120.285693804125799, -2.798120195390652, 0.0 ], [ 120.2857174302153, -2.798351452457496, 0.0 ], [ 120.285665452998273, -2.79857799078161, 0.0 ], [ 120.285574448801867, -2.798769610229272, 0.0 ], [ 120.285382014568427, -2.798993058482836, 0.0 ], [ 120.285267462523393, -2.798967782137368, 0.0 ], [ 120.283873361366545, -2.798604025255486, 0.0 ], [ 120.283802433635515, -2.798436727073238, 0.0 ], [ 120.283714767722358, -2.798222461797138, 0.0 ], [ 120.283678517849353, -2.798119015480154, 0.0 ], [ 120.283788673108802, -2.798037898430209, 0.0 ], [ 120.283808325993505, -2.797930568840627, 0.0 ], [ 120.283834299313526, -2.79783301398237, 0.0 ], [ 120.283802342803938, -2.797765223086515, 0.0 ], [ 120.283849879168656, -2.797643649135068, 0.0 ] ] ] ] } },
{ "type": "Feature", "properties": { "PROVINSI": "Prov. Sulawesi Selatan", "KABUPATEN": "Kab. Luwu Utara", "KECAMATAN": "Kec. Sabbang Selatan", "DESA_KEL": "Desa Bone Subur", "POKTAN": "Tani Makmur", "KET_POKTAN": "Muh. Said", "NO_HP": "085341816447/082393054856", "NAMA_PEMIL": "Budianto Matanre", "NO_PETAK": "BS01", "LUAS_Ha": 2.1, "PAKET": "Sulawesi Selatan 1" }, "geometry": { "type": "MultiPolygon", "coordinates": [ [ [ [ 120.212994920279357, -2.744226434102586, 0.0 ], [ 120.213114559789119, -2.744309566533218, 0.0 ], [ 120.213473477419143, -2.744242022051651, 0.0 ], [ 120.213717958117286, -2.74416928128727, 0.0 ], [ 120.213879211056792, -2.744034192324079, 0.0 ], [ 120.214056069032381, -2.743961451559699, 0.0 ], [ 120.214232927008084, -2.743795187597755, 0.0 ], [ 120.21427454133709, -2.743431485574547, 0.0 ], [ 120.214373373232661, -2.743098957650716, 0.0 ], [ 120.214409784983673, -2.742870344590699, 0.0 ], [ 120.214425390919132, -2.742657318580314, 0.0 ], [ 120.214508617778506, -2.742389737896019, 0.0 ], [ 120.21466466903928, -2.742374149947011, 0.0 ], [ 120.214685475754209, -2.743184687323435, 0.0 ], [ 120.214685475754209, -2.743431485574547, 0.0 ], [ 120.214534626172167, -2.743699066258841, 0.0 ], [ 120.214401982465574, -2.743943266368603, 0.0 ], [ 120.214240729526068, -2.744119921996742, 0.0 ], [ 120.214342163160381, -2.744283587817279, 0.0 ], [ 120.213840198466414, -2.744564157409911, 0.0 ], [ 120.213530696784346, -2.744649887981893, 0.0 ], [ 120.213117160628485, -2.74471483432211, 0.0 ], [ 120.212914294259349, -2.744756400087738, 0.0 ], [ 120.212893486645157, -2.744447253637816, 0.0 ], [ 120.212643805167545, -2.744325153582906, 0.0 ], [ 120.212479951388673, -2.744177074812114, 0.0 ], [ 120.212313496770548, -2.743984832134231, 0.0 ], [ 120.212279684959526, -2.7436523042104, 0.0 ], [ 120.212253676565979, -2.743309385519694, 0.0 ], [ 120.212321299288647, -2.742696287103911, 0.0 ], [ 120.212347307682194, -2.74246247776108, 0.0 ], [ 120.212446139577764, -2.742244256367314, 0.0 ], [ 120.212596989159806, -2.742291018415699, 0.0 ], [ 120.212578783284243, -2.742563795382807, 0.0 ], [ 120.212638603488813, -2.742750842677196, 0.0 ], [ 120.212547573211964, -2.743124936366655, 0.0 ], [ 120.212516363139684, -2.743493834672677, 0.0 ], [ 120.212563178248161, -2.74374842554937, 0.0 ], [ 120.212651607685643, -2.743899102461569, 0.0 ], [ 120.212792053910221, -2.744091345139395, 0.0 ], [ 120.212994920279357, -2.744226434102586, 0.0 ] ] ] ] } },
{ "type": "Feature", "properties": { "PROVINSI": "Prov. Sulawesi Selatan", "KABUPATEN": "Kab. Luwu Utara", "KECAMATAN": "Kec. Sabbang Selatan", "DESA_KEL": "Desa Bone Subur", "POKTAN": "Tani Makmur", "KET_POKTAN": "Muh. Said", "NO_HP": "085341816447/082393054856", "NAMA_PEMIL": "Juslin", "NO_PETAK": "BS02", "LUAS_Ha": 0.88, "PAKET": "Sulawesi Selatan 1" }, "geometry": { "type": "MultiPolygon", "coordinates": [ [ [ [ 120.235727691579768, -2.764083105151144, 0.0 ], [ 120.235371374789224, -2.76416363764173, 0.0 ], [ 120.235160705002613, -2.763483006435536, 0.0 ], [ 120.235730292419134, -2.763308951646763, 0.0 ], [ 120.236188042843992, -2.763231017297585, 0.0 ], [ 120.236206248719441, -2.763984387469463, 0.0 ], [ 120.236055399137399, -2.76404153938546, 0.0 ], [ 120.235727691579768, -2.764083105151144, 0.0 ] ] ] ] } },
{ "type": "Feature", "properties": { "PROVINSI": "Prov. Sulawesi Selatan", "KABUPATEN": "Kab. Luwu Utara", "KECAMATAN": "Kec. Sabbang Selatan", "DESA_KEL": "Desa Bone Subur", "POKTAN": "Tani Makmur", "KET_POKTAN": "Muh. Said", "NO_HP": "085341816447/082393054856", "NAMA_PEMIL": "Muh Basir", "NO_PETAK": "BS03", "LUAS_Ha": 0.74, "PAKET": "Sulawesi Selatan 1" }, "geometry": { "type": "MultiPolygon", "coordinates": [ [ [ [ 120.23593771025719, -2.765098856127281, 0.0 ], [ 120.235992328783027, -2.765358637890756, 0.0 ], [ 120.235888294309348, -2.765337855457631, 0.0 ], [ 120.235651616129189, -2.765228747009019, 0.0 ], [ 120.235508569065246, -2.764755942832437, 0.0 ], [ 120.235394782343405, -2.764236376607471, 0.0 ], [ 120.236203647880075, -2.76407790976765, 0.0 ], [ 120.236190643683358, -2.76429093128138, 0.0 ], [ 120.236149030253614, -2.764405236012806, 0.0 ], [ 120.236091160678598, -2.76450849976743, 0.0 ], [ 120.236041744730755, -2.764640988790575, 0.0 ], [ 120.235948113614654, -2.764911812430171, 0.0 ], [ 120.23593771025719, -2.765098856127281, 0.0 ] ] ] ] } },
{ "type": "Feature", "properties": { "PROVINSI": "Prov. Sulawesi Selatan", "KABUPATEN": "Kab. Luwu Utara", "KECAMATAN": "Kec. Sabbang Selatan", "DESA_KEL": "Desa Bone Subur", "POKTAN": "Tani Makmur", "KET_POKTAN": "Muh. Said", "NO_HP": "085341816447/082393054856", "NAMA_PEMIL": "Muh Basir 2", "NO_PETAK": "BS04", "LUAS_Ha": 0.51, "PAKET": "Sulawesi Selatan 1" }, "geometry": { "type": "MultiPolygon", "coordinates": [ [ [ [ 120.236283624589646, -2.765324866549292, 0.0 ], [ 120.236044345570122, -2.765345648982475, 0.0 ], [ 120.23600793381911, -2.765174192335053, 0.0 ], [ 120.235992328783027, -2.764993643541743, 0.0 ], [ 120.236041744730755, -2.76483907256511, 0.0 ], [ 120.236114568232779, -2.764579289902258, 0.0 ], [ 120.236176989276714, -2.764472779595053, 0.0 ], [ 120.236234207742541, -2.764301322947631, 0.0 ], [ 120.236286225429012, -2.764070116242806, 0.0 ], [ 120.236647743898288, -2.764155844116885, 0.0 ], [ 120.23648389011953, -2.764610464001692, 0.0 ], [ 120.236322637180024, -2.764953377296479, 0.0 ], [ 120.236283624589646, -2.765324866549292, 0.0 ] ] ] ] } },
{ "type": "Feature", "properties": { "PROVINSI": "Prov. Sulawesi Selatan", "KABUPATEN": "Kab. Luwu Utara", "KECAMATAN": "Kec. Sabbang Selatan", "DESA_KEL": "Desa Bone Subur", "POKTAN": "Tani Makmur", "KET_POKTAN": "Muh. Said", "NO_HP": "085341816447/082393054856", "NAMA_PEMIL": "Dedy Herianto", "NO_PETAK": "BS05", "LUAS_Ha": 4.47, "PAKET": "Sulawesi Selatan 1" }, "geometry": { "type": "MultiPolygon", "coordinates": [ [ [ [ 120.229225717293048, -2.775479830329857, 0.0 ], [ 120.22946094396741, -2.775979783240359, 0.0 ], [ 120.229687965227527, -2.775933339551955, 0.0 ], [ 120.229832930545399, -2.776236590046551, 0.0 ], [ 120.230311589308485, -2.776452416545737, 0.0 ], [ 120.230310791609782, -2.776459400680722, 0.0 ], [ 120.23026509076135, -2.776859482079374, 0.0 ], [ 120.230249268988587, -2.776917117830692, 0.0 ], [ 120.230243590669261, -2.77693780223774, 0.0 ], [ 120.230218592214328, -2.777028864890156, 0.0 ], [ 120.230089885739744, -2.777455520355943, 0.0 ], [ 120.229671553499429, -2.777362166230944, 0.0 ], [ 120.229378888025281, -2.777386754595, 0.0 ], [ 120.229146396189321, -2.777416806340511, 0.0 ], [ 120.228913905252625, -2.77742227062123, 0.0 ], [ 120.22869508940687, -2.777515157098776, 0.0 ], [ 120.228350454809743, -2.777588921291624, 0.0 ], [ 120.228153521268041, -2.776624531496907, 0.0 ], [ 120.22811522813538, -2.776408704997664, 0.0 ], [ 120.228087876154632, -2.775886895863493, 0.0 ], [ 120.228117963873046, -2.775714780912381, 0.0 ], [ 120.228139845277724, -2.77561642925474, 0.0 ], [ 120.228254723776558, -2.775332302843481, 0.0 ], [ 120.228372337113683, -2.775130136146799, 0.0 ], [ 120.229225717293048, -2.775479830329857, 0.0 ] ] ] ] } },
{ "type": "Feature", "properties": { "PROVINSI": "Prov. Sulawesi Selatan", "KABUPATEN": "Kab. Luwu Utara", "KECAMATAN": "Kec. Sabbang Selatan", "DESA_KEL": "Desa Bone Subur", "POKTAN": "Tani Makmur", "KET_POKTAN": "Muh. Said", "NO_HP": "085341816447/082393054856", "NAMA_PEMIL": "Hamsal Angjeng", "NO_PETAK": "BS06", "LUAS_Ha": 16.62, "PAKET": "Sulawesi Selatan 1" }, "geometry": { "type": "MultiPolygon", "coordinates": [ [ [ [ 120.232956982878477, -2.776417285429318, 0.0 ], [ 120.233106876481202, -2.777460750812963, 0.0 ], [ 120.233141785465136, -2.777558380314929, 0.0 ], [ 120.233253493853681, -2.777898341135483, 0.0 ], [ 120.233129215640815, -2.777992088264227, 0.0 ], [ 120.233122946466892, -2.777996710779519, 0.0 ], [ 120.23311104214099, -2.778005797529488, 0.0 ], [ 120.233021292498734, -2.778076700978943, 0.0 ], [ 120.232964857342381, -2.778121276775437, 0.0 ], [ 120.232847242206503, -2.77821419562855, 0.0 ], [ 120.232846858196012, -2.778214511290628, 0.0 ], [ 120.232846762867894, -2.778214587732975, 0.0 ], [ 120.232839479258587, -2.778220341595443, 0.0 ], [ 120.232831475292414, -2.778226814016193, 0.0 ], [ 120.232790250369817, -2.778265558608609, 0.0 ], [ 120.232753805343918, -2.77830971172375, 0.0 ], [ 120.232569742899386, -2.77856471538928, 0.0 ], [ 120.23248375512128, -2.778679378050811, 0.0 ], [ 120.232447446792321, -2.778727883884699, 0.0 ], [ 120.232400447322902, -2.778790590013671, 0.0 ], [ 120.23239638418579, -2.778796098361227, 0.0 ], [ 120.232366037462725, -2.778843934200154, 0.0 ], [ 120.232341891565056, -2.778895218939169, 0.0 ], [ 120.2323243278056, -2.778949140490397, 0.0 ], [ 120.23232241314895, -2.778956846781, 0.0 ], [ 120.232259394055859, -2.779220249215086, 0.0 ], [ 120.232236283277871, -2.779274123102255, 0.0 ], [ 120.232145560569279, -2.779485613070563, 0.0 ], [ 120.232140756390891, -2.779497255693741, 0.0 ], [ 120.232123193530583, -2.779551178144288, 0.0 ], [ 120.232113479953227, -2.779599621924945, 0.0 ], [ 120.232069977947162, -2.779900776099907, 0.0 ], [ 120.232068988692959, -2.779908041722706, 0.0 ], [ 120.232066377961019, -2.779934609494603, 0.0 ], [ 120.232051610193707, -2.780149756106312, 0.0 ], [ 120.232050540899763, -2.780181577717599, 0.0 ], [ 120.23205017667442, -2.780337610092602, 0.0 ], [ 120.232053588702229, -2.780394246697085, 0.0 ], [ 120.232064031629761, -2.780450007361878, 0.0 ], [ 120.232081633160874, -2.780504749994179, 0.0 ], [ 120.232119196943472, -2.780599829018854, 0.0 ], [ 120.23211471202444, -2.780602156464283, 0.0 ], [ 120.232109002228754, -2.780605408412839, 0.0 ], [ 120.232090599401658, -2.78061648266447, 0.0 ], [ 120.23204711088556, -2.780647883393044, 0.0 ], [ 120.23204089746946, -2.780652966361288, 0.0 ], [ 120.231998552891014, -2.780692631859438, 0.0 ], [ 120.231962482882295, -2.780736266065787, 0.0 ], [ 120.231932135259854, -2.780784102804034, 0.0 ], [ 120.23190945345857, -2.780831737194887, 0.0 ], [ 120.23182663579064, -2.781035461517263, 0.0 ], [ 120.231743054598383, -2.781229490248734, 0.0 ], [ 120.231710399315489, -2.781238504153578, 0.0 ], [ 120.23160725337209, -2.781268879655045, 0.0 ], [ 120.231560101017863, -2.781282712127393, 0.0 ], [ 120.231471673379133, -2.781308637783354, 0.0 ], [ 120.23145959908129, -2.781312363674601, 0.0 ], [ 120.231407084069701, -2.781333127222013, 0.0 ], [ 120.231357572793854, -2.781360346103043, 0.0 ], [ 120.231328691066324, -2.781380305656512, 0.0 ], [ 120.231253976290077, -2.781436371191546, 0.0 ], [ 120.231181966674512, -2.781489363743106, 0.0 ], [ 120.231143858802056, -2.781518946042468, 0.0 ], [ 120.231126483900198, -2.781532021285727, 0.0 ], [ 120.230237588593923, -2.780623978513745, 0.0 ], [ 120.230263557417288, -2.780237965209892, 0.0 ], [ 120.229174402876424, -2.779972970975791, 0.0 ], [ 120.229509527143023, -2.778369055287612, 0.0 ], [ 120.230204212054787, -2.778313266743794, 0.0 ], [ 120.230162321633884, -2.777814658319755, 0.0 ], [ 120.230089885739744, -2.777455520355943, 0.0 ], [ 120.230243590669261, -2.77693780223774, 0.0 ], [ 120.230246975717364, -2.776926401532137, 0.0 ], [ 120.230249268988587, -2.776917117830692, 0.0 ], [ 120.230263557417288, -2.776859281530562, 0.0 ], [ 120.230274030022542, -2.776779521557614, 0.0 ], [ 120.230292356407176, -2.776616078768996, 0.0 ], [ 120.230309375177626, -2.776467890280855, 0.0 ], [ 120.230310791609782, -2.776459400680722, 0.0 ], [ 120.23031199310401, -2.776452199809114, 0.0 ], [ 120.230314174859359, -2.776453071252206, 0.0 ], [ 120.230377010490656, -2.776399026493834, 0.0 ], [ 120.230447538023554, -2.776430478483746, 0.0 ], [ 120.230489905085165, -2.776497045402266, 0.0 ], [ 120.230645569637431, -2.776519868397145, 0.0 ], [ 120.23069118954686, -2.776592542611695, 0.0 ], [ 120.230802897935405, -2.776554188325065, 0.0 ], [ 120.230872715003898, -2.776456558823099, 0.0 ], [ 120.230991404829524, -2.776154952289176, 0.0 ], [ 120.231380572955118, -2.775613415626594, 0.0 ], [ 120.23230582515373, -2.775988984204218, 0.0 ], [ 120.2330005370452, -2.776260376215362, 0.0 ], [ 120.232956982878477, -2.776417285429318, 0.0 ] ] ] ] } },
{ "type": "Feature", "properties": { "PROVINSI": "Prov. Sulawesi Selatan", "KABUPATEN": "Kab. Luwu Utara", "KECAMATAN": "Kec. Sabbang Selatan", "DESA_KEL": "Desa Bone Subur", "POKTAN": "Tani Makmur", "KET_POKTAN": "Muh. Said", "NO_HP": "085341816447/082393054856", "NAMA_PEMIL": "Kamaruddin", "NO_PETAK": "BS08", "LUAS_Ha": 1.52, "PAKET": "Sulawesi Selatan 1" }, "geometry": { "type": "MultiPolygon", "coordinates": [ [ [ [ 120.22946595049325, -2.78271390492273, 0.0 ], [ 120.229356922084321, -2.782840569936297, 0.0 ], [ 120.228243794315745, -2.781903080662573, 0.0 ], [ 120.227374244326029, -2.781109174448773, 0.0 ], [ 120.227437556598034, -2.781014554078354, 0.0 ], [ 120.227539429101398, -2.780915179891565, 0.0 ], [ 120.227710501738329, -2.78079513838486, 0.0 ], [ 120.22873248501628, -2.781670645483871, 0.0 ], [ 120.229636174170196, -2.78249966482764, 0.0 ], [ 120.22946595049325, -2.78271390492273, 0.0 ] ] ] ] } },
{ "type": "Feature", "properties": { "PROVINSI": "Prov. Sulawesi Selatan", "KABUPATEN": "Kab. Luwu Utara", "KECAMATAN": "Kec. Sabbang Selatan", "DESA_KEL": "Desa Bone Subur", "POKTAN": "Tani Makmur", "KET_POKTAN": "Muh. Said", "NO_HP": "085341816447/082393054856", "NAMA_PEMIL": "Amir", "NO_PETAK": "BS12", "LUAS_Ha": 1.79, "PAKET": "Sulawesi Selatan 1" }, "geometry": { "type": "MultiPolygon", "coordinates": [ [ [ [ 120.2330005370452, -2.776260376215362, 0.0 ], [ 120.23230582515373, -2.775988984204218, 0.0 ], [ 120.233234365273802, -2.774784754212988, 0.0 ], [ 120.233752808245526, -2.774120917846062, 0.0 ], [ 120.234328927438128, -2.774349269203356, 0.0 ], [ 120.234221476440098, -2.774531379219752, 0.0 ], [ 120.234021434841452, -2.774783136332644, 0.0 ], [ 120.233389304073171, -2.775550394734864, 0.0 ], [ 120.233111254380901, -2.775956233593263, 0.0 ], [ 120.233073334466894, -2.775998123114846, 0.0 ], [ 120.233041511056967, -2.776112764192646, 0.0 ], [ 120.2330005370452, -2.776260376215362, 0.0 ] ] ] ] } },
{ "type": "Feature", "properties": { "PROVINSI": "Prov. Sulawesi Selatan", "KABUPATEN": "Kab. Luwu Utara", "KECAMATAN": "Kec. Sabbang Selatan", "DESA_KEL": "Desa Bone Subur", "POKTAN": "Tani Makmur", "KET_POKTAN": "Muh. Said", "NO_HP": "085341816447/082393054856", "NAMA_PEMIL": "Hj.Rosmiati", "NO_PETAK": "BS13", "LUAS_Ha": 1.81, "PAKET": "Sulawesi Selatan 1" }, "geometry": { "type": "MultiPolygon", "coordinates": [ [ [ [ 120.232537636203006, -2.774562062289306, 0.0 ], [ 120.232684582727416, -2.774602551566431, 0.0 ], [ 120.233234365273802, -2.774784754212988, 0.0 ], [ 120.23230582515373, -2.775988984204218, 0.0 ], [ 120.231380572955118, -2.775613415626594, 0.0 ], [ 120.232194330803736, -2.774456848804505, 0.0 ], [ 120.232537636203006, -2.774562062289306, 0.0 ] ] ] ] } },
{ "type": "Feature", "properties": { "PROVINSI": "Prov. Sulawesi Selatan", "KABUPATEN": "Kab. Luwu Utara", "KECAMATAN": "Kec. Sabbang Selatan", "DESA_KEL": "Desa Bone Subur", "POKTAN": "Tani Makmur", "KET_POKTAN": "Muh. Said", "NO_HP": "085341816447/082393054856", "NAMA_PEMIL": "Muhammad Said", "NO_PETAK": "BS14", "LUAS_Ha": 1.64, "PAKET": "Sulawesi Selatan 1" }, "geometry": { "type": "MultiPolygon", "coordinates": [ [ [ [ 120.232194330803736, -2.774456848804505, 0.0 ], [ 120.231380572955118, -2.775613415626594, 0.0 ], [ 120.230512670523353, -2.775248833167097, 0.0 ], [ 120.230579473064267, -2.774949907512166, 0.0 ], [ 120.230774695196033, -2.774452184021015, 0.0 ], [ 120.2316806470443, -2.774307588324518, 0.0 ], [ 120.232194330803736, -2.774456848804505, 0.0 ] ] ] ] } },
{ "type": "Feature", "properties": { "PROVINSI": "Prov. Sulawesi Selatan", "KABUPATEN": "Kab. Luwu Utara", "KECAMATAN": "Kec. Sabbang Selatan", "DESA_KEL": "Desa Bone Subur", "POKTAN": "Tani Makmur", "KET_POKTAN": "Muh. Said", "NO_HP": "085341816447/082393054856", "NAMA_PEMIL": "Rabang", "NO_PETAK": "BS15", "LUAS_Ha": 0.93, "PAKET": "Sulawesi Selatan 1" }, "geometry": { "type": "MultiPolygon", "coordinates": [ [ [ [ 120.232537636203006, -2.774562062289306, 0.0 ], [ 120.232194330803736, -2.774456848804505, 0.0 ], [ 120.2316806470443, -2.774307588324518, 0.0 ], [ 120.231986522660009, -2.773567117128721, 0.0 ], [ 120.2323834600287, -2.773639415426658, 0.0 ], [ 120.232894810047469, -2.773831820881753, 0.0 ], [ 120.232537636203006, -2.774562062289306, 0.0 ] ] ] ] } }
]
}
