{
"type": "FeatureCollection",
"name": "SULSEL_PAKET_2",
"crs": { "type": "name", "properties": { "name": "urn:ogc:def:crs:OGC:1.3:CRS84" } },
"features": [
{ "type": "Feature", "properties": { "PROVINSI": "Prov. Sulawesi Selatan", "KABUPATEN": "Kab. Luwu Utara", "KECAMATAN": "Kec. Sabbang Selatan", "DESA_KEL": "Torpedo Jaya", "POKTAN": "Karya baru", "KET_POKTAN": "Rustan", "NO_HP": "082393668883", "NAMA_PEMIL": "Jamaluddin", "NO_PETAK": "TJ01", "LUAS_Ha": 0.42, "PAKET": "Sulawesi Selatan 2" }, "geometry": { "type": "MultiPolygon", "coordinates": [ [ [ [ 120.201176546160696, -2.665722761895893, 0.0 ], [ 120.201165297440639, -2.665699192463705, 0.0 ], [ 120.200987353983237, -2.665537402628956, 0.0 ], [ 120.200927170452587, -2.665399724517613, 0.0 ], [ 120.201303435105501, -2.664983291645569, 0.0 ], [ 120.201703422075298, -2.665519987257539, 0.0 ], [ 120.201282025844876, -2.665826104790881, 0.0 ], [ 120.201176546160696, -2.665722761895893, 0.0 ] ] ] ] } },
{ "type": "Feature", "properties": { "PROVINSI": "Prov. Sulawesi Selatan", "KABUPATEN": "Kab. Luwu Utara", "KECAMATAN": "Kec. Sabbang Selatan", "DESA_KEL": "Torpedo Jaya", "POKTAN": "Karya baru", "KET_POKTAN": "Rustan", "NO_HP": "082393668883", "NAMA_PEMIL": "Mega Selfia", "NO_PETAK": "TJ03", "LUAS_Ha": 0.95, "PAKET": "Sulawesi Selatan 2" }, "geometry": { "type": "MultiPolygon", "coordinates": [ [ [ [ 120.218043493912205, -2.678046081961043, 0.0 ], [ 120.218528423647854, -2.677675742041799, 0.0 ], [ 120.218945953692923, -2.678257113275095, 0.0 ], [ 120.219062227939503, -2.678938902808056, 0.0 ], [ 120.218538994279243, -2.67905781926288, 0.0 ], [ 120.218422720032549, -2.6786720002126, 0.0 ], [ 120.218043493912205, -2.678046081961043, 0.0 ] ] ] ] } },
{ "type": "Feature", "properties": { "PROVINSI": "Prov. Sulawesi Selatan", "KABUPATEN": "Kab. Luwu Utara", "KECAMATAN": "Kec. Sabbang Selatan", "DESA_KEL": "Torpedo Jaya", "POKTAN": "Karya baru", "KET_POKTAN": "Rustan", "NO_HP": "082393668883", "NAMA_PEMIL": "Rustan", "NO_PETAK": "TJ04", "LUAS_Ha": 0.44, "PAKET": "Sulawesi Selatan 2" }, "geometry": { "type": "MultiPolygon", "coordinates": [ [ [ [ 120.196530438928676, -2.664322284545733, 0.0 ], [ 120.196754985254415, -2.664443426822629, 0.0 ], [ 120.197341281175227, -2.664427364031553, 0.0 ], [ 120.197124228900066, -2.664673892486121, 0.0 ], [ 120.196840184327129, -2.665142834074459, 0.0 ], [ 120.196351492727217, -2.664481323354323, 0.0 ], [ 120.196530438928676, -2.664322284545733, 0.0 ] ] ] ] } },
{ "type": "Feature", "properties": { "PROVINSI": "Prov. Sulawesi Selatan", "KABUPATEN": "Kab. Luwu Utara", "KECAMATAN": "Kec. Sabbang Selatan", "DESA_KEL": "Torpedo Jaya", "POKTAN": "Karya baru", "KET_POKTAN": "Rustan", "NO_HP": "082393668883", "NAMA_PEMIL": "Alpian", "NO_PETAK": "TJ05", "LUAS_Ha": 0.3, "PAKET": "Sulawesi Selatan 2" }, "geometry": { "type": "MultiPolygon", "coordinates": [ [ [ [ 120.203946804301609, -2.660263157618601, 0.0 ], [ 120.20377932535564, -2.660564619361651, 0.0 ], [ 120.203706973997669, -2.660720040197646, 0.0 ], [ 120.203262149528655, -2.660541842232192, 0.0 ], [ 120.203196498119951, -2.660531124112026, 0.0 ], [ 120.203007582034388, -2.660431976554435, 0.0 ], [ 120.203026339194253, -2.660393121345408, 0.0 ], [ 120.203345219006678, -2.660511026062977, 0.0 ], [ 120.203354598036299, -2.6604426946746, 0.0 ], [ 120.203402832274946, -2.660327469037441, 0.0 ], [ 120.203614525490025, -2.660142572921359, 0.0 ], [ 120.203676157828454, -2.660110416762279, 0.0 ], [ 120.203721712087372, -2.660080940582873, 0.0 ], [ 120.203946804301609, -2.660263157618601, 0.0 ] ] ] ] } },
{ "type": "Feature", "properties": { "PROVINSI": "Prov. Sulawesi Selatan", "KABUPATEN": "Kab. Luwu Utara", "KECAMATAN": "Kec. Sabbang Selatan", "DESA_KEL": "Torpedo Jaya", "POKTAN": "Karya baru", "KET_POKTAN": "Rustan", "NO_HP": "082393668883", "NAMA_PEMIL": "Sahrudding Rarrang", "NO_PETAK": "TJ06", "LUAS_Ha": 0.67, "PAKET": "Sulawesi Selatan 2" }, "geometry": { "type": "MultiPolygon", "coordinates": [ [ [ [ 120.195634017196198, -2.673733845340621, 0.0 ], [ 120.195742542884091, -2.673792797699434, 0.0 ], [ 120.195621958186848, -2.673938839505809, 0.0 ], [ 120.19562163443095, -2.67394035036682, 0.0 ], [ 120.195608461161669, -2.673951761864259, 0.0 ], [ 120.19560941264433, -2.673997387169607, 0.0 ], [ 120.195593821997363, -2.67407014322248, 0.0 ], [ 120.195609900076875, -2.674107658441642, 0.0 ], [ 120.195611937940612, -2.674118528547183, 0.0 ], [ 120.19561434812374, -2.674234120208439, 0.0 ], [ 120.195492190512255, -2.674428872894111, 0.0 ], [ 120.195491251620069, -2.674430369366007, 0.0 ], [ 120.195449120180797, -2.674450655373391, 0.0 ], [ 120.195202590826966, -2.674442616333636, 0.0 ], [ 120.194966780492564, -2.674391703014635, 0.0 ], [ 120.194907828133864, -2.673920751441472, 0.0 ], [ 120.194859093872196, -2.673915753009567, 0.0 ], [ 120.19485115735506, -2.673887758912883, 0.0 ], [ 120.19477985370736, -2.673767991699435, 0.0 ], [ 120.194589710047126, -2.673720084814022, 0.0 ], [ 120.194521667341178, -2.67372131148926, 0.0 ], [ 120.194512577893192, -2.673690300167152, 0.0 ], [ 120.194638521650518, -2.673684271112165, 0.0 ], [ 120.194763126317298, -2.673761981530163, 0.0 ], [ 120.194906488143943, -2.67376868058011, 0.0 ], [ 120.195210629866779, -2.673613260643435, 0.0 ], [ 120.195296379324532, -2.673581104484356, 0.0 ], [ 120.195487975389824, -2.673672213002192, 0.0 ], [ 120.195634017196198, -2.673733845340621, 0.0 ] ] ] ] } },
{ "type": "Feature", "properties": { "PROVINSI": "Prov. Sulawesi Selatan", "KABUPATEN": "Kab. Luwu Utara", "KECAMATAN": "Kec. Sabbang Selatan", "DESA_KEL": "Torpedo Jaya", "POKTAN": "Karya baru", "KET_POKTAN": "Rustan", "NO_HP": "082393668883", "NAMA_PEMIL": "Simon", "NO_PETAK": "TJ07", "LUAS_Ha": 1.24, "PAKET": "Sulawesi Selatan 2" }, "geometry": { "type": "MultiPolygon", "coordinates": [ [ [ [ 120.196739303775871, -2.677447518388192, 0.0 ], [ 120.196617581436271, -2.677625946580122, 0.0 ], [ 120.195895412343475, -2.677112790722674, 0.0 ], [ 120.196022696090608, -2.67676845380106, 0.0 ], [ 120.195829760035508, -2.676637150084389, 0.0 ], [ 120.1958083228958, -2.676559439666335, 0.0 ], [ 120.196121843648257, -2.676184287474825, 0.0 ], [ 120.196301380704199, -2.675951156220833, 0.0 ], [ 120.196289762362653, -2.676068902657676, 0.0 ], [ 120.196521221777061, -2.676237117249116, 0.0 ], [ 120.196614378051208, -2.67630481911209, 0.0 ], [ 120.196794404338334, -2.676435655181308, 0.0 ], [ 120.196797118492327, -2.676462972088416, 0.0 ], [ 120.196825427351655, -2.676561666387727, 0.0 ], [ 120.196798618561502, -2.67678825327522, 0.0 ], [ 120.196781119553066, -2.676944284750903, 0.0 ], [ 120.196614901456655, -2.677135567852133, 0.0 ], [ 120.196753141644194, -2.677237745225739, 0.0 ], [ 120.19675255438699, -2.677242892945117, 0.0 ], [ 120.196782653796504, -2.677259558281946, 0.0 ], [ 120.196861430810486, -2.677317784887805, 0.0 ], [ 120.196739303775871, -2.677447518388192, 0.0 ] ] ] ] } },
{ "type": "Feature", "properties": { "PROVINSI": "Prov. Sulawesi Selatan", "KABUPATEN": "Kab. Luwu Utara", "KECAMATAN": "Kec. Sabbang Selatan", "DESA_KEL": "Torpedo Jaya", "POKTAN": "Karya baru", "KET_POKTAN": "Rustan", "NO_HP": "082393668883", "NAMA_PEMIL": "Herlina Turu. A", "NO_PETAK": "TJ08", "LUAS_Ha": 0.82, "PAKET": "Sulawesi Selatan 2" }, "geometry": { "type": "MultiPolygon", "coordinates": [ [ [ [ 120.206749345406024, -2.681892012906019, 0.0 ], [ 120.206726879442044, -2.682200750164441, 0.0 ], [ 120.206621082297147, -2.682373810303034, 0.0 ], [ 120.206554869711567, -2.682566159100929, 0.0 ], [ 120.206483154174293, -2.682738137355102, 0.0 ], [ 120.206318618709361, -2.682952937727862, 0.0 ], [ 120.20621124865022, -2.683386967634419, 0.0 ], [ 120.206184128694645, -2.68315220770819, 0.0 ], [ 120.206165794216076, -2.683049964684074, 0.0 ], [ 120.206122794031785, -2.682964039858518, 0.0 ], [ 120.205969473112759, -2.682772129929788, 0.0 ], [ 120.205978898907119, -2.682640826213117, 0.0 ], [ 120.205995931167308, -2.682499918636267, 0.0 ], [ 120.205965750818791, -2.682439558838496, 0.0 ], [ 120.206069224115481, -2.68212913894854, 0.0 ], [ 120.206159763362507, -2.682131294623503, 0.0 ], [ 120.206292338720573, -2.681689377662622, 0.0 ], [ 120.206749345406024, -2.681892012906019, 0.0 ] ] ] ] } },
{ "type": "Feature", "properties": { "PROVINSI": "Prov. Sulawesi Selatan", "KABUPATEN": "Kab. Luwu Utara", "KECAMATAN": "Kec. Sabbang Selatan", "DESA_KEL": "Torpedo Jaya", "POKTAN": "Karya baru", "KET_POKTAN": "Rustan", "NO_HP": "082393668883", "NAMA_PEMIL": "Denianus", "NO_PETAK": "TJ10", "LUAS_Ha": 1.59, "PAKET": "Sulawesi Selatan 2" }, "geometry": { "type": "MultiPolygon", "coordinates": [ [ [ [ 120.202975711859722, -2.668724200661302, 0.0 ], [ 120.202413196711746, -2.668729669438619, 0.0 ], [ 120.202358424401837, -2.66868806410281, 0.0 ], [ 120.202070412019907, -2.667825107043029, 0.0 ], [ 120.202385391472717, -2.667648200504004, 0.0 ], [ 120.202383233999058, -2.667479924758652, 0.0 ], [ 120.202266734921977, -2.667378527097299, 0.0 ], [ 120.202581714374674, -2.667093751375489, 0.0 ], [ 120.203023979373256, -2.667389313565934, 0.0 ], [ 120.203313070042213, -2.667609367778027, 0.0 ], [ 120.203457949924541, -2.667827913827125, 0.0 ], [ 120.203363413191028, -2.668031309897003, 0.0 ], [ 120.203304153264071, -2.668091214637798, 0.0 ], [ 120.203084260030664, -2.668067889821202, 0.0 ], [ 120.202959613995063, -2.668116017040518, 0.0 ], [ 120.202894521964708, -2.668217760940877, 0.0 ], [ 120.202895031880303, -2.668414931903555, 0.0 ], [ 120.202936247809703, -2.668575218071794, 0.0 ], [ 120.202961052910382, -2.668671681153114, 0.0 ], [ 120.202975711859722, -2.668724200661302, 0.0 ] ] ] ] } },
{ "type": "Feature", "properties": { "PROVINSI": "Prov. Sulawesi Selatan", "KABUPATEN": "Kab. Luwu Utara", "KECAMATAN": "Kec. Sabbang Selatan", "DESA_KEL": "Torpedo Jaya", "POKTAN": "Karya baru", "KET_POKTAN": "Rustan", "NO_HP": "082393668883", "NAMA_PEMIL": "Amrin. S.Pd", "NO_PETAK": "TJ11", "LUAS_Ha": 0.73, "PAKET": "Sulawesi Selatan 2" }, "geometry": { "type": "MultiPolygon", "coordinates": [ [ [ [ 120.20319929411221, -2.66955928773092, 0.0 ], [ 120.202975846758022, -2.669867087895739, 0.0 ], [ 120.202850214166119, -2.66988144647155, 0.0 ], [ 120.202821498813137, -2.669931698788844, 0.0 ], [ 120.202765861355488, -2.669899393342291, 0.0 ], [ 120.202657278110905, -2.669510829561091, 0.0 ], [ 120.202617793376476, -2.669533264048823, 0.0 ], [ 120.202567541059238, -2.669422886656832, 0.0 ], [ 120.202545555333131, -2.669416156130637, 0.0 ], [ 120.202485431157811, -2.669344365949655, 0.0 ], [ 120.20240960212152, -2.669243410754746, 0.0 ], [ 120.202611961273078, -2.669026246064334, 0.0 ], [ 120.202413196711746, -2.668729669438619, 0.0 ], [ 120.202975711859722, -2.668724200661302, 0.0 ], [ 120.203092522102224, -2.668964110105549, 0.0 ], [ 120.203075455667772, -2.669115984015377, 0.0 ], [ 120.203111353905911, -2.669352429271157, 0.0 ], [ 120.20319929411221, -2.66955928773092, 0.0 ] ] ] ] } },
{ "type": "Feature", "properties": { "PROVINSI": "Prov. Sulawesi Selatan", "KABUPATEN": "Kab. Luwu Utara", "KECAMATAN": "Kec. Sabbang Selatan", "DESA_KEL": "Torpedo Jaya", "POKTAN": "Karya baru", "KET_POKTAN": "Rustan", "NO_HP": "082393668883", "NAMA_PEMIL": "Zakaruddin Riol", "NO_PETAK": "TJ12", "LUAS_Ha": 0.61, "PAKET": "Sulawesi Selatan 2" }, "geometry": { "type": "MultiPolygon", "coordinates": [ [ [ [ 120.195732000131784, -2.666361923563898, 0.0 ], [ 120.195662651610178, -2.666746830701641, 0.0 ], [ 120.19572098073877, -2.667023896535568, 0.0 ], [ 120.195942633046116, -2.667268879954804, 0.0 ], [ 120.196238863432882, -2.666833121551292, 0.0 ], [ 120.196373027892946, -2.666931147654282, 0.0 ], [ 120.195982051230772, -2.667631054929188, 0.0 ], [ 120.19548106859645, -2.667571868746677, 0.0 ], [ 120.195509477280666, -2.666686135456757, 0.0 ], [ 120.195541967987538, -2.666276076979329, 0.0 ], [ 120.195732000131784, -2.666361923563898, 0.0 ] ] ] ] } },
{ "type": "Feature", "properties": { "PROVINSI": "Prov. Sulawesi Selatan", "KABUPATEN": "Kab. Luwu Utara", "KECAMATAN": "Kec. Sabbang Selatan", "DESA_KEL": "Torpedo Jaya", "POKTAN": "Karya baru", "KET_POKTAN": "Rustan", "NO_HP": "082393668883", "NAMA_PEMIL": "Anda", "NO_PETAK": "TJ13", "LUAS_Ha": 0.6, "PAKET": "Sulawesi Selatan 2" }, "geometry": { "type": "MultiPolygon", "coordinates": [ [ [ [ 120.21346755898071, -2.669097136023936, 0.0 ], [ 120.213335958487733, -2.669138126223515, 0.0 ], [ 120.213121297509929, -2.668779999097637, 0.0 ], [ 120.213216222750589, -2.668687231330637, 0.0 ], [ 120.213388814342352, -2.66854160680964, 0.0 ], [ 120.213495605238109, -2.668452075702703, 0.0 ], [ 120.213590530478655, -2.668324789257554, 0.0 ], [ 120.213683298245655, -2.668173771502325, 0.0 ], [ 120.213717816923804, -2.668020597172756, 0.0 ], [ 120.213985332856851, -2.668232021490553, 0.0 ], [ 120.214151452027977, -2.668305372894622, 0.0 ], [ 120.214045740318738, -2.668359307935646, 0.0 ], [ 120.213942185183782, -2.66865487012609, 0.0 ], [ 120.213870991253316, -2.668719591635806, 0.0 ], [ 120.213799797322849, -2.668808045354979, 0.0 ], [ 120.213709187029394, -2.668870609391035, 0.0 ], [ 120.213670354303417, -2.668939645847956, 0.0 ], [ 120.213545225331927, -2.66900868230482, 0.0 ], [ 120.21346755898071, -2.669097136023936, 0.0 ] ] ] ] } },
{ "type": "Feature", "properties": { "PROVINSI": "Prov. Sulawesi Selatan", "KABUPATEN": "Kab. Luwu Utara", "KECAMATAN": "Kec. Sabbang Selatan", "DESA_KEL": "Torpedo Jaya", "POKTAN": "Karya baru", "KET_POKTAN": "Rustan", "NO_HP": "082393668883", "NAMA_PEMIL": "Joni", "NO_PETAK": "TJ16", "LUAS_Ha": 0.65, "PAKET": "Sulawesi Selatan 2" }, "geometry": { "type": "MultiPolygon", "coordinates": [ [ [ [ 120.217839511484385, -2.664108358314024, 0.0 ], [ 120.21743392173812, -2.664576512096289, 0.0 ], [ 120.21739508811288, -2.664475115334255, 0.0 ], [ 120.217459810521859, -2.664265847590741, 0.0 ], [ 120.217347625492607, -2.663681194731282, 0.0 ], [ 120.21734115397112, -2.663552829999048, 0.0 ], [ 120.217382144170642, -2.663310122763903, 0.0 ], [ 120.218210582552388, -2.66369413867352, 0.0 ], [ 120.218163119932115, -2.663786906440521, 0.0 ], [ 120.218035834386342, -2.663873202686091, 0.0 ], [ 120.21795385308792, -2.663959498032341, 0.0 ], [ 120.217908547941192, -2.663989701763285, 0.0 ], [ 120.217839511484385, -2.664108358314024, 0.0 ] ] ] ] } },
{ "type": "Feature", "properties": { "PROVINSI": "Prov. Sulawesi Selatan", "KABUPATEN": "Kab. Luwu Utara", "KECAMATAN": "Kec. Sabbang Selatan", "DESA_KEL": "Torpedo Jaya", "POKTAN": "Karya baru", "KET_POKTAN": "Rustan", "NO_HP": "082393668883", "NAMA_PEMIL": "Alex", "NO_PETAK": "TJ17", "LUAS_Ha": 0.51, "PAKET": "Sulawesi Selatan 2" }, "geometry": { "type": "MultiPolygon", "coordinates": [ [ [ [ 120.213291158760057, -2.671441468049238, 0.0 ], [ 120.213381375150448, -2.672588263737339, 0.0 ], [ 120.212999516714376, -2.672577476369383, 0.0 ], [ 120.21296715640915, -2.672171886623232, 0.0 ], [ 120.212968102496006, -2.67144326309608, 0.0 ], [ 120.213291158760057, -2.671441468049238, 0.0 ] ] ] ] } },
{ "type": "Feature", "properties": { "PROVINSI": "Prov. Sulawesi Selatan", "KABUPATEN": "Kab. Luwu Utara", "KECAMATAN": "Kec. Sabbang Selatan", "DESA_KEL": "Torpedo Jaya", "POKTAN": "Karya baru", "KET_POKTAN": "Rustan", "NO_HP": "082393668883", "NAMA_PEMIL": "Daud", "NO_PETAK": "TJ18", "LUAS_Ha": 0.27, "PAKET": "Sulawesi Selatan 2" }, "geometry": { "type": "MultiPolygon", "coordinates": [ [ [ [ 120.211079865243619, -2.679189240790777, 0.0 ], [ 120.210969039989322, -2.679469223126091, 0.0 ], [ 120.21089305537032, -2.679404412583551, 0.0 ], [ 120.210898639260904, -2.679391476735191, 0.0 ], [ 120.210522737034694, -2.679088552694509, 0.0 ], [ 120.210374079100575, -2.67896175637992, 0.0 ], [ 120.210480622682667, -2.678677647055736, 0.0 ], [ 120.211079865243619, -2.679189240790777, 0.0 ] ] ] ] } },
{ "type": "Feature", "properties": { "PROVINSI": "Prov. Sulawesi Selatan", "KABUPATEN": "Kab. Luwu Utara", "KECAMATAN": "Kec. Sabbang Selatan", "DESA_KEL": "Torpedo Jaya", "POKTAN": "Karya baru", "KET_POKTAN": "Rustan", "NO_HP": "082393668883", "NAMA_PEMIL": "Matius Payu", "NO_PETAK": "TJ19", "LUAS_Ha": 0.42, "PAKET": "Sulawesi Selatan 2" }, "geometry": { "type": "MultiPolygon", "coordinates": [ [ [ [ 120.211327510656133, -2.678520807089512, 0.0 ], [ 120.211229709383588, -2.678766750085401, 0.0 ], [ 120.210989519350846, -2.678582652567343, 0.0 ], [ 120.210609099830208, -2.67829931486142, 0.0 ], [ 120.210725598907288, -2.677860645352439, 0.0 ], [ 120.211403738991407, -2.678351092428898, 0.0 ], [ 120.211327510656133, -2.678520807089512, 0.0 ] ] ] ] } },
{ "type": "Feature", "properties": { "PROVINSI": "Prov. Sulawesi Selatan", "KABUPATEN": "Kab. Luwu Utara", "KECAMATAN": "Kec. Sabbang Selatan", "DESA_KEL": "Torpedo Jaya", "POKTAN": "Karya baru", "KET_POKTAN": "Rustan", "NO_HP": "082393668883", "NAMA_PEMIL": "Matias", "NO_PETAK": "TJ21", "LUAS_Ha": 1.08, "PAKET": "Sulawesi Selatan 2" }, "geometry": { "type": "MultiPolygon", "coordinates": [ [ [ [ 120.218043493912205, -2.678046081961043, 0.0 ], [ 120.217490838031836, -2.677453937748965, 0.0 ], [ 120.218104716159814, -2.676834482025697, 0.0 ], [ 120.218372491997002, -2.676976543432659, 0.0 ], [ 120.218680986438471, -2.677166084547139, 0.0 ], [ 120.21889889037152, -2.677409430300941, 0.0 ], [ 120.218779164526836, -2.677467900623071, 0.0 ], [ 120.218043493912205, -2.678046081961043, 0.0 ] ] ] ] } },
{ "type": "Feature", "properties": { "PROVINSI": "Prov. Sulawesi Selatan", "KABUPATEN": "Kab. Luwu Utara", "KECAMATAN": "Kec. Sabbang Selatan", "DESA_KEL": "Torpedo Jaya", "POKTAN": "Karya baru", "KET_POKTAN": "Rustan", "NO_HP": "082393668883", "NAMA_PEMIL": "Yohanes", "NO_PETAK": "TJ22", "LUAS_Ha": 0.43, "PAKET": "Sulawesi Selatan 2" }, "geometry": { "type": "MultiPolygon", "coordinates": [ [ [ [ 120.202079242463128, -2.659200720137051, 0.0 ], [ 120.201714889330788, -2.659313012185692, 0.0 ], [ 120.201709284755793, -2.659160475475517, 0.0 ], [ 120.201253741267237, -2.658801400464199, 0.0 ], [ 120.20164765241725, -2.658514676810853, 0.0 ], [ 120.201811111393681, -2.658442325452938, 0.0 ], [ 120.20204692262746, -2.659114921216599, 0.0 ], [ 120.202079242463128, -2.659200720137051, 0.0 ] ] ] ] } },
{ "type": "Feature", "properties": { "PROVINSI": "Prov. Sulawesi Selatan", "KABUPATEN": "Kab. Luwu Utara", "KECAMATAN": "Kec. Sabbang Selatan", "DESA_KEL": "Torpedo Jaya", "POKTAN": "Karya baru", "KET_POKTAN": "Rustan", "NO_HP": "082393668883", "NAMA_PEMIL": "Matiu Payung", "NO_PETAK": "TJ23", "LUAS_Ha": 0.43, "PAKET": "Sulawesi Selatan 2" }, "geometry": { "type": "MultiPolygon", "coordinates": [ [ [ [ 120.201714889330788, -2.659313012185692, 0.0 ], [ 120.202079242463128, -2.659200720137051, 0.0 ], [ 120.202255935862809, -2.659672291343099, 0.0 ], [ 120.202022805508136, -2.659859868338231, 0.0 ], [ 120.202194303524379, -2.659929538817096, 0.0 ], [ 120.202162147365243, -2.660111756752144, 0.0 ], [ 120.201929017010571, -2.660028686374744, 0.0 ], [ 120.201639613377552, -2.659650854203505, 0.0 ], [ 120.201618176237957, -2.659500793326913, 0.0 ], [ 120.201720002875845, -2.659449879108593, 0.0 ], [ 120.201714889330788, -2.659313012185692, 0.0 ] ] ] ] } },
{ "type": "Feature", "properties": { "PROVINSI": "Prov. Sulawesi Selatan", "KABUPATEN": "Kab. Luwu Utara", "KECAMATAN": "Kec. Sabbang Selatan", "DESA_KEL": "Torpedo Jaya", "POKTAN": "Karya baru", "KET_POKTAN": "Rustan", "NO_HP": "082393668883", "NAMA_PEMIL": "Yonatan", "NO_PETAK": "TJ24", "LUAS_Ha": 0.8, "PAKET": "Sulawesi Selatan 2" }, "geometry": { "type": "MultiPolygon", "coordinates": [ [ [ [ 120.204815216648967, -2.670212386192645, 0.0 ], [ 120.204393529038157, -2.669616966649642, 0.0 ], [ 120.204694125633409, -2.669280413360354, 0.0 ], [ 120.204935753682093, -2.669005705548841, 0.0 ], [ 120.205490923167645, -2.669479613193573, 0.0 ], [ 120.20518025866204, -2.66964357489104, 0.0 ], [ 120.205258643571597, -2.669808255146791, 0.0 ], [ 120.204815216648967, -2.670212386192645, 0.0 ] ] ] ] } },
{ "type": "Feature", "properties": { "PROVINSI": "Prov. Sulawesi Selatan", "KABUPATEN": "Kab. Luwu Utara", "KECAMATAN": "Kec. Sabbang Selatan", "DESA_KEL": "Torpedo Jaya", "POKTAN": "Karya baru", "KET_POKTAN": "Rustan", "NO_HP": "082393668883", "NAMA_PEMIL": "Irma", "NO_PETAK": "TJ25", "LUAS_Ha": 0.81, "PAKET": "Sulawesi Selatan 2" }, "geometry": { "type": "MultiPolygon", "coordinates": [ [ [ [ 120.204393529038157, -2.669616966649642, 0.0 ], [ 120.204815216648967, -2.670212386192645, 0.0 ], [ 120.204784017368524, -2.670241172592, 0.0 ], [ 120.20437698960643, -2.670504374477275, 0.0 ], [ 120.20374127773789, -2.669642135975721, 0.0 ], [ 120.203295416350443, -2.669877292502974, 0.0 ], [ 120.203196177061955, -2.669652203886073, 0.0 ], [ 120.20319929411221, -2.66955928773092, 0.0 ], [ 120.203698130064708, -2.669298391707343, 0.0 ], [ 120.203931847676699, -2.669575256992459, 0.0 ], [ 120.20407279752169, -2.669723397816483, 0.0 ], [ 120.204176351757269, -2.669868662608621, 0.0 ], [ 120.204393529038157, -2.669616966649642, 0.0 ] ] ] ] } },
{ "type": "Feature", "properties": { "PROVINSI": "Prov. Sulawesi Selatan", "KABUPATEN": "Kab. Luwu Utara", "KECAMATAN": "Kec. Sabbang Selatan", "DESA_KEL": "Torpedo Jaya", "POKTAN": "Karya baru", "KET_POKTAN": "Rustan", "NO_HP": "082393668883", "NAMA_PEMIL": "Rahmat", "NO_PETAK": "TJ26", "LUAS_Ha": 0.88, "PAKET": "Sulawesi Selatan 2" }, "geometry": { "type": "MultiPolygon", "coordinates": [ [ [ [ 120.201303435105501, -2.664983291645569, 0.0 ], [ 120.200927170452587, -2.665399724517613, 0.0 ], [ 120.200845931994195, -2.665245964729422, 0.0 ], [ 120.200709108238811, -2.665177627045807, 0.0 ], [ 120.200542355045741, -2.665147729084367, 0.0 ], [ 120.200091264999969, -2.664370388382679, 0.0 ], [ 120.20061931812711, -2.664180323862809, 0.0 ], [ 120.201303435105501, -2.664983291645569, 0.0 ] ] ] ] } },
{ "type": "Feature", "properties": { "PROVINSI": "Prov. Sulawesi Selatan", "KABUPATEN": "Kab. Luwu Utara", "KECAMATAN": "Kec. Sabbang Selatan", "DESA_KEL": "Torpedo Jaya", "POKTAN": "Karya baru", "KET_POKTAN": "Rustan", "NO_HP": "082393668883", "NAMA_PEMIL": "Asrum", "NO_PETAK": "TJ27", "LUAS_Ha": 0.79, "PAKET": "Sulawesi Selatan 2" }, "geometry": { "type": "MultiPolygon", "coordinates": [ [ [ [ 120.200617571643647, -2.663981930721491, 0.0 ], [ 120.200029963611996, -2.664143348236905, 0.0 ], [ 120.200062609002316, -2.662966141973811, 0.0 ], [ 120.200660009751687, -2.662985707624273, 0.0 ], [ 120.200617571643647, -2.663981930721491, 0.0 ] ] ] ] } },
{ "type": "Feature", "properties": { "PROVINSI": "Prov. Sulawesi Selatan", "KABUPATEN": "Kab. Luwu Utara", "KECAMATAN": "Kec. Sabbang Selatan", "DESA_KEL": "Torpedo Jaya", "POKTAN": "Karya baru", "KET_POKTAN": "Rustan", "NO_HP": "082393668883", "NAMA_PEMIL": "Zakaruddin Rio", "NO_PETAK": "TJ28", "LUAS_Ha": 0.38, "PAKET": "Sulawesi Selatan 2" }, "geometry": { "type": "MultiPolygon", "coordinates": [ [ [ [ 120.196238863432882, -2.666833121551292, 0.0 ], [ 120.195942633046116, -2.667268879954804, 0.0 ], [ 120.19572098073877, -2.667023896535568, 0.0 ], [ 120.195662651610178, -2.666746830701641, 0.0 ], [ 120.195732000131784, -2.666361923563898, 0.0 ], [ 120.195827719473755, -2.66636564315985, 0.0 ], [ 120.19605017397646, -2.666538125933698, 0.0 ], [ 120.196084489407667, -2.666588498760177, 0.0 ], [ 120.196108934779545, -2.666697823945356, 0.0 ], [ 120.196112273063022, -2.666712752691353, 0.0 ], [ 120.196232582567745, -2.666809996384188, 0.0 ], [ 120.19624568568986, -2.666820660545, 0.0 ], [ 120.196238863432882, -2.666833121551292, 0.0 ] ] ] ] } },
{ "type": "Feature", "properties": { "PROVINSI": "Prov. Sulawesi Selatan", "KABUPATEN": "Kab. Luwu Utara", "KECAMATAN": "Kec. Sabbang Selatan", "DESA_KEL": "Torpedo Jaya", "POKTAN": "Karya baru", "KET_POKTAN": "Rustan", "NO_HP": "082393668883", "NAMA_PEMIL": "Peter Musu Tonga", "NO_PETAK": "TJ29", "LUAS_Ha": 0.31, "PAKET": "Sulawesi Selatan 2" }, "geometry": { "type": "MultiPolygon", "coordinates": [ [ [ [ 120.193770656090919, -2.67493052462396, 0.0 ], [ 120.193763126966815, -2.674937105862682, 0.0 ], [ 120.193743531638688, -2.674916733520377, 0.0 ], [ 120.193563356963409, -2.674537350917944, 0.0 ], [ 120.193565329176636, -2.674429953879212, 0.0 ], [ 120.193839538763768, -2.674206539799911, 0.0 ], [ 120.193898939884207, -2.674215251532587, 0.0 ], [ 120.193924206337101, -2.674300957822879, 0.0 ], [ 120.194229947953772, -2.674515920073588, 0.0 ], [ 120.194134889613565, -2.674580790870777, 0.0 ], [ 120.193848773002514, -2.674867535208534, 0.0 ], [ 120.193770656090919, -2.67493052462396, 0.0 ] ] ] ] } },
{ "type": "Feature", "properties": { "PROVINSI": "Prov. Sulawesi Selatan", "KABUPATEN": "Kab. Luwu Utara", "KECAMATAN": "Kec. Sabbang Selatan", "DESA_KEL": "Torpedo Jaya", "POKTAN": "Karya baru", "KET_POKTAN": "Rustan", "NO_HP": "082393668883", "NAMA_PEMIL": "Minus Madina", "NO_PETAK": "TJ31", "LUAS_Ha": 0.34, "PAKET": "Sulawesi Selatan 2" }, "geometry": { "type": "MultiPolygon", "coordinates": [ [ [ [ 120.194085612161302, -2.672351749233769, 0.0 ], [ 120.194118682031558, -2.672444234613693, 0.0 ], [ 120.194209420928132, -2.67243127178574, 0.0 ], [ 120.194472376399062, -2.672464604258039, 0.0 ], [ 120.194473139923502, -2.672642725781145, 0.0 ], [ 120.194464223145474, -2.672780938089772, 0.0 ], [ 120.194446451642534, -2.67291459173498, 0.0 ], [ 120.194467896875949, -2.673019358256738, 0.0 ], [ 120.194440480144067, -2.672971901032383, 0.0 ], [ 120.194438162591155, -2.672967890056043, 0.0 ], [ 120.194437959344441, -2.67296771828552, 0.0 ], [ 120.194384149309144, -2.67292216942252, 0.0 ], [ 120.19430079744393, -2.672856662804691, 0.0 ], [ 120.194122352164868, -2.672779456906369, 0.0 ], [ 120.194003522944286, -2.672779765373832, 0.0 ], [ 120.19383123442401, -2.672786192828482, 0.0 ], [ 120.19378596075353, -2.672794349679464, 0.0 ], [ 120.193730274732502, -2.672804381616857, 0.0 ], [ 120.193700175322874, -2.672788669561385, 0.0 ], [ 120.193720473021472, -2.672770750569612, 0.0 ], [ 120.193831679588357, -2.672509483126078, 0.0 ], [ 120.193831679588357, -2.672437131768163, 0.0 ], [ 120.194021299843143, -2.672365147333608, 0.0 ], [ 120.194049436932005, -2.672351749233769, 0.0 ], [ 120.194085612161302, -2.672351749233769, 0.0 ] ] ] ] } },
{ "type": "Feature", "properties": { "PROVINSI": "Prov. Sulawesi Selatan", "KABUPATEN": "Kab. Luwu Utara", "KECAMATAN": "Kec. Malangke", "DESA_KEL": "Desa Tingkara", "POKTAN": "Sipakainge", "KET_POKTAN": "Rusman", "NO_HP": "081312185207", "NAMA_PEMIL": "Hj Sini", "NO_PETAK": "TK01", "LUAS_Ha": 0.43, "PAKET": "Sulawesi Selatan 2" }, "geometry": { "type": "MultiPolygon", "coordinates": [ [ [ [ 120.387117665447931, -2.709583380668448, 0.0 ], [ 120.387187721736041, -2.709603395979912, 0.0 ], [ 120.387257777124773, -2.709623412190695, 0.0 ], [ 120.387327835211522, -2.709643429300797, 0.0 ], [ 120.387397891499518, -2.70966344551158, 0.0 ], [ 120.38746794868689, -2.709683461722307, 0.0 ], [ 120.387538004974999, -2.709703478832409, 0.0 ], [ 120.387608062162371, -2.709723494143873, 0.0 ], [ 120.387678117551104, -2.709743510354656, 0.0 ], [ 120.387748176537229, -2.709763527464759, 0.0 ], [ 120.387781604337647, -2.709773422705268, 0.0 ], [ 120.3876428542344, -2.71026408651835, 0.0 ], [ 120.387612293472671, -2.710256253423324, 0.0 ], [ 120.387542297439154, -2.710237982796627, 0.0 ], [ 120.387475349208103, -2.710223010883226, 0.0 ], [ 120.387408400976938, -2.710208038070448, 0.0 ], [ 120.387341452745886, -2.710193067056366, 0.0 ], [ 120.387274504514835, -2.710178094243588, 0.0 ], [ 120.387207556283784, -2.710163121430867, 0.0 ], [ 120.387140607153356, -2.710148150416785, 0.0 ], [ 120.387073659821567, -2.710133177604007, 0.0 ], [ 120.387006712489892, -2.710118204791286, 0.0 ], [ 120.387117665447931, -2.709583380668448, 0.0 ] ] ] ] } },
{ "type": "Feature", "properties": { "PROVINSI": "Prov. Sulawesi Selatan", "KABUPATEN": "Kab. Luwu Utara", "KECAMATAN": "Kec. Malangke", "DESA_KEL": "Desa Tingkara", "POKTAN": "Sipakainge", "KET_POKTAN": "Rusman", "NO_HP": "081312185207", "NAMA_PEMIL": "Sam Bin Lano", "NO_PETAK": "TK02", "LUAS_Ha": 2.09, "PAKET": "Sulawesi Selatan 2" }, "geometry": { "type": "MultiPolygon", "coordinates": [ [ [ [ 120.383931800012647, -2.705227115039293, 0.0 ], [ 120.383953635551848, -2.705155826680027, 0.0 ], [ 120.384084649686883, -2.704728101020976, 0.0 ], [ 120.38416860859445, -2.704424641883691, 0.0 ], [ 120.384269010706362, -2.704037508923875, 0.0 ], [ 120.384346866814553, -2.703765014343901, 0.0 ], [ 120.384457273884095, -2.703428082439984, 0.0 ], [ 120.384604171845126, -2.702939481671706, 0.0 ], [ 120.384675555532567, -2.702943443185291, 0.0 ], [ 120.38568286367331, -2.703189048036108, 0.0 ], [ 120.385553233594919, -2.703644770489745, 0.0 ], [ 120.38541585855512, -2.703598291727758, 0.0 ], [ 120.385056270030873, -2.703545570771439, 0.0 ], [ 120.384990529589345, -2.703949857399948, 0.0 ], [ 120.384908157985137, -2.704213588086589, 0.0 ], [ 120.384866971733459, -2.704345452980249, 0.0 ], [ 120.384825785481667, -2.704477318773172, 0.0 ], [ 120.384805191906139, -2.704543251669691, 0.0 ], [ 120.384764005654347, -2.704675116563351, 0.0 ], [ 120.384670732468408, -2.704650370817888, 0.0 ], [ 120.384629638846832, -2.704792543740837, 0.0 ], [ 120.384609092036044, -2.704863629752651, 0.0 ], [ 120.384588545225256, -2.704934717563106, 0.0 ], [ 120.384567998414468, -2.705005802675601, 0.0 ], [ 120.38454745160368, -2.705076890486055, 0.0 ], [ 120.384526904792892, -2.70514797559855, 0.0 ], [ 120.384465263461152, -2.705361235432633, 0.0 ], [ 120.383931800012647, -2.705227115039293, 0.0 ] ] ] ] } },
{ "type": "Feature", "properties": { "PROVINSI": "Prov. Sulawesi Selatan", "KABUPATEN": "Kab. Luwu Utara", "KECAMATAN": "Kec. Malangke", "DESA_KEL": "Desa Tingkara", "POKTAN": "Sipakainge", "KET_POKTAN": "Rusman", "NO_HP": "081312185207", "NAMA_PEMIL": "Ambo Awa", "NO_PETAK": "TK03", "LUAS_Ha": 2.47, "PAKET": "Sulawesi Selatan 2" }, "geometry": { "type": "MultiPolygon", "coordinates": [ [ [ [ 120.387240159405906, -2.681188746663281, 0.0 ], [ 120.38753660113332, -2.681090205248722, 0.0 ], [ 120.387832292826147, -2.680980661528281, 0.0 ], [ 120.388149555657492, -2.680865779432111, 0.0 ], [ 120.388492595756702, -2.681626375656663, 0.0 ], [ 120.389394810022509, -2.681448111141378, 0.0 ], [ 120.389423066721179, -2.681492182418253, 0.0 ], [ 120.389442895873003, -2.681587256946329, 0.0 ], [ 120.389442895873003, -2.681695206168797, 0.0 ], [ 120.38944091286794, -2.681874460837662, 0.0 ], [ 120.389452809999284, -2.682129973519409, 0.0 ], [ 120.389506347539964, -2.682403312562769, 0.0 ], [ 120.388419724590676, -2.682835108553377, 0.0 ], [ 120.387916070070673, -2.681698176629482, 0.0 ], [ 120.387792393504242, -2.681369982538627, 0.0 ], [ 120.387340295318381, -2.681539333873104, 0.0 ], [ 120.387240159405906, -2.681188746663281, 0.0 ] ] ] ] } },
{ "type": "Feature", "properties": { "PROVINSI": "Prov. Sulawesi Selatan", "KABUPATEN": "Kab. Luwu Utara", "KECAMATAN": "Kec. Malangke", "DESA_KEL": "Desa Tingkara", "POKTAN": "Sipakainge", "KET_POKTAN": "Rusman", "NO_HP": "081312185207", "NAMA_PEMIL": "Jufri", "NO_PETAK": "TK04", "LUAS_Ha": 1.41, "PAKET": "Sulawesi Selatan 2" }, "geometry": { "type": "MultiPolygon", "coordinates": [ [ [ [ 120.388748387228361, -2.713247772666534, 0.0 ], [ 120.388979410471507, -2.712217717073941, 0.0 ], [ 120.390677664142913, -2.712544353539045, 0.0 ], [ 120.390606280455586, -2.712841453570206, 0.0 ], [ 120.390176846983991, -2.71282147153363, 0.0 ], [ 120.389668447640815, -2.712793209439042, 0.0 ], [ 120.389604995074478, -2.71328045313038, 0.0 ], [ 120.388748387228361, -2.713247772666534, 0.0 ] ] ] ] } },
{ "type": "Feature", "properties": { "PROVINSI": "Prov. Sulawesi Selatan", "KABUPATEN": "Kab. Luwu Utara", "KECAMATAN": "Kec. Malangke", "DESA_KEL": "Desa Tingkara", "POKTAN": "Sipakainge", "KET_POKTAN": "Rusman", "NO_HP": "081312185207", "NAMA_PEMIL": "Durusi", "NO_PETAK": "TK05", "LUAS_Ha": 0.46, "PAKET": "Sulawesi Selatan 2" }, "geometry": { "type": "MultiPolygon", "coordinates": [ [ [ [ 120.388748387228361, -2.713247772666534, 0.0 ], [ 120.389604995074478, -2.71328045313038, 0.0 ], [ 120.389521412083582, -2.713703592246929, 0.0 ], [ 120.388704762914585, -2.71369725382516, 0.0 ], [ 120.388669264874693, -2.713695421906152, 0.0 ], [ 120.388670256826913, -2.713690717552538, 0.0 ], [ 120.388748387228361, -2.713247772666534, 0.0 ] ] ] ] } },
{ "type": "Feature", "properties": { "PROVINSI": "Prov. Sulawesi Selatan", "KABUPATEN": "Kab. Luwu Utara", "KECAMATAN": "Kec. Malangke", "DESA_KEL": "Desa Tingkara", "POKTAN": "Sipakainge", "KET_POKTAN": "Rusman", "NO_HP": "081312185207", "NAMA_PEMIL": "Durusi 2", "NO_PETAK": "TK06", "LUAS_Ha": 0.97, "PAKET": "Sulawesi Selatan 2" }, "geometry": { "type": "MultiPolygon", "coordinates": [ [ [ [ 120.388979410471507, -2.712217717073941, 0.0 ], [ 120.389108198784356, -2.711653410476458, 0.0 ], [ 120.390758167855211, -2.712221415985539, 0.0 ], [ 120.390677664142913, -2.712544353539045, 0.0 ], [ 120.388979410471507, -2.712217717073941, 0.0 ] ] ] ] } },
{ "type": "Feature", "properties": { "PROVINSI": "Prov. Sulawesi Selatan", "KABUPATEN": "Kab. Luwu Utara", "KECAMATAN": "Kec. Malangke", "DESA_KEL": "Desa Tingkara", "POKTAN": "Sipakainge", "KET_POKTAN": "Rusman", "NO_HP": "081312185207", "NAMA_PEMIL": "Tamrin", "NO_PETAK": "TK07", "LUAS_Ha": 1.05, "PAKET": "Sulawesi Selatan 2" }, "geometry": { "type": "MultiPolygon", "coordinates": [ [ [ [ 120.389521412083582, -2.713703592246929, 0.0 ], [ 120.389668447640815, -2.712793209439042, 0.0 ], [ 120.390606280455586, -2.712841453570206, 0.0 ], [ 120.39048332244738, -2.713715949831169, 0.0 ], [ 120.389521412083582, -2.713703592246929, 0.0 ] ] ] ] } },
{ "type": "Feature", "properties": { "PROVINSI": "Prov. Sulawesi Selatan", "KABUPATEN": "Kab. Luwu Utara", "KECAMATAN": "Kec. Malangke", "DESA_KEL": "Desa Tingkara", "POKTAN": "Sipakainge", "KET_POKTAN": "Rusman", "NO_HP": "081312185207", "NAMA_PEMIL": "H Andi Muli Yadi", "NO_PETAK": "TK08", "LUAS_Ha": 1.09, "PAKET": "Sulawesi Selatan 2" }, "geometry": { "type": "MultiPolygon", "coordinates": [ [ [ [ 120.396982067268596, -2.711648420138431, 0.0 ], [ 120.397859378407702, -2.7119973238174, 0.0 ], [ 120.397641895357197, -2.712779054110001, 0.0 ], [ 120.396612478283259, -2.712554047331366, 0.0 ], [ 120.396982067268596, -2.711648420138431, 0.0 ] ] ] ] } },
{ "type": "Feature", "properties": { "PROVINSI": "Prov. Sulawesi Selatan", "KABUPATEN": "Kab. Luwu Utara", "KECAMATAN": "Kec. Malangke", "DESA_KEL": "Desa Tingkara", "POKTAN": "Sipakainge", "KET_POKTAN": "Rusman", "NO_HP": "081312185207", "NAMA_PEMIL": "H Ambo Lolo", "NO_PETAK": "TK09", "LUAS_Ha": 1.74, "PAKET": "Sulawesi Selatan 2" }, "geometry": { "type": "MultiPolygon", "coordinates": [ [ [ [ 120.390623548338112, -2.712839563195246, 0.0 ], [ 120.390688148439381, -2.712547135142131, 0.0 ], [ 120.390768280731663, -2.712224908952351, 0.0 ], [ 120.390938009781394, -2.711569256415999, 0.0 ], [ 120.391560151779686, -2.711771374549244, 0.0 ], [ 120.39216910881737, -2.711979026211054, 0.0 ], [ 120.392220541944539, -2.711996288697719, 0.0 ], [ 120.391932928861593, -2.712800209761838, 0.0 ], [ 120.391483198590777, -2.712821170260725, 0.0 ], [ 120.391163080411843, -2.712831856904643, 0.0 ], [ 120.390623548338112, -2.712839563195246, 0.0 ] ] ] ] } },
{ "type": "Feature", "properties": { "PROVINSI": "Prov. Sulawesi Selatan", "KABUPATEN": "Kab. Luwu Utara", "KECAMATAN": "Kec. Masamba", "DESA_KEL": "Desa Sepakat", "POKTAN": "Salu Bomban", "KET_POKTAN": "Wallar", "NO_HP": "+62 853-9931-6380", "NAMA_PEMIL": "Wallar 1", "NO_PETAK": "SK01", "LUAS_Ha": 8.14, "PAKET": "Sulawesi Selatan 2" }, "geometry": { "type": "MultiPolygon", "coordinates": [ [ [ [ 120.408911721698701, -2.470119537886319, 0.0 ], [ 120.408879054724707, -2.471135932777031, 0.0 ], [ 120.408736278356628, -2.471946264208668, 0.0 ], [ 120.407433542024364, -2.471941776591677, 0.0 ], [ 120.407011089989851, -2.471828156244385, 0.0 ], [ 120.406957929265104, -2.471543653017136, 0.0 ], [ 120.406773703143926, -2.47132517081991, 0.0 ], [ 120.406583557685053, -2.471256531863389, 0.0 ], [ 120.406147087917816, -2.471422973891094, 0.0 ], [ 120.405700379369023, -2.471539435196746, 0.0 ], [ 120.405986123660796, -2.471041358272032, 0.0 ], [ 120.405980852734274, -2.470817695979861, 0.0 ], [ 120.406258565180678, -2.470491370680179, 0.0 ], [ 120.406792912662809, -2.470565837243555, 0.0 ], [ 120.407338737293003, -2.470565810263906, 0.0 ], [ 120.407546118258779, -2.469210245056729, 0.0 ], [ 120.407870225830266, -2.469140359639823, 0.0 ], [ 120.408203824846737, -2.468993555208385, 0.0 ], [ 120.408664285828195, -2.4683762227844, 0.0 ], [ 120.409529751097239, -2.468569846820913, 0.0 ], [ 120.409595233433379, -2.469098217408771, 0.0 ], [ 120.408911721698701, -2.470119537886319, 0.0 ] ] ] ] } },
{ "type": "Feature", "properties": { "PROVINSI": "Prov. Sulawesi Selatan", "KABUPATEN": "Kab. Luwu Utara", "KECAMATAN": "Kec. Masamba", "DESA_KEL": "Desa Sepakat", "POKTAN": "Salu Bomban", "KET_POKTAN": "Wallar", "NO_HP": "+62 853-9931-6380", "NAMA_PEMIL": "Wallar 2", "NO_PETAK": "SK02", "LUAS_Ha": 5.8, "PAKET": "Sulawesi Selatan 2" }, "geometry": { "type": "MultiPolygon", "coordinates": [ [ [ [ 120.40822258560388, -2.467325475590201, 0.0 ], [ 120.407482713356558, -2.467462474713386, 0.0 ], [ 120.406907934153878, -2.467251933529838, 0.0 ], [ 120.407107120497244, -2.467210313804912, 0.0 ], [ 120.407178950248408, -2.467167849616544, 0.0 ], [ 120.4072087268014, -2.467151460371554, 0.0 ], [ 120.407220850561885, -2.467143079589391, 0.0 ], [ 120.407401937149757, -2.467036026091705, 0.0 ], [ 120.407586487026833, -2.466857508866894, 0.0 ], [ 120.407706584291532, -2.466679907151956, 0.0 ], [ 120.407747691402847, -2.466405379204843, 0.0 ], [ 120.40771949136149, -2.466223206235952, 0.0 ], [ 120.407697986772746, -2.466069798082685, 0.0 ], [ 120.40767949581209, -2.465978202132248, 0.0 ], [ 120.40776531181973, -2.465715756576856, 0.0 ], [ 120.407863288460021, -2.465386995013773, 0.0 ], [ 120.407959629233574, -2.465029160167546, 0.0 ], [ 120.408268909682533, -2.464764540051419, 0.0 ], [ 120.409067248654651, -2.463953845293702, 0.0 ], [ 120.410833454200656, -2.463813410760224, 0.0 ], [ 120.409897176313734, -2.464568161391469, 0.0 ], [ 120.409481483583704, -2.46486328201479, 0.0 ], [ 120.409292335472969, -2.465422949909168, 0.0 ], [ 120.409152786771756, -2.466015238012801, 0.0 ], [ 120.408924556822853, -2.466263052497823, 0.0 ], [ 120.408755125448693, -2.466741324552459, 0.0 ], [ 120.408364800794971, -2.467172357917946, 0.0 ], [ 120.40822258560388, -2.467325475590201, 0.0 ] ] ] ] } },
{ "type": "Feature", "properties": { "PROVINSI": "Prov. Sulawesi Selatan", "KABUPATEN": "Kab. Luwu Utara", "KECAMATAN": "Kec. Masamba", "DESA_KEL": "Desa Sepakat", "POKTAN": "Salu Bomban", "KET_POKTAN": "Wallar", "NO_HP": "+62 853-9931-6380", "NAMA_PEMIL": "Wallar 3", "NO_PETAK": "SK03", "LUAS_Ha": 95.21, "PAKET": "Sulawesi Selatan 2" }, "geometry": { "type": "MultiPolygon", "coordinates": [ [ [ [ 120.391145662342524, -2.50424408899346, 0.0 ], [ 120.390277479322322, -2.505064866950022, 0.0 ], [ 120.390283045226397, -2.505106279830898, 0.0 ], [ 120.38962577840698, -2.504629394530866, 0.0 ], [ 120.38851268571193, -2.50463677796489, 0.0 ], [ 120.3878849886014, -2.505238507151319, 0.0 ], [ 120.3878584630977, -2.505254048335587, 0.0 ], [ 120.386814276457699, -2.506328427015262, 0.0 ], [ 120.386874086769694, -2.508718520143532, 0.0 ], [ 120.386813345659448, -2.508785325382405, 0.0 ], [ 120.385199806326114, -2.5103533518257, 0.0 ], [ 120.384206982666228, -2.512408404324333, 0.0 ], [ 120.382644938513181, -2.512505183067674, 0.0 ], [ 120.382169042467353, -2.513037251667811, 0.0 ], [ 120.381689528448987, -2.51411634549288, 0.0 ], [ 120.380989600489784, -2.514576287565546, 0.0 ], [ 120.380925001287892, -2.514597573619085, 0.0 ], [ 120.380889009520274, -2.514609432978887, 0.0 ], [ 120.380821484823741, -2.51464511987632, 0.0 ], [ 120.380785328480215, -2.514657047584649, 0.0 ], [ 120.379593930915235, -2.514335940151454, 0.0 ], [ 120.37911849172508, -2.515041538336277, 0.0 ], [ 120.379064581865009, -2.515063417942315, 0.0 ], [ 120.377625367117048, -2.515772610717363, 0.0 ], [ 120.377332459725267, -2.516356079169668, 0.0 ], [ 120.375995374686909, -2.515016664887128, 0.0 ], [ 120.376219843670924, -2.514511565156567, 0.0 ], [ 120.376535865437859, -2.513835806477232, 0.0 ], [ 120.377215652180666, -2.513175275118783, 0.0 ], [ 120.377827787422461, -2.512298641169309, 0.0 ], [ 120.378548192944777, -2.511446004729294, 0.0 ], [ 120.379072297148809, -2.510179478699911, 0.0 ], [ 120.38024962751831, -2.508676031673474, 0.0 ], [ 120.381469723349142, -2.507796023467677, 0.0 ], [ 120.382574245505111, -2.506731692913263, 0.0 ], [ 120.38312368810773, -2.505739907970337, 0.0 ], [ 120.384016013428322, -2.504616090859884, 0.0 ], [ 120.384150928822351, -2.503408996527924, 0.0 ], [ 120.384856408296628, -2.50184182354127, 0.0 ], [ 120.386809360763436, -2.500641792484714, 0.0 ], [ 120.388422979237134, -2.501307199067924, 0.0 ], [ 120.390228141615466, -2.502461899796799, 0.0 ], [ 120.39025498368062, -2.50247945995909, 0.0 ], [ 120.391145662342524, -2.50424408899346, 0.0 ] ] ] ] } },
{ "type": "Feature", "properties": { "PROVINSI": "Prov. Sulawesi Selatan", "KABUPATEN": "Kab. Luwu Utara", "KECAMATAN": "Kec. Masamba", "DESA_KEL": "Desa Rompu", "POKTAN": "Sinura", "KET_POKTAN": "Rupiadi", "NO_HP": "082148356683", "NAMA_PEMIL": "Risman", "NO_PETAK": "RP01", "LUAS_Ha": 0.58, "PAKET": "Sulawesi Selatan 2" }, "geometry": { "type": "MultiPolygon", "coordinates": [ [ [ [ 120.345539572793086, -2.581301101864312, 0.0 ], [ 120.345452823289179, -2.58232366520491, 0.0 ], [ 120.344982362745895, -2.582249300264948, 0.0 ], [ 120.345027026676007, -2.581993487209616, 0.0 ], [ 120.345046559051525, -2.58155368185686, 0.0 ], [ 120.345101536406787, -2.58123652694411, 0.0 ], [ 120.345539572793086, -2.581301101864312, 0.0 ] ] ] ] } },
{ "type": "Feature", "properties": { "PROVINSI": "Prov. Sulawesi Selatan", "KABUPATEN": "Kab. Luwu Utara", "KECAMATAN": "Kec. Masamba", "DESA_KEL": "Desa Rompu", "POKTAN": "Sinura", "KET_POKTAN": "Rupiadi", "NO_HP": "082148356683", "NAMA_PEMIL": "Suharni", "NO_PETAK": "RP02", "LUAS_Ha": 0.45, "PAKET": "Sulawesi Selatan 2" }, "geometry": { "type": "MultiPolygon", "coordinates": [ [ [ [ 120.346557505524515, -2.581695197375439, 0.0 ], [ 120.34664904032104, -2.582193961382188, 0.0 ], [ 120.346598369818935, -2.58218606713325, 0.0 ], [ 120.346525108347123, -2.582184280180343, 0.0 ], [ 120.346451846875311, -2.582182493227435, 0.0 ], [ 120.3463785854035, -2.582180706274528, 0.0 ], [ 120.346305323931574, -2.582178918422301, 0.0 ], [ 120.346232062459762, -2.582177131469393, 0.0 ], [ 120.346158800987951, -2.582175344516486, 0.0 ], [ 120.346085540415402, -2.582173557563578, 0.0 ], [ 120.3458135971199, -2.582164325123472, 0.0 ], [ 120.345897523651843, -2.581676945634513, 0.0 ], [ 120.346557505524515, -2.581695197375439, 0.0 ] ] ] ] } },
{ "type": "Feature", "properties": { "PROVINSI": "Prov. Sulawesi Selatan", "KABUPATEN": "Kab. Luwu Utara", "KECAMATAN": "Kec. Masamba", "DESA_KEL": "Desa Rompu", "POKTAN": "Sinura", "KET_POKTAN": "Rupiadi", "NO_HP": "082148356683", "NAMA_PEMIL": "Risman", "NO_PETAK": "RP03", "LUAS_Ha": 0.63, "PAKET": "Sulawesi Selatan 2" }, "geometry": { "type": "MultiPolygon", "coordinates": [ [ [ [ 120.346703228071533, -2.593423561947759, 0.0 ], [ 120.346641331332421, -2.593461688705929, 0.0 ], [ 120.346379844454304, -2.5934372253476, 0.0 ], [ 120.346313331495139, -2.593408391284186, 0.0 ], [ 120.346275389997345, -2.593360488895371, 0.0 ], [ 120.346280881257712, -2.593006611066187, 0.0 ], [ 120.346277085219413, -2.592547500866431, 0.0 ], [ 120.346263168210726, -2.592380091168252, 0.0 ], [ 120.346249210732594, -2.592231810949272, 0.0 ], [ 120.346592963994112, -2.592168051714168, 0.0 ], [ 120.346655438098082, -2.592426014149169, 0.0 ], [ 120.346681316089871, -2.592529223944496, 0.0 ], [ 120.346727154534619, -2.593351877886789, 0.0 ], [ 120.346711214051311, -2.59339963458541, 0.0 ], [ 120.346703228071533, -2.593423561947759, 0.0 ] ] ] ] } },
{ "type": "Feature", "properties": { "PROVINSI": "Prov. Sulawesi Selatan", "KABUPATEN": "Kab. Luwu Utara", "KECAMATAN": "Kec. Masamba", "DESA_KEL": "Desa Rompu", "POKTAN": "Sinura", "KET_POKTAN": "Rupiadi", "NO_HP": "082148356683", "NAMA_PEMIL": "Mirwan", "NO_PETAK": "RP04", "LUAS_Ha": 0.38, "PAKET": "Sulawesi Selatan 2" }, "geometry": { "type": "MultiPolygon", "coordinates": [ [ [ [ 120.345217740506428, -2.595914655237095, 0.0 ], [ 120.345171134040697, -2.595974832472507, 0.0 ], [ 120.345004921340092, -2.595598101970779, 0.0 ], [ 120.344902911240411, -2.595335614147245, 0.0 ], [ 120.345399934159673, -2.595140728361855, 0.0 ], [ 120.345405604385178, -2.595143853505988, 0.0 ], [ 120.345420466581345, -2.595152046329815, 0.0 ], [ 120.345505691734388, -2.595329172303423, 0.0 ], [ 120.345555594215398, -2.595456898517, 0.0 ], [ 120.345586100118453, -2.595534980355012, 0.0 ], [ 120.345585940938463, -2.595611497372659, 0.0 ], [ 120.345533504167975, -2.595673555989777, 0.0 ], [ 120.345352076736958, -2.595725274201982, 0.0 ], [ 120.345300359424073, -2.595740015888964, 0.0 ], [ 120.345247970317587, -2.595778164230865, 0.0 ], [ 120.345209751828634, -2.595864163700128, 0.0 ], [ 120.345217740506428, -2.595914655237095, 0.0 ] ] ] ] } },
{ "type": "Feature", "properties": { "PROVINSI": "Prov. Sulawesi Selatan", "KABUPATEN": "Kab. Luwu Utara", "KECAMATAN": "Kec. Masamba", "DESA_KEL": "Desa Rompu", "POKTAN": "Sinura", "KET_POKTAN": "Rupiadi", "NO_HP": "082148356683", "NAMA_PEMIL": "Saripa", "NO_PETAK": "RP05", "LUAS_Ha": 0.43, "PAKET": "Sulawesi Selatan 2" }, "geometry": { "type": "MultiPolygon", "coordinates": [ [ [ [ 120.350946007352377, -2.59551288671031, 0.0 ], [ 120.350329806275568, -2.595543701080885, 0.0 ], [ 120.350267482358504, -2.595244782620568, 0.0 ], [ 120.350212161462196, -2.594972561434531, 0.0 ], [ 120.350840215603512, -2.594976768463027, 0.0 ], [ 120.350946007352377, -2.59551288671031, 0.0 ] ] ] ] } },
{ "type": "Feature", "properties": { "PROVINSI": "Prov. Sulawesi Selatan", "KABUPATEN": "Kab. Luwu Utara", "KECAMATAN": "Kec. Masamba", "DESA_KEL": "Desa Rompu", "POKTAN": "Sinura", "KET_POKTAN": "Rupiadi", "NO_HP": "082148356683", "NAMA_PEMIL": "Kaswi", "NO_PETAK": "RP06", "LUAS_Ha": 0.28, "PAKET": "Sulawesi Selatan 2" }, "geometry": { "type": "MultiPolygon", "coordinates": [ [ [ [ 120.350425524718275, -2.595923816630773, 0.0 ], [ 120.350329806275568, -2.595543701080885, 0.0 ], [ 120.350946007352377, -2.59551288671031, 0.0 ], [ 120.351015474584528, -2.59586844357375, 0.0 ], [ 120.350941015215767, -2.595875432205389, 0.0 ], [ 120.350866554947629, -2.595882420837029, 0.0 ], [ 120.350792095578754, -2.595889410367931, 0.0 ], [ 120.350717638008632, -2.595896398999571, 0.0 ], [ 120.350643177740494, -2.595903387631211, 0.0 ], [ 120.350568717472356, -2.595910376262793, 0.0 ], [ 120.350494258103595, -2.595917364894433, 0.0 ], [ 120.350425524718275, -2.595923816630773, 0.0 ] ] ] ] } },
{ "type": "Feature", "properties": { "PROVINSI": "Prov. Sulawesi Selatan", "KABUPATEN": "Kab. Luwu Utara", "KECAMATAN": "Kec. Masamba", "DESA_KEL": "Desa Rompu", "POKTAN": "Sinura", "KET_POKTAN": "Rupiadi", "NO_HP": "082148356683", "NAMA_PEMIL": "Jusman", "NO_PETAK": "RP07", "LUAS_Ha": 0.13, "PAKET": "Sulawesi Selatan 2" }, "geometry": { "type": "MultiPolygon", "coordinates": [ [ [ [ 120.350329806275568, -2.595543701080885, 0.0 ], [ 120.349955196375277, -2.59556817882833, 0.0 ], [ 120.349928632200658, -2.595258771575004, 0.0 ], [ 120.350250144328811, -2.595245828532086, 0.0 ], [ 120.350267482358504, -2.595244782620568, 0.0 ], [ 120.350329806275568, -2.595543701080885, 0.0 ] ] ] ] } },
{ "type": "Feature", "properties": { "PROVINSI": "Prov. Sulawesi Selatan", "KABUPATEN": "Kab. Luwu Utara", "KECAMATAN": "Kec. Masamba", "DESA_KEL": "Desa Rompu", "POKTAN": "Sinura", "KET_POKTAN": "Rupiadi", "NO_HP": "082148356683", "NAMA_PEMIL": "Hardiah", "NO_PETAK": "RP08", "LUAS_Ha": 0.23, "PAKET": "Sulawesi Selatan 2" }, "geometry": { "type": "MultiPolygon", "coordinates": [ [ [ [ 120.354735546308461, -2.584706290362988, 0.0 ], [ 120.354777152543647, -2.585117628575631, 0.0 ], [ 120.354319485755695, -2.585174957658126, 0.0 ], [ 120.354309443026409, -2.584746420810632, 0.0 ], [ 120.354375474848325, -2.584754550681907, 0.0 ], [ 120.354735546308461, -2.584706290362988, 0.0 ] ] ] ] } },
{ "type": "Feature", "properties": { "PROVINSI": "Prov. Sulawesi Selatan", "KABUPATEN": "Kab. Luwu Utara", "KECAMATAN": "Kec. Masamba", "DESA_KEL": "Desa Rompu", "POKTAN": "Sinura", "KET_POKTAN": "Rupiadi", "NO_HP": "082148356683", "NAMA_PEMIL": "Rasna", "NO_PETAK": "RP09", "LUAS_Ha": 0.6, "PAKET": "Sulawesi Selatan 2" }, "geometry": { "type": "MultiPolygon", "coordinates": [ [ [ [ 120.354222327498519, -2.582856250915199, 0.0 ], [ 120.354291682315306, -2.582879628791773, 0.0 ], [ 120.354291703899094, -2.5828778948989, 0.0 ], [ 120.354292203922114, -2.582878061273448, 0.0 ], [ 120.354404737888444, -2.582924416828348, 0.0 ], [ 120.35479784414531, -2.582890019558704, 0.0 ], [ 120.35475480349146, -2.583360120373186, 0.0 ], [ 120.353764864856657, -2.583334322421024, 0.0 ], [ 120.353791406548225, -2.583035492993531, 0.0 ], [ 120.353833012783412, -2.582740246465164, 0.0 ], [ 120.353839272964137, -2.582727212590726, 0.0 ], [ 120.353858906963069, -2.582733751561364, 0.0 ], [ 120.353875559709422, -2.582739365129555, 0.0 ], [ 120.35394491272757, -2.582762741207489, 0.0 ], [ 120.354014266645208, -2.582786119084062, 0.0 ], [ 120.354083620562733, -2.582809496960692, 0.0 ], [ 120.354152973580881, -2.582832873038626, 0.0 ], [ 120.354222327498519, -2.582856250915199, 0.0 ] ] ] ] } },
{ "type": "Feature", "properties": { "PROVINSI": "Prov. Sulawesi Selatan", "KABUPATEN": "Kab. Luwu Utara", "KECAMATAN": "Kec. Masamba", "DESA_KEL": "Desa Rompu", "POKTAN": "Sinura", "KET_POKTAN": "Rupiadi", "NO_HP": "082148356683", "NAMA_PEMIL": "Kasman", "NO_PETAK": "RP10", "LUAS_Ha": 0.55, "PAKET": "Sulawesi Selatan 2" }, "geometry": { "type": "MultiPolygon", "coordinates": [ [ [ [ 120.350425524718275, -2.595923816630773, 0.0 ], [ 120.350425784622303, -2.595975960222347, 0.0 ], [ 120.350426045425706, -2.596028105612561, 0.0 ], [ 120.350426305329734, -2.596080251002718, 0.0 ], [ 120.350441399550959, -2.596145548977859, 0.0 ], [ 120.350456492872922, -2.596210846952999, 0.0 ], [ 120.350471587094148, -2.596276145827403, 0.0 ], [ 120.350329353916663, -2.596338509314705, 0.0 ], [ 120.350071109094415, -2.596464632936431, 0.0 ], [ 120.349805690380322, -2.596623720308401, 0.0 ], [ 120.349599094522659, -2.596478965431857, 0.0 ], [ 120.349756911152554, -2.596268998015773, 0.0 ], [ 120.349934813241134, -2.596202353755587, 0.0 ], [ 120.350069674675751, -2.595930041737972, 0.0 ], [ 120.349955196375277, -2.59556817882833, 0.0 ], [ 120.350329806275568, -2.595543701080885, 0.0 ], [ 120.350425524718275, -2.595923816630773, 0.0 ] ] ] ] } },
{ "type": "Feature", "properties": { "PROVINSI": "Prov. Sulawesi Selatan", "KABUPATEN": "Kab. Luwu Utara", "KECAMATAN": "Kec. Masamba", "DESA_KEL": "Desa Rompu", "POKTAN": "Sinura", "KET_POKTAN": "Rupiadi", "NO_HP": "082148356683", "NAMA_PEMIL": "Jamal", "NO_PETAK": "RP11", "LUAS_Ha": 0.83, "PAKET": "Sulawesi Selatan 2" }, "geometry": { "type": "MultiPolygon", "coordinates": [ [ [ [ 120.347753796300708, -2.596425603258922, 0.0 ], [ 120.347682905441843, -2.596431544180348, 0.0 ], [ 120.347544810944328, -2.5960926913246, 0.0 ], [ 120.347861878622894, -2.595897773163642, 0.0 ], [ 120.348252115143055, -2.595742985450386, 0.0 ], [ 120.34855627035563, -2.595642659780879, 0.0 ], [ 120.348627283522433, -2.595725229235882, 0.0 ], [ 120.348683957898402, -2.595840444081205, 0.0 ], [ 120.348745649592161, -2.595975167020299, 0.0 ], [ 120.348818819333133, -2.596165785522544, 0.0 ], [ 120.348828144403456, -2.596273276990075, 0.0 ], [ 120.348817182567018, -2.596336485840084, 0.0 ], [ 120.348746290808776, -2.596342426761566, 0.0 ], [ 120.348675398151158, -2.596348367682992, 0.0 ], [ 120.34860450549354, -2.596354309503738, 0.0 ], [ 120.348533613735299, -2.596360250425164, 0.0 ], [ 120.348462721077794, -2.59636619134659, 0.0 ], [ 120.348391828420176, -2.596372133167392, 0.0 ], [ 120.348320936661935, -2.596378074088818, 0.0 ], [ 120.348250044903693, -2.596384015010244, 0.0 ], [ 120.348179151346812, -2.59638995593167, 0.0 ], [ 120.348108259588571, -2.596395896853096, 0.0 ], [ 120.348037366930953, -2.596401838673842, 0.0 ], [ 120.347966474273449, -2.596407779595324, 0.0 ], [ 120.347895582515207, -2.59641372051675, 0.0 ], [ 120.347824689857589, -2.596419662337496, 0.0 ], [ 120.347753796300708, -2.596425603258922, 0.0 ] ] ] ] } },
{ "type": "Feature", "properties": { "PROVINSI": "Prov. Sulawesi Selatan", "KABUPATEN": "Kab. Luwu Utara", "KECAMATAN": "Kec. Masamba", "DESA_KEL": "Desa Rompu", "POKTAN": "Sinura", "KET_POKTAN": "Rupiadi", "NO_HP": "082148356683", "NAMA_PEMIL": "Nasir Aco", "NO_PETAK": "RP12", "LUAS_Ha": 0.2, "PAKET": "Sulawesi Selatan 2" }, "geometry": { "type": "MultiPolygon", "coordinates": [ [ [ [ 120.348382964702068, -2.597548097466699, 0.0 ], [ 120.348806209039367, -2.597501884004714, 0.0 ], [ 120.34881316259748, -2.597574667037179, 0.0 ], [ 120.348820115256217, -2.597647449170381, 0.0 ], [ 120.348827068814217, -2.597720232202903, 0.0 ], [ 120.348834021472953, -2.597793015235425, 0.0 ], [ 120.348840975031067, -2.597865798267947, 0.0 ], [ 120.348420886414829, -2.597949210387696, 0.0 ], [ 120.348382964702068, -2.597548097466699, 0.0 ] ] ] ] } },
{ "type": "Feature", "properties": { "PROVINSI": "Prov. Sulawesi Selatan", "KABUPATEN": "Kab. Luwu Utara", "KECAMATAN": "Kec. Masamba", "DESA_KEL": "Desa Rompu", "POKTAN": "Sinura", "KET_POKTAN": "Rupiadi", "NO_HP": "082148356683", "NAMA_PEMIL": "Tamsir", "NO_PETAK": "RP13", "LUAS_Ha": 0.2, "PAKET": "Sulawesi Selatan 2" }, "geometry": { "type": "MultiPolygon", "coordinates": [ [ [ [ 120.348806209039367, -2.597501884004714, 0.0 ], [ 120.348382964702068, -2.597548097466699, 0.0 ], [ 120.348317161308046, -2.597122500502962, 0.0 ], [ 120.348834158169893, -2.597240055384191, 0.0 ], [ 120.348831848710915, -2.597261211935347, 0.0 ], [ 120.348825438343397, -2.597321381076824, 0.0 ], [ 120.348819028875141, -2.597381548419662, 0.0 ], [ 120.348812619406885, -2.5974417157625, 0.0 ], [ 120.348806209039367, -2.597501884004714, 0.0 ] ] ] ] } },
{ "type": "Feature", "properties": { "PROVINSI": "Prov. Sulawesi Selatan", "KABUPATEN": "Kab. Luwu Utara", "KECAMATAN": "Kec. Masamba", "DESA_KEL": "Desa Rompu", "POKTAN": "Sinura", "KET_POKTAN": "Rupiadi", "NO_HP": "082148356683", "NAMA_PEMIL": "Sahril", "NO_PETAK": "RP14", "LUAS_Ha": 0.53, "PAKET": "Sulawesi Selatan 2" }, "geometry": { "type": "MultiPolygon", "coordinates": [ [ [ [ 120.347671251127394, -2.598074070461962, 0.0 ], [ 120.347905474158324, -2.598667939573716, 0.0 ], [ 120.347503949347811, -2.598781587799976, 0.0 ], [ 120.347227343067516, -2.598612229270941, 0.0 ], [ 120.347064501925274, -2.598454013342007, 0.0 ], [ 120.346980293006141, -2.598267384232372, 0.0 ], [ 120.347067290722975, -2.598119195744232, 0.0 ], [ 120.347310435927966, -2.598121424264264, 0.0 ], [ 120.347671251127394, -2.598074070461962, 0.0 ] ] ] ] } },
{ "type": "Feature", "properties": { "PROVINSI": "Prov. Sulawesi Selatan", "KABUPATEN": "Kab. Luwu Utara", "KECAMATAN": "Kec. Masamba", "DESA_KEL": "Desa Pombakka", "POKTAN": "Patobu", "KET_POKTAN": "Muh. Haslan", "NO_HP": "081779866838", "NAMA_PEMIL": "Muslim", "NO_PETAK": "PM01", "LUAS_Ha": 1.51, "PAKET": "Sulawesi Selatan 2" }, "geometry": { "type": "MultiPolygon", "coordinates": [ [ [ [ 120.351475086606001, -2.607641544021988, 0.0 ], [ 120.351328614923659, -2.607162172096537, 0.0 ], [ 120.352388093635682, -2.606731573103559, 0.0 ], [ 120.352489228695049, -2.607089708323315, 0.0 ], [ 120.352633608554243, -2.607848482521376, 0.0 ], [ 120.351643180688257, -2.608205921665899, 0.0 ], [ 120.351475086606001, -2.607641544021988, 0.0 ] ] ] ] } },
{ "type": "Feature", "properties": { "PROVINSI": "Prov. Sulawesi Selatan", "KABUPATEN": "Kab. Luwu Utara", "KECAMATAN": "Kec. Masamba", "DESA_KEL": "Desa Pombakka", "POKTAN": "Patobu", "KET_POKTAN": "Muh. Haslan", "NO_HP": "081779866838", "NAMA_PEMIL": "Lukmansyah", "NO_PETAK": "PM02", "LUAS_Ha": 0.44, "PAKET": "Sulawesi Selatan 2" }, "geometry": { "type": "MultiPolygon", "coordinates": [ [ [ [ 120.351328614923659, -2.607162172096537, 0.0 ], [ 120.351475086606001, -2.607641544021988, 0.0 ], [ 120.350986848264483, -2.60776138767784, 0.0 ], [ 120.350956158899635, -2.607259718860917, 0.0 ], [ 120.350794342085237, -2.606957323621543, 0.0 ], [ 120.350933839525169, -2.606788707033161, 0.0 ], [ 120.351066360923824, -2.606887647746703, 0.0 ], [ 120.351169588705602, -2.606957323621543, 0.0 ], [ 120.351278396780685, -2.607088315273472, 0.0 ], [ 120.351328614923659, -2.607162172096537, 0.0 ] ] ] ] } },
{ "type": "Feature", "properties": { "PROVINSI": "Prov. Sulawesi Selatan", "KABUPATEN": "Kab. Luwu Utara", "KECAMATAN": "Kec. Masamba", "DESA_KEL": "Desa Pombakka", "POKTAN": "Patobu", "KET_POKTAN": "Muh. Haslan", "NO_HP": "081779866838", "NAMA_PEMIL": "Asma", "NO_PETAK": "PM03", "LUAS_Ha": 1.0, "PAKET": "Sulawesi Selatan 2" }, "geometry": { "type": "MultiPolygon", "coordinates": [ [ [ [ 120.351249115754172, -2.609672482099313, 0.0 ], [ 120.350675783560632, -2.609935857553751, 0.0 ], [ 120.350458866183772, -2.609466589511442, 0.0 ], [ 120.350168015541499, -2.608878522825535, 0.0 ], [ 120.349913433658116, -2.608138562444651, 0.0 ], [ 120.350227301548784, -2.608197090323415, 0.0 ], [ 120.350517455216391, -2.608698758241076, 0.0 ], [ 120.35092757574705, -2.609272889931901, 0.0 ], [ 120.351249115754172, -2.609672482099313, 0.0 ] ] ] ] } },
{ "type": "Feature", "properties": { "PROVINSI": "Prov. Sulawesi Selatan", "KABUPATEN": "Kab. Luwu Utara", "KECAMATAN": "Kec. Masamba", "DESA_KEL": "Desa Pombakka", "POKTAN": "Patobu", "KET_POKTAN": "Muh. Haslan", "NO_HP": "081779866838", "NAMA_PEMIL": "Budirman", "NO_PETAK": "PM04", "LUAS_Ha": 0.48, "PAKET": "Sulawesi Selatan 2" }, "geometry": { "type": "MultiPolygon", "coordinates": [ [ [ [ 120.350481787204785, -2.605565810713529, 0.0 ], [ 120.349801336762312, -2.605866100639957, 0.0 ], [ 120.349508934789583, -2.605344688106811, 0.0 ], [ 120.3499164535815, -2.605274051756055, 0.0 ], [ 120.350326021928481, -2.605180893683269, 0.0 ], [ 120.350481787204785, -2.605565810713529, 0.0 ] ] ] ] } },
{ "type": "Feature", "properties": { "PROVINSI": "Prov. Sulawesi Selatan", "KABUPATEN": "Kab. Luwu Utara", "KECAMATAN": "Kec. Masamba", "DESA_KEL": "Desa Pombakka", "POKTAN": "Patobu", "KET_POKTAN": "Muh. Haslan", "NO_HP": "081779866838", "NAMA_PEMIL": "Mariani", "NO_PETAK": "PM05", "LUAS_Ha": 0.45, "PAKET": "Sulawesi Selatan 2" }, "geometry": { "type": "MultiPolygon", "coordinates": [ [ [ [ 120.35071782686623, -2.605921040223791, 0.0 ], [ 120.350044550315829, -2.606338374216534, 0.0 ], [ 120.349801336762312, -2.605866100639957, 0.0 ], [ 120.350481787204785, -2.605565810713529, 0.0 ], [ 120.35071782686623, -2.605921040223791, 0.0 ] ] ] ] } },
{ "type": "Feature", "properties": { "PROVINSI": "Prov. Sulawesi Selatan", "KABUPATEN": "Kab. Luwu Utara", "KECAMATAN": "Kec. Masamba", "DESA_KEL": "Desa Pombakka", "POKTAN": "Patobu", "KET_POKTAN": "Muh. Haslan", "NO_HP": "081779866838", "NAMA_PEMIL": "Salma", "NO_PETAK": "PM06", "LUAS_Ha": 1.25, "PAKET": "Sulawesi Selatan 2" }, "geometry": { "type": "MultiPolygon", "coordinates": [ [ [ [ 120.346363218687657, -2.609037906973754, 0.0 ], [ 120.346499854484705, -2.608650260501065, 0.0 ], [ 120.347258188015076, -2.608375223537678, 0.0 ], [ 120.347161727631715, -2.60814993167395, 0.0 ], [ 120.347034103940814, -2.607846986948857, 0.0 ], [ 120.347551956957318, -2.607453881591312, 0.0 ], [ 120.347621641825413, -2.607507796847301, 0.0 ], [ 120.347682444988891, -2.60757740976959, 0.0 ], [ 120.347703623123721, -2.607642927179313, 0.0 ], [ 120.347707722233622, -2.6077698673854, 0.0 ], [ 120.347715920453425, -2.607921377069829, 0.0 ], [ 120.347718653493075, -2.608390920304657, 0.0 ], [ 120.346676201645437, -2.60911827848571, 0.0 ], [ 120.346539906691419, -2.609410035644601, 0.0 ], [ 120.34618431025774, -2.609363968772072, 0.0 ], [ 120.346363218687657, -2.609037906973754, 0.0 ] ] ] ] } },
{ "type": "Feature", "properties": { "PROVINSI": "Prov. Sulawesi Selatan", "KABUPATEN": "Kab. Luwu Utara", "KECAMATAN": "Kec. Masamba", "DESA_KEL": "Desa Pombakka", "POKTAN": "Patobu", "KET_POKTAN": "Muh. Haslan", "NO_HP": "081779866838", "NAMA_PEMIL": "Nirmayanti", "NO_PETAK": "PM07", "LUAS_Ha": 1.12, "PAKET": "Sulawesi Selatan 2" }, "geometry": { "type": "MultiPolygon", "coordinates": [ [ [ [ 120.349320411707708, -2.61348560577602, 0.0 ], [ 120.349354456443052, -2.61376307450621, 0.0 ], [ 120.34919142554395, -2.613760283010606, 0.0 ], [ 120.348894923561943, -2.61372888857727, 0.0 ], [ 120.348512341171613, -2.613681115690895, 0.0 ], [ 120.34830328746682, -2.613653816770181, 0.0 ], [ 120.348106531091616, -2.61362378840704, 0.0 ], [ 120.348127025741746, -2.61330575575596, 0.0 ], [ 120.348094233761913, -2.613024577322335, 0.0 ], [ 120.348086376385254, -2.612906850670583, 0.0 ], [ 120.349257086845114, -2.612974561526755, 0.0 ], [ 120.349320411707708, -2.61348560577602, 0.0 ] ] ] ] } },
{ "type": "Feature", "properties": { "PROVINSI": "Prov. Sulawesi Selatan", "KABUPATEN": "Kab. Luwu Utara", "KECAMATAN": "Kec. Masamba", "DESA_KEL": "Desa Pombakka", "POKTAN": "Patobu", "KET_POKTAN": "Muh. Haslan", "NO_HP": "081779866838", "NAMA_PEMIL": "Mauludiin", "NO_PETAK": "PM08", "LUAS_Ha": 0.12, "PAKET": "Sulawesi Selatan 2" }, "geometry": { "type": "MultiPolygon", "coordinates": [ [ [ [ 120.346547074288083, -2.608446447145752, 0.0 ], [ 120.346499854484705, -2.608650260501065, 0.0 ], [ 120.346363218687657, -2.609037906973754, 0.0 ], [ 120.346010029739091, -2.608965465683639, 0.0 ], [ 120.346486901549383, -2.608623006546452, 0.0 ], [ 120.346454094281057, -2.608558810240879, 0.0 ], [ 120.346386763838154, -2.60842414845564, 0.0 ], [ 120.346547074288083, -2.608446447145752, 0.0 ] ] ] ] } },
{ "type": "Feature", "properties": { "PROVINSI": "Prov. Sulawesi Selatan", "KABUPATEN": "Kab. Luwu Utara", "KECAMATAN": "Kec. Masamba", "DESA_KEL": "Desa Pombakka", "POKTAN": "Patobu", "KET_POKTAN": "Muh. Haslan", "NO_HP": "081779866838", "NAMA_PEMIL": "Muhammad Haslan", "NO_PETAK": "PM09", "LUAS_Ha": 0.48, "PAKET": "Sulawesi Selatan 2" }, "geometry": { "type": "MultiPolygon", "coordinates": [ [ [ [ 120.346652803983829, -2.598347526417172, 0.0 ], [ 120.345869129356856, -2.598479940796608, 0.0 ], [ 120.345830757083831, -2.598486706396329, 0.0 ], [ 120.34545466510076, -2.598558367074929, 0.0 ], [ 120.345396252335263, -2.598264558562505, 0.0 ], [ 120.345364997296883, -2.598165258120105, 0.0 ], [ 120.345330154862836, -2.598068004534753, 0.0 ], [ 120.345307097144882, -2.598003509654177, 0.0 ], [ 120.345656544913709, -2.597918540807939, 0.0 ], [ 120.345822708151559, -2.598043575350687, 0.0 ], [ 120.345909787706546, -2.598118854901202, 0.0 ], [ 120.346030359813312, -2.598174059784981, 0.0 ], [ 120.346100693092581, -2.598210863640418, 0.0 ], [ 120.346276526740326, -2.598286143190933, 0.0 ], [ 120.346652803983829, -2.598347526417172, 0.0 ] ] ] ] } },
{ "type": "Feature", "properties": { "PROVINSI": "Prov. Sulawesi Selatan", "KABUPATEN": "Kab. Luwu Utara", "KECAMATAN": "Kec. Masamba", "DESA_KEL": "Desa Pombakka", "POKTAN": "Patobu", "KET_POKTAN": "Muh. Haslan", "NO_HP": "081779866838", "NAMA_PEMIL": "Samsir", "NO_PETAK": "PM10", "LUAS_Ha": 1.2, "PAKET": "Sulawesi Selatan 2" }, "geometry": { "type": "MultiPolygon", "coordinates": [ [ [ [ 120.349326262696877, -2.60312108197229, 0.0 ], [ 120.348850767748786, -2.603303303504617, 0.0 ], [ 120.348318909590034, -2.602025704122923, 0.0 ], [ 120.348433684666929, -2.601943806461463, 0.0 ], [ 120.348484923540468, -2.60186805206888, 0.0 ], [ 120.34850131997996, -2.601751347946276, 0.0 ], [ 120.348515665965238, -2.601651023176146, 0.0 ], [ 120.348517715520188, -2.601587552623414, 0.0 ], [ 120.348708324129916, -2.601620312227567, 0.0 ], [ 120.349142827979222, -2.601657165545703, 0.0 ], [ 120.349056747570899, -2.601929474865301, 0.0 ], [ 120.349118234219191, -2.602300060299513, 0.0 ], [ 120.349169472193466, -2.602639934785088, 0.0 ], [ 120.349196116407711, -2.602881532256845, 0.0 ], [ 120.349303717592534, -2.603096512494005, 0.0 ], [ 120.349326262696877, -2.60312108197229, 0.0 ] ] ] ] } },
{ "type": "Feature", "properties": { "PROVINSI": "Prov. Sulawesi Selatan", "KABUPATEN": "Kab. Luwu Utara", "KECAMATAN": "Kec. Masamba", "DESA_KEL": "Desa Pombakka", "POKTAN": "Patobu", "KET_POKTAN": "Muh. Haslan", "NO_HP": "081779866838", "NAMA_PEMIL": "Muh. Malik", "NO_PETAK": "PM11", "LUAS_Ha": 0.88, "PAKET": "Sulawesi Selatan 2" }, "geometry": { "type": "MultiPolygon", "coordinates": [ [ [ [ 120.350933839525169, -2.606788707033161, 0.0 ], [ 120.350794342085237, -2.606957323621543, 0.0 ], [ 120.350755033617929, -2.606962683580946, 0.0 ], [ 120.350517286143941, -2.607101908526204, 0.0 ], [ 120.350409684959004, -2.607180734103565, 0.0 ], [ 120.350044550315829, -2.606338374216534, 0.0 ], [ 120.35071782686623, -2.605921040223791, 0.0 ], [ 120.35104401996557, -2.606440589361682, 0.0 ], [ 120.35095384044746, -2.606542960988804, 0.0 ], [ 120.350945642227657, -2.606622809994633, 0.0 ], [ 120.350933839525169, -2.606788707033161, 0.0 ] ] ] ] } },
{ "type": "Feature", "properties": { "PROVINSI": "Prov. Sulawesi Selatan", "KABUPATEN": "Kab. Luwu Utara", "KECAMATAN": "Kec. Masamba", "DESA_KEL": "Desa Pombakka", "POKTAN": "Patobu", "KET_POKTAN": "Muh. Haslan", "NO_HP": "081779866838", "NAMA_PEMIL": "Marsia", "NO_PETAK": "PM12", "LUAS_Ha": 0.7, "PAKET": "Sulawesi Selatan 2" }, "geometry": { "type": "MultiPolygon", "coordinates": [ [ [ [ 120.348118059500962, -2.609653679973292, 0.0 ], [ 120.348072969292161, -2.610116397353806, 0.0 ], [ 120.346775604610571, -2.610054974557386, 0.0 ], [ 120.346806347934717, -2.609649584460726, 0.0 ], [ 120.348118059500962, -2.609653679973292, 0.0 ] ] ] ] } },
{ "type": "Feature", "properties": { "PROVINSI": "Prov. Sulawesi Selatan", "KABUPATEN": "Kab. Luwu Utara", "KECAMATAN": "Kec. Masamba", "DESA_KEL": "Desa Pombakka", "POKTAN": "Patobu", "KET_POKTAN": "Muh. Haslan", "NO_HP": "081779866838", "NAMA_PEMIL": "Haeruddin", "NO_PETAK": "PM13", "LUAS_Ha": 0.82, "PAKET": "Sulawesi Selatan 2" }, "geometry": { "type": "MultiPolygon", "coordinates": [ [ [ [ 120.350481787204785, -2.605565810713529, 0.0 ], [ 120.350326021928481, -2.605180893683269, 0.0 ], [ 120.350979230107441, -2.604752138300512, 0.0 ], [ 120.351163690052317, -2.604866793767485, 0.0 ], [ 120.351344049988029, -2.604948691428945, 0.0 ], [ 120.351495717053808, -2.605006019612063, 0.0 ], [ 120.351569500132427, -2.605010114225365, 0.0 ], [ 120.351704770758602, -2.605341797685753, 0.0 ], [ 120.351294860669327, -2.605558825679225, 0.0 ], [ 120.350909545239347, -2.605311086737231, 0.0 ], [ 120.35051603248894, -2.605612059249097, 0.0 ], [ 120.350481787204785, -2.605565810713529, 0.0 ] ] ] ] } },
{ "type": "Feature", "properties": { "PROVINSI": "Prov. Sulawesi Selatan", "KABUPATEN": "Kab. Luwu Utara", "KECAMATAN": "Kec. Masamba", "DESA_KEL": "Desa Pombakka", "POKTAN": "Patobu", "KET_POKTAN": "Muh. Haslan", "NO_HP": "081779866838", "NAMA_PEMIL": "Gunawan", "NO_PETAK": "PM14", "LUAS_Ha": 1.57, "PAKET": "Sulawesi Selatan 2" }, "geometry": { "type": "MultiPolygon", "coordinates": [ [ [ [ 120.345869129356856, -2.598479940796608, 0.0 ], [ 120.346652803983829, -2.598347526417172, 0.0 ], [ 120.347233235425506, -2.598680187440664, 0.0 ], [ 120.34762018942024, -2.59896267079057, 0.0 ], [ 120.347529032339025, -2.599068601934391, 0.0 ], [ 120.34741368978996, -2.599165241282833, 0.0 ], [ 120.347171844105333, -2.599232145447104, 0.0 ], [ 120.347116033078578, -2.599347368386304, 0.0 ], [ 120.347119753573793, -2.599436573938704, 0.0 ], [ 120.346885348879823, -2.599627992837554, 0.0 ], [ 120.346751402954965, -2.59956294757194, 0.0 ], [ 120.346699313322688, -2.59951462789769, 0.0 ], [ 120.346563507599853, -2.599495114407944, 0.0 ], [ 120.346050048670918, -2.599018424260805, 0.0 ], [ 120.345869129356856, -2.598479940796608, 0.0 ] ] ] ] } },
{ "type": "Feature", "properties": { "PROVINSI": "Prov. Sulawesi Selatan", "KABUPATEN": "Kab. Luwu Utara", "KECAMATAN": "Kec. Masamba", "DESA_KEL": "Desa Pombakka", "POKTAN": "Patobu", "KET_POKTAN": "Muh. Haslan", "NO_HP": "081779866838", "NAMA_PEMIL": "Maskur", "NO_PETAK": "PM15", "LUAS_Ha": 0.48, "PAKET": "Sulawesi Selatan 2" }, "geometry": { "type": "MultiPolygon", "coordinates": [ [ [ [ 120.344519369273485, -2.603414126061011, 0.0 ], [ 120.34416098044494, -2.60344421108141, 0.0 ], [ 120.343519413989839, -2.603439949194239, 0.0 ], [ 120.343528078957775, -2.603013288332534, 0.0 ], [ 120.344256356245864, -2.602983162842634, 0.0 ], [ 120.344266580638191, -2.603063474999317, 0.0 ], [ 120.344469784253192, -2.603249032117105, 0.0 ], [ 120.344519369273485, -2.603414126061011, 0.0 ] ] ] ] } },
{ "type": "Feature", "properties": { "PROVINSI": "Prov. Sulawesi Selatan", "KABUPATEN": "Kab. Luwu Utara", "KECAMATAN": "Kec. Masamba", "DESA_KEL": "Desa Pombakka", "POKTAN": "Patobu", "KET_POKTAN": "Muh. Haslan", "NO_HP": "081779866838", "NAMA_PEMIL": "Asyuyun", "NO_PETAK": "PM16", "LUAS_Ha": 0.46, "PAKET": "Sulawesi Selatan 2" }, "geometry": { "type": "MultiPolygon", "coordinates": [ [ [ [ 120.343760962898159, -2.600667425661129, 0.0 ], [ 120.343636413989429, -2.600211947823084, 0.0 ], [ 120.343509772358175, -2.599746503698157, 0.0 ], [ 120.343821103261348, -2.599646592616125, 0.0 ], [ 120.343900397385482, -2.599806925549103, 0.0 ], [ 120.34394185073586, -2.599890745061771, 0.0 ], [ 120.344007365447624, -2.600071126581156, 0.0 ], [ 120.344119151177892, -2.600378914155499, 0.0 ], [ 120.344196683530186, -2.600538222760747, 0.0 ], [ 120.343760962898159, -2.600667425661129, 0.0 ] ] ] ] } },
{ "type": "Feature", "properties": { "PROVINSI": "Prov. Sulawesi Selatan", "KABUPATEN": "Kab. Luwu Utara", "KECAMATAN": "Kec. Masamba", "DESA_KEL": "Desa Pombakka", "POKTAN": "Patobu", "KET_POKTAN": "Muh. Haslan", "NO_HP": "081779866838", "NAMA_PEMIL": "Santo", "NO_PETAK": "PM17", "LUAS_Ha": 1.38, "PAKET": "Sulawesi Selatan 2" }, "geometry": { "type": "MultiPolygon", "coordinates": [ [ [ [ 120.343622693932275, -2.605136169498564, 0.0 ], [ 120.343773408616016, -2.605157916904318, 0.0 ], [ 120.344016226467716, -2.605150388679419, 0.0 ], [ 120.344274116057704, -2.605129477643231, 0.0 ], [ 120.344419807128475, -2.605099365643184, 0.0 ], [ 120.344496838558371, -2.605328549772707, 0.0 ], [ 120.344570521812216, -2.605619630641399, 0.0 ], [ 120.344587267188672, -2.605728366770677, 0.0 ], [ 120.344650902317312, -2.606124838290611, 0.0 ], [ 120.343585853204672, -2.606031157711698, 0.0 ], [ 120.343482027373739, -2.60566479819181, 0.0 ], [ 120.343360799661241, -2.605352147083863, 0.0 ], [ 120.342973595654939, -2.605312075092172, 0.0 ], [ 120.343027601742506, -2.605059052633123, 0.0 ], [ 120.343622693932275, -2.605136169498564, 0.0 ] ] ] ] } },
{ "type": "Feature", "properties": { "PROVINSI": "Prov. Sulawesi Selatan", "KABUPATEN": "Kab. Luwu Utara", "KECAMATAN": "Kec. Masamba", "DESA_KEL": "Desa Pombakka", "POKTAN": "Patobu", "KET_POKTAN": "Muh. Haslan", "NO_HP": "081779866838", "NAMA_PEMIL": "Ardian", "NO_PETAK": "PM18", "LUAS_Ha": 0.55, "PAKET": "Sulawesi Selatan 2" }, "geometry": { "type": "MultiPolygon", "coordinates": [ [ [ [ 120.34956670903648, -2.605329386142216, 0.0 ], [ 120.349482978556694, -2.604695784982425, 0.0 ], [ 120.350080764215932, -2.604558496277548, 0.0 ], [ 120.350325972465725, -2.605180781268018, 0.0 ], [ 120.34956670903648, -2.605329386142216, 0.0 ] ] ] ] } },
{ "type": "Feature", "properties": { "PROVINSI": "Prov. Sulawesi Selatan", "KABUPATEN": "Kab. Luwu Utara", "KECAMATAN": "Kec. Masamba", "DESA_KEL": "Desa Pombakka", "POKTAN": "Patobu", "KET_POKTAN": "Muh. Haslan", "NO_HP": "081779866838", "NAMA_PEMIL": "Idam Alam", "NO_PETAK": "PM19", "LUAS_Ha": 0.26, "PAKET": "Sulawesi Selatan 2" }, "geometry": { "type": "MultiPolygon", "coordinates": [ [ [ [ 120.349482978556694, -2.604695784982425, 0.0 ], [ 120.348951591642731, -2.604685991365386, 0.0 ], [ 120.349026948534856, -2.604242679555966, 0.0 ], [ 120.349443925496871, -2.604237660439651, 0.0 ], [ 120.349482978556694, -2.604695784982425, 0.0 ] ] ] ] } },
{ "type": "Feature", "properties": { "PROVINSI": "Prov. Sulawesi Selatan", "KABUPATEN": "Kab. Luwu Utara", "KECAMATAN": "Kec. Masamba", "DESA_KEL": "Desa Pombakka", "POKTAN": "Patobu", "KET_POKTAN": "Muh. Haslan", "NO_HP": "081779866838", "NAMA_PEMIL": "Bastiansyah", "NO_PETAK": "PM20", "LUAS_Ha": 0.59, "PAKET": "Sulawesi Selatan 2" }, "geometry": { "type": "MultiPolygon", "coordinates": [ [ [ [ 120.349482978556694, -2.604695784982425, 0.0 ], [ 120.34956670903648, -2.605329386142216, 0.0 ], [ 120.349508934789583, -2.605344688106811, 0.0 ], [ 120.349161532079052, -2.605459980293801, 0.0 ], [ 120.348886700161188, -2.60553121199581, 0.0 ], [ 120.34886158119707, -2.605215039142706, 0.0 ], [ 120.348880421094577, -2.605068661889163, 0.0 ], [ 120.348896329202262, -2.604984182274166, 0.0 ], [ 120.348916424553408, -2.604816893984435, 0.0 ], [ 120.348930659022813, -2.604746633550235, 0.0 ], [ 120.348951591642731, -2.604685991365386, 0.0 ], [ 120.349482978556694, -2.604695784982425, 0.0 ] ] ] ] } },
{ "type": "Feature", "properties": { "PROVINSI": "Prov. Sulawesi Selatan", "KABUPATEN": "Kab. Luwu Utara", "KECAMATAN": "Kec. Masamba", "DESA_KEL": "Desa Pombakka", "POKTAN": "Patobu", "KET_POKTAN": "Muh. Haslan", "NO_HP": "081779866838", "NAMA_PEMIL": "Saudiah", "NO_PETAK": "PM21", "LUAS_Ha": 0.22, "PAKET": "Sulawesi Selatan 2" }, "geometry": { "type": "MultiPolygon", "coordinates": [ [ [ [ 120.346499854484705, -2.608650260501065, 0.0 ], [ 120.346547074288083, -2.608446447145752, 0.0 ], [ 120.346544728856202, -2.608380318197078, 0.0 ], [ 120.347161727631715, -2.60814993167395, 0.0 ], [ 120.347258188015076, -2.608375223537678, 0.0 ], [ 120.346499854484705, -2.608650260501065, 0.0 ] ] ] ] } },
{ "type": "Feature", "properties": { "PROVINSI": "Prov. Sulawesi Selatan", "KABUPATEN": "Kab. Luwu Utara", "KECAMATAN": "Kec. Masamba", "DESA_KEL": "Desa Pombakka", "POKTAN": "Patobu", "KET_POKTAN": "Muh. Haslan", "NO_HP": "081779866838", "NAMA_PEMIL": "Abd Salam", "NO_PETAK": "PM22", "LUAS_Ha": 0.21, "PAKET": "Sulawesi Selatan 2" }, "geometry": { "type": "MultiPolygon", "coordinates": [ [ [ [ 120.343760962898159, -2.600667425661129, 0.0 ], [ 120.343500860976064, -2.600767437467198, 0.0 ], [ 120.343350774019086, -2.600525038699516, 0.0 ], [ 120.343249182104159, -2.600320691146919, 0.0 ], [ 120.343636413989429, -2.600211947823084, 0.0 ], [ 120.343760962898159, -2.600667425661129, 0.0 ] ] ] ] } },
{ "type": "Feature", "properties": { "PROVINSI": "Prov. Sulawesi Selatan", "KABUPATEN": "Kab. Luwu Utara", "KECAMATAN": "Kec. Masamba", "DESA_KEL": "Desa Pombakka", "POKTAN": "Patobu", "KET_POKTAN": "Muh. Haslan", "NO_HP": "081779866838", "NAMA_PEMIL": "Sandi Suardi", "NO_PETAK": "PM23", "LUAS_Ha": 0.34, "PAKET": "Sulawesi Selatan 2" }, "geometry": { "type": "MultiPolygon", "coordinates": [ [ [ [ 120.343509772358175, -2.599746503698157, 0.0 ], [ 120.343636413989429, -2.600211947823084, 0.0 ], [ 120.343249182104159, -2.600320691146919, 0.0 ], [ 120.343214612164729, -2.600261726197687, 0.0 ], [ 120.343191799961687, -2.599801382128021, 0.0 ], [ 120.343175733573275, -2.599670856324906, 0.0 ], [ 120.343174568951213, -2.59966392345126, 0.0 ], [ 120.343162568397929, -2.599568185223518, 0.0 ], [ 120.34315215694653, -2.599530483844717, 0.0 ], [ 120.343150665870553, -2.599521606636813, 0.0 ], [ 120.343474540517718, -2.599475529871768, 0.0 ], [ 120.343509772358175, -2.599746503698157, 0.0 ] ] ] ] } },
{ "type": "Feature", "properties": { "PROVINSI": "Prov. Sulawesi Selatan", "KABUPATEN": "Kab. Luwu Utara", "KECAMATAN": "Kec. Masamba", "DESA_KEL": "Desa Pombakka", "POKTAN": "Patobu", "KET_POKTAN": "Muh. Haslan", "NO_HP": "081779866838", "NAMA_PEMIL": "Amir Mahmud", "NO_PETAK": "PM24", "LUAS_Ha": 1.5, "PAKET": "Sulawesi Selatan 2" }, "geometry": { "type": "MultiPolygon", "coordinates": [ [ [ [ 120.340772249539782, -2.608477037585146, 0.0 ], [ 120.34122747736626, -2.608643314137566, 0.0 ], [ 120.341672678651207, -2.608643314137566, 0.0 ], [ 120.342089052168035, -2.608945566384762, 0.0 ], [ 120.342619734013624, -2.609270857464026, 0.0 ], [ 120.342607701084603, -2.609350990655628, 0.0 ], [ 120.341951931636345, -2.609282877802514, 0.0 ], [ 120.341639088073521, -2.609263846349393, 0.0 ], [ 120.341189875812233, -2.609227786233305, 0.0 ], [ 120.340532100875862, -2.609197736286433, 0.0 ], [ 120.340560678632528, -2.609002912554331, 0.0 ], [ 120.340532602697522, -2.608882711867636, 0.0 ], [ 120.340458402333411, -2.608740475992136, 0.0 ], [ 120.340350110469331, -2.608574198540396, 0.0 ], [ 120.340264879920369, -2.608445985793537, 0.0 ], [ 120.340134528585736, -2.608238640800607, 0.0 ], [ 120.3400402742393, -2.608110427154429, 0.0 ], [ 120.34014555787121, -2.608033549508662, 0.0 ], [ 120.340195410889578, -2.608104000599099, 0.0 ], [ 120.340248836914384, -2.608154501129263, 0.0 ], [ 120.340772249539782, -2.608477037585146, 0.0 ] ] ] ] } },
{ "type": "Feature", "properties": { "PROVINSI": "Prov. Sulawesi Selatan", "KABUPATEN": "Kab. Luwu Utara", "KECAMATAN": "Kec. Masamba", "DESA_KEL": "Desa Pombakka", "POKTAN": "Patobu", "KET_POKTAN": "Muh. Haslan", "NO_HP": "081779866838", "NAMA_PEMIL": "Amir Mahmud 2", "NO_PETAK": "PM25", "LUAS_Ha": 2.34, "PAKET": "Sulawesi Selatan 2" }, "geometry": { "type": "MultiPolygon", "coordinates": [ [ [ [ 120.343688023383606, -2.609047765342041, 0.0 ], [ 120.343173263135668, -2.609561648751026, 0.0 ], [ 120.342946365082753, -2.609375281344114, 0.0 ], [ 120.342870159230529, -2.609267101895171, 0.0 ], [ 120.342041924994874, -2.608732212121822, 0.0 ], [ 120.34203991950676, -2.608731210277085, 0.0 ], [ 120.343351458403163, -2.607972948692577, 0.0 ], [ 120.343799166098734, -2.607701496426898, 0.0 ], [ 120.344189089654833, -2.608695121382709, 0.0 ], [ 120.343688023383606, -2.609047765342041, 0.0 ] ] ] ] } },
{ "type": "Feature", "properties": { "PROVINSI": "Prov. Sulawesi Selatan", "KABUPATEN": "Kab. Luwu Utara", "KECAMATAN": "Kec. Masamba", "DESA_KEL": "Desa Pombakka", "POKTAN": "Patobu", "KET_POKTAN": "Muh. Haslan", "NO_HP": "081779866838", "NAMA_PEMIL": "Rahman", "NO_PETAK": "PM26", "LUAS_Ha": 0.43, "PAKET": "Sulawesi Selatan 2" }, "geometry": { "type": "MultiPolygon", "coordinates": [ [ [ [ 120.35270964443464, -2.61001519034869, 0.0 ], [ 120.352105724499665, -2.610309739902505, 0.0 ], [ 120.35182152704192, -2.609789842727025, 0.0 ], [ 120.352324201300917, -2.609578690004469, 0.0 ], [ 120.35270964443464, -2.61001519034869, 0.0 ] ] ] ] } },
{ "type": "Feature", "properties": { "PROVINSI": "Prov. Sulawesi Selatan", "KABUPATEN": "Kab. Luwu Utara", "KECAMATAN": "Kec. Masamba", "DESA_KEL": "Desa Pombakka", "POKTAN": "Patobu", "KET_POKTAN": "Muh. Haslan", "NO_HP": "081779866838", "NAMA_PEMIL": "Muhammad Saputra", "NO_PETAK": "PM27", "LUAS_Ha": 0.1, "PAKET": "Sulawesi Selatan 2" }, "geometry": { "type": "MultiPolygon", "coordinates": [ [ [ [ 120.347528671710847, -2.606099105089584, 0.0 ], [ 120.34715141780373, -2.606251985340805, 0.0 ], [ 120.347035697539468, -2.605917354802045, 0.0 ], [ 120.347036937704615, -2.605890032498962, 0.0 ], [ 120.347165163941213, -2.60596921240915, 0.0 ], [ 120.34740049044035, -2.605998406201422, 0.0 ], [ 120.347483581502161, -2.606063681693513, 0.0 ], [ 120.347528671710847, -2.606099105089584, 0.0 ] ] ] ] } },
{ "type": "Feature", "properties": { "PROVINSI": "Prov. Sulawesi Selatan", "KABUPATEN": "Kab. Luwu Utara", "KECAMATAN": "Kec. Masamba", "DESA_KEL": "Desa Pincara", "POKTAN": "Salu Bomban", "KET_POKTAN": "Wallar", "NO_HP": "+62 853-9931-6380", "NAMA_PEMIL": "Wallar 1", "NO_PETAK": "PC01", "LUAS_Ha": 48.64, "PAKET": "Sulawesi Selatan 2" }, "geometry": { "type": "MultiPolygon", "coordinates": [ [ [ [ 120.392497282223871, -2.467072581734215, 0.0 ], [ 120.3944037406402, -2.468421707795528, 0.0 ], [ 120.392433337728448, -2.472152330365702, 0.0 ], [ 120.391844011092303, -2.472018835900485, 0.0 ], [ 120.390181725806087, -2.471078073993851, 0.0 ], [ 120.389440870599742, -2.471969457724242, 0.0 ], [ 120.389181842468133, -2.473137941462767, 0.0 ], [ 120.388813529620734, -2.473551969547714, 0.0 ], [ 120.388309550445456, -2.473197761667336, 0.0 ], [ 120.387426321767407, -2.47266850614659, 0.0 ], [ 120.386468658002173, -2.471966614967243, 0.0 ], [ 120.384815811100907, -2.47260728659694, 0.0 ], [ 120.383054356673256, -2.472109341872567, 0.0 ], [ 120.383318502846691, -2.471515376533375, 0.0 ], [ 120.383247719007045, -2.47090173762507, 0.0 ], [ 120.383641778545325, -2.470441612090667, 0.0 ], [ 120.384542627640258, -2.470225889013534, 0.0 ], [ 120.384821478628396, -2.470527444286063, 0.0 ], [ 120.385162725479404, -2.470438310679469, 0.0 ], [ 120.385406286171246, -2.469893402458524, 0.0 ], [ 120.385909485634329, -2.47013753332044, 0.0 ], [ 120.387035179629947, -2.469909025481115, 0.0 ], [ 120.388071908192046, -2.469125831991505, 0.0 ], [ 120.387437696392681, -2.468100326069134, 0.0 ], [ 120.387431939832254, -2.467302628313575, 0.0 ], [ 120.388369294207678, -2.466905964338764, 0.0 ], [ 120.389137914183493, -2.467179106430592, 0.0 ], [ 120.38962241674119, -2.467038939895133, 0.0 ], [ 120.389747942313761, -2.466700402701349, 0.0 ], [ 120.390701364876122, -2.466996163641966, 0.0 ], [ 120.392497282223871, -2.467072581734215, 0.0 ] ] ] ] } },
{ "type": "Feature", "properties": { "PROVINSI": "Prov. Sulawesi Selatan", "KABUPATEN": "Kab. Luwu Utara", "KECAMATAN": "Kec. Masamba", "DESA_KEL": "Desa Pincara", "POKTAN": "Salu Bomban", "KET_POKTAN": "Wallar", "NO_HP": "+62 853-9931-6380", "NAMA_PEMIL": "Wallar 2", "NO_PETAK": "PC02", "LUAS_Ha": 5.22, "PAKET": "Sulawesi Selatan 2" }, "geometry": { "type": "MultiPolygon", "coordinates": [ [ [ [ 120.401876124783371, -2.474216254676378, 0.0 ], [ 120.401883099925158, -2.474961408642059, 0.0 ], [ 120.400792910264613, -2.474859522648785, 0.0 ], [ 120.401928254885092, -2.471722858223302, 0.0 ], [ 120.403046116685005, -2.471727054459961, 0.0 ], [ 120.403042868333728, -2.471793521553707, 0.0 ], [ 120.402990918096407, -2.471980543667087, 0.0 ], [ 120.402920629783353, -2.472132833963087, 0.0 ], [ 120.402910737240745, -2.472155931251166, 0.0 ], [ 120.402909561826846, -2.472159544727162, 0.0 ], [ 120.40288512005236, -2.472193611945613, 0.0 ], [ 120.402885524747262, -2.472249890619935, 0.0 ], [ 120.402882515615715, -2.472265590084874, 0.0 ], [ 120.40287886167016, -2.472322662860563, 0.0 ], [ 120.40287886167016, -2.472356837997609, 0.0 ], [ 120.40287886167016, -2.47250870381356, 0.0 ], [ 120.40287886167016, -2.47269430140085, 0.0 ], [ 120.402882295281756, -2.472750061166323, 0.0 ], [ 120.40288939363063, -2.472788205910945, 0.0 ], [ 120.402899617123694, -2.474210641108129, 0.0 ], [ 120.401876124783371, -2.474216254676378, 0.0 ] ] ] ] } },
{ "type": "Feature", "properties": { "PROVINSI": "Prov. Sulawesi Selatan", "KABUPATEN": "Kab. Luwu Utara", "KECAMATAN": "Kec. Masamba", "DESA_KEL": "Desa Pincara", "POKTAN": "Salu Bomban", "KET_POKTAN": "Wallar", "NO_HP": "+62 853-9931-6380", "NAMA_PEMIL": "Wallar 3", "NO_PETAK": "PC03", "LUAS_Ha": 4.05, "PAKET": "Sulawesi Selatan 2" }, "geometry": { "type": "MultiPolygon", "coordinates": [ [ [ [ 120.399668466326716, -2.479019543616971, 0.0 ], [ 120.399806811735061, -2.47923851954198, 0.0 ], [ 120.399950206836593, -2.479183666293125, 0.0 ], [ 120.400008586327203, -2.47920530578017, 0.0 ], [ 120.400017667681254, -2.479201112241469, 0.0 ], [ 120.400215163299208, -2.479314559918976, 0.0 ], [ 120.400595664658226, -2.479277314496414, 0.0 ], [ 120.400659705381145, -2.47941600164711, 0.0 ], [ 120.400604460927184, -2.479521787100737, 0.0 ], [ 120.400716845605984, -2.479740740542695, 0.0 ], [ 120.400279913587156, -2.480899649199387, 0.0 ], [ 120.39847461541126, -2.480894568029839, 0.0 ], [ 120.398294098993574, -2.480474157456342, 0.0 ], [ 120.398173252593551, -2.480411412656508, 0.0 ], [ 120.399803622739114, -2.47865413108326, 0.0 ], [ 120.399763479700937, -2.478762663066391, 0.0 ], [ 120.399757420968285, -2.478769599537316, 0.0 ], [ 120.399725311573889, -2.478865855774586, 0.0 ], [ 120.399668466326716, -2.479019543616971, 0.0 ] ] ] ] } },
{ "type": "Feature", "properties": { "PROVINSI": "Prov. Sulawesi Selatan", "KABUPATEN": "Kab. Luwu Utara", "KECAMATAN": "Kec. Baebunta Selatan", "DESA_KEL": "Desa Lara", "POKTAN": "Gapoktan Irennuang", "KET_POKTAN": "Nuriadin S.Kom", "NO_HP": "081342554039", "NAMA_PEMIL": "Indarwati", "NO_PETAK": "LR01", "LUAS_Ha": 3.31, "PAKET": "Sulawesi Selatan 2" }, "geometry": { "type": "MultiPolygon", "coordinates": [ [ [ [ 120.267262115154608, -2.67602956451276, 0.0 ], [ 120.267373748000182, -2.677726553737443, 0.0 ], [ 120.267298329054711, -2.677722295447552, 0.0 ], [ 120.266974449011627, -2.677699579471948, 0.0 ], [ 120.266944311830571, -2.677516076405766, 0.0 ], [ 120.266767037468867, -2.67707493915708, 0.0 ], [ 120.266396988929955, -2.676255526371392, 0.0 ], [ 120.266343065580031, -2.676262259595546, 0.0 ], [ 120.26629111714135, -2.676286714859941, 0.0 ], [ 120.265526645738191, -2.675428636622257, 0.0 ], [ 120.266019088410303, -2.67513790558985, 0.0 ], [ 120.266209168218552, -2.675023443477073, 0.0 ], [ 120.266688184012537, -2.674722219155058, 0.0 ], [ 120.266936225126756, -2.67481806889873, 0.0 ], [ 120.267098616607882, -2.674913865582369, 0.0 ], [ 120.267196573463139, -2.675146261190946, 0.0 ], [ 120.267202878610078, -2.675627432659837, 0.0 ], [ 120.267262115154608, -2.67602956451276, 0.0 ] ] ] ] } },
{ "type": "Feature", "properties": { "PROVINSI": "Prov. Sulawesi Selatan", "KABUPATEN": "Kab. Luwu Utara", "KECAMATAN": "Kec. Baebunta Selatan", "DESA_KEL": "Desa Lara", "POKTAN": "Gapoktan Irennuang", "KET_POKTAN": "Nuriadin S.Kom", "NO_HP": "081342554039", "NAMA_PEMIL": "Maddi", "NO_PETAK": "LR02", "LUAS_Ha": 0.86, "PAKET": "Sulawesi Selatan 2" }, "geometry": { "type": "MultiPolygon", "coordinates": [ [ [ [ 120.266074230341474, -2.674512806620669, 0.0 ], [ 120.26596034019758, -2.674550495408994, 0.0 ], [ 120.265731232510461, -2.674543398858702, 0.0 ], [ 120.265616144469504, -2.674537314045779, 0.0 ], [ 120.26550252951813, -2.674530680646342, 0.0 ], [ 120.265407830007462, -2.674528466515483, 0.0 ], [ 120.265238477773551, -2.674580113681259, 0.0 ], [ 120.26501934806447, -2.674579160399901, 0.0 ], [ 120.265017057491264, -2.674561683874572, 0.0 ], [ 120.265475799868341, -2.673772347116085, 0.0 ], [ 120.266147288566572, -2.673574990893087, 0.0 ], [ 120.266276078678175, -2.67367341629506, 0.0 ], [ 120.265891233593607, -2.674204861664975, 0.0 ], [ 120.266094099962856, -2.674361600007785, 0.0 ], [ 120.266074230341474, -2.674512806620669, 0.0 ] ] ] ] } },
{ "type": "Feature", "properties": { "PROVINSI": "Prov. Sulawesi Selatan", "KABUPATEN": "Kab. Luwu Utara", "KECAMATAN": "Kec. Baebunta Selatan", "DESA_KEL": "Desa Lara", "POKTAN": "Gapoktan Irennuang", "KET_POKTAN": "Nuriadin S.Kom", "NO_HP": "081342554039", "NAMA_PEMIL": "Saiddo", "NO_PETAK": "LR03", "LUAS_Ha": 0.35, "PAKET": "Sulawesi Selatan 2" }, "geometry": { "type": "MultiPolygon", "coordinates": [ [ [ [ 120.267580410407732, -2.677558466849746, 0.0 ], [ 120.267429224479201, -2.67757609536045, 0.0 ], [ 120.267415994552607, -2.677443826671208, 0.0 ], [ 120.267422916634359, -2.677356006074774, 0.0 ], [ 120.267447344019729, -2.676976831215768, 0.0 ], [ 120.267464594815237, -2.676914933577279, 0.0 ], [ 120.267543280997643, -2.676804952786313, 0.0 ], [ 120.267598798845597, -2.676744518344776, 0.0 ], [ 120.267626065390687, -2.676782488620916, 0.0 ], [ 120.267679941076494, -2.676845479834981, 0.0 ], [ 120.267705069033809, -2.676921517513961, 0.0 ], [ 120.267805700472763, -2.677018025561381, 0.0 ], [ 120.26783794836274, -2.677076541748932, 0.0 ], [ 120.267863314640294, -2.677205236532416, 0.0 ], [ 120.26789510927199, -2.677284750091076, 0.0 ], [ 120.26790870702132, -2.677324680889285, 0.0 ], [ 120.267935081438964, -2.677368224264114, 0.0 ], [ 120.267962392950153, -2.677435579888026, 0.0 ], [ 120.267580410407732, -2.677558466849746, 0.0 ] ] ] ] } },
{ "type": "Feature", "properties": { "PROVINSI": "Prov. Sulawesi Selatan", "KABUPATEN": "Kab. Luwu Utara", "KECAMATAN": "Kec. Baebunta Selatan", "DESA_KEL": "Desa Lara", "POKTAN": "Gapoktan Irennuang", "KET_POKTAN": "Nuriadin S.Kom", "NO_HP": "081342554039", "NAMA_PEMIL": "Mading", "NO_PETAK": "LR04", "LUAS_Ha": 0.59, "PAKET": "Sulawesi Selatan 2" }, "geometry": { "type": "MultiPolygon", "coordinates": [ [ [ [ 120.276351337344408, -2.680311411242599, 0.0 ], [ 120.276375105526768, -2.680821861939307, 0.0 ], [ 120.275802766184825, -2.680873491118689, 0.0 ], [ 120.275840327269407, -2.680489475209072, 0.0 ], [ 120.275591136821618, -2.680490396114863, 0.0 ], [ 120.275589400230729, -2.680379308258409, 0.0 ], [ 120.275573709758987, -2.680151790572609, 0.0 ], [ 120.275550171803047, -2.679892893742021, 0.0 ], [ 120.275816557288294, -2.679860313102893, 0.0 ], [ 120.275971050024054, -2.680287668241249, 0.0 ], [ 120.276351337344408, -2.680311411242599, 0.0 ] ] ] ] } },
{ "type": "Feature", "properties": { "PROVINSI": "Prov. Sulawesi Selatan", "KABUPATEN": "Kab. Luwu Utara", "KECAMATAN": "Kec. Baebunta Selatan", "DESA_KEL": "Desa Lara", "POKTAN": "Gapoktan Irennuang", "KET_POKTAN": "Nuriadin S.Kom", "NO_HP": "081342554039", "NAMA_PEMIL": "Hamsah", "NO_PETAK": "LR05", "LUAS_Ha": 0.39, "PAKET": "Sulawesi Selatan 2" }, "geometry": { "type": "MultiPolygon", "coordinates": [ [ [ [ 120.267438983022657, -2.678986440971414, 0.0 ], [ 120.267560609134875, -2.679494169420309, 0.0 ], [ 120.26648011056875, -2.679481342389977, 0.0 ], [ 120.266632302838616, -2.679340759468403, 0.0 ], [ 120.266791041273564, -2.679239408571789, 0.0 ], [ 120.266818042518707, -2.679219792559309, 0.0 ], [ 120.267434994529481, -2.67898807503957, 0.0 ], [ 120.267438983022657, -2.678986440971414, 0.0 ] ] ] ] } },
{ "type": "Feature", "properties": { "PROVINSI": "Prov. Sulawesi Selatan", "KABUPATEN": "Kab. Luwu Utara", "KECAMATAN": "Kec. Baebunta Selatan", "DESA_KEL": "Desa Lara", "POKTAN": "Gapoktan Irennuang", "KET_POKTAN": "Nuriadin S.Kom", "NO_HP": "081342554039", "NAMA_PEMIL": "Abdul Salam", "NO_PETAK": "LR06", "LUAS_Ha": 1.18, "PAKET": "Sulawesi Selatan 2" }, "geometry": { "type": "MultiPolygon", "coordinates": [ [ [ [ 120.270270933756706, -2.695525805271643, 0.0 ], [ 120.269319444736652, -2.696065669195207, 0.0 ], [ 120.269729665991349, -2.696571029729171, 0.0 ], [ 120.269157477735462, -2.69700936289172, 0.0 ], [ 120.268605316482194, -2.69649089114165, 0.0 ], [ 120.268926550719812, -2.696009505634152, 0.0 ], [ 120.269053115009342, -2.696149734222786, 0.0 ], [ 120.269238937427076, -2.69602490832284, 0.0 ], [ 120.269077814889329, -2.695840204661692, 0.0 ], [ 120.269339741535873, -2.69551189905485, 0.0 ], [ 120.269521802988834, -2.695723396217716, 0.0 ], [ 120.269693699404797, -2.695624969916366, 0.0 ], [ 120.269665530839688, -2.695558675492407, 0.0 ], [ 120.270108909198825, -2.695331271121233, 0.0 ], [ 120.270270933756706, -2.695525805271643, 0.0 ] ] ] ] } },
{ "type": "Feature", "properties": { "PROVINSI": "Prov. Sulawesi Selatan", "KABUPATEN": "Kab. Luwu Utara", "KECAMATAN": "Kec. Baebunta Selatan", "DESA_KEL": "Desa Lara", "POKTAN": "Gapoktan Irennuang", "KET_POKTAN": "Nuriadin S.Kom", "NO_HP": "081342554039", "NAMA_PEMIL": "Eko", "NO_PETAK": "LR07", "LUAS_Ha": 1.05, "PAKET": "Sulawesi Selatan 2" }, "geometry": { "type": "MultiPolygon", "coordinates": [ [ [ [ 120.260989449103818, -2.677030924537462, 0.0 ], [ 120.261020541364928, -2.678325566971296, 0.0 ], [ 120.26037251238165, -2.678229122775747, 0.0 ], [ 120.260311146242429, -2.676933662858232, 0.0 ], [ 120.260989449103818, -2.677030924537462, 0.0 ] ] ] ] } },
{ "type": "Feature", "properties": { "PROVINSI": "Prov. Sulawesi Selatan", "KABUPATEN": "Kab. Luwu Utara", "KECAMATAN": "Kec. Baebunta Selatan", "DESA_KEL": "Desa Lara", "POKTAN": "Gapoktan Irennuang", "KET_POKTAN": "Nuriadin S.Kom", "NO_HP": "081342554039", "NAMA_PEMIL": "Muhammdad Sainuddin", "NO_PETAK": "LR08", "LUAS_Ha": 1.68, "PAKET": "Sulawesi Selatan 2" }, "geometry": { "type": "MultiPolygon", "coordinates": [ [ [ [ 120.282247868244554, -2.684330352863469, 0.0 ], [ 120.282270154344246, -2.684401366929478, 0.0 ], [ 120.280793938789316, -2.684326591898639, 0.0 ], [ 120.280756132189822, -2.683832130248561, 0.0 ], [ 120.280729341386063, -2.6833715883281, 0.0 ], [ 120.281929938116264, -2.683317308846654, 0.0 ], [ 120.282247868244554, -2.684330352863469, 0.0 ] ] ] ] } },
{ "type": "Feature", "properties": { "PROVINSI": "Prov. Sulawesi Selatan", "KABUPATEN": "Kab. Luwu Utara", "KECAMATAN": "Kec. Baebunta Selatan", "DESA_KEL": "Desa Lara", "POKTAN": "Gapoktan Irennuang", "KET_POKTAN": "Nuriadin S.Kom", "NO_HP": "081342554039", "NAMA_PEMIL": "Sitti Hasnawati", "NO_PETAK": "LR09", "LUAS_Ha": 0.44, "PAKET": "Sulawesi Selatan 2" }, "geometry": { "type": "MultiPolygon", "coordinates": [ [ [ [ 120.280756132189822, -2.683832130248561, 0.0 ], [ 120.280793938789316, -2.684326591898639, 0.0 ], [ 120.280433414970162, -2.684302425316616, 0.0 ], [ 120.280101811549457, -2.684280916231273, 0.0 ], [ 120.280013526902849, -2.683760396724892, 0.0 ], [ 120.280756132189822, -2.683832130248561, 0.0 ] ] ] ] } },
{ "type": "Feature", "properties": { "PROVINSI": "Prov. Sulawesi Selatan", "KABUPATEN": "Kab. Luwu Utara", "KECAMATAN": "Kec. Baebunta Selatan", "DESA_KEL": "Desa Lara", "POKTAN": "Gapoktan Irennuang", "KET_POKTAN": "Nuriadin S.Kom", "NO_HP": "081342554039", "NAMA_PEMIL": "H. Ambo Anzar", "NO_PETAK": "LR10", "LUAS_Ha": 0.89, "PAKET": "Sulawesi Selatan 2" }, "geometry": { "type": "MultiPolygon", "coordinates": [ [ [ [ 120.282247868244554, -2.684330352863469, 0.0 ], [ 120.282247545387918, -2.684330387037676, 0.0 ], [ 120.281929938116264, -2.683317308846654, 0.0 ], [ 120.281898715453394, -2.683206537551598, 0.0 ], [ 120.282480098377846, -2.683067803636163, 0.0 ], [ 120.282551156510749, -2.683282894489935, 0.0 ], [ 120.282682506092897, -2.683704473282774, 0.0 ], [ 120.282835388142757, -2.684268010959897, 0.0 ], [ 120.282247868244554, -2.684330352863469, 0.0 ] ] ] ] } },
{ "type": "Feature", "properties": { "PROVINSI": "Prov. Sulawesi Selatan", "KABUPATEN": "Kab. Luwu Utara", "KECAMATAN": "Kec. Baebunta Selatan", "DESA_KEL": "Desa Lara", "POKTAN": "Gapoktan Irennuang", "KET_POKTAN": "Nuriadin S.Kom", "NO_HP": "081342554039", "NAMA_PEMIL": "H. Anto", "NO_PETAK": "LR11", "LUAS_Ha": 0.41, "PAKET": "Sulawesi Selatan 2" }, "geometry": { "type": "MultiPolygon", "coordinates": [ [ [ [ 120.279577489709482, -2.686408162706471, 0.0 ], [ 120.279555957241655, -2.686408162706471, 0.0 ], [ 120.27884968456533, -2.686328579000701, 0.0 ], [ 120.27882169136808, -2.685780098672581, 0.0 ], [ 120.27904563155073, -2.685801607757924, 0.0 ], [ 120.279198514499853, -2.6858145130293, 0.0 ], [ 120.279295411054477, -2.685853228843371, 0.0 ], [ 120.279360009356992, -2.685926359913537, 0.0 ], [ 120.27949566579241, -2.686240392380171, 0.0 ], [ 120.279577489709482, -2.686408162706471, 0.0 ] ] ] ] } },
{ "type": "Feature", "properties": { "PROVINSI": "Prov. Sulawesi Selatan", "KABUPATEN": "Kab. Luwu Utara", "KECAMATAN": "Kec. Baebunta Selatan", "DESA_KEL": "Desa Lara", "POKTAN": "Gapoktan Irennuang", "KET_POKTAN": "Nuriadin S.Kom", "NO_HP": "081342554039", "NAMA_PEMIL": "Mustakim", "NO_PETAK": "LR12", "LUAS_Ha": 0.71, "PAKET": "Sulawesi Selatan 2" }, "geometry": { "type": "MultiPolygon", "coordinates": [ [ [ [ 120.284581690792493, -2.679680115944564, 0.0 ], [ 120.283642865126239, -2.679770453743402, 0.0 ], [ 120.283595492438053, -2.679215517182342, 0.0 ], [ 120.284797018167865, -2.679163895197576, 0.0 ], [ 120.28476256514034, -2.679331667322515, 0.0 ], [ 120.284689354030547, -2.679512343819567, 0.0 ], [ 120.284581690792493, -2.679680115944564, 0.0 ] ] ] ] } },
{ "type": "Feature", "properties": { "PROVINSI": "Prov. Sulawesi Selatan", "KABUPATEN": "Kab. Luwu Utara", "KECAMATAN": "Kec. Baebunta Selatan", "DESA_KEL": "Desa Lara", "POKTAN": "Gapoktan Irennuang", "KET_POKTAN": "Nuriadin S.Kom", "NO_HP": "081342554039", "NAMA_PEMIL": "Muhammad Jumardin", "NO_PETAK": "LR13", "LUAS_Ha": 0.54, "PAKET": "Sulawesi Selatan 2" }, "geometry": { "type": "MultiPolygon", "coordinates": [ [ [ [ 120.282613600936997, -2.675365370215616, 0.0 ], [ 120.281951470583977, -2.675652518349011, 0.0 ], [ 120.281868569279141, -2.674960996352866, 0.0 ], [ 120.282514550506107, -2.674788922770517, 0.0 ], [ 120.282613600936997, -2.675365370215616, 0.0 ] ] ] ] } },
{ "type": "Feature", "properties": { "PROVINSI": "Prov. Sulawesi Selatan", "KABUPATEN": "Kab. Luwu Utara", "KECAMATAN": "Kec. Baebunta Selatan", "DESA_KEL": "Desa Lara", "POKTAN": "Gapoktan Irennuang", "KET_POKTAN": "Nuriadin S.Kom", "NO_HP": "081342554039", "NAMA_PEMIL": "Abdul Firman", "NO_PETAK": "LR14", "LUAS_Ha": 0.5, "PAKET": "Sulawesi Selatan 2" }, "geometry": { "type": "MultiPolygon", "coordinates": [ [ [ [ 120.281951470583977, -2.675652518349011, 0.0 ], [ 120.282613600936997, -2.675365370215616, 0.0 ], [ 120.282864456929246, -2.675363756831871, 0.0 ], [ 120.282931209108028, -2.675783187144305, 0.0 ], [ 120.282006378691449, -2.676012798451836, 0.0 ], [ 120.281951470583977, -2.675652518349011, 0.0 ] ] ] ] } },
{ "type": "Feature", "properties": { "PROVINSI": "Prov. Sulawesi Selatan", "KABUPATEN": "Kab. Luwu Utara", "KECAMATAN": "Kec. Baebunta Selatan", "DESA_KEL": "Desa Lara", "POKTAN": "Gapoktan Irennuang", "KET_POKTAN": "Nuriadin S.Kom", "NO_HP": "081342554039", "NAMA_PEMIL": "Misriani", "NO_PETAK": "LR15", "LUAS_Ha": 1.22, "PAKET": "Sulawesi Selatan 2" }, "geometry": { "type": "MultiPolygon", "coordinates": [ [ [ [ 120.303662777515228, -2.665137613510012, 0.0 ], [ 120.302480017938592, -2.665939332134428, 0.0 ], [ 120.302246065603526, -2.665462195923567, 0.0 ], [ 120.303396330876012, -2.664332648333016, 0.0 ], [ 120.303558797900223, -2.664715656102601, 0.0 ], [ 120.303539302396985, -2.664936372215777, 0.0 ], [ 120.303662777515228, -2.665137613510012, 0.0 ] ] ] ] } },
{ "type": "Feature", "properties": { "PROVINSI": "Prov. Sulawesi Selatan", "KABUPATEN": "Kab. Luwu Utara", "KECAMATAN": "Kec. Baebunta Selatan", "DESA_KEL": "Desa Lara", "POKTAN": "Gapoktan Irennuang", "KET_POKTAN": "Nuriadin S.Kom", "NO_HP": "081342554039", "NAMA_PEMIL": "Asriadi", "NO_PETAK": "LR16", "LUAS_Ha": 0.77, "PAKET": "Sulawesi Selatan 2" }, "geometry": { "type": "MultiPolygon", "coordinates": [ [ [ [ 120.283430574761269, -2.672725296135468, 0.0 ], [ 120.283392387748563, -2.672748326873716, 0.0 ], [ 120.283370773442471, -2.672756243605704, 0.0 ], [ 120.283343394482131, -2.672739690684125, 0.0 ], [ 120.283319618205837, -2.672728174865313, 0.0 ], [ 120.283229555599519, -2.672810222713565, 0.0 ], [ 120.283133730137592, -2.67301462062818, 0.0 ], [ 120.283074649175774, -2.673301066391048, 0.0 ], [ 120.282695667670964, -2.673290990386874, 0.0 ], [ 120.282759071673922, -2.672865640736688, 0.0 ], [ 120.282784288664061, -2.672536012227113, 0.0 ], [ 120.282831842115911, -2.67253529187019, 0.0 ], [ 120.282885878780348, -2.672521617678456, 0.0 ], [ 120.282937754373961, -2.672495708210306, 0.0 ], [ 120.282962972263476, -2.672443888374687, 0.0 ], [ 120.283014127499996, -2.67233377268542, 0.0 ], [ 120.283082574900959, -2.672212860634943, 0.0 ], [ 120.283228114885674, -2.672002704361262, 0.0 ], [ 120.283712288291554, -2.672408622359967, 0.0 ], [ 120.283452189067361, -2.67269218939299, 0.0 ], [ 120.283430574761269, -2.672725296135468, 0.0 ] ] ] ] } },
{ "type": "Feature", "properties": { "PROVINSI": "Prov. Sulawesi Selatan", "KABUPATEN": "Kab. Luwu Utara", "KECAMATAN": "Kec. Baebunta Selatan", "DESA_KEL": "Desa Lara", "POKTAN": "Gapoktan Irennuang", "KET_POKTAN": "Nuriadin S.Kom", "NO_HP": "081342554039", "NAMA_PEMIL": "Salmiah", "NO_PETAK": "LR17", "LUAS_Ha": 0.86, "PAKET": "Sulawesi Selatan 2" }, "geometry": { "type": "MultiPolygon", "coordinates": [ [ [ [ 120.299237396288845, -2.662357032950638, 0.0 ], [ 120.298969372238844, -2.662950800439035, 0.0 ], [ 120.29857742161073, -2.66287738967975, 0.0 ], [ 120.29839729729747, -2.662514650830417, 0.0 ], [ 120.298108378398979, -2.661933838076095, 0.0 ], [ 120.298464303984474, -2.661807167666609, 0.0 ], [ 120.298822390640908, -2.662074903034295, 0.0 ], [ 120.299237396288845, -2.662357032950638, 0.0 ] ] ] ] } },
{ "type": "Feature", "properties": { "PROVINSI": "Prov. Sulawesi Selatan", "KABUPATEN": "Kab. Luwu Utara", "KECAMATAN": "Kec. Baebunta Selatan", "DESA_KEL": "Desa Lara", "POKTAN": "Gapoktan Irennuang", "KET_POKTAN": "Nuriadin S.Kom", "NO_HP": "081342554039", "NAMA_PEMIL": "Duharisman", "NO_PETAK": "LR18", "LUAS_Ha": 0.81, "PAKET": "Sulawesi Selatan 2" }, "geometry": { "type": "MultiPolygon", "coordinates": [ [ [ [ 120.282422483311052, -2.67330441996296, 0.0 ], [ 120.281903621255196, -2.673375576121884, 0.0 ], [ 120.281598130549355, -2.67336437596515, 0.0 ], [ 120.281648148143631, -2.672585831970537, 0.0 ], [ 120.282500635296174, -2.672549137832391, 0.0 ], [ 120.282485801878352, -2.67292228543505, 0.0 ], [ 120.282509546678284, -2.672940733228188, 0.0 ], [ 120.282518341148602, -2.672968844236721, 0.0 ], [ 120.2824937168117, -2.672996955245253, 0.0 ], [ 120.282475249233471, -2.673006618460647, 0.0 ], [ 120.282446228110985, -2.6730312158179, 0.0 ], [ 120.282431277781257, -2.673062840477655, 0.0 ], [ 120.282422483311052, -2.67330441996296, 0.0 ] ] ] ] } },
{ "type": "Feature", "properties": { "PROVINSI": "Prov. Sulawesi Selatan", "KABUPATEN": "Kab. Luwu Utara", "KECAMATAN": "Kec. Baebunta Selatan", "DESA_KEL": "Desa Lara", "POKTAN": "Gapoktan Irennuang", "KET_POKTAN": "Nuriadin S.Kom", "NO_HP": "081342554039", "NAMA_PEMIL": "Hasnawati", "NO_PETAK": "LR19", "LUAS_Ha": 1.01, "PAKET": "Sulawesi Selatan 2" }, "geometry": { "type": "MultiPolygon", "coordinates": [ [ [ [ 120.302309708826101, -2.663100303735973, 0.0 ], [ 120.301275503761531, -2.664079804839048, 0.0 ], [ 120.300818052810996, -2.66368238903101, 0.0 ], [ 120.301665968709585, -2.662828854168254, 0.0 ], [ 120.302309708826101, -2.663100303735973, 0.0 ] ] ] ] } },
{ "type": "Feature", "properties": { "PROVINSI": "Prov. Sulawesi Selatan", "KABUPATEN": "Kab. Luwu Utara", "KECAMATAN": "Kec. Baebunta Selatan", "DESA_KEL": "Desa Lara", "POKTAN": "Gapoktan Irennuang", "KET_POKTAN": "Nuriadin S.Kom", "NO_HP": "081342554039", "NAMA_PEMIL": "Shamegraha", "NO_PETAK": "LR20", "LUAS_Ha": 0.52, "PAKET": "Sulawesi Selatan 2" }, "geometry": { "type": "MultiPolygon", "coordinates": [ [ [ [ 120.302257710924664, -2.661587021723619, 0.0 ], [ 120.302079313309719, -2.661854557441814, 0.0 ], [ 120.301426403705591, -2.661572983306485, 0.0 ], [ 120.301271276048624, -2.661516468110449, 0.0 ], [ 120.301395377994368, -2.66133780699414, 0.0 ], [ 120.301394466081774, -2.661290407326362, 0.0 ], [ 120.301655446641576, -2.660977522394717, 0.0 ], [ 120.302257710924664, -2.661587021723619, 0.0 ] ] ] ] } },
{ "type": "Feature", "properties": { "PROVINSI": "Prov. Sulawesi Selatan", "KABUPATEN": "Kab. Luwu Utara", "KECAMATAN": "Kec. Baebunta Selatan", "DESA_KEL": "Desa Lara", "POKTAN": "Gapoktan Irennuang", "KET_POKTAN": "Nuriadin S.Kom", "NO_HP": "081342554039", "NAMA_PEMIL": "Sitti Rohani", "NO_PETAK": "LR21", "LUAS_Ha": 0.47, "PAKET": "Sulawesi Selatan 2" }, "geometry": { "type": "MultiPolygon", "coordinates": [ [ [ [ 120.295919652470047, -2.665142463553821, 0.0 ], [ 120.295864931421534, -2.6651529757292, 0.0 ], [ 120.295804949338958, -2.665004758462771, 0.0 ], [ 120.295748123876933, -2.664885975107609, 0.0 ], [ 120.295675513514198, -2.664740911763602, 0.0 ], [ 120.295636578265544, -2.664615821462917, 0.0 ], [ 120.295637630472356, -2.664487577239868, 0.0 ], [ 120.295664135291645, -2.664272544842049, 0.0 ], [ 120.295879861066851, -2.664362946492759, 0.0 ], [ 120.295989302264502, -2.664404993395692, 0.0 ], [ 120.296090851911345, -2.664478050721414, 0.0 ], [ 120.296223246505633, -2.664585862347622, 0.0 ], [ 120.296315850596102, -2.664612667540553, 0.0 ], [ 120.296349524810807, -2.664699390064754, 0.0 ], [ 120.296348998707344, -2.664781382155013, 0.0 ], [ 120.296287438314721, -2.66485181166172, 0.0 ], [ 120.296234821679718, -2.664871783805722, 0.0 ], [ 120.296156950283034, -2.664901217716988, 0.0 ], [ 120.296133799035715, -2.664962185456432, 0.0 ], [ 120.296147479522574, -2.665086225349, 0.0 ], [ 120.295919652470047, -2.665142463553821, 0.0 ] ] ] ] } },
{ "type": "Feature", "properties": { "PROVINSI": "Prov. Sulawesi Selatan", "KABUPATEN": "Kab. Luwu Utara", "KECAMATAN": "Kec. Baebunta Selatan", "DESA_KEL": "Desa Lara", "POKTAN": "Gapoktan Irennuang", "KET_POKTAN": "Nuriadin S.Kom", "NO_HP": "081342554039", "NAMA_PEMIL": "Muliadi", "NO_PETAK": "LR22", "LUAS_Ha": 5.62, "PAKET": "Sulawesi Selatan 2" }, "geometry": { "type": "MultiPolygon", "coordinates": [ [ [ [ 120.28711256109591, -2.673862924134596, 0.0 ], [ 120.286444958368179, -2.674208710763367, 0.0 ], [ 120.286291657234301, -2.674460641445421, 0.0 ], [ 120.286141888637303, -2.674665291170186, 0.0 ], [ 120.285961034973866, -2.674833244958222, 0.0 ], [ 120.285740621032915, -2.674934863852855, 0.0 ], [ 120.28573073028906, -2.674374547547302, 0.0 ], [ 120.285253165101494, -2.674428885484645, 0.0 ], [ 120.284655502649343, -2.674438059468798, 0.0 ], [ 120.284121420467272, -2.674416888528526, 0.0 ], [ 120.283836011622725, -2.674344908590626, 0.0 ], [ 120.283703197944305, -2.674294098693679, 0.0 ], [ 120.28361277111253, -2.674220707719428, 0.0 ], [ 120.283614890814647, -2.674080980952454, 0.0 ], [ 120.284880861962279, -2.674083803924361, 0.0 ], [ 120.284926075378166, -2.672535523895249, 0.0 ], [ 120.284976234165924, -2.672436021105455, 0.0 ], [ 120.285325224179815, -2.672101524565676, 0.0 ], [ 120.286739551089454, -2.672904598468392, 0.0 ], [ 120.286836237202692, -2.672968283059788, 0.0 ], [ 120.286938022471873, -2.673070863329656, 0.0 ], [ 120.287105182158484, -2.673145429717749, 0.0 ], [ 120.287386666361613, -2.673330834850105, 0.0 ], [ 120.287400795610324, -2.673601819468331, 0.0 ], [ 120.28711256109591, -2.673862924134596, 0.0 ] ] ] ] } },
{ "type": "Feature", "properties": { "PROVINSI": "Prov. Sulawesi Selatan", "KABUPATEN": "Kab. Luwu Utara", "KECAMATAN": "Kec. Sabbang", "DESA_KEL": "Desa Buntu Torpedo", "POKTAN": "Salukaluku", "KET_POKTAN": "Muhlis", "NO_HP": "082352818750", "NAMA_PEMIL": "Yunus Tabanga", "NO_PETAK": "BT01", "LUAS_Ha": 0.69, "PAKET": "Sulawesi Selatan 2" }, "geometry": { "type": "MultiPolygon", "coordinates": [ [ [ [ 120.216063854063691, -2.656023883895102, 0.0 ], [ 120.21574084456438, -2.65621303380442, 0.0 ], [ 120.215494949232607, -2.655392415027904, 0.0 ], [ 120.215713199404718, -2.655197444706289, 0.0 ], [ 120.216525088462163, -2.655572834318775, 0.0 ], [ 120.216530907975084, -2.655616484712937, 0.0 ], [ 120.216269008308132, -2.655808543929083, 0.0 ], [ 120.216130783408971, -2.655997693838458, 0.0 ], [ 120.216063854063691, -2.656023883895102, 0.0 ] ] ] ] } },
{ "type": "Feature", "properties": { "PROVINSI": "Prov. Sulawesi Selatan", "KABUPATEN": "Kab. Luwu Utara", "KECAMATAN": "Kec. Sabbang", "DESA_KEL": "Desa Buntu Torpedo", "POKTAN": "Salukaluku", "KET_POKTAN": "Muhlis", "NO_HP": "082352818750", "NAMA_PEMIL": "Alexander", "NO_PETAK": "BT03", "LUAS_Ha": 1.2, "PAKET": "Sulawesi Selatan 2" }, "geometry": { "type": "MultiPolygon", "coordinates": [ [ [ [ 120.216392683075924, -2.649985640524847, 0.0 ], [ 120.216012929053477, -2.650004555066118, 0.0 ], [ 120.215736479255156, -2.649360718722164, 0.0 ], [ 120.215957638734153, -2.649216673410706, 0.0 ], [ 120.216063854063691, -2.649148288962294, 0.0 ], [ 120.216333028346639, -2.648845649107386, 0.0 ], [ 120.21660947814496, -2.648841283798163, 0.0 ], [ 120.216845187755325, -2.648822369256891, 0.0 ], [ 120.216859737886693, -2.648829643872944, 0.0 ], [ 120.216848097961361, -2.649072628998567, 0.0 ], [ 120.216798628054335, -2.649500397825079, 0.0 ], [ 120.216775007360752, -2.649962395747934, 0.0 ], [ 120.216768441410522, -2.649984206106183, 0.0 ], [ 120.216392683075924, -2.649985640524847, 0.0 ] ] ] ] } },
{ "type": "Feature", "properties": { "PROVINSI": "Prov. Sulawesi Selatan", "KABUPATEN": "Kab. Luwu Utara", "KECAMATAN": "Kec. Sabbang", "DESA_KEL": "Desa Buntu Torpedo", "POKTAN": "Salukaluku", "KET_POKTAN": "Muhlis", "NO_HP": "082352818750", "NAMA_PEMIL": "Musa Belay", "NO_PETAK": "BT04", "LUAS_Ha": 0.16, "PAKET": "Sulawesi Selatan 2" }, "geometry": { "type": "MultiPolygon", "coordinates": [ [ [ [ 120.219889044843626, -2.652012453411942, 0.0 ], [ 120.219929785031582, -2.65207647345045, 0.0 ], [ 120.21999816948005, -2.652048100739194, 0.0 ], [ 120.219966159910427, -2.652163045787859, 0.0 ], [ 120.219836301404257, -2.652373656219197, 0.0 ], [ 120.219703169365857, -2.65245259061453, 0.0 ], [ 120.219690801889101, -2.652609730054962, 0.0 ], [ 120.219455455604816, -2.652559532596285, 0.0 ], [ 120.219755185253689, -2.65210993812309, 0.0 ], [ 120.219778465104127, -2.65204300787849, 0.0 ], [ 120.219889044843626, -2.652012453411942, 0.0 ] ] ] ] } },
{ "type": "Feature", "properties": { "PROVINSI": "Prov. Sulawesi Selatan", "KABUPATEN": "Kab. Luwu Utara", "KECAMATAN": "Kec. Sabbang", "DESA_KEL": "Desa Buntu Torpedo", "POKTAN": "Salukaluku", "KET_POKTAN": "Muhlis", "NO_HP": "082352818750", "NAMA_PEMIL": "Sara Suati", "NO_PETAK": "BT05", "LUAS_Ha": 0.36, "PAKET": "Sulawesi Selatan 2" }, "geometry": { "type": "MultiPolygon", "coordinates": [ [ [ [ 120.21237174765804, -2.652386590268861, 0.0 ], [ 120.212230847275805, -2.652503701784383, 0.0 ], [ 120.212151428145944, -2.652438054872277, 0.0 ], [ 120.2120221416086, -2.652424756597213, 0.0 ], [ 120.211897076488981, -2.652338462150283, 0.0 ], [ 120.211962551630563, -2.652062012351962, 0.0 ], [ 120.212112416454943, -2.651997992313454, 0.0 ], [ 120.212128421689386, -2.65194706730324, 0.0 ], [ 120.212199716343889, -2.651858312311219, 0.0 ], [ 120.212183712008709, -2.65175064277787, 0.0 ], [ 120.212560555825007, -2.651859767414294, 0.0 ], [ 120.212531456461647, -2.652066377661129, 0.0 ], [ 120.212502122375099, -2.652136849436033, 0.0 ], [ 120.212478065510368, -2.652143829973738, 0.0 ], [ 120.212399862263851, -2.652230071360634, 0.0 ], [ 120.212371602867279, -2.652330522935245, 0.0 ], [ 120.21237174765804, -2.652386590268861, 0.0 ] ] ] ] } },
{ "type": "Feature", "properties": { "PROVINSI": "Prov. Sulawesi Selatan", "KABUPATEN": "Kab. Luwu Utara", "KECAMATAN": "Kec. Sabbang", "DESA_KEL": "Desa Buntu Torpedo", "POKTAN": "Salukaluku", "KET_POKTAN": "Muhlis", "NO_HP": "082352818750", "NAMA_PEMIL": "Marten Tanggo", "NO_PETAK": "BT06", "LUAS_Ha": 1.08, "PAKET": "Sulawesi Selatan 2" }, "geometry": { "type": "MultiPolygon", "coordinates": [ [ [ [ 120.210282358144354, -2.648274274737958, 0.0 ], [ 120.21037668353722, -2.648304182591914, 0.0 ], [ 120.210528524172105, -2.648299581660297, 0.0 ], [ 120.210645856021529, -2.648504336605811, 0.0 ], [ 120.210500916783985, -2.648695286957889, 0.0 ], [ 120.210519321409606, -2.648886238209286, 0.0 ], [ 120.210438800610177, -2.649316453191716, 0.0 ], [ 120.210424996916117, -2.649383171196348, 0.0 ], [ 120.20999248056853, -2.649482097520718, 0.0 ], [ 120.209829137604629, -2.649187619013333, 0.0 ], [ 120.209930364394836, -2.649067986698185, 0.0 ], [ 120.209737112677658, -2.648833323898714, 0.0 ], [ 120.209670394673026, -2.648642373546636, 0.0 ], [ 120.209626683124952, -2.648313385354413, 0.0 ], [ 120.209764720065891, -2.64827197427212, 0.0 ], [ 120.209872849152703, -2.648193753039209, 0.0 ], [ 120.209980978239628, -2.648191452573428, 0.0 ], [ 120.210135119340293, -2.648242066418163, 0.0 ], [ 120.210282358144354, -2.648274274737958, 0.0 ] ] ] ] } },
{ "type": "Feature", "properties": { "PROVINSI": "Prov. Sulawesi Selatan", "KABUPATEN": "Kab. Luwu Utara", "KECAMATAN": "Kec. Sabbang", "DESA_KEL": "Desa Buntu Torpedo", "POKTAN": "Salukaluku", "KET_POKTAN": "Muhlis", "NO_HP": "082352818750", "NAMA_PEMIL": "Nur Alam", "NO_PETAK": "BT07", "LUAS_Ha": 1.98, "PAKET": "Sulawesi Selatan 2" }, "geometry": { "type": "MultiPolygon", "coordinates": [ [ [ [ 120.207195217585308, -2.655196938387974, 0.0 ], [ 120.20686306917537, -2.65532566015105, 0.0 ], [ 120.206875722636596, -2.655560322950521, 0.0 ], [ 120.206970048029348, -2.655887010676963, 0.0 ], [ 120.206813605563525, -2.655967532375655, 0.0 ], [ 120.206266059631048, -2.656098667019819, 0.0 ], [ 120.20544161873579, -2.655201783035807, 0.0 ], [ 120.206652563065404, -2.654398512181558, 0.0 ], [ 120.207195217585308, -2.655196938387974, 0.0 ] ] ] ] } },
{ "type": "Feature", "properties": { "PROVINSI": "Prov. Sulawesi Selatan", "KABUPATEN": "Kab. Luwu Utara", "KECAMATAN": "Kec. Sabbang", "DESA_KEL": "Desa Buntu Torpedo", "POKTAN": "Salukaluku", "KET_POKTAN": "Muhlis", "NO_HP": "082352818750", "NAMA_PEMIL": "Adol Fina", "NO_PETAK": "BT08", "LUAS_Ha": 1.9, "PAKET": "Sulawesi Selatan 2" }, "geometry": { "type": "MultiPolygon", "coordinates": [ [ [ [ 120.206033697297357, -2.653798051938509, 0.0 ], [ 120.206652563065404, -2.654398512181558, 0.0 ], [ 120.20544161873579, -2.655201783035807, 0.0 ], [ 120.20496621192126, -2.654281181231454, 0.0 ], [ 120.205371119981237, -2.653485167906126, 0.0 ], [ 120.206033697297357, -2.653798051938509, 0.0 ] ] ] ] } },
{ "type": "Feature", "properties": { "PROVINSI": "Prov. Sulawesi Selatan", "KABUPATEN": "Kab. Luwu Utara", "KECAMATAN": "Kec. Sabbang", "DESA_KEL": "Desa Buntu Torpedo", "POKTAN": "Salukaluku", "KET_POKTAN": "Muhlis", "NO_HP": "082352818750", "NAMA_PEMIL": "B Hanri", "NO_PETAK": "BT09", "LUAS_Ha": 0.32, "PAKET": "Sulawesi Selatan 2" }, "geometry": { "type": "MultiPolygon", "coordinates": [ [ [ [ 120.208448192630044, -2.65714372150552, 0.0 ], [ 120.208579328173528, -2.657465807401024, 0.0 ], [ 120.20859715813242, -2.657486513391859, 0.0 ], [ 120.208168093382824, -2.657785592830805, 0.0 ], [ 120.208015102514992, -2.657422095853008, 0.0 ], [ 120.208128982766425, -2.657426696784569, 0.0 ], [ 120.208156590154545, -2.657410592624728, 0.0 ], [ 120.208173268981227, -2.657278307747674, 0.0 ], [ 120.208078944487738, -2.657120715048904, 0.0 ], [ 120.208124956501592, -2.657021788724535, 0.0 ], [ 120.208341214675329, -2.656965423715292, 0.0 ], [ 120.208448192630044, -2.65714372150552, 0.0 ] ] ] ] } },
{ "type": "Feature", "properties": { "PROVINSI": "Prov. Sulawesi Selatan", "KABUPATEN": "Kab. Luwu Utara", "KECAMATAN": "Kec. Sabbang", "DESA_KEL": "Desa Buntu Torpedo", "POKTAN": "Salukaluku", "KET_POKTAN": "Muhlis", "NO_HP": "082352818750", "NAMA_PEMIL": "A. Baso Imran", "NO_PETAK": "BT10", "LUAS_Ha": 7.19, "PAKET": "Sulawesi Selatan 2" }, "geometry": { "type": "MultiPolygon", "coordinates": [ [ [ [ 120.207195217585308, -2.655196938387974, 0.0 ], [ 120.206652563065404, -2.654398512181558, 0.0 ], [ 120.206033697297357, -2.653798051938509, 0.0 ], [ 120.206943015307957, -2.653075083348369, 0.0 ], [ 120.207728675637895, -2.653505298330799, 0.0 ], [ 120.208579902840256, -2.653928611915887, 0.0 ], [ 120.208671927767341, -2.654041341934317, 0.0 ], [ 120.208878983178579, -2.654133366861345, 0.0 ], [ 120.208791560082545, -2.654209286729156, 0.0 ], [ 120.208768553625873, -2.654372630592377, 0.0 ], [ 120.208724842077913, -2.654533673989818, 0.0 ], [ 120.209403523553874, -2.654641802177366, 0.0 ], [ 120.208522387598123, -2.657173629359477, 0.0 ], [ 120.20836479579873, -2.656935515861335, 0.0 ], [ 120.208387801356025, -2.656834289071128, 0.0 ], [ 120.208252065780243, -2.656539809664423, 0.0 ], [ 120.208222157026967, -2.656371864869641, 0.0 ], [ 120.208035807606507, -2.656098092353034, 0.0 ], [ 120.207870163277448, -2.65612339837611, 0.0 ], [ 120.207195217585308, -2.655196938387974, 0.0 ] ] ] ] } },
{ "type": "Feature", "properties": { "PROVINSI": "Prov. Sulawesi Selatan", "KABUPATEN": "Kab. Luwu Utara", "KECAMATAN": "Kec. Sabbang", "DESA_KEL": "Desa Buntu Torpedo", "POKTAN": "Salukaluku", "KET_POKTAN": "Muhlis", "NO_HP": "082352818750", "NAMA_PEMIL": "Damaris", "NO_PETAK": "BT02", "LUAS_Ha": 0.48, "PAKET": "Sulawesi Selatan 2" }, "geometry": { "type": "MultiPolygon", "coordinates": [ [ [ [ 120.215647724263135, -2.658654521388996, 0.0 ], [ 120.214720251638369, -2.658673412547898, 0.0 ], [ 120.214760175241963, -2.65861741895867, 0.0 ], [ 120.214864935468427, -2.658615963855596, 0.0 ], [ 120.215084639844349, -2.658410082059618, 0.0 ], [ 120.215093369563419, -2.65821656684102, 0.0 ], [ 120.215183579658515, -2.658084162354157, 0.0 ], [ 120.215109374797862, -2.657915382089186, 0.0 ], [ 120.215145984399669, -2.657865910383407, 0.0 ], [ 120.215159242205345, -2.657866717075308, 0.0 ], [ 120.215159567759883, -2.657847554321108, 0.0 ], [ 120.215217044331212, -2.657769882573973, 0.0 ], [ 120.215227230052733, -2.657700042123224, 0.0 ], [ 120.215413469755845, -2.657717502460741, 0.0 ], [ 120.215460189536202, -2.657772717237037, 0.0 ], [ 120.215466936250209, -2.657788435587804, 0.0 ], [ 120.215477060817761, -2.658027403441849, 0.0 ], [ 120.215420494360387, -2.658209187903651, 0.0 ], [ 120.215490679251502, -2.658332658525296, 0.0 ], [ 120.215486219513537, -2.658343151814961, 0.0 ], [ 120.215552885357397, -2.658490266512558, 0.0 ], [ 120.215598254355996, -2.658590501350488, 0.0 ], [ 120.215647724263135, -2.658654521388996, 0.0 ] ] ] ] } },
{ "type": "Feature", "properties": { "PROVINSI": "Prov. Sulawesi Selatan", "KABUPATEN": "Kab. Luwu Utara", "KECAMATAN": "Kec. Sabbang", "DESA_KEL": "Desa Buntu Torpedo", "POKTAN": "Salukaluku", "KET_POKTAN": "Muhlis", "NO_HP": "082352818750", "NAMA_PEMIL": "Sapari", "NO_PETAK": "BT11", "LUAS_Ha": 0.5, "PAKET": "Sulawesi Selatan 2" }, "geometry": { "type": "MultiPolygon", "coordinates": [ [ [ [ 120.214720251638369, -2.658673412547898, 0.0 ], [ 120.215647724263135, -2.658654521388996, 0.0 ], [ 120.215714654507792, -2.65866761641729, 0.0 ], [ 120.215819413834993, -2.658695261577009, 0.0 ], [ 120.215912534136237, -2.658759281615517, 0.0 ], [ 120.216023113875622, -2.658756371409368, 0.0 ], [ 120.216143878437265, -2.658687986061636, 0.0 ], [ 120.216181708419185, -2.658629786435426, 0.0 ], [ 120.216152609055712, -2.658497381948564, 0.0 ], [ 120.216139514027418, -2.658380981796824, 0.0 ], [ 120.216122053689901, -2.658303866730023, 0.0 ], [ 120.21607549398891, -2.658152546802569, 0.0 ], [ 120.216046393726174, -2.657977947024563, 0.0 ], [ 120.216011473950402, -2.657841177228477, 0.0 ], [ 120.215996923819034, -2.657796072630617, 0.0 ], [ 120.216017293463437, -2.657794617527543, 0.0 ], [ 120.216132966063583, -2.657808440107374, 0.0 ], [ 120.216146788643414, -2.658007774838893, 0.0 ], [ 120.216210808681922, -2.658202744261189, 0.0 ], [ 120.216247633221769, -2.658306203168706, 0.0 ], [ 120.216245025187845, -2.6583085602918, 0.0 ], [ 120.216251793485526, -2.658321822593962, 0.0 ], [ 120.216249687273262, -2.658332809611409, 0.0 ], [ 120.216278936823528, -2.658542079153563, 0.0 ], [ 120.216231079400814, -2.65867944789818, 0.0 ], [ 120.216141866653857, -2.658768759570535, 0.0 ], [ 120.216044228158694, -2.658797529782134, 0.0 ], [ 120.215731451145643, -2.658839698093573, 0.0 ], [ 120.215238502155216, -2.658990229315577, 0.0 ], [ 120.215030176901223, -2.659023579774328, 0.0 ], [ 120.214677385453001, -2.658734231899246, 0.0 ], [ 120.214720251638369, -2.658673412547898, 0.0 ] ] ] ] } }
]
}
