{
"type": "FeatureCollection",
"name": "SULSEL_PAKET_18",
"crs": { "type": "name", "properties": { "name": "urn:ogc:def:crs:OGC:1.3:CRS84" } },
"features": [
{ "type": "Feature", "properties": { "OBJECTID": 5966, "WADMPR": "Sulawesi Selatan", "WADMKK": "Kab. Luwu Utara", "WADMKC": "Kec. Sukamaju", "WADMKD": "Desa Minanga Tallu", "POKTAN": "Gapoktan Tunas Harapan", "K_POKTAN": "IB. Sumardiase", "P_SID": "Universitas Negeri Makassar", "NO_HP_1": "0878-7406-3849", "NAMA_PEMIL": "Pemerintah Desa", "N_PETAK": "MTB001", "LUAS_HA": 1.42516123444, "PAKET": "Paket Sulawesi Selatan 18" }, "geometry": { "type": "MultiPolygon", "coordinates": [ [ [ [ 120.418963467590061, -2.604071014265855, 0.0 ], [ 120.4189653615623, -2.604103570623238, 0.0 ], [ 120.418945087246016, -2.604103429429699, 0.0 ], [ 120.418921260607704, -2.604104326053744, 0.0 ], [ 120.418877745111899, -2.604107942227699, 0.0 ], [ 120.41885857156592, -2.604110234599602, 0.0 ], [ 120.418819771215567, -2.604116297828853, 0.0 ], [ 120.418796982394838, -2.604120877176683, 0.0 ], [ 120.418761181283571, -2.604129704022569, 0.0 ], [ 120.418735753852047, -2.604137402219294, 0.0 ], [ 120.418704212829198, -2.604148683315032, 0.0 ], [ 120.418684758694667, -2.604156520906656, 0.0 ], [ 120.418641962656466, -2.604176112637447, 0.0 ], [ 120.418613878627639, -2.604191053973921, 0.0 ], [ 120.418600169362435, -2.60419942216555, 0.0 ], [ 120.418593055724955, -2.604203917876475, 0.0 ], [ 120.418573347082315, -2.6042181154736, 0.0 ], [ 120.418562387943894, -2.604226787636094, 0.0 ], [ 120.418546901618242, -2.604240022059344, 0.0 ], [ 120.418532046616747, -2.604254823101542, 0.0 ], [ 120.418522723345063, -2.604264864931508, 0.0 ], [ 120.418507353031941, -2.604282947599927, 0.0 ], [ 120.418497980297616, -2.604295763838365, 0.0 ], [ 120.418489719125319, -2.604307784176854, 0.0 ], [ 120.418474661776258, -2.604332405815853, 0.0 ], [ 120.418465494986663, -2.604351022681499, 0.0 ], [ 120.418452042028207, -2.604381201231377, 0.0 ], [ 120.418443238564691, -2.604403556578802, 0.0 ], [ 120.418436555702556, -2.604426135857409, 0.0 ], [ 120.418427010298387, -2.60446439661456, 0.0 ], [ 120.418422673767395, -2.604485205128071, 0.0 ], [ 120.418421441696296, -2.604493273845492, 0.0 ], [ 120.418414177872023, -2.604546152183104, 0.0 ], [ 120.418412062666675, -2.604568106432907, 0.0 ], [ 120.4184098908039, -2.604607125318523, 0.0 ], [ 120.41840946992113, -2.604621723114008, 0.0 ], [ 120.418409838643242, -2.604636445915219, 0.0 ], [ 120.418411851325914, -2.604675142843519, 0.0 ], [ 120.418109798728324, -2.604753745389019, 0.0 ], [ 120.417634282196445, -2.60499236340678, 0.0 ], [ 120.417389171972786, -2.604438150799979, 0.0 ], [ 120.417482894819841, -2.604389023534566, 0.0 ], [ 120.417656349760819, -2.604298105672967, 0.0 ], [ 120.417814571984991, -2.604215171093244, 0.0 ], [ 120.418100948500069, -2.604065062552536, 0.0 ], [ 120.418138969138226, -2.604045133575994, 0.0 ], [ 120.418132920298149, -2.604012313717249, 0.0 ], [ 120.418121624813239, -2.603951031215047, 0.0 ], [ 120.418139178680235, -2.603941831150564, 0.0 ], [ 120.418114231486697, -2.603806484981249, 0.0 ], [ 120.418276373855633, -2.603723562092682, 0.0 ], [ 120.418417970313158, -2.603651145983576, 0.0 ], [ 120.418461460628009, -2.603646824741134, 0.0 ], [ 120.418503483249197, -2.603556238729368, 0.0 ], [ 120.41889495543785, -2.603401578719854, 0.0 ], [ 120.418934846665934, -2.603428130303939, 0.0 ], [ 120.418935770269627, -2.603428881237846, 0.0 ], [ 120.418958961986618, -2.603445752519406, 0.0 ], [ 120.419003036860772, -2.603473938171646, 0.0 ], [ 120.419019907242955, -2.603483875680297, 0.0 ], [ 120.419040946882205, -2.603495257500072, 0.0 ], [ 120.419059048436452, -2.603504191365289, 0.0 ], [ 120.419084624256016, -2.603515637936312, 0.0 ], [ 120.419117365873831, -2.603550679120474, 0.0 ], [ 120.419130831422763, -2.603564109595936, 0.0 ], [ 120.419135681466628, -2.60356851807262, 0.0 ], [ 120.419181797801798, -2.603609913866364, 0.0 ], [ 120.419266614662547, -2.603695505043504, 0.0 ], [ 120.419237147476451, -2.603705447948016, 0.0 ], [ 120.419220740245009, -2.603711114576242, 0.0 ], [ 120.419200512693578, -2.603719029509534, 0.0 ], [ 120.419182444414332, -2.603727774517154, 0.0 ], [ 120.419168897926397, -2.603734964596867, 0.0 ], [ 120.419147762958914, -2.603747454381448, 0.0 ], [ 120.419136464776102, -2.603755262295465, 0.0 ], [ 120.419119484676571, -2.603767647758673, 0.0 ], [ 120.419098203119688, -2.603784893158263, 0.0 ], [ 120.419081565661827, -2.603799849783172, 0.0 ], [ 120.419061194218784, -2.603820482029562, 0.0 ], [ 120.419048811453536, -2.603834452997546, 0.0 ], [ 120.419037650866926, -2.603847895164165, 0.0 ], [ 120.419025137700032, -2.603865385179347, 0.0 ], [ 120.419016222720529, -2.603878953251069, 0.0 ], [ 120.419004304904774, -2.603898902012645, 0.0 ], [ 120.418991106454428, -2.603927046296121, 0.0 ], [ 120.418985904775695, -2.603940020815287, 0.0 ], [ 120.418981132972931, -2.603952849644259, 0.0 ], [ 120.41897075389727, -2.603992576296321, 0.0 ], [ 120.418967739369691, -2.604009207458887, 0.0 ], [ 120.418963669038135, -2.604053067395114, 0.0 ], [ 120.418963467590061, -2.604071014265855, 0.0 ] ] ] ] } },
{ "type": "Feature", "properties": { "OBJECTID": 5967, "WADMPR": "Sulawesi Selatan", "WADMKK": "Kab. Luwu Utara", "WADMKC": "Kec. Sukamaju", "WADMKD": "Desa Minanga Tallu", "POKTAN": "Gapoktan Tunas Harapan", "K_POKTAN": "IB. Sumardiase", "P_SID": "Universitas Negeri Makassar", "NO_HP_1": "0878-7406-3849", "NAMA_PEMIL": "Pemerintah Desa", "N_PETAK": "MTB002", "LUAS_HA": 0.34982684668000003, "PAKET": "Paket Sulawesi Selatan 18" }, "geometry": { "type": "MultiPolygon", "coordinates": [ [ [ [ 120.418381286067529, -2.606157834416479, 0.0 ], [ 120.418198267735875, -2.606251733530655, 0.0 ], [ 120.417771408124054, -2.605308311429383, 0.0 ], [ 120.418030177250898, -2.605162489057591, 0.0 ], [ 120.4181955023206, -2.605507159627678, 0.0 ], [ 120.41826185430125, -2.605717055097955, 0.0 ], [ 120.418319358751432, -2.605931368038171, 0.0 ], [ 120.418381286067529, -2.606157834416479, 0.0 ] ] ] ] } },
{ "type": "Feature", "properties": { "OBJECTID": 5968, "WADMPR": "Sulawesi Selatan", "WADMKK": "Kab. Luwu Utara", "WADMKC": "Kec. Sukamaju", "WADMKD": "Desa Minanga Tallu", "POKTAN": "Gapoktan Tunas Harapan", "K_POKTAN": "IB. Sumardiase", "P_SID": "Universitas Negeri Makassar", "NO_HP_1": "0878-7406-3849", "NAMA_PEMIL": "Pemerintah Desa", "N_PETAK": "MTB003", "LUAS_HA": 0.59377642780999995, "PAKET": "Paket Sulawesi Selatan 18" }, "geometry": { "type": "MultiPolygon", "coordinates": [ [ [ [ 120.419276426266151, -2.606312569969077, 0.0 ], [ 120.418410591375732, -2.606748853576676, 0.0 ], [ 120.418198267735875, -2.606251733530655, 0.0 ], [ 120.418381286067529, -2.606157834416479, 0.0 ], [ 120.418935871893041, -2.605983841680882, 0.0 ], [ 120.41895830548151, -2.605999189510953, 0.0 ], [ 120.41899380172265, -2.606022871358391, 0.0 ], [ 120.41903256430146, -2.606040634767453, 0.0 ], [ 120.419046159352888, -2.606045600823791, 0.0 ], [ 120.41908383465136, -2.606056324339875, 0.0 ], [ 120.419122656585387, -2.606061445978924, 0.0 ], [ 120.419139847126303, -2.606062446924341, 0.0 ], [ 120.419177125823808, -2.60606201794775, 0.0 ], [ 120.419199235656265, -2.60605929300192, 0.0 ], [ 120.419241831145655, -2.606053075988598, 0.0 ], [ 120.419282407657079, -2.60606346315825, 0.0 ], [ 120.419301432814905, -2.606071451835987, 0.0 ], [ 120.41933066168076, -2.606090446416943, 0.0 ], [ 120.41937348559793, -2.60610991314195, 0.0 ], [ 120.419353701412206, -2.606132121000542, 0.0 ], [ 120.419342082171397, -2.606146077579353, 0.0 ], [ 120.419327098566782, -2.606167398706418, 0.0 ], [ 120.419321350999667, -2.606176473765231, 0.0 ], [ 120.419311904520782, -2.606192590515604, 0.0 ], [ 120.419296216747057, -2.606227179340806, 0.0 ], [ 120.419293036744307, -2.606235734591451, 0.0 ], [ 120.419282975129249, -2.606269261317323, 0.0 ], [ 120.419277294111907, -2.606303813270301, 0.0 ], [ 120.419276426266151, -2.606312569969077, 0.0 ] ] ] ] } },
{ "type": "Feature", "properties": { "OBJECTID": 5969, "WADMPR": "Sulawesi Selatan", "WADMKK": "Kab. Luwu Utara", "WADMKC": "Kec. Sukamaju", "WADMKD": "Desa Minanga Tallu", "POKTAN": "Gapoktan Tunas Harapan", "K_POKTAN": "IB. Sumardiase", "P_SID": "Universitas Negeri Makassar", "NO_HP_1": "0878-7406-3849", "NAMA_PEMIL": "Pemerintah Desa", "N_PETAK": "MTB004", "LUAS_HA": 0.30669216905000002, "PAKET": "Paket Sulawesi Selatan 18" }, "geometry": { "type": "MultiPolygon", "coordinates": [ [ [ [ 120.419629241995949, -2.609075369132938, 0.0 ], [ 120.419381530932924, -2.609230029142509, 0.0 ], [ 120.418930342861131, -2.608306493749637, 0.0 ], [ 120.419098432446731, -2.608204860465889, 0.0 ], [ 120.419629241995949, -2.609075369132938, 0.0 ] ] ] ] } },
{ "type": "Feature", "properties": { "OBJECTID": 5970, "WADMPR": "Sulawesi Selatan", "WADMKK": "Kab. Luwu Utara", "WADMKC": "Kec. Sukamaju", "WADMKD": "Desa Minanga Tallu", "POKTAN": "Gapoktan Tunas Harapan", "K_POKTAN": "IB. Sumardiase", "P_SID": "Universitas Negeri Makassar", "NO_HP_1": "0878-7406-3849", "NAMA_PEMIL": "Pemerintah Desa", "N_PETAK": "MTB005", "LUAS_HA": 1.4550612330699999, "PAKET": "Paket Sulawesi Selatan 18" }, "geometry": { "type": "MultiPolygon", "coordinates": [ [ [ [ 120.419539897048708, -2.607969122077293, 0.0 ], [ 120.419244405005315, -2.608131948830305, 0.0 ], [ 120.41899669394229, -2.607641458586386, 0.0 ], [ 120.41894361325717, -2.607460285663592, 0.0 ], [ 120.418633973978785, -2.607495636214594, 0.0 ], [ 120.41861627981757, -2.607150967443147, 0.0 ], [ 120.418410591375732, -2.606748853576676, 0.0 ], [ 120.419276426266151, -2.606312569969077, 0.0 ], [ 120.419275100665459, -2.606338882333489, 0.0 ], [ 120.419276879524432, -2.606370534872212, 0.0 ], [ 120.419278057636348, -2.606380803331376, 0.0 ], [ 120.419279865273666, -2.60639378594442, 0.0 ], [ 120.419286432123158, -2.606423415008521, 0.0 ], [ 120.419299313112901, -2.606514826597902, 0.0 ], [ 120.419300859047439, -2.606528556547573, 0.0 ], [ 120.419305272020779, -2.606560456399905, 0.0 ], [ 120.419306286456049, -2.606567171637607, 0.0 ], [ 120.419311256109609, -2.606590856183004, 0.0 ], [ 120.419319508288709, -2.606623011442764, 0.0 ], [ 120.419325381761041, -2.606642757856946, 0.0 ], [ 120.419335215847582, -2.606667658285744, 0.0 ], [ 120.419347273957555, -2.60669427552034, 0.0 ], [ 120.419355242850202, -2.606710421049058, 0.0 ], [ 120.419375565729865, -2.606742696817946, 0.0 ], [ 120.419607124968934, -2.606801880302498, 0.0 ], [ 120.419536351021861, -2.60708247597546, 0.0 ], [ 120.419514233994732, -2.607164223450127, 0.0 ], [ 120.419560919600826, -2.607241251282687, 0.0 ], [ 120.419539788230736, -2.607283535606655, 0.0 ], [ 120.419539102947283, -2.607284907972087, 0.0 ], [ 120.419537058788251, -2.607289657291801, 0.0 ], [ 120.419535041608924, -2.607297116268853, 0.0 ], [ 120.419530774325835, -2.607320718975927, 0.0 ], [ 120.419530138505138, -2.607324242519724, 0.0 ], [ 120.419529439731946, -2.607331165500852, 0.0 ], [ 120.419528228345143, -2.607381818016449, 0.0 ], [ 120.419528214855291, -2.607382811767309, 0.0 ], [ 120.419527983729495, -2.607496397940338, 0.0 ], [ 120.419527852428473, -2.607560820875108, 0.0 ], [ 120.419524683217674, -2.60761288172904, 0.0 ], [ 120.419508824572631, -2.607753658904187, 0.0 ], [ 120.419508560171948, -2.607757366808983, 0.0 ], [ 120.419507302919783, -2.60779879767631, 0.0 ], [ 120.419507282235372, -2.607800084606197, 0.0 ], [ 120.419507360476359, -2.607802840128898, 0.0 ], [ 120.419509533238397, -2.607839873311434, 0.0 ], [ 120.419510158267258, -2.607845168519646, 0.0 ], [ 120.419517086644305, -2.607883138795785, 0.0 ], [ 120.419517886141648, -2.607886701010386, 0.0 ], [ 120.419539897048708, -2.607969122077293, 0.0 ] ] ] ] } },
{ "type": "Feature", "properties": { "OBJECTID": 5971, "WADMPR": "Sulawesi Selatan", "WADMKK": "Kab. Luwu Utara", "WADMKC": "Kec. Sukamaju", "WADMKD": "Desa Minanga Tallu", "POKTAN": "Gapoktan Tunas Harapan", "K_POKTAN": "IB. Sumardiase", "P_SID": "Universitas Negeri Makassar", "NO_HP_1": "0878-7406-3849", "NAMA_PEMIL": "Pemerintah Desa", "N_PETAK": "MTB006", "LUAS_HA": 0.79013472301999998, "PAKET": "Paket Sulawesi Selatan 18" }, "geometry": { "type": "MultiPolygon", "coordinates": [ [ [ [ 120.419539897048708, -2.607969122077293, 0.0 ], [ 120.419544211995799, -2.608015013581962, 0.0 ], [ 120.419532145792004, -2.608109757159525, 0.0 ], [ 120.419531697030266, -2.608114889590411, 0.0 ], [ 120.419531085491258, -2.608134853640536, 0.0 ], [ 120.419531063907584, -2.608136152261579, 0.0 ], [ 120.419531228483493, -2.608140105681287, 0.0 ], [ 120.419532751035717, -2.608157966217107, 0.0 ], [ 120.419533253756754, -2.608161860281598, 0.0 ], [ 120.41953393993947, -2.608165110431457, 0.0 ], [ 120.419542455619876, -2.608199216320713, 0.0 ], [ 120.419543825287406, -2.608203701239745, 0.0 ], [ 120.419569875049774, -2.608274868190563, 0.0 ], [ 120.419579195623442, -2.608314262992792, 0.0 ], [ 120.419580653424532, -2.608319170593177, 0.0 ], [ 120.419581764087184, -2.608321964786796, 0.0 ], [ 120.419589535129035, -2.60833976866536, 0.0 ], [ 120.419591719582286, -2.608344118686091, 0.0 ], [ 120.419596199105399, -2.608350580315005, 0.0 ], [ 120.41959784846199, -2.608352458099432, 0.0 ], [ 120.41961063592214, -2.608366218626031, 0.0 ], [ 120.41961451379882, -2.608369922034228, 0.0 ], [ 120.419620220896491, -2.608374038231204, 0.0 ], [ 120.419639613877166, -2.608385823846618, 0.0 ], [ 120.419646259867022, -2.608389073996534, 0.0 ], [ 120.419670289752162, -2.608398443133581, 0.0 ], [ 120.419673445473222, -2.608399509729566, 0.0 ], [ 120.419718940376811, -2.608412986969711, 0.0 ], [ 120.419720329829374, -2.608413374577538, 0.0 ], [ 120.419742551177819, -2.608419185097262, 0.0 ], [ 120.419750581224434, -2.608421282316272, 0.0 ], [ 120.419754237867892, -2.608422076417639, 0.0 ], [ 120.419870318760218, -2.608633487245584, 0.0 ], [ 120.419764156490714, -2.608819078537579, 0.0 ], [ 120.419722133869413, -2.608967108745048, 0.0 ], [ 120.419629241995949, -2.609075369132938, 0.0 ], [ 120.419098432446731, -2.608204860465889, 0.0 ], [ 120.418930342861131, -2.608306493749637, 0.0 ], [ 120.418658302438757, -2.607703322050611, 0.0 ], [ 120.418633973978785, -2.607495636214594, 0.0 ], [ 120.41894361325717, -2.607460285663592, 0.0 ], [ 120.41899669394229, -2.607641458586386, 0.0 ], [ 120.419244405005315, -2.608131948830305, 0.0 ], [ 120.419539897048708, -2.607969122077293, 0.0 ] ] ] ] } },
{ "type": "Feature", "properties": { "OBJECTID": 5972, "WADMPR": "Sulawesi Selatan", "WADMKK": "Kab. Luwu Utara", "WADMKC": "Kec. Sukamaju", "WADMKD": "Desa Minanga Tallu", "POKTAN": "Gapoktan Tunas Harapan", "K_POKTAN": "IB. Sumardiase", "P_SID": "Universitas Negeri Makassar", "NO_HP_1": "0878-7406-3849", "NAMA_PEMIL": "Pemerintah Desa", "N_PETAK": "MTB007", "LUAS_HA": 0.30672984252000002, "PAKET": "Paket Sulawesi Selatan 18" }, "geometry": { "type": "MultiPolygon", "coordinates": [ [ [ [ 120.417258933053404, -2.606379246604888, 0.0 ], [ 120.417228608813275, -2.606554900388289, 0.0 ], [ 120.417143037421283, -2.606540798119283, 0.0 ], [ 120.41698929741824, -2.606529184274393, 0.0 ], [ 120.417015646654818, -2.606184817675171, 0.0 ], [ 120.417049927911876, -2.60616824766646, 0.0 ], [ 120.417072044939005, -2.605897592200051, 0.0 ], [ 120.417555302835012, -2.605720839445155, 0.0 ], [ 120.417365096222284, -2.606246681139396, 0.0 ], [ 120.417258933053404, -2.606379246604888, 0.0 ] ] ] ] } },
{ "type": "Feature", "properties": { "OBJECTID": 5973, "WADMPR": "Sulawesi Selatan", "WADMKK": "Kab. Luwu Utara", "WADMKC": "Kec. Sukamaju", "WADMKD": "Desa Minanga Tallu", "POKTAN": "Gapoktan Tunas Harapan", "K_POKTAN": "IB. Sumardiase", "P_SID": "Universitas Negeri Makassar", "NO_HP_1": "0878-7406-3849", "NAMA_PEMIL": "Pemerintah Desa", "N_PETAK": "MTB008", "LUAS_HA": 0.3679728997, "PAKET": "Paket Sulawesi Selatan 18" }, "geometry": { "type": "MultiPolygon", "coordinates": [ [ [ [ 120.418048514427483, -2.606208016586663, 0.0 ], [ 120.417258933053404, -2.606379246604888, 0.0 ], [ 120.417365096222284, -2.606246681139396, 0.0 ], [ 120.417555302835012, -2.605720839445155, 0.0 ], [ 120.417789744401261, -2.605628042899809, 0.0 ], [ 120.418048514427483, -2.606208016586663, 0.0 ] ] ] ] } },
{ "type": "Feature", "properties": { "OBJECTID": 5974, "WADMPR": "Sulawesi Selatan", "WADMKK": "Kab. Luwu Utara", "WADMKC": "Kec. Sukamaju", "WADMKD": "Desa Minanga Tallu", "POKTAN": "Gapoktan Tunas Harapan", "K_POKTAN": "IB. Sumardiase", "P_SID": "Universitas Negeri Makassar", "NO_HP_1": "0878-7406-3849", "NAMA_PEMIL": "Pemerintah Desa", "N_PETAK": "MTB009", "LUAS_HA": 0.51278996467000004, "PAKET": "Paket Sulawesi Selatan 18" }, "geometry": { "type": "MultiPolygon", "coordinates": [ [ [ [ 120.418302860688527, -2.606725020643125, 0.0 ], [ 120.417838402220582, -2.606959219392422, 0.0 ], [ 120.417712334356793, -2.606559314260892, 0.0 ], [ 120.417257405105261, -2.606659958290379, 0.0 ], [ 120.417228608813275, -2.606554900388289, 0.0 ], [ 120.417258933053404, -2.606379246604888, 0.0 ], [ 120.418048514427483, -2.606208016586663, 0.0 ], [ 120.418302860688527, -2.606725020643125, 0.0 ] ] ] ] } },
{ "type": "Feature", "properties": { "OBJECTID": 5975, "WADMPR": "Sulawesi Selatan", "WADMKK": "Kab. Luwu Utara", "WADMKC": "Kec. Sukamaju", "WADMKD": "Desa Minanga Tallu", "POKTAN": "Gapoktan Tunas Harapan", "K_POKTAN": "IB. Sumardiase", "P_SID": "Universitas Negeri Makassar", "NO_HP_1": "0878-7406-3849", "NAMA_PEMIL": "Pemerintah Desa", "N_PETAK": "MTB010", "LUAS_HA": 0.33855610686999998, "PAKET": "Paket Sulawesi Selatan 18" }, "geometry": { "type": "MultiPolygon", "coordinates": [ [ [ [ 120.417838402220582, -2.606959219392422, 0.0 ], [ 120.417743298014898, -2.607029921393689, 0.0 ], [ 120.417687126359851, -2.607171933338009, 0.0 ], [ 120.417215732320301, -2.607079578359787, 0.0 ], [ 120.417219152442044, -2.607002709707217, 0.0 ], [ 120.417220306272156, -2.606999362430599, 0.0 ], [ 120.417253192680732, -2.606860683373782, 0.0 ], [ 120.417256925766537, -2.606768608084735, 0.0 ], [ 120.417257648821533, -2.606750758340752, 0.0 ], [ 120.417257405105261, -2.606659958290379, 0.0 ], [ 120.417712334356793, -2.606559314260892, 0.0 ], [ 120.417838402220582, -2.606959219392422, 0.0 ] ] ] ] } },
{ "type": "Feature", "properties": { "OBJECTID": 5976, "WADMPR": "Sulawesi Selatan", "WADMKK": "Kab. Luwu Utara", "WADMKC": "Kec. Sukamaju", "WADMKD": "Desa Minanga Tallu", "POKTAN": "Gapoktan Tunas Harapan", "K_POKTAN": "IB. Sumardiase", "P_SID": "Universitas Negeri Makassar", "NO_HP_1": "0878-7406-3849", "NAMA_PEMIL": "Pemerintah Desa", "N_PETAK": "MTB011", "LUAS_HA": 0.18327373438, "PAKET": "Paket Sulawesi Selatan 18" }, "geometry": { "type": "MultiPolygon", "coordinates": [ [ [ [ 120.418075054320411, -2.607531458010328, 0.0 ], [ 120.418413513273094, -2.607529429139788, 0.0 ], [ 120.418399902933288, -2.607655751511686, 0.0 ], [ 120.418399766236234, -2.607655790182548, 0.0 ], [ 120.418385859120121, -2.60778485818463, 0.0 ], [ 120.418386075856802, -2.607864941913476, 0.0 ], [ 120.418325600046501, -2.607966938523361, 0.0 ], [ 120.418147414671466, -2.607971010653557, 0.0 ], [ 120.418088308528695, -2.608057599178835, 0.0 ], [ 120.418041879229349, -2.608032997324926, 0.0 ], [ 120.418075054320411, -2.607531458010328, 0.0 ] ] ] ] } },
{ "type": "Feature", "properties": { "OBJECTID": 5977, "WADMPR": "Sulawesi Selatan", "WADMKK": "Kab. Luwu Utara", "WADMKC": "Kec. Sukamaju", "WADMKD": "Desa Minanga Tallu", "POKTAN": "Gapoktan Tunas Harapan", "K_POKTAN": "IB. Sumardiase", "P_SID": "Universitas Negeri Makassar", "NO_HP_1": "0878-7406-3849", "NAMA_PEMIL": "Pemerintah Desa", "N_PETAK": "MTB012", "LUAS_HA": 0.61283018016000002, "PAKET": "Paket Sulawesi Selatan 18" }, "geometry": { "type": "MultiPolygon", "coordinates": [ [ [ [ 120.418413513273094, -2.607529429139788, 0.0 ], [ 120.418075054320411, -2.607531458010328, 0.0 ], [ 120.418010370582238, -2.607497683071585, 0.0 ], [ 120.41771122909006, -2.607533668543908, 0.0 ], [ 120.417713440522903, -2.607180161235419, 0.0 ], [ 120.417687126359851, -2.607171933338009, 0.0 ], [ 120.417743298014898, -2.607029921393689, 0.0 ], [ 120.417838402220582, -2.606959219392422, 0.0 ], [ 120.418302860688527, -2.606725020643125, 0.0 ], [ 120.418489749702303, -2.607140392315216, 0.0 ], [ 120.418516290494495, -2.607275165616329, 0.0 ], [ 120.418509655296361, -2.607469595445423, 0.0 ], [ 120.418516290494495, -2.607502736362164, 0.0 ], [ 120.418477616948508, -2.607511332981574, 0.0 ], [ 120.418413513273094, -2.607529429139788, 0.0 ] ] ] ] } },
{ "type": "Feature", "properties": { "OBJECTID": 5978, "WADMPR": "Sulawesi Selatan", "WADMKK": "Kab. Luwu Utara", "WADMKC": "Kec. Sukamaju", "WADMKD": "Desa Minanga Tallu", "POKTAN": "Gapoktan Tunas Harapan", "K_POKTAN": "IB. Sumardiase", "P_SID": "Universitas Negeri Makassar", "NO_HP_1": "0878-7406-3849", "NAMA_PEMIL": "Pemerintah Desa", "N_PETAK": "MTB013", "LUAS_HA": 0.45066236526999998, "PAKET": "Paket Sulawesi Selatan 18" }, "geometry": { "type": "MultiPolygon", "coordinates": [ [ [ [ 120.418287371664974, -2.609973420436972, 0.0 ], [ 120.418817585862939, -2.609738688389712, 0.0 ], [ 120.419335646622812, -2.609511039402889, 0.0 ], [ 120.419454147590955, -2.609804453112986, 0.0 ], [ 120.418372449329127, -2.610277965056014, 0.0 ], [ 120.418287371664974, -2.609973420436972, 0.0 ] ] ] ] } },
{ "type": "Feature", "properties": { "OBJECTID": 5979, "WADMPR": "Sulawesi Selatan", "WADMKK": "Kab. Luwu Utara", "WADMKC": "Kec. Sukamaju", "WADMKD": "Desa Minanga Tallu", "POKTAN": "Gapoktan Tunas Harapan", "K_POKTAN": "IB. Sumardiase", "P_SID": "Universitas Negeri Makassar", "NO_HP_1": "0878-7406-3849", "NAMA_PEMIL": "Pemerintah Desa", "N_PETAK": "MTB014", "LUAS_HA": 0.56058632588000001, "PAKET": "Paket Sulawesi Selatan 18" }, "geometry": { "type": "MultiPolygon", "coordinates": [ [ [ [ 120.419335646622812, -2.609511039402889, 0.0 ], [ 120.418817585862939, -2.609738688389712, 0.0 ], [ 120.418287371664974, -2.609973420436972, 0.0 ], [ 120.418224576503121, -2.609890453481569, 0.0 ], [ 120.418201281364077, -2.609779158781123, 0.0 ], [ 120.418183050307562, -2.609609181518465, 0.0 ], [ 120.418278512443408, -2.609609082593067, 0.0 ], [ 120.418561299764178, -2.609391461047039, 0.0 ], [ 120.418801407958654, -2.609206685440142, 0.0 ], [ 120.419241453430345, -2.609267200820625, 0.0 ], [ 120.419335646622812, -2.609511039402889, 0.0 ] ] ] ] } },
{ "type": "Feature", "properties": { "OBJECTID": 5980, "WADMPR": "Sulawesi Selatan", "WADMKK": "Kab. Luwu Utara", "WADMKC": "Kec. Sukamaju", "WADMKD": "Desa Minanga Tallu", "POKTAN": "Gapoktan Tunas Harapan", "K_POKTAN": "IB. Sumardiase", "P_SID": "Universitas Negeri Makassar", "NO_HP_1": "0878-7406-3849", "NAMA_PEMIL": "Pemerintah Desa", "N_PETAK": "MTB015", "LUAS_HA": 0.74149692500999997, "PAKET": "Paket Sulawesi Selatan 18" }, "geometry": { "type": "MultiPolygon", "coordinates": [ [ [ [ 120.419367550971742, -2.611681295955009, 0.0 ], [ 120.419241644086696, -2.610818505269776, 0.0 ], [ 120.4195762701288, -2.610898887573569, 0.0 ], [ 120.419712798007254, -2.61090842578318, 0.0 ], [ 120.419856732702101, -2.610850982486795, 0.0 ], [ 120.419932707428529, -2.610840131267025, 0.0 ], [ 120.420143502220867, -2.611710889945584, 0.0 ], [ 120.419367550971742, -2.611681295955009, 0.0 ] ] ] ] } },
{ "type": "Feature", "properties": { "OBJECTID": 5981, "WADMPR": "Sulawesi Selatan", "WADMKK": "Kab. Luwu Utara", "WADMKC": "Kec. Sukamaju", "WADMKD": "Desa Minanga Tallu", "POKTAN": "Gapoktan Tunas Harapan", "K_POKTAN": "IB. Sumardiase", "P_SID": "Universitas Negeri Makassar", "NO_HP_1": "0878-7406-3849", "NAMA_PEMIL": "Pemerintah Desa", "N_PETAK": "MTB016", "LUAS_HA": 0.86043702891999996, "PAKET": "Paket Sulawesi Selatan 18" }, "geometry": { "type": "MultiPolygon", "coordinates": [ [ [ [ 120.419241644086696, -2.610818505269776, 0.0 ], [ 120.419367550971742, -2.611681295955009, 0.0 ], [ 120.418723773083684, -2.611626090171853, 0.0 ], [ 120.418454867698074, -2.611569177475531, 0.0 ], [ 120.418495887575205, -2.611453076798, 0.0 ], [ 120.418541464317173, -2.611179898733269, 0.0 ], [ 120.418429799995351, -2.610754194750257, 0.0 ], [ 120.4186462919929, -2.610733706395365, 0.0 ], [ 120.419241644086696, -2.610818505269776, 0.0 ] ] ] ] } },
{ "type": "Feature", "properties": { "OBJECTID": 5982, "WADMPR": "Sulawesi Selatan", "WADMKK": "Kab. Luwu Utara", "WADMKC": "Kec. Sukamaju", "WADMKD": "Desa Minanga Tallu", "POKTAN": "Gapoktan Tunas Harapan", "K_POKTAN": "IB. Sumardiase", "P_SID": "Universitas Negeri Makassar", "NO_HP_1": "0878-7406-3849", "NAMA_PEMIL": "Pemerintah Desa", "N_PETAK": "MTB017", "LUAS_HA": 0.52249514813999998, "PAKET": "Paket Sulawesi Selatan 18" }, "geometry": { "type": "MultiPolygon", "coordinates": [ [ [ [ 120.41994125368592, -2.613437038788277, 0.0 ], [ 120.419387487142899, -2.613420089265674, 0.0 ], [ 120.41901147789747, -2.613408582440059, 0.0 ], [ 120.418998944945429, -2.613392646453406, 0.0 ], [ 120.418961344290665, -2.613394923536816, 0.0 ], [ 120.418963053002585, -2.61296808101207, 0.0 ], [ 120.419900803079713, -2.612987431724548, 0.0 ], [ 120.41994125368592, -2.613437038788277, 0.0 ] ] ] ] } },
{ "type": "Feature", "properties": { "OBJECTID": 5983, "WADMPR": "Sulawesi Selatan", "WADMKK": "Kab. Luwu Utara", "WADMKC": "Kec. Sukamaju", "WADMKD": "Desa Minanga Tallu", "POKTAN": "Gapoktan Tunas Harapan", "K_POKTAN": "IB. Sumardiase", "P_SID": "Universitas Negeri Makassar", "NO_HP_1": "0878-7406-3849", "NAMA_PEMIL": "Pemerintah Desa", "N_PETAK": "MTB018", "LUAS_HA": 0.31298370674999998, "PAKET": "Paket Sulawesi Selatan 18" }, "geometry": { "type": "MultiPolygon", "coordinates": [ [ [ [ 120.41994125368592, -2.613437038788277, 0.0 ], [ 120.419969738812483, -2.613888922036097, 0.0 ], [ 120.41937495688876, -2.61385534314951, 0.0 ], [ 120.419387487142899, -2.613420089265674, 0.0 ], [ 120.41994125368592, -2.613437038788277, 0.0 ] ] ] ] } },
{ "type": "Feature", "properties": { "OBJECTID": 5984, "WADMPR": "Sulawesi Selatan", "WADMKK": "Kab. Luwu Utara", "WADMKC": "Kec. Sukamaju", "WADMKD": "Desa Minanga Tallu", "POKTAN": "Gapoktan Tunas Harapan", "K_POKTAN": "IB. Sumardiase", "P_SID": "Universitas Negeri Makassar", "NO_HP_1": "0878-7406-3849", "NAMA_PEMIL": "Pemerintah Desa", "N_PETAK": "MTB019", "LUAS_HA": 0.21402552171, "PAKET": "Paket Sulawesi Selatan 18" }, "geometry": { "type": "MultiPolygon", "coordinates": [ [ [ [ 120.419387487142899, -2.613420089265674, 0.0 ], [ 120.41937495688876, -2.61385534314951, 0.0 ], [ 120.418977296465073, -2.613840260619497, 0.0 ], [ 120.418977296465073, -2.613450222849451, 0.0 ], [ 120.419006921032633, -2.613449464720986, 0.0 ], [ 120.41901147789747, -2.613408582440059, 0.0 ], [ 120.419387487142899, -2.613420089265674, 0.0 ] ] ] ] } },
{ "type": "Feature", "properties": { "OBJECTID": 5985, "WADMPR": "Sulawesi Selatan", "WADMKK": "Kab. Luwu Utara", "WADMKC": "Kec. Sukamaju", "WADMKD": "Desa Minanga Tallu", "POKTAN": "Gapoktan Tunas Harapan", "K_POKTAN": "IB. Sumardiase", "P_SID": "Universitas Negeri Makassar", "NO_HP_1": "0878-7406-3849", "NAMA_PEMIL": "Pemerintah Desa", "N_PETAK": "MTB020", "LUAS_HA": 0.77507924130999994, "PAKET": "Paket Sulawesi Selatan 18" }, "geometry": { "type": "MultiPolygon", "coordinates": [ [ [ [ 120.420098494749823, -2.614892756995118, 0.0 ], [ 120.42012887924443, -2.613938150025547, 0.0 ], [ 120.420861152220482, -2.613953326984415, 0.0 ], [ 120.420941672120534, -2.614495130745638, 0.0 ], [ 120.420599843408127, -2.614639307358118, 0.0 ], [ 120.420554265766782, -2.614772862077871, 0.0 ], [ 120.420601362363072, -2.614829015746409, 0.0 ], [ 120.420098494749823, -2.614892756995118, 0.0 ] ] ] ] } },
{ "type": "Feature", "properties": { "OBJECTID": 5986, "WADMPR": "Sulawesi Selatan", "WADMKK": "Kab. Luwu Utara", "WADMKC": "Kec. Sukamaju", "WADMKD": "Desa Minanga Tallu", "POKTAN": "Gapoktan Tunas Harapan", "K_POKTAN": "IB. Sumardiase", "P_SID": "Universitas Negeri Makassar", "NO_HP_1": "0878-7406-3849", "NAMA_PEMIL": "Pemerintah Desa", "N_PETAK": "MTB021", "LUAS_HA": 0.44192948914000002, "PAKET": "Paket Sulawesi Selatan 18" }, "geometry": { "type": "MultiPolygon", "coordinates": [ [ [ [ 120.42012887924443, -2.613938150025547, 0.0 ], [ 120.420098494749823, -2.614892756995118, 0.0 ], [ 120.41998607050084, -2.614917798617455, 0.0 ], [ 120.419829589364099, -2.61493449273263, 0.0 ], [ 120.419773377239608, -2.614931457520697, 0.0 ], [ 120.419763502683509, -2.614649172920963, 0.0 ], [ 120.4197384349809, -2.614208292878345, 0.0 ], [ 120.419721722879217, -2.613924491122305, 0.0 ], [ 120.42012887924443, -2.613938150025547, 0.0 ] ] ] ] } },
{ "type": "Feature", "properties": { "OBJECTID": 5987, "WADMPR": "Sulawesi Selatan", "WADMKK": "Kab. Luwu Utara", "WADMKC": "Kec. Sukamaju", "WADMKD": "Desa Minanga Tallu", "POKTAN": "Gapoktan Tunas Harapan", "K_POKTAN": "IB. Sumardiase", "P_SID": "Universitas Negeri Makassar", "NO_HP_1": "0878-7406-3849", "NAMA_PEMIL": "Pemerintah Desa", "N_PETAK": "MTB022", "LUAS_HA": 0.25661414558000001, "PAKET": "Paket Sulawesi Selatan 18" }, "geometry": { "type": "MultiPolygon", "coordinates": [ [ [ [ 120.420485393885883, -2.615192494737812, 0.0 ], [ 120.420116725806338, -2.615222341437857, 0.0 ], [ 120.420116551337856, -2.615219040026602, 0.0 ], [ 120.420102546195608, -2.614953716640684, 0.0 ], [ 120.420868242475422, -2.614880868856972, 0.0 ], [ 120.420918883299919, -2.615119646054779, 0.0 ], [ 120.420485393885883, -2.615192494737812, 0.0 ] ] ] ] } },
{ "type": "Feature", "properties": { "OBJECTID": 5988, "WADMPR": "Sulawesi Selatan", "WADMKK": "Kab. Luwu Utara", "WADMKC": "Kec. Sukamaju", "WADMKD": "Desa Minanga Tallu", "POKTAN": "Gapoktan Tunas Harapan", "K_POKTAN": "IB. Sumardiase", "P_SID": "Universitas Negeri Makassar", "NO_HP_1": "0878-7406-3849", "NAMA_PEMIL": "Pemerintah Desa", "N_PETAK": "MTB023", "LUAS_HA": 0.16579227223000001, "PAKET": "Paket Sulawesi Selatan 18" }, "geometry": { "type": "MultiPolygon", "coordinates": [ [ [ [ 120.420116551337856, -2.615219040026602, 0.0 ], [ 120.420034552053039, -2.615231115223764, 0.0 ], [ 120.419619427694442, -2.615277483369141, 0.0 ], [ 120.419605248083826, -2.615078163926057, 0.0 ], [ 120.419608286892981, -2.615007340516286, 0.0 ], [ 120.420102546195608, -2.614953716640684, 0.0 ], [ 120.420116551337856, -2.615219040026602, 0.0 ] ] ] ] } },
{ "type": "Feature", "properties": { "OBJECTID": 5989, "WADMPR": "Sulawesi Selatan", "WADMKK": "Kab. Luwu Utara", "WADMKC": "Kec. Sukamaju", "WADMKD": "Desa Minanga Tallu", "POKTAN": "Gapoktan Tunas Harapan", "K_POKTAN": "IB. Sumardiase", "P_SID": "Universitas Negeri Makassar", "NO_HP_1": "0878-7406-3849", "NAMA_PEMIL": "Pemerintah Desa", "N_PETAK": "MTB024", "LUAS_HA": 0.33980966424999998, "PAKET": "Paket Sulawesi Selatan 18" }, "geometry": { "type": "MultiPolygon", "coordinates": [ [ [ [ 120.420160277275045, -2.615755039563396, 0.0 ], [ 120.419848326738929, -2.615783368207815, 0.0 ], [ 120.419834147128199, -2.615854191617586, 0.0 ], [ 120.419785531577077, -2.615874428162272, 0.0 ], [ 120.419645761642641, -2.61581979165004, 0.0 ], [ 120.419619427694442, -2.615277483369141, 0.0 ], [ 120.420034552053039, -2.615231115223764, 0.0 ], [ 120.420099507386453, -2.615223859493483, 0.0 ], [ 120.420160277275045, -2.615755039563396, 0.0 ] ] ] ] } },
{ "type": "Feature", "properties": { "OBJECTID": 5990, "WADMPR": "Sulawesi Selatan", "WADMKK": "Kab. Luwu Utara", "WADMKC": "Kec. Sukamaju", "WADMKD": "Desa Minanga Tallu", "POKTAN": "Gapoktan Tunas Harapan", "K_POKTAN": "IB. Sumardiase", "P_SID": "Universitas Negeri Makassar", "NO_HP_1": "0878-7406-3849", "NAMA_PEMIL": "Pemerintah Desa", "N_PETAK": "MTB025", "LUAS_HA": 0.24944530263, "PAKET": "Paket Sulawesi Selatan 18" }, "geometry": { "type": "MultiPolygon", "coordinates": [ [ [ [ 120.420544137601951, -2.615702426525729, 0.0 ], [ 120.420160277275045, -2.615755039563396, 0.0 ], [ 120.420099507386453, -2.615223859493483, 0.0 ], [ 120.420485393885883, -2.615192494737812, 0.0 ], [ 120.420544137601951, -2.615702426525729, 0.0 ] ] ] ] } },
{ "type": "Feature", "properties": { "OBJECTID": 5991, "WADMPR": "Sulawesi Selatan", "WADMKK": "Kab. Luwu Utara", "WADMKC": "Kec. Sukamaju", "WADMKD": "Desa Minanga Tallu", "POKTAN": "Gapoktan Tunas Harapan", "K_POKTAN": "IB. Sumardiase", "P_SID": "Universitas Negeri Makassar", "NO_HP_1": "0878-7406-3849", "NAMA_PEMIL": "Pemerintah Desa", "N_PETAK": "MTB026", "LUAS_HA": 1.0653965023700001, "PAKET": "Paket Sulawesi Selatan 18" }, "geometry": { "type": "MultiPolygon", "coordinates": [ [ [ [ 120.417072044939005, -2.605897592200051, 0.0 ], [ 120.417049927911876, -2.60616824766646, 0.0 ], [ 120.417015646654818, -2.606184817675171, 0.0 ], [ 120.416997221344786, -2.606205404955404, 0.0 ], [ 120.416240640593173, -2.606144698918683, 0.0 ], [ 120.41622544744655, -2.604862267479632, 0.0 ], [ 120.416265791033538, -2.604858474139235, 0.0 ], [ 120.416704570259753, -2.604893329163758, 0.0 ], [ 120.416790282845341, -2.604893406505482, 0.0 ], [ 120.416843240323374, -2.604893455068861, 0.0 ], [ 120.416891497944334, -2.604928304697467, 0.0 ], [ 120.416907515769253, -2.604939871777617, 0.0 ], [ 120.416948048213953, -2.605017490464775, 0.0 ], [ 120.416822568506745, -2.605200573547563, 0.0 ], [ 120.416808505807921, -2.605272296279395, 0.0 ], [ 120.416819419980357, -2.605354702957129, 0.0 ], [ 120.416825179238685, -2.605365063147076, 0.0 ], [ 120.416784074825273, -2.605420491062773, 0.0 ], [ 120.416770013925088, -2.605492211995966, 0.0 ], [ 120.41678092629877, -2.605574618673643, 0.0 ], [ 120.416834648200506, -2.605671247230248, 0.0 ], [ 120.416895771522718, -2.605742034667117, 0.0 ], [ 120.416902573095285, -2.605749910929603, 0.0 ], [ 120.416974083587206, -2.6058357386284, 0.0 ], [ 120.417017006429774, -2.605892966986801, 0.0 ], [ 120.417072044939005, -2.605897592200051, 0.0 ] ] ] ] } },
{ "type": "Feature", "properties": { "OBJECTID": 5992, "WADMPR": "Sulawesi Selatan", "WADMKK": "Kab. Luwu Utara", "WADMKC": "Kec. Sukamaju", "WADMKD": "Desa Minanga Tallu", "POKTAN": "Gapoktan Tunas Harapan", "K_POKTAN": "IB. Sumardiase", "P_SID": "Universitas Negeri Makassar", "NO_HP_1": "0878-7406-3849", "NAMA_PEMIL": "Pemerintah Desa", "N_PETAK": "MTB027", "LUAS_HA": 4.7261172784600003, "PAKET": "Paket Sulawesi Selatan 18" }, "geometry": { "type": "MultiPolygon", "coordinates": [ [ [ [ 120.419645761642641, -2.61581979165004, 0.0 ], [ 120.419785531577077, -2.615874428162272, 0.0 ], [ 120.419834147128199, -2.615854191617586, 0.0 ], [ 120.419848326738929, -2.615783368207815, 0.0 ], [ 120.420160277275045, -2.615755039563396, 0.0 ], [ 120.420544137601951, -2.615702426525729, 0.0 ], [ 120.421348322167432, -2.615641467779483, 0.0 ], [ 120.421381745471194, -2.615944998862574, 0.0 ], [ 120.421415167875807, -2.616166575626892, 0.0 ], [ 120.421377187707094, -2.616174924033487, 0.0 ], [ 120.421286033323895, -2.616168853609679, 0.0 ], [ 120.421161455636707, -2.616253842240951, 0.0 ], [ 120.421000415836602, -2.616445066886286, 0.0 ], [ 120.421052070196993, -2.616660572327476, 0.0 ], [ 120.421252610020019, -2.616748597070057, 0.0 ], [ 120.421474418809453, -2.616742526646249, 0.0 ], [ 120.42152193448976, -2.617155502524383, 0.0 ], [ 120.421493327954749, -2.617161200628857, 0.0 ], [ 120.42143282426548, -2.617173246148354, 0.0 ], [ 120.420928169699323, -2.61728627474173, 0.0 ], [ 120.420875745519311, -2.617301020925311, 0.0 ], [ 120.420626751123677, -2.617357092755583, 0.0 ], [ 120.420365373962909, -2.617423194724608, 0.0 ], [ 120.419876178742697, -2.61756130091328, 0.0 ], [ 120.419276080027089, -2.617752525558558, 0.0 ], [ 120.419266964498888, -2.617719137328265, 0.0 ], [ 120.419272209345081, -2.617629249190429, 0.0 ], [ 120.419272453960616, -2.617509686123071, 0.0 ], [ 120.419298867948442, -2.617083240199349, 0.0 ], [ 120.419303425712542, -2.616816132558426, 0.0 ], [ 120.41929127227445, -2.6165702731995, 0.0 ], [ 120.419087694541531, -2.61660062621786, 0.0 ], [ 120.418935770269627, -2.616612767964796, 0.0 ], [ 120.418786884806991, -2.616576343623308, 0.0 ], [ 120.418841343253462, -2.616279705843681, 0.0 ], [ 120.418845184257862, -2.616263500060427, 0.0 ], [ 120.418981049336026, -2.615690070740129, 0.0 ], [ 120.41905081334437, -2.615659708728515, 0.0 ], [ 120.419645761642641, -2.61581979165004, 0.0 ] ] ] ] } },
{ "type": "Feature", "properties": { "OBJECTID": 5993, "WADMPR": "Sulawesi Selatan", "WADMKK": "Kab. Luwu Utara", "WADMKC": "Kec. Sukamaju", "WADMKD": "Desa Minanga Tallu", "POKTAN": "Gapoktan Tunas Harapan", "K_POKTAN": "IB. Sumardiase", "P_SID": "Universitas Negeri Makassar", "NO_HP_1": "0878-7406-3849", "NAMA_PEMIL": "Pemerintah Desa", "N_PETAK": "MTB028", "LUAS_HA": 0.74190544503, "PAKET": "Paket Sulawesi Selatan 18" }, "geometry": { "type": "MultiPolygon", "coordinates": [ [ [ [ 120.423156355181732, -2.617433170004745, 0.0 ], [ 120.423134534930909, -2.617270543800487, 0.0 ], [ 120.423061611604112, -2.617012542694624, 0.0 ], [ 120.423862084667576, -2.616861195787521, 0.0 ], [ 120.423949070693084, -2.61696586967912, 0.0 ], [ 120.42393926988143, -2.617080526045413, 0.0 ], [ 120.423905217052152, -2.617200140374109, 0.0 ], [ 120.423862811319736, -2.617343651488284, 0.0 ], [ 120.423859405587109, -2.617358405765742, 0.0 ], [ 120.423855410798637, -2.617375709621228, 0.0 ], [ 120.423853555497203, -2.617388640073614, 0.0 ], [ 120.423838296700069, -2.617516755693657, 0.0 ], [ 120.423836382942795, -2.617548445104603, 0.0 ], [ 120.423836480069554, -2.617556304279958, 0.0 ], [ 120.423838361451317, -2.617626523345336, 0.0 ], [ 120.423839576435398, -2.617671895041894, 0.0 ], [ 120.423840655621802, -2.61768327236507, 0.0 ], [ 120.423665223970943, -2.617733512991208, 0.0 ], [ 120.423257271705779, -2.617848654991406, 0.0 ], [ 120.423250892814508, -2.617787098196004, 0.0 ], [ 120.423249292021296, -2.617771646943879, 0.0 ], [ 120.423245434829028, -2.617734424004425, 0.0 ], [ 120.423238964206917, -2.617671975980841, 0.0 ], [ 120.423223112756546, -2.617519005797419, 0.0 ], [ 120.423156355181732, -2.617433170004745, 0.0 ] ] ] ] } },
{ "type": "Feature", "properties": { "OBJECTID": 5994, "WADMPR": "Sulawesi Selatan", "WADMKK": "Kab. Luwu Utara", "WADMKC": "Kec. Sukamaju", "WADMKD": "Desa Minanga Tallu", "POKTAN": "Gapoktan Tunas Harapan", "K_POKTAN": "IB. Sumardiase", "P_SID": "Universitas Negeri Makassar", "NO_HP_1": "0878-7406-3849", "NAMA_PEMIL": "Pemerintah Desa", "N_PETAK": "MTB029", "LUAS_HA": 0.53521379509, "PAKET": "Paket Sulawesi Selatan 18" }, "geometry": { "type": "MultiPolygon", "coordinates": [ [ [ [ 120.423061611604112, -2.617012542694624, 0.0 ], [ 120.423134534930909, -2.617270543800487, 0.0 ], [ 120.423156355181732, -2.617433170004745, 0.0 ], [ 120.423136382138409, -2.61743563594581, 0.0 ], [ 120.422918836135409, -2.617462495098039, 0.0 ], [ 120.422575445300595, -2.617355755463677, 0.0 ], [ 120.422454535048814, -2.617310791160037, 0.0 ], [ 120.422390898121535, -2.617287127299051, 0.0 ], [ 120.421973836623351, -2.617015578805876, 0.0 ], [ 120.422933996007146, -2.616830424584407, 0.0 ], [ 120.423061611604112, -2.617012542694624, 0.0 ] ] ] ] } },
{ "type": "Feature", "properties": { "OBJECTID": 5995, "WADMPR": "Sulawesi Selatan", "WADMKK": "Kab. Luwu Utara", "WADMKC": "Kec. Sukamaju", "WADMKD": "Desa Minanga Tallu", "POKTAN": "Gapoktan Tunas Harapan", "K_POKTAN": "IB. Sumardiase", "P_SID": "Universitas Negeri Makassar", "NO_HP_1": "0878-7406-3849", "NAMA_PEMIL": "Pemerintah Desa", "N_PETAK": "MTB030", "LUAS_HA": 3.2492176161200002, "PAKET": "Paket Sulawesi Selatan 18" }, "geometry": { "type": "MultiPolygon", "coordinates": [ [ [ [ 120.423862084667576, -2.616861195787521, 0.0 ], [ 120.423061611604112, -2.617012542694624, 0.0 ], [ 120.422933996007146, -2.616830424584407, 0.0 ], [ 120.421973836623351, -2.617015578805876, 0.0 ], [ 120.42189767843513, -2.617014702866186, 0.0 ], [ 120.421867399161215, -2.616997051872374, 0.0 ], [ 120.42181969102603, -2.617013808040781, 0.0 ], [ 120.421709489001728, -2.617012542694624, 0.0 ], [ 120.421578834595607, -2.616247644113457, 0.0 ], [ 120.422408655235358, -2.616127812148761, 0.0 ], [ 120.423025150390458, -2.616038208196699, 0.0 ], [ 120.422894495984224, -2.615428109919264, 0.0 ], [ 120.422317185189968, -2.615510064238038, 0.0 ], [ 120.422262492020423, -2.615133684471914, 0.0 ], [ 120.422624070744291, -2.615066908910649, 0.0 ], [ 120.422833726095632, -2.615009236287165, 0.0 ], [ 120.422898383753477, -2.615000182812139, 0.0 ], [ 120.422955264973552, -2.615097261029746, 0.0 ], [ 120.423088958188941, -2.615170108813402, 0.0 ], [ 120.423243920370737, -2.615206533154947, 0.0 ], [ 120.423441421384496, -2.615233850961431, 0.0 ], [ 120.42360853790376, -2.615273308716155, 0.0 ], [ 120.423626768960276, -2.615303662633892, 0.0 ], [ 120.423760462175665, -2.615461499048877, 0.0 ], [ 120.423927577795553, -2.615595052869367, 0.0 ], [ 120.423924539885661, -2.615667899753703, 0.0 ], [ 120.423775654423025, -2.615810560109196, 0.0 ], [ 120.423605498195229, -2.616101950344671, 0.0 ], [ 120.42360853790376, -2.616362986662466, 0.0 ], [ 120.423666268983197, -2.616557245620356, 0.0 ], [ 120.423748584829355, -2.616687582565817, 0.0 ], [ 120.423772615613757, -2.61676061111325, 0.0 ], [ 120.423862084667576, -2.616861195787521, 0.0 ] ] ] ] } },
{ "type": "Feature", "properties": { "OBJECTID": 5996, "WADMPR": "Sulawesi Selatan", "WADMKK": "Kab. Luwu Utara", "WADMKC": "Kec. Sukamaju", "WADMKD": "Desa Minanga Tallu", "POKTAN": "Gapoktan Tunas Harapan", "K_POKTAN": "IB. Sumardiase", "P_SID": "Universitas Negeri Makassar", "NO_HP_1": "0878-7406-3849", "NAMA_PEMIL": "Pemerintah Desa", "N_PETAK": "MTB031", "LUAS_HA": 0.46232636154000001, "PAKET": "Paket Sulawesi Selatan 18" }, "geometry": { "type": "MultiPolygon", "coordinates": [ [ [ [ 120.422408655235358, -2.616127812148761, 0.0 ], [ 120.422317185189968, -2.615510064238038, 0.0 ], [ 120.422894495984224, -2.615428109919264, 0.0 ], [ 120.423025150390458, -2.616038208196699, 0.0 ], [ 120.422408655235358, -2.616127812148761, 0.0 ] ] ] ] } },
{ "type": "Feature", "properties": { "OBJECTID": 5997, "WADMPR": "Sulawesi Selatan", "WADMKK": "Kab. Luwu Utara", "WADMKC": "Kec. Sukamaju", "WADMKD": "Desa Minanga Tallu", "POKTAN": "Gapoktan Tunas Harapan", "K_POKTAN": "IB. Sumardiase", "P_SID": "Universitas Negeri Makassar", "NO_HP_1": "0878-7406-3849", "NAMA_PEMIL": "Pemerintah Desa", "N_PETAK": "MTB032", "LUAS_HA": 0.36842975217000001, "PAKET": "Paket Sulawesi Selatan 18" }, "geometry": { "type": "MultiPolygon", "coordinates": [ [ [ [ 120.421569159689057, -2.614582333507826, 0.0 ], [ 120.421714669096787, -2.615053143887451, 0.0 ], [ 120.421999948438952, -2.614995473062606, 0.0 ], [ 120.422040461997767, -2.6151438665961, 0.0 ], [ 120.42138009881262, -2.61529158473877, 0.0 ], [ 120.421187661881163, -2.614668333876466, 0.0 ], [ 120.421569159689057, -2.614582333507826, 0.0 ] ] ] ] } },
{ "type": "Feature", "properties": { "OBJECTID": 5998, "WADMPR": "Sulawesi Selatan", "WADMKK": "Kab. Luwu Utara", "WADMKC": "Kec. Sukamaju Selatan", "WADMKD": "Desa Banyuwangi", "POKTAN": "Gapoktan Sumber Lestari", "K_POKTAN": "Muslimin", "P_SID": "Universitas Negeri Makassar", "NO_HP_1": "0821-9352-0150", "NAMA_PEMIL": "Pemerintah Desa", "N_PETAK": "BWB001", "LUAS_HA": 1.1240047869500001, "PAKET": "Paket Sulawesi Selatan 18" }, "geometry": { "type": "MultiPolygon", "coordinates": [ [ [ [ 120.435496010532574, -2.662002679380123, 0.0 ], [ 120.435484411976063, -2.661616484413173, 0.0 ], [ 120.43547447087019, -2.661241875412145, 0.0 ], [ 120.436376382064395, -2.66114422252781, 0.0 ], [ 120.436636516362228, -2.661117188907099, 0.0 ], [ 120.436642039998219, -2.661937027072099, 0.0 ], [ 120.435496010532574, -2.662002679380123, 0.0 ] ] ] ] } },
{ "type": "Feature", "properties": { "OBJECTID": 5999, "WADMPR": "Sulawesi Selatan", "WADMKK": "Kab. Luwu Utara", "WADMKC": "Kec. Sukamaju Selatan", "WADMKD": "Desa Banyuwangi", "POKTAN": "Gapoktan Sumber Lestari", "K_POKTAN": "Muslimin", "P_SID": "Universitas Negeri Makassar", "NO_HP_1": "0821-9352-0151", "NAMA_PEMIL": "Pemerintah Desa", "N_PETAK": "BWB002", "LUAS_HA": 0.51712186383000003, "PAKET": "Paket Sulawesi Selatan 18" }, "geometry": { "type": "MultiPolygon", "coordinates": [ [ [ [ 120.435496010532574, -2.662002679380123, 0.0 ], [ 120.434548257296342, -2.662203501590284, 0.0 ], [ 120.434530583819424, -2.662029162615738, 0.0 ], [ 120.434535002188682, -2.66171358601315, 0.0 ], [ 120.435484411976063, -2.661616484413173, 0.0 ], [ 120.435496010532574, -2.662002679380123, 0.0 ] ] ] ] } },
{ "type": "Feature", "properties": { "OBJECTID": 6000, "WADMPR": "Sulawesi Selatan", "WADMKK": "Kab. Luwu Utara", "WADMKC": "Kec. Sukamaju Selatan", "WADMKD": "Desa Banyuwangi", "POKTAN": "Gapoktan Sumber Lestari", "K_POKTAN": "Muslimin", "P_SID": "Universitas Negeri Makassar", "NO_HP_1": "0821-9352-0152", "NAMA_PEMIL": "Pemerintah Desa", "N_PETAK": "BWB003", "LUAS_HA": 0.48654517926000002, "PAKET": "Paket Sulawesi Selatan 18" }, "geometry": { "type": "MultiPolygon", "coordinates": [ [ [ [ 120.43547447087019, -2.661241875412145, 0.0 ], [ 120.435484411976063, -2.661616484413173, 0.0 ], [ 120.434535002188682, -2.66171358601315, 0.0 ], [ 120.434552123481808, -2.661267805564705, 0.0 ], [ 120.435038150390369, -2.661228083409299, 0.0 ], [ 120.43547447087019, -2.661241875412145, 0.0 ] ] ] ] } },
{ "type": "Feature", "properties": { "OBJECTID": 6001, "WADMPR": "Sulawesi Selatan", "WADMKK": "Kab. Luwu Utara", "WADMKC": "Kec. Sukamaju Selatan", "WADMKD": "Desa Banyuwangi", "POKTAN": "Gapoktan Sumber Lestari", "K_POKTAN": "Muslimin", "P_SID": "Universitas Negeri Makassar", "NO_HP_1": "0821-9352-0153", "NAMA_PEMIL": "Pemerintah Desa", "N_PETAK": "BWB004", "LUAS_HA": 0.20854945069, "PAKET": "Paket Sulawesi Selatan 18" }, "geometry": { "type": "MultiPolygon", "coordinates": [ [ [ [ 120.436695061328123, -2.656633451572475, 0.0 ], [ 120.436416699571055, -2.656631244636174, 0.0 ], [ 120.436436582682177, -2.656030984941935, 0.0 ], [ 120.436719361909127, -2.656024364133032, 0.0 ], [ 120.436695061328123, -2.656633451572475, 0.0 ] ] ] ] } },
{ "type": "Feature", "properties": { "OBJECTID": 6002, "WADMPR": "Sulawesi Selatan", "WADMKK": "Kab. Luwu Utara", "WADMKC": "Kec. Sukamaju Selatan", "WADMKD": "Desa Banyuwangi", "POKTAN": "Gapoktan Sumber Lestari", "K_POKTAN": "Muslimin", "P_SID": "Universitas Negeri Makassar", "NO_HP_1": "0821-9352-0154", "NAMA_PEMIL": "Pemerintah Desa", "N_PETAK": "BWB005", "LUAS_HA": 0.66321823001000002, "PAKET": "Paket Sulawesi Selatan 18" }, "geometry": { "type": "MultiPolygon", "coordinates": [ [ [ [ 120.436436582682177, -2.656030984941935, 0.0 ], [ 120.436416699571055, -2.656631244636174, 0.0 ], [ 120.435943928669417, -2.656584902571126, 0.0 ], [ 120.43547557523766, -2.656576074825921, 0.0 ], [ 120.435491039979524, -2.656015536387827, 0.0 ], [ 120.436436582682177, -2.656030984941935, 0.0 ] ] ] ] } },
{ "type": "Feature", "properties": { "OBJECTID": 6003, "WADMPR": "Sulawesi Selatan", "WADMKK": "Kab. Luwu Utara", "WADMKC": "Kec. Sukamaju Selatan", "WADMKD": "Desa Banyuwangi", "POKTAN": "Gapoktan Sumber Lestari", "K_POKTAN": "Muslimin", "P_SID": "Universitas Negeri Makassar", "NO_HP_1": "0821-9352-0155", "NAMA_PEMIL": "Pemerintah Desa", "N_PETAK": "BWB006", "LUAS_HA": 0.64986021838999997, "PAKET": "Paket Sulawesi Selatan 18" }, "geometry": { "type": "MultiPolygon", "coordinates": [ [ [ [ 120.436416699571055, -2.656631244636174, 0.0 ], [ 120.436429955578092, -2.657191782174948, 0.0 ], [ 120.435515340560528, -2.657136611465376, 0.0 ], [ 120.43547557523766, -2.656631244636174, 0.0 ], [ 120.43547557523766, -2.656576074825921, 0.0 ], [ 120.435943928669417, -2.656584902571126, 0.0 ], [ 120.436416699571055, -2.656631244636174, 0.0 ] ] ] ] } },
{ "type": "Feature", "properties": { "OBJECTID": 6004, "WADMPR": "Sulawesi Selatan", "WADMKK": "Kab. Luwu Utara", "WADMKC": "Kec. Sukamaju Selatan", "WADMKD": "Desa Banyuwangi", "POKTAN": "Gapoktan Sumber Lestari", "K_POKTAN": "Muslimin", "P_SID": "Universitas Negeri Makassar", "NO_HP_1": "0821-9352-0156", "NAMA_PEMIL": "Pemerintah Desa", "N_PETAK": "BWB007", "LUAS_HA": 0.3301129867, "PAKET": "Paket Sulawesi Selatan 18" }, "geometry": { "type": "MultiPolygon", "coordinates": [ [ [ [ 120.436695061328123, -2.656633451572475, 0.0 ], [ 120.436690642059489, -2.657606667313814, 0.0 ], [ 120.436418909205372, -2.657655219013122, 0.0 ], [ 120.436429955578092, -2.657191782174948, 0.0 ], [ 120.436416699571055, -2.656631244636174, 0.0 ], [ 120.436695061328123, -2.656633451572475, 0.0 ] ] ] ] } },
{ "type": "Feature", "properties": { "OBJECTID": 6005, "WADMPR": "Sulawesi Selatan", "WADMKK": "Kab. Luwu Utara", "WADMKC": "Kec. Sukamaju Selatan", "WADMKD": "Desa Banyuwangi", "POKTAN": "Gapoktan Sumber Lestari", "K_POKTAN": "Muslimin", "P_SID": "Universitas Negeri Makassar", "NO_HP_1": "0821-9352-0157", "NAMA_PEMIL": "Pemerintah Desa", "N_PETAK": "BWB008", "LUAS_HA": 0.6846494115, "PAKET": "Paket Sulawesi Selatan 18" }, "geometry": { "type": "MultiPolygon", "coordinates": [ [ [ [ 120.435491039979524, -2.656015536387827, 0.0 ], [ 120.43547557523766, -2.656576074825921, 0.0 ], [ 120.43547557523766, -2.656631244636174, 0.0 ], [ 120.434629446291979, -2.656708484708759, 0.0 ], [ 120.434631655926296, -2.656059674214532, 0.0 ], [ 120.434691304360285, -2.656013330350845, 0.0 ], [ 120.435491039979524, -2.656015536387827, 0.0 ] ] ] ] } },
{ "type": "Feature", "properties": { "OBJECTID": 6006, "WADMPR": "Sulawesi Selatan", "WADMKK": "Kab. Luwu Utara", "WADMKC": "Kec. Sukamaju Selatan", "WADMKD": "Desa Banyuwangi", "POKTAN": "Gapoktan Sumber Lestari", "K_POKTAN": "Muslimin", "P_SID": "Universitas Negeri Makassar", "NO_HP_1": "0821-9352-0158", "NAMA_PEMIL": "Pemerintah Desa", "N_PETAK": "BWB009", "LUAS_HA": 0.49378337838000003, "PAKET": "Paket Sulawesi Selatan 18" }, "geometry": { "type": "MultiPolygon", "coordinates": [ [ [ [ 120.436429955578092, -2.657191782174948, 0.0 ], [ 120.436418909205372, -2.657655219013122, 0.0 ], [ 120.435533014936709, -2.6575658416902, 0.0 ], [ 120.435515340560528, -2.657136611465376, 0.0 ], [ 120.436429955578092, -2.657191782174948, 0.0 ] ] ] ] } },
{ "type": "Feature", "properties": { "OBJECTID": 6007, "WADMPR": "Sulawesi Selatan", "WADMKK": "Kab. Luwu Utara", "WADMKC": "Kec. Sukamaju Selatan", "WADMKD": "Desa Banyuwangi", "POKTAN": "Gapoktan Sumber Lestari", "K_POKTAN": "Muslimin", "P_SID": "Universitas Negeri Makassar", "NO_HP_1": "0821-9352-0159", "NAMA_PEMIL": "Pemerintah Desa", "N_PETAK": "BWB010", "LUAS_HA": 0.28935607311, "PAKET": "Paket Sulawesi Selatan 18" }, "geometry": { "type": "MultiPolygon", "coordinates": [ [ [ [ 120.436663027476811, -2.658456300018202, 0.0 ], [ 120.436368097509785, -2.658476161545593, 0.0 ], [ 120.436418909205372, -2.657655219013122, 0.0 ], [ 120.436690642059489, -2.657606667313814, 0.0 ], [ 120.436663027476811, -2.658456300018202, 0.0 ] ] ] ] } },
{ "type": "Feature", "properties": { "OBJECTID": 6008, "WADMPR": "Sulawesi Selatan", "WADMKK": "Kab. Luwu Utara", "WADMKC": "Kec. Sukamaju Selatan", "WADMKD": "Desa Banyuwangi", "POKTAN": "Gapoktan Sumber Lestari", "K_POKTAN": "Muslimin", "P_SID": "Universitas Negeri Makassar", "NO_HP_1": "0821-9352-0160", "NAMA_PEMIL": "Pemerintah Desa", "N_PETAK": "BWB011", "LUAS_HA": 0.95128735762000005, "PAKET": "Paket Sulawesi Selatan 18" }, "geometry": { "type": "MultiPolygon", "coordinates": [ [ [ [ 120.436418909205372, -2.657655219013122, 0.0 ], [ 120.436368097509785, -2.658476161545593, 0.0 ], [ 120.435533014936709, -2.658542366936615, 0.0 ], [ 120.435533014936709, -2.6575658416902, 0.0 ], [ 120.436418909205372, -2.657655219013122, 0.0 ] ] ] ] } },
{ "type": "Feature", "properties": { "OBJECTID": 6009, "WADMPR": "Sulawesi Selatan", "WADMKK": "Kab. Luwu Utara", "WADMKC": "Kec. Sukamaju Selatan", "WADMKD": "Desa Banyuwangi", "POKTAN": "Gapoktan Sumber Lestari", "K_POKTAN": "Muslimin", "P_SID": "Universitas Negeri Makassar", "NO_HP_1": "0821-9352-0161", "NAMA_PEMIL": "Pemerintah Desa", "N_PETAK": "BWB012", "LUAS_HA": 0.95137672621000002, "PAKET": "Paket Sulawesi Selatan 18" }, "geometry": { "type": "MultiPolygon", "coordinates": [ [ [ [ 120.436361469506323, -2.659389791805381, 0.0 ], [ 120.435503189820452, -2.659459306701592, 0.0 ], [ 120.435533014936709, -2.658542366936615, 0.0 ], [ 120.436368097509785, -2.658476161545593, 0.0 ], [ 120.436361469506323, -2.659389791805381, 0.0 ] ] ] ] } },
{ "type": "Feature", "properties": { "OBJECTID": 6010, "WADMPR": "Sulawesi Selatan", "WADMKK": "Kab. Luwu Utara", "WADMKC": "Kec. Sukamaju Selatan", "WADMKD": "Desa Banyuwangi", "POKTAN": "Gapoktan Sumber Lestari", "K_POKTAN": "Muslimin", "P_SID": "Universitas Negeri Makassar", "NO_HP_1": "0821-9352-0162", "NAMA_PEMIL": "Pemerintah Desa", "N_PETAK": "BWB013", "LUAS_HA": 0.32300669377000002, "PAKET": "Paket Sulawesi Selatan 18" }, "geometry": { "type": "MultiPolygon", "coordinates": [ [ [ [ 120.436361469506323, -2.659389791805381, 0.0 ], [ 120.436368097509785, -2.658476161545593, 0.0 ], [ 120.436663027476811, -2.658456300018202, 0.0 ], [ 120.436646458367477, -2.659356688660182, 0.0 ], [ 120.436361469506323, -2.659389791805381, 0.0 ] ] ] ] } },
{ "type": "Feature", "properties": { "OBJECTID": 6011, "WADMPR": "Sulawesi Selatan", "WADMKK": "Kab. Luwu Utara", "WADMKC": "Kec. Sukamaju Selatan", "WADMKD": "Desa Banyuwangi", "POKTAN": "Gapoktan Sumber Lestari", "K_POKTAN": "Muslimin", "P_SID": "Universitas Negeri Makassar", "NO_HP_1": "0821-9352-0163", "NAMA_PEMIL": "Pemerintah Desa", "N_PETAK": "BWB014", "LUAS_HA": 1.09146199587, "PAKET": "Paket Sulawesi Selatan 18" }, "geometry": { "type": "MultiPolygon", "coordinates": [ [ [ [ 120.435515340560528, -2.657136611465376, 0.0 ], [ 120.435533014936709, -2.6575658416902, 0.0 ], [ 120.435533014936709, -2.658542366936615, 0.0 ], [ 120.435291105400211, -2.658562228464007, 0.0 ], [ 120.435251340077343, -2.657284469902322, 0.0 ], [ 120.434621713921047, -2.657344054484497, 0.0 ], [ 120.434629446291979, -2.656708484708759, 0.0 ], [ 120.43547557523766, -2.656631244636174, 0.0 ], [ 120.435515340560528, -2.657136611465376, 0.0 ] ] ] ] } },
{ "type": "Feature", "properties": { "OBJECTID": 6012, "WADMPR": "Sulawesi Selatan", "WADMKK": "Kab. Luwu Utara", "WADMKC": "Kec. Sukamaju Selatan", "WADMKD": "Desa Banyuwangi", "POKTAN": "Gapoktan Sumber Lestari", "K_POKTAN": "Muslimin", "P_SID": "Universitas Negeri Makassar", "NO_HP_1": "0821-9352-0164", "NAMA_PEMIL": "Pemerintah Desa", "N_PETAK": "BWB015", "LUAS_HA": 1.9764009766199999, "PAKET": "Paket Sulawesi Selatan 18" }, "geometry": { "type": "MultiPolygon", "coordinates": [ [ [ [ 120.435533014936709, -2.658542366936615, 0.0 ], [ 120.435503189820452, -2.659459306701592, 0.0 ], [ 120.434593546255201, -2.659424548803827, 0.0 ], [ 120.434633312477445, -2.65822954765548, 0.0 ], [ 120.434621713921047, -2.657344054484497, 0.0 ], [ 120.435251340077343, -2.657284469902322, 0.0 ], [ 120.435291105400211, -2.658562228464007, 0.0 ], [ 120.435533014936709, -2.658542366936615, 0.0 ] ] ] ] } },
{ "type": "Feature", "properties": { "OBJECTID": 6013, "WADMPR": "Sulawesi Selatan", "WADMKK": "Kab. Luwu Utara", "WADMKC": "Kec. Sukamaju Selatan", "WADMKD": "Desa Banyuwangi", "POKTAN": "Gapoktan Sumber Lestari", "K_POKTAN": "Muslimin", "P_SID": "Universitas Negeri Makassar", "NO_HP_1": "0821-9352-0165", "NAMA_PEMIL": "Pemerintah Desa", "N_PETAK": "BWB016", "LUAS_HA": 0.5349184757, "PAKET": "Paket Sulawesi Selatan 18" }, "geometry": { "type": "MultiPolygon", "coordinates": [ [ [ [ 120.436636516362228, -2.661117188907099, 0.0 ], [ 120.436376382064395, -2.66114422252781, 0.0 ], [ 120.436401235728454, -2.660490448675205, 0.0 ], [ 120.436364783507997, -2.659434480017183, 0.0 ], [ 120.436641487814427, -2.659399722119417, 0.0 ], [ 120.436636516362228, -2.661117188907099, 0.0 ] ] ] ] } },
{ "type": "Feature", "properties": { "OBJECTID": 6014, "WADMPR": "Sulawesi Selatan", "WADMKK": "Kab. Luwu Utara", "WADMKC": "Kec. Sukamaju Selatan", "WADMKD": "Desa Banyuwangi", "POKTAN": "Gapoktan Sumber Lestari", "K_POKTAN": "Muslimin", "P_SID": "Universitas Negeri Makassar", "NO_HP_1": "0821-9352-0166", "NAMA_PEMIL": "Pemerintah Desa", "N_PETAK": "BWB017", "LUAS_HA": 1.9028090762100001, "PAKET": "Paket Sulawesi Selatan 18" }, "geometry": { "type": "MultiPolygon", "coordinates": [ [ [ [ 120.436376382064395, -2.66114422252781, 0.0 ], [ 120.43547447087019, -2.661241875412145, 0.0 ], [ 120.435486620711004, -2.659530477249689, 0.0 ], [ 120.436364783507997, -2.659434480017183, 0.0 ], [ 120.436401235728454, -2.660490448675205, 0.0 ], [ 120.436376382064395, -2.66114422252781, 0.0 ] ] ] ] } },
{ "type": "Feature", "properties": { "OBJECTID": 6015, "WADMPR": "Sulawesi Selatan", "WADMKK": "Kab. Luwu Utara", "WADMKC": "Kec. Sukamaju Selatan", "WADMKD": "Desa Banyuwangi", "POKTAN": "Gapoktan Sumber Lestari", "K_POKTAN": "Muslimin", "P_SID": "Universitas Negeri Makassar", "NO_HP_1": "0821-9352-0167", "NAMA_PEMIL": "Pemerintah Desa", "N_PETAK": "BWB018", "LUAS_HA": 1.9462023284600001, "PAKET": "Paket Sulawesi Selatan 18" }, "geometry": { "type": "MultiPolygon", "coordinates": [ [ [ [ 120.435486620711004, -2.659530477249689, 0.0 ], [ 120.43547447087019, -2.661241875412145, 0.0 ], [ 120.435038150390369, -2.661228083409299, 0.0 ], [ 120.434552123481808, -2.661267805564705, 0.0 ], [ 120.434592717979626, -2.659467995951218, 0.0 ], [ 120.435486620711004, -2.659530477249689, 0.0 ] ] ] ] } },
{ "type": "Feature", "properties": { "OBJECTID": 6016, "WADMPR": "Sulawesi Selatan", "WADMKK": "Kab. Luwu Utara", "WADMKC": "Kec. Sukamaju Selatan", "WADMKD": "Desa Banyuwangi", "POKTAN": "Gapoktan Sumber Lestari", "K_POKTAN": "Muslimin", "P_SID": "Universitas Negeri Makassar", "NO_HP_1": "0821-9352-0168", "NAMA_PEMIL": "Pemerintah Desa", "N_PETAK": "BWB019", "LUAS_HA": 1.06787582505, "PAKET": "Paket Sulawesi Selatan 18" }, "geometry": { "type": "MultiPolygon", "coordinates": [ [ [ [ 120.43831171411432, -2.656035030991859, 0.0 ], [ 120.438305086110859, -2.656298932549646, 0.0 ], [ 120.43829993119698, -2.656552901994758, 0.0 ], [ 120.437317568451135, -2.656656624403638, 0.0 ], [ 120.436844796650121, -2.656705910849041, 0.0 ], [ 120.436856578668198, -2.65602914582837, 0.0 ], [ 120.43831171411432, -2.656035030991859, 0.0 ] ] ] ] } },
{ "type": "Feature", "properties": { "OBJECTID": 6017, "WADMPR": "Sulawesi Selatan", "WADMKK": "Kab. Luwu Utara", "WADMKC": "Kec. Sukamaju Selatan", "WADMKD": "Desa Banyuwangi", "POKTAN": "Gapoktan Sumber Lestari", "K_POKTAN": "Muslimin", "P_SID": "Universitas Negeri Makassar", "NO_HP_1": "0821-9352-0169", "NAMA_PEMIL": "Pemerintah Desa", "N_PETAK": "BWB020", "LUAS_HA": 0.50209834927999997, "PAKET": "Paket Sulawesi Selatan 18" }, "geometry": { "type": "MultiPolygon", "coordinates": [ [ [ [ 120.437301367164423, -2.657200242097474, 0.0 ], [ 120.437310203902825, -2.657494486781104, 0.0 ], [ 120.436809448797135, -2.657570991208217, 0.0 ], [ 120.436844796650121, -2.656705910849041, 0.0 ], [ 120.437317568451135, -2.656656624403638, 0.0 ], [ 120.437301367164423, -2.657200242097474, 0.0 ] ] ] ] } },
{ "type": "Feature", "properties": { "OBJECTID": 6018, "WADMPR": "Sulawesi Selatan", "WADMKK": "Kab. Luwu Utara", "WADMKC": "Kec. Sukamaju Selatan", "WADMKD": "Desa Banyuwangi", "POKTAN": "Gapoktan Sumber Lestari", "K_POKTAN": "Muslimin", "P_SID": "Universitas Negeri Makassar", "NO_HP_1": "0821-9352-0170", "NAMA_PEMIL": "Pemerintah Desa", "N_PETAK": "BWB021", "LUAS_HA": 0.5237000315, "PAKET": "Paket Sulawesi Selatan 18" }, "geometry": { "type": "MultiPolygon", "coordinates": [ [ [ [ 120.439190981278784, -2.656677957221916, 0.0 ], [ 120.439202763296976, -2.657169345888576, 0.0 ], [ 120.438330860680708, -2.657166403306803, 0.0 ], [ 120.43833969741911, -2.656669128577391, 0.0 ], [ 120.439190981278784, -2.656677957221916, 0.0 ] ] ] ] } },
{ "type": "Feature", "properties": { "OBJECTID": 6019, "WADMPR": "Sulawesi Selatan", "WADMKK": "Kab. Luwu Utara", "WADMKC": "Kec. Sukamaju Selatan", "WADMKD": "Desa Banyuwangi", "POKTAN": "Gapoktan Sumber Lestari", "K_POKTAN": "Muslimin", "P_SID": "Universitas Negeri Makassar", "NO_HP_1": "0821-9352-0171", "NAMA_PEMIL": "Pemerintah Desa", "N_PETAK": "BWB022", "LUAS_HA": 0.43252300363000001, "PAKET": "Paket Sulawesi Selatan 18" }, "geometry": { "type": "MultiPolygon", "coordinates": [ [ [ [ 120.439190981278784, -2.656677957221916, 0.0 ], [ 120.43833969741911, -2.656669128577391, 0.0 ], [ 120.43829993119698, -2.656552901994758, 0.0 ], [ 120.438305086110859, -2.656298932549646, 0.0 ], [ 120.439190981278784, -2.656251301756129, 0.0 ], [ 120.439190981278784, -2.656677957221916, 0.0 ] ] ] ] } },
{ "type": "Feature", "properties": { "OBJECTID": 6020, "WADMPR": "Sulawesi Selatan", "WADMKK": "Kab. Luwu Utara", "WADMKC": "Kec. Sukamaju Selatan", "WADMKD": "Desa Banyuwangi", "POKTAN": "Gapoktan Sumber Lestari", "K_POKTAN": "Muslimin", "P_SID": "Universitas Negeri Makassar", "NO_HP_1": "0821-9352-0172", "NAMA_PEMIL": "Pemerintah Desa", "N_PETAK": "BWB023", "LUAS_HA": 0.2632076464, "PAKET": "Paket Sulawesi Selatan 18" }, "geometry": { "type": "MultiPolygon", "coordinates": [ [ [ [ 120.439190981278784, -2.656251301756129, 0.0 ], [ 120.438305086110859, -2.656298932549646, 0.0 ], [ 120.43831171411432, -2.656035030991859, 0.0 ], [ 120.439205709476028, -2.656033559700973, 0.0 ], [ 120.439190981278784, -2.656251301756129, 0.0 ] ] ] ] } },
{ "type": "Feature", "properties": { "OBJECTID": 6021, "WADMPR": "Sulawesi Selatan", "WADMKK": "Kab. Luwu Utara", "WADMKC": "Kec. Sukamaju Selatan", "WADMKD": "Desa Banyuwangi", "POKTAN": "Gapoktan Sumber Lestari", "K_POKTAN": "Muslimin", "P_SID": "Universitas Negeri Makassar", "NO_HP_1": "0821-9352-0173", "NAMA_PEMIL": "Pemerintah Desa", "N_PETAK": "BWB024", "LUAS_HA": 0.72903726867999996, "PAKET": "Paket Sulawesi Selatan 18" }, "geometry": { "type": "MultiPolygon", "coordinates": [ [ [ [ 120.43833969741911, -2.656669128577391, 0.0 ], [ 120.438330860680708, -2.657166403306803, 0.0 ], [ 120.437301367164423, -2.657200242097474, 0.0 ], [ 120.437317568451135, -2.656656624403638, 0.0 ], [ 120.43829993119698, -2.656552901994758, 0.0 ], [ 120.43833969741911, -2.656669128577391, 0.0 ] ] ] ] } },
{ "type": "Feature", "properties": { "OBJECTID": 6022, "WADMPR": "Sulawesi Selatan", "WADMKK": "Kab. Luwu Utara", "WADMKC": "Kec. Sukamaju Selatan", "WADMKD": "Desa Banyuwangi", "POKTAN": "Gapoktan Sumber Lestari", "K_POKTAN": "Muslimin", "P_SID": "Universitas Negeri Makassar", "NO_HP_1": "0821-9352-0174", "NAMA_PEMIL": "Pemerintah Desa", "N_PETAK": "BWB025", "LUAS_HA": 0.35592500383999998, "PAKET": "Paket Sulawesi Selatan 18" }, "geometry": { "type": "MultiPolygon", "coordinates": [ [ [ [ 120.438302140831183, -2.657445752519436, 0.0 ], [ 120.437310203902825, -2.657494486781104, 0.0 ], [ 120.437301367164423, -2.657200242097474, 0.0 ], [ 120.438330860680708, -2.657166403306803, 0.0 ], [ 120.438302140831183, -2.657445752519436, 0.0 ] ] ] ] } },
{ "type": "Feature", "properties": { "OBJECTID": 6023, "WADMPR": "Sulawesi Selatan", "WADMKK": "Kab. Luwu Utara", "WADMKC": "Kec. Sukamaju Selatan", "WADMKD": "Desa Banyuwangi", "POKTAN": "Gapoktan Sumber Lestari", "K_POKTAN": "Muslimin", "P_SID": "Universitas Negeri Makassar", "NO_HP_1": "0821-9352-0175", "NAMA_PEMIL": "Pemerintah Desa", "N_PETAK": "BWB026", "LUAS_HA": 0.28944257638999998, "PAKET": "Paket Sulawesi Selatan 18" }, "geometry": { "type": "MultiPolygon", "coordinates": [ [ [ [ 120.439202763296976, -2.657169345888576, 0.0 ], [ 120.439181407995648, -2.657428097029026, 0.0 ], [ 120.438302140831183, -2.657445752519436, 0.0 ], [ 120.438330860680708, -2.657166403306803, 0.0 ], [ 120.439202763296976, -2.657169345888576, 0.0 ] ] ] ] } },
{ "type": "Feature", "properties": { "OBJECTID": 6024, "WADMPR": "Sulawesi Selatan", "WADMKK": "Kab. Luwu Utara", "WADMKC": "Kec. Sukamaju Selatan", "WADMKD": "Desa Banyuwangi", "POKTAN": "Gapoktan Sumber Lestari", "K_POKTAN": "Muslimin", "P_SID": "Universitas Negeri Makassar", "NO_HP_1": "0821-9352-0176", "NAMA_PEMIL": "Pemerintah Desa", "N_PETAK": "BWB027", "LUAS_HA": 0.58721031596999995, "PAKET": "Paket Sulawesi Selatan 18" }, "geometry": { "type": "MultiPolygon", "coordinates": [ [ [ [ 120.437325668644803, -2.658412347451815, 0.0 ], [ 120.436773365298677, -2.658469725097689, 0.0 ], [ 120.436809448797135, -2.657570991208217, 0.0 ], [ 120.437310203902825, -2.657494486781104, 0.0 ], [ 120.437325668644803, -2.658412347451815, 0.0 ] ] ] ] } },
{ "type": "Feature", "properties": { "OBJECTID": 6025, "WADMPR": "Sulawesi Selatan", "WADMKK": "Kab. Luwu Utara", "WADMKC": "Kec. Sukamaju Selatan", "WADMKD": "Desa Banyuwangi", "POKTAN": "Gapoktan Sumber Lestari", "K_POKTAN": "Muslimin", "P_SID": "Universitas Negeri Makassar", "NO_HP_1": "0821-9352-0177", "NAMA_PEMIL": "Pemerintah Desa", "N_PETAK": "BWB028", "LUAS_HA": 1.0447264699100001, "PAKET": "Paket Sulawesi Selatan 18" }, "geometry": { "type": "MultiPolygon", "coordinates": [ [ [ [ 120.438310977569586, -2.658310832878612, 0.0 ], [ 120.437754254954939, -2.658302006032727, 0.0 ], [ 120.437325668644803, -2.658412347451815, 0.0 ], [ 120.437310203902825, -2.657494486781104, 0.0 ], [ 120.438302140831183, -2.657445752519436, 0.0 ], [ 120.438310977569586, -2.658310832878612, 0.0 ] ] ] ] } },
{ "type": "Feature", "properties": { "OBJECTID": 6026, "WADMPR": "Sulawesi Selatan", "WADMKK": "Kab. Luwu Utara", "WADMKC": "Kec. Sukamaju Selatan", "WADMKD": "Desa Banyuwangi", "POKTAN": "Gapoktan Sumber Lestari", "K_POKTAN": "Muslimin", "P_SID": "Universitas Negeri Makassar", "NO_HP_1": "0821-9352-0178", "NAMA_PEMIL": "Pemerintah Desa", "N_PETAK": "BWB029", "LUAS_HA": 0.96357747128000004, "PAKET": "Paket Sulawesi Selatan 18" }, "geometry": { "type": "MultiPolygon", "coordinates": [ [ [ [ 120.439159316149585, -2.658377038269634, 0.0 ], [ 120.438310977569586, -2.658310832878612, 0.0 ], [ 120.438302140831183, -2.657445752519436, 0.0 ], [ 120.439181407995648, -2.657428097029026, 0.0 ], [ 120.439159316149585, -2.658377038269634, 0.0 ] ] ] ] } },
{ "type": "Feature", "properties": { "OBJECTID": 6027, "WADMPR": "Sulawesi Selatan", "WADMKK": "Kab. Luwu Utara", "WADMKC": "Kec. Sukamaju Selatan", "WADMKD": "Desa Banyuwangi", "POKTAN": "Gapoktan Sumber Lestari", "K_POKTAN": "Muslimin", "P_SID": "Universitas Negeri Makassar", "NO_HP_1": "0821-9352-0179", "NAMA_PEMIL": "Pemerintah Desa", "N_PETAK": "BWB030", "LUAS_HA": 0.31483232103999997, "PAKET": "Paket Sulawesi Selatan 18" }, "geometry": { "type": "MultiPolygon", "coordinates": [ [ [ [ 120.437335609750676, -2.658612066193825, 0.0 ], [ 120.437345551755925, -2.658889024109101, 0.0 ], [ 120.436777783667821, -2.65890447086457, 0.0 ], [ 120.436773365298677, -2.658469725097689, 0.0 ], [ 120.437325668644803, -2.658412347451815, 0.0 ], [ 120.437335609750676, -2.658612066193825, 0.0 ] ] ] ] } },
{ "type": "Feature", "properties": { "OBJECTID": 6028, "WADMPR": "Sulawesi Selatan", "WADMKK": "Kab. Luwu Utara", "WADMKC": "Kec. Sukamaju Selatan", "WADMKD": "Desa Banyuwangi", "POKTAN": "Gapoktan Sumber Lestari", "K_POKTAN": "Muslimin", "P_SID": "Universitas Negeri Makassar", "NO_HP_1": "0821-9352-0180", "NAMA_PEMIL": "Pemerintah Desa", "N_PETAK": "BWB031", "LUAS_HA": 0.30469266189, "PAKET": "Paket Sulawesi Selatan 18" }, "geometry": { "type": "MultiPolygon", "coordinates": [ [ [ [ 120.438310977569586, -2.658310832878612, 0.0 ], [ 120.438275630615976, -2.658560205888762, 0.0 ], [ 120.437335609750676, -2.658612066193825, 0.0 ], [ 120.437325668644803, -2.658412347451815, 0.0 ], [ 120.437754254954939, -2.658302006032727, 0.0 ], [ 120.438310977569586, -2.658310832878612, 0.0 ] ] ] ] } },
{ "type": "Feature", "properties": { "OBJECTID": 6029, "WADMPR": "Sulawesi Selatan", "WADMKK": "Kab. Luwu Utara", "WADMKC": "Kec. Sukamaju Selatan", "WADMKD": "Desa Banyuwangi", "POKTAN": "Gapoktan Sumber Lestari", "K_POKTAN": "Muslimin", "P_SID": "Universitas Negeri Makassar", "NO_HP_1": "0821-9352-0181", "NAMA_PEMIL": "Pemerintah Desa", "N_PETAK": "BWB032", "LUAS_HA": 0.74791500581000003, "PAKET": "Paket Sulawesi Selatan 18" }, "geometry": { "type": "MultiPolygon", "coordinates": [ [ [ [ 120.438265688610727, -2.659222256202099, 0.0 ], [ 120.43796744554129, -2.659228875212364, 0.0 ], [ 120.437348865757599, -2.659273013039069, 0.0 ], [ 120.437345551755925, -2.658889024109101, 0.0 ], [ 120.437335609750676, -2.658612066193825, 0.0 ], [ 120.438275630615976, -2.658560205888762, 0.0 ], [ 120.438265688610727, -2.659222256202099, 0.0 ] ] ] ] } },
{ "type": "Feature", "properties": { "OBJECTID": 6030, "WADMPR": "Sulawesi Selatan", "WADMKK": "Kab. Luwu Utara", "WADMKC": "Kec. Sukamaju Selatan", "WADMKD": "Desa Banyuwangi", "POKTAN": "Gapoktan Sumber Lestari", "K_POKTAN": "Muslimin", "P_SID": "Universitas Negeri Makassar", "NO_HP_1": "0821-9352-0182", "NAMA_PEMIL": "Pemerintah Desa", "N_PETAK": "BWB033", "LUAS_HA": 0.98238929912999995, "PAKET": "Paket Sulawesi Selatan 18" }, "geometry": { "type": "MultiPolygon", "coordinates": [ [ [ [ 120.439159316149585, -2.658377038269634, 0.0 ], [ 120.43917809399386, -2.659255357548659, 0.0 ], [ 120.438265688610727, -2.659222256202099, 0.0 ], [ 120.438275630615976, -2.658560205888762, 0.0 ], [ 120.438310977569586, -2.658310832878612, 0.0 ], [ 120.439159316149585, -2.658377038269634, 0.0 ] ] ] ] } },
{ "type": "Feature", "properties": { "OBJECTID": 6031, "WADMPR": "Sulawesi Selatan", "WADMKK": "Kab. Luwu Utara", "WADMKC": "Kec. Sukamaju Selatan", "WADMKD": "Desa Banyuwangi", "POKTAN": "Gapoktan Sumber Lestari", "K_POKTAN": "Muslimin", "P_SID": "Universitas Negeri Makassar", "NO_HP_1": "0821-9352-0183", "NAMA_PEMIL": "Pemerintah Desa", "N_PETAK": "BWB034", "LUAS_HA": 0.28126502516000002, "PAKET": "Paket Sulawesi Selatan 18" }, "geometry": { "type": "MultiPolygon", "coordinates": [ [ [ [ 120.437348865757599, -2.659273013039069, 0.0 ], [ 120.436774468766771, -2.659321563839057, 0.0 ], [ 120.436777783667821, -2.65890447086457, 0.0 ], [ 120.437345551755925, -2.658889024109101, 0.0 ], [ 120.437348865757599, -2.659273013039069, 0.0 ] ] ] ] } },
{ "type": "Feature", "properties": { "OBJECTID": 6032, "WADMPR": "Sulawesi Selatan", "WADMKK": "Kab. Luwu Utara", "WADMKC": "Kec. Sukamaju Selatan", "WADMKD": "Desa Banyuwangi", "POKTAN": "Gapoktan Sumber Lestari", "K_POKTAN": "Muslimin", "P_SID": "Universitas Negeri Makassar", "NO_HP_1": "0821-9352-0184", "NAMA_PEMIL": "Pemerintah Desa", "N_PETAK": "BWB035", "LUAS_HA": 0.60853535278000004, "PAKET": "Paket Sulawesi Selatan 18" }, "geometry": { "type": "MultiPolygon", "coordinates": [ [ [ [ 120.437355492861798, -2.660206503926986, 0.0 ], [ 120.436767842561949, -2.660224158518076, 0.0 ], [ 120.436767842561949, -2.659394388240401, 0.0 ], [ 120.43735107449254, -2.659345838339732, 0.0 ], [ 120.437355492861798, -2.660206503926986, 0.0 ] ] ] ] } },
{ "type": "Feature", "properties": { "OBJECTID": 6033, "WADMPR": "Sulawesi Selatan", "WADMKK": "Kab. Luwu Utara", "WADMKC": "Kec. Sukamaju Selatan", "WADMKD": "Desa Banyuwangi", "POKTAN": "Gapoktan Sumber Lestari", "K_POKTAN": "Muslimin", "P_SID": "Universitas Negeri Makassar", "NO_HP_1": "0821-9352-0185", "NAMA_PEMIL": "Pemerintah Desa", "N_PETAK": "BWB036", "LUAS_HA": 0.93149007700999997, "PAKET": "Paket Sulawesi Selatan 18" }, "geometry": { "type": "MultiPolygon", "coordinates": [ [ [ [ 120.438194993804018, -2.660206503926986, 0.0 ], [ 120.437739896379185, -2.66021312473589, 0.0 ], [ 120.437355492861798, -2.660206503926986, 0.0 ], [ 120.43735107449254, -2.659345838339732, 0.0 ], [ 120.438265688610727, -2.659314942130834, 0.0 ], [ 120.438208249810941, -2.659668036650544, 0.0 ], [ 120.438194993804018, -2.660206503926986, 0.0 ] ] ] ] } },
{ "type": "Feature", "properties": { "OBJECTID": 6034, "WADMPR": "Sulawesi Selatan", "WADMKK": "Kab. Luwu Utara", "WADMKC": "Kec. Sukamaju Selatan", "WADMKD": "Desa Banyuwangi", "POKTAN": "Gapoktan Sumber Lestari", "K_POKTAN": "Muslimin", "P_SID": "Universitas Negeri Makassar", "NO_HP_1": "0821-9352-0186", "NAMA_PEMIL": "Pemerintah Desa", "N_PETAK": "BWB037", "LUAS_HA": 1.00039386878, "PAKET": "Paket Sulawesi Selatan 18" }, "geometry": { "type": "MultiPolygon", "coordinates": [ [ [ [ 120.439167047621254, -2.660180021590691, 0.0 ], [ 120.438194993804018, -2.660206503926986, 0.0 ], [ 120.438208249810941, -2.659668036650544, 0.0 ], [ 120.438265688610727, -2.659314942130834, 0.0 ], [ 120.439162629251996, -2.65935907905822, 0.0 ], [ 120.439167047621254, -2.660180021590691, 0.0 ] ] ] ] } },
{ "type": "Feature", "properties": { "OBJECTID": 6035, "WADMPR": "Sulawesi Selatan", "WADMKK": "Kab. Luwu Utara", "WADMKC": "Kec. Sukamaju Selatan", "WADMKD": "Desa Banyuwangi", "POKTAN": "Gapoktan Sumber Lestari", "K_POKTAN": "Muslimin", "P_SID": "Universitas Negeri Makassar", "NO_HP_1": "0821-9352-0187", "NAMA_PEMIL": "Pemerintah Desa", "N_PETAK": "BWB038", "LUAS_HA": 0.67496858016000005, "PAKET": "Paket Sulawesi Selatan 18" }, "geometry": { "type": "MultiPolygon", "coordinates": [ [ [ [ 120.437739896379185, -2.66021312473589, 0.0 ], [ 120.437735478009927, -2.660641248794548, 0.0 ], [ 120.438181738696358, -2.66062800897538, 0.0 ], [ 120.438194993804018, -2.661082615370333, 0.0 ], [ 120.437333401015735, -2.661091443115538, 0.0 ], [ 120.437355492861798, -2.660206503926986, 0.0 ], [ 120.437739896379185, -2.66021312473589, 0.0 ] ] ] ] } },
{ "type": "Feature", "properties": { "OBJECTID": 6036, "WADMPR": "Sulawesi Selatan", "WADMKK": "Kab. Luwu Utara", "WADMKC": "Kec. Sukamaju Selatan", "WADMKD": "Desa Banyuwangi", "POKTAN": "Gapoktan Sumber Lestari", "K_POKTAN": "Muslimin", "P_SID": "Universitas Negeri Makassar", "NO_HP_1": "0821-9352-0188", "NAMA_PEMIL": "Pemerintah Desa", "N_PETAK": "BWB039", "LUAS_HA": 0.23530825269, "PAKET": "Paket Sulawesi Selatan 18" }, "geometry": { "type": "MultiPolygon", "coordinates": [ [ [ [ 120.438181738696358, -2.66062800897538, 0.0 ], [ 120.437735478009927, -2.660641248794548, 0.0 ], [ 120.437739896379185, -2.66021312473589, 0.0 ], [ 120.438194993804018, -2.660206503926986, 0.0 ], [ 120.438181738696358, -2.66062800897538, 0.0 ] ] ] ] } },
{ "type": "Feature", "properties": { "OBJECTID": 6037, "WADMPR": "Sulawesi Selatan", "WADMKK": "Kab. Luwu Utara", "WADMKC": "Kec. Sukamaju Selatan", "WADMKD": "Desa Banyuwangi", "POKTAN": "Gapoktan Sumber Lestari", "K_POKTAN": "Muslimin", "P_SID": "Universitas Negeri Makassar", "NO_HP_1": "0821-9352-0189", "NAMA_PEMIL": "Pemerintah Desa", "N_PETAK": "BWB040", "LUAS_HA": 1.0651514734900001, "PAKET": "Paket Sulawesi Selatan 18" }, "geometry": { "type": "MultiPolygon", "coordinates": [ [ [ [ 120.43911844555987, -2.6611193958434, 0.0 ], [ 120.438194993804018, -2.661082615370333, 0.0 ], [ 120.438181738696358, -2.66062800897538, 0.0 ], [ 120.438194993804018, -2.660206503926986, 0.0 ], [ 120.439167047621254, -2.660180021590691, 0.0 ], [ 120.43911844555987, -2.6611193958434, 0.0 ] ] ] ] } },
{ "type": "Feature", "properties": { "OBJECTID": 6038, "WADMPR": "Sulawesi Selatan", "WADMKK": "Kab. Luwu Utara", "WADMKC": "Kec. Sukamaju Selatan", "WADMKD": "Desa Banyuwangi", "POKTAN": "Gapoktan Sumber Lestari", "K_POKTAN": "Muslimin", "P_SID": "Universitas Negeri Makassar", "NO_HP_1": "0821-9352-0190", "NAMA_PEMIL": "Pemerintah Desa", "N_PETAK": "BWB041", "LUAS_HA": 0.61330018467000003, "PAKET": "Paket Sulawesi Selatan 18" }, "geometry": { "type": "MultiPolygon", "coordinates": [ [ [ [ 120.437333401015735, -2.661091443115538, 0.0 ], [ 120.436773733121299, -2.66107820239705, 0.0 ], [ 120.436767842561949, -2.660224158518076, 0.0 ], [ 120.437355492861798, -2.660206503926986, 0.0 ], [ 120.437333401015735, -2.661091443115538, 0.0 ] ] ] ] } },
{ "type": "Feature", "properties": { "OBJECTID": 6039, "WADMPR": "Sulawesi Selatan", "WADMKK": "Kab. Luwu Utara", "WADMKC": "Kec. Sukamaju Selatan", "WADMKD": "Desa Banyuwangi", "POKTAN": "Gapoktan Sumber Lestari", "K_POKTAN": "Muslimin", "P_SID": "Universitas Negeri Makassar", "NO_HP_1": "0821-9352-0191", "NAMA_PEMIL": "Pemerintah Desa", "N_PETAK": "BWB042", "LUAS_HA": 1.12634431959, "PAKET": "Paket Sulawesi Selatan 18" }, "geometry": { "type": "MultiPolygon", "coordinates": [ [ [ [ 120.438470409381921, -2.662052150186526, 0.0 ], [ 120.437790953589683, -2.662001146935324, 0.0 ], [ 120.437321618098281, -2.661963877231074, 0.0 ], [ 120.437333401015735, -2.661091443115538, 0.0 ], [ 120.438194993804018, -2.661082615370333, 0.0 ], [ 120.438231814746473, -2.661596071601366, 0.0 ], [ 120.438479246120323, -2.661669633446763, 0.0 ], [ 120.438470409381921, -2.662052150186526, 0.0 ] ] ] ] } },
{ "type": "Feature", "properties": { "OBJECTID": 6040, "WADMPR": "Sulawesi Selatan", "WADMKK": "Kab. Luwu Utara", "WADMKC": "Kec. Sukamaju Selatan", "WADMKD": "Desa Banyuwangi", "POKTAN": "Gapoktan Sumber Lestari", "K_POKTAN": "Muslimin", "P_SID": "Universitas Negeri Makassar", "NO_HP_1": "0821-9352-0192", "NAMA_PEMIL": "Pemerintah Desa", "N_PETAK": "BWB043", "LUAS_HA": 0.94592251047999998, "PAKET": "Paket Sulawesi Selatan 18" }, "geometry": { "type": "MultiPolygon", "coordinates": [ [ [ [ 120.43911844555987, -2.6611193958434, 0.0 ], [ 120.439124336119335, -2.662102170478761, 0.0 ], [ 120.438689367320535, -2.662069804777616, 0.0 ], [ 120.438470409381921, -2.662052150186526, 0.0 ], [ 120.438479246120323, -2.661669633446763, 0.0 ], [ 120.438231814746473, -2.661596071601366, 0.0 ], [ 120.438194993804018, -2.661082615370333, 0.0 ], [ 120.43911844555987, -2.6611193958434, 0.0 ] ] ] ] } },
{ "type": "Feature", "properties": { "OBJECTID": 6041, "WADMPR": "Sulawesi Selatan", "WADMKK": "Kab. Luwu Utara", "WADMKC": "Kec. Sukamaju Selatan", "WADMKD": "Desa Banyuwangi", "POKTAN": "Gapoktan Sumber Lestari", "K_POKTAN": "Muslimin", "P_SID": "Universitas Negeri Makassar", "NO_HP_1": "0821-9352-0193", "NAMA_PEMIL": "Pemerintah Desa", "N_PETAK": "BWB044", "LUAS_HA": 0.59947108631000001, "PAKET": "Paket Sulawesi Selatan 18" }, "geometry": { "type": "MultiPolygon", "coordinates": [ [ [ [ 120.437333401015735, -2.661091443115538, 0.0 ], [ 120.437321618098281, -2.661963877231074, 0.0 ], [ 120.436764896382897, -2.661952106904153, 0.0 ], [ 120.436773733121299, -2.66107820239705, 0.0 ], [ 120.437333401015735, -2.661091443115538, 0.0 ] ] ] ] } },
{ "type": "Feature", "properties": { "OBJECTID": 6042, "WADMPR": "Sulawesi Selatan", "WADMKK": "Kab. Luwu Utara", "WADMKC": "Kec. Sukamaju Selatan", "WADMKD": "Desa Banyuwangi", "POKTAN": "Gapoktan Sumber Lestari", "K_POKTAN": "Muslimin", "P_SID": "Universitas Negeri Makassar", "NO_HP_1": "0821-9352-0194", "NAMA_PEMIL": "Pemerintah Desa", "N_PETAK": "BWB045", "LUAS_HA": 1.14239283105, "PAKET": "Paket Sulawesi Selatan 18" }, "geometry": { "type": "MultiPolygon", "coordinates": [ [ [ [ 120.437321618098281, -2.661963877231074, 0.0 ], [ 120.437790953589683, -2.662001146935324, 0.0 ], [ 120.437775243332908, -2.662890744612127, 0.0 ], [ 120.437321618098281, -2.662878975184526, 0.0 ], [ 120.436761951103222, -2.662873089121717, 0.0 ], [ 120.436764896382897, -2.661952106904153, 0.0 ], [ 120.437321618098281, -2.661963877231074, 0.0 ] ] ] ] } },
{ "type": "Feature", "properties": { "OBJECTID": 6043, "WADMPR": "Sulawesi Selatan", "WADMKK": "Kab. Luwu Utara", "WADMKC": "Kec. Sukamaju Selatan", "WADMKD": "Desa Banyuwangi", "POKTAN": "Gapoktan Sumber Lestari", "K_POKTAN": "Muslimin", "P_SID": "Universitas Negeri Makassar", "NO_HP_1": "0821-9352-0195", "NAMA_PEMIL": "Pemerintah Desa", "N_PETAK": "BWB046", "LUAS_HA": 1.0378472571, "PAKET": "Paket Sulawesi Selatan 18" }, "geometry": { "type": "MultiPolygon", "coordinates": [ [ [ [ 120.439124336119335, -2.662102170478761, 0.0 ], [ 120.439164593371402, -2.663894115520975, 0.0 ], [ 120.43866580238489, -2.663894115520975, 0.0 ], [ 120.438689367320535, -2.662069804777616, 0.0 ], [ 120.439124336119335, -2.662102170478761, 0.0 ] ] ] ] } },
{ "type": "Feature", "properties": { "OBJECTID": 6044, "WADMPR": "Sulawesi Selatan", "WADMKK": "Kab. Luwu Utara", "WADMKC": "Kec. Sukamaju Selatan", "WADMKD": "Desa Banyuwangi", "POKTAN": "Gapoktan Sumber Lestari", "K_POKTAN": "Muslimin", "P_SID": "Universitas Negeri Makassar", "NO_HP_1": "0821-9352-0196", "NAMA_PEMIL": "Pemerintah Desa", "N_PETAK": "BWB047", "LUAS_HA": 2.78962026587, "PAKET": "Paket Sulawesi Selatan 18" }, "geometry": { "type": "MultiPolygon", "coordinates": [ [ [ [ 120.438689367320535, -2.662069804777616, 0.0 ], [ 120.43866580238489, -2.663894115520975, 0.0 ], [ 120.43821021303097, -2.663894115520975, 0.0 ], [ 120.438178793416682, -2.664172665236265, 0.0 ], [ 120.437562176853021, -2.664094200287082, 0.0 ], [ 120.437589670027364, -2.663799957402091, 0.0 ], [ 120.437291180543639, -2.663803881144133, 0.0 ], [ 120.437321618098281, -2.662878975184526, 0.0 ], [ 120.437775243332908, -2.662890744612127, 0.0 ], [ 120.437790953589683, -2.662001146935324, 0.0 ], [ 120.438689367320535, -2.662069804777616, 0.0 ] ] ] ] } },
{ "type": "Feature", "properties": { "OBJECTID": 6045, "WADMPR": "Sulawesi Selatan", "WADMKK": "Kab. Luwu Utara", "WADMKC": "Kec. Sukamaju Selatan", "WADMKD": "Desa Banyuwangi", "POKTAN": "Gapoktan Sumber Lestari", "K_POKTAN": "Muslimin", "P_SID": "Universitas Negeri Makassar", "NO_HP_1": "0821-9352-0197", "NAMA_PEMIL": "Pemerintah Desa", "N_PETAK": "BWB048", "LUAS_HA": 1.08308959019, "PAKET": "Paket Sulawesi Selatan 18" }, "geometry": { "type": "MultiPolygon", "coordinates": [ [ [ [ 120.439054623372272, -2.664867080351428, 0.0 ], [ 120.438145409682988, -2.664818039420936, 0.0 ], [ 120.438141482343553, -2.664696418704693, 0.0 ], [ 120.438174866077247, -2.664219743846047, 0.0 ], [ 120.43821021303097, -2.663894115520975, 0.0 ], [ 120.43866580238489, -2.663894115520975, 0.0 ], [ 120.439164593371402, -2.663894115520975, 0.0 ], [ 120.439082115647125, -2.664372751801011, 0.0 ], [ 120.439054623372272, -2.664867080351428, 0.0 ] ] ] ] } },
{ "type": "Feature", "properties": { "OBJECTID": 6046, "WADMPR": "Sulawesi Selatan", "WADMKK": "Kab. Luwu Utara", "WADMKC": "Kec. Sukamaju Selatan", "WADMKD": "Desa Banyuwangi", "POKTAN": "Gapoktan Sumber Lestari", "K_POKTAN": "Muslimin", "P_SID": "Universitas Negeri Makassar", "NO_HP_1": "0821-9352-0198", "NAMA_PEMIL": "Pemerintah Desa", "N_PETAK": "BWB049", "LUAS_HA": 0.42171164494000002, "PAKET": "Paket Sulawesi Selatan 18" }, "geometry": { "type": "MultiPolygon", "coordinates": [ [ [ [ 120.438178793416682, -2.664172665236265, 0.0 ], [ 120.438174866077247, -2.664219743846047, 0.0 ], [ 120.438141482343553, -2.664696418704693, 0.0 ], [ 120.437509156422493, -2.664661110421889, 0.0 ], [ 120.437562176853021, -2.664094200287082, 0.0 ], [ 120.438178793416682, -2.664172665236265, 0.0 ] ] ] ] } },
{ "type": "Feature", "properties": { "OBJECTID": 6047, "WADMPR": "Sulawesi Selatan", "WADMKK": "Kab. Luwu Utara", "WADMKC": "Kec. Sukamaju Selatan", "WADMKD": "Desa Banyuwangi", "POKTAN": "Gapoktan Sumber Lestari", "K_POKTAN": "Muslimin", "P_SID": "Universitas Negeri Makassar", "NO_HP_1": "0821-9352-0199", "NAMA_PEMIL": "Pemerintah Desa", "N_PETAK": "BWB050", "LUAS_HA": 0.29419902786000002, "PAKET": "Paket Sulawesi Selatan 18" }, "geometry": { "type": "MultiPolygon", "coordinates": [ [ [ [ 120.437562176853021, -2.664094200287082, 0.0 ], [ 120.437509156422493, -2.664661110421889, 0.0 ], [ 120.437249941231812, -2.664659149000499, 0.0 ], [ 120.437291180543639, -2.663803881144133, 0.0 ], [ 120.437589670027364, -2.663799957402091, 0.0 ], [ 120.437562176853021, -2.664094200287082, 0.0 ] ] ] ] } },
{ "type": "Feature", "properties": { "OBJECTID": 6048, "WADMPR": "Sulawesi Selatan", "WADMKK": "Kab. Luwu Utara", "WADMKC": "Kec. Sukamaju Selatan", "WADMKD": "Desa Banyuwangi", "POKTAN": "Gapoktan Sumber Lestari", "K_POKTAN": "Muslimin", "P_SID": "Universitas Negeri Makassar", "NO_HP_1": "0821-9352-0200", "NAMA_PEMIL": "Pemerintah Desa", "N_PETAK": "BWB051", "LUAS_HA": 0.60142196423000005, "PAKET": "Paket Sulawesi Selatan 18" }, "geometry": { "type": "MultiPolygon", "coordinates": [ [ [ [ 120.437321618098281, -2.662878975184526, 0.0 ], [ 120.437291180543639, -2.663803881144133, 0.0 ], [ 120.436786498098513, -2.663786226553043, 0.0 ], [ 120.436761951103222, -2.662873089121717, 0.0 ], [ 120.437321618098281, -2.662878975184526, 0.0 ] ] ] ] } },
{ "type": "Feature", "properties": { "OBJECTID": 6049, "WADMPR": "Sulawesi Selatan", "WADMKK": "Kab. Luwu Utara", "WADMKC": "Kec. Sukamaju Selatan", "WADMKD": "Desa Banyuwangi", "POKTAN": "Gapoktan Sumber Lestari", "K_POKTAN": "Muslimin", "P_SID": "Universitas Negeri Makassar", "NO_HP_1": "0821-9352-0201", "NAMA_PEMIL": "Pemerintah Desa", "N_PETAK": "BWB052", "LUAS_HA": 0.53290081218999996, "PAKET": "Paket Sulawesi Selatan 18" }, "geometry": { "type": "MultiPolygon", "coordinates": [ [ [ [ 120.437291180543639, -2.663803881144133, 0.0 ], [ 120.437249941231812, -2.664659149000499, 0.0 ], [ 120.437244050672462, -2.664694458182623, 0.0 ], [ 120.436792388657864, -2.664700342446793, 0.0 ], [ 120.436786498098513, -2.663786226553043, 0.0 ], [ 120.437291180543639, -2.663803881144133, 0.0 ] ] ] ] } },
{ "type": "Feature", "properties": { "OBJECTID": 6050, "WADMPR": "Sulawesi Selatan", "WADMKK": "Kab. Luwu Utara", "WADMKC": "Kec. Sukamaju Selatan", "WADMKD": "Desa Banyuwangi", "POKTAN": "Gapoktan Sumber Lestari", "K_POKTAN": "Muslimin", "P_SID": "Universitas Negeri Makassar", "NO_HP_1": "0821-9352-0202", "NAMA_PEMIL": "Pemerintah Desa", "N_PETAK": "BWB053", "LUAS_HA": 0.48809902905000002, "PAKET": "Paket Sulawesi Selatan 18" }, "geometry": { "type": "MultiPolygon", "coordinates": [ [ [ [ 120.437218521617524, -2.665588956265253, 0.0 ], [ 120.43677864252038, -2.665586995743183, 0.0 ], [ 120.436792388657864, -2.664700342446793, 0.0 ], [ 120.437244050672462, -2.664694458182623, 0.0 ], [ 120.437218521617524, -2.665588956265253, 0.0 ] ] ] ] } },
{ "type": "Feature", "properties": { "OBJECTID": 6051, "WADMPR": "Sulawesi Selatan", "WADMKK": "Kab. Luwu Utara", "WADMKC": "Kec. Sukamaju Selatan", "WADMKD": "Desa Banyuwangi", "POKTAN": "Gapoktan Sumber Lestari", "K_POKTAN": "Muslimin", "P_SID": "Universitas Negeri Makassar", "NO_HP_1": "0821-9352-0203", "NAMA_PEMIL": "Pemerintah Desa", "N_PETAK": "BWB054", "LUAS_HA": 0.79555912256000005, "PAKET": "Paket Sulawesi Selatan 18" }, "geometry": { "type": "MultiPolygon", "coordinates": [ [ [ [ 120.437509156422493, -2.664661110421889, 0.0 ], [ 120.438141482343553, -2.664696418704693, 0.0 ], [ 120.438145409682988, -2.664818039420936, 0.0 ], [ 120.438163083159793, -2.665282943952661, 0.0 ], [ 120.437892085951034, -2.665288828216774, 0.0 ], [ 120.437876376593522, -2.66521036416691, 0.0 ], [ 120.437713385264601, -2.665206441324187, 0.0 ], [ 120.43772320406265, -2.665367293166014, 0.0 ], [ 120.437491482046312, -2.665363370323234, 0.0 ], [ 120.437491482046312, -2.665585032523211, 0.0 ], [ 120.437218521617524, -2.665588956265253, 0.0 ], [ 120.437244050672462, -2.664694458182623, 0.0 ], [ 120.437249941231812, -2.664659149000499, 0.0 ], [ 120.437509156422493, -2.664661110421889, 0.0 ] ] ] ] } },
{ "type": "Feature", "properties": { "OBJECTID": 6052, "WADMPR": "Sulawesi Selatan", "WADMKK": "Kab. Luwu Utara", "WADMKC": "Kec. Sukamaju Selatan", "WADMKD": "Desa Banyuwangi", "POKTAN": "Gapoktan Sumber Lestari", "K_POKTAN": "Muslimin", "P_SID": "Universitas Negeri Makassar", "NO_HP_1": "0821-9352-0204", "NAMA_PEMIL": "Pemerintah Desa", "N_PETAK": "BWB055", "LUAS_HA": 0.26420818595000001, "PAKET": "Paket Sulawesi Selatan 18" }, "geometry": { "type": "MultiPolygon", "coordinates": [ [ [ [ 120.438163083159793, -2.665282943952661, 0.0 ], [ 120.438119880628051, -2.665661536950324, 0.0 ], [ 120.437491482046312, -2.665585032523211, 0.0 ], [ 120.437491482046312, -2.665363370323234, 0.0 ], [ 120.43772320406265, -2.665367293166014, 0.0 ], [ 120.437713385264601, -2.665206441324187, 0.0 ], [ 120.437876376593522, -2.66521036416691, 0.0 ], [ 120.437892085951034, -2.665288828216774, 0.0 ], [ 120.438163083159793, -2.665282943952661, 0.0 ] ] ] ] } },
{ "type": "Feature", "properties": { "OBJECTID": 6053, "WADMPR": "Sulawesi Selatan", "WADMKK": "Kab. Luwu Utara", "WADMKC": "Kec. Sukamaju Selatan", "WADMKD": "Desa Banyuwangi", "POKTAN": "Gapoktan Sumber Lestari", "K_POKTAN": "Muslimin", "P_SID": "Universitas Negeri Makassar", "NO_HP_1": "0821-9352-0205", "NAMA_PEMIL": "Pemerintah Desa", "N_PETAK": "BWB056", "LUAS_HA": 0.94115295752999995, "PAKET": "Paket Sulawesi Selatan 18" }, "geometry": { "type": "MultiPolygon", "coordinates": [ [ [ [ 120.439054623372272, -2.664867080351428, 0.0 ], [ 120.439001602042367, -2.665756674430952, 0.0 ], [ 120.438119880628051, -2.665661536950324, 0.0 ], [ 120.438163083159793, -2.665282943952661, 0.0 ], [ 120.438145409682988, -2.664818039420936, 0.0 ], [ 120.439054623372272, -2.664867080351428, 0.0 ] ] ] ] } },
{ "type": "Feature", "properties": { "OBJECTID": 6054, "WADMPR": "Sulawesi Selatan", "WADMKK": "Kab. Luwu Utara", "WADMKC": "Kec. Sukamaju Selatan", "WADMKD": "Desa Banyuwangi", "POKTAN": "Gapoktan Sumber Lestari", "K_POKTAN": "Muslimin", "P_SID": "Universitas Negeri Makassar", "NO_HP_1": "0821-9352-0206", "NAMA_PEMIL": "Pemerintah Desa", "N_PETAK": "BWB057", "LUAS_HA": 0.50986499036, "PAKET": "Paket Sulawesi Selatan 18" }, "geometry": { "type": "MultiPolygon", "coordinates": [ [ [ [ 120.438119880628051, -2.665661536950324, 0.0 ], [ 120.438135590884826, -2.666109767151966, 0.0 ], [ 120.437216558397495, -2.666027379360003, 0.0 ], [ 120.437218521617524, -2.665588956265253, 0.0 ], [ 120.437491482046312, -2.665585032523211, 0.0 ], [ 120.438119880628051, -2.665661536950324, 0.0 ] ] ] ] } },
{ "type": "Feature", "properties": { "OBJECTID": 6055, "WADMPR": "Sulawesi Selatan", "WADMKK": "Kab. Luwu Utara", "WADMKC": "Kec. Sukamaju Selatan", "WADMKD": "Desa Banyuwangi", "POKTAN": "Gapoktan Sumber Lestari", "K_POKTAN": "Muslimin", "P_SID": "Universitas Negeri Makassar", "NO_HP_1": "0821-9352-0207", "NAMA_PEMIL": "Pemerintah Desa", "N_PETAK": "BWB058", "LUAS_HA": 0.53850687577, "PAKET": "Paket Sulawesi Selatan 18" }, "geometry": { "type": "MultiPolygon", "coordinates": [ [ [ [ 120.438135590884826, -2.666109767151966, 0.0 ], [ 120.438151301141716, -2.666574670784371, 0.0 ], [ 120.437242086553169, -2.66652366843249, 0.0 ], [ 120.437216558397495, -2.666027379360003, 0.0 ], [ 120.438135590884826, -2.666109767151966, 0.0 ] ] ] ] } },
{ "type": "Feature", "properties": { "OBJECTID": 6056, "WADMPR": "Sulawesi Selatan", "WADMKK": "Kab. Luwu Utara", "WADMKC": "Kec. Sukamaju Selatan", "WADMKD": "Desa Banyuwangi", "POKTAN": "Gapoktan Sumber Lestari", "K_POKTAN": "Muslimin", "P_SID": "Universitas Negeri Makassar", "NO_HP_1": "0821-9352-0208", "NAMA_PEMIL": "Pemerintah Desa", "N_PETAK": "BWB059", "LUAS_HA": 0.5461431348, "PAKET": "Paket Sulawesi Selatan 18" }, "geometry": { "type": "MultiPolygon", "coordinates": [ [ [ [ 120.438151301141716, -2.666574670784371, 0.0 ], [ 120.438178793416682, -2.66709842335348, 0.0 ], [ 120.437729095521377, -2.667070960756178, 0.0 ], [ 120.437595560586715, -2.666976802637294, 0.0 ], [ 120.437259760029974, -2.666980726379393, 0.0 ], [ 120.437242086553169, -2.66652366843249, 0.0 ], [ 120.438151301141716, -2.666574670784371, 0.0 ] ] ] ] } },
{ "type": "Feature", "properties": { "OBJECTID": 6057, "WADMPR": "Sulawesi Selatan", "WADMKK": "Kab. Luwu Utara", "WADMKC": "Kec. Sukamaju Selatan", "WADMKD": "Desa Banyuwangi", "POKTAN": "Gapoktan Sumber Lestari", "K_POKTAN": "Muslimin", "P_SID": "Universitas Negeri Makassar", "NO_HP_1": "0821-9352-0209", "NAMA_PEMIL": "Pemerintah Desa", "N_PETAK": "BWB060", "LUAS_HA": 0.39427621377, "PAKET": "Paket Sulawesi Selatan 18" }, "geometry": { "type": "MultiPolygon", "coordinates": [ [ [ [ 120.438178793416682, -2.66709842335348, 0.0 ], [ 120.43819057543476, -2.6674338587855, 0.0 ], [ 120.437357948010913, -2.66739658908125, 0.0 ], [ 120.437363838570377, -2.667131769315631, 0.0 ], [ 120.437257796809945, -2.667129808793618, 0.0 ], [ 120.437259760029974, -2.666980726379393, 0.0 ], [ 120.437595560586715, -2.666976802637294, 0.0 ], [ 120.437729095521377, -2.667070960756178, 0.0 ], [ 120.438178793416682, -2.66709842335348, 0.0 ] ] ] ] } },
{ "type": "Feature", "properties": { "OBJECTID": 6058, "WADMPR": "Sulawesi Selatan", "WADMKK": "Kab. Luwu Utara", "WADMKC": "Kec. Sukamaju Selatan", "WADMKD": "Desa Banyuwangi", "POKTAN": "Gapoktan Sumber Lestari", "K_POKTAN": "Muslimin", "P_SID": "Universitas Negeri Makassar", "NO_HP_1": "0821-9352-0210", "NAMA_PEMIL": "Pemerintah Desa", "N_PETAK": "BWB061", "LUAS_HA": 0.95812258397000005, "PAKET": "Paket Sulawesi Selatan 18" }, "geometry": { "type": "MultiPolygon", "coordinates": [ [ [ [ 120.439066406289726, -2.666602132482353, 0.0 ], [ 120.439080152427209, -2.666974841215904, 0.0 ], [ 120.439050696032837, -2.667482900615312, 0.0 ], [ 120.43819057543476, -2.6674338587855, 0.0 ], [ 120.438178793416682, -2.66709842335348, 0.0 ], [ 120.438151301141716, -2.666574670784371, 0.0 ], [ 120.439066406289726, -2.666602132482353, 0.0 ] ] ] ] } },
{ "type": "Feature", "properties": { "OBJECTID": 6059, "WADMPR": "Sulawesi Selatan", "WADMKK": "Kab. Luwu Utara", "WADMKC": "Kec. Sukamaju Selatan", "WADMKD": "Desa Banyuwangi", "POKTAN": "Gapoktan Sumber Lestari", "K_POKTAN": "Muslimin", "P_SID": "Universitas Negeri Makassar", "NO_HP_1": "0821-9352-0211", "NAMA_PEMIL": "Pemerintah Desa", "N_PETAK": "BWB062", "LUAS_HA": 0.96756926006, "PAKET": "Paket Sulawesi Selatan 18" }, "geometry": { "type": "MultiPolygon", "coordinates": [ [ [ [ 120.439001602042367, -2.665756674430952, 0.0 ], [ 120.439066406289726, -2.666602132482353, 0.0 ], [ 120.438151301141716, -2.666574670784371, 0.0 ], [ 120.438135590884826, -2.666109767151966, 0.0 ], [ 120.438119880628051, -2.665661536950324, 0.0 ], [ 120.439001602042367, -2.665756674430952, 0.0 ] ] ] ] } },
{ "type": "Feature", "properties": { "OBJECTID": 6060, "WADMPR": "Sulawesi Selatan", "WADMKK": "Kab. Luwu Utara", "WADMKC": "Kec. Sukamaju Selatan", "WADMKD": "Desa Banyuwangi", "POKTAN": "Gapoktan Sumber Lestari", "K_POKTAN": "Muslimin", "P_SID": "Universitas Negeri Makassar", "NO_HP_1": "0821-9352-0212", "NAMA_PEMIL": "Pemerintah Desa", "N_PETAK": "BWB063", "LUAS_HA": 0.75309610027999996, "PAKET": "Paket Sulawesi Selatan 18" }, "geometry": { "type": "MultiPolygon", "coordinates": [ [ [ [ 120.437218521617524, -2.665588956265253, 0.0 ], [ 120.437216558397495, -2.666027379360003, 0.0 ], [ 120.437242086553169, -2.66652366843249, 0.0 ], [ 120.437259760029974, -2.666980726379393, 0.0 ], [ 120.436813990373366, -2.667000342391816, 0.0 ], [ 120.43677864252038, -2.665586995743183, 0.0 ], [ 120.437218521617524, -2.665588956265253, 0.0 ] ] ] ] } },
{ "type": "Feature", "properties": { "OBJECTID": 6061, "WADMPR": "Sulawesi Selatan", "WADMKK": "Kab. Luwu Utara", "WADMKC": "Kec. Sukamaju Selatan", "WADMKD": "Desa Banyuwangi", "POKTAN": "Gapoktan Sumber Lestari", "K_POKTAN": "Muslimin", "P_SID": "Universitas Negeri Makassar", "NO_HP_1": "0821-9352-0213", "NAMA_PEMIL": "Pemerintah Desa", "N_PETAK": "BWB064", "LUAS_HA": 0.25030315073999998, "PAKET": "Paket Sulawesi Selatan 18" }, "geometry": { "type": "MultiPolygon", "coordinates": [ [ [ [ 120.437357948010913, -2.66739658908125, 0.0 ], [ 120.436829699730879, -2.667392665339207, 0.0 ], [ 120.436813990373366, -2.667000342391816, 0.0 ], [ 120.437259760029974, -2.666980726379393, 0.0 ], [ 120.437257796809945, -2.667129808793618, 0.0 ], [ 120.437363838570377, -2.667131769315631, 0.0 ], [ 120.437357948010913, -2.66739658908125, 0.0 ] ] ] ] } },
{ "type": "Feature", "properties": { "OBJECTID": 6062, "WADMPR": "Sulawesi Selatan", "WADMKK": "Kab. Luwu Utara", "WADMKC": "Kec. Sukamaju Selatan", "WADMKD": "Desa Banyuwangi", "POKTAN": "Gapoktan Sumber Lestari", "K_POKTAN": "Muslimin", "P_SID": "Universitas Negeri Makassar", "NO_HP_1": "0821-9352-0214", "NAMA_PEMIL": "Pemerintah Desa", "N_PETAK": "BWB065", "LUAS_HA": 1.6777340835600001, "PAKET": "Paket Sulawesi Selatan 18" }, "geometry": { "type": "MultiPolygon", "coordinates": [ [ [ [ 120.436700093034915, -2.666866951348652, 0.0 ], [ 120.436707947713671, -2.667384819653648, 0.0 ], [ 120.435466860807082, -2.667380895911549, 0.0 ], [ 120.435465724963251, -2.667314525045242, 0.0 ], [ 120.435468245762991, -2.666511674174387, 0.0 ], [ 120.435462933467647, -2.665995992121282, 0.0 ], [ 120.43631127114827, -2.666019532775181, 0.0 ], [ 120.436315198487705, -2.666874798832851, 0.0 ], [ 120.436700093034915, -2.666866951348652, 0.0 ] ] ] ] } },
{ "type": "Feature", "properties": { "OBJECTID": 6063, "WADMPR": "Sulawesi Selatan", "WADMKK": "Kab. Luwu Utara", "WADMKC": "Kec. Sukamaju Selatan", "WADMKD": "Desa Banyuwangi", "POKTAN": "Gapoktan Sumber Lestari", "K_POKTAN": "Muslimin", "P_SID": "Universitas Negeri Makassar", "NO_HP_1": "0821-9352-0215", "NAMA_PEMIL": "Pemerintah Desa", "N_PETAK": "BWB066", "LUAS_HA": 0.97744548906999995, "PAKET": "Paket Sulawesi Selatan 18" }, "geometry": { "type": "MultiPolygon", "coordinates": [ [ [ [ 120.435858627973403, -2.665604650334274, 0.0 ], [ 120.436336309173385, -2.665625246607817, 0.0 ], [ 120.436666709301221, -2.665638978356128, 0.0 ], [ 120.436700093034915, -2.666866951348652, 0.0 ], [ 120.436315198487705, -2.666874798832851, 0.0 ], [ 120.43631127114827, -2.666019532775181, 0.0 ], [ 120.435462933467647, -2.665995992121282, 0.0 ], [ 120.435486498403293, -2.665591899746346, 0.0 ], [ 120.435858627973403, -2.665604650334274, 0.0 ] ] ] ] } },
{ "type": "Feature", "properties": { "OBJECTID": 6064, "WADMPR": "Sulawesi Selatan", "WADMKK": "Kab. Luwu Utara", "WADMKC": "Kec. Sukamaju Selatan", "WADMKD": "Desa Banyuwangi", "POKTAN": "Gapoktan Sumber Lestari", "K_POKTAN": "Muslimin", "P_SID": "Universitas Negeri Makassar", "NO_HP_1": "0821-9352-0216", "NAMA_PEMIL": "Pemerintah Desa", "N_PETAK": "BWB067", "LUAS_HA": 0.53227890953000001, "PAKET": "Paket Sulawesi Selatan 18" }, "geometry": { "type": "MultiPolygon", "coordinates": [ [ [ [ 120.43633090874448, -2.664703285028509, 0.0 ], [ 120.436336309173385, -2.665625246607817, 0.0 ], [ 120.435858627973403, -2.665604650334274, 0.0 ], [ 120.435875320289824, -2.664671897789788, 0.0 ], [ 120.43633090874448, -2.664703285028509, 0.0 ] ] ] ] } },
{ "type": "Feature", "properties": { "OBJECTID": 6065, "WADMPR": "Sulawesi Selatan", "WADMKK": "Kab. Luwu Utara", "WADMKC": "Kec. Sukamaju Selatan", "WADMKD": "Desa Banyuwangi", "POKTAN": "Gapoktan Sumber Lestari", "K_POKTAN": "Muslimin", "P_SID": "Universitas Negeri Makassar", "NO_HP_1": "0821-9352-0217", "NAMA_PEMIL": "Pemerintah Desa", "N_PETAK": "BWB068", "LUAS_HA": 0.5501434981, "PAKET": "Paket Sulawesi Selatan 18" }, "geometry": { "type": "MultiPolygon", "coordinates": [ [ [ [ 120.43638687535406, -2.664186887115079, 0.0 ], [ 120.43633090874448, -2.664703285028509, 0.0 ], [ 120.435875320289824, -2.664671897789788, 0.0 ], [ 120.435467842866728, -2.664667975846385, 0.0 ], [ 120.435476679605131, -2.664164819550706, 0.0 ], [ 120.43638687535406, -2.664186887115079, 0.0 ] ] ] ] } },
{ "type": "Feature", "properties": { "OBJECTID": 6066, "WADMPR": "Sulawesi Selatan", "WADMKK": "Kab. Luwu Utara", "WADMKC": "Kec. Sukamaju Selatan", "WADMKD": "Desa Banyuwangi", "POKTAN": "Gapoktan Sumber Lestari", "K_POKTAN": "Muslimin", "P_SID": "Universitas Negeri Makassar", "NO_HP_1": "0821-9352-0218", "NAMA_PEMIL": "Pemerintah Desa", "N_PETAK": "BWB069", "LUAS_HA": 0.33325856889, "PAKET": "Paket Sulawesi Selatan 18" }, "geometry": { "type": "MultiPolygon", "coordinates": [ [ [ [ 120.43633090874448, -2.664703285028509, 0.0 ], [ 120.43638687535406, -2.664186887115079, 0.0 ], [ 120.43640013046172, -2.663802899983807, 0.0 ], [ 120.436678492218675, -2.663789659265319, 0.0 ], [ 120.436665236211752, -2.664707698001791, 0.0 ], [ 120.43633090874448, -2.664703285028509, 0.0 ] ] ] ] } },
{ "type": "Feature", "properties": { "OBJECTID": 6067, "WADMPR": "Sulawesi Selatan", "WADMKK": "Kab. Luwu Utara", "WADMKC": "Kec. Sukamaju Selatan", "WADMKD": "Desa Banyuwangi", "POKTAN": "Gapoktan Sumber Lestari", "K_POKTAN": "Muslimin", "P_SID": "Universitas Negeri Makassar", "NO_HP_1": "0821-9352-0219", "NAMA_PEMIL": "Pemerintah Desa", "N_PETAK": "BWB070", "LUAS_HA": 1.05330865572, "PAKET": "Paket Sulawesi Selatan 18" }, "geometry": { "type": "MultiPolygon", "coordinates": [ [ [ [ 120.43640013046172, -2.663802899983807, 0.0 ], [ 120.43638687535406, -2.664186887115079, 0.0 ], [ 120.435476679605131, -2.664164819550706, 0.0 ], [ 120.435454587759068, -2.663741108465331, 0.0 ], [ 120.435459006128326, -2.663277674325172, 0.0 ], [ 120.436404548830978, -2.663246779914914, 0.0 ], [ 120.43640013046172, -2.663802899983807, 0.0 ] ] ] ] } },
{ "type": "Feature", "properties": { "OBJECTID": 6068, "WADMPR": "Sulawesi Selatan", "WADMKK": "Kab. Luwu Utara", "WADMKC": "Kec. Sukamaju Selatan", "WADMKD": "Desa Banyuwangi", "POKTAN": "Gapoktan Sumber Lestari", "K_POKTAN": "Muslimin", "P_SID": "Universitas Negeri Makassar", "NO_HP_1": "0821-9352-0220", "NAMA_PEMIL": "Pemerintah Desa", "N_PETAK": "BWB071", "LUAS_HA": 0.48541017877999998, "PAKET": "Paket Sulawesi Selatan 18" }, "geometry": { "type": "MultiPolygon", "coordinates": [ [ [ [ 120.435476679605131, -2.664164819550706, 0.0 ], [ 120.434584157333006, -2.664469361471788, 0.0 ], [ 120.434592994071522, -2.663997101385064, 0.0 ], [ 120.435454587759068, -2.663741108465331, 0.0 ], [ 120.435476679605131, -2.664164819550706, 0.0 ] ] ] ] } },
{ "type": "Feature", "properties": { "OBJECTID": 6069, "WADMPR": "Sulawesi Selatan", "WADMKK": "Kab. Luwu Utara", "WADMKC": "Kec. Sukamaju Selatan", "WADMKD": "Desa Banyuwangi", "POKTAN": "Gapoktan Sumber Lestari", "K_POKTAN": "Muslimin", "P_SID": "Universitas Negeri Makassar", "NO_HP_1": "0821-9352-0221", "NAMA_PEMIL": "Pemerintah Desa", "N_PETAK": "BWB072", "LUAS_HA": 0.44494878171000002, "PAKET": "Paket Sulawesi Selatan 18" }, "geometry": { "type": "MultiPolygon", "coordinates": [ [ [ [ 120.435875320289824, -2.664671897789788, 0.0 ], [ 120.435858627973403, -2.665604650334274, 0.0 ], [ 120.435486498403293, -2.665591899746346, 0.0 ], [ 120.435467842866728, -2.664667975846385, 0.0 ], [ 120.435875320289824, -2.664671897789788, 0.0 ] ] ] ] } },
{ "type": "Feature", "properties": { "OBJECTID": 6070, "WADMPR": "Sulawesi Selatan", "WADMKK": "Kab. Luwu Utara", "WADMKC": "Kec. Sukamaju Selatan", "WADMKD": "Desa Banyuwangi", "POKTAN": "Gapoktan Sumber Lestari", "K_POKTAN": "Muslimin", "P_SID": "Universitas Negeri Makassar", "NO_HP_1": "0821-9352-0222", "NAMA_PEMIL": "Pemerintah Desa", "N_PETAK": "BWB073", "LUAS_HA": 0.96241822672, "PAKET": "Paket Sulawesi Selatan 18" }, "geometry": { "type": "MultiPolygon", "coordinates": [ [ [ [ 120.435462933467647, -2.665995992121282, 0.0 ], [ 120.435468245762991, -2.666511674174387, 0.0 ], [ 120.435452957288248, -2.666496384800269, 0.0 ], [ 120.435430125300059, -2.666473551013496, 0.0 ], [ 120.435306665470307, -2.666507350233985, 0.0 ], [ 120.435164236240553, -2.666555538607156, 0.0 ], [ 120.43502175485014, -2.666559919204872, 0.0 ], [ 120.434998698031563, -2.66659422294498, 0.0 ], [ 120.434966200130134, -2.666642572296837, 0.0 ], [ 120.434734192129326, -2.666732422663131, 0.0 ], [ 120.434670139715195, -2.666750509828091, 0.0 ], [ 120.434648722360748, -2.66675655686953, 0.0 ], [ 120.434577530228921, -2.666707079767889, 0.0 ], [ 120.434537764006677, -2.666451088646795, 0.0 ], [ 120.434551019114338, -2.66634074722765, 0.0 ], [ 120.434608458813386, -2.66622599283528, 0.0 ], [ 120.434652643404775, -2.665835384895047, 0.0 ], [ 120.434694618361959, -2.66580669652177, 0.0 ], [ 120.435486498403293, -2.665591899746346, 0.0 ], [ 120.435462933467647, -2.665995992121282, 0.0 ] ] ] ] } },
{ "type": "Feature", "properties": { "OBJECTID": 6071, "WADMPR": "Sulawesi Selatan", "WADMKK": "Kab. Luwu Utara", "WADMKC": "Kec. Sukamaju Selatan", "WADMKD": "Desa Banyuwangi", "POKTAN": "Gapoktan Sumber Lestari", "K_POKTAN": "Muslimin", "P_SID": "Universitas Negeri Makassar", "NO_HP_1": "0821-9352-0223", "NAMA_PEMIL": "Pemerintah Desa", "N_PETAK": "BWB074", "LUAS_HA": 0.98016636073999996, "PAKET": "Paket Sulawesi Selatan 18" }, "geometry": { "type": "MultiPolygon", "coordinates": [ [ [ [ 120.435486498403293, -2.665591899746346, 0.0 ], [ 120.434694618361959, -2.66580669652177, 0.0 ], [ 120.434597412440667, -2.665555119273279, 0.0 ], [ 120.434586366967324, -2.664930587776382, 0.0 ], [ 120.435467842866728, -2.664667975846385, 0.0 ], [ 120.435486498403293, -2.665591899746346, 0.0 ] ] ] ] } },
{ "type": "Feature", "properties": { "OBJECTID": 6072, "WADMPR": "Sulawesi Selatan", "WADMKK": "Kab. Luwu Utara", "WADMKC": "Kec. Sukamaju Selatan", "WADMKD": "Desa Banyuwangi", "POKTAN": "Gapoktan Sumber Lestari", "K_POKTAN": "Muslimin", "P_SID": "Universitas Negeri Makassar", "NO_HP_1": "0821-9352-0224", "NAMA_PEMIL": "Pemerintah Desa", "N_PETAK": "BWB075", "LUAS_HA": 0.52475362297000006, "PAKET": "Paket Sulawesi Selatan 18" }, "geometry": { "type": "MultiPolygon", "coordinates": [ [ [ [ 120.435467842866728, -2.664667975846385, 0.0 ], [ 120.434586366967324, -2.664930587776382, 0.0 ], [ 120.434584157333006, -2.664469361471788, 0.0 ], [ 120.435476679605131, -2.664164819550706, 0.0 ], [ 120.435467842866728, -2.664667975846385, 0.0 ] ] ] ] } },
{ "type": "Feature", "properties": { "OBJECTID": 6073, "WADMPR": "Sulawesi Selatan", "WADMKK": "Kab. Luwu Utara", "WADMKC": "Kec. Sukamaju Selatan", "WADMKD": "Desa Banyuwangi", "POKTAN": "Gapoktan Sumber Lestari", "K_POKTAN": "Muslimin", "P_SID": "Universitas Negeri Makassar", "NO_HP_1": "0821-9352-0225", "NAMA_PEMIL": "Pemerintah Desa", "N_PETAK": "BWB076", "LUAS_HA": 0.28757251584, "PAKET": "Paket Sulawesi Selatan 18" }, "geometry": { "type": "MultiPolygon", "coordinates": [ [ [ [ 120.436678492218675, -2.663789659265319, 0.0 ], [ 120.43640013046172, -2.663802899983807, 0.0 ], [ 120.436404548830978, -2.663246779914914, 0.0 ], [ 120.436396817359309, -2.66290472097603, 0.0 ], [ 120.436648667102418, -2.662902514039729, 0.0 ], [ 120.436678492218675, -2.663789659265319, 0.0 ] ] ] ] } },
{ "type": "Feature", "properties": { "OBJECTID": 6074, "WADMPR": "Sulawesi Selatan", "WADMKK": "Kab. Luwu Utara", "WADMKC": "Kec. Sukamaju Selatan", "WADMKD": "Desa Banyuwangi", "POKTAN": "Gapoktan Sumber Lestari", "K_POKTAN": "Muslimin", "P_SID": "Universitas Negeri Makassar", "NO_HP_1": "0821-9352-0226", "NAMA_PEMIL": "Pemerintah Desa", "N_PETAK": "BWB077", "LUAS_HA": 1.4256007474200001, "PAKET": "Paket Sulawesi Selatan 18" }, "geometry": { "type": "MultiPolygon", "coordinates": [ [ [ [ 120.436396817359309, -2.66290472097603, 0.0 ], [ 120.436404548830978, -2.663246779914914, 0.0 ], [ 120.435459006128326, -2.663277674325172, 0.0 ], [ 120.435472261235873, -2.662889274220561, 0.0 ], [ 120.43549987671804, -2.662044057187416, 0.0 ], [ 120.436429955578092, -2.661984473504617, 0.0 ], [ 120.436396817359309, -2.66290472097603, 0.0 ] ] ] ] } },
{ "type": "Feature", "properties": { "OBJECTID": 6075, "WADMPR": "Sulawesi Selatan", "WADMKK": "Kab. Luwu Utara", "WADMKC": "Kec. Sukamaju Selatan", "WADMKD": "Desa Banyuwangi", "POKTAN": "Gapoktan Sumber Lestari", "K_POKTAN": "Muslimin", "P_SID": "Universitas Negeri Makassar", "NO_HP_1": "0821-9352-0227", "NAMA_PEMIL": "Pemerintah Desa", "N_PETAK": "BWB078", "LUAS_HA": 0.27734929097, "PAKET": "Paket Sulawesi Selatan 18" }, "geometry": { "type": "MultiPolygon", "coordinates": [ [ [ [ 120.436648667102418, -2.662902514039729, 0.0 ], [ 120.436396817359309, -2.66290472097603, 0.0 ], [ 120.436429955578092, -2.661984473504617, 0.0 ], [ 120.436637621628961, -2.661973439722431, 0.0 ], [ 120.436666341478485, -2.662002128095708, 0.0 ], [ 120.436648667102418, -2.662902514039729, 0.0 ] ] ] ] } },
{ "type": "Feature", "properties": { "OBJECTID": 6076, "WADMPR": "Sulawesi Selatan", "WADMKK": "Kab. Luwu Utara", "WADMKC": "Kec. Sukamaju Selatan", "WADMKD": "Desa Banyuwangi", "POKTAN": "Gapoktan Sumber Lestari", "K_POKTAN": "Muslimin", "P_SID": "Universitas Negeri Makassar", "NO_HP_1": "0821-9352-0228", "NAMA_PEMIL": "Pemerintah Desa", "N_PETAK": "BWB079", "LUAS_HA": 0.88284460241999996, "PAKET": "Paket Sulawesi Selatan 18" }, "geometry": { "type": "MultiPolygon", "coordinates": [ [ [ [ 120.435459006128326, -2.663277674325172, 0.0 ], [ 120.435454587759068, -2.663741108465331, 0.0 ], [ 120.434592994071522, -2.663997101385064, 0.0 ], [ 120.434585261700477, -2.663198230014245, 0.0 ], [ 120.435472261235873, -2.662889274220561, 0.0 ], [ 120.435459006128326, -2.663277674325172, 0.0 ] ] ] ] } },
{ "type": "Feature", "properties": { "OBJECTID": 6077, "WADMPR": "Sulawesi Selatan", "WADMKK": "Kab. Luwu Utara", "WADMKC": "Kec. Sukamaju Selatan", "WADMKD": "Desa Banyuwangi", "POKTAN": "Gapoktan Sumber Lestari", "K_POKTAN": "Muslimin", "P_SID": "Universitas Negeri Makassar", "NO_HP_1": "0821-9352-0229", "NAMA_PEMIL": "Pemerintah Desa", "N_PETAK": "BWB080", "LUAS_HA": 0.99499224434, "PAKET": "Paket Sulawesi Selatan 18" }, "geometry": { "type": "MultiPolygon", "coordinates": [ [ [ [ 120.435472261235873, -2.662889274220561, 0.0 ], [ 120.434585261700477, -2.663198230014245, 0.0 ], [ 120.434566483856202, -2.662302257942827, 0.0 ], [ 120.434586366967324, -2.662258120116121, 0.0 ], [ 120.43549987671804, -2.662044057187416, 0.0 ], [ 120.435472261235873, -2.662889274220561, 0.0 ] ] ] ] } },
{ "type": "Feature", "properties": { "OBJECTID": 6078, "WADMPR": "Sulawesi Selatan", "WADMKK": "Kab. Luwu Utara", "WADMKC": "Kec. Sukamaju Selatan", "WADMKD": "Desa Lino", "POKTAN": "Gapoktan Lino Jaya", "K_POKTAN": "Tangke", "P_SID": "Universitas Negeri Makassar", "NO_HP_1": null, "NAMA_PEMIL": "Pemerintah Desa", "N_PETAK": "LNB001", "LUAS_HA": 1.0262490127499999, "PAKET": "Paket Sulawesi Selatan 18" }, "geometry": { "type": "MultiPolygon", "coordinates": [ [ [ [ 120.48094770627165, -2.69934001353073, 0.0 ], [ 120.481131974660912, -2.699358997319848, 0.0 ], [ 120.480999764427679, -2.700082046848934, 0.0 ], [ 120.480836566254538, -2.700071730725767, 0.0 ], [ 120.4799652149228, -2.700006110793311, 0.0 ], [ 120.479932162139676, -2.699246743042693, 0.0 ], [ 120.48094770627165, -2.69934001353073, 0.0 ] ] ] ] } },
{ "type": "Feature", "properties": { "OBJECTID": 6079, "WADMPR": "Sulawesi Selatan", "WADMKK": "Kab. Luwu Utara", "WADMKC": "Kec. Sukamaju Selatan", "WADMKD": "Desa Lino", "POKTAN": "Gapoktan Lino Jaya", "K_POKTAN": "Tangke", "P_SID": "Universitas Negeri Makassar", "NO_HP_1": null, "NAMA_PEMIL": "Pemerintah Desa", "N_PETAK": "LNB002", "LUAS_HA": 1.07461318189, "PAKET": "Paket Sulawesi Selatan 18" }, "geometry": { "type": "MultiPolygon", "coordinates": [ [ [ [ 120.48107578501947, -2.698517087993196, 0.0 ], [ 120.481055953169744, -2.698952899456685, 0.0 ], [ 120.480946879794715, -2.698982614855765, 0.0 ], [ 120.48094770627165, -2.69934001353073, 0.0 ], [ 120.479932162139676, -2.699246743042693, 0.0 ], [ 120.479889193431632, -2.698487374392755, 0.0 ], [ 120.48107578501947, -2.698517087993196, 0.0 ] ] ] ] } },
{ "type": "Feature", "properties": { "OBJECTID": 6080, "WADMPR": "Sulawesi Selatan", "WADMKK": "Kab. Luwu Utara", "WADMKC": "Kec. Sukamaju Selatan", "WADMKD": "Desa Lino", "POKTAN": "Gapoktan Lino Jaya", "K_POKTAN": "Tangke", "P_SID": "Universitas Negeri Makassar", "NO_HP_1": null, "NAMA_PEMIL": "Pemerintah Desa", "N_PETAK": "LNB003", "LUAS_HA": 2.3768375108400002, "PAKET": "Paket Sulawesi Selatan 18" }, "geometry": { "type": "MultiPolygon", "coordinates": [ [ [ [ 120.481636854956946, -2.700838114087674, 0.0 ], [ 120.480734516584789, -2.700663129399857, 0.0 ], [ 120.480836566254538, -2.700071730725767, 0.0 ], [ 120.480999764427679, -2.700082046848934, 0.0 ], [ 120.481131974660912, -2.699358997319848, 0.0 ], [ 120.48094770627165, -2.69934001353073, 0.0 ], [ 120.480946879794715, -2.698982614855765, 0.0 ], [ 120.481055953169744, -2.698952899456685, 0.0 ], [ 120.48107578501947, -2.698517087993196, 0.0 ], [ 120.481547612532381, -2.698543501980964, 0.0 ], [ 120.481742623323498, -2.698510486070006, 0.0 ], [ 120.482003739680863, -2.698540199670447, 0.0 ], [ 120.481636854956946, -2.700838114087674, 0.0 ] ] ] ] } },
{ "type": "Feature", "properties": { "OBJECTID": 6081, "WADMPR": "Sulawesi Selatan", "WADMKK": "Kab. Luwu Utara", "WADMKC": "Kec. Sukamaju Selatan", "WADMKD": "Desa Lino", "POKTAN": "Gapoktan Lino Jaya", "K_POKTAN": "Tangke", "P_SID": "Universitas Negeri Makassar", "NO_HP_1": null, "NAMA_PEMIL": "Pemerintah Desa", "N_PETAK": "LNB004", "LUAS_HA": 3.38139995001, "PAKET": "Paket Sulawesi Selatan 18" }, "geometry": { "type": "MultiPolygon", "coordinates": [ [ [ [ 120.480836566254538, -2.700071730725767, 0.0 ], [ 120.480734516584789, -2.700663129399857, 0.0 ], [ 120.481636854956946, -2.700838114087674, 0.0 ], [ 120.481625891321869, -2.70154221759924, 0.0 ], [ 120.481564552162467, -2.702091894025614, 0.0 ], [ 120.480027601792472, -2.701986242570968, 0.0 ], [ 120.479812759151628, -2.701910306515401, 0.0 ], [ 120.479911917500999, -2.701507512761452, 0.0 ], [ 120.480007769942745, -2.700437795267987, 0.0 ], [ 120.4799652149228, -2.700006110793311, 0.0 ], [ 120.480836566254538, -2.700071730725767, 0.0 ] ] ] ] } },
{ "type": "Feature", "properties": { "OBJECTID": 6082, "WADMPR": "Sulawesi Selatan", "WADMKK": "Kab. Luwu Utara", "WADMKC": "Kec. Sukamaju Selatan", "WADMKD": "Desa Lino", "POKTAN": "Gapoktan Lino Jaya", "K_POKTAN": "Tangke", "P_SID": "Universitas Negeri Makassar", "NO_HP_1": null, "NAMA_PEMIL": "Pemerintah Desa", "N_PETAK": "LNB005", "LUAS_HA": 0.83358524271000001, "PAKET": "Paket Sulawesi Selatan 18" }, "geometry": { "type": "MultiPolygon", "coordinates": [ [ [ [ 120.482443752777044, -2.704944467113421, 0.0 ], [ 120.482397479060523, -2.705641102654738, 0.0 ], [ 120.481399288246621, -2.705584975066472, 0.0 ], [ 120.481448866971732, -2.704924657746687, 0.0 ], [ 120.482443752777044, -2.704944467113421, 0.0 ] ] ] ] } },
{ "type": "Feature", "properties": { "OBJECTID": 6083, "WADMPR": "Sulawesi Selatan", "WADMKK": "Kab. Luwu Utara", "WADMKC": "Kec. Sukamaju Selatan", "WADMKD": "Desa Lino", "POKTAN": "Gapoktan Lino Jaya", "K_POKTAN": "Tangke", "P_SID": "Universitas Negeri Makassar", "NO_HP_1": null, "NAMA_PEMIL": "Pemerintah Desa", "N_PETAK": "LNB006", "LUAS_HA": 0.74000988251, "PAKET": "Paket Sulawesi Selatan 18" }, "geometry": { "type": "MultiPolygon", "coordinates": [ [ [ [ 120.482397479060523, -2.705641102654738, 0.0 ], [ 120.482443752777044, -2.704944467113421, 0.0 ], [ 120.483342786140724, -2.704990689568604, 0.0 ], [ 120.483190744057652, -2.7057038330654, 0.0 ], [ 120.482397479060523, -2.705641102654738, 0.0 ] ] ] ] } },
{ "type": "Feature", "properties": { "OBJECTID": 6084, "WADMPR": "Sulawesi Selatan", "WADMKK": "Kab. Luwu Utara", "WADMKC": "Kec. Sukamaju Selatan", "WADMKD": "Desa Lino", "POKTAN": "Gapoktan Lino Jaya", "K_POKTAN": "Tangke", "P_SID": "Universitas Negeri Makassar", "NO_HP_1": null, "NAMA_PEMIL": "Pemerintah Desa", "N_PETAK": "LNB007", "LUAS_HA": 1.9396624842400001, "PAKET": "Paket Sulawesi Selatan 18" }, "geometry": { "type": "MultiPolygon", "coordinates": [ [ [ [ 120.481448866971732, -2.704924657746687, 0.0 ], [ 120.481399288246621, -2.705584975066472, 0.0 ], [ 120.479852422851081, -2.705555260566769, 0.0 ], [ 120.47978631728472, -2.705413293588606, 0.0 ], [ 120.479664022077031, -2.705393483322553, 0.0 ], [ 120.479343411069635, -2.705363768822849, 0.0 ], [ 120.479369853835692, -2.704584594403457, 0.0 ], [ 120.479627664285317, -2.704637419681148, 0.0 ], [ 120.480387822540024, -2.704778723858965, 0.0 ], [ 120.481448866971732, -2.704924657746687, 0.0 ] ] ] ] } },
{ "type": "Feature", "properties": { "OBJECTID": 6085, "WADMPR": "Sulawesi Selatan", "WADMKK": "Kab. Luwu Utara", "WADMKC": "Kec. Sukamaju Selatan", "WADMKD": "Desa Lino", "POKTAN": "Gapoktan Lino Jaya", "K_POKTAN": "Tangke", "P_SID": "Universitas Negeri Makassar", "NO_HP_1": null, "NAMA_PEMIL": "Pemerintah Desa", "N_PETAK": "LNB008", "LUAS_HA": 2.0033363604500001, "PAKET": "Paket Sulawesi Selatan 18" }, "geometry": { "type": "MultiPolygon", "coordinates": [ [ [ [ 120.482443752777044, -2.704944467113421, 0.0 ], [ 120.481448866971732, -2.704924657746687, 0.0 ], [ 120.481540488103064, -2.703535841905534, 0.0 ], [ 120.4815685901184, -2.703178041233571, 0.0 ], [ 120.481664072938656, -2.703185321245542, 0.0 ], [ 120.482071512590323, -2.703216385627627, 0.0 ], [ 120.482461080914163, -2.703246087536854, 0.0 ], [ 120.482430531843647, -2.70431386519266, 0.0 ], [ 120.482476805560168, -2.704350182514872, 0.0 ], [ 120.482443752777044, -2.704944467113421, 0.0 ] ] ] ] } },
{ "type": "Feature", "properties": { "OBJECTID": 6086, "WADMPR": "Sulawesi Selatan", "WADMKK": "Kab. Luwu Utara", "WADMKC": "Kec. Sukamaju Selatan", "WADMKD": "Desa Lino", "POKTAN": "Gapoktan Lino Jaya", "K_POKTAN": "Tangke", "P_SID": "Universitas Negeri Makassar", "NO_HP_1": null, "NAMA_PEMIL": "Pemerintah Desa", "N_PETAK": "LNB009", "LUAS_HA": 0.67276140585, "PAKET": "Paket Sulawesi Selatan 18" }, "geometry": { "type": "MultiPolygon", "coordinates": [ [ [ [ 120.481516857517022, -2.702933925660091, 0.0 ], [ 120.480741766019719, -2.702886715749287, 0.0 ], [ 120.480755943831809, -2.702192743100568, 0.0 ], [ 120.481561522346396, -2.702247076541312, 0.0 ], [ 120.481516857517022, -2.702933925660091, 0.0 ] ] ] ] } },
{ "type": "Feature", "properties": { "OBJECTID": 6087, "WADMPR": "Sulawesi Selatan", "WADMKK": "Kab. Luwu Utara", "WADMKC": "Kec. Sukamaju Selatan", "WADMKD": "Desa Lino", "POKTAN": "Gapoktan Lino Jaya", "K_POKTAN": "Tangke", "P_SID": "Universitas Negeri Makassar", "NO_HP_1": null, "NAMA_PEMIL": "Pemerintah Desa", "N_PETAK": "LNB010", "LUAS_HA": 0.62342652928999998, "PAKET": "Paket Sulawesi Selatan 18" }, "geometry": { "type": "MultiPolygon", "coordinates": [ [ [ [ 120.481516857517022, -2.702933925660091, 0.0 ], [ 120.48157357056391, -2.70294100602257, 0.0 ], [ 120.4815685901184, -2.703178041233571, 0.0 ], [ 120.481540488103064, -2.703535841905534, 0.0 ], [ 120.480708682659611, -2.703498073077583, 0.0 ], [ 120.480741766019719, -2.702886715749287, 0.0 ], [ 120.481516857517022, -2.702933925660091, 0.0 ] ] ] ] } },
{ "type": "Feature", "properties": { "OBJECTID": 6088, "WADMPR": "Sulawesi Selatan", "WADMKK": "Kab. Luwu Utara", "WADMKC": "Kec. Sukamaju Selatan", "WADMKD": "Desa Lino", "POKTAN": "Gapoktan Lino Jaya", "K_POKTAN": "Tangke", "P_SID": "Universitas Negeri Makassar", "NO_HP_1": null, "NAMA_PEMIL": "Pemerintah Desa", "N_PETAK": "LNB011", "LUAS_HA": 5.3778964832399998, "PAKET": "Paket Sulawesi Selatan 18" }, "geometry": { "type": "MultiPolygon", "coordinates": [ [ [ [ 120.480755943831809, -2.702192743100568, 0.0 ], [ 120.480741766019719, -2.702886715749287, 0.0 ], [ 120.480708682659611, -2.703498073077583, 0.0 ], [ 120.481540488103064, -2.703535841905534, 0.0 ], [ 120.481448866971732, -2.704924657746687, 0.0 ], [ 120.480387822540024, -2.704778723858965, 0.0 ], [ 120.479627664285317, -2.704637419681148, 0.0 ], [ 120.479369853835692, -2.704584594403457, 0.0 ], [ 120.479430946581033, -2.703585200296686, 0.0 ], [ 120.479701978863318, -2.703598405941648, 0.0 ], [ 120.479721810713045, -2.703476247430842, 0.0 ], [ 120.47946730527201, -2.703433327286177, 0.0 ], [ 120.479424336563966, -2.703433327286177, 0.0 ], [ 120.479525146968058, -2.702031800427221, 0.0 ], [ 120.479710241834255, -2.701998785415583, 0.0 ], [ 120.480037463757981, -2.702134150470613, 0.0 ], [ 120.480755943831809, -2.702192743100568, 0.0 ] ] ] ] } },
{ "type": "Feature", "properties": { "OBJECTID": 6089, "WADMPR": "Sulawesi Selatan", "WADMKK": "Kab. Luwu Utara", "WADMKC": "Kec. Sukamaju Selatan", "WADMKD": "Desa Lino", "POKTAN": "Gapoktan Lino Jaya", "K_POKTAN": "Tangke", "P_SID": "Universitas Negeri Makassar", "NO_HP_1": null, "NAMA_PEMIL": "Pemerintah Desa", "N_PETAK": "LNB012", "LUAS_HA": 0.28040992047000002, "PAKET": "Paket Sulawesi Selatan 18" }, "geometry": { "type": "MultiPolygon", "coordinates": [ [ [ [ 120.479670579034064, -2.706041030269262, 0.0 ], [ 120.479284964129874, -2.706021220902585, 0.0 ], [ 120.479322423591043, -2.705433538227169, 0.0 ], [ 120.479679393289416, -2.705466553238807, 0.0 ], [ 120.479719056089607, -2.705534787500369, 0.0 ], [ 120.479670579034064, -2.706041030269262, 0.0 ] ] ] ] } },
{ "type": "Feature", "properties": { "OBJECTID": 6090, "WADMPR": "Sulawesi Selatan", "WADMKK": "Kab. Luwu Utara", "WADMKC": "Kec. Sukamaju Selatan", "WADMKD": "Desa Lino", "POKTAN": "Gapoktan Lino Jaya", "K_POKTAN": "Tangke", "P_SID": "Universitas Negeri Makassar", "NO_HP_1": null, "NAMA_PEMIL": "Pemerintah Desa", "N_PETAK": "LNB013", "LUAS_HA": 0.55882564857000006, "PAKET": "Paket Sulawesi Selatan 18" }, "geometry": { "type": "MultiPolygon", "coordinates": [ [ [ [ 120.479670579034064, -2.706041030269262, 0.0 ], [ 120.479616592731645, -2.706893938304574, 0.0 ], [ 120.479400648421233, -2.706911546130925, 0.0 ], [ 120.47941386935463, -2.707017197585571, 0.0 ], [ 120.479607778476293, -2.707070022863206, 0.0 ], [ 120.479576929931454, -2.707475016358899, 0.0 ], [ 120.479299286732726, -2.707488222903123, 0.0 ], [ 120.479284964129874, -2.706021220902585, 0.0 ], [ 120.479670579034064, -2.706041030269262, 0.0 ] ] ] ] } },
{ "type": "Feature", "properties": { "OBJECTID": 6091, "WADMPR": "Sulawesi Selatan", "WADMKK": "Kab. Luwu Utara", "WADMKC": "Kec. Sukamaju Selatan", "WADMKD": "Desa Lino", "POKTAN": "Gapoktan Lino Jaya", "K_POKTAN": "Tangke", "P_SID": "Universitas Negeri Makassar", "NO_HP_1": null, "NAMA_PEMIL": "Pemerintah Desa", "N_PETAK": "LNB014", "LUAS_HA": 0.55027072908999997, "PAKET": "Paket Sulawesi Selatan 18" }, "geometry": { "type": "MultiPolygon", "coordinates": [ [ [ [ 120.479299286732726, -2.707488222903123, 0.0 ], [ 120.479576929931454, -2.707475016358899, 0.0 ], [ 120.479429294526426, -2.709585824126407, 0.0 ], [ 120.479354374704712, -2.710127281648681, 0.0 ], [ 120.479297083393703, -2.708896895775069, 0.0 ], [ 120.479299286732726, -2.707488222903123, 0.0 ] ] ] ] } },
{ "type": "Feature", "properties": { "OBJECTID": 6092, "WADMPR": "Sulawesi Selatan", "WADMKK": "Kab. Luwu Utara", "WADMKC": "Kec. Sukamaju Selatan", "WADMKD": "Desa Lino", "POKTAN": "Gapoktan Lino Jaya", "K_POKTAN": "Tangke", "P_SID": "Universitas Negeri Makassar", "NO_HP_1": null, "NAMA_PEMIL": "Pemerintah Desa", "N_PETAK": "LNB015", "LUAS_HA": 0.53231514537000002, "PAKET": "Paket Sulawesi Selatan 18" }, "geometry": { "type": "MultiPolygon", "coordinates": [ [ [ [ 120.481261031871213, -2.708482911756903, 0.0 ], [ 120.481170068144138, -2.709006944914506, 0.0 ], [ 120.480764622289598, -2.70897613324189, 0.0 ], [ 120.480689703367148, -2.708813255227483, 0.0 ], [ 120.480583935000709, -2.708667986838066, 0.0 ], [ 120.480350362179479, -2.708606357197596, 0.0 ], [ 120.480350362179479, -2.708298209894451, 0.0 ], [ 120.480769029866906, -2.708329024265026, 0.0 ], [ 120.481261031871213, -2.708482911756903, 0.0 ] ] ] ] } },
{ "type": "Feature", "properties": { "OBJECTID": 6093, "WADMPR": "Sulawesi Selatan", "WADMKK": "Kab. Luwu Utara", "WADMKC": "Kec. Sukamaju Selatan", "WADMKD": "Desa Lino", "POKTAN": "Gapoktan Lino Jaya", "K_POKTAN": "Tangke", "P_SID": "Universitas Negeri Makassar", "NO_HP_1": null, "NAMA_PEMIL": "Pemerintah Desa", "N_PETAK": "LNB016", "LUAS_HA": 1.6262792207700001, "PAKET": "Paket Sulawesi Selatan 18" }, "geometry": { "type": "MultiPolygon", "coordinates": [ [ [ [ 120.481745187290585, -2.709062378226122, 0.0 ], [ 120.481588736730828, -2.709693674423477, 0.0 ], [ 120.481438897087514, -2.710486051789815, 0.0 ], [ 120.480566306489891, -2.710389206496643, 0.0 ], [ 120.480764622289598, -2.70897613324189, 0.0 ], [ 120.481745187290585, -2.709062378226122, 0.0 ] ] ] ] } },
{ "type": "Feature", "properties": { "OBJECTID": 6094, "WADMPR": "Sulawesi Selatan", "WADMKK": "Kab. Luwu Utara", "WADMKC": "Kec. Sukamaju Selatan", "WADMKD": "Desa Lino", "POKTAN": "Gapoktan Lino Jaya", "K_POKTAN": "Tangke", "P_SID": "Universitas Negeri Makassar", "NO_HP_1": null, "NAMA_PEMIL": "Pemerintah Desa", "N_PETAK": "LNB017", "LUAS_HA": 0.95202911227999998, "PAKET": "Paket Sulawesi Selatan 18" }, "geometry": { "type": "MultiPolygon", "coordinates": [ [ [ [ 120.482562689016959, -2.709830139349378, 0.0 ], [ 120.482377593251385, -2.710631321977871, 0.0 ], [ 120.482077915763284, -2.710560887974566, 0.0 ], [ 120.481438897087514, -2.710486051789815, 0.0 ], [ 120.481588736730828, -2.709693674423477, 0.0 ], [ 120.482562689016959, -2.709830139349378, 0.0 ] ] ] ] } },
{ "type": "Feature", "properties": { "OBJECTID": 6095, "WADMPR": "Sulawesi Selatan", "WADMKK": "Kab. Luwu Utara", "WADMKC": "Kec. Sukamaju Selatan", "WADMKD": "Desa Lino", "POKTAN": "Gapoktan Lino Jaya", "K_POKTAN": "Tangke", "P_SID": "Universitas Negeri Makassar", "NO_HP_1": null, "NAMA_PEMIL": "Pemerintah Desa", "N_PETAK": "LNB018", "LUAS_HA": 0.89714326172000003, "PAKET": "Paket Sulawesi Selatan 18" }, "geometry": { "type": "MultiPolygon", "coordinates": [ [ [ [ 120.482562689016959, -2.709830139349378, 0.0 ], [ 120.481588736730828, -2.709693674423477, 0.0 ], [ 120.481745187290585, -2.709062378226122, 0.0 ], [ 120.482095775399785, -2.70903599661392, 0.0 ], [ 120.482293584881063, -2.709084173295935, 0.0 ], [ 120.482320363094345, -2.709090696078704, 0.0 ], [ 120.482369354562138, -2.709098264773047, 0.0 ], [ 120.482415594104395, -2.709105409886718, 0.0 ], [ 120.482482333692815, -2.709115720613966, 0.0 ], [ 120.482616873170173, -2.709136506644427, 0.0 ], [ 120.482689318957, -2.709136657730539, 0.0 ], [ 120.482787645433518, -2.709136863675269, 0.0 ], [ 120.482769351424508, -2.709290477773266, 0.0 ], [ 120.482753978413484, -2.709339078035953, 0.0 ], [ 120.482720949012673, -2.709443502815361, 0.0 ], [ 120.482715068345783, -2.709462092701358, 0.0 ], [ 120.482626590344921, -2.709838944611533, 0.0 ], [ 120.482562689016959, -2.709830139349378, 0.0 ] ] ] ] } },
{ "type": "Feature", "properties": { "OBJECTID": 6096, "WADMPR": "Sulawesi Selatan", "WADMKK": "Kab. Luwu Utara", "WADMKC": "Kec. Sukamaju Selatan", "WADMKD": "Desa Lino", "POKTAN": "Gapoktan Lino Jaya", "K_POKTAN": "Tangke", "P_SID": "Universitas Negeri Makassar", "NO_HP_1": null, "NAMA_PEMIL": "Pemerintah Desa", "N_PETAK": "LNB019", "LUAS_HA": 4.0189192697499996, "PAKET": "Paket Sulawesi Selatan 18" }, "geometry": { "type": "MultiPolygon", "coordinates": [ [ [ [ 120.481261031871213, -2.708482911756903, 0.0 ], [ 120.480769029866906, -2.708329024265026, 0.0 ], [ 120.480350362179479, -2.708298209894451, 0.0 ], [ 120.480350362179479, -2.708606357197596, 0.0 ], [ 120.480583935000709, -2.708667986838066, 0.0 ], [ 120.480689703367148, -2.708813255227483, 0.0 ], [ 120.480764622289598, -2.70897613324189, 0.0 ], [ 120.480566306489891, -2.710389206496643, 0.0 ], [ 120.479658459770121, -2.710197715651987, 0.0 ], [ 120.479751007203276, -2.709801525619866, 0.0 ], [ 120.479468957326617, -2.709788319974962, 0.0 ], [ 120.479614389392623, -2.708419267635065, 0.0 ], [ 120.479808298514172, -2.708450082005641, 0.0 ], [ 120.479839147958387, -2.708238780894987, 0.0 ], [ 120.479583539948521, -2.708199162161577, 0.0 ], [ 120.479654052192814, -2.707512434451246, 0.0 ], [ 120.481311093532213, -2.707666507203498, 0.0 ], [ 120.481261031871213, -2.708482911756903, 0.0 ] ] ] ] } },
{ "type": "Feature", "properties": { "OBJECTID": 6097, "WADMPR": "Sulawesi Selatan", "WADMKK": "Kab. Luwu Utara", "WADMKC": "Kec. Sukamaju Selatan", "WADMKD": "Desa Lino", "POKTAN": "Gapoktan Lino Jaya", "K_POKTAN": "Tangke", "P_SID": "Universitas Negeri Makassar", "NO_HP_1": null, "NAMA_PEMIL": "Pemerintah Desa", "N_PETAK": "LNB020", "LUAS_HA": 4.2440520960399999, "PAKET": "Paket Sulawesi Selatan 18" }, "geometry": { "type": "MultiPolygon", "coordinates": [ [ [ [ 120.481456525598219, -2.710651131344605, 0.0 ], [ 120.481394827609279, -2.711703230219825, 0.0 ], [ 120.482548733337467, -2.711800077311693, 0.0 ], [ 120.483457314803331, -2.711866107334913, 0.0 ], [ 120.483377988303573, -2.712596854161461, 0.0 ], [ 120.482359965639944, -2.71257924633511, 0.0 ], [ 120.48141245522072, -2.712552834145924, 0.0 ], [ 120.480791065055655, -2.712310719564016, 0.0 ], [ 120.480213744368825, -2.711756056396837, 0.0 ], [ 120.480438502934589, -2.710536676426443, 0.0 ], [ 120.481456525598219, -2.710651131344605, 0.0 ] ] ] ] } },
{ "type": "Feature", "properties": { "OBJECTID": 6098, "WADMPR": "Sulawesi Selatan", "WADMKK": "Kab. Luwu Utara", "WADMKC": "Kec. Sukamaju Selatan", "WADMKD": "Desa Lino", "POKTAN": "Gapoktan Lino Jaya", "K_POKTAN": "Tangke", "P_SID": "Universitas Negeri Makassar", "NO_HP_1": null, "NAMA_PEMIL": "Pemerintah Desa", "N_PETAK": "LNB021", "LUAS_HA": 1.37531185627, "PAKET": "Paket Sulawesi Selatan 18" }, "geometry": { "type": "MultiPolygon", "coordinates": [ [ [ [ 120.482774225749949, -2.711166174878997, 0.0 ], [ 120.482672864061442, -2.711258618890099, 0.0 ], [ 120.482548733337467, -2.711800077311693, 0.0 ], [ 120.481394827609279, -2.711703230219825, 0.0 ], [ 120.481456525598219, -2.710651131344605, 0.0 ], [ 120.481787052530535, -2.710686347896569, 0.0 ], [ 120.481782644953114, -2.710836019366752, 0.0 ], [ 120.482302674329048, -2.710959277748429, 0.0 ], [ 120.482337930451195, -2.710822812822528, 0.0 ], [ 120.482456919751144, -2.710884442462998, 0.0 ], [ 120.482774225749949, -2.711166174878997, 0.0 ] ] ] ] } },
{ "type": "Feature", "properties": { "OBJECTID": 6099, "WADMPR": "Sulawesi Selatan", "WADMKK": "Kab. Luwu Utara", "WADMKC": "Kec. Sukamaju Selatan", "WADMKD": "Desa Lino", "POKTAN": "Gapoktan Lino Jaya", "K_POKTAN": "Tangke", "P_SID": "Universitas Negeri Makassar", "NO_HP_1": null, "NAMA_PEMIL": "Pemerintah Desa", "N_PETAK": "LNB022", "LUAS_HA": 0.44779438139, "PAKET": "Paket Sulawesi Selatan 18" }, "geometry": { "type": "MultiPolygon", "coordinates": [ [ [ [ 120.483457314803331, -2.711866107334913, 0.0 ], [ 120.482548733337467, -2.711800077311693, 0.0 ], [ 120.482672864061442, -2.711258618890099, 0.0 ], [ 120.482774225749949, -2.711166174878997, 0.0 ], [ 120.483452173379192, -2.711723040485879, 0.0 ], [ 120.483457314803331, -2.711866107334913, 0.0 ] ] ] ] } },
{ "type": "Feature", "properties": { "OBJECTID": 6100, "WADMPR": "Sulawesi Selatan", "WADMKK": "Kab. Luwu Utara", "WADMKC": "Kec. Sukamaju Selatan", "WADMKD": "Desa Lino", "POKTAN": "Gapoktan Lino Jaya", "K_POKTAN": "Tangke", "P_SID": "Universitas Negeri Makassar", "NO_HP_1": null, "NAMA_PEMIL": "Pemerintah Desa", "N_PETAK": "LNB023", "LUAS_HA": 5.2041663967699998, "PAKET": "Paket Sulawesi Selatan 18" }, "geometry": { "type": "MultiPolygon", "coordinates": [ [ [ [ 120.484166110977299, -2.711681954058861, 0.0 ], [ 120.483737160441706, -2.710725232783204, 0.0 ], [ 120.485546978610273, -2.709962202993211, 0.0 ], [ 120.487345044438257, -2.712104554481584, 0.0 ], [ 120.486393127340989, -2.712538893754868, 0.0 ], [ 120.485764392412875, -2.711787604614187, 0.0 ], [ 120.485306061925257, -2.711652606482573, 0.0 ], [ 120.484812474416231, -2.711588043253528, 0.0 ], [ 120.484412904731812, -2.711588043253528, 0.0 ], [ 120.484166110977299, -2.711681954058861, 0.0 ] ] ] ] } },
{ "type": "Feature", "properties": { "OBJECTID": 6101, "WADMPR": "Sulawesi Selatan", "WADMKK": "Kab. Luwu Utara", "WADMKC": "Kec. Sukamaju Selatan", "WADMKD": "Desa Lino", "POKTAN": "Gapoktan Lino Jaya", "K_POKTAN": "Tangke", "P_SID": "Universitas Negeri Makassar", "NO_HP_1": null, "NAMA_PEMIL": "Pemerintah Desa", "N_PETAK": "LNB024", "LUAS_HA": 1.6534186423399999, "PAKET": "Paket Sulawesi Selatan 18" }, "geometry": { "type": "MultiPolygon", "coordinates": [ [ [ [ 120.483737160441706, -2.710725232783204, 0.0 ], [ 120.484166110977299, -2.711681954058861, 0.0 ], [ 120.483784168904322, -2.711752388062223, 0.0 ], [ 120.483202441539561, -2.71124761478552, 0.0 ], [ 120.482908640221581, -2.710977619421556, 0.0 ], [ 120.482462062074546, -2.71067240660625, 0.0 ], [ 120.482542615249599, -2.710275185051728, 0.0 ], [ 120.482789003409835, -2.710229262070754, 0.0 ], [ 120.482970067514657, -2.710205459714132, 0.0 ], [ 120.483227959802548, -2.710175749711027, 0.0 ], [ 120.483414695032252, -2.71015950975351, 0.0 ], [ 120.483737160441706, -2.710725232783204, 0.0 ] ] ] ] } },
{ "type": "Feature", "properties": { "OBJECTID": 6102, "WADMPR": "Sulawesi Selatan", "WADMKK": "Kab. Luwu Utara", "WADMKC": "Kec. Sukamaju Selatan", "WADMKD": "Desa Lino", "POKTAN": "Gapoktan Lino Jaya", "K_POKTAN": "Tangke", "P_SID": "Universitas Negeri Makassar", "NO_HP_1": null, "NAMA_PEMIL": "Pemerintah Desa", "N_PETAK": "LNB025", "LUAS_HA": 2.5267648773400002, "PAKET": "Paket Sulawesi Selatan 18" }, "geometry": { "type": "MultiPolygon", "coordinates": [ [ [ [ 120.480213744368825, -2.711756056396837, 0.0 ], [ 120.479406524591468, -2.712515416053577, 0.0 ], [ 120.478751346897184, -2.713034862668735, 0.0 ], [ 120.478604446238251, -2.712999646116714, 0.0 ], [ 120.478214903095363, -2.713390964521352, 0.0 ], [ 120.478092275138465, -2.713243811152893, 0.0 ], [ 120.478076065757932, -2.713225401131297, 0.0 ], [ 120.478049202109105, -2.713198837856055, 0.0 ], [ 120.477892157097472, -2.71305607048123, 0.0 ], [ 120.477877962198249, -2.713043697608498, 0.0 ], [ 120.477832372865805, -2.713010243727695, 0.0 ], [ 120.477814274009575, -2.713000190206571, 0.0 ], [ 120.477790615544563, -2.712861712597885, 0.0 ], [ 120.477928702847407, -2.71260932775823, 0.0 ], [ 120.478704338434568, -2.711990099563423, 0.0 ], [ 120.478627950019927, -2.711878580931739, 0.0 ], [ 120.479424153102286, -2.711359133417204, 0.0 ], [ 120.479894235030997, -2.711555760290082, 0.0 ], [ 120.480213744368825, -2.711756056396837, 0.0 ] ] ] ] } },
{ "type": "Feature", "properties": { "OBJECTID": 6103, "WADMPR": "Sulawesi Selatan", "WADMKK": "Kab. Luwu Utara", "WADMKC": "Kec. Sukamaju Selatan", "WADMKD": "Desa Lino", "POKTAN": "Gapoktan Lino Jaya", "K_POKTAN": "Tangke", "P_SID": "Universitas Negeri Makassar", "NO_HP_1": null, "NAMA_PEMIL": "Pemerintah Desa", "N_PETAK": "LNB026", "LUAS_HA": 2.4259283459100001, "PAKET": "Paket Sulawesi Selatan 18" }, "geometry": { "type": "MultiPolygon", "coordinates": [ [ [ [ 120.480438502934589, -2.710536676426443, 0.0 ], [ 120.480213744368825, -2.711756056396837, 0.0 ], [ 120.479894235030997, -2.711555760290082, 0.0 ], [ 120.479424153102286, -2.711359133417204, 0.0 ], [ 120.479086280507545, -2.711576304402854, 0.0 ], [ 120.478871805689323, -2.711476522823205, 0.0 ], [ 120.478589755812663, -2.711139028843036, 0.0 ], [ 120.478400170631403, -2.710823752614033, 0.0 ], [ 120.478849686863668, -2.7105167069804, 0.0 ], [ 120.478882739646792, -2.710345023703837, 0.0 ], [ 120.478773665372387, -2.710321912925906, 0.0 ], [ 120.478785234251177, -2.710156835169755, 0.0 ], [ 120.47926449825809, -2.710216262370579, 0.0 ], [ 120.479428559780217, -2.710265947215646, 0.0 ], [ 120.479343357110338, -2.710496323846201, 0.0 ], [ 120.479500541516813, -2.710562355668117, 0.0 ], [ 120.479582805202313, -2.710315837106123, 0.0 ], [ 120.479997066211695, -2.710420020867218, 0.0 ], [ 120.479950057749079, -2.710581430288755, 0.0 ], [ 120.480045543267238, -2.710599039913689, 0.0 ], [ 120.480102834578247, -2.710442030874958, 0.0 ], [ 120.480438502934589, -2.710536676426443, 0.0 ] ] ] ] } },
{ "type": "Feature", "properties": { "OBJECTID": 6104, "WADMPR": "Sulawesi Selatan", "WADMKK": "Kab. Luwu Utara", "WADMKC": "Kec. Sukamaju Selatan", "WADMKD": "Desa Lino", "POKTAN": "Gapoktan Lino Jaya", "K_POKTAN": "Tangke", "P_SID": "Universitas Negeri Makassar", "NO_HP_1": null, "NAMA_PEMIL": "Pemerintah Desa", "N_PETAK": "LNB027", "LUAS_HA": 4.0771366484399998, "PAKET": "Paket Sulawesi Selatan 18" }, "geometry": { "type": "MultiPolygon", "coordinates": [ [ [ [ 120.479802956541221, -2.698379674282478, 0.0 ], [ 120.479815538956018, -2.697009737909013, 0.0 ], [ 120.481281360146681, -2.697131230921514, 0.0 ], [ 120.48134217410211, -2.696502819749298, 0.0 ], [ 120.481426055667953, -2.696052457255064, 0.0 ], [ 120.48173641530343, -2.696356189786286, 0.0 ], [ 120.481923050708247, -2.696718574302736, 0.0 ], [ 120.481939826661687, -2.696758372900547, 0.0 ], [ 120.48166097027763, -2.696860049351756, 0.0 ], [ 120.481673809898439, -2.696889262029799, 0.0 ], [ 120.481681388485299, -2.69690561440251, 0.0 ], [ 120.481695197575391, -2.696931724419471, 0.0 ], [ 120.481698673455071, -2.69693770041448, 0.0 ], [ 120.481724445326904, -2.696981247386589, 0.0 ], [ 120.481736447678941, -2.697000417335346, 0.0 ], [ 120.481746362704484, -2.697014793897551, 0.0 ], [ 120.481788559794268, -2.697073523224446, 0.0 ], [ 120.481789354794955, -2.697131337041526, 0.0 ], [ 120.481790164184758, -2.697152408157081, 0.0 ], [ 120.481790214546777, -2.697153710375403, 0.0 ], [ 120.481790238828466, -2.697154119566903, 0.0 ], [ 120.481792403496684, -2.697187907995499, 0.0 ], [ 120.481795199488943, -2.697216935413167, 0.0 ], [ 120.481795739981521, -2.69722098326173, 0.0 ], [ 120.48180366660597, -2.697278435551311, 0.0 ], [ 120.481806916755886, -2.697298622633298, 0.0 ], [ 120.481820126897446, -2.697370352559687, 0.0 ], [ 120.481821066688894, -2.697375302428213, 0.0 ], [ 120.481821852696385, -2.697379227069632, 0.0 ], [ 120.481836986487792, -2.697453110872345, 0.0 ], [ 120.481842818591304, -2.69747800140857, 0.0 ], [ 120.481843805147605, -2.697481673340519, 0.0 ], [ 120.481856956833099, -2.697529807754393, 0.0 ], [ 120.481864449085151, -2.697554453675025, 0.0 ], [ 120.481874075428323, -2.697580493544876, 0.0 ], [ 120.481890806415663, -2.697621813795649, 0.0 ], [ 120.481891480907166, -2.697623473944134, 0.0 ], [ 120.481895687036399, -2.697632860168312, 0.0 ], [ 120.481903563298829, -2.697650434719719, 0.0 ], [ 120.481908804547743, -2.697660838077184, 0.0 ], [ 120.481938533436619, -2.697717999885754, 0.0 ], [ 120.48194662283845, -2.697733558157154, 0.0 ], [ 120.481946636328303, -2.697733582438843, 0.0 ], [ 120.481964235161399, -2.697807917701198, 0.0 ], [ 120.481967089609611, -2.697819314809465, 0.0 ], [ 120.481974615136437, -2.69784476022744, 0.0 ], [ 120.481979052391466, -2.69785829052762, 0.0 ], [ 120.481982391574206, -2.697868477148461, 0.0 ], [ 120.481983341258228, -2.69787134058987, 0.0 ], [ 120.481993642992279, -2.697899037910247, 0.0 ], [ 120.481996588271954, -2.697906060716093, 0.0 ], [ 120.482005416916536, -2.697926630009931, 0.0 ], [ 120.482014553129147, -2.69794656797967, 0.0 ], [ 120.482021618203134, -2.697959927408704, 0.0 ], [ 120.482028361319863, -2.697972677097312, 0.0 ], [ 120.482030012475207, -2.697975540538721, 0.0 ], [ 120.481988058202433, -2.698473934924095, 0.0 ], [ 120.481648340198831, -2.698450893393954, 0.0 ], [ 120.481486868724119, -2.698482313907618, 0.0 ], [ 120.481004553317575, -2.698457176957106, 0.0 ], [ 120.47987006125436, -2.698427850964492, 0.0 ], [ 120.479802956541221, -2.698379674282478, 0.0 ] ] ] ] } },
{ "type": "Feature", "properties": { "OBJECTID": 6105, "WADMPR": "Sulawesi Selatan", "WADMKK": "Kab. Luwu Utara", "WADMKC": "Kec. Sukamaju Selatan", "WADMKD": "Desa Subur", "POKTAN": "Gapoktan Harapan Maju", "K_POKTAN": "Jamus", "P_SID": "Universitas Negeri Makassar", "NO_HP_1": "0821-2315-7199", "NAMA_PEMIL": "Pemerintah Desa", "N_PETAK": "SBB001", "LUAS_HA": 0.47317111853, "PAKET": "Paket Sulawesi Selatan 18" }, "geometry": { "type": "MultiPolygon", "coordinates": [ [ [ [ 120.454932946398458, -2.687674321812437, 0.0 ], [ 120.454485580445294, -2.687674321812437, 0.0 ], [ 120.454498671876308, -2.687383016113245, 0.0 ], [ 120.454506004048881, -2.687228069219998, 0.0 ], [ 120.454511076225231, -2.687120868233421, 0.0 ], [ 120.454525584088515, -2.68681427136147, 0.0 ], [ 120.454966084617126, -2.686800434392467, 0.0 ], [ 120.454932946398458, -2.687674321812437, 0.0 ] ] ] ] } },
{ "type": "Feature", "properties": { "OBJECTID": 6106, "WADMPR": "Sulawesi Selatan", "WADMKK": "Kab. Luwu Utara", "WADMKC": "Kec. Sukamaju Selatan", "WADMKD": "Desa Subur", "POKTAN": "Gapoktan Harapan Maju", "K_POKTAN": "Jamus", "P_SID": "Universitas Negeri Makassar", "NO_HP_1": "0821-2315-7199", "NAMA_PEMIL": "Pemerintah Desa", "N_PETAK": "SBB002", "LUAS_HA": 0.60761259562000003, "PAKET": "Paket Sulawesi Selatan 18" }, "geometry": { "type": "MultiPolygon", "coordinates": [ [ [ [ 120.455539375441845, -2.686816986414726, 0.0 ], [ 120.455512036951063, -2.687645357347321, 0.0 ], [ 120.455138403714386, -2.68767763131757, 0.0 ], [ 120.454932946398458, -2.687674321812437, 0.0 ], [ 120.454966084617126, -2.686800434392467, 0.0 ], [ 120.455539375441845, -2.686816986414726, 0.0 ] ] ] ] } },
{ "type": "Feature", "properties": { "OBJECTID": 6107, "WADMPR": "Sulawesi Selatan", "WADMKK": "Kab. Luwu Utara", "WADMKC": "Kec. Sukamaju Selatan", "WADMKD": "Desa Subur", "POKTAN": "Gapoktan Harapan Maju", "K_POKTAN": "Jamus", "P_SID": "Universitas Negeri Makassar", "NO_HP_1": "0821-2315-7199", "NAMA_PEMIL": "Pemerintah Desa", "N_PETAK": "SBB003", "LUAS_HA": 0.78664799815999997, "PAKET": "Paket Sulawesi Selatan 18" }, "geometry": { "type": "MultiPolygon", "coordinates": [ [ [ [ 120.455138403714386, -2.68767763131757, 0.0 ], [ 120.455142194356881, -2.687821980599892, 0.0 ], [ 120.455138118629293, -2.688494293976419, 0.0 ], [ 120.455137327225884, -2.688624817980894, 0.0 ], [ 120.45443874375303, -2.688612472087868, 0.0 ], [ 120.454485580445294, -2.687674321812437, 0.0 ], [ 120.454932946398458, -2.687674321812437, 0.0 ], [ 120.455138403714386, -2.68767763131757, 0.0 ] ] ] ] } },
{ "type": "Feature", "properties": { "OBJECTID": 6108, "WADMPR": "Sulawesi Selatan", "WADMKK": "Kab. Luwu Utara", "WADMKC": "Kec. Sukamaju Selatan", "WADMKD": "Desa Subur", "POKTAN": "Gapoktan Harapan Maju", "K_POKTAN": "Jamus", "P_SID": "Universitas Negeri Makassar", "NO_HP_1": "0821-2315-7199", "NAMA_PEMIL": "Pemerintah Desa", "N_PETAK": "SBB004", "LUAS_HA": 0.76807029505000002, "PAKET": "Paket Sulawesi Selatan 18" }, "geometry": { "type": "MultiPolygon", "coordinates": [ [ [ [ 120.456295754745383, -2.686820295020539, 0.0 ], [ 120.456265930528389, -2.687646185622896, 0.0 ], [ 120.455512036951063, -2.687645357347321, 0.0 ], [ 120.455539375441845, -2.686816986414726, 0.0 ], [ 120.456295754745383, -2.686820295020539, 0.0 ] ] ] ] } },
{ "type": "Feature", "properties": { "OBJECTID": 6109, "WADMPR": "Sulawesi Selatan", "WADMKK": "Kab. Luwu Utara", "WADMKC": "Kec. Sukamaju Selatan", "WADMKD": "Desa Subur", "POKTAN": "Gapoktan Harapan Maju", "K_POKTAN": "Jamus", "P_SID": "Universitas Negeri Makassar", "NO_HP_1": "0821-2315-7199", "NAMA_PEMIL": "Pemerintah Desa", "N_PETAK": "SBB005", "LUAS_HA": 0.79393777342000005, "PAKET": "Paket Sulawesi Selatan 18" }, "geometry": { "type": "MultiPolygon", "coordinates": [ [ [ [ 120.456265930528389, -2.687646185622896, 0.0 ], [ 120.456295754745383, -2.686820295020539, 0.0 ], [ 120.456846411432821, -2.686849603026701, 0.0 ], [ 120.456847402485664, -2.687200835050476, 0.0 ], [ 120.457239520387589, -2.687228389378618, 0.0 ], [ 120.457223624870494, -2.687687562530925, 0.0 ], [ 120.456265930528389, -2.687646185622896, 0.0 ] ] ] ] } },
{ "type": "Feature", "properties": { "OBJECTID": 6110, "WADMPR": "Sulawesi Selatan", "WADMKK": "Kab. Luwu Utara", "WADMKC": "Kec. Sukamaju Selatan", "WADMKD": "Desa Subur", "POKTAN": "Gapoktan Harapan Maju", "K_POKTAN": "Jamus", "P_SID": "Universitas Negeri Makassar", "NO_HP_1": "0821-2315-7199", "NAMA_PEMIL": "Pemerintah Desa", "N_PETAK": "SBB006", "LUAS_HA": 0.35277719849, "PAKET": "Paket Sulawesi Selatan 18" }, "geometry": { "type": "MultiPolygon", "coordinates": [ [ [ [ 120.457313926696429, -2.686610926552987, 0.0 ], [ 120.457306470417393, -2.686679614072887, 0.0 ], [ 120.456574115602962, -2.686676302769115, 0.0 ], [ 120.456587371609999, -2.686292322832401, 0.0 ], [ 120.457341150074058, -2.686292155558476, 0.0 ], [ 120.457313926696429, -2.686610926552987, 0.0 ] ] ] ] } },
{ "type": "Feature", "properties": { "OBJECTID": 6111, "WADMPR": "Sulawesi Selatan", "WADMKK": "Kab. Luwu Utara", "WADMKC": "Kec. Sukamaju Selatan", "WADMKD": "Desa Subur", "POKTAN": "Gapoktan Harapan Maju", "K_POKTAN": "Jamus", "P_SID": "Universitas Negeri Makassar", "NO_HP_1": "0821-2315-7199", "NAMA_PEMIL": "Pemerintah Desa", "N_PETAK": "SBB007", "LUAS_HA": 0.3810668877, "PAKET": "Paket Sulawesi Selatan 18" }, "geometry": { "type": "MultiPolygon", "coordinates": [ [ [ [ 120.457313926696429, -2.686610926552987, 0.0 ], [ 120.457341150074058, -2.686292155558476, 0.0 ], [ 120.457344279714789, -2.686154184268162, 0.0 ], [ 120.457273332198611, -2.686151640086052, 0.0 ], [ 120.457309784419067, -2.6858123465625, 0.0 ], [ 120.457714070148313, -2.68582889678612, 0.0 ], [ 120.45768889003034, -2.686625366067744, 0.0 ], [ 120.457379944129229, -2.686620818196161, 0.0 ], [ 120.457313926696429, -2.686610926552987, 0.0 ] ] ] ] } },
{ "type": "Feature", "properties": { "OBJECTID": 6112, "WADMPR": "Sulawesi Selatan", "WADMKK": "Kab. Luwu Utara", "WADMKC": "Kec. Sukamaju Selatan", "WADMKD": "Desa Subur", "POKTAN": "Gapoktan Harapan Maju", "K_POKTAN": "Jamus", "P_SID": "Universitas Negeri Makassar", "NO_HP_1": "0821-2315-7199", "NAMA_PEMIL": "Pemerintah Desa", "N_PETAK": "SBB008", "LUAS_HA": 0.96278926085000005, "PAKET": "Paket Sulawesi Selatan 18" }, "geometry": { "type": "MultiPolygon", "coordinates": [ [ [ [ 120.458058086011874, -2.688655787034918, 0.0 ], [ 120.458024947793206, -2.6895594635983, 0.0 ], [ 120.457123588782679, -2.689526363151117, 0.0 ], [ 120.457213890608614, -2.688639237710618, 0.0 ], [ 120.458058086011874, -2.688655787034918, 0.0 ] ] ] ] } },
{ "type": "Feature", "properties": { "OBJECTID": 6113, "WADMPR": "Sulawesi Selatan", "WADMKK": "Kab. Luwu Utara", "WADMKC": "Kec. Sukamaju Selatan", "WADMKD": "Desa Subur", "POKTAN": "Gapoktan Harapan Maju", "K_POKTAN": "Jamus", "P_SID": "Universitas Negeri Makassar", "NO_HP_1": "0821-2315-7199", "NAMA_PEMIL": "Pemerintah Desa", "N_PETAK": "SBB009", "LUAS_HA": 0.31281929847000001, "PAKET": "Paket Sulawesi Selatan 18" }, "geometry": { "type": "MultiPolygon", "coordinates": [ [ [ [ 120.458527819902997, -2.689557809745054, 0.0 ], [ 120.458116906170289, -2.689539602970228, 0.0 ], [ 120.458143417284987, -2.688856052564745, 0.0 ], [ 120.458188160355348, -2.68885559211185, 0.0 ], [ 120.458368756812774, -2.688864328126215, 0.0 ], [ 120.458365442810987, -2.688965289616362, 0.0 ], [ 120.458408522135642, -2.688963633065157, 0.0 ], [ 120.458416782408676, -2.689041310208268, 0.0 ], [ 120.458551017015907, -2.68904473302797, 0.0 ], [ 120.458527819902997, -2.689557809745054, 0.0 ] ] ] ] } },
{ "type": "Feature", "properties": { "OBJECTID": 6114, "WADMPR": "Sulawesi Selatan", "WADMKK": "Kab. Luwu Utara", "WADMKC": "Kec. Sukamaju Selatan", "WADMKD": "Desa Subur", "POKTAN": "Gapoktan Harapan Maju", "K_POKTAN": "Jamus", "P_SID": "Universitas Negeri Makassar", "NO_HP_1": "0821-2315-7199", "NAMA_PEMIL": "Pemerintah Desa", "N_PETAK": "SBB010", "LUAS_HA": 0.93835497673000001, "PAKET": "Paket Sulawesi Selatan 18" }, "geometry": { "type": "MultiPolygon", "coordinates": [ [ [ [ 120.458527819902997, -2.689557809745054, 0.0 ], [ 120.45859248295676, -2.689621135506968, 0.0 ], [ 120.458991167708291, -2.689624462099175, 0.0 ], [ 120.458915536522909, -2.690481346936565, 0.0 ], [ 120.458073826845748, -2.690461485409173, 0.0 ], [ 120.458116906170289, -2.689539602970228, 0.0 ], [ 120.458527819902997, -2.689557809745054, 0.0 ] ] ] ] } },
{ "type": "Feature", "properties": { "OBJECTID": 6115, "WADMPR": "Sulawesi Selatan", "WADMKK": "Kab. Luwu Utara", "WADMKC": "Kec. Sukamaju Selatan", "WADMKD": "Desa Subur", "POKTAN": "Gapoktan Harapan Maju", "K_POKTAN": "Jamus", "P_SID": "Universitas Negeri Makassar", "NO_HP_1": "0821-2315-7199", "NAMA_PEMIL": "Pemerintah Desa", "N_PETAK": "SBB011", "LUAS_HA": 0.80866248342000002, "PAKET": "Paket Sulawesi Selatan 18" }, "geometry": { "type": "MultiPolygon", "coordinates": [ [ [ [ 120.458915536522909, -2.690481346936565, 0.0 ], [ 120.458911601988916, -2.691003525692111, 0.0 ], [ 120.45890890941871, -2.691398261520533, 0.0 ], [ 120.458631582781436, -2.691393710950933, 0.0 ], [ 120.458413493587955, -2.69139495291472, 0.0 ], [ 120.458387332309599, -2.691355665131766, 0.0 ], [ 120.458396323731449, -2.691174048843209, 0.0 ], [ 120.458343795230007, -2.691083402576908, 0.0 ], [ 120.458229478807425, -2.690988154479726, 0.0 ], [ 120.458055797237307, -2.690939567706835, 0.0 ], [ 120.458073826845748, -2.690461485409173, 0.0 ], [ 120.458915536522909, -2.690481346936565, 0.0 ] ] ] ] } },
{ "type": "Feature", "properties": { "OBJECTID": 6116, "WADMPR": "Sulawesi Selatan", "WADMKK": "Kab. Luwu Utara", "WADMKC": "Kec. Sukamaju Selatan", "WADMKD": "Desa Subur", "POKTAN": "Gapoktan Harapan Maju", "K_POKTAN": "Jamus", "P_SID": "Universitas Negeri Makassar", "NO_HP_1": "0821-2315-7199", "NAMA_PEMIL": "Pemerintah Desa", "N_PETAK": "SBB012", "LUAS_HA": 0.19915181054, "PAKET": "Paket Sulawesi Selatan 18" }, "geometry": { "type": "MultiPolygon", "coordinates": [ [ [ [ 120.45932997200066, -2.691425985820558, 0.0 ], [ 120.45890890941871, -2.691398261520533, 0.0 ], [ 120.458911601988916, -2.691003525692111, 0.0 ], [ 120.4591226503901, -2.691006006921612, 0.0 ], [ 120.459199430909052, -2.691060468066098, 0.0 ], [ 120.459327997089417, -2.691153286195174, 0.0 ], [ 120.459356275371874, -2.6912344095403, 0.0 ], [ 120.459362902476073, -2.691419777800434, 0.0 ], [ 120.45932997200066, -2.691425985820558, 0.0 ] ] ] ] } },
{ "type": "Feature", "properties": { "OBJECTID": 6117, "WADMPR": "Sulawesi Selatan", "WADMKK": "Kab. Luwu Utara", "WADMKC": "Kec. Sukamaju Selatan", "WADMKD": "Desa Subur", "POKTAN": "Gapoktan Harapan Maju", "K_POKTAN": "Jamus", "P_SID": "Universitas Negeri Makassar", "NO_HP_1": "0821-2315-7199", "NAMA_PEMIL": "Pemerintah Desa", "N_PETAK": "SBB013", "LUAS_HA": 0.14783808829, "PAKET": "Paket Sulawesi Selatan 18" }, "geometry": { "type": "MultiPolygon", "coordinates": [ [ [ [ 120.458900831708092, -2.691893546050267, 0.0 ], [ 120.458904145709766, -2.692317247243125, 0.0 ], [ 120.458615843746202, -2.692327177557161, 0.0 ], [ 120.45863241285565, -2.691886926140683, 0.0 ], [ 120.458900831708092, -2.691893546050267, 0.0 ] ] ] ] } },
{ "type": "Feature", "properties": { "OBJECTID": 6118, "WADMPR": "Sulawesi Selatan", "WADMKK": "Kab. Luwu Utara", "WADMKC": "Kec. Sukamaju Selatan", "WADMKD": "Desa Subur", "POKTAN": "Gapoktan Harapan Maju", "K_POKTAN": "Jamus", "P_SID": "Universitas Negeri Makassar", "NO_HP_1": "0821-2315-7199", "NAMA_PEMIL": "Pemerintah Desa", "N_PETAK": "SBB014", "LUAS_HA": 0.19400920374, "PAKET": "Paket Sulawesi Selatan 18" }, "geometry": { "type": "MultiPolygon", "coordinates": [ [ [ [ 120.459182506567458, -2.691896855555399, 0.0 ], [ 120.45917367972163, -2.692140216597693, 0.0 ], [ 120.459396922030351, -2.692145787897744, 0.0 ], [ 120.459388627583166, -2.692333706635225, 0.0 ], [ 120.458904145709766, -2.692317247243125, 0.0 ], [ 120.458900831708092, -2.691893546050267, 0.0 ], [ 120.459182506567458, -2.691896855555399, 0.0 ] ] ] ] } },
{ "type": "Feature", "properties": { "OBJECTID": 6119, "WADMPR": "Sulawesi Selatan", "WADMKK": "Kab. Luwu Utara", "WADMKC": "Kec. Sukamaju Selatan", "WADMKD": "Desa Subur", "POKTAN": "Gapoktan Harapan Maju", "K_POKTAN": "Jamus", "P_SID": "Universitas Negeri Makassar", "NO_HP_1": "0821-2315-7199", "NAMA_PEMIL": "Pemerintah Desa", "N_PETAK": "SBB015", "LUAS_HA": 0.14097285794, "PAKET": "Paket Sulawesi Selatan 18" }, "geometry": { "type": "MultiPolygon", "coordinates": [ [ [ [ 120.45863241285565, -2.691886926140683, 0.0 ], [ 120.458393817320825, -2.691876994927327, 0.0 ], [ 120.458398787873875, -2.691423502792361, 0.0 ], [ 120.458413493587955, -2.69139495291472, 0.0 ], [ 120.458631582781436, -2.691393710950933, 0.0 ], [ 120.45863241285565, -2.691886926140683, 0.0 ] ] ] ] } },
{ "type": "Feature", "properties": { "OBJECTID": 6120, "WADMPR": "Sulawesi Selatan", "WADMKK": "Kab. Luwu Utara", "WADMKC": "Kec. Sukamaju Selatan", "WADMKD": "Desa Subur", "POKTAN": "Gapoktan Harapan Maju", "K_POKTAN": "Jamus", "P_SID": "Universitas Negeri Makassar", "NO_HP_1": "0821-2315-7199", "NAMA_PEMIL": "Pemerintah Desa", "N_PETAK": "SBB016", "LUAS_HA": 0.40749000285999998, "PAKET": "Paket Sulawesi Selatan 18" }, "geometry": { "type": "MultiPolygon", "coordinates": [ [ [ [ 120.45890890941871, -2.691398261520533, 0.0 ], [ 120.45932997200066, -2.691425985820558, 0.0 ], [ 120.459323343997198, -2.691840582276996, 0.0 ], [ 120.459202839339582, -2.691839923073928, 0.0 ], [ 120.459182506567458, -2.691896855555399, 0.0 ], [ 120.458900831708092, -2.691893546050267, 0.0 ], [ 120.45863241285565, -2.691886926140683, 0.0 ], [ 120.458631582781436, -2.691393710950933, 0.0 ], [ 120.45890890941871, -2.691398261520533, 0.0 ] ] ] ] } },
{ "type": "Feature", "properties": { "OBJECTID": 6121, "WADMPR": "Sulawesi Selatan", "WADMKK": "Kab. Luwu Utara", "WADMKC": "Kec. Sukamaju Selatan", "WADMKD": "Desa Subur", "POKTAN": "Gapoktan Harapan Maju", "K_POKTAN": "Jamus", "P_SID": "Universitas Negeri Makassar", "NO_HP_1": "0821-2315-7199", "NAMA_PEMIL": "Pemerintah Desa", "N_PETAK": "SBB017", "LUAS_HA": 0.12762571887, "PAKET": "Paket Sulawesi Selatan 18" }, "geometry": { "type": "MultiPolygon", "coordinates": [ [ [ [ 120.45863241285565, -2.691886926140683, 0.0 ], [ 120.458615843746202, -2.692327177557161, 0.0 ], [ 120.458387189317364, -2.692324694528963, 0.0 ], [ 120.458393817320825, -2.691876994927327, 0.0 ], [ 120.45863241285565, -2.691886926140683, 0.0 ] ] ] ] } },
{ "type": "Feature", "properties": { "OBJECTID": 6122, "WADMPR": "Sulawesi Selatan", "WADMKK": "Kab. Luwu Utara", "WADMKC": "Kec. Sukamaju Selatan", "WADMKD": "Desa Subur", "POKTAN": "Gapoktan Harapan Maju", "K_POKTAN": "Jamus", "P_SID": "Universitas Negeri Makassar", "NO_HP_1": "0821-2315-7199", "NAMA_PEMIL": "Pemerintah Desa", "N_PETAK": "SBB018", "LUAS_HA": 0.28916140533000001, "PAKET": "Paket Sulawesi Selatan 18" }, "geometry": { "type": "MultiPolygon", "coordinates": [ [ [ [ 120.465417459548235, -2.693711652370837, 0.0 ], [ 120.465409174993511, -2.694133697012433, 0.0 ], [ 120.464885591496909, -2.694181694729366, 0.0 ], [ 120.464910445160967, -2.693690135191559, 0.0 ], [ 120.465417459548235, -2.693711652370837, 0.0 ] ] ] ] } },
{ "type": "Feature", "properties": { "OBJECTID": 6123, "WADMPR": "Sulawesi Selatan", "WADMKK": "Kab. Luwu Utara", "WADMKC": "Kec. Sukamaju Selatan", "WADMKD": "Desa Subur", "POKTAN": "Gapoktan Harapan Maju", "K_POKTAN": "Jamus", "P_SID": "Universitas Negeri Makassar", "NO_HP_1": "0821-2315-7199", "NAMA_PEMIL": "Pemerintah Desa", "N_PETAK": "SBB019", "LUAS_HA": 0.27319285697000001, "PAKET": "Paket Sulawesi Selatan 18" }, "geometry": { "type": "MultiPolygon", "coordinates": [ [ [ [ 120.466007319482287, -2.693741194200697, 0.0 ], [ 120.466007319482287, -2.69406749431937, 0.0 ], [ 120.465409174993511, -2.694133697012433, 0.0 ], [ 120.465417459548235, -2.693711652370837, 0.0 ], [ 120.466007319482287, -2.693741194200697, 0.0 ] ] ] ] } },
{ "type": "Feature", "properties": { "OBJECTID": 6124, "WADMPR": "Sulawesi Selatan", "WADMKK": "Kab. Luwu Utara", "WADMKC": "Kec. Sukamaju Selatan", "WADMKD": "Desa Subur", "POKTAN": "Gapoktan Harapan Maju", "K_POKTAN": "Jamus", "P_SID": "Universitas Negeri Makassar", "NO_HP_1": "0821-2315-7199", "NAMA_PEMIL": "Pemerintah Desa", "N_PETAK": "SBB020", "LUAS_HA": 0.78864386643999995, "PAKET": "Paket Sulawesi Selatan 18" }, "geometry": { "type": "MultiPolygon", "coordinates": [ [ [ [ 120.465540070418001, -2.693158855296872, 0.0 ], [ 120.466007319482287, -2.693191955744112, 0.0 ], [ 120.466007319482287, -2.693741194200697, 0.0 ], [ 120.465417459548235, -2.693711652370837, 0.0 ], [ 120.464910445160967, -2.693690135191559, 0.0 ], [ 120.464850795827601, -2.693675239720505, 0.0 ], [ 120.464840854721729, -2.693142304173932, 0.0 ], [ 120.465540070418001, -2.693158855296872, 0.0 ] ] ] ] } },
{ "type": "Feature", "properties": { "OBJECTID": 6125, "WADMPR": "Sulawesi Selatan", "WADMKK": "Kab. Luwu Utara", "WADMKC": "Kec. Sukamaju Selatan", "WADMKD": "Desa Subur", "POKTAN": "Gapoktan Harapan Maju", "K_POKTAN": "Jamus", "P_SID": "Universitas Negeri Makassar", "NO_HP_1": "0821-2315-7199", "NAMA_PEMIL": "Pemerintah Desa", "N_PETAK": "SBB021", "LUAS_HA": 1.4006955666600001, "PAKET": "Paket Sulawesi Selatan 18" }, "geometry": { "type": "MultiPolygon", "coordinates": [ [ [ [ 120.465384494898558, -2.69185326451651, 0.0 ], [ 120.465410831544659, -2.69215587559313, 0.0 ], [ 120.465516874204468, -2.692519994002453, 0.0 ], [ 120.465540070418001, -2.693158855296872, 0.0 ], [ 120.464840854721729, -2.693142304173932, 0.0 ], [ 120.46452604164358, -2.693129063455444, 0.0 ], [ 120.464569120968235, -2.692195597748594, 0.0 ], [ 120.464807716502946, -2.692185668333877, 0.0 ], [ 120.464811030504734, -2.691791758083127, 0.0 ], [ 120.4650927053641, -2.691818238620783, 0.0 ], [ 120.465320402914358, -2.691820320551301, 0.0 ], [ 120.465384494898558, -2.69185326451651, 0.0 ] ] ] ] } },
{ "type": "Feature", "properties": { "OBJECTID": 6126, "WADMPR": "Sulawesi Selatan", "WADMKK": "Kab. Luwu Utara", "WADMKC": "Kec. Sukamaju Selatan", "WADMKD": "Desa Subur", "POKTAN": "Gapoktan Harapan Maju", "K_POKTAN": "Jamus", "P_SID": "Universitas Negeri Makassar", "NO_HP_1": "0821-2315-7199", "NAMA_PEMIL": "Pemerintah Desa", "N_PETAK": "SBB022", "LUAS_HA": 1.18483740649, "PAKET": "Paket Sulawesi Selatan 18" }, "geometry": { "type": "MultiPolygon", "coordinates": [ [ [ [ 120.466363555333828, -2.692531579069055, 0.0 ], [ 120.466383437545687, -2.693150578836082, 0.0 ], [ 120.466486166203708, -2.693170440363474, 0.0 ], [ 120.466476225097722, -2.694027771264587, 0.0 ], [ 120.466007319482287, -2.69406749431937, 0.0 ], [ 120.466007319482287, -2.693741194200697, 0.0 ], [ 120.466007319482287, -2.693191955744112, 0.0 ], [ 120.465540070418001, -2.693158855296872, 0.0 ], [ 120.465516874204468, -2.692519994002453, 0.0 ], [ 120.466363555333828, -2.692531579069055, 0.0 ] ] ] ] } },
{ "type": "Feature", "properties": { "OBJECTID": 6127, "WADMPR": "Sulawesi Selatan", "WADMKK": "Kab. Luwu Utara", "WADMKC": "Kec. Sukamaju Selatan", "WADMKD": "Desa Subur", "POKTAN": "Gapoktan Harapan Maju", "K_POKTAN": "Jamus", "P_SID": "Universitas Negeri Makassar", "NO_HP_1": "0821-2315-7199", "NAMA_PEMIL": "Pemerintah Desa", "N_PETAK": "SBB023", "LUAS_HA": 0.6658785907, "PAKET": "Paket Sulawesi Selatan 18" }, "geometry": { "type": "MultiPolygon", "coordinates": [ [ [ [ 120.467215207016238, -2.693210162518938, 0.0 ], [ 120.466486166203708, -2.693170440363474, 0.0 ], [ 120.466383437545687, -2.693150578836082, 0.0 ], [ 120.466363555333828, -2.692531579069055, 0.0 ], [ 120.466797665280069, -2.692528269563923, 0.0 ], [ 120.467185382799244, -2.692534890372826, 0.0 ], [ 120.467215207016238, -2.693210162518938, 0.0 ] ] ] ] } },
{ "type": "Feature", "properties": { "OBJECTID": 6128, "WADMPR": "Sulawesi Selatan", "WADMKK": "Kab. Luwu Utara", "WADMKC": "Kec. Sukamaju Selatan", "WADMKD": "Desa Subur", "POKTAN": "Gapoktan Harapan Maju", "K_POKTAN": "Jamus", "P_SID": "Universitas Negeri Makassar", "NO_HP_1": "0821-2315-7199", "NAMA_PEMIL": "Pemerintah Desa", "N_PETAK": "SBB024", "LUAS_HA": 0.51980421206000005, "PAKET": "Paket Sulawesi Selatan 18" }, "geometry": { "type": "MultiPolygon", "coordinates": [ [ [ [ 120.466329563658519, -2.692116631877013, 0.0 ], [ 120.466363555333828, -2.692531579069055, 0.0 ], [ 120.465516874204468, -2.692519994002453, 0.0 ], [ 120.465410831544659, -2.69215587559313, 0.0 ], [ 120.465384494898558, -2.69185326451651, 0.0 ], [ 120.465521531793343, -2.691931592768753, 0.0 ], [ 120.465529195815748, -2.691935876239654, 0.0 ], [ 120.465586479032822, -2.691967148365165, 0.0 ], [ 120.465601286370315, -2.691974876239499, 0.0 ], [ 120.465603320636774, -2.69197588527885, 0.0 ], [ 120.46566271905931, -2.692005121339207, 0.0 ], [ 120.465687176122287, -2.692016260342086, 0.0 ], [ 120.465742020378002, -2.692039282087137, 0.0 ], [ 120.46574228927534, -2.692039394502387, 0.0 ], [ 120.465755136090706, -2.692044544919781, 0.0 ], [ 120.465865007164439, -2.692086639486774, 0.0 ], [ 120.46587966071786, -2.692091962573954, 0.0 ], [ 120.465904641186285, -2.692099739011724, 0.0 ], [ 120.465940443196928, -2.692109746667427, 0.0 ], [ 120.465943585428136, -2.692110613613863, 0.0 ], [ 120.465972210848918, -2.692117389106158, 0.0 ], [ 120.465984191617167, -2.69211964190788, 0.0 ], [ 120.466016751571942, -2.692125305838147, 0.0 ], [ 120.466033774838934, -2.692127930959202, 0.0 ], [ 120.466062741102633, -2.692130870842959, 0.0 ], [ 120.466094383748896, -2.692133043605054, 0.0 ], [ 120.46609467692781, -2.692133063390088, 0.0 ], [ 120.466124065873032, -2.69213409221453, 0.0 ], [ 120.466130026579549, -2.692134064335562, 0.0 ], [ 120.466164720625443, -2.692133674029776, 0.0 ], [ 120.466188154259953, -2.692132796291446, 0.0 ], [ 120.466193769626784, -2.692132402388438, 0.0 ], [ 120.466232127510693, -2.692129468799919, 0.0 ], [ 120.466254154605622, -2.692127234883912, 0.0 ], [ 120.466299289780409, -2.692121524188963, 0.0 ], [ 120.466300918452703, -2.692121314646897, 0.0 ], [ 120.466329563658519, -2.692116631877013, 0.0 ] ] ] ] } },
{ "type": "Feature", "properties": { "OBJECTID": 6129, "WADMPR": "Sulawesi Selatan", "WADMKK": "Kab. Luwu Utara", "WADMKC": "Kec. Sukamaju Selatan", "WADMKD": "Desa Subur", "POKTAN": "Gapoktan Harapan Maju", "K_POKTAN": "Jamus", "P_SID": "Universitas Negeri Makassar", "NO_HP_1": "0821-2315-7199", "NAMA_PEMIL": "Pemerintah Desa", "N_PETAK": "SBB025", "LUAS_HA": 0.25367470283, "PAKET": "Paket Sulawesi Selatan 18" }, "geometry": { "type": "MultiPolygon", "coordinates": [ [ [ [ 120.466797665280069, -2.692528269563923, 0.0 ], [ 120.466363555333828, -2.692531579069055, 0.0 ], [ 120.466329563658519, -2.692116631877013, 0.0 ], [ 120.466383289157534, -2.692106051353164, 0.0 ], [ 120.466383668671483, -2.692105976709399, 0.0 ], [ 120.46641232197112, -2.692099320826969, 0.0 ], [ 120.466421977991899, -2.692096623760108, 0.0 ], [ 120.46647987994254, -2.692079753377868, 0.0 ], [ 120.466498382594295, -2.692073924871693, 0.0 ], [ 120.466509560268037, -2.692069968754026, 0.0 ], [ 120.466572825775302, -2.692046634944177, 0.0 ], [ 120.466589191637922, -2.692040229972577, 0.0 ], [ 120.466592461572873, -2.692038860305104, 0.0 ], [ 120.466672422094689, -2.692005007125317, 0.0 ], [ 120.4666745714743, -2.692004095212781, 0.0 ], [ 120.46667847183403, -2.692002423373083, 0.0 ], [ 120.46674917563405, -2.691971694438109, 0.0 ], [ 120.466797665280069, -2.692528269563923, 0.0 ] ] ] ] } },
{ "type": "Feature", "properties": { "OBJECTID": 6130, "WADMPR": "Sulawesi Selatan", "WADMKK": "Kab. Luwu Utara", "WADMKC": "Kec. Sukamaju Selatan", "WADMKD": "Desa Subur", "POKTAN": "Gapoktan Harapan Maju", "K_POKTAN": "Jamus", "P_SID": "Universitas Negeri Makassar", "NO_HP_1": "0821-2315-7199", "NAMA_PEMIL": "Pemerintah Desa", "N_PETAK": "SBB026", "LUAS_HA": 0.84460577198999998, "PAKET": "Paket Sulawesi Selatan 18" }, "geometry": { "type": "MultiPolygon", "coordinates": [ [ [ [ 120.467215207016238, -2.693210162518938, 0.0 ], [ 120.46729473856135, -2.693225057989991, 0.0 ], [ 120.467301365665548, -2.69364875828353, 0.0 ], [ 120.467281483453803, -2.694045978039412, 0.0 ], [ 120.466476225097722, -2.694027771264587, 0.0 ], [ 120.466486166203708, -2.693170440363474, 0.0 ], [ 120.467215207016238, -2.693210162518938, 0.0 ] ] ] ] } },
{ "type": "Feature", "properties": { "OBJECTID": 6131, "WADMPR": "Sulawesi Selatan", "WADMKK": "Kab. Luwu Utara", "WADMKC": "Kec. Sukamaju Selatan", "WADMKD": "Desa Subur", "POKTAN": "Gapoktan Harapan Maju", "K_POKTAN": "Jamus", "P_SID": "Universitas Negeri Makassar", "NO_HP_1": "0821-2315-7199", "NAMA_PEMIL": "Pemerintah Desa", "N_PETAK": "SBB027", "LUAS_HA": 0.4036643335, "PAKET": "Paket Sulawesi Selatan 18" }, "geometry": { "type": "MultiPolygon", "coordinates": [ [ [ [ 120.468070172700322, -2.6940757680822, 0.0 ], [ 120.467281483453803, -2.694045978039412, 0.0 ], [ 120.467301365665548, -2.69364875828353, 0.0 ], [ 120.468080113806309, -2.693635518464362, 0.0 ], [ 120.468070172700322, -2.6940757680822, 0.0 ] ] ] ] } },
{ "type": "Feature", "properties": { "OBJECTID": 6132, "WADMPR": "Sulawesi Selatan", "WADMKK": "Kab. Luwu Utara", "WADMKC": "Kec. Sukamaju Selatan", "WADMKD": "Desa Subur", "POKTAN": "Gapoktan Harapan Maju", "K_POKTAN": "Jamus", "P_SID": "Universitas Negeri Makassar", "NO_HP_1": "0821-2315-7199", "NAMA_PEMIL": "Pemerintah Desa", "N_PETAK": "SBB028", "LUAS_HA": 0.6123408124, "PAKET": "Paket Sulawesi Selatan 18" }, "geometry": { "type": "MultiPolygon", "coordinates": [ [ [ [ 120.4686633457369, -2.694082388891104, 0.0 ], [ 120.468070172700322, -2.6940757680822, 0.0 ], [ 120.468080113806309, -2.693635518464362, 0.0 ], [ 120.468083427807983, -2.693258160235871, 0.0 ], [ 120.468701455407881, -2.693251540326287, 0.0 ], [ 120.4686633457369, -2.694082388891104, 0.0 ] ] ] ] } },
{ "type": "Feature", "properties": { "OBJECTID": 6133, "WADMPR": "Sulawesi Selatan", "WADMKK": "Kab. Luwu Utara", "WADMKC": "Kec. Sukamaju Selatan", "WADMKD": "Desa Subur", "POKTAN": "Gapoktan Harapan Maju", "K_POKTAN": "Jamus", "P_SID": "Universitas Negeri Makassar", "NO_HP_1": "0821-2315-7199", "NAMA_PEMIL": "Pemerintah Desa", "N_PETAK": "SBB029", "LUAS_HA": 1.0515413606099999, "PAKET": "Paket Sulawesi Selatan 18" }, "geometry": { "type": "MultiPolygon", "coordinates": [ [ [ [ 120.469902714938371, -2.693446838001137, 0.0 ], [ 120.469949108264814, -2.693575935680826, 0.0 ], [ 120.469932539155366, -2.694112180732532, 0.0 ], [ 120.4686633457369, -2.694082388891104, 0.0 ], [ 120.468701455407881, -2.693251540326287, 0.0 ], [ 120.468966561157913, -2.693249884674401, 0.0 ], [ 120.468961589705714, -2.693483250651468, 0.0 ], [ 120.469902714938371, -2.693446838001137, 0.0 ] ] ] ] } },
{ "type": "Feature", "properties": { "OBJECTID": 6134, "WADMPR": "Sulawesi Selatan", "WADMKK": "Kab. Luwu Utara", "WADMKC": "Kec. Sukamaju Selatan", "WADMKD": "Desa Subur", "POKTAN": "Gapoktan Harapan Maju", "K_POKTAN": "Jamus", "P_SID": "Universitas Negeri Makassar", "NO_HP_1": "0821-2315-7199", "NAMA_PEMIL": "Pemerintah Desa", "N_PETAK": "SBB030", "LUAS_HA": 1.57997811409, "PAKET": "Paket Sulawesi Selatan 18" }, "geometry": { "type": "MultiPolygon", "coordinates": [ [ [ [ 120.469857149887616, -2.692662330602047, 0.0 ], [ 120.468213494956899, -2.692622608446584, 0.0 ], [ 120.468008038540233, -2.692334625742319, 0.0 ], [ 120.468024607649568, -2.691871202394054, 0.0 ], [ 120.469817383665372, -2.691967196029225, 0.0 ], [ 120.469857149887616, -2.692662330602047, 0.0 ] ] ] ] } },
{ "type": "Feature", "properties": { "OBJECTID": 6135, "WADMPR": "Sulawesi Selatan", "WADMKK": "Kab. Luwu Utara", "WADMKC": "Kec. Sukamaju Selatan", "WADMKD": "Desa Subur", "POKTAN": "Gapoktan Harapan Maju", "K_POKTAN": "Jamus", "P_SID": "Universitas Negeri Makassar", "NO_HP_1": "0821-2315-7199", "NAMA_PEMIL": "Pemerintah Desa", "N_PETAK": "SBB031", "LUAS_HA": 3.7923389530999998, "PAKET": "Paket Sulawesi Selatan 18" }, "geometry": { "type": "MultiPolygon", "coordinates": [ [ [ [ 120.468024607649568, -2.691871202394054, 0.0 ], [ 120.468008038540233, -2.692334625742319, 0.0 ], [ 120.468213494956899, -2.692622608446584, 0.0 ], [ 120.469857149887616, -2.692662330602047, 0.0 ], [ 120.469877032998738, -2.693291261582431, 0.0 ], [ 120.469902714938371, -2.693446838001137, 0.0 ], [ 120.468961589705714, -2.693483250651468, 0.0 ], [ 120.468966561157913, -2.693249884674401, 0.0 ], [ 120.468701455407881, -2.693251540326287, 0.0 ], [ 120.468083427807983, -2.693258160235871, 0.0 ], [ 120.468080113806309, -2.693635518464362, 0.0 ], [ 120.467301365665548, -2.69364875828353, 0.0 ], [ 120.46729473856135, -2.693225057989991, 0.0 ], [ 120.467215207016238, -2.693210162518938, 0.0 ], [ 120.467185382799244, -2.692534890372826, 0.0 ], [ 120.466797665280069, -2.692528269563923, 0.0 ], [ 120.46674917563405, -2.691971694438109, 0.0 ], [ 120.466765066654602, -2.691964416224778, 0.0 ], [ 120.466766992103089, -2.691963489023749, 0.0 ], [ 120.466806201644999, -2.691944596066207, 0.0 ], [ 120.466809950918559, -2.691942769543118, 0.0 ], [ 120.466834245204268, -2.691929842688069, 0.0 ], [ 120.466870580512932, -2.691909056657607, 0.0 ], [ 120.466872249654671, -2.691908097080955, 0.0 ], [ 120.466897254404785, -2.691892531614997, 0.0 ], [ 120.466907502179538, -2.691885469238969, 0.0 ], [ 120.466937873184406, -2.691863914288149, 0.0 ], [ 120.466951564463216, -2.691853801411753, 0.0 ], [ 120.46697433439806, -2.691835088318612, 0.0 ], [ 120.466982038890023, -2.691828164438164, 0.0 ], [ 120.468024607649568, -2.691871202394054, 0.0 ] ] ] ] } },
{ "type": "Feature", "properties": { "OBJECTID": 6136, "WADMPR": "Sulawesi Selatan", "WADMKK": "Kab. Luwu Utara", "WADMKC": "Kec. Sukamaju Selatan", "WADMKD": "Desa Subur", "POKTAN": "Gapoktan Harapan Maju", "K_POKTAN": "Jamus", "P_SID": "Universitas Negeri Makassar", "NO_HP_1": "0821-2315-7199", "NAMA_PEMIL": "Pemerintah Desa", "N_PETAK": "SBB032", "LUAS_HA": 0.96467007147999995, "PAKET": "Paket Sulawesi Selatan 18" }, "geometry": { "type": "MultiPolygon", "coordinates": [ [ [ [ 120.468959104878877, -2.691877823202958, 0.0 ], [ 120.469008358948713, -2.691016387796026, 0.0 ], [ 120.469030668430719, -2.691018467028584, 0.0 ], [ 120.469039833421675, -2.691018981440777, 0.0 ], [ 120.469041235464715, -2.691019061480461, 0.0 ], [ 120.469095215471839, -2.691021449180482, 0.0 ], [ 120.469114037382951, -2.691021885351688, 0.0 ], [ 120.469126617099732, -2.691021545407921, 0.0 ], [ 120.469140067360286, -2.691021181182521, 0.0 ], [ 120.469188406819626, -2.691018461632666, 0.0 ], [ 120.469191770284056, -2.691018260184535, 0.0 ], [ 120.469207444567928, -2.691016982247902, 0.0 ], [ 120.469272309069879, -2.691010545799998, 0.0 ], [ 120.469285906819209, -2.691008984576911, 0.0 ], [ 120.469304255686893, -2.691006207470423, 0.0 ], [ 120.469338653855857, -2.691000264750357, 0.0 ], [ 120.469349330607201, -2.690998286241893, 0.0 ], [ 120.469377983906838, -2.690991631258726, 0.0 ], [ 120.469403461700495, -2.690984005007749, 0.0 ], [ 120.469432554768673, -2.690974344490371, 0.0 ], [ 120.469435234748403, -2.69097344696695, 0.0 ], [ 120.469462779184028, -2.690963087676323, 0.0 ], [ 120.46948958977282, -2.690950936936133, 0.0 ], [ 120.469503099388589, -2.690943986975356, 0.0 ], [ 120.469514755501677, -2.690937736687147, 0.0 ], [ 120.469527209313355, -2.690930802014861, 0.0 ], [ 120.469552214962846, -2.690915237448223, 0.0 ], [ 120.469568744501998, -2.69090363439517, 0.0 ], [ 120.46957861995736, -2.690896366074412, 0.0 ], [ 120.46958602947177, -2.690890794774305, 0.0 ], [ 120.469608800305991, -2.690872079882524, 0.0 ], [ 120.469630304894736, -2.69085190988767, 0.0 ], [ 120.46963484826972, -2.690847294566936, 0.0 ], [ 120.469648220289173, -2.690833513355926, 0.0 ], [ 120.46966382352673, -2.690816587215693, 0.0 ], [ 120.469682526727297, -2.690793766019453, 0.0 ], [ 120.469687187913451, -2.690787573287821, 0.0 ], [ 120.469700499678424, -2.690769571558405, 0.0 ], [ 120.469713016442597, -2.69075176228398, 0.0 ], [ 120.469726918162792, -2.690729567915184, 0.0 ], [ 120.469739139949411, -2.690708737817943, 0.0 ], [ 120.469740819882986, -2.690705850994163, 0.0 ], [ 120.469754735093034, -2.690679800332475, 0.0 ], [ 120.469759814463941, -2.690669151460099, 0.0 ], [ 120.46976935806947, -2.69064844996592, 0.0 ], [ 120.469769905756607, -2.690647259263585, 0.0 ], [ 120.469830639672296, -2.691910923650141, 0.0 ], [ 120.468959104878877, -2.691877823202958, 0.0 ] ] ] ] } },
{ "type": "Feature", "properties": { "OBJECTID": 6137, "WADMPR": "Sulawesi Selatan", "WADMKK": "Kab. Luwu Utara", "WADMKC": "Kec. Sukamaju Selatan", "WADMKD": "Desa Subur", "POKTAN": "Gapoktan Harapan Maju", "K_POKTAN": "Jamus", "P_SID": "Universitas Negeri Makassar", "NO_HP_1": "0821-2315-7199", "NAMA_PEMIL": "Pemerintah Desa", "N_PETAK": "SBB033", "LUAS_HA": 1.1040040598800001, "PAKET": "Paket Sulawesi Selatan 18" }, "geometry": { "type": "MultiPolygon", "coordinates": [ [ [ [ 120.469008358948713, -2.691016387796026, 0.0 ], [ 120.468959104878877, -2.691877823202958, 0.0 ], [ 120.467956673761591, -2.691811618711199, 0.0 ], [ 120.468004567157095, -2.691048945952048, 0.0 ], [ 120.468130608940555, -2.69093064643215, 0.0 ], [ 120.468168088186758, -2.690927390886316, 0.0 ], [ 120.468173346522804, -2.690927229008366, 0.0 ], [ 120.468202617656743, -2.690924391647286, 0.0 ], [ 120.468221081637694, -2.690921592057805, 0.0 ], [ 120.468240397276531, -2.690918251975688, 0.0 ], [ 120.468250957116084, -2.690916294151634, 0.0 ], [ 120.468279610415721, -2.690909638269147, 0.0 ], [ 120.468307769088369, -2.690901112696167, 0.0 ], [ 120.468335312624617, -2.690890752506164, 0.0 ], [ 120.468362123213524, -2.69087860356467, 0.0 ], [ 120.468365251954879, -2.690878869763992, 0.0 ], [ 120.468439562036224, -2.690896482986261, 0.0 ], [ 120.468450354800098, -2.690899428265936, 0.0 ], [ 120.468536592589771, -2.690927805473791, 0.0 ], [ 120.468617657478944, -2.69094509943676, 0.0 ], [ 120.468618172790457, -2.690945239730979, 0.0 ], [ 120.468635254513401, -2.69094952140324, 0.0 ], [ 120.468732059337185, -2.690971770630654, 0.0 ], [ 120.468743603934286, -2.690974264450688, 0.0 ], [ 120.468749591620394, -2.69097543087139, 0.0 ], [ 120.468823929580708, -2.690989410832572, 0.0 ], [ 120.468835450795495, -2.690991419918021, 0.0 ], [ 120.46893124927783, -2.691006852284374, 0.0 ], [ 120.468942745311551, -2.691008551103721, 0.0 ], [ 120.468949694373009, -2.69100943064069, 0.0 ], [ 120.469008358948713, -2.691016387796026, 0.0 ] ] ] ] } },
{ "type": "Feature", "properties": { "OBJECTID": 6138, "WADMPR": "Sulawesi Selatan", "WADMKK": "Kab. Luwu Utara", "WADMKC": "Kec. Sukamaju Selatan", "WADMKD": "Desa Subur", "POKTAN": "Gapoktan Harapan Maju", "K_POKTAN": "Jamus", "P_SID": "Universitas Negeri Makassar", "NO_HP_1": "0821-2315-7199", "NAMA_PEMIL": "Pemerintah Desa", "N_PETAK": "SBB034", "LUAS_HA": 0.53800551403999997, "PAKET": "Paket Sulawesi Selatan 18" }, "geometry": { "type": "MultiPolygon", "coordinates": [ [ [ [ 120.467956673761591, -2.691811618711199, 0.0 ], [ 120.467022764688863, -2.691790150095301, 0.0 ], [ 120.467042912200668, -2.691768608634334, 0.0 ], [ 120.467046190229553, -2.691764823387814, 0.0 ], [ 120.46707310064312, -2.691733398377608, 0.0 ], [ 120.467088525814916, -2.691714362427831, 0.0 ], [ 120.467095248247119, -2.691705360214144, 0.0 ], [ 120.467118593748182, -2.691673272403534, 0.0 ], [ 120.46712448160963, -2.691664869138378, 0.0 ], [ 120.467127886442881, -2.691660006504037, 0.0 ], [ 120.467143686631857, -2.69163657197015, 0.0 ], [ 120.467275086576024, -2.691469683878779, 0.0 ], [ 120.467313015483342, -2.691420424413025, 0.0 ], [ 120.467313644109481, -2.691419606029967, 0.0 ], [ 120.467330822059807, -2.691395603124533, 0.0 ], [ 120.467338942038623, -2.691382988334169, 0.0 ], [ 120.467342246147837, -2.691377666146309, 0.0 ], [ 120.46739268282613, -2.69129846824967, 0.0 ], [ 120.467418267639005, -2.691290060487859, 0.0 ], [ 120.467474607467238, -2.691272756632372, 0.0 ], [ 120.467602095360462, -2.691245580918803, 0.0 ], [ 120.467668371798027, -2.69123068454843, 0.0 ], [ 120.46770699857916, -2.691218921416066, 0.0 ], [ 120.467708522930025, -2.691218545499453, 0.0 ], [ 120.467736680703297, -2.691210019027096, 0.0 ], [ 120.467740188958601, -2.691208813935589, 0.0 ], [ 120.467771461983489, -2.691197921346941, 0.0 ], [ 120.467795499063072, -2.691188767147821, 0.0 ], [ 120.467822309651979, -2.691176618206327, 0.0 ], [ 120.467825029201776, -2.691175265625986, 0.0 ], [ 120.467851132923556, -2.691162167899677, 0.0 ], [ 120.467874376801092, -2.691149634947635, 0.0 ], [ 120.467899381551319, -2.691134071280317, 0.0 ], [ 120.467904432143882, -2.691130642165376, 0.0 ], [ 120.467921667650899, -2.691118771114361, 0.0 ], [ 120.467940556111785, -2.691105024077558, 0.0 ], [ 120.46795939151275, -2.691089726609562, 0.0 ], [ 120.467977358168582, -2.691074313128979, 0.0 ], [ 120.467981292702575, -2.691070898403211, 0.0 ], [ 120.468002797291319, -2.691050727509037, 0.0 ], [ 120.468004567157095, -2.691048945952048, 0.0 ], [ 120.467956673761591, -2.691811618711199, 0.0 ] ] ] ] } },
{ "type": "Feature", "properties": { "OBJECTID": 6139, "WADMPR": "Sulawesi Selatan", "WADMKK": "Kab. Luwu Utara", "WADMKC": "Kec. Sukamaju Selatan", "WADMKD": "Desa Subur", "POKTAN": "Gapoktan Harapan Maju", "K_POKTAN": "Jamus", "P_SID": "Universitas Negeri Makassar", "NO_HP_1": "0821-2315-7199", "NAMA_PEMIL": "Pemerintah Desa", "N_PETAK": "SBB035", "LUAS_HA": 0.71117634402999996, "PAKET": "Paket Sulawesi Selatan 18" }, "geometry": { "type": "MultiPolygon", "coordinates": [ [ [ [ 120.470834726441581, -2.693313397495274, 0.0 ], [ 120.469946623437977, -2.693270365834678, 0.0 ], [ 120.469900229212271, -2.692638124449843, 0.0 ], [ 120.470761822899817, -2.692621575125543, 0.0 ], [ 120.470834726441581, -2.693313397495274, 0.0 ] ] ] ] } },
{ "type": "Feature", "properties": { "OBJECTID": 6140, "WADMPR": "Sulawesi Selatan", "WADMKK": "Kab. Luwu Utara", "WADMKC": "Kec. Sukamaju Selatan", "WADMKD": "Desa Subur", "POKTAN": "Gapoktan Harapan Maju", "K_POKTAN": "Jamus", "P_SID": "Universitas Negeri Makassar", "NO_HP_1": "0821-2315-7199", "NAMA_PEMIL": "Pemerintah Desa", "N_PETAK": "SBB036", "LUAS_HA": 0.76702256487999998, "PAKET": "Paket Sulawesi Selatan 18" }, "geometry": { "type": "MultiPolygon", "coordinates": [ [ [ [ 120.471666495912132, -2.692638124449843, 0.0 ], [ 120.471732772349583, -2.693333259022666, 0.0 ], [ 120.470834726441581, -2.693313397495274, 0.0 ], [ 120.470761822899817, -2.692621575125543, 0.0 ], [ 120.471666495912132, -2.692638124449843, 0.0 ] ] ] ] } },
{ "type": "Feature", "properties": { "OBJECTID": 6141, "WADMPR": "Sulawesi Selatan", "WADMKK": "Kab. Luwu Utara", "WADMKC": "Kec. Sukamaju Selatan", "WADMKD": "Desa Subur", "POKTAN": "Gapoktan Harapan Maju", "K_POKTAN": "Jamus", "P_SID": "Universitas Negeri Makassar", "NO_HP_1": "0821-2315-7199", "NAMA_PEMIL": "Pemerintah Desa", "N_PETAK": "SBB037", "LUAS_HA": 1.74606474822, "PAKET": "Paket Sulawesi Selatan 18" }, "geometry": { "type": "MultiPolygon", "coordinates": [ [ [ [ 120.470834726441581, -2.693313397495274, 0.0 ], [ 120.471732772349583, -2.693333259022666, 0.0 ], [ 120.47168886385009, -2.694035013505015, 0.0 ], [ 120.471679751019792, -2.694177350104553, 0.0 ], [ 120.470012899875542, -2.694111146512171, 0.0 ], [ 120.470026154983088, -2.693568279752242, 0.0 ], [ 120.469946623437977, -2.693270365834678, 0.0 ], [ 120.470834726441581, -2.693313397495274, 0.0 ] ] ] ] } },
{ "type": "Feature", "properties": { "OBJECTID": 6142, "WADMPR": "Sulawesi Selatan", "WADMKK": "Kab. Luwu Utara", "WADMKC": "Kec. Sukamaju Selatan", "WADMKD": "Desa Subur", "POKTAN": "Gapoktan Harapan Maju", "K_POKTAN": "Jamus", "P_SID": "Universitas Negeri Makassar", "NO_HP_1": "0821-2315-7199", "NAMA_PEMIL": "Pemerintah Desa", "N_PETAK": "SBB038", "LUAS_HA": 0.7439415441, "PAKET": "Paket Sulawesi Selatan 18" }, "geometry": { "type": "MultiPolygon", "coordinates": [ [ [ [ 120.472559570367935, -2.69338622189656, 0.0 ], [ 120.472576139477269, -2.694094596288551, 0.0 ], [ 120.47168886385009, -2.694035013505015, 0.0 ], [ 120.471732772349583, -2.693333259022666, 0.0 ], [ 120.472559570367935, -2.69338622189656, 0.0 ] ] ] ] } },
{ "type": "Feature", "properties": { "OBJECTID": 6143, "WADMPR": "Sulawesi Selatan", "WADMKK": "Kab. Luwu Utara", "WADMKC": "Kec. Sukamaju Selatan", "WADMKD": "Desa Subur", "POKTAN": "Gapoktan Harapan Maju", "K_POKTAN": "Jamus", "P_SID": "Universitas Negeri Makassar", "NO_HP_1": "0821-2315-7199", "NAMA_PEMIL": "Pemerintah Desa", "N_PETAK": "SBB039", "LUAS_HA": 1.5001696227500001, "PAKET": "Paket Sulawesi Selatan 18" }, "geometry": { "type": "MultiPolygon", "coordinates": [ [ [ [ 120.472125874109906, -2.692688191506761, 0.0 ], [ 120.471666495912132, -2.692638124449843, 0.0 ], [ 120.470761822899817, -2.692621575125543, 0.0 ], [ 120.469900229212271, -2.692638124449843, 0.0 ], [ 120.469876618411263, -2.691973197205243, 0.0 ], [ 120.47147021168098, -2.691970121523866, 0.0 ], [ 120.471476055475591, -2.691995562445186, 0.0 ], [ 120.471478459363425, -2.692004307452805, 0.0 ], [ 120.471486162056749, -2.692031263731792, 0.0 ], [ 120.471492236077893, -2.692050837476131, 0.0 ], [ 120.471502537811944, -2.692078535695828, 0.0 ], [ 120.471511007626987, -2.692097917884553, 0.0 ], [ 120.47152146134647, -2.692120392841787, 0.0 ], [ 120.47152507212445, -2.692127971428704, 0.0 ], [ 120.471538880315165, -2.692154081445665, 0.0 ], [ 120.471554156199431, -2.69217892251919, 0.0 ], [ 120.471581035136751, -2.692219629432316, 0.0 ], [ 120.471581237484202, -2.69221993520182, 0.0 ], [ 120.47159831650913, -2.692244008254306, 0.0 ], [ 120.471614655392045, -2.692264271778697, 0.0 ], [ 120.471643681011187, -2.692298221185922, 0.0 ], [ 120.471645951799246, -2.692300855300175, 0.0 ], [ 120.471666010278227, -2.692322480398104, 0.0 ], [ 120.471687431230066, -2.692342741224479, 0.0 ], [ 120.471693702202629, -2.692348192015402, 0.0 ], [ 120.471722931068484, -2.692373130215742, 0.0 ], [ 120.471739352689042, -2.692386486946759, 0.0 ], [ 120.471763220696175, -2.692403761124638, 0.0 ], [ 120.471778769074945, -2.692413795760046, 0.0 ], [ 120.471793247260621, -2.692422722430649, 0.0 ], [ 120.471802639780094, -2.692428355783932, 0.0 ], [ 120.471828545650965, -2.692442350134286, 0.0 ], [ 120.471842908723374, -2.692449193975051, 0.0 ], [ 120.471857205245897, -2.692455698771425, 0.0 ], [ 120.471869602400261, -2.692461114488822, 0.0 ], [ 120.471897103668425, -2.692471589791978, 0.0 ], [ 120.471925226368171, -2.692480233176184, 0.0 ], [ 120.471938513851342, -2.692483624519582, 0.0 ], [ 120.471957357346241, -2.692488128324442, 0.0 ], [ 120.471972696183002, -2.692491511573962, 0.0 ], [ 120.472001700218357, -2.692496388597419, 0.0 ], [ 120.472030959661083, -2.692499349165587, 0.0 ], [ 120.472047121377614, -2.692500154058791, 0.0 ], [ 120.472065824578181, -2.692500746712028, 0.0 ], [ 120.472125874109906, -2.692688191506761, 0.0 ] ] ] ] } },
{ "type": "Feature", "properties": { "OBJECTID": 6144, "WADMPR": "Sulawesi Selatan", "WADMKK": "Kab. Luwu Utara", "WADMKC": "Kec. Sukamaju Selatan", "WADMKD": "Desa Subur", "POKTAN": "Gapoktan Harapan Maju", "K_POKTAN": "Jamus", "P_SID": "Universitas Negeri Makassar", "NO_HP_1": "0821-2315-7199", "NAMA_PEMIL": "Pemerintah Desa", "N_PETAK": "SBB040", "LUAS_HA": 1.07058624167, "PAKET": "Paket Sulawesi Selatan 18" }, "geometry": { "type": "MultiPolygon", "coordinates": [ [ [ [ 120.470725305928227, -2.69141502668208, 0.0 ], [ 120.470710459020552, -2.691924785800154, 0.0 ], [ 120.469884074690412, -2.691913613522388, 0.0 ], [ 120.469829396809246, -2.690883324106096, 0.0 ], [ 120.469889045243349, -2.690841119821755, 0.0 ], [ 120.470030710948663, -2.690746780939151, 0.0 ], [ 120.470018284116577, -2.690642510843134, 0.0 ], [ 120.470236996540166, -2.690595339603192, 0.0 ], [ 120.470275492919768, -2.690675155334077, 0.0 ], [ 120.470290257989063, -2.690721832846236, 0.0 ], [ 120.470292664574913, -2.690729222575499, 0.0 ], [ 120.470302966308964, -2.690756920795195, 0.0 ], [ 120.470313586402995, -2.690780858050118, 0.0 ], [ 120.470325296475266, -2.690805321408391, 0.0 ], [ 120.470326757873636, -2.69080834492911, 0.0 ], [ 120.470363750586671, -2.69089821957715, 0.0 ], [ 120.470386627540847, -2.690940940072267, 0.0 ], [ 120.470387011551452, -2.690941872669214, 0.0 ], [ 120.470399056171573, -2.690971102434389, 0.0 ], [ 120.470410754552745, -2.690997133310987, 0.0 ], [ 120.470417001243618, -2.691009457620339, 0.0 ], [ 120.470432213276126, -2.691038368126158, 0.0 ], [ 120.470439775675118, -2.691052152035127, 0.0 ], [ 120.470455252108309, -2.691077297978893, 0.0 ], [ 120.470465365884024, -2.691091951532314, 0.0 ], [ 120.470482312708668, -2.691115500280091, 0.0 ], [ 120.470489277957881, -2.691124919779156, 0.0 ], [ 120.470507886729706, -2.69114781921644, 0.0 ], [ 120.470527945208573, -2.691169444314369, 0.0 ], [ 120.470531207948966, -2.691172706155442, 0.0 ], [ 120.470538298203905, -2.691179719968034, 0.0 ], [ 120.470550302354582, -2.691206507174513, 0.0 ], [ 120.470551015517003, -2.691207943391817, 0.0 ], [ 120.470553132521104, -2.691212207976946, 0.0 ], [ 120.470559483533407, -2.691224776002571, 0.0 ], [ 120.4705704615576, -2.691245183418459, 0.0 ], [ 120.470585938890054, -2.691270328462849, 0.0 ], [ 120.470594047177542, -2.691282173433535, 0.0 ], [ 120.470601215673582, -2.691292296202448, 0.0 ], [ 120.470610186411022, -2.691304526082945, 0.0 ], [ 120.470628795182847, -2.691327424620908, 0.0 ], [ 120.470648853661714, -2.691349049718838, 0.0 ], [ 120.470649904069887, -2.691350107321568, 0.0 ], [ 120.47066079036324, -2.691361028688448, 0.0 ], [ 120.470681160906906, -2.691380231012829, 0.0 ], [ 120.470703854399403, -2.691399039434089, 0.0 ], [ 120.470712241476804, -2.691405382352457, 0.0 ], [ 120.470725305928227, -2.69141502668208, 0.0 ] ] ] ] } },
{ "type": "Feature", "properties": { "OBJECTID": 6145, "WADMPR": "Sulawesi Selatan", "WADMKK": "Kab. Luwu Utara", "WADMKC": "Kec. Sukamaju Selatan", "WADMKD": "Desa Subur", "POKTAN": "Gapoktan Harapan Maju", "K_POKTAN": "Jamus", "P_SID": "Universitas Negeri Makassar", "NO_HP_1": "0821-2315-7199", "NAMA_PEMIL": "Pemerintah Desa", "N_PETAK": "SBB041", "LUAS_HA": 0.23159659733, "PAKET": "Paket Sulawesi Selatan 18" }, "geometry": { "type": "MultiPolygon", "coordinates": [ [ [ [ 120.470710459020552, -2.691924785800154, 0.0 ], [ 120.470725305928227, -2.69141502668208, 0.0 ], [ 120.470740787757222, -2.691425957941533, 0.0 ], [ 120.470765727756202, -2.691441626829544, 0.0 ], [ 120.470775328019045, -2.691447069526589, 0.0 ], [ 120.470790705526724, -2.691455540240952, 0.0 ], [ 120.470807012034015, -2.691464091894261, 0.0 ], [ 120.470833772260789, -2.691476351452422, 0.0 ], [ 120.47083518509578, -2.69147694230702, 0.0 ], [ 120.47085318142922, -2.691484410277269, 0.0 ], [ 120.470879268963131, -2.691494294725885, 0.0 ], [ 120.470896695126385, -2.691499886710346, 0.0 ], [ 120.470928609367888, -2.69150941592676, 0.0 ], [ 120.470939305904267, -2.691512465527808, 0.0 ], [ 120.470961022733036, -2.691517787715668, 0.0 ], [ 120.470970953047072, -2.691519959578443, 0.0 ], [ 120.47100040134751, -2.69152639782493, 0.0 ], [ 120.471007485307268, -2.691545446365183, 0.0 ], [ 120.471011937850676, -2.691555942352807, 0.0 ], [ 120.471019168399948, -2.691572405342185, 0.0 ], [ 120.471021295296623, -2.69157699458259, 0.0 ], [ 120.471026797348827, -2.691588870130204, 0.0 ], [ 120.47104060464028, -2.691614980147165, 0.0 ], [ 120.47105608197262, -2.691640125191554, 0.0 ], [ 120.471061965337526, -2.691648798253368, 0.0 ], [ 120.471073539612235, -2.691665445603803, 0.0 ], [ 120.47108473707101, -2.691680846493796, 0.0 ], [ 120.471103345842835, -2.691703745931079, 0.0 ], [ 120.471108111350304, -2.691709146359983, 0.0 ], [ 120.471123544615921, -2.691726353987974, 0.0 ], [ 120.471138836688056, -2.691742578657056, 0.0 ], [ 120.471160257639895, -2.691762839483431, 0.0 ], [ 120.471161036452713, -2.691763527464786, 0.0 ], [ 120.471212340976763, -2.691808751672511, 0.0 ], [ 120.471230171835032, -2.691823666928656, 0.0 ], [ 120.471269181727394, -2.691854625190729, 0.0 ], [ 120.471273265548803, -2.691857829475225, 0.0 ], [ 120.471296861061319, -2.691874920191367, 0.0 ], [ 120.471336207300169, -2.691901519439512, 0.0 ], [ 120.471336479794786, -2.691901702001871, 0.0 ], [ 120.471361419793766, -2.691917371789202, 0.0 ], [ 120.4713849757361, -2.691930185329738, 0.0 ], [ 120.471399836133628, -2.691937701863424, 0.0 ], [ 120.471405117851987, -2.691940922335675, 0.0 ], [ 120.470710459020552, -2.691924785800154, 0.0 ] ] ] ] } },
{ "type": "Feature", "properties": { "OBJECTID": 6146, "WADMPR": "Sulawesi Selatan", "WADMKK": "Kab. Luwu Utara", "WADMKC": "Kec. Sukamaju Selatan", "WADMKD": "Desa Subur", "POKTAN": "Gapoktan Harapan Maju", "K_POKTAN": "Jamus", "P_SID": "Universitas Negeri Makassar", "NO_HP_1": "0821-2315-7199", "NAMA_PEMIL": "Pemerintah Desa", "N_PETAK": "SBB042", "LUAS_HA": 0.55933238385999995, "PAKET": "Paket Sulawesi Selatan 18" }, "geometry": { "type": "MultiPolygon", "coordinates": [ [ [ [ 120.472125874109906, -2.692688191506761, 0.0 ], [ 120.472201441443417, -2.692815957290577, 0.0 ], [ 120.472215788328072, -2.692843616839411, 0.0 ], [ 120.472224579200997, -2.692859755173515, 0.0 ], [ 120.472240056533451, -2.692884900217905, 0.0 ], [ 120.472242308435852, -2.692888270876949, 0.0 ], [ 120.47225832176423, -2.692912013878299, 0.0 ], [ 120.472273149786133, -2.692932718070438, 0.0 ], [ 120.472291758557844, -2.692955616608344, 0.0 ], [ 120.472305353609272, -2.692970579528549, 0.0 ], [ 120.472322643075586, -2.692988773712898, 0.0 ], [ 120.472329107402402, -2.692995434991303, 0.0 ], [ 120.472350528354241, -2.693015696716998, 0.0 ], [ 120.472373221846738, -2.693034504238938, 0.0 ], [ 120.472396105995585, -2.693051113817774, 0.0 ], [ 120.472413366683554, -2.693062830185397, 0.0 ], [ 120.472414351441216, -2.693063496583079, 0.0 ], [ 120.472473353262671, -2.693129514915142, 0.0 ], [ 120.472487045440857, -2.693146361915012, 0.0 ], [ 120.472494383908725, -2.693154605100915, 0.0 ], [ 120.472521941834202, -2.693184813328401, 0.0 ], [ 120.472534662744579, -2.693198195240484, 0.0 ], [ 120.472535398389937, -2.693198937181137, 0.0 ], [ 120.472559570367935, -2.69338622189656, 0.0 ], [ 120.471732772349583, -2.693333259022666, 0.0 ], [ 120.471666495912132, -2.692638124449843, 0.0 ], [ 120.472125874109906, -2.692688191506761, 0.0 ] ] ] ] } },
{ "type": "Feature", "properties": { "OBJECTID": 6147, "WADMPR": "Sulawesi Selatan", "WADMKK": "Kab. Luwu Utara", "WADMKC": "Kec. Sukamaju Selatan", "WADMKD": "Desa Subur", "POKTAN": "Gapoktan Harapan Maju", "K_POKTAN": "Jamus", "P_SID": "Universitas Negeri Makassar", "NO_HP_1": "0821-2315-7199", "NAMA_PEMIL": "Pemerintah Desa", "N_PETAK": "SBB043", "LUAS_HA": 0.60176334374999996, "PAKET": "Paket Sulawesi Selatan 18" }, "geometry": { "type": "MultiPolygon", "coordinates": [ [ [ [ 120.472593743706398, -2.694221829673666, 0.0 ], [ 120.472576139477269, -2.694094596288551, 0.0 ], [ 120.472559570367935, -2.69338622189656, 0.0 ], [ 120.472983324620827, -2.693408150965354, 0.0 ], [ 120.472994509489126, -2.693765648565773, 0.0 ], [ 120.473460514790986, -2.693765648565773, 0.0 ], [ 120.473453059411213, -2.694015151977624, 0.0 ], [ 120.473270384620605, -2.694093353425501, 0.0 ], [ 120.472744729985379, -2.694210658295219, 0.0 ], [ 120.472593743706398, -2.694221829673666, 0.0 ] ] ] ] } },
{ "type": "Feature", "properties": { "OBJECTID": 6148, "WADMPR": "Sulawesi Selatan", "WADMKK": "Kab. Luwu Utara", "WADMKC": "Kec. Sukamaju Selatan", "WADMKD": "Desa Subur", "POKTAN": "Gapoktan Harapan Maju", "K_POKTAN": "Jamus", "P_SID": "Universitas Negeri Makassar", "NO_HP_1": "0821-2315-7199", "NAMA_PEMIL": "Pemerintah Desa", "N_PETAK": "SBB044", "LUAS_HA": 1.1253421863899999, "PAKET": "Paket Sulawesi Selatan 18" }, "geometry": { "type": "MultiPolygon", "coordinates": [ [ [ [ 120.472593743706398, -2.694221829673666, 0.0 ], [ 120.472744729985379, -2.694210658295219, 0.0 ], [ 120.473270384620605, -2.694093353425501, 0.0 ], [ 120.473453059411213, -2.694015151977624, 0.0 ], [ 120.473460514790986, -2.693765648565773, 0.0 ], [ 120.472994509489126, -2.693765648565773, 0.0 ], [ 120.472983324620827, -2.693408150965354, 0.0 ], [ 120.472559570367935, -2.69338622189656, 0.0 ], [ 120.472535398389937, -2.693198937181137, 0.0 ], [ 120.472588787542577, -2.693252599727657, 0.0 ], [ 120.472613508106974, -2.693299615384888, 0.0 ], [ 120.472621134357951, -2.693313521601681, 0.0 ], [ 120.472636611690291, -2.693338666646127, 0.0 ], [ 120.472642353861602, -2.693347009656748, 0.0 ], [ 120.472769233813096, -2.693271845219442, 0.0 ], [ 120.472797780992892, -2.693254933468381, 0.0 ], [ 120.472992691959234, -2.693139468611548, 0.0 ], [ 120.473007162950239, -2.693154066406976, 0.0 ], [ 120.473010032686943, -2.693156721205696, 0.0 ], [ 120.47301471545677, -2.693160194387417, 0.0 ], [ 120.473040355128319, -2.693176743711717, 0.0 ], [ 120.473042079128732, -2.693177802213768, 0.0 ], [ 120.473048469711216, -2.693180879693784, 0.0 ], [ 120.473081804881417, -2.693193796656317, 0.0 ], [ 120.47308672956899, -2.693195339892952, 0.0 ], [ 120.473117009742282, -2.693202941862239, 0.0 ], [ 120.473119696916569, -2.693203529119501, 0.0 ], [ 120.473191008658205, -2.69321683279054, 0.0 ], [ 120.473220958780303, -2.693223891569289, 0.0 ], [ 120.473381973399455, -2.693266449287137, 0.0 ], [ 120.473464272158481, -2.693295929063822, 0.0 ], [ 120.473508015182802, -2.693332038642609, 0.0 ], [ 120.473532706069591, -2.693416668444456, 0.0 ], [ 120.473533147636772, -2.693420319691938, 0.0 ], [ 120.473536234109929, -2.693439303481, 0.0 ], [ 120.473536826763166, -2.693442239767478, 0.0 ], [ 120.473550906549121, -2.693501756900503, 0.0 ], [ 120.473551877816931, -2.693505238176158, 0.0 ], [ 120.473563050094754, -2.693539885457312, 0.0 ], [ 120.473563535728658, -2.693541315379377, 0.0 ], [ 120.473565639242906, -2.693546229275, 0.0 ], [ 120.473571556781962, -2.693558079641605, 0.0 ], [ 120.473579842235949, -2.693574664938808, 0.0 ], [ 120.473581035636357, -2.693576896156799, 0.0 ], [ 120.473585410838155, -2.693583231880609, 0.0 ], [ 120.473602785740013, -2.693604296700869, 0.0 ], [ 120.473608365134055, -2.693609940846045, 0.0 ], [ 120.473609823834408, -2.693611126152518, 0.0 ], [ 120.47361965432367, -2.693618774886488, 0.0 ], [ 120.473624711211528, -2.693622183317075, 0.0 ], [ 120.473637189304895, -2.693629371598149, 0.0 ], [ 120.473641992583907, -2.693631766492786, 0.0 ], [ 120.473699140003419, -2.693657178635817, 0.0 ], [ 120.473756894465168, -2.693709789874845, 0.0 ], [ 120.473789506580488, -2.693735544659603, 0.0 ], [ 120.473797115744333, -2.693742584552581, 0.0 ], [ 120.47379858433726, -2.693743884972264, 0.0 ], [ 120.473801160894936, -2.693745912044164, 0.0 ], [ 120.473820343434113, -2.693759899199961, 0.0 ], [ 120.473824533375591, -2.693762609756561, 0.0 ], [ 120.473843456010741, -2.693773190280467, 0.0 ], [ 120.473848516495877, -2.693775615752031, 0.0 ], [ 120.473856693131893, -2.693778924357844, 0.0 ], [ 120.473874542875933, -2.693786144115222, 0.0 ], [ 120.473875856785412, -2.693786652232177, 0.0 ], [ 120.473878612308226, -2.693787566842673, 0.0 ], [ 120.473908784562809, -2.693796507003128, 0.0 ], [ 120.473913004181895, -2.69379753852553, 0.0 ], [ 120.473999708719589, -2.69381429289524, 0.0 ], [ 120.474002484926814, -2.693814721871888, 0.0 ], [ 120.47405894166684, -2.693821607081475, 0.0 ], [ 120.47406270353099, -2.693821904757044, 0.0 ], [ 120.474126121023687, -2.693824245692326, 0.0 ], [ 120.474127676850912, -2.693824275369991, 0.0 ], [ 120.474128827083746, -2.693824263678778, 0.0 ], [ 120.474134106104202, -2.693824138672994, 0.0 ], [ 120.474228492650923, -2.693827092945924, 0.0 ], [ 120.474245269503626, -2.694547672936721, 0.0 ], [ 120.473548124046715, -2.694236726044039, 0.0 ], [ 120.472593743706398, -2.694221829673666, 0.0 ] ] ] ] } },
{ "type": "Feature", "properties": { "OBJECTID": 6149, "WADMPR": "Sulawesi Selatan", "WADMKK": "Kab. Luwu Utara", "WADMKC": "Kec. Sukamaju Selatan", "WADMKD": "Desa Subur", "POKTAN": "Gapoktan Harapan Maju", "K_POKTAN": "Jamus", "P_SID": "Universitas Negeri Makassar", "NO_HP_1": "0821-2315-7199", "NAMA_PEMIL": "Pemerintah Desa", "N_PETAK": "SBB045", "LUAS_HA": 0.76849303667000002, "PAKET": "Paket Sulawesi Selatan 18" }, "geometry": { "type": "MultiPolygon", "coordinates": [ [ [ [ 120.474385070914309, -2.694808347727019, 0.0 ], [ 120.473596122663025, -2.694780419280903, 0.0 ], [ 120.472597472295547, -2.694730146279198, 0.0 ], [ 120.472608656264583, -2.694329822962914, 0.0 ], [ 120.473508979256053, -2.694327961366298, 0.0 ], [ 120.474373886945386, -2.694702216034386, 0.0 ], [ 120.474385070914309, -2.694808347727019, 0.0 ] ] ] ] } },
{ "type": "Feature", "properties": { "OBJECTID": 6150, "WADMPR": "Sulawesi Selatan", "WADMKK": "Kab. Luwu Utara", "WADMKC": "Kec. Sukamaju Selatan", "WADMKD": "Desa Subur", "POKTAN": "Gapoktan Harapan Maju", "K_POKTAN": "Jamus", "P_SID": "Universitas Negeri Makassar", "NO_HP_1": "0821-2315-7199", "NAMA_PEMIL": "Pemerintah Desa", "N_PETAK": "SBB046", "LUAS_HA": 1.07737074687, "PAKET": "Paket Sulawesi Selatan 18" }, "geometry": { "type": "MultiPolygon", "coordinates": [ [ [ [ 120.475455020432946, -2.695311078643329, 0.0 ], [ 120.475475524975536, -2.695823117542773, 0.0 ], [ 120.474452175627448, -2.695811945265007, 0.0 ], [ 120.474442855953157, -2.694847448450957, 0.0 ], [ 120.474972238278269, -2.694836277971831, 0.0 ], [ 120.475455020432946, -2.695311078643329, 0.0 ] ] ] ] } },
{ "type": "Feature", "properties": { "OBJECTID": 6151, "WADMPR": "Sulawesi Selatan", "WADMKK": "Kab. Luwu Utara", "WADMKC": "Kec. Sukamaju Selatan", "WADMKD": "Desa Subur", "POKTAN": "Gapoktan Harapan Maju", "K_POKTAN": "Jamus", "P_SID": "Universitas Negeri Makassar", "NO_HP_1": "0821-2315-7199", "NAMA_PEMIL": "Pemerintah Desa", "N_PETAK": "SBB047", "LUAS_HA": 2.0648097612899998, "PAKET": "Paket Sulawesi Selatan 18" }, "geometry": { "type": "MultiPolygon", "coordinates": [ [ [ [ 120.474385070914309, -2.694808347727019, 0.0 ], [ 120.474442855953157, -2.694847448450957, 0.0 ], [ 120.474452175627448, -2.695811945265007, 0.0 ], [ 120.474446117794173, -2.696910502217861, 0.0 ], [ 120.473888774647321, -2.69689188175488, 0.0 ], [ 120.473814213655146, -2.696890020158264, 0.0 ], [ 120.473830989608587, -2.696307227096781, 0.0 ], [ 120.473568162740548, -2.696305364600846, 0.0 ], [ 120.473596122663025, -2.694780419280903, 0.0 ], [ 120.474385070914309, -2.694808347727019, 0.0 ] ] ] ] } },
{ "type": "Feature", "properties": { "OBJECTID": 6152, "WADMPR": "Sulawesi Selatan", "WADMKK": "Kab. Luwu Utara", "WADMKC": "Kec. Sukamaju Selatan", "WADMKD": "Desa Subur", "POKTAN": "Gapoktan Harapan Maju", "K_POKTAN": "Jamus", "P_SID": "Universitas Negeri Makassar", "NO_HP_1": "0821-2315-7199", "NAMA_PEMIL": "Pemerintah Desa", "N_PETAK": "SBB048", "LUAS_HA": 0.32439507303999998, "PAKET": "Paket Sulawesi Selatan 18" }, "geometry": { "type": "MultiPolygon", "coordinates": [ [ [ [ 120.475321276855539, -2.69694401725252, 0.0 ], [ 120.475304500902098, -2.697247982708177, 0.0 ], [ 120.47443027353836, -2.697208416135425, 0.0 ], [ 120.474446117794173, -2.696910502217861, 0.0 ], [ 120.475321276855539, -2.69694401725252, 0.0 ] ] ] ] } },
{ "type": "Feature", "properties": { "OBJECTID": 6153, "WADMPR": "Sulawesi Selatan", "WADMKK": "Kab. Luwu Utara", "WADMKC": "Kec. Sukamaju Selatan", "WADMKD": "Desa Subur", "POKTAN": "Gapoktan Harapan Maju", "K_POKTAN": "Jamus", "P_SID": "Universitas Negeri Makassar", "NO_HP_1": "0821-2315-7199", "NAMA_PEMIL": "Pemerintah Desa", "N_PETAK": "SBB049", "LUAS_HA": 1.55010377836, "PAKET": "Paket Sulawesi Selatan 18" }, "geometry": { "type": "MultiPolygon", "coordinates": [ [ [ [ 120.475475524975536, -2.695823117542773, 0.0 ], [ 120.475541232142177, -2.695886423519596, 0.0 ], [ 120.475552416111213, -2.696593968736636, 0.0 ], [ 120.475776099087739, -2.696947740445808, 0.0 ], [ 120.475321276855539, -2.69694401725252, 0.0 ], [ 120.474446117794173, -2.696910502217861, 0.0 ], [ 120.474452175627448, -2.695811945265007, 0.0 ], [ 120.475475524975536, -2.695823117542773, 0.0 ] ] ] ] } },
{ "type": "Feature", "properties": { "OBJECTID": 6154, "WADMPR": "Sulawesi Selatan", "WADMKK": "Kab. Luwu Utara", "WADMKC": "Kec. Sukamaju Selatan", "WADMKD": "Desa Subur", "POKTAN": "Gapoktan Harapan Maju", "K_POKTAN": "Jamus", "P_SID": "Universitas Negeri Makassar", "NO_HP_1": "0821-2315-7199", "NAMA_PEMIL": "Pemerintah Desa", "N_PETAK": "SBB050", "LUAS_HA": 0.20620080867000001, "PAKET": "Paket Sulawesi Selatan 18" }, "geometry": { "type": "MultiPolygon", "coordinates": [ [ [ [ 120.474446117794173, -2.696910502217861, 0.0 ], [ 120.47443027353836, -2.697208416135425, 0.0 ], [ 120.473873862089135, -2.697195381361723, 0.0 ], [ 120.473888774647321, -2.69689188175488, 0.0 ], [ 120.474446117794173, -2.696910502217861, 0.0 ] ] ] ] } },
{ "type": "Feature", "properties": { "OBJECTID": 6155, "WADMPR": "Sulawesi Selatan", "WADMKK": "Kab. Luwu Utara", "WADMKC": "Kec. Sukamaju Selatan", "WADMKD": "Desa Subur", "POKTAN": "Gapoktan Harapan Maju", "K_POKTAN": "Jamus", "P_SID": "Universitas Negeri Makassar", "NO_HP_1": "0821-2315-7199", "NAMA_PEMIL": "Pemerintah Desa", "N_PETAK": "SBB051", "LUAS_HA": 1.0205850075, "PAKET": "Paket Sulawesi Selatan 18" }, "geometry": { "type": "MultiPolygon", "coordinates": [ [ [ [ 120.476232784715307, -2.696081928937815, 0.0 ], [ 120.476232784715307, -2.696967291707097, 0.0 ], [ 120.475776099087739, -2.696947740445808, 0.0 ], [ 120.475552416111213, -2.696593968736636, 0.0 ], [ 120.475541232142177, -2.695886423519596, 0.0 ], [ 120.475475524975536, -2.695823117542773, 0.0 ], [ 120.475455020432946, -2.695311078643329, 0.0 ], [ 120.476232784715307, -2.696081928937815, 0.0 ] ] ] ] } },
{ "type": "Feature", "properties": { "OBJECTID": 6156, "WADMPR": "Sulawesi Selatan", "WADMKK": "Kab. Luwu Utara", "WADMKC": "Kec. Sukamaju Selatan", "WADMKD": "Desa Subur", "POKTAN": "Gapoktan Harapan Maju", "K_POKTAN": "Jamus", "P_SID": "Universitas Negeri Makassar", "NO_HP_1": "0821-2315-7199", "NAMA_PEMIL": "Pemerintah Desa", "N_PETAK": "SBB052", "LUAS_HA": 0.38709988488000002, "PAKET": "Paket Sulawesi Selatan 18" }, "geometry": { "type": "MultiPolygon", "coordinates": [ [ [ [ 120.476688538645249, -2.696495284329842, 0.0 ], [ 120.476700421387363, -2.696979161858792, 0.0 ], [ 120.476232784715307, -2.696967291707097, 0.0 ], [ 120.476232784715307, -2.696081928937815, 0.0 ], [ 120.476688538645249, -2.696495284329842, 0.0 ] ] ] ] } },
{ "type": "Feature", "properties": { "OBJECTID": 6157, "WADMPR": "Sulawesi Selatan", "WADMKK": "Kab. Luwu Utara", "WADMKC": "Kec. Sukamaju Selatan", "WADMKD": "Desa Subur", "POKTAN": "Gapoktan Harapan Maju", "K_POKTAN": "Jamus", "P_SID": "Universitas Negeri Makassar", "NO_HP_1": "0821-2315-7199", "NAMA_PEMIL": "Pemerintah Desa", "N_PETAK": "SBB053", "LUAS_HA": 1.69218074529, "PAKET": "Paket Sulawesi Selatan 18" }, "geometry": { "type": "MultiPolygon", "coordinates": [ [ [ [ 120.477119127745596, -2.694886550973479, 0.0 ], [ 120.477141496582817, -2.69595624778259, 0.0 ], [ 120.476252356661007, -2.695922732747874, 0.0 ], [ 120.475449894297299, -2.695188188983707, 0.0 ], [ 120.475449894297299, -2.695118364720713, 0.0 ], [ 120.475656801320383, -2.695101606753724, 0.0 ], [ 120.475662393304901, -2.694847448450957, 0.0 ], [ 120.475875439999641, -2.694837785235563, 0.0 ], [ 120.475892617949967, -2.694848330685886, 0.0 ], [ 120.475918524720214, -2.694862324136921, 0.0 ], [ 120.475939772102834, -2.694872232867226, 0.0 ], [ 120.475978344924783, -2.694889004324068, 0.0 ], [ 120.475983857768938, -2.694891356950507, 0.0 ], [ 120.476011359037102, -2.6949018313544, 0.0 ], [ 120.476039482636111, -2.694910474738549, 0.0 ], [ 120.476043333533084, -2.694911501764352, 0.0 ], [ 120.476083241848187, -2.694921964477032, 0.0 ], [ 120.476108017271258, -2.694927712044205, 0.0 ], [ 120.476137022205876, -2.694932588168342, 0.0 ], [ 120.476159478277395, -2.694935033424997, 0.0 ], [ 120.476195042866948, -2.694937997590444, 0.0 ], [ 120.476201845339006, -2.694938512902013, 0.0 ], [ 120.476231235183377, -2.694939541726399, 0.0 ], [ 120.476260629524518, -2.69493863520978, 0.0 ], [ 120.4762638715805, -2.694938415775198, 0.0 ], [ 120.476302576602734, -2.694935663849776, 0.0 ], [ 120.476328605680692, -2.694933045023959, 0.0 ], [ 120.476357630400344, -2.69492828761031, 0.0 ], [ 120.476363315914341, -2.694927124786943, 0.0 ], [ 120.476402527254891, -2.694918834836301, 0.0 ], [ 120.476425495040644, -2.694913344475196, 0.0 ], [ 120.476443214382925, -2.694907979119876, 0.0 ], [ 120.476434098854611, -2.695054127046262, 0.0 ], [ 120.476635413893291, -2.695068091719008, 0.0 ], [ 120.476635413893291, -2.694875378695713, 0.0 ], [ 120.477119127745596, -2.694886550973479, 0.0 ] ] ] ] } },
{ "type": "Feature", "properties": { "OBJECTID": 6158, "WADMPR": "Sulawesi Selatan", "WADMKK": "Kab. Luwu Utara", "WADMKC": "Kec. Sukamaju Selatan", "WADMKD": "Desa Subur", "POKTAN": "Gapoktan Harapan Maju", "K_POKTAN": "Jamus", "P_SID": "Universitas Negeri Makassar", "NO_HP_1": "0821-2315-7199", "NAMA_PEMIL": "Pemerintah Desa", "N_PETAK": "SBB054", "LUAS_HA": 1.6718051412399999, "PAKET": "Paket Sulawesi Selatan 18" }, "geometry": { "type": "MultiPolygon", "coordinates": [ [ [ [ 120.47806978039614, -2.694903308940525, 0.0 ], [ 120.478064188411622, -2.696241127825715, 0.0 ], [ 120.478053003543323, -2.696352845207571, 0.0 ], [ 120.477124719730114, -2.696344466224105, 0.0 ], [ 120.477141496582817, -2.69595624778259, 0.0 ], [ 120.477119127745596, -2.694886550973479, 0.0 ], [ 120.47806978039614, -2.694903308940525, 0.0 ] ] ] ] } },
{ "type": "Feature", "properties": { "OBJECTID": 6159, "WADMPR": "Sulawesi Selatan", "WADMKK": "Kab. Luwu Utara", "WADMKC": "Kec. Sukamaju Selatan", "WADMKD": "Desa Subur", "POKTAN": "Gapoktan Harapan Maju", "K_POKTAN": "Jamus", "P_SID": "Universitas Negeri Makassar", "NO_HP_1": "0821-2315-7199", "NAMA_PEMIL": "Pemerintah Desa", "N_PETAK": "SBB055", "LUAS_HA": 0.60839169508000002, "PAKET": "Paket Sulawesi Selatan 18" }, "geometry": { "type": "MultiPolygon", "coordinates": [ [ [ [ 120.478053003543323, -2.696352845207571, 0.0 ], [ 120.47804461556666, -2.696914225411149, 0.0 ], [ 120.477236561218433, -2.69687233229223, 0.0 ], [ 120.477124719730114, -2.696760614910374, 0.0 ], [ 120.477124719730114, -2.696344466224105, 0.0 ], [ 120.478053003543323, -2.696352845207571, 0.0 ] ] ] ] } },
{ "type": "Feature", "properties": { "OBJECTID": 6160, "WADMPR": "Sulawesi Selatan", "WADMKK": "Kab. Luwu Utara", "WADMKC": "Kec. Sukamaju Selatan", "WADMKD": "Desa Subur", "POKTAN": "Gapoktan Harapan Maju", "K_POKTAN": "Jamus", "P_SID": "Universitas Negeri Makassar", "NO_HP_1": "0821-2315-7199", "NAMA_PEMIL": "Pemerintah Desa", "N_PETAK": "SBB056", "LUAS_HA": 0.72134015917000005, "PAKET": "Paket Sulawesi Selatan 18" }, "geometry": { "type": "MultiPolygon", "coordinates": [ [ [ [ 120.478896707916761, -2.696264169355857, 0.0 ], [ 120.478883426728771, -2.696986842968386, 0.0 ], [ 120.47804461556666, -2.696914225411149, 0.0 ], [ 120.478053003543323, -2.696352845207571, 0.0 ], [ 120.478064188411622, -2.696241127825715, 0.0 ], [ 120.478896707916761, -2.696264169355857, 0.0 ] ] ] ] } },
{ "type": "Feature", "properties": { "OBJECTID": 6161, "WADMPR": "Sulawesi Selatan", "WADMKK": "Kab. Luwu Utara", "WADMKC": "Kec. Sukamaju Selatan", "WADMKD": "Desa Subur", "POKTAN": "Gapoktan Harapan Maju", "K_POKTAN": "Jamus", "P_SID": "Universitas Negeri Makassar", "NO_HP_1": "0821-2315-7199", "NAMA_PEMIL": "Pemerintah Desa", "N_PETAK": "SBB057", "LUAS_HA": 0.69224506392999996, "PAKET": "Paket Sulawesi Selatan 18" }, "geometry": { "type": "MultiPolygon", "coordinates": [ [ [ [ 120.478883426728771, -2.696986842968386, 0.0 ], [ 120.478927463831496, -2.697608968778866, 0.0 ], [ 120.47803552881669, -2.697595005005439, 0.0 ], [ 120.47804461556666, -2.696914225411149, 0.0 ], [ 120.478883426728771, -2.696986842968386, 0.0 ] ] ] ] } },
{ "type": "Feature", "properties": { "OBJECTID": 6162, "WADMPR": "Sulawesi Selatan", "WADMKK": "Kab. Luwu Utara", "WADMKC": "Kec. Sukamaju Selatan", "WADMKD": "Desa Subur", "POKTAN": "Gapoktan Harapan Maju", "K_POKTAN": "Jamus", "P_SID": "Universitas Negeri Makassar", "NO_HP_1": "0821-2315-7199", "NAMA_PEMIL": "Pemerintah Desa", "N_PETAK": "SBB058", "LUAS_HA": 0.33843425615, "PAKET": "Paket Sulawesi Selatan 18" }, "geometry": { "type": "MultiPolygon", "coordinates": [ [ [ [ 120.47804461556666, -2.696914225411149, 0.0 ], [ 120.47803552881669, -2.697595005005439, 0.0 ], [ 120.477236561218433, -2.69687233229223, 0.0 ], [ 120.47804461556666, -2.696914225411149, 0.0 ] ] ] ] } },
{ "type": "Feature", "properties": { "OBJECTID": 6163, "WADMPR": "Sulawesi Selatan", "WADMKK": "Kab. Luwu Utara", "WADMKC": "Kec. Sukamaju Selatan", "WADMKD": "Desa Subur", "POKTAN": "Gapoktan Harapan Maju", "K_POKTAN": "Jamus", "P_SID": "Universitas Negeri Makassar", "NO_HP_1": "0821-2315-7199", "NAMA_PEMIL": "Pemerintah Desa", "N_PETAK": "SBB059", "LUAS_HA": 1.4182426934300001, "PAKET": "Paket Sulawesi Selatan 18" }, "geometry": { "type": "MultiPolygon", "coordinates": [ [ [ [ 120.4789638126299, -2.69493193526057, 0.0 ], [ 120.478896707916761, -2.696264169355857, 0.0 ], [ 120.478064188411622, -2.696241127825715, 0.0 ], [ 120.47806978039614, -2.694903308940525, 0.0 ], [ 120.4789638126299, -2.69493193526057, 0.0 ] ] ] ] } },
{ "type": "Feature", "properties": { "OBJECTID": 6164, "WADMPR": "Sulawesi Selatan", "WADMKK": "Kab. Luwu Utara", "WADMKC": "Kec. Sukamaju Selatan", "WADMKD": "Desa Subur", "POKTAN": "Gapoktan Harapan Maju", "K_POKTAN": "Jamus", "P_SID": "Universitas Negeri Makassar", "NO_HP_1": "0821-2315-7199", "NAMA_PEMIL": "Pemerintah Desa", "N_PETAK": "SBB060", "LUAS_HA": 0.42509118025999998, "PAKET": "Paket Sulawesi Selatan 18" }, "geometry": { "type": "MultiPolygon", "coordinates": [ [ [ [ 120.478927463831496, -2.697608968778866, 0.0 ], [ 120.47891627986246, -2.698384009014774, 0.0 ], [ 120.47803552881669, -2.697595005005439, 0.0 ], [ 120.478927463831496, -2.697608968778866, 0.0 ] ] ] ] } },
{ "type": "Feature", "properties": { "OBJECTID": 6165, "WADMPR": "Sulawesi Selatan", "WADMKK": "Kab. Luwu Utara", "WADMKC": "Kec. Sukamaju Selatan", "WADMKD": "Desa Subur", "POKTAN": "Gapoktan Harapan Maju", "K_POKTAN": "Jamus", "P_SID": "Universitas Negeri Makassar", "NO_HP_1": "0821-2315-7199", "NAMA_PEMIL": "Pemerintah Desa", "N_PETAK": "SBB061", "LUAS_HA": 0.39017262782000001, "PAKET": "Paket Sulawesi Selatan 18" }, "geometry": { "type": "MultiPolygon", "coordinates": [ [ [ [ 120.473873862089135, -2.697195381361723, 0.0 ], [ 120.47443027353836, -2.697208416135425, 0.0 ], [ 120.474410468668225, -2.697565679012826, 0.0 ], [ 120.47414833967423, -2.69755660215543, 0.0 ], [ 120.473521328746415, -2.69753774876807, 0.0 ], [ 120.473521328746415, -2.697191424344737, 0.0 ], [ 120.473873862089135, -2.697195381361723, 0.0 ] ] ] ] } },
{ "type": "Feature", "properties": { "OBJECTID": 6166, "WADMPR": "Sulawesi Selatan", "WADMKK": "Kab. Luwu Utara", "WADMKC": "Kec. Sukamaju Selatan", "WADMKD": "Desa Subur", "POKTAN": "Gapoktan Harapan Maju", "K_POKTAN": "Jamus", "P_SID": "Universitas Negeri Makassar", "NO_HP_1": "0821-2315-7199", "NAMA_PEMIL": "Pemerintah Desa", "N_PETAK": "SBB062", "LUAS_HA": 0.98324219333999996, "PAKET": "Paket Sulawesi Selatan 18" }, "geometry": { "type": "MultiPolygon", "coordinates": [ [ [ [ 120.47414833967423, -2.69755660215543, 0.0 ], [ 120.47422313359084, -2.697900831158393, 0.0 ], [ 120.474276258342684, -2.698143817183393, 0.0 ], [ 120.474684479505186, -2.698202468269244, 0.0 ], [ 120.47508431269091, -2.698196881680701, 0.0 ], [ 120.475095496659947, -2.698504104480776, 0.0 ], [ 120.473887610025258, -2.698451039983468, 0.0 ], [ 120.473882017141477, -2.698205260664224, 0.0 ], [ 120.473515736761897, -2.698185711201575, 0.0 ], [ 120.473521328746415, -2.69753774876807, 0.0 ], [ 120.47414833967423, -2.69755660215543, 0.0 ] ] ] ] } },
{ "type": "Feature", "properties": { "OBJECTID": 6167, "WADMPR": "Sulawesi Selatan", "WADMKK": "Kab. Luwu Utara", "WADMKC": "Kec. Sukamaju Selatan", "WADMKD": "Desa Subur", "POKTAN": "Gapoktan Harapan Maju", "K_POKTAN": "Jamus", "P_SID": "Universitas Negeri Makassar", "NO_HP_1": "0821-2315-7199", "NAMA_PEMIL": "Pemerintah Desa", "N_PETAK": "SBB063", "LUAS_HA": 1.18431578925, "PAKET": "Paket Sulawesi Selatan 18" }, "geometry": { "type": "MultiPolygon", "coordinates": [ [ [ [ 120.477939764508619, -2.697655750612341, 0.0 ], [ 120.478778574771468, -2.698429394201128, 0.0 ], [ 120.477120526191356, -2.698440565579574, 0.0 ], [ 120.477134506152652, -2.697652958217418, 0.0 ], [ 120.477939764508619, -2.697655750612341, 0.0 ] ] ] ] } },
{ "type": "Feature", "properties": { "OBJECTID": 6168, "WADMPR": "Sulawesi Selatan", "WADMKK": "Kab. Luwu Utara", "WADMKC": "Kec. Sukamaju Selatan", "WADMKD": "Desa Subur", "POKTAN": "Gapoktan Harapan Maju", "K_POKTAN": "Jamus", "P_SID": "Universitas Negeri Makassar", "NO_HP_1": "0821-2315-7199", "NAMA_PEMIL": "Pemerintah Desa", "N_PETAK": "SBB064", "LUAS_HA": 1.5657727843, "PAKET": "Paket Sulawesi Selatan 18" }, "geometry": { "type": "MultiPolygon", "coordinates": [ [ [ [ 120.475776099087739, -2.696947740445808, 0.0 ], [ 120.476232784715307, -2.696967291707097, 0.0 ], [ 120.476700421387363, -2.696979161858792, 0.0 ], [ 120.477147088567335, -2.697004996683177, 0.0 ], [ 120.477134506152652, -2.697652958217418, 0.0 ], [ 120.475301704909839, -2.697669716184407, 0.0 ], [ 120.475304500902098, -2.697247982708177, 0.0 ], [ 120.475321276855539, -2.69694401725252, 0.0 ], [ 120.475776099087739, -2.696947740445808, 0.0 ] ] ] ] } },
{ "type": "Feature", "properties": { "OBJECTID": 6169, "WADMPR": "Sulawesi Selatan", "WADMKK": "Kab. Luwu Utara", "WADMKC": "Kec. Sukamaju Selatan", "WADMKD": "Desa Subur", "POKTAN": "Gapoktan Harapan Maju", "K_POKTAN": "Jamus", "P_SID": "Universitas Negeri Makassar", "NO_HP_1": "0821-2315-7199", "NAMA_PEMIL": "Pemerintah Desa", "N_PETAK": "SBB065", "LUAS_HA": 0.32080451383000003, "PAKET": "Paket Sulawesi Selatan 18" }, "geometry": { "type": "MultiPolygon", "coordinates": [ [ [ [ 120.477939764508619, -2.697655750612341, 0.0 ], [ 120.477134506152652, -2.697652958217418, 0.0 ], [ 120.477147088567335, -2.697004996683177, 0.0 ], [ 120.477939764508619, -2.697655750612341, 0.0 ] ] ] ] } },
{ "type": "Feature", "properties": { "OBJECTID": 6170, "WADMPR": "Sulawesi Selatan", "WADMKK": "Kab. Luwu Utara", "WADMKC": "Kec. Sukamaju Selatan", "WADMKD": "Desa Subur", "POKTAN": "Gapoktan Harapan Maju", "K_POKTAN": "Jamus", "P_SID": "Universitas Negeri Makassar", "NO_HP_1": "0821-2315-7199", "NAMA_PEMIL": "Pemerintah Desa", "N_PETAK": "SBB066", "LUAS_HA": 0.13268724153, "PAKET": "Paket Sulawesi Selatan 18" }, "geometry": { "type": "MultiPolygon", "coordinates": [ [ [ [ 120.477147088567335, -2.697004996683177, 0.0 ], [ 120.476700421387363, -2.696979161858792, 0.0 ], [ 120.476688538645249, -2.696495284329842, 0.0 ], [ 120.477147088567335, -2.697004996683177, 0.0 ] ] ] ] } },
{ "type": "Feature", "properties": { "OBJECTID": 6171, "WADMPR": "Sulawesi Selatan", "WADMKK": "Kab. Luwu Utara", "WADMKC": "Kec. Sukamaju Selatan", "WADMKD": "Desa Subur", "POKTAN": "Gapoktan Harapan Maju", "K_POKTAN": "Jamus", "P_SID": "Universitas Negeri Makassar", "NO_HP_1": "0821-2315-7199", "NAMA_PEMIL": "Pemerintah Desa", "N_PETAK": "SBB067", "LUAS_HA": 3.0905687228100001, "PAKET": "Paket Sulawesi Selatan 18" }, "geometry": { "type": "MultiPolygon", "coordinates": [ [ [ [ 120.475304500902098, -2.697247982708177, 0.0 ], [ 120.475301704909839, -2.697669716184407, 0.0 ], [ 120.477134506152652, -2.697652958217418, 0.0 ], [ 120.477120526191356, -2.698440565579574, 0.0 ], [ 120.475095496659947, -2.698504104480776, 0.0 ], [ 120.47508431269091, -2.698196881680701, 0.0 ], [ 120.474684479505186, -2.698202468269244, 0.0 ], [ 120.474276258342684, -2.698143817183393, 0.0 ], [ 120.47414833967423, -2.69755660215543, 0.0 ], [ 120.474410468668225, -2.697565679012826, 0.0 ], [ 120.47443027353836, -2.697208416135425, 0.0 ], [ 120.475304500902098, -2.697247982708177, 0.0 ] ] ] ] } },
{ "type": "Feature", "properties": { "OBJECTID": 6172, "WADMPR": "Sulawesi Selatan", "WADMKK": "Kab. Luwu Utara", "WADMKC": "Kec. Sukamaju Selatan", "WADMKD": "Desa Subur", "POKTAN": "Gapoktan Harapan Maju", "K_POKTAN": "Jamus", "P_SID": "Universitas Negeri Makassar", "NO_HP_1": "0821-2315-7199", "NAMA_PEMIL": "Pemerintah Desa", "N_PETAK": "SBB068", "LUAS_HA": 0.72542759589000005, "PAKET": "Paket Sulawesi Selatan 18" }, "geometry": { "type": "MultiPolygon", "coordinates": [ [ [ [ 120.475386909378472, -2.694184984449407, 0.0 ], [ 120.475562629711703, -2.694223484426232, 0.0 ], [ 120.475564024560185, -2.694265549315617, 0.0 ], [ 120.475564677467901, -2.694279111991364, 0.0 ], [ 120.475567499540489, -2.694308547701269, 0.0 ], [ 120.475567960892704, -2.694312026278965, 0.0 ], [ 120.475573441361348, -2.694352126149681, 0.0 ], [ 120.4755777095437, -2.694377834169643, 0.0 ], [ 120.475580579280404, -2.694391396845447, 0.0 ], [ 120.475591720981242, -2.694440356836935, 0.0 ], [ 120.47559546935554, -2.694455609338831, 0.0 ], [ 120.475598833719232, -2.694467666549542, 0.0 ], [ 120.475607388070557, -2.694496764114319, 0.0 ], [ 120.475612501615728, -2.694513023856928, 0.0 ], [ 120.475622803349779, -2.694540722975944, 0.0 ], [ 120.475624963521341, -2.694545905768905, 0.0 ], [ 120.475635412744168, -2.694570549890898, 0.0 ], [ 120.47564533496427, -2.694592327873579, 0.0 ], [ 120.475659143154985, -2.69461843789054, 0.0 ], [ 120.475671129319267, -2.694638222975584, 0.0 ], [ 120.475683538164844, -2.694657570990046, 0.0 ], [ 120.47568702843364, -2.694662930949448, 0.0 ], [ 120.475704108357945, -2.694687004901311, 0.0 ], [ 120.47572271712977, -2.694709902539898, 0.0 ], [ 120.475729538487485, -2.694717580052213, 0.0 ], [ 120.475740586658844, -2.694729732591043, 0.0 ], [ 120.475753824679373, -2.694743681075977, 0.0 ], [ 120.475775245631098, -2.694763941902352, 0.0 ], [ 120.475777457963432, -2.694765887135929, 0.0 ], [ 120.475790756238439, -2.694777509074754, 0.0 ], [ 120.475811237398716, -2.694794371363116, 0.0 ], [ 120.475066837964278, -2.694787400717928, 0.0 ], [ 120.47488509577056, -2.694608652367378, 0.0 ], [ 120.474423749856214, -2.694630996922911, 0.0 ], [ 120.474432137832991, -2.694401974671337, 0.0 ], [ 120.474733345967252, -2.694194272647508, 0.0 ], [ 120.474806735142806, -2.694192922765126, 0.0 ], [ 120.474900353668431, -2.69419444711599, 0.0 ], [ 120.475006789331928, -2.6941961801096, 0.0 ], [ 120.475013133149673, -2.694196237666176, 0.0 ], [ 120.475018279070355, -2.694196219679725, 0.0 ], [ 120.475024916067127, -2.69419615762655, 0.0 ], [ 120.475110821107592, -2.69419534643805, 0.0 ], [ 120.47513506862856, -2.694194458807203, 0.0 ], [ 120.475139435736423, -2.694194159332937, 0.0 ], [ 120.475329736778008, -2.694180950990074, 0.0 ], [ 120.475386909378472, -2.694184984449407, 0.0 ] ] ] ] } },
{ "type": "Feature", "properties": { "OBJECTID": 6173, "WADMPR": "Sulawesi Selatan", "WADMKK": "Kab. Luwu Utara", "WADMKC": "Kec. Sukamaju Selatan", "WADMKD": "Desa Subur", "POKTAN": "Gapoktan Harapan Maju", "K_POKTAN": "Jamus", "P_SID": "Universitas Negeri Makassar", "NO_HP_1": "0821-2315-7199", "NAMA_PEMIL": "Pemerintah Desa", "N_PETAK": "SBB069", "LUAS_HA": 1.5216730111800001, "PAKET": "Paket Sulawesi Selatan 18" }, "geometry": { "type": "MultiPolygon", "coordinates": [ [ [ [ 120.479815538956018, -2.697009737909013, 0.0 ], [ 120.479802956541221, -2.698379674282478, 0.0 ], [ 120.47891627986246, -2.698384009014774, 0.0 ], [ 120.478927463831496, -2.697608968778866, 0.0 ], [ 120.478883426728771, -2.696986842968386, 0.0 ], [ 120.479815538956018, -2.697009737909013, 0.0 ] ] ] ] } },
{ "type": "Feature", "properties": { "OBJECTID": 6174, "WADMPR": "Sulawesi Selatan", "WADMKK": "Kab. Luwu Utara", "WADMKC": "Kec. Sukamaju Selatan", "WADMKD": "Desa Subur", "POKTAN": "Gapoktan Harapan Maju", "K_POKTAN": "Jamus", "P_SID": "Universitas Negeri Makassar", "NO_HP_1": "0821-2315-7199", "NAMA_PEMIL": "Pemerintah Desa", "N_PETAK": "SBB070", "LUAS_HA": 2.3387915431200001, "PAKET": "Paket Sulawesi Selatan 18" }, "geometry": { "type": "MultiPolygon", "coordinates": [ [ [ [ 120.479815538956018, -2.697009737909013, 0.0 ], [ 120.478883426728771, -2.696986842968386, 0.0 ], [ 120.478896707916761, -2.696264169355857, 0.0 ], [ 120.4789638126299, -2.69493193526057, 0.0 ], [ 120.47987425569238, -2.694973684487877, 0.0 ], [ 120.479815538956018, -2.697009737909013, 0.0 ] ] ] ] } },
{ "type": "Feature", "properties": { "OBJECTID": 6175, "WADMPR": "Sulawesi Selatan", "WADMKK": "Kab. Luwu Utara", "WADMKC": "Kec. Sukamaju Selatan", "WADMKD": "Desa Subur", "POKTAN": "Gapoktan Harapan Maju", "K_POKTAN": "Jamus", "P_SID": "Universitas Negeri Makassar", "NO_HP_1": "0821-2315-7199", "NAMA_PEMIL": "Pemerintah Desa", "N_PETAK": "SBB071", "LUAS_HA": 0.99746984929000004, "PAKET": "Paket Sulawesi Selatan 18" }, "geometry": { "type": "MultiPolygon", "coordinates": [ [ [ [ 120.477389278692272, -2.70206005892453, 0.0 ], [ 120.477573816878248, -2.702732455038699, 0.0 ], [ 120.477250874828087, -2.702828812, 0.0 ], [ 120.476433034057322, -2.701848495211834, 0.0 ], [ 120.476751782568726, -2.701613889069677, 0.0 ], [ 120.477213128483186, -2.701416987903599, 0.0 ], [ 120.477389278692272, -2.70206005892453, 0.0 ] ] ] ] } },
{ "type": "Feature", "properties": { "OBJECTID": 6176, "WADMPR": "Sulawesi Selatan", "WADMKK": "Kab. Luwu Utara", "WADMKC": "Kec. Sukamaju Selatan", "WADMKD": "Desa Subur", "POKTAN": "Gapoktan Harapan Maju", "K_POKTAN": "Jamus", "P_SID": "Universitas Negeri Makassar", "NO_HP_1": "0821-2315-7199", "NAMA_PEMIL": "Pemerintah Desa", "N_PETAK": "SBB072", "LUAS_HA": 0.80619746073999998, "PAKET": "Paket Sulawesi Selatan 18" }, "geometry": { "type": "MultiPolygon", "coordinates": [ [ [ [ 120.477996892142869, -2.701130929748558, 0.0 ], [ 120.478236477831274, -2.701626457095244, 0.0 ], [ 120.478137393226234, -2.701677776907843, 0.0 ], [ 120.477389278692272, -2.70206005892453, 0.0 ], [ 120.477213128483186, -2.701416987903599, 0.0 ], [ 120.477431219475307, -2.70112372977627, 0.0 ], [ 120.477938699711331, -2.701014805688658, 0.0 ], [ 120.477996892142869, -2.701130929748558, 0.0 ] ] ] ] } },
{ "type": "Feature", "properties": { "OBJECTID": 6177, "WADMPR": "Sulawesi Selatan", "WADMKK": "Kab. Luwu Utara", "WADMKC": "Kec. Sukamaju Selatan", "WADMKD": "Desa Subur", "POKTAN": "Gapoktan Harapan Maju", "K_POKTAN": "Jamus", "P_SID": "Universitas Negeri Makassar", "NO_HP_1": "0821-2315-7199", "NAMA_PEMIL": "Pemerintah Desa", "N_PETAK": "SBB073", "LUAS_HA": 0.96465329724000004, "PAKET": "Paket Sulawesi Selatan 18" }, "geometry": { "type": "MultiPolygon", "coordinates": [ [ [ [ 120.478439889189644, -2.702544980566358, 0.0 ], [ 120.47762204841888, -2.702938783797777, 0.0 ], [ 120.477573816878248, -2.702732455038699, 0.0 ], [ 120.477389278692272, -2.70206005892453, 0.0 ], [ 120.478137393226234, -2.701677776907843, 0.0 ], [ 120.478439889189644, -2.702544980566358, 0.0 ] ] ] ] } },
{ "type": "Feature", "properties": { "OBJECTID": 6178, "WADMPR": "Sulawesi Selatan", "WADMKK": "Kab. Luwu Utara", "WADMKC": "Kec. Sukamaju Selatan", "WADMKD": "Desa Subur", "POKTAN": "Gapoktan Harapan Maju", "K_POKTAN": "Jamus", "P_SID": "Universitas Negeri Makassar", "NO_HP_1": "0821-2315-7199", "NAMA_PEMIL": "Pemerintah Desa", "N_PETAK": "SBB074", "LUAS_HA": 0.91915768646999996, "PAKET": "Paket Sulawesi Selatan 18" }, "geometry": { "type": "MultiPolygon", "coordinates": [ [ [ [ 120.479209891423466, -2.701677841659034, 0.0 ], [ 120.479032954307513, -2.702062743400859, 0.0 ], [ 120.4788599499268, -2.702219844170429, 0.0 ], [ 120.478439889189644, -2.702544980566358, 0.0 ], [ 120.478137393226234, -2.701677776907843, 0.0 ], [ 120.478236477831274, -2.701626457095244, 0.0 ], [ 120.477996892142869, -2.701130929748558, 0.0 ], [ 120.478219046271988, -2.701277232358336, 0.0 ], [ 120.478344867721489, -2.701391130596164, 0.0 ], [ 120.47845889366306, -2.701375421238652, 0.0 ], [ 120.478537532181463, -2.701359710981819, 0.0 ], [ 120.478580783276584, -2.701414696431073, 0.0 ], [ 120.47866728546694, -2.701528595568163, 0.0 ], [ 120.478875677270707, -2.701618928870403, 0.0 ], [ 120.479021158799469, -2.701603219512947, 0.0 ], [ 120.479209891423466, -2.701677841659034, 0.0 ] ] ] ] } },
{ "type": "Feature", "properties": { "OBJECTID": 6179, "WADMPR": "Sulawesi Selatan", "WADMKK": "Kab. Luwu Utara", "WADMKC": "Kec. Sukamaju Selatan", "WADMKD": "Desa Subur", "POKTAN": "Gapoktan Harapan Maju", "K_POKTAN": "Jamus", "P_SID": "Universitas Negeri Makassar", "NO_HP_1": "0821-2315-7199", "NAMA_PEMIL": "Pemerintah Desa", "N_PETAK": "SBB075", "LUAS_HA": 1.6914631394099999, "PAKET": "Paket Sulawesi Selatan 18" }, "geometry": { "type": "MultiPolygon", "coordinates": [ [ [ [ 120.47762204841888, -2.702938783797777, 0.0 ], [ 120.478439889189644, -2.702544980566358, 0.0 ], [ 120.4788599499268, -2.702219844170429, 0.0 ], [ 120.479032954307513, -2.702062743400859, 0.0 ], [ 120.479209891423466, -2.701677841659034, 0.0 ], [ 120.4795893216899, -2.701850655383396, 0.0 ], [ 120.479459568404422, -2.701940987786315, 0.0 ], [ 120.479384861721996, -2.702200207473538, 0.0 ], [ 120.479321951446991, -2.702553686903059, 0.0 ], [ 120.4792904958598, -2.702954297103076, 0.0 ], [ 120.479294427695777, -2.703335269706884, 0.0 ], [ 120.478460859581105, -2.703315632110673, 0.0 ], [ 120.478394016570633, -2.703017138130349, 0.0 ], [ 120.477678406233508, -2.703158529542463, 0.0 ], [ 120.47762204841888, -2.702938783797777, 0.0 ] ] ] ] } },
{ "type": "Feature", "properties": { "OBJECTID": 6180, "WADMPR": "Sulawesi Selatan", "WADMKK": "Kab. Luwu Utara", "WADMKC": "Kec. Sukamaju Selatan", "WADMKD": "Desa Subur", "POKTAN": "Gapoktan Harapan Maju", "K_POKTAN": "Jamus", "P_SID": "Universitas Negeri Makassar", "NO_HP_1": "0821-2315-7199", "NAMA_PEMIL": "Pemerintah Desa", "N_PETAK": "SBB076", "LUAS_HA": 0.74727605001999997, "PAKET": "Paket Sulawesi Selatan 18" }, "geometry": { "type": "MultiPolygon", "coordinates": [ [ [ [ 120.479268869862494, -2.70448800541709, 0.0 ], [ 120.478730196641322, -2.704452655765408, 0.0 ], [ 120.478727246864992, -2.704055973804088, 0.0 ], [ 120.478718400234015, -2.703392219275429, 0.0 ], [ 120.479318018711638, -2.70341185597232, 0.0 ], [ 120.479268869862494, -2.70448800541709, 0.0 ] ] ] ] } },
{ "type": "Feature", "properties": { "OBJECTID": 6181, "WADMPR": "Sulawesi Selatan", "WADMKK": "Kab. Luwu Utara", "WADMKC": "Kec. Sukamaju Selatan", "WADMKD": "Desa Subur", "POKTAN": "Gapoktan Harapan Maju", "K_POKTAN": "Jamus", "P_SID": "Universitas Negeri Makassar", "NO_HP_1": "0821-2315-7199", "NAMA_PEMIL": "Pemerintah Desa", "N_PETAK": "SBB077", "LUAS_HA": 0.6006979346, "PAKET": "Paket Sulawesi Selatan 18" }, "geometry": { "type": "MultiPolygon", "coordinates": [ [ [ [ 120.478727246864992, -2.704055973804088, 0.0 ], [ 120.477843546942154, -2.704071684060921, 0.0 ], [ 120.477812091354963, -2.703370617559926, 0.0 ], [ 120.47820528394675, -2.703360798761821, 0.0 ], [ 120.478213147618703, -2.703625908109132, 0.0 ], [ 120.478486416515011, -2.703635726907237, 0.0 ], [ 120.478716434316084, -2.703625908109132, 0.0 ], [ 120.478727246864992, -2.704055973804088, 0.0 ] ] ] ] } },
{ "type": "Feature", "properties": { "OBJECTID": 6182, "WADMPR": "Sulawesi Selatan", "WADMKK": "Kab. Luwu Utara", "WADMKC": "Kec. Sukamaju Selatan", "WADMKD": "Desa Subur", "POKTAN": "Gapoktan Harapan Maju", "K_POKTAN": "Jamus", "P_SID": "Universitas Negeri Makassar", "NO_HP_1": "0821-2315-7199", "NAMA_PEMIL": "Pemerintah Desa", "N_PETAK": "SBB078", "LUAS_HA": 1.47129312154, "PAKET": "Paket Sulawesi Selatan 18" }, "geometry": { "type": "MultiPolygon", "coordinates": [ [ [ [ 120.478791140998396, -2.705411959893979, 0.0 ], [ 120.478688911464133, -2.7067355407126, 0.0 ], [ 120.477819955926293, -2.706727685134524, 0.0 ], [ 120.477859275185438, -2.70609068813468, 0.0 ], [ 120.477898594444696, -2.705337335949253, 0.0 ], [ 120.478791140998396, -2.705411959893979, 0.0 ] ] ] ] } },
{ "type": "Feature", "properties": { "OBJECTID": 6183, "WADMPR": "Sulawesi Selatan", "WADMKK": "Kab. Luwu Utara", "WADMKC": "Kec. Sukamaju Selatan", "WADMKD": "Desa Subur", "POKTAN": "Gapoktan Harapan Maju", "K_POKTAN": "Jamus", "P_SID": "Universitas Negeri Makassar", "NO_HP_1": "0821-2315-7199", "NAMA_PEMIL": "Pemerintah Desa", "N_PETAK": "SBB079", "LUAS_HA": 1.3888610664100001, "PAKET": "Paket Sulawesi Selatan 18" }, "geometry": { "type": "MultiPolygon", "coordinates": [ [ [ [ 120.478730196641322, -2.704452655765408, 0.0 ], [ 120.478791140998396, -2.705411959893979, 0.0 ], [ 120.477898594444696, -2.705337335949253, 0.0 ], [ 120.477922185460557, -2.705019205272038, 0.0 ], [ 120.477850427655198, -2.704192456716441, 0.0 ], [ 120.477843546942154, -2.704071684060921, 0.0 ], [ 120.478727246864992, -2.704055973804088, 0.0 ], [ 120.478730196641322, -2.704452655765408, 0.0 ] ] ] ] } },
{ "type": "Feature", "properties": { "OBJECTID": 6184, "WADMPR": "Sulawesi Selatan", "WADMKK": "Kab. Luwu Utara", "WADMKC": "Kec. Sukamaju Selatan", "WADMKD": "Desa Subur", "POKTAN": "Gapoktan Harapan Maju", "K_POKTAN": "Jamus", "P_SID": "Universitas Negeri Makassar", "NO_HP_1": "0821-2315-7199", "NAMA_PEMIL": "Pemerintah Desa", "N_PETAK": "SBB080", "LUAS_HA": 0.57019710590999995, "PAKET": "Paket Sulawesi Selatan 18" }, "geometry": { "type": "MultiPolygon", "coordinates": [ [ [ [ 120.479268869862494, -2.70448800541709, 0.0 ], [ 120.479219721013351, -2.705447307747022, 0.0 ], [ 120.478791140998396, -2.705411959893979, 0.0 ], [ 120.478730196641322, -2.704452655765408, 0.0 ], [ 120.479268869862494, -2.70448800541709, 0.0 ] ] ] ] } },
{ "type": "Feature", "properties": { "OBJECTID": 6185, "WADMPR": "Sulawesi Selatan", "WADMKK": "Kab. Luwu Utara", "WADMKC": "Kec. Sukamaju Selatan", "WADMKD": "Desa Subur", "POKTAN": "Gapoktan Harapan Maju", "K_POKTAN": "Jamus", "P_SID": "Universitas Negeri Makassar", "NO_HP_1": "0821-2315-7199", "NAMA_PEMIL": "Pemerintah Desa", "N_PETAK": "SBB081", "LUAS_HA": 0.92114251663000002, "PAKET": "Paket Sulawesi Selatan 18" }, "geometry": { "type": "MultiPolygon", "coordinates": [ [ [ [ 120.477843546942154, -2.704071684060921, 0.0 ], [ 120.477850427655198, -2.704192456716441, 0.0 ], [ 120.47686449729872, -2.704233696028211, 0.0 ], [ 120.476825178039576, -2.703479607297993, 0.0 ], [ 120.477033570742719, -2.703452113224387, 0.0 ], [ 120.477065025430647, -2.703656345663774, 0.0 ], [ 120.477218370631363, -2.703644564544959, 0.0 ], [ 120.477190847779411, -2.703436403866874, 0.0 ], [ 120.477812091354963, -2.703370617559926, 0.0 ], [ 120.477843546942154, -2.704071684060921, 0.0 ] ] ] ] } },
{ "type": "Feature", "properties": { "OBJECTID": 6186, "WADMPR": "Sulawesi Selatan", "WADMKK": "Kab. Luwu Utara", "WADMKC": "Kec. Sukamaju Selatan", "WADMKD": "Desa Subur", "POKTAN": "Gapoktan Harapan Maju", "K_POKTAN": "Jamus", "P_SID": "Universitas Negeri Makassar", "NO_HP_1": "0821-2315-7199", "NAMA_PEMIL": "Pemerintah Desa", "N_PETAK": "SBB082", "LUAS_HA": 2.24638682353, "PAKET": "Paket Sulawesi Selatan 18" }, "geometry": { "type": "MultiPolygon", "coordinates": [ [ [ [ 120.477898594444696, -2.705337335949253, 0.0 ], [ 120.477859275185438, -2.70609068813468, 0.0 ], [ 120.476897918803957, -2.706091424679471, 0.0 ], [ 120.476951000388453, -2.705225401830774, 0.0 ], [ 120.47686449729872, -2.704233696028211, 0.0 ], [ 120.477850427655198, -2.704192456716441, 0.0 ], [ 120.477922185460557, -2.705019205272038, 0.0 ], [ 120.477898594444696, -2.705337335949253, 0.0 ] ] ] ] } },
{ "type": "Feature", "properties": { "OBJECTID": 6187, "WADMPR": "Sulawesi Selatan", "WADMKK": "Kab. Luwu Utara", "WADMKC": "Kec. Sukamaju Selatan", "WADMKD": "Desa Subur", "POKTAN": "Gapoktan Harapan Maju", "K_POKTAN": "Jamus", "P_SID": "Universitas Negeri Makassar", "NO_HP_1": "0821-2315-7199", "NAMA_PEMIL": "Pemerintah Desa", "N_PETAK": "SBB083", "LUAS_HA": 2.5462925119199999, "PAKET": "Paket Sulawesi Selatan 18" }, "geometry": { "type": "MultiPolygon", "coordinates": [ [ [ [ 120.477819955926293, -2.706727685134524, 0.0 ], [ 120.477786288006882, -2.707103256410107, 0.0 ], [ 120.477194287686302, -2.707554678305712, 0.0 ], [ 120.476684857720102, -2.707947185614103, 0.0 ], [ 120.475764787415073, -2.707624637467006, 0.0 ], [ 120.47703873105263, -2.706321185274419, 0.0 ], [ 120.476897918803957, -2.706091424679471, 0.0 ], [ 120.477859275185438, -2.70609068813468, 0.0 ], [ 120.477819955926293, -2.706727685134524, 0.0 ] ] ] ] } },
{ "type": "Feature", "properties": { "OBJECTID": 6188, "WADMPR": "Sulawesi Selatan", "WADMKK": "Kab. Luwu Utara", "WADMKC": "Kec. Sukamaju Selatan", "WADMKD": "Desa Subur", "POKTAN": "Gapoktan Harapan Maju", "K_POKTAN": "Jamus", "P_SID": "Universitas Negeri Makassar", "NO_HP_1": "0821-2315-7199", "NAMA_PEMIL": "Pemerintah Desa", "N_PETAK": "SBB084", "LUAS_HA": 2.0057936674499999, "PAKET": "Paket Sulawesi Selatan 18" }, "geometry": { "type": "MultiPolygon", "coordinates": [ [ [ [ 120.478688911464133, -2.7067355407126, 0.0 ], [ 120.478609043572533, -2.708092995395361, 0.0 ], [ 120.477618198421169, -2.708017881320131, 0.0 ], [ 120.477153739953224, -2.70834926710495, 0.0 ], [ 120.477194287686302, -2.707554678305712, 0.0 ], [ 120.477786288006882, -2.707103256410107, 0.0 ], [ 120.477819955926293, -2.706727685134524, 0.0 ], [ 120.478688911464133, -2.7067355407126, 0.0 ] ] ] ] } },
{ "type": "Feature", "properties": { "OBJECTID": 6189, "WADMPR": "Sulawesi Selatan", "WADMKK": "Kab. Luwu Utara", "WADMKC": "Kec. Sukamaju Selatan", "WADMKD": "Desa Subur", "POKTAN": "Gapoktan Harapan Maju", "K_POKTAN": "Jamus", "P_SID": "Universitas Negeri Makassar", "NO_HP_1": "0821-2315-7199", "NAMA_PEMIL": "Pemerintah Desa", "N_PETAK": "SBB085", "LUAS_HA": 1.65900462395, "PAKET": "Paket Sulawesi Selatan 18" }, "geometry": { "type": "MultiPolygon", "coordinates": [ [ [ [ 120.479219721013351, -2.705447307747022, 0.0 ], [ 120.479189248385183, -2.705989062944866, 0.0 ], [ 120.479189248385183, -2.708162954556656, 0.0 ], [ 120.47895480771831, -2.708132025972191, 0.0 ], [ 120.478609043572533, -2.708092995395361, 0.0 ], [ 120.478688911464133, -2.7067355407126, 0.0 ], [ 120.478791140998396, -2.705411959893979, 0.0 ], [ 120.479219721013351, -2.705447307747022, 0.0 ] ] ] ] } },
{ "type": "Feature", "properties": { "OBJECTID": 6190, "WADMPR": "Sulawesi Selatan", "WADMKK": "Kab. Luwu Utara", "WADMKC": "Kec. Sukamaju Selatan", "WADMKD": "Desa Subur", "POKTAN": "Gapoktan Harapan Maju", "K_POKTAN": "Jamus", "P_SID": "Universitas Negeri Makassar", "NO_HP_1": "0821-2315-7199", "NAMA_PEMIL": "Pemerintah Desa", "N_PETAK": "SBB086", "LUAS_HA": 0.96471054855000005, "PAKET": "Paket Sulawesi Selatan 18" }, "geometry": { "type": "MultiPolygon", "coordinates": [ [ [ [ 120.476684857720102, -2.707947185614103, 0.0 ], [ 120.475848095213451, -2.708757976599315, 0.0 ], [ 120.475311387010947, -2.708098150309354, 0.0 ], [ 120.475764787415073, -2.707624637467006, 0.0 ], [ 120.476684857720102, -2.707947185614103, 0.0 ] ] ] ] } },
{ "type": "Feature", "properties": { "OBJECTID": 6191, "WADMPR": "Sulawesi Selatan", "WADMKK": "Kab. Luwu Utara", "WADMKC": "Kec. Sukamaju Selatan", "WADMKD": "Desa Subur", "POKTAN": "Gapoktan Harapan Maju", "K_POKTAN": "Jamus", "P_SID": "Universitas Negeri Makassar", "NO_HP_1": "0821-2315-7199", "NAMA_PEMIL": "Pemerintah Desa", "N_PETAK": "SBB087", "LUAS_HA": 4.0098638930300003, "PAKET": "Paket Sulawesi Selatan 18" }, "geometry": { "type": "MultiPolygon", "coordinates": [ [ [ [ 120.478609043572533, -2.708092995395361, 0.0 ], [ 120.478484450596966, -2.708846344882886, 0.0 ], [ 120.4778356832702, -2.708887585093919, 0.0 ], [ 120.477489182579802, -2.709031920886389, 0.0 ], [ 120.477092549181862, -2.709188040495633, 0.0 ], [ 120.476455577363026, -2.709971582022831, 0.0 ], [ 120.476125295945735, -2.709700583015433, 0.0 ], [ 120.475859890721495, -2.709488496796666, 0.0 ], [ 120.475506017388852, -2.709364778861413, 0.0 ], [ 120.475848095213451, -2.708757976599315, 0.0 ], [ 120.476684857720102, -2.707947185614103, 0.0 ], [ 120.477194287686302, -2.707554678305712, 0.0 ], [ 120.477153739953224, -2.70834926710495, 0.0 ], [ 120.477618198421169, -2.708017881320131, 0.0 ], [ 120.478609043572533, -2.708092995395361, 0.0 ] ] ] ] } },
{ "type": "Feature", "properties": { "OBJECTID": 6192, "WADMPR": "Sulawesi Selatan", "WADMKK": "Kab. Luwu Utara", "WADMKC": "Kec. Sukamaju Selatan", "WADMKD": "Desa Subur", "POKTAN": "Gapoktan Harapan Maju", "K_POKTAN": "Jamus", "P_SID": "Universitas Negeri Makassar", "NO_HP_1": "0821-2315-7199", "NAMA_PEMIL": "Pemerintah Desa", "N_PETAK": "SBB088", "LUAS_HA": 1.91926599533, "PAKET": "Paket Sulawesi Selatan 18" }, "geometry": { "type": "MultiPolygon", "coordinates": [ [ [ [ 120.47763515423901, -2.710401647717845, 0.0 ], [ 120.477009978827482, -2.711085037144699, 0.0 ], [ 120.476904531518926, -2.710885255450137, 0.0 ], [ 120.476913478874053, -2.710876191183218, 0.0 ], [ 120.476889308694695, -2.710856414192108, 0.0 ], [ 120.476455577363026, -2.709971582022831, 0.0 ], [ 120.477092549181862, -2.709188040495633, 0.0 ], [ 120.477489182579802, -2.709031920886389, 0.0 ], [ 120.477440524760482, -2.709311758430886, 0.0 ], [ 120.477611563223149, -2.709512061732198, 0.0 ], [ 120.477493605445602, -2.709641670226858, 0.0 ], [ 120.477994926224937, -2.709906777775529, 0.0 ], [ 120.47763515423901, -2.710401647717845, 0.0 ] ] ] ] } },
{ "type": "Feature", "properties": { "OBJECTID": 6193, "WADMPR": "Sulawesi Selatan", "WADMKK": "Kab. Luwu Utara", "WADMKC": "Kec. Sukamaju Selatan", "WADMKD": "Desa Subur", "POKTAN": "Gapoktan Harapan Maju", "K_POKTAN": "Jamus", "P_SID": "Universitas Negeri Makassar", "NO_HP_1": "0821-2315-7199", "NAMA_PEMIL": "Pemerintah Desa", "N_PETAK": "SBB089", "LUAS_HA": 2.5285478638100001, "PAKET": "Paket Sulawesi Selatan 18" }, "geometry": { "type": "MultiPolygon", "coordinates": [ [ [ [ 120.478858966967778, -2.708886112004393, 0.0 ], [ 120.478785234251177, -2.710156835169755, 0.0 ], [ 120.478773665372387, -2.710321912925906, 0.0 ], [ 120.478882739646792, -2.710345023703837, 0.0 ], [ 120.478849686863668, -2.7105167069804, 0.0 ], [ 120.478400170631403, -2.710823752614033, 0.0 ], [ 120.47763515423901, -2.710401647717845, 0.0 ], [ 120.477994926224937, -2.709906777775529, 0.0 ], [ 120.477493605445602, -2.709641670226858, 0.0 ], [ 120.477611563223149, -2.709512061732198, 0.0 ], [ 120.477440524760482, -2.709311758430886, 0.0 ], [ 120.477489182579802, -2.709031920886389, 0.0 ], [ 120.4778356832702, -2.708887585093919, 0.0 ], [ 120.478484450596966, -2.708846344882886, 0.0 ], [ 120.478858966967778, -2.708886112004393, 0.0 ] ] ] ] } },
{ "type": "Feature", "properties": { "OBJECTID": 6194, "WADMPR": "Sulawesi Selatan", "WADMKK": "Kab. Luwu Utara", "WADMKC": "Kec. Sukamaju Selatan", "WADMKD": "Desa Subur", "POKTAN": "Gapoktan Harapan Maju", "K_POKTAN": "Jamus", "P_SID": "Universitas Negeri Makassar", "NO_HP_1": "0821-2315-7199", "NAMA_PEMIL": "Pemerintah Desa", "N_PETAK": "SBB090", "LUAS_HA": 0.33909853634999998, "PAKET": "Paket Sulawesi Selatan 18" }, "geometry": { "type": "MultiPolygon", "coordinates": [ [ [ [ 120.47895480771831, -2.708132025972191, 0.0 ], [ 120.478858966967778, -2.708886112004393, 0.0 ], [ 120.478484450596966, -2.708846344882886, 0.0 ], [ 120.478609043572533, -2.708092995395361, 0.0 ], [ 120.47895480771831, -2.708132025972191, 0.0 ] ] ] ] } },
{ "type": "Feature", "properties": { "OBJECTID": 6195, "WADMPR": "Sulawesi Selatan", "WADMKK": "Kab. Luwu Utara", "WADMKC": "Kec. Sukamaju Selatan", "WADMKD": "Desa Suka Harapan", "POKTAN": "Gapoktan Harapan Sejahtera", "K_POKTAN": "Albert Sonda, SP.", "P_SID": "Universitas Negeri Makassar", "NO_HP_1": "0822-5952-6099", "NAMA_PEMIL": "Pemerintah Desa", "N_PETAK": "SHB001", "LUAS_HA": 1.1631950450599999, "PAKET": "Paket Sulawesi Selatan 18" }, "geometry": { "type": "MultiPolygon", "coordinates": [ [ [ [ 120.428090656458721, -2.644859170314419, 0.0 ], [ 120.427517812596989, -2.644763798110773, 0.0 ], [ 120.427513601071951, -2.644611622927982, 0.0 ], [ 120.427397768392325, -2.6442953520488, 0.0 ], [ 120.427121175601883, -2.643636162478856, 0.0 ], [ 120.427557827931423, -2.64351414246363, 0.0 ], [ 120.427555721719273, -2.643333215055804, 0.0 ], [ 120.42790672891249, -2.643204182127249, 0.0 ], [ 120.428090656458721, -2.644859170314419, 0.0 ] ] ] ] } },
{ "type": "Feature", "properties": { "OBJECTID": 6196, "WADMPR": "Sulawesi Selatan", "WADMKK": "Kab. Luwu Utara", "WADMKC": "Kec. Sukamaju Selatan", "WADMKD": "Desa Suka Harapan", "POKTAN": "Gapoktan Harapan Sejahtera", "K_POKTAN": "Albert Sonda, SP.", "P_SID": "Universitas Negeri Makassar", "NO_HP_1": "0822-5952-6099", "NAMA_PEMIL": "Pemerintah Desa", "N_PETAK": "SHB002", "LUAS_HA": 2.0118678537700001, "PAKET": "Paket Sulawesi Selatan 18" }, "geometry": { "type": "MultiPolygon", "coordinates": [ [ [ [ 120.428090656458721, -2.644859170314419, 0.0 ], [ 120.42790672891249, -2.643204182127249, 0.0 ], [ 120.428048008808673, -2.643164867364703, 0.0 ], [ 120.428718256442494, -2.6429776734808, 0.0 ], [ 120.428962557276236, -2.64381638841553, 0.0 ], [ 120.429053818678881, -2.644741357327746, 0.0 ], [ 120.428090656458721, -2.644859170314419, 0.0 ] ] ] ] } },
{ "type": "Feature", "properties": { "OBJECTID": 6197, "WADMPR": "Sulawesi Selatan", "WADMKK": "Kab. Luwu Utara", "WADMKC": "Kec. Sukamaju Selatan", "WADMKD": "Desa Suka Harapan", "POKTAN": "Gapoktan Harapan Sejahtera", "K_POKTAN": "Albert Sonda, SP.", "P_SID": "Universitas Negeri Makassar", "NO_HP_1": "0822-5952-6099", "NAMA_PEMIL": "Pemerintah Desa", "N_PETAK": "SHB003", "LUAS_HA": 3.27396752744, "PAKET": "Paket Sulawesi Selatan 18" }, "geometry": { "type": "MultiPolygon", "coordinates": [ [ [ [ 120.427317037151624, -2.644783433908287, 0.0 ], [ 120.425452488941232, -2.645221024230864, 0.0 ], [ 120.425289734134026, -2.644342618616918, 0.0 ], [ 120.425308876203758, -2.644323330856992, 0.0 ], [ 120.425350298077888, -2.644278875569626, 0.0 ], [ 120.425368549818813, -2.644258040076465, 0.0 ], [ 120.425402103524334, -2.644217272908747, 0.0 ], [ 120.425418935235712, -2.64419550391932, 0.0 ], [ 120.42542426192017, -2.644188012566701, 0.0 ], [ 120.425450701089062, -2.644150324677696, 0.0 ], [ 120.42547309510735, -2.644115040676525, 0.0 ], [ 120.425495011585554, -2.644076702577706, 0.0 ], [ 120.425498768053785, -2.64406999993048, 0.0 ], [ 120.425514123078415, -2.644039353733149, 0.0 ], [ 120.425535070087449, -2.643993271572185, 0.0 ], [ 120.425539184485842, -2.643984222593758, 0.0 ], [ 120.425547966365571, -2.643963560669761, 0.0 ], [ 120.425554920822947, -2.643944807107118, 0.0 ], [ 120.425572913559222, -2.643892791219287, 0.0 ], [ 120.425583508472187, -2.643857609740849, 0.0 ], [ 120.425587004137014, -2.643843043421668, 0.0 ], [ 120.425597822981217, -2.64379444765558, 0.0 ], [ 120.425605015758947, -2.643753291081453, 0.0 ], [ 120.425607224493888, -2.643732024813062, 0.0 ], [ 120.42561082987595, -2.643687029932437, 0.0 ], [ 120.425612281381746, -2.643651664992319, 0.0 ], [ 120.425611588903735, -2.643625623323828, 0.0 ], [ 120.425610459355312, -2.64360521590794, 0.0 ], [ 120.425643373642856, -2.643604297700108, 0.0 ], [ 120.425658189973547, -2.643603637597778, 0.0 ], [ 120.425676233071727, -2.643602165407572, 0.0 ], [ 120.42574205984829, -2.643595454666468, 0.0 ], [ 120.425829363334515, -2.643590263779629, 0.0 ], [ 120.425860050001347, -2.643587347278185, 0.0 ], [ 120.425870019885565, -2.643586052254477, 0.0 ], [ 120.425896416786259, -2.64358262134084, 0.0 ], [ 120.425922113115121, -2.64357851773434, 0.0 ], [ 120.425948237521197, -2.643572748583438, 0.0 ], [ 120.425966459584515, -2.64356814855114, 0.0 ], [ 120.425995021153312, -2.643559918855146, 0.0 ], [ 120.426019150863226, -2.643551319537721, 0.0 ], [ 120.426034668665125, -2.643545284187496, 0.0 ], [ 120.426063049470258, -2.643533101071682, 0.0 ], [ 120.426096819013082, -2.643515415004345, 0.0 ], [ 120.426109905048179, -2.643507836417484, 0.0 ], [ 120.42612564228466, -2.64349828651666, 0.0 ], [ 120.426171364716765, -2.64346502599011, 0.0 ], [ 120.426176416208705, -2.643460777592736, 0.0 ], [ 120.426187190086807, -2.643451581125532, 0.0 ], [ 120.426223354524268, -2.643417066944039, 0.0 ], [ 120.426256082652117, -2.643377950032345, 0.0 ], [ 120.426274671638794, -2.643352991147594, 0.0 ], [ 120.426278003626976, -2.643348459463766, 0.0 ], [ 120.426308339558318, -2.643300605638387, 0.0 ], [ 120.426752618138835, -2.643190156300648, 0.0 ], [ 120.427001130497842, -2.643847944726815, 0.0 ], [ 120.427117665547939, -2.644164916177886, 0.0 ], [ 120.427204714526056, -2.644365479383339, 0.0 ], [ 120.427276320345982, -2.644494511412518, 0.0 ], [ 120.427336693633606, -2.644679646748273, 0.0 ], [ 120.427317037151624, -2.644783433908287, 0.0 ] ] ] ] } },
{ "type": "Feature", "properties": { "OBJECTID": 6198, "WADMPR": "Sulawesi Selatan", "WADMKK": "Kab. Luwu Utara", "WADMKC": "Kec. Sukamaju Selatan", "WADMKD": "Desa Suka Harapan", "POKTAN": "Gapoktan Harapan Sejahtera", "K_POKTAN": "Albert Sonda, SP.", "P_SID": "Universitas Negeri Makassar", "NO_HP_1": "0822-5952-6099", "NAMA_PEMIL": "Pemerintah Desa", "N_PETAK": "SHB004", "LUAS_HA": 0.47660816738, "PAKET": "Paket Sulawesi Selatan 18" }, "geometry": { "type": "MultiPolygon", "coordinates": [ [ [ [ 120.428048008808673, -2.643164867364703, 0.0 ], [ 120.42790672891249, -2.643204182127249, 0.0 ], [ 120.427555721719273, -2.643333215055804, 0.0 ], [ 120.427450485751365, -2.643021962393618, 0.0 ], [ 120.427305804619209, -2.642594080252536, 0.0 ], [ 120.427800022553015, -2.64247065729495, 0.0 ], [ 120.428048008808673, -2.643164867364703, 0.0 ] ] ] ] } },
{ "type": "Feature", "properties": { "OBJECTID": 6199, "WADMPR": "Sulawesi Selatan", "WADMKK": "Kab. Luwu Utara", "WADMKC": "Kec. Sukamaju Selatan", "WADMKD": "Desa Suka Harapan", "POKTAN": "Gapoktan Harapan Sejahtera", "K_POKTAN": "Albert Sonda, SP.", "P_SID": "Universitas Negeri Makassar", "NO_HP_1": "0822-5952-6099", "NAMA_PEMIL": "Pemerintah Desa", "N_PETAK": "SHB005", "LUAS_HA": 4.3551653827300001, "PAKET": "Paket Sulawesi Selatan 18" }, "geometry": { "type": "MultiPolygon", "coordinates": [ [ [ [ 120.428718256442494, -2.6429776734808, 0.0 ], [ 120.428048008808673, -2.643164867364703, 0.0 ], [ 120.427800022553015, -2.64247065729495, 0.0 ], [ 120.427305804619209, -2.642594080252536, 0.0 ], [ 120.427158644955512, -2.642234067248353, 0.0 ], [ 120.426692507453367, -2.642306998669028, 0.0 ], [ 120.426428551036906, -2.641325224079765, 0.0 ], [ 120.426616691007553, -2.641210216078548, 0.0 ], [ 120.42652964113006, -2.640803480596105, 0.0 ], [ 120.427018242797772, -2.640615541174213, 0.0 ], [ 120.427372057674347, -2.640912878626409, 0.0 ], [ 120.427588277177279, -2.640741769117312, 0.0 ], [ 120.427200765602947, -2.640306982880929, 0.0 ], [ 120.427678135637507, -2.639992813717356, 0.0 ], [ 120.428718256442494, -2.6429776734808, 0.0 ] ] ] ] } },
{ "type": "Feature", "properties": { "OBJECTID": 6200, "WADMPR": "Sulawesi Selatan", "WADMKK": "Kab. Luwu Utara", "WADMKC": "Kec. Sukamaju Selatan", "WADMKD": "Desa Suka Harapan", "POKTAN": "Gapoktan Harapan Sejahtera", "K_POKTAN": "Albert Sonda, SP.", "P_SID": "Universitas Negeri Makassar", "NO_HP_1": "0822-5952-6099", "NAMA_PEMIL": "Pemerintah Desa", "N_PETAK": "SHB006", "LUAS_HA": 0.31916611176999998, "PAKET": "Paket Sulawesi Selatan 18" }, "geometry": { "type": "MultiPolygon", "coordinates": [ [ [ [ 120.427555721719273, -2.643333215055804, 0.0 ], [ 120.427557827931423, -2.64351414246363, 0.0 ], [ 120.427121175601883, -2.643636162478856, 0.0 ], [ 120.426938213028166, -2.643149220959742, 0.0 ], [ 120.427450485751365, -2.643021962393618, 0.0 ], [ 120.427555721719273, -2.643333215055804, 0.0 ] ] ] ] } },
{ "type": "Feature", "properties": { "OBJECTID": 6201, "WADMPR": "Sulawesi Selatan", "WADMKK": "Kab. Luwu Utara", "WADMKC": "Kec. Sukamaju Selatan", "WADMKD": "Desa Suka Harapan", "POKTAN": "Gapoktan Harapan Sejahtera", "K_POKTAN": "Albert Sonda, SP.", "P_SID": "Universitas Negeri Makassar", "NO_HP_1": "0822-5952-6099", "NAMA_PEMIL": "Pemerintah Desa", "N_PETAK": "SHB007", "LUAS_HA": 0.53006248551000001, "PAKET": "Paket Sulawesi Selatan 18" }, "geometry": { "type": "MultiPolygon", "coordinates": [ [ [ [ 120.427305804619209, -2.642594080252536, 0.0 ], [ 120.427450485751365, -2.643021962393618, 0.0 ], [ 120.426938213028166, -2.643149220959742, 0.0 ], [ 120.426692507453367, -2.642306998669028, 0.0 ], [ 120.427158644955512, -2.642234067248353, 0.0 ], [ 120.427305804619209, -2.642594080252536, 0.0 ] ] ] ] } },
{ "type": "Feature", "properties": { "OBJECTID": 6202, "WADMPR": "Sulawesi Selatan", "WADMKK": "Kab. Luwu Utara", "WADMKC": "Kec. Sukamaju Selatan", "WADMKD": "Desa Suka Harapan", "POKTAN": "Gapoktan Harapan Sejahtera", "K_POKTAN": "Albert Sonda, SP.", "P_SID": "Universitas Negeri Makassar", "NO_HP_1": "0822-5952-6099", "NAMA_PEMIL": "Pemerintah Desa", "N_PETAK": "SHB008", "LUAS_HA": 1.35601008149, "PAKET": "Paket Sulawesi Selatan 18" }, "geometry": { "type": "MultiPolygon", "coordinates": [ [ [ [ 120.427678135637507, -2.639992813717356, 0.0 ], [ 120.427200765602947, -2.640306982880929, 0.0 ], [ 120.427588277177279, -2.640741769117312, 0.0 ], [ 120.427372057674347, -2.640912878626409, 0.0 ], [ 120.427018242797772, -2.640615541174213, 0.0 ], [ 120.42652964113006, -2.640803480596105, 0.0 ], [ 120.426616691007553, -2.641210216078548, 0.0 ], [ 120.426428551036906, -2.641325224079765, 0.0 ], [ 120.426193727258806, -2.640487032550482, 0.0 ], [ 120.426886856343458, -2.639950014981139, 0.0 ], [ 120.427507896672182, -2.63946879135159, 0.0 ], [ 120.427678135637507, -2.639992813717356, 0.0 ] ] ] ] } },
{ "type": "Feature", "properties": { "OBJECTID": 6203, "WADMPR": "Sulawesi Selatan", "WADMKK": "Kab. Luwu Utara", "WADMKC": "Kec. Sukamaju Selatan", "WADMKD": "Desa Suka Harapan", "POKTAN": "Gapoktan Harapan Sejahtera", "K_POKTAN": "Albert Sonda, SP.", "P_SID": "Universitas Negeri Makassar", "NO_HP_1": "0822-5952-6099", "NAMA_PEMIL": "Pemerintah Desa", "N_PETAK": "SHB009", "LUAS_HA": 2.2983190586900002, "PAKET": "Paket Sulawesi Selatan 18" }, "geometry": { "type": "MultiPolygon", "coordinates": [ [ [ [ 120.42661647157297, -2.639409511639599, 0.0 ], [ 120.426886856343458, -2.639950014981139, 0.0 ], [ 120.426193727258806, -2.640487032550482, 0.0 ], [ 120.425334594116293, -2.638729983002293, 0.0 ], [ 120.425180150843403, -2.638387762185403, 0.0 ], [ 120.425957850374516, -2.638094302609943, 0.0 ], [ 120.42661647157297, -2.639409511639599, 0.0 ] ] ] ] } },
{ "type": "Feature", "properties": { "OBJECTID": 6204, "WADMPR": "Sulawesi Selatan", "WADMKK": "Kab. Luwu Utara", "WADMKC": "Kec. Sukamaju Selatan", "WADMKD": "Desa Suka Harapan", "POKTAN": "Gapoktan Harapan Sejahtera", "K_POKTAN": "Albert Sonda, SP.", "P_SID": "Universitas Negeri Makassar", "NO_HP_1": "0822-5952-6099", "NAMA_PEMIL": "Pemerintah Desa", "N_PETAK": "SHB010", "LUAS_HA": 0.5547998677, "PAKET": "Paket Sulawesi Selatan 18" }, "geometry": { "type": "MultiPolygon", "coordinates": [ [ [ [ 120.427507896672182, -2.63946879135159, 0.0 ], [ 120.426886856343458, -2.639950014981139, 0.0 ], [ 120.42661647157297, -2.639409511639599, 0.0 ], [ 120.427339175762427, -2.638970419449265, 0.0 ], [ 120.427343055437746, -2.638968063225491, 0.0 ], [ 120.427507896672182, -2.63946879135159, 0.0 ] ] ] ] } },
{ "type": "Feature", "properties": { "OBJECTID": 6205, "WADMPR": "Sulawesi Selatan", "WADMKK": "Kab. Luwu Utara", "WADMKC": "Kec. Sukamaju Selatan", "WADMKD": "Desa Suka Harapan", "POKTAN": "Gapoktan Harapan Sejahtera", "K_POKTAN": "Albert Sonda, SP.", "P_SID": "Universitas Negeri Makassar", "NO_HP_1": "0822-5952-6099", "NAMA_PEMIL": "Pemerintah Desa", "N_PETAK": "SHB011", "LUAS_HA": 1.26727662462, "PAKET": "Paket Sulawesi Selatan 18" }, "geometry": { "type": "MultiPolygon", "coordinates": [ [ [ [ 120.426153696635879, -2.638115092237683, 0.0 ], [ 120.427076981117807, -2.638213101253598, 0.0 ], [ 120.427084012017644, -2.638213848590169, 0.0 ], [ 120.427339175762427, -2.638970419449265, 0.0 ], [ 120.42661647157297, -2.639409511639599, 0.0 ], [ 120.425957850374516, -2.638094302609943, 0.0 ], [ 120.426153696635879, -2.638115092237683, 0.0 ] ] ] ] } },
{ "type": "Feature", "properties": { "OBJECTID": 6206, "WADMPR": "Sulawesi Selatan", "WADMKK": "Kab. Luwu Utara", "WADMKC": "Kec. Sukamaju Selatan", "WADMKD": "Desa Suka Harapan", "POKTAN": "Gapoktan Harapan Sejahtera", "K_POKTAN": "Albert Sonda, SP.", "P_SID": "Universitas Negeri Makassar", "NO_HP_1": "0822-5952-6099", "NAMA_PEMIL": "Pemerintah Desa", "N_PETAK": "SHB012", "LUAS_HA": 0.53469632412000001, "PAKET": "Paket Sulawesi Selatan 18" }, "geometry": { "type": "MultiPolygon", "coordinates": [ [ [ [ 120.426153696635879, -2.638115092237683, 0.0 ], [ 120.425957850374516, -2.638094302609943, 0.0 ], [ 120.425180150843403, -2.638387762185403, 0.0 ], [ 120.425053788901323, -2.637978221717503, 0.0 ], [ 120.42603099223652, -2.63763600179999, 0.0 ], [ 120.426153696635879, -2.638115092237683, 0.0 ] ] ] ] } },
{ "type": "Feature", "properties": { "OBJECTID": 6207, "WADMPR": "Sulawesi Selatan", "WADMKK": "Kab. Luwu Utara", "WADMKC": "Kec. Sukamaju Selatan", "WADMKD": "Desa Suka Harapan", "POKTAN": "Gapoktan Harapan Sejahtera", "K_POKTAN": "Albert Sonda, SP.", "P_SID": "Universitas Negeri Makassar", "NO_HP_1": "0822-5952-6099", "NAMA_PEMIL": "Pemerintah Desa", "N_PETAK": "SHB013", "LUAS_HA": 0.53044889482000002, "PAKET": "Paket Sulawesi Selatan 18" }, "geometry": { "type": "MultiPolygon", "coordinates": [ [ [ [ 120.426900041303952, -2.637702030923947, 0.0 ], [ 120.427076981117807, -2.638213101253598, 0.0 ], [ 120.426153696635879, -2.638115092237683, 0.0 ], [ 120.42603099223652, -2.63763600179999, 0.0 ], [ 120.426900041303952, -2.637702030923947, 0.0 ] ] ] ] } },
{ "type": "Feature", "properties": { "OBJECTID": 6208, "WADMPR": "Sulawesi Selatan", "WADMKK": "Kab. Luwu Utara", "WADMKC": "Kec. Sukamaju Selatan", "WADMKD": "Desa Suka Harapan", "POKTAN": "Gapoktan Harapan Sejahtera", "K_POKTAN": "Albert Sonda, SP.", "P_SID": "Universitas Negeri Makassar", "NO_HP_1": "0822-5952-6099", "NAMA_PEMIL": "Pemerintah Desa", "N_PETAK": "SHB014", "LUAS_HA": 0.52945599161000001, "PAKET": "Paket Sulawesi Selatan 18" }, "geometry": { "type": "MultiPolygon", "coordinates": [ [ [ [ 120.42603099223652, -2.63763600179999, 0.0 ], [ 120.425053788901323, -2.637978221717503, 0.0 ], [ 120.424936566769247, -2.637569914220137, 0.0 ], [ 120.425803714669769, -2.637272042570658, 0.0 ], [ 120.425891419253617, -2.637242055576337, 0.0 ], [ 120.42603099223652, -2.63763600179999, 0.0 ] ] ] ] } },
{ "type": "Feature", "properties": { "OBJECTID": 6209, "WADMPR": "Sulawesi Selatan", "WADMKK": "Kab. Luwu Utara", "WADMKC": "Kec. Sukamaju Selatan", "WADMKD": "Desa Suka Harapan", "POKTAN": "Gapoktan Harapan Sejahtera", "K_POKTAN": "Albert Sonda, SP.", "P_SID": "Universitas Negeri Makassar", "NO_HP_1": "0822-5952-6099", "NAMA_PEMIL": "Pemerintah Desa", "N_PETAK": "SHB015", "LUAS_HA": 0.50004928624, "PAKET": "Paket Sulawesi Selatan 18" }, "geometry": { "type": "MultiPolygon", "coordinates": [ [ [ [ 120.425803714669769, -2.637272042570658, 0.0 ], [ 120.424936566769247, -2.637569914220137, 0.0 ], [ 120.42488337456814, -2.637157033670121, 0.0 ], [ 120.425724562638493, -2.636784660383739, 0.0 ], [ 120.425724916971376, -2.636786839441015, 0.0 ], [ 120.425803714669769, -2.637272042570658, 0.0 ] ] ] ] } },
{ "type": "Feature", "properties": { "OBJECTID": 6210, "WADMPR": "Sulawesi Selatan", "WADMKK": "Kab. Luwu Utara", "WADMKC": "Kec. Sukamaju Selatan", "WADMKD": "Desa Suka Harapan", "POKTAN": "Gapoktan Harapan Sejahtera", "K_POKTAN": "Albert Sonda, SP.", "P_SID": "Universitas Negeri Makassar", "NO_HP_1": "0822-5952-6099", "NAMA_PEMIL": "Pemerintah Desa", "N_PETAK": "SHB016", "LUAS_HA": 0.49006245237000001, "PAKET": "Paket Sulawesi Selatan 18" }, "geometry": { "type": "MultiPolygon", "coordinates": [ [ [ [ 120.426900041303952, -2.637702030923947, 0.0 ], [ 120.42603099223652, -2.63763600179999, 0.0 ], [ 120.425891419253617, -2.637242055576337, 0.0 ], [ 120.426900041303952, -2.637242055576337, 0.0 ], [ 120.426900041303952, -2.637702030923947, 0.0 ] ] ] ] } },
{ "type": "Feature", "properties": { "OBJECTID": 6211, "WADMPR": "Sulawesi Selatan", "WADMKK": "Kab. Luwu Utara", "WADMKC": "Kec. Sukamaju Selatan", "WADMKD": "Desa Suka Harapan", "POKTAN": "Gapoktan Harapan Sejahtera", "K_POKTAN": "Albert Sonda, SP.", "P_SID": "Universitas Negeri Makassar", "NO_HP_1": "0822-5952-6099", "NAMA_PEMIL": "Pemerintah Desa", "N_PETAK": "SHB017", "LUAS_HA": 0.64194274668999995, "PAKET": "Paket Sulawesi Selatan 18" }, "geometry": { "type": "MultiPolygon", "coordinates": [ [ [ [ 120.426900041303952, -2.637242055576337, 0.0 ], [ 120.425891419253617, -2.637242055576337, 0.0 ], [ 120.425803714669769, -2.637272042570658, 0.0 ], [ 120.425724916971376, -2.636786839441015, 0.0 ], [ 120.425724562638493, -2.636784660383739, 0.0 ], [ 120.425724747898812, -2.636784660383739, 0.0 ], [ 120.426900041303952, -2.636784660383739, 0.0 ], [ 120.426900041303952, -2.637242055576337, 0.0 ] ] ] ] } },
{ "type": "Feature", "properties": { "OBJECTID": 6212, "WADMPR": "Sulawesi Selatan", "WADMKK": "Kab. Luwu Utara", "WADMKC": "Kec. Sukamaju Selatan", "WADMKD": "Desa Suka Harapan", "POKTAN": "Gapoktan Harapan Sejahtera", "K_POKTAN": "Albert Sonda, SP.", "P_SID": "Universitas Negeri Makassar", "NO_HP_1": "0822-5952-6099", "NAMA_PEMIL": "Pemerintah Desa", "N_PETAK": "SHB018", "LUAS_HA": 0.58387732330999997, "PAKET": "Paket Sulawesi Selatan 18" }, "geometry": { "type": "MultiPolygon", "coordinates": [ [ [ [ 120.425724562638493, -2.636784660383739, 0.0 ], [ 120.42488337456814, -2.637157033670121, 0.0 ], [ 120.424841780923543, -2.636864253982083, 0.0 ], [ 120.424853188823704, -2.636541318227216, 0.0 ], [ 120.425645937609943, -2.63629937991243, 0.0 ], [ 120.425724562638493, -2.636784660383739, 0.0 ] ] ] ] } },
{ "type": "Feature", "properties": { "OBJECTID": 6213, "WADMPR": "Sulawesi Selatan", "WADMKK": "Kab. Luwu Utara", "WADMKC": "Kec. Sukamaju Selatan", "WADMKD": "Desa Suka Harapan", "POKTAN": "Gapoktan Harapan Sejahtera", "K_POKTAN": "Albert Sonda, SP.", "P_SID": "Universitas Negeri Makassar", "NO_HP_1": "0822-5952-6099", "NAMA_PEMIL": "Pemerintah Desa", "N_PETAK": "SHB019", "LUAS_HA": 0.72488997078999995, "PAKET": "Paket Sulawesi Selatan 18" }, "geometry": { "type": "MultiPolygon", "coordinates": [ [ [ [ 120.426900041303952, -2.636784660383739, 0.0 ], [ 120.425724747898812, -2.636784660383739, 0.0 ], [ 120.425724562638493, -2.636784660383739, 0.0 ], [ 120.425645937609943, -2.63629937991243, 0.0 ], [ 120.426900041303952, -2.63629937991243, 0.0 ], [ 120.426900041303952, -2.636784660383739, 0.0 ] ] ] ] } },
{ "type": "Feature", "properties": { "OBJECTID": 6214, "WADMPR": "Sulawesi Selatan", "WADMKK": "Kab. Luwu Utara", "WADMKC": "Kec. Sukamaju Selatan", "WADMKD": "Desa Suka Harapan", "POKTAN": "Gapoktan Harapan Sejahtera", "K_POKTAN": "Albert Sonda, SP.", "P_SID": "Universitas Negeri Makassar", "NO_HP_1": "0822-5952-6099", "NAMA_PEMIL": "Pemerintah Desa", "N_PETAK": "SHB020", "LUAS_HA": 1.22923364644, "PAKET": "Paket Sulawesi Selatan 18" }, "geometry": { "type": "MultiPolygon", "coordinates": [ [ [ [ 120.423696572538802, -2.637029555669415, 0.0 ], [ 120.423716628319767, -2.636426311125319, 0.0 ], [ 120.424685406806134, -2.636353378805325, 0.0 ], [ 120.424674175173095, -2.636973301276782, 0.0 ], [ 120.424764032733947, -2.63759322374824, 0.0 ], [ 120.424464607955315, -2.637715066597025, 0.0 ], [ 120.424450682852807, -2.63769196571161, 0.0 ], [ 120.424420075326225, -2.637644450930622, 0.0 ], [ 120.424407021666752, -2.637625285478521, 0.0 ], [ 120.424402593405034, -2.637619233940427, 0.0 ], [ 120.424373910427676, -2.637580724071086, 0.0 ], [ 120.424361733607157, -2.637565101947871, 0.0 ], [ 120.424330351764411, -2.63752661366226, 0.0 ], [ 120.424318411465606, -2.637512566251871, 0.0 ], [ 120.424284254314898, -2.637474003322552, 0.0 ], [ 120.42427691944431, -2.637465921115336, 0.0 ], [ 120.42427270252324, -2.63746144878678, 0.0 ], [ 120.424235640562415, -2.637422667322198, 0.0 ], [ 120.424219406000816, -2.6374065226928, 0.0 ], [ 120.424136145866555, -2.637327823020541, 0.0 ], [ 120.424117216936111, -2.63731091486676, 0.0 ], [ 120.424017699757087, -2.637226951462594, 0.0 ], [ 120.423995705937159, -2.637209620627459, 0.0 ], [ 120.423954323633211, -2.637179057167714, 0.0 ], [ 120.423928733424418, -2.637161491609504, 0.0 ], [ 120.423878829144655, -2.637129922707743, 0.0 ], [ 120.423853610355877, -2.637115098283118, 0.0 ], [ 120.423696572538802, -2.637029555669415, 0.0 ] ] ] ] } },
{ "type": "Feature", "properties": { "OBJECTID": 6215, "WADMPR": "Sulawesi Selatan", "WADMKK": "Kab. Luwu Utara", "WADMKC": "Kec. Sukamaju Selatan", "WADMKD": "Desa Suka Harapan", "POKTAN": "Gapoktan Harapan Sejahtera", "K_POKTAN": "Albert Sonda, SP.", "P_SID": "Universitas Negeri Makassar", "NO_HP_1": "0822-5952-6099", "NAMA_PEMIL": "Pemerintah Desa", "N_PETAK": "SHB021", "LUAS_HA": 1.27979174139, "PAKET": "Paket Sulawesi Selatan 18" }, "geometry": { "type": "MultiPolygon", "coordinates": [ [ [ [ 120.426900041303952, -2.63629937991243, 0.0 ], [ 120.425645937609943, -2.63629937991243, 0.0 ], [ 120.425645937609943, -2.636057091761302, 0.0 ], [ 120.425645937609943, -2.636055724791845, 0.0 ], [ 120.425645937609943, -2.635471179851038, 0.0 ], [ 120.42575865413869, -2.635471048550016, 0.0 ], [ 120.426903068421893, -2.635469776009302, 0.0 ], [ 120.426900041303952, -2.63629937991243, 0.0 ] ] ] ] } },
{ "type": "Feature", "properties": { "OBJECTID": 6216, "WADMPR": "Sulawesi Selatan", "WADMKK": "Kab. Luwu Utara", "WADMKC": "Kec. Sukamaju Selatan", "WADMKD": "Desa Suka Harapan", "POKTAN": "Gapoktan Harapan Sejahtera", "K_POKTAN": "Albert Sonda, SP.", "P_SID": "Universitas Negeri Makassar", "NO_HP_1": "0822-5952-6099", "NAMA_PEMIL": "Pemerintah Desa", "N_PETAK": "SHB022", "LUAS_HA": 0.32698288099, "PAKET": "Paket Sulawesi Selatan 18" }, "geometry": { "type": "MultiPolygon", "coordinates": [ [ [ [ 120.425645937609943, -2.63629937991243, 0.0 ], [ 120.424853188823704, -2.636541318227216, 0.0 ], [ 120.424932516222725, -2.636065506717728, 0.0 ], [ 120.425645937609943, -2.636055724791845, 0.0 ], [ 120.425645937609943, -2.636057091761302, 0.0 ], [ 120.425645937609943, -2.63629937991243, 0.0 ] ] ] ] } },
{ "type": "Feature", "properties": { "OBJECTID": 6217, "WADMPR": "Sulawesi Selatan", "WADMKK": "Kab. Luwu Utara", "WADMKC": "Kec. Sukamaju Selatan", "WADMKD": "Desa Suka Harapan", "POKTAN": "Gapoktan Harapan Sejahtera", "K_POKTAN": "Albert Sonda, SP.", "P_SID": "Universitas Negeri Makassar", "NO_HP_1": "0822-5952-6099", "NAMA_PEMIL": "Pemerintah Desa", "N_PETAK": "SHB023", "LUAS_HA": 0.5047754458, "PAKET": "Paket Sulawesi Selatan 18" }, "geometry": { "type": "MultiPolygon", "coordinates": [ [ [ [ 120.425645937609943, -2.636055724791845, 0.0 ], [ 120.424932516222725, -2.636065506717728, 0.0 ], [ 120.424949364121971, -2.63548520477832, 0.0 ], [ 120.425645937609943, -2.635471179851038, 0.0 ], [ 120.425645937609943, -2.636055724791845, 0.0 ] ] ] ] } },
{ "type": "Feature", "properties": { "OBJECTID": 6218, "WADMPR": "Sulawesi Selatan", "WADMKK": "Kab. Luwu Utara", "WADMKC": "Kec. Sukamaju Selatan", "WADMKD": "Desa Suka Harapan", "POKTAN": "Gapoktan Harapan Sejahtera", "K_POKTAN": "Albert Sonda, SP.", "P_SID": "Universitas Negeri Makassar", "NO_HP_1": "0822-5952-6099", "NAMA_PEMIL": "Pemerintah Desa", "N_PETAK": "SHB024", "LUAS_HA": 0.41901904608000001, "PAKET": "Paket Sulawesi Selatan 18" }, "geometry": { "type": "MultiPolygon", "coordinates": [ [ [ [ 120.42575865413869, -2.635471048550016, 0.0 ], [ 120.425645937609943, -2.635471179851038, 0.0 ], [ 120.424949364121971, -2.63548520477832, 0.0 ], [ 120.424967484561876, -2.635054142634544, 0.0 ], [ 120.425757908600644, -2.635047961594125, 0.0 ], [ 120.42575865413869, -2.635471048550016, 0.0 ] ] ] ] } },
{ "type": "Feature", "properties": { "OBJECTID": 6219, "WADMPR": "Sulawesi Selatan", "WADMKK": "Kab. Luwu Utara", "WADMKC": "Kec. Sukamaju Selatan", "WADMKD": "Desa Suka Harapan", "POKTAN": "Gapoktan Harapan Sejahtera", "K_POKTAN": "Albert Sonda, SP.", "P_SID": "Universitas Negeri Makassar", "NO_HP_1": "0822-5952-6099", "NAMA_PEMIL": "Pemerintah Desa", "N_PETAK": "SHB025", "LUAS_HA": 0.64833981684999997, "PAKET": "Paket Sulawesi Selatan 18" }, "geometry": { "type": "MultiPolygon", "coordinates": [ [ [ [ 120.426903068421893, -2.635469776009302, 0.0 ], [ 120.42575865413869, -2.635471048550016, 0.0 ], [ 120.425757908600644, -2.635047961594125, 0.0 ], [ 120.426409244391152, -2.635031526483715, 0.0 ], [ 120.426917503440109, -2.634922127554091, 0.0 ], [ 120.426903068421893, -2.635469776009302, 0.0 ] ] ] ] } },
{ "type": "Feature", "properties": { "OBJECTID": 6220, "WADMPR": "Sulawesi Selatan", "WADMKK": "Kab. Luwu Utara", "WADMKC": "Kec. Sukamaju Selatan", "WADMKD": "Desa Suka Harapan", "POKTAN": "Gapoktan Harapan Sejahtera", "K_POKTAN": "Albert Sonda, SP.", "P_SID": "Universitas Negeri Makassar", "NO_HP_1": "0822-5952-6099", "NAMA_PEMIL": "Pemerintah Desa", "N_PETAK": "SHB026", "LUAS_HA": 0.77441537034999997, "PAKET": "Paket Sulawesi Selatan 18" }, "geometry": { "type": "MultiPolygon", "coordinates": [ [ [ [ 120.426409244391152, -2.635031526483715, 0.0 ], [ 120.424967484561876, -2.635054142634544, 0.0 ], [ 120.424976435514168, -2.634740498675001, 0.0 ], [ 120.425456632117971, -2.634624805390388, 0.0 ], [ 120.42633623562881, -2.634473313692411, 0.0 ], [ 120.426409244391152, -2.635031526483715, 0.0 ] ] ] ] } },
{ "type": "Feature", "properties": { "OBJECTID": 6221, "WADMPR": "Sulawesi Selatan", "WADMKK": "Kab. Luwu Utara", "WADMKC": "Kec. Sukamaju Selatan", "WADMKD": "Desa Suka Harapan", "POKTAN": "Gapoktan Harapan Sejahtera", "K_POKTAN": "Albert Sonda, SP.", "P_SID": "Universitas Negeri Makassar", "NO_HP_1": "0822-5952-6099", "NAMA_PEMIL": "Pemerintah Desa", "N_PETAK": "SHB027", "LUAS_HA": 0.72624031688000001, "PAKET": "Paket Sulawesi Selatan 18" }, "geometry": { "type": "MultiPolygon", "coordinates": [ [ [ [ 120.426917503440109, -2.634922127554091, 0.0 ], [ 120.426409244391152, -2.635031526483715, 0.0 ], [ 120.42633623562881, -2.634473313692411, 0.0 ], [ 120.426250239756769, -2.634045363202915, 0.0 ], [ 120.426780962071803, -2.633992066680491, 0.0 ], [ 120.427099695294714, -2.634855986014884, 0.0 ], [ 120.426917503440109, -2.634922127554091, 0.0 ] ] ] ] } },
{ "type": "Feature", "properties": { "OBJECTID": 6222, "WADMPR": "Sulawesi Selatan", "WADMKK": "Kab. Luwu Utara", "WADMKC": "Kec. Sukamaju Selatan", "WADMKD": "Desa Suka Harapan", "POKTAN": "Gapoktan Harapan Sejahtera", "K_POKTAN": "Albert Sonda, SP.", "P_SID": "Universitas Negeri Makassar", "NO_HP_1": "0822-5952-6099", "NAMA_PEMIL": "Pemerintah Desa", "N_PETAK": "SHB028", "LUAS_HA": 0.49296857657999998, "PAKET": "Paket Sulawesi Selatan 18" }, "geometry": { "type": "MultiPolygon", "coordinates": [ [ [ [ 120.42633623562881, -2.634473313692411, 0.0 ], [ 120.425456632117971, -2.634624805390388, 0.0 ], [ 120.425475351506293, -2.634194410543557, 0.0 ], [ 120.425471004183578, -2.634089894033309, 0.0 ], [ 120.426250239756769, -2.634045363202915, 0.0 ], [ 120.42633623562881, -2.634473313692411, 0.0 ] ] ] ] } },
{ "type": "Feature", "properties": { "OBJECTID": 6223, "WADMPR": "Sulawesi Selatan", "WADMKK": "Kab. Luwu Utara", "WADMKC": "Kec. Sukamaju Selatan", "WADMKD": "Desa Suka Harapan", "POKTAN": "Gapoktan Harapan Sejahtera", "K_POKTAN": "Albert Sonda, SP.", "P_SID": "Universitas Negeri Makassar", "NO_HP_1": "0822-5952-6099", "NAMA_PEMIL": "Pemerintah Desa", "N_PETAK": "SHB029", "LUAS_HA": 0.31688086386999997, "PAKET": "Paket Sulawesi Selatan 18" }, "geometry": { "type": "MultiPolygon", "coordinates": [ [ [ [ 120.426780962071803, -2.633992066680491, 0.0 ], [ 120.426250239756769, -2.634045363202915, 0.0 ], [ 120.425471004183578, -2.634089894033309, 0.0 ], [ 120.425466792658426, -2.633887226414345, 0.0 ], [ 120.426717780201443, -2.633810786738366, 0.0 ], [ 120.426780962071803, -2.633992066680491, 0.0 ] ] ] ] } },
{ "type": "Feature", "properties": { "OBJECTID": 6224, "WADMPR": "Sulawesi Selatan", "WADMKK": "Kab. Luwu Utara", "WADMKC": "Kec. Sukamaju Selatan", "WADMKD": "Desa Suka Harapan", "POKTAN": "Gapoktan Harapan Sejahtera", "K_POKTAN": "Albert Sonda, SP.", "P_SID": "Universitas Negeri Makassar", "NO_HP_1": "0822-5952-6099", "NAMA_PEMIL": "Pemerintah Desa", "N_PETAK": "SHB030", "LUAS_HA": 0.19233023765000001, "PAKET": "Paket Sulawesi Selatan 18" }, "geometry": { "type": "MultiPolygon", "coordinates": [ [ [ [ 120.425471004183578, -2.634089894033309, 0.0 ], [ 120.425475351506293, -2.634194410543557, 0.0 ], [ 120.424951062041941, -2.634182559277633, 0.0 ], [ 120.424951062041941, -2.633887226414345, 0.0 ], [ 120.425466792658426, -2.633887226414345, 0.0 ], [ 120.425471004183578, -2.634089894033309, 0.0 ] ] ] ] } },
{ "type": "Feature", "properties": { "OBJECTID": 6225, "WADMPR": "Sulawesi Selatan", "WADMKK": "Kab. Luwu Utara", "WADMKC": "Kec. Sukamaju Selatan", "WADMKD": "Desa Suka Harapan", "POKTAN": "Gapoktan Harapan Sejahtera", "K_POKTAN": "Albert Sonda, SP.", "P_SID": "Universitas Negeri Makassar", "NO_HP_1": "0822-5952-6099", "NAMA_PEMIL": "Pemerintah Desa", "N_PETAK": "SHB031", "LUAS_HA": 0.92908978664999997, "PAKET": "Paket Sulawesi Selatan 18" }, "geometry": { "type": "MultiPolygon", "coordinates": [ [ [ [ 120.424685406806134, -2.636353378805325, 0.0 ], [ 120.423716628319767, -2.636426311125319, 0.0 ], [ 120.423699242625958, -2.635617175791992, 0.0 ], [ 120.424685406806134, -2.635617175791992, 0.0 ], [ 120.424685406806134, -2.636353378805325, 0.0 ] ] ] ] } },
{ "type": "Feature", "properties": { "OBJECTID": 6226, "WADMPR": "Sulawesi Selatan", "WADMKK": "Kab. Luwu Utara", "WADMKC": "Kec. Sukamaju Selatan", "WADMKD": "Desa Suka Harapan", "POKTAN": "Gapoktan Harapan Sejahtera", "K_POKTAN": "Albert Sonda, SP.", "P_SID": "Universitas Negeri Makassar", "NO_HP_1": "0822-5952-6099", "NAMA_PEMIL": "Pemerintah Desa", "N_PETAK": "SHB032", "LUAS_HA": 0.78808541026000001, "PAKET": "Paket Sulawesi Selatan 18" }, "geometry": { "type": "MultiPolygon", "coordinates": [ [ [ [ 120.423716628319767, -2.636426311125319, 0.0 ], [ 120.423696572538802, -2.637029555669415, 0.0 ], [ 120.423659986319421, -2.637008113133845, 0.0 ], [ 120.423639489870652, -2.636994228500782, 0.0 ], [ 120.423622160834157, -2.63698013702367, 0.0 ], [ 120.423573652302252, -2.636936417381719, 0.0 ], [ 120.423561442206847, -2.636924291822538, 0.0 ], [ 120.423548545029348, -2.636887561711546, 0.0 ], [ 120.423542970132075, -2.636872535838791, 0.0 ], [ 120.423540425050646, -2.636866175833291, 0.0 ], [ 120.423528238337553, -2.636836366904788, 0.0 ], [ 120.423512094607531, -2.636801239385647, 0.0 ], [ 120.423499136276178, -2.636775947751744, 0.0 ], [ 120.423493904020461, -2.636766038122119, 0.0 ], [ 120.423483883774225, -2.636748556200871, 0.0 ], [ 120.423467413590288, -2.6367212500856, 0.0 ], [ 120.423451896687766, -2.636697271461856, 0.0 ], [ 120.423410229298725, -2.636637131098666, 0.0 ], [ 120.423410104292884, -2.636616905345875, 0.0 ], [ 120.423409213064815, -2.636591124480788, 0.0 ], [ 120.423407095161338, -2.636557532104348, 0.0 ], [ 120.423404567167154, -2.636530408551494, 0.0 ], [ 120.423399700036157, -2.636499689509037, 0.0 ], [ 120.423393724041148, -2.636468842762838, 0.0 ], [ 120.423388132056743, -2.636443795744526, 0.0 ], [ 120.423370259829653, -2.636388407399011, 0.0 ], [ 120.423359473361074, -2.636361353993266, 0.0 ], [ 120.423336643171638, -2.636312715059717, 0.0 ], [ 120.423318391430712, -2.636282101237953, 0.0 ], [ 120.42329914683819, -2.636252535126346, 0.0 ], [ 120.423287260498682, -2.636235172814906, 0.0 ], [ 120.423259412092307, -2.636200240448716, 0.0 ], [ 120.423232638375566, -2.636169872141863, 0.0 ], [ 120.423224606530425, -2.636161002128517, 0.0 ], [ 120.423199876972831, -2.636136391281411, 0.0 ], [ 120.423165858317816, -2.636105062498586, 0.0 ], [ 120.423149532025377, -2.636090740794998, 0.0 ], [ 120.423144740437465, -2.636086793670529, 0.0 ], [ 120.423091894475419, -2.636043867230626, 0.0 ], [ 120.423069040004293, -2.636026484234833, 0.0 ], [ 120.423034228147117, -2.636001718704335, 0.0 ], [ 120.423016290269629, -2.635989598541073, 0.0 ], [ 120.422997586169686, -2.635978241002988, 0.0 ], [ 120.422956133718685, -2.635954431451808, 0.0 ], [ 120.422929727824794, -2.635940413719084, 0.0 ], [ 120.422905125071566, -2.635928394279915, 0.0 ], [ 120.422885876881764, -2.635918990968605, 0.0 ], [ 120.422811776342428, -2.635642420661156, 0.0 ], [ 120.423537786439738, -2.635617175791992, 0.0 ], [ 120.423699242625958, -2.635617175791992, 0.0 ], [ 120.423716628319767, -2.636426311125319, 0.0 ] ] ] ] } },
{ "type": "Feature", "properties": { "OBJECTID": 6227, "WADMPR": "Sulawesi Selatan", "WADMKK": "Kab. Luwu Utara", "WADMKC": "Kec. Sukamaju Selatan", "WADMKD": "Desa Suka Harapan", "POKTAN": "Gapoktan Harapan Sejahtera", "K_POKTAN": "Albert Sonda, SP.", "P_SID": "Universitas Negeri Makassar", "NO_HP_1": "0822-5952-6099", "NAMA_PEMIL": "Pemerintah Desa", "N_PETAK": "SHB033", "LUAS_HA": 1.0297069246699999, "PAKET": "Paket Sulawesi Selatan 18" }, "geometry": { "type": "MultiPolygon", "coordinates": [ [ [ [ 120.424685406806134, -2.635617175791992, 0.0 ], [ 120.423699242625958, -2.635617175791992, 0.0 ], [ 120.423537786439738, -2.635617175791992, 0.0 ], [ 120.423425336110427, -2.635617175791992, 0.0 ], [ 120.423425336110427, -2.635078598798259, 0.0 ], [ 120.423826887900645, -2.635008121627436, 0.0 ], [ 120.424736697840444, -2.634848580997186, 0.0 ], [ 120.424685406806134, -2.635617175791992, 0.0 ] ] ] ] } },
{ "type": "Feature", "properties": { "OBJECTID": 6228, "WADMPR": "Sulawesi Selatan", "WADMKK": "Kab. Luwu Utara", "WADMKC": "Kec. Sukamaju Selatan", "WADMKD": "Desa Suka Harapan", "POKTAN": "Gapoktan Harapan Sejahtera", "K_POKTAN": "Albert Sonda, SP.", "P_SID": "Universitas Negeri Makassar", "NO_HP_1": "0822-5952-6099", "NAMA_PEMIL": "Pemerintah Desa", "N_PETAK": "SHB034", "LUAS_HA": 0.61557968667999996, "PAKET": "Paket Sulawesi Selatan 18" }, "geometry": { "type": "MultiPolygon", "coordinates": [ [ [ [ 120.424736697840444, -2.634848580997186, 0.0 ], [ 120.423826887900645, -2.635008121627436, 0.0 ], [ 120.423880516272902, -2.634435006170577, 0.0 ], [ 120.424773596124624, -2.634296006055763, 0.0 ], [ 120.424736697840444, -2.634848580997186, 0.0 ] ] ] ] } },
{ "type": "Feature", "properties": { "OBJECTID": 6229, "WADMPR": "Sulawesi Selatan", "WADMKK": "Kab. Luwu Utara", "WADMKC": "Kec. Sukamaju Selatan", "WADMKD": "Desa Suka Harapan", "POKTAN": "Gapoktan Harapan Sejahtera", "K_POKTAN": "Albert Sonda, SP.", "P_SID": "Universitas Negeri Makassar", "NO_HP_1": "0822-5952-6099", "NAMA_PEMIL": "Pemerintah Desa", "N_PETAK": "SHB035", "LUAS_HA": 0.58146162415000002, "PAKET": "Paket Sulawesi Selatan 18" }, "geometry": { "type": "MultiPolygon", "coordinates": [ [ [ [ 120.423880516272902, -2.634435006170577, 0.0 ], [ 120.423826887900645, -2.635008121627436, 0.0 ], [ 120.423425336110427, -2.635078598798259, 0.0 ], [ 120.423431536036674, -2.634457030567432, 0.0 ], [ 120.423398771935808, -2.634007623153252, 0.0 ], [ 120.423900320243661, -2.633958632584779, 0.0 ], [ 120.423880516272902, -2.634435006170577, 0.0 ] ] ] ] } },
{ "type": "Feature", "properties": { "OBJECTID": 6230, "WADMPR": "Sulawesi Selatan", "WADMKK": "Kab. Luwu Utara", "WADMKC": "Kec. Sukamaju Selatan", "WADMKD": "Desa Suka Harapan", "POKTAN": "Gapoktan Harapan Sejahtera", "K_POKTAN": "Albert Sonda, SP.", "P_SID": "Universitas Negeri Makassar", "NO_HP_1": "0822-5952-6099", "NAMA_PEMIL": "Pemerintah Desa", "N_PETAK": "SHB036", "LUAS_HA": 0.98597524995999997, "PAKET": "Paket Sulawesi Selatan 18" }, "geometry": { "type": "MultiPolygon", "coordinates": [ [ [ [ 120.423425336110427, -2.635078598798259, 0.0 ], [ 120.423425336110427, -2.635617175791992, 0.0 ], [ 120.423537786439738, -2.635617175791992, 0.0 ], [ 120.422811776342428, -2.635642420661156, 0.0 ], [ 120.422885876881764, -2.635918990968605, 0.0 ], [ 120.422875704650096, -2.635914234454333, 0.0 ], [ 120.422869703474134, -2.635911521199716, 0.0 ], [ 120.422677946430099, -2.635238995583109, 0.0 ], [ 120.422769216825941, -2.634524203629041, 0.0 ], [ 120.423104251160339, -2.634490225443528, 0.0 ], [ 120.423431536036674, -2.634457030567432, 0.0 ], [ 120.423425336110427, -2.635078598798259, 0.0 ] ] ] ] } },
{ "type": "Feature", "properties": { "OBJECTID": 6231, "WADMPR": "Sulawesi Selatan", "WADMKK": "Kab. Luwu Utara", "WADMKC": "Kec. Sukamaju Selatan", "WADMKD": "Desa Suka Harapan", "POKTAN": "Gapoktan Harapan Sejahtera", "K_POKTAN": "Albert Sonda, SP.", "P_SID": "Universitas Negeri Makassar", "NO_HP_1": "0822-5952-6099", "NAMA_PEMIL": "Pemerintah Desa", "N_PETAK": "SHB037", "LUAS_HA": 1.51096486681, "PAKET": "Paket Sulawesi Selatan 18" }, "geometry": { "type": "MultiPolygon", "coordinates": [ [ [ [ 120.423169628275787, -2.627612841759174, 0.0 ], [ 120.421838610063901, -2.627837249589334, 0.0 ], [ 120.421678550524803, -2.626934006499141, 0.0 ], [ 120.422944983923912, -2.626692767856923, 0.0 ], [ 120.423169628275787, -2.627612841759174, 0.0 ] ] ] ] } },
{ "type": "Feature", "properties": { "OBJECTID": 6232, "WADMPR": "Sulawesi Selatan", "WADMKK": "Kab. Luwu Utara", "WADMKC": "Kec. Sukamaju Selatan", "WADMKD": "Desa Suka Harapan", "POKTAN": "Gapoktan Harapan Sejahtera", "K_POKTAN": "Albert Sonda, SP.", "P_SID": "Universitas Negeri Makassar", "NO_HP_1": "0822-5952-6099", "NAMA_PEMIL": "Pemerintah Desa", "N_PETAK": "SHB038", "LUAS_HA": 1.53859259323, "PAKET": "Paket Sulawesi Selatan 18" }, "geometry": { "type": "MultiPolygon", "coordinates": [ [ [ [ 120.421652442306481, -2.627896466348773, 0.0 ], [ 120.421838610063901, -2.627837249589334, 0.0 ], [ 120.423169628275787, -2.627612841759174, 0.0 ], [ 120.423169628275787, -2.6286121126588, 0.0 ], [ 120.421843032030324, -2.6286121126588, 0.0 ], [ 120.421652442306481, -2.627896466348773, 0.0 ] ] ] ] } },
{ "type": "Feature", "properties": { "OBJECTID": 6233, "WADMPR": "Sulawesi Selatan", "WADMKK": "Kab. Luwu Utara", "WADMKC": "Kec. Sukamaju Selatan", "WADMKD": "Desa Suka Harapan", "POKTAN": "Gapoktan Harapan Sejahtera", "K_POKTAN": "Albert Sonda, SP.", "P_SID": "Universitas Negeri Makassar", "NO_HP_1": "0822-5952-6099", "NAMA_PEMIL": "Pemerintah Desa", "N_PETAK": "SHB039", "LUAS_HA": 0.49171434097, "PAKET": "Paket Sulawesi Selatan 18" }, "geometry": { "type": "MultiPolygon", "coordinates": [ [ [ [ 120.421838610063901, -2.627837249589334, 0.0 ], [ 120.421652442306481, -2.627896466348773, 0.0 ], [ 120.421412517573685, -2.627967554159227, 0.0 ], [ 120.421285423583527, -2.6269837965649, 0.0 ], [ 120.421678550524803, -2.626934006499141, 0.0 ], [ 120.421838610063901, -2.627837249589334, 0.0 ] ] ] ] } },
{ "type": "Feature", "properties": { "OBJECTID": 6234, "WADMPR": "Sulawesi Selatan", "WADMKK": "Kab. Luwu Utara", "WADMKC": "Kec. Sukamaju Selatan", "WADMKD": "Desa Suka Harapan", "POKTAN": "Gapoktan Harapan Sejahtera", "K_POKTAN": "Albert Sonda, SP.", "P_SID": "Universitas Negeri Makassar", "NO_HP_1": "0822-5952-6099", "NAMA_PEMIL": "Pemerintah Desa", "N_PETAK": "SHB040", "LUAS_HA": 3.792324106, "PAKET": "Paket Sulawesi Selatan 18" }, "geometry": { "type": "MultiPolygon", "coordinates": [ [ [ [ 120.419458608228297, -2.622925155271673, 0.0 ], [ 120.419942295100896, -2.622807340486304, 0.0 ], [ 120.421328772704783, -2.622465117870831, 0.0 ], [ 120.421150811260986, -2.625673461860742, 0.0 ], [ 120.420337699125525, -2.625631432044884, 0.0 ], [ 120.420373364439229, -2.625605456926223, 0.0 ], [ 120.420394069530744, -2.625589436403345, 0.0 ], [ 120.420425234636923, -2.625563832704643, 0.0 ], [ 120.420428918260086, -2.625560806485964, 0.0 ], [ 120.420447844492514, -2.625544285040689, 0.0 ], [ 120.420479739848133, -2.625514832243653, 0.0 ], [ 120.420498876521947, -2.625496156022734, 0.0 ], [ 120.420529921119055, -2.625464007058213, 0.0 ], [ 120.420534488775729, -2.62545920647716, 0.0 ], [ 120.420546996546705, -2.625445299361047, 0.0 ], [ 120.420576502403719, -2.625411093647017, 0.0 ], [ 120.420592157801934, -2.625391903913169, 0.0 ], [ 120.420620123120216, -2.625355637852351, 0.0 ], [ 120.420628019167793, -2.625345081610192, 0.0 ], [ 120.420634291939109, -2.625336215194125, 0.0 ], [ 120.420660717618034, -2.625297891484479, 0.0 ], [ 120.420673407052163, -2.625278434651989, 0.0 ], [ 120.420698293091846, -2.625238051494819, 0.0 ], [ 120.420709665918366, -2.62521852181726, 0.0 ], [ 120.420733798326182, -2.625167222689129, 0.0 ], [ 120.42075134679726, -2.625113287648048, 0.0 ], [ 120.420762034340441, -2.625057564754741, 0.0 ], [ 120.420765464354758, -2.625014491725381, 0.0 ], [ 120.420767822377115, -2.624940573748461, 0.0 ], [ 120.420768052603648, -2.624927016468575, 0.0 ], [ 120.420764745796419, -2.624872365567171, 0.0 ], [ 120.420764625287234, -2.624870370870894, 0.0 ], [ 120.420763887843236, -2.624865816704016, 0.0 ], [ 120.420759186187524, -2.624836757810101, 0.0 ], [ 120.420729873684763, -2.624690565816934, 0.0 ], [ 120.420728189254646, -2.62468313471885, 0.0 ], [ 120.420724852769808, -2.624668414615599, 0.0 ], [ 120.420718751769073, -2.624647526062404, 0.0 ], [ 120.420715622128341, -2.624636815136853, 0.0 ], [ 120.420658097893011, -2.624463504087373, 0.0 ], [ 120.420651753175889, -2.624445640853594, 0.0 ], [ 120.420600945976958, -2.624311582513485, 0.0 ], [ 120.420576875622373, -2.624208035472407, 0.0 ], [ 120.420552165849813, -2.624073615604857, 0.0 ], [ 120.420545765374868, -2.624044281518309, 0.0 ], [ 120.420528935462016, -2.623991819566754, 0.0 ], [ 120.420528438137012, -2.62399027363216, 0.0 ], [ 120.420524218517926, -2.623980524081901, 0.0 ], [ 120.420515647978846, -2.623960722809045, 0.0 ], [ 120.420448634097284, -2.623819866493591, 0.0 ], [ 120.420437661469009, -2.623798325931944, 0.0 ], [ 120.420437502288905, -2.6237980183638, 0.0 ], [ 120.420407365107849, -2.623750039532638, 0.0 ], [ 120.420371502842613, -2.623706260535471, 0.0 ], [ 120.420371485755481, -2.62370623985106, 0.0 ], [ 120.420339021128939, -2.623674667351963, 0.0 ], [ 120.420219942796166, -2.623569988963766, 0.0 ], [ 120.420159988592673, -2.623757366309349, 0.0 ], [ 120.420083825907909, -2.623995397969168, 0.0 ], [ 120.420082252094289, -2.623992387938301, 0.0 ], [ 120.420077773470553, -2.623985927208707, 0.0 ], [ 120.420072864970848, -2.623980879314104, 0.0 ], [ 120.41993498541126, -2.623859677681935, 0.0 ], [ 120.419928269274237, -2.623854879798841, 0.0 ], [ 120.419921845416866, -2.623851849982827, 0.0 ], [ 120.419882365179092, -2.623886262540964, 0.0 ], [ 120.419777396309883, -2.623851633246204, 0.0 ], [ 120.419684902836025, -2.623821116551255, 0.0 ], [ 120.419475757400392, -2.623815044328808, 0.0 ], [ 120.419458608228297, -2.622925155271673, 0.0 ] ] ] ] } },
{ "type": "Feature", "properties": { "OBJECTID": 6235, "WADMPR": "Sulawesi Selatan", "WADMKK": "Kab. Luwu Utara", "WADMKC": "Kec. Sukamaju Selatan", "WADMKD": "Desa Suka Harapan", "POKTAN": "Gapoktan Harapan Sejahtera", "K_POKTAN": "Albert Sonda, SP.", "P_SID": "Universitas Negeri Makassar", "NO_HP_1": "0822-5952-6099", "NAMA_PEMIL": "Pemerintah Desa", "N_PETAK": "SHB041", "LUAS_HA": 0.45396447921, "PAKET": "Paket Sulawesi Selatan 18" }, "geometry": { "type": "MultiPolygon", "coordinates": [ [ [ [ 120.421328772704783, -2.622465117870831, 0.0 ], [ 120.419942295100896, -2.622807340486304, 0.0 ], [ 120.419944431890031, -2.622535629215861, 0.0 ], [ 120.421352640711916, -2.622202137218835, 0.0 ], [ 120.421328772704783, -2.622465117870831, 0.0 ] ] ] ] } },
{ "type": "Feature", "properties": { "OBJECTID": 6236, "WADMPR": "Sulawesi Selatan", "WADMKK": "Kab. Luwu Utara", "WADMKC": "Kec. Sukamaju Selatan", "WADMKD": "Desa Suka Harapan", "POKTAN": "Gapoktan Harapan Sejahtera", "K_POKTAN": "Albert Sonda, SP.", "P_SID": "Universitas Negeri Makassar", "NO_HP_1": "0822-5952-6099", "NAMA_PEMIL": "Pemerintah Desa", "N_PETAK": "SHB042", "LUAS_HA": 2.4947103121800001, "PAKET": "Paket Sulawesi Selatan 18" }, "geometry": { "type": "MultiPolygon", "coordinates": [ [ [ [ 120.421352640711916, -2.622202137218835, 0.0 ], [ 120.419944431890031, -2.622535629215861, 0.0 ], [ 120.419942295100896, -2.622807340486304, 0.0 ], [ 120.419458608228297, -2.622925155271673, 0.0 ], [ 120.419468436019542, -2.621101129613407, 0.0 ], [ 120.42052145669993, -2.620892148753626, 0.0 ], [ 120.420547782554195, -2.622063986064063, 0.0 ], [ 120.420568334760901, -2.622060485902637, 0.0 ], [ 120.421400901930156, -2.621897209488566, 0.0 ], [ 120.421352640711916, -2.622202137218835, 0.0 ] ] ] ] } },
{ "type": "Feature", "properties": { "OBJECTID": 6237, "WADMPR": "Sulawesi Selatan", "WADMKK": "Kab. Luwu Utara", "WADMKC": "Kec. Sukamaju Selatan", "WADMKD": "Desa Suka Harapan", "POKTAN": "Gapoktan Harapan Sejahtera", "K_POKTAN": "Albert Sonda, SP.", "P_SID": "Universitas Negeri Makassar", "NO_HP_1": "0822-5952-6099", "NAMA_PEMIL": "Pemerintah Desa", "N_PETAK": "SHB043", "LUAS_HA": 2.00548226572, "PAKET": "Paket Sulawesi Selatan 18" }, "geometry": { "type": "MultiPolygon", "coordinates": [ [ [ [ 120.421801926717649, -2.624318513588491, 0.0 ], [ 120.421801926717649, -2.62431840566984, 0.0 ], [ 120.421799933819898, -2.623586505912442, 0.0 ], [ 120.421798770996588, -2.62316183794843, 0.0 ], [ 120.423315120596385, -2.62316183794843, 0.0 ], [ 120.423320385227612, -2.624126094643486, 0.0 ], [ 120.423203315980345, -2.62415934168024, 0.0 ], [ 120.422686808349567, -2.624256340757483, 0.0 ], [ 120.422300666442652, -2.62423948476436, 0.0 ], [ 120.421803614745045, -2.62431824648985, 0.0 ], [ 120.421801926717649, -2.624318513588491, 0.0 ] ] ] ] } },
{ "type": "Feature", "properties": { "OBJECTID": 6238, "WADMPR": "Sulawesi Selatan", "WADMKK": "Kab. Luwu Utara", "WADMKC": "Kec. Sukamaju Selatan", "WADMKD": "Desa Suka Harapan", "POKTAN": "Gapoktan Harapan Sejahtera", "K_POKTAN": "Albert Sonda, SP.", "P_SID": "Universitas Negeri Makassar", "NO_HP_1": "0822-5952-6099", "NAMA_PEMIL": "Pemerintah Desa", "N_PETAK": "SHB044", "LUAS_HA": 0.25688082626999997, "PAKET": "Paket Sulawesi Selatan 18" }, "geometry": { "type": "MultiPolygon", "coordinates": [ [ [ [ 120.421801926717649, -2.624318513588491, 0.0 ], [ 120.421803424988184, -2.624407520390719, 0.0 ], [ 120.421802631786136, -2.624779685034412, 0.0 ], [ 120.421316838701159, -2.624785295904644, 0.0 ], [ 120.42134371224256, -2.624361373478564, 0.0 ], [ 120.421801926717649, -2.62431840566984, 0.0 ], [ 120.421801926717649, -2.624318513588491, 0.0 ] ] ] ] } },
{ "type": "Feature", "properties": { "OBJECTID": 6239, "WADMPR": "Sulawesi Selatan", "WADMKK": "Kab. Luwu Utara", "WADMKC": "Kec. Sukamaju Selatan", "WADMKD": "Desa Suka Harapan", "POKTAN": "Gapoktan Harapan Sejahtera", "K_POKTAN": "Albert Sonda, SP.", "P_SID": "Universitas Negeri Makassar", "NO_HP_1": "0822-5952-6099", "NAMA_PEMIL": "Pemerintah Desa", "N_PETAK": "SHB045", "LUAS_HA": 0.40867304279, "PAKET": "Paket Sulawesi Selatan 18" }, "geometry": { "type": "MultiPolygon", "coordinates": [ [ [ [ 120.421799933819898, -2.623586505912442, 0.0 ], [ 120.421801926717649, -2.62431840566984, 0.0 ], [ 120.42134371224256, -2.624361373478564, 0.0 ], [ 120.421380216623788, -2.623577695254369, 0.0 ], [ 120.421799933819898, -2.623586505912442, 0.0 ] ] ] ] } },
{ "type": "Feature", "properties": { "OBJECTID": 6240, "WADMPR": "Sulawesi Selatan", "WADMKK": "Kab. Luwu Utara", "WADMKC": "Kec. Sukamaju Selatan", "WADMKD": "Desa Suka Harapan", "POKTAN": "Gapoktan Harapan Sejahtera", "K_POKTAN": "Albert Sonda, SP.", "P_SID": "Universitas Negeri Makassar", "NO_HP_1": "0822-5952-6099", "NAMA_PEMIL": "Pemerintah Desa", "N_PETAK": "SHB046", "LUAS_HA": 0.20995442465, "PAKET": "Paket Sulawesi Selatan 18" }, "geometry": { "type": "MultiPolygon", "coordinates": [ [ [ [ 120.421799933819898, -2.623586505912442, 0.0 ], [ 120.421380216623788, -2.623577695254369, 0.0 ], [ 120.421405489371864, -2.623162538520262, 0.0 ], [ 120.421798770996588, -2.62316183794843, 0.0 ], [ 120.421799933819898, -2.623586505912442, 0.0 ] ] ] ] } },
{ "type": "Feature", "properties": { "OBJECTID": 6241, "WADMPR": "Sulawesi Selatan", "WADMKK": "Kab. Luwu Utara", "WADMKC": "Kec. Sukamaju Selatan", "WADMKD": "Desa Suka Harapan", "POKTAN": "Gapoktan Harapan Sejahtera", "K_POKTAN": "Albert Sonda, SP.", "P_SID": "Universitas Negeri Makassar", "NO_HP_1": "0822-5952-6099", "NAMA_PEMIL": "Pemerintah Desa", "N_PETAK": "SHB047", "LUAS_HA": 1.12309921, "PAKET": "Paket Sulawesi Selatan 18" }, "geometry": { "type": "MultiPolygon", "coordinates": [ [ [ [ 120.426717780201443, -2.633810786738366, 0.0 ], [ 120.425466792658426, -2.633887226414345, 0.0 ], [ 120.425282008957652, -2.633810786738366, 0.0 ], [ 120.425287625223746, -2.633212864382131, 0.0 ], [ 120.426723396467651, -2.633212864382131, 0.0 ], [ 120.426717780201443, -2.633810786738366, 0.0 ] ] ] ] } },
{ "type": "Feature", "properties": { "OBJECTID": 6242, "WADMPR": "Sulawesi Selatan", "WADMKK": "Kab. Luwu Utara", "WADMKC": "Kec. Sukamaju Selatan", "WADMKD": "Desa Suka Harapan", "POKTAN": "Gapoktan Harapan Sejahtera", "K_POKTAN": "Albert Sonda, SP.", "P_SID": "Universitas Negeri Makassar", "NO_HP_1": "0822-5952-6099", "NAMA_PEMIL": "Pemerintah Desa", "N_PETAK": "SHB048", "LUAS_HA": 1.73512020926, "PAKET": "Paket Sulawesi Selatan 18" }, "geometry": { "type": "MultiPolygon", "coordinates": [ [ [ [ 120.423315120596385, -2.62316183794843, 0.0 ], [ 120.421798770996588, -2.62316183794843, 0.0 ], [ 120.421826466518269, -2.622862611020651, 0.0 ], [ 120.421451592217295, -2.622833157324294, 0.0 ], [ 120.421513720082203, -2.622486023511101, 0.0 ], [ 120.422490396414673, -2.622324818235711, 0.0 ], [ 120.423331233749536, -2.622185176005019, 0.0 ], [ 120.423315120596385, -2.62316183794843, 0.0 ] ] ] ] } },
{ "type": "Feature", "properties": { "OBJECTID": 6243, "WADMPR": "Sulawesi Selatan", "WADMKK": "Kab. Luwu Utara", "WADMKC": "Kec. Sukamaju Selatan", "WADMKD": "Desa Suka Harapan", "POKTAN": "Gapoktan Harapan Sejahtera", "K_POKTAN": "Albert Sonda, SP.", "P_SID": "Universitas Negeri Makassar", "NO_HP_1": "0822-5952-6099", "NAMA_PEMIL": "Pemerintah Desa", "N_PETAK": "SHB049", "LUAS_HA": 0.53177099147999995, "PAKET": "Paket Sulawesi Selatan 18" }, "geometry": { "type": "MultiPolygon", "coordinates": [ [ [ [ 120.422490396414673, -2.622324818235711, 0.0 ], [ 120.421513720082203, -2.622486023511101, 0.0 ], [ 120.421521091824957, -2.622061049777585, 0.0 ], [ 120.422442484133398, -2.621846458047571, 0.0 ], [ 120.422490396414673, -2.622324818235711, 0.0 ] ] ] ] } },
{ "type": "Feature", "properties": { "OBJECTID": 6244, "WADMPR": "Sulawesi Selatan", "WADMKK": "Kab. Luwu Utara", "WADMKC": "Kec. Sukamaju Selatan", "WADMKD": "Desa Suka Harapan", "POKTAN": "Gapoktan Harapan Sejahtera", "K_POKTAN": "Albert Sonda, SP.", "P_SID": "Universitas Negeri Makassar", "NO_HP_1": "0822-5952-6099", "NAMA_PEMIL": "Pemerintah Desa", "N_PETAK": "SHB050", "LUAS_HA": 0.55737298976000005, "PAKET": "Paket Sulawesi Selatan 18" }, "geometry": { "type": "MultiPolygon", "coordinates": [ [ [ [ 120.423331233749536, -2.622185176005019, 0.0 ], [ 120.422490396414673, -2.622324818235711, 0.0 ], [ 120.422442484133398, -2.621846458047571, 0.0 ], [ 120.423308592417698, -2.621616614714924, 0.0 ], [ 120.423331233749536, -2.622185176005019, 0.0 ] ] ] ] } },
{ "type": "Feature", "properties": { "OBJECTID": 6245, "WADMPR": "Sulawesi Selatan", "WADMKK": "Kab. Luwu Utara", "WADMKC": "Kec. Sukamaju Selatan", "WADMKD": "Desa Suka Harapan", "POKTAN": "Gapoktan Harapan Sejahtera", "K_POKTAN": "Albert Sonda, SP.", "P_SID": "Universitas Negeri Makassar", "NO_HP_1": "0822-5952-6099", "NAMA_PEMIL": "Pemerintah Desa", "N_PETAK": "SHB051", "LUAS_HA": 0.62308082367999995, "PAKET": "Paket Sulawesi Selatan 18" }, "geometry": { "type": "MultiPolygon", "coordinates": [ [ [ [ 120.422442484133398, -2.621846458047571, 0.0 ], [ 120.421521091824957, -2.622061049777585, 0.0 ], [ 120.421572162525308, -2.621537720789149, 0.0 ], [ 120.422113152400129, -2.621350215739824, 0.0 ], [ 120.422460912141446, -2.62123055914293, 0.0 ], [ 120.422442484133398, -2.621846458047571, 0.0 ] ] ] ] } },
{ "type": "Feature", "properties": { "OBJECTID": 6246, "WADMPR": "Sulawesi Selatan", "WADMKK": "Kab. Luwu Utara", "WADMKC": "Kec. Sukamaju Selatan", "WADMKD": "Desa Suka Harapan", "POKTAN": "Gapoktan Harapan Sejahtera", "K_POKTAN": "Albert Sonda, SP.", "P_SID": "Universitas Negeri Makassar", "NO_HP_1": "0822-5952-6099", "NAMA_PEMIL": "Pemerintah Desa", "N_PETAK": "SHB052", "LUAS_HA": 0.58964095905000002, "PAKET": "Paket Sulawesi Selatan 18" }, "geometry": { "type": "MultiPolygon", "coordinates": [ [ [ [ 120.423308592417698, -2.621616614714924, 0.0 ], [ 120.422442484133398, -2.621846458047571, 0.0 ], [ 120.422460912141446, -2.62123055914293, 0.0 ], [ 120.423159227616338, -2.621018212120759, 0.0 ], [ 120.423165663164923, -2.621066691874262, 0.0 ], [ 120.423202547059987, -2.621070331430587, 0.0 ], [ 120.423240646838394, -2.621607279752084, 0.0 ], [ 120.423308592417698, -2.621616614714924, 0.0 ] ] ] ] } },
{ "type": "Feature", "properties": { "OBJECTID": 6247, "WADMPR": "Sulawesi Selatan", "WADMKK": "Kab. Luwu Utara", "WADMKC": "Kec. Sukamaju Selatan", "WADMKD": "Desa Suka Harapan", "POKTAN": "Gapoktan Harapan Sejahtera", "K_POKTAN": "Albert Sonda, SP.", "P_SID": "Universitas Negeri Makassar", "NO_HP_1": "0822-5952-6099", "NAMA_PEMIL": "Pemerintah Desa", "N_PETAK": "SHB053", "LUAS_HA": 0.71138183261, "PAKET": "Paket Sulawesi Selatan 18" }, "geometry": { "type": "MultiPolygon", "coordinates": [ [ [ [ 120.423159227616338, -2.621018212120759, 0.0 ], [ 120.422460912141446, -2.62123055914293, 0.0 ], [ 120.42231533258655, -2.620550757111687, 0.0 ], [ 120.423048629890445, -2.620185036110456, 0.0 ], [ 120.423105110912161, -2.620610526054861, 0.0 ], [ 120.423159227616338, -2.621018212120759, 0.0 ] ] ] ] } },
{ "type": "Feature", "properties": { "OBJECTID": 6248, "WADMPR": "Sulawesi Selatan", "WADMKK": "Kab. Luwu Utara", "WADMKC": "Kec. Sukamaju Selatan", "WADMKD": "Desa Suka Harapan", "POKTAN": "Gapoktan Harapan Sejahtera", "K_POKTAN": "Albert Sonda, SP.", "P_SID": "Universitas Negeri Makassar", "NO_HP_1": "0822-5952-6099", "NAMA_PEMIL": "Pemerintah Desa", "N_PETAK": "SHB054", "LUAS_HA": 0.32178471911000001, "PAKET": "Paket Sulawesi Selatan 18" }, "geometry": { "type": "MultiPolygon", "coordinates": [ [ [ [ 120.422113152400129, -2.621350215739824, 0.0 ], [ 120.421926630309827, -2.620742408035653, 0.0 ], [ 120.42231533258655, -2.620550757111687, 0.0 ], [ 120.422457890419423, -2.621230358594119, 0.0 ], [ 120.422113152400129, -2.621350215739824, 0.0 ] ] ] ] } },
{ "type": "Feature", "properties": { "OBJECTID": 6249, "WADMPR": "Sulawesi Selatan", "WADMKK": "Kab. Luwu Utara", "WADMKC": "Kec. Sukamaju Selatan", "WADMKD": "Desa Suka Harapan", "POKTAN": "Gapoktan Harapan Sejahtera", "K_POKTAN": "Albert Sonda, SP.", "P_SID": "Universitas Negeri Makassar", "NO_HP_1": "0822-5952-6099", "NAMA_PEMIL": "Pemerintah Desa", "N_PETAK": "SHB055", "LUAS_HA": 0.97932518585999995, "PAKET": "Paket Sulawesi Selatan 18" }, "geometry": { "type": "MultiPolygon", "coordinates": [ [ [ [ 120.422862561058423, -2.61996564110143, 0.0 ], [ 120.422866416452052, -2.620029448899913, 0.0 ], [ 120.422877324329079, -2.620210010283699, 0.0 ], [ 120.423048629890445, -2.620185036110456, 0.0 ], [ 120.421926630309827, -2.620742408035653, 0.0 ], [ 120.421872010884613, -2.620310920512509, 0.0 ], [ 120.421598224878267, -2.6203025037575, 0.0 ], [ 120.421602437302681, -2.619839659572563, 0.0 ], [ 120.422811305097753, -2.619839659572563, 0.0 ], [ 120.422862561058423, -2.61996564110143, 0.0 ] ] ] ] } },
{ "type": "Feature", "properties": { "OBJECTID": 6250, "WADMPR": "Sulawesi Selatan", "WADMKK": "Kab. Luwu Utara", "WADMKC": "Kec. Sukamaju Selatan", "WADMKD": "Desa Suka Harapan", "POKTAN": "Gapoktan Harapan Sejahtera", "K_POKTAN": "Albert Sonda, SP.", "P_SID": "Universitas Negeri Makassar", "NO_HP_1": "0822-5952-6099", "NAMA_PEMIL": "Pemerintah Desa", "N_PETAK": "SHB056", "LUAS_HA": 0.6160852078, "PAKET": "Paket Sulawesi Selatan 18" }, "geometry": { "type": "MultiPolygon", "coordinates": [ [ [ [ 120.422811305097753, -2.619839659572563, 0.0 ], [ 120.421602437302681, -2.619839659572563, 0.0 ], [ 120.421602437302681, -2.619425203410344, 0.0 ], [ 120.422811305097753, -2.619425203410344, 0.0 ], [ 120.422811305097753, -2.619839659572563, 0.0 ] ] ] ] } },
{ "type": "Feature", "properties": { "OBJECTID": 6251, "WADMPR": "Sulawesi Selatan", "WADMKK": "Kab. Luwu Utara", "WADMKC": "Kec. Sukamaju Selatan", "WADMKD": "Desa Suka Harapan", "POKTAN": "Gapoktan Harapan Sejahtera", "K_POKTAN": "Albert Sonda, SP.", "P_SID": "Universitas Negeri Makassar", "NO_HP_1": "0822-5952-6099", "NAMA_PEMIL": "Pemerintah Desa", "N_PETAK": "SHB057", "LUAS_HA": 0.6473443286, "PAKET": "Paket Sulawesi Selatan 18" }, "geometry": { "type": "MultiPolygon", "coordinates": [ [ [ [ 120.422812780885238, -2.619425203410344, 0.0 ], [ 120.422811305097753, -2.619425203410344, 0.0 ], [ 120.421602437302681, -2.619425203410344, 0.0 ], [ 120.421649823480607, -2.619009694142051, 0.0 ], [ 120.422814463516715, -2.618952891162962, 0.0 ], [ 120.422812780885238, -2.619425203410344, 0.0 ] ] ] ] } },
{ "type": "Feature", "properties": { "OBJECTID": 6252, "WADMPR": "Sulawesi Selatan", "WADMKK": "Kab. Luwu Utara", "WADMKC": "Kec. Sukamaju Selatan", "WADMKD": "Desa Suka Harapan", "POKTAN": "Gapoktan Harapan Sejahtera", "K_POKTAN": "Albert Sonda, SP.", "P_SID": "Universitas Negeri Makassar", "NO_HP_1": "0822-5952-6099", "NAMA_PEMIL": "Pemerintah Desa", "N_PETAK": "SHB058", "LUAS_HA": 0.55758859254000004, "PAKET": "Paket Sulawesi Selatan 18" }, "geometry": { "type": "MultiPolygon", "coordinates": [ [ [ [ 120.422862561058423, -2.61996564110143, 0.0 ], [ 120.422811305097753, -2.619839659572563, 0.0 ], [ 120.422812780885238, -2.619425203410344, 0.0 ], [ 120.422814463516715, -2.618952891162962, 0.0 ], [ 120.423298853659276, -2.618952891162962, 0.0 ], [ 120.423312271544205, -2.61981867209397, 0.0 ], [ 120.422867840078766, -2.619917581331265, 0.0 ], [ 120.422862561058423, -2.61996564110143, 0.0 ] ] ] ] } },
{ "type": "Feature", "properties": { "OBJECTID": 6253, "WADMPR": "Sulawesi Selatan", "WADMKK": "Kab. Luwu Utara", "WADMKC": "Kec. Sukamaju Selatan", "WADMKD": "Desa Suka Harapan", "POKTAN": "Gapoktan Harapan Sejahtera", "K_POKTAN": "Albert Sonda, SP.", "P_SID": "Universitas Negeri Makassar", "NO_HP_1": "0822-5952-6099", "NAMA_PEMIL": "Pemerintah Desa", "N_PETAK": "SHB059", "LUAS_HA": 1.7780852838600001, "PAKET": "Paket Sulawesi Selatan 18" }, "geometry": { "type": "MultiPolygon", "coordinates": [ [ [ [ 120.423298853659276, -2.618952891162962, 0.0 ], [ 120.422814463516715, -2.618952891162962, 0.0 ], [ 120.421649823480607, -2.619009694142051, 0.0 ], [ 120.421785647189949, -2.618319932119107, 0.0 ], [ 120.422045759004618, -2.618313323001416, 0.0 ], [ 120.422068040607655, -2.618113320073633, 0.0 ], [ 120.423311347041135, -2.617864349060426, 0.0 ], [ 120.423298853659276, -2.618952891162962, 0.0 ] ] ] ] } },
{ "type": "Feature", "properties": { "OBJECTID": 6254, "WADMPR": "Sulawesi Selatan", "WADMKK": "Kab. Luwu Utara", "WADMKC": "Kec. Sukamaju Selatan", "WADMKD": "Desa Sukamukti", "POKTAN": "Gapoktan Artomoro", "K_POKTAN": "Komaruddin", "P_SID": "Universitas Negeri Makassar", "NO_HP_1": "0823-3336-6696", "NAMA_PEMIL": "Pemerintah Desa", "N_PETAK": "SMB001", "LUAS_HA": 3.7928586015899999, "PAKET": "Paket Sulawesi Selatan 18" }, "geometry": { "type": "MultiPolygon", "coordinates": [ [ [ [ 120.428621842823873, -2.647043573202268, 0.0 ], [ 120.428365998292293, -2.647802808752601, 0.0 ], [ 120.427997831135031, -2.648903637392891, 0.0 ], [ 120.426395367852024, -2.648449842186437, 0.0 ], [ 120.426974451210071, -2.646809194588627, 0.0 ], [ 120.428337293731147, -2.646961291530317, 0.0 ], [ 120.428621842823873, -2.647043573202268, 0.0 ] ] ] ] } },
{ "type": "Feature", "properties": { "OBJECTID": 6255, "WADMPR": "Sulawesi Selatan", "WADMKK": "Kab. Luwu Utara", "WADMKC": "Kec. Sukamaju Selatan", "WADMKD": "Desa Sukamukti", "POKTAN": "Gapoktan Artomoro", "K_POKTAN": "Komaruddin", "P_SID": "Universitas Negeri Makassar", "NO_HP_1": "0823-3336-6696", "NAMA_PEMIL": "Pemerintah Desa", "N_PETAK": "SMB002", "LUAS_HA": 1.64007405079, "PAKET": "Paket Sulawesi Selatan 18" }, "geometry": { "type": "MultiPolygon", "coordinates": [ [ [ [ 120.429260831822035, -2.647915009969665, 0.0 ], [ 120.429178774081265, -2.648939011326263, 0.0 ], [ 120.429146013577679, -2.649301331091522, 0.0 ], [ 120.427997831135031, -2.648903637392891, 0.0 ], [ 120.428365998292293, -2.647802808752601, 0.0 ], [ 120.429260831822035, -2.647915009969665, 0.0 ] ] ] ] } },
{ "type": "Feature", "properties": { "OBJECTID": 6256, "WADMPR": "Sulawesi Selatan", "WADMKK": "Kab. Luwu Utara", "WADMKC": "Kec. Sukamaju Selatan", "WADMKD": "Desa Sukamukti", "POKTAN": "Gapoktan Artomoro", "K_POKTAN": "Komaruddin", "P_SID": "Universitas Negeri Makassar", "NO_HP_1": "0823-3336-6696", "NAMA_PEMIL": "Pemerintah Desa", "N_PETAK": "SMB003", "LUAS_HA": 0.75041440702999995, "PAKET": "Paket Sulawesi Selatan 18" }, "geometry": { "type": "MultiPolygon", "coordinates": [ [ [ [ 120.429381421915195, -2.647277483269193, 0.0 ], [ 120.429260831822035, -2.647915009969665, 0.0 ], [ 120.428365998292293, -2.647802808752601, 0.0 ], [ 120.428621842823873, -2.647043573202268, 0.0 ], [ 120.429381421915195, -2.647277483269193, 0.0 ] ] ] ] } },
{ "type": "Feature", "properties": { "OBJECTID": 6257, "WADMPR": "Sulawesi Selatan", "WADMKK": "Kab. Luwu Utara", "WADMKC": "Kec. Sukamaju Selatan", "WADMKD": "Desa Sukamukti", "POKTAN": "Gapoktan Artomoro", "K_POKTAN": "Komaruddin", "P_SID": "Universitas Negeri Makassar", "NO_HP_1": "0823-3336-6696", "NAMA_PEMIL": "Pemerintah Desa", "N_PETAK": "SMB004", "LUAS_HA": 3.9810020130199999, "PAKET": "Paket Sulawesi Selatan 18" }, "geometry": { "type": "MultiPolygon", "coordinates": [ [ [ [ 120.431533015736136, -2.64901038422181, 0.0 ], [ 120.430931963739226, -2.648992164856452, 0.0 ], [ 120.430446855937703, -2.648977478927463, 0.0 ], [ 120.430067022774892, -2.64896598828966, 0.0 ], [ 120.429178774081265, -2.648939011326263, 0.0 ], [ 120.429260831822035, -2.647915009969665, 0.0 ], [ 120.429381421915195, -2.647277483269193, 0.0 ], [ 120.431637849707045, -2.647943217205636, 0.0 ], [ 120.431533015736136, -2.64901038422181, 0.0 ] ] ] ] } },
{ "type": "Feature", "properties": { "OBJECTID": 6258, "WADMPR": "Sulawesi Selatan", "WADMKK": "Kab. Luwu Utara", "WADMKC": "Kec. Sukamaju Selatan", "WADMKD": "Desa Sukamukti", "POKTAN": "Gapoktan Artomoro", "K_POKTAN": "Komaruddin", "P_SID": "Universitas Negeri Makassar", "NO_HP_1": "0823-3336-6696", "NAMA_PEMIL": "Pemerintah Desa", "N_PETAK": "SMB005", "LUAS_HA": 0.61789725218000002, "PAKET": "Paket Sulawesi Selatan 18" }, "geometry": { "type": "MultiPolygon", "coordinates": [ [ [ [ 120.431533015736136, -2.64901038422181, 0.0 ], [ 120.431444249952278, -2.649878549255618, 0.0 ], [ 120.430890126378245, -2.649859848752953, 0.0 ], [ 120.430931963739226, -2.648992164856452, 0.0 ], [ 120.431533015736136, -2.64901038422181, 0.0 ] ] ] ] } },
{ "type": "Feature", "properties": { "OBJECTID": 6259, "WADMPR": "Sulawesi Selatan", "WADMKK": "Kab. Luwu Utara", "WADMKC": "Kec. Sukamaju Selatan", "WADMKD": "Desa Sukamukti", "POKTAN": "Gapoktan Artomoro", "K_POKTAN": "Komaruddin", "P_SID": "Universitas Negeri Makassar", "NO_HP_1": "0823-3336-6696", "NAMA_PEMIL": "Pemerintah Desa", "N_PETAK": "SMB006", "LUAS_HA": 0.52224983754999998, "PAKET": "Paket Sulawesi Selatan 18" }, "geometry": { "type": "MultiPolygon", "coordinates": [ [ [ [ 120.430931963739226, -2.648992164856452, 0.0 ], [ 120.430890126378245, -2.649859848752953, 0.0 ], [ 120.430395313992562, -2.649840227344555, 0.0 ], [ 120.430446855937703, -2.648977478927463, 0.0 ], [ 120.430931963739226, -2.648992164856452, 0.0 ] ] ] ] } },
{ "type": "Feature", "properties": { "OBJECTID": 6260, "WADMPR": "Sulawesi Selatan", "WADMKK": "Kab. Luwu Utara", "WADMKC": "Kec. Sukamaju Selatan", "WADMKD": "Desa Sukamukti", "POKTAN": "Gapoktan Artomoro", "K_POKTAN": "Komaruddin", "P_SID": "Universitas Negeri Makassar", "NO_HP_1": "0823-3336-6696", "NAMA_PEMIL": "Pemerintah Desa", "N_PETAK": "SMB007", "LUAS_HA": 0.38510741942, "PAKET": "Paket Sulawesi Selatan 18" }, "geometry": { "type": "MultiPolygon", "coordinates": [ [ [ [ 120.430446855937703, -2.648977478927463, 0.0 ], [ 120.430395313992562, -2.649840227344555, 0.0 ], [ 120.430049984219409, -2.649828614398984, 0.0 ], [ 120.430067022774892, -2.64896598828966, 0.0 ], [ 120.430446855937703, -2.648977478927463, 0.0 ] ] ] ] } },
{ "type": "Feature", "properties": { "OBJECTID": 6261, "WADMPR": "Sulawesi Selatan", "WADMKK": "Kab. Luwu Utara", "WADMKC": "Kec. Sukamaju Selatan", "WADMKD": "Desa Sukamukti", "POKTAN": "Gapoktan Artomoro", "K_POKTAN": "Komaruddin", "P_SID": "Universitas Negeri Makassar", "NO_HP_1": "0823-3336-6696", "NAMA_PEMIL": "Pemerintah Desa", "N_PETAK": "SMB008", "LUAS_HA": 0.96786092945000002, "PAKET": "Paket Sulawesi Selatan 18" }, "geometry": { "type": "MultiPolygon", "coordinates": [ [ [ [ 120.430067022774892, -2.64896598828966, 0.0 ], [ 120.430049984219409, -2.649828614398984, 0.0 ], [ 120.429148305949639, -2.64981457508253, 0.0 ], [ 120.429146013577679, -2.649301331091522, 0.0 ], [ 120.429178774081265, -2.648939011326263, 0.0 ], [ 120.430067022774892, -2.64896598828966, 0.0 ] ] ] ] } },
{ "type": "Feature", "properties": { "OBJECTID": 6262, "WADMPR": "Sulawesi Selatan", "WADMKK": "Kab. Luwu Utara", "WADMKC": "Kec. Sukamaju Selatan", "WADMKD": "Desa Sukamukti", "POKTAN": "Gapoktan Artomoro", "K_POKTAN": "Komaruddin", "P_SID": "Universitas Negeri Makassar", "NO_HP_1": "0823-3336-6696", "NAMA_PEMIL": "Pemerintah Desa", "N_PETAK": "SMB009", "LUAS_HA": 0.54357112099000005, "PAKET": "Paket Sulawesi Selatan 18" }, "geometry": { "type": "MultiPolygon", "coordinates": [ [ [ [ 120.431444249952278, -2.649878549255618, 0.0 ], [ 120.431372285302814, -2.65063365062241, 0.0 ], [ 120.43080131472891, -2.650680400979695, 0.0 ], [ 120.430890126378245, -2.649859848752953, 0.0 ], [ 120.431444249952278, -2.649878549255618, 0.0 ] ] ] ] } },
{ "type": "Feature", "properties": { "OBJECTID": 6263, "WADMPR": "Sulawesi Selatan", "WADMKK": "Kab. Luwu Utara", "WADMKC": "Kec. Sukamaju Selatan", "WADMKD": "Desa Sukamukti", "POKTAN": "Gapoktan Artomoro", "K_POKTAN": "Komaruddin", "P_SID": "Universitas Negeri Makassar", "NO_HP_1": "0823-3336-6696", "NAMA_PEMIL": "Pemerintah Desa", "N_PETAK": "SMB010", "LUAS_HA": 1.40153489836, "PAKET": "Paket Sulawesi Selatan 18" }, "geometry": { "type": "MultiPolygon", "coordinates": [ [ [ [ 120.430395313992562, -2.649840227344555, 0.0 ], [ 120.430890126378245, -2.649859848752953, 0.0 ], [ 120.43080131472891, -2.650680400979695, 0.0 ], [ 120.430775392670284, -2.651258309823106, 0.0 ], [ 120.430001955026228, -2.651291901300169, 0.0 ], [ 120.430049984219409, -2.649828614398984, 0.0 ], [ 120.430395313992562, -2.649840227344555, 0.0 ] ] ] ] } },
{ "type": "Feature", "properties": { "OBJECTID": 6264, "WADMPR": "Sulawesi Selatan", "WADMKK": "Kab. Luwu Utara", "WADMKC": "Kec. Sukamaju Selatan", "WADMKD": "Desa Sukamukti", "POKTAN": "Gapoktan Artomoro", "K_POKTAN": "Komaruddin", "P_SID": "Universitas Negeri Makassar", "NO_HP_1": "0823-3336-6696", "NAMA_PEMIL": "Pemerintah Desa", "N_PETAK": "SMB011", "LUAS_HA": 1.97706186249, "PAKET": "Paket Sulawesi Selatan 18" }, "geometry": { "type": "MultiPolygon", "coordinates": [ [ [ [ 120.430049984219409, -2.649828614398984, 0.0 ], [ 120.430001955026228, -2.651291901300169, 0.0 ], [ 120.429979490860887, -2.651624766469752, 0.0 ], [ 120.429092145086543, -2.651591107543538, 0.0 ], [ 120.429148305949639, -2.64981457508253, 0.0 ], [ 120.430049984219409, -2.649828614398984, 0.0 ] ] ] ] } },
{ "type": "Feature", "properties": { "OBJECTID": 6265, "WADMPR": "Sulawesi Selatan", "WADMKK": "Kab. Luwu Utara", "WADMKC": "Kec. Sukamaju Selatan", "WADMKD": "Desa Sukamukti", "POKTAN": "Gapoktan Artomoro", "K_POKTAN": "Komaruddin", "P_SID": "Universitas Negeri Makassar", "NO_HP_1": "0823-3336-6696", "NAMA_PEMIL": "Pemerintah Desa", "N_PETAK": "SMB012", "LUAS_HA": 0.32103766132, "PAKET": "Paket Sulawesi Selatan 18" }, "geometry": { "type": "MultiPolygon", "coordinates": [ [ [ [ 120.430760128477232, -2.651598587205001, 0.0 ], [ 120.430348544749563, -2.651612700265844, 0.0 ], [ 120.429979490860887, -2.651624766469752, 0.0 ], [ 120.430001955026228, -2.651291901300169, 0.0 ], [ 120.430775392670284, -2.651258309823106, 0.0 ], [ 120.430760128477232, -2.651598587205001, 0.0 ] ] ] ] } },
{ "type": "Feature", "properties": { "OBJECTID": 6266, "WADMPR": "Sulawesi Selatan", "WADMKK": "Kab. Luwu Utara", "WADMKC": "Kec. Sukamaju Selatan", "WADMKD": "Desa Sukamukti", "POKTAN": "Gapoktan Artomoro", "K_POKTAN": "Komaruddin", "P_SID": "Universitas Negeri Makassar", "NO_HP_1": "0823-3336-6696", "NAMA_PEMIL": "Pemerintah Desa", "N_PETAK": "SMB013", "LUAS_HA": 0.62040301791999997, "PAKET": "Paket Sulawesi Selatan 18" }, "geometry": { "type": "MultiPolygon", "coordinates": [ [ [ [ 120.431269323720358, -2.651591106644219, 0.0 ], [ 120.430760128477232, -2.651598587205001, 0.0 ], [ 120.430775392670284, -2.651258309823106, 0.0 ], [ 120.43080131472891, -2.650680400979695, 0.0 ], [ 120.431372285302814, -2.65063365062241, 0.0 ], [ 120.431269323720358, -2.651591106644219, 0.0 ] ] ] ] } },
{ "type": "Feature", "properties": { "OBJECTID": 6267, "WADMPR": "Sulawesi Selatan", "WADMKK": "Kab. Luwu Utara", "WADMKC": "Kec. Sukamaju Selatan", "WADMKD": "Desa Sukamukti", "POKTAN": "Gapoktan Artomoro", "K_POKTAN": "Komaruddin", "P_SID": "Universitas Negeri Makassar", "NO_HP_1": "0823-3336-6696", "NAMA_PEMIL": "Pemerintah Desa", "N_PETAK": "SMB014", "LUAS_HA": 0.49752067843999997, "PAKET": "Paket Sulawesi Selatan 18" }, "geometry": { "type": "MultiPolygon", "coordinates": [ [ [ [ 120.430799441441081, -2.652530329810816, 0.0 ], [ 120.430335177226766, -2.652528459220946, 0.0 ], [ 120.430348544749563, -2.651612700265844, 0.0 ], [ 120.430760128477232, -2.651598587205001, 0.0 ], [ 120.430799441441081, -2.652530329810816, 0.0 ] ] ] ] } },
{ "type": "Feature", "properties": { "OBJECTID": 6268, "WADMPR": "Sulawesi Selatan", "WADMKK": "Kab. Luwu Utara", "WADMKC": "Kec. Sukamaju Selatan", "WADMKD": "Desa Sukamukti", "POKTAN": "Gapoktan Artomoro", "K_POKTAN": "Komaruddin", "P_SID": "Universitas Negeri Makassar", "NO_HP_1": "0823-3336-6696", "NAMA_PEMIL": "Pemerintah Desa", "N_PETAK": "SMB015", "LUAS_HA": 0.44383633728, "PAKET": "Paket Sulawesi Selatan 18" }, "geometry": { "type": "MultiPolygon", "coordinates": [ [ [ [ 120.430335177226766, -2.652528459220946, 0.0 ], [ 120.430124075765548, -2.652517502780483, 0.0 ], [ 120.429901157212726, -2.652505200954238, 0.0 ], [ 120.429979490860887, -2.651624766469752, 0.0 ], [ 120.430348544749563, -2.651612700265844, 0.0 ], [ 120.430335177226766, -2.652528459220946, 0.0 ] ] ] ] } },
{ "type": "Feature", "properties": { "OBJECTID": 6269, "WADMPR": "Sulawesi Selatan", "WADMKK": "Kab. Luwu Utara", "WADMKC": "Kec. Sukamaju Selatan", "WADMKD": "Desa Sukamukti", "POKTAN": "Gapoktan Artomoro", "K_POKTAN": "Komaruddin", "P_SID": "Universitas Negeri Makassar", "NO_HP_1": "0823-3336-6696", "NAMA_PEMIL": "Pemerintah Desa", "N_PETAK": "SMB016", "LUAS_HA": 0.98648259626000001, "PAKET": "Paket Sulawesi Selatan 18" }, "geometry": { "type": "MultiPolygon", "coordinates": [ [ [ [ 120.429979490860887, -2.651624766469752, 0.0 ], [ 120.429901157212726, -2.652505200954238, 0.0 ], [ 120.42903814889155, -2.652544471650003, 0.0 ], [ 120.429092145086543, -2.651591107543538, 0.0 ], [ 120.429979490860887, -2.651624766469752, 0.0 ] ] ] ] } },
{ "type": "Feature", "properties": { "OBJECTID": 6270, "WADMPR": "Sulawesi Selatan", "WADMKK": "Kab. Luwu Utara", "WADMKC": "Kec. Sukamaju Selatan", "WADMKD": "Desa Sukamukti", "POKTAN": "Gapoktan Artomoro", "K_POKTAN": "Komaruddin", "P_SID": "Universitas Negeri Makassar", "NO_HP_1": "0823-3336-6696", "NAMA_PEMIL": "Pemerintah Desa", "N_PETAK": "SMB017", "LUAS_HA": 0.50368521821000001, "PAKET": "Paket Sulawesi Selatan 18" }, "geometry": { "type": "MultiPolygon", "coordinates": [ [ [ [ 120.431183502316799, -2.652495850702905, 0.0 ], [ 120.430799441441081, -2.652530329810816, 0.0 ], [ 120.430760128477232, -2.651598587205001, 0.0 ], [ 120.431269323720358, -2.651591106644219, 0.0 ], [ 120.431183502316799, -2.652495850702905, 0.0 ] ] ] ] } },
{ "type": "Feature", "properties": { "OBJECTID": 6271, "WADMPR": "Sulawesi Selatan", "WADMKK": "Kab. Luwu Utara", "WADMKC": "Kec. Sukamaju Selatan", "WADMKD": "Desa Sukamukti", "POKTAN": "Gapoktan Artomoro", "K_POKTAN": "Komaruddin", "P_SID": "Universitas Negeri Makassar", "NO_HP_1": "0823-3336-6696", "NAMA_PEMIL": "Pemerintah Desa", "N_PETAK": "SMB018", "LUAS_HA": 0.96698842369000004, "PAKET": "Paket Sulawesi Selatan 18" }, "geometry": { "type": "MultiPolygon", "coordinates": [ [ [ [ 120.429868396709253, -2.653418711604218, 0.0 ], [ 120.428966075424114, -2.653414971323798, 0.0 ], [ 120.42903814889155, -2.652544471650003, 0.0 ], [ 120.429901157212726, -2.652505200954238, 0.0 ], [ 120.429868396709253, -2.653418711604218, 0.0 ] ] ] ] } },
{ "type": "Feature", "properties": { "OBJECTID": 6272, "WADMPR": "Sulawesi Selatan", "WADMKK": "Kab. Luwu Utara", "WADMKC": "Kec. Sukamaju Selatan", "WADMKD": "Desa Sukamukti", "POKTAN": "Gapoktan Artomoro", "K_POKTAN": "Komaruddin", "P_SID": "Universitas Negeri Makassar", "NO_HP_1": "0823-3336-6696", "NAMA_PEMIL": "Pemerintah Desa", "N_PETAK": "SMB019", "LUAS_HA": 0.24110033042000001, "PAKET": "Paket Sulawesi Selatan 18" }, "geometry": { "type": "MultiPolygon", "coordinates": [ [ [ [ 120.430124075765548, -2.652517502780483, 0.0 ], [ 120.43007712935605, -2.653418711604218, 0.0 ], [ 120.429868396709253, -2.653418711604218, 0.0 ], [ 120.429901157212726, -2.652505200954238, 0.0 ], [ 120.430124075765548, -2.652517502780483, 0.0 ] ] ] ] } },
{ "type": "Feature", "properties": { "OBJECTID": 6273, "WADMPR": "Sulawesi Selatan", "WADMKK": "Kab. Luwu Utara", "WADMKC": "Kec. Sukamaju Selatan", "WADMKD": "Desa Sukamukti", "POKTAN": "Gapoktan Artomoro", "K_POKTAN": "Komaruddin", "P_SID": "Universitas Negeri Makassar", "NO_HP_1": "0823-3336-6696", "NAMA_PEMIL": "Pemerintah Desa", "N_PETAK": "SMB020", "LUAS_HA": 0.25114693093000001, "PAKET": "Paket Sulawesi Selatan 18" }, "geometry": { "type": "MultiPolygon", "coordinates": [ [ [ [ 120.430335177226766, -2.652528459220946, 0.0 ], [ 120.430320552451576, -2.653422684809016, 0.0 ], [ 120.43007712935605, -2.653418711604218, 0.0 ], [ 120.430124075765548, -2.652517502780483, 0.0 ], [ 120.430335177226766, -2.652528459220946, 0.0 ] ] ] ] } },
{ "type": "Feature", "properties": { "OBJECTID": 6274, "WADMPR": "Sulawesi Selatan", "WADMKK": "Kab. Luwu Utara", "WADMKC": "Kec. Sukamaju Selatan", "WADMKD": "Desa Sukamukti", "POKTAN": "Gapoktan Artomoro", "K_POKTAN": "Komaruddin", "P_SID": "Universitas Negeri Makassar", "NO_HP_1": "0823-3336-6696", "NAMA_PEMIL": "Pemerintah Desa", "N_PETAK": "SMB021", "LUAS_HA": 0.49181600108000001, "PAKET": "Paket Sulawesi Selatan 18" }, "geometry": { "type": "MultiPolygon", "coordinates": [ [ [ [ 120.430799441441081, -2.652530329810816, 0.0 ], [ 120.430742696018683, -2.653439514721754, 0.0 ], [ 120.430320552451576, -2.653422684809016, 0.0 ], [ 120.430335177226766, -2.652528459220946, 0.0 ], [ 120.430799441441081, -2.652530329810816, 0.0 ] ] ] ] } },
{ "type": "Feature", "properties": { "OBJECTID": 6275, "WADMPR": "Sulawesi Selatan", "WADMKK": "Kab. Luwu Utara", "WADMKC": "Kec. Sukamaju Selatan", "WADMKD": "Desa Sukamukti", "POKTAN": "Gapoktan Artomoro", "K_POKTAN": "Komaruddin", "P_SID": "Universitas Negeri Makassar", "NO_HP_1": "0823-3336-6696", "NAMA_PEMIL": "Pemerintah Desa", "N_PETAK": "SMB022", "LUAS_HA": 0.39728633836, "PAKET": "Paket Sulawesi Selatan 18" }, "geometry": { "type": "MultiPolygon", "coordinates": [ [ [ [ 120.431063780069508, -2.653430374012487, 0.0 ], [ 120.430742696018683, -2.653439514721754, 0.0 ], [ 120.430799441441081, -2.652530329810816, 0.0 ], [ 120.431183502316799, -2.652495850702905, 0.0 ], [ 120.431063780069508, -2.653430374012487, 0.0 ] ] ] ] } },
{ "type": "Feature", "properties": { "OBJECTID": 6276, "WADMPR": "Sulawesi Selatan", "WADMKK": "Kab. Luwu Utara", "WADMKC": "Kec. Sukamaju Selatan", "WADMKD": "Desa Sukamukti", "POKTAN": "Gapoktan Artomoro", "K_POKTAN": "Komaruddin", "P_SID": "Universitas Negeri Makassar", "NO_HP_1": "0823-3336-6696", "NAMA_PEMIL": "Pemerintah Desa", "N_PETAK": "SMB023", "LUAS_HA": 1.04337619167, "PAKET": "Paket Sulawesi Selatan 18" }, "geometry": { "type": "MultiPolygon", "coordinates": [ [ [ [ 120.429868396709253, -2.653418711604218, 0.0 ], [ 120.429822590640129, -2.654340868336362, 0.0 ], [ 120.42891278070033, -2.654367049399752, 0.0 ], [ 120.428966075424114, -2.653414971323798, 0.0 ], [ 120.429868396709253, -2.653418711604218, 0.0 ] ] ] ] } },
{ "type": "Feature", "properties": { "OBJECTID": 6277, "WADMPR": "Sulawesi Selatan", "WADMKK": "Kab. Luwu Utara", "WADMKC": "Kec. Sukamaju Selatan", "WADMKD": "Desa Sukamukti", "POKTAN": "Gapoktan Artomoro", "K_POKTAN": "Komaruddin", "P_SID": "Universitas Negeri Makassar", "NO_HP_1": "0823-3336-6696", "NAMA_PEMIL": "Pemerintah Desa", "N_PETAK": "SMB024", "LUAS_HA": 0.51233544228000005, "PAKET": "Paket Sulawesi Selatan 18" }, "geometry": { "type": "MultiPolygon", "coordinates": [ [ [ [ 120.430320552451576, -2.653422684809016, 0.0 ], [ 120.430284983365368, -2.654324039322887, 0.0 ], [ 120.429822590640129, -2.654340868336362, 0.0 ], [ 120.429868396709253, -2.653418711604218, 0.0 ], [ 120.430320552451576, -2.653422684809016, 0.0 ] ] ] ] } },
{ "type": "Feature", "properties": { "OBJECTID": 6278, "WADMPR": "Sulawesi Selatan", "WADMKK": "Kab. Luwu Utara", "WADMKC": "Kec. Sukamaju Selatan", "WADMKD": "Desa Sukamukti", "POKTAN": "Gapoktan Artomoro", "K_POKTAN": "Komaruddin", "P_SID": "Universitas Negeri Makassar", "NO_HP_1": "0823-3336-6696", "NAMA_PEMIL": "Pemerintah Desa", "N_PETAK": "SMB025", "LUAS_HA": 0.46385577346000001, "PAKET": "Paket Sulawesi Selatan 18" }, "geometry": { "type": "MultiPolygon", "coordinates": [ [ [ [ 120.430742696018683, -2.653439514721754, 0.0 ], [ 120.430708064026021, -2.654322168733074, 0.0 ], [ 120.430284983365368, -2.654324039322887, 0.0 ], [ 120.430320552451576, -2.653422684809016, 0.0 ], [ 120.430742696018683, -2.653439514721754, 0.0 ] ] ] ] } },
{ "type": "Feature", "properties": { "OBJECTID": 6279, "WADMPR": "Sulawesi Selatan", "WADMKK": "Kab. Luwu Utara", "WADMKC": "Kec. Sukamaju Selatan", "WADMKD": "Desa Sukamukti", "POKTAN": "Gapoktan Artomoro", "K_POKTAN": "Komaruddin", "P_SID": "Universitas Negeri Makassar", "NO_HP_1": "0823-3336-6696", "NAMA_PEMIL": "Pemerintah Desa", "N_PETAK": "SMB026", "LUAS_HA": 0.34155999453000002, "PAKET": "Paket Sulawesi Selatan 18" }, "geometry": { "type": "MultiPolygon", "coordinates": [ [ [ [ 120.43101507818335, -2.654318428452655, 0.0 ], [ 120.430708064026021, -2.654322168733074, 0.0 ], [ 120.430742696018683, -2.653439514721754, 0.0 ], [ 120.431063780069508, -2.653430374012487, 0.0 ], [ 120.43101507818335, -2.654318428452655, 0.0 ] ] ] ] } },
{ "type": "Feature", "properties": { "OBJECTID": 6280, "WADMPR": "Sulawesi Selatan", "WADMKK": "Kab. Luwu Utara", "WADMKC": "Kec. Sukamaju Selatan", "WADMKD": "Desa Sukamukti", "POKTAN": "Gapoktan Artomoro", "K_POKTAN": "Komaruddin", "P_SID": "Universitas Negeri Makassar", "NO_HP_1": "0823-3336-6696", "NAMA_PEMIL": "Pemerintah Desa", "N_PETAK": "SMB027", "LUAS_HA": 1.0689555104199999, "PAKET": "Paket Sulawesi Selatan 18" }, "geometry": { "type": "MultiPolygon", "coordinates": [ [ [ [ 120.429805741841619, -2.655303933429764, 0.0 ], [ 120.428884700268782, -2.655303933429764, 0.0 ], [ 120.42891278070033, -2.654367049399752, 0.0 ], [ 120.429822590640129, -2.654340868336362, 0.0 ], [ 120.429805741841619, -2.655303933429764, 0.0 ] ] ] ] } },
{ "type": "Feature", "properties": { "OBJECTID": 6281, "WADMPR": "Sulawesi Selatan", "WADMKK": "Kab. Luwu Utara", "WADMKC": "Kec. Sukamaju Selatan", "WADMKD": "Desa Sukamukti", "POKTAN": "Gapoktan Artomoro", "K_POKTAN": "Komaruddin", "P_SID": "Universitas Negeri Makassar", "NO_HP_1": "0823-3336-6696", "NAMA_PEMIL": "Pemerintah Desa", "N_PETAK": "SMB028", "LUAS_HA": 1.0012725924600001, "PAKET": "Paket Sulawesi Selatan 18" }, "geometry": { "type": "MultiPolygon", "coordinates": [ [ [ [ 120.430644414508151, -2.655251573101566, 0.0 ], [ 120.429805741841619, -2.655303933429764, 0.0 ], [ 120.429822590640129, -2.654340868336362, 0.0 ], [ 120.430708064026021, -2.654322168733074, 0.0 ], [ 120.430644414508151, -2.655251573101566, 0.0 ] ] ] ] } },
{ "type": "Feature", "properties": { "OBJECTID": 6282, "WADMPR": "Sulawesi Selatan", "WADMKK": "Kab. Luwu Utara", "WADMKC": "Kec. Sukamaju Selatan", "WADMKD": "Desa Sukamukti", "POKTAN": "Gapoktan Artomoro", "K_POKTAN": "Komaruddin", "P_SID": "Universitas Negeri Makassar", "NO_HP_1": "0823-3336-6696", "NAMA_PEMIL": "Pemerintah Desa", "N_PETAK": "SMB029", "LUAS_HA": 0.3256868107, "PAKET": "Paket Sulawesi Selatan 18" }, "geometry": { "type": "MultiPolygon", "coordinates": [ [ [ [ 120.430915859579272, -2.655228197023632, 0.0 ], [ 120.430644414508151, -2.655251573101566, 0.0 ], [ 120.430708064026021, -2.654322168733074, 0.0 ], [ 120.43101507818335, -2.654318428452655, 0.0 ], [ 120.430915859579272, -2.655228197023632, 0.0 ] ] ] ] } },
{ "type": "Feature", "properties": { "OBJECTID": 6283, "WADMPR": "Sulawesi Selatan", "WADMKK": "Kab. Luwu Utara", "WADMKC": "Kec. Sukamaju Selatan", "WADMKD": "Desa Sukamukti", "POKTAN": "Gapoktan Artomoro", "K_POKTAN": "Komaruddin", "P_SID": "Universitas Negeri Makassar", "NO_HP_1": "0823-3336-6696", "NAMA_PEMIL": "Pemerintah Desa", "N_PETAK": "SMB030", "LUAS_HA": 0.95044713466999997, "PAKET": "Paket Sulawesi Selatan 18" }, "geometry": { "type": "MultiPolygon", "coordinates": [ [ [ [ 120.429815101985469, -2.656137030299647, 0.0 ], [ 120.428938989642688, -2.656189390627844, 0.0 ], [ 120.428884700268782, -2.655303933429764, 0.0 ], [ 120.429805741841619, -2.655303933429764, 0.0 ], [ 120.429815101985469, -2.656137030299647, 0.0 ] ] ] ] } },
{ "type": "Feature", "properties": { "OBJECTID": 6284, "WADMPR": "Sulawesi Selatan", "WADMKK": "Kab. Luwu Utara", "WADMKC": "Kec. Sukamaju Selatan", "WADMKD": "Desa Sukamukti", "POKTAN": "Gapoktan Artomoro", "K_POKTAN": "Komaruddin", "P_SID": "Universitas Negeri Makassar", "NO_HP_1": "0823-3336-6696", "NAMA_PEMIL": "Pemerintah Desa", "N_PETAK": "SMB031", "LUAS_HA": 0.36853859472, "PAKET": "Paket Sulawesi Selatan 18" }, "geometry": { "type": "MultiPolygon", "coordinates": [ [ [ [ 120.430181582913747, -2.656122511644526, 0.0 ], [ 120.429815101985469, -2.656137030299647, 0.0 ], [ 120.429805741841619, -2.655303933429764, 0.0 ], [ 120.430154927907665, -2.655282252573841, 0.0 ], [ 120.430181582913747, -2.656122511644526, 0.0 ] ] ] ] } },
{ "type": "Feature", "properties": { "OBJECTID": 6285, "WADMPR": "Sulawesi Selatan", "WADMKK": "Kab. Luwu Utara", "WADMKC": "Kec. Sukamaju Selatan", "WADMKD": "Desa Sukamukti", "POKTAN": "Gapoktan Artomoro", "K_POKTAN": "Komaruddin", "P_SID": "Universitas Negeri Makassar", "NO_HP_1": "0823-3336-6696", "NAMA_PEMIL": "Pemerintah Desa", "N_PETAK": "SMB032", "LUAS_HA": 0.47875460276999998, "PAKET": "Paket Sulawesi Selatan 18" }, "geometry": { "type": "MultiPolygon", "coordinates": [ [ [ [ 120.430619639085194, -2.65609025296277, 0.0 ], [ 120.430181582913747, -2.656122511644526, 0.0 ], [ 120.430154927907665, -2.655282252573841, 0.0 ], [ 120.430644414508151, -2.655251573101566, 0.0 ], [ 120.430619639085194, -2.65609025296277, 0.0 ] ] ] ] } },
{ "type": "Feature", "properties": { "OBJECTID": 6286, "WADMPR": "Sulawesi Selatan", "WADMKK": "Kab. Luwu Utara", "WADMKC": "Kec. Sukamaju Selatan", "WADMKD": "Desa Sukamukti", "POKTAN": "Gapoktan Artomoro", "K_POKTAN": "Komaruddin", "P_SID": "Universitas Negeri Makassar", "NO_HP_1": "0823-3336-6696", "NAMA_PEMIL": "Pemerintah Desa", "N_PETAK": "SMB033", "LUAS_HA": 0.26295045659, "PAKET": "Paket Sulawesi Selatan 18" }, "geometry": { "type": "MultiPolygon", "coordinates": [ [ [ [ 120.430619639085194, -2.65609025296277, 0.0 ], [ 120.430644414508151, -2.655251573101566, 0.0 ], [ 120.430915859579272, -2.655228197023632, 0.0 ], [ 120.430853643580804, -2.65608651358167, 0.0 ], [ 120.430619639085194, -2.65609025296277, 0.0 ] ] ] ] } },
{ "type": "Feature", "properties": { "OBJECTID": 6287, "WADMPR": "Sulawesi Selatan", "WADMKK": "Kab. Luwu Utara", "WADMKC": "Kec. Sukamaju Selatan", "WADMKD": "Desa Sukamukti", "POKTAN": "Gapoktan Artomoro", "K_POKTAN": "Komaruddin", "P_SID": "Universitas Negeri Makassar", "NO_HP_1": "0823-3336-6696", "NAMA_PEMIL": "Pemerintah Desa", "N_PETAK": "SMB034", "LUAS_HA": 0.64259244311999997, "PAKET": "Paket Sulawesi Selatan 18" }, "geometry": { "type": "MultiPolygon", "coordinates": [ [ [ [ 120.431495752327123, -2.656054723446687, 0.0 ], [ 120.43088546878937, -2.656080902711437, 0.0 ], [ 120.430958477551712, -2.655217886296384, 0.0 ], [ 120.431565953406107, -2.655195446412677, 0.0 ], [ 120.431495752327123, -2.656054723446687, 0.0 ] ] ] ] } },
{ "type": "Feature", "properties": { "OBJECTID": 6288, "WADMPR": "Sulawesi Selatan", "WADMKK": "Kab. Luwu Utara", "WADMKC": "Kec. Sukamaju Selatan", "WADMKD": "Desa Sukamukti", "POKTAN": "Gapoktan Artomoro", "K_POKTAN": "Komaruddin", "P_SID": "Universitas Negeri Makassar", "NO_HP_1": "0823-3336-6696", "NAMA_PEMIL": "Pemerintah Desa", "N_PETAK": "SMB035", "LUAS_HA": 0.34417947918000003, "PAKET": "Paket Sulawesi Selatan 18" }, "geometry": { "type": "MultiPolygon", "coordinates": [ [ [ [ 120.431565953406107, -2.655195446412677, 0.0 ], [ 120.430958477551712, -2.655217886296384, 0.0 ], [ 120.431019318486847, -2.654731679523366, 0.0 ], [ 120.431590289960013, -2.654729808933496, 0.0 ], [ 120.431565953406107, -2.655195446412677, 0.0 ] ] ] ] } },
{ "type": "Feature", "properties": { "OBJECTID": 6289, "WADMPR": "Sulawesi Selatan", "WADMKK": "Kab. Luwu Utara", "WADMKC": "Kec. Sukamaju Selatan", "WADMKD": "Desa Sukamukti", "POKTAN": "Gapoktan Artomoro", "K_POKTAN": "Komaruddin", "P_SID": "Universitas Negeri Makassar", "NO_HP_1": "0823-3336-6696", "NAMA_PEMIL": "Pemerintah Desa", "N_PETAK": "SMB036", "LUAS_HA": 0.95804991798000005, "PAKET": "Paket Sulawesi Selatan 18" }, "geometry": { "type": "MultiPolygon", "coordinates": [ [ [ [ 120.432404626072753, -2.656063138403056, 0.0 ], [ 120.431495752327123, -2.656054723446687, 0.0 ], [ 120.431565953406107, -2.655195446412677, 0.0 ], [ 120.432443939036602, -2.655177681204975, 0.0 ], [ 120.432404626072753, -2.656063138403056, 0.0 ] ] ] ] } },
{ "type": "Feature", "properties": { "OBJECTID": 6290, "WADMPR": "Sulawesi Selatan", "WADMKK": "Kab. Luwu Utara", "WADMKC": "Kec. Sukamaju Selatan", "WADMKD": "Desa Sukamukti", "POKTAN": "Gapoktan Artomoro", "K_POKTAN": "Komaruddin", "P_SID": "Universitas Negeri Makassar", "NO_HP_1": "0823-3336-6696", "NAMA_PEMIL": "Pemerintah Desa", "N_PETAK": "SMB037", "LUAS_HA": 0.29311223556, "PAKET": "Paket Sulawesi Selatan 18" }, "geometry": { "type": "MultiPolygon", "coordinates": [ [ [ [ 120.431590289960013, -2.654729808933496, 0.0 ], [ 120.431019318486847, -2.654731679523366, 0.0 ], [ 120.431062376227715, -2.654309052120993, 0.0 ], [ 120.43161275502473, -2.654301572459531, 0.0 ], [ 120.431590289960013, -2.654729808933496, 0.0 ] ] ] ] } },
{ "type": "Feature", "properties": { "OBJECTID": 6291, "WADMPR": "Sulawesi Selatan", "WADMKK": "Kab. Luwu Utara", "WADMKC": "Kec. Sukamaju Selatan", "WADMKD": "Desa Sukamukti", "POKTAN": "Gapoktan Artomoro", "K_POKTAN": "Komaruddin", "P_SID": "Universitas Negeri Makassar", "NO_HP_1": "0823-3336-6696", "NAMA_PEMIL": "Pemerintah Desa", "N_PETAK": "SMB038", "LUAS_HA": 0.98835748725000006, "PAKET": "Paket Sulawesi Selatan 18" }, "geometry": { "type": "MultiPolygon", "coordinates": [ [ [ [ 120.432443939036602, -2.655177681204975, 0.0 ], [ 120.431565953406107, -2.655195446412677, 0.0 ], [ 120.431590289960013, -2.654729808933496, 0.0 ], [ 120.43161275502473, -2.654301572459531, 0.0 ], [ 120.432506652360189, -2.654252951512433, 0.0 ], [ 120.432443939036602, -2.655177681204975, 0.0 ] ] ] ] } },
{ "type": "Feature", "properties": { "OBJECTID": 6292, "WADMPR": "Sulawesi Selatan", "WADMKK": "Kab. Luwu Utara", "WADMKC": "Kec. Sukamaju Selatan", "WADMKD": "Desa Sukamukti", "POKTAN": "Gapoktan Artomoro", "K_POKTAN": "Komaruddin", "P_SID": "Universitas Negeri Makassar", "NO_HP_1": "0823-3336-6696", "NAMA_PEMIL": "Pemerintah Desa", "N_PETAK": "SMB039", "LUAS_HA": 0.57458283313000003, "PAKET": "Paket Sulawesi Selatan 18" }, "geometry": { "type": "MultiPolygon", "coordinates": [ [ [ [ 120.43161275502473, -2.654301572459531, 0.0 ], [ 120.431062376227715, -2.654309052120993, 0.0 ], [ 120.431132811130396, -2.653417984952, 0.0 ], [ 120.431619306585844, -2.653387129212604, 0.0 ], [ 120.43161275502473, -2.654301572459531, 0.0 ] ] ] ] } },
{ "type": "Feature", "properties": { "OBJECTID": 6293, "WADMPR": "Sulawesi Selatan", "WADMKK": "Kab. Luwu Utara", "WADMKC": "Kec. Sukamaju Selatan", "WADMKD": "Desa Sukamukti", "POKTAN": "Gapoktan Artomoro", "K_POKTAN": "Komaruddin", "P_SID": "Universitas Negeri Makassar", "NO_HP_1": "0823-3336-6696", "NAMA_PEMIL": "Pemerintah Desa", "N_PETAK": "SMB040", "LUAS_HA": 0.99933799701000003, "PAKET": "Paket Sulawesi Selatan 18" }, "geometry": { "type": "MultiPolygon", "coordinates": [ [ [ [ 120.432506652360189, -2.654252951512433, 0.0 ], [ 120.43161275502473, -2.654301572459531, 0.0 ], [ 120.431619306585844, -2.653387129212604, 0.0 ], [ 120.432495419827774, -2.653331028604043, 0.0 ], [ 120.432506652360189, -2.654252951512433, 0.0 ] ] ] ] } },
{ "type": "Feature", "properties": { "OBJECTID": 6294, "WADMPR": "Sulawesi Selatan", "WADMKK": "Kab. Luwu Utara", "WADMKC": "Kec. Sukamaju Selatan", "WADMKD": "Desa Sukamukti", "POKTAN": "Gapoktan Artomoro", "K_POKTAN": "Komaruddin", "P_SID": "Universitas Negeri Makassar", "NO_HP_1": "0823-3336-6696", "NAMA_PEMIL": "Pemerintah Desa", "N_PETAK": "SMB041", "LUAS_HA": 0.55080017276000004, "PAKET": "Paket Sulawesi Selatan 18" }, "geometry": { "type": "MultiPolygon", "coordinates": [ [ [ [ 120.431619306585844, -2.653387129212604, 0.0 ], [ 120.431132811130396, -2.653417984952, 0.0 ], [ 120.431248643809909, -2.652480164727763, 0.0 ], [ 120.431733499801226, -2.652470813577111, 0.0 ], [ 120.431619306585844, -2.653387129212604, 0.0 ] ] ] ] } },
{ "type": "Feature", "properties": { "OBJECTID": 6295, "WADMPR": "Sulawesi Selatan", "WADMKK": "Kab. Luwu Utara", "WADMKC": "Kec. Sukamaju Selatan", "WADMKD": "Desa Sukamukti", "POKTAN": "Gapoktan Artomoro", "K_POKTAN": "Komaruddin", "P_SID": "Universitas Negeri Makassar", "NO_HP_1": "0823-3336-6696", "NAMA_PEMIL": "Pemerintah Desa", "N_PETAK": "SMB042", "LUAS_HA": 0.8946991455, "PAKET": "Paket Sulawesi Selatan 18" }, "geometry": { "type": "MultiPolygon", "coordinates": [ [ [ [ 120.43248076537509, -2.652516468560123, 0.0 ], [ 120.432495419827774, -2.653331028604043, 0.0 ], [ 120.431619306585844, -2.653387129212604, 0.0 ], [ 120.431733499801226, -2.652470813577111, 0.0 ], [ 120.432479507223547, -2.65244837369346, 0.0 ], [ 120.43248076537509, -2.652516468560123, 0.0 ] ] ] ] } },
{ "type": "Feature", "properties": { "OBJECTID": 6296, "WADMPR": "Sulawesi Selatan", "WADMKK": "Kab. Luwu Utara", "WADMKC": "Kec. Sukamaju Selatan", "WADMKD": "Desa Sukamukti", "POKTAN": "Gapoktan Artomoro", "K_POKTAN": "Komaruddin", "P_SID": "Universitas Negeri Makassar", "NO_HP_1": "0823-3336-6696", "NAMA_PEMIL": "Pemerintah Desa", "N_PETAK": "SMB043", "LUAS_HA": 0.9930003872, "PAKET": "Paket Sulawesi Selatan 18" }, "geometry": { "type": "MultiPolygon", "coordinates": [ [ [ [ 120.432404626072753, -2.656063138403056, 0.0 ], [ 120.432443939036602, -2.655177681204975, 0.0 ], [ 120.433340644055534, -2.655133735833203, 0.0 ], [ 120.433306947357778, -2.656046308490318, 0.0 ], [ 120.432404626072753, -2.656063138403056, 0.0 ] ] ] ] } },
{ "type": "Feature", "properties": { "OBJECTID": 6297, "WADMPR": "Sulawesi Selatan", "WADMKK": "Kab. Luwu Utara", "WADMKC": "Kec. Sukamaju Selatan", "WADMKD": "Desa Sukamukti", "POKTAN": "Gapoktan Artomoro", "K_POKTAN": "Komaruddin", "P_SID": "Universitas Negeri Makassar", "NO_HP_1": "0823-3336-6696", "NAMA_PEMIL": "Pemerintah Desa", "N_PETAK": "SMB044", "LUAS_HA": 1.01708707719, "PAKET": "Paket Sulawesi Selatan 18" }, "geometry": { "type": "MultiPolygon", "coordinates": [ [ [ [ 120.433340644055534, -2.655133735833203, 0.0 ], [ 120.432443939036602, -2.655177681204975, 0.0 ], [ 120.432506652360189, -2.654252951512433, 0.0 ], [ 120.433383700897139, -2.654186566256953, 0.0 ], [ 120.433340644055534, -2.655133735833203, 0.0 ] ] ] ] } },
{ "type": "Feature", "properties": { "OBJECTID": 6298, "WADMPR": "Sulawesi Selatan", "WADMKK": "Kab. Luwu Utara", "WADMKC": "Kec. Sukamaju Selatan", "WADMKD": "Desa Sukamukti", "POKTAN": "Gapoktan Artomoro", "K_POKTAN": "Komaruddin", "P_SID": "Universitas Negeri Makassar", "NO_HP_1": "0823-3336-6696", "NAMA_PEMIL": "Pemerintah Desa", "N_PETAK": "SMB045", "LUAS_HA": 1.01430000263, "PAKET": "Paket Sulawesi Selatan 18" }, "geometry": { "type": "MultiPolygon", "coordinates": [ [ [ [ 120.433383700897139, -2.654186566256953, 0.0 ], [ 120.432506652360189, -2.654252951512433, 0.0 ], [ 120.432495419827774, -2.653331028604043, 0.0 ], [ 120.433437990271045, -2.653292692303864, 0.0 ], [ 120.433383700897139, -2.654186566256953, 0.0 ] ] ] ] } },
{ "type": "Feature", "properties": { "OBJECTID": 6299, "WADMPR": "Sulawesi Selatan", "WADMKK": "Kab. Luwu Utara", "WADMKC": "Kec. Sukamaju Selatan", "WADMKD": "Desa Sukamukti", "POKTAN": "Gapoktan Artomoro", "K_POKTAN": "Komaruddin", "P_SID": "Universitas Negeri Makassar", "NO_HP_1": "0823-3336-6696", "NAMA_PEMIL": "Pemerintah Desa", "N_PETAK": "SMB046", "LUAS_HA": 0.52800759085000004, "PAKET": "Paket Sulawesi Selatan 18" }, "geometry": { "type": "MultiPolygon", "coordinates": [ [ [ [ 120.431733499801226, -2.652470813577111, 0.0 ], [ 120.431248643809909, -2.652480164727763, 0.0 ], [ 120.431328907403213, -2.651512189336017, 0.0 ], [ 120.431730459193432, -2.651499099703642, 0.0 ], [ 120.431733499801226, -2.652470813577111, 0.0 ] ] ] ] } },
{ "type": "Feature", "properties": { "OBJECTID": 6300, "WADMPR": "Sulawesi Selatan", "WADMKK": "Kab. Luwu Utara", "WADMKC": "Kec. Sukamaju Selatan", "WADMKD": "Desa Sukamukti", "POKTAN": "Gapoktan Artomoro", "K_POKTAN": "Komaruddin", "P_SID": "Universitas Negeri Makassar", "NO_HP_1": "0823-3336-6696", "NAMA_PEMIL": "Pemerintah Desa", "N_PETAK": "SMB047", "LUAS_HA": 0.93323923657999996, "PAKET": "Paket Sulawesi Selatan 18" }, "geometry": { "type": "MultiPolygon", "coordinates": [ [ [ [ 120.432479507223547, -2.65244837369346, 0.0 ], [ 120.431733499801226, -2.652470813577111, 0.0 ], [ 120.431730459193432, -2.651499099703642, 0.0 ], [ 120.432504546147925, -2.651421492707698, 0.0 ], [ 120.432479507223547, -2.65244837369346, 0.0 ] ] ] ] } },
{ "type": "Feature", "properties": { "OBJECTID": 6301, "WADMPR": "Sulawesi Selatan", "WADMKK": "Kab. Luwu Utara", "WADMKC": "Kec. Sukamaju Selatan", "WADMKD": "Desa Sukamukti", "POKTAN": "Gapoktan Artomoro", "K_POKTAN": "Komaruddin", "P_SID": "Universitas Negeri Makassar", "NO_HP_1": "0823-3336-6696", "NAMA_PEMIL": "Pemerintah Desa", "N_PETAK": "SMB048", "LUAS_HA": 0.35919665356000002, "PAKET": "Paket Sulawesi Selatan 18" }, "geometry": { "type": "MultiPolygon", "coordinates": [ [ [ [ 120.431730459193432, -2.651499099703642, 0.0 ], [ 120.431328907403213, -2.651512189336017, 0.0 ], [ 120.431430932791386, -2.650631403216664, 0.0 ], [ 120.431693018617921, -2.650616442994419, 0.0 ], [ 120.431730459193432, -2.651499099703642, 0.0 ] ] ] ] } },
{ "type": "Feature", "properties": { "OBJECTID": 6302, "WADMPR": "Sulawesi Selatan", "WADMKK": "Kab. Luwu Utara", "WADMKC": "Kec. Sukamaju Selatan", "WADMKD": "Desa Sukamukti", "POKTAN": "Gapoktan Artomoro", "K_POKTAN": "Komaruddin", "P_SID": "Universitas Negeri Makassar", "NO_HP_1": "0823-3336-6696", "NAMA_PEMIL": "Pemerintah Desa", "N_PETAK": "SMB049", "LUAS_HA": 0.87428545688000003, "PAKET": "Paket Sulawesi Selatan 18" }, "geometry": { "type": "MultiPolygon", "coordinates": [ [ [ [ 120.432525761155034, -2.650870469996164, 0.0 ], [ 120.432504546147925, -2.651421492707698, 0.0 ], [ 120.431730459193432, -2.651499099703642, 0.0 ], [ 120.431693018617921, -2.650616442994419, 0.0 ], [ 120.431809222717561, -2.650606994717009, 0.0 ], [ 120.432141973673197, -2.650579988075947, 0.0 ], [ 120.432537464932125, -2.650547848104679, 0.0 ], [ 120.432525761155034, -2.650870469996164, 0.0 ] ] ] ] } },
{ "type": "Feature", "properties": { "OBJECTID": 6303, "WADMPR": "Sulawesi Selatan", "WADMKK": "Kab. Luwu Utara", "WADMKC": "Kec. Sukamaju Selatan", "WADMKD": "Desa Sukamukti", "POKTAN": "Gapoktan Artomoro", "K_POKTAN": "Komaruddin", "P_SID": "Universitas Negeri Makassar", "NO_HP_1": "0823-3336-6696", "NAMA_PEMIL": "Pemerintah Desa", "N_PETAK": "SMB050", "LUAS_HA": 0.93711127463, "PAKET": "Paket Sulawesi Selatan 18" }, "geometry": { "type": "MultiPolygon", "coordinates": [ [ [ [ 120.433437990271045, -2.653292692303864, 0.0 ], [ 120.432495419827774, -2.653331028604043, 0.0 ], [ 120.43248076537509, -2.652516468560123, 0.0 ], [ 120.433014968066345, -2.6525122831153, 0.0 ], [ 120.433445244202744, -2.652508916053591, 0.0 ], [ 120.433437990271045, -2.653292692303864, 0.0 ] ] ] ] } },
{ "type": "Feature", "properties": { "OBJECTID": 6304, "WADMPR": "Sulawesi Selatan", "WADMKK": "Kab. Luwu Utara", "WADMKC": "Kec. Sukamaju Selatan", "WADMKD": "Desa Sukamukti", "POKTAN": "Gapoktan Artomoro", "K_POKTAN": "Komaruddin", "P_SID": "Universitas Negeri Makassar", "NO_HP_1": "0823-3336-6696", "NAMA_PEMIL": "Pemerintah Desa", "N_PETAK": "SMB051", "LUAS_HA": 0.1249708469, "PAKET": "Paket Sulawesi Selatan 18" }, "geometry": { "type": "MultiPolygon", "coordinates": [ [ [ [ 120.433445244202744, -2.652508916053591, 0.0 ], [ 120.433014968066345, -2.6525122831153, 0.0 ], [ 120.433016957366704, -2.652282700586113, 0.0 ], [ 120.43345407824313, -2.652269610953738, 0.0 ], [ 120.433445244202744, -2.652508916053591, 0.0 ] ] ] ] } },
{ "type": "Feature", "properties": { "OBJECTID": 6305, "WADMPR": "Sulawesi Selatan", "WADMKK": "Kab. Luwu Utara", "WADMKC": "Kec. Sukamaju Selatan", "WADMKD": "Desa Sukamukti", "POKTAN": "Gapoktan Artomoro", "K_POKTAN": "Komaruddin", "P_SID": "Universitas Negeri Makassar", "NO_HP_1": "0823-3336-6696", "NAMA_PEMIL": "Pemerintah Desa", "N_PETAK": "SMB052", "LUAS_HA": 0.48983185161999998, "PAKET": "Paket Sulawesi Selatan 18" }, "geometry": { "type": "MultiPolygon", "coordinates": [ [ [ [ 120.43345407824313, -2.652269610953738, 0.0 ], [ 120.433016957366704, -2.652282700586113, 0.0 ], [ 120.433011181920619, -2.651397701142969, 0.0 ], [ 120.433473574645859, -2.651382740920724, 0.0 ], [ 120.43345407824313, -2.652269610953738, 0.0 ] ] ] ] } },
{ "type": "Feature", "properties": { "OBJECTID": 6306, "WADMPR": "Sulawesi Selatan", "WADMKK": "Kab. Luwu Utara", "WADMKC": "Kec. Sukamaju Selatan", "WADMKD": "Desa Sukamukti", "POKTAN": "Gapoktan Artomoro", "K_POKTAN": "Komaruddin", "P_SID": "Universitas Negeri Makassar", "NO_HP_1": "0823-3336-6696", "NAMA_PEMIL": "Pemerintah Desa", "N_PETAK": "SMB053", "LUAS_HA": 0.71053842454000005, "PAKET": "Paket Sulawesi Selatan 18" }, "geometry": { "type": "MultiPolygon", "coordinates": [ [ [ [ 120.433016957366704, -2.652282700586113, 0.0 ], [ 120.433014968066345, -2.6525122831153, 0.0 ], [ 120.43248076537509, -2.652516468560123, 0.0 ], [ 120.432479507223547, -2.65244837369346, 0.0 ], [ 120.432504546147925, -2.651421492707698, 0.0 ], [ 120.433011181920619, -2.651397701142969, 0.0 ], [ 120.433016957366704, -2.652282700586113, 0.0 ] ] ] ] } },
{ "type": "Feature", "properties": { "OBJECTID": 6307, "WADMPR": "Sulawesi Selatan", "WADMKK": "Kab. Luwu Utara", "WADMKC": "Kec. Sukamaju Selatan", "WADMKD": "Desa Sukamukti", "POKTAN": "Gapoktan Artomoro", "K_POKTAN": "Komaruddin", "P_SID": "Universitas Negeri Makassar", "NO_HP_1": "0823-3336-6696", "NAMA_PEMIL": "Pemerintah Desa", "N_PETAK": "SMB054", "LUAS_HA": 0.65405636158000002, "PAKET": "Paket Sulawesi Selatan 18" }, "geometry": { "type": "MultiPolygon", "coordinates": [ [ [ [ 120.433473574645859, -2.651382740920724, 0.0 ], [ 120.433011181920619, -2.651397701142969, 0.0 ], [ 120.432504546147925, -2.651421492707698, 0.0 ], [ 120.432525761155034, -2.650870469996164, 0.0 ], [ 120.433500718883124, -2.65083388557531, 0.0 ], [ 120.433473574645859, -2.651382740920724, 0.0 ] ] ] ] } },
{ "type": "Feature", "properties": { "OBJECTID": 6308, "WADMPR": "Sulawesi Selatan", "WADMKK": "Kab. Luwu Utara", "WADMKC": "Kec. Sukamaju Selatan", "WADMKD": "Desa Sukamukti", "POKTAN": "Gapoktan Artomoro", "K_POKTAN": "Komaruddin", "P_SID": "Universitas Negeri Makassar", "NO_HP_1": "0823-3336-6696", "NAMA_PEMIL": "Pemerintah Desa", "N_PETAK": "SMB055", "LUAS_HA": 0.41228623428, "PAKET": "Paket Sulawesi Selatan 18" }, "geometry": { "type": "MultiPolygon", "coordinates": [ [ [ [ 120.433500718883124, -2.65083388557531, 0.0 ], [ 120.432525761155034, -2.650870469996164, 0.0 ], [ 120.432537464932125, -2.650547848104679, 0.0 ], [ 120.433057229907263, -2.65050563662578, 0.0 ], [ 120.433516072109114, -2.650468371418185, 0.0 ], [ 120.433500718883124, -2.65083388557531, 0.0 ] ] ] ] } },
{ "type": "Feature", "properties": { "OBJECTID": 6309, "WADMPR": "Sulawesi Selatan", "WADMKK": "Kab. Luwu Utara", "WADMKC": "Kec. Sukamaju Selatan", "WADMKD": "Desa Sukamukti", "POKTAN": "Gapoktan Artomoro", "K_POKTAN": "Komaruddin", "P_SID": "Universitas Negeri Makassar", "NO_HP_1": "0823-3336-6696", "NAMA_PEMIL": "Pemerintah Desa", "N_PETAK": "SMB056", "LUAS_HA": 0.34025613917000003, "PAKET": "Paket Sulawesi Selatan 18" }, "geometry": { "type": "MultiPolygon", "coordinates": [ [ [ [ 120.431809222717561, -2.650606994717009, 0.0 ], [ 120.431693018617921, -2.650616442994419, 0.0 ], [ 120.431430932791386, -2.650631403216664, 0.0 ], [ 120.431492400553907, -2.649881180671912, 0.0 ], [ 120.431864935718295, -2.649881180671912, 0.0 ], [ 120.431809222717561, -2.650606994717009, 0.0 ] ] ] ] } },
{ "type": "Feature", "properties": { "OBJECTID": 6310, "WADMPR": "Sulawesi Selatan", "WADMKK": "Kab. Luwu Utara", "WADMKC": "Kec. Sukamaju Selatan", "WADMKD": "Desa Sukamukti", "POKTAN": "Gapoktan Artomoro", "K_POKTAN": "Komaruddin", "P_SID": "Universitas Negeri Makassar", "NO_HP_1": "0823-3336-6696", "NAMA_PEMIL": "Pemerintah Desa", "N_PETAK": "SMB057", "LUAS_HA": 0.33901788628000001, "PAKET": "Paket Sulawesi Selatan 18" }, "geometry": { "type": "MultiPolygon", "coordinates": [ [ [ [ 120.431849277622177, -2.649023462163029, 0.0 ], [ 120.431860232263944, -2.649623523107039, 0.0 ], [ 120.431864935718295, -2.649881180671912, 0.0 ], [ 120.431492400553907, -2.649881180671912, 0.0 ], [ 120.431579704040132, -2.649021592472479, 0.0 ], [ 120.431849277622177, -2.649023462163029, 0.0 ] ] ] ] } },
{ "type": "Feature", "properties": { "OBJECTID": 6311, "WADMPR": "Sulawesi Selatan", "WADMKK": "Kab. Luwu Utara", "WADMKC": "Kec. Sukamaju Selatan", "WADMKD": "Desa Sukamukti", "POKTAN": "Gapoktan Artomoro", "K_POKTAN": "Komaruddin", "P_SID": "Universitas Negeri Makassar", "NO_HP_1": "0823-3336-6696", "NAMA_PEMIL": "Pemerintah Desa", "N_PETAK": "SMB058", "LUAS_HA": 0.14468358076000001, "PAKET": "Paket Sulawesi Selatan 18" }, "geometry": { "type": "MultiPolygon", "coordinates": [ [ [ [ 120.432571416137989, -2.650276385946427, 0.0 ], [ 120.432537464932125, -2.650547848104679, 0.0 ], [ 120.432141973673197, -2.650579988075947, 0.0 ], [ 120.432151611707582, -2.650272645666007, 0.0 ], [ 120.432571416137989, -2.650276385946427, 0.0 ] ] ] ] } },
{ "type": "Feature", "properties": { "OBJECTID": 6312, "WADMPR": "Sulawesi Selatan", "WADMKK": "Kab. Luwu Utara", "WADMKC": "Kec. Sukamaju Selatan", "WADMKD": "Desa Sukamukti", "POKTAN": "Gapoktan Artomoro", "K_POKTAN": "Komaruddin", "P_SID": "Universitas Negeri Makassar", "NO_HP_1": "0823-3336-6696", "NAMA_PEMIL": "Pemerintah Desa", "N_PETAK": "SMB059", "LUAS_HA": 0.40439368307000001, "PAKET": "Paket Sulawesi Selatan 18" }, "geometry": { "type": "MultiPolygon", "coordinates": [ [ [ [ 120.432151611707582, -2.650272645666007, 0.0 ], [ 120.432141973673197, -2.650579988075947, 0.0 ], [ 120.431809222717561, -2.650606994717009, 0.0 ], [ 120.431864935718295, -2.649881180671912, 0.0 ], [ 120.431860232263944, -2.649623523107039, 0.0 ], [ 120.432244437930535, -2.649608285893635, 0.0 ], [ 120.432151611707582, -2.650272645666007, 0.0 ] ] ] ] } },
{ "type": "Feature", "properties": { "OBJECTID": 6313, "WADMPR": "Sulawesi Selatan", "WADMKK": "Kab. Luwu Utara", "WADMKC": "Kec. Sukamaju Selatan", "WADMKD": "Desa Sukamukti", "POKTAN": "Gapoktan Artomoro", "K_POKTAN": "Komaruddin", "P_SID": "Universitas Negeri Makassar", "NO_HP_1": "0823-3336-6696", "NAMA_PEMIL": "Pemerintah Desa", "N_PETAK": "SMB060", "LUAS_HA": 0.34319057651000001, "PAKET": "Paket Sulawesi Selatan 18" }, "geometry": { "type": "MultiPolygon", "coordinates": [ [ [ [ 120.432571416137989, -2.650276385946427, 0.0 ], [ 120.432151611707582, -2.650272645666007, 0.0 ], [ 120.432244437930535, -2.649608285893635, 0.0 ], [ 120.432649387359447, -2.649582571578378, 0.0 ], [ 120.432571416137989, -2.650276385946427, 0.0 ] ] ] ] } },
{ "type": "Feature", "properties": { "OBJECTID": 6314, "WADMPR": "Sulawesi Selatan", "WADMKK": "Kab. Luwu Utara", "WADMKC": "Kec. Sukamaju Selatan", "WADMKD": "Desa Sukamukti", "POKTAN": "Gapoktan Artomoro", "K_POKTAN": "Komaruddin", "P_SID": "Universitas Negeri Makassar", "NO_HP_1": "0823-3336-6696", "NAMA_PEMIL": "Pemerintah Desa", "N_PETAK": "SMB061", "LUAS_HA": 0.87640031921999995, "PAKET": "Paket Sulawesi Selatan 18" }, "geometry": { "type": "MultiPolygon", "coordinates": [ [ [ [ 120.432649387359447, -2.649582571578378, 0.0 ], [ 120.432244437930535, -2.649608285893635, 0.0 ], [ 120.431860232263944, -2.649623523107039, 0.0 ], [ 120.431849277622177, -2.649023462163029, 0.0 ], [ 120.431901040800426, -2.648822401632458, 0.0 ], [ 120.432829103380527, -2.648752276995936, 0.0 ], [ 120.432649387359447, -2.649582571578378, 0.0 ] ] ] ] } },
{ "type": "Feature", "properties": { "OBJECTID": 6315, "WADMPR": "Sulawesi Selatan", "WADMKK": "Kab. Luwu Utara", "WADMKC": "Kec. Sukamaju Selatan", "WADMKD": "Desa Sukamukti", "POKTAN": "Gapoktan Artomoro", "K_POKTAN": "Komaruddin", "P_SID": "Universitas Negeri Makassar", "NO_HP_1": "0823-3336-6696", "NAMA_PEMIL": "Pemerintah Desa", "N_PETAK": "SMB062", "LUAS_HA": 0.56056553972000001, "PAKET": "Paket Sulawesi Selatan 18" }, "geometry": { "type": "MultiPolygon", "coordinates": [ [ [ [ 120.433057229907263, -2.65050563662578, 0.0 ], [ 120.432537464932125, -2.650547848104679, 0.0 ], [ 120.432571416137989, -2.650276385946427, 0.0 ], [ 120.432649387359447, -2.649582571578378, 0.0 ], [ 120.433100080804138, -2.649579767492241, 0.0 ], [ 120.433057229907263, -2.65050563662578, 0.0 ] ] ] ] } },
{ "type": "Feature", "properties": { "OBJECTID": 6316, "WADMPR": "Sulawesi Selatan", "WADMKK": "Kab. Luwu Utara", "WADMKC": "Kec. Sukamaju Selatan", "WADMKD": "Desa Sukamukti", "POKTAN": "Gapoktan Artomoro", "K_POKTAN": "Komaruddin", "P_SID": "Universitas Negeri Makassar", "NO_HP_1": "0823-3336-6696", "NAMA_PEMIL": "Pemerintah Desa", "N_PETAK": "SMB063", "LUAS_HA": 0.53135745818000002, "PAKET": "Paket Sulawesi Selatan 18" }, "geometry": { "type": "MultiPolygon", "coordinates": [ [ [ [ 120.433516072109114, -2.650468371418185, 0.0 ], [ 120.433057229907263, -2.65050563662578, 0.0 ], [ 120.433100080804138, -2.649579767492241, 0.0 ], [ 120.433592987526367, -2.649572486580951, 0.0 ], [ 120.433516072109114, -2.650468371418185, 0.0 ] ] ] ] } },
{ "type": "Feature", "properties": { "OBJECTID": 6317, "WADMPR": "Sulawesi Selatan", "WADMKK": "Kab. Luwu Utara", "WADMKC": "Kec. Sukamaju Selatan", "WADMKD": "Desa Sukamukti", "POKTAN": "Gapoktan Artomoro", "K_POKTAN": "Komaruddin", "P_SID": "Universitas Negeri Makassar", "NO_HP_1": "0823-3336-6696", "NAMA_PEMIL": "Pemerintah Desa", "N_PETAK": "SMB064", "LUAS_HA": 1.02565639318, "PAKET": "Paket Sulawesi Selatan 18" }, "geometry": { "type": "MultiPolygon", "coordinates": [ [ [ [ 120.433592987526367, -2.649572486580951, 0.0 ], [ 120.433100080804138, -2.649579767492241, 0.0 ], [ 120.432649387359447, -2.649582571578378, 0.0 ], [ 120.432829103380527, -2.648752276995936, 0.0 ], [ 120.433841499885375, -2.648681180192284, 0.0 ], [ 120.433592987526367, -2.649572486580951, 0.0 ] ] ] ] } },
{ "type": "Feature", "properties": { "OBJECTID": 6318, "WADMPR": "Sulawesi Selatan", "WADMKK": "Kab. Luwu Utara", "WADMKC": "Kec. Sukamaju Selatan", "WADMKD": "Desa Sukamukti", "POKTAN": "Gapoktan Artomoro", "K_POKTAN": "Komaruddin", "P_SID": "Universitas Negeri Makassar", "NO_HP_1": "0823-3336-6696", "NAMA_PEMIL": "Pemerintah Desa", "N_PETAK": "SMB065", "LUAS_HA": 1.3402628515, "PAKET": "Paket Sulawesi Selatan 18" }, "geometry": { "type": "MultiPolygon", "coordinates": [ [ [ [ 120.431858311312112, -2.648782863838051, 0.0 ], [ 120.431830230880564, -2.649000255157603, 0.0 ], [ 120.431581718521556, -2.648999554585714, 0.0 ], [ 120.431696146460013, -2.647954670971217, 0.0 ], [ 120.434029639856021, -2.648593522373119, 0.0 ], [ 120.43277092893527, -2.648718347373801, 0.0 ], [ 120.431858311312112, -2.648782863838051, 0.0 ] ] ] ] } },
{ "type": "Feature", "properties": { "OBJECTID": 6319, "WADMPR": "Sulawesi Selatan", "WADMKK": "Kab. Luwu Utara", "WADMKC": "Kec. Sukamaju Selatan", "WADMKD": "Desa Sukamukti", "POKTAN": "Gapoktan Artomoro", "K_POKTAN": "Komaruddin", "P_SID": "Universitas Negeri Makassar", "NO_HP_1": "0823-3336-6696", "NAMA_PEMIL": "Pemerintah Desa", "N_PETAK": "SMB066", "LUAS_HA": 1.8301300624300001, "PAKET": "Paket Sulawesi Selatan 18" }, "geometry": { "type": "MultiPolygon", "coordinates": [ [ [ [ 120.434488405615525, -2.648737280800844, 0.0 ], [ 120.434490498337937, -2.649523415972794, 0.0 ], [ 120.43449261803994, -2.650375431880605, 0.0 ], [ 120.433516072109114, -2.650468371418185, 0.0 ], [ 120.433592987526367, -2.649572486580951, 0.0 ], [ 120.433841499885375, -2.648681180192284, 0.0 ], [ 120.434114934256854, -2.648630688655317, 0.0 ], [ 120.434488405615525, -2.648737280800844, 0.0 ] ] ] ] } },
{ "type": "Feature", "properties": { "OBJECTID": 6320, "WADMPR": "Sulawesi Selatan", "WADMKK": "Kab. Luwu Utara", "WADMKC": "Kec. Sukamaju Selatan", "WADMKD": "Desa Sukamukti", "POKTAN": "Gapoktan Artomoro", "K_POKTAN": "Komaruddin", "P_SID": "Universitas Negeri Makassar", "NO_HP_1": "0823-3336-6696", "NAMA_PEMIL": "Pemerintah Desa", "N_PETAK": "SMB067", "LUAS_HA": 1.333408056, "PAKET": "Paket Sulawesi Selatan 18" }, "geometry": { "type": "MultiPolygon", "coordinates": [ [ [ [ 120.429002871185617, -2.645755504812655, 0.0 ], [ 120.427829103930094, -2.645869108972136, 0.0 ], [ 120.428114121569479, -2.644883130052335, 0.0 ], [ 120.429169599197735, -2.644744629960655, 0.0 ], [ 120.429002871185617, -2.645755504812655, 0.0 ] ] ] ] } },
{ "type": "Feature", "properties": { "OBJECTID": 6321, "WADMPR": "Sulawesi Selatan", "WADMKK": "Kab. Luwu Utara", "WADMKC": "Kec. Sukamaju Selatan", "WADMKD": "Desa Sukamukti", "POKTAN": "Gapoktan Artomoro", "K_POKTAN": "Komaruddin", "P_SID": "Universitas Negeri Makassar", "NO_HP_1": "0823-3336-6696", "NAMA_PEMIL": "Pemerintah Desa", "N_PETAK": "SMB068", "LUAS_HA": 0.69376306905999996, "PAKET": "Paket Sulawesi Selatan 18" }, "geometry": { "type": "MultiPolygon", "coordinates": [ [ [ [ 120.429741038318298, -2.644837898650053, 0.0 ], [ 120.429579032646302, -2.645764800205313, 0.0 ], [ 120.429561673932199, -2.645763919769024, 0.0 ], [ 120.429002871185617, -2.645755504812655, 0.0 ], [ 120.429169599197735, -2.644744629960655, 0.0 ], [ 120.429741038318298, -2.644837898650053, 0.0 ] ] ] ] } },
{ "type": "Feature", "properties": { "OBJECTID": 6322, "WADMPR": "Sulawesi Selatan", "WADMKK": "Kab. Luwu Utara", "WADMKC": "Kec. Sukamaju Selatan", "WADMKD": "Desa Sukamukti", "POKTAN": "Gapoktan Artomoro", "K_POKTAN": "Komaruddin", "P_SID": "Universitas Negeri Makassar", "NO_HP_1": "0823-3336-6696", "NAMA_PEMIL": "Pemerintah Desa", "N_PETAK": "SMB069", "LUAS_HA": 0.91245225848, "PAKET": "Paket Sulawesi Selatan 18" }, "geometry": { "type": "MultiPolygon", "coordinates": [ [ [ [ 120.430632632490074, -2.645816822388383, 0.0 ], [ 120.429579032646302, -2.645764800205313, 0.0 ], [ 120.429741038318298, -2.644837898650053, 0.0 ], [ 120.42997221984217, -2.644829242675371, 0.0 ], [ 120.429986027133509, -2.644855350893693, 0.0 ], [ 120.430001503566587, -2.644880495938082, 0.0 ], [ 120.43000490120528, -2.644885557322539, 0.0 ], [ 120.430069730633591, -2.644980754158439, 0.0 ], [ 120.43008341201994, -2.644999764927149, 0.0 ], [ 120.430102018993011, -2.645022663465113, 0.0 ], [ 120.430122076572616, -2.645044288563042, 0.0 ], [ 120.430143495725815, -2.645064547590778, 0.0 ], [ 120.430166187419672, -2.645083356012037, 0.0 ], [ 120.430190054527429, -2.645100630189859, 0.0 ], [ 120.430214993627146, -2.64511629817855, 0.0 ], [ 120.430234541291156, -2.645127059466176, 0.0 ], [ 120.430339251155601, -2.645181354236058, 0.0 ], [ 120.430345607563822, -2.645184587298843, 0.0 ], [ 120.430372365991957, -2.645196846856948, 0.0 ], [ 120.430399864562219, -2.645207320361521, 0.0 ], [ 120.430427986362588, -2.64521596464499, 0.0 ], [ 120.430443294622364, -2.645219833528472, 0.0 ], [ 120.430453904823935, -2.645222317455932, 0.0 ], [ 120.430583162582934, -2.645252579642772, 0.0 ], [ 120.430596468052613, -2.645255480855724, 0.0 ], [ 120.430611943586428, -2.645258327210001, 0.0 ], [ 120.430699170630305, -2.645272791006448, 0.0 ], [ 120.430676206441831, -2.645334682349642, 0.0 ], [ 120.430673292638403, -2.645342880569444, 0.0 ], [ 120.430671997614695, -2.645346524622369, 0.0 ], [ 120.430663402793812, -2.645374804703408, 0.0 ], [ 120.430661191360969, -2.645383368047931, 0.0 ], [ 120.43062994441641, -2.645509432314384, 0.0 ], [ 120.430625419027933, -2.645529653570634, 0.0 ], [ 120.430620568984182, -2.645558820383201, 0.0 ], [ 120.430620425991947, -2.645560250305266, 0.0 ], [ 120.430617626402409, -2.645588243502573, 0.0 ], [ 120.430616602973942, -2.645617796124327, 0.0 ], [ 120.430617504993961, -2.645647355041376, 0.0 ], [ 120.43061844298677, -2.645659591217111, 0.0 ], [ 120.430619339610871, -2.645669522430467, 0.0 ], [ 120.430632632490074, -2.645816822388383, 0.0 ] ] ] ] } },
{ "type": "Feature", "properties": { "OBJECTID": 6323, "WADMPR": "Sulawesi Selatan", "WADMKK": "Kab. Luwu Utara", "WADMKC": "Kec. Sukamaju Selatan", "WADMKD": "Desa Sukamukti", "POKTAN": "Gapoktan Artomoro", "K_POKTAN": "Komaruddin", "P_SID": "Universitas Negeri Makassar", "NO_HP_1": "0823-3336-6696", "NAMA_PEMIL": "Pemerintah Desa", "N_PETAK": "SMB070", "LUAS_HA": 6.2704706749200003, "PAKET": "Paket Sulawesi Selatan 18" }, "geometry": { "type": "MultiPolygon", "coordinates": [ [ [ [ 120.428114121569479, -2.644883130052335, 0.0 ], [ 120.427829103930094, -2.645869108972136, 0.0 ], [ 120.429002871185617, -2.645755504812655, 0.0 ], [ 120.429579032646302, -2.645764800205313, 0.0 ], [ 120.430632632490074, -2.645816822388383, 0.0 ], [ 120.43063615603387, -2.645855862857729, 0.0 ], [ 120.430638041012799, -2.645873071385097, 0.0 ], [ 120.430642770547479, -2.645902258882074, 0.0 ], [ 120.430649387759104, -2.645931072261135, 0.0 ], [ 120.430657866567344, -2.645959386516438, 0.0 ], [ 120.430668166502755, -2.645987085635454, 0.0 ], [ 120.430680247995156, -2.64601404551172, 0.0 ], [ 120.430694055286494, -2.646040154629361, 0.0 ], [ 120.430708688155505, -2.646064019938535, 0.0 ], [ 120.430807645956179, -2.646214734622276, 0.0 ], [ 120.430808488620869, -2.646216012558909, 0.0 ], [ 120.430825567645911, -2.646240085611396, 0.0 ], [ 120.430844174618983, -2.646262985048679, 0.0 ], [ 120.430864232198587, -2.646284609247289, 0.0 ], [ 120.430885651351787, -2.646304869174344, 0.0 ], [ 120.430908343045644, -2.646323676696284, 0.0 ], [ 120.430932210153401, -2.646340950874162, 0.0 ], [ 120.430936382108371, -2.646343570599242, 0.0 ], [ 120.430957149253118, -2.646356617963477, 0.0 ], [ 120.430983053325349, -2.646370612313888, 0.0 ], [ 120.430993779539335, -2.646375783415635, 0.0 ], [ 120.431002773659088, -2.646379972457737, 0.0 ], [ 120.431165711028825, -2.646455857251965, 0.0 ], [ 120.431175457881182, -2.646460437499172, 0.0 ], [ 120.431251741075016, -2.646496288073195, 0.0 ], [ 120.431288097068091, -2.646513376091377, 0.0 ], [ 120.431346928917719, -2.646549567508487, 0.0 ], [ 120.431379671434797, -2.646586275136428, 0.0 ], [ 120.431428135899864, -2.646644464870121, 0.0 ], [ 120.431467490232535, -2.64673421721028, 0.0 ], [ 120.431470534437722, -2.646741008890388, 0.0 ], [ 120.431519757031197, -2.646848434707465, 0.0 ], [ 120.431524444297679, -2.646858343437771, 0.0 ], [ 120.431538251589132, -2.646884452555412, 0.0 ], [ 120.431553170442498, -2.646908752237096, 0.0 ], [ 120.431557298330745, -2.646915022310395, 0.0 ], [ 120.431584111617553, -2.646955755303793, 0.0 ], [ 120.431588260190097, -2.646972980018973, 0.0 ], [ 120.431596738998337, -2.647001295173595, 0.0 ], [ 120.431607039833125, -2.647028993393292, 0.0 ], [ 120.431619120426149, -2.647055953269557, 0.0 ], [ 120.431632927717487, -2.647082062387199, 0.0 ], [ 120.431636748936853, -2.647088621142927, 0.0 ], [ 120.431660848069782, -2.647129203949532, 0.0 ], [ 120.431683048733817, -2.647166589666313, 0.0 ], [ 120.431700732103195, -2.647196366219305, 0.0 ], [ 120.431712384618891, -2.647214947112047, 0.0 ], [ 120.431729463643933, -2.647239020164591, 0.0 ], [ 120.43174363156345, -2.647256456220418, 0.0 ], [ 120.431748070617004, -2.647261918702554, 0.0 ], [ 120.431768127297346, -2.647283542901164, 0.0 ], [ 120.431833471137793, -2.647349528857603, 0.0 ], [ 120.431840026296186, -2.647356150565827, 0.0 ], [ 120.431867319820981, -2.6473955336769, 0.0 ], [ 120.430758094210773, -2.64718886947071, 0.0 ], [ 120.429491661710927, -2.646939219469346, 0.0 ], [ 120.428840192820758, -2.646846652251156, 0.0 ], [ 120.428651723698181, -2.646828682897365, 0.0 ], [ 120.427635537450101, -2.646731645149259, 0.0 ], [ 120.427026189207368, -2.646608221292354, 0.0 ], [ 120.427492326709626, -2.645281428994679, 0.0 ], [ 120.427534447356948, -2.645028973108595, 0.0 ], [ 120.42752883109074, -2.644818592903675, 0.0 ], [ 120.428114121569479, -2.644883130052335, 0.0 ] ] ] ] } },
{ "type": "Feature", "properties": { "OBJECTID": 6324, "WADMPR": "Sulawesi Selatan", "WADMKK": "Kab. Luwu Utara", "WADMKC": "Kec. Sukamaju Selatan", "WADMKD": "Desa Sukamukti", "POKTAN": "Gapoktan Artomoro", "K_POKTAN": "Komaruddin", "P_SID": "Universitas Negeri Makassar", "NO_HP_1": "0823-3336-6696", "NAMA_PEMIL": "Pemerintah Desa", "N_PETAK": "SMB071", "LUAS_HA": 1.1553417994599999, "PAKET": "Paket Sulawesi Selatan 18" }, "geometry": { "type": "MultiPolygon", "coordinates": [ [ [ [ 120.431867319820981, -2.6473955336769, 0.0 ], [ 120.431704408531687, -2.64781650093073, 0.0 ], [ 120.428595891986902, -2.646916077215167, 0.0 ], [ 120.428651723698181, -2.646828682897365, 0.0 ], [ 120.428840192820758, -2.646846652251156, 0.0 ], [ 120.429491661710927, -2.646939219469346, 0.0 ], [ 120.430758094210773, -2.64718886947071, 0.0 ], [ 120.431867319820981, -2.6473955336769, 0.0 ] ] ] ] } },
{ "type": "Feature", "properties": { "OBJECTID": 6325, "WADMPR": "Sulawesi Selatan", "WADMKK": "Kab. Luwu Utara", "WADMKC": "Kec. Sukamaju Selatan", "WADMKD": "Desa Sukamukti", "POKTAN": "Gapoktan Artomoro", "K_POKTAN": "Komaruddin", "P_SID": "Universitas Negeri Makassar", "NO_HP_1": "0823-3336-6696", "NAMA_PEMIL": "Pemerintah Desa", "N_PETAK": "SMB072", "LUAS_HA": 4.8951522036700004, "PAKET": "Paket Sulawesi Selatan 18" }, "geometry": { "type": "MultiPolygon", "coordinates": [ [ [ [ 120.436050024389147, -2.647713570824578, 0.0 ], [ 120.436061999761591, -2.648584334899112, 0.0 ], [ 120.435621135007409, -2.648603971595946, 0.0 ], [ 120.434551266427889, -2.648634827335343, 0.0 ], [ 120.431704408531687, -2.64781650093073, 0.0 ], [ 120.431878913880837, -2.647411507435095, 0.0 ], [ 120.431897521753285, -2.647434404174362, 0.0 ], [ 120.43191757933289, -2.647456029272291, 0.0 ], [ 120.431938998486089, -2.647476289199346, 0.0 ], [ 120.431961690179946, -2.647495097620606, 0.0 ], [ 120.431985557287703, -2.647512371798484, 0.0 ], [ 120.432010496387306, -2.647528039787176, 0.0 ], [ 120.432036400459538, -2.64754203323821, 0.0 ], [ 120.432063158887786, -2.647554293695634, 0.0 ], [ 120.432090658357311, -2.647564766300889, 0.0 ], [ 120.432118779258303, -2.647573409685037, 0.0 ], [ 120.432120724491938, -2.647573933989804, 0.0 ], [ 120.432256189371742, -2.647610084038092, 0.0 ], [ 120.43228286776025, -2.647616335225621, 0.0 ], [ 120.432311870896228, -2.647621212249078, 0.0 ], [ 120.432341127640939, -2.647624172817302, 0.0 ], [ 120.432370515686785, -2.647625201641688, 0.0 ], [ 120.432399907329909, -2.64762429512507, 0.0 ], [ 120.432404981304899, -2.647623941691506, 0.0 ], [ 120.432497731984768, -2.647616962053121, 0.0 ], [ 120.432521928244455, -2.647614477226284, 0.0 ], [ 120.432550950266204, -2.647609721611332, 0.0 ], [ 120.432557443371365, -2.647608386118065, 0.0 ], [ 120.432645828742011, -2.647589530932066, 0.0 ], [ 120.432761307088754, -2.647571196453498, 0.0 ], [ 120.432812586431737, -2.647563055790329, 0.0 ], [ 120.432829264359157, -2.647560083531005, 0.0 ], [ 120.432857915860154, -2.647553427648518, 0.0 ], [ 120.432886071834787, -2.647544902075538, 0.0 ], [ 120.432905766987574, -2.647537493460504, 0.0 ], [ 120.432887517045287, -2.647346979279632, 0.0 ], [ 120.432873675579685, -2.647202488803771, 0.0 ], [ 120.432979799178497, -2.647178465213926, 0.0 ], [ 120.432983442332102, -2.647178842029916, 0.0 ], [ 120.433004241852359, -2.647190307486653, 0.0 ], [ 120.43304870343502, -2.647214816710402, 0.0 ], [ 120.433061396466314, -2.647220968972476, 0.0 ], [ 120.433076938549902, -2.647227518734951, 0.0 ], [ 120.433132849401545, -2.64725108277122, 0.0 ], [ 120.43317031156073, -2.647278110995956, 0.0 ], [ 120.433181248216101, -2.647285222834739, 0.0 ], [ 120.433202524377066, -2.647295254772132, 0.0 ], [ 120.433225209775628, -2.64730141692678, 0.0 ], [ 120.433231897134419, -2.647302444851903, 0.0 ], [ 120.433288950124961, -2.64730973745435, 0.0 ], [ 120.433339691673496, -2.647316223364953, 0.0 ], [ 120.433397659274647, -2.647329303104812, 0.0 ], [ 120.433403491378044, -2.647330484813949, 0.0 ], [ 120.433410176938196, -2.647331511839752, 0.0 ], [ 120.433517428286791, -2.647345220205693, 0.0 ], [ 120.433603390883832, -2.64736535962362, 0.0 ], [ 120.43361029138191, -2.64736678594835, 0.0 ], [ 120.433633695338813, -2.647368893959253, 0.0 ], [ 120.433712165683914, -2.647369057635842, 0.0 ], [ 120.433731233109938, -2.647367733833789, 0.0 ], [ 120.43381554095447, -2.647355800729599, 0.0 ], [ 120.433825352558074, -2.647356719836694, 0.0 ], [ 120.433874877323774, -2.647361350445919, 0.0 ], [ 120.433933451967278, -2.647369889508752, 0.0 ], [ 120.433937801088746, -2.647373549749489, 0.0 ], [ 120.433946856362354, -2.64738117060449, 0.0 ], [ 120.433965723239567, -2.647394466181595, 0.0 ], [ 120.433983043282865, -2.647402968372262, 0.0 ], [ 120.434054319950974, -2.64743181232825, 0.0 ], [ 120.434058276968017, -2.647433341175713, 0.0 ], [ 120.434080962366579, -2.647439505129, 0.0 ], [ 120.434104366323481, -2.647441612240584, 0.0 ], [ 120.434168569823669, -2.647441746239565, 0.0 ], [ 120.434186388990724, -2.647440594208035, 0.0 ], [ 120.434293421804, -2.647426469455979, 0.0 ], [ 120.434299015587158, -2.64742561060342, 0.0 ], [ 120.434320152353166, -2.647420103155184, 0.0 ], [ 120.434463715627999, -2.647369901199909, 0.0 ], [ 120.434485820064651, -2.647359678606222, 0.0 ], [ 120.434498159662439, -2.647351027128138, 0.0 ], [ 120.434529348150932, -2.647318902445363, 0.0 ], [ 120.434533542588952, -2.647313063147294, 0.0 ], [ 120.434563185142906, -2.647264507850707, 0.0 ], [ 120.434581096940178, -2.647235168368297, 0.0 ], [ 120.434591560552121, -2.6472180281894, 0.0 ], [ 120.434594611052489, -2.647215927373111, 0.0 ], [ 120.434604874115735, -2.647208109566577, 0.0 ], [ 120.434618425999588, -2.64719500374639, 0.0 ], [ 120.434629544318113, -2.647182638068273, 0.0 ], [ 120.43463264338186, -2.647179067759737, 0.0 ], [ 120.434636664250661, -2.647174029757593, 0.0 ], [ 120.434645965938671, -2.64716178908526, 0.0 ], [ 120.434659950396508, -2.64716271178969, 0.0 ], [ 120.434668396829125, -2.647163002270702, 0.0 ], [ 120.434674776619659, -2.647163020257153, 0.0 ], [ 120.434677107662424, -2.647168470148756, 0.0 ], [ 120.434678544779104, -2.647171825519308, 0.0 ], [ 120.434682803068995, -2.647180849316669, 0.0 ], [ 120.43469232688949, -2.647199210774886, 0.0 ], [ 120.43469874175355, -2.647210987397102, 0.0 ], [ 120.434726857258738, -2.647262603086631, 0.0 ], [ 120.434737844276128, -2.647279212665467, 0.0 ], [ 120.434839925422239, -2.647358290052978, 0.0 ], [ 120.434845113611118, -2.647360535660141, 0.0 ], [ 120.434853473708927, -2.647363307370711, 0.0 ], [ 120.434887134433779, -2.647373255671141, 0.0 ], [ 120.434901459734647, -2.647376647014596, 0.0 ], [ 120.434906147001129, -2.647377402445102, 0.0 ], [ 120.434934499927294, -2.647381461085502, 0.0 ], [ 120.434953217517091, -2.647382813665843, 0.0 ], [ 120.434956534216781, -2.647382779491636, 0.0 ], [ 120.434988886428073, -2.647382045644861, 0.0 ], [ 120.435004424015005, -2.647380787493319, 0.0 ], [ 120.435017869778903, -2.647378905212236, 0.0 ], [ 120.43503945890393, -2.647375885288852, 0.0 ], [ 120.435044017567407, -2.647375167629832, 0.0 ], [ 120.435047588775319, -2.647374492238953, 0.0 ], [ 120.435108818217486, -2.647362047420529, 0.0 ], [ 120.435116800599985, -2.647360168736725, 0.0 ], [ 120.435124936766442, -2.647357989679449, 0.0 ], [ 120.435149139321425, -2.647351508265444, 0.0 ], [ 120.435159124494021, -2.647348411899657, 0.0 ], [ 120.435225236355677, -2.647325055606757, 0.0 ], [ 120.435247151035242, -2.647320280206714, 0.0 ], [ 120.435265150066698, -2.647318129028406, 0.0 ], [ 120.435276509403479, -2.647316771951409, 0.0 ], [ 120.435285631226975, -2.647316307901235, 0.0 ], [ 120.435315722542668, -2.64733873519441, 0.0 ], [ 120.43532740023943, -2.647346526920614, 0.0 ], [ 120.435447641395626, -2.647417993345641, 0.0 ], [ 120.435494148036582, -2.647446605276571, 0.0 ], [ 120.435513586882621, -2.647460077120797, 0.0 ], [ 120.435529779176022, -2.647473807969789, 0.0 ], [ 120.435535117551694, -2.647478915219722, 0.0 ], [ 120.435588014775135, -2.647529512876645, 0.0 ], [ 120.435594056420655, -2.64753495377505, 0.0 ], [ 120.435596427932865, -2.64753691609576, 0.0 ], [ 120.435638623223895, -2.647571049864041, 0.0 ], [ 120.435642335625403, -2.647573948378977, 0.0 ], [ 120.435700286139308, -2.647617568196154, 0.0 ], [ 120.435719322089085, -2.647631897993676, 0.0 ], [ 120.435736728467305, -2.647645988571469, 0.0 ], [ 120.435754552130902, -2.64766041549575, 0.0 ], [ 120.435765063406961, -2.647668114591795, 0.0 ], [ 120.435784965403855, -2.647681263579386, 0.0 ], [ 120.435791337999945, -2.647685223294388, 0.0 ], [ 120.435800359099403, -2.647690035566654, 0.0 ], [ 120.435823832304095, -2.64770143537288, 0.0 ], [ 120.435836000131417, -2.647706620863801, 0.0 ], [ 120.43586024495437, -2.64771557181615, 0.0 ], [ 120.435873816623371, -2.647719775247367, 0.0 ], [ 120.435897200795239, -2.647725682893906, 0.0 ], [ 120.435906359491014, -2.647727657805092, 0.0 ], [ 120.435913749220163, -2.647728773863776, 0.0 ], [ 120.435935367123534, -2.647731421467881, 0.0 ], [ 120.435951382250551, -2.647732413420101, 0.0 ], [ 120.435957004811939, -2.647732307300089, 0.0 ], [ 120.43597390756986, -2.647731632808586, 0.0 ], [ 120.435991697958571, -2.647729728044453, 0.0 ], [ 120.435995593821644, -2.64772898700312, 0.0 ], [ 120.436013152185296, -2.647725372627804, 0.0 ], [ 120.436031404825485, -2.647720248290796, 0.0 ], [ 120.436050024389147, -2.647713570824578, 0.0 ] ] ] ] } },
{ "type": "Feature", "properties": { "OBJECTID": 6326, "WADMPR": "Sulawesi Selatan", "WADMKK": "Kab. Luwu Utara", "WADMKC": "Kec. Sukamaju Selatan", "WADMKD": "Desa Sukamukti", "POKTAN": "Gapoktan Artomoro", "K_POKTAN": "Komaruddin", "P_SID": "Universitas Negeri Makassar", "NO_HP_1": "0823-3336-6696", "NAMA_PEMIL": "Pemerintah Desa", "N_PETAK": "SMB073", "LUAS_HA": 0.223147385, "PAKET": "Paket Sulawesi Selatan 18" }, "geometry": { "type": "MultiPolygon", "coordinates": [ [ [ [ 120.435615518741315, -2.648943382031405, 0.0 ], [ 120.434551266427889, -2.648634827335343, 0.0 ], [ 120.435621135007409, -2.648603971595946, 0.0 ], [ 120.435615518741315, -2.648943382031405, 0.0 ] ] ] ] } },
{ "type": "Feature", "properties": { "OBJECTID": 6327, "WADMPR": "Sulawesi Selatan", "WADMKK": "Kab. Luwu Utara", "WADMKC": "Kec. Sukamaju Selatan", "WADMKD": "Desa Sukamukti", "POKTAN": "Gapoktan Artomoro", "K_POKTAN": "Komaruddin", "P_SID": "Universitas Negeri Makassar", "NO_HP_1": "0823-3336-6696", "NAMA_PEMIL": "Pemerintah Desa", "N_PETAK": "SMB074", "LUAS_HA": 0.48815555206, "PAKET": "Paket Sulawesi Selatan 18" }, "geometry": { "type": "MultiPolygon", "coordinates": [ [ [ [ 120.436464851971436, -2.647655054637028, 0.0 ], [ 120.436457232915018, -2.648592050182913, 0.0 ], [ 120.436246628778918, -2.648588016723522, 0.0 ], [ 120.436061999761591, -2.648584334899112, 0.0 ], [ 120.436050024389147, -2.647713570824578, 0.0 ], [ 120.436064195006679, -2.647707513890623, 0.0 ], [ 120.436083559208896, -2.647697886648075, 0.0 ], [ 120.436090987609077, -2.647693900852801, 0.0 ], [ 120.436098038293949, -2.647689531046979, 0.0 ], [ 120.436137261325598, -2.647663519056096, 0.0 ], [ 120.436146813025061, -2.6476565636994, 0.0 ], [ 120.436168170125029, -2.647639532338474, 0.0 ], [ 120.436211282724571, -2.647605148558739, 0.0 ], [ 120.436213973496137, -2.647603001876973, 0.0 ], [ 120.436216647180572, -2.647600812927124, 0.0 ], [ 120.436219676097267, -2.647598191403347, 0.0 ], [ 120.436237448499469, -2.647582332758418, 0.0 ], [ 120.43624488859075, -2.647575166061017, 0.0 ], [ 120.436281669963137, -2.64753691429712, 0.0 ], [ 120.436283393064173, -2.647536123793031, 0.0 ], [ 120.436288039861211, -2.647533992399758, 0.0 ], [ 120.436300037716592, -2.647530107328521, 0.0 ], [ 120.436315200286344, -2.647526887755646, 0.0 ], [ 120.436333362994333, -2.647524829207441, 0.0 ], [ 120.436343533427362, -2.647524409224047, 0.0 ], [ 120.436360595365272, -2.647552901545112, 0.0 ], [ 120.436372295545084, -2.647569485942995, 0.0 ], [ 120.436387315122602, -2.647587705308297, 0.0 ], [ 120.436390391703299, -2.647591435696143, 0.0 ], [ 120.436405326744534, -2.647606816801101, 0.0 ], [ 120.436428218087826, -2.647626911252928, 0.0 ], [ 120.436432594188886, -2.647630481561407, 0.0 ], [ 120.436434083466224, -2.647631697444808, 0.0 ], [ 120.436437443333375, -2.647634282995739, 0.0 ], [ 120.436458233860435, -2.647650276538968, 0.0 ], [ 120.436458508153692, -2.64765047438982, 0.0 ], [ 120.436464851971436, -2.647655054637028, 0.0 ] ] ] ] } },
{ "type": "Feature", "properties": { "OBJECTID": 6328, "WADMPR": "Sulawesi Selatan", "WADMKK": "Kab. Luwu Utara", "WADMKC": "Kec. Sukamaju Selatan", "WADMKD": "Desa Sukamukti", "POKTAN": "Gapoktan Artomoro", "K_POKTAN": "Komaruddin", "P_SID": "Universitas Negeri Makassar", "NO_HP_1": "0823-3336-6696", "NAMA_PEMIL": "Pemerintah Desa", "N_PETAK": "SMB075", "LUAS_HA": 0.76741472124, "PAKET": "Paket Sulawesi Selatan 18" }, "geometry": { "type": "MultiPolygon", "coordinates": [ [ [ [ 120.437228213611206, -2.647886731687265, 0.0 ], [ 120.437242084754416, -2.648607477153291, 0.0 ], [ 120.436457232915018, -2.648592050182913, 0.0 ], [ 120.436464851971436, -2.647655054637028, 0.0 ], [ 120.436490896337887, -2.647672690342347, 0.0 ], [ 120.436493133851059, -2.647674113069797, 0.0 ], [ 120.436497428113853, -2.647676843411546, 0.0 ], [ 120.436525530129188, -2.647693597781256, 0.0 ], [ 120.436535377705582, -2.647698868707778, 0.0 ], [ 120.436569944047733, -2.647715561024256, 0.0 ], [ 120.43658232231644, -2.647720792380596, 0.0 ], [ 120.436623191107401, -2.647735560147908, 0.0 ], [ 120.436632439735376, -2.647738528810009, 0.0 ], [ 120.436674919212237, -2.647750484397307, 0.0 ], [ 120.436679530935635, -2.64775169398547, 0.0 ], [ 120.436768752675903, -2.647773418008796, 0.0 ], [ 120.436771951564424, -2.647774150056932, 0.0 ], [ 120.436772341870096, -2.647774239089813, 0.0 ], [ 120.436864410863905, -2.647793995396512, 0.0 ], [ 120.436889618860846, -2.647800471414598, 0.0 ], [ 120.436915367350366, -2.647809614821824, 0.0 ], [ 120.43696172200589, -2.647829353142072, 0.0 ], [ 120.436989833014422, -2.647841324917181, 0.0 ], [ 120.43699603114203, -2.647843784562951, 0.0 ], [ 120.437000630274952, -2.64784538535622, 0.0 ], [ 120.437036738055099, -2.647857218635693, 0.0 ], [ 120.437049406804704, -2.647860694515373, 0.0 ], [ 120.437103706970561, -2.647872766115199, 0.0 ], [ 120.437109125385859, -2.647873854294915, 0.0 ], [ 120.437113442131704, -2.647874556665386, 0.0 ], [ 120.437166498535134, -2.64788230252617, 0.0 ], [ 120.437177203165447, -2.647883429376691, 0.0 ], [ 120.437214971094136, -2.647885874633346, 0.0 ], [ 120.437228213611206, -2.647886731687265, 0.0 ] ] ] ] } },
{ "type": "Feature", "properties": { "OBJECTID": 6329, "WADMPR": "Sulawesi Selatan", "WADMKK": "Kab. Luwu Utara", "WADMKC": "Kec. Sukamaju Selatan", "WADMKD": "Desa Sukamukti", "POKTAN": "Gapoktan Artomoro", "K_POKTAN": "Komaruddin", "P_SID": "Universitas Negeri Makassar", "NO_HP_1": "0823-3336-6696", "NAMA_PEMIL": "Pemerintah Desa", "N_PETAK": "SMB076", "LUAS_HA": 0.43630826187, "PAKET": "Paket Sulawesi Selatan 18" }, "geometry": { "type": "MultiPolygon", "coordinates": [ [ [ [ 120.437242084754416, -2.648607477153291, 0.0 ], [ 120.437228213611206, -2.647886731687265, 0.0 ], [ 120.437236596192065, -2.64788701047712, 0.0 ], [ 120.437240109843287, -2.647886972705578, 0.0 ], [ 120.437288574308354, -2.647885801788277, 0.0 ], [ 120.437296376826339, -2.647885386301482, 0.0 ], [ 120.437348120219667, -2.647881112723098, 0.0 ], [ 120.437356877817706, -2.647880096489189, 0.0 ], [ 120.437392476581635, -2.647874782395263, 0.0 ], [ 120.437395815764376, -2.647874240104045, 0.0 ], [ 120.437408059134668, -2.647871507064337, 0.0 ], [ 120.43743707216322, -2.647863889806615, 0.0 ], [ 120.437448862275232, -2.647860207982148, 0.0 ], [ 120.437456315856366, -2.647857241118743, 0.0 ], [ 120.437481369169859, -2.647846396194154, 0.0 ], [ 120.437495233118625, -2.647839419253728, 0.0 ], [ 120.437505013245868, -2.64783319054925, 0.0 ], [ 120.4375228117284, -2.647820749328048, 0.0 ], [ 120.437532308569303, -2.647813463020839, 0.0 ], [ 120.437542094991727, -2.647804378069566, 0.0 ], [ 120.437559403343812, -2.647786638942193, 0.0 ], [ 120.437566267868988, -2.64777904686548, 0.0 ], [ 120.437570397555874, -2.647773865871159, 0.0 ], [ 120.43758581013708, -2.647753527703117, 0.0 ], [ 120.437590078319545, -2.647747568795239, 0.0 ], [ 120.43761865967349, -2.647705284471272, 0.0 ], [ 120.4376255889498, -2.647695033998559, 0.0 ], [ 120.437630254632609, -2.647689292726625, 0.0 ], [ 120.437633368085585, -2.647686151394737, 0.0 ], [ 120.437657603915341, -2.647666013775449, 0.0 ], [ 120.437686361536407, -2.647645391421634, 0.0 ], [ 120.437689969616486, -2.648594855168369, 0.0 ], [ 120.437242084754416, -2.648607477153291, 0.0 ] ] ] ] } },
{ "type": "Feature", "properties": { "OBJECTID": 6330, "WADMPR": "Sulawesi Selatan", "WADMKK": "Kab. Luwu Utara", "WADMKC": "Kec. Sukamaju Selatan", "WADMKD": "Desa Sukamukti", "POKTAN": "Gapoktan Artomoro", "K_POKTAN": "Komaruddin", "P_SID": "Universitas Negeri Makassar", "NO_HP_1": "0823-3336-6696", "NAMA_PEMIL": "Pemerintah Desa", "N_PETAK": "SMB077", "LUAS_HA": 0.23836591723, "PAKET": "Paket Sulawesi Selatan 18" }, "geometry": { "type": "MultiPolygon", "coordinates": [ [ [ [ 120.436036024642931, -2.649138685102173, 0.0 ], [ 120.435615518741315, -2.648943382031405, 0.0 ], [ 120.435621135007409, -2.648603971595946, 0.0 ], [ 120.436061999761591, -2.648584334899112, 0.0 ], [ 120.436036024642931, -2.649138685102173, 0.0 ] ] ] ] } },
{ "type": "Feature", "properties": { "OBJECTID": 6331, "WADMPR": "Sulawesi Selatan", "WADMKK": "Kab. Luwu Utara", "WADMKC": "Kec. Sukamaju Selatan", "WADMKD": "Desa Sukamukti", "POKTAN": "Gapoktan Artomoro", "K_POKTAN": "Komaruddin", "P_SID": "Universitas Negeri Makassar", "NO_HP_1": "0823-3336-6696", "NAMA_PEMIL": "Pemerintah Desa", "N_PETAK": "SMB078", "LUAS_HA": 0.17389641865, "PAKET": "Paket Sulawesi Selatan 18" }, "geometry": { "type": "MultiPolygon", "coordinates": [ [ [ [ 120.436246628778918, -2.648588016723522, 0.0 ], [ 120.436271901527107, -2.649378516305433, 0.0 ], [ 120.436036024642931, -2.649138685102173, 0.0 ], [ 120.436061999761591, -2.648584334899112, 0.0 ], [ 120.436246628778918, -2.648588016723522, 0.0 ] ] ] ] } },
{ "type": "Feature", "properties": { "OBJECTID": 6332, "WADMPR": "Sulawesi Selatan", "WADMKK": "Kab. Luwu Utara", "WADMKC": "Kec. Sukamaju Selatan", "WADMKD": "Desa Sukamukti", "POKTAN": "Gapoktan Artomoro", "K_POKTAN": "Komaruddin", "P_SID": "Universitas Negeri Makassar", "NO_HP_1": "0823-3336-6696", "NAMA_PEMIL": "Pemerintah Desa", "N_PETAK": "SMB079", "LUAS_HA": 0.68368383520999998, "PAKET": "Paket Sulawesi Selatan 18" }, "geometry": { "type": "MultiPolygon", "coordinates": [ [ [ [ 120.436950221475627, -2.648670065471094, 0.0 ], [ 120.436940413469415, -2.64953738064554, 0.0 ], [ 120.436507953779142, -2.649524204678244, 0.0 ], [ 120.436311389858815, -2.64937834183695, 0.0 ], [ 120.436273480736645, -2.648630794775329, 0.0 ], [ 120.436950221475627, -2.648670065471094, 0.0 ] ] ] ] } },
{ "type": "Feature", "properties": { "OBJECTID": 6333, "WADMPR": "Sulawesi Selatan", "WADMKK": "Kab. Luwu Utara", "WADMKC": "Kec. Sukamaju Selatan", "WADMKD": "Desa Sukamukti", "POKTAN": "Gapoktan Artomoro", "K_POKTAN": "Komaruddin", "P_SID": "Universitas Negeri Makassar", "NO_HP_1": "0823-3336-6696", "NAMA_PEMIL": "Pemerintah Desa", "N_PETAK": "SMB080", "LUAS_HA": 0.71193942734000004, "PAKET": "Paket Sulawesi Selatan 18" }, "geometry": { "type": "MultiPolygon", "coordinates": [ [ [ [ 120.435342611372448, -2.648985633979805, 0.0 ], [ 120.435336995106354, -2.649560669489233, 0.0 ], [ 120.434490498337937, -2.649523415972794, 0.0 ], [ 120.434488405615525, -2.648737280800844, 0.0 ], [ 120.435342611372448, -2.648985633979805, 0.0 ] ] ] ] } },
{ "type": "Feature", "properties": { "OBJECTID": 6334, "WADMPR": "Sulawesi Selatan", "WADMKK": "Kab. Luwu Utara", "WADMKC": "Kec. Sukamaju Selatan", "WADMKD": "Desa Sukamukti", "POKTAN": "Gapoktan Artomoro", "K_POKTAN": "Komaruddin", "P_SID": "Universitas Negeri Makassar", "NO_HP_1": "0823-3336-6696", "NAMA_PEMIL": "Pemerintah Desa", "N_PETAK": "SMB081", "LUAS_HA": 0.89183625083999996, "PAKET": "Paket Sulawesi Selatan 18" }, "geometry": { "type": "MultiPolygon", "coordinates": [ [ [ [ 120.435336995106354, -2.649560669489233, 0.0 ], [ 120.435367883221261, -2.650394734029703, 0.0 ], [ 120.43449261803994, -2.650375431880605, 0.0 ], [ 120.434490498337937, -2.649523415972794, 0.0 ], [ 120.435336995106354, -2.649560669489233, 0.0 ] ] ] ] } },
{ "type": "Feature", "properties": { "OBJECTID": 6335, "WADMPR": "Sulawesi Selatan", "WADMKK": "Kab. Luwu Utara", "WADMKC": "Kec. Sukamaju Selatan", "WADMKD": "Desa Sukamukti", "POKTAN": "Gapoktan Artomoro", "K_POKTAN": "Komaruddin", "P_SID": "Universitas Negeri Makassar", "NO_HP_1": "0823-3336-6696", "NAMA_PEMIL": "Pemerintah Desa", "N_PETAK": "SMB082", "LUAS_HA": 0.44267709818000001, "PAKET": "Paket Sulawesi Selatan 18" }, "geometry": { "type": "MultiPolygon", "coordinates": [ [ [ [ 120.436356319088873, -2.649558829476348, 0.0 ], [ 120.436269458069091, -2.649558923905147, 0.0 ], [ 120.435891937063275, -2.649559355579754, 0.0 ], [ 120.435336995106354, -2.649560669489233, 0.0 ], [ 120.435342611372448, -2.648985633979805, 0.0 ], [ 120.43565149701908, -2.649090385213071, 0.0 ], [ 120.43594915103256, -2.649202587329512, 0.0 ], [ 120.436319813808382, -2.649519558780582, 0.0 ], [ 120.436356319088873, -2.649558829476348, 0.0 ] ] ] ] } },
{ "type": "Feature", "properties": { "OBJECTID": 6336, "WADMPR": "Sulawesi Selatan", "WADMKK": "Kab. Luwu Utara", "WADMKC": "Kec. Sukamaju Selatan", "WADMKD": "Desa Sukamukti", "POKTAN": "Gapoktan Artomoro", "K_POKTAN": "Komaruddin", "P_SID": "Universitas Negeri Makassar", "NO_HP_1": "0823-3336-6696", "NAMA_PEMIL": "Pemerintah Desa", "N_PETAK": "SMB083", "LUAS_HA": 0.54147179877999996, "PAKET": "Paket Sulawesi Selatan 18" }, "geometry": { "type": "MultiPolygon", "coordinates": [ [ [ [ 120.435859297068987, -2.650408654635669, 0.0 ], [ 120.435367883221261, -2.650394734029703, 0.0 ], [ 120.435336995106354, -2.649560669489233, 0.0 ], [ 120.435891937063275, -2.649559355579754, 0.0 ], [ 120.435859297068987, -2.650408654635669, 0.0 ] ] ] ] } },
{ "type": "Feature", "properties": { "OBJECTID": 6337, "WADMPR": "Sulawesi Selatan", "WADMKK": "Kab. Luwu Utara", "WADMKC": "Kec. Sukamaju Selatan", "WADMKD": "Desa Sukamukti", "POKTAN": "Gapoktan Artomoro", "K_POKTAN": "Komaruddin", "P_SID": "Universitas Negeri Makassar", "NO_HP_1": "0823-3336-6696", "NAMA_PEMIL": "Pemerintah Desa", "N_PETAK": "SMB084", "LUAS_HA": 0.44489676573999998, "PAKET": "Paket Sulawesi Selatan 18" }, "geometry": { "type": "MultiPolygon", "coordinates": [ [ [ [ 120.436327185551249, -2.650421907944633, 0.0 ], [ 120.435859297068987, -2.650408654635669, 0.0 ], [ 120.435891937063275, -2.649559355579754, 0.0 ], [ 120.436269458069091, -2.649558923905147, 0.0 ], [ 120.436327185551249, -2.650421907944633, 0.0 ] ] ] ] } },
{ "type": "Feature", "properties": { "OBJECTID": 6338, "WADMPR": "Sulawesi Selatan", "WADMKK": "Kab. Luwu Utara", "WADMKC": "Kec. Sukamaju Selatan", "WADMKD": "Desa Sukamukti", "POKTAN": "Gapoktan Artomoro", "K_POKTAN": "Komaruddin", "P_SID": "Universitas Negeri Makassar", "NO_HP_1": "0823-3336-6696", "NAMA_PEMIL": "Pemerintah Desa", "N_PETAK": "SMB085", "LUAS_HA": 0.44260191672, "PAKET": "Paket Sulawesi Selatan 18" }, "geometry": { "type": "MultiPolygon", "coordinates": [ [ [ [ 120.436870212390431, -2.650457437460716, 0.0 ], [ 120.436327185551249, -2.650421907944633, 0.0 ], [ 120.436269458069091, -2.649558923905147, 0.0 ], [ 120.436356319088873, -2.649558829476348, 0.0 ], [ 120.436794394146091, -2.650000214038585, 0.0 ], [ 120.436828090843733, -2.650092781256774, 0.0 ], [ 120.436870212390431, -2.650457437460716, 0.0 ] ] ] ] } },
{ "type": "Feature", "properties": { "OBJECTID": 6339, "WADMPR": "Sulawesi Selatan", "WADMKK": "Kab. Luwu Utara", "WADMKC": "Kec. Sukamaju Selatan", "WADMKD": "Desa Sukamukti", "POKTAN": "Gapoktan Artomoro", "K_POKTAN": "Komaruddin", "P_SID": "Universitas Negeri Makassar", "NO_HP_1": "0823-3336-6696", "NAMA_PEMIL": "Pemerintah Desa", "N_PETAK": "SMB086", "LUAS_HA": 0.29721557643000002, "PAKET": "Paket Sulawesi Selatan 18" }, "geometry": { "type": "MultiPolygon", "coordinates": [ [ [ [ 120.437221218684385, -2.648672020597246, 0.0 ], [ 120.437223324896536, -2.649550003529782, 0.0 ], [ 120.436940413469415, -2.64953738064554, 0.0 ], [ 120.436950221475627, -2.648670065471094, 0.0 ], [ 120.437221218684385, -2.648672020597246, 0.0 ] ] ] ] } },
{ "type": "Feature", "properties": { "OBJECTID": 6340, "WADMPR": "Sulawesi Selatan", "WADMKK": "Kab. Luwu Utara", "WADMKC": "Kec. Sukamaju Selatan", "WADMKD": "Desa Sukamukti", "POKTAN": "Gapoktan Artomoro", "K_POKTAN": "Komaruddin", "P_SID": "Universitas Negeri Makassar", "NO_HP_1": "0823-3336-6696", "NAMA_PEMIL": "Pemerintah Desa", "N_PETAK": "SMB087", "LUAS_HA": 0.50390795282, "PAKET": "Paket Sulawesi Selatan 18" }, "geometry": { "type": "MultiPolygon", "coordinates": [ [ [ [ 120.437678340483103, -2.649546753379923, 0.0 ], [ 120.437223324896536, -2.649550003529782, 0.0 ], [ 120.437221218684385, -2.648672020597246, 0.0 ], [ 120.437699290190153, -2.648667812669373, 0.0 ], [ 120.437678340483103, -2.649546753379923, 0.0 ] ] ] ] } },
{ "type": "Feature", "properties": { "OBJECTID": 6341, "WADMPR": "Sulawesi Selatan", "WADMKK": "Kab. Luwu Utara", "WADMKC": "Kec. Sukamaju Selatan", "WADMKD": "Desa Sukamukti", "POKTAN": "Gapoktan Artomoro", "K_POKTAN": "Komaruddin", "P_SID": "Universitas Negeri Makassar", "NO_HP_1": "0823-3336-6696", "NAMA_PEMIL": "Pemerintah Desa", "N_PETAK": "SMB088", "LUAS_HA": 1.06692796926, "PAKET": "Paket Sulawesi Selatan 18" }, "geometry": { "type": "MultiPolygon", "coordinates": [ [ [ [ 120.435367883221261, -2.650394734029703, 0.0 ], [ 120.435360863113374, -2.651366272535427, 0.0 ], [ 120.434434926530685, -2.651328755517625, 0.0 ], [ 120.43449261803994, -2.650375431880605, 0.0 ], [ 120.435367883221261, -2.650394734029703, 0.0 ] ] ] ] } },
{ "type": "Feature", "properties": { "OBJECTID": 6342, "WADMPR": "Sulawesi Selatan", "WADMKK": "Kab. Luwu Utara", "WADMKC": "Kec. Sukamaju Selatan", "WADMKD": "Desa Sukamukti", "POKTAN": "Gapoktan Artomoro", "K_POKTAN": "Komaruddin", "P_SID": "Universitas Negeri Makassar", "NO_HP_1": "0823-3336-6696", "NAMA_PEMIL": "Pemerintah Desa", "N_PETAK": "SMB089", "LUAS_HA": 1.14917435315, "PAKET": "Paket Sulawesi Selatan 18" }, "geometry": { "type": "MultiPolygon", "coordinates": [ [ [ [ 120.435859297068987, -2.650408654635669, 0.0 ], [ 120.436327185551249, -2.650421907944633, 0.0 ], [ 120.436327185551249, -2.651391518303853, 0.0 ], [ 120.435360863113374, -2.651366272535427, 0.0 ], [ 120.435367883221261, -2.650394734029703, 0.0 ], [ 120.435859297068987, -2.650408654635669, 0.0 ] ] ] ] } },
{ "type": "Feature", "properties": { "OBJECTID": 6343, "WADMPR": "Sulawesi Selatan", "WADMKK": "Kab. Luwu Utara", "WADMKC": "Kec. Sukamaju Selatan", "WADMKD": "Desa Sukamukti", "POKTAN": "Gapoktan Artomoro", "K_POKTAN": "Komaruddin", "P_SID": "Universitas Negeri Makassar", "NO_HP_1": "0823-3336-6696", "NAMA_PEMIL": "Pemerintah Desa", "N_PETAK": "SMB090", "LUAS_HA": 0.63355007804999997, "PAKET": "Paket Sulawesi Selatan 18" }, "geometry": { "type": "MultiPolygon", "coordinates": [ [ [ [ 120.436870212390431, -2.650457437460716, 0.0 ], [ 120.436866702336488, -2.651391518303853, 0.0 ], [ 120.436859681329338, -2.651391518303853, 0.0 ], [ 120.436327185551249, -2.651391518303853, 0.0 ], [ 120.436327185551249, -2.650421907944633, 0.0 ], [ 120.436870212390431, -2.650457437460716, 0.0 ] ] ] ] } },
{ "type": "Feature", "properties": { "OBJECTID": 6344, "WADMPR": "Sulawesi Selatan", "WADMKK": "Kab. Luwu Utara", "WADMKC": "Kec. Sukamaju Selatan", "WADMKD": "Desa Sukamukti", "POKTAN": "Gapoktan Artomoro", "K_POKTAN": "Komaruddin", "P_SID": "Universitas Negeri Makassar", "NO_HP_1": "0823-3336-6696", "NAMA_PEMIL": "Pemerintah Desa", "N_PETAK": "SMB091", "LUAS_HA": 1.0451912368, "PAKET": "Paket Sulawesi Selatan 18" }, "geometry": { "type": "MultiPolygon", "coordinates": [ [ [ [ 120.435360863113374, -2.651366272535427, 0.0 ], [ 120.435358055430015, -2.652253018461977, 0.0 ], [ 120.434408249940816, -2.652254070668789, 0.0 ], [ 120.434434926530685, -2.651328755517625, 0.0 ], [ 120.435360863113374, -2.651366272535427, 0.0 ] ] ] ] } },
{ "type": "Feature", "properties": { "OBJECTID": 6345, "WADMPR": "Sulawesi Selatan", "WADMKK": "Kab. Luwu Utara", "WADMKC": "Kec. Sukamaju Selatan", "WADMKD": "Desa Sukamukti", "POKTAN": "Gapoktan Artomoro", "K_POKTAN": "Komaruddin", "P_SID": "Universitas Negeri Makassar", "NO_HP_1": "0823-3336-6696", "NAMA_PEMIL": "Pemerintah Desa", "N_PETAK": "SMB092", "LUAS_HA": 1.0385047897499999, "PAKET": "Paket Sulawesi Selatan 18" }, "geometry": { "type": "MultiPolygon", "coordinates": [ [ [ [ 120.436327185551249, -2.651391518303853, 0.0 ], [ 120.436327185551249, -2.65225021437584, 0.0 ], [ 120.435358055430015, -2.652253018461977, 0.0 ], [ 120.435360863113374, -2.651366272535427, 0.0 ], [ 120.436327185551249, -2.651391518303853, 0.0 ] ] ] ] } },
{ "type": "Feature", "properties": { "OBJECTID": 6346, "WADMPR": "Sulawesi Selatan", "WADMKK": "Kab. Luwu Utara", "WADMKC": "Kec. Sukamaju Selatan", "WADMKD": "Desa Sukamukti", "POKTAN": "Gapoktan Artomoro", "K_POKTAN": "Komaruddin", "P_SID": "Universitas Negeri Makassar", "NO_HP_1": "0823-3336-6696", "NAMA_PEMIL": "Pemerintah Desa", "N_PETAK": "SMB093", "LUAS_HA": 0.56224821576999995, "PAKET": "Paket Sulawesi Selatan 18" }, "geometry": { "type": "MultiPolygon", "coordinates": [ [ [ [ 120.436859681329338, -2.65225021437584, 0.0 ], [ 120.436327185551249, -2.65225021437584, 0.0 ], [ 120.436327185551249, -2.651391518303853, 0.0 ], [ 120.436859681329338, -2.651391518303853, 0.0 ], [ 120.436859681329338, -2.65225021437584, 0.0 ] ] ] ] } },
{ "type": "Feature", "properties": { "OBJECTID": 6347, "WADMPR": "Sulawesi Selatan", "WADMKK": "Kab. Luwu Utara", "WADMKC": "Kec. Sukamaju Selatan", "WADMKD": "Desa Sukamukti", "POKTAN": "Gapoktan Artomoro", "K_POKTAN": "Komaruddin", "P_SID": "Universitas Negeri Makassar", "NO_HP_1": "0823-3336-6696", "NAMA_PEMIL": "Pemerintah Desa", "N_PETAK": "SMB094", "LUAS_HA": 1.1379710537100001, "PAKET": "Paket Sulawesi Selatan 18" }, "geometry": { "type": "MultiPolygon", "coordinates": [ [ [ [ 120.435358055430015, -2.652733733974571, 0.0 ], [ 120.435359478157466, -2.653210590496315, 0.0 ], [ 120.435358055430015, -2.653210593194274, 0.0 ], [ 120.434374903978664, -2.653211994337994, 0.0 ], [ 120.434408249940816, -2.652254070668789, 0.0 ], [ 120.435358055430015, -2.652254070668789, 0.0 ], [ 120.435358055430015, -2.652733733974571, 0.0 ] ] ] ] } },
{ "type": "Feature", "properties": { "OBJECTID": 6348, "WADMPR": "Sulawesi Selatan", "WADMKK": "Kab. Luwu Utara", "WADMKC": "Kec. Sukamaju Selatan", "WADMKD": "Desa Sukamukti", "POKTAN": "Gapoktan Artomoro", "K_POKTAN": "Komaruddin", "P_SID": "Universitas Negeri Makassar", "NO_HP_1": "0823-3336-6696", "NAMA_PEMIL": "Pemerintah Desa", "N_PETAK": "SMB095", "LUAS_HA": 0.55313533677000004, "PAKET": "Paket Sulawesi Selatan 18" }, "geometry": { "type": "MultiPolygon", "coordinates": [ [ [ [ 120.436260864147584, -2.652730928089795, 0.0 ], [ 120.435358055430015, -2.652733733974571, 0.0 ], [ 120.435358055430015, -2.652254070668789, 0.0 ], [ 120.435358055430015, -2.652253018461977, 0.0 ], [ 120.436327185551249, -2.65225021437584, 0.0 ], [ 120.436260864147584, -2.652730928089795, 0.0 ] ] ] ] } },
{ "type": "Feature", "properties": { "OBJECTID": 6349, "WADMPR": "Sulawesi Selatan", "WADMKK": "Kab. Luwu Utara", "WADMKC": "Kec. Sukamaju Selatan", "WADMKD": "Desa Sukamukti", "POKTAN": "Gapoktan Artomoro", "K_POKTAN": "Komaruddin", "P_SID": "Universitas Negeri Makassar", "NO_HP_1": "0823-3336-6696", "NAMA_PEMIL": "Pemerintah Desa", "N_PETAK": "SMB096", "LUAS_HA": 0.50283387104, "PAKET": "Paket Sulawesi Selatan 18" }, "geometry": { "type": "MultiPolygon", "coordinates": [ [ [ [ 120.436193996855536, -2.65319463832185, 0.0 ], [ 120.435359466466252, -2.65321231539599, 0.0 ], [ 120.435358055430015, -2.653212344174278, 0.0 ], [ 120.435358055430015, -2.653210593194274, 0.0 ], [ 120.435359478157466, -2.653210590496315, 0.0 ], [ 120.435358055430015, -2.652733733974571, 0.0 ], [ 120.436260864147584, -2.652730928089795, 0.0 ], [ 120.436193996855536, -2.65319463832185, 0.0 ] ] ] ] } },
{ "type": "Feature", "properties": { "OBJECTID": 6350, "WADMPR": "Sulawesi Selatan", "WADMKK": "Kab. Luwu Utara", "WADMKC": "Kec. Sukamaju Selatan", "WADMKD": "Desa Sukamukti", "POKTAN": "Gapoktan Artomoro", "K_POKTAN": "Komaruddin", "P_SID": "Universitas Negeri Makassar", "NO_HP_1": "0823-3336-6696", "NAMA_PEMIL": "Pemerintah Desa", "N_PETAK": "SMB097", "LUAS_HA": 0.33310608484999998, "PAKET": "Paket Sulawesi Selatan 18" }, "geometry": { "type": "MultiPolygon", "coordinates": [ [ [ [ 120.436850204273583, -2.652735136017668, 0.0 ], [ 120.436260864147584, -2.652730928089795, 0.0 ], [ 120.436327185551249, -2.65225021437584, 0.0 ], [ 120.436859681329338, -2.65225021437584, 0.0 ], [ 120.436850204273583, -2.652735136017668, 0.0 ] ] ] ] } },
{ "type": "Feature", "properties": { "OBJECTID": 6351, "WADMPR": "Sulawesi Selatan", "WADMKK": "Kab. Luwu Utara", "WADMKC": "Kec. Sukamaju Selatan", "WADMKD": "Desa Sukamukti", "POKTAN": "Gapoktan Artomoro", "K_POKTAN": "Komaruddin", "P_SID": "Universitas Negeri Makassar", "NO_HP_1": "0823-3336-6696", "NAMA_PEMIL": "Pemerintah Desa", "N_PETAK": "SMB098", "LUAS_HA": 0.34310847507999997, "PAKET": "Paket Sulawesi Selatan 18" }, "geometry": { "type": "MultiPolygon", "coordinates": [ [ [ [ 120.436850204273583, -2.652735136017668, 0.0 ], [ 120.436821422370826, -2.653188852083815, 0.0 ], [ 120.436193996855536, -2.65319463832185, 0.0 ], [ 120.436260864147584, -2.652730928089795, 0.0 ], [ 120.436850204273583, -2.652735136017668, 0.0 ] ] ] ] } },
{ "type": "Feature", "properties": { "OBJECTID": 6352, "WADMPR": "Sulawesi Selatan", "WADMKK": "Kab. Luwu Utara", "WADMKC": "Kec. Sukamaju Selatan", "WADMKD": "Desa Sukamukti", "POKTAN": "Gapoktan Artomoro", "K_POKTAN": "Komaruddin", "P_SID": "Universitas Negeri Makassar", "NO_HP_1": "0823-3336-6696", "NAMA_PEMIL": "Pemerintah Desa", "N_PETAK": "SMB099", "LUAS_HA": 1.08137440467, "PAKET": "Paket Sulawesi Selatan 18" }, "geometry": { "type": "MultiPolygon", "coordinates": [ [ [ [ 120.435357723580182, -2.653453140350109, 0.0 ], [ 120.435357723580182, -2.653682583484397, 0.0 ], [ 120.435357723580182, -2.654106803586046, 0.0 ], [ 120.435355962707604, -2.654106803586046, 0.0 ], [ 120.434374903978664, -2.654106803586046, 0.0 ], [ 120.434374903978664, -2.653211994337994, 0.0 ], [ 120.435357723580182, -2.653211994337994, 0.0 ], [ 120.435357723580182, -2.653453140350109, 0.0 ] ] ] ] } },
{ "type": "Feature", "properties": { "OBJECTID": 6353, "WADMPR": "Sulawesi Selatan", "WADMKK": "Kab. Luwu Utara", "WADMKC": "Kec. Sukamaju Selatan", "WADMKD": "Desa Sukamukti", "POKTAN": "Gapoktan Artomoro", "K_POKTAN": "Komaruddin", "P_SID": "Universitas Negeri Makassar", "NO_HP_1": "0823-3336-6696", "NAMA_PEMIL": "Pemerintah Desa", "N_PETAK": "SMB100", "LUAS_HA": 0.25635764879, "PAKET": "Paket Sulawesi Selatan 18" }, "geometry": { "type": "MultiPolygon", "coordinates": [ [ [ [ 120.436193120016583, -2.65345322758435, 0.0 ], [ 120.435357723580182, -2.653453140350109, 0.0 ], [ 120.435359466466252, -2.65321231539599, 0.0 ], [ 120.436193996855536, -2.65319463832185, 0.0 ], [ 120.436193120016583, -2.65345322758435, 0.0 ] ] ] ] } },
{ "type": "Feature", "properties": { "OBJECTID": 6354, "WADMPR": "Sulawesi Selatan", "WADMKK": "Kab. Luwu Utara", "WADMKC": "Kec. Sukamaju Selatan", "WADMKD": "Desa Sukamukti", "POKTAN": "Gapoktan Artomoro", "K_POKTAN": "Komaruddin", "P_SID": "Universitas Negeri Makassar", "NO_HP_1": "0823-3336-6696", "NAMA_PEMIL": "Pemerintah Desa", "N_PETAK": "SMB101", "LUAS_HA": 0.2358558584, "PAKET": "Paket Sulawesi Selatan 18" }, "geometry": { "type": "MultiPolygon", "coordinates": [ [ [ [ 120.436193120016583, -2.65345322758435, 0.0 ], [ 120.436193339451165, -2.653682935119321, 0.0 ], [ 120.435357723580182, -2.653682583484397, 0.0 ], [ 120.435357723580182, -2.653453140350109, 0.0 ], [ 120.436193120016583, -2.65345322758435, 0.0 ] ] ] ] } },
{ "type": "Feature", "properties": { "OBJECTID": 6355, "WADMPR": "Sulawesi Selatan", "WADMKK": "Kab. Luwu Utara", "WADMKC": "Kec. Sukamaju Selatan", "WADMKD": "Desa Sukamukti", "POKTAN": "Gapoktan Artomoro", "K_POKTAN": "Komaruddin", "P_SID": "Universitas Negeri Makassar", "NO_HP_1": "0823-3336-6696", "NAMA_PEMIL": "Pemerintah Desa", "N_PETAK": "SMB102", "LUAS_HA": 0.43594966302, "PAKET": "Paket Sulawesi Selatan 18" }, "geometry": { "type": "MultiPolygon", "coordinates": [ [ [ [ 120.436193339451165, -2.653682935119321, 0.0 ], [ 120.436193325061936, -2.654107292817287, 0.0 ], [ 120.435357723580182, -2.654106803586046, 0.0 ], [ 120.435357723580182, -2.653682583484397, 0.0 ], [ 120.436193339451165, -2.653682935119321, 0.0 ] ] ] ] } },
{ "type": "Feature", "properties": { "OBJECTID": 6356, "WADMPR": "Sulawesi Selatan", "WADMKK": "Kab. Luwu Utara", "WADMKC": "Kec. Sukamaju Selatan", "WADMKD": "Desa Sukamukti", "POKTAN": "Gapoktan Artomoro", "K_POKTAN": "Komaruddin", "P_SID": "Universitas Negeri Makassar", "NO_HP_1": "0823-3336-6696", "NAMA_PEMIL": "Pemerintah Desa", "N_PETAK": "SMB103", "LUAS_HA": 0.40342342549, "PAKET": "Paket Sulawesi Selatan 18" }, "geometry": { "type": "MultiPolygon", "coordinates": [ [ [ [ 120.436795916698316, -2.6537252805972, 0.0 ], [ 120.436193996855536, -2.6537252805972, 0.0 ], [ 120.436193339451165, -2.653682935119321, 0.0 ], [ 120.436193996855536, -2.65319463832185, 0.0 ], [ 120.436821422370826, -2.653188852083815, 0.0 ], [ 120.436795916698316, -2.6537252805972, 0.0 ] ] ] ] } },
{ "type": "Feature", "properties": { "OBJECTID": 6357, "WADMPR": "Sulawesi Selatan", "WADMKK": "Kab. Luwu Utara", "WADMKC": "Kec. Sukamaju Selatan", "WADMKD": "Desa Sukamukti", "POKTAN": "Gapoktan Artomoro", "K_POKTAN": "Komaruddin", "P_SID": "Universitas Negeri Makassar", "NO_HP_1": "0823-3336-6696", "NAMA_PEMIL": "Pemerintah Desa", "N_PETAK": "SMB104", "LUAS_HA": 0.28084914494000002, "PAKET": "Paket Sulawesi Selatan 18" }, "geometry": { "type": "MultiPolygon", "coordinates": [ [ [ [ 120.436785429703832, -2.654108410674553, 0.0 ], [ 120.436193325061936, -2.654107292817287, 0.0 ], [ 120.436193996855536, -2.6537252805972, 0.0 ], [ 120.436795916698316, -2.6537252805972, 0.0 ], [ 120.436785429703832, -2.654108410674553, 0.0 ] ] ] ] } },
{ "type": "Feature", "properties": { "OBJECTID": 6358, "WADMPR": "Sulawesi Selatan", "WADMKK": "Kab. Luwu Utara", "WADMKC": "Kec. Sukamaju Selatan", "WADMKD": "Desa Sukamukti", "POKTAN": "Gapoktan Artomoro", "K_POKTAN": "Komaruddin", "P_SID": "Universitas Negeri Makassar", "NO_HP_1": "0823-3336-6696", "NAMA_PEMIL": "Pemerintah Desa", "N_PETAK": "SMB105", "LUAS_HA": 1.1674645835599999, "PAKET": "Paket Sulawesi Selatan 18" }, "geometry": { "type": "MultiPolygon", "coordinates": [ [ [ [ 120.435355076875339, -2.655071591780484, 0.0 ], [ 120.435168736448077, -2.655073060373411, 0.0 ], [ 120.434374903978664, -2.655078253058889, 0.0 ], [ 120.434374903978664, -2.654106803586046, 0.0 ], [ 120.435355962707604, -2.654106803586046, 0.0 ], [ 120.435355076875339, -2.655071591780484, 0.0 ] ] ] ] } },
{ "type": "Feature", "properties": { "OBJECTID": 6359, "WADMPR": "Sulawesi Selatan", "WADMKK": "Kab. Luwu Utara", "WADMKC": "Kec. Sukamaju Selatan", "WADMKD": "Desa Sukamukti", "POKTAN": "Gapoktan Artomoro", "K_POKTAN": "Komaruddin", "P_SID": "Universitas Negeri Makassar", "NO_HP_1": "0823-3336-6696", "NAMA_PEMIL": "Pemerintah Desa", "N_PETAK": "SMB106", "LUAS_HA": 0.97681434463000005, "PAKET": "Paket Sulawesi Selatan 18" }, "geometry": { "type": "MultiPolygon", "coordinates": [ [ [ [ 120.436193325061936, -2.654107292817287, 0.0 ], [ 120.436169328451797, -2.655067154525511, 0.0 ], [ 120.436169281687057, -2.65506902781334, 0.0 ], [ 120.43610381284077, -2.655068726540435, 0.0 ], [ 120.435455701119736, -2.655071274319823, 0.0 ], [ 120.435355076875339, -2.655071591780484, 0.0 ], [ 120.435357723580182, -2.654106803586046, 0.0 ], [ 120.436193325061936, -2.654107292817287, 0.0 ] ] ] ] } },
{ "type": "Feature", "properties": { "OBJECTID": 6360, "WADMPR": "Sulawesi Selatan", "WADMKK": "Kab. Luwu Utara", "WADMKC": "Kec. Sukamaju Selatan", "WADMKD": "Desa Sukamukti", "POKTAN": "Gapoktan Artomoro", "K_POKTAN": "Komaruddin", "P_SID": "Universitas Negeri Makassar", "NO_HP_1": "0823-3336-6696", "NAMA_PEMIL": "Pemerintah Desa", "N_PETAK": "SMB107", "LUAS_HA": 0.69048072455999998, "PAKET": "Paket Sulawesi Selatan 18" }, "geometry": { "type": "MultiPolygon", "coordinates": [ [ [ [ 120.436785429703832, -2.654108410674553, 0.0 ], [ 120.436755814129583, -2.655053074739556, 0.0 ], [ 120.436169281687057, -2.65506902781334, 0.0 ], [ 120.436169328451797, -2.655067154525511, 0.0 ], [ 120.436193325061936, -2.654107292817287, 0.0 ], [ 120.436785429703832, -2.654108410674553, 0.0 ] ] ] ] } },
{ "type": "Feature", "properties": { "OBJECTID": 6361, "WADMPR": "Sulawesi Selatan", "WADMKK": "Kab. Luwu Utara", "WADMKC": "Kec. Sukamaju Selatan", "WADMKD": "Desa Sukamukti", "POKTAN": "Gapoktan Artomoro", "K_POKTAN": "Komaruddin", "P_SID": "Universitas Negeri Makassar", "NO_HP_1": "0823-3336-6696", "NAMA_PEMIL": "Pemerintah Desa", "N_PETAK": "SMB108", "LUAS_HA": 0.90097412596000004, "PAKET": "Paket Sulawesi Selatan 18" }, "geometry": { "type": "MultiPolygon", "coordinates": [ [ [ [ 120.435116261006669, -2.655965412673595, 0.0 ], [ 120.434276652145854, -2.65598224348571, 0.0 ], [ 120.434374903978664, -2.655078253058889, 0.0 ], [ 120.435168736448077, -2.655073060373411, 0.0 ], [ 120.435116261006669, -2.655965412673595, 0.0 ] ] ] ] } },
{ "type": "Feature", "properties": { "OBJECTID": 6362, "WADMPR": "Sulawesi Selatan", "WADMKK": "Kab. Luwu Utara", "WADMKC": "Kec. Sukamaju Selatan", "WADMKD": "Desa Sukamukti", "POKTAN": "Gapoktan Artomoro", "K_POKTAN": "Komaruddin", "P_SID": "Universitas Negeri Makassar", "NO_HP_1": "0823-3336-6696", "NAMA_PEMIL": "Pemerintah Desa", "N_PETAK": "SMB109", "LUAS_HA": 0.34320140196, "PAKET": "Paket Sulawesi Selatan 18" }, "geometry": { "type": "MultiPolygon", "coordinates": [ [ [ [ 120.435455701119736, -2.6559614304756, 0.0 ], [ 120.435116261006669, -2.655965412673595, 0.0 ], [ 120.435168736448077, -2.655073060373411, 0.0 ], [ 120.435355076875339, -2.655071591780484, 0.0 ], [ 120.435455701119736, -2.655071274319823, 0.0 ], [ 120.435455701119736, -2.6559614304756, 0.0 ] ] ] ] } },
{ "type": "Feature", "properties": { "OBJECTID": 6363, "WADMPR": "Sulawesi Selatan", "WADMKK": "Kab. Luwu Utara", "WADMKC": "Kec. Sukamaju Selatan", "WADMKD": "Desa Sukamukti", "POKTAN": "Gapoktan Artomoro", "K_POKTAN": "Komaruddin", "P_SID": "Universitas Negeri Makassar", "NO_HP_1": "0823-3336-6696", "NAMA_PEMIL": "Pemerintah Desa", "N_PETAK": "SMB110", "LUAS_HA": 0.71040878113999995, "PAKET": "Paket Sulawesi Selatan 18" }, "geometry": { "type": "MultiPolygon", "coordinates": [ [ [ [ 120.43610381284077, -2.6559614304756, 0.0 ], [ 120.435455701119736, -2.6559614304756, 0.0 ], [ 120.435455701119736, -2.655071274319823, 0.0 ], [ 120.43610381284077, -2.655068726540435, 0.0 ], [ 120.43610381284077, -2.6559614304756, 0.0 ] ] ] ] } },
{ "type": "Feature", "properties": { "OBJECTID": 6364, "WADMPR": "Sulawesi Selatan", "WADMKK": "Kab. Luwu Utara", "WADMKC": "Kec. Sukamaju Selatan", "WADMKD": "Desa Sukamukti", "POKTAN": "Gapoktan Artomoro", "K_POKTAN": "Komaruddin", "P_SID": "Universitas Negeri Makassar", "NO_HP_1": "0823-3336-6696", "NAMA_PEMIL": "Pemerintah Desa", "N_PETAK": "SMB111", "LUAS_HA": 0.70733829811000004, "PAKET": "Paket Sulawesi Selatan 18" }, "geometry": { "type": "MultiPolygon", "coordinates": [ [ [ [ 120.43610381284077, -2.6559614304756, 0.0 ], [ 120.43610381284077, -2.655068726540435, 0.0 ], [ 120.436169281687057, -2.65506902781334, 0.0 ], [ 120.436755814129583, -2.655053074739556, 0.0 ], [ 120.4367294828794, -2.655962482682355, 0.0 ], [ 120.43610381284077, -2.655962482682355, 0.0 ], [ 120.43610381284077, -2.6559614304756, 0.0 ] ] ] ] } },
{ "type": "Feature", "properties": { "OBJECTID": 6365, "WADMPR": "Sulawesi Selatan", "WADMKK": "Kab. Luwu Utara", "WADMKC": "Kec. Sukamaju Selatan", "WADMKD": "Desa Sukamukti", "POKTAN": "Gapoktan Artomoro", "K_POKTAN": "Komaruddin", "P_SID": "Universitas Negeri Makassar", "NO_HP_1": "0823-3336-6696", "NAMA_PEMIL": "Pemerintah Desa", "N_PETAK": "SMB112", "LUAS_HA": 0.57636483507000003, "PAKET": "Paket Sulawesi Selatan 18" }, "geometry": { "type": "MultiPolygon", "coordinates": [ [ [ [ 120.438205115673668, -2.649542990616453, 0.0 ], [ 120.437678340483103, -2.649546753379923, 0.0 ], [ 120.437699290190153, -2.648667812669373, 0.0 ], [ 120.438205115673668, -2.648604845736998, 0.0 ], [ 120.438205115673668, -2.649542990616453, 0.0 ] ] ] ] } },
{ "type": "Feature", "properties": { "OBJECTID": 6366, "WADMPR": "Sulawesi Selatan", "WADMKK": "Kab. Luwu Utara", "WADMKC": "Kec. Sukamaju Selatan", "WADMKD": "Desa Sukamukti", "POKTAN": "Gapoktan Artomoro", "K_POKTAN": "Komaruddin", "P_SID": "Universitas Negeri Makassar", "NO_HP_1": "0823-3336-6696", "NAMA_PEMIL": "Pemerintah Desa", "N_PETAK": "SMB113", "LUAS_HA": 1.2142081472, "PAKET": "Paket Sulawesi Selatan 18" }, "geometry": { "type": "MultiPolygon", "coordinates": [ [ [ [ 120.43923637365981, -2.649551405572879, 0.0 ], [ 120.438205115673668, -2.649542990616453, 0.0 ], [ 120.438205115673668, -2.648604845736998, 0.0 ], [ 120.43861158135951, -2.648592221953436, 0.0 ], [ 120.438975224926708, -2.648590819910339, 0.0 ], [ 120.43923637365981, -2.648555757142447, 0.0 ], [ 120.43923637365981, -2.649551405572879, 0.0 ] ] ] ] } },
{ "type": "Feature", "properties": { "OBJECTID": 6367, "WADMPR": "Sulawesi Selatan", "WADMKK": "Kab. Luwu Utara", "WADMKC": "Kec. Sukamaju Selatan", "WADMKD": "Desa Sukamukti", "POKTAN": "Gapoktan Artomoro", "K_POKTAN": "Komaruddin", "P_SID": "Universitas Negeri Makassar", "NO_HP_1": "0823-3336-6696", "NAMA_PEMIL": "Pemerintah Desa", "N_PETAK": "SMB114", "LUAS_HA": 0.45208888187000001, "PAKET": "Paket Sulawesi Selatan 18" }, "geometry": { "type": "MultiPolygon", "coordinates": [ [ [ [ 120.436940413469415, -2.64953738064554, 0.0 ], [ 120.437223324896536, -2.649550003529782, 0.0 ], [ 120.437222624324704, -2.650453375223037, 0.0 ], [ 120.436956233443425, -2.650453375223037, 0.0 ], [ 120.436943597069444, -2.650158844554994, 0.0 ], [ 120.436839699292705, -2.649909195452949, 0.0 ], [ 120.436681043595399, -2.649733878915356, 0.0 ], [ 120.436507953779142, -2.649524204678244, 0.0 ], [ 120.436940413469415, -2.64953738064554, 0.0 ] ] ] ] } },
{ "type": "Feature", "properties": { "OBJECTID": 6368, "WADMPR": "Sulawesi Selatan", "WADMKK": "Kab. Luwu Utara", "WADMKC": "Kec. Sukamaju Selatan", "WADMKD": "Desa Sukamukti", "POKTAN": "Gapoktan Artomoro", "K_POKTAN": "Komaruddin", "P_SID": "Universitas Negeri Makassar", "NO_HP_1": "0823-3336-6696", "NAMA_PEMIL": "Pemerintah Desa", "N_PETAK": "SMB115", "LUAS_HA": 0.31551131655999998, "PAKET": "Paket Sulawesi Selatan 18" }, "geometry": { "type": "MultiPolygon", "coordinates": [ [ [ [ 120.437222622526065, -2.650454777266134, 0.0 ], [ 120.437223324896536, -2.651407793334954, 0.0 ], [ 120.43695202101901, -2.651407793334954, 0.0 ], [ 120.436956233443425, -2.650453375223037, 0.0 ], [ 120.437222624324704, -2.650453375223037, 0.0 ], [ 120.437222622526065, -2.650454777266134, 0.0 ] ] ] ] } },
{ "type": "Feature", "properties": { "OBJECTID": 6369, "WADMPR": "Sulawesi Selatan", "WADMKK": "Kab. Luwu Utara", "WADMKC": "Kec. Sukamaju Selatan", "WADMKD": "Desa Sukamukti", "POKTAN": "Gapoktan Artomoro", "K_POKTAN": "Komaruddin", "P_SID": "Universitas Negeri Makassar", "NO_HP_1": "0823-3336-6696", "NAMA_PEMIL": "Pemerintah Desa", "N_PETAK": "SMB116", "LUAS_HA": 1.09453703073, "PAKET": "Paket Sulawesi Selatan 18" }, "geometry": { "type": "MultiPolygon", "coordinates": [ [ [ [ 120.43820090324914, -2.650454777266134, 0.0 ], [ 120.437223324896536, -2.650454777266134, 0.0 ], [ 120.437222622526065, -2.650454777266134, 0.0 ], [ 120.437222624324704, -2.650453375223037, 0.0 ], [ 120.437223324896536, -2.649550003529782, 0.0 ], [ 120.437678340483103, -2.649546753379923, 0.0 ], [ 120.438205115673668, -2.649542990616453, 0.0 ], [ 120.43820090324914, -2.650454777266134, 0.0 ] ] ] ] } },
{ "type": "Feature", "properties": { "OBJECTID": 6370, "WADMPR": "Sulawesi Selatan", "WADMKK": "Kab. Luwu Utara", "WADMKC": "Kec. Sukamaju Selatan", "WADMKD": "Desa Sukamukti", "POKTAN": "Gapoktan Artomoro", "K_POKTAN": "Komaruddin", "P_SID": "Universitas Negeri Makassar", "NO_HP_1": "0823-3336-6696", "NAMA_PEMIL": "Pemerintah Desa", "N_PETAK": "SMB117", "LUAS_HA": 1.14705170577, "PAKET": "Paket Sulawesi Selatan 18" }, "geometry": { "type": "MultiPolygon", "coordinates": [ [ [ [ 120.43923637365981, -2.649551405572879, 0.0 ], [ 120.439218823390092, -2.650460387237047, 0.0 ], [ 120.43820090324914, -2.650454777266134, 0.0 ], [ 120.438205115673668, -2.649542990616453, 0.0 ], [ 120.43923637365981, -2.649551405572879, 0.0 ] ] ] ] } },
{ "type": "Feature", "properties": { "OBJECTID": 6371, "WADMPR": "Sulawesi Selatan", "WADMKK": "Kab. Luwu Utara", "WADMKC": "Kec. Sukamaju Selatan", "WADMKD": "Desa Sukamukti", "POKTAN": "Gapoktan Artomoro", "K_POKTAN": "Komaruddin", "P_SID": "Universitas Negeri Makassar", "NO_HP_1": "0823-3336-6696", "NAMA_PEMIL": "Pemerintah Desa", "N_PETAK": "SMB118", "LUAS_HA": 1.14673282232, "PAKET": "Paket Sulawesi Selatan 18" }, "geometry": { "type": "MultiPolygon", "coordinates": [ [ [ [ 120.438193181670044, -2.651416558127607, 0.0 ], [ 120.437223324896536, -2.651407793334954, 0.0 ], [ 120.437222622526065, -2.650454777266134, 0.0 ], [ 120.437223324896536, -2.650454777266134, 0.0 ], [ 120.43820090324914, -2.650454777266134, 0.0 ], [ 120.438193181670044, -2.651416558127607, 0.0 ] ] ] ] } },
{ "type": "Feature", "properties": { "OBJECTID": 6372, "WADMPR": "Sulawesi Selatan", "WADMKK": "Kab. Luwu Utara", "WADMKC": "Kec. Sukamaju Selatan", "WADMKD": "Desa Sukamukti", "POKTAN": "Gapoktan Artomoro", "K_POKTAN": "Komaruddin", "P_SID": "Universitas Negeri Makassar", "NO_HP_1": "0823-3336-6696", "NAMA_PEMIL": "Pemerintah Desa", "N_PETAK": "SMB119", "LUAS_HA": 1.142238114, "PAKET": "Paket Sulawesi Selatan 18" }, "geometry": { "type": "MultiPolygon", "coordinates": [ [ [ [ 120.439218823390092, -2.650460387237047, 0.0 ], [ 120.439120541879561, -2.651408845541766, 0.0 ], [ 120.438193181670044, -2.651416558127607, 0.0 ], [ 120.43820090324914, -2.650454777266134, 0.0 ], [ 120.439218823390092, -2.650460387237047, 0.0 ] ] ] ] } },
{ "type": "Feature", "properties": { "OBJECTID": 6373, "WADMPR": "Sulawesi Selatan", "WADMKK": "Kab. Luwu Utara", "WADMKC": "Kec. Sukamaju Selatan", "WADMKD": "Desa Sukamukti", "POKTAN": "Gapoktan Artomoro", "K_POKTAN": "Komaruddin", "P_SID": "Universitas Negeri Makassar", "NO_HP_1": "0823-3336-6696", "NAMA_PEMIL": "Pemerintah Desa", "N_PETAK": "SMB120", "LUAS_HA": 0.30353885335000003, "PAKET": "Paket Sulawesi Selatan 18" }, "geometry": { "type": "MultiPolygon", "coordinates": [ [ [ [ 120.437223324896536, -2.652309264760731, 0.0 ], [ 120.436949914806746, -2.652312070645507, 0.0 ], [ 120.436949914806746, -2.651407793334954, 0.0 ], [ 120.43695202101901, -2.651407793334954, 0.0 ], [ 120.437223324896536, -2.651407793334954, 0.0 ], [ 120.437223324896536, -2.652309264760731, 0.0 ] ] ] ] } },
{ "type": "Feature", "properties": { "OBJECTID": 6374, "WADMPR": "Sulawesi Selatan", "WADMKK": "Kab. Luwu Utara", "WADMKC": "Kec. Sukamaju Selatan", "WADMKD": "Desa Sukamukti", "POKTAN": "Gapoktan Artomoro", "K_POKTAN": "Komaruddin", "P_SID": "Universitas Negeri Makassar", "NO_HP_1": "0823-3336-6696", "NAMA_PEMIL": "Pemerintah Desa", "N_PETAK": "SMB121", "LUAS_HA": 1.0805582874599999, "PAKET": "Paket Sulawesi Selatan 18" }, "geometry": { "type": "MultiPolygon", "coordinates": [ [ [ [ 120.438193181670044, -2.651416558127607, 0.0 ], [ 120.438193181670044, -2.652326270041272, 0.0 ], [ 120.438085905140497, -2.652325372517907, 0.0 ], [ 120.437223324896536, -2.652309264760731, 0.0 ], [ 120.437223324896536, -2.651407793334954, 0.0 ], [ 120.438193181670044, -2.651416558127607, 0.0 ] ] ] ] } },
{ "type": "Feature", "properties": { "OBJECTID": 6375, "WADMPR": "Sulawesi Selatan", "WADMKK": "Kab. Luwu Utara", "WADMKC": "Kec. Sukamaju Selatan", "WADMKD": "Desa Sukamukti", "POKTAN": "Gapoktan Artomoro", "K_POKTAN": "Komaruddin", "P_SID": "Universitas Negeri Makassar", "NO_HP_1": "0823-3336-6696", "NAMA_PEMIL": "Pemerintah Desa", "N_PETAK": "SMB122", "LUAS_HA": 1.02283854627, "PAKET": "Paket Sulawesi Selatan 18" }, "geometry": { "type": "MultiPolygon", "coordinates": [ [ [ [ 120.439087020549664, -2.652326270041272, 0.0 ], [ 120.438193181670044, -2.652326270041272, 0.0 ], [ 120.438193181670044, -2.651416558127607, 0.0 ], [ 120.439120541879561, -2.651408845541766, 0.0 ], [ 120.439087020549664, -2.652326270041272, 0.0 ] ] ] ] } },
{ "type": "Feature", "properties": { "OBJECTID": 6376, "WADMPR": "Sulawesi Selatan", "WADMKK": "Kab. Luwu Utara", "WADMKC": "Kec. Sukamaju Selatan", "WADMKD": "Desa Sukamukti", "POKTAN": "Gapoktan Artomoro", "K_POKTAN": "Komaruddin", "P_SID": "Universitas Negeri Makassar", "NO_HP_1": "0823-3336-6696", "NAMA_PEMIL": "Pemerintah Desa", "N_PETAK": "SMB123", "LUAS_HA": 0.26730361617999998, "PAKET": "Paket Sulawesi Selatan 18" }, "geometry": { "type": "MultiPolygon", "coordinates": [ [ [ [ 120.437154574424085, -2.652817876343875, 0.0 ], [ 120.437098215710193, -2.653234404544094, 0.0 ], [ 120.436900949419396, -2.653235807486453, 0.0 ], [ 120.436949914806746, -2.652312070645507, 0.0 ], [ 120.437223324896536, -2.652309264760731, 0.0 ], [ 120.437154574424085, -2.652817876343875, 0.0 ] ] ] ] } },
{ "type": "Feature", "properties": { "OBJECTID": 6377, "WADMPR": "Sulawesi Selatan", "WADMKK": "Kab. Luwu Utara", "WADMKC": "Kec. Sukamaju Selatan", "WADMKD": "Desa Sukamukti", "POKTAN": "Gapoktan Artomoro", "K_POKTAN": "Komaruddin", "P_SID": "Universitas Negeri Makassar", "NO_HP_1": "0823-3336-6696", "NAMA_PEMIL": "Pemerintah Desa", "N_PETAK": "SMB124", "LUAS_HA": 0.55498775215999996, "PAKET": "Paket Sulawesi Selatan 18" }, "geometry": { "type": "MultiPolygon", "coordinates": [ [ [ [ 120.438085905140497, -2.652325372517907, 0.0 ], [ 120.438085575988566, -2.652822544724586, 0.0 ], [ 120.437154574424085, -2.652817876343875, 0.0 ], [ 120.437223324896536, -2.652309264760731, 0.0 ], [ 120.438085905140497, -2.652325372517907, 0.0 ] ] ] ] } },
{ "type": "Feature", "properties": { "OBJECTID": 6378, "WADMPR": "Sulawesi Selatan", "WADMKK": "Kab. Luwu Utara", "WADMKC": "Kec. Sukamaju Selatan", "WADMKD": "Desa Sukamukti", "POKTAN": "Gapoktan Artomoro", "K_POKTAN": "Komaruddin", "P_SID": "Universitas Negeri Makassar", "NO_HP_1": "0823-3336-6696", "NAMA_PEMIL": "Pemerintah Desa", "N_PETAK": "SMB125", "LUAS_HA": 1.11080345432, "PAKET": "Paket Sulawesi Selatan 18" }, "geometry": { "type": "MultiPolygon", "coordinates": [ [ [ [ 120.438193181670044, -2.652326270041272, 0.0 ], [ 120.439087020549664, -2.652326270041272, 0.0 ], [ 120.439086274112356, -2.653229472661963, 0.0 ], [ 120.438085905140497, -2.653228071518242, 0.0 ], [ 120.438085575988566, -2.652822544724586, 0.0 ], [ 120.438085905140497, -2.652325372517907, 0.0 ], [ 120.438193181670044, -2.652326270041272, 0.0 ] ] ] ] } },
{ "type": "Feature", "properties": { "OBJECTID": 6379, "WADMPR": "Sulawesi Selatan", "WADMKK": "Kab. Luwu Utara", "WADMKC": "Kec. Sukamaju Selatan", "WADMKD": "Desa Sukamukti", "POKTAN": "Gapoktan Artomoro", "K_POKTAN": "Komaruddin", "P_SID": "Universitas Negeri Makassar", "NO_HP_1": "0823-3336-6696", "NAMA_PEMIL": "Pemerintah Desa", "N_PETAK": "SMB126", "LUAS_HA": 0.48483310339000002, "PAKET": "Paket Sulawesi Selatan 18" }, "geometry": { "type": "MultiPolygon", "coordinates": [ [ [ [ 120.438085575988566, -2.652822544724586, 0.0 ], [ 120.438085905140497, -2.653228071518242, 0.0 ], [ 120.437098215710193, -2.653234404544094, 0.0 ], [ 120.437154574424085, -2.652817876343875, 0.0 ], [ 120.438085575988566, -2.652822544724586, 0.0 ] ] ] ] } },
{ "type": "Feature", "properties": { "OBJECTID": 6380, "WADMPR": "Sulawesi Selatan", "WADMKK": "Kab. Luwu Utara", "WADMKC": "Kec. Sukamaju Selatan", "WADMKD": "Desa Sukamukti", "POKTAN": "Gapoktan Artomoro", "K_POKTAN": "Komaruddin", "P_SID": "Universitas Negeri Makassar", "NO_HP_1": "0823-3336-6696", "NAMA_PEMIL": "Pemerintah Desa", "N_PETAK": "SMB127", "LUAS_HA": 0.23516361222000001, "PAKET": "Paket Sulawesi Selatan 18" }, "geometry": { "type": "MultiPolygon", "coordinates": [ [ [ [ 120.437099246333219, -2.654117599047936, 0.0 ], [ 120.436863370348306, -2.654119000191656, 0.0 ], [ 120.436900949419396, -2.653235807486453, 0.0 ], [ 120.437098215710193, -2.653234404544094, 0.0 ], [ 120.437099246333219, -2.654117599047936, 0.0 ] ] ] ] } },
{ "type": "Feature", "properties": { "OBJECTID": 6381, "WADMPR": "Sulawesi Selatan", "WADMKK": "Kab. Luwu Utara", "WADMKC": "Kec. Sukamaju Selatan", "WADMKD": "Desa Sukamukti", "POKTAN": "Gapoktan Artomoro", "K_POKTAN": "Komaruddin", "P_SID": "Universitas Negeri Makassar", "NO_HP_1": "0823-3336-6696", "NAMA_PEMIL": "Pemerintah Desa", "N_PETAK": "SMB128", "LUAS_HA": 1.0759126776900001, "PAKET": "Paket Sulawesi Selatan 18" }, "geometry": { "type": "MultiPolygon", "coordinates": [ [ [ [ 120.438085905140497, -2.654117599047936, 0.0 ], [ 120.437099246333219, -2.654117599047936, 0.0 ], [ 120.437098215710193, -2.653234404544094, 0.0 ], [ 120.438085905140497, -2.653228071518242, 0.0 ], [ 120.438085905140497, -2.654117599047936, 0.0 ] ] ] ] } },
{ "type": "Feature", "properties": { "OBJECTID": 6382, "WADMPR": "Sulawesi Selatan", "WADMKK": "Kab. Luwu Utara", "WADMKC": "Kec. Sukamaju Selatan", "WADMKD": "Desa Sukamukti", "POKTAN": "Gapoktan Artomoro", "K_POKTAN": "Komaruddin", "P_SID": "Universitas Negeri Makassar", "NO_HP_1": "0823-3336-6696", "NAMA_PEMIL": "Pemerintah Desa", "N_PETAK": "SMB129", "LUAS_HA": 1.1013570269099999, "PAKET": "Paket Sulawesi Selatan 18" }, "geometry": { "type": "MultiPolygon", "coordinates": [ [ [ [ 120.439086274112356, -2.653229472661963, 0.0 ], [ 120.43909515851476, -2.654122771049003, 0.0 ], [ 120.438085905140497, -2.654117599047936, 0.0 ], [ 120.438085905140497, -2.653228071518242, 0.0 ], [ 120.439086274112356, -2.653229472661963, 0.0 ] ] ] ] } },
{ "type": "Feature", "properties": { "OBJECTID": 6383, "WADMPR": "Sulawesi Selatan", "WADMKK": "Kab. Luwu Utara", "WADMKC": "Kec. Sukamaju Selatan", "WADMKD": "Desa Sukamukti", "POKTAN": "Gapoktan Artomoro", "K_POKTAN": "Komaruddin", "P_SID": "Universitas Negeri Makassar", "NO_HP_1": "0823-3336-6696", "NAMA_PEMIL": "Pemerintah Desa", "N_PETAK": "SMB130", "LUAS_HA": 0.29028823214, "PAKET": "Paket Sulawesi Selatan 18" }, "geometry": { "type": "MultiPolygon", "coordinates": [ [ [ [ 120.437101440679044, -2.65505895270843, 0.0 ], [ 120.436835816020107, -2.655060793620692, 0.0 ], [ 120.436863370348306, -2.654119000191656, 0.0 ], [ 120.437099246333219, -2.654117599047936, 0.0 ], [ 120.437101440679044, -2.65505895270843, 0.0 ] ] ] ] } },
{ "type": "Feature", "properties": { "OBJECTID": 6384, "WADMPR": "Sulawesi Selatan", "WADMKK": "Kab. Luwu Utara", "WADMKC": "Kec. Sukamaju Selatan", "WADMKD": "Desa Sukamukti", "POKTAN": "Gapoktan Artomoro", "K_POKTAN": "Komaruddin", "P_SID": "Universitas Negeri Makassar", "NO_HP_1": "0823-3336-6696", "NAMA_PEMIL": "Pemerintah Desa", "N_PETAK": "SMB131", "LUAS_HA": 1.13342125718, "PAKET": "Paket Sulawesi Selatan 18" }, "geometry": { "type": "MultiPolygon", "coordinates": [ [ [ [ 120.438085905140497, -2.655046767794033, 0.0 ], [ 120.437101440679044, -2.65505895270843, 0.0 ], [ 120.437099246333219, -2.654117599047936, 0.0 ], [ 120.438085905140497, -2.654117599047936, 0.0 ], [ 120.438085905140497, -2.655046767794033, 0.0 ] ] ] ] } },
{ "type": "Feature", "properties": { "OBJECTID": 6385, "WADMPR": "Sulawesi Selatan", "WADMKK": "Kab. Luwu Utara", "WADMKC": "Kec. Sukamaju Selatan", "WADMKD": "Desa Sukamukti", "POKTAN": "Gapoktan Artomoro", "K_POKTAN": "Komaruddin", "P_SID": "Universitas Negeri Makassar", "NO_HP_1": "0823-3336-6696", "NAMA_PEMIL": "Pemerintah Desa", "N_PETAK": "SMB132", "LUAS_HA": 1.1513353175100001, "PAKET": "Paket Sulawesi Selatan 18" }, "geometry": { "type": "MultiPolygon", "coordinates": [ [ [ [ 120.43909515851476, -2.654122771049003, 0.0 ], [ 120.439097704495566, -2.655046767794033, 0.0 ], [ 120.438085905140497, -2.655046767794033, 0.0 ], [ 120.438085905140497, -2.654117599047936, 0.0 ], [ 120.43909515851476, -2.654122771049003, 0.0 ] ] ] ] } },
{ "type": "Feature", "properties": { "OBJECTID": 6386, "WADMPR": "Sulawesi Selatan", "WADMKK": "Kab. Luwu Utara", "WADMKC": "Kec. Sukamaju Selatan", "WADMKD": "Desa Sukamukti", "POKTAN": "Gapoktan Artomoro", "K_POKTAN": "Komaruddin", "P_SID": "Universitas Negeri Makassar", "NO_HP_1": "0823-3336-6696", "NAMA_PEMIL": "Pemerintah Desa", "N_PETAK": "SMB133", "LUAS_HA": 0.31840714452000002, "PAKET": "Paket Sulawesi Selatan 18" }, "geometry": { "type": "MultiPolygon", "coordinates": [ [ [ [ 120.437101440679044, -2.655976638910715, 0.0 ], [ 120.436800540112927, -2.655971204307605, 0.0 ], [ 120.436835816020107, -2.655060793620692, 0.0 ], [ 120.437101440679044, -2.65505895270843, 0.0 ], [ 120.437101440679044, -2.655976638910715, 0.0 ] ] ] ] } },
{ "type": "Feature", "properties": { "OBJECTID": 6387, "WADMPR": "Sulawesi Selatan", "WADMKK": "Kab. Luwu Utara", "WADMKC": "Kec. Sukamaju Selatan", "WADMKD": "Desa Sukamukti", "POKTAN": "Gapoktan Artomoro", "K_POKTAN": "Komaruddin", "P_SID": "Universitas Negeri Makassar", "NO_HP_1": "0823-3336-6696", "NAMA_PEMIL": "Pemerintah Desa", "N_PETAK": "SMB134", "LUAS_HA": 1.12624908467, "PAKET": "Paket Sulawesi Selatan 18" }, "geometry": { "type": "MultiPolygon", "coordinates": [ [ [ [ 120.438091542990378, -2.655984528662998, 0.0 ], [ 120.437101440679044, -2.655976638910715, 0.0 ], [ 120.437101440679044, -2.65505895270843, 0.0 ], [ 120.438085905140497, -2.655046767794033, 0.0 ], [ 120.438091542990378, -2.655984528662998, 0.0 ] ] ] ] } },
{ "type": "Feature", "properties": { "OBJECTID": 6388, "WADMPR": "Sulawesi Selatan", "WADMKK": "Kab. Luwu Utara", "WADMKC": "Kec. Sukamaju Selatan", "WADMKD": "Desa Sukamukti", "POKTAN": "Gapoktan Artomoro", "K_POKTAN": "Komaruddin", "P_SID": "Universitas Negeri Makassar", "NO_HP_1": "0823-3336-6696", "NAMA_PEMIL": "Pemerintah Desa", "N_PETAK": "SMB135", "LUAS_HA": 1.1760074055, "PAKET": "Paket Sulawesi Selatan 18" }, "geometry": { "type": "MultiPolygon", "coordinates": [ [ [ [ 120.438091542990378, -2.655984528662998, 0.0 ], [ 120.438085905140497, -2.655046767794033, 0.0 ], [ 120.439097704495566, -2.655046767794033, 0.0 ], [ 120.439116483239218, -2.655987333648454, 0.0 ], [ 120.438091542990378, -2.655984528662998, 0.0 ] ] ] ] } },
{ "type": "Feature", "properties": { "OBJECTID": 6389, "WADMPR": "Sulawesi Selatan", "WADMKK": "Kab. Luwu Utara", "WADMKC": "Kec. Sukamaju Selatan", "WADMKD": "Desa Sumber Baru", "POKTAN": "Gapoktan Assera", "K_POKTAN": "Sisnoto", "P_SID": "Universitas Negeri Makassar", "NO_HP_1": "0812-4359-6231", "NAMA_PEMIL": "Pemerintah Desa", "N_PETAK": "SRB001", "LUAS_HA": 1.2371757299699999, "PAKET": "Paket Sulawesi Selatan 18" }, "geometry": { "type": "MultiPolygon", "coordinates": [ [ [ [ 120.438161542621174, -2.671632094645418, 0.0 ], [ 120.437685705031299, -2.671861698758335, 0.0 ], [ 120.43701630725684, -2.671636121809513, 0.0 ], [ 120.437076794758354, -2.671209140789188, 0.0 ], [ 120.437770387893124, -2.670967452485911, 0.0 ], [ 120.438726094733511, -2.670886888519021, 0.0 ], [ 120.438371233945304, -2.671426658913106, 0.0 ], [ 120.438161542621174, -2.671632094645418, 0.0 ] ] ] ] } },
{ "type": "Feature", "properties": { "OBJECTID": 6390, "WADMPR": "Sulawesi Selatan", "WADMKK": "Kab. Luwu Utara", "WADMKC": "Kec. Sukamaju Selatan", "WADMKD": "Desa Sumber Baru", "POKTAN": "Gapoktan Assera", "K_POKTAN": "Sisnoto", "P_SID": "Universitas Negeri Makassar", "NO_HP_1": "0812-4359-6231", "NAMA_PEMIL": "Pemerintah Desa", "N_PETAK": "SRB002", "LUAS_HA": 0.92040871683000003, "PAKET": "Paket Sulawesi Selatan 18" }, "geometry": { "type": "MultiPolygon", "coordinates": [ [ [ [ 120.437685705031299, -2.671861698758335, 0.0 ], [ 120.438161542621174, -2.671632094645418, 0.0 ], [ 120.43883782380658, -2.671687175422733, 0.0 ], [ 120.439076420240667, -2.671694530977788, 0.0 ], [ 120.43905625744037, -2.672606903086034, 0.0 ], [ 120.437685705031299, -2.671861698758335, 0.0 ] ] ] ] } },
{ "type": "Feature", "properties": { "OBJECTID": 6391, "WADMPR": "Sulawesi Selatan", "WADMKK": "Kab. Luwu Utara", "WADMKC": "Kec. Sukamaju Selatan", "WADMKD": "Desa Sumber Baru", "POKTAN": "Gapoktan Assera", "K_POKTAN": "Sisnoto", "P_SID": "Universitas Negeri Makassar", "NO_HP_1": "0812-4359-6231", "NAMA_PEMIL": "Pemerintah Desa", "N_PETAK": "SRB003", "LUAS_HA": 0.46233157221, "PAKET": "Paket Sulawesi Selatan 18" }, "geometry": { "type": "MultiPolygon", "coordinates": [ [ [ [ 120.439046176040279, -2.672715662597682, 0.0 ], [ 120.439068891116449, -2.67321171874579, 0.0 ], [ 120.43840875995636, -2.672759080966784, 0.0 ], [ 120.438089386416095, -2.672540094249882, 0.0 ], [ 120.438192633083645, -2.672264964656335, 0.0 ], [ 120.439046176040279, -2.672715662597682, 0.0 ] ] ] ] } },
{ "type": "Feature", "properties": { "OBJECTID": 6392, "WADMPR": "Sulawesi Selatan", "WADMKK": "Kab. Luwu Utara", "WADMKC": "Kec. Sukamaju Selatan", "WADMKD": "Desa Sumber Baru", "POKTAN": "Gapoktan Assera", "K_POKTAN": "Sisnoto", "P_SID": "Universitas Negeri Makassar", "NO_HP_1": "0812-4359-6231", "NAMA_PEMIL": "Pemerintah Desa", "N_PETAK": "SRB004", "LUAS_HA": 0.4406948347, "PAKET": "Paket Sulawesi Selatan 18" }, "geometry": { "type": "MultiPolygon", "coordinates": [ [ [ [ 120.437061169037747, -2.672344067224856, 0.0 ], [ 120.437452323765797, -2.671917085305211, 0.0 ], [ 120.437822713147739, -2.672133008031835, 0.0 ], [ 120.437571489332868, -2.672522502611343, 0.0 ], [ 120.437333661819139, -2.672891227348202, 0.0 ], [ 120.437061169037747, -2.672344067224856, 0.0 ] ] ] ] } },
{ "type": "Feature", "properties": { "OBJECTID": 6393, "WADMPR": "Sulawesi Selatan", "WADMKK": "Kab. Luwu Utara", "WADMKC": "Kec. Sukamaju Selatan", "WADMKD": "Desa Sumber Baru", "POKTAN": "Gapoktan Assera", "K_POKTAN": "Sisnoto", "P_SID": "Universitas Negeri Makassar", "NO_HP_1": "0812-4359-6231", "NAMA_PEMIL": "Pemerintah Desa", "N_PETAK": "SRB005", "LUAS_HA": 0.17950390566, "PAKET": "Paket Sulawesi Selatan 18" }, "geometry": { "type": "MultiPolygon", "coordinates": [ [ [ [ 120.437452323765797, -2.671917085305211, 0.0 ], [ 120.437061169037747, -2.672344067224856, 0.0 ], [ 120.43702790041732, -2.672287673437324, 0.0 ], [ 120.437015803636541, -2.672202075965004, 0.0 ], [ 120.437029916697384, -2.671700573522628, 0.0 ], [ 120.437452323765797, -2.671917085305211, 0.0 ] ] ] ] } },
{ "type": "Feature", "properties": { "OBJECTID": 6394, "WADMPR": "Sulawesi Selatan", "WADMKK": "Kab. Luwu Utara", "WADMKC": "Kec. Sukamaju Selatan", "WADMKD": "Desa Sumber Baru", "POKTAN": "Gapoktan Assera", "K_POKTAN": "Sisnoto", "P_SID": "Universitas Negeri Makassar", "NO_HP_1": "0812-4359-6231", "NAMA_PEMIL": "Pemerintah Desa", "N_PETAK": "SRB006", "LUAS_HA": 1.3423589811400001, "PAKET": "Paket Sulawesi Selatan 18" }, "geometry": { "type": "MultiPolygon", "coordinates": [ [ [ [ 120.438983294543505, -2.674968267371582, 0.0 ], [ 120.438471163913164, -2.67497028185295, 0.0 ], [ 120.437956388376733, -2.674058036549127, 0.0 ], [ 120.43801846228223, -2.673876389683585, 0.0 ], [ 120.438116331003926, -2.673879290896537, 0.0 ], [ 120.438125359297942, -2.673563578496328, 0.0 ], [ 120.438164708234808, -2.673448432898795, 0.0 ], [ 120.438997547898566, -2.67385804351386, 0.0 ], [ 120.438983294543505, -2.674968267371582, 0.0 ] ] ] ] } },
{ "type": "Feature", "properties": { "OBJECTID": 6395, "WADMPR": "Sulawesi Selatan", "WADMKK": "Kab. Luwu Utara", "WADMKC": "Kec. Sukamaju Selatan", "WADMKD": "Desa Sumber Baru", "POKTAN": "Gapoktan Assera", "K_POKTAN": "Sisnoto", "P_SID": "Universitas Negeri Makassar", "NO_HP_1": "0812-4359-6231", "NAMA_PEMIL": "Pemerintah Desa", "N_PETAK": "SRB007", "LUAS_HA": 1.1484709499000001, "PAKET": "Paket Sulawesi Selatan 18" }, "geometry": { "type": "MultiPolygon", "coordinates": [ [ [ [ 120.439961179564875, -2.673947137550329, 0.0 ], [ 120.439078058805421, -2.673870602546231, 0.0 ], [ 120.439138546306935, -2.672750782022945, 0.0 ], [ 120.439924886524409, -2.672831345090458, 0.0 ], [ 120.439961179564875, -2.673947137550329, 0.0 ] ] ] ] } },
{ "type": "Feature", "properties": { "OBJECTID": 6396, "WADMPR": "Sulawesi Selatan", "WADMKK": "Kab. Luwu Utara", "WADMKC": "Kec. Sukamaju Selatan", "WADMKD": "Desa Sumber Baru", "POKTAN": "Gapoktan Assera", "K_POKTAN": "Sisnoto", "P_SID": "Universitas Negeri Makassar", "NO_HP_1": "0812-4359-6231", "NAMA_PEMIL": "Pemerintah Desa", "N_PETAK": "SRB008", "LUAS_HA": 1.13964628032, "PAKET": "Paket Sulawesi Selatan 18" }, "geometry": { "type": "MultiPolygon", "coordinates": [ [ [ [ 120.439961179564875, -2.673947137550329, 0.0 ], [ 120.439937993243802, -2.674968267371582, 0.0 ], [ 120.439062936705227, -2.67495618318128, 0.0 ], [ 120.439078058805421, -2.673870602546231, 0.0 ], [ 120.439961179564875, -2.673947137550329, 0.0 ] ] ] ] } },
{ "type": "Feature", "properties": { "OBJECTID": 6397, "WADMPR": "Sulawesi Selatan", "WADMKK": "Kab. Luwu Utara", "WADMKC": "Kec. Sukamaju Selatan", "WADMKD": "Desa Sumber Baru", "POKTAN": "Gapoktan Assera", "K_POKTAN": "Sisnoto", "P_SID": "Universitas Negeri Makassar", "NO_HP_1": "0812-4359-6231", "NAMA_PEMIL": "Pemerintah Desa", "N_PETAK": "SRB009", "LUAS_HA": 0.32398248731000001, "PAKET": "Paket Sulawesi Selatan 18" }, "geometry": { "type": "MultiPolygon", "coordinates": [ [ [ [ 120.438471163913164, -2.67497028185295, 0.0 ], [ 120.438983294543505, -2.674968267371582, 0.0 ], [ 120.439018578544619, -2.676047804562472, 0.0 ], [ 120.438844172120866, -2.675657076113112, 0.0 ], [ 120.438471163913164, -2.67497028185295, 0.0 ] ] ] ] } },
{ "type": "Feature", "properties": { "OBJECTID": 6398, "WADMPR": "Sulawesi Selatan", "WADMKK": "Kab. Luwu Utara", "WADMKC": "Kec. Sukamaju Selatan", "WADMKD": "Desa Sumber Baru", "POKTAN": "Gapoktan Assera", "K_POKTAN": "Sisnoto", "P_SID": "Universitas Negeri Makassar", "NO_HP_1": "0812-4359-6231", "NAMA_PEMIL": "Pemerintah Desa", "N_PETAK": "SRB010", "LUAS_HA": 1.17190201911, "PAKET": "Paket Sulawesi Selatan 18" }, "geometry": { "type": "MultiPolygon", "coordinates": [ [ [ [ 120.439937993243802, -2.674968267371582, 0.0 ], [ 120.43993951939342, -2.675258562232841, 0.0 ], [ 120.43993951939342, -2.67558922856, 0.0 ], [ 120.43993951939342, -2.675971801057699, 0.0 ], [ 120.439937993243802, -2.67604981814452, 0.0 ], [ 120.439062936705227, -2.67604981814452, 0.0 ], [ 120.439062936705227, -2.67495618318128, 0.0 ], [ 120.439937993243802, -2.674968267371582, 0.0 ] ] ] ] } },
{ "type": "Feature", "properties": { "OBJECTID": 6399, "WADMPR": "Sulawesi Selatan", "WADMKK": "Kab. Luwu Utara", "WADMKC": "Kec. Sukamaju Selatan", "WADMKD": "Desa Sumber Baru", "POKTAN": "Gapoktan Assera", "K_POKTAN": "Sisnoto", "P_SID": "Universitas Negeri Makassar", "NO_HP_1": "0812-4359-6231", "NAMA_PEMIL": "Pemerintah Desa", "N_PETAK": "SRB011", "LUAS_HA": 0.37147280963000001, "PAKET": "Paket Sulawesi Selatan 18" }, "geometry": { "type": "MultiPolygon", "coordinates": [ [ [ [ 120.437770387893124, -2.670967452485911, 0.0 ], [ 120.437076794758354, -2.671209140789188, 0.0 ], [ 120.437062807602501, -2.670656153058985, 0.0 ], [ 120.437385408809632, -2.670490998860487, 0.0 ], [ 120.437770387893124, -2.670967452485911, 0.0 ] ] ] ] } },
{ "type": "Feature", "properties": { "OBJECTID": 6400, "WADMPR": "Sulawesi Selatan", "WADMKK": "Kab. Luwu Utara", "WADMKC": "Kec. Sukamaju Selatan", "WADMKD": "Desa Sumber Baru", "POKTAN": "Gapoktan Assera", "K_POKTAN": "Sisnoto", "P_SID": "Universitas Negeri Makassar", "NO_HP_1": "0812-4359-6231", "NAMA_PEMIL": "Pemerintah Desa", "N_PETAK": "SRB012", "LUAS_HA": 0.36777653489000001, "PAKET": "Paket Sulawesi Selatan 18" }, "geometry": { "type": "MultiPolygon", "coordinates": [ [ [ [ 120.436970059620648, -2.670728658200971, 0.0 ], [ 120.436917636339899, -2.671554427394881, 0.0 ], [ 120.436215977185611, -2.67119592345307, 0.0 ], [ 120.436970059620648, -2.670728658200971, 0.0 ] ] ] ] } },
{ "type": "Feature", "properties": { "OBJECTID": 6401, "WADMPR": "Sulawesi Selatan", "WADMKK": "Kab. Luwu Utara", "WADMKC": "Kec. Sukamaju Selatan", "WADMKD": "Desa Sumber Baru", "POKTAN": "Gapoktan Assera", "K_POKTAN": "Sisnoto", "P_SID": "Universitas Negeri Makassar", "NO_HP_1": "0812-4359-6231", "NAMA_PEMIL": "Pemerintah Desa", "N_PETAK": "SRB013", "LUAS_HA": 1.2321571578, "PAKET": "Paket Sulawesi Selatan 18" }, "geometry": { "type": "MultiPolygon", "coordinates": [ [ [ [ 120.436913603779885, -2.671671242134096, 0.0 ], [ 120.436907554939808, -2.672310709571548, 0.0 ], [ 120.437212010525968, -2.672831345090458, 0.0 ], [ 120.436686311823905, -2.672584977614576, 0.0 ], [ 120.436698462564095, -2.672459456538661, 0.0 ], [ 120.436379598040048, -2.672075924464309, 0.0 ], [ 120.436230871757402, -2.671897037618123, 0.0 ], [ 120.436199823563015, -2.671859689672885, 0.0 ], [ 120.436170690025392, -2.671824650287306, 0.0 ], [ 120.43606780578466, -2.671876112192763, 0.0 ], [ 120.435996864563663, -2.671911596742746, 0.0 ], [ 120.435908846116376, -2.67195562395284, 0.0 ], [ 120.435873276130906, -2.671907721564025, 0.0 ], [ 120.435781170264818, -2.672118233969286, 0.0 ], [ 120.43577872231026, -2.672123832248985, 0.0 ], [ 120.435756714101103, -2.672117815784532, 0.0 ], [ 120.435711831635786, -2.672100684598888, 0.0 ], [ 120.435636124907319, -2.672072528624255, 0.0 ], [ 120.435613913451448, -2.67206282314072, 0.0 ], [ 120.435592320729029, -2.672049051822228, 0.0 ], [ 120.435584606344605, -2.672041525396025, 0.0 ], [ 120.435578806616718, -2.672033448584727, 0.0 ], [ 120.43557368048107, -2.67202200920832, 0.0 ], [ 120.435570368277922, -2.672008490599296, 0.0 ], [ 120.435568865510845, -2.671992877469279, 0.0 ], [ 120.435569170380973, -2.671975141039866, 0.0 ], [ 120.435574544729548, -2.671937463043434, 0.0 ], [ 120.435575104107784, -2.671933543797934, 0.0 ], [ 120.435588636206603, -2.671880423542689, 0.0 ], [ 120.435600572908129, -2.671852235192432, 0.0 ], [ 120.435614076228717, -2.671829332157927, 0.0 ], [ 120.435635963029313, -2.671792210841829, 0.0 ], [ 120.435645944604744, -2.671765760881101, 0.0 ], [ 120.435649272096271, -2.671745703301497, 0.0 ], [ 120.435650134546108, -2.671724225692401, 0.0 ], [ 120.435648540048192, -2.671701173370423, 0.0 ], [ 120.435644466119243, -2.67167624416328, 0.0 ], [ 120.435630076067241, -2.671623315463592, 0.0 ], [ 120.435598863296946, -2.671536094714952, 0.0 ], [ 120.435577909992617, -2.671474230351407, 0.0 ], [ 120.43556491568836, -2.671442084084845, 0.0 ], [ 120.435563367055806, -2.671439240428583, 0.0 ], [ 120.43554968746821, -2.671414131357039, 0.0 ], [ 120.43553257876556, -2.671392477480822, 0.0 ], [ 120.435512828754099, -2.671375518065645, 0.0 ], [ 120.435487534422236, -2.671359713380014, 0.0 ], [ 120.436167588263629, -2.671328851345379, 0.0 ], [ 120.436913603779885, -2.671671242134096, 0.0 ] ] ] ] } },
{ "type": "Feature", "properties": { "OBJECTID": 6402, "WADMPR": "Sulawesi Selatan", "WADMKK": "Kab. Luwu Utara", "WADMKC": "Kec. Sukamaju Selatan", "WADMKD": "Desa Sumber Baru", "POKTAN": "Gapoktan Assera", "K_POKTAN": "Sisnoto", "P_SID": "Universitas Negeri Makassar", "NO_HP_1": "0812-4359-6231", "NAMA_PEMIL": "Pemerintah Desa", "N_PETAK": "SRB014", "LUAS_HA": 1.6681865605399999, "PAKET": "Paket Sulawesi Selatan 18" }, "geometry": { "type": "MultiPolygon", "coordinates": [ [ [ [ 120.438313895869669, -2.675000492778452, 0.0 ], [ 120.438001464196304, -2.675052843214075, 0.0 ], [ 120.437852172240014, -2.674837353061321, 0.0 ], [ 120.437656595775366, -2.674829296934433, 0.0 ], [ 120.437318583785668, -2.675126612802899, 0.0 ], [ 120.437283075853315, -2.675108708200298, 0.0 ], [ 120.437189497797135, -2.675069023816377, 0.0 ], [ 120.437133934983194, -2.67504394981836, 0.0 ], [ 120.437071433899632, -2.675019831799773, 0.0 ], [ 120.437071165002294, -2.67501972837772, 0.0 ], [ 120.437034200168227, -2.675007238593139, 0.0 ], [ 120.437126866311928, -2.674915516737656, 0.0 ], [ 120.437126786272188, -2.674895990657376, 0.0 ], [ 120.437118589851138, -2.674892827741758, 0.0 ], [ 120.437114101334714, -2.674891217055972, 0.0 ], [ 120.437043938027387, -2.674867510926845, 0.0 ], [ 120.437040635716812, -2.674866441632901, 0.0 ], [ 120.437003726640683, -2.674855024739543, 0.0 ], [ 120.437010284497092, -2.674846734788957, 0.0 ], [ 120.437019055584983, -2.674834264789467, 0.0 ], [ 120.437032400624844, -2.674812824951857, 0.0 ], [ 120.437034737063527, -2.674808925491448, 0.0 ], [ 120.437042236510024, -2.674793833968238, 0.0 ], [ 120.437044074724326, -2.674789475853572, 0.0 ], [ 120.437045581088796, -2.674785902847077, 0.0 ], [ 120.437052978911879, -2.674768362469877, 0.0 ], [ 120.437055452047503, -2.674762064517608, 0.0 ], [ 120.437058918933985, -2.674751136855434, 0.0 ], [ 120.43706670166705, -2.674722470065888, 0.0 ], [ 120.437069364559534, -2.674710585525077, 0.0 ], [ 120.437070021964018, -2.674706523287398, 0.0 ], [ 120.437074511379706, -2.67467587888865, 0.0 ], [ 120.437075883745138, -2.674660406952171, 0.0 ], [ 120.437076868502686, -2.674629115041569, 0.0 ], [ 120.437076902676949, -2.67462699174223, 0.0 ], [ 120.436904251729857, -2.674317242746497, 0.0 ], [ 120.436895271099957, -2.674307475209787, 0.0 ], [ 120.436885563817782, -2.674297932503521, 0.0 ], [ 120.436852192674564, -2.674268274661074, 0.0 ], [ 120.436849791484747, -2.674266191831236, 0.0 ], [ 120.43683814256633, -2.674257358690113, 0.0 ], [ 120.436814574033406, -2.67424142270346, 0.0 ], [ 120.436807002641103, -2.674236660793213, 0.0 ], [ 120.436804306473618, -2.67423513014711, 0.0 ], [ 120.436776580374953, -2.67421979940417, 0.0 ], [ 120.436765676095092, -2.674214398975266, 0.0 ], [ 120.436683944808237, -2.674178427892059, 0.0 ], [ 120.436676269094619, -2.674175327928992, 0.0 ], [ 120.436671135764414, -2.674173554465938, 0.0 ], [ 120.43664483868838, -2.674165058570566, 0.0 ], [ 120.436631107839389, -2.674161411819625, 0.0 ], [ 120.436583373623876, -2.674151405962562, 0.0 ], [ 120.436578831148154, -2.674150454479843, 0.0 ], [ 120.436575148424367, -2.6741416204394, 0.0 ], [ 120.436573153728091, -2.67413440607794, 0.0 ], [ 120.436572759825026, -2.674129926554826, 0.0 ], [ 120.436574840856338, -2.674078135497496, 0.0 ], [ 120.436574950573572, -2.674072943711337, 0.0 ], [ 120.436574671783774, -2.674063868652581, 0.0 ], [ 120.436569618493195, -2.67397248044557, 0.0 ], [ 120.43656884687482, -2.673963701263744, 0.0 ], [ 120.436559995747302, -2.673890238343802, 0.0 ], [ 120.436558974117474, -2.673883284785745, 0.0 ], [ 120.436557943494336, -2.673877965295787, 0.0 ], [ 120.436544131706341, -2.673813563045428, 0.0 ], [ 120.43654124128534, -2.673802409653433, 0.0 ], [ 120.436532348788887, -2.67377324014285, 0.0 ], [ 120.436529904431609, -2.673765972721412, 0.0 ], [ 120.436519291532136, -2.67373770163357, 0.0 ], [ 120.436513854231066, -2.673725172278807, 0.0 ], [ 120.436498997430817, -2.673695169996051, 0.0 ], [ 120.436495211285092, -2.673688061754603, 0.0 ], [ 120.436492729156157, -2.673683893396912, 0.0 ], [ 120.436451782124095, -2.673617823803454, 0.0 ], [ 120.436441562228424, -2.673597927202536, 0.0 ], [ 120.436436830895104, -2.673584216138636, 0.0 ], [ 120.436432105857079, -2.673561916549147, 0.0 ], [ 120.436428654259089, -2.67353470935933, 0.0 ], [ 120.436428416837998, -2.673532041070814, 0.0 ], [ 120.43648804818497, -2.673588915096332, 0.0 ], [ 120.437248435766719, -2.673853555896812, 0.0 ], [ 120.437688855356441, -2.673870602546231, 0.0 ], [ 120.438313895869669, -2.675000492778452, 0.0 ] ] ] ] } },
{ "type": "Feature", "properties": { "OBJECTID": 6403, "WADMPR": "Sulawesi Selatan", "WADMKK": "Kab. Luwu Utara", "WADMKC": "Kec. Sukamaju Selatan", "WADMKD": "Desa Sumber Baru", "POKTAN": "Gapoktan Assera", "K_POKTAN": "Sisnoto", "P_SID": "Universitas Negeri Makassar", "NO_HP_1": "0812-4359-6231", "NAMA_PEMIL": "Pemerintah Desa", "N_PETAK": "SRB015", "LUAS_HA": 0.48049785519, "PAKET": "Paket Sulawesi Selatan 18" }, "geometry": { "type": "MultiPolygon", "coordinates": [ [ [ [ 120.437309384620448, -2.675668064929198, 0.0 ], [ 120.436618474163311, -2.675797556511952, 0.0 ], [ 120.43656000294186, -2.675344392629597, 0.0 ], [ 120.436545888981641, -2.67520340950972, 0.0 ], [ 120.436546205542982, -2.674939123042066, 0.0 ], [ 120.436557864353972, -2.6749472106452, 0.0 ], [ 120.436629676118741, -2.674980883960586, 0.0 ], [ 120.436648425184785, -2.674991476175649, 0.0 ], [ 120.436694174596596, -2.675017324489886, 0.0 ], [ 120.436705463786211, -2.675023702481838, 0.0 ], [ 120.436713471349663, -2.675027586653755, 0.0 ], [ 120.436750816596941, -2.67504570259706, 0.0 ], [ 120.436807027822169, -2.675066319554958, 0.0 ], [ 120.436886268886269, -2.675089031933226, 0.0 ], [ 120.436929230399755, -2.675098290453718, 0.0 ], [ 120.436929384183827, -2.675098324627925, 0.0 ], [ 120.437000555631244, -2.67522657064967, 0.0 ], [ 120.437133628314314, -2.675339357325413, 0.0 ], [ 120.437199425413269, -2.675441214540399, 0.0 ], [ 120.437196912707464, -2.675474861775399, 0.0 ], [ 120.437197188799246, -2.67550088006152, 0.0 ], [ 120.437200297755567, -2.675523083423514, 0.0 ], [ 120.437206350192923, -2.675541664316313, 0.0 ], [ 120.437212525837481, -2.675552681011368, 0.0 ], [ 120.437221443514886, -2.675564114991857, 0.0 ], [ 120.437263286271673, -2.675606348953806, 0.0 ], [ 120.4373065976215, -2.675664333642032, 0.0 ], [ 120.437307928618111, -2.675666115199022, 0.0 ], [ 120.437309384620448, -2.675668064929198, 0.0 ] ] ] ] } },
{ "type": "Feature", "properties": { "OBJECTID": 6404, "WADMPR": "Sulawesi Selatan", "WADMKK": "Kab. Luwu Utara", "WADMKC": "Kec. Sukamaju Selatan", "WADMKD": "Desa Sumber Baru", "POKTAN": "Gapoktan Assera", "K_POKTAN": "Sisnoto", "P_SID": "Universitas Negeri Makassar", "NO_HP_1": "0812-4359-6231", "NAMA_PEMIL": "Pemerintah Desa", "N_PETAK": "SRB016", "LUAS_HA": 0.48357245167000001, "PAKET": "Paket Sulawesi Selatan 18" }, "geometry": { "type": "MultiPolygon", "coordinates": [ [ [ [ 120.439882904372553, -2.676623198002119, 0.0 ], [ 120.439356854934999, -2.676602692560152, 0.0 ], [ 120.439062936705227, -2.67604981814452, 0.0 ], [ 120.439937993243802, -2.67604981814452, 0.0 ], [ 120.439882904372553, -2.676623198002119, 0.0 ] ] ] ] } },
{ "type": "Feature", "properties": { "OBJECTID": 6405, "WADMPR": "Sulawesi Selatan", "WADMKK": "Kab. Luwu Utara", "WADMKC": "Kec. Sukamaju Selatan", "WADMKD": "Desa Sumber Baru", "POKTAN": "Gapoktan Assera", "K_POKTAN": "Sisnoto", "P_SID": "Universitas Negeri Makassar", "NO_HP_1": "0812-4359-6231", "NAMA_PEMIL": "Pemerintah Desa", "N_PETAK": "SRB017", "LUAS_HA": 0.8847159776, "PAKET": "Paket Sulawesi Selatan 18" }, "geometry": { "type": "MultiPolygon", "coordinates": [ [ [ [ 120.438001464196304, -2.675052843214075, 0.0 ], [ 120.43800169712074, -2.675053178661244, 0.0 ], [ 120.43819505405861, -2.675441677691254, 0.0 ], [ 120.438298395154902, -2.675650214285895, 0.0 ], [ 120.438298131653482, -2.675650010139805, 0.0 ], [ 120.43822013255317, -2.675820635813636, 0.0 ], [ 120.438159584797063, -2.675953087065295, 0.0 ], [ 120.438142034527345, -2.675933426986035, 0.0 ], [ 120.438132870435652, -2.67592410821095, 0.0 ], [ 120.438115736552049, -2.675908294532121, 0.0 ], [ 120.438111452181829, -2.675904505688322, 0.0 ], [ 120.438103129855676, -2.67589799549603, 0.0 ], [ 120.438089333356061, -2.675888048994238, 0.0 ], [ 120.4380506382264, -2.675985948292805, 0.0 ], [ 120.437920330958605, -2.675955070969678, 0.0 ], [ 120.437904141363106, -2.675948027479421, 0.0 ], [ 120.437893187620602, -2.675942239442747, 0.0 ], [ 120.437872553575517, -2.675931335162943, 0.0 ], [ 120.437843553137554, -2.675912473681649, 0.0 ], [ 120.437824434450135, -2.675900040554382, 0.0 ], [ 120.437782000838752, -2.675869207298035, 0.0 ], [ 120.437760456679825, -2.675851453781547, 0.0 ], [ 120.437744332734837, -2.675838167197583, 0.0 ], [ 120.437711112677789, -2.675806645959881, 0.0 ], [ 120.437692732333744, -2.675784838299592, 0.0 ], [ 120.437651309560351, -2.675726794256093, 0.0 ], [ 120.437638502315053, -2.675712468055906, 0.0 ], [ 120.43762572564674, -2.6757012490134, 0.0 ], [ 120.437606151902401, -2.675688983160001, 0.0 ], [ 120.437582092339767, -2.675678670634113, 0.0 ], [ 120.437563877471007, -2.675673641625224, 0.0 ], [ 120.437495217830133, -2.675654683916491, 0.0 ], [ 120.437464145354056, -2.675643517933963, 0.0 ], [ 120.437378812282418, -2.675611788952835, 0.0 ], [ 120.437346842282977, -2.675597325156389, 0.0 ], [ 120.437334557543863, -2.675589932729167, 0.0 ], [ 120.437331608666909, -2.675588160165432, 0.0 ], [ 120.437319283458237, -2.675578499647997, 0.0 ], [ 120.437318349062593, -2.675577496903884, 0.0 ], [ 120.437309649021131, -2.675568176330216, 0.0 ], [ 120.437302625315965, -2.675557091286692, 0.0 ], [ 120.437296827386717, -2.675542676952944, 0.0 ], [ 120.437292538519955, -2.675525753510669, 0.0 ], [ 120.437289905304965, -2.675506892029375, 0.0 ], [ 120.437289042855127, -2.675486902798298, 0.0 ], [ 120.43728999074051, -2.675466684240064, 0.0 ], [ 120.437292707592405, -2.675447191434671, 0.0 ], [ 120.437297071102989, -2.675429285932751, 0.0 ], [ 120.437302922991535, -2.675413613447461, 0.0 ], [ 120.437309863059795, -2.675402313465952, 0.0 ], [ 120.437312577213675, -2.675399412253, 0.0 ], [ 120.437320564092829, -2.675390875888183, 0.0 ], [ 120.437374536006132, -2.675347800160807, 0.0 ], [ 120.437383130826902, -2.675337734948471, 0.0 ], [ 120.437388707522928, -2.675327704809661, 0.0 ], [ 120.437393367809705, -2.675312690628118, 0.0 ], [ 120.437395417364655, -2.675299281736443, 0.0 ], [ 120.437396000125318, -2.675295463215036, 0.0 ], [ 120.437396556805766, -2.675276321145247, 0.0 ], [ 120.437395019864312, -2.675255762643303, 0.0 ], [ 120.437392378555501, -2.675240109043727, 0.0 ], [ 120.437391368616886, -2.675234122256882, 0.0 ], [ 120.437385772135713, -2.675212648245065, 0.0 ], [ 120.43737851100957, -2.675192426089552, 0.0 ], [ 120.437370001624345, -2.675174621311669, 0.0 ], [ 120.437361261113324, -2.675161582041312, 0.0 ], [ 120.437349871199672, -2.675149326979806, 0.0 ], [ 120.437335729360484, -2.675137738315925, 0.0 ], [ 120.437318583785668, -2.675126612802899, 0.0 ], [ 120.437656595775366, -2.674829296934433, 0.0 ], [ 120.437852172240014, -2.674837353061321, 0.0 ], [ 120.438001464196304, -2.675052843214075, 0.0 ] ] ] ] } },
{ "type": "Feature", "properties": { "OBJECTID": 6406, "WADMPR": "Sulawesi Selatan", "WADMKK": "Kab. Luwu Utara", "WADMKC": "Kec. Sukamaju Selatan", "WADMKD": "Desa Sumber Baru", "POKTAN": "Gapoktan Assera", "K_POKTAN": "Sisnoto", "P_SID": "Universitas Negeri Makassar", "NO_HP_1": "0812-4359-6231", "NAMA_PEMIL": "Pemerintah Desa", "N_PETAK": "SRB018", "LUAS_HA": 0.15867877256, "PAKET": "Paket Sulawesi Selatan 18" }, "geometry": { "type": "MultiPolygon", "coordinates": [ [ [ [ 120.438517740701286, -2.675308225494177, 0.0 ], [ 120.43819505405861, -2.675441677691254, 0.0 ], [ 120.43800169712074, -2.675053178661244, 0.0 ], [ 120.438001464196304, -2.675052843214075, 0.0 ], [ 120.438313895869669, -2.675000492778452, 0.0 ], [ 120.438517740701286, -2.675308225494177, 0.0 ] ] ] ] } },
{ "type": "Feature", "properties": { "OBJECTID": 6407, "WADMPR": "Sulawesi Selatan", "WADMKK": "Kab. Luwu Utara", "WADMKC": "Kec. Sukamaju Selatan", "WADMKD": "Desa Sumber Baru", "POKTAN": "Gapoktan Assera", "K_POKTAN": "Sisnoto", "P_SID": "Universitas Negeri Makassar", "NO_HP_1": "0812-4359-6231", "NAMA_PEMIL": "Pemerintah Desa", "N_PETAK": "SRB019", "LUAS_HA": 0.34372649416000001, "PAKET": "Paket Sulawesi Selatan 18" }, "geometry": { "type": "MultiPolygon", "coordinates": [ [ [ [ 120.438298395154902, -2.675650214285895, 0.0 ], [ 120.43819505405861, -2.675441677691254, 0.0 ], [ 120.438517740701286, -2.675308225494177, 0.0 ], [ 120.438728962671576, -2.675677662494081, 0.0 ], [ 120.438920136954835, -2.67615059077707, 0.0 ], [ 120.438714489881818, -2.676266561052898, 0.0 ], [ 120.438713106724549, -2.676261554527059, 0.0 ], [ 120.438701382263048, -2.676222487078064, 0.0 ], [ 120.438700786012532, -2.67622075858111, 0.0 ], [ 120.43869742974266, -2.676211035111123, 0.0 ], [ 120.438689332246895, -2.67618756730235, 0.0 ], [ 120.43868618102249, -2.676179727912086, 0.0 ], [ 120.43867418946229, -2.676150690601844, 0.0 ], [ 120.438661560282867, -2.676122816115026, 0.0 ], [ 120.438646668409092, -2.676092696021044, 0.0 ], [ 120.438638528645242, -2.676077012743917, 0.0 ], [ 120.438634284744467, -2.676069385593621, 0.0 ], [ 120.438616341471061, -2.676037865255239, 0.0 ], [ 120.438604941664835, -2.676018930029556, 0.0 ], [ 120.438583442472009, -2.675985117319271, 0.0 ], [ 120.438568948098577, -2.675963699065392, 0.0 ], [ 120.438564767150297, -2.675957982075147, 0.0 ], [ 120.438537243399082, -2.675920956986545, 0.0 ], [ 120.43851954024467, -2.675898646605219, 0.0 ], [ 120.438469598193478, -2.67583963579051, 0.0 ], [ 120.438461772293067, -2.675829298083613, 0.0 ], [ 120.43841680798937, -2.675769905956372, 0.0 ], [ 120.438393663037232, -2.67574177156547, 0.0 ], [ 120.438376112767401, -2.675722110586889, 0.0 ], [ 120.438369935324317, -2.675715331497315, 0.0 ], [ 120.438345566394787, -2.675691051600722, 0.0 ], [ 120.438328432511184, -2.675675238821157, 0.0 ], [ 120.438314380604197, -2.675662898324049, 0.0 ], [ 120.438311744691305, -2.675660582569776, 0.0 ], [ 120.438298395154902, -2.675650214285895, 0.0 ] ] ] ] } },
{ "type": "Feature", "properties": { "OBJECTID": 6408, "WADMPR": "Sulawesi Selatan", "WADMKK": "Kab. Luwu Utara", "WADMKC": "Kec. Sukamaju Selatan", "WADMKD": "Desa Sumber Baru", "POKTAN": "Gapoktan Assera", "K_POKTAN": "Sisnoto", "P_SID": "Universitas Negeri Makassar", "NO_HP_1": "0812-4359-6231", "NAMA_PEMIL": "Pemerintah Desa", "N_PETAK": "SRB020", "LUAS_HA": 1.0490826345399999, "PAKET": "Paket Sulawesi Selatan 18" }, "geometry": { "type": "MultiPolygon", "coordinates": [ [ [ [ 120.440835728885872, -2.67597396392722, 0.0 ], [ 120.441169321606935, -2.675975004442876, 0.0 ], [ 120.441146226117553, -2.676692727287502, 0.0 ], [ 120.439882904372553, -2.676623198002119, 0.0 ], [ 120.439937993243802, -2.67604981814452, 0.0 ], [ 120.43993951939342, -2.675971801057699, 0.0 ], [ 120.440835728885872, -2.67597396392722, 0.0 ] ] ] ] } },
{ "type": "Feature", "properties": { "OBJECTID": 6409, "WADMPR": "Sulawesi Selatan", "WADMKK": "Kab. Luwu Utara", "WADMKC": "Kec. Sukamaju Selatan", "WADMKD": "Desa Sumber Baru", "POKTAN": "Gapoktan Assera", "K_POKTAN": "Sisnoto", "P_SID": "Universitas Negeri Makassar", "NO_HP_1": "0812-4359-6231", "NAMA_PEMIL": "Pemerintah Desa", "N_PETAK": "SRB021", "LUAS_HA": 0.42247544952, "PAKET": "Paket Sulawesi Selatan 18" }, "geometry": { "type": "MultiPolygon", "coordinates": [ [ [ [ 120.440835728885872, -2.67597396392722, 0.0 ], [ 120.43993951939342, -2.675971801057699, 0.0 ], [ 120.43993951939342, -2.67558922856, 0.0 ], [ 120.440834445553264, -2.67558922856, 0.0 ], [ 120.440835728885872, -2.67597396392722, 0.0 ] ] ] ] } },
{ "type": "Feature", "properties": { "OBJECTID": 6410, "WADMPR": "Sulawesi Selatan", "WADMKK": "Kab. Luwu Utara", "WADMKC": "Kec. Sukamaju Selatan", "WADMKD": "Desa Sumber Baru", "POKTAN": "Gapoktan Assera", "K_POKTAN": "Sisnoto", "P_SID": "Universitas Negeri Makassar", "NO_HP_1": "0812-4359-6231", "NAMA_PEMIL": "Pemerintah Desa", "N_PETAK": "SRB022", "LUAS_HA": 0.36483202732999997, "PAKET": "Paket Sulawesi Selatan 18" }, "geometry": { "type": "MultiPolygon", "coordinates": [ [ [ [ 120.440834445553264, -2.67558922856, 0.0 ], [ 120.43993951939342, -2.67558922856, 0.0 ], [ 120.43993951939342, -2.675258562232841, 0.0 ], [ 120.440835728885872, -2.675257280698872, 0.0 ], [ 120.440834445553264, -2.67558922856, 0.0 ] ] ] ] } },
{ "type": "Feature", "properties": { "OBJECTID": 6411, "WADMPR": "Sulawesi Selatan", "WADMKK": "Kab. Luwu Utara", "WADMKC": "Kec. Sukamaju Selatan", "WADMKD": "Desa Sumber Baru", "POKTAN": "Gapoktan Assera", "K_POKTAN": "Sisnoto", "P_SID": "Universitas Negeri Makassar", "NO_HP_1": "0812-4359-6231", "NAMA_PEMIL": "Pemerintah Desa", "N_PETAK": "SRB023", "LUAS_HA": 0.29418683339000001, "PAKET": "Paket Sulawesi Selatan 18" }, "geometry": { "type": "MultiPolygon", "coordinates": [ [ [ [ 120.441169321606935, -2.675975004442876, 0.0 ], [ 120.440835728885872, -2.67597396392722, 0.0 ], [ 120.440835728885872, -2.675257280698872, 0.0 ], [ 120.441169321606935, -2.675257280698872, 0.0 ], [ 120.441169321606935, -2.675975004442876, 0.0 ] ] ] ] } },
{ "type": "Feature", "properties": { "OBJECTID": 6412, "WADMPR": "Sulawesi Selatan", "WADMKK": "Kab. Luwu Utara", "WADMKC": "Kec. Sukamaju Selatan", "WADMKD": "Desa Sumber Baru", "POKTAN": "Gapoktan Assera", "K_POKTAN": "Sisnoto", "P_SID": "Universitas Negeri Makassar", "NO_HP_1": "0812-4359-6231", "NAMA_PEMIL": "Pemerintah Desa", "N_PETAK": "SRB024", "LUAS_HA": 0.48630644824000002, "PAKET": "Paket Sulawesi Selatan 18" }, "geometry": { "type": "MultiPolygon", "coordinates": [ [ [ [ 120.441705309452573, -2.675978393088315, 0.0 ], [ 120.441169321606935, -2.675975004442876, 0.0 ], [ 120.441169321606935, -2.675257280698872, 0.0 ], [ 120.441734671417976, -2.675259842867433, 0.0 ], [ 120.441705309452573, -2.675978393088315, 0.0 ] ] ] ] } },
{ "type": "Feature", "properties": { "OBJECTID": 6413, "WADMPR": "Sulawesi Selatan", "WADMKK": "Kab. Luwu Utara", "WADMKC": "Kec. Sukamaju Selatan", "WADMKD": "Desa Sumber Baru", "POKTAN": "Gapoktan Assera", "K_POKTAN": "Sisnoto", "P_SID": "Universitas Negeri Makassar", "NO_HP_1": "0812-4359-6231", "NAMA_PEMIL": "Pemerintah Desa", "N_PETAK": "SRB025", "LUAS_HA": 0.47663670352999998, "PAKET": "Paket Sulawesi Selatan 18" }, "geometry": { "type": "MultiPolygon", "coordinates": [ [ [ [ 120.441705309452573, -2.675978393088315, 0.0 ], [ 120.441682213963077, -2.676706370002933, 0.0 ], [ 120.441146226117553, -2.676692727287502, 0.0 ], [ 120.441169321606935, -2.675975004442876, 0.0 ], [ 120.441705309452573, -2.675978393088315, 0.0 ] ] ] ] } },
{ "type": "Feature", "properties": { "OBJECTID": 6414, "WADMPR": "Sulawesi Selatan", "WADMKK": "Kab. Luwu Utara", "WADMKC": "Kec. Sukamaju Selatan", "WADMKD": "Desa Sumber Baru", "POKTAN": "Gapoktan Assera", "K_POKTAN": "Sisnoto", "P_SID": "Universitas Negeri Makassar", "NO_HP_1": "0812-4359-6231", "NAMA_PEMIL": "Pemerintah Desa", "N_PETAK": "SRB026", "LUAS_HA": 0.71651436656, "PAKET": "Paket Sulawesi Selatan 18" }, "geometry": { "type": "MultiPolygon", "coordinates": [ [ [ [ 120.442534158824401, -2.675987363825755, 0.0 ], [ 120.44252389396263, -2.67672046687602, 0.0 ], [ 120.44172327161175, -2.676708933070756, 0.0 ], [ 120.441741234670303, -2.675979673722907, 0.0 ], [ 120.442534158824401, -2.675987363825755, 0.0 ] ] ] ] } },
{ "type": "Feature", "properties": { "OBJECTID": 6415, "WADMPR": "Sulawesi Selatan", "WADMKK": "Kab. Luwu Utara", "WADMKC": "Kec. Sukamaju Selatan", "WADMKD": "Desa Sumber Baru", "POKTAN": "Gapoktan Assera", "K_POKTAN": "Sisnoto", "P_SID": "Universitas Negeri Makassar", "NO_HP_1": "0812-4359-6231", "NAMA_PEMIL": "Pemerintah Desa", "N_PETAK": "SRB027", "LUAS_HA": 0.68575795277999996, "PAKET": "Paket Sulawesi Selatan 18" }, "geometry": { "type": "MultiPolygon", "coordinates": [ [ [ [ 120.442534158824401, -2.675987363825755, 0.0 ], [ 120.441741234670303, -2.675979673722907, 0.0 ], [ 120.441760480162088, -2.675272203149632, 0.0 ], [ 120.442534158824401, -2.675270920716343, 0.0 ], [ 120.442534158824401, -2.675987363825755, 0.0 ] ] ] ] } },
{ "type": "Feature", "properties": { "OBJECTID": 6416, "WADMPR": "Sulawesi Selatan", "WADMKK": "Kab. Luwu Utara", "WADMKC": "Kec. Sukamaju Selatan", "WADMKD": "Desa Sumber Baru", "POKTAN": "Gapoktan Assera", "K_POKTAN": "Sisnoto", "P_SID": "Universitas Negeri Makassar", "NO_HP_1": "0812-4359-6231", "NAMA_PEMIL": "Pemerintah Desa", "N_PETAK": "SRB028", "LUAS_HA": 0.69851715997999997, "PAKET": "Paket Sulawesi Selatan 18" }, "geometry": { "type": "MultiPolygon", "coordinates": [ [ [ [ 120.443327082978612, -2.675283738753478, 0.0 ], [ 120.443327082978612, -2.675879224846312, 0.0 ], [ 120.443327082978612, -2.676000180064193, 0.0 ], [ 120.442534158824401, -2.675987363825755, 0.0 ], [ 120.442534158824401, -2.675270920716343, 0.0 ], [ 120.443327082978612, -2.675283738753478, 0.0 ] ] ] ] } },
{ "type": "Feature", "properties": { "OBJECTID": 6417, "WADMPR": "Sulawesi Selatan", "WADMKK": "Kab. Luwu Utara", "WADMKC": "Kec. Sukamaju Selatan", "WADMKD": "Desa Sumber Baru", "POKTAN": "Gapoktan Assera", "K_POKTAN": "Sisnoto", "P_SID": "Universitas Negeri Makassar", "NO_HP_1": "0812-4359-6231", "NAMA_PEMIL": "Pemerintah Desa", "N_PETAK": "SRB029", "LUAS_HA": 0.71339837835999997, "PAKET": "Paket Sulawesi Selatan 18" }, "geometry": { "type": "MultiPolygon", "coordinates": [ [ [ [ 120.443327082978612, -2.676000180064193, 0.0 ], [ 120.44332195054767, -2.676725593910987, 0.0 ], [ 120.44252389396263, -2.67672046687602, 0.0 ], [ 120.442534158824401, -2.675987363825755, 0.0 ], [ 120.443327082978612, -2.676000180064193, 0.0 ] ] ] ] } },
{ "type": "Feature", "properties": { "OBJECTID": 6418, "WADMPR": "Sulawesi Selatan", "WADMKK": "Kab. Luwu Utara", "WADMKC": "Kec. Sukamaju Selatan", "WADMKD": "Desa Sumber Baru", "POKTAN": "Gapoktan Assera", "K_POKTAN": "Sisnoto", "P_SID": "Universitas Negeri Makassar", "NO_HP_1": "0812-4359-6231", "NAMA_PEMIL": "Pemerintah Desa", "N_PETAK": "SRB030", "LUAS_HA": 1.2412683066000001, "PAKET": "Paket Sulawesi Selatan 18" }, "geometry": { "type": "MultiPolygon", "coordinates": [ [ [ [ 120.444487792078007, -2.676774519728269, 0.0 ], [ 120.44332195054767, -2.676725593910987, 0.0 ], [ 120.443327082978612, -2.676000180064193, 0.0 ], [ 120.443327082978612, -2.675879224846312, 0.0 ], [ 120.4444804635026, -2.675879224846312, 0.0 ], [ 120.444487792078007, -2.676774519728269, 0.0 ] ] ] ] } },
{ "type": "Feature", "properties": { "OBJECTID": 6419, "WADMPR": "Sulawesi Selatan", "WADMKK": "Kab. Luwu Utara", "WADMKC": "Kec. Sukamaju Selatan", "WADMKD": "Desa Sumber Baru", "POKTAN": "Gapoktan Assera", "K_POKTAN": "Sisnoto", "P_SID": "Universitas Negeri Makassar", "NO_HP_1": "0812-4359-6231", "NAMA_PEMIL": "Pemerintah Desa", "N_PETAK": "SRB031", "LUAS_HA": 1.23905864694, "PAKET": "Paket Sulawesi Selatan 18" }, "geometry": { "type": "MultiPolygon", "coordinates": [ [ [ [ 120.4444804635026, -2.675879224846312, 0.0 ], [ 120.443327082978612, -2.675879224846312, 0.0 ], [ 120.443327082978612, -2.675283738753478, 0.0 ], [ 120.443327082978612, -2.675005539773792, 0.0 ], [ 120.4444804635026, -2.675005539773792, 0.0 ], [ 120.4444804635026, -2.675879224846312, 0.0 ] ] ] ] } },
{ "type": "Feature", "properties": { "OBJECTID": 6420, "WADMPR": "Sulawesi Selatan", "WADMKK": "Kab. Luwu Utara", "WADMKC": "Kec. Sukamaju Selatan", "WADMKD": "Desa Sumber Baru", "POKTAN": "Gapoktan Assera", "K_POKTAN": "Sisnoto", "P_SID": "Universitas Negeri Makassar", "NO_HP_1": "0812-4359-6231", "NAMA_PEMIL": "Pemerintah Desa", "N_PETAK": "SRB032", "LUAS_HA": 0.4478858722, "PAKET": "Paket Sulawesi Selatan 18" }, "geometry": { "type": "MultiPolygon", "coordinates": [ [ [ [ 120.445249854197527, -2.675858319206043, 0.0 ], [ 120.4444804635026, -2.675879224846312, 0.0 ], [ 120.4444804635026, -2.675005539773792, 0.0 ], [ 120.444667751815359, -2.674989960817982, 0.0 ], [ 120.444676229724337, -2.675018276871924, 0.0 ], [ 120.444677602089769, -2.675022305834716, 0.0 ], [ 120.444702829871744, -2.675095277724836, 0.0 ], [ 120.444712426537308, -2.675123037997764, 0.0 ], [ 120.444715262099749, -2.675131238915469, 0.0 ], [ 120.444717313453339, -2.675137172642337, 0.0 ], [ 120.444726241922581, -2.675160841899299, 0.0 ], [ 120.444738322515605, -2.675187802674884, 0.0 ], [ 120.444743673481753, -2.675198416473677, 0.0 ], [ 120.444789671106491, -2.675286748784401, 0.0 ], [ 120.444815095840113, -2.675351056605905, 0.0 ], [ 120.444817151690245, -2.675356164755158, 0.0 ], [ 120.444829232283269, -2.675383125530743, 0.0 ], [ 120.444843039574721, -2.675409235547761, 0.0 ], [ 120.444858516007798, -2.675434379692831, 0.0 ], [ 120.444875595032727, -2.675458453644694, 0.0 ], [ 120.444894202905175, -2.675481352182601, 0.0 ], [ 120.444900189692021, -2.675488108789125, 0.0 ], [ 120.445001645809384, -2.675600320798139, 0.0 ], [ 120.445071393629973, -2.675698950346259, 0.0 ], [ 120.445080525346043, -2.675711407755216, 0.0 ], [ 120.445099134117754, -2.67573430629318, 0.0 ], [ 120.445119191697358, -2.675755930491732, 0.0 ], [ 120.445140611749935, -2.675776191318107, 0.0 ], [ 120.445163304343055, -2.675794997940727, 0.0 ], [ 120.445172542179193, -2.675801969485235, 0.0 ], [ 120.445235224925796, -2.675848014774033, 0.0 ], [ 120.445249854197527, -2.675858319206043, 0.0 ] ] ] ] } },
{ "type": "Feature", "properties": { "OBJECTID": 6421, "WADMPR": "Sulawesi Selatan", "WADMKK": "Kab. Luwu Utara", "WADMKC": "Kec. Sukamaju Selatan", "WADMKD": "Desa Sumber Baru", "POKTAN": "Gapoktan Assera", "K_POKTAN": "Sisnoto", "P_SID": "Universitas Negeri Makassar", "NO_HP_1": "0812-4359-6231", "NAMA_PEMIL": "Pemerintah Desa", "N_PETAK": "SRB033", "LUAS_HA": 1.7517893554499999, "PAKET": "Paket Sulawesi Selatan 18" }, "geometry": { "type": "MultiPolygon", "coordinates": [ [ [ [ 120.444487792078007, -2.676774519728269, 0.0 ], [ 120.4444804635026, -2.675879224846312, 0.0 ], [ 120.445249854197527, -2.675858319206043, 0.0 ], [ 120.445274793297131, -2.675873986295358, 0.0 ], [ 120.445287995344756, -2.675881392212432, 0.0 ], [ 120.44537164668418, -2.675926483320495, 0.0 ], [ 120.445415125307818, -2.675950450253026, 0.0 ], [ 120.445495211734737, -2.675994597072929, 0.0 ], [ 120.445498916042197, -2.675996616950272, 0.0 ], [ 120.445564996427493, -2.676032236398555, 0.0 ], [ 120.445612290874578, -2.676064086788131, 0.0 ], [ 120.445652274732765, -2.676104463650006, 0.0 ], [ 120.445714831574264, -2.676185693115201, 0.0 ], [ 120.445731644399984, -2.676206244422588, 0.0 ], [ 120.445751701979475, -2.676227870419837, 0.0 ], [ 120.445773122032051, -2.676248130346892, 0.0 ], [ 120.445795814625171, -2.676266938768151, 0.0 ], [ 120.445819680833665, -2.676284213845349, 0.0 ], [ 120.445831157981615, -2.676291706996608, 0.0 ], [ 120.445967948462112, -2.676378080583902, 0.0 ], [ 120.445981412212518, -2.676386256320598, 0.0 ], [ 120.445994544112978, -2.67639335017293, 0.0 ], [ 120.446007318083275, -2.676400250671009, 0.0 ], [ 120.446034077410786, -2.676412510229113, 0.0 ], [ 120.44603494435728, -2.67641287355525, 0.0 ], [ 120.446085243439256, -2.67643382506094, 0.0 ], [ 120.446131883179874, -2.676453252215765, 0.0 ], [ 120.446158513904379, -2.676463363293522, 0.0 ], [ 120.446186635704748, -2.676472005778407, 0.0 ], [ 120.446196907761191, -2.67647443664589, 0.0 ], [ 120.446215261125417, -2.676478780371383, 0.0 ], [ 120.446226610569738, -2.676480689632058, 0.0 ], [ 120.446244264261395, -2.67648365739484, 0.0 ], [ 120.446273522804859, -2.676486617963008, 0.0 ], [ 120.446279294653777, -2.67648697409453, 0.0 ], [ 120.446387716919617, -2.676492940196965, 0.0 ], [ 120.44641133401592, -2.676493614688525, 0.0 ], [ 120.446440726558308, -2.676492707272587, 0.0 ], [ 120.44645234579923, -2.676491724313564, 0.0 ], [ 120.446471732484497, -2.676570401502772, 0.0 ], [ 120.446473612067621, -2.676577764252386, 0.0 ], [ 120.446482089976485, -2.676606080306328, 0.0 ], [ 120.446492390811272, -2.676633777626705, 0.0 ], [ 120.446504471404296, -2.676660737502971, 0.0 ], [ 120.446518278695635, -2.676686848419251, 0.0 ], [ 120.446533755128712, -2.676711992564378, 0.0 ], [ 120.446550834153754, -2.676736065616865, 0.0 ], [ 120.446569442026203, -2.676758963255509, 0.0 ], [ 120.446589499605807, -2.676780589252758, 0.0 ], [ 120.446610919658269, -2.676800849179813, 0.0 ], [ 120.446633612251503, -2.676819656701753, 0.0 ], [ 120.446657480258523, -2.67683693267827, 0.0 ], [ 120.44668241935824, -2.676852599767642, 0.0 ], [ 120.444487792078007, -2.676774519728269, 0.0 ] ] ] ] } },
{ "type": "Feature", "properties": { "OBJECTID": 6422, "WADMPR": "Sulawesi Selatan", "WADMKK": "Kab. Luwu Utara", "WADMKC": "Kec. Sukamaju Selatan", "WADMKD": "Desa Sumber Baru", "POKTAN": "Gapoktan Assera", "K_POKTAN": "Sisnoto", "P_SID": "Universitas Negeri Makassar", "NO_HP_1": "0812-4359-6231", "NAMA_PEMIL": "Pemerintah Desa", "N_PETAK": "SRB034", "LUAS_HA": 0.91639882591, "PAKET": "Paket Sulawesi Selatan 18" }, "geometry": { "type": "MultiPolygon", "coordinates": [ [ [ [ 120.44726623494887, -2.675132725494848, 0.0 ], [ 120.447207163879625, -2.676296987815704, 0.0 ], [ 120.447207293381894, -2.676234386907367, 0.0 ], [ 120.447207560480592, -2.676105255053415, 0.0 ], [ 120.44720556128766, -2.676081709003597, 0.0 ], [ 120.447200731928319, -2.676062369083013, 0.0 ], [ 120.447158195794145, -2.67593314729686, 0.0 ], [ 120.447156990702638, -2.67592964803481, 0.0 ], [ 120.447147103556063, -2.675908209995839, 0.0 ], [ 120.44713565788436, -2.675891281157647, 0.0 ], [ 120.447050275349966, -2.675783492913808, 0.0 ], [ 120.447048282452329, -2.675781035066677, 0.0 ], [ 120.447031699853142, -2.675764290589484, 0.0 ], [ 120.447025940594699, -2.67575967526875, 0.0 ], [ 120.446883486183992, -2.675651765616465, 0.0 ], [ 120.446870023332963, -2.675642785885827, 0.0 ], [ 120.446848746272735, -2.675632753948378, 0.0 ], [ 120.446826059974796, -2.67562659179373, 0.0 ], [ 120.446821717148623, -2.675625884926603, 0.0 ], [ 120.446785835997616, -2.675620654469583, 0.0 ], [ 120.446721873515685, -2.67561132849994, 0.0 ], [ 120.446702810586316, -2.67560992555758, 0.0 ], [ 120.446688696626097, -2.675610641417904, 0.0 ], [ 120.44656016192198, -2.675623973867232, 0.0 ], [ 120.446386744752544, -2.675623612339791, 0.0 ], [ 120.44632038917473, -2.675618528472285, 0.0 ], [ 120.446303967554172, -2.675617271220062, 0.0 ], [ 120.446298416938475, -2.675616846740013, 0.0 ], [ 120.446238483419393, -2.675612256600289, 0.0 ], [ 120.446227048539527, -2.675603593431049, 0.0 ], [ 120.446131172715468, -2.67548094389042, 0.0 ], [ 120.446128640224629, -2.675477801659156, 0.0 ], [ 120.446112057625442, -2.67546105538338, 0.0 ], [ 120.446092836415346, -2.675447461231329, 0.0 ], [ 120.446071559355005, -2.675437429293879, 0.0 ], [ 120.446048873057066, -2.675431265340592, 0.0 ], [ 120.446024460060812, -2.675429162725607, 0.0 ], [ 120.445946612945932, -2.675430160973121, 0.0 ], [ 120.445875554813028, -2.675389131203417, 0.0 ], [ 120.445854797560969, -2.675379401438192, 0.0 ], [ 120.445851322580552, -2.675378175662217, 0.0 ], [ 120.445782885971425, -2.67535507477686, 0.0 ], [ 120.445775306485302, -2.675352763519186, 0.0 ], [ 120.445656050086654, -2.675320207161803, 0.0 ], [ 120.445623053960844, -2.675292011616989, 0.0 ], [ 120.445599413482228, -2.675250206631688, 0.0 ], [ 120.445595672302488, -2.675233107821612, 0.0 ], [ 120.445595831482478, -2.675156161827374, 0.0 ], [ 120.445593832289546, -2.675132616676876, 0.0 ], [ 120.44726623494887, -2.675132725494848, 0.0 ] ] ] ] } },
{ "type": "Feature", "properties": { "OBJECTID": 6423, "WADMPR": "Sulawesi Selatan", "WADMKK": "Kab. Luwu Utara", "WADMKC": "Kec. Sukamaju Selatan", "WADMKD": "Desa Sumber Baru", "POKTAN": "Gapoktan Assera", "K_POKTAN": "Sisnoto", "P_SID": "Universitas Negeri Makassar", "NO_HP_1": "0812-4359-6231", "NAMA_PEMIL": "Pemerintah Desa", "N_PETAK": "SRB035", "LUAS_HA": 1.13035456791, "PAKET": "Paket Sulawesi Selatan 18" }, "geometry": { "type": "MultiPolygon", "coordinates": [ [ [ [ 120.448100272509578, -2.675985898830106, 0.0 ], [ 120.448071020261409, -2.6759890671417, 0.0 ], [ 120.447942552107179, -2.676017493812253, 0.0 ], [ 120.447926132285261, -2.676022242232648, 0.0 ], [ 120.44792338665502, -2.676023229688269, 0.0 ], [ 120.44789456248418, -2.676033596173454, 0.0 ], [ 120.447747421706254, -2.676086517678584, 0.0 ], [ 120.447744179650272, -2.676087738058641, 0.0 ], [ 120.447579967041861, -2.676151961343919, 0.0 ], [ 120.447568792066136, -2.676156927400257, 0.0 ], [ 120.447440249268197, -2.676221226228563, 0.0 ], [ 120.447433125738257, -2.676225060937782, 0.0 ], [ 120.447419626014948, -2.676233984011105, 0.0 ], [ 120.44735424260432, -2.67628308159891, 0.0 ], [ 120.44726141188471, -2.676308805806684, 0.0 ], [ 120.447239860531226, -2.676310927307384, 0.0 ], [ 120.447207127906722, -2.676314149578275, 0.0 ], [ 120.447207163879625, -2.676296987815704, 0.0 ], [ 120.44726623494887, -2.675132725494848, 0.0 ], [ 120.448195161777335, -2.675092994346187, 0.0 ], [ 120.448100272509578, -2.675985898830106, 0.0 ] ] ] ] } },
{ "type": "Feature", "properties": { "OBJECTID": 6424, "WADMPR": "Sulawesi Selatan", "WADMKK": "Kab. Luwu Utara", "WADMKC": "Kec. Sukamaju Selatan", "WADMKD": "Desa Sumber Baru", "POKTAN": "Gapoktan Assera", "K_POKTAN": "Sisnoto", "P_SID": "Universitas Negeri Makassar", "NO_HP_1": "0812-4359-6231", "NAMA_PEMIL": "Pemerintah Desa", "N_PETAK": "SRB036", "LUAS_HA": 1.03615345714, "PAKET": "Paket Sulawesi Selatan 18" }, "geometry": { "type": "MultiPolygon", "coordinates": [ [ [ [ 120.449080786249397, -2.676002005687963, 0.0 ], [ 120.448267611161441, -2.675988647158306, 0.0 ], [ 120.448266354808538, -2.675988307214539, 0.0 ], [ 120.44824294995226, -2.675986197405052, 0.0 ], [ 120.448100272509578, -2.675985898830106, 0.0 ], [ 120.448195161777335, -2.675092994346187, 0.0 ], [ 120.449101315073676, -2.675109977143677, 0.0 ], [ 120.449080786249397, -2.676002005687963, 0.0 ] ] ] ] } },
{ "type": "Feature", "properties": { "OBJECTID": 6425, "WADMPR": "Sulawesi Selatan", "WADMKK": "Kab. Luwu Utara", "WADMKC": "Kec. Sukamaju Selatan", "WADMKD": "Desa Sumber Baru", "POKTAN": "Gapoktan Assera", "K_POKTAN": "Sisnoto", "P_SID": "Universitas Negeri Makassar", "NO_HP_1": "0812-4359-6231", "NAMA_PEMIL": "Pemerintah Desa", "N_PETAK": "SRB037", "LUAS_HA": 0.39447370498000001, "PAKET": "Paket Sulawesi Selatan 18" }, "geometry": { "type": "MultiPolygon", "coordinates": [ [ [ [ 120.449080786249397, -2.676002005687963, 0.0 ], [ 120.449047427696655, -2.676685123519576, 0.0 ], [ 120.448853686748294, -2.676669745112576, 0.0 ], [ 120.448843422785785, -2.676810725534494, 0.0 ], [ 120.449039729499987, -2.676810725534494, 0.0 ], [ 120.449017917343099, -2.676926075278118, 0.0 ], [ 120.448774885452622, -2.676932797710379, 0.0 ], [ 120.448773240592686, -2.676909483685677, 0.0 ], [ 120.448766053210875, -2.676807587799885, 0.0 ], [ 120.448762901087093, -2.676762902286043, 0.0 ], [ 120.44876124633447, -2.676739449765762, 0.0 ], [ 120.448757913447025, -2.676647347497067, 0.0 ], [ 120.448755510458454, -2.676580892094421, 0.0 ], [ 120.448754582358106, -2.676555245228315, 0.0 ], [ 120.448752506722826, -2.67653599703857, 0.0 ], [ 120.44873974983966, -2.676467856306488, 0.0 ], [ 120.448729661244897, -2.676413964432868, 0.0 ], [ 120.448724118723135, -2.676384369542973, 0.0 ], [ 120.448718413424103, -2.676363357782691, 0.0 ], [ 120.448712340302336, -2.676349082843842, 0.0 ], [ 120.448681052888332, -2.676285829027734, 0.0 ], [ 120.448641298357302, -2.676205453918499, 0.0 ], [ 120.448637484332494, -2.676198289919114, 0.0 ], [ 120.44862404666253, -2.676178903233733, 0.0 ], [ 120.44860746406323, -2.676162158756597, 0.0 ], [ 120.448587275182717, -2.676148009722851, 0.0 ], [ 120.448574301562871, -2.676140726113545, 0.0 ], [ 120.448507993649059, -2.676103494180836, 0.0 ], [ 120.448458048000589, -2.676075448822871, 0.0 ], [ 120.448452655665619, -2.676072640240136, 0.0 ], [ 120.448450545856076, -2.676071541268584, 0.0 ], [ 120.448300883379147, -2.675999488485559, 0.0 ], [ 120.44828904200574, -2.675994470268563, 0.0 ], [ 120.449080786249397, -2.676002005687963, 0.0 ] ] ] ] } },
{ "type": "Feature", "properties": { "OBJECTID": 6426, "WADMPR": "Sulawesi Selatan", "WADMKK": "Kab. Luwu Utara", "WADMKC": "Kec. Sukamaju Selatan", "WADMKD": "Desa Sumber Baru", "POKTAN": "Gapoktan Assera", "K_POKTAN": "Sisnoto", "P_SID": "Universitas Negeri Makassar", "NO_HP_1": "0812-4359-6231", "NAMA_PEMIL": "Pemerintah Desa", "N_PETAK": "SRB038", "LUAS_HA": 0.96338052142999997, "PAKET": "Paket Sulawesi Selatan 18" }, "geometry": { "type": "MultiPolygon", "coordinates": [ [ [ [ 120.450052054958405, -2.67509587847195, 0.0 ], [ 120.449996526318728, -2.676026290081154, 0.0 ], [ 120.449663957925395, -2.67601105376707, 0.0 ], [ 120.449176206117045, -2.675988705614202, 0.0 ], [ 120.449176082010695, -2.675990233562402, 0.0 ], [ 120.449140280899314, -2.675988705614202, 0.0 ], [ 120.449174448841859, -2.675111258677589, 0.0 ], [ 120.450052054958405, -2.67509587847195, 0.0 ] ] ] ] } },
{ "type": "Feature", "properties": { "OBJECTID": 6427, "WADMPR": "Sulawesi Selatan", "WADMKK": "Kab. Luwu Utara", "WADMKC": "Kec. Sukamaju Selatan", "WADMKD": "Desa Sumber Baru", "POKTAN": "Gapoktan Assera", "K_POKTAN": "Sisnoto", "P_SID": "Universitas Negeri Makassar", "NO_HP_1": "0812-4359-6231", "NAMA_PEMIL": "Pemerintah Desa", "N_PETAK": "SRB039", "LUAS_HA": 0.46085445527000002, "PAKET": "Paket Sulawesi Selatan 18" }, "geometry": { "type": "MultiPolygon", "coordinates": [ [ [ [ 120.448088989615258, -2.677941140071482, 0.0 ], [ 120.448148406024188, -2.677367619020345, 0.0 ], [ 120.448296089992596, -2.677368635254254, 0.0 ], [ 120.448353547678153, -2.677369030955958, 0.0 ], [ 120.44844335038033, -2.677369648790204, 0.0 ], [ 120.448544609546161, -2.677370345764814, 0.0 ], [ 120.448556189216788, -2.677369646991565, 0.0 ], [ 120.448648908420409, -2.677364064000301, 0.0 ], [ 120.448682088008013, -2.677362065706745, 0.0 ], [ 120.448692858288837, -2.677371365596002, 0.0 ], [ 120.448693201829883, -2.677371661472932, 0.0 ], [ 120.4487250944876, -2.67739919511672, 0.0 ], [ 120.448736003264003, -2.677410505890066, 0.0 ], [ 120.448747896798068, -2.677422833796697, 0.0 ], [ 120.448766594602716, -2.67744598684277, 0.0 ], [ 120.448778927005947, -2.677463537112487, 0.0 ], [ 120.448787093749388, -2.677478082747257, 0.0 ], [ 120.44879156877596, -2.677489416003709, 0.0 ], [ 120.448793247810158, -2.677497997334683, 0.0 ], [ 120.448793475338675, -2.677509885472773, 0.0 ], [ 120.448785307695857, -2.677572365871924, 0.0 ], [ 120.448784982141319, -2.677575964958749, 0.0 ], [ 120.448783777049698, -2.677599849153694, 0.0 ], [ 120.448783719493122, -2.677602046197421, 0.0 ], [ 120.448783873277193, -2.67760588180596, 0.0 ], [ 120.448787797918612, -2.677653392090349, 0.0 ], [ 120.448788217902006, -2.677656848184938, 0.0 ], [ 120.448802985669317, -2.677748898292975, 0.0 ], [ 120.448807184603993, -2.67778469400838, 0.0 ], [ 120.448809206279861, -2.677876779189944, 0.0 ], [ 120.44880940592941, -2.677880154345587, 0.0 ], [ 120.448813011311472, -2.677917448331527, 0.0 ], [ 120.448088989615258, -2.677941140071482, 0.0 ] ] ] ] } },
{ "type": "Feature", "properties": { "OBJECTID": 6428, "WADMPR": "Sulawesi Selatan", "WADMKK": "Kab. Luwu Utara", "WADMKC": "Kec. Sukamaju Selatan", "WADMKD": "Desa Sumber Baru", "POKTAN": "Gapoktan Assera", "K_POKTAN": "Sisnoto", "P_SID": "Universitas Negeri Makassar", "NO_HP_1": "0812-4359-6231", "NAMA_PEMIL": "Pemerintah Desa", "N_PETAK": "SRB040", "LUAS_HA": 1.40335548196, "PAKET": "Paket Sulawesi Selatan 18" }, "geometry": { "type": "MultiPolygon", "coordinates": [ [ [ [ 120.448939271630138, -2.678186806076212, 0.0 ], [ 120.448930669614811, -2.679315065837557, 0.0 ], [ 120.448063328359922, -2.67924842067805, 0.0 ], [ 120.448088989615258, -2.677941140071482, 0.0 ], [ 120.44881366781658, -2.677921915264108, 0.0 ], [ 120.448822045001407, -2.677964152823336, 0.0 ], [ 120.448822786942173, -2.677967301349838, 0.0 ], [ 120.448833516753439, -2.678006520784265, 0.0 ], [ 120.448834603134515, -2.678009951697845, 0.0 ], [ 120.448847601935313, -2.67804583914409, 0.0 ], [ 120.448849197332606, -2.678049684645202, 0.0 ], [ 120.448864359002982, -2.678081944226278, 0.0 ], [ 120.448864875213872, -2.678082925386661, 0.0 ], [ 120.448866211606401, -2.678085469568714, 0.0 ], [ 120.448886353722287, -2.67811941447934, 0.0 ], [ 120.448888566953883, -2.678122792332942, 0.0 ], [ 120.448911523048423, -2.678154615742869, 0.0 ], [ 120.448913414322647, -2.678157055603606, 0.0 ], [ 120.448914072626394, -2.678157831718522, 0.0 ], [ 120.448939271630138, -2.678186806076212, 0.0 ] ] ] ] } },
{ "type": "Feature", "properties": { "OBJECTID": 6429, "WADMPR": "Sulawesi Selatan", "WADMKK": "Kab. Luwu Utara", "WADMKC": "Kec. Sukamaju Selatan", "WADMKD": "Desa Sumber Baru", "POKTAN": "Gapoktan Assera", "K_POKTAN": "Sisnoto", "P_SID": "Universitas Negeri Makassar", "NO_HP_1": "0812-4359-6231", "NAMA_PEMIL": "Pemerintah Desa", "N_PETAK": "SRB041", "LUAS_HA": 0.72779146384000004, "PAKET": "Paket Sulawesi Selatan 18" }, "geometry": { "type": "MultiPolygon", "coordinates": [ [ [ [ 120.449010022194784, -2.679281755848308, 0.0 ], [ 120.448930669614811, -2.679315065837557, 0.0 ], [ 120.448939271630138, -2.678186806076212, 0.0 ], [ 120.448942288855619, -2.678189953703338, 0.0 ], [ 120.448957589920951, -2.678204444479491, 0.0 ], [ 120.448960291484354, -2.678205039830686, 0.0 ], [ 120.448960362530784, -2.678207069600546, 0.0 ], [ 120.448962406689816, -2.678209007639566, 0.0 ], [ 120.448969049082393, -2.678215296598637, 0.0 ], [ 120.448970900786549, -2.678216955847802, 0.0 ], [ 120.448973611343149, -2.67821908094578, 0.0 ], [ 120.449002467889613, -2.678239960505721, 0.0 ], [ 120.449005939272752, -2.678242237589131, 0.0 ], [ 120.449071220160704, -2.678280831095435, 0.0 ], [ 120.449156120658472, -2.678336259011076, 0.0 ], [ 120.449210223872797, -2.678374410950255, 0.0 ], [ 120.449333877056802, -2.678475500144145, 0.0 ], [ 120.449407818416148, -2.678534152129373, 0.0 ], [ 120.449409995674841, -2.678535774506315, 0.0 ], [ 120.449455025628936, -2.678567255274572, 0.0 ], [ 120.449458249698523, -2.678569310225441, 0.0 ], [ 120.449501760697785, -2.678594332062744, 0.0 ], [ 120.44950389928556, -2.678595484993593, 0.0 ], [ 120.449573337739366, -2.678630554056781, 0.0 ], [ 120.449574758668291, -2.678631241138817, 0.0 ], [ 120.449627347424212, -2.678655517438131, 0.0 ], [ 120.449618436042101, -2.679299173917684, 0.0 ], [ 120.449010022194784, -2.679281755848308, 0.0 ] ] ] ] } },
{ "type": "Feature", "properties": { "OBJECTID": 6430, "WADMPR": "Sulawesi Selatan", "WADMKK": "Kab. Luwu Utara", "WADMKC": "Kec. Sukamaju Selatan", "WADMKD": "Desa Sumber Baru", "POKTAN": "Gapoktan Assera", "K_POKTAN": "Sisnoto", "P_SID": "Universitas Negeri Makassar", "NO_HP_1": "0812-4359-6231", "NAMA_PEMIL": "Pemerintah Desa", "N_PETAK": "SRB042", "LUAS_HA": 0.55265471638999997, "PAKET": "Paket Sulawesi Selatan 18" }, "geometry": { "type": "MultiPolygon", "coordinates": [ [ [ [ 120.448930669614811, -2.679315065837557, 0.0 ], [ 120.449010022194784, -2.679281755848308, 0.0 ], [ 120.448996803959403, -2.679423167944776, 0.0 ], [ 120.448975164472358, -2.679654678620466, 0.0 ], [ 120.448963900463696, -2.679775187774624, 0.0 ], [ 120.448963431017546, -2.679780201495078, 0.0 ], [ 120.448042800434905, -2.679746979639333, 0.0 ], [ 120.448063328359922, -2.67924842067805, 0.0 ], [ 120.448930669614811, -2.679315065837557, 0.0 ] ] ] ] } },
{ "type": "Feature", "properties": { "OBJECTID": 6431, "WADMPR": "Sulawesi Selatan", "WADMKK": "Kab. Luwu Utara", "WADMKC": "Kec. Sukamaju Selatan", "WADMKD": "Desa Sumber Baru", "POKTAN": "Gapoktan Assera", "K_POKTAN": "Sisnoto", "P_SID": "Universitas Negeri Makassar", "NO_HP_1": "0812-4359-6231", "NAMA_PEMIL": "Pemerintah Desa", "N_PETAK": "SRB043", "LUAS_HA": 0.97777282780999997, "PAKET": "Paket Sulawesi Selatan 18" }, "geometry": { "type": "MultiPolygon", "coordinates": [ [ [ [ 120.448963431017546, -2.679780201495078, 0.0 ], [ 120.448959743797218, -2.679819655652523, 0.0 ], [ 120.448958981172154, -2.6801877023006, 0.0 ], [ 120.448964029066701, -2.680659512726265, 0.0 ], [ 120.448047931966585, -2.680605682006558, 0.0 ], [ 120.448042800434905, -2.679746979639333, 0.0 ], [ 120.448963431017546, -2.679780201495078, 0.0 ] ] ] ] } },
{ "type": "Feature", "properties": { "OBJECTID": 6432, "WADMPR": "Sulawesi Selatan", "WADMKK": "Kab. Luwu Utara", "WADMKC": "Kec. Sukamaju Selatan", "WADMKD": "Desa Sumber Baru", "POKTAN": "Gapoktan Assera", "K_POKTAN": "Sisnoto", "P_SID": "Universitas Negeri Makassar", "NO_HP_1": "0812-4359-6231", "NAMA_PEMIL": "Pemerintah Desa", "N_PETAK": "SRB044", "LUAS_HA": 0.40185464987000002, "PAKET": "Paket Sulawesi Selatan 18" }, "geometry": { "type": "MultiPolygon", "coordinates": [ [ [ [ 120.448964029066701, -2.680659512726265, 0.0 ], [ 120.448958981172154, -2.6801877023006, 0.0 ], [ 120.449605891398846, -2.680205320019468, 0.0 ], [ 120.449672333311582, -2.680207130354745, 0.0 ], [ 120.449671403412594, -2.68065550804522, 0.0 ], [ 120.448964029066701, -2.680659512726265, 0.0 ] ] ] ] } },
{ "type": "Feature", "properties": { "OBJECTID": 6433, "WADMPR": "Sulawesi Selatan", "WADMKK": "Kab. Luwu Utara", "WADMKC": "Kec. Sukamaju Selatan", "WADMKD": "Desa Sumber Baru", "POKTAN": "Gapoktan Assera", "K_POKTAN": "Sisnoto", "P_SID": "Universitas Negeri Makassar", "NO_HP_1": "0812-4359-6231", "NAMA_PEMIL": "Pemerintah Desa", "N_PETAK": "SRB045", "LUAS_HA": 1.1625638444899999, "PAKET": "Paket Sulawesi Selatan 18" }, "geometry": { "type": "MultiPolygon", "coordinates": [ [ [ [ 120.439854381474561, -2.677427198206601, 0.0 ], [ 120.439821022022556, -2.679003625217092, 0.0 ], [ 120.439476381130135, -2.679003511902522, 0.0 ], [ 120.439476801113528, -2.678966448143001, 0.0 ], [ 120.439476022300596, -2.678936505215518, 0.0 ], [ 120.439473996128072, -2.678902252736748, 0.0 ], [ 120.439471670481225, -2.678875935875681, 0.0 ], [ 120.439467798000578, -2.678843097131164, 0.0 ], [ 120.43946333286658, -2.678814020250798, 0.0 ], [ 120.439457841606213, -2.678784654688002, 0.0 ], [ 120.439451695639264, -2.678756692067623, 0.0 ], [ 120.439450021101607, -2.678750274505489, 0.0 ], [ 120.439442755478808, -2.67872323548886, 0.0 ], [ 120.439430733341737, -2.678685239132449, 0.0 ], [ 120.439421669074818, -2.678660436729729, 0.0 ], [ 120.43941803851169, -2.678650838265526, 0.0 ], [ 120.439404380507767, -2.678619478006453, 0.0 ], [ 120.439393499610333, -2.678596865452903, 0.0 ], [ 120.439383235647824, -2.678576826759127, 0.0 ], [ 120.439372067866657, -2.678557451764959, 0.0 ], [ 120.439357313589198, -2.678533256404592, 0.0 ], [ 120.439337284787939, -2.678503193867243, 0.0 ], [ 120.4393183945283, -2.678477356344899, 0.0 ], [ 120.43929737557346, -2.678450775982469, 0.0 ], [ 120.439276800883704, -2.678426673252318, 0.0 ], [ 120.439264053892998, -2.678412369535181, 0.0 ], [ 120.439255495045131, -2.678403414985553, 0.0 ], [ 120.439232762881716, -2.678380278127293, 0.0 ], [ 120.439200384590094, -2.678350397252984, 0.0 ], [ 120.439186706801138, -2.678338961473855, 0.0 ], [ 120.439146594339945, -2.678309059915136, 0.0 ], [ 120.439146400086315, -2.678295853370912, 0.0 ], [ 120.439152465114262, -2.678230896238802, 0.0 ], [ 120.439160362960479, -2.678138124874522, 0.0 ], [ 120.43916147542177, -2.678121378598689, 0.0 ], [ 120.43916353756731, -2.678078356830667, 0.0 ], [ 120.439164057375365, -2.678057544719877, 0.0 ], [ 120.439164027697757, -2.678051276445217, 0.0 ], [ 120.439163576238116, -2.678012760280637, 0.0 ], [ 120.439162774942133, -2.677990588394891, 0.0 ], [ 120.439160170505488, -2.677947624183446, 0.0 ], [ 120.439158539135292, -2.677927863380148, 0.0 ], [ 120.439157863744526, -2.677921396355316, 0.0 ], [ 120.439143095977215, -2.677780176713725, 0.0 ], [ 120.439124882907095, -2.677602627159445, 0.0 ], [ 120.439124873014521, -2.677602512046235, 0.0 ], [ 120.439112675509591, -2.677460160158205, 0.0 ], [ 120.439108866880815, -2.677385020002646, 0.0 ], [ 120.4393924842758, -2.677391312558996, 0.0 ], [ 120.439854381474561, -2.677427198206601, 0.0 ] ] ] ] } },
{ "type": "Feature", "properties": { "OBJECTID": 6434, "WADMPR": "Sulawesi Selatan", "WADMKK": "Kab. Luwu Utara", "WADMKC": "Kec. Sukamaju Selatan", "WADMKD": "Desa Sumber Baru", "POKTAN": "Gapoktan Assera", "K_POKTAN": "Sisnoto", "P_SID": "Universitas Negeri Makassar", "NO_HP_1": "0812-4359-6231", "NAMA_PEMIL": "Pemerintah Desa", "N_PETAK": "SRB046", "LUAS_HA": 0.72185176283999997, "PAKET": "Paket Sulawesi Selatan 18" }, "geometry": { "type": "MultiPolygon", "coordinates": [ [ [ [ 120.4407916486158, -2.676868400855994, 0.0 ], [ 120.440775611005733, -2.677501535267595, 0.0 ], [ 120.439898004889073, -2.677501535267595, 0.0 ], [ 120.439898004889073, -2.676809444899902, 0.0 ], [ 120.4407916486158, -2.676868400855994, 0.0 ] ] ] ] } },
{ "type": "Feature", "properties": { "OBJECTID": 6435, "WADMPR": "Sulawesi Selatan", "WADMKK": "Kab. Luwu Utara", "WADMKC": "Kec. Sukamaju Selatan", "WADMKD": "Desa Sumber Baru", "POKTAN": "Gapoktan Assera", "K_POKTAN": "Sisnoto", "P_SID": "Universitas Negeri Makassar", "NO_HP_1": "0812-4359-6231", "NAMA_PEMIL": "Pemerintah Desa", "N_PETAK": "SRB047", "LUAS_HA": 0.70729372307000005, "PAKET": "Paket Sulawesi Selatan 18" }, "geometry": { "type": "MultiPolygon", "coordinates": [ [ [ [ 120.440771600928656, -2.678161903848718, 0.0 ], [ 120.439881646221011, -2.678142678142024, 0.0 ], [ 120.439898004889073, -2.677501535267595, 0.0 ], [ 120.440775611005733, -2.677501535267595, 0.0 ], [ 120.440771600928656, -2.678161903848718, 0.0 ] ] ] ] } },
{ "type": "Feature", "properties": { "OBJECTID": 6436, "WADMPR": "Sulawesi Selatan", "WADMKK": "Kab. Luwu Utara", "WADMKC": "Kec. Sukamaju Selatan", "WADMKD": "Desa Sumber Baru", "POKTAN": "Gapoktan Assera", "K_POKTAN": "Sisnoto", "P_SID": "Universitas Negeri Makassar", "NO_HP_1": "0812-4359-6231", "NAMA_PEMIL": "Pemerintah Desa", "N_PETAK": "SRB048", "LUAS_HA": 0.72078259747999995, "PAKET": "Paket Sulawesi Selatan 18" }, "geometry": { "type": "MultiPolygon", "coordinates": [ [ [ [ 120.441665244655383, -2.678159339881574, 0.0 ], [ 120.440771600928656, -2.678161903848718, 0.0 ], [ 120.440775611005733, -2.677501535267595, 0.0 ], [ 120.441659471007824, -2.677500573892303, 0.0 ], [ 120.441665244655383, -2.678159339881574, 0.0 ] ] ] ] } },
{ "type": "Feature", "properties": { "OBJECTID": 6437, "WADMPR": "Sulawesi Selatan", "WADMKK": "Kab. Luwu Utara", "WADMKC": "Kec. Sukamaju Selatan", "WADMKD": "Desa Sumber Baru", "POKTAN": "Gapoktan Assera", "K_POKTAN": "Sisnoto", "P_SID": "Universitas Negeri Makassar", "NO_HP_1": "0812-4359-6231", "NAMA_PEMIL": "Pemerintah Desa", "N_PETAK": "SRB049", "LUAS_HA": 0.68445621543000001, "PAKET": "Paket Sulawesi Selatan 18" }, "geometry": { "type": "MultiPolygon", "coordinates": [ [ [ [ 120.441669734970333, -2.676870002548526, 0.0 ], [ 120.441659471007824, -2.677500573892303, 0.0 ], [ 120.440775611005733, -2.677501535267595, 0.0 ], [ 120.4407916486158, -2.676868400855994, 0.0 ], [ 120.441669734970333, -2.676870002548526, 0.0 ] ] ] ] } },
{ "type": "Feature", "properties": { "OBJECTID": 6438, "WADMPR": "Sulawesi Selatan", "WADMKK": "Kab. Luwu Utara", "WADMKC": "Kec. Sukamaju Selatan", "WADMKD": "Desa Sumber Baru", "POKTAN": "Gapoktan Assera", "K_POKTAN": "Sisnoto", "P_SID": "Universitas Negeri Makassar", "NO_HP_1": "0812-4359-6231", "NAMA_PEMIL": "Pemerintah Desa", "N_PETAK": "SRB050", "LUAS_HA": 0.95897852437999997, "PAKET": "Paket Sulawesi Selatan 18" }, "geometry": { "type": "MultiPolygon", "coordinates": [ [ [ [ 120.440771600928656, -2.678161903848718, 0.0 ], [ 120.440741449358484, -2.679056172604248, 0.0 ], [ 120.439881646221011, -2.679030539227938, 0.0 ], [ 120.439881646221011, -2.678142678142024, 0.0 ], [ 120.440771600928656, -2.678161903848718, 0.0 ] ] ] ] } },
{ "type": "Feature", "properties": { "OBJECTID": 6439, "WADMPR": "Sulawesi Selatan", "WADMKK": "Kab. Luwu Utara", "WADMKC": "Kec. Sukamaju Selatan", "WADMKD": "Desa Sumber Baru", "POKTAN": "Gapoktan Assera", "K_POKTAN": "Sisnoto", "P_SID": "Universitas Negeri Makassar", "NO_HP_1": "0812-4359-6231", "NAMA_PEMIL": "Pemerintah Desa", "N_PETAK": "SRB051", "LUAS_HA": 0.99700444624999995, "PAKET": "Paket Sulawesi Selatan 18" }, "geometry": { "type": "MultiPolygon", "coordinates": [ [ [ [ 120.441645999163597, -2.678738965530783, 0.0 ], [ 120.441638942183545, -2.679077960479447, 0.0 ], [ 120.440741449358484, -2.679056172604248, 0.0 ], [ 120.440771600928656, -2.678161903848718, 0.0 ], [ 120.441665244655383, -2.678159339881574, 0.0 ], [ 120.441645999163597, -2.678738965530783, 0.0 ] ] ] ] } },
{ "type": "Feature", "properties": { "OBJECTID": 6440, "WADMPR": "Sulawesi Selatan", "WADMKK": "Kab. Luwu Utara", "WADMKC": "Kec. Sukamaju Selatan", "WADMKD": "Desa Sumber Baru", "POKTAN": "Gapoktan Assera", "K_POKTAN": "Sisnoto", "P_SID": "Universitas Negeri Makassar", "NO_HP_1": "0812-4359-6231", "NAMA_PEMIL": "Pemerintah Desa", "N_PETAK": "SRB052", "LUAS_HA": 0.67637908254000001, "PAKET": "Paket Sulawesi Selatan 18" }, "geometry": { "type": "MultiPolygon", "coordinates": [ [ [ [ 120.442534510459382, -2.677504098335419, 0.0 ], [ 120.441659471007824, -2.677500573892303, 0.0 ], [ 120.441669734970333, -2.676870002548526, 0.0 ], [ 120.442534510459382, -2.676870002548526, 0.0 ], [ 120.442534510459382, -2.677500573892303, 0.0 ], [ 120.442534510459382, -2.677504098335419, 0.0 ] ] ] ] } },
{ "type": "Feature", "properties": { "OBJECTID": 6441, "WADMPR": "Sulawesi Selatan", "WADMKK": "Kab. Luwu Utara", "WADMKC": "Kec. Sukamaju Selatan", "WADMKD": "Desa Sumber Baru", "POKTAN": "Gapoktan Assera", "K_POKTAN": "Sisnoto", "P_SID": "Universitas Negeri Makassar", "NO_HP_1": "0812-4359-6231", "NAMA_PEMIL": "Pemerintah Desa", "N_PETAK": "SRB053", "LUAS_HA": 0.71800572649000005, "PAKET": "Paket Sulawesi Selatan 18" }, "geometry": { "type": "MultiPolygon", "coordinates": [ [ [ [ 120.442534510459382, -2.677504098335419, 0.0 ], [ 120.442534510459382, -2.678184493019899, 0.0 ], [ 120.441665244655383, -2.678159339881574, 0.0 ], [ 120.441659471007824, -2.677500573892303, 0.0 ], [ 120.442534510459382, -2.677504098335419, 0.0 ] ] ] ] } },
{ "type": "Feature", "properties": { "OBJECTID": 6442, "WADMPR": "Sulawesi Selatan", "WADMKK": "Kab. Luwu Utara", "WADMKC": "Kec. Sukamaju Selatan", "WADMKD": "Desa Sumber Baru", "POKTAN": "Gapoktan Assera", "K_POKTAN": "Sisnoto", "P_SID": "Universitas Negeri Makassar", "NO_HP_1": "0812-4359-6231", "NAMA_PEMIL": "Pemerintah Desa", "N_PETAK": "SRB054", "LUAS_HA": 0.62655493434999998, "PAKET": "Paket Sulawesi Selatan 18" }, "geometry": { "type": "MultiPolygon", "coordinates": [ [ [ [ 120.442534510459382, -2.678184493019899, 0.0 ], [ 120.44254347580079, -2.678757585094445, 0.0 ], [ 120.442535032066189, -2.678757416921201, 0.0 ], [ 120.441675948386319, -2.678740275842983, 0.0 ], [ 120.441645999163597, -2.678738965530783, 0.0 ], [ 120.441665244655383, -2.678159339881574, 0.0 ], [ 120.442534510459382, -2.678184493019899, 0.0 ] ] ] ] } },
{ "type": "Feature", "properties": { "OBJECTID": 6443, "WADMPR": "Sulawesi Selatan", "WADMKK": "Kab. Luwu Utara", "WADMKC": "Kec. Sukamaju Selatan", "WADMKD": "Desa Sumber Baru", "POKTAN": "Gapoktan Assera", "K_POKTAN": "Sisnoto", "P_SID": "Universitas Negeri Makassar", "NO_HP_1": "0812-4359-6231", "NAMA_PEMIL": "Pemerintah Desa", "N_PETAK": "SRB055", "LUAS_HA": 0.69592515638999997, "PAKET": "Paket Sulawesi Selatan 18" }, "geometry": { "type": "MultiPolygon", "coordinates": [ [ [ [ 120.443419493714714, -2.676920788163784, 0.0 ], [ 120.443437455874005, -2.677553921676122, 0.0 ], [ 120.442535148977981, -2.677504133409002, 0.0 ], [ 120.442534510459382, -2.677504098335419, 0.0 ], [ 120.442534510459382, -2.677500573892303, 0.0 ], [ 120.442534510459382, -2.676870002548526, 0.0 ], [ 120.443419493714714, -2.676920788163784, 0.0 ] ] ] ] } },
{ "type": "Feature", "properties": { "OBJECTID": 6444, "WADMPR": "Sulawesi Selatan", "WADMKK": "Kab. Luwu Utara", "WADMKC": "Kec. Sukamaju Selatan", "WADMKD": "Desa Sumber Baru", "POKTAN": "Gapoktan Assera", "K_POKTAN": "Sisnoto", "P_SID": "Universitas Negeri Makassar", "NO_HP_1": "0812-4359-6231", "NAMA_PEMIL": "Pemerintah Desa", "N_PETAK": "SRB056", "LUAS_HA": 0.74573827062999998, "PAKET": "Paket Sulawesi Selatan 18" }, "geometry": { "type": "MultiPolygon", "coordinates": [ [ [ [ 120.443437455874005, -2.677553921676122, 0.0 ], [ 120.443445475128669, -2.677660779121595, 0.0 ], [ 120.443483645953506, -2.678184493019899, 0.0 ], [ 120.442534510459382, -2.678184493019899, 0.0 ], [ 120.442534510459382, -2.677504098335419, 0.0 ], [ 120.442535148977981, -2.677504133409002, 0.0 ], [ 120.443437455874005, -2.677553921676122, 0.0 ] ] ] ] } },
{ "type": "Feature", "properties": { "OBJECTID": 6445, "WADMPR": "Sulawesi Selatan", "WADMKK": "Kab. Luwu Utara", "WADMKC": "Kec. Sukamaju Selatan", "WADMKD": "Desa Sumber Baru", "POKTAN": "Gapoktan Assera", "K_POKTAN": "Sisnoto", "P_SID": "Universitas Negeri Makassar", "NO_HP_1": "0812-4359-6231", "NAMA_PEMIL": "Pemerintah Desa", "N_PETAK": "SRB057", "LUAS_HA": 0.82666449780999995, "PAKET": "Paket Sulawesi Selatan 18" }, "geometry": { "type": "MultiPolygon", "coordinates": [ [ [ [ 120.443493108620146, -2.678375457761092, 0.0 ], [ 120.443523420269685, -2.67888939782739, 0.0 ], [ 120.442590653336083, -2.67888939782739, 0.0 ], [ 120.442597364077187, -2.678760149061588, 0.0 ], [ 120.442535032965452, -2.678758803675805, 0.0 ], [ 120.442535032066189, -2.678757416921201, 0.0 ], [ 120.44254347580079, -2.678757585094445, 0.0 ], [ 120.442534510459382, -2.678184493019899, 0.0 ], [ 120.443483645953506, -2.678184493019899, 0.0 ], [ 120.443493108620146, -2.678375457761092, 0.0 ] ] ] ] } },
{ "type": "Feature", "properties": { "OBJECTID": 6446, "WADMPR": "Sulawesi Selatan", "WADMKK": "Kab. Luwu Utara", "WADMKC": "Kec. Sukamaju Selatan", "WADMKD": "Desa Sumber Baru", "POKTAN": "Gapoktan Assera", "K_POKTAN": "Sisnoto", "P_SID": "Universitas Negeri Makassar", "NO_HP_1": "0812-4359-6231", "NAMA_PEMIL": "Pemerintah Desa", "N_PETAK": "SRB058", "LUAS_HA": 0.85769266044000003, "PAKET": "Paket Sulawesi Selatan 18" }, "geometry": { "type": "MultiPolygon", "coordinates": [ [ [ [ 120.444389062705113, -2.677657915680243, 0.0 ], [ 120.443527093100897, -2.67763817196402, 0.0 ], [ 120.443445475128669, -2.677660779121595, 0.0 ], [ 120.443437455874005, -2.677553921676122, 0.0 ], [ 120.443419493714714, -2.676920788163784, 0.0 ], [ 120.444389062705113, -2.676920788163784, 0.0 ], [ 120.444389062705113, -2.677657915680243, 0.0 ] ] ] ] } },
{ "type": "Feature", "properties": { "OBJECTID": 6447, "WADMPR": "Sulawesi Selatan", "WADMKK": "Kab. Luwu Utara", "WADMKC": "Kec. Sukamaju Selatan", "WADMKD": "Desa Sumber Baru", "POKTAN": "Gapoktan Assera", "K_POKTAN": "Sisnoto", "P_SID": "Universitas Negeri Makassar", "NO_HP_1": "0812-4359-6231", "NAMA_PEMIL": "Pemerintah Desa", "N_PETAK": "SRB059", "LUAS_HA": 0.56447981019000004, "PAKET": "Paket Sulawesi Selatan 18" }, "geometry": { "type": "MultiPolygon", "coordinates": [ [ [ [ 120.443523420269685, -2.67888939782739, 0.0 ], [ 120.443493108620146, -2.678375457761092, 0.0 ], [ 120.44438424233897, -2.678355535979165, 0.0 ], [ 120.44438424233897, -2.67888939782739, 0.0 ], [ 120.443523420269685, -2.67888939782739, 0.0 ] ] ] ] } },
{ "type": "Feature", "properties": { "OBJECTID": 6448, "WADMPR": "Sulawesi Selatan", "WADMKK": "Kab. Luwu Utara", "WADMKC": "Kec. Sukamaju Selatan", "WADMKD": "Desa Sumber Baru", "POKTAN": "Gapoktan Assera", "K_POKTAN": "Sisnoto", "P_SID": "Universitas Negeri Makassar", "NO_HP_1": "0812-4359-6231", "NAMA_PEMIL": "Pemerintah Desa", "N_PETAK": "SRB060", "LUAS_HA": 1.0222693942200001, "PAKET": "Paket Sulawesi Selatan 18" }, "geometry": { "type": "MultiPolygon", "coordinates": [ [ [ [ 120.445363793804063, -2.677773724977385, 0.0 ], [ 120.444389062705113, -2.677773724977385, 0.0 ], [ 120.444389062705113, -2.677657915680243, 0.0 ], [ 120.444389062705113, -2.676920788163784, 0.0 ], [ 120.445363793804063, -2.676920788163784, 0.0 ], [ 120.445363793804063, -2.677773724977385, 0.0 ] ] ] ] } },
{ "type": "Feature", "properties": { "OBJECTID": 6449, "WADMPR": "Sulawesi Selatan", "WADMKK": "Kab. Luwu Utara", "WADMKC": "Kec. Sukamaju Selatan", "WADMKD": "Desa Sumber Baru", "POKTAN": "Gapoktan Assera", "K_POKTAN": "Sisnoto", "P_SID": "Universitas Negeri Makassar", "NO_HP_1": "0812-4359-6231", "NAMA_PEMIL": "Pemerintah Desa", "N_PETAK": "SRB061", "LUAS_HA": 0.94976372848000001, "PAKET": "Paket Sulawesi Selatan 18" }, "geometry": { "type": "MultiPolygon", "coordinates": [ [ [ [ 120.446267442488534, -2.677777403204573, 0.0 ], [ 120.445363793804063, -2.677773724977385, 0.0 ], [ 120.445363793804063, -2.676920788163784, 0.0 ], [ 120.446267442488534, -2.676920788163784, 0.0 ], [ 120.446267442488534, -2.677777403204573, 0.0 ] ] ] ] } },
{ "type": "Feature", "properties": { "OBJECTID": 6450, "WADMPR": "Sulawesi Selatan", "WADMKK": "Kab. Luwu Utara", "WADMKC": "Kec. Sukamaju Selatan", "WADMKD": "Desa Sumber Baru", "POKTAN": "Gapoktan Assera", "K_POKTAN": "Sisnoto", "P_SID": "Universitas Negeri Makassar", "NO_HP_1": "0812-4359-6231", "NAMA_PEMIL": "Pemerintah Desa", "N_PETAK": "SRB062", "LUAS_HA": 0.97384589346999995, "PAKET": "Paket Sulawesi Selatan 18" }, "geometry": { "type": "MultiPolygon", "coordinates": [ [ [ [ 120.447194444767888, -2.677774840136692, 0.0 ], [ 120.446267442488534, -2.677777403204573, 0.0 ], [ 120.446267442488534, -2.676920788163784, 0.0 ], [ 120.446800519228645, -2.676920788163784, 0.0 ], [ 120.446801058821848, -2.676921196456021, 0.0 ], [ 120.446801235088969, -2.676920788163784, 0.0 ], [ 120.447194444767888, -2.676920788163784, 0.0 ], [ 120.447194444767888, -2.676972262659774, 0.0 ], [ 120.44716610083492, -2.677032653933793, 0.0 ], [ 120.447194444767888, -2.677035306034497, 0.0 ], [ 120.447194444767888, -2.677774840136692, 0.0 ] ] ] ] } },
{ "type": "Feature", "properties": { "OBJECTID": 6451, "WADMPR": "Sulawesi Selatan", "WADMKK": "Kab. Luwu Utara", "WADMKC": "Kec. Sukamaju Selatan", "WADMKD": "Desa Sumber Baru", "POKTAN": "Gapoktan Assera", "K_POKTAN": "Sisnoto", "P_SID": "Universitas Negeri Makassar", "NO_HP_1": "0812-4359-6231", "NAMA_PEMIL": "Pemerintah Desa", "N_PETAK": "SRB063", "LUAS_HA": 0.56241105657000001, "PAKET": "Paket Sulawesi Selatan 18" }, "geometry": { "type": "MultiPolygon", "coordinates": [ [ [ [ 120.445319555253377, -2.678265247643026, 0.0 ], [ 120.444398287051399, -2.678246828628176, 0.0 ], [ 120.444389062705113, -2.677773724977385, 0.0 ], [ 120.445363793804063, -2.677773724977385, 0.0 ], [ 120.445319555253377, -2.678265247643026, 0.0 ] ] ] ] } },
{ "type": "Feature", "properties": { "OBJECTID": 6452, "WADMPR": "Sulawesi Selatan", "WADMKK": "Kab. Luwu Utara", "WADMKC": "Kec. Sukamaju Selatan", "WADMKD": "Desa Sumber Baru", "POKTAN": "Gapoktan Assera", "K_POKTAN": "Sisnoto", "P_SID": "Universitas Negeri Makassar", "NO_HP_1": "0812-4359-6231", "NAMA_PEMIL": "Pemerintah Desa", "N_PETAK": "SRB064", "LUAS_HA": 1.1126846664800001, "PAKET": "Paket Sulawesi Selatan 18" }, "geometry": { "type": "MultiPolygon", "coordinates": [ [ [ [ 120.446267442488534, -2.677777403204573, 0.0 ], [ 120.446272818635748, -2.678746028806131, 0.0 ], [ 120.446090224784143, -2.678745788687138, 0.0 ], [ 120.445363793804063, -2.678746028806131, 0.0 ], [ 120.445343817163462, -2.678722947705808, 0.0 ], [ 120.445333662018925, -2.678506591505936, 0.0 ], [ 120.445332492000944, -2.678481692875778, 0.0 ], [ 120.445324438572015, -2.678346942057658, 0.0 ], [ 120.445319555253377, -2.678265247643026, 0.0 ], [ 120.445363793804063, -2.677773724977385, 0.0 ], [ 120.446267442488534, -2.677777403204573, 0.0 ] ] ] ] } },
{ "type": "Feature", "properties": { "OBJECTID": 6453, "WADMPR": "Sulawesi Selatan", "WADMKK": "Kab. Luwu Utara", "WADMKC": "Kec. Sukamaju Selatan", "WADMKD": "Desa Sumber Baru", "POKTAN": "Gapoktan Assera", "K_POKTAN": "Sisnoto", "P_SID": "Universitas Negeri Makassar", "NO_HP_1": "0812-4359-6231", "NAMA_PEMIL": "Pemerintah Desa", "N_PETAK": "SRB065", "LUAS_HA": 1.10326644754, "PAKET": "Paket Sulawesi Selatan 18" }, "geometry": { "type": "MultiPolygon", "coordinates": [ [ [ [ 120.447202385781566, -2.678739299179256, 0.0 ], [ 120.446272818635748, -2.678746028806131, 0.0 ], [ 120.446267442488534, -2.677777403204573, 0.0 ], [ 120.447194444767888, -2.677774840136692, 0.0 ], [ 120.447202385781566, -2.678739299179256, 0.0 ] ] ] ] } },
{ "type": "Feature", "properties": { "OBJECTID": 6454, "WADMPR": "Sulawesi Selatan", "WADMKK": "Kab. Luwu Utara", "WADMKC": "Kec. Sukamaju Selatan", "WADMKD": "Desa Sumber Baru", "POKTAN": "Gapoktan Assera", "K_POKTAN": "Sisnoto", "P_SID": "Universitas Negeri Makassar", "NO_HP_1": "0812-4359-6231", "NAMA_PEMIL": "Pemerintah Desa", "N_PETAK": "SRB066", "LUAS_HA": 0.89361667303000003, "PAKET": "Paket Sulawesi Selatan 18" }, "geometry": { "type": "MultiPolygon", "coordinates": [ [ [ [ 120.447071514638765, -2.680613703059919, 0.0 ], [ 120.447071514638765, -2.679681308445595, 0.0 ], [ 120.447872136090268, -2.679681308445595, 0.0 ], [ 120.447829795108987, -2.680613703059919, 0.0 ], [ 120.447071514638765, -2.680613703059919, 0.0 ] ] ] ] } },
{ "type": "Feature", "properties": { "OBJECTID": 6455, "WADMPR": "Sulawesi Selatan", "WADMKK": "Kab. Luwu Utara", "WADMKC": "Kec. Sukamaju Selatan", "WADMKD": "Desa Sumber Baru", "POKTAN": "Gapoktan Assera", "K_POKTAN": "Sisnoto", "P_SID": "Universitas Negeri Makassar", "NO_HP_1": "0812-4359-6231", "NAMA_PEMIL": "Pemerintah Desa", "N_PETAK": "SRB067", "LUAS_HA": 0.43150210071, "PAKET": "Paket Sulawesi Selatan 18" }, "geometry": { "type": "MultiPolygon", "coordinates": [ [ [ [ 120.447872136090268, -2.679681308445595, 0.0 ], [ 120.447071514638765, -2.679681308445595, 0.0 ], [ 120.447071514638765, -2.679242986974202, 0.0 ], [ 120.447872136090268, -2.679242986974202, 0.0 ], [ 120.447872136090268, -2.679681308445595, 0.0 ] ] ] ] } },
{ "type": "Feature", "properties": { "OBJECTID": 6456, "WADMPR": "Sulawesi Selatan", "WADMKK": "Kab. Luwu Utara", "WADMKC": "Kec. Sukamaju Selatan", "WADMKD": "Desa Sumber Baru", "POKTAN": "Gapoktan Assera", "K_POKTAN": "Sisnoto", "P_SID": "Universitas Negeri Makassar", "NO_HP_1": "0812-4359-6231", "NAMA_PEMIL": "Pemerintah Desa", "N_PETAK": "SRB068", "LUAS_HA": 1.0923808827199999, "PAKET": "Paket Sulawesi Selatan 18" }, "geometry": { "type": "MultiPolygon", "coordinates": [ [ [ [ 120.447071514638765, -2.679681308445595, 0.0 ], [ 120.447071514638765, -2.680613703059919, 0.0 ], [ 120.446114522667131, -2.680592435892152, 0.0 ], [ 120.446107786745074, -2.679674580617359, 0.0 ], [ 120.447071514638765, -2.679681308445595, 0.0 ] ] ] ] } },
{ "type": "Feature", "properties": { "OBJECTID": 6457, "WADMPR": "Sulawesi Selatan", "WADMKK": "Kab. Luwu Utara", "WADMKC": "Kec. Sukamaju Selatan", "WADMKD": "Desa Sumber Baru", "POKTAN": "Gapoktan Assera", "K_POKTAN": "Sisnoto", "P_SID": "Universitas Negeri Makassar", "NO_HP_1": "0812-4359-6231", "NAMA_PEMIL": "Pemerintah Desa", "N_PETAK": "SRB069", "LUAS_HA": 1.15039473323, "PAKET": "Paket Sulawesi Selatan 18" }, "geometry": { "type": "MultiPolygon", "coordinates": [ [ [ [ 120.447071514638765, -2.679242986974202, 0.0 ], [ 120.447071514638765, -2.679681308445595, 0.0 ], [ 120.446107786745074, -2.679674580617359, 0.0 ], [ 120.446090224784143, -2.678745788687138, 0.0 ], [ 120.446272818635748, -2.678746028806131, 0.0 ], [ 120.447202385781566, -2.678739299179256, 0.0 ], [ 120.447184004538258, -2.678783839002904, 0.0 ], [ 120.44716603338577, -2.678797168754272, 0.0 ], [ 120.44712451168698, -2.678827969635051, 0.0 ], [ 120.447109677369781, -2.679207702973088, 0.0 ], [ 120.447071514638765, -2.679242986974202, 0.0 ] ] ] ] } },
{ "type": "Feature", "properties": { "OBJECTID": 6458, "WADMPR": "Sulawesi Selatan", "WADMKK": "Kab. Luwu Utara", "WADMKC": "Kec. Sukamaju Selatan", "WADMKD": "Desa Sumber Baru", "POKTAN": "Gapoktan Assera", "K_POKTAN": "Sisnoto", "P_SID": "Universitas Negeri Makassar", "NO_HP_1": "0812-4359-6231", "NAMA_PEMIL": "Pemerintah Desa", "N_PETAK": "SRB070", "LUAS_HA": 0.79268738562999996, "PAKET": "Paket Sulawesi Selatan 18" }, "geometry": { "type": "MultiPolygon", "coordinates": [ [ [ [ 120.447811993029063, -2.681505606598421, 0.0 ], [ 120.447049863460506, -2.681507528449629, 0.0 ], [ 120.447049863460506, -2.680661645018859, 0.0 ], [ 120.447811993029063, -2.680659722268331, 0.0 ], [ 120.447811993029063, -2.681505606598421, 0.0 ] ] ] ] } },
{ "type": "Feature", "properties": { "OBJECTID": 6459, "WADMPR": "Sulawesi Selatan", "WADMKK": "Kab. Luwu Utara", "WADMKC": "Kec. Sukamaju Selatan", "WADMKD": "Desa Sumber Baru", "POKTAN": "Gapoktan Assera", "K_POKTAN": "Sisnoto", "P_SID": "Universitas Negeri Makassar", "NO_HP_1": "0812-4359-6231", "NAMA_PEMIL": "Pemerintah Desa", "N_PETAK": "SRB071", "LUAS_HA": 0.98468879965, "PAKET": "Paket Sulawesi Selatan 18" }, "geometry": { "type": "MultiPolygon", "coordinates": [ [ [ [ 120.447049863460506, -2.680661645018859, 0.0 ], [ 120.447049863460506, -2.681507528449629, 0.0 ], [ 120.446093351726859, -2.681480615338103, 0.0 ], [ 120.446106824470462, -2.680640497460956, 0.0 ], [ 120.447049863460506, -2.680661645018859, 0.0 ] ] ] ] } },
{ "type": "Feature", "properties": { "OBJECTID": 6460, "WADMPR": "Sulawesi Selatan", "WADMKK": "Kab. Luwu Utara", "WADMKC": "Kec. Sukamaju Selatan", "WADMKD": "Desa Sumber Baru", "POKTAN": "Gapoktan Assera", "K_POKTAN": "Sisnoto", "P_SID": "Universitas Negeri Makassar", "NO_HP_1": "0812-4359-6231", "NAMA_PEMIL": "Pemerintah Desa", "N_PETAK": "SRB072", "LUAS_HA": 0.92130006894000005, "PAKET": "Paket Sulawesi Selatan 18" }, "geometry": { "type": "MultiPolygon", "coordinates": [ [ [ [ 120.448939634056956, -2.681495140288462, 0.0 ], [ 120.448026582960551, -2.681518103577559, 0.0 ], [ 120.448020809312993, -2.680678947075705, 0.0 ], [ 120.448966892508111, -2.680722449081713, 0.0 ], [ 120.448939634056956, -2.681495140288462, 0.0 ] ] ] ] } },
{ "type": "Feature", "properties": { "OBJECTID": 6461, "WADMPR": "Sulawesi Selatan", "WADMKK": "Kab. Luwu Utara", "WADMKC": "Kec. Sukamaju Selatan", "WADMKD": "Desa Sumber Baru", "POKTAN": "Gapoktan Assera", "K_POKTAN": "Sisnoto", "P_SID": "Universitas Negeri Makassar", "NO_HP_1": "0812-4359-6231", "NAMA_PEMIL": "Pemerintah Desa", "N_PETAK": "SRB073", "LUAS_HA": 1.0777222336500001, "PAKET": "Paket Sulawesi Selatan 18" }, "geometry": { "type": "MultiPolygon", "coordinates": [ [ [ [ 120.448831907866293, -2.682533708863502, 0.0 ], [ 120.448301315053754, -2.682479334053994, 0.0 ], [ 120.4479457509957, -2.682440884439245, 0.0 ], [ 120.448026582960551, -2.681518103577559, 0.0 ], [ 120.448939634056956, -2.681495140288462, 0.0 ], [ 120.448936381209137, -2.681587260543608, 0.0 ], [ 120.448905186425236, -2.681624192102731, 0.0 ], [ 120.448831907866293, -2.682533708863502, 0.0 ] ] ] ] } },
{ "type": "Feature", "properties": { "OBJECTID": 6462, "WADMPR": "Sulawesi Selatan", "WADMKK": "Kab. Luwu Utara", "WADMKC": "Kec. Sukamaju Selatan", "WADMKD": "Desa Sumber Baru", "POKTAN": "Gapoktan Assera", "K_POKTAN": "Sisnoto", "P_SID": "Universitas Negeri Makassar", "NO_HP_1": "0812-4359-6231", "NAMA_PEMIL": "Pemerintah Desa", "N_PETAK": "SRB074", "LUAS_HA": 0.17912090427, "PAKET": "Paket Sulawesi Selatan 18" }, "geometry": { "type": "MultiPolygon", "coordinates": [ [ [ [ 120.448301315053754, -2.682479334053994, 0.0 ], [ 120.448300833916392, -2.682870074194511, 0.0 ], [ 120.4479457509957, -2.682870074194511, 0.0 ], [ 120.4479457509957, -2.682440884439245, 0.0 ], [ 120.448301315053754, -2.682479334053994, 0.0 ] ] ] ] } },
{ "type": "Feature", "properties": { "OBJECTID": 6463, "WADMPR": "Sulawesi Selatan", "WADMKK": "Kab. Luwu Utara", "WADMKC": "Kec. Sukamaju Selatan", "WADMKD": "Desa Sumber Baru", "POKTAN": "Gapoktan Assera", "K_POKTAN": "Sisnoto", "P_SID": "Universitas Negeri Makassar", "NO_HP_1": "0812-4359-6231", "NAMA_PEMIL": "Pemerintah Desa", "N_PETAK": "SRB075", "LUAS_HA": 0.24182366151000001, "PAKET": "Paket Sulawesi Selatan 18" }, "geometry": { "type": "MultiPolygon", "coordinates": [ [ [ [ 120.448831907866293, -2.682533708863502, 0.0 ], [ 120.448831907866293, -2.682883524455065, 0.0 ], [ 120.448569792362036, -2.682877283160053, 0.0 ], [ 120.448300833916392, -2.682870074194511, 0.0 ], [ 120.448301315053754, -2.682479334053994, 0.0 ], [ 120.448831907866293, -2.682533708863502, 0.0 ] ] ] ] } },
{ "type": "Feature", "properties": { "OBJECTID": 6464, "WADMPR": "Sulawesi Selatan", "WADMKK": "Kab. Luwu Utara", "WADMKC": "Kec. Sukamaju Selatan", "WADMKD": "Desa Sumber Baru", "POKTAN": "Gapoktan Assera", "K_POKTAN": "Sisnoto", "P_SID": "Universitas Negeri Makassar", "NO_HP_1": "0812-4359-6231", "NAMA_PEMIL": "Pemerintah Desa", "N_PETAK": "SRB076", "LUAS_HA": 0.73270287151000002, "PAKET": "Paket Sulawesi Selatan 18" }, "geometry": { "type": "MultiPolygon", "coordinates": [ [ [ [ 120.448569792362036, -2.682877283160053, 0.0 ], [ 120.44857171691126, -2.683825055282, 0.0 ], [ 120.4479457509957, -2.683825055282, 0.0 ], [ 120.4479457509957, -2.682870074194511, 0.0 ], [ 120.448300833916392, -2.682870074194511, 0.0 ], [ 120.448569792362036, -2.682877283160053, 0.0 ] ] ] ] } },
{ "type": "Feature", "properties": { "OBJECTID": 6465, "WADMPR": "Sulawesi Selatan", "WADMKK": "Kab. Luwu Utara", "WADMKC": "Kec. Sukamaju Selatan", "WADMKD": "Desa Sumber Baru", "POKTAN": "Gapoktan Assera", "K_POKTAN": "Sisnoto", "P_SID": "Universitas Negeri Makassar", "NO_HP_1": "0812-4359-6231", "NAMA_PEMIL": "Pemerintah Desa", "N_PETAK": "SRB077", "LUAS_HA": 0.93281173356000002, "PAKET": "Paket Sulawesi Selatan 18" }, "geometry": { "type": "MultiPolygon", "coordinates": [ [ [ [ 120.44857171691126, -2.683825055282, 0.0 ], [ 120.448569792362036, -2.682877283160053, 0.0 ], [ 120.448831907866293, -2.682883524455065, 0.0 ], [ 120.449167440425072, -2.682941825704631, 0.0 ], [ 120.449286743588459, -2.682873531188477, 0.0 ], [ 120.449385329069742, -2.682877283160053, 0.0 ], [ 120.449385329069742, -2.683831784908875, 0.0 ], [ 120.44857171691126, -2.683825055282, 0.0 ] ] ] ] } },
{ "type": "Feature", "properties": { "OBJECTID": 6466, "WADMPR": "Sulawesi Selatan", "WADMKK": "Kab. Luwu Utara", "WADMKC": "Kec. Sukamaju Selatan", "WADMKD": "Desa Sumber Baru", "POKTAN": "Gapoktan Assera", "K_POKTAN": "Sisnoto", "P_SID": "Universitas Negeri Makassar", "NO_HP_1": "0812-4359-6231", "NAMA_PEMIL": "Pemerintah Desa", "N_PETAK": "SRB078", "LUAS_HA": 1.09135660353, "PAKET": "Paket Sulawesi Selatan 18" }, "geometry": { "type": "MultiPolygon", "coordinates": [ [ [ [ 120.447049863460506, -2.681507528449629, 0.0 ], [ 120.447028693419497, -2.682432232961162, 0.0 ], [ 120.446093351726859, -2.682432232961162, 0.0 ], [ 120.446093351726859, -2.681480615338103, 0.0 ], [ 120.447049863460506, -2.681507528449629, 0.0 ] ] ] ] } },
{ "type": "Feature", "properties": { "OBJECTID": 6467, "WADMPR": "Sulawesi Selatan", "WADMKK": "Kab. Luwu Utara", "WADMKC": "Kec. Sukamaju Selatan", "WADMKD": "Desa Sumber Baru", "POKTAN": "Gapoktan Assera", "K_POKTAN": "Sisnoto", "P_SID": "Universitas Negeri Makassar", "NO_HP_1": "0812-4359-6231", "NAMA_PEMIL": "Pemerintah Desa", "N_PETAK": "SRB079", "LUAS_HA": 0.79974693616000003, "PAKET": "Paket Sulawesi Selatan 18" }, "geometry": { "type": "MultiPolygon", "coordinates": [ [ [ [ 120.44776701433625, -2.682471191592185, 0.0 ], [ 120.447720331428172, -2.682336656611369, 0.0 ], [ 120.447244830184786, -2.68237196399491, 0.0 ], [ 120.447028693419497, -2.682432232961162, 0.0 ], [ 120.447049863460506, -2.681507528449629, 0.0 ], [ 120.447811993029063, -2.681505606598421, 0.0 ], [ 120.44776701433625, -2.682471191592185, 0.0 ] ] ] ] } },
{ "type": "Feature", "properties": { "OBJECTID": 6468, "WADMPR": "Sulawesi Selatan", "WADMKK": "Kab. Luwu Utara", "WADMKC": "Kec. Sukamaju Selatan", "WADMKD": "Desa Sumber Baru", "POKTAN": "Gapoktan Assera", "K_POKTAN": "Sisnoto", "P_SID": "Universitas Negeri Makassar", "NO_HP_1": "0812-4359-6231", "NAMA_PEMIL": "Pemerintah Desa", "N_PETAK": "SRB080", "LUAS_HA": 1.0293067326600001, "PAKET": "Paket Sulawesi Selatan 18" }, "geometry": { "type": "MultiPolygon", "coordinates": [ [ [ [ 120.446517811947501, -2.68375801172283, 0.0 ], [ 120.446005783839951, -2.683741429123586, 0.0 ], [ 120.446093351726859, -2.682432232961162, 0.0 ], [ 120.447028693419497, -2.682432232961162, 0.0 ], [ 120.447244830184786, -2.68237196399491, 0.0 ], [ 120.44723334044636, -2.682511203329341, 0.0 ], [ 120.446938493216976, -2.682501018507139, 0.0 ], [ 120.446937788148489, -2.682840589021907, 0.0 ], [ 120.446557293984029, -2.6828493556132, 0.0 ], [ 120.446522253699072, -2.683646625291487, 0.0 ], [ 120.446517811947501, -2.68375801172283, 0.0 ] ] ] ] } },
{ "type": "Feature", "properties": { "OBJECTID": 6469, "WADMPR": "Sulawesi Selatan", "WADMKK": "Kab. Luwu Utara", "WADMKC": "Kec. Sukamaju Selatan", "WADMKD": "Desa Sumber Baru", "POKTAN": "Gapoktan Assera", "K_POKTAN": "Sisnoto", "P_SID": "Universitas Negeri Makassar", "NO_HP_1": "0812-4359-6231", "NAMA_PEMIL": "Pemerintah Desa", "N_PETAK": "SRB081", "LUAS_HA": 0.71569695212999995, "PAKET": "Paket Sulawesi Selatan 18" }, "geometry": { "type": "MultiPolygon", "coordinates": [ [ [ [ 120.44776701433625, -2.682471191592185, 0.0 ], [ 120.447735972437272, -2.682876322684081, 0.0 ], [ 120.447769652947159, -2.68380198677221, 0.0 ], [ 120.447230651473433, -2.683807305362791, 0.0 ], [ 120.447256355896116, -2.682879518874643, 0.0 ], [ 120.447484649696889, -2.682875214719331, 0.0 ], [ 120.447489034791147, -2.682454870695665, 0.0 ], [ 120.44776701433625, -2.682471191592185, 0.0 ] ] ] ] } },
{ "type": "Feature", "properties": { "OBJECTID": 6470, "WADMPR": "Sulawesi Selatan", "WADMKK": "Kab. Luwu Utara", "WADMKC": "Kec. Sukamaju Selatan", "WADMKD": "Desa Sumber Baru", "POKTAN": "Gapoktan Assera", "K_POKTAN": "Sisnoto", "P_SID": "Universitas Negeri Makassar", "NO_HP_1": "0812-4359-6231", "NAMA_PEMIL": "Pemerintah Desa", "N_PETAK": "SRB082", "LUAS_HA": 1.1458058441700001, "PAKET": "Paket Sulawesi Selatan 18" }, "geometry": { "type": "MultiPolygon", "coordinates": [ [ [ [ 120.447234621980328, -2.685539887955429, 0.0 ], [ 120.447230651473433, -2.683807305362791, 0.0 ], [ 120.447769652947159, -2.68380198677221, 0.0 ], [ 120.447769652947159, -2.685539887955429, 0.0 ], [ 120.447234621980328, -2.685539887955429, 0.0 ] ] ] ] } },
{ "type": "Feature", "properties": { "OBJECTID": 6471, "WADMPR": "Sulawesi Selatan", "WADMKK": "Kab. Luwu Utara", "WADMKC": "Kec. Sukamaju Selatan", "WADMKD": "Desa Sumber Baru", "POKTAN": "Gapoktan Assera", "K_POKTAN": "Sisnoto", "P_SID": "Universitas Negeri Makassar", "NO_HP_1": "0812-4359-6231", "NAMA_PEMIL": "Pemerintah Desa", "N_PETAK": "SRB083", "LUAS_HA": 1.6034562812599999, "PAKET": "Paket Sulawesi Selatan 18" }, "geometry": { "type": "MultiPolygon", "coordinates": [ [ [ [ 120.447230651473433, -2.683807305362791, 0.0 ], [ 120.447234621980328, -2.685539887955429, 0.0 ], [ 120.446455256904642, -2.685526794725774, 0.0 ], [ 120.446504485793412, -2.684232235029583, 0.0 ], [ 120.446517811947501, -2.68375801172283, 0.0 ], [ 120.447230651473433, -2.683807305362791, 0.0 ] ] ] ] } },
{ "type": "Feature", "properties": { "OBJECTID": 6472, "WADMPR": "Sulawesi Selatan", "WADMKK": "Kab. Luwu Utara", "WADMKC": "Kec. Sukamaju Selatan", "WADMKD": "Desa Sumber Baru", "POKTAN": "Gapoktan Assera", "K_POKTAN": "Sisnoto", "P_SID": "Universitas Negeri Makassar", "NO_HP_1": "0812-4359-6231", "NAMA_PEMIL": "Pemerintah Desa", "N_PETAK": "SRB084", "LUAS_HA": 0.63037951959000005, "PAKET": "Paket Sulawesi Selatan 18" }, "geometry": { "type": "MultiPolygon", "coordinates": [ [ [ [ 120.446455256904642, -2.685526794725774, 0.0 ], [ 120.446446233107281, -2.685510182448922, 0.0 ], [ 120.44641933708283, -2.685466744294786, 0.0 ], [ 120.446407100007718, -2.685449268668776, 0.0 ], [ 120.446403789603323, -2.685444605683983, 0.0 ], [ 120.446378728195782, -2.685412865011642, 0.0 ], [ 120.44633351747791, -2.68536060181026, 0.0 ], [ 120.446322697734331, -2.685348539203687, 0.0 ], [ 120.446314999537663, -2.685340464191029, 0.0 ], [ 120.446313584904033, -2.685339016282512, 0.0 ], [ 120.446281757896827, -2.685306444636637, 0.0 ], [ 120.44627757515002, -2.685302164763073, 0.0 ], [ 120.446252260133747, -2.685278187038648, 0.0 ], [ 120.446183696720254, -2.685218106930051, 0.0 ], [ 120.446158905109428, -2.685176855927125, 0.0 ], [ 120.446138414056577, -2.685145740283644, 0.0 ], [ 120.446131750080212, -2.685136712888948, 0.0 ], [ 120.446119794493029, -2.685120936981605, 0.0 ], [ 120.446089386615995, -2.685084586384505, 0.0 ], [ 120.446084255983692, -2.685079159875272, 0.0 ], [ 120.446070835400747, -2.685065199699181, 0.0 ], [ 120.446034909283753, -2.685031691859024, 0.0 ], [ 120.446029388345664, -2.685027153880014, 0.0 ], [ 120.446006131877539, -2.685008342760739, 0.0 ], [ 120.44596912927193, -2.684981408964802, 0.0 ], [ 120.445981967993475, -2.684235741486248, 0.0 ], [ 120.446504485793412, -2.684232235029583, 0.0 ], [ 120.446455256904642, -2.685526794725774, 0.0 ] ] ] ] } },
{ "type": "Feature", "properties": { "OBJECTID": 6473, "WADMPR": "Sulawesi Selatan", "WADMKK": "Kab. Luwu Utara", "WADMKC": "Kec. Sukamaju Selatan", "WADMKD": "Desa Sumber Baru", "POKTAN": "Gapoktan Assera", "K_POKTAN": "Sisnoto", "P_SID": "Universitas Negeri Makassar", "NO_HP_1": "0812-4359-6231", "NAMA_PEMIL": "Pemerintah Desa", "N_PETAK": "SRB085", "LUAS_HA": 0.36275127683000002, "PAKET": "Paket Sulawesi Selatan 18" }, "geometry": { "type": "MultiPolygon", "coordinates": [ [ [ [ 120.447057321538182, -2.68747892431287, 0.0 ], [ 120.446969189776382, -2.687468960723891, 0.0 ], [ 120.446969332768504, -2.687464210504857, 0.0 ], [ 120.446969299493617, -2.687457604984445, 0.0 ], [ 120.446968625002114, -2.687403509864055, 0.0 ], [ 120.446965650944094, -2.687357344965449, 0.0 ], [ 120.446965595186157, -2.687356482515611, 0.0 ], [ 120.446962422377965, -2.687329348170806, 0.0 ], [ 120.446955208016448, -2.687286606091959, 0.0 ], [ 120.446950235664872, -2.687263838855017, 0.0 ], [ 120.446946811046587, -2.687249305810781, 0.0 ], [ 120.44693559650068, -2.687211858040769, 0.0 ], [ 120.446928566500219, -2.687191605308271, 0.0 ], [ 120.446922454707533, -2.687175044292815, 0.0 ], [ 120.446903996122614, -2.687134002831897, 0.0 ], [ 120.446894851816069, -2.687116105423854, 0.0 ], [ 120.446889388434556, -2.687105744334588, 0.0 ], [ 120.44685924945486, -2.687057765503425, 0.0 ], [ 120.446851985630701, -2.68704794850396, 0.0 ], [ 120.446839154103714, -2.687031092510836, 0.0 ], [ 120.446810537676242, -2.686997106231445, 0.0 ], [ 120.44678678028572, -2.686973393807023, 0.0 ], [ 120.446768908058743, -2.686956838187484, 0.0 ], [ 120.446751607800479, -2.686941614463876, 0.0 ], [ 120.446728988951691, -2.686923912208727, 0.0 ], [ 120.446708241592091, -2.686908718162783, 0.0 ], [ 120.446689762322762, -2.686895883038517, 0.0 ], [ 120.446685439281623, -2.686893037583559, 0.0 ], [ 120.446652869434388, -2.686829991510876, 0.0 ], [ 120.446648338649993, -2.686821447052068, 0.0 ], [ 120.446640025316924, -2.686806820478353, 0.0 ], [ 120.44661541896653, -2.68676533834963, 0.0 ], [ 120.446593592420413, -2.686731985192921, 0.0 ], [ 120.446589812569869, -2.686726807795878, 0.0 ], [ 120.446556096986342, -2.686681311093594, 0.0 ], [ 120.446540629546462, -2.686661606947553, 0.0 ], [ 120.446461573742681, -2.686566270716753, 0.0 ], [ 120.446446879719815, -2.6865375247869, 0.0 ], [ 120.44643359583381, -2.686505033180708, 0.0 ], [ 120.446429047962283, -2.686491017246624, 0.0 ], [ 120.447102067306673, -2.686561913501464, 0.0 ], [ 120.447057321538182, -2.68747892431287, 0.0 ] ] ] ] } },
{ "type": "Feature", "properties": { "OBJECTID": 6474, "WADMPR": "Sulawesi Selatan", "WADMKK": "Kab. Luwu Utara", "WADMKC": "Kec. Sukamaju Selatan", "WADMKD": "Desa Sumber Baru", "POKTAN": "Gapoktan Assera", "K_POKTAN": "Sisnoto", "P_SID": "Universitas Negeri Makassar", "NO_HP_1": "0812-4359-6231", "NAMA_PEMIL": "Pemerintah Desa", "N_PETAK": "SRB086", "LUAS_HA": 1.12875674801, "PAKET": "Paket Sulawesi Selatan 18" }, "geometry": { "type": "MultiPolygon", "coordinates": [ [ [ [ 120.447057321538182, -2.68747892431287, 0.0 ], [ 120.447655007372759, -2.687527940062353, 0.0 ], [ 120.447597604545876, -2.688377475639925, 0.0 ], [ 120.446440267004732, -2.688331437545742, 0.0 ], [ 120.446451854769293, -2.688299229226004, 0.0 ], [ 120.44645457881586, -2.68829080797434, 0.0 ], [ 120.446470163167533, -2.688236672384448, 0.0 ], [ 120.446478498983652, -2.688207712415931, 0.0 ], [ 120.446543199808843, -2.68804143676283, 0.0 ], [ 120.446544242123082, -2.688038669548916, 0.0 ], [ 120.446545896875705, -2.688033846484757, 0.0 ], [ 120.446588417721387, -2.687901954611448, 0.0 ], [ 120.446590440296632, -2.687895066703902, 0.0 ], [ 120.446618303991613, -2.687789965634352, 0.0 ], [ 120.446620008206878, -2.687782745876973, 0.0 ], [ 120.44662262163672, -2.687770162562913, 0.0 ], [ 120.446630161552775, -2.687733830851585, 0.0 ], [ 120.44663106986809, -2.687729013183343, 0.0 ], [ 120.446638843607843, -2.687681412966811, 0.0 ], [ 120.446639734835912, -2.687674994505358, 0.0 ], [ 120.446644877159429, -2.687630157006083, 0.0 ], [ 120.44664550038965, -2.687623109019228, 0.0 ], [ 120.446648215442906, -2.687579574637596, 0.0 ], [ 120.446654536777487, -2.687471204532415, 0.0 ], [ 120.446654762507364, -2.687462559349569, 0.0 ], [ 120.446789523217944, -2.687463693394704, 0.0 ], [ 120.446869855159775, -2.687464370584166, 0.0 ], [ 120.447057321538182, -2.68747892431287, 0.0 ] ] ] ] } },
{ "type": "Feature", "properties": { "OBJECTID": 6475, "WADMPR": "Sulawesi Selatan", "WADMKK": "Kab. Luwu Utara", "WADMKC": "Kec. Sukamaju Selatan", "WADMKD": "Desa Sumber Baru", "POKTAN": "Gapoktan Assera", "K_POKTAN": "Sisnoto", "P_SID": "Universitas Negeri Makassar", "NO_HP_1": "0812-4359-6231", "NAMA_PEMIL": "Pemerintah Desa", "N_PETAK": "SRB087", "LUAS_HA": 1.4686628122200001, "PAKET": "Paket Sulawesi Selatan 18" }, "geometry": { "type": "MultiPolygon", "coordinates": [ [ [ [ 120.449835919092493, -2.686660919865517, 0.0 ], [ 120.449874895709968, -2.687545753833433, 0.0 ], [ 120.448469473887144, -2.687506799699008, 0.0 ], [ 120.44849256937664, -2.686653230662046, 0.0 ], [ 120.449835919092493, -2.686660919865517, 0.0 ] ] ] ] } },
{ "type": "Feature", "properties": { "OBJECTID": 6476, "WADMPR": "Sulawesi Selatan", "WADMKK": "Kab. Luwu Utara", "WADMKC": "Kec. Sukamaju Selatan", "WADMKD": "Desa Sumber Baru", "POKTAN": "Gapoktan Assera", "K_POKTAN": "Sisnoto", "P_SID": "Universitas Negeri Makassar", "NO_HP_1": "0812-4359-6231", "NAMA_PEMIL": "Pemerintah Desa", "N_PETAK": "SRB088", "LUAS_HA": 0.45439707339000002, "PAKET": "Paket Sulawesi Selatan 18" }, "geometry": { "type": "MultiPolygon", "coordinates": [ [ [ [ 120.449974488431963, -2.685703537588154, 0.0 ], [ 120.449938883372852, -2.686571045217534, 0.0 ], [ 120.449514731619615, -2.68657721186878, 0.0 ], [ 120.449552634446604, -2.685697437486681, 0.0 ], [ 120.449974488431963, -2.685703537588154, 0.0 ] ] ] ] } },
{ "type": "Feature", "properties": { "OBJECTID": 6477, "WADMPR": "Sulawesi Selatan", "WADMKK": "Kab. Luwu Utara", "WADMKC": "Kec. Sukamaju Selatan", "WADMKD": "Desa Sumber Baru", "POKTAN": "Gapoktan Assera", "K_POKTAN": "Sisnoto", "P_SID": "Universitas Negeri Makassar", "NO_HP_1": "0812-4359-6231", "NAMA_PEMIL": "Pemerintah Desa", "N_PETAK": "SRB089", "LUAS_HA": 0.36889476922999997, "PAKET": "Paket Sulawesi Selatan 18" }, "geometry": { "type": "MultiPolygon", "coordinates": [ [ [ [ 120.449974488431963, -2.685703537588154, 0.0 ], [ 120.449552634446604, -2.685697437486681, 0.0 ], [ 120.449535682226042, -2.685695421206674, 0.0 ], [ 120.449317329531141, -2.685669434396857, 0.0 ], [ 120.449325290329966, -2.685546195800271, 0.0 ], [ 120.44934465363292, -2.68524643647379, 0.0 ], [ 120.450021814355296, -2.685244514622582, 0.0 ], [ 120.449974488431963, -2.685703537588154, 0.0 ] ] ] ] } },
{ "type": "Feature", "properties": { "OBJECTID": 6478, "WADMPR": "Sulawesi Selatan", "WADMKK": "Kab. Luwu Utara", "WADMKC": "Kec. Sukamaju Selatan", "WADMKD": "Desa Sumber Baru", "POKTAN": "Gapoktan Assera", "K_POKTAN": "Sisnoto", "P_SID": "Universitas Negeri Makassar", "NO_HP_1": "0812-4359-6231", "NAMA_PEMIL": "Pemerintah Desa", "N_PETAK": "SRB090", "LUAS_HA": 1.2110563166199999, "PAKET": "Paket Sulawesi Selatan 18" }, "geometry": { "type": "MultiPolygon", "coordinates": [ [ [ [ 120.45099071604875, -2.684835897758433, 0.0 ], [ 120.451017604878643, -2.685703537588154, 0.0 ], [ 120.45004184765321, -2.685705458540042, 0.0 ], [ 120.450055320396814, -2.685276270583358, 0.0 ], [ 120.450053394948327, -2.684651952225749, 0.0 ], [ 120.450996434837634, -2.684684635387555, 0.0 ], [ 120.45099071604875, -2.684835897758433, 0.0 ] ] ] ] } },
{ "type": "Feature", "properties": { "OBJECTID": 6479, "WADMPR": "Sulawesi Selatan", "WADMKK": "Kab. Luwu Utara", "WADMKC": "Kec. Sukamaju Selatan", "WADMKD": "Desa Sumber Baru", "POKTAN": "Gapoktan Assera", "K_POKTAN": "Sisnoto", "P_SID": "Universitas Negeri Makassar", "NO_HP_1": "0812-4359-6231", "NAMA_PEMIL": "Pemerintah Desa", "N_PETAK": "SRB091", "LUAS_HA": 1.09175771237, "PAKET": "Paket Sulawesi Selatan 18" }, "geometry": { "type": "MultiPolygon", "coordinates": [ [ [ [ 120.450882884637508, -2.686712826036057, 0.0 ], [ 120.450867488244057, -2.687570240574075, 0.0 ], [ 120.449874895709968, -2.687545753833433, 0.0 ], [ 120.449835919092493, -2.686660919865517, 0.0 ], [ 120.450882884637508, -2.686712826036057, 0.0 ] ] ] ] } },
{ "type": "Feature", "properties": { "OBJECTID": 6480, "WADMPR": "Sulawesi Selatan", "WADMKK": "Kab. Luwu Utara", "WADMKC": "Kec. Sukamaju Selatan", "WADMKD": "Desa Sumber Baru", "POKTAN": "Gapoktan Assera", "K_POKTAN": "Sisnoto", "P_SID": "Universitas Negeri Makassar", "NO_HP_1": "0812-4359-6231", "NAMA_PEMIL": "Pemerintah Desa", "N_PETAK": "SRB092", "LUAS_HA": 0.90383599907000001, "PAKET": "Paket Sulawesi Selatan 18" }, "geometry": { "type": "MultiPolygon", "coordinates": [ [ [ [ 120.451738202855836, -2.687559004444438, 0.0 ], [ 120.450867488244057, -2.687570240574075, 0.0 ], [ 120.450882884637508, -2.686712826036057, 0.0 ], [ 120.451738202855836, -2.686712826036057, 0.0 ], [ 120.451738202855836, -2.687559004444438, 0.0 ] ] ] ] } },
{ "type": "Feature", "properties": { "OBJECTID": 6481, "WADMPR": "Sulawesi Selatan", "WADMKK": "Kab. Luwu Utara", "WADMKC": "Kec. Sukamaju Selatan", "WADMKD": "Desa Sumber Baru", "POKTAN": "Gapoktan Assera", "K_POKTAN": "Sisnoto", "P_SID": "Universitas Negeri Makassar", "NO_HP_1": "0812-4359-6231", "NAMA_PEMIL": "Pemerintah Desa", "N_PETAK": "SRB093", "LUAS_HA": 0.9509796102, "PAKET": "Paket Sulawesi Selatan 18" }, "geometry": { "type": "MultiPolygon", "coordinates": [ [ [ [ 120.452683320179176, -2.686737818195695, 0.0 ], [ 120.452632474309326, -2.687591950208287, 0.0 ], [ 120.451763415349433, -2.687558284986835, 0.0 ], [ 120.451772744916298, -2.687222486228734, 0.0 ], [ 120.451747555805127, -2.687222352229696, 0.0 ], [ 120.451738202855836, -2.687559004444438, 0.0 ], [ 120.451738202855836, -2.686712826036057, 0.0 ], [ 120.452683320179176, -2.686737818195695, 0.0 ] ] ] ] } },
{ "type": "Feature", "properties": { "OBJECTID": 6482, "WADMPR": "Sulawesi Selatan", "WADMKK": "Kab. Luwu Utara", "WADMKC": "Kec. Sukamaju Selatan", "WADMKD": "Desa Sumber Baru", "POKTAN": "Gapoktan Assera", "K_POKTAN": "Sisnoto", "P_SID": "Universitas Negeri Makassar", "NO_HP_1": "0812-4359-6231", "NAMA_PEMIL": "Pemerintah Desa", "N_PETAK": "SRB094", "LUAS_HA": 0.49367226566, "PAKET": "Paket Sulawesi Selatan 18" }, "geometry": { "type": "MultiPolygon", "coordinates": [ [ [ [ 120.453134823013784, -2.687377337793862, 0.0 ], [ 120.453155802398442, -2.687574085175868, 0.0 ], [ 120.452632474309326, -2.687591950208287, 0.0 ], [ 120.452683320179176, -2.686737818195695, 0.0 ], [ 120.453125970087513, -2.686743584648639, 0.0 ], [ 120.453128472001481, -2.686808687470887, 0.0 ], [ 120.453132264442502, -2.687148296656517, 0.0 ], [ 120.453132265341878, -2.68714837579688, 0.0 ], [ 120.453134823013784, -2.687377337793862, 0.0 ] ] ] ] } },
{ "type": "Feature", "properties": { "OBJECTID": 6483, "WADMPR": "Sulawesi Selatan", "WADMKK": "Kab. Luwu Utara", "WADMKC": "Kec. Sukamaju Selatan", "WADMKD": "Desa Sumber Baru", "POKTAN": "Gapoktan Assera", "K_POKTAN": "Sisnoto", "P_SID": "Universitas Negeri Makassar", "NO_HP_1": "0812-4359-6231", "NAMA_PEMIL": "Pemerintah Desa", "N_PETAK": "SRB095", "LUAS_HA": 0.74159499606000001, "PAKET": "Paket Sulawesi Selatan 18" }, "geometry": { "type": "MultiPolygon", "coordinates": [ [ [ [ 120.452632474309326, -2.687591950208287, 0.0 ], [ 120.453155802398442, -2.687574085175868, 0.0 ], [ 120.453134823013784, -2.687377337793862, 0.0 ], [ 120.453215619904995, -2.687381888363404, 0.0 ], [ 120.453334306133343, -2.687381550218333, 0.0 ], [ 120.453362935151404, -2.68738146927933, 0.0 ], [ 120.453571967272524, -2.687361758838051, 0.0 ], [ 120.454487844938171, -2.687382921684446, 0.0 ], [ 120.454463180131711, -2.687757826562404, 0.0 ], [ 120.454438982972761, -2.687757183547149, 0.0 ], [ 120.454029046803157, -2.687731418869816, 0.0 ], [ 120.453899357369551, -2.687723265616171, 0.0 ], [ 120.453836768152428, -2.687719331981555, 0.0 ], [ 120.453590655184598, -2.687725656014152, 0.0 ], [ 120.45357375602407, -2.687726092185358, 0.0 ], [ 120.453571862951208, -2.687746679465647, 0.0 ], [ 120.453559922652403, -2.687876659380265, 0.0 ], [ 120.453334306133343, -2.687877301496201, 0.0 ], [ 120.453239164156116, -2.687877572192178, 0.0 ], [ 120.453103591357717, -2.687827783025739, 0.0 ], [ 120.453060397819172, -2.687677375010821, 0.0 ], [ 120.452632798964601, -2.687707262180368, 0.0 ], [ 120.452632474309326, -2.687591950208287, 0.0 ] ] ] ] } },
{ "type": "Feature", "properties": { "OBJECTID": 6484, "WADMPR": "Sulawesi Selatan", "WADMKK": "Kab. Luwu Utara", "WADMKC": "Kec. Sukamaju Selatan", "WADMKD": "Desa Sumber Baru", "POKTAN": "Gapoktan Assera", "K_POKTAN": "Sisnoto", "P_SID": "Universitas Negeri Makassar", "NO_HP_1": "0812-4359-6231", "NAMA_PEMIL": "Pemerintah Desa", "N_PETAK": "SRB096", "LUAS_HA": 1.09640016029, "PAKET": "Paket Sulawesi Selatan 18" }, "geometry": { "type": "MultiPolygon", "coordinates": [ [ [ [ 120.451016642604031, -2.686624873239282, 0.0 ], [ 120.450012017140921, -2.686596997853144, 0.0 ], [ 120.450037036280264, -2.685721801020236, 0.0 ], [ 120.451017604878643, -2.685703537588154, 0.0 ], [ 120.451016642604031, -2.686624873239282, 0.0 ] ] ] ] } },
{ "type": "Feature", "properties": { "OBJECTID": 6485, "WADMPR": "Sulawesi Selatan", "WADMKK": "Kab. Luwu Utara", "WADMKC": "Kec. Sukamaju Selatan", "WADMKD": "Desa Sumber Baru", "POKTAN": "Gapoktan Assera", "K_POKTAN": "Sisnoto", "P_SID": "Universitas Negeri Makassar", "NO_HP_1": "0812-4359-6231", "NAMA_PEMIL": "Pemerintah Desa", "N_PETAK": "SRB097", "LUAS_HA": 0.19601276399000001, "PAKET": "Paket Sulawesi Selatan 18" }, "geometry": { "type": "MultiPolygon", "coordinates": [ [ [ [ 120.451166528112822, -2.685707162755307, 0.0 ], [ 120.451017604878643, -2.685703537588154, 0.0 ], [ 120.45099071604875, -2.684835897758433, 0.0 ], [ 120.451064212243637, -2.684840531964937, 0.0 ], [ 120.451163921877537, -2.684846820924008, 0.0 ], [ 120.451186874374798, -2.684848267033829, 0.0 ], [ 120.451181795903267, -2.684896939242321, 0.0 ], [ 120.451211781998154, -2.684900620167411, 0.0 ], [ 120.451173568905119, -2.685581684846852, 0.0 ], [ 120.451166528112822, -2.685707162755307, 0.0 ] ] ] ] } },
{ "type": "Feature", "properties": { "OBJECTID": 6486, "WADMPR": "Sulawesi Selatan", "WADMKK": "Kab. Luwu Utara", "WADMKC": "Kec. Sukamaju Selatan", "WADMKD": "Desa Sumber Baru", "POKTAN": "Gapoktan Assera", "K_POKTAN": "Sisnoto", "P_SID": "Universitas Negeri Makassar", "NO_HP_1": "0812-4359-6231", "NAMA_PEMIL": "Pemerintah Desa", "N_PETAK": "SRB098", "LUAS_HA": 0.05613618891, "PAKET": "Paket Sulawesi Selatan 18" }, "geometry": { "type": "MultiPolygon", "coordinates": [ [ [ [ 120.451838434096544, -2.68572420400875, 0.0 ], [ 120.451629913689658, -2.685729740235274, 0.0 ], [ 120.451659395264983, -2.685652001038989, 0.0 ], [ 120.45168295390522, -2.685580252226828, 0.0 ], [ 120.451733898700581, -2.685540612809007, 0.0 ], [ 120.451876449338783, -2.685339273488637, 0.0 ], [ 120.451838434096544, -2.68572420400875, 0.0 ] ] ] ] } },
{ "type": "Feature", "properties": { "OBJECTID": 6487, "WADMPR": "Sulawesi Selatan", "WADMKK": "Kab. Luwu Utara", "WADMKC": "Kec. Sukamaju Selatan", "WADMKD": "Desa Sumber Baru", "POKTAN": "Gapoktan Assera", "K_POKTAN": "Sisnoto", "P_SID": "Universitas Negeri Makassar", "NO_HP_1": "0812-4359-6231", "NAMA_PEMIL": "Pemerintah Desa", "N_PETAK": "SRB099", "LUAS_HA": 0.91031582505999997, "PAKET": "Paket Sulawesi Selatan 18" }, "geometry": { "type": "MultiPolygon", "coordinates": [ [ [ [ 120.451166528112822, -2.685707162755307, 0.0 ], [ 120.451279470371333, -2.685736709081823, 0.0 ], [ 120.451469550179695, -2.685736168589244, 0.0 ], [ 120.451629913689658, -2.685729740235274, 0.0 ], [ 120.451838434096544, -2.68572420400875, 0.0 ], [ 120.451815339506425, -2.686654671375948, 0.0 ], [ 120.451016642604031, -2.686624873239282, 0.0 ], [ 120.451017604878643, -2.685703537588154, 0.0 ], [ 120.451166528112822, -2.685707162755307, 0.0 ] ] ] ] } },
{ "type": "Feature", "properties": { "OBJECTID": 6488, "WADMPR": "Sulawesi Selatan", "WADMKK": "Kab. Luwu Utara", "WADMKC": "Kec. Sukamaju Selatan", "WADMKD": "Desa Sumber Baru", "POKTAN": "Gapoktan Assera", "K_POKTAN": "Sisnoto", "P_SID": "Universitas Negeri Makassar", "NO_HP_1": "0812-4359-6231", "NAMA_PEMIL": "Pemerintah Desa", "N_PETAK": "SRB100", "LUAS_HA": 0.3710203582, "PAKET": "Paket Sulawesi Selatan 18" }, "geometry": { "type": "MultiPolygon", "coordinates": [ [ [ [ 120.451838434096544, -2.68572420400875, 0.0 ], [ 120.452691163166719, -2.685682317185126, 0.0 ], [ 120.452578604918699, -2.685790161186958, 0.0 ], [ 120.452477809803099, -2.685856156136651, 0.0 ], [ 120.452418729740657, -2.685969816054126, 0.0 ], [ 120.452359481504914, -2.686023745699231, 0.0 ], [ 120.452257501982217, -2.686060992920432, 0.0 ], [ 120.452211131138824, -2.686077928953239, 0.0 ], [ 120.452241269219257, -2.686233151938382, 0.0 ], [ 120.452240188234214, -2.686254388529164, 0.0 ], [ 120.451870315063047, -2.686277693560669, 0.0 ], [ 120.451838434096544, -2.68572420400875, 0.0 ] ] ] ] } },
{ "type": "Feature", "properties": { "OBJECTID": 6489, "WADMPR": "Sulawesi Selatan", "WADMKK": "Kab. Luwu Utara", "WADMKC": "Kec. Sukamaju Selatan", "WADMKD": "Desa Sumber Baru", "POKTAN": "Gapoktan Assera", "K_POKTAN": "Sisnoto", "P_SID": "Universitas Negeri Makassar", "NO_HP_1": "0812-4359-6231", "NAMA_PEMIL": "Pemerintah Desa", "N_PETAK": "SRB101", "LUAS_HA": 1.6571201545500001, "PAKET": "Paket Sulawesi Selatan 18" }, "geometry": { "type": "MultiPolygon", "coordinates": [ [ [ [ 120.45372643752512, -2.685729970461693, 0.0 ], [ 120.453416093178248, -2.685769858991762, 0.0 ], [ 120.453418937733886, -2.685677813380323, 0.0 ], [ 120.453425947049823, -2.685450937810458, 0.0 ], [ 120.453334306133343, -2.685456505513287, 0.0 ], [ 120.453203675109535, -2.685464441130989, 0.0 ], [ 120.453207523308606, -2.685402975167108, 0.0 ], [ 120.453213905797156, -2.685301037013176, 0.0 ], [ 120.453225194087508, -2.685120728338916, 0.0 ], [ 120.453188147415176, -2.685108239453655, 0.0 ], [ 120.453153535207548, -2.685096569850771, 0.0 ], [ 120.452934293083217, -2.685100733711863, 0.0 ], [ 120.45279780027829, -2.685267766594109, 0.0 ], [ 120.452769978851506, -2.685301813128149, 0.0 ], [ 120.452767511111801, -2.685371483607014, 0.0 ], [ 120.452738229186025, -2.685520902367728, 0.0 ], [ 120.452720079967776, -2.685583145345845, 0.0 ], [ 120.452691163166719, -2.685682317185126, 0.0 ], [ 120.451838434096544, -2.68572420400875, 0.0 ], [ 120.451876449338783, -2.685339273488637, 0.0 ], [ 120.45188249098419, -2.685221658352816, 0.0 ], [ 120.451900210326471, -2.684876664026774, 0.0 ], [ 120.451907870751711, -2.684876251237938, 0.0 ], [ 120.451954082415, -2.684873761015183, 0.0 ], [ 120.452022280703773, -2.684870082788052, 0.0 ], [ 120.452203692846183, -2.684873910302656, 0.0 ], [ 120.452369962204102, -2.684855517368192, 0.0 ], [ 120.452631153205175, -2.684795039759251, 0.0 ], [ 120.453695643838955, -2.684745673274165, 0.0 ], [ 120.45372643752512, -2.685729970461693, 0.0 ] ] ] ] } },
{ "type": "Feature", "properties": { "OBJECTID": 6490, "WADMPR": "Sulawesi Selatan", "WADMKK": "Kab. Luwu Utara", "WADMKC": "Kec. Sukamaju Selatan", "WADMKD": "Desa Sumber Baru", "POKTAN": "Gapoktan Assera", "K_POKTAN": "Sisnoto", "P_SID": "Universitas Negeri Makassar", "NO_HP_1": "0812-4359-6231", "NAMA_PEMIL": "Pemerintah Desa", "N_PETAK": "SRB102", "LUAS_HA": 0.75349709718000002, "PAKET": "Paket Sulawesi Selatan 18" }, "geometry": { "type": "MultiPolygon", "coordinates": [ [ [ [ 120.453416093178248, -2.685769858991762, 0.0 ], [ 120.45372643752512, -2.685729970461693, 0.0 ], [ 120.453670624699612, -2.686680624011558, 0.0 ], [ 120.452806743136762, -2.68664968283656, 0.0 ], [ 120.452871577960991, -2.686470297765993, 0.0 ], [ 120.452948430425749, -2.686338663098752, 0.0 ], [ 120.453025247816981, -2.686195081837525, 0.0 ], [ 120.453101995960424, -2.686027606488778, 0.0 ], [ 120.453196617230219, -2.685878005165762, 0.0 ], [ 120.453297394359311, -2.685806036019699, 0.0 ], [ 120.453334306133343, -2.685794785500889, 0.0 ], [ 120.453416093178248, -2.685769858991762, 0.0 ] ] ] ] } }
]
}
