{
"type": "FeatureCollection",
"name": "SULTENG_PAKET_9",
"crs": { "type": "name", "properties": { "name": "urn:ogc:def:crs:OGC:1.3:CRS84" } },
"features": [
{ "type": "Feature", "properties": { "WADMPR": "SULAWESI TENGAH", "WADMKK": "TOJO UNA - UNA", "WADMKC": "BATUDAKA", "WADMKD": "KAMBUTU", "POKTAN": "KT BATU MEREK", "LUAS_HA": 51.001150773399999, "PAKET": "Paket Sulawesi Tengah 9" }, "geometry": { "type": "MultiPolygon", "coordinates": [ [ [ [ 121.794214435429438, -0.479985636462391, 0.0 ], [ 121.793939305977432, -0.480643694110033, 0.0 ], [ 121.793869699590445, -0.480830162630844, 0.0 ], [ 121.793876417478273, -0.480869192993612, 0.0 ], [ 121.793880748021934, -0.480901689589945, 0.0 ], [ 121.793915505740628, -0.481073336207373, 0.0 ], [ 121.794021843614217, -0.481396681422573, 0.0 ], [ 121.794156957246145, -0.481711505997785, 0.0 ], [ 121.794182257942126, -0.48177045846455, 0.0 ], [ 121.794251868034024, -0.481909674499884, 0.0 ], [ 121.794385446461419, -0.482103948009666, 0.0 ], [ 121.794442490976522, -0.482164985750838, 0.0 ], [ 121.794524497165412, -0.482226027944603, 0.0 ], [ 121.794595810548998, -0.48225834937532, 0.0 ], [ 121.794684955597532, -0.482279904413582, 0.0 ], [ 121.794777670391611, -0.482279920942705, 0.0 ], [ 121.794845426038123, -0.482265573590336, 0.0 ], [ 121.794847023719058, -0.482265114358085, 0.0 ], [ 121.79491543683163, -0.482232829533468, 0.0 ], [ 121.79504614946606, -0.482113124453703, 0.0 ], [ 121.795096088808236, -0.482022190280179, 0.0 ], [ 121.795138896238541, -0.481931254832778, 0.0 ], [ 121.795174568814332, -0.481857070783311, 0.0 ], [ 121.795222136308666, -0.481735024072561, 0.0 ], [ 121.795272607439514, -0.481637098101517, 0.0 ], [ 121.795307015310399, -0.481594574318551, 0.0 ], [ 121.795349700573183, -0.481559267720349, 0.0 ], [ 121.795420248535706, -0.481529455501883, 0.0 ], [ 121.795535864350782, -0.481490490873835, 0.0 ], [ 121.795567398005232, -0.481481205731563, 0.0 ], [ 121.795665552077494, -0.481469515620571, 0.0 ], [ 121.795764088457403, -0.481473300140806, 0.0 ], [ 121.795815436859925, -0.481480967637575, 0.0 ], [ 121.795891503169386, -0.481523102177392, 0.0 ], [ 121.795940942677333, -0.481570975758237, 0.0 ], [ 121.795947352297361, -0.481583456161701, 0.0 ], [ 121.795969456309848, -0.481650795366002, 0.0 ], [ 121.795969452172258, -0.481674368774171, 0.0 ], [ 121.795967982175299, -0.481682869019249, 0.0 ], [ 121.795950977756647, -0.481733783838685, 0.0 ], [ 121.795861794313026, -0.481860100611613, 0.0 ], [ 121.795843054927886, -0.481890272747463, 0.0 ], [ 121.795821856406505, -0.481922998779003, 0.0 ], [ 121.795767271491272, -0.482007266332829, 0.0 ], [ 121.795755630608951, -0.482030693805977, 0.0 ], [ 121.795746032513065, -0.482065451673203, 0.0 ], [ 121.795745251000426, -0.482074480809294, 0.0 ], [ 121.795748470939458, -0.482106933204512, 0.0 ], [ 121.795769220090605, -0.482186964430362, 0.0 ], [ 121.795796737333717, -0.482242204863007, 0.0 ], [ 121.795873584557143, -0.482367465325078, 0.0 ], [ 121.795934866191942, -0.482440751399099, 0.0 ], [ 121.795991579486198, -0.482488653452776, 0.0 ], [ 121.796085606959167, -0.482527239202878, 0.0 ], [ 121.796176960790717, -0.482570052051983, 0.0 ], [ 121.796331352013723, -0.482662839240145, 0.0 ], [ 121.796452361244391, -0.48279520163957, 0.0 ], [ 121.796197890720478, -0.483053206099761, 0.0 ], [ 121.796242581630509, -0.483196531054107, 0.0 ], [ 121.796383097102648, -0.483647168740216, 0.0 ], [ 121.796686172229556, -0.484619139818962, 0.0 ], [ 121.796423329862819, -0.485161252805904, 0.0 ], [ 121.796147096112335, -0.485730985153118, 0.0 ], [ 121.796045302749235, -0.48594093188444, 0.0 ], [ 121.796480178917577, -0.487504958141539, 0.0 ], [ 121.797273636369496, -0.488134382848989, 0.0 ], [ 121.797251448296237, -0.48831661517296, 0.0 ], [ 121.797234656498375, -0.488454530280239, 0.0 ], [ 121.797115086302753, -0.488434666674987, 0.0 ], [ 121.797017599785917, -0.488415389130496, 0.0 ], [ 121.796923904876849, -0.488408672808323, 0.0 ], [ 121.796876217840236, -0.488412749824888, 0.0 ], [ 121.796758298335334, -0.488441447453667, 0.0 ], [ 121.796676601925213, -0.488470344206937, 0.0 ], [ 121.796626742311659, -0.488487979999085, 0.0 ], [ 121.796386960166629, -0.488546990193126, 0.0 ], [ 121.796279143578758, -0.488554049309855, 0.0 ], [ 121.796055887850542, -0.488542876010509, 0.0 ], [ 121.795963803129538, -0.488527767949056, 0.0 ], [ 121.79571411002496, -0.48845488804231, 0.0 ], [ 121.795589305600743, -0.488405624409472, 0.0 ], [ 121.79533621011204, -0.488321531261101, 0.0 ], [ 121.795095743294354, -0.488222456109667, 0.0 ], [ 121.794962549822117, -0.488160854715188, 0.0 ], [ 121.794929434070582, -0.4881423518721, 0.0 ], [ 121.794842743358998, -0.488078015554055, 0.0 ], [ 121.794698168538588, -0.48794587633432, 0.0 ], [ 121.794589907543497, -0.487807573098626, 0.0 ], [ 121.794537727746928, -0.487720725440164, 0.0 ], [ 121.79448211637974, -0.487588529174837, 0.0 ], [ 121.794447240917719, -0.487418123556486, 0.0 ], [ 121.794440300886819, -0.487248273793362, 0.0 ], [ 121.794455405374933, -0.487140183476946, 0.0 ], [ 121.794477058567395, -0.487068023185372, 0.0 ], [ 121.794503812803782, -0.487014180144775, 0.0 ], [ 121.794524628562272, -0.486933412104538, 0.0 ], [ 121.794527614539319, -0.486852640853552, 0.0 ], [ 121.79449196879591, -0.486774854197491, 0.0 ], [ 121.79446137921785, -0.486753776117507, 0.0 ], [ 121.794416527196617, -0.486742972011826, 0.0 ], [ 121.794286930603874, -0.48675088491278, 0.0 ], [ 121.794194809029037, -0.486756851425227, 0.0 ], [ 121.794074991996823, -0.486748788417596, 0.0 ], [ 121.794026199965643, -0.486724429518899, 0.0 ], [ 121.793997566018092, -0.486705204824217, 0.0 ], [ 121.793944242126699, -0.486644817151797, 0.0 ], [ 121.793886915243291, -0.486567840310604, 0.0 ], [ 121.793825341042833, -0.486501206048344, 0.0 ], [ 121.793541461100517, -0.48623044095416, 0.0 ], [ 121.793491547515131, -0.486175387516604, 0.0 ], [ 121.793377452283124, -0.486089210451507, 0.0 ], [ 121.793344045943257, -0.486067715991977, 0.0 ], [ 121.7932533037132, -0.486014226961143, 0.0 ], [ 121.793200075534529, -0.485982851011244, 0.0 ], [ 121.793110853207367, -0.485922426350573, 0.0 ], [ 121.792897444946249, -0.485777898381286, 0.0 ], [ 121.792748635445847, -0.485677119083111, 0.0 ], [ 121.792707137637734, -0.48564551874913, 0.0 ], [ 121.792627294215208, -0.485589853308355, 0.0 ], [ 121.792533331703325, -0.485542517038824, 0.0 ], [ 121.792453113544497, -0.485519769900699, 0.0 ], [ 121.792290422607252, -0.485442006491392, 0.0 ], [ 121.792180983531935, -0.485371114657381, 0.0 ], [ 121.792080765760048, -0.485299558446251, 0.0 ], [ 121.792057381018466, -0.485278097632985, 0.0 ], [ 121.791964104702174, -0.485211262746839, 0.0 ], [ 121.791925080584193, -0.485189092337797, 0.0 ], [ 121.791875637139825, -0.485164193796299, 0.0 ], [ 121.791796938667161, -0.485140669626322, 0.0 ], [ 121.791742037757075, -0.485136408243517, 0.0 ], [ 121.791677256223338, -0.485143979667268, 0.0 ], [ 121.79149097313072, -0.485162237644836, 0.0 ], [ 121.791280749882844, -0.485160500077157, 0.0 ], [ 121.791139140328042, -0.48513831583972, 0.0 ], [ 121.790915534791452, -0.485083890894889, 0.0 ], [ 121.790825619231114, -0.485054941008755, 0.0 ], [ 121.790796845993071, -0.485038924983252, 0.0 ], [ 121.790710118006018, -0.484985823793333, 0.0 ], [ 121.790622171931759, -0.484906831227167, 0.0 ], [ 121.790565128206794, -0.484842203630618, 0.0 ], [ 121.790508084058018, -0.484779969270877, 0.0 ], [ 121.790472436879654, -0.484710559056842, 0.0 ], [ 121.790443917353059, -0.484665082471872, 0.0 ], [ 121.790397115139712, -0.484574747634663, 0.0 ], [ 121.790356891031593, -0.484415155150076, 0.0 ], [ 121.790347943332677, -0.484316453241787, 0.0 ], [ 121.790353678130373, -0.484217118259536, 0.0 ], [ 121.790379835029398, -0.4840742451667, 0.0 ], [ 121.790396508094091, -0.483893798276875, 0.0 ], [ 121.790347061984434, -0.483508062121016, 0.0 ], [ 121.790271825417364, -0.483111507057104, 0.0 ], [ 121.790245767197916, -0.48304535927066, 0.0 ], [ 121.790220782857219, -0.482945421908524, 0.0 ], [ 121.790202936899831, -0.482834776971911, 0.0 ], [ 121.79020126379848, -0.482771199118662, 0.0 ], [ 121.790226266949048, -0.482629496369087, 0.0 ], [ 121.790267405629365, -0.482522974268954, 0.0 ], [ 121.790389129723494, -0.482207788997546, 0.0 ], [ 121.790652555885913, -0.481797331974533, 0.0 ], [ 121.79081673869517, -0.481526073420188, 0.0 ], [ 121.790898116261559, -0.481363318287594, 0.0 ], [ 121.7909525799422, -0.481214677826711, 0.0 ], [ 121.790977352313021, -0.481069216907535, 0.0 ], [ 121.79098092150457, -0.480955002779476, 0.0 ], [ 121.79098092150457, -0.48082651188523, 0.0 ], [ 121.790956304662728, -0.480677118112929, 0.0 ], [ 121.790948798781088, -0.4806302063524, 0.0 ], [ 121.790927383632123, -0.480530268990415, 0.0 ], [ 121.790894278111821, -0.480463868960364, 0.0 ], [ 121.790830657665509, -0.480378388611461, 0.0 ], [ 121.790773856371146, -0.480337568334006, 0.0 ], [ 121.790751237901418, -0.480325489534126, 0.0 ], [ 121.790684285668817, -0.480309133153961, 0.0 ], [ 121.790628301985848, -0.480308130181214, 0.0 ], [ 121.790518304464058, -0.48032635613103, 0.0 ], [ 121.790450303972435, -0.480341947549218, 0.0 ], [ 121.790262233144148, -0.480391388061721, 0.0 ], [ 121.790216422736634, -0.48040343081214, 0.0 ], [ 121.790172433703205, -0.480413687628496, 0.0 ], [ 121.790098407330646, -0.480419171063463, 0.0 ], [ 121.78996569705906, -0.480394340201143, 0.0 ], [ 121.789917387170689, -0.480376563479019, 0.0 ], [ 121.789477830146325, -0.480238617797732, 0.0 ], [ 121.788547253715706, -0.479990002801982, 0.0 ], [ 121.788178062633705, -0.479866169937434, 0.0 ], [ 121.787999800914562, -0.479791538650837, 0.0 ], [ 121.787914713964582, -0.479745026685385, 0.0 ], [ 121.787839199144059, -0.479672430445534, 0.0 ], [ 121.787791222399193, -0.479595846371499, 0.0 ], [ 121.787747447504557, -0.479488000934278, 0.0 ], [ 121.787732714256862, -0.479412348476936, 0.0 ], [ 121.787730312604296, -0.479330656538191, 0.0 ], [ 121.787747945527684, -0.479193835556736, 0.0 ], [ 121.787799122474766, -0.478995673152683, 0.0 ], [ 121.787850211182317, -0.478891153741852, 0.0 ], [ 121.787881149822041, -0.478849507994839, 0.0 ], [ 121.787969349863246, -0.478781473148844, 0.0 ], [ 121.788007484062831, -0.478762240895886, 0.0 ], [ 121.788141274271652, -0.478732038561161, 0.0 ], [ 121.788355404651355, -0.478722634869041, 0.0 ], [ 121.788509507675926, -0.478723579313122, 0.0 ], [ 121.789612162314157, -0.47881673459438, 0.0 ], [ 121.790504491596565, -0.478872799968584, 0.0 ], [ 121.790933898953867, -0.478899779789522, 0.0 ], [ 121.79141977040706, -0.478930307270225, 0.0 ], [ 121.793783276798507, -0.479078807239096, 0.0 ], [ 121.793989778415721, -0.479087677400719, 0.0 ], [ 121.794387674132281, -0.479104768772706, 0.0 ], [ 121.794385015001239, -0.479234440799684, 0.0 ], [ 121.794345103736532, -0.479507013195269, 0.0 ], [ 121.794303716496955, -0.479720249885418, 0.0 ], [ 121.794214435429438, -0.479985636462391, 0.0 ] ] ] ] } },
{ "type": "Feature", "properties": { "WADMPR": "SULAWESI TENGAH", "WADMKK": "TOJO UNA - UNA", "WADMKC": "TOGEAN", "WADMKD": "BANGKAGI", "POKTAN": "KT BANGKAGI JAYA 1", "LUAS_HA": 51.500499005099996, "PAKET": "Paket Sulawesi Tengah 9" }, "geometry": { "type": "MultiPolygon", "coordinates": [ [ [ [ 122.029787417357952, -0.364142049173619, 0.0 ], [ 122.030034881302612, -0.364184879471814, 0.0 ], [ 122.030187166806826, -0.364184879471814, 0.0 ], [ 122.030344211233313, -0.364161084861726, 0.0 ], [ 122.030506014581661, -0.364108736719627, 0.0 ], [ 122.030610710866227, -0.364056388577581, 0.0 ], [ 122.030743960682216, -0.363994522591573, 0.0 ], [ 122.030876835922072, -0.363936556882862, 0.0 ], [ 122.03090559779136, -0.363928517423903, 0.0 ], [ 122.031012704255929, -0.363908507292474, 0.0 ], [ 122.031148290453402, -0.363900234903454, 0.0 ], [ 122.031483655793764, -0.363925028449972, 0.0 ], [ 122.031614526149028, -0.363963694691281, 0.0 ], [ 122.031688884305495, -0.364005335258923, 0.0 ], [ 122.031778114093285, -0.364061847457772, 0.0 ], [ 122.031861395228361, -0.364124308309021, 0.0 ], [ 122.031929804732357, -0.364207589444166, 0.0 ], [ 122.03196847097378, -0.364281947600508, 0.0 ], [ 122.031980880777581, -0.364322722670216, 0.0 ], [ 122.031990695113763, -0.364391068930882, 0.0 ], [ 122.031992265583796, -0.364436612565632, 0.0 ], [ 122.031995239909975, -0.364519893700769, 0.0 ], [ 122.032004162888825, -0.364585328878408, 0.0 ], [ 122.032030931825048, -0.364674558666087, 0.0 ], [ 122.032035261947044, -0.364685187146999, 0.0 ], [ 122.032091230213197, -0.364784714411521, 0.0 ], [ 122.032461687344252, -0.365185636494096, 0.0 ], [ 122.032628771402628, -0.365396754823775, 0.0 ], [ 122.032697180906538, -0.365483010285117, 0.0 ], [ 122.032835337744487, -0.365739214247219, 0.0 ], [ 122.032829697148941, -0.365782982765597, 0.0 ], [ 122.03281677580263, -0.365818765689917, 0.0 ], [ 122.032705585446124, -0.365942447907103, 0.0 ], [ 122.032618775670258, -0.366020031968369, 0.0 ], [ 122.032521854188758, -0.366110737802825, 0.0 ], [ 122.032362309744599, -0.36626051407259, 0.0 ], [ 122.032244610841289, -0.366356728431685, 0.0 ], [ 122.032192695443868, -0.366395275270563, 0.0 ], [ 122.032063351814372, -0.366489083595078, 0.0 ], [ 122.032026378454347, -0.366516993637662, 0.0 ], [ 122.031986826198803, -0.366538639238769, 0.0 ], [ 122.031887450970061, -0.366577807057995, 0.0 ], [ 122.031876157800966, -0.366573515279902, 0.0 ], [ 122.031826665011963, -0.366558286729562, 0.0 ], [ 122.031792400773739, -0.366558286729562, 0.0 ], [ 122.031720065159107, -0.366550672454422, 0.0 ], [ 122.0316877044894, -0.366535443903919, 0.0 ], [ 122.031674379507777, -0.36650879394072, 0.0 ], [ 122.031666765232444, -0.366476433270998, 0.0 ], [ 122.031653440250793, -0.366421229775668, 0.0 ], [ 122.031628693856419, -0.366385061968572, 0.0 ], [ 122.031584911773834, -0.366331762042077, 0.0 ], [ 122.031539226122504, -0.366289883528445, 0.0 ], [ 122.03148109787297, -0.366230046032827, 0.0 ], [ 122.031462062185028, -0.366196733578829, 0.0 ], [ 122.031445405957939, -0.366156282741697, 0.0 ], [ 122.031421611347909, -0.366106314060723, 0.0 ], [ 122.031395437276842, -0.366049206996567, 0.0 ], [ 122.031376401588787, -0.365996858854553, 0.0 ], [ 122.031359745361812, -0.365944510712435, 0.0 ], [ 122.031338330212634, -0.365885024187449, 0.0 ], [ 122.03131691506357, -0.365835055506256, 0.0 ], [ 122.031283602609619, -0.365799363591352, 0.0 ], [ 122.031219357162399, -0.365768430598258, 0.0 ], [ 122.031194232442289, -0.3657649651195, 0.0 ], [ 122.031109287853042, -0.365779882085339, 0.0 ], [ 122.031038518125897, -0.365816019818322, 0.0 ], [ 122.030832298172058, -0.365900569999182, 0.0 ], [ 122.030632423447599, -0.365971953829428, 0.0 ], [ 122.030528916893942, -0.366000507361383, 0.0 ], [ 122.030494495907547, -0.366010145237533, 0.0 ], [ 122.030271935105361, -0.366057614425439, 0.0 ], [ 122.030232673998611, -0.366057614425439, 0.0 ], [ 122.030154151785396, -0.366057614425439, 0.0 ], [ 122.030064921997678, -0.366046906851005, 0.0 ], [ 122.029993538167673, -0.366043337659503, 0.0 ], [ 122.029897169996872, -0.366057614425439, 0.0 ], [ 122.029760046000519, -0.366090676165234, 0.0 ], [ 122.029622389984198, -0.36610617902738, 0.0 ], [ 122.029561754230713, -0.36610411764364, 0.0 ], [ 122.029594457002773, -0.36603977362027, 0.0 ], [ 122.029657129538577, -0.36594573038088, 0.0 ], [ 122.029928873815962, -0.365537664962752, 0.0 ], [ 122.02997607386159, -0.36540793816327, 0.0 ], [ 122.029973167053996, -0.365328093611774, 0.0 ], [ 122.029933848417883, -0.365240894356574, 0.0 ], [ 122.029881026455854, -0.365193608614693, 0.0 ], [ 122.029630348099431, -0.365029581031476, 0.0 ], [ 122.029307673874328, -0.364859923459239, 0.0 ], [ 122.029219765113126, -0.36480301749039, 0.0 ], [ 122.029094333624457, -0.364668730745889, 0.0 ], [ 122.028965332006223, -0.364439286911792, 0.0 ], [ 122.028943148655785, -0.364242942025169, 0.0 ], [ 122.028945088161862, -0.364232468691892, 0.0 ], [ 122.028964123849946, -0.364113495641653, 0.0 ], [ 122.029002195226099, -0.364018317201555, 0.0 ], [ 122.029049784446073, -0.36393741552747, 0.0 ], [ 122.02910213258825, -0.363889826307419, 0.0 ], [ 122.029159239652586, -0.363866031697324, 0.0 ], [ 122.029235382404622, -0.363866031697324, 0.0 ], [ 122.029359114377002, -0.363951692293413, 0.0 ], [ 122.029536262313187, -0.364036902722474, 0.0 ], [ 122.029787417357952, -0.364142049173619, 0.0 ] ] ], [ [ [ 122.03131770821733, -0.366071891191518, 0.0 ], [ 122.031364107706978, -0.36617896693663, 0.0 ], [ 122.031466890508199, -0.366367929849325, 0.0 ], [ 122.031543033260263, -0.366457397583067, 0.0 ], [ 122.031563972516977, -0.36650879394072, 0.0 ], [ 122.031569683223566, -0.366560190298338, 0.0 ], [ 122.031573490361083, -0.366605875949643, 0.0 ], [ 122.031586815342735, -0.366636333050545, 0.0 ], [ 122.031617272443569, -0.366662983013711, 0.0 ], [ 122.031653440250793, -0.366687729408111, 0.0 ], [ 122.031748618691068, -0.36671057223377, 0.0 ], [ 122.031811563646784, -0.366745326296684, 0.0 ], [ 122.031844645256086, -0.366780137307582, 0.0 ], [ 122.0318522164646, -0.366831192355187, 0.0 ], [ 122.031895906561545, -0.367056306640895, 0.0 ], [ 122.031909000778455, -0.367133456986757, 0.0 ], [ 122.031912325608261, -0.367161718039933, 0.0 ], [ 122.031946589846797, -0.367275932168127, 0.0 ], [ 122.031950951186886, -0.367287562408497, 0.0 ], [ 122.031961424487022, -0.36741390890673, 0.0 ], [ 122.031959824504582, -0.36743310869546, 0.0 ], [ 122.031957650414597, -0.36760943161943, 0.0 ], [ 122.031970856895114, -0.367706308110144, 0.0 ], [ 122.0319941790668, -0.367877388525902, 0.0 ], [ 122.0319941790668, -0.367896495597772, 0.0 ], [ 122.032006788069907, -0.367975181084772, 0.0 ], [ 122.032012347155714, -0.367994356841215, 0.0 ], [ 122.032023157368357, -0.368026818710333, 0.0 ], [ 122.032043414089671, -0.368087647396723, 0.0 ], [ 122.032044187717261, -0.368104067606359, 0.0 ], [ 122.03203494883607, -0.368146096436322, 0.0 ], [ 122.031999452708106, -0.368188100187699, 0.0 ], [ 122.031983913873887, -0.368214761792248, 0.0 ], [ 122.031974191594387, -0.368243928630453, 0.0 ], [ 122.031972982682959, -0.368246830017869, 0.0 ], [ 122.031972718963956, -0.368275819603228, 0.0 ], [ 122.031978641616789, -0.368300882203917, 0.0 ], [ 122.03200810425119, -0.368344826573058, 0.0 ], [ 122.032045188114097, -0.368423226092089, 0.0 ], [ 122.032048477180396, -0.368453909230356, 0.0 ], [ 122.032044521434855, -0.36852134637707, 0.0 ], [ 122.032040743157921, -0.368538692102254, 0.0 ], [ 122.03202075512003, -0.368600321810358, 0.0 ], [ 122.031988488189199, -0.368665727750886, 0.0 ], [ 122.031889740557617, -0.36881682352468, 0.0 ], [ 122.03179694157825, -0.368950073340811, 0.0 ], [ 122.031776716159811, -0.369022646901408, 0.0 ], [ 122.031757680471728, -0.369088082078977, 0.0 ], [ 122.03173983451417, -0.369141619951553, 0.0 ], [ 122.031705332329565, -0.369202296207164, 0.0 ], [ 122.031688676102576, -0.369230849739152, 0.0 ], [ 122.031643466343439, -0.369289146533808, 0.0 ], [ 122.031602879754573, -0.369345735435407, 0.0 ], [ 122.031521200794273, -0.369264632108749, 0.0 ], [ 122.031443944500424, -0.369162902948672, 0.0 ], [ 122.031390467938309, -0.369013307842397, 0.0 ], [ 122.031386679896713, -0.368867792782316, 0.0 ], [ 122.031338518771562, -0.368714860957562, 0.0 ], [ 122.031295409191102, -0.368648299681052, 0.0 ], [ 122.031170605084313, -0.36853459819461, 0.0 ], [ 122.031051740740139, -0.368456798779646, 0.0 ], [ 122.030956651595034, -0.368373018402696, 0.0 ], [ 122.030891281283076, -0.368283257713696, 0.0 ], [ 122.030782639901304, -0.368114668748105, 0.0 ], [ 122.030663782675319, -0.367971050099977, 0.0 ], [ 122.030559183978767, -0.367884875274677, 0.0 ], [ 122.030449827793873, -0.367822634205197, 0.0 ], [ 122.030359489696806, -0.367774755781287, 0.0 ], [ 122.030283414778054, -0.36774123948143, 0.0 ], [ 122.030174054987128, -0.367712506396124, 0.0 ], [ 122.030003405896892, -0.367597494582304, 0.0 ], [ 122.029835799509968, -0.367338986160188, 0.0 ], [ 122.029771614453779, -0.367281536903174, 0.0 ], [ 122.029721691798059, -0.367245630046662, 0.0 ], [ 122.029618277598715, -0.367198946925404, 0.0 ], [ 122.029525561943473, -0.367152264975085, 0.0 ], [ 122.029461378441752, -0.367080455165751, 0.0 ], [ 122.02942572709, -0.366983517497589, 0.0 ], [ 122.029400780466318, -0.366829138765257, 0.0 ], [ 122.029390100102432, -0.366660401033561, 0.0 ], [ 122.029392870618736, -0.366599186468607, 0.0 ], [ 122.029418252346176, -0.366447328443604, 0.0 ], [ 122.02943243068205, -0.366394326394134, 0.0 ], [ 122.029478344743538, -0.366268229173377, 0.0 ], [ 122.029502572422658, -0.36622056023767, 0.0 ], [ 122.029643757399739, -0.366228935617757, 0.0 ], [ 122.029729417995895, -0.366228935617757, 0.0 ], [ 122.029786525060004, -0.366225366426104, 0.0 ], [ 122.029850770507224, -0.3662039512771, 0.0 ], [ 122.029881617198498, -0.366185957373838, 0.0 ], [ 122.029982830593099, -0.366150413404605, 0.0 ], [ 122.03004707604029, -0.366143275021562, 0.0 ], [ 122.030129167444898, -0.366150413404605, 0.0 ], [ 122.030218397232687, -0.366153982596108, 0.0 ], [ 122.030304057828843, -0.366157551787613, 0.0 ], [ 122.030478948212817, -0.36612542906412, 0.0 ], [ 122.030635992639191, -0.366068322, 0.0 ], [ 122.030764483533503, -0.366018353318865, 0.0 ], [ 122.0309358047258, -0.365971953829428, 0.0 ], [ 122.031042880471219, -0.365918415956752, 0.0 ], [ 122.031135679450344, -0.365882724041808, 0.0 ], [ 122.031182078940006, -0.365882724041808, 0.0 ], [ 122.031228478429483, -0.365893431616252, 0.0 ], [ 122.031264170344883, -0.365932692722817, 0.0 ], [ 122.031282016302143, -0.365964815446403, 0.0 ], [ 122.031296293068422, -0.366025491702012, 0.0 ], [ 122.03131770821733, -0.366071891191518, 0.0 ] ] ], [ [ [ 122.033797559192948, -0.37001414753005, 0.0 ], [ 122.033791055958517, -0.370119393461293, 0.0 ], [ 122.033770331632454, -0.370201666837496, 0.0 ], [ 122.0337732963294, -0.370267486475538, 0.0 ], [ 122.033782204667403, -0.370333306766002, 0.0 ], [ 122.033817860372324, -0.370390154631377, 0.0 ], [ 122.033874277233394, -0.370431458042876, 0.0 ], [ 122.034015775177963, -0.370535050263179, 0.0 ], [ 122.034062036879959, -0.370581104403668, 0.0 ], [ 122.03411601332391, -0.370654610206842, 0.0 ], [ 122.034141755452325, -0.370699540978312, 0.0 ], [ 122.034203553791613, -0.370843153555744, 0.0 ], [ 122.034221850618451, -0.370911599512449, 0.0 ], [ 122.034234926043595, -0.371020972072703, 0.0 ], [ 122.034232055259835, -0.371101647113287, 0.0 ], [ 122.034208265622382, -0.371240463430447, 0.0 ], [ 122.034154345534276, -0.371431674003705, 0.0 ], [ 122.034127555554178, -0.37152667619462, 0.0 ], [ 122.034102762064308, -0.371707037975509, 0.0 ], [ 122.034118148607519, -0.371983619796719, 0.0 ], [ 122.034112298547697, -0.372114506304503, 0.0 ], [ 122.034085206265672, -0.372191760243313, 0.0 ], [ 122.034014684853531, -0.372306833100756, 0.0 ], [ 122.033849483323934, -0.372507390396248, 0.0 ], [ 122.033738499709074, -0.372597177785851, 0.0 ], [ 122.033666813699938, -0.372637836014775, 0.0 ], [ 122.033520582794381, -0.372682830342803, 0.0 ], [ 122.03343107661658, -0.372679866100907, 0.0 ], [ 122.033256335435922, -0.372661896075549, 0.0 ], [ 122.033095861750184, -0.37261879661997, 0.0 ], [ 122.03294965438225, -0.372561338168203, 0.0 ], [ 122.032831978074469, -0.372489522298236, 0.0 ], [ 122.032678644219104, -0.372378210917371, 0.0 ], [ 122.032491561598576, -0.372271036921951, 0.0 ], [ 122.032305854752849, -0.372187878488044, 0.0 ], [ 122.032136206282416, -0.372163416046671, 0.0 ], [ 122.032066049152007, -0.372166771537722, 0.0 ], [ 122.032013342238969, -0.372184867666786, 0.0 ], [ 122.031963928874475, -0.372215654838018, 0.0 ], [ 122.031921414888501, -0.372264304745536, 0.0 ], [ 122.031878733183561, -0.372340306346641, 0.0 ], [ 122.0318501854251, -0.372507843163254, 0.0 ], [ 122.031892956651532, -0.372718469576373, 0.0 ], [ 122.031940493238949, -0.37283335939251, 0.0 ], [ 122.03199278369199, -0.372957823451163, 0.0 ], [ 122.032007807451677, -0.373016458270088, 0.0 ], [ 122.032011357333289, -0.37318767950321, 0.0 ], [ 122.031977566998549, -0.373329202052559, 0.0 ], [ 122.031815867198233, -0.373628362647822, 0.0 ], [ 122.031704115197925, -0.373733661084143, 0.0 ], [ 122.031570966347417, -0.373836563708314, 0.0 ], [ 122.031478234258898, -0.373939470811572, 0.0 ], [ 122.031385495606955, -0.374102213603417, 0.0 ], [ 122.031299885639797, -0.374298465167026, 0.0 ], [ 122.031278478023864, -0.374394199897094, 0.0 ], [ 122.031264196205825, -0.374549771112391, 0.0 ], [ 122.03126032307874, -0.374920266295396, 0.0 ], [ 122.031259646615808, -0.374984974911451, 0.0 ], [ 122.031254708358318, -0.375070980833047, 0.0 ], [ 122.031226171770186, -0.375135600201416, 0.0 ], [ 122.031164353681532, -0.375173888154017, 0.0 ], [ 122.030886188588966, -0.375198030758163, 0.0 ], [ 122.030732841851517, -0.375205193938355, 0.0 ], [ 122.030657950787486, -0.375215956007981, 0.0 ], [ 122.030558092480646, -0.375262616699655, 0.0 ], [ 122.030504592992671, -0.3753236431243, 0.0 ], [ 122.030451093503316, -0.375384669546542, 0.0 ], [ 122.030401162570669, -0.375424155520859, 0.0 ], [ 122.030308438215926, -0.375456456434115, 0.0 ], [ 122.030219283211622, -0.375460036619081, 0.0 ], [ 122.030115864264658, -0.375456434929269, 0.0 ], [ 122.030030277032097, -0.375445654949428, 0.0 ], [ 122.02992686402537, -0.37538820115566, 0.0 ], [ 122.029805623267862, -0.375302024252674, 0.0 ], [ 122.029645151330755, -0.375244564092748, 0.0 ], [ 122.029513200957794, -0.375258909915546, 0.0 ], [ 122.02945970464485, -0.375291215197599, 0.0 ], [ 122.029406204770424, -0.375355831734631, 0.0 ], [ 122.029377668177943, -0.375420451059014, 0.0 ], [ 122.029338432638028, -0.375488659325889, 0.0 ], [ 122.02923857356447, -0.375542500254902, 0.0 ], [ 122.029160117533152, -0.375542491482521, 0.0 ], [ 122.029081665068361, -0.375510171456255, 0.0 ], [ 122.028999650779838, -0.375438359501203, 0.0 ], [ 122.028956865296763, -0.37535937165595, 0.0 ], [ 122.028924777570268, -0.375287565286378, 0.0 ], [ 122.028896257212836, -0.375204988899501, 0.0 ], [ 122.028814244113974, -0.375122406537263, 0.0 ], [ 122.028742924023504, -0.375090087317804, 0.0 ], [ 122.0286965636503, -0.375090082137846, 0.0 ], [ 122.028610972103934, -0.375118793684107, 0.0 ], [ 122.028575303944748, -0.375176231917932, 0.0 ], [ 122.028564271926271, -0.375265000848117, 0.0 ], [ 122.028586917424079, -0.375437932415826, 0.0 ], [ 122.028624654870072, -0.375545124196114, 0.0 ], [ 122.028653170061602, -0.37567437238442, 0.0 ], [ 122.028681687232591, -0.375785669880556, 0.0 ], [ 122.028681675730695, -0.375889783906278, 0.0 ], [ 122.02864600001655, -0.376015434770051, 0.0 ], [ 122.028606762480564, -0.376101593705413, 0.0 ], [ 122.028542562059556, -0.376184159702031, 0.0 ], [ 122.028485497972767, -0.376230825108548, 0.0 ], [ 122.028410604561017, -0.376263127959863, 0.0 ], [ 122.028321449200703, -0.376270298240407, 0.0 ], [ 122.028228729248227, -0.376263107566406, 0.0 ], [ 122.027959363553691, -0.376263556040904, 0.0 ], [ 122.02778818734123, -0.376258749987834, 0.0 ], [ 122.027688337425161, -0.376230017682806, 0.0 ], [ 122.027626528374824, -0.376186929095387, 0.0 ], [ 122.027578987231792, -0.376115121008169, 0.0 ], [ 122.02755998348718, -0.375971513370191, 0.0 ], [ 122.027569501778089, -0.375894924833685, 0.0 ], [ 122.027621815834436, -0.375803980542526, 0.0 ], [ 122.027683637060491, -0.375736971565211, 0.0 ], [ 122.027778744235434, -0.375655605761932, 0.0 ], [ 122.027878604203352, -0.375593387888058, 0.0 ], [ 122.02796420050116, -0.375521594710779, 0.0 ], [ 122.028021266285435, -0.375459372037688, 0.0 ], [ 122.028059311374349, -0.375406720935513, 0.0 ], [ 122.028072849618269, -0.375323057412943, 0.0 ], [ 122.02804581488887, -0.375059806042819, 0.0 ], [ 122.028006118630643, -0.374906678746286, 0.0 ], [ 122.02794156313405, -0.374773142762229, 0.0 ], [ 122.027868724659598, -0.374634939607589, 0.0 ], [ 122.027842580838609, -0.374560740502689, 0.0 ], [ 122.027731291429845, -0.37424403602972, 0.0 ], [ 122.02770160025851, -0.373998706631531, 0.0 ], [ 122.027701621323075, -0.373807232616302, 0.0 ], [ 122.027707583381144, -0.373639693515247, 0.0 ], [ 122.027784872334323, -0.373442244540586, 0.0 ], [ 122.027868100967552, -0.37328069759718, 0.0 ], [ 122.027920289298862, -0.373166896320342, 0.0 ], [ 122.027988698315284, -0.372729923991236, 0.0 ], [ 122.027979205815569, -0.372571956858485, 0.0 ], [ 122.027974469264308, -0.372404416552965, 0.0 ], [ 122.027974491805253, -0.372198581969078, 0.0 ], [ 122.028012546260101, -0.37205976751532, 0.0 ], [ 122.028083891343371, -0.371863514536909, 0.0 ], [ 122.028183761671912, -0.371705559518486, 0.0 ], [ 122.028302652146365, -0.371542819744189, 0.0 ], [ 122.028530925345549, -0.371198191697872, 0.0 ], [ 122.028592757945717, -0.371025871873528, 0.0 ], [ 122.028617491609609, -0.370951199719818, 0.0 ], [ 122.028664186521468, -0.370705634585087, 0.0 ], [ 122.028668876647686, -0.37065729269468, 0.0 ], [ 122.028668895939376, -0.370480179178203, 0.0 ], [ 122.028668910011348, -0.37035093417957, 0.0 ], [ 122.028719684714332, -0.370085192287568, 0.0 ], [ 122.028752780497072, -0.369970089129137, 0.0 ], [ 122.028770001488965, -0.369910196578823, 0.0 ], [ 122.028819465536571, -0.369774434292098, 0.0 ], [ 122.028852673040063, -0.369724300276332, 0.0 ], [ 122.028908855463314, -0.369628230042403, 0.0 ], [ 122.028966481612002, -0.369570590747568, 0.0 ], [ 122.029049926412327, -0.36951520302539, 0.0 ], [ 122.029097019852671, -0.369497663549209, 0.0 ], [ 122.029177662399647, -0.369488034207339, 0.0 ], [ 122.029309012597878, -0.369504529645337, 0.0 ], [ 122.029415993351805, -0.369547623089192, 0.0 ], [ 122.02945713318536, -0.369564194827918, 0.0 ], [ 122.029718512133172, -0.369810936554196, 0.0 ], [ 122.029950509581084, -0.369985826938002, 0.0 ], [ 122.030146815113966, -0.370082195108614, 0.0 ], [ 122.030232475710463, -0.37008576430012, 0.0 ], [ 122.030385950945146, -0.370092902683056, 0.0 ], [ 122.030542995371633, -0.370046503193552, 0.0 ], [ 122.030667917074268, -0.370021518853028, 0.0 ], [ 122.030803546351777, -0.370017949661426, 0.0 ], [ 122.030946314012013, -0.370017949661426, 0.0 ], [ 122.031071235714876, -0.370028657236034, 0.0 ], [ 122.031356771035547, -0.37008576430012, 0.0 ], [ 122.031462917025365, -0.370099730877652, 0.0 ], [ 122.031512267388251, -0.370097933950276, 0.0 ], [ 122.031567353334566, -0.370082195108614, 0.0 ], [ 122.031670859888337, -0.370039364810412, 0.0 ], [ 122.0317351053354, -0.370000103704004, 0.0 ], [ 122.031795781590944, -0.369946565831422, 0.0 ], [ 122.031845750272268, -0.369885889575853, 0.0 ], [ 122.031866177720431, -0.369856034074585, 0.0 ], [ 122.031893217948095, -0.369799889717758, 0.0 ], [ 122.031900622925733, -0.369673824490045, 0.0 ], [ 122.031896738722381, -0.369649813052001, 0.0 ], [ 122.03187599659806, -0.369588855865186, 0.0 ], [ 122.031799050879243, -0.369470359231774, 0.0 ], [ 122.031685697135771, -0.369354286056128, 0.0 ], [ 122.031698567247162, -0.369332786983482, 0.0 ], [ 122.031725555890702, -0.36928770339479, 0.0 ], [ 122.031783190276627, -0.369198370096521, 0.0 ], [ 122.031834586634403, -0.369069879202205, 0.0 ], [ 122.031851718753586, -0.369004206078611, 0.0 ], [ 122.031881699962227, -0.368945671337889, 0.0 ], [ 122.031911681170996, -0.368898558010125, 0.0 ], [ 122.031955939145519, -0.368828601856603, 0.0 ], [ 122.032018756916273, -0.368720098434841, 0.0 ], [ 122.032028552150905, -0.368706846058722, 0.0 ], [ 122.032078852591795, -0.368623638675737, 0.0 ], [ 122.032108700542395, -0.368545921889434, 0.0 ], [ 122.032110128218832, -0.368507374621153, 0.0 ], [ 122.03209870680621, -0.368388877463247, 0.0 ], [ 122.03208443003993, -0.368351757871532, 0.0 ], [ 122.03206872559737, -0.368328915045892, 0.0 ], [ 122.032055876507798, -0.368306072220229, 0.0 ], [ 122.032051593478073, -0.368281801718005, 0.0 ], [ 122.032053745470208, -0.368271579755578, 0.0 ], [ 122.03206693128584, -0.36824165096061, 0.0 ], [ 122.032081574686686, -0.368221839300748, 0.0 ], [ 122.032102989835693, -0.368190430415521, 0.0 ], [ 122.032115838925165, -0.368166159913321, 0.0 ], [ 122.032130115691288, -0.368114763555526, 0.0 ], [ 122.032130115691288, -0.368089065376777, 0.0 ], [ 122.032111169232962, -0.367992784453046, 0.0 ], [ 122.032087374622833, -0.367776253501694, 0.0 ], [ 122.03206358001286, -0.367593035004533, 0.0 ], [ 122.03206120055188, -0.367519271713413, 0.0 ], [ 122.03206358001286, -0.367457405727311, 0.0 ], [ 122.03206358001286, -0.36739791920224, 0.0 ], [ 122.03206358001286, -0.367367866609765, 0.0 ], [ 122.032048843389816, -0.367290369684165, 0.0 ], [ 122.032039785403157, -0.367262289925084, 0.0 ], [ 122.031975539955965, -0.366962477838694, 0.0 ], [ 122.031975410004762, -0.36695931863239, 0.0 ], [ 122.032154599204318, -0.366925654866944, 0.0 ], [ 122.03222887883507, -0.366914547928532, 0.0 ], [ 122.032263013430352, -0.366904604503472, 0.0 ], [ 122.03234290025101, -0.366864403602679, 0.0 ], [ 122.032407572591737, -0.366812712585651, 0.0 ], [ 122.032483661858024, -0.366713154235623, 0.0 ], [ 122.032504910000497, -0.366681075397887, 0.0 ], [ 122.032548449836227, -0.366624261670298, 0.0 ], [ 122.032580610367489, -0.366588213741422, 0.0 ], [ 122.032652943833114, -0.366536791748333, 0.0 ], [ 122.032688669385351, -0.366513738795996, 0.0 ], [ 122.0327581514766, -0.366480802721214, 0.0 ], [ 122.032861670395974, -0.366458514795949, 0.0 ], [ 122.033012924130034, -0.36642594942209, 0.0 ], [ 122.033093168074416, -0.366381081346243, 0.0 ], [ 122.033182326516226, -0.366345189595269, 0.0 ], [ 122.033250679655197, -0.366333229873999, 0.0 ], [ 122.033324974832922, -0.366336229729844, 0.0 ], [ 122.033414126867243, -0.366360173705226, 0.0 ], [ 122.033470586959993, -0.366402064850751, 0.0 ], [ 122.03350327249268, -0.366443953415001, 0.0 ], [ 122.03354189877939, -0.366512768706138, 0.0 ], [ 122.033568638426132, -0.366575599133613, 0.0 ], [ 122.033568627198719, -0.366680311670039, 0.0 ], [ 122.03354187407831, -0.366743136284466, 0.0 ], [ 122.033488374574276, -0.366805957989709, 0.0 ], [ 122.033428932391502, -0.366859803686453, 0.0 ], [ 122.03335760292768, -0.36691364808775, 0.0 ], [ 122.033295186676014, -0.366988435961681, 0.0 ], [ 122.033197094763622, -0.36719186676746, 0.0 ], [ 122.033253547453342, -0.367302569014403, 0.0 ], [ 122.033307035073676, -0.367350443424023, 0.0 ], [ 122.033363493872002, -0.367404301731511, 0.0 ], [ 122.033405089389134, -0.367497051647921, 0.0 ], [ 122.033413999060699, -0.367550904778207, 0.0 ], [ 122.033433587464941, -0.367789053130983, 0.0 ], [ 122.033504883858541, -0.368042764418125, 0.0 ], [ 122.033519138291012, -0.368138503148634, 0.0 ], [ 122.033538139385527, -0.368310832138921, 0.0 ], [ 122.033542880374512, -0.368440077844441, 0.0 ], [ 122.033542864381388, -0.368588470465689, 0.0 ], [ 122.033542848381572, -0.368736863086888, 0.0 ], [ 122.033538076945675, -0.368890042046966, 0.0 ], [ 122.033509535067509, -0.369004923536176, 0.0 ], [ 122.033504770337018, -0.369095873331219, 0.0 ], [ 122.033509513880745, -0.369201184742795, 0.0 ], [ 122.033526578780666, -0.369269934696368, 0.0 ], [ 122.033572535546341, -0.36935677265069, 0.0 ], [ 122.033658749305431, -0.36945846680837, 0.0 ], [ 122.033732953468402, -0.369584157917849, 0.0 ], [ 122.033761468984821, -0.369713406236763, 0.0 ], [ 122.033780471562295, -0.369871374670064, 0.0 ], [ 122.033797559192948, -0.37001414753005, 0.0 ] ] ] ] } },
{ "type": "Feature", "properties": { "WADMPR": "SULAWESI TENGAH", "WADMKK": "TOJO UNA - UNA", "WADMKC": "TOGEAN", "WADMKD": "BENTENG", "POKTAN": "KT ANUTAPURA", "LUAS_HA": 52.004136195000001, "PAKET": "Paket Sulawesi Tengah 9" }, "geometry": { "type": "MultiPolygon", "coordinates": [ [ [ [ 122.021031227059112, -0.401601865008257, 0.0 ], [ 122.021040131487453, -0.401694611118465, 0.0 ], [ 122.021060924266891, -0.401778383336904, 0.0 ], [ 122.021075777675847, -0.401826253535076, 0.0 ], [ 122.021140742215692, -0.401933556317848, 0.0 ], [ 122.021218038911343, -0.402099985144697, 0.0 ], [ 122.021258454730528, -0.402285374364718, 0.0 ], [ 122.021294839647453, -0.402392129682599, 0.0 ], [ 122.021309368374645, -0.402420754787757, 0.0 ], [ 122.021395657519491, -0.402541576830583, 0.0 ], [ 122.02150228903416, -0.402634941198897, 0.0 ], [ 122.021681921323619, -0.402732834747208, 0.0 ], [ 122.021878054818657, -0.402789702191014, 0.0 ], [ 122.022118766736313, -0.402837599693649, 0.0 ], [ 122.022392169081598, -0.402882509368489, 0.0 ], [ 122.022930087902395, -0.402907428017115, 0.0 ], [ 122.023148815821031, -0.402893093891278, 0.0 ], [ 122.023344723175938, -0.402860247735809, 0.0 ], [ 122.023421488014122, -0.402822974818124, 0.0 ], [ 122.023596544073612, -0.402699889057204, 0.0 ], [ 122.023683926161311, -0.402611941328834, 0.0 ], [ 122.023830154844845, -0.402486304285377, 0.0 ], [ 122.024017414022268, -0.402349246140139, 0.0 ], [ 122.024119038764653, -0.402296062001148, 0.0 ], [ 122.024226030408485, -0.402245813008527, 0.0 ], [ 122.02434015485882, -0.402191974735788, 0.0 ], [ 122.024450714399933, -0.402127365626524, 0.0 ], [ 122.024586241102256, -0.40203044830614, 0.0 ], [ 122.024703936856568, -0.401933528831971, 0.0 ], [ 122.024800232916974, -0.401858147584195, 0.0 ], [ 122.024941723253747, -0.401709614789949, 0.0 ], [ 122.024974060451541, -0.401678025489295, 0.0 ], [ 122.024989277782751, -0.401664624147566, 0.0 ], [ 122.025014004612871, -0.401654096055608, 0.0 ], [ 122.025039681973439, -0.401647397554635, 0.0 ], [ 122.025071064556855, -0.401646443954191, 0.0 ], [ 122.025098642637658, -0.401650276743258, 0.0 ], [ 122.025141435668147, -0.401660812944444, 0.0 ], [ 122.025201344028687, -0.401691455956488, 0.0 ], [ 122.025240331422978, -0.401716352240826, 0.0 ], [ 122.025280268667288, -0.401750822332872, 0.0 ], [ 122.025305941605552, -0.401781461235099, 0.0 ], [ 122.025374399975561, -0.40188678008659, 0.0 ], [ 122.02538200376263, -0.401921246297062, 0.0 ], [ 122.025383899942739, -0.401970072362412, 0.0 ], [ 122.025381849967644, -0.40200302900877, 0.0 ], [ 122.025371411030292, -0.402039349949375, 0.0 ], [ 122.025346015615213, -0.402100855271369, 0.0 ], [ 122.025287945210934, -0.40236407525157, 0.0 ], [ 122.025276388867482, -0.402473954835846, 0.0 ], [ 122.025288266507232, -0.402555332658342, 0.0 ], [ 122.025312022066132, -0.402715694881588, 0.0 ], [ 122.025304880870976, -0.402789890145672, 0.0 ], [ 122.025285853509914, -0.402854510284495, 0.0 ], [ 122.025250185631535, -0.40290476787862, 0.0 ], [ 122.025195496931701, -0.402964596873014, 0.0 ], [ 122.025088503535017, -0.403029206408786, 0.0 ], [ 122.024988645081422, -0.403072275990889, 0.0 ], [ 122.02484711597117, -0.403113357330312, 0.0 ], [ 122.024676401615778, -0.403187074063765, 0.0 ], [ 122.02465103008376, -0.403203873549656, 0.0 ], [ 122.024478888912753, -0.403252065829887, 0.0 ], [ 122.024112711699331, -0.40330404794773, 0.0 ], [ 122.024085569912515, -0.403312456679561, 0.0 ], [ 122.024044524580489, -0.403334002556888, 0.0 ], [ 122.023933967149219, -0.403380660945181, 0.0 ], [ 122.023903866617374, -0.40341499562664, 0.0 ], [ 122.023878653349811, -0.403473572217439, 0.0 ], [ 122.023873319681329, -0.403567340562413, 0.0 ], [ 122.02389470911362, -0.403631965549612, 0.0 ], [ 122.023937495253804, -0.403700183256656, 0.0 ], [ 122.024015945002148, -0.403754044741242, 0.0 ], [ 122.024108659511271, -0.403807907951452, 0.0 ], [ 122.024190017813211, -0.403838328702069, 0.0 ], [ 122.024343719727526, -0.403877683477104, 0.0 ], [ 122.024570122088889, -0.403955839861187, 0.0 ], [ 122.024821469513171, -0.404074541609774, 0.0 ], [ 122.025111504569878, -0.404201428084927, 0.0 ], [ 122.025643976077944, -0.404504537738477, 0.0 ], [ 122.025720049353112, -0.404550500667484, 0.0 ], [ 122.025834160183422, -0.404611786107579, 0.0 ], [ 122.025934959290225, -0.404655837289673, 0.0 ], [ 122.026250678409738, -0.404720976582423, 0.0 ], [ 122.02635148004309, -0.40474396563644, 0.0 ], [ 122.026400928049526, -0.404770777962741, 0.0 ], [ 122.02645988430551, -0.404810994614027, 0.0 ], [ 122.026516936537945, -0.404868443690281, 0.0 ], [ 122.02657018300512, -0.404941210223296, 0.0 ], [ 122.02660821440108, -0.405008230700383, 0.0 ], [ 122.02664465272025, -0.405140915758983, 0.0 ], [ 122.026677312707406, -0.405210228198592, 0.0 ], [ 122.026691875016809, -0.405226521113422, 0.0 ], [ 122.026711854031291, -0.405241222894533, 0.0 ], [ 122.02677425625302, -0.40526938064397, 0.0 ], [ 122.026819300815419, -0.405278234493529, 0.0 ], [ 122.026923566798828, -0.405262023300578, 0.0 ], [ 122.027188592904366, -0.405171332962306, 0.0 ], [ 122.027305091988765, -0.405142625947124, 0.0 ], [ 122.027395436420093, -0.40513545659131, 0.0 ], [ 122.027516685013666, -0.405152225217312, 0.0 ], [ 122.027602269674404, -0.405185743508272, 0.0 ], [ 122.027732059090468, -0.405254219125546, 0.0 ], [ 122.027796720600008, -0.405300180701195, 0.0 ], [ 122.027886107725621, -0.405346145266114, 0.0 ], [ 122.028034658063362, -0.405434619135679, 0.0 ], [ 122.02818470544193, -0.405443833101782, 0.0 ], [ 122.028228452134613, -0.405432349946057, 0.0 ], [ 122.028295024300832, -0.405405551624616, 0.0 ], [ 122.028361597608622, -0.405369179599554, 0.0 ], [ 122.028435776517625, -0.405351955895575, 0.0 ], [ 122.028492835409921, -0.40535387752765, 0.0 ], [ 122.028538480196957, -0.405374945186047, 0.0 ], [ 122.028587925960082, -0.405420904930735, 0.0 ], [ 122.028603134423506, -0.405482178465235, 0.0 ], [ 122.028605028634047, -0.405547279872696, 0.0 ], [ 122.028561265268792, -0.405698539086663, 0.0 ], [ 122.028513703208546, -0.405805758805537, 0.0 ], [ 122.028477559137855, -0.40586128190915, 0.0 ], [ 122.028416687160842, -0.40593594942492, 0.0 ], [ 122.028340597358891, -0.406027847759952, 0.0 ], [ 122.028178909037379, -0.40620206956244, 0.0 ], [ 122.028121843282179, -0.406257590121387, 0.0 ], [ 122.02805146212971, -0.406326512246903, 0.0 ], [ 122.027963960036004, -0.406422238657065, 0.0 ], [ 122.027878360597114, -0.406512221071555, 0.0 ], [ 122.027545413378547, -0.406881147000487, 0.0 ], [ 122.027275184123567, -0.407110930416096, 0.0 ], [ 122.027171711126485, -0.407174627363493, 0.0 ], [ 122.027052835971617, -0.407191366893258, 0.0 ], [ 122.026941098661368, -0.407162632222152, 0.0 ], [ 122.026834121732691, -0.407088423065957, 0.0 ], [ 122.026746166230268, -0.406999855677841, 0.0 ], [ 122.026648698010916, -0.406935221380723, 0.0 ], [ 122.026525078568596, -0.406863403636958, 0.0 ], [ 122.026413342140245, -0.40682748870171, 0.0 ], [ 122.026184548792926, -0.406841143577922, 0.0 ], [ 122.026120195939697, -0.406870056032035, 0.0 ], [ 122.026020336503933, -0.406920305796784, 0.0 ], [ 122.025902642658224, -0.406999274473891, 0.0 ], [ 122.025759982015302, -0.407106961190716, 0.0 ], [ 122.025649411502499, -0.407261323560336, 0.0 ], [ 122.025645834530579, -0.407351076508639, 0.0 ], [ 122.025663656007822, -0.407430061656, 0.0 ], [ 122.025706441697679, -0.407501869573259, 0.0 ], [ 122.025749230406944, -0.407548546544214, 0.0 ], [ 122.025802715970471, -0.40760958536072, 0.0 ], [ 122.025856201103238, -0.407674214314524, 0.0 ], [ 122.02591681862279, -0.407738844138715, 0.0 ], [ 122.025998833304556, -0.407803476571406, 0.0 ], [ 122.026102246875652, -0.407853751069871, 0.0 ], [ 122.026230625533202, -0.407889668067704, 0.0 ], [ 122.026305513877119, -0.407904037733869, 0.0 ], [ 122.026391103825162, -0.40789327775079, 0.0 ], [ 122.026512358734749, -0.407857391155384, 0.0 ], [ 122.026637177254216, -0.407843045807843, 0.0 ], [ 122.026776256673656, -0.407861013422327, 0.0 ], [ 122.0268475749549, -0.407907693880347, 0.0 ], [ 122.026897489601211, -0.408008223784065, 0.0 ], [ 122.026961667730674, -0.408119525837833, 0.0 ], [ 122.027004451711463, -0.408205694331593, 0.0 ], [ 122.02703297004939, -0.408299041362855, 0.0 ], [ 122.027025826005129, -0.408395974186504, 0.0 ], [ 122.027015115331437, -0.408496496711824, 0.0 ], [ 122.026936645656306, -0.408607781384434, 0.0 ], [ 122.026833213477857, -0.408711882732878, 0.0 ], [ 122.026662020571848, -0.40884110675948, 0.0 ], [ 122.026544325339941, -0.40893084580188, 0.0 ], [ 122.026405232940547, -0.409020582223216, 0.0 ], [ 122.026291099140821, -0.40914981317999, 0.0 ], [ 122.026141280004708, -0.409472907100738, 0.0 ], [ 122.026034286809249, -0.409533926322471, 0.0 ], [ 122.025927297948684, -0.409559044183273, 0.0 ], [ 122.025788216811947, -0.409555437029874, 0.0 ], [ 122.025649136981855, -0.40954105946852, 0.0 ], [ 122.025417334388166, -0.409541031097043, 0.0 ], [ 122.02525685697988, -0.409530241046622, 0.0 ], [ 122.025149873346805, -0.409512277274325, 0.0 ], [ 122.025025059185282, -0.409490721183769, 0.0 ], [ 122.024900250233813, -0.409426083479222, 0.0 ], [ 122.02482180526512, -0.409332730378428, 0.0 ], [ 122.024814681985518, -0.409257336683199, 0.0 ], [ 122.024861060266147, -0.409110146845711, 0.0 ], [ 122.024896736495037, -0.408991676771299, 0.0 ], [ 122.024932417050053, -0.408837305348921, 0.0 ], [ 122.024921732329062, -0.408722419736832, 0.0 ], [ 122.024864684502532, -0.408629069266887, 0.0 ], [ 122.024750581058456, -0.408506990753169, 0.0 ], [ 122.024597245607652, -0.408417218661197, 0.0 ], [ 122.024465298228037, -0.408402842002935, 0.0 ], [ 122.024383272780241, -0.408427962917795, 0.0 ], [ 122.024158588398791, -0.408546409870157, 0.0 ], [ 122.024019503454127, -0.408575113931729, 0.0 ], [ 122.023937484944852, -0.408542792699236, 0.0 ], [ 122.023859033062863, -0.408506881770273, 0.0 ], [ 122.023748484593966, -0.408478147183524, 0.0 ], [ 122.023602271617392, -0.408470949033822, 0.0 ], [ 122.023488153933698, -0.40846734494142, 0.0 ], [ 122.023420401503714, -0.408424255057624, 0.0 ], [ 122.02337048176318, -0.408366806824695, 0.0 ], [ 122.023345528391928, -0.408284230716399, 0.0 ], [ 122.023341973463261, -0.408190886827268, 0.0 ], [ 122.023356251218274, -0.408083184586506, 0.0 ], [ 122.02338835819171, -0.40798984505513, 0.0 ], [ 122.023456126637143, -0.407900100011364, 0.0 ], [ 122.023577387078149, -0.407817541762357, 0.0 ], [ 122.023684379294963, -0.407763702829457, 0.0 ], [ 122.02381276692995, -0.407724227036876, 0.0 ], [ 122.023966118771554, -0.407677574018708, 0.0 ], [ 122.024115909180054, -0.407591429087998, 0.0 ], [ 122.024201507711368, -0.407508866452384, 0.0 ], [ 122.024338215894446, -0.407474178495345, 0.0 ], [ 122.024409553544828, -0.407359302904354, 0.0 ], [ 122.024490407364851, -0.407191773166988, 0.0 ], [ 122.024578878079197, -0.406949090872019, 0.0 ], [ 122.024664485073359, -0.406795922229974, 0.0 ], [ 122.02477861814603, -0.406671478124079, 0.0 ], [ 122.024892746620452, -0.406585328775795, 0.0 ], [ 122.024978340965959, -0.406537470721103, 0.0 ], [ 122.025068687938287, -0.406508760625914, 0.0 ], [ 122.025135259725175, -0.406484834485161, 0.0 ], [ 122.02522085349905, -0.406441763268306, 0.0 ], [ 122.025311207934436, -0.406350824159882, 0.0 ], [ 122.025363524705426, -0.406245519886425, 0.0 ], [ 122.025468151930355, -0.406087566643503, 0.0 ], [ 122.025615586057484, -0.405824307945809, 0.0 ], [ 122.025672664603448, -0.405661562063486, 0.0 ], [ 122.025690677511065, -0.405485377700062, 0.0 ], [ 122.025725029975746, -0.405149375753543, 0.0 ], [ 122.02570126222362, -0.405091930709448, 0.0 ], [ 122.025678893877853, -0.405071139361894, 0.0 ], [ 122.025590621468481, -0.405031560294422, 0.0 ], [ 122.025247828652354, -0.40495167433989, 0.0 ], [ 122.025021662374456, -0.404875666597332, 0.0 ], [ 122.024775396554659, -0.4047392204554, 0.0 ], [ 122.024320759434985, -0.404411883822581, 0.0 ], [ 122.024061895025184, -0.404210468565354, 0.0 ], [ 122.023805444004893, -0.404047092437367, 0.0 ], [ 122.022874749009361, -0.403595945760492, 0.0 ], [ 122.022793372066644, -0.403567149788972, 0.0 ], [ 122.022297066181508, -0.403419102910895, 0.0 ], [ 122.022101526757055, -0.403377635613978, 0.0 ], [ 122.021957096504593, -0.403361619676286, 0.0 ], [ 122.021883395303007, -0.403361610758696, 0.0 ], [ 122.021745501593031, -0.403371167755547, 0.0 ], [ 122.021662288563306, -0.403387911629845, 0.0 ], [ 122.021567185672779, -0.403426194849141, 0.0 ], [ 122.021429287113392, -0.403476439986048, 0.0 ], [ 122.021358493242118, -0.403495867828948, 0.0 ], [ 122.021138996924805, -0.403498184954505, 0.0 ], [ 122.020953556524418, -0.403487392098489, 0.0 ], [ 122.020860835608801, -0.403467197969031, 0.0 ], [ 122.020737545387988, -0.403413436884788, 0.0 ], [ 122.020570576379214, -0.403292655794115, 0.0 ], [ 122.020420722355112, -0.403214476159967, 0.0 ], [ 122.020361605297367, -0.403189339595235, 0.0 ], [ 122.02020113382298, -0.403131878082236, 0.0 ], [ 122.019901584577383, -0.403045678688764, 0.0 ], [ 122.019853614795792, -0.403031693166366, 0.0 ], [ 122.019638823432061, -0.403016581049334, 0.0 ], [ 122.019522144860161, -0.403026126344162, 0.0 ], [ 122.019470213859236, -0.40305008024805, 0.0 ], [ 122.019430153571406, -0.403098369589692, 0.0 ], [ 122.019406091608388, -0.403154035855809, 0.0 ], [ 122.019361630410089, -0.403328276048459, 0.0 ], [ 122.019358647846033, -0.403418028902032, 0.0 ], [ 122.019352694175623, -0.403501797847139, 0.0 ], [ 122.019334856446079, -0.403558639385073, 0.0 ], [ 122.019275413588161, -0.403612484097839, 0.0 ], [ 122.019182524824814, -0.40372054774652, 0.0 ], [ 122.019138019396308, -0.40380263851193, 0.0 ], [ 122.019139917459725, -0.403835189239761, 0.0 ], [ 122.019147522336084, -0.403860081720345, 0.0 ], [ 122.019158932290082, -0.40387540098763, 0.0 ], [ 122.019181753804773, -0.403892636376708, 0.0 ], [ 122.019239361348014, -0.403937125417202, 0.0 ], [ 122.019245654153195, -0.40395653446533, 0.0 ], [ 122.01926941723822, -0.404052274112985, 0.0 ], [ 122.01927237793609, -0.404145019459444, 0.0 ], [ 122.019263453861271, -0.404216820944768, 0.0 ], [ 122.019263451174893, -0.404239213373747, 0.0 ], [ 122.019241364783156, -0.40433913404582, 0.0 ], [ 122.019204514912971, -0.404413447107896, 0.0 ], [ 122.019193093238201, -0.404495779330431, 0.0 ], [ 122.019198439670362, -0.404519474828513, 0.0 ], [ 122.019240633402902, -0.404570459787049, 0.0 ], [ 122.019267947861294, -0.404596864674881, 0.0 ], [ 122.019327791122237, -0.404681574495954, 0.0 ], [ 122.019331746843037, -0.40470748015301, 0.0 ], [ 122.019331738218384, -0.404779282723345, 0.0 ], [ 122.019322816645939, -0.404830141791937, 0.0 ], [ 122.019296064507003, -0.40487800691508, 0.0 ], [ 122.019230679055823, -0.404922875558125, 0.0 ], [ 122.019150436298688, -0.404952783520843, 0.0 ], [ 122.019085054085039, -0.404970726197459, 0.0 ], [ 122.019028588053402, -0.404982686412136, 0.0 ], [ 122.018954288580844, -0.405015586867251, 0.0 ], [ 122.018888900613092, -0.405081397913892, 0.0 ], [ 122.018859141953612, -0.405135735410124, 0.0 ], [ 122.018844567532639, -0.405196465495491, 0.0 ], [ 122.018862109229175, -0.405455366321298, 0.0 ], [ 122.018862091218026, -0.405604954988341, 0.0 ], [ 122.018856176236994, -0.405670368655776, 0.0 ], [ 122.018817774585031, -0.405770181271556, 0.0 ], [ 122.018787431011447, -0.405820031615647, 0.0 ], [ 122.018701408798293, -0.40590123062461, 0.0 ], [ 122.018632015293505, -0.405938654899744, 0.0 ], [ 122.018552113952623, -0.405964057438543, 0.0 ], [ 122.01842031071682, -0.405991614210605, 0.0 ], [ 122.018360470765145, -0.405990583144095, 0.0 ], [ 122.018336032740763, -0.405991348969728, 0.0 ], [ 122.018271718746632, -0.406001220380145, 0.0 ], [ 122.018259235759714, -0.406009349671791, 0.0 ], [ 122.01824707601611, -0.406030955508062, 0.0 ], [ 122.018239636997777, -0.406060682142768, 0.0 ], [ 122.018244277338312, -0.406082014837411, 0.0 ], [ 122.018254624300397, -0.406097459772383, 0.0 ], [ 122.018379470784126, -0.406153337914603, 0.0 ], [ 122.018405619628055, -0.406179668714014, 0.0 ], [ 122.018405615873803, -0.406210783152376, 0.0 ], [ 122.018388968769045, -0.406251469228785, 0.0 ], [ 122.018268554944598, -0.406310063579509, 0.0 ], [ 122.018255822544219, -0.406323255491606, 0.0 ], [ 122.01824723792619, -0.406336832532989, 0.0 ], [ 122.018237713612265, -0.406364296844532, 0.0 ], [ 122.018234416479544, -0.406397448838467, 0.0 ], [ 122.018239165901349, -0.406442924366356, 0.0 ], [ 122.018255802026601, -0.406493188185808, 0.0 ], [ 122.018347867346364, -0.406618547211855, 0.0 ], [ 122.018359728668969, -0.406640047092473, 0.0 ], [ 122.018359723970548, -0.406678940139966, 0.0 ], [ 122.018350804893998, -0.406708856776915, 0.0 ], [ 122.018315140877249, -0.406726803047344, 0.0 ], [ 122.018205182430052, -0.406735764900066, 0.0 ], [ 122.018164416251892, -0.4067326029642, 0.0 ], [ 122.017956399376175, -0.406653792450269, 0.0 ], [ 122.017867729144655, -0.40660509241248, 0.0 ], [ 122.017780164979612, -0.40657844244919, 0.0 ], [ 122.017758783032576, -0.406577512799342, 0.0 ], [ 122.017713540071469, -0.406593670999682, 0.0 ], [ 122.017688793676925, -0.406631742375735, 0.0 ], [ 122.017677372264174, -0.406669813751762, 0.0 ], [ 122.017675468695302, -0.406713595834257, 0.0 ], [ 122.017688073030484, -0.406840413583544, 0.0 ], [ 122.017696979806828, -0.406912217210988, 0.0 ], [ 122.017720745682453, -0.406984022660663, 0.0 ], [ 122.017768285033725, -0.40706480634359, 0.0 ], [ 122.017824140581979, -0.407193470669194, 0.0 ], [ 122.017920815907573, -0.407416164134497, 0.0 ], [ 122.017970733219386, -0.40749275963754, 0.0 ], [ 122.018001005782381, -0.407542642801548, 0.0 ], [ 122.018049170867116, -0.407644845220325, 0.0 ], [ 122.018102581945882, -0.40775817921457, 0.0 ], [ 122.018107340868028, -0.407822424661664, 0.0 ], [ 122.018126376555855, -0.407912844179858, 0.0 ], [ 122.018150171166113, -0.407991366392965, 0.0 ], [ 122.018169206854267, -0.408053232378949, 0.0 ], [ 122.018169206854267, -0.408117477826001, 0.0 ], [ 122.018159689009991, -0.408155549202139, 0.0 ], [ 122.018140653322135, -0.408188861656192, 0.0 ], [ 122.018112099789931, -0.408203138422216, 0.0 ], [ 122.018085925718893, -0.408203138422216, 0.0 ], [ 122.018052613264757, -0.408176964351218, 0.0 ], [ 122.018003410649612, -0.408107979241336, 0.0 ], [ 122.0178218055473, -0.40785335765469, 0.0 ], [ 122.017531511304568, -0.407446469823203, 0.0 ], [ 122.017516749861329, -0.407421352928442, 0.0 ], [ 122.017446197426111, -0.40732059440769, 0.0 ], [ 122.017346764366152, -0.407205300101542, 0.0 ], [ 122.017253204308275, -0.407155385561054, 0.0 ], [ 122.01715412660846, -0.407121085823806, 0.0 ], [ 122.017055542579683, -0.407105403018799, 0.0 ], [ 122.016969955043919, -0.407098212262556, 0.0 ], [ 122.016798779109877, -0.407091010999856, 0.0 ], [ 122.016649002023087, -0.40706945185884, 0.0 ], [ 122.016513492285284, -0.407026353715592, 0.0 ], [ 122.016466323172949, -0.407004478238126, 0.0 ], [ 122.016382057463701, -0.406956021982386, 0.0 ], [ 122.016352290976656, -0.406932716435061, 0.0 ], [ 122.016274323810734, -0.40685334803144, 0.0 ], [ 122.016248967567194, -0.406814577064968, 0.0 ], [ 122.016203634196032, -0.406771164025576, 0.0 ], [ 122.016175664864733, -0.406750385448663, 0.0 ], [ 122.01614687304243, -0.406737076531617, 0.0 ], [ 122.016106167937224, -0.40673679051673, 0.0 ], [ 122.016068384079858, -0.406742021871756, 0.0 ], [ 122.015993123327888, -0.406749036509658, 0.0 ], [ 122.015904318731586, -0.406739498897013, 0.0 ], [ 122.015844331052236, -0.406724491743116, 0.0 ], [ 122.01577490244199, -0.406696920232179, 0.0 ], [ 122.01550206268972, -0.406619619560759, 0.0 ], [ 122.015285198012606, -0.406583689030866, 0.0 ], [ 122.014823326086685, -0.406552062226338, 0.0 ], [ 122.01452377473403, -0.406487403204259, 0.0 ], [ 122.014280328878058, -0.406442855765501, 0.0 ], [ 122.014198296655067, -0.406415906005596, 0.0 ], [ 122.014096490750717, -0.406407318999511, 0.0 ], [ 122.014010085492473, -0.406420751602743, 0.0 ], [ 122.013952978428378, -0.406441690859617, 0.0 ], [ 122.013913003483395, -0.406466437254041, 0.0 ], [ 122.013865414263364, -0.406512122905269, 0.0 ], [ 122.013844475006422, -0.406540676437313, 0.0 ], [ 122.013833053593629, -0.406578747813444, 0.0 ], [ 122.013834957162302, -0.406624433464687, 0.0 ], [ 122.013870807708372, -0.406748284409921, 0.0 ], [ 122.014001862527024, -0.407057627362372, 0.0 ], [ 122.014044645352897, -0.407150975822074, 0.0 ], [ 122.014074563477934, -0.407243253470924, 0.0 ], [ 122.014101677260768, -0.407373016983213, 0.0 ], [ 122.014101671084745, -0.40742383218228, 0.0 ], [ 122.014090965560513, -0.407481272829404, 0.0 ], [ 122.014085721691359, -0.407506333218855, 0.0 ], [ 122.014066862453546, -0.407544367572272, 0.0 ], [ 122.0140372548409, -0.407568841790569, 0.0 ], [ 122.013997813727755, -0.407589061921172, 0.0 ], [ 122.013957293093071, -0.407595506991926, 0.0 ], [ 122.013874249616009, -0.40759541553528, 0.0 ], [ 122.01376461755379, -0.407577444156714, 0.0 ], [ 122.013739559384675, -0.407564651404608, 0.0 ], [ 122.013621542594905, -0.407490627103082, 0.0 ], [ 122.013462371243776, -0.407367305155654, 0.0 ], [ 122.013397169822838, -0.407278591153239, 0.0 ], [ 122.013343528250388, -0.407195453495645, 0.0 ], [ 122.013282515717933, -0.407076082923512, 0.0 ], [ 122.013263480029892, -0.407030873164334, 0.0 ], [ 122.013229027539396, -0.406976081251633, 0.0 ], [ 122.01319447566074, -0.406938074185285, 0.0 ], [ 122.013155761187136, -0.406910420989828, 0.0 ], [ 122.013058846383288, -0.406861931433157, 0.0 ], [ 122.012958909021094, -0.406814342213105, 0.0 ], [ 122.012889904651928, -0.406776270837059, 0.0 ], [ 122.012806623516894, -0.406731061077947, 0.0 ], [ 122.012730480764475, -0.406685851318961, 0.0 ], [ 122.012674125860158, -0.406662612183056, 0.0 ], [ 122.012632150980622, -0.406636901115861, 0.0 ], [ 122.012614176468574, -0.406613384462712, 0.0 ], [ 122.012578283379511, -0.406556356052692, 0.0 ], [ 122.012561649253797, -0.40650473700067, 0.0 ], [ 122.012544068183743, -0.406298999476305, 0.0 ], [ 122.012539927900889, -0.406077062032571, 0.0 ], [ 122.01254375845474, -0.405848044824788, 0.0 ], [ 122.012541645303116, -0.405667290070883, 0.0 ], [ 122.012591288613407, -0.405287825712501, 0.0 ], [ 122.012692352780363, -0.405102348511341, 0.0 ], [ 122.012840963081558, -0.404940811269871, 0.0 ], [ 122.012995518452712, -0.404767307667015, 0.0 ], [ 122.013144127293089, -0.40461773746272, 0.0 ], [ 122.013173848337615, -0.404593806956271, 0.0 ], [ 122.013239228274088, -0.404593814961852, 0.0 ], [ 122.013328373337345, -0.404671611854819, 0.0 ], [ 122.013453175851268, -0.404785314339713, 0.0 ], [ 122.013554207459592, -0.404869096233452, 0.0 ], [ 122.013667130673412, -0.404916978363568, 0.0 ], [ 122.013827610901103, -0.404899047405641, 0.0 ], [ 122.013970266744735, -0.404827262418891, 0.0 ], [ 122.014065372086876, -0.404767438680057, 0.0 ], [ 122.014095103975393, -0.40465375509374, 0.0 ], [ 122.014035683544279, -0.404522109985613, 0.0 ], [ 122.013958431493705, -0.404396446239097, 0.0 ], [ 122.013875235810701, -0.404270781770901, 0.0 ], [ 122.013803925225488, -0.404163069373816, 0.0 ], [ 122.013573377926605, -0.404029907484348, 0.0 ], [ 122.013549609897936, -0.403976052744452, 0.0 ], [ 122.013558532198289, -0.40391921023135, 0.0 ], [ 122.013588256123413, -0.403871345565468, 0.0 ], [ 122.013662551869288, -0.403868362873885, 0.0 ], [ 122.013802227558571, -0.403865388167965, 0.0 ], [ 122.013885437674389, -0.403871381869755, 0.0 ], [ 122.013974591063402, -0.403880368065818, 0.0 ], [ 122.014057798299532, -0.403910295918514, 0.0 ], [ 122.014138032279902, -0.403952190485249, 0.0 ], [ 122.014265810631528, -0.404032983860414, 0.0 ], [ 122.014343074965154, -0.404056927451983, 0.0 ], [ 122.014432230892226, -0.404044971263715, 0.0 ], [ 122.014609886219986, -0.403919640555299, 0.0 ], [ 122.014641469671204, -0.403854778533677, 0.0 ], [ 122.014641476647824, -0.40379683950124, 0.0 ], [ 122.014617717101018, -0.403672378987886, 0.0 ], [ 122.01455115994132, -0.403576634243801, 0.0 ], [ 122.01442613432026, -0.403481954323823, 0.0 ], [ 122.014322645572847, -0.403424688312034, 0.0 ], [ 122.014281046630771, -0.403370831392001, 0.0 ], [ 122.01426322149554, -0.403322960910254, 0.0 ], [ 122.014263229053526, -0.403260133757015, 0.0 ], [ 122.014301873813466, -0.403167393620268, 0.0 ], [ 122.014367264192956, -0.403080640278792, 0.0 ], [ 122.014420766947069, -0.402996877254648, 0.0 ], [ 122.014450495172554, -0.402913111332101, 0.0 ], [ 122.014465362159854, -0.402847294215071, 0.0 ], [ 122.014509949100784, -0.40276652186806, 0.0 ], [ 122.014584251323313, -0.402709687291418, 0.0 ], [ 122.014652602729228, -0.402712687379488, 0.0 ], [ 122.014682316577492, -0.402748592231159, 0.0 ], [ 122.014694195217999, -0.402820396148349, 0.0 ], [ 122.014694186952624, -0.402889206849109, 0.0 ], [ 122.014709034890387, -0.402981953516056, 0.0 ], [ 122.014759546776645, -0.403056753909438, 0.0 ], [ 122.01477440082374, -0.403098640494322, 0.0 ], [ 122.014957284363504, -0.40324486279168, 0.0 ], [ 122.015029631609281, -0.403314932251216, 0.0 ], [ 122.015197921798261, -0.403491356499528, 0.0 ], [ 122.015328651933402, -0.403554294372189, 0.0 ], [ 122.015366976433256, -0.403565500609617, 0.0 ], [ 122.015514373948463, -0.403603813232141, 0.0 ], [ 122.015666529832075, -0.403613405438255, 0.0 ], [ 122.015771138372742, -0.403608631350581, 0.0 ], [ 122.015890016242437, -0.403565564334437, 0.0 ], [ 122.015980370419001, -0.403474625506975, 0.0 ], [ 122.016018422907109, -0.403364532973713, 0.0 ], [ 122.016042211242535, -0.403249651868322, 0.0 ], [ 122.016042229056893, -0.403101260035966, 0.0 ], [ 122.016047000623686, -0.402962442448389, 0.0 ], [ 122.016061284869934, -0.402799691849538, 0.0 ], [ 122.016094587016241, -0.40265130406034, 0.0 ], [ 122.016146908785203, -0.402502918577841, 0.0 ], [ 122.016223006230675, -0.402344962309444, 0.0 ], [ 122.016313364378334, -0.40222051559973, 0.0 ], [ 122.016460770527118, -0.402187025647453, 0.0 ], [ 122.016565377353473, -0.402196612005657, 0.0 ], [ 122.016679491707691, -0.402225346853433, 0.0 ], [ 122.016769829233539, -0.402273226155434, 0.0 ], [ 122.016803100412275, -0.402383327384344, 0.0 ], [ 122.016793574546341, -0.402517357593507, 0.0 ], [ 122.016722233144691, -0.402665740799433, 0.0 ], [ 122.016665161624218, -0.402771044223189, 0.0 ], [ 122.016593823079234, -0.402895493245995, 0.0 ], [ 122.016551015127249, -0.403010372062734, 0.0 ], [ 122.016551004217717, -0.403101321909518, 0.0 ], [ 122.016565258031278, -0.403192273490938, 0.0 ], [ 122.016612796202566, -0.403283229121525, 0.0 ], [ 122.016688863825721, -0.403374188224981, 0.0 ], [ 122.016796772655681, -0.403466717995116, 0.0 ], [ 122.016992317526615, -0.403575329930688, 0.0 ], [ 122.017039113831075, -0.403593455891323, 0.0 ], [ 122.017119351132479, -0.403608424512503, 0.0 ], [ 122.017175816042368, -0.403605439610136, 0.0 ], [ 122.017404893491303, -0.403561586505209, 0.0 ], [ 122.017588427432088, -0.403570638994601, 0.0 ], [ 122.017670324194341, -0.403550315837822, 0.0 ], [ 122.017832152192227, -0.403488193897655, 0.0 ], [ 122.017899959443383, -0.403440378942779, 0.0 ], [ 122.017911475350033, -0.403430207742632, 0.0 ], [ 122.017926047415003, -0.403413053323361, 0.0 ], [ 122.017954193074729, -0.403387007746552, 0.0 ], [ 122.017966607898771, -0.403380010747079, 0.0 ], [ 122.017987925970459, -0.403372934487137, 0.0 ], [ 122.018006835926585, -0.403371984944092, 0.0 ], [ 122.01803108476598, -0.403382040245949, 0.0 ], [ 122.018065316680506, -0.403410765422184, 0.0 ], [ 122.018090990272313, -0.403435181406432, 0.0 ], [ 122.018123796058262, -0.403461034308431, 0.0 ], [ 122.018173720384993, -0.403479709035945, 0.0 ], [ 122.018216514067333, -0.403484022387937, 0.0 ], [ 122.01826358854747, -0.403476847851964, 0.0 ], [ 122.018300679263902, -0.403456747643876, 0.0 ], [ 122.018350850218411, -0.403389267813252, 0.0 ], [ 122.018367617545195, -0.403349051948481, 0.0 ], [ 122.018367620928956, -0.403320809612168, 0.0 ], [ 122.018355740819629, -0.403260972710769, 0.0 ], [ 122.018322464469605, -0.403193952957522, 0.0 ], [ 122.018291563854746, -0.403141294003626, 0.0 ], [ 122.018260663813066, -0.403083848214046, 0.0 ], [ 122.018239273019631, -0.403031190416018, 0.0 ], [ 122.018235328592581, -0.402944199845002, 0.0 ], [ 122.018316692657407, -0.402786971145489, 0.0 ], [ 122.018328987844129, -0.402760943244652, 0.0 ], [ 122.018345581275213, -0.402730422431919, 0.0 ], [ 122.018415968154628, -0.402611717413215, 0.0 ], [ 122.018457821901734, -0.402523644687532, 0.0 ], [ 122.018488263631156, -0.402437485311836, 0.0 ], [ 122.018476311202662, -0.402380116713606, 0.0 ], [ 122.01844887209424, -0.402331001292484, 0.0 ], [ 122.018434359006037, -0.402308113000623, 0.0 ], [ 122.018377975789591, -0.402219192194631, 0.0 ], [ 122.018357517234563, -0.402166050755083, 0.0 ], [ 122.018350173768468, -0.402100283804088, 0.0 ], [ 122.018353982270568, -0.402061989571393, 0.0 ], [ 122.018371105664855, -0.402014123276483, 0.0 ], [ 122.018399640385951, -0.401970087831633, 0.0 ], [ 122.018468115439973, -0.401933716157276, 0.0 ], [ 122.018538490401497, -0.401914577323949, 0.0 ], [ 122.018579141899522, -0.401910775358804, 0.0 ], [ 122.018705341425502, -0.401885060157396, 0.0 ], [ 122.018901482996057, -0.401814666957398, 0.0 ], [ 122.019015453609981, -0.401760732162895, 0.0 ], [ 122.019032307520746, -0.401750161306732, 0.0 ], [ 122.019081764077086, -0.401704213641659, 0.0 ], [ 122.019112201672982, -0.401652519471502, 0.0 ], [ 122.019114113224319, -0.401572100827038, 0.0 ], [ 122.019106511300038, -0.401522316795457, 0.0 ], [ 122.019083692519104, -0.401482104601853, 0.0 ], [ 122.019020933853994, -0.401430399174384, 0.0 ], [ 122.018950568702039, -0.401367204419801, 0.0 ], [ 122.018739462760422, -0.401265697972816, 0.0 ], [ 122.018686213695204, -0.401215908435493, 0.0 ], [ 122.018672906333563, -0.401162294252089, 0.0 ], [ 122.018674819245362, -0.401070387208849, 0.0 ], [ 122.018695750883467, -0.400986141400327, 0.0 ], [ 122.018737601389134, -0.400924874933375, 0.0 ], [ 122.018815589212039, -0.400863612823919, 0.0 ], [ 122.018893569059159, -0.400869366435197, 0.0 ], [ 122.018960134160665, -0.400900010224746, 0.0 ], [ 122.019000069940375, -0.400945968683207, 0.0 ], [ 122.019030494303507, -0.40100532914092, 0.0 ], [ 122.019066627978447, -0.401035969261835, 0.0 ], [ 122.019119880244844, -0.401058952508137, 0.0 ], [ 122.019207369923024, -0.401064707268727, 0.0 ], [ 122.019272037169586, -0.4010608855995, 0.0 ], [ 122.019340509485545, -0.401047490712285, 0.0 ], [ 122.019407078926875, -0.401041754535525, 0.0 ], [ 122.019450822288377, -0.401057077694015, 0.0 ], [ 122.019456524080383, -0.401091543617561, 0.0 ], [ 122.019435597456408, -0.401133665270316, 0.0 ], [ 122.019416574164183, -0.401164298740397, 0.0 ], [ 122.019401353433182, -0.401206421080513, 0.0 ], [ 122.019399446680922, -0.401246630291711, 0.0 ], [ 122.019426066661254, -0.401309819769123, 0.0 ], [ 122.019456490114194, -0.401376839177231, 0.0 ], [ 122.01947739735671, -0.401497470027073, 0.0 ], [ 122.019528742875295, -0.401560662493373, 0.0 ], [ 122.019608619006803, -0.401614284729521, 0.0 ], [ 122.01969420331622, -0.401648760302187, 0.0 ], [ 122.019798811155141, -0.401650687669121, 0.0 ], [ 122.019888203278214, -0.401652613197749, 0.0 ], [ 122.01997759768426, -0.401635391369551, 0.0 ], [ 122.020042269739491, -0.401591360256094, 0.0 ], [ 122.020082217161104, -0.40153966721384, 0.0 ], [ 122.02009363647403, -0.401476482314029, 0.0 ], [ 122.02008032955699, -0.401419038638008, 0.0 ], [ 122.020057511447121, -0.401373082229057, 0.0 ], [ 122.020028988809358, -0.401315636718654, 0.0 ], [ 122.020011878416639, -0.401254363114087, 0.0 ], [ 122.020009982147371, -0.40120649449436, 0.0 ], [ 122.020032815749019, -0.401122248878667, 0.0 ], [ 122.0200556457049, -0.401068639031987, 0.0 ], [ 122.020106883413419, -0.400942691019224, 0.0 ], [ 122.020105117282696, -0.400896318781908, 0.0 ], [ 122.020099417761031, -0.400842705495732, 0.0 ], [ 122.020088013936714, -0.400775688372733, 0.0 ], [ 122.02008802008028, -0.400723990509702, 0.0 ], [ 122.020099438921974, -0.400664635078222, 0.0 ], [ 122.020143195031338, -0.400572733031831, 0.0 ], [ 122.020213575462208, -0.400507640487741, 0.0 ], [ 122.020244902088962, -0.400491046895734, 0.0 ], [ 122.020365738110371, -0.400461705138485, 0.0 ], [ 122.020504585417711, -0.400429171332102, 0.0 ], [ 122.020586370595652, -0.400423436961718, 0.0 ], [ 122.020687175199413, -0.400419619613497, 0.0 ], [ 122.020772760222613, -0.400448350947265, 0.0 ], [ 122.020875459072698, -0.40050963485408, 0.0 ], [ 122.020911128462487, -0.400547184950852, 0.0 ], [ 122.020983597128392, -0.400654456425162, 0.0 ], [ 122.021021882674617, -0.40074325028307, 0.0 ], [ 122.021050403289337, -0.40081792842824, 0.0 ], [ 122.021070969639368, -0.400900788298866, 0.0 ], [ 122.021075046882316, -0.400922020608877, 0.0 ], [ 122.021091942265315, -0.401116924034306, 0.0 ], [ 122.021063953739699, -0.401293716088896, 0.0 ], [ 122.021043136051503, -0.401419368146524, 0.0 ], [ 122.021034210269249, -0.401506128556371, 0.0 ], [ 122.021031227059112, -0.401601865008257, 0.0 ] ] ] ] } },
{ "type": "Feature", "properties": { "WADMPR": "SULAWESI TENGAH", "WADMKK": "TOJO UNA - UNA", "WADMKC": "TOGEAN", "WADMKD": "BAULU", "POKTAN": "KT BAULU JAYA", "LUAS_HA": 37.004805017800003, "PAKET": "Paket Sulawesi Tengah 9" }, "geometry": { "type": "MultiPolygon", "coordinates": [ [ [ [ 121.974512640804292, -0.365790559514653, 0.0 ], [ 121.974558686943041, -0.365793197069827, 0.0 ], [ 121.974660049163944, -0.365783482376531, 0.0 ], [ 121.974724369328783, -0.365765232771338, 0.0 ], [ 121.974770427656694, -0.365743022422065, 0.0 ], [ 121.974849127136395, -0.365691384094934, 0.0 ], [ 121.974874877214347, -0.365670984654126, 0.0 ], [ 121.974894168292394, -0.365651655919406, 0.0 ], [ 121.974931925114333, -0.365587760794583, 0.0 ], [ 121.974957752392967, -0.365517522610684, 0.0 ], [ 121.974965465324217, -0.365455975072718, 0.0 ], [ 121.974956118517881, -0.365324034772068, 0.0 ], [ 121.974934560362613, -0.365235326433982, 0.0 ], [ 121.974926126723744, -0.365212510841059, 0.0 ], [ 121.974845840762327, -0.365042492285829, 0.0 ], [ 121.974820947068679, -0.36499134499746, 0.0 ], [ 121.974743620924727, -0.364832468511267, 0.0 ], [ 121.974737672272212, -0.364796776596175, 0.0 ], [ 121.974737672272212, -0.3647610846811, 0.0 ], [ 121.974754548043705, -0.364732525683188, 0.0 ], [ 121.974793367891365, -0.364709515765523, 0.0 ], [ 121.974851704719839, -0.364691368584223, 0.0 ], [ 121.975027759990084, -0.364620751063523, 0.0 ], [ 121.975125188075793, -0.364572992197968, 0.0 ], [ 121.975165881188005, -0.364558830495876, 0.0 ], [ 121.975210590147171, -0.364558830495876, 0.0 ], [ 121.97525817936743, -0.364573702127114, 0.0 ], [ 121.975289447495001, -0.364606924512682, 0.0 ], [ 121.975309743907459, -0.364701279756808, 0.0 ], [ 121.975326629084648, -0.36477977663566, 0.0 ], [ 121.97544293558893, -0.365183154451243, 0.0 ], [ 121.975476949286389, -0.365342005050427, 0.0 ], [ 121.975518126606261, -0.365472915106002, 0.0 ], [ 121.975587972662652, -0.365665160889259, 0.0 ], [ 121.975605104782048, -0.36569561799019, 0.0 ], [ 121.975639369020399, -0.365712750109274, 0.0 ], [ 121.975683151102885, -0.365716557247, 0.0 ], [ 121.975719318910365, -0.365701328696467, 0.0 ], [ 121.975742161735837, -0.365668968026926, 0.0 ], [ 121.975817386207694, -0.365463395997786, 0.0 ], [ 121.975825263044158, -0.365443703906718, 0.0 ], [ 121.975870764892306, -0.365261737308971, 0.0 ], [ 121.975942637534359, -0.364878051360598, 0.0 ], [ 121.975984430236622, -0.364708268507705, 0.0 ], [ 121.976018893479591, -0.364624853734594, 0.0 ], [ 121.976075757293302, -0.364555184069387, 0.0 ], [ 121.976118353545885, -0.364519687192119, 0.0 ], [ 121.976188537378647, -0.364482059844801, 0.0 ], [ 121.976226987711925, -0.364468974666529, 0.0 ], [ 121.97631455786393, -0.364469561841712, 0.0 ], [ 121.976368657488933, -0.364500279425341, 0.0 ], [ 121.976373789659874, -0.364505411596404, 0.0 ], [ 121.976412455901354, -0.364558949468856, 0.0 ], [ 121.976439224837549, -0.364621410320281, 0.0 ], [ 121.976443710121629, -0.364711361877623, 0.0 ], [ 121.976444247517946, -0.364714586254715, 0.0 ], [ 121.976388661291139, -0.365124071457179, 0.0 ], [ 121.976385686964932, -0.365385812167584, 0.0 ], [ 121.976459244029314, -0.365839822156869, 0.0 ], [ 121.976507452150628, -0.366142415356419, 0.0 ], [ 121.97652008526255, -0.366202210479602, 0.0 ], [ 121.976570095192983, -0.366331647916253, 0.0 ], [ 121.976596864129178, -0.366364365504999, 0.0 ], [ 121.976656350654608, -0.366403031746419, 0.0 ], [ 121.976827186282534, -0.366484027127372, 0.0 ], [ 121.976852871541226, -0.366493200433938, 0.0 ], [ 121.976914169438047, -0.366500844618044, 0.0 ], [ 121.976931592776509, -0.366501369784216, 0.0 ], [ 121.976973317158354, -0.366489448532274, 0.0 ], [ 121.976986286816327, -0.366482995090989, 0.0 ], [ 121.977024258801976, -0.366450799617786, 0.0 ], [ 121.977037951759797, -0.366432998772587, 0.0 ], [ 121.977091986465211, -0.366346172279463, 0.0 ], [ 121.977122723991528, -0.366296781215049, 0.0 ], [ 121.977198143757036, -0.366178042606601, 0.0 ], [ 121.977223654472596, -0.366145028739495, 0.0 ], [ 121.97729117424737, -0.366090721990535, 0.0 ], [ 121.97731819596433, -0.366077641650202, 0.0 ], [ 121.977387488617978, -0.366062729861781, 0.0 ], [ 121.977489677803092, -0.366056578121963, 0.0 ], [ 121.977536910114949, -0.366058667269023, 0.0 ], [ 121.97762681262536, -0.366078152787814, 0.0 ], [ 121.977727228909416, -0.366114972092008, 0.0 ], [ 121.977821498197514, -0.366170399182587, 0.0 ], [ 121.977880715124684, -0.366235255817062, 0.0 ], [ 121.977917654449001, -0.366311169175901, 0.0 ], [ 121.977924298940721, -0.366342809174916, 0.0 ], [ 121.977932320755571, -0.366449280536743, 0.0 ], [ 121.97794421806077, -0.366544458976869, 0.0 ], [ 121.977953141039379, -0.366651534722005, 0.0 ], [ 121.977973961323158, -0.36674373883592, 0.0 ], [ 121.978018576217224, -0.366835942949794, 0.0 ], [ 121.978060216784783, -0.366895429474848, 0.0 ], [ 121.978134574941208, -0.366963838978682, 0.0 ], [ 121.978327270443302, -0.367093364565242, 0.0 ], [ 121.978393192002741, -0.367154705653206, 0.0 ], [ 121.978439234603897, -0.367230077074776, 0.0 ], [ 121.978462114870837, -0.367284485358805, 0.0 ], [ 121.978471942854043, -0.367330236315457, 0.0 ], [ 121.978468373662494, -0.367390912571019, 0.0 ], [ 121.978450527705235, -0.367480142358703, 0.0 ], [ 121.978400082845241, -0.367624714265769, 0.0 ], [ 121.978354750709855, -0.367697830613082, 0.0 ], [ 121.978282713942207, -0.367800729870062, 0.0 ], [ 121.978261360555024, -0.367826353934685, 0.0 ], [ 121.978225668639965, -0.367894168573137, 0.0 ], [ 121.97818997672502, -0.368008382701394, 0.0 ], [ 121.978168561575885, -0.368119027638041, 0.0 ], [ 121.978161423192873, -0.368222534191728, 0.0 ], [ 121.978161423192873, -0.368263855514845, 0.0 ], [ 121.97815302769196, -0.368323218258763, 0.0 ], [ 121.978134115454367, -0.36838615695552, 0.0 ], [ 121.978130843695695, -0.36839359277119, 0.0 ], [ 121.978104790428802, -0.368443760180098, 0.0 ], [ 121.978065277334963, -0.368498639476877, 0.0 ], [ 121.978050321867144, -0.368515042508431, 0.0 ], [ 121.978032725735375, -0.368526324445999, 0.0 ], [ 121.97800951407396, -0.368533308718228, 0.0 ], [ 121.977977158305606, -0.368534620524411, 0.0 ], [ 121.977909852624492, -0.368524389863124, 0.0 ], [ 121.977830336707115, -0.368501340522963, 0.0 ], [ 121.97777100138704, -0.368493065362289, 0.0 ], [ 121.97770683106782, -0.368491282853399, 0.0 ], [ 121.977654555672657, -0.368501404016156, 0.0 ], [ 121.977631047541777, -0.368509866943247, 0.0 ], [ 121.977563238819684, -0.368543006201491, 0.0 ], [ 121.977528084689411, -0.368565270484002, 0.0 ], [ 121.977450002079507, -0.368624652765186, 0.0 ], [ 121.977269477197737, -0.368786043673315, 0.0 ], [ 121.977187127445276, -0.368874900181551, 0.0 ], [ 121.97712522741142, -0.368952275223699, 0.0 ], [ 121.977097776655143, -0.368991691694242, 0.0 ], [ 121.97705412028553, -0.369062326435701, 0.0 ], [ 121.97704256083523, -0.369085687199865, 0.0 ], [ 121.977026646584036, -0.369137561675715, 0.0 ], [ 121.977025290049369, -0.369149770486896, 0.0 ], [ 121.977028148933186, -0.369206948163485, 0.0 ], [ 121.977021005856926, -0.369283130964973, 0.0 ], [ 121.97701522727742, -0.369307529411998, 0.0 ], [ 121.976988504965433, -0.369363731834309, 0.0 ], [ 121.976972963544625, -0.369385631109038, 0.0 ], [ 121.976939272421632, -0.369418583546496, 0.0 ], [ 121.976924524252937, -0.369426776973609, 0.0 ], [ 121.976870740912304, -0.369448212179541, 0.0 ], [ 121.976682647664319, -0.369478136105403, 0.0 ], [ 121.976636507156741, -0.369482046317938, 0.0 ], [ 121.976409367000997, -0.369487189315321, 0.0 ], [ 121.976272818842645, -0.369472987229208, 0.0 ], [ 121.976124362628511, -0.369448604063392, 0.0 ], [ 121.976066910574218, -0.36943067378993, 0.0 ], [ 121.975969352672891, -0.369399740796827, 0.0 ], [ 121.975841062261921, -0.369343056529028, 0.0 ], [ 121.97582096060205, -0.369328324762518, 0.0 ], [ 121.975813894663901, -0.369309902530943, 0.0 ], [ 121.975810378328418, -0.36928571138215, 0.0 ], [ 121.97581524291526, -0.369266253034455, 0.0 ], [ 121.975875885681049, -0.3691841727875, 0.0 ], [ 121.976016623323389, -0.369048667556773, 0.0 ], [ 121.976126161401211, -0.368966144508058, 0.0 ], [ 121.976311616540769, -0.368842177752285, 0.0 ], [ 121.976333660050287, -0.368829415720624, 0.0 ], [ 121.976419635974949, -0.368772304578931, 0.0 ], [ 121.976467283186452, -0.36873316579801, 0.0 ], [ 121.97652173852282, -0.368670111273901, 0.0 ], [ 121.976541789104857, -0.36863826623198, 0.0 ], [ 121.976569945598484, -0.368561704175259, 0.0 ], [ 121.976580560689769, -0.368515263151217, 0.0 ], [ 121.976585246134277, -0.368475205419343, 0.0 ], [ 121.976579890019508, -0.368441283357926, 0.0 ], [ 121.976554822350309, -0.368392030294159, 0.0 ], [ 121.97654781154074, -0.368383266782352, 0.0 ], [ 121.976485350689472, -0.368327349448813, 0.0 ], [ 121.976369351965417, -0.368211350724955, 0.0 ], [ 121.976343838887033, -0.368187538518473, 0.0 ], [ 121.976276225150499, -0.36813325516829, 0.0 ], [ 121.976247347999191, -0.368112285676295, 0.0 ], [ 121.976160095819296, -0.368056159105694, 0.0 ], [ 121.976142392629285, -0.368047307510736, 0.0 ], [ 121.976061606564727, -0.367993161500667, 0.0 ], [ 121.976024120440684, -0.367959303066085, 0.0 ], [ 121.975987991387115, -0.367904994603749, 0.0 ], [ 121.975965361918497, -0.36785294682609, 0.0 ], [ 121.975908061077462, -0.367647100497649, 0.0 ], [ 121.975900287414305, -0.367596139817825, 0.0 ], [ 121.975872251096334, -0.367513442002408, 0.0 ], [ 121.9758452707093, -0.367465074804653, 0.0 ], [ 121.975813152955197, -0.367429102920142, 0.0 ], [ 121.975773159572199, -0.367404107055877, 0.0 ], [ 121.97572628900501, -0.367389856747978, 0.0 ], [ 121.975683599234898, -0.367384488026319, 0.0 ], [ 121.975658487989762, -0.367384488026319, 0.0 ], [ 121.975527438869875, -0.367404964451239, 0.0 ], [ 121.975394731114406, -0.367454350058012, 0.0 ], [ 121.975214008975271, -0.367577131213131, 0.0 ], [ 121.975040062777893, -0.367729313960174, 0.0 ], [ 121.974994169444329, -0.367784120087982, 0.0 ], [ 121.974950598340428, -0.367851457248229, 0.0 ], [ 121.97485244557403, -0.368023968170918, 0.0 ], [ 121.974754292807546, -0.368223248029972, 0.0 ], [ 121.974712433524573, -0.368299641221303, 0.0 ], [ 121.974620265915974, -0.368509370619376, 0.0 ], [ 121.974610669983008, -0.368553351978921, 0.0 ], [ 121.974599627842267, -0.368639304717805, 0.0 ], [ 121.974599627842267, -0.368655009160511, 0.0 ], [ 121.974612106999516, -0.368731009722181, 0.0 ], [ 121.974619437299637, -0.368761959878682, 0.0 ], [ 121.9746484252166, -0.368827739155247, 0.0 ], [ 121.974682036369686, -0.368883270625377, 0.0 ], [ 121.974741152427185, -0.368959141458523, 0.0 ], [ 121.97475981136256, -0.368983088741964, 0.0 ], [ 121.974797156861527, -0.369022931004486, 0.0 ], [ 121.974827788917736, -0.369044223023867, 0.0 ], [ 121.974834673906159, -0.369047554469842, 0.0 ], [ 121.974866223116706, -0.369055515366459, 0.0 ], [ 121.975063561613538, -0.369082638974724, 0.0 ], [ 121.97510228897967, -0.369091751296068, 0.0 ], [ 121.975122809463883, -0.369097996660849, 0.0 ], [ 121.975156885186379, -0.369112416578272, 0.0 ], [ 121.975179848375575, -0.369127012290234, 0.0 ], [ 121.975187019496133, -0.369135420997289, 0.0 ], [ 121.975195796066018, -0.369153747846835, 0.0 ], [ 121.975198140136399, -0.369172625026872, 0.0 ], [ 121.97519663872103, -0.369184636349468, 0.0 ], [ 121.975186611129175, -0.369209683332025, 0.0 ], [ 121.975173226660871, -0.369223067800258, 0.0 ], [ 121.975172631795857, -0.369223662665419, 0.0 ], [ 121.975151356638406, -0.369238241226423, 0.0 ], [ 121.975134462465107, -0.369246688313068, 0.0 ], [ 121.975100890573003, -0.369259051866243, 0.0 ], [ 121.97500737805457, -0.36928039029318, 0.0 ], [ 121.974945314863362, -0.369303771660141, 0.0 ], [ 121.974899353484489, -0.369332575417215, 0.0 ], [ 121.974870617189126, -0.369354979508101, 0.0 ], [ 121.974855640745417, -0.369377162385612, 0.0 ], [ 121.974846564339828, -0.369402576321197, 0.0 ], [ 121.974846564339828, -0.369431129853208, 0.0 ], [ 121.974865043650539, -0.369523549877474, 0.0 ], [ 121.974874437211142, -0.369570529612752, 0.0 ], [ 121.974880404240821, -0.369599171355164, 0.0 ], [ 121.974893132030203, -0.369644627744612, 0.0 ], [ 121.974905174246842, -0.369663793911916, 0.0 ], [ 121.974940581383962, -0.369708513386411, 0.0 ], [ 121.974954762397275, -0.369721118731586, 0.0 ], [ 121.974996402965061, -0.369756810646501, 0.0 ], [ 121.975058863816358, -0.369807374192937, 0.0 ], [ 121.975207422135426, -0.369935665008165, 0.0 ], [ 121.975234150813861, -0.369965513219427, 0.0 ], [ 121.975241582672922, -0.369977750556693, 0.0 ], [ 121.975250045023344, -0.369998833785585, 0.0 ], [ 121.975251865550376, -0.370011122344253, 0.0 ], [ 121.975252735885846, -0.370041128955514, 0.0 ], [ 121.975245442867987, -0.370064223512491, 0.0 ], [ 121.975224463067434, -0.370103599281789, 0.0 ], [ 121.975208556916201, -0.370120499567281, 0.0 ], [ 121.975164775865437, -0.370153408202009, 0.0 ], [ 121.975117683296247, -0.370177766427413, 0.0 ], [ 121.975089463766238, -0.370186151771136, 0.0 ], [ 121.975048076726338, -0.370189217477739, 0.0 ], [ 121.975003798823565, -0.370185527114544, 0.0 ], [ 121.974980982935207, -0.370179008289334, 0.0 ], [ 121.974943267549406, -0.370157710988404, 0.0 ], [ 121.974907173177243, -0.370125627102136, 0.0 ], [ 121.974770847059759, -0.370013109459492, 0.0 ], [ 121.974758788349973, -0.370004541428845, 0.0 ], [ 121.9746422679641, -0.369893605256914, 0.0 ], [ 121.974577066585951, -0.369747550577432, 0.0 ], [ 121.974552796083913, -0.369700437249556, 0.0 ], [ 121.97453863230794, -0.369683054433692, 0.0 ], [ 121.974503782218235, -0.369652287264826, 0.0 ], [ 121.974474273870641, -0.369636191802442, 0.0 ], [ 121.974422877512879, -0.369611921300227, 0.0 ], [ 121.974290103588714, -0.369570518678799, 0.0 ], [ 121.974250128643803, -0.369550531206403, 0.0 ], [ 121.974224430464929, -0.369523405350912, 0.0 ], [ 121.974207298345732, -0.369473436669899, 0.0 ], [ 121.974201587639271, -0.36942632334203, 0.0 ], [ 121.974203015315993, -0.369374926984357, 0.0 ], [ 121.974211581375712, -0.369303543154193, 0.0 ], [ 121.974223002788335, -0.369253574473176, 0.0 ], [ 121.97422876032212, -0.36909176305149, 0.0 ], [ 121.974207579268949, -0.369043788102728, 0.0 ], [ 121.974174971873225, -0.369003227683807, 0.0 ], [ 121.97403531898523, -0.368896632102049, 0.0 ], [ 121.973951956887703, -0.368854518078756, 0.0 ], [ 121.973863184660814, -0.368828820855327, 0.0 ], [ 121.973760006247957, -0.368817605810461, 0.0 ], [ 121.973703490492326, -0.368820049266856, 0.0 ], [ 121.973680890549431, -0.36882607591834, 0.0 ], [ 121.973615069680136, -0.368856132321806, 0.0 ], [ 121.973584316121915, -0.368881760287053, 0.0 ], [ 121.973535402033107, -0.368936374547462, 0.0 ], [ 121.973526313804314, -0.36895401640314, 0.0 ], [ 121.973484570166164, -0.369016405311782, 0.0 ], [ 121.973457300717982, -0.36904700059164, 0.0 ], [ 121.973400725564019, -0.369090522335068, 0.0 ], [ 121.973341081808826, -0.36912702775308, 0.0 ], [ 121.973315908629587, -0.369138150785787, 0.0 ], [ 121.97324730906746, -0.369168415298316, 0.0 ], [ 121.973181171223786, -0.369204733092861, 0.0 ], [ 121.973121462184849, -0.369249005154745, 0.0 ], [ 121.973062344567211, -0.369312359600869, 0.0 ], [ 121.972999631385363, -0.36939859229623, 0.0 ], [ 121.972862800758904, -0.369688938504234, 0.0 ], [ 121.97284376507082, -0.369759370549935, 0.0 ], [ 121.972830447029423, -0.369880990750502, 0.0 ], [ 121.972835205951256, -0.369914303204613, 0.0 ], [ 121.972843772011046, -0.369943808520892, 0.0 ], [ 121.972859952345829, -0.369970458484266, 0.0 ], [ 121.972906686056007, -0.370037594867894, 0.0 ], [ 121.972941375363163, -0.370099827781484, 0.0 ], [ 121.972950066499834, -0.37012845469482, 0.0 ], [ 121.972950066499834, -0.370150345736073, 0.0 ], [ 121.972942748257651, -0.370179464739785, 0.0 ], [ 121.972937877360906, -0.370187582901007, 0.0 ], [ 121.97291748985819, -0.370204727004658, 0.0 ], [ 121.972891136269041, -0.370218531265833, 0.0 ], [ 121.972856145208311, -0.370229728521047, 0.0 ], [ 121.972811917428473, -0.370222766748098, 0.0 ], [ 121.972783735528424, -0.370207934169125, 0.0 ], [ 121.972708112064311, -0.370122653730254, 0.0 ], [ 121.972638730876241, -0.370043731837831, 0.0 ], [ 121.972599096001417, -0.37000665405192, 0.0 ], [ 121.972521763518685, -0.369950141853135, 0.0 ], [ 121.972494071179199, -0.369912675746298, 0.0 ], [ 121.972470525045964, -0.369870228297989, 0.0 ], [ 121.972450030457026, -0.36982175205547, 0.0 ], [ 121.972435508057387, -0.369780605256629, 0.0 ], [ 121.972414380043588, -0.369691867598674, 0.0 ], [ 121.972402497433663, -0.369666611529148, 0.0 ], [ 121.972369808766757, -0.369617929724594, 0.0 ], [ 121.972346278269583, -0.369593222702584, 0.0 ], [ 121.972269319246251, -0.369547836611863, 0.0 ], [ 121.97220759078742, -0.369528890032436, 0.0 ], [ 121.972179747971921, -0.369523926679984, 0.0 ], [ 121.972060742948869, -0.369521838872563, 0.0 ], [ 121.972013358457843, -0.369530454234528, 0.0 ], [ 121.971892637171564, -0.369566319828121, 0.0 ], [ 121.971849565784709, -0.369590248376375, 0.0 ], [ 121.971834977010644, -0.369598678861385, 0.0 ], [ 121.971706118628376, -0.369654129698503, 0.0 ], [ 121.971637610854359, -0.369672489408932, 0.0 ], [ 121.971587217801016, -0.369679881750625, 0.0 ], [ 121.971506153531422, -0.369680099843639, 0.0 ], [ 121.971456512299142, -0.369665207473978, 0.0 ], [ 121.971416915136828, -0.369624199075115, 0.0 ], [ 121.971399582277158, -0.369594260499714, 0.0 ], [ 121.971384976023245, -0.369545811131603, 0.0 ], [ 121.971384976023245, -0.36944054062156, 0.0 ], [ 121.971392864108111, -0.369402677814475, 0.0 ], [ 121.97140615280793, -0.369367594537975, 0.0 ], [ 121.971451974464912, -0.369299489442547, 0.0 ], [ 121.971465872620911, -0.369283500002753, 0.0 ], [ 121.971517380020501, -0.36924486945297, 0.0 ], [ 121.971585967844476, -0.369201543762369, 0.0 ], [ 121.971653246410128, -0.369173001340549, 0.0 ], [ 121.971816218603209, -0.369129134450538, 0.0 ], [ 121.971860868224411, -0.369121692847075, 0.0 ], [ 121.972113091091046, -0.369112175003156, 0.0 ], [ 121.972328090726023, -0.369102960733017, 0.0 ], [ 121.972653356206024, -0.369070812368438, 0.0 ], [ 121.972815868189073, -0.369033417133213, 0.0 ], [ 121.972963153813467, -0.368972976382758, 0.0 ], [ 121.973020336656418, -0.368941785741178, 0.0 ], [ 121.973101270571533, -0.368872624361761, 0.0 ], [ 121.973143825924694, -0.368809804554901, 0.0 ], [ 121.973171043902994, -0.368725332134282, 0.0 ], [ 121.973167432861004, -0.368681999632825, 0.0 ], [ 121.973134701790499, -0.368620448503214, 0.0 ], [ 121.973102355970141, -0.368588102682898, 0.0 ], [ 121.972830949888703, -0.368455171714481, 0.0 ], [ 121.972650849278338, -0.368388818858118, 0.0 ], [ 121.972534059896446, -0.368312175826386, 0.0 ], [ 121.972483932609975, -0.368258156051729, 0.0 ], [ 121.972467696241765, -0.368224059678322, 0.0 ], [ 121.972460438714364, -0.368166861092502, 0.0 ], [ 121.972477000113699, -0.368128217827534, 0.0 ], [ 121.972516844314114, -0.368075392544158, 0.0 ], [ 121.97256398169182, -0.368047538639123, 0.0 ], [ 121.97265124362832, -0.368024289840106, 0.0 ], [ 121.97270619652636, -0.368021319413165, 0.0 ], [ 121.972851450047742, -0.368037755245474, 0.0 ], [ 121.972974455975177, -0.368069971083637, 0.0 ], [ 121.973183848543712, -0.368169908445809, 0.0 ], [ 121.973393363777603, -0.368259700688678, 0.0 ], [ 121.97360537174211, -0.368335655834681, 0.0 ], [ 121.973679615672495, -0.368339368031271, 0.0 ], [ 121.973783024585245, -0.368312612653712, 0.0 ], [ 121.973864248987752, -0.368277488587796, 0.0 ], [ 121.973920432518057, -0.368214661795658, 0.0 ], [ 121.973950034987524, -0.368160390601794, 0.0 ], [ 121.973997808717755, -0.368057493336611, 0.0 ], [ 121.974005376189524, -0.367953193232478, 0.0 ], [ 121.973997624207627, -0.367865337437388, 0.0 ], [ 121.973969070675608, -0.367717810855185, 0.0 ], [ 121.973930999299583, -0.36757028427298, 0.0 ], [ 121.973925563172088, -0.367528244887333, 0.0 ], [ 121.97392307541223, -0.36744708779147, 0.0 ], [ 121.973927197900679, -0.367421039887906, 0.0 ], [ 121.97393786834391, -0.367353618798485, 0.0 ], [ 121.973955949160853, -0.367313973995921, 0.0 ], [ 121.973984453891035, -0.367282302073504, 0.0 ], [ 121.974043940416081, -0.367244230697523, 0.0 ], [ 121.97410934438912, -0.367230215560405, 0.0 ], [ 121.974179312133288, -0.367235436003602, 0.0 ], [ 121.974240876211766, -0.367257362935698, 0.0 ], [ 121.974317578431723, -0.367284681534571, 0.0 ], [ 121.974353270346995, -0.367294199378603, 0.0 ], [ 121.974391341722949, -0.367284681534571, 0.0 ], [ 121.974427033638094, -0.367268025307558, 0.0 ], [ 121.974453207709203, -0.367241851236386, 0.0 ], [ 121.974617023718807, -0.366982615812545, 0.0 ], [ 121.974633797860534, -0.366956071082483, 0.0 ], [ 121.974644837601176, -0.366938537376665, 0.0 ], [ 121.974695483996896, -0.366825556955759, 0.0 ], [ 121.974711915523713, -0.366760583786679, 0.0 ], [ 121.974722170083822, -0.366684343523413, 0.0 ], [ 121.974722170083822, -0.366622953429607, 0.0 ], [ 121.974700047387159, -0.366526311484134, 0.0 ], [ 121.974693844378493, -0.366510803962378, 0.0 ], [ 121.974662507586004, -0.366453965399422, 0.0 ], [ 121.974648217905298, -0.366433013047424, 0.0 ], [ 121.974617238599109, -0.366402605273656, 0.0 ], [ 121.974583633288361, -0.366380201733165, 0.0 ], [ 121.974528398676938, -0.366361518083342, 0.0 ], [ 121.974502700498093, -0.366361518083342, 0.0 ], [ 121.974396706529973, -0.366375855723016, 0.0 ], [ 121.974222483272683, -0.366415055955938, 0.0 ], [ 121.974139221841114, -0.366425047327753, 0.0 ], [ 121.974039217411388, -0.366427329405644, 0.0 ], [ 121.974013003763019, -0.366423101397841, 0.0 ], [ 121.973909100854144, -0.366400850326024, 0.0 ], [ 121.973852494018246, -0.36637900590759, 0.0 ], [ 121.973813399196843, -0.366353392059071, 0.0 ], [ 121.973684841910639, -0.366257095906771, 0.0 ], [ 121.973572424425257, -0.366141052050993, 0.0 ], [ 121.973456409741843, -0.366044445914985, 0.0 ], [ 121.973309162857603, -0.365947662396875, 0.0 ], [ 121.973253256407148, -0.365926456501911, 0.0 ], [ 121.973186399502424, -0.365916626951924, 0.0 ], [ 121.973073596218015, -0.365917681188269, 0.0 ], [ 121.972993646328305, -0.365930530277597, 0.0 ], [ 121.972905332285762, -0.365965847266888, 0.0 ], [ 121.97281801721735, -0.366040440316236, 0.0 ], [ 121.97271747418641, -0.366159263898095, 0.0 ], [ 121.972660640239965, -0.366221781239215, 0.0 ], [ 121.972315103364636, -0.366674924823568, 0.0 ], [ 121.972262832677728, -0.366725782789186, 0.0 ], [ 121.972206890934061, -0.36677158853231, 0.0 ], [ 121.972190641762836, -0.36678045171672, 0.0 ], [ 121.972155148872858, -0.366788731320724, 0.0 ], [ 121.97209088174732, -0.366787392422315, 0.0 ], [ 121.972040578179318, -0.366778221123201, 0.0 ], [ 121.971999012252326, -0.366753056231306, 0.0 ], [ 121.971985692712195, -0.366738848721809, 0.0 ], [ 121.971968415896171, -0.366714423876261, 0.0 ], [ 121.971953425291844, -0.366684442667653, 0.0 ], [ 121.971949771514346, -0.366656430374588, 0.0 ], [ 121.971953445094542, -0.366591535817998, 0.0 ], [ 121.971979841274688, -0.366450747871013, 0.0 ], [ 121.972021481842248, -0.366260390990787, 0.0 ], [ 121.972111080235905, -0.366041372695577, 0.0 ], [ 121.972129543164641, -0.365993476001724, 0.0 ], [ 121.972174602072755, -0.365876583780163, 0.0 ], [ 121.972221635258038, -0.365782797121023, 0.0 ], [ 121.97224676178152, -0.365749819487435, 0.0 ], [ 121.972318096638304, -0.365681034916986, 0.0 ], [ 121.972468250163516, -0.365579862410231, 0.0 ], [ 121.972694275740565, -0.365454130468933, 0.0 ], [ 121.972721991196622, -0.365437605101962, 0.0 ], [ 121.9727981339488, -0.365390015881918, 0.0 ], [ 121.972909968616023, -0.365299596363835, 0.0 ], [ 121.972933171216241, -0.365257285740129, 0.0 ], [ 121.972947967613763, -0.365187420921282, 0.0 ], [ 121.972943281070229, -0.365113998405608, 0.0 ], [ 121.972939703334873, -0.365090385352268, 0.0 ], [ 121.972897999712842, -0.364958334680866, 0.0 ], [ 121.972861029788277, -0.3648729071893, 0.0 ], [ 121.972828389254133, -0.364764871004188, 0.0 ], [ 121.972810273165791, -0.364647116430553, 0.0 ], [ 121.972810273165791, -0.364447241706304, 0.0 ], [ 121.972823771450194, -0.36433250628952, 0.0 ], [ 121.972840493036387, -0.364231960743973, 0.0 ], [ 121.972856784243731, -0.364159642818887, 0.0 ], [ 121.972896463807288, -0.364060443910261, 0.0 ], [ 121.972933022891212, -0.363998721283984, 0.0 ], [ 121.972969625231485, -0.363954828978931, 0.0 ], [ 121.973060875982114, -0.363890067821557, 0.0 ], [ 121.973116267885302, -0.363864067540564, 0.0 ], [ 121.973192618539443, -0.363851071684617, 0.0 ], [ 121.973256106978283, -0.363850632737654, 0.0 ], [ 121.973299486382743, -0.363859308618586, 0.0 ], [ 121.973315250049026, -0.363879922643857, 0.0 ], [ 121.97333134781455, -0.363921113546815, 0.0 ], [ 121.973332798836836, -0.36395448705866, 0.0 ], [ 121.973325660453867, -0.364006835200773, 0.0 ], [ 121.97330662476574, -0.364080598491882, 0.0 ], [ 121.973288039961503, -0.36415668009755, 0.0 ], [ 121.97326855338963, -0.364280473216101, 0.0 ], [ 121.973266173928764, -0.364347098124275, 0.0 ], [ 121.973267129678916, -0.364575732600368, 0.0 ], [ 121.9732784393576, -0.364728413264115, 0.0 ], [ 121.973292023273302, -0.364810936255397, 0.0 ], [ 121.973305040324718, -0.364863004460796, 0.0 ], [ 121.973337081943541, -0.364938040293323, 0.0 ], [ 121.973355888178276, -0.364971360820227, 0.0 ], [ 121.97345986602032, -0.365132526475167, 0.0 ], [ 121.973544050422092, -0.365241470995013, 0.0 ], [ 121.973730974897961, -0.365412899673466, 0.0 ], [ 121.974002914799712, -0.365581465657555, 0.0 ], [ 121.974248098170364, -0.365707515295089, 0.0 ], [ 121.974435026092578, -0.365777890010567, 0.0 ], [ 121.974512640804292, -0.365790559514653, 0.0 ] ] ], [ [ [ 121.974479872488914, -0.37113285857869, 0.0 ], [ 121.974514252762759, -0.371139785001197, 0.0 ], [ 121.974596121004637, -0.37112710605943, 0.0 ], [ 121.974632421867568, -0.371112660441846, 0.0 ], [ 121.974695500940911, -0.371061836955059, 0.0 ], [ 121.97476662662757, -0.370983550365397, 0.0 ], [ 121.974784529054901, -0.370963845528555, 0.0 ], [ 121.974859094525272, -0.370844065579069, 0.0 ], [ 121.974883822061187, -0.370823006660783, 0.0 ], [ 121.974927568033877, -0.370809608796181, 0.0 ], [ 121.974952293367522, -0.370807696969278, 0.0 ], [ 121.974997939070334, -0.370813446418131, 0.0 ], [ 121.975056895654319, -0.370842173930287, 0.0 ], [ 121.975093029717385, -0.370865154654502, 0.0 ], [ 121.975194383107549, -0.370965227613571, 0.0 ], [ 121.975211503736546, -0.371008038532431, 0.0 ], [ 121.975206965787365, -0.371057361541466, 0.0 ], [ 121.975186988571167, -0.371096329392555, 0.0 ], [ 121.97510463495891, -0.371213868457931, 0.0 ], [ 121.9750549353206, -0.371349571670348, 0.0 ], [ 121.975054931130344, -0.371385951146809, 0.0 ], [ 121.975056827547974, -0.371433819101071, 0.0 ], [ 121.975073939421236, -0.3714816888322, 0.0 ], [ 121.975098660787211, -0.371514241777707, 0.0 ], [ 121.975136696780709, -0.371537222731774, 0.0 ], [ 121.975178539286645, -0.371537227618109, 0.0 ], [ 121.975227990845156, -0.371525745136317, 0.0 ], [ 121.975315485238042, -0.37147788761552, 0.0 ], [ 121.975357330392384, -0.371454915986617, 0.0 ], [ 121.975418194869221, -0.37143194657681, 0.0 ], [ 121.975488567905359, -0.371418551823242, 0.0 ], [ 121.975541822890719, -0.371410899199725, 0.0 ], [ 121.975598880859678, -0.371410905857966, 0.0 ], [ 121.975619388128052, -0.371411645576721, 0.0 ], [ 121.975664353812817, -0.371420793582899, 0.0 ], [ 121.975916483513146, -0.371585181507772, 0.0 ], [ 121.975902281089006, -0.371611020523994, 0.0 ], [ 121.975991735393777, -0.37169217463782, 0.0 ], [ 121.976034238417341, -0.371640961175783, 0.0 ], [ 121.976054135429763, -0.371659203826791, 0.0 ], [ 121.976104642116169, -0.371705511073502, 0.0 ], [ 121.976150700640133, -0.371911427551187, 0.0 ], [ 121.976029489138, -0.371936703521273, 0.0 ], [ 121.976042320066412, -0.371998454414501, 0.0 ], [ 121.976129385563667, -0.37197706218584, 0.0 ], [ 121.976133138237415, -0.371990806183827, 0.0 ], [ 121.976150250335621, -0.372036761222043, 0.0 ], [ 121.976174478917656, -0.372081897739084, 0.0 ], [ 121.976207352380484, -0.372122546594004, 0.0 ], [ 121.976222512525624, -0.372134419874277, 0.0 ], [ 121.976245333733146, -0.372151654931027, 0.0 ], [ 121.976256742680988, -0.372174632784554, 0.0 ], [ 121.9762548363327, -0.372212926762399, 0.0 ], [ 121.976263970470995, -0.372251233705766, 0.0 ], [ 121.97628525975189, -0.372278030459496, 0.0 ], [ 121.97620156807875, -0.372335461976963, 0.0 ], [ 121.97634229410653, -0.372482911104821, 0.0 ], [ 121.976389846187203, -0.372450366593551, 0.0 ], [ 121.976418371868903, -0.372479090580796, 0.0 ], [ 121.976494459793344, -0.372387193389099, 0.0 ], [ 121.976555319885065, -0.372402518184856, 0.0 ], [ 121.976572435957891, -0.372414008446927, 0.0 ], [ 121.976591453522474, -0.372429328351767, 0.0 ], [ 121.976650405499271, -0.372498264812541, 0.0 ], [ 121.976673255612937, -0.372539732928512, 0.0 ], [ 121.976631877132917, -0.372638814346151, 0.0 ], [ 121.976579978367425, -0.372710733325432, 0.0 ], [ 121.976563397096342, -0.372729276394398, 0.0 ], [ 121.976539144298357, -0.372756558177219, 0.0 ], [ 121.976524332816183, -0.372768099393565, 0.0 ], [ 121.97640510622989, -0.37288512786564, 0.0 ], [ 121.97635721001258, -0.372963402166431, 0.0 ], [ 121.976309450873373, -0.373059534166448, 0.0 ], [ 121.976279488124092, -0.37312271608846, 0.0 ], [ 121.976252382589564, -0.373148561498396, 0.0 ], [ 121.976228130784733, -0.373167227079653, 0.0 ], [ 121.976173924530485, -0.373177272955421, 0.0 ], [ 121.976102601876065, -0.373178700630193, 0.0 ], [ 121.976038413132613, -0.373165768816017, 0.0 ], [ 121.97595674603096, -0.373139834414687, 0.0 ], [ 121.97591519687748, -0.37310429445752, 0.0 ], [ 121.975910994905249, -0.373096347746939, 0.0 ], [ 121.975897781641493, -0.373058310252242, 0.0 ], [ 121.97589720817416, -0.373048476290942, 0.0 ], [ 121.975900190319194, -0.37295872461768, 0.0 ], [ 121.975903171424648, -0.372877948146446, 0.0 ], [ 121.975882363858204, -0.372799870456453, 0.0 ], [ 121.975828894112993, -0.372731344480126, 0.0 ], [ 121.975792501294222, -0.372697141691446, 0.0 ], [ 121.975705792723033, -0.372650930376393, 0.0 ], [ 121.975651547899147, -0.372633742309659, 0.0 ], [ 121.975554689861923, -0.372636712465407, 0.0 ], [ 121.97549945551475, -0.372647585069755, 0.0 ], [ 121.975344923327171, -0.372690726011032, 0.0 ], [ 121.975217064437842, -0.37271819059821, 0.0 ], [ 121.975151299581825, -0.37272578027794, 0.0 ], [ 121.975067613896243, -0.37273151460131, 0.0 ], [ 121.974980183061092, -0.372728092361524, 0.0 ], [ 121.974808634363768, -0.372695512227502, 0.0 ], [ 121.974738261317611, -0.372674373796169, 0.0 ], [ 121.974601563412179, -0.372644440447413, 0.0 ], [ 121.974485668931351, -0.372605534338993, 0.0 ], [ 121.974463277463002, -0.372590107086025, 0.0 ], [ 121.9743975879462, -0.372534793472206, 0.0 ], [ 121.974372752796285, -0.372509785660419, 0.0 ], [ 121.974351958479616, -0.372493605487089, 0.0 ], [ 121.974258458006801, -0.372439640033689, 0.0 ], [ 121.974223643967903, -0.372436480557459, 0.0 ], [ 121.974199454539416, -0.372443547400133, 0.0 ], [ 121.974193499756439, -0.372446479677047, 0.0 ], [ 121.974135556379451, -0.37248620653613, 0.0 ], [ 121.974075171081026, -0.372547232685753, 0.0 ], [ 121.974028016252504, -0.372608472426173, 0.0 ], [ 121.974015344182263, -0.372621976898738, 0.0 ], [ 121.973919888017804, -0.372685125191578, 0.0 ], [ 121.973796203800802, -0.372734097992897, 0.0 ], [ 121.973689218768982, -0.372746052369733, 0.0 ], [ 121.973611952804362, -0.372746043303895, 0.0 ], [ 121.973546032680915, -0.372743894819858, 0.0 ], [ 121.973427707706918, -0.372707129170535, 0.0 ], [ 121.973327571727594, -0.372671760893283, 0.0 ], [ 121.973210775258039, -0.372650260812259, 0.0 ], [ 121.973143447134703, -0.372650252910886, 0.0 ], [ 121.973024541070004, -0.37268657921101, 0.0 ], [ 121.972981941897274, -0.372713060313513, 0.0 ], [ 121.972922497541134, -0.372790838348103, 0.0 ], [ 121.972909197063146, -0.37282095599765, 0.0 ], [ 121.972888001959845, -0.372919320579725, 0.0 ], [ 121.972876427861337, -0.373128246932682, 0.0 ], [ 121.972885672792231, -0.373268350219282, 0.0 ], [ 121.972889890720793, -0.373504712953232, 0.0 ], [ 121.972885360015226, -0.373562401476135, 0.0 ], [ 121.972885352094409, -0.373630612947745, 0.0 ], [ 121.972878214015154, -0.373680873192369, 0.0 ], [ 121.97283898168061, -0.373723949503337, 0.0 ], [ 121.972785489032972, -0.373731123360196, 0.0 ], [ 121.972703468670915, -0.373727523625345, 0.0 ], [ 121.972628581804088, -0.37371315449834, 0.0 ], [ 121.972503771753722, -0.373677239029986, 0.0 ], [ 121.97238965631594, -0.373673635514538, 0.0 ], [ 121.972355739278996, -0.373680460337339, 0.0 ], [ 121.972152259591098, -0.373670146189187, 0.0 ], [ 121.972005123836198, -0.373655025217349, 0.0 ], [ 121.971952145084643, -0.373637762993694, 0.0 ], [ 121.971890335122112, -0.373613821869379, 0.0 ], [ 121.971833280544146, -0.373585094537357, 0.0 ], [ 121.971759583518974, -0.373561152013763, 0.0 ], [ 121.971647847052722, -0.373544385161503, 0.0 ], [ 121.971477221407, -0.373547110225543, 0.0 ], [ 121.971378456992937, -0.373566950748532, 0.0 ], [ 121.971300918673705, -0.373599626857719, 0.0 ], [ 121.971227221716049, -0.373656989388565, 0.0 ], [ 121.971170037523507, -0.37372375285479, 0.0 ], [ 121.971129371166597, -0.373798167744185, 0.0 ], [ 121.971079341073747, -0.37393762521592, 0.0 ], [ 121.971069744045863, -0.373992795689986, 0.0 ], [ 121.971059438509855, -0.374147368712198, 0.0 ], [ 121.971043746579056, -0.374315642752113, 0.0 ], [ 121.971032022992489, -0.374573701148786, 0.0 ], [ 121.971034349100364, -0.374621335481324, 0.0 ], [ 121.971036720929305, -0.3746692034336, 0.0 ], [ 121.971029583385075, -0.37471467687798, 0.0 ], [ 121.971003427095866, -0.374755361305664, 0.0 ], [ 121.970982028145826, -0.374774505843249, 0.0 ], [ 121.970946364997886, -0.374791255309685, 0.0 ], [ 121.970882174014122, -0.374798427866921, 0.0 ], [ 121.970839380305264, -0.374800816188044, 0.0 ], [ 121.970791832329965, -0.374798417179424, 0.0 ], [ 121.970715755962345, -0.374791228028708, 0.0 ], [ 121.97065156917435, -0.374762499834685, 0.0 ], [ 121.970570743014605, -0.374712229223593, 0.0 ], [ 121.97035476173707, -0.374484400055901, 0.0 ], [ 121.970110837153953, -0.374265729112569, 0.0 ], [ 121.970045133598632, -0.374181043101833, 0.0 ], [ 121.970016043180408, -0.374097648118935, 0.0 ], [ 121.970020196583391, -0.374055991806341, 0.0 ], [ 121.970028104481003, -0.374021379286797, 0.0 ], [ 121.970064696605519, -0.373959441113641, 0.0 ], [ 121.970091961550679, -0.37393524049433, 0.0 ], [ 121.970155707523745, -0.373907241715598, 0.0 ], [ 121.97033800611527, -0.373811069177545, 0.0 ], [ 121.970513357421353, -0.373656914435742, 0.0 ], [ 121.97058342253014, -0.373592132349456, 0.0 ], [ 121.97059293685831, -0.373551924632752, 0.0 ], [ 121.970587236638835, -0.373504056295248, 0.0 ], [ 121.97056441793724, -0.373465759472541, 0.0 ], [ 121.97053018676624, -0.373435120130851, 0.0 ], [ 121.970421502194853, -0.373359170810058, 0.0 ], [ 121.97040110459875, -0.373332671786806, 0.0 ], [ 121.970391179645603, -0.373299323535069, 0.0 ], [ 121.97038890543385, -0.373253425997371, 0.0 ], [ 121.970400888061675, -0.373155557736026, 0.0 ], [ 121.970412219024155, -0.372998963656816, 0.0 ], [ 121.9704009201063, -0.372879840003766, 0.0 ], [ 121.970355288255632, -0.372755378710055, 0.0 ], [ 121.970343048062745, -0.372728084841371, 0.0 ], [ 121.970289231449414, -0.372655315997275, 0.0 ], [ 121.970252600076606, -0.37261750776023, 0.0 ], [ 121.970110874516081, -0.372512851826688, 0.0 ], [ 121.970012106808966, -0.372454391111199, 0.0 ], [ 121.969829024381397, -0.372384129788728, 0.0 ], [ 121.969677111152592, -0.372349854855351, 0.0 ], [ 121.969558240871805, -0.37234744748572, 0.0 ], [ 121.969460765349922, -0.372361796309334, 0.0 ], [ 121.969356157597318, -0.372376144291581, 0.0 ], [ 121.969270568301084, -0.372397674657299, 0.0 ], [ 121.969146942935723, -0.372397660102955, 0.0 ], [ 121.969025698878582, -0.372364138477983, 0.0 ], [ 121.968954381840589, -0.372318655822187, 0.0 ], [ 121.968875937298293, -0.372232484835223, 0.0 ], [ 121.968847417266474, -0.3721558932554, 0.0 ], [ 121.968816522046268, -0.372060154341895, 0.0 ], [ 121.968804652774452, -0.371906976502052, 0.0 ], [ 121.96877378170187, -0.371603013369583, 0.0 ], [ 121.968766661958853, -0.37149531034748, 0.0 ], [ 121.968769049634119, -0.371406755497816, 0.0 ], [ 121.968799965953039, -0.371320597380133, 0.0 ], [ 121.96884752081391, -0.371263161797588, 0.0 ], [ 121.968897448925858, -0.371241627221622, 0.0 ], [ 121.96896401613877, -0.371244028418278, 0.0 ], [ 121.969022241606908, -0.371272834646504, 0.0 ], [ 121.96927770886532, -0.371369637070152, 0.0 ], [ 121.969486129895245, -0.37139402193246, 0.0 ], [ 121.969656829237692, -0.371394285275915, 0.0 ], [ 121.969736311965647, -0.37138008851486, 0.0 ], [ 121.969829281063895, -0.371349133254095, 0.0 ], [ 121.969969322636743, -0.371265187031327, 0.0 ], [ 121.970176656510148, -0.371154551195081, 0.0 ], [ 121.97039437765477, -0.371055617623346, 0.0 ], [ 121.970464333808323, -0.37101992570825, 0.0 ], [ 121.970524296225776, -0.37099137217625, 0.0 ], [ 121.970607101468786, -0.37095425258453, 0.0 ], [ 121.970662780856273, -0.370929982082425, 0.0 ], [ 121.970715604890515, -0.370917132993002, 0.0 ], [ 121.970785561044067, -0.370911422286611, 0.0 ], [ 121.970808389601984, -0.370911993000475, 0.0 ], [ 121.970839183307817, -0.370919642081569, 0.0 ], [ 121.970868356727209, -0.370947472214839, 0.0 ], [ 121.970906388126053, -0.37100970463895, 0.0 ], [ 121.970950401429519, -0.371125034900805, 0.0 ], [ 121.970983345663839, -0.371256902101794, 0.0 ], [ 121.971006080324713, -0.371347903047527, 0.0 ], [ 121.971076994547388, -0.371566767190105, 0.0 ], [ 121.971100096045802, -0.371612827903767, 0.0 ], [ 121.971114372811954, -0.371624249316629, 0.0 ], [ 121.97114863705032, -0.371636622513839, 0.0 ], [ 121.971196226270507, -0.371637574298173, 0.0 ], [ 121.971236201215348, -0.371634718944972, 0.0 ], [ 121.971271417238327, -0.371622345747845, 0.0 ], [ 121.971334328046055, -0.37157690692973, 0.0 ], [ 121.971350744352193, -0.371556571347901, 0.0 ], [ 121.971360466454456, -0.371531327723467, 0.0 ], [ 121.971368510797092, -0.371482317976774, 0.0 ], [ 121.97138423808849, -0.371094965047109, 0.0 ], [ 121.971408970251915, -0.371033697314704, 0.0 ], [ 121.971431797167696, -0.371001149965292, 0.0 ], [ 121.971471740124343, -0.370980092861202, 0.0 ], [ 121.97152499614765, -0.370962866728459, 0.0 ], [ 121.971606778908594, -0.370964791004975, 0.0 ], [ 121.971641012098189, -0.370978197961114, 0.0 ], [ 121.971675244183274, -0.371001178453737, 0.0 ], [ 121.971730392634299, -0.371066284954821, 0.0 ], [ 121.971751305240659, -0.371140960987753, 0.0 ], [ 121.971770821476611, -0.371288969722177, 0.0 ], [ 121.971811455570219, -0.371482124202599, 0.0 ], [ 121.971822484197446, -0.371504336100019, 0.0 ], [ 121.971864088649099, -0.371565831396237, 0.0 ], [ 121.971926300431477, -0.37160569691658, 0.0 ], [ 121.972026148031304, -0.371638019303993, 0.0 ], [ 121.972153623098833, -0.371651686690428, 0.0 ], [ 121.972217518312391, -0.371644547907665, 0.0 ], [ 121.972283848326924, -0.371612613663471, 0.0 ], [ 121.972314104026736, -0.371591676848971, 0.0 ], [ 121.97238595027784, -0.37150817332881, 0.0 ], [ 121.972471638070687, -0.371377539374796, 0.0 ], [ 121.972504778911329, -0.371314502735715, 0.0 ], [ 121.972576163513025, -0.371175223385136, 0.0 ], [ 121.972600981879054, -0.371144829065917, 0.0 ], [ 121.972631637747355, -0.371116142147878, 0.0 ], [ 121.972678810909187, -0.371092404004426, 0.0 ], [ 121.972753115663409, -0.371085612405327, 0.0 ], [ 121.97283143032179, -0.371096861427036, 0.0 ], [ 121.972885299654635, -0.371120320246535, 0.0 ], [ 121.972966590929374, -0.371177526475722, 0.0 ], [ 121.973035405091636, -0.371246819031271, 0.0 ], [ 121.973117411772222, -0.371368891264387, 0.0 ], [ 121.973138728240983, -0.37141347460796, 0.0 ], [ 121.973221852636698, -0.371516256803049, 0.0 ], [ 121.973246230198328, -0.371537418095214, 0.0 ], [ 121.973295672473355, -0.371558147009773, 0.0 ], [ 121.973383300879931, -0.371565998862738, 0.0 ], [ 121.97346480139332, -0.371563741388262, 0.0 ], [ 121.973493176698398, -0.371558983811087, 0.0 ], [ 121.973566659685588, -0.371526655570043, 0.0 ], [ 121.973639048862182, -0.371478740426438, 0.0 ], [ 121.973680853445984, -0.371415628165246, 0.0 ], [ 121.973706816715548, -0.371337245427751, 0.0 ], [ 121.97371031071475, -0.371304353197519, 0.0 ], [ 121.973698054079236, -0.37114932965954, 0.0 ], [ 121.973685455124837, -0.371077014954948, 0.0 ], [ 121.973645132094575, -0.370955623058737, 0.0 ], [ 121.973615724185038, -0.370793311534095, 0.0 ], [ 121.973615058881037, -0.37071038162051, 0.0 ], [ 121.973622859133897, -0.370670161560443, 0.0 ], [ 121.973683742742423, -0.370480612523546, 0.0 ], [ 121.973727580599515, -0.370416435912935, 0.0 ], [ 121.973761732486182, -0.370388715608071, 0.0 ], [ 121.973788361282217, -0.370373401043799, 0.0 ], [ 121.97381689156893, -0.370361916118218, 0.0 ], [ 121.973847322685941, -0.370360004956634, 0.0 ], [ 121.973877753582514, -0.370360008503626, 0.0 ], [ 121.97391388961249, -0.370365756841249, 0.0 ], [ 121.973942417257817, -0.370377248417953, 0.0 ], [ 121.973963336738706, -0.37039256852554, 0.0 ], [ 121.974045626346211, -0.370494251470417, 0.0 ], [ 121.974110753346395, -0.370597222089447, 0.0 ], [ 121.974130274037165, -0.370640223647715, 0.0 ], [ 121.974176616673262, -0.370787422289967, 0.0 ], [ 121.974307585171886, -0.371005260232281, 0.0 ], [ 121.974389949891943, -0.371092288808679, 0.0 ], [ 121.974479872488914, -0.37113285857869, 0.0 ] ] ] ] } },
{ "type": "Feature", "properties": { "WADMPR": "SULAWESI TENGAH", "WADMKK": "TOJO UNA - UNA", "WADMKC": "TOGEAN", "WADMKD": "AWO", "POKTAN": "KT ALAM SUBUR", "LUAS_HA": 11.5005824814, "PAKET": "Paket Sulawesi Tengah 9" }, "geometry": { "type": "MultiPolygon", "coordinates": [ [ [ [ 121.955668197499335, -0.396330237830675, 0.0 ], [ 121.955717646491379, -0.39633886024619, 0.0 ], [ 121.955788902671529, -0.396331038143991, 0.0 ], [ 121.955846396735737, -0.39632634547189, 0.0 ], [ 121.955950827080059, -0.396327595868472, 0.0 ], [ 121.956147674176577, -0.396368610587067, 0.0 ], [ 121.956173885379968, -0.396380443332709, 0.0 ], [ 121.956258646204319, -0.396434183135577, 0.0 ], [ 121.95629149242491, -0.396461104891524, 0.0 ], [ 121.956330142874506, -0.39650541070314, 0.0 ], [ 121.956444085994519, -0.39661714806003, 0.0 ], [ 121.956558189885754, -0.396710504069572, 0.0 ], [ 121.956608111557259, -0.396741624249739, 0.0 ], [ 121.956671109873909, -0.396765565973184, 0.0 ], [ 121.956700107216705, -0.396774552175913, 0.0 ], [ 121.956771623487654, -0.396803458089639, 0.0 ], [ 121.956804237537085, -0.396823023817497, 0.0 ], [ 121.956844649879727, -0.396851749420327, 0.0 ], [ 121.956883873069089, -0.396884064931834, 0.0 ], [ 121.956929038880332, -0.396923561316721, 0.0 ], [ 121.956952808915773, -0.396955874867306, 0.0 ], [ 121.956973012239018, -0.396992974710888, 0.0 ], [ 121.956981329869521, -0.397019302867836, 0.0 ], [ 121.956981325670441, -0.397052810086324, 0.0 ], [ 121.956977752508479, -0.397109053892934, 0.0 ], [ 121.956977376786909, -0.397132322956128, 0.0 ], [ 121.95696917571847, -0.397218881773038, 0.0 ], [ 121.956958713136956, -0.397269407449752, 0.0 ], [ 121.956945632888221, -0.397305306378807, 0.0 ], [ 121.956921853850517, -0.39734479400673, 0.0 ], [ 121.956896886558411, -0.397380691423772, 0.0 ], [ 121.956833878328339, -0.397435730984913, 0.0 ], [ 121.956729900726913, -0.397483729578038, 0.0 ], [ 121.956625684536903, -0.397531838305658, 0.0 ], [ 121.956538193748784, -0.397549059457159, 0.0 ], [ 121.956511239442662, -0.397551912337516, 0.0 ], [ 121.956438561366085, -0.397563437833643, 0.0 ], [ 121.956425374984377, -0.397566681037806, 0.0 ], [ 121.956369843610702, -0.397586961180563, 0.0 ], [ 121.956350463218058, -0.397598946351372, 0.0 ], [ 121.956319744811552, -0.397626920426239, 0.0 ], [ 121.956276983683381, -0.397686124728072, 0.0 ], [ 121.956259269153762, -0.397720243342726, 0.0 ], [ 121.956240666786002, -0.397770249581005, 0.0 ], [ 121.956237181509451, -0.397787736278376, 0.0 ], [ 121.95623277474985, -0.397857892200526, 0.0 ], [ 121.956242745322754, -0.398005714847123, 0.0 ], [ 121.956244874098331, -0.398037275858638, 0.0 ], [ 121.956225082559527, -0.398338904534911, 0.0 ], [ 121.956219448453695, -0.398372645318053, 0.0 ], [ 121.956228027629933, -0.398457000964716, 0.0 ], [ 121.9562445202546, -0.39855152534783, 0.0 ], [ 121.956245359559787, -0.398555044216975, 0.0 ], [ 121.956258531951846, -0.398610270763031, 0.0 ], [ 121.956289138549238, -0.398767725834471, 0.0 ], [ 121.956293644015176, -0.398802705801212, 0.0 ], [ 121.956308092313392, -0.398914880878524, 0.0 ], [ 121.956308163991665, -0.39891534813481, 0.0 ], [ 121.956314851942764, -0.398958945547759, 0.0 ], [ 121.956326783777044, -0.399036726802154, 0.0 ], [ 121.956342793453985, -0.399141090701952, 0.0 ], [ 121.956342637927023, -0.39918834138681, 0.0 ], [ 121.956323782450511, -0.399229585574156, 0.0 ], [ 121.956275205075428, -0.399268408018466, 0.0 ], [ 121.956219738290898, -0.399297621529527, 0.0 ], [ 121.956156347856947, -0.399316867353377, 0.0 ], [ 121.956155737996198, -0.399317052511809, 0.0 ], [ 121.956116105892932, -0.399318631182259, 0.0 ], [ 121.956047164068138, -0.39929468864763, 0.0 ], [ 121.955985355073636, -0.399265960281333, 0.0 ], [ 121.95596184689353, -0.399258612356094, 0.0 ], [ 121.955884936977881, -0.399244238426128, 0.0 ], [ 121.955817713108644, -0.399243869600515, 0.0 ], [ 121.955737394621096, -0.399269497095962, 0.0 ], [ 121.955582369115916, -0.399344836122046, 0.0 ], [ 121.955419166547173, -0.399398253293638, 0.0 ], [ 121.955383010960475, -0.399414113740359, 0.0 ], [ 121.955344987310411, -0.399430793654394, 0.0 ], [ 121.955293480793216, -0.399470669599836, 0.0 ], [ 121.955251780363852, -0.399524104790886, 0.0 ], [ 121.955230784144888, -0.399574353423412, 0.0 ], [ 121.955202310911972, -0.39968351541508, 0.0 ], [ 121.955188987264449, -0.399763930987666, 0.0 ], [ 121.955178706139264, -0.399803093551185, 0.0 ], [ 121.955154544773421, -0.399878380762754, 0.0 ], [ 121.955139093554877, -0.39990407289202, 0.0 ], [ 121.955094635977318, -0.399953229418363, 0.0 ], [ 121.955079815821435, -0.399968847008397, 0.0 ], [ 121.955066868035004, -0.399997180733948, 0.0 ], [ 121.955058426050812, -0.400033962364452, 0.0 ], [ 121.955060082514379, -0.400091844175172, 0.0 ], [ 121.955081946261458, -0.400234083692493, 0.0 ], [ 121.955109738374261, -0.40032595721325, 0.0 ], [ 121.955137647059473, -0.400361154053387, 0.0 ], [ 121.955155822842016, -0.400369406907273, 0.0 ], [ 121.955194888481586, -0.400368874205663, 0.0 ], [ 121.955267116725679, -0.400344197949585, 0.0 ], [ 121.955311336698301, -0.400342767598958, 0.0 ], [ 121.955354129499582, -0.400347081156566, 0.0 ], [ 121.955399774100982, -0.400360011217525, 0.0 ], [ 121.955443991349426, -0.400380121210292, 0.0 ], [ 121.9554867814266, -0.400405975112228, 0.0 ], [ 121.955509600911171, -0.40043469849884, 0.0 ], [ 121.955542404420257, -0.400472039304686, 0.0 ], [ 121.955622277161794, -0.400536670587174, 0.0 ], [ 121.955693594325382, -0.400576888382319, 0.0 ], [ 121.955764911490732, -0.400617106178702, 0.0 ], [ 121.955813407353332, -0.40064296081693, 0.0 ], [ 121.955841931529676, -0.400680301078182, 0.0 ], [ 121.955861895398527, -0.400730564449887, 0.0 ], [ 121.955862631422406, -0.400744304817975, 0.0 ], [ 121.955828745005491, -0.400837880168743, 0.0 ], [ 121.95578704725213, -0.400909025077825, 0.0 ], [ 121.955741571945467, -0.40094036793743, 0.0 ], [ 121.955704126091803, -0.400953526673829, 0.0 ], [ 121.955660737627028, -0.400959504531224, 0.0 ], [ 121.955620321833152, -0.400958302654834, 0.0 ], [ 121.955591794371443, -0.400946930475453, 0.0 ], [ 121.955557918878341, -0.400926582465622, 0.0 ], [ 121.955527608815842, -0.400911620000083, 0.0 ], [ 121.955452127766449, -0.400898446762231, 0.0 ], [ 121.955424193521296, -0.400896049802974, 0.0 ], [ 121.95538615506338, -0.400895446574575, 0.0 ], [ 121.955341578884941, -0.400893645820609, 0.0 ], [ 121.955275800646106, -0.400919485783331, 0.0 ], [ 121.955213984269747, -0.40094915564771, 0.0 ], [ 121.955190207274754, -0.400972128958227, 0.0 ], [ 121.955163575811795, -0.401007547432731, 0.0 ], [ 121.95514360072724, -0.401045838807532, 0.0 ], [ 121.955131233469714, -0.401083173811128, 0.0 ], [ 121.955119815110862, -0.401136783861509, 0.0 ], [ 121.955104593383538, -0.40118656402829, 0.0 ], [ 121.955057029671622, -0.401309098523009, 0.0 ], [ 121.955043713391277, -0.401331115826175, 0.0 ], [ 121.955029446754949, -0.401348346264276, 0.0 ], [ 121.955001868090932, -0.401354086807872, 0.0 ], [ 121.954983800031712, -0.401352169786748, 0.0 ], [ 121.954955272348911, -0.401342592632269, 0.0 ], [ 121.954931499968794, -0.40132918669561, 0.0 ], [ 121.954855310678369, -0.401285934579501, 0.0 ], [ 121.954817919554756, -0.401280323380198, 0.0 ], [ 121.954757057666924, -0.401282230248025, 0.0 ], [ 121.954695585547583, -0.401301247891696, 0.0 ], [ 121.9546519172724, -0.401325321333672, 0.0 ], [ 121.954614827521524, -0.40134254883224, 0.0 ], [ 121.954561571883602, -0.401355944856429, 0.0 ], [ 121.954460345009466, -0.401377926906921, 0.0 ], [ 121.954110423917172, -0.401115568448651, 0.0 ], [ 121.95406720881941, -0.401087410094, 0.0 ], [ 121.953983497197171, -0.401026746840836, 0.0 ], [ 121.95395803108751, -0.40100829232978, 0.0 ], [ 121.953862751825724, -0.400948537310306, 0.0 ], [ 121.953774802784991, -0.400901486152598, 0.0 ], [ 121.953891516385482, -0.400677368362835, 0.0 ], [ 121.953549945512222, -0.40048764347043, 0.0 ], [ 121.952715821849878, -0.40002433108422, 0.0 ], [ 121.952788835783522, -0.399886355442031, 0.0 ], [ 121.952888191468745, -0.399722575770923, 0.0 ], [ 121.9529886128404, -0.399607124158782, 0.0 ], [ 121.95302103779683, -0.399575215008951, 0.0 ], [ 121.953075723592363, -0.399532141369228, 0.0 ], [ 121.953137540091859, -0.399501035491285, 0.0 ], [ 121.953189845452385, -0.399481895241331, 0.0 ], [ 121.953256412828438, -0.399481903778581, 0.0 ], [ 121.953334865420629, -0.399496274059339, 0.0 ], [ 121.953413316500843, -0.399522611190023, 0.0 ], [ 121.953444361980615, -0.399525994022204, 0.0 ], [ 121.953481075470819, -0.399526885657539, 0.0 ], [ 121.953627722427967, -0.39948767510623, 0.0 ], [ 121.95368496137128, -0.399454377548731, 0.0 ], [ 121.953691502448393, -0.399445323355681, 0.0 ], [ 121.953711023427985, -0.399396761103245, 0.0 ], [ 121.953721587219064, -0.39926934039609, 0.0 ], [ 121.953721597807771, -0.399185572437854, 0.0 ], [ 121.953719233406986, -0.39908265721316, 0.0 ], [ 121.953721619280685, -0.399015643151023, 0.0 ], [ 121.953740646696232, -0.398951024589426, 0.0 ], [ 121.95377155993387, -0.398895981029534, 0.0 ], [ 121.953905532819817, -0.39878551620873, 0.0 ], [ 121.95398874718795, -0.398744839556827, 0.0 ], [ 121.954095733207964, -0.398723312906696, 0.0 ], [ 121.954193207187501, -0.398720932002343, 0.0 ], [ 121.954309702237126, -0.398704193304712, 0.0 ], [ 121.954414310859448, -0.398682666342714, 0.0 ], [ 121.9545070333551, -0.398653957746093, 0.0 ], [ 121.954587530516875, -0.398617134848938, 0.0 ], [ 121.954665228362529, -0.398566379851179, 0.0 ], [ 121.954682987898622, -0.398550002949329, 0.0 ], [ 121.954736198887105, -0.398460071250101, 0.0 ], [ 121.954755671269083, -0.398372187859685, 0.0 ], [ 121.954750734895015, -0.398263432517577, 0.0 ], [ 121.954737817514584, -0.398197555225955, 0.0 ], [ 121.954711564286754, -0.39814633725446, 0.0 ], [ 121.954698844866442, -0.398132614306602, 0.0 ], [ 121.954627528685023, -0.398084737784192, 0.0 ], [ 121.954568096827217, -0.398058403118423, 0.0 ], [ 121.954501533955721, -0.398022494059623, 0.0 ], [ 121.95446349996736, -0.39798658864262, 0.0 ], [ 121.954437353314603, -0.397948291372475, 0.0 ], [ 121.954411209976357, -0.397883667024409, 0.0 ], [ 121.95440170938808, -0.397811864688057, 0.0 ], [ 121.954404096735487, -0.397732883755997, 0.0 ], [ 121.954420746714064, -0.397668264867391, 0.0 ], [ 121.954454040946516, -0.397584501133524, 0.0 ], [ 121.954475442423714, -0.397546209928164, 0.0 ], [ 121.954511111952286, -0.397479200090132, 0.0 ], [ 121.954580649954792, -0.397346488555633, 0.0 ], [ 121.954818424462474, -0.397077264592555, 0.0 ], [ 121.95499674875856, -0.396927701584347, 0.0 ], [ 121.955127522659495, -0.396796082794429, 0.0 ], [ 121.955234516182657, -0.396714721769302, 0.0 ], [ 121.955282070326888, -0.396666860384446, 0.0 ], [ 121.955349815171743, -0.396545652182831, 0.0 ], [ 121.955377382010482, -0.396466336349921, 0.0 ], [ 121.955407438753426, -0.39631967580151, 0.0 ], [ 121.955428907502508, -0.396264461013385, 0.0 ], [ 121.955445570109489, -0.396243613393107, 0.0 ], [ 121.955477069910884, -0.396202886195334, 0.0 ], [ 121.955593742119277, -0.396292165935183, 0.0 ], [ 121.955629210179239, -0.39631300060483, 0.0 ], [ 121.955668197499335, -0.396330237830675, 0.0 ] ] ] ] } },
{ "type": "Feature", "properties": { "WADMPR": "SULAWESI TENGAH", "WADMKK": "TOJO UNA - UNA", "WADMKC": "TOGEAN", "WADMKD": "LABITI", "POKTAN": "KT UEMATA", "LUAS_HA": 51.005991603399998, "PAKET": "Paket Sulawesi Tengah 9" }, "geometry": { "type": "MultiPolygon", "coordinates": [ [ [ [ 121.955281703246328, -0.409451858189099, 0.0 ], [ 121.955283152556802, -0.409452832821114, 0.0 ], [ 121.9552804535126, -0.409450461141579, 0.0 ], [ 121.955281703246328, -0.409451858189099, 0.0 ], [ 121.955201767045295, -0.40939810271167, 0.0 ], [ 121.955086589424141, -0.409342072106062, 0.0 ], [ 121.954960595340467, -0.409275041184346, 0.0 ], [ 121.954891656943332, -0.40922477134758, 0.0 ], [ 121.954822719167282, -0.409169714770384, 0.0 ], [ 121.954757532128966, -0.409064851447695, 0.0 ], [ 121.954732403280772, -0.408971053131512, 0.0 ], [ 121.954720526755608, -0.408889676960871, 0.0 ], [ 121.954695972369876, -0.408789442915214, 0.0 ], [ 121.95461833340174, -0.408616819280899, 0.0 ], [ 121.954603569448651, -0.408572210717438, 0.0 ], [ 121.95460075869093, -0.408494743257176, 0.0 ], [ 121.954608844795729, -0.408454068816415, 0.0 ], [ 121.954632629099692, -0.408375090690677, 0.0 ], [ 121.954677808545284, -0.408308082219107, 0.0 ], [ 121.954727254600201, -0.408249101612815, 0.0 ], [ 121.954768451353047, -0.408216214797087, 0.0 ], [ 121.954853755119984, -0.408166896354305, 0.0 ], [ 121.954895870961408, -0.408161248816769, 0.0 ], [ 121.95497500179907, -0.40817648570137, 0.0 ], [ 121.955036379508456, -0.408187616150555, 0.0 ], [ 121.955133723079115, -0.408188016853397, 0.0 ], [ 121.955179459078636, -0.40817651244623, 0.0 ], [ 121.955216180211337, -0.40813244724425, 0.0 ], [ 121.955274576798914, -0.408011382258998, 0.0 ], [ 121.955335538030567, -0.407888366187594, 0.0 ], [ 121.955351598614016, -0.407860322354603, 0.0 ], [ 121.955430896126927, -0.407759934729932, 0.0 ], [ 121.95555015735772, -0.407643780660588, 0.0 ], [ 121.955655434104642, -0.407502403633704, 0.0 ], [ 121.955677682617548, -0.407453053876741, 0.0 ], [ 121.955732235661529, -0.407295154446024, 0.0 ], [ 121.955738267116175, -0.40727189098649, 0.0 ], [ 121.95576959405193, -0.407186073917226, 0.0 ], [ 121.95579928792435, -0.407131598337908, 0.0 ], [ 121.955888935866909, -0.407018270384875, 0.0 ], [ 121.955955985860797, -0.406963710243324, 0.0 ], [ 121.95598451718773, -0.406945045659872, 0.0 ], [ 121.956057268536043, -0.406924950814239, 0.0 ], [ 121.956114326390988, -0.406924958247787, 0.0 ], [ 121.956175662294399, -0.406935018401218, 0.0 ], [ 121.956239849614889, -0.406956567112439, 0.0 ], [ 121.956311167323832, -0.40699247698613, 0.0 ], [ 121.956365368229839, -0.407024076560794, 0.0 ], [ 121.956422422030258, -0.407055676507827, 0.0 ], [ 121.95646236031881, -0.407072913991805, 0.0 ], [ 121.956502298423445, -0.407091587499458, 0.0 ], [ 121.9565170462065, -0.407095469964698, 0.0 ], [ 121.956550817482011, -0.407095995500735, 0.0 ], [ 121.956587352773099, -0.407086880316355, 0.0 ], [ 121.956592221661111, -0.407083380148051, 0.0 ], [ 121.956616950181569, -0.407056577597902, 0.0 ], [ 121.956643350712056, -0.406968903825237, 0.0 ], [ 121.956642168464313, -0.406918642849352, 0.0 ], [ 121.956626721134839, -0.406873166761267, 0.0 ], [ 121.956613648756274, -0.406846837962338, 0.0 ], [ 121.956610085406851, -0.406825297146409, 0.0 ], [ 121.956610088173647, -0.406803756794689, 0.0 ], [ 121.956612468505199, -0.406781020066316, 0.0 ], [ 121.956621981069262, -0.406758284266273, 0.0 ], [ 121.956683204570126, -0.406718053659817, 0.0 ], [ 121.956708169460398, -0.406701901644213, 0.0 ], [ 121.956716492089399, -0.406688739178443, 0.0 ], [ 121.956744434427833, -0.406628310157497, 0.0 ], [ 121.956752651403917, -0.406604778390854, 0.0 ], [ 121.956866768364733, -0.406595219745694, 0.0 ], [ 121.956948526483643, -0.406788614894973, 0.0 ], [ 121.957032189231086, -0.406960948621125, 0.0 ], [ 121.957148183295175, -0.407144774755283, 0.0 ], [ 121.957199524312728, -0.407230942864992, 0.0 ], [ 121.957239454492068, -0.407311365395758, 0.0 ], [ 121.957313605860463, -0.407497100797929, 0.0 ], [ 121.957385861203861, -0.407636883198633, 0.0 ], [ 121.957444806487359, -0.407749858091204, 0.0 ], [ 121.957501848115115, -0.40787623562884, 0.0 ], [ 121.957549378613962, -0.40801410012108, 0.0 ], [ 121.957614024504522, -0.408167284438991, 0.0 ], [ 121.957684379386464, -0.408295578425928, 0.0 ], [ 121.957699579534264, -0.408414291724154, 0.0 ], [ 121.957707169245069, -0.408554065714448, 0.0 ], [ 121.957711432608548, -0.40867804300709, 0.0 ], [ 121.95776847847344, -0.408771392018812, 0.0 ], [ 121.957913487676706, -0.408871932648991, 0.0 ], [ 121.958048993717028, -0.408922211199525, 0.0 ], [ 121.958224913622161, -0.408989248648765, 0.0 ], [ 121.958365180675372, -0.408991660350659, 0.0 ], [ 121.958474541673922, -0.408991674638724, 0.0 ], [ 121.958574393332029, -0.408989294309192, 0.0 ], [ 121.958645713258761, -0.409008450617435, 0.0 ], [ 121.958750314196777, -0.409049151639766, 0.0 ], [ 121.958843026220748, -0.409104211355225, 0.0 ], [ 121.958911965039164, -0.409152087844553, 0.0 ], [ 121.95902844935253, -0.409221510915491, 0.0 ], [ 121.959144936756473, -0.409267000246644, 0.0 ], [ 121.959319773506849, -0.409222728206538, 0.0 ], [ 121.959371131566044, -0.409176782123022, 0.0 ], [ 121.959430098582544, -0.409121263532925, 0.0 ], [ 121.959451025250388, -0.409079142872127, 0.0 ], [ 121.959458640866615, -0.409017873476294, 0.0 ], [ 121.959452943210763, -0.408954687642873, 0.0 ], [ 121.959437735158858, -0.408897244667753, 0.0 ], [ 121.959441547402548, -0.408832145376156, 0.0 ], [ 121.959464378707921, -0.408768963264996, 0.0 ], [ 121.959466288524936, -0.40870769312375, 0.0 ], [ 121.959449175827885, -0.408671311597743, 0.0 ], [ 121.959408220263413, -0.408626812573829, 0.0 ], [ 121.959322916264554, -0.408534128107169, 0.0 ], [ 121.95930575888859, -0.408517084788444, 0.0 ], [ 121.95929884278894, -0.408510214664948, 0.0 ], [ 121.959542430034418, -0.408207966421459, 0.0 ], [ 121.959764942916308, -0.40830947449661, 0.0 ], [ 121.959901874327187, -0.408368848031609, 0.0 ], [ 121.959993161117836, -0.408414812723152, 0.0 ], [ 121.96001978446327, -0.408443536691835, 0.0 ], [ 121.96002928796608, -0.408491405430923, 0.0 ], [ 121.96000265280486, -0.408554587061439, 0.0 ], [ 121.959977920558231, -0.408610110138692, 0.0 ], [ 121.959941774506532, -0.408682864027115, 0.0 ], [ 121.959932258938792, -0.408728815586187, 0.0 ], [ 121.959937959559937, -0.408769025029021, 0.0 ], [ 121.959964581424543, -0.408809237200239, 0.0 ], [ 121.960061275103769, -0.408893806676846, 0.0 ], [ 121.960095948882227, -0.408905724797728, 0.0 ], [ 121.960347950492377, -0.40893926491216, 0.0 ], [ 121.960389024588167, -0.408956435278609, 0.0 ], [ 121.960481611667646, -0.409038629688802, 0.0 ], [ 121.960516576189974, -0.409091280236141, 0.0 ], [ 121.960553843357829, -0.409155107078184, 0.0 ], [ 121.960563398940067, -0.409171472760931, 0.0 ], [ 121.960639082360643, -0.409288285795179, 0.0 ], [ 121.960664428173217, -0.40930715053965, 0.0 ], [ 121.960691053247174, -0.409322471616873, 0.0 ], [ 121.960744305121437, -0.409339710868803, 0.0 ], [ 121.960827986675454, -0.409366527593708, 0.0 ], [ 121.961001947412669, -0.409415633232957, 0.0 ], [ 121.961098205066278, -0.409417873390226, 0.0 ], [ 121.961149078616046, -0.40941086438558, 0.0 ], [ 121.961202086167276, -0.409402401090548, 0.0 ], [ 121.96131333799498, -0.409368120812901, 0.0 ], [ 121.961527920344011, -0.409300305059937, 0.0 ], [ 121.961570510228526, -0.409286845120683, 0.0 ], [ 121.961662853263078, -0.409257661390212, 0.0 ], [ 121.961693163878721, -0.409279740526399, 0.0 ], [ 121.961767781282916, -0.409334094020138, 0.0 ], [ 121.961843596137427, -0.409391887422526, 0.0 ], [ 121.961999493385747, -0.409491132270129, 0.0 ], [ 121.962078083697435, -0.409530628681824, 0.0 ], [ 121.96216181399231, -0.409572708247817, 0.0 ], [ 121.962266952534506, -0.40961854581221, 0.0 ], [ 121.962303388824665, -0.409632280071511, 0.0 ], [ 121.962383444084693, -0.409662456022271, 0.0 ], [ 121.962404875700457, -0.409666884676507, 0.0 ], [ 121.962477427401737, -0.409667638830297, 0.0 ], [ 121.962544920920863, -0.40964473760548, 0.0 ], [ 121.96260169773312, -0.409609351502892, 0.0 ], [ 121.962699059945962, -0.409522769694937, 0.0 ], [ 121.962725710944028, -0.409496367784329, 0.0 ], [ 121.962802353076313, -0.409439419876078, 0.0 ], [ 121.962865574091197, -0.409401514595265, 0.0 ], [ 121.963115202882108, -0.409297787374082, 0.0 ], [ 121.963229813179481, -0.409260937148541, 0.0 ], [ 121.963285013936897, -0.409246125816501, 0.0 ], [ 121.963426238210417, -0.409201627367718, 0.0 ], [ 121.963456119287258, -0.409342455710054, 0.0 ], [ 121.963447952512269, -0.409364850044621, 0.0 ], [ 121.963404248082171, -0.409401563485219, 0.0 ], [ 121.963312756295181, -0.409478420180489, 0.0 ], [ 121.963251786433347, -0.409537962188619, 0.0 ], [ 121.963234854651972, -0.409568079464255, 0.0 ], [ 121.96322684480289, -0.409592113346944, 0.0 ], [ 121.963225250995464, -0.409605736469551, 0.0 ], [ 121.963231512613234, -0.409654955462182, 0.0 ], [ 121.963250139889851, -0.409699483370615, 0.0 ], [ 121.963261351680075, -0.409713378809982, 0.0 ], [ 121.963316920723841, -0.409757556599903, 0.0 ], [ 121.963335542467121, -0.40976658580577, 0.0 ], [ 121.963391719126633, -0.409800791119827, 0.0 ], [ 121.963459486721916, -0.409862378803916, 0.0 ], [ 121.96348577922403, -0.40989106101659, 0.0 ], [ 121.963517780209457, -0.409943117011941, 0.0 ], [ 121.963534262061117, -0.409990226250378, 0.0 ], [ 121.963531405689992, -0.410046157837303, 0.0 ], [ 121.963493354208012, -0.410145717388876, 0.0 ], [ 121.963445794285477, -0.410235702187393, 0.0 ], [ 121.963428932129631, -0.410257764237114, 0.0 ], [ 121.963333557767896, -0.410409925435374, 0.0 ], [ 121.963334835019523, -0.410416680786649, 0.0 ], [ 121.963436640406385, -0.410521189195423, 0.0 ], [ 121.963514764251812, -0.410596348669858, 0.0 ], [ 121.963586196432743, -0.410665070392666, 0.0 ], [ 121.963632128834789, -0.410662705083024, 0.0 ], [ 121.963725326559015, -0.410639740820052, 0.0 ], [ 121.963793799882183, -0.41061102922128, 0.0 ], [ 121.963866077813947, -0.410576574009901, 0.0 ], [ 121.963936451840354, -0.410557436167087, 0.0 ], [ 121.964118080377602, -0.410512653959225, 0.0 ], [ 121.964139449581097, -0.410505402108244, 0.0 ], [ 121.964191402585357, -0.41047531609777, 0.0 ], [ 121.964235177222562, -0.41043140159303, 0.0 ], [ 121.964262832738527, -0.41038589151227, 0.0 ], [ 121.964322090248146, -0.410185740201338, 0.0 ], [ 121.964362323357932, -0.410070946964721, 0.0 ], [ 121.964375983829655, -0.410045100933409, 0.0 ], [ 121.964401088264808, -0.410000062771304, 0.0 ], [ 121.964472309269581, -0.409926683752303, 0.0 ], [ 121.964495063563248, -0.409909405113546, 0.0 ], [ 121.964523662972368, -0.409889455249516, 0.0 ], [ 121.964589188515774, -0.409873541582328, 0.0 ], [ 121.964646080546245, -0.409873548986987, 0.0 ], [ 121.964714884120752, -0.40986368251335, 0.0 ], [ 121.964801640319138, -0.409828947179134, 0.0 ], [ 121.964843514381499, -0.409811708238031, 0.0 ], [ 121.964908791027455, -0.409767769856527, 0.0 ], [ 121.964930031497161, -0.409746392316074, 0.0 ], [ 121.96500136463851, -0.409663830024676, 0.0 ], [ 121.965021026347671, -0.409625904032856, 0.0 ], [ 121.965038903230294, -0.409549433398519, 0.0 ], [ 121.965029915302026, -0.409495100528187, 0.0 ], [ 121.965028733393041, -0.409492936514416, 0.0 ], [ 121.965013210501951, -0.409432478916355, 0.0 ], [ 121.965013217130945, -0.409380781934244, 0.0 ], [ 121.965034144547772, -0.409332917076538, 0.0 ], [ 121.965055068772458, -0.409309943357986, 0.0 ], [ 121.965079796130212, -0.409292714242548, 0.0 ], [ 121.96511403242404, -0.409281230471385, 0.0 ], [ 121.965198929766885, -0.409242855542321, 0.0 ], [ 121.965285398639637, -0.409184829222883, 0.0 ], [ 121.965460862381377, -0.409025319119853, 0.0 ], [ 121.96549163824352, -0.408992550897058, 0.0 ], [ 121.965515380852978, -0.408967271243459, 0.0 ], [ 121.965541824327943, -0.408992557409302, 0.0 ], [ 121.965682567590278, -0.409132624488198, 0.0 ], [ 121.965753092545583, -0.409202810617119, 0.0 ], [ 121.965643312250563, -0.409315676785898, 0.0 ], [ 121.965642305216633, -0.409320508703278, 0.0 ], [ 121.965779687256031, -0.409455554936104, 0.0 ], [ 121.965673163192164, -0.409578082122948, 0.0 ], [ 121.965838925186844, -0.409721380003111, 0.0 ], [ 121.96587474596403, -0.40975234633859, 0.0 ], [ 121.965896813452815, -0.409721387525509, 0.0 ], [ 121.96593752111491, -0.409664278129273, 0.0 ], [ 121.966264642192499, -0.409756226406407, 0.0 ], [ 121.966315992483473, -0.409771550708075, 0.0 ], [ 121.966568972090144, -0.40980059104694, 0.0 ], [ 121.966884303392035, -0.409484571137348, 0.0 ], [ 121.967244447086031, -0.409761053307678, 0.0 ], [ 121.966937409458396, -0.409952964751302, 0.0 ], [ 121.967088797876826, -0.410200026272819, 0.0 ], [ 121.967286100027991, -0.410532903327705, 0.0 ], [ 121.967350706366588, -0.410505551533155, 0.0 ], [ 121.967492946824535, -0.410445332486457, 0.0 ], [ 121.967589324169211, -0.410587578510872, 0.0 ], [ 121.967672664703031, -0.410563110180809, 0.0 ], [ 121.967732573959779, -0.410672127247566, 0.0 ], [ 121.967753953511178, -0.410711031687389, 0.0 ], [ 121.967803354149638, -0.410694679502819, 0.0 ], [ 121.96786236849654, -0.410675145068327, 0.0 ], [ 121.967875184552412, -0.410701116703806, 0.0 ], [ 121.967934681733695, -0.410821687272222, 0.0 ], [ 121.967961924976848, -0.41088214260278, 0.0 ], [ 121.968189015726452, -0.41136646520265, 0.0 ], [ 121.968272241339704, -0.41152761704783, 0.0 ], [ 121.968484561565077, -0.412130981522014, 0.0 ], [ 121.968269305524231, -0.412172393586865, 0.0 ], [ 121.968212690110363, -0.412085967506342, 0.0 ], [ 121.968194844152748, -0.412057413974197, 0.0 ], [ 121.968181757117208, -0.412034809094768, 0.0 ], [ 121.968161531698541, -0.412007445293225, 0.0 ], [ 121.968143685741211, -0.411987219874733, 0.0 ], [ 121.968129408975088, -0.41197294310866, 0.0 ], [ 121.968110373287203, -0.411959856073188, 0.0 ], [ 121.968075871102627, -0.411930112810629, 0.0 ], [ 121.968041368918037, -0.411901559278546, 0.0 ], [ 121.968009246194228, -0.411878954399024, 0.0 ], [ 121.967932886174609, -0.411839591689816, 0.0 ], [ 121.967891751169304, -0.411825960228884, 0.0 ], [ 121.967824256645031, -0.411808782012733, 0.0 ], [ 121.967724586228087, -0.41179102770664, 0.0 ], [ 121.967502960064593, -0.411766051566306, 0.0 ], [ 121.967095453974935, -0.4117416998043, 0.0 ], [ 121.966917148991683, -0.411729709644068, 0.0 ], [ 121.966824430219816, -0.411724910787633, 0.0 ], [ 121.966769892575698, -0.411726764808718, 0.0 ], [ 121.966572420609609, -0.411748811705824, 0.0 ], [ 121.966513571696481, -0.411752134860082, 0.0 ], [ 121.966398573629448, -0.411748351791431, 0.0 ], [ 121.966314081622144, -0.411735351535894, 0.0 ], [ 121.966249802142201, -0.411725461255235, 0.0 ], [ 121.966138052661663, -0.411690503635079, 0.0 ], [ 121.966108274023767, -0.411676155381934, 0.0 ], [ 121.966053210477881, -0.411643512476103, 0.0 ], [ 121.965950566247187, -0.411542984928956, 0.0 ], [ 121.965892472772239, -0.41148608943227, 0.0 ], [ 121.965856338463354, -0.41146693768069, 0.0 ], [ 121.965824006546313, -0.411459274647041, 0.0 ], [ 121.965738421177107, -0.41144586055277, 0.0 ], [ 121.965504475203929, -0.411422966304868, 0.0 ], [ 121.9653977341721, -0.411403701976091, 0.0 ], [ 121.965244828120049, -0.411363705761527, 0.0 ], [ 121.965089966885685, -0.411313322607331, 0.0 ], [ 121.964938191849541, -0.411253528597456, 0.0 ], [ 121.964875076182921, -0.411221715397051, 0.0 ], [ 121.964826567298033, -0.411193734558844, 0.0 ], [ 121.96477178196821, -0.411159025598749, 0.0 ], [ 121.964750174480756, -0.411145336287645, 0.0 ], [ 121.964724915576966, -0.411134300098888, 0.0 ], [ 121.964705998444046, -0.411130756026499, 0.0 ], [ 121.964672920162428, -0.411130761854082, 0.0 ], [ 121.96449230654288, -0.411153594807155, 0.0 ], [ 121.964462341849071, -0.411157379249968, 0.0 ], [ 121.964420227113891, -0.411162698203169, 0.0 ], [ 121.964356429098984, -0.411184161773446, 0.0 ], [ 121.964325487305942, -0.411200171348579, 0.0 ], [ 121.964294828248725, -0.411220200620318, 0.0 ], [ 121.964076736327144, -0.411397967116114, 0.0 ], [ 121.963971697444293, -0.411472661432758, 0.0 ], [ 121.963888816058429, -0.411534822472039, 0.0 ], [ 121.963724779004011, -0.411653931000337, 0.0 ], [ 121.963528684375774, -0.411777547048981, 0.0 ], [ 121.963508525444908, -0.411790255032953, 0.0 ], [ 121.963487110296114, -0.411798583146461, 0.0 ], [ 121.963458556763968, -0.411802152337962, 0.0 ], [ 121.963422864848781, -0.411800962607408, 0.0 ], [ 121.96337368183876, -0.411786910318857, 0.0 ], [ 121.963324876612205, -0.411761436318279, 0.0 ], [ 121.963293374580914, -0.411728817349842, 0.0 ], [ 121.963280287545331, -0.411702643278855, 0.0 ], [ 121.963267200509762, -0.411683607590727, 0.0 ], [ 121.963255303204733, -0.411668141094326, 0.0 ], [ 121.963237457247473, -0.411651484867261, 0.0 ], [ 121.963214852367727, -0.41163601837068, 0.0 ], [ 121.96319819614061, -0.41162531079624, 0.0 ], [ 121.96317916045254, -0.411618172413153, 0.0 ], [ 121.963168452877994, -0.411618172413153, 0.0 ], [ 121.963160124764514, -0.411619362143721, 0.0 ], [ 121.963099813783728, -0.411653736562888, 0.0 ], [ 121.963016738275869, -0.411725732805738, 0.0 ], [ 121.963007441163398, -0.411741418686622, 0.0 ], [ 121.963005882013476, -0.411755349587342, 0.0 ], [ 121.963009767957459, -0.411770855819108, 0.0 ], [ 121.963031651172741, -0.411858177263019, 0.0 ], [ 121.963048708047921, -0.411889338663205, 0.0 ], [ 121.963065564984376, -0.411899063818836, 0.0 ], [ 121.963085790402729, -0.411901443279892, 0.0 ], [ 121.963109585012702, -0.411899063818836, 0.0 ], [ 121.963125051509422, -0.411897874088268, 0.0 ], [ 121.963154794771839, -0.411897874088268, 0.0 ], [ 121.963183348304028, -0.411897874088268, 0.0 ], [ 121.963200004531018, -0.411900253549364, 0.0 ], [ 121.963229431812252, -0.411912737850277, 0.0 ], [ 121.963246334378056, -0.411932225380192, 0.0 ], [ 121.963253542403635, -0.411947842769417, 0.0 ], [ 121.963277574959889, -0.412014150415975, 0.0 ], [ 121.963294707079058, -0.412051270007706, 0.0 ], [ 121.963306408237827, -0.412064921359572, 0.0 ], [ 121.963333381251914, -0.41208202850691, 0.0 ], [ 121.963380900745861, -0.412100297369065, 0.0 ], [ 121.963400606740805, -0.412107524100097, 0.0 ], [ 121.963456043889181, -0.412124014679713, 0.0 ], [ 121.963474109146091, -0.41212775275996, 0.0 ], [ 121.963530950179376, -0.412134909021223, 0.0 ], [ 121.963604389515325, -0.412137783182916, 0.0 ], [ 121.963621035648174, -0.412140916744703, 0.0 ], [ 121.963647931670451, -0.412153151325653, 0.0 ], [ 121.963658764612859, -0.412164056459246, 0.0 ], [ 121.963668551935953, -0.4121782925654, 0.0 ], [ 121.963674469055576, -0.412202603727402, 0.0 ], [ 121.963674469055576, -0.412211664749312, 0.0 ], [ 121.963668518881036, -0.412227133376176, 0.0 ], [ 121.96366182495909, -0.412237996959894, 0.0 ], [ 121.963645342720568, -0.412257004243783, 0.0 ], [ 121.963623083244215, -0.412277848598656, 0.0 ], [ 121.963608752327886, -0.412297025857612, 0.0 ], [ 121.963585095601132, -0.41233962397462, 0.0 ], [ 121.963578991596563, -0.412356863391105, 0.0 ], [ 121.963575882088563, -0.41237862994785, 0.0 ], [ 121.963575214222956, -0.412401714516405, 0.0 ], [ 121.963584244898001, -0.412431498028001, 0.0 ], [ 121.963593329435426, -0.412444475938512, 0.0 ], [ 121.963621882967317, -0.412465891087497, 0.0 ], [ 121.963664713265402, -0.412496824080485, 0.0 ], [ 121.963704958517155, -0.412541166942991, 0.0 ], [ 121.963727969760939, -0.412582712356814, 0.0 ], [ 121.963741681284176, -0.412647334506487, 0.0 ], [ 121.963736366013563, -0.412706656612685, 0.0 ], [ 121.963729078364295, -0.412738103865375, 0.0 ], [ 121.963711733461295, -0.412775992667117, 0.0 ], [ 121.963550499137099, -0.413015546579196, 0.0 ], [ 121.963524325066004, -0.413051238494269, 0.0 ], [ 121.963481494767947, -0.413096448253258, 0.0 ], [ 121.963400593093894, -0.413165452622439, 0.0 ], [ 121.963191180696413, -0.413358892887462, 0.0 ], [ 121.963105357934495, -0.413492331600434, 0.0 ], [ 121.963072075522305, -0.413563412263607, 0.0 ], [ 121.963063019792102, -0.413595925003063, 0.0 ], [ 121.963046820676269, -0.413711849926445, 0.0 ], [ 121.963048647829964, -0.413734689347466, 0.0 ], [ 121.963045900668362, -0.413790848662197, 0.0 ], [ 121.963042776848411, -0.413809591582074, 0.0 ], [ 121.963029934196683, -0.413846416549932, 0.0 ], [ 121.962991649072805, -0.413935202605418, 0.0 ], [ 121.962982979300378, -0.414034355870386, 0.0 ], [ 121.962983979686427, -0.414111690802244, 0.0 ], [ 121.962992259017341, -0.414194228502403, 0.0 ], [ 121.962998047728746, -0.414294485987589, 0.0 ], [ 121.962993623862545, -0.414326759146927, 0.0 ], [ 121.962980755956295, -0.414354096021155, 0.0 ], [ 121.962973697960578, -0.414363977215334, 0.0 ], [ 121.962965330816814, -0.414372692989996, 0.0 ], [ 121.962943364424191, -0.41439068201206, 0.0 ], [ 121.962909059152125, -0.4144157497849, 0.0 ], [ 121.962829994175635, -0.414449161008594, 0.0 ], [ 121.962742626044786, -0.414476632646564, 0.0 ], [ 121.962723854554838, -0.414479619019973, 0.0 ], [ 121.962710012708968, -0.414480347538186, 0.0 ], [ 121.962685508295493, -0.41447207037328, 0.0 ], [ 121.962675313550577, -0.414463914577423, 0.0 ], [ 121.96266639850343, -0.414446084482855, 0.0 ], [ 121.962655885411777, -0.414408301667993, 0.0 ], [ 121.962653898401285, -0.41439538610056, 0.0 ], [ 121.962645286708252, -0.414372421585592, 0.0 ], [ 121.962639844922137, -0.41436262797703, 0.0 ], [ 121.962622772041613, -0.414341420326441, 0.0 ], [ 121.962588225277599, -0.414315436210803, 0.0 ], [ 121.962567377888945, -0.414299120863201, 0.0 ], [ 121.962547730521081, -0.41427714619285, 0.0 ], [ 121.962537034280231, -0.414259559104193, 0.0 ], [ 121.962529377817177, -0.414241968024811, 0.0 ], [ 121.962524693668669, -0.414215736794722, 0.0 ], [ 121.962525807349721, -0.414201258940999, 0.0 ], [ 121.962548044331555, -0.41414720916806, 0.0 ], [ 121.96259882470612, -0.414037972515555, 0.0 ], [ 121.962622251569968, -0.413973031772418, 0.0 ], [ 121.962634433711841, -0.413905014813781, 0.0 ], [ 121.962635992887357, -0.413884484923309, 0.0 ], [ 121.962634148874955, -0.413854058722323, 0.0 ], [ 121.962624631031076, -0.413813607885258, 0.0 ], [ 121.962607974803831, -0.41376720839568, 0.0 ], [ 121.962603747294892, -0.413754525868567, 0.0 ], [ 121.962575532887413, -0.413694102846607, 0.0 ], [ 121.962565479319068, -0.413672572464605, 0.0 ], [ 121.962549678009267, -0.413635148309992, 0.0 ], [ 121.96254326166968, -0.413620176850736, 0.0 ], [ 121.962493820220502, -0.413536928893679, 0.0 ], [ 121.962486622292545, -0.413525693103817, 0.0 ], [ 121.962475009428985, -0.413508801665726, 0.0 ], [ 121.962440575841441, -0.413468458021179, 0.0 ], [ 121.962392379424813, -0.413428017786495, 0.0 ], [ 121.962318886891566, -0.413373631880671, 0.0 ], [ 121.962278856188505, -0.413349286355236, 0.0 ], [ 121.962226159505022, -0.413323628400142, 0.0 ], [ 121.962171555720289, -0.413307736600617, 0.0 ], [ 121.962109791140165, -0.413295292309263, 0.0 ], [ 121.962047004504143, -0.41329501657162, 0.0 ], [ 121.962025575869106, -0.413296652508519, 0.0 ], [ 121.961902961954365, -0.413324772897882, 0.0 ], [ 121.961873998596843, -0.413331968030107, 0.0 ], [ 121.961789838108643, -0.413352875338785, 0.0 ], [ 121.961676221628508, -0.413375238347858, 0.0 ], [ 121.961604905526968, -0.41338147191777, 0.0 ], [ 121.961476786854419, -0.413384150476653, 0.0 ], [ 121.961391760015658, -0.413371113297367, 0.0 ], [ 121.96132805016066, -0.413344717478873, 0.0 ], [ 121.961304055868595, -0.413330277572044, 0.0 ], [ 121.961299349384689, -0.413326631909866, 0.0 ], [ 121.961291620440434, -0.41332064503726, 0.0 ], [ 121.961269738220835, -0.413291917604495, 0.0 ], [ 121.961255266005764, -0.413267046995841, 0.0 ], [ 121.961241272024722, -0.413226739959534, 0.0 ], [ 121.961223210974225, -0.413142706692624, 0.0 ], [ 121.961219236210241, -0.413094037134142, 0.0 ], [ 121.961223543994592, -0.41302191645715, 0.0 ], [ 121.961228636142025, -0.413005324601354, 0.0 ], [ 121.961273161991144, -0.412809346197072, 0.0 ], [ 121.96128797626497, -0.412765910169268, 0.0 ], [ 121.961328896660817, -0.412685957493937, 0.0 ], [ 121.961350297598514, -0.412653649730899, 0.0 ], [ 121.961368133497643, -0.412612964682481, 0.0 ], [ 121.961372892986091, -0.41257706466728, 0.0 ], [ 121.961364358829996, -0.41246858644316, 0.0 ], [ 121.961373049030726, -0.412424873416536, 0.0 ], [ 121.961381698003578, -0.412412174659782, 0.0 ], [ 121.961408699924505, -0.412394953989831, 0.0 ], [ 121.961440446575367, -0.412388179002729, 0.0 ], [ 121.961488203229578, -0.412375197761139, 0.0 ], [ 121.961520213781014, -0.412351956601951, 0.0 ], [ 121.961531638417668, -0.412340247412698, 0.0 ], [ 121.961547760037419, -0.412313873760216, 0.0 ], [ 121.961556410208729, -0.412284022952446, 0.0 ], [ 121.961557897391003, -0.412250543414442, 0.0 ], [ 121.96154698261148, -0.412173746489716, 0.0 ], [ 121.96153145897722, -0.412142480606453, 0.0 ], [ 121.961516848210721, -0.412123799362988, 0.0 ], [ 121.961491916840146, -0.41211019998055, 0.0 ], [ 121.961435227476045, -0.412095623500617, 0.0 ], [ 121.961375820049838, -0.412085647779974, 0.0 ], [ 121.96129403767894, -0.412079892942006, 0.0 ], [ 121.961170410555866, -0.412091364916332, 0.0 ], [ 121.961097344903791, -0.412088290466636, 0.0 ], [ 121.961068380626543, -0.412079891014527, 0.0 ], [ 121.961046788398704, -0.412064542875557, 0.0 ], [ 121.961031576409681, -0.412037735069221, 0.0 ], [ 121.961021495800324, -0.412003468212523, 0.0 ], [ 121.961003008219009, -0.411965408309366, 0.0 ], [ 121.96098727352603, -0.411949341347314, 0.0 ], [ 121.960960469564981, -0.411932495921554, 0.0 ], [ 121.960826185047495, -0.411903679064245, 0.0 ], [ 121.960727288028693, -0.411876860274332, 0.0 ], [ 121.960659534102874, -0.411858183050242, 0.0 ], [ 121.960537692720877, -0.411849191895575, 0.0 ], [ 121.960406934873291, -0.411849174726529, 0.0 ], [ 121.960308865328315, -0.411858137005397, 0.0 ], [ 121.960276453066982, -0.411860642711942, 0.0 ], [ 121.960075797986278, -0.411873280409863, 0.0 ], [ 121.959920963497751, -0.411874019987233, 0.0 ], [ 121.959846158511922, -0.411858984409565, 0.0 ], [ 121.959744905444353, -0.411910036377857, 0.0 ], [ 121.959684043127609, -0.41191385777898, 0.0 ], [ 121.959626985420442, -0.411911935580265, 0.0 ], [ 121.959558516123707, -0.411910011881166, 0.0 ], [ 121.959474827400868, -0.411938721376013, 0.0 ], [ 121.959431082474438, -0.411942545024526, 0.0 ], [ 121.959379731063677, -0.411936794174604, 0.0 ], [ 121.959353865175004, -0.411931267084269, 0.0 ], [ 121.959277898703135, -0.411878575720101, 0.0 ], [ 121.959180050348678, -0.411766359663812, 0.0 ], [ 121.959142018422781, -0.411714657778686, 0.0 ], [ 121.959039326290835, -0.411620824009619, 0.0 ], [ 121.958978282367838, -0.41156842141053, 0.0 ], [ 121.958857489026144, -0.411493411450946, 0.0 ], [ 121.958658247760354, -0.411459221177901, 0.0 ], [ 121.958580267840006, -0.411464955027565, 0.0 ], [ 121.958498483314401, -0.411476432473586, 0.0 ], [ 121.958378661413036, -0.411478331422912, 0.0 ], [ 121.958277860563371, -0.411466829978234, 0.0 ], [ 121.958173256849236, -0.411447669237434, 0.0 ], [ 121.958011597948371, -0.411407439308332, 0.0 ], [ 121.957863751214973, -0.411330531426737, 0.0 ], [ 121.957804503231017, -0.41127802936385, 0.0 ], [ 121.957800508482677, -0.41121594168621, 0.0 ], [ 121.957819535982267, -0.411152759130735, 0.0 ], [ 121.957838562487282, -0.411097235369169, 0.0 ], [ 121.957844276718333, -0.411032136364451, 0.0 ], [ 121.957846186342749, -0.410972780955766, 0.0 ], [ 121.957842387692835, -0.410932571784159, 0.0 ], [ 121.957819569985645, -0.410890445416276, 0.0 ], [ 121.957788783069873, -0.410865405445164, 0.0 ], [ 121.957749395923642, -0.410846843417925, 0.0 ], [ 121.957719615996538, -0.410841977807029, 0.0 ], [ 121.957676946469277, -0.410843222217124, 0.0 ], [ 121.957612264035987, -0.410855953613511, 0.0 ], [ 121.957517163548673, -0.410886576297541, 0.0 ], [ 121.957439182917796, -0.410898054243565, 0.0 ], [ 121.957371345947308, -0.410894251281976, 0.0 ], [ 121.957308899003337, -0.410875205145752, 0.0 ], [ 121.957246282656357, -0.410856107341805, 0.0 ], [ 121.95717303529409, -0.410853126274721, 0.0 ], [ 121.9571505462294, -0.41085588425601, 0.0 ], [ 121.957132869361288, -0.410858506851292, 0.0 ], [ 121.957116360761106, -0.410860956118572, 0.0 ], [ 121.956996982611614, -0.410909962996903, 0.0 ], [ 121.956949906119391, -0.410938677280969, 0.0 ], [ 121.956907111391274, -0.410948723820317, 0.0 ], [ 121.95685290694712, -0.410944408623394, 0.0 ], [ 121.956805835858631, -0.410931478222859, 0.0 ], [ 121.956773030549002, -0.410908497533221, 0.0 ], [ 121.956745931774435, -0.410879773500167, 0.0 ], [ 121.956713127955581, -0.410845304623535, 0.0 ], [ 121.956656687870449, -0.410794350082142, 0.0 ], [ 121.956587600598382, -0.410751974749883, 0.0 ], [ 121.956507158271393, -0.41071693266462, 0.0 ], [ 121.956430896387488, -0.410693829739009, 0.0 ], [ 121.956369099745416, -0.410690885223527, 0.0 ], [ 121.956263240085804, -0.410699068942382, 0.0 ], [ 121.956199046705819, -0.41072419090981, 0.0 ], [ 121.956029863785716, -0.41081410093764, 0.0 ], [ 121.955964240326139, -0.41086722516249, 0.0 ], [ 121.955920011892772, -0.410933276407903, 0.0 ], [ 121.955875782525609, -0.411006507766671, 0.0 ], [ 121.955852952659569, -0.411058201593779, 0.0 ], [ 121.955808140171129, -0.411105951440206, 0.0 ], [ 121.955788168234449, -0.411118873018501, 0.0 ], [ 121.955735387271233, -0.411137534368677, 0.0 ], [ 121.955686888821205, -0.411131783890402, 0.0 ], [ 121.955609864046238, -0.411105925333523, 0.0 ], [ 121.955558513824471, -0.411091558341756, 0.0 ], [ 121.955485765781191, -0.411085804670203, 0.0 ], [ 121.955440119482532, -0.41108579865881, 0.0 ], [ 121.955385913757581, -0.411091535611509, 0.0 ], [ 121.95534026671416, -0.411097273690939, 0.0 ], [ 121.955277500257225, -0.411118805766251, 0.0 ], [ 121.955221861367818, -0.411176239349537, 0.0 ], [ 121.955201884765756, -0.411225061492918, 0.0 ], [ 121.95519759627588, -0.411295426045122, 0.0 ], [ 121.955214704485769, -0.411365793417622, 0.0 ], [ 121.955226108588718, -0.411423235833443, 0.0 ], [ 121.955226102237148, -0.411472060608261, 0.0 ], [ 121.955184727993938, -0.411528060042202, 0.0 ], [ 121.955147635145622, -0.411568263788516, 0.0 ], [ 121.955121955179621, -0.41159841687973, 0.0 ], [ 121.955100552683803, -0.411642930762202, 0.0 ], [ 121.955104825294683, -0.411694628145039, 0.0 ], [ 121.955150467105199, -0.411729098713379, 0.0 ], [ 121.955213227587038, -0.411753519381337, 0.0 ], [ 121.95534017269587, -0.411820071855455, 0.0 ], [ 121.955423381476308, -0.41182486957693, 0.0 ], [ 121.955518475136358, -0.411846422466701, 0.0 ], [ 121.955580284412662, -0.411872757708907, 0.0 ], [ 121.955639715343949, -0.411906272752798, 0.0 ], [ 121.955694389271926, -0.411956540771888, 0.0 ], [ 121.955782345408878, -0.412018780043034, 0.0 ], [ 121.955915471441585, -0.412088205392577, 0.0 ], [ 121.955958264858168, -0.412088211039327, 0.0 ], [ 121.956039096557532, -0.412090615076843, 0.0 ], [ 121.956100909272891, -0.41209062323228, 0.0 ], [ 121.956127060806807, -0.412090626682515, 0.0 ], [ 121.956160345823832, -0.412081057585444, 0.0 ], [ 121.956193632709983, -0.412057128255645, 0.0 ], [ 121.956224544052944, -0.412018838379381, 0.0 ], [ 121.956250700882379, -0.411978154502776, 0.0 ], [ 121.956351800172797, -0.411888081304793, 0.0 ], [ 121.956376528747469, -0.411861278795828, 0.0 ], [ 121.956403159998999, -0.411828732443764, 0.0 ], [ 121.956425989880245, -0.411777038611757, 0.0 ], [ 121.956435504758019, -0.4117368312113, 0.0 ], [ 121.956431707122093, -0.411688963265263, 0.0 ], [ 121.956416494421646, -0.411667899584736, 0.0 ], [ 121.956431774856355, -0.411586383520551, 0.0 ], [ 121.956467098027289, -0.41151252054392, 0.0 ], [ 121.956498009051742, -0.411476624029813, 0.0 ], [ 121.956526540176242, -0.411459874180556, 0.0 ], [ 121.956576466767586, -0.411452700637444, 0.0 ], [ 121.956645409860457, -0.411467069949489, 0.0 ], [ 121.956738121171725, -0.411526916468798, 0.0 ], [ 121.956992471976164, -0.411775860717889, 0.0 ], [ 121.957120850089836, -0.411792631236648, 0.0 ], [ 121.957232588495884, -0.411792645952899, 0.0 ], [ 121.957358593249538, -0.411778302308204, 0.0 ], [ 121.957420407232476, -0.411768736955194, 0.0 ], [ 121.957496483829814, -0.411773533717628, 0.0 ], [ 121.957750859273318, -0.411833401535917, 0.0 ], [ 121.957822179187247, -0.411852557911147, 0.0 ], [ 121.957888744276275, -0.411871713660628, 0.0 ], [ 121.957962439431313, -0.411907623963201, 0.0 ], [ 121.958038511380224, -0.411948321326614, 0.0 ], [ 121.958124087389507, -0.412032100666791, 0.0 ], [ 121.958171623847619, -0.412123055122563, 0.0 ], [ 121.958219160927115, -0.412209222833456, 0.0 ], [ 121.958335327637514, -0.412391658826422, 0.0 ], [ 121.958485420449264, -0.412559976799325, 0.0 ], [ 121.958546537876828, -0.412601452840154, 0.0 ], [ 121.95860002230458, -0.412658302519608, 0.0 ], [ 121.958665396138713, -0.412697203462817, 0.0 ], [ 121.958763459421931, -0.412736108715705, 0.0 ], [ 121.958861520374157, -0.412792964275587, 0.0 ], [ 121.958953637015256, -0.412855802489772, 0.0 ], [ 121.959194326901397, -0.413035337292394, 0.0 ], [ 121.959292386700994, -0.413101168018085, 0.0 ], [ 121.959393422943108, -0.413131098521092, 0.0 ], [ 121.959491490923014, -0.413134103169021, 0.0 ], [ 121.959580644377752, -0.413131123204053, 0.0 ], [ 121.95965196527554, -0.413143099479368, 0.0 ], [ 121.959791629470374, -0.413211927415543, 0.0 ], [ 121.959862949595475, -0.413229887128728, 0.0 ], [ 121.960041253417899, -0.41324786094384, 0.0 ], [ 121.96014526301316, -0.413265824965472, 0.0 ], [ 121.960270072276316, -0.413304733761158, 0.0 ], [ 121.960451345170668, -0.413343649999154, 0.0 ], [ 121.960570214409017, -0.413355632540445, 0.0 ], [ 121.960665307546819, -0.41338257054506, 0.0 ], [ 121.96075445248016, -0.413445408399863, 0.0 ], [ 121.960769301216146, -0.413523195063097, 0.0 ], [ 121.96076632283129, -0.41357405390179, 0.0 ], [ 121.960745513046291, -0.413630893828457, 0.0 ], [ 121.960686071026402, -0.41368174522127, 0.0 ], [ 121.960617716810106, -0.413708661681742, 0.0 ], [ 121.960517734645009, -0.413708121514374, 0.0 ], [ 121.960496936281658, -0.41370992535024, 0.0 ], [ 121.960212182963488, -0.413766495285249, 0.0 ], [ 121.96015155683618, -0.413782044223734, 0.0 ], [ 121.960098062021402, -0.413804774227407, 0.0 ], [ 121.960048133019271, -0.413829898075798, 0.0 ], [ 121.960013657686645, -0.413851433900392, 0.0 ], [ 121.959983935158874, -0.41388852728916, 0.0 ], [ 121.959958966214913, -0.413935194804604, 0.0 ], [ 121.959950640426996, -0.413972291017269, 0.0 ], [ 121.959949994987241, -0.413991707696963, 0.0 ], [ 121.9599562077276, -0.414029468597651, 0.0 ], [ 121.959966920567453, -0.414063183860195, 0.0 ], [ 121.959965190622384, -0.414088448397268, 0.0 ], [ 121.959961886000883, -0.414101564930829, 0.0 ], [ 121.959948234868392, -0.414123065628272, 0.0 ], [ 121.959925934824469, -0.414145517497353, 0.0 ], [ 121.959903066536413, -0.414168541478715, 0.0 ], [ 121.959878102111915, -0.41418050505494, 0.0 ], [ 121.95984481829305, -0.414180500657282, 0.0 ], [ 121.959816290553604, -0.41417092338848, 0.0 ], [ 121.959712618613125, -0.414109122722533, 0.0 ], [ 121.959614950834066, -0.414050901243246, 0.0 ], [ 121.959378878404223, -0.413886196647128, 0.0 ], [ 121.959314130009858, -0.413851209696721, 0.0 ], [ 121.959198505110862, -0.413812037694228, 0.0 ], [ 121.959080853602018, -0.413781722200751, 0.0 ], [ 121.958960666830748, -0.413735697413724, 0.0 ], [ 121.958901817207803, -0.413708604734707, 0.0 ], [ 121.95882098279256, -0.413649816172931, 0.0 ], [ 121.958767000027947, -0.413604934652236, 0.0 ], [ 121.958724194102047, -0.4135469147242, 0.0 ], [ 121.958703035427774, -0.413508392117573, 0.0 ], [ 121.958675433347807, -0.413471715292831, 0.0 ], [ 121.958653907525672, -0.413452666637011, 0.0 ], [ 121.958594613686131, -0.413418708623811, 0.0 ], [ 121.958540490861168, -0.413396461042105, 0.0 ], [ 121.958479442252141, -0.413378145500449, 0.0 ], [ 121.95841485292712, -0.41336865233739, 0.0 ], [ 121.958365092260806, -0.413367291850576, 0.0 ], [ 121.958263766547446, -0.413373896580574, 0.0 ], [ 121.958196378152678, -0.413385612979606, 0.0 ], [ 121.958131037759003, -0.413405293259005, 0.0 ], [ 121.958100604862111, -0.413420606829572, 0.0 ], [ 121.958050984747842, -0.413456157071163, 0.0 ], [ 121.958034417350049, -0.413481658231047, 0.0 ], [ 121.958024677253519, -0.413510047607916, 0.0 ], [ 121.958015537334973, -0.413553397008847, 0.0 ], [ 121.958004693873235, -0.413602909068905, 0.0 ], [ 121.957981931012682, -0.413686952021728, 0.0 ], [ 121.957977546613705, -0.413697134120112, 0.0 ], [ 121.957938629311585, -0.413741055963218, 0.0 ], [ 121.957918112414035, -0.413753961331453, 0.0 ], [ 121.957860612146462, -0.413779364894832, 0.0 ], [ 121.957832617176336, -0.413786713000686, 0.0 ], [ 121.957772432568575, -0.41379132786119, 0.0 ], [ 121.957746969840855, -0.413788538186471, 0.0 ], [ 121.957709728194885, -0.413773925266747, 0.0 ], [ 121.957665400656055, -0.4137431442602, 0.0 ], [ 121.957656048617977, -0.413735245854564, 0.0 ], [ 121.957624045926863, -0.413691864208512, 0.0 ], [ 121.957582467985361, -0.413599921625587, 0.0 ], [ 121.957566681344574, -0.413555252374001, 0.0 ], [ 121.957521051486097, -0.413428876240883, 0.0 ], [ 121.957489085613702, -0.413347587591721, 0.0 ], [ 121.957447892426345, -0.41328601343226, 0.0 ], [ 121.957357940854308, -0.413218078298306, 0.0 ], [ 121.957226001900182, -0.413160619914074, 0.0 ], [ 121.95713591807224, -0.413131034388781, 0.0 ], [ 121.957001537289983, -0.413103747422527, 0.0 ], [ 121.95684443551113, -0.413095948427134, 0.0 ], [ 121.956634036338386, -0.41308156038304, 0.0 ], [ 121.956532437839172, -0.413061090309892, 0.0 ], [ 121.956481758628343, -0.413039207429944, 0.0 ], [ 121.956381036070169, -0.412972257843721, 0.0 ], [ 121.956358306197117, -0.412953349887917, 0.0 ], [ 121.956042843682326, -0.412738287111315, 0.0 ], [ 121.955952959143588, -0.412686563961531, 0.0 ], [ 121.955792498333992, -0.41257525096797, 0.0 ], [ 121.955667696371719, -0.412481892981135, 0.0 ], [ 121.95550010193837, -0.412381349232126, 0.0 ], [ 121.955400257664323, -0.412327485183204, 0.0 ], [ 121.955304096318059, -0.412300849625681, 0.0 ], [ 121.955269715177991, -0.412296146394992, 0.0 ], [ 121.955185524090112, -0.412300344937392, 0.0 ], [ 121.955152880225796, -0.412306617531996, 0.0 ], [ 121.955101369110281, -0.412298842193105, 0.0 ], [ 121.95507849835839, -0.412290356129557, 0.0 ], [ 121.955039354374875, -0.41225623621888, 0.0 ], [ 121.955000868438447, -0.412205370484179, 0.0 ], [ 121.954990446940656, -0.412185880220675, 0.0 ], [ 121.954981733745484, -0.412098371626153, 0.0 ], [ 121.95497745983198, -0.412056726403315, 0.0 ], [ 121.954964627050458, -0.412016516073268, 0.0 ], [ 121.954938956247688, -0.411976304048158, 0.0 ], [ 121.954905619585361, -0.411959459763877, 0.0 ], [ 121.954873105090996, -0.41195224197327, 0.0 ], [ 121.954857416048455, -0.411937879675122, 0.0 ], [ 121.954843156445676, -0.411900541203719, 0.0 ], [ 121.954830324786045, -0.41185171473998, 0.0 ], [ 121.954827477878112, -0.411805761639892, 0.0 ], [ 121.954838905908304, -0.411679393156535, 0.0 ], [ 121.954830355642201, -0.411614771009676, 0.0 ], [ 121.954817523791547, -0.411567380569965, 0.0 ], [ 121.954790426540072, -0.411527168361882, 0.0 ], [ 121.95477045983921, -0.411499881298289, 0.0 ], [ 121.954741935767402, -0.411462540948161, 0.0 ], [ 121.954723397568827, -0.411419457825333, 0.0 ], [ 121.954721975607299, -0.411384993095696, 0.0 ], [ 121.954743379405841, -0.411330427059998, 0.0 ], [ 121.954874631542339, -0.411183970055265, 0.0 ], [ 121.954978445276623, -0.411081783095106, 0.0 ], [ 121.955017651281892, -0.411039478368442, 0.0 ], [ 121.955048387178167, -0.410991948256109, 0.0 ], [ 121.955060765359121, -0.410965486767342, 0.0 ], [ 121.955062955534459, -0.410929818848587, 0.0 ], [ 121.955051550492158, -0.410879556550786, 0.0 ], [ 121.955028734996034, -0.410820676614704, 0.0 ], [ 121.955026401933409, -0.410797943223048, 0.0 ], [ 121.955026185856099, -0.410772957109015, 0.0 ], [ 121.955041586259213, -0.410718720692704, 0.0 ], [ 121.955097227559349, -0.410642618810263, 0.0 ], [ 121.955118125095623, -0.410610195826333, 0.0 ], [ 121.955290152193783, -0.410424562092107, 0.0 ], [ 121.955438722787008, -0.410291260563939, 0.0 ], [ 121.955524778477738, -0.410201456807423, 0.0 ], [ 121.955578934071113, -0.410134195793477, 0.0 ], [ 121.955600613983037, -0.410090480122208, 0.0 ], [ 121.955602397379934, -0.410038610906338, 0.0 ], [ 121.955552486011925, -0.409928509256442, 0.0 ], [ 121.955471977353568, -0.409748498057117, 0.0 ], [ 121.955350143041869, -0.409528365413583, 0.0 ], [ 121.955281703246328, -0.409451858189099, 0.0 ] ] ] ] } },
{ "type": "Feature", "properties": { "WADMPR": "SULAWESI TENGAH", "WADMKK": "TOJO UNA - UNA", "WADMKC": "TOGEAN", "WADMKD": "BANGKAGI", "POKTAN": "KT BANGKAGI JAYA 2", "LUAS_HA": 31.001779927400001, "PAKET": "Paket Sulawesi Tengah 9" }, "geometry": { "type": "MultiPolygon", "coordinates": [ [ [ [ 122.009565068349772, -0.385812662524124, 0.0 ], [ 122.009205922307657, -0.386416977367633, 0.0 ], [ 122.009053904443917, -0.386672769170067, 0.0 ], [ 122.008961169133514, -0.386802002500609, 0.0 ], [ 122.008921031876412, -0.386839292372613, 0.0 ], [ 122.008837592198162, -0.386961279523933, 0.0 ], [ 122.008809356432081, -0.387070481098021, 0.0 ], [ 122.008808397494064, -0.387308180135378, 0.0 ], [ 122.008834396081795, -0.387533952683221, 0.0 ], [ 122.008848654626391, -0.387586609417269, 0.0 ], [ 122.008870043833539, -0.387653627461362, 0.0 ], [ 122.008896187928443, -0.387720646066658, 0.0 ], [ 122.008927089694893, -0.387763731117564, 0.0 ], [ 122.008974633572123, -0.387806818130762, 0.0 ], [ 122.009017425623128, -0.387823577056314, 0.0 ], [ 122.009079238900739, -0.387825977753702, 0.0 ], [ 122.009122037076466, -0.387790081621605, 0.0 ], [ 122.009164836921585, -0.387739825017774, 0.0 ], [ 122.009200508883566, -0.387651272983652, 0.0 ], [ 122.009207650118086, -0.387574684646604, 0.0 ], [ 122.009224304743526, -0.387466983075501, 0.0 ], [ 122.009226692474428, -0.387378427118711, 0.0 ], [ 122.009233835925684, -0.387282691485935, 0.0 ], [ 122.00925762009571, -0.387198924869742, 0.0 ], [ 122.009290913485614, -0.387119946194539, 0.0 ], [ 122.009362243207519, -0.387064906109725, 0.0 ], [ 122.00963815628262, -0.386973270867311, 0.0 ], [ 122.009739202191611, -0.386934389794954, 0.0 ], [ 122.009849160745574, -0.386919443889141, 0.0 ], [ 122.009920486170714, -0.386901501676711, 0.0 ], [ 122.010003698127989, -0.386889544390236, 0.0 ], [ 122.010083938280843, -0.386877586753257, 0.0 ], [ 122.010155264403451, -0.386853661005505, 0.0 ], [ 122.010217676494733, -0.386817767146555, 0.0 ], [ 122.010271174553495, -0.386769905176273, 0.0 ], [ 122.010321702538107, -0.38670708402651, 0.0 ], [ 122.010490511085109, -0.386440473885853, 0.0 ], [ 122.010529627210246, -0.386349423477719, 0.0 ], [ 122.010547608644728, -0.386285271533286, 0.0 ], [ 122.01058922604345, -0.386180564600194, 0.0 ], [ 122.01062787336113, -0.386060898485899, 0.0 ], [ 122.010674109822403, -0.385784498651349, 0.0 ], [ 122.010744627268082, -0.385532965156075, 0.0 ], [ 122.010744639006447, -0.385431245107074, 0.0 ], [ 122.010744649361257, -0.385341492122636, 0.0 ], [ 122.010732772143811, -0.385254729514942, 0.0 ], [ 122.010709007699745, -0.385167965518627, 0.0 ], [ 122.010670383533778, -0.385087183319539, 0.0 ], [ 122.010649607442545, -0.384856814901974, 0.0 ], [ 122.010667446895496, -0.384782022832122, 0.0 ], [ 122.01067042869505, -0.384695261962646, 0.0 ], [ 122.010670438686404, -0.384608500746205, 0.0 ], [ 122.010667473080872, -0.38455464860993, 0.0 ], [ 122.010631823464536, -0.384449932637002, 0.0 ], [ 122.010581313095969, -0.384360173763185, 0.0 ], [ 122.010530803071021, -0.38426742312588, 0.0 ], [ 122.010495149664195, -0.384195616585021, 0.0 ], [ 122.010480298551698, -0.384126804236461, 0.0 ], [ 122.010495164461489, -0.384066970650058, 0.0 ], [ 122.010545690661019, -0.384019108282695, 0.0 ], [ 122.010691313610053, -0.383980232291523, 0.0 ], [ 122.010765603939163, -0.384022125673367, 0.0 ], [ 122.010833948938668, -0.384078977195135, 0.0 ], [ 122.010955770966106, -0.384270464437514, 0.0 ], [ 122.011018167882469, -0.384366208236536, 0.0 ], [ 122.01108056858493, -0.384429042607646, 0.0 ], [ 122.011215697863094, -0.384547382731847, 0.0 ], [ 122.011329807519658, -0.384614411612557, 0.0 ], [ 122.011439167247417, -0.384638358500162, 0.0 ], [ 122.011515244947091, -0.384643154198733, 0.0 ], [ 122.01161985750042, -0.384600084952227, 0.0 ], [ 122.011700695050223, -0.384561799757781, 0.0 ], [ 122.01179103852968, -0.384557023460444, 0.0 ], [ 122.011829074905961, -0.384580962030923, 0.0 ], [ 122.011857597646568, -0.384638407285554, 0.0 ], [ 122.011873236361183, -0.384749702848937, 0.0 ], [ 122.011867289304959, -0.384779619827602, 0.0 ], [ 122.011822705658318, -0.384836458204887, 0.0 ], [ 122.011787040530919, -0.384866371716523, 0.0 ], [ 122.011745433166809, -0.384884317465737, 0.0 ], [ 122.011703826147325, -0.384899271447309, 0.0 ], [ 122.011659248354547, -0.384905249780573, 0.0 ], [ 122.011587923267143, -0.384920200293528, 0.0 ], [ 122.01147796262579, -0.38495309689757, 0.0 ], [ 122.01140663823054, -0.384962063873555, 0.0 ], [ 122.011338284264937, -0.384982998262276, 0.0 ], [ 122.011269929955617, -0.385006924416146, 0.0 ], [ 122.01121048761992, -0.385060769275181, 0.0 ], [ 122.011168875088529, -0.385123591514, 0.0 ], [ 122.011162920096282, -0.385222319115226, 0.0 ], [ 122.011171822754193, -0.385333015518642, 0.0 ], [ 122.011216391919334, -0.385401831358923, 0.0 ], [ 122.011257989277638, -0.385470646853492, 0.0 ], [ 122.011332277891114, -0.385527499104443, 0.0 ], [ 122.011409538313245, -0.385584351704674, 0.0 ], [ 122.011486798046931, -0.385647187840536, 0.0 ], [ 122.011531368249592, -0.3857070283894, 0.0 ], [ 122.011558104847751, -0.38579080098945, 0.0 ], [ 122.01156700887492, -0.385889530339492, 0.0 ], [ 122.011569969284963, -0.38598825899456, 0.0 ], [ 122.011575897353339, -0.386122889200363, 0.0 ], [ 122.011599307990082, -0.386286250948665, 0.0 ], [ 122.011597007937667, -0.38629041596335, 0.0 ], [ 122.011469792658445, -0.386520781769726, 0.0 ], [ 122.011329649589825, -0.386774557601882, 0.0 ], [ 122.011116499175728, -0.387272569434538, 0.0 ], [ 122.010998019998027, -0.38738127073786, 0.0 ], [ 122.010859006383754, -0.387508811792716, 0.0 ], [ 122.010792427909436, -0.387594966832757, 0.0 ], [ 122.010766267953201, -0.387664372732247, 0.0 ], [ 122.01073772999402, -0.387738565176653, 0.0 ], [ 122.010730589877511, -0.387805579898646, 0.0 ], [ 122.010730583764044, -0.387858234982299, 0.0 ], [ 122.010801483897311, -0.388079735879318, 0.0 ], [ 122.010799753380226, -0.388152548590766, 0.0 ], [ 122.010795592586049, -0.388327616625793, 0.0 ], [ 122.010795592587669, -0.388541953248588, 0.0 ], [ 122.010795592586959, -0.388567590094057, 0.0 ], [ 122.010786858825611, -0.388757235987863, 0.0 ], [ 122.010773010168691, -0.388841489317575, 0.0 ], [ 122.0107374659935, -0.388952823304595, 0.0 ], [ 122.010698108126959, -0.389045931452439, 0.0 ], [ 122.010647890844723, -0.389164729497141, 0.0 ], [ 122.010609845015736, -0.389222166912375, 0.0 ], [ 122.010575367865144, -0.389258064032499, 0.0 ], [ 122.010559208593037, -0.389268335760625, 0.0 ], [ 122.010513297348055, -0.389287992583953, 0.0 ], [ 122.010485832279187, -0.389289964288667, 0.0 ], [ 122.010446363884114, -0.38928212326582, 0.0 ], [ 122.01042202134866, -0.38926881627499, 0.0 ], [ 122.010389930572742, -0.389228124468263, 0.0 ], [ 122.010370917143504, -0.389175467143699, 0.0 ], [ 122.010357714550068, -0.388882967468585, 0.0 ], [ 122.010345621306456, -0.388799718316291, 0.0 ], [ 122.010312943619965, -0.388695002657979, 0.0 ], [ 122.010244602158807, -0.388608233389112, 0.0 ], [ 122.010173283668522, -0.388566340256876, 0.0 ], [ 122.010078188636612, -0.388542394914681, 0.0 ], [ 122.01001875215384, -0.38854537966872, 0.0 ], [ 122.009977144770716, -0.388563325352994, 0.0 ], [ 122.009926618484641, -0.388611187638513, 0.0 ], [ 122.009885005875987, -0.388674009801151, 0.0 ], [ 122.009807726010706, -0.388784695996434, 0.0 ], [ 122.009754218502209, -0.388913335585122, 0.0 ], [ 122.009712601004708, -0.389018042452308, 0.0 ], [ 122.009673954612168, -0.389128733198189, 0.0 ], [ 122.009662054474916, -0.389239427103294, 0.0 ], [ 122.009673928437934, -0.389353115584179, 0.0 ], [ 122.009738963764079, -0.389524758177859, 0.0 ], [ 122.009763394069751, -0.389587165894231, 0.0 ], [ 122.009840794519121, -0.389784886943956, 0.0 ], [ 122.009873598572014, -0.389825100153339, 0.0 ], [ 122.009922094772762, -0.389856698936692, 0.0 ], [ 122.009964888291705, -0.38986101214472, 0.0 ], [ 122.010017669934513, -0.389840913728454, 0.0 ], [ 122.010050481033545, -0.389820812947728, 0.0 ], [ 122.010133015389016, -0.389773588133263, 0.0 ], [ 122.010164227700642, -0.389772020739254, 0.0 ], [ 122.010185030002262, -0.389775014966305, 0.0 ], [ 122.010217716738921, -0.389801944724951, 0.0 ], [ 122.010238514499832, -0.389843831905622, 0.0 ], [ 122.010248140247384, -0.389927254765516, 0.0 ], [ 122.010238015265642, -0.389980447620088, 0.0 ], [ 122.010199901343341, -0.390093739494357, 0.0 ], [ 122.01016720307129, -0.390165537997344, 0.0 ], [ 122.010155307799096, -0.390234347197643, 0.0 ], [ 122.010155300454585, -0.390297174274736, 0.0 ], [ 122.010190933455149, -0.390542503279936, 0.0 ], [ 122.010202815085563, -0.39059037293911, 0.0 ], [ 122.010217665022395, -0.390668160607375, 0.0 ], [ 122.010241430380802, -0.390745949333732, 0.0 ], [ 122.01025925737521, -0.390778860870981, 0.0 ], [ 122.010324614730948, -0.390970341632556, 0.0 ], [ 122.010357296209335, -0.391042147889906, 0.0 ], [ 122.010381064015178, -0.391098994261347, 0.0 ], [ 122.010431573886962, -0.391191744998567, 0.0 ], [ 122.010488031229926, -0.391251587019465, 0.0 ], [ 122.010529629883408, -0.391308435511659, 0.0 ], [ 122.010559342706586, -0.391353315529624, 0.0 ], [ 122.010580140105162, -0.391398194489385, 0.0 ], [ 122.010580133092546, -0.391458029808474, 0.0 ], [ 122.010568241651526, -0.391493929587725, 0.0 ], [ 122.01052365856593, -0.391544784312262, 0.0 ], [ 122.010464219596003, -0.391568711376578, 0.0 ], [ 122.010395865903973, -0.391586653848553, 0.0 ], [ 122.010324541106669, -0.3915986124345, 0.0 ], [ 122.01012839300698, -0.391673383257569, 0.0 ], [ 122.01008678137778, -0.39172723008943, 0.0 ], [ 122.010062994625358, -0.391831939053833, 0.0 ], [ 122.010060012632252, -0.391918699899184, 0.0 ], [ 122.010057027826079, -0.392029394868188, 0.0 ], [ 122.010054046530527, -0.392110172182244, 0.0 ], [ 122.010041962992801, -0.39233821023861, 0.0 ], [ 122.010040689775039, -0.392446909352087, 0.0 ], [ 122.010040255152006, -0.392484014593308, 0.0 ], [ 122.010017820736707, -0.392550416734899, 0.0 ], [ 122.00998211508896, -0.392575895128373, 0.0 ], [ 122.009886790985988, -0.392596646314472, 0.0 ], [ 122.00970982099922, -0.392616125998179, 0.0 ], [ 122.00882063619845, -0.392714001495425, 0.0 ], [ 122.008351150227256, -0.392719890980349, 0.0 ], [ 122.008291451971047, -0.392716684363535, 0.0 ], [ 122.008012434415008, -0.392701697281132, 0.0 ], [ 122.007768115639948, -0.392624014333658, 0.0 ], [ 122.00772948604056, -0.392591100320794, 0.0 ], [ 122.007696801111621, -0.392549211728604, 0.0 ], [ 122.007684918472009, -0.392510317385381, 0.0 ], [ 122.007670064731272, -0.392465439160898, 0.0 ], [ 122.007666395578994, -0.392441410539666, 0.0 ], [ 122.007664365969148, -0.392422984062029, 0.0 ], [ 122.007632335821512, -0.392132187990945, 0.0 ], [ 122.007344279822348, -0.39213507270309, 0.0 ], [ 122.007296784810023, -0.391677446963269, 0.0 ], [ 122.007243569920163, -0.391338533709094, 0.0 ], [ 122.007196059292028, -0.391013024242227, 0.0 ], [ 122.007121946431411, -0.390473062057936, 0.0 ], [ 122.007091543671748, -0.390229887959977, 0.0 ], [ 122.006962504646495, -0.389412160050029, 0.0 ], [ 122.0068437220269, -0.388646254732434, 0.0 ], [ 122.006762933674239, -0.388263299562626, 0.0 ], [ 122.006620366925105, -0.387578767458358, 0.0 ], [ 122.006555855271642, -0.38715629590183, 0.0 ], [ 122.006527746133983, -0.386937722470662, 0.0 ], [ 122.006511081393228, -0.386808139405393, 0.0 ], [ 122.007397217228942, -0.38656555124922, 0.0 ], [ 122.007551429201385, -0.386457860616231, 0.0 ], [ 122.007655879257015, -0.386298477773596, 0.0 ], [ 122.007702253969782, -0.386172829162108, 0.0 ], [ 122.007762905818083, -0.385939478739119, 0.0 ], [ 122.007762918297459, -0.385831775255583, 0.0 ], [ 122.007752230616788, -0.385738430980616, 0.0 ], [ 122.007727275781917, -0.385666625728618, 0.0 ], [ 122.007691626610011, -0.38555891806169, 0.0 ], [ 122.007684502593889, -0.385487114904058, 0.0 ], [ 122.007684509242708, -0.38542967304749, 0.0 ], [ 122.007684518383215, -0.385350690494675, 0.0 ], [ 122.007691661926813, -0.385253758197831, 0.0 ], [ 122.007727333119632, -0.385171189708979, 0.0 ], [ 122.0077915356989, -0.385070673980552, 0.0 ], [ 122.007873567021207, -0.384988110917638, 0.0 ], [ 122.007955595437977, -0.384930678664121, 0.0 ], [ 122.008041187115552, -0.384898377639557, 0.0 ], [ 122.008141038890088, -0.384905569564381, 0.0 ], [ 122.008212359277337, -0.384930708731414, 0.0 ], [ 122.008265849257953, -0.384952255694499, 0.0 ], [ 122.008290808262757, -0.384988159784355, 0.0 ], [ 122.008290802455349, -0.385038421418193, 0.0 ], [ 122.008287228822809, -0.385103043101157, 0.0 ], [ 122.008265825610138, -0.385156892345026, 0.0 ], [ 122.00820162302395, -0.385257408089854, 0.0 ], [ 122.008130283952298, -0.385393824159407, 0.0 ], [ 122.008083908442543, -0.385526653033686, 0.0 ], [ 122.008073192080062, -0.385681026786714, 0.0 ], [ 122.008098142347308, -0.385792323326703, 0.0 ], [ 122.00812151365551, -0.38585410670885, 0.0 ], [ 122.008177501873831, -0.385905896836742, 0.0 ], [ 122.008242710873191, -0.385954865809331, 0.0 ], [ 122.008326317934603, -0.385987200023669, 0.0 ], [ 122.008391154040439, -0.385990038842334, 0.0 ], [ 122.008449626358058, -0.385973511970823, 0.0 ], [ 122.008544334996841, -0.385914906469466, 0.0 ], [ 122.008618001163782, -0.385845158831154, 0.0 ], [ 122.008740195785279, -0.385689040176728, 0.0 ], [ 122.008800836793711, -0.385549032712053, 0.0 ], [ 122.008857909969805, -0.385423385293227, 0.0 ], [ 122.00891141821964, -0.385286967099859, 0.0 ], [ 122.008975624130159, -0.385157730388939, 0.0 ], [ 122.00902555832549, -0.385089524000813, 0.0 ], [ 122.00912898375951, -0.385032094222234, 0.0 ], [ 122.009214573807554, -0.385014153647731, 0.0 ], [ 122.009300165100484, -0.384985442718026, 0.0 ], [ 122.009457090068182, -0.384866987177918, 0.0 ], [ 122.009524855503003, -0.384795192738716, 0.0 ], [ 122.00960689718984, -0.384622876654968, 0.0 ], [ 122.009596209864554, -0.38452594221558, 0.0 ], [ 122.009549860878337, -0.384429003612401, 0.0 ], [ 122.009489246400989, -0.384339243582258, 0.0 ], [ 122.009400103839468, -0.384238709870813, 0.0 ], [ 122.009275297557807, -0.38415612259045, 0.0 ], [ 122.009154051657859, -0.38412379737786, 0.0 ], [ 122.009022110162249, -0.384066340094474, 0.0 ], [ 122.008989279877255, -0.384031337008836, 0.0 ], [ 122.008959123601031, -0.38398101887672, 0.0 ], [ 122.008950805052351, -0.383908366601743, 0.0 ], [ 122.008950814558389, -0.383825793900778, 0.0 ], [ 122.008986487364055, -0.383728864889291, 0.0 ], [ 122.009043555090912, -0.383649888958012, 0.0 ], [ 122.009150547474206, -0.383585279313846, 0.0 ], [ 122.009214738445507, -0.383585286796104, 0.0 ], [ 122.009286060096883, -0.383599655580386, 0.0 ], [ 122.009378777090149, -0.383628387330069, 0.0 ], [ 122.009457224057158, -0.383703788951614, 0.0 ], [ 122.009664048032221, -0.383822286960317, 0.0 ], [ 122.009799553659292, -0.383897695242781, 0.0 ], [ 122.009967149004879, -0.384023368930796, 0.0 ], [ 122.01010621213662, -0.384174170131916, 0.0 ], [ 122.010173956901667, -0.384281881597254, 0.0 ], [ 122.010252388591397, -0.384490117642548, 0.0 ], [ 122.010248815395911, -0.384551149246641, 0.0 ], [ 122.010234543699184, -0.384612179601586, 0.0 ], [ 122.010213138013327, -0.384687569598301, 0.0 ], [ 122.010188166158969, -0.384762959177463, 0.0 ], [ 122.010145365538591, -0.384820396078614, 0.0 ], [ 122.010095426374889, -0.384931683924761, 0.0 ], [ 122.010081143075425, -0.385093237597251, 0.0 ], [ 122.010045473538995, -0.385161445681546, 0.0 ], [ 122.009984838762833, -0.385247601437082, 0.0 ], [ 122.009902807813759, -0.385326574448501, 0.0 ], [ 122.009810077534652, -0.385412726439726, 0.0 ], [ 122.009775805351296, -0.385456163496447, 0.0 ], [ 122.009609811793908, -0.385720328492243, 0.0 ], [ 122.009565068349772, -0.385812662524124, 0.0 ] ] ] ] } }
]
}
