{
"type": "FeatureCollection",
"name": "SULTENG_PAKET_6",
"crs": { "type": "name", "properties": { "name": "urn:ogc:def:crs:ESRI::54034" } },
"features": [
{ "type": "Feature", "properties": { "WADMPR": "SULAWESI TENGAH", "WADMKK": "BUOL", "WADMKC": "MOMUNU", "WADMKD": "SURAYA", "POKTAN": "KT PADA IDI", "LUAS_HA": 37.005741014800002, "PAKET": "Paket Sulawesi Tengah 6" }, "geometry": { "type": "MultiPolygon", "coordinates": [ [ [ [ 13507078.225368272513151, 118605.081455403007567, 0.0 ], [ 13507094.387364879250526, 118645.058749102056026, 0.0 ], [ 13507108.817906301468611, 118639.780475184321404, 0.0 ], [ 13507123.911392360925674, 118636.161112669855356, 0.0 ], [ 13507138.170574381947517, 118636.562538826838136, 0.0 ], [ 13507146.990435373038054, 118633.817205179482698, 0.0 ], [ 13507166.736361749470234, 118623.57435976434499, 0.0 ], [ 13507166.178744029253721, 118619.711163442581892, 0.0 ], [ 13507153.793439887464046, 118615.117222085595131, 0.0 ], [ 13507136.814879830926657, 118608.896600589156151, 0.0 ], [ 13507131.068567708134651, 118595.898931858129799, 0.0 ], [ 13507108.659328635782003, 118599.31708846706897, 0.0 ], [ 13507085.916447341442108, 118603.413112888112664, 0.0 ], [ 13507078.225368272513151, 118605.081455403007567, 0.0 ] ] ], [ [ [ 13507127.01107095181942, 118680.801727970130742, 0.0 ], [ 13507130.603917326778173, 118670.201863781549037, 0.0 ], [ 13507134.494857579469681, 118667.361674352549016, 0.0 ], [ 13507139.263336054980755, 118665.785514889284968, 0.0 ], [ 13507152.093996074050665, 118665.461470006965101, 0.0 ], [ 13507166.574030619114637, 118667.239231048151851, 0.0 ], [ 13507200.787115275859833, 118679.814216547645628, 0.0 ], [ 13507192.065748732537031, 118614.963439497165382, 0.0 ], [ 13507196.67132106050849, 118609.023997290059924, 0.0 ], [ 13507193.242618422955275, 118589.107622931711376, 0.0 ], [ 13507137.132140379399061, 118597.702975186519325, 0.0 ], [ 13507140.964870441704988, 118606.453104791231453, 0.0 ], [ 13507177.41944332420826, 118615.65629027877003, 0.0 ], [ 13507179.332023486495018, 118624.567940879613161, 0.0 ], [ 13507162.275317158550024, 118631.669467588886619, 0.0 ], [ 13507144.435880284756422, 118645.672988166101277, 0.0 ], [ 13507137.772931467741728, 118646.521227052435279, 0.0 ], [ 13507115.267656534910202, 118643.069056631997228, 0.0 ], [ 13507096.601159077137709, 118649.232188673689961, 0.0 ], [ 13507108.483512803912163, 118679.401208901777864, 0.0 ], [ 13507112.071553699672222, 118682.78528431430459, 0.0 ], [ 13507118.105207338929176, 118684.339687962085009, 0.0 ], [ 13507122.575065072625875, 118683.698476918041706, 0.0 ], [ 13507127.01107095181942, 118680.801727970130742, 0.0 ] ] ], [ [ [ 13507353.60474406182766, 118647.198215481825173, 0.0 ], [ 13507357.350897781550884, 118633.22457798011601, 0.0 ], [ 13507356.870500013232231, 118631.756499999202788, 0.0 ], [ 13507356.874296765774488, 118631.269847975112498, 0.0 ], [ 13507356.538189824670553, 118630.264514815993607, 0.0 ], [ 13507352.885566174983978, 118619.339112180285156, 0.0 ], [ 13507351.28468057140708, 118611.622676006518304, 0.0 ], [ 13507343.416707091033459, 118606.832984714768827, 0.0 ], [ 13507343.120033334940672, 118606.732300002127886, 0.0 ], [ 13507341.453600004315376, 118605.889000002294779, 0.0 ], [ 13507339.650700010359287, 118604.629400017671287, 0.0 ], [ 13507339.167566865682602, 118604.384949182160199, 0.0 ], [ 13507338.211544927209616, 118603.901230881921947, 0.0 ], [ 13507337.983999997377396, 118603.786100003868341, 0.0 ], [ 13507337.33259342238307, 118603.129210810177028, 0.0 ], [ 13507335.991831596940756, 118602.31302557233721, 0.0 ], [ 13507334.617067079991102, 118598.783457647077739, 0.0 ], [ 13507332.534916132688522, 118593.437747088260949, 0.0 ], [ 13507332.833809595555067, 118591.136937020346522, 0.0 ], [ 13507332.786100003868341, 118590.73290000949055, 0.0 ], [ 13507332.943599998950958, 118588.38050000090152, 0.0 ], [ 13507333.237300008535385, 118586.444500006735325, 0.0 ], [ 13507333.568278141319752, 118585.483173578977585, 0.0 ], [ 13507333.779356695711613, 118583.85834092926234, 0.0 ], [ 13507335.072277560830116, 118581.655565396882594, 0.0 ], [ 13507335.229599997401237, 118581.198600009083748, 0.0 ], [ 13507335.652220468968153, 118580.667504855431616, 0.0 ], [ 13507337.592717193067074, 118577.36144086997956, 0.0 ], [ 13507339.945677243173122, 118572.080097614787519, 0.0 ], [ 13507340.594871323555708, 118570.806186254136264, 0.0 ], [ 13507340.608233325183392, 118570.717533332295716, 0.0 ], [ 13507340.673820659518242, 118570.635160407982767, 0.0 ], [ 13507340.696635164320469, 118570.606547218747437, 0.0 ], [ 13507343.629256140440702, 118564.851702506653965, 0.0 ], [ 13507344.419941525906324, 118563.300117164850235, 0.0 ], [ 13507325.909959241747856, 118561.193041234277189, 0.0 ], [ 13507320.458755131810904, 118584.438867463730276, 0.0 ], [ 13507317.300175860524178, 118588.013898142613471, 0.0 ], [ 13507308.200030162930489, 118593.723532863892615, 0.0 ], [ 13507298.921105287969112, 118603.422228062525392, 0.0 ], [ 13507297.440778728574514, 118616.216474541462958, 0.0 ], [ 13507291.068628422915936, 118629.680023026652634, 0.0 ], [ 13507280.52032744884491, 118634.172663132660091, 0.0 ], [ 13507278.346146460622549, 118641.128588157705963, 0.0 ], [ 13507244.634931094944477, 118635.033005305565894, 0.0 ], [ 13507244.557341419160366, 118634.726214051246643, 0.0 ], [ 13507244.213141553103924, 118633.644097723998129, 0.0 ], [ 13507243.697843667119741, 118633.274400450289249, 0.0 ], [ 13507243.611348390579224, 118668.525874749757349, 0.0 ], [ 13507252.672977574169636, 118689.550193812698126, 0.0 ], [ 13507252.843630369752645, 118690.262944400310516, 0.0 ], [ 13507283.355412237346172, 118700.651502508670092, 0.0 ], [ 13507300.027287073433399, 118715.526066030375659, 0.0 ], [ 13507297.467495378106833, 118722.816861676052213, 0.0 ], [ 13507301.375922720879316, 118730.909073106013238, 0.0 ], [ 13507312.686539575457573, 118730.966340810060501, 0.0 ], [ 13507334.078694801777601, 118738.818757407367229, 0.0 ], [ 13507349.436331745237112, 118744.750495382584631, 0.0 ], [ 13507354.037611585110426, 118737.859578981995583, 0.0 ], [ 13507352.328003492206335, 118726.972228162921965, 0.0 ], [ 13507352.237100020051003, 118726.694400010630488, 0.0 ], [ 13507351.419533334672451, 118724.196200001053512, 0.0 ], [ 13507350.738600004464388, 118722.114233331754804, 0.0 ], [ 13507350.274109672755003, 118720.694694437086582, 0.0 ], [ 13507349.205783180892467, 118718.080435344018042, 0.0 ], [ 13507348.684500005096197, 118717.253300002776086, 0.0 ], [ 13507348.411561619490385, 118716.82011432480067, 0.0 ], [ 13507347.720300015062094, 118715.723000002093613, 0.0 ], [ 13507347.175399996340275, 118714.057500005699694, 0.0 ], [ 13507346.766600023955107, 118712.808499998413026, 0.0 ], [ 13507346.332796268165112, 118711.482460718601942, 0.0 ], [ 13507345.949300017207861, 118710.310200014151633, 0.0 ], [ 13507345.82379999756813, 118708.509499999694526, 0.0 ], [ 13507345.83440001308918, 118707.125100001692772, 0.0 ], [ 13507345.708700008690357, 118705.324500001966953, 0.0 ], [ 13507346.421800032258034, 118703.253100021742284, 0.0 ], [ 13507346.296300001442432, 118701.45250001270324, 0.0 ], [ 13507346.873100008815527, 118698.96480000205338, 0.0 ], [ 13507347.233754932880402, 118697.690072130411863, 0.0 ], [ 13507347.568203341215849, 118696.507970652543008, 0.0 ], [ 13507347.73300002515316, 118695.925500008277595, 0.0 ], [ 13507348.309900015592575, 118693.437900012359023, 0.0 ], [ 13507348.739799994975328, 118691.918299996294081, 0.0 ], [ 13507348.695195980370045, 118691.27878631465137, 0.0 ], [ 13507348.614200010895729, 118690.117500002495944, 0.0 ], [ 13507349.191, 118687.62990000192076, 0.0 ], [ 13507349.484800007194281, 118685.693899998441339, 0.0 ], [ 13507349.21229999884963, 118684.861200012266636, 0.0 ], [ 13507349.652900025248528, 118681.957200002856553, 0.0 ], [ 13507350.311014674603939, 118680.045658929273486, 0.0 ], [ 13507350.98370049148798, 118673.667655163444579, 0.0 ], [ 13507351.258854441344738, 118671.058809431269765, 0.0 ], [ 13507351.337624605745077, 118670.103886085562408, 0.0 ], [ 13507351.142800003290176, 118669.508399998769164, 0.0 ], [ 13507351.153400015085936, 118668.124100011773407, 0.0 ], [ 13507351.234481886029243, 118666.913839724846184, 0.0 ], [ 13507351.311, 118665.771700006909668, 0.0 ], [ 13507351.60470001026988, 118663.835700017400086, 0.0 ], [ 13507351.762200012803078, 118661.483400005847216, 0.0 ], [ 13507352.056000024080276, 118659.547400002367795, 0.0 ], [ 13507351.930400010198355, 118657.746700005605817, 0.0 ], [ 13507351.9516, 118654.978000006638467, 0.0 ], [ 13507352.24540002271533, 118653.042000020854175, 0.0 ], [ 13507352.822200007736683, 118650.554300001822412, 0.0 ], [ 13507353.115900009870529, 118648.618400008417666, 0.0 ], [ 13507353.60474406182766, 118647.198215481825173, 0.0 ] ] ], [ [ [ 13507956.913249548524618, 118946.979317774996161, 0.0 ], [ 13507984.834849491715431, 118945.958560603670776, 0.0 ], [ 13507986.324081644415855, 118946.684135111048818, 0.0 ], [ 13507998.06394649296999, 118945.321430374868214, 0.0 ], [ 13508006.296913385391235, 118948.057563688606024, 0.0 ], [ 13508017.500329546630383, 118949.742647664621472, 0.0 ], [ 13508027.060224782675505, 118955.92722203116864, 0.0 ], [ 13508045.567630641162395, 118958.641129082068801, 0.0 ], [ 13508042.927259754389524, 118951.30203025508672, 0.0 ], [ 13508037.972206544131041, 118947.258138256147504, 0.0 ], [ 13508032.421705417335033, 118942.85383590310812, 0.0 ], [ 13508026.668825477361679, 118937.979231194593012, 0.0 ], [ 13508020.372595064342022, 118932.79175487626344, 0.0 ], [ 13508018.555860988795757, 118924.400606601499021, 0.0 ], [ 13508015.362550053745508, 118917.590178038924932, 0.0 ], [ 13508009.661878943443298, 118909.880602912977338, 0.0 ], [ 13508005.520905211567879, 118905.429535174742341, 0.0 ], [ 13508000.816543534398079, 118895.358498110435903, 0.0 ], [ 13507992.991562571376562, 118888.937002587132156, 0.0 ], [ 13507986.352802075445652, 118889.283261880278587, 0.0 ], [ 13507977.873930431902409, 118886.340610761195421, 0.0 ], [ 13507970.396934181451797, 118889.008863567374647, 0.0 ], [ 13507961.635756306350231, 118886.860994682647288, 0.0 ], [ 13507960.813105281442404, 118886.760610456578434, 0.0 ], [ 13507959.499869212508202, 118886.421316168271005, 0.0 ], [ 13507951.846320282667875, 118888.561114490032196, 0.0 ], [ 13507951.512695789337158, 118888.691569768823683, 0.0 ], [ 13507946.813009515404701, 118891.395863608457148, 0.0 ], [ 13507946.47871707752347, 118891.525766124948859, 0.0 ], [ 13507945.142994496971369, 118892.048250561580062, 0.0 ], [ 13507943.471866320818663, 118892.697652566246688, 0.0 ], [ 13507938.862237505614758, 118892.751271883025765, 0.0 ], [ 13507936.197805501520634, 118886.073951314203441, 0.0 ], [ 13507930.175421066582203, 118883.373858557082713, 0.0 ], [ 13507918.588063932955265, 118878.78437521122396, 0.0 ], [ 13507916.624610736966133, 118874.62174594309181, 0.0 ], [ 13507910.789243068546057, 118870.001196407712996, 0.0 ], [ 13507907.270990543067455, 118866.50687400996685, 0.0 ], [ 13507903.153171263635159, 118863.303201540373266, 0.0 ], [ 13507899.269234240055084, 118859.668363261036575, 0.0 ], [ 13507901.604939788579941, 118855.205797117203474, 0.0 ], [ 13507909.94455074891448, 118847.606223190203309, 0.0 ], [ 13507912.142776727676392, 118842.101341157220304, 0.0 ], [ 13507914.369611840695143, 118833.159625057131052, 0.0 ], [ 13507910.618478935211897, 118829.110314450226724, 0.0 ], [ 13507873.410607069730759, 118821.798183862119913, 0.0 ], [ 13507813.501796714961529, 118797.152963841333985, 0.0 ], [ 13507798.731147438287735, 118689.778380130417645, 0.0 ], [ 13507913.912645317614079, 118710.725530238822103, 0.0 ], [ 13507931.870260290801525, 118591.928997272625566, 0.0 ], [ 13507924.423320334404707, 118590.499184031970799, 0.0 ], [ 13507894.938126787543297, 118587.992339842952788, 0.0 ], [ 13507896.818535640835762, 118590.497415138408542, 0.0 ], [ 13507893.164473328739405, 118594.909681961871684, 0.0 ], [ 13507893.106921158730984, 118595.301269266754389, 0.0 ], [ 13507892.459041737020016, 118596.303785788826644, 0.0 ], [ 13507891.543661549687386, 118597.417742205783725, 0.0 ], [ 13507887.690560027956963, 118604.570124935358763, 0.0 ], [ 13507882.521996073424816, 118608.557858784683049, 0.0 ], [ 13507880.627783603966236, 118609.328098385594785, 0.0 ], [ 13507876.126023389399052, 118614.46284459438175, 0.0 ], [ 13507868.213322691619396, 118615.675195246934891, 0.0 ], [ 13507866.657632812857628, 118608.186392609030008, 0.0 ], [ 13507866.944725763052702, 118599.029087442904711, 0.0 ], [ 13507868.154879938811064, 118593.478984292596579, 0.0 ], [ 13507868.123710475862026, 118583.930201971903443, 0.0 ], [ 13507849.277877286076546, 118588.852350478991866, 0.0 ], [ 13507838.287749245762825, 118592.211024177260697, 0.0 ], [ 13507831.254472520202398, 118592.982148225419223, 0.0 ], [ 13507828.388774842023849, 118594.127170713618398, 0.0 ], [ 13507825.481777653098106, 118594.969492449425161, 0.0 ], [ 13507824.121898766607046, 118595.073635645210743, 0.0 ], [ 13507821.90831071138382, 118597.579816444776952, 0.0 ], [ 13507819.259686052799225, 118599.384854775853455, 0.0 ], [ 13507815.067060049623251, 118602.454315382055938, 0.0 ], [ 13507813.491889271885157, 118603.244676060043275, 0.0 ], [ 13507813.364205822348595, 118603.295310441404581, 0.0 ], [ 13507812.725231938064098, 118603.548703453503549, 0.0 ], [ 13507809.522458866238594, 118604.310540821403265, 0.0 ], [ 13507809.394218802452087, 118604.360732981935143, 0.0 ], [ 13507806.063984930515289, 118605.669377448968589, 0.0 ], [ 13507805.808284055441618, 118605.77020400390029, 0.0 ], [ 13507802.455674953758717, 118611.271220329217613, 0.0 ], [ 13507799.629495721310377, 118611.879938462749124, 0.0 ], [ 13507795.755911391228437, 118610.690030525438488, 0.0 ], [ 13507794.097584955394268, 118611.654073744080961, 0.0 ], [ 13507793.630599699914455, 118611.665682063437998, 0.0 ], [ 13507790.298807337880135, 118608.533757704310119, 0.0 ], [ 13507768.954408161342144, 118611.417816832661629, 0.0 ], [ 13507761.018552973866463, 118613.020206994377077, 0.0 ], [ 13507744.694217577576637, 118614.40723521169275, 0.0 ], [ 13507734.870717778801918, 118615.676632465794683, 0.0 ], [ 13507728.53619346767664, 118616.186403471045196, 0.0 ], [ 13507725.727714043110609, 118616.871847026050091, 0.0 ], [ 13507716.205556150525808, 118617.708198731765151, 0.0 ], [ 13507697.735314879566431, 118618.272473570890725, 0.0 ], [ 13507698.04233406111598, 118623.397269661538303, 0.0 ], [ 13507711.050684463232756, 118705.008490234613419, 0.0 ], [ 13507710.424512337893248, 118706.082646359689534, 0.0 ], [ 13507709.925467051565647, 118706.829337425529957, 0.0 ], [ 13507709.072314485907555, 118707.428879269398749, 0.0 ], [ 13507705.036982949823141, 118713.416006014682353, 0.0 ], [ 13507704.880913004279137, 118714.316811286844313, 0.0 ], [ 13507702.492553345859051, 118726.661203849129379, 0.0 ], [ 13507706.755755882710218, 118737.48822349589318, 0.0 ], [ 13507706.623174365609884, 118737.839679012075067, 0.0 ], [ 13507707.420333221554756, 118744.208442410454154, 0.0 ], [ 13507706.699873477220535, 118751.872140693478286, 0.0 ], [ 13507706.448514088988304, 118751.967549994587898, 0.0 ], [ 13507705.674509651958942, 118772.875891413539648, 0.0 ], [ 13507705.398993920534849, 118773.634411762468517, 0.0 ], [ 13507705.358918901532888, 118774.954221704974771, 0.0 ], [ 13507705.200511258095503, 118775.996758757159114, 0.0 ], [ 13507702.99660799279809, 118801.410229430533946, 0.0 ], [ 13507705.3555793389678, 118814.9690694315359, 0.0 ], [ 13507699.041426483541727, 118811.601442918181419, 0.0 ], [ 13507688.109852489084005, 118807.979981276206672, 0.0 ], [ 13507687.648210540413857, 118807.750910587608814, 0.0 ], [ 13507678.477822221815586, 118819.620575178414583, 0.0 ], [ 13507672.86787648126483, 118827.680059959180653, 0.0 ], [ 13507661.012350715696812, 118832.209954652935266, 0.0 ], [ 13507649.584355439990759, 118836.735434325411916, 0.0 ], [ 13507644.219360254704952, 118838.859969084151089, 0.0 ], [ 13507639.582569494843483, 118834.369432189501822, 0.0 ], [ 13507634.929080825299025, 118840.386517257429659, 0.0 ], [ 13507633.754660230129957, 118840.850186358205974, 0.0 ], [ 13507630.943620443344116, 118841.47648236528039, 0.0 ], [ 13507629.170300923287868, 118837.949877510778606, 0.0 ], [ 13507620.623969659209251, 118837.666303068399429, 0.0 ], [ 13507619.572618059813976, 118828.818453695625067, 0.0 ], [ 13507608.727910455316305, 118819.818480405956507, 0.0 ], [ 13507606.877696871757507, 118815.84949741140008, 0.0 ], [ 13507601.061281900852919, 118806.058659280650318, 0.0 ], [ 13507596.035002544522285, 118803.146079289726913, 0.0 ], [ 13507584.392399024218321, 118801.552565960213542, 0.0 ], [ 13507580.397126823663712, 118800.531948732212186, 0.0 ], [ 13507570.539875086396933, 118800.526595775038004, 0.0 ], [ 13507563.593202389776707, 118801.051886921748519, 0.0 ], [ 13507559.835600003600121, 118800.119700000621378, 0.0 ], [ 13507559.081228107213974, 118799.753337988629937, 0.0 ], [ 13507553.524636577814817, 118797.05476969666779, 0.0 ], [ 13507552.818154629319906, 118796.814553897827864, 0.0 ], [ 13507551.618853326886892, 118796.129222731105983, 0.0 ], [ 13507545.385354891419411, 118793.101913305930793, 0.0 ], [ 13507541.778243996202946, 118792.215068442746997, 0.0 ], [ 13507539.159587081521749, 118791.571245009079576, 0.0 ], [ 13507537.958000048995018, 118790.611332637257874, 0.0 ], [ 13507537.183899998664856, 118790.395400004461408, 0.0 ], [ 13507535.381099995225668, 118789.135800018906593, 0.0 ], [ 13507533.57820001989603, 118787.876000013202429, 0.0 ], [ 13507532.194600023329258, 118786.481099998578429, 0.0 ], [ 13507531.230400022119284, 118784.9510000012815, 0.0 ], [ 13507530.266300048679113, 118783.420800006948411, 0.0 ], [ 13507529.402452882379293, 118782.050003715790808, 0.0 ], [ 13507529.271354373544455, 118781.859701864421368, 0.0 ], [ 13507528.610199995338917, 118781.193100013770163, 0.0 ], [ 13507527.97165809199214, 118779.973070306703448, 0.0 ], [ 13507525.872826606035233, 118776.92641878221184, 0.0 ], [ 13507525.591121472418308, 118776.384369190782309, 0.0 ], [ 13507522.262290246784687, 118769.979119792580605, 0.0 ], [ 13507517.74583588540554, 118767.318826065398753, 0.0 ], [ 13507516.277138009667397, 118766.699073896743357, 0.0 ], [ 13507512.030292820185423, 118764.907016014680266, 0.0 ], [ 13507511.305300004780293, 118765.140900005586445, 0.0 ], [ 13507509.208800032734871, 118765.817199999466538, 0.0 ], [ 13507507.112200029194355, 118766.493500002659857, 0.0 ], [ 13507505.435000013560057, 118767.03460001014173, 0.0 ], [ 13507505.144454792141914, 118767.077893671579659, 0.0 ], [ 13507500.526825688779354, 118768.522884563542902, 0.0 ], [ 13507499.181075405329466, 118768.209695486351848, 0.0 ], [ 13507498.872700016945601, 118768.230900003574789, 0.0 ], [ 13507497.059300001710653, 118768.355600014328957, 0.0 ], [ 13507495.392600025981665, 118767.512300000526011, 0.0 ], [ 13507494.4177, 118767.366500004194677, 0.0 ], [ 13507492.342642698436975, 118766.589472989551723, 0.0 ], [ 13507484.402420114725828, 118764.385902779176831, 0.0 ], [ 13507482.198095515370369, 118765.06479037553072, 0.0 ], [ 13507478.668241824954748, 118766.15191418863833, 0.0 ], [ 13507474.711613141000271, 118765.787855356000364, 0.0 ], [ 13507473.762725792825222, 118769.003689810633659, 0.0 ], [ 13507473.467488821595907, 118769.752841203473508, 0.0 ], [ 13507472.16995045170188, 118773.045289968140423, 0.0 ], [ 13507472.477100029587746, 118773.984100004658103, 0.0 ], [ 13507472.582341052591801, 118774.151119128800929, 0.0 ], [ 13507473.00207657366991, 118774.623190570622683, 0.0 ], [ 13507474.862896338105202, 118776.716031928546727, 0.0 ], [ 13507474.786381725221872, 118777.428464900702238, 0.0 ], [ 13507475.789099995046854, 118778.439300014637411, 0.0 ], [ 13507476.334000021219254, 118780.104800025001168, 0.0 ], [ 13507476.459500014781952, 118781.905600009486079, 0.0 ], [ 13507465.18060002848506, 118780.020400015637279, 0.0 ], [ 13507464.984935332089663, 118779.883687594905496, 0.0 ], [ 13507463.185927029699087, 118779.662442866712809, 0.0 ], [ 13507460.21947406232357, 118778.767214372754097, 0.0 ], [ 13507458.931630056351423, 118778.378563447855413, 0.0 ], [ 13507453.807259939610958, 118777.033215282484889, 0.0 ], [ 13507448.977775130420923, 118778.889771449379623, 0.0 ], [ 13507443.32085257396102, 118782.012960379011929, 0.0 ], [ 13507440.55029633268714, 118784.808792944997549, 0.0 ], [ 13507438.8927988037467, 118786.481412020511925, 0.0 ], [ 13507438.354900002479553, 118787.293200002983212, 0.0 ], [ 13507436.803200017660856, 118789.635000010952353, 0.0 ], [ 13507435.262200012803078, 118790.59240001719445, 0.0 ], [ 13507433.857300009578466, 118791.966200023889542, 0.0 ], [ 13507431.760800011456013, 118792.642600001767278, 0.0 ], [ 13507429.811000011861324, 118792.351000004447997, 0.0 ], [ 13507427.71450001001358, 118793.027300002984703, 0.0 ], [ 13507425.6179, 118793.703600001521409, 0.0 ], [ 13507424.106034711003304, 118793.757425185292959, 0.0 ], [ 13507419.916597567498684, 118795.010290495119989, 0.0 ], [ 13507419.005140587687492, 118795.082346974872053, 0.0 ], [ 13507412.899239487946033, 118795.565057272091508, 0.0 ], [ 13507412.734916888177395, 118795.55804190132767, 0.0 ], [ 13507412.357200019061565, 118795.679900011979043, 0.0 ], [ 13507410.124400015920401, 118795.939800010062754, 0.0 ], [ 13507408.174700018018484, 118795.64820000808686, 0.0 ], [ 13507406.969024203717709, 118795.311880747787654, 0.0 ], [ 13507404.739520821720362, 118795.21669736225158, 0.0 ], [ 13507401.924391236156225, 118794.119178441353142, 0.0 ], [ 13507400.658900007605553, 118793.929900000803173, 0.0 ], [ 13507397.8704, 118793.90889999922365, 0.0 ], [ 13507395.920800007879734, 118793.61710000783205, 0.0 ], [ 13507393.971, 118793.325500005856156, 0.0 ], [ 13507392.021300002932549, 118793.033800003118813, 0.0 ], [ 13507390.62710002809763, 118793.023300013504922, 0.0 ], [ 13507388.121800024062395, 118792.450500011444092, 0.0 ], [ 13507386.308300003409386, 118792.575300006195903, 0.0 ], [ 13507385.252461221069098, 118792.417333045974374, 0.0 ], [ 13507381.311443418264389, 118792.451376227661967, 0.0 ], [ 13507383.687223996967077, 118794.788848116993904, 0.0 ], [ 13507384.618346877396107, 118795.307769383303821, 0.0 ], [ 13507388.174846649169922, 118797.289831358939409, 0.0 ], [ 13507398.372379906475544, 118803.193708380684257, 0.0 ], [ 13507404.967614460736513, 118806.801129553467035, 0.0 ], [ 13507410.648025434464216, 118807.434832817874849, 0.0 ], [ 13507417.312723346054554, 118811.113672704435885, 0.0 ], [ 13507418.360017120838165, 118799.263797217980027, 0.0 ], [ 13507419.945985909551382, 118801.920000169426203, 0.0 ], [ 13507422.124285712838173, 118808.49572198279202, 0.0 ], [ 13507423.154658921062946, 118809.322454915381968, 0.0 ], [ 13507423.718158148229122, 118810.350619664415717, 0.0 ], [ 13507428.425080221146345, 118809.301781044341624, 0.0 ], [ 13507432.49458684027195, 118811.432735458016396, 0.0 ], [ 13507432.81540959328413, 118811.620568973943591, 0.0 ], [ 13507438.629849251359701, 118809.953947087749839, 0.0 ], [ 13507441.180067449808121, 118805.452354258857667, 0.0 ], [ 13507443.477367784827948, 118801.108523870818317, 0.0 ], [ 13507448.63880729675293, 118801.631450680084527, 0.0 ], [ 13507450.940894391387701, 118807.519960450939834, 0.0 ], [ 13507456.372060995548964, 118808.968235552310944, 0.0 ], [ 13507463.076722607016563, 118812.850386699661613, 0.0 ], [ 13507471.220299959182739, 118807.087025697343051, 0.0 ], [ 13507475.305279981344938, 118807.98208181373775, 0.0 ], [ 13507488.367509048432112, 118810.281301461160183, 0.0 ], [ 13507500.378214176744223, 118821.295930928550661, 0.0 ], [ 13507504.738598637282848, 118826.253453788347542, 0.0 ], [ 13507511.164404921233654, 118835.659281376749277, 0.0 ], [ 13507515.745981216430664, 118845.860001599416137, 0.0 ], [ 13507513.314540885388851, 118853.13266343716532, 0.0 ], [ 13507513.049489185214043, 118853.236364358104765, 0.0 ], [ 13507508.099222756922245, 118855.470466592349112, 0.0 ], [ 13507507.739104211330414, 118860.205551627092063, 0.0 ], [ 13507506.012093618512154, 118867.348863434977829, 0.0 ], [ 13507504.833888124674559, 118868.439049555920064, 0.0 ], [ 13507504.027378425002098, 118868.759107267484069, 0.0 ], [ 13507503.116117056459188, 118869.74415525700897, 0.0 ], [ 13507503.226323358714581, 118876.290689183399081, 0.0 ], [ 13507503.30903372913599, 118876.573931938037276, 0.0 ], [ 13507503.097860664129257, 118877.923591421917081, 0.0 ], [ 13507502.886131003499031, 118879.2766780750826, 0.0 ], [ 13507502.816222339868546, 118885.408518813550472, 0.0 ], [ 13507499.918353375047445, 118889.149379391223192, 0.0 ], [ 13507500.079989276826382, 118889.740850396454334, 0.0 ], [ 13507500.484858255833387, 118891.223065621219575, 0.0 ], [ 13507500.972882904112339, 118893.006986360996962, 0.0 ], [ 13507501.022197425365448, 118894.314745273441076, 0.0 ], [ 13507501.346805077046156, 118895.519466649740934, 0.0 ], [ 13507501.396898832172155, 118896.834743353538215, 0.0 ], [ 13507502.297584846615791, 118900.171524100005627, 0.0 ], [ 13507502.187044601887465, 118900.883168693631887, 0.0 ], [ 13507502.242036417126656, 118902.203199252486229, 0.0 ], [ 13507502.740859046578407, 118904.030678706243634, 0.0 ], [ 13507502.879229173064232, 118905.669771903194487, 0.0 ], [ 13507503.212965004146099, 118906.89969982765615, 0.0 ], [ 13507504.123892411589622, 118914.740504168905318, 0.0 ], [ 13507504.098622895777225, 118915.782377494499087, 0.0 ], [ 13507505.973354432731867, 118923.721796964295208, 0.0 ], [ 13507506.060406252741814, 118924.037321828305721, 0.0 ], [ 13507509.525559395551682, 118929.747503791004419, 0.0 ], [ 13507509.899815540760756, 118929.959769995883107, 0.0 ], [ 13507514.654048305004835, 118935.67094686254859, 0.0 ], [ 13507518.834095202386379, 118939.130443640053272, 0.0 ], [ 13507519.601531770080328, 118939.558182124979794, 0.0 ], [ 13507523.455078590661287, 118940.632779723033309, 0.0 ], [ 13507527.814572475850582, 118942.263912747614086, 0.0 ], [ 13507534.263755850493908, 118944.184369045309722, 0.0 ], [ 13507541.577780358493328, 118947.694168396294117, 0.0 ], [ 13507547.859761871397495, 118949.775593150407076, 0.0 ], [ 13507551.003312975168228, 118952.371652843430638, 0.0 ], [ 13507551.217825636267662, 118953.057980176992714, 0.0 ], [ 13507551.755610078573227, 118954.779105191119015, 0.0 ], [ 13507552.754034604877234, 118959.05427878908813, 0.0 ], [ 13507555.796173643320799, 118967.712417279370129, 0.0 ], [ 13507586.012290947139263, 118961.802020306698978, 0.0 ], [ 13507630.053398463875055, 118961.220499406568706, 0.0 ], [ 13507842.723163053393364, 118949.078210277482867, 0.0 ], [ 13507877.714997828006744, 118948.313941440545022, 0.0 ], [ 13507956.913249548524618, 118946.979317774996161, 0.0 ] ] ], [ [ [ 13507518.018679939210415, 118948.086639725603163, 0.0 ], [ 13507511.542223297059536, 118945.096560888923705, 0.0 ], [ 13507510.133586447685957, 118942.007203347980976, 0.0 ], [ 13507506.393362876027822, 118937.6986418152228, 0.0 ], [ 13507503.421800374984741, 118935.684876820072532, 0.0 ], [ 13507501.094889059662819, 118933.110706958919764, 0.0 ], [ 13507501.54128023609519, 118929.525066491216421, 0.0 ], [ 13507500.718295227736235, 118925.747391428798437, 0.0 ], [ 13507498.19423707947135, 118917.590067470446229, 0.0 ], [ 13507494.315198108553886, 118912.44758687634021, 0.0 ], [ 13507493.65295846760273, 118902.709542634896934, 0.0 ], [ 13507489.477253060787916, 118891.510951702482998, 0.0 ], [ 13507492.186658143997192, 118883.617854156531394, 0.0 ], [ 13507489.425934754312038, 118880.339778127148747, 0.0 ], [ 13507491.217844612896442, 118871.782353362999856, 0.0 ], [ 13507494.012297779321671, 118865.493302710354328, 0.0 ], [ 13507497.713782168924809, 118860.270889826118946, 0.0 ], [ 13507495.84628639370203, 118853.71175230294466, 0.0 ], [ 13507503.041644312441349, 118849.398546350188553, 0.0 ], [ 13507506.742683462798595, 118849.075835297815502, 0.0 ], [ 13507506.52906134724617, 118844.64765174780041, 0.0 ], [ 13507503.693308614194393, 118840.805743095465004, 0.0 ], [ 13507497.757753353565931, 118832.981520405970514, 0.0 ], [ 13507491.979715179651976, 118825.386257636360824, 0.0 ], [ 13507482.630436450242996, 118817.703324333764613, 0.0 ], [ 13507477.475898753851652, 118815.133133568800986, 0.0 ], [ 13507471.934525832533836, 118813.664184636436403, 0.0 ], [ 13507466.824849858880043, 118812.096951996907592, 0.0 ], [ 13507466.297752074897289, 118811.86202185973525, 0.0 ], [ 13507464.544692736119032, 118812.786154048517346, 0.0 ], [ 13507464.397750996053219, 118813.291170892305672, 0.0 ], [ 13507464.082160249352455, 118813.864289803430438, 0.0 ], [ 13507463.556398302316666, 118818.078328069299459, 0.0 ], [ 13507463.64957270026207, 118818.265498271211982, 0.0 ], [ 13507461.237724628299475, 118822.089939414523542, 0.0 ], [ 13507455.507665164768696, 118820.314199423417449, 0.0 ], [ 13507457.960256159305573, 118827.638048926368356, 0.0 ], [ 13507455.361502669751644, 118827.31821231264621, 0.0 ], [ 13507449.449101857841015, 118828.580864914692938, 0.0 ], [ 13507441.674548625946045, 118827.842907974496484, 0.0 ], [ 13507441.260440122336149, 118826.894453670829535, 0.0 ], [ 13507438.459085144102573, 118824.74702662974596, 0.0 ], [ 13507434.571029275655746, 118823.134466342628002, 0.0 ], [ 13507431.847041349858046, 118824.690422289073467, 0.0 ], [ 13507428.831841614097357, 118827.010315674357116, 0.0 ], [ 13507426.686826340854168, 118828.081044192425907, 0.0 ], [ 13507422.192635864019394, 118827.201134204864502, 0.0 ], [ 13507423.514666140079498, 118822.011224024929106, 0.0 ], [ 13507423.465017672628164, 118817.708520428277552, 0.0 ], [ 13507418.313374247401953, 118817.495590816251934, 0.0 ], [ 13507411.375832267105579, 118816.078381809405982, 0.0 ], [ 13507403.780726045370102, 118815.392717513255775, 0.0 ], [ 13507398.350783940404654, 118809.782475709915161, 0.0 ], [ 13507393.738260831683874, 118814.934133946895599, 0.0 ], [ 13507393.310905285179615, 118821.565907065756619, 0.0 ], [ 13507382.0822195969522, 118828.53376832511276, 0.0 ], [ 13507377.287911750376225, 118827.529815251007676, 0.0 ], [ 13507372.721474945545197, 118824.336755733937025, 0.0 ], [ 13507367.343407690525055, 118820.471630251966417, 0.0 ], [ 13507364.116144306957722, 118818.259417725726962, 0.0 ], [ 13507362.23740528523922, 118817.263645694591105, 0.0 ], [ 13507360.241892091929913, 118814.973491634242237, 0.0 ], [ 13507357.803327307105064, 118812.112098084762692, 0.0 ], [ 13507352.728383086621761, 118812.12370640411973, 0.0 ], [ 13507346.031625136733055, 118809.491494026966393, 0.0 ], [ 13507342.112065851688385, 118804.522141529247165, 0.0 ], [ 13507335.970680870115757, 118801.733161610551178, 0.0 ], [ 13507229.650437086820602, 118807.190173842944205, 0.0 ], [ 13507235.017149742692709, 118888.02381562627852, 0.0 ], [ 13507239.928120411932468, 118891.232794504612684, 0.0 ], [ 13507245.272346492856741, 118892.738447460345924, 0.0 ], [ 13507250.522062391042709, 118897.472426444292068, 0.0 ], [ 13507253.59726333245635, 118899.353856937028468, 0.0 ], [ 13507253.664611600339413, 118899.568997583352029, 0.0 ], [ 13507256.962896801531315, 118899.196536690928042, 0.0 ], [ 13507260.313947416841984, 118896.891900438815355, 0.0 ], [ 13507263.46562484651804, 118895.407363548874855, 0.0 ], [ 13507266.293473862111568, 118897.678722661919892, 0.0 ], [ 13507270.524282447993755, 118899.89966856688261, 0.0 ], [ 13507279.138407293707132, 118905.700285167433321, 0.0 ], [ 13507288.649433266371489, 118914.606953350827098, 0.0 ], [ 13507295.509719505906105, 118925.694877670146525, 0.0 ], [ 13507299.180368401110172, 118928.173417244106531, 0.0 ], [ 13507305.261084262281656, 118933.530264352448285, 0.0 ], [ 13507313.26117080450058, 118943.461005643941462, 0.0 ], [ 13507322.304432272911072, 118944.901430786587298, 0.0 ], [ 13507322.493898041546345, 118944.987553345039487, 0.0 ], [ 13507323.295398373156786, 118944.99031722266227, 0.0 ], [ 13507324.097343973815441, 118944.994186666794121, 0.0 ], [ 13507324.759138360619545, 118945.054328759200871, 0.0 ], [ 13507327.253140211105347, 118944.380715256556869, 0.0 ], [ 13507333.735830780118704, 118945.398376883938909, 0.0 ], [ 13507334.547349866479635, 118945.404015199281275, 0.0 ], [ 13507335.359759517014027, 118945.409653514623642, 0.0 ], [ 13507336.120294265449047, 118945.270685486495495, 0.0 ], [ 13507337.075526833534241, 118945.219498381949961, 0.0 ], [ 13507337.606298141181469, 118945.339008679613471, 0.0 ], [ 13507338.385979875922203, 118945.692011773586273, 0.0 ], [ 13507343.273684725165367, 118947.417006227187812, 0.0 ], [ 13507348.70351555198431, 118949.135699046775699, 0.0 ], [ 13507349.59117715805769, 118949.291250350885093, 0.0 ], [ 13507358.965614140033722, 118954.020916904322803, 0.0 ], [ 13507365.204848945140839, 118957.714680170640349, 0.0 ], [ 13507369.678779285401106, 118961.101210243068635, 0.0 ], [ 13507371.88691271468997, 118963.101487327367067, 0.0 ], [ 13507371.784610066562891, 118963.688978209160268, 0.0 ], [ 13507374.320134144276381, 118965.608660477213562, 0.0 ], [ 13507377.033101439476013, 118967.901024656370282, 0.0 ], [ 13507381.399051863700151, 118972.789890543557703, 0.0 ], [ 13507385.406998805701733, 118975.06832470651716, 0.0 ], [ 13507391.092419169843197, 118979.86167075112462, 0.0 ], [ 13507391.009263500571251, 118980.087314119562507, 0.0 ], [ 13507391.301254536956549, 118980.756947563961148, 0.0 ], [ 13507393.224410068243742, 118984.746888181194663, 0.0 ], [ 13507393.130679052323103, 118985.372631157748401, 0.0 ], [ 13507395.969882659614086, 118990.584871073253453, 0.0 ], [ 13507396.957175217568874, 118996.226949891075492, 0.0 ], [ 13507423.062709033489227, 118993.339798408560455, 0.0 ], [ 13507454.740339923650026, 118986.849318235181272, 0.0 ], [ 13507462.784620299935341, 118985.449909293092787, 0.0 ], [ 13507502.673622094094753, 118976.862305533140898, 0.0 ], [ 13507508.867549892514944, 118975.993783118203282, 0.0 ], [ 13507518.453271225094795, 118974.487246076576412, 0.0 ], [ 13507549.727480307221413, 118969.012326530180871, 0.0 ], [ 13507549.196708958595991, 118966.860920384526253, 0.0 ], [ 13507548.513541258871555, 118961.400704544968903, 0.0 ], [ 13507545.837977271527052, 118957.055328341200948, 0.0 ], [ 13507540.966970320791006, 118955.947785315103829, 0.0 ], [ 13507535.842934172600508, 118952.332737389020622, 0.0 ], [ 13507531.022800222039223, 118951.217897678725421, 0.0 ], [ 13507525.589852452278137, 118950.694528857246041, 0.0 ], [ 13507518.018679939210415, 118948.086639725603163, 0.0 ] ] ], [ [ [ 13507348.067324671894312, 118953.27234692312777, 0.0 ], [ 13507328.631164208054543, 118949.189207803457975, 0.0 ], [ 13507313.481249440461397, 118948.934709491208196, 0.0 ], [ 13507301.284752070903778, 118938.277951631695032, 0.0 ], [ 13507291.374979689717293, 118935.351884219795465, 0.0 ], [ 13507283.502910554409027, 118918.586391997523606, 0.0 ], [ 13507274.554270647466183, 118907.364253296516836, 0.0 ], [ 13507263.226844530552626, 118902.777313036844134, 0.0 ], [ 13507253.602495320141315, 118904.917774596251547, 0.0 ], [ 13507244.195664383471012, 118901.31930944789201, 0.0 ], [ 13507241.040080383419991, 118898.812734519131482, 0.0 ], [ 13507235.469961732625961, 118894.388222309760749, 0.0 ], [ 13507236.7302, 118910.566200003027916, 0.0 ], [ 13507222.592500012367964, 118950.240300006233156, 0.0 ], [ 13507211.326123412698507, 118949.816660992801189, 0.0 ], [ 13507208.310490697622299, 118949.830760258249938, 0.0 ], [ 13507207.002375360578299, 118951.797760266810656, 0.0 ], [ 13507206.593276225030422, 118955.76227349601686, 0.0 ], [ 13507208.062470875680447, 118964.091952299699187, 0.0 ], [ 13507213.525252234190702, 118970.086924030445516, 0.0 ], [ 13507215.944398403167725, 118973.929625199176371, 0.0 ], [ 13507219.026104878634214, 118978.824772619642317, 0.0 ], [ 13507220.940520670264959, 118983.553971696645021, 0.0 ], [ 13507221.230600010603666, 118984.084500000812113, 0.0 ], [ 13507222.545700009912252, 118985.841300003230572, 0.0 ], [ 13507223.735600009560585, 118988.017700005322695, 0.0 ], [ 13507224.628000017255545, 118989.650000018067658, 0.0 ], [ 13507225.39520001038909, 118991.702100011520088, 0.0 ], [ 13507225.990100026130676, 118992.790299999527633, 0.0 ], [ 13507226.334600016474724, 118994.718100029043853, 0.0 ], [ 13507226.553800012916327, 118997.065600015223026, 0.0 ], [ 13507227.023500025272369, 118998.573600000701845, 0.0 ], [ 13507227.058734923601151, 118998.667853761464357, 0.0 ], [ 13507229.593330182135105, 119004.929088443517685, 0.0 ], [ 13507225.708279959857464, 119011.832934505306184, 0.0 ], [ 13507225.646036397665739, 119015.356897204183042, 0.0 ], [ 13507225.565011791884899, 119019.944154695607722, 0.0 ], [ 13507249.401631709188223, 119013.790094736963511, 0.0 ], [ 13507259.426619753241539, 119011.254840916953981, 0.0 ], [ 13507305.821800518780947, 119004.718922844156623, 0.0 ], [ 13507364.702018797397614, 119001.680310701020062, 0.0 ], [ 13507390.660833522677422, 118997.63619816955179, 0.0 ], [ 13507389.74812501296401, 118991.672956274822354, 0.0 ], [ 13507371.915521807968616, 118974.387082968838513, 0.0 ], [ 13507371.656703975051641, 118973.536581035703421, 0.0 ], [ 13507348.067324671894312, 118953.27234692312777, 0.0 ] ] ], [ [ [ 13507739.560162659734488, 118990.926155262626708, 0.0 ], [ 13507737.717491120100021, 118977.059867847710848, 0.0 ], [ 13507703.378990434110165, 118972.867942610755563, 0.0 ], [ 13507575.806965332478285, 118977.820819973014295, 0.0 ], [ 13507550.627943642437458, 118976.259558061137795, 0.0 ], [ 13507549.903031136840582, 118976.244522541761398, 0.0 ], [ 13507410.002149745821953, 119003.210727578960359, 0.0 ], [ 13507414.240528032183647, 119007.689764552749693, 0.0 ], [ 13507438.48780557140708, 119012.989674480631948, 0.0 ], [ 13507451.836904939264059, 119037.152968685142696, 0.0 ], [ 13507477.458644218742847, 119039.707790622487664, 0.0 ], [ 13507484.970260836184025, 119043.197578500024974, 0.0 ], [ 13507484.685171607881784, 119057.017982799559832, 0.0 ], [ 13507504.351763412356377, 119074.23099606577307, 0.0 ], [ 13507519.654074586927891, 119088.923127392306924, 0.0 ], [ 13507555.557727299630642, 119092.980837157927454, 0.0 ], [ 13507556.378374591469765, 119093.011682083830237, 0.0 ], [ 13507593.107016071677208, 119103.88258071616292, 0.0 ], [ 13507615.442270003259182, 119118.627224506810308, 0.0 ], [ 13507627.957920361310244, 119126.546849956735969, 0.0 ], [ 13507651.211671438068151, 119132.767462150193751, 0.0 ], [ 13507707.561152409762144, 119166.618371935561299, 0.0 ], [ 13507755.13409337028861, 119169.773950045928359, 0.0 ], [ 13507774.64617370814085, 119174.606098306365311, 0.0 ], [ 13507796.285124268382788, 119184.202845317311585, 0.0 ], [ 13507812.98438373208046, 119186.335345182567835, 0.0 ], [ 13507831.070795349776745, 119186.201020592823625, 0.0 ], [ 13507822.215997781604528, 119161.540238192304969, 0.0 ], [ 13507796.199074298143387, 119142.760219216346741, 0.0 ], [ 13507781.697929494082928, 119136.736837756820023, 0.0 ], [ 13507785.098406046628952, 119118.510699274018407, 0.0 ], [ 13507791.704438548535109, 119103.303823933936656, 0.0 ], [ 13507783.070276193320751, 119073.362363340333104, 0.0 ], [ 13507782.030106857419014, 119052.087770416401327, 0.0 ], [ 13507764.175239779055119, 119032.497485871426761, 0.0 ], [ 13507766.489126712083817, 119016.090750228613615, 0.0 ], [ 13507751.294684171676636, 119002.751149245537817, 0.0 ], [ 13507739.560162659734488, 118990.926155262626708, 0.0 ] ] ], [ [ [ 13508290.751274228096008, 119278.673383466899395, 0.0 ], [ 13508246.402479685842991, 119164.078254799358547, 0.0 ], [ 13508226.036578804254532, 119106.594058949500322, 0.0 ], [ 13508205.925822254270315, 119044.280246322974563, 0.0 ], [ 13508211.893214859068394, 119001.488276178017259, 0.0 ], [ 13508179.86581814289093, 119002.604000153020024, 0.0 ], [ 13508109.655279472470284, 118993.534265180118382, 0.0 ], [ 13508050.082097381353378, 118982.562094430439174, 0.0 ], [ 13508015.25724184140563, 118975.029962019994855, 0.0 ], [ 13507981.351662646979094, 118969.794173591770232, 0.0 ], [ 13507923.020917393267155, 118974.088915321044624, 0.0 ], [ 13507922.48892155662179, 118974.166746259666979, 0.0 ], [ 13507853.014204692095518, 118975.931872141547501, 0.0 ], [ 13507780.752381756901741, 118978.243472869507968, 0.0 ], [ 13507743.591375377029181, 118978.396702503785491, 0.0 ], [ 13507747.35052328556776, 118989.2383075915277, 0.0 ], [ 13507747.679027065634727, 118989.717564797960222, 0.0 ], [ 13507772.105306342244148, 119007.475729512050748, 0.0 ], [ 13507774.604762874543667, 119032.642644960433245, 0.0 ], [ 13507789.078857030719519, 119051.771361216902733, 0.0 ], [ 13507787.368099089711905, 119067.941617448814213, 0.0 ], [ 13507796.816563528031111, 119094.597376166842878, 0.0 ], [ 13507797.656803052872419, 119103.278064542450011, 0.0 ], [ 13507791.722027044743299, 119133.799937612377107, 0.0 ], [ 13507806.165508314967155, 119131.921493384055793, 0.0 ], [ 13507834.395908541977406, 119163.352238529361784, 0.0 ], [ 13507846.294960245490074, 119192.875018714927137, 0.0 ], [ 13507847.000280518084764, 119193.780576564371586, 0.0 ], [ 13507863.220420889556408, 119218.336439768783748, 0.0 ], [ 13507891.701623909175396, 119229.845459156669676, 0.0 ], [ 13507916.755633797496557, 119231.624292613007128, 0.0 ], [ 13507938.043593998998404, 119240.109847597777843, 0.0 ], [ 13507948.599242061376572, 119236.962782849557698, 0.0 ], [ 13507970.724881395697594, 119258.965038787573576, 0.0 ], [ 13507975.908139541745186, 119276.297883836552501, 0.0 ], [ 13507991.266221757978201, 119285.524599803611636, 0.0 ], [ 13508019.52511977404356, 119285.552570265717804, 0.0 ], [ 13508057.672528173774481, 119299.220619838684797, 0.0 ], [ 13508080.896111659705639, 119306.900004707276821, 0.0 ], [ 13508093.098397649824619, 119315.517892413772643, 0.0 ], [ 13508099.585429631173611, 119339.603224088437855, 0.0 ], [ 13508115.338807400316, 119356.008728268556297, 0.0 ], [ 13508135.822038974612951, 119391.72976737935096, 0.0 ], [ 13508184.788366042077541, 119403.165925152599812, 0.0 ], [ 13508224.605121489614248, 119420.291914265602827, 0.0 ], [ 13508245.491218313574791, 119449.189814787358046, 0.0 ], [ 13508252.274360150098801, 119464.547251003794372, 0.0 ], [ 13508284.759280003607273, 119468.075839472934604, 0.0 ], [ 13508302.009459625929594, 119460.719831973314285, 0.0 ], [ 13508333.608387645334005, 119453.185056674294174, 0.0 ], [ 13508344.956407841295004, 119445.922025738283992, 0.0 ], [ 13508352.965065978467464, 119435.697664381936193, 0.0 ], [ 13508321.812417786568403, 119342.907829036004841, 0.0 ], [ 13508290.751274228096008, 119278.673383466899395, 0.0 ] ] ] ] } },
{ "type": "Feature", "properties": { "WADMPR": "SULAWESI TENGAH", "WADMKK": "BUOL", "WADMKC": "MOMUNU", "WADMKD": "SURAYA", "POKTAN": "KT BINTANG SURAYA", "LUAS_HA": 30.300285354500001, "PAKET": "Paket Sulawesi Tengah 6" }, "geometry": { "type": "MultiPolygon", "coordinates": [ [ [ [ 13508011.683757193386555, 118762.060576337389648, 0.000000000000114 ], [ 13508027.700534500181675, 118839.232982819899917, 0.000000000000114 ], [ 13508053.212958045303822, 118845.885097655467689, 0.000000000000114 ], [ 13508088.673559188842773, 118852.899944461882114, 0.000000000000114 ], [ 13508111.558508783578873, 118850.759482558816671, 0.000000000000114 ], [ 13508121.934153258800507, 118774.555780165828764, 0.000000000000114 ], [ 13508176.923866622149944, 118783.269422043114901, 0.000000000000114 ], [ 13508204.206270076334476, 118875.813864051364362, 0.000000000000114 ], [ 13508213.703381098806858, 118934.190832342021167, 0.000000000000114 ], [ 13508175.254074268043041, 118944.155292997136712, 0.000000000000114 ], [ 13508167.039029806852341, 118896.738228544592857, 0.000000000000114 ], [ 13508166.821511536836624, 118896.157923651859164, 0.000000000000114 ], [ 13508123.017291896045208, 118904.329288627021015, 0.000000000000114 ], [ 13508116.59092903137207, 118933.904494087211788, 0.000000000000114 ], [ 13508124.994548700749874, 118942.391272482462227, 0.000000000000114 ], [ 13508145.11543532460928, 118958.79646382201463, 0.000000000000114 ], [ 13508160.538750790059566, 118965.017631817609072, 0.000000000000114 ], [ 13508181.646484695374966, 118972.959371824748814, 0.000000000000114 ], [ 13508202.143408574163914, 118976.233467005193233, 0.000000000000114 ], [ 13508245.922136045992374, 118982.290349501185119, 0.000000000000114 ], [ 13508444.768580242991447, 118970.867112775333226, 0.000000000000114 ], [ 13508664.207905687391758, 118950.553018065169454, 0.000000000000114 ], [ 13508881.441992036998272, 118926.132234485819936, 0.000000000000114 ], [ 13508901.813972465693951, 118793.121607142500579, 0.000000000000114 ], [ 13508830.706798277795315, 118797.09923393279314, 0.000000000000114 ], [ 13508712.986436791718006, 118792.921789239160717, 0.000000000000114 ], [ 13508669.336172, 118790.089913783594966, 0.000000000000114 ], [ 13508681.235001049935818, 118717.087771362625062, 0.000000000000114 ], [ 13508584.005440838634968, 118682.154259282164276, 0.000000000000114 ], [ 13508552.020011551678181, 118672.828137970529497, 0.000000000000114 ], [ 13508520.936604090034962, 118720.612829643301666, 0.000000000000114 ], [ 13508504.40721819549799, 118733.985276425257325, 0.000000000000114 ], [ 13508494.100925773382187, 118742.784157529473305, 0.000000000000114 ], [ 13508491.965746022760868, 118745.766811734065413, 0.000000000000114 ], [ 13508493.438995070755482, 118803.518174549564719, 0.000000000000114 ], [ 13508474.587394893169403, 118811.124960593879223, 0.000000000000114 ], [ 13508442.538405559957027, 118813.619741373695433, 0.000000000000114 ], [ 13508434.238355852663517, 118813.109339560382068, 0.000000000000114 ], [ 13508432.273651294410229, 118749.551513546146452, 0.000000000000114 ], [ 13508404.430404268205166, 118740.0574198262766, 0.000000000000114 ], [ 13508343.35017891228199, 118721.305901321582496, 0.000000000000114 ], [ 13508325.768712475895882, 118717.227402800694108, 0.000000000000114 ], [ 13508322.064222484827042, 118712.993242245167494, 0.000000000000114 ], [ 13508323.918137274682522, 118706.592306674458086, 0.000000000000114 ], [ 13508324.247642956674099, 118705.752749077044427, 0.000000000000114 ], [ 13508324.621787779033184, 118705.087979568168521, 0.000000000000114 ], [ 13508324.691696412861347, 118701.919241114519536, 0.000000000000114 ], [ 13508324.847432389855385, 118701.142036745324731, 0.000000000000114 ], [ 13508324.97077438980341, 118700.924684857949615, 0.000000000000114 ], [ 13508333.274206519126892, 118678.091127493418753, 0.000000000000114 ], [ 13508321.851083151996136, 118680.940911076031625, 0.000000000000114 ], [ 13508313.681986473500729, 118682.978896006010473, 0.000000000000114 ], [ 13508299.172665871679783, 118687.193037331104279, 0.000000000000114 ], [ 13508295.457100011408329, 118688.272200006991625, 0.000000000000114 ], [ 13508294.482200004160404, 118688.126300004310906, 0.000000000000114 ], [ 13508294.051223449409008, 118688.155958609655499, 0.000000000000114 ], [ 13508292.668700009584427, 118688.251100008375943, 0.000000000000114 ], [ 13508292.503150083124638, 118688.262483563274145, 0.000000000000114 ], [ 13508291.940945647656918, 118688.402739411219954, 0.000000000000114 ], [ 13508291.491287976503372, 118688.332061280496418, 0.000000000000114 ], [ 13508290.8552, 118688.375800000503659, 0.000000000000114 ], [ 13508288.905500009655952, 118688.084199999459088, 0.000000000000114 ], [ 13508286.536500014364719, 118687.927800006233156, 0.000000000000114 ], [ 13508286.267629899084568, 118688.01452527102083, 0.000000000000114 ], [ 13508284.082184232771397, 118689.050639129243791, 0.000000000000114 ], [ 13508282.568401105701923, 118689.768319583497941, 0.000000000000114 ], [ 13508282.33503283560276, 118689.997719146311283, 0.000000000000114 ], [ 13508280.780721411108971, 118691.525597492232919, 0.000000000000114 ], [ 13508280.617324210703373, 118691.716016478836536, 0.000000000000114 ], [ 13508279.806000001728535, 118692.86090000346303, 0.000000000000114 ], [ 13508278.118100017309189, 118694.7862000009045, 0.000000000000114 ], [ 13508276.985800005495548, 118696.99280000384897, 0.000000000000114 ], [ 13508276.57375318557024, 118697.795692184939981, 0.000000000000114 ], [ 13508276.1365, 118698.647700006142259, 0.000000000000114 ], [ 13508275.287300005555153, 118700.302600008435547, 0.000000000000114 ], [ 13508274.291200004518032, 118702.925500004552305, 0.000000000000114 ], [ 13508273.975930236279964, 118703.75557538215071, 0.000000000000114 ], [ 13508273.295000024139881, 118705.548400000669062, 0.000000000000114 ], [ 13508272.445699997246265, 118707.203300002962351, 0.000000000000114 ], [ 13508271.780047900974751, 118708.142664516344666, 0.000000000000114 ], [ 13508271.612210288643837, 118708.503843829967082, 0.000000000000114 ], [ 13508271.396710969507694, 118708.967589093372226, 0.000000000000114 ], [ 13508270.989363588392735, 118709.657292505726218, 0.000000000000114 ], [ 13508270.747200004756451, 118710.513200003653765, 0.000000000000114 ], [ 13508270.573008514940739, 118710.732110377401114, 0.000000000000114 ], [ 13508269.761700011789799, 118711.751700005494058, 0.000000000000114 ], [ 13508269.733137689530849, 118711.784281241707504, 0.000000000000114 ], [ 13508269.105921797454357, 118712.846256726421416, 0.000000000000114 ], [ 13508268.96720027923584, 118713.081134141422808, 0.000000000000114 ], [ 13508267.111244514584541, 118716.223559938371181, 0.000000000000114 ], [ 13508265.419646397233009, 118717.646619996987283, 0.000000000000114 ], [ 13508264.5511, 118718.496000001206994, 0.000000000000114 ], [ 13508263.146300002932549, 118719.869800003245473, 0.000000000000114 ], [ 13508261.733292512595654, 118720.747771890833974, 0.000000000000114 ], [ 13508261.601820275187492, 118720.858373146504164, 0.000000000000114 ], [ 13508261.151765361428261, 118721.270762558095157, 0.000000000000114 ], [ 13508260.20040000975132, 118722.201000005938113, 0.000000000000114 ], [ 13508260.002092272043228, 118722.324218472465873, 0.000000000000114 ], [ 13508258.792548097670078, 118723.43253478128463, 0.000000000000114 ], [ 13508256.795489944517612, 118725.262457209639251, 0.000000000000114 ], [ 13508256.257616713643074, 118725.369808719493449, 0.000000000000114 ], [ 13508252.063796438276768, 118726.206832903437316, 0.000000000000114 ], [ 13508250.964800007641315, 118726.561400006525218, 0.000000000000114 ], [ 13508249.706799998879433, 118726.967200003564358, 0.000000000000114 ], [ 13508247.473899997770786, 118727.227200001478195, 0.000000000000114 ], [ 13508246.219475291669369, 118727.37327239010483, 0.000000000000114 ], [ 13508244.079989157617092, 118727.800281941890717, 0.000000000000114 ], [ 13508243.488810040056705, 118727.918272475712001, 0.000000000000114 ], [ 13508243.038738615810871, 118728.008100015111268, 0.000000000000114 ], [ 13508242.147489167749882, 118728.024805954657495, 0.000000000000114 ], [ 13508241.331100009381771, 118728.288200001232326, 0.000000000000114 ], [ 13508239.517500005662441, 118728.412900002673268, 0.000000000000114 ], [ 13508236.593000002205372, 118727.975399998947978, 0.000000000000114 ], [ 13508234.926300004124641, 118727.132200004532933, 0.000000000000114 ], [ 13508232.513975314795971, 118726.580657438375056, 0.000000000000114 ], [ 13508232.421000003814697, 118726.559400000609457, 0.000000000000114 ], [ 13508230.890600018203259, 118726.132499999366701, 0.000000000000114 ], [ 13508228.385400004684925, 118725.559700009413064, 0.000000000000114 ], [ 13508226.435600005090237, 118725.268100003711879, 0.000000000000114 ], [ 13508226.21654224395752, 118725.115046321414411, 0.000000000000114 ], [ 13508226.104817666113377, 118725.100051353685558, 0.000000000000114 ], [ 13508225.488642558455467, 118724.727245417423546, 0.000000000000114 ], [ 13508222.604401923716068, 118722.982186180539429, 0.000000000000114 ], [ 13508220.743900015950203, 118722.04079999960959, 0.000000000000114 ], [ 13508220.033309325575829, 118721.426591659896076, 0.000000000000114 ], [ 13508219.040125213563442, 118720.825682995840907, 0.000000000000114 ], [ 13508218.413865372538567, 118720.446775459684432, 0.000000000000114 ], [ 13508213.619883589446545, 118717.807228678837419, 0.000000000000114 ], [ 13508212.992860160768032, 118717.713450128212571, 0.000000000000114 ], [ 13508211.730233870446682, 118717.844785050489008, 0.000000000000114 ], [ 13508211.008446104824543, 118717.919863430783153, 0.000000000000114 ], [ 13508210.675955846905708, 118717.954448147676885, 0.000000000000114 ], [ 13508209.1744589433074, 118718.11062972061336, 0.000000000000114 ], [ 13508205.439558118581772, 118717.217845935374498, 0.000000000000114 ], [ 13508204.328600011765957, 118717.209400006569922, 0.000000000000114 ], [ 13508203.365593530237675, 118716.722089257091284, 0.000000000000114 ], [ 13508202.678632698953152, 118716.557879401370883, 0.000000000000114 ], [ 13508200.015425197780132, 118714.700991222634912, 0.000000000000114 ], [ 13508199.477566637098789, 118714.407435125671327, 0.000000000000114 ], [ 13508199.192500002682209, 118714.263200002722442, 0.000000000000114 ], [ 13508197.106600008904934, 118713.555200005881488, 0.000000000000114 ], [ 13508195.661319859325886, 118712.823845073580742, 0.000000000000114 ], [ 13508194.67186700552702, 118713.435684878379107, 0.000000000000114 ], [ 13508194.574796415865421, 118712.997775008901954, 0.000000000000114 ], [ 13508192.348198562860489, 118711.147505659610033, 0.000000000000114 ], [ 13508192.106700003147125, 118711.025300005450845, 0.000000000000114 ], [ 13508190.440000005066395, 118710.182000003755093, 0.000000000000114 ], [ 13508189.150268815457821, 118709.529434866271913, 0.000000000000114 ], [ 13508187.996014654636383, 118709.222414161078632, 0.000000000000114 ], [ 13508186.823500014841557, 118709.047000008635223, 0.000000000000114 ], [ 13508184.873900003731251, 118708.755400002934039, 0.000000000000114 ], [ 13508182.777200013399124, 118709.431800005026162, 0.000000000000114 ], [ 13508180.680599994957447, 118710.108100005425513, 0.000000000000114 ], [ 13508178.584000006318092, 118710.784500008448958, 0.000000000000114 ], [ 13508176.068100020289421, 118711.59610000345856, 0.000000000000114 ], [ 13508174.390700004994869, 118712.137200001627207, 0.000000000000114 ], [ 13508172.577300004661083, 118712.261900003068149, 0.000000000000114 ], [ 13508172.518234238028526, 118712.265961485914886, 0.000000000000114 ], [ 13508172.190450549125671, 118712.421449803747237, 0.000000000000114 ], [ 13508169.147866241633892, 118712.9143056999892, 0.000000000000114 ], [ 13508164.57408232241869, 118714.578716983087361, 0.000000000000114 ], [ 13508158.797323726117611, 118716.693625600077212, 0.000000000000114 ], [ 13508158.739599995315075, 118716.72580000013113, 0.000000000000114 ], [ 13508156.359800010919571, 118717.953799996525049, 0.000000000000114 ], [ 13508154.955099992454052, 118719.327700004912913, 0.000000000000114 ], [ 13508153.550200015306473, 118720.701500001363456, 0.000000000000114 ], [ 13508151.726100020110607, 118722.210600002668798, 0.000000000000114 ], [ 13508150.6043, 118723.032700004056096, 0.000000000000114 ], [ 13508149.335700012743473, 118724.823000003583729, 0.000000000000114 ], [ 13508148.067100010812283, 118726.613100003451109, 0.000000000000114 ], [ 13508146.662200011312962, 118727.987000002525747, 0.000000000000114 ], [ 13508145.676700003445148, 118729.225500003434718, 0.000000000000114 ], [ 13508144.911169268190861, 118730.098791936412454, 0.000000000000114 ], [ 13508142.846294149756432, 118732.813459637574852, 0.000000000000114 ], [ 13508140.836465172469616, 118735.455758677795529, 0.000000000000114 ], [ 13508139.167756475508213, 118737.649590641260147, 0.000000000000114 ], [ 13508138.211800001561642, 118738.99860000051558, 0.000000000000114 ], [ 13508136.9432, 118740.788800003007054, 0.000000000000114 ], [ 13508135.119099996984005, 118742.297899999655783, 0.000000000000114 ], [ 13508133.441800005733967, 118742.839000001549721, 0.000000000000114 ], [ 13508132.053898654878139, 118743.286740015260875, 0.000000000000114 ], [ 13508131.418462544679642, 118743.730622083880007, 0.000000000000114 ], [ 13508128.166152305901051, 118742.86386795155704, 0.000000000000114 ], [ 13508125.919508866965771, 118741.911805732175708, 0.000000000000114 ], [ 13508125.223400011658669, 118741.807700007222593, 0.000000000000114 ], [ 13508123.2469297721982, 118741.136875015683472, 0.000000000000114 ], [ 13508117.763585738837719, 118740.992017014883459, 0.000000000000114 ], [ 13508117.60931571573019, 118741.041784858331084, 0.000000000000114 ], [ 13508113.680720746517181, 118744.261896209791303, 0.000000000000114 ], [ 13508112.794557817280293, 118744.988248290494084, 0.000000000000114 ], [ 13508112.680386617779732, 118745.081829837523401, 0.000000000000114 ], [ 13508108.597292013466358, 118746.25092111248523, 0.000000000000114 ], [ 13508106.636800013482571, 118747.343300003558397, 0.000000000000114 ], [ 13508105.634812653064728, 118748.077775138430297, 0.000000000000114 ], [ 13508105.515000015497208, 118748.165600003674626, 0.000000000000114 ], [ 13508103.973899997770786, 118749.12300000526011, 0.000000000000114 ], [ 13508102.5691, 118750.496800006367266, 0.000000000000114 ], [ 13508100.89180001616478, 118751.037900004535913, 0.000000000000114 ], [ 13508098.795100010931492, 118751.714200004935265, 0.000000000000114 ], [ 13508096.279200002551079, 118752.525900007225573, 0.000000000000114 ], [ 13508096.208864413201809, 118752.536380206234753, 0.000000000000114 ], [ 13508094.863034196197987, 118753.255188387818635, 0.000000000000114 ], [ 13508090.458665452897549, 118752.685010288842022, 0.000000000000114 ], [ 13508089.863599993288517, 118752.754300000146031, 0.000000000000114 ], [ 13508088.842800669372082, 118752.601583235897124, 0.000000000000114 ], [ 13508084.192804783582687, 118753.473685259930789, 0.000000000000114 ], [ 13508083.479602985084057, 118753.60744552873075, 0.000000000000114 ], [ 13508082.614123776555061, 118753.769765266217291, 0.000000000000114 ], [ 13508079.552474565804005, 118754.343974416144192, 0.000000000000114 ], [ 13508077.713700003921986, 118755.292800007387996, 0.000000000000114 ], [ 13508076.455699995160103, 118755.698700007051229, 0.000000000000114 ], [ 13508074.914700016379356, 118756.656100003048778, 0.000000000000114 ], [ 13508072.954200007021427, 118757.748800003901124, 0.000000000000114 ], [ 13508070.94040984660387, 118758.398453112691641, 0.000000000000114 ], [ 13508068.620577447116375, 118759.852248306386173, 0.000000000000114 ], [ 13508067.925049848854542, 118760.193762951530516, 0.000000000000114 ], [ 13508067.775400012731552, 118760.340100006200373, 0.000000000000114 ], [ 13508066.234299995005131, 118761.297600003890693, 0.000000000000114 ], [ 13508064.609406687319279, 118761.821794141083956, 0.000000000000114 ], [ 13508063.742557354271412, 118762.247430328279734, 0.000000000000114 ], [ 13508062.549951657652855, 118762.976921233348548, 0.000000000000114 ], [ 13508061.191600009799004, 118764.305300001055002, 0.000000000000114 ], [ 13508059.6505, 118765.262800004333258, 0.000000000000114 ], [ 13508058.109400011599064, 118766.220200005918741, 0.000000000000114 ], [ 13508056.704500012099743, 118767.594100004062057, 0.000000000000114 ], [ 13508054.880300007760525, 118769.103200000710785, 0.000000000000114 ], [ 13508053.475500017404556, 118770.477000007405877, 0.000000000000114 ], [ 13508053.400113135576248, 118770.50132299400866, 0.000000000000114 ], [ 13508051.798100002110004, 118771.018200007267296, 0.000000000000114 ], [ 13508050.393200002610683, 118772.39200000371784, 0.000000000000114 ], [ 13508048.988300003111362, 118773.765800004824996, 0.000000000000114 ], [ 13508047.027900002896786, 118774.85850000102073, 0.000000000000114 ], [ 13508045.622999988496304, 118776.23240000475198, 0.000000000000114 ], [ 13508043.526299998164177, 118776.90880000218749, 0.000000000000114 ], [ 13508043.045634359121323, 118777.063871187157929, 0.000000000000114 ], [ 13508041.429700009524822, 118777.585200000554323, 0.000000000000114 ], [ 13508039.763000011444092, 118776.741899998858571, 0.000000000000114 ], [ 13508037.885955058038235, 118776.104820515029132, 0.000000000000114 ], [ 13508037.677000008523464, 118776.033900002017617, 0.000000000000114 ], [ 13508036.010300010442734, 118775.190600004978478, 0.000000000000114 ], [ 13508034.762900002300739, 118774.21200000308454, 0.000000000000114 ], [ 13508032.960000023245811, 118772.952399997971952, 0.000000000000114 ], [ 13508030.737799994647503, 118771.828000000678003, 0.000000000000114 ], [ 13508029.764390088617802, 118770.846569804474711, 0.000000000000114 ], [ 13508027.252362221479416, 118769.28394765779376, 0.000000000000114 ], [ 13508021.457959242165089, 118768.315064774826169, 0.000000000000114 ], [ 13508018.571779668331146, 118767.832466281950474, 0.000000000000114 ], [ 13508011.683757193386555, 118762.060576337389648, 0.000000000000114 ] ] ], [ [ [ 13508561.09032366424799, 119123.963615953922272, 0.000000000000114 ], [ 13508534.816140852868557, 118979.38617242500186, 0.000000000000114 ], [ 13508444.006487004458904, 118990.238722432404757, 0.000000000000114 ], [ 13508363.148684307932854, 118999.696064358577132, 0.000000000000114 ], [ 13508401.698846600949764, 119033.251804542727768, 0.000000000000114 ], [ 13508410.060387514531612, 119026.117782819084823, 0.000000000000114 ], [ 13508419.041755355894566, 119034.622247789055109, 0.000000000000114 ], [ 13508416.674212448298931, 119045.634548447094858, 0.000000000000114 ], [ 13508420.701195001602173, 119056.537288477644324, 0.000000000000114 ], [ 13508424.967625804245472, 119073.184258799999952, 0.000000000000114 ], [ 13508437.070280842483044, 119081.100568623282015, 0.000000000000114 ], [ 13508449.498211443424225, 119093.0418636566028, 0.000000000000114 ], [ 13508465.33441086858511, 119098.711358490400016, 0.000000000000114 ], [ 13508475.908649332821369, 119114.041945372708142, 0.000000000000114 ], [ 13508484.221098318696022, 119128.427394752390683, 0.000000000000114 ], [ 13508499.467527098953724, 119121.065741719678044, 0.000000000000114 ], [ 13508502.08086346834898, 119124.48853228520602, 0.000000000000114 ], [ 13508521.143658362329006, 119139.425762468017638, 0.000000000000114 ], [ 13508537.688517682254314, 119145.170212981291115, 0.000000000000114 ], [ 13508554.281355693936348, 119136.490852340124547, 0.000000000000114 ], [ 13508555.617523543536663, 119126.949381608515978, 0.000000000000114 ], [ 13508561.09032366424799, 119123.963615953922272, 0.000000000000114 ] ] ], [ [ [ 13508476.706364803016186, 119438.428708275780082, 0.000000000000114 ], [ 13508500.040822483599186, 119434.046854865737259, 0.000000000000114 ], [ 13508514.541855938732624, 119442.202066102996469, 0.000000000000114 ], [ 13508533.24197193980217, 119447.207118783146143, 0.000000000000114 ], [ 13508545.826306410133839, 119461.820408422499895, 0.000000000000114 ], [ 13508582.647899657487869, 119448.745051439851522, 0.000000000000114 ], [ 13508594.130616433918476, 119447.624464454129338, 0.000000000000114 ], [ 13508610.031937800347805, 119466.23730746936053, 0.000000000000114 ], [ 13508610.258472941815853, 119466.665487542748451, 0.000000000000114 ], [ 13508610.712433852255344, 119467.523284871131182, 0.000000000000114 ], [ 13508620.794974088668823, 119476.506663851439953, 0.000000000000114 ], [ 13508629.367354094982147, 119475.821221998892725, 0.000000000000114 ], [ 13508638.866134934127331, 119468.887203647755086, 0.000000000000114 ], [ 13508645.755252964794636, 119449.493178113363683, 0.000000000000114 ], [ 13508660.839600548148155, 119426.339391821064055, 0.000000000000114 ], [ 13508604.80971784889698, 119295.255336629226804, 0.000000000000114 ], [ 13508564.644643686711788, 119186.008212230168283, 0.000000000000114 ], [ 13508555.753221996128559, 119160.208158100023866, 0.000000000000114 ], [ 13508545.440027795732021, 119155.587722943164408, 0.000000000000114 ], [ 13508539.294746600091457, 119152.502457831986248, 0.000000000000114 ], [ 13508529.34334073215723, 119156.845952132716775, 0.000000000000114 ], [ 13508520.419636391103268, 119163.902693081647158, 0.000000000000114 ], [ 13508509.88892387598753, 119164.314179661683738, 0.000000000000114 ], [ 13508500.49255695939064, 119158.153267848305404, 0.000000000000114 ], [ 13508499.700630128383636, 119157.788546110503376, 0.000000000000114 ], [ 13508485.532998524606228, 119148.643527080304921, 0.000000000000114 ], [ 13508472.493256010115147, 119145.850127756595612, 0.000000000000114 ], [ 13508469.622660309076309, 119141.309844962321222, 0.000000000000114 ], [ 13508471.764892593026161, 119131.70193065982312, 0.000000000000114 ], [ 13508468.461041428148746, 119125.7153638927266, 0.000000000000114 ], [ 13508457.156435795128345, 119107.431957229971886, 0.000000000000114 ], [ 13508440.013568185269833, 119094.909252574667335, 0.000000000000114 ], [ 13508424.489063315093517, 119084.469850844703615, 0.000000000000114 ], [ 13508413.45273769646883, 119067.942833558656275, 0.000000000000114 ], [ 13508413.804729908704758, 119054.172290085814893, 0.000000000000114 ], [ 13508408.154597833752632, 119045.691484423354268, 0.000000000000114 ], [ 13508411.31696193665266, 119039.033845642581582, 0.000000000000114 ], [ 13508407.27038711309433, 119037.356722064316273, 0.000000000000114 ], [ 13508395.397829487919807, 119041.875116276554763, 0.000000000000114 ], [ 13508394.11520629376173, 119038.929592016153038, 0.000000000000114 ], [ 13508392.374280773103237, 119030.254761447198689, 0.000000000000114 ], [ 13508379.043883077800274, 119023.200671126134694, 0.000000000000114 ], [ 13508347.476458460092545, 118997.922094150446355, 0.000000000000114 ], [ 13508264.218162275850773, 119004.931631213054061, 0.000000000000114 ], [ 13508217.732701383531094, 119001.647696898318827, 0.000000000000114 ], [ 13508214.028879314661026, 119032.825835044495761, 0.000000000000114 ], [ 13508219.592070870101452, 119069.856103016063571, 0.000000000000114 ], [ 13508246.923232235014439, 119148.173225075937808, 0.000000000000114 ], [ 13508278.228054158389568, 119219.007288843393326, 0.000000000000114 ], [ 13508292.666080802679062, 119251.478129495866597, 0.000000000000114 ], [ 13508316.040613509714603, 119317.804726511240005, 0.000000000000114 ], [ 13508329.215831845998764, 119343.085048988461494, 0.000000000000114 ], [ 13508347.175673238933086, 119393.053997141309083, 0.000000000000114 ], [ 13508357.20489140599966, 119415.643291031941772, 0.000000000000114 ], [ 13508357.216468639671803, 119416.130397054366767, 0.000000000000114 ], [ 13508362.638729713857174, 119442.774078438989818, 0.000000000000114 ], [ 13508383.747242890298367, 119463.783204431645572, 0.000000000000114 ], [ 13508409.574366614222527, 119472.898696900345385, 0.000000000000114 ], [ 13508430.129176624119282, 119477.425487610511482, 0.000000000000114 ], [ 13508446.976379707455635, 119463.992927541024983, 0.000000000000114 ], [ 13508474.22327221930027, 119440.243581617251039, 0.000000000000114 ], [ 13508474.885177910327911, 119439.875654088333249, 0.000000000000114 ], [ 13508475.630684547126293, 119439.243389178067446, 0.000000000000114 ], [ 13508475.961414754390717, 119439.06053096614778, 0.000000000000114 ], [ 13508476.706364803016186, 119438.428708275780082, 0.000000000000114 ] ] ] ] } },
{ "type": "Feature", "properties": { "WADMPR": "SULAWESI TENGAH", "WADMKK": "BUOL", "WADMKC": "MOMUNU", "WADMKD": "SURAYA", "POKTAN": "KT BERDIKARI", "LUAS_HA": 12.9002490545, "PAKET": "Paket Sulawesi Tengah 6" }, "geometry": { "type": "MultiPolygon", "coordinates": [ [ [ [ 13506455.17340625077486, 118983.637341450899839, 0.000000000000114 ], [ 13506447.062798820436001, 118986.790093721821904, 0.000000000000114 ], [ 13506441.860496290028095, 118990.92170209530741, 0.000000000000114 ], [ 13506429.719716005027294, 119014.231982060708106, 0.000000000000114 ], [ 13506419.445046029984951, 119029.022850981913507, 0.000000000000114 ], [ 13506418.594516776502132, 119029.847464169375598, 0.000000000000114 ], [ 13506409.000153578817844, 119036.17523240018636, 0.000000000000114 ], [ 13506402.654934361577034, 119037.735926666297019, 0.000000000000114 ], [ 13506393.433546259999275, 119039.640810450538993, 0.000000000000114 ], [ 13506386.500249840319157, 119041.073037746362388, 0.000000000000114 ], [ 13506389.038111619651318, 119048.125248251482844, 0.000000000000114 ], [ 13506393.914461903274059, 119059.855383867397904, 0.000000000000114 ], [ 13506397.416127815842628, 119070.038298110477626, 0.000000000000114 ], [ 13506397.188479445874691, 119070.650000389665365, 0.000000000000114 ], [ 13506393.250107206404209, 119075.647430148907006, 0.000000000000114 ], [ 13506387.254995994269848, 119080.809476604685187, 0.000000000000114 ], [ 13506378.703432723879814, 119089.593423962593079, 0.000000000000114 ], [ 13506370.285452820360661, 119094.431874951347709, 0.000000000000114 ], [ 13506353.961451403796673, 119093.882083651609719, 0.000000000000114 ], [ 13506343.179268136620522, 119097.155624902807176, 0.000000000000114 ], [ 13506342.558328032493591, 119104.048524158075452, 0.000000000000114 ], [ 13506342.283257566392422, 119105.817187139764428, 0.000000000000114 ], [ 13506342.056833699345589, 119114.92660853639245, 0.000000000000114 ], [ 13506338.733612962067127, 119123.325048826634884, 0.000000000000114 ], [ 13506337.015062682330608, 119133.072041857987642, 0.000000000000114 ], [ 13506331.671281822025776, 119137.050261877477169, 0.000000000000114 ], [ 13506326.356555365025997, 119139.864224571734667, 0.000000000000114 ], [ 13506317.737309835851192, 119142.558566453866661, 0.000000000000114 ], [ 13506285.516105882823467, 119147.030304977670312, 0.000000000000114 ], [ 13506278.611291818320751, 119151.417247566394508, 0.000000000000114 ], [ 13506269.439901605248451, 119154.129278206266463, 0.000000000000114 ], [ 13506260.05054784566164, 119154.716437090188265, 0.000000000000114 ], [ 13506254.377167232334614, 119151.562763575464487, 0.000000000000114 ], [ 13506254.058108322322369, 119151.385407651774585, 0.000000000000114 ], [ 13506246.227004773914814, 119145.781030722893775, 0.000000000000114 ], [ 13506236.900435216724873, 119134.365759369917214, 0.000000000000114 ], [ 13506234.590444445610046, 119127.836808597669005, 0.000000000000114 ], [ 13506232.084531381726265, 119119.287792143411934, 0.000000000000114 ], [ 13506229.167515464127064, 119111.020470263436437, 0.000000000000114 ], [ 13506223.548107594251633, 119099.433726564049721, 0.000000000000114 ], [ 13506221.098856136202812, 119093.904968593269587, 0.000000000000114 ], [ 13506219.292029492557049, 119088.761606152169406, 0.000000000000114 ], [ 13506218.814468868076801, 119080.26875080820173, 0.000000000000114 ], [ 13506215.904466040432453, 119072.040896222926676, 0.000000000000114 ], [ 13506213.445307202637196, 119065.165574631653726, 0.000000000000114 ], [ 13506210.757275439798832, 119050.918427269905806, 0.000000000000114 ], [ 13506208.178893372416496, 119043.806185303255916, 0.000000000000114 ], [ 13506206.729958884418011, 119038.444364889524877, 0.000000000000114 ], [ 13506204.632143072783947, 119028.625618817284703, 0.000000000000114 ], [ 13506201.346659637987614, 119031.471864541992545, 0.000000000000114 ], [ 13506198.09290225058794, 119035.772133249789476, 0.000000000000114 ], [ 13506197.183310709893703, 119042.739437426440418, 0.000000000000114 ], [ 13506193.621532268822193, 119047.702705989591777, 0.000000000000114 ], [ 13506190.027248553931713, 119052.685763885267079, 0.000000000000114 ], [ 13506181.441844150424004, 119058.727056770585477, 0.000000000000114 ], [ 13506173.543726272881031, 119062.600471256300807, 0.000000000000114 ], [ 13506169.730811089277267, 119064.235694251954556, 0.000000000000114 ], [ 13506160.726511411368847, 119070.862929861061275, 0.000000000000114 ], [ 13506157.110409058630466, 119076.387597645632923, 0.000000000000114 ], [ 13506150.73491919785738, 119079.248989038169384, 0.000000000000114 ], [ 13506148.653578668832779, 119080.357526679523289, 0.000000000000114 ], [ 13506143.686280354857445, 119084.789576674811542, 0.000000000000114 ], [ 13506142.797950819134712, 119085.050376527011395, 0.000000000000114 ], [ 13506135.972173631191254, 119091.535879896953702, 0.000000000000114 ], [ 13506131.844262063503265, 119094.85327285528183, 0.000000000000114 ], [ 13506130.060663379728794, 119096.286660552024841, 0.000000000000114 ], [ 13506129.169662177562714, 119096.553983164951205, 0.000000000000114 ], [ 13506121.965176023542881, 119100.223201673477888, 0.000000000000114 ], [ 13506118.818683207035065, 119102.578603122383356, 0.000000000000114 ], [ 13506116.331964515149593, 119104.440110871568322, 0.000000000000114 ], [ 13506114.048384413123131, 119105.744832251220942, 0.000000000000114 ], [ 13506108.355532236397266, 119110.295998927205801, 0.000000000000114 ], [ 13506107.27545603364706, 119114.327067384496331, 0.000000000000114 ], [ 13506098.50270090252161, 119115.938520767726004, 0.000000000000114 ], [ 13506096.89746930450201, 119114.447474959306419, 0.000000000000114 ], [ 13506095.4912, 119114.033700000494719, 0.000000000000114 ], [ 13506092.109400019049644, 119113.038799999281764, 0.000000000000114 ], [ 13506089.698300011456013, 119111.872800006531179, 0.000000000000114 ], [ 13506088.430200003087521, 119111.49970000050962, 0.000000000000114 ], [ 13506087.287200011312962, 119110.706900001503527, 0.000000000000114 ], [ 13506085.596300013363361, 119110.209300007671118, 0.000000000000114 ], [ 13506085.370832003653049, 119110.000033003278077, 0.000000000000114 ], [ 13506084.051427267491817, 119109.675344474613667, 0.000000000000114 ], [ 13506080.401038512587547, 119106.292685308493674, 0.000000000000114 ], [ 13506076.208857849240303, 119104.596104343421757, 0.000000000000114 ], [ 13506073.231813617050648, 119102.144103384576738, 0.000000000000114 ], [ 13506071.082700029015541, 119101.830000008456409, 0.000000000000114 ], [ 13506068.546400003135204, 119101.083700004965067, 0.000000000000114 ], [ 13506067.575699992477894, 119101.254700007848442, 0.000000000000114 ], [ 13506064.788800001144409, 119101.348000000230968, 0.000000000000114 ], [ 13506062.55000001937151, 119101.145999999716878, 0.000000000000114 ], [ 13506061.028919480741024, 119101.080841957591474, 0.000000000000114 ], [ 13506055.579575054347515, 119103.014169166795909, 0.000000000000114 ], [ 13506050.972395330667496, 119107.834710012190044, 0.000000000000114 ], [ 13506045.617371208965778, 119111.4118358688429, 0.000000000000114 ], [ 13506044.858089931309223, 119112.115232049487531, 0.000000000000114 ], [ 13506044.263100013136864, 119113.116499995812774, 0.000000000000114 ], [ 13506043.3394, 119114.671100006438792, 0.000000000000114 ], [ 13506041.867700017988682, 119116.52109999768436, 0.000000000000114 ], [ 13506039.973300002515316, 119118.246700016781688, 0.000000000000114 ], [ 13506038.50160001963377, 119120.096700012683868, 0.000000000000114 ], [ 13506036.7324, 119121.402700011618435, 0.000000000000114 ], [ 13506035.386000007390976, 119122.832900016568601, 0.000000000000114 ], [ 13506033.491600006818771, 119124.558500016108155, 0.000000000000114 ], [ 13506031.847600005567074, 119125.444700019434094, 0.000000000000114 ], [ 13506030.18906868994236, 119126.668818378821015, 0.000000000000114 ], [ 13506028.697476498782635, 119131.078399077057838, 0.000000000000114 ], [ 13506025.674335964024067, 119132.647843981161714, 0.000000000000114 ], [ 13506025.412800006568432, 119133.140100002288818, 0.000000000000114 ], [ 13506024.909610979259014, 119133.855214516632259, 0.000000000000114 ], [ 13506024.61430000513792, 119134.27490000333637, 0.000000000000114 ], [ 13506023.6906, 119135.829500004649162, 0.000000000000114 ], [ 13506023.584699012339115, 119135.962613781914115, 0.000000000000114 ], [ 13506022.409194275736809, 119137.440181219950318, 0.000000000000114 ], [ 13506022.218800008296967, 119137.679500005207956, 0.000000000000114 ], [ 13506021.122900009155273, 119138.270300004631281, 0.000000000000114 ], [ 13506018.680500008165836, 119140.291300003416836, 0.000000000000114 ], [ 13506017.709800004959106, 119140.462300002574921, 0.000000000000114 ], [ 13506016.330445513129234, 119140.970764287747443, 0.000000000000114 ], [ 13506016.118494592607021, 119141.04889465495944, 0.000000000000114 ], [ 13506015.643200002610683, 119141.224100018851459, 0.000000000000114 ], [ 13506013.279000021517277, 119141.441700004972517, 0.000000000000114 ], [ 13506011.88560002297163, 119141.488400000147521, 0.000000000000114 ], [ 13506010.069400005042553, 119141.410600000992417, 0.000000000000114 ], [ 13506009.013647347688675, 119141.099993441253901, 0.000000000000114 ], [ 13505999.265493705868721, 119141.170103122480214, 0.000000000000114 ], [ 13505998.815651632845402, 119141.310729403048754, 0.000000000000114 ], [ 13505996.796538710594177, 119140.40063862875104, 0.000000000000114 ], [ 13505991.21920957416296, 119147.28192871902138, 0.000000000000114 ], [ 13505990.466355867683887, 119155.458152231760323, 0.000000000000114 ], [ 13505991.567416928708553, 119157.95238899346441, 0.000000000000114 ], [ 13505993.594433538615704, 119162.602010700851679, 0.000000000000114 ], [ 13505997.520783327519894, 119164.660438668914139, 0.000000000000114 ], [ 13506000.003430619835854, 119166.360004346817732, 0.000000000000114 ], [ 13506004.483792088925838, 119170.877961589954793, 0.000000000000114 ], [ 13506005.067198976874352, 119171.246314610354602, 0.000000000000114 ], [ 13506008.403710685670376, 119172.49217164888978, 0.000000000000114 ], [ 13506008.788025543093681, 119174.525657378137112, 0.000000000000114 ], [ 13506010.695700004696846, 119176.29630000051111, 0.000000000000114 ], [ 13506011.713400013744831, 119177.509000002406538, 0.000000000000114 ], [ 13506011.6351, 119179.312300018034875, 0.000000000000114 ], [ 13506009.9912, 119180.198400004766881, 0.000000000000114 ], [ 13506008.718416526913643, 119181.137951905839145, 0.000000000000114 ], [ 13506008.447125308215618, 119182.571823986247182, 0.000000000000114 ], [ 13506007.230848543345928, 119185.90053144749254, 0.000000000000114 ], [ 13506005.146168433129787, 119190.353917235508561, 0.000000000000114 ], [ 13506009.186398021876812, 119192.531413041055202, 0.000000000000114 ], [ 13506012.789587311446667, 119195.724690250121057, 0.000000000000114 ], [ 13506015.416293658316135, 119198.183562045916915, 0.000000000000114 ], [ 13506015.627500019967556, 119198.29419999755919, 0.000000000000114 ], [ 13506016.222441419959068, 119198.938200616277754, 0.000000000000114 ], [ 13506017.356803379952908, 119200.000082021579146, 0.000000000000114 ], [ 13506017.64424192905426, 119200.547901251353323, 0.000000000000114 ], [ 13506018.680499993264675, 119201.932100008241832, 0.000000000000114 ], [ 13506018.75902321189642, 119202.025670401751995, 0.000000000000114 ], [ 13506019.69810002297163, 119203.144700002856553, 0.000000000000114 ], [ 13506019.958042785525322, 119203.778553150594234, 0.000000000000114 ], [ 13506020.10485627502203, 119204.136548036709428, 0.000000000000114 ], [ 13506020.762800015509129, 119205.740900005213916, 0.000000000000114 ], [ 13506021.952600002288818, 119207.917300007306039, 0.000000000000114 ], [ 13506022.422400005161762, 119209.425300006754696, 0.000000000000114 ], [ 13506022.641600005328655, 119211.77280000410974, 0.000000000000114 ], [ 13506021.7179, 119213.327400010079145, 0.000000000000114 ], [ 13506021.216800019145012, 119215.006400003097951, 0.000000000000114 ], [ 13506019.926993004977703, 119216.181279124692082, 0.000000000000114 ], [ 13506019.322400011122227, 119216.73200002219528, 0.000000000000114 ], [ 13506018.101200006902218, 119217.742600011639297, 0.000000000000114 ], [ 13506016.332100033760071, 119219.048400006256998, 0.000000000000114 ], [ 13506015.073863305151463, 119219.726653880439699, 0.000000000000114 ], [ 13506014.688100017607212, 119219.934600003995001, 0.000000000000114 ], [ 13506012.91890000551939, 119221.240500015206635, 0.000000000000114 ], [ 13506011.275000005960464, 119222.126600006595254, 0.000000000000114 ], [ 13506009.745554707944393, 119222.690391470678151, 0.000000000000114 ], [ 13506009.208400003612041, 119222.888400004245341, 0.000000000000114 ], [ 13506008.349672913551331, 119223.800506587140262, 0.000000000000114 ], [ 13506007.861899994313717, 119224.318600014783442, 0.000000000000114 ], [ 13506007.235600031912327, 119226.417400007136166, 0.000000000000114 ], [ 13506006.734600007534027, 119228.096400009468198, 0.000000000000114 ], [ 13506006.23360001295805, 119229.775400007143617, 0.000000000000114 ], [ 13506006.578000016510487, 119231.703100014477968, 0.000000000000114 ], [ 13506007.219999998807907, 119234.174900020472705, 0.000000000000114 ], [ 13506007.585151180624962, 119234.842843473888934, 0.000000000000114 ], [ 13506008.112400002777576, 119235.807300006039441, 0.000000000000114 ], [ 13506008.034100003540516, 119237.610700009390712, 0.000000000000114 ], [ 13506007.533100016415119, 119239.289700001478195, 0.000000000000114 ], [ 13506006.186600007116795, 119240.719900006428361, 0.000000000000114 ], [ 13506004.542700007557869, 119241.6061000097543, 0.000000000000114 ], [ 13506004.002929165959358, 119242.097748785279691, 0.000000000000114 ], [ 13506003.481218129396439, 119242.57294780574739, 0.000000000000114 ], [ 13506002.648200012743473, 119243.331700009293854, 0.000000000000114 ], [ 13506001.301800020039082, 119244.762000012211502, 0.000000000000114 ], [ 13505999.407400019466877, 119246.487600011751056, 0.000000000000114 ], [ 13505998.186099998652935, 119247.498100004158914, 0.000000000000114 ], [ 13505997.262400008738041, 119249.05270002502948, 0.000000000000114 ], [ 13505996.338700003921986, 119250.607300011441112, 0.000000000000114 ], [ 13505994.992300011217594, 119252.037600004114211, 0.000000000000114 ], [ 13505994.028959028422832, 119252.834730762057006, 0.000000000000114 ], [ 13505993.936583541333675, 119252.911168221384287, 0.000000000000114 ], [ 13505993.7711, 119253.048100006766617, 0.000000000000114 ], [ 13505993.554285489022732, 119253.12801936455071, 0.000000000000114 ], [ 13505990.216109648346901, 119255.021534511819482, 0.000000000000114 ], [ 13505986.385760821402073, 119257.764586505480111, 0.000000000000114 ], [ 13505986.021100014448166, 119258.986800005659461, 0.000000000000114 ], [ 13505985.520099997520447, 119260.665700005367398, 0.000000000000114 ], [ 13505984.906501792371273, 119261.820598331280053, 0.000000000000114 ], [ 13505983.36116673797369, 119266.240124166943133, 0.000000000000114 ], [ 13505979.890892915427685, 119273.214167582802474, 0.000000000000114 ], [ 13505982.491984151303768, 119271.166795756667852, 0.000000000000114 ], [ 13505986.193023256957531, 119268.779135019518435, 0.000000000000114 ], [ 13505990.754562057554722, 119265.320747081190348, 0.000000000000114 ], [ 13505997.415809072554111, 119263.355628291144967, 0.000000000000114 ], [ 13506002.97844398021698, 119261.73455729149282, 0.000000000000114 ], [ 13506005.021713249385357, 119258.174016282893717, 0.000000000000114 ], [ 13506005.816979683935642, 119254.57754479162395, 0.000000000000114 ], [ 13506012.938310153782368, 119249.456516906619072, 0.000000000000114 ], [ 13506019.978488698601723, 119247.649381439201534, 0.000000000000114 ], [ 13506026.550568826496601, 119248.961340120062232, 0.000000000000114 ], [ 13506030.189825601875782, 119247.805485391058028, 0.000000000000114 ], [ 13506034.26667932420969, 119245.662483163177967, 0.000000000000114 ], [ 13506039.364889375865459, 119244.066839777864516, 0.000000000000114 ], [ 13506044.477236978709698, 119242.492201900109649, 0.000000000000114 ], [ 13506049.572997994720936, 119238.821105469949543, 0.000000000000114 ], [ 13506054.891843266785145, 119236.772185666486621, 0.000000000000114 ], [ 13506060.941834934055805, 119234.51044708583504, 0.000000000000114 ], [ 13506063.763784043490887, 119232.400169124826789, 0.000000000000114 ], [ 13506069.285787351429462, 119229.891892351210117, 0.000000000000114 ], [ 13506073.501345157623291, 119228.198296983726323, 0.000000000000114 ], [ 13506081.015076838433743, 119228.41332686971873, 0.000000000000114 ], [ 13506087.550198845565319, 119231.03558608610183, 0.000000000000114 ], [ 13506091.393170334398746, 119234.084256725385785, 0.000000000000114 ], [ 13506094.725741930305958, 119236.889816432259977, 0.000000000000114 ], [ 13506097.855934672057629, 119241.08306512888521, 0.000000000000114 ], [ 13506100.775622256100178, 119247.593993275426328, 0.000000000000114 ], [ 13506101.567385666072369, 119249.626183163374662, 0.000000000000114 ], [ 13506103.549815326929092, 119254.71441213041544, 0.000000000000114 ], [ 13506103.996429115533829, 119258.59125164989382, 0.000000000000114 ], [ 13506105.65787249058485, 119270.205076049081981, 0.000000000000114 ], [ 13506105.033866606652737, 119274.496404812671244, 0.000000000000114 ], [ 13506104.991031028330326, 119274.790987749584019, 0.000000000000114 ], [ 13506104.993600003421307, 119274.818500014021993, 0.000000000000114 ], [ 13506104.4925, 119276.497500001452863, 0.000000000000114 ], [ 13506103.74099999666214, 119279.016000002622604, 0.000000000000114 ], [ 13506103.478681102395058, 119279.584017866291106, 0.000000000000114 ], [ 13506102.479530744254589, 119281.747549396939576, 0.000000000000114 ], [ 13506102.4415, 119281.829900003038347, 0.000000000000114 ], [ 13506102.25500001013279, 119282.454799997620285, 0.000000000000114 ], [ 13506101.690000005066395, 119284.348400008864701, 0.000000000000114 ], [ 13506099.920700006186962, 119285.654300005175173, 0.000000000000114 ], [ 13506098.57430000603199, 119287.084500006400049, 0.000000000000114 ], [ 13506097.999692566692829, 119287.394242773763835, 0.000000000000114 ], [ 13506097.478299997746944, 119287.675300019793212, 0.000000000000114 ], [ 13506094.86370000243187, 119288.732500011101365, 0.000000000000114 ], [ 13506092.624800026416779, 119288.530300001613796, 0.000000000000114 ], [ 13506092.179814219474792, 119288.644236688502133, 0.000000000000114 ], [ 13506090.745822720229626, 119289.011403941549361, 0.000000000000114 ], [ 13506090.135400019586086, 119289.167700002901256, 0.000000000000114 ], [ 13506089.359176285564899, 119289.134536457248032, 0.000000000000114 ], [ 13506088.319100014865398, 119289.090100003406405, 0.000000000000114 ], [ 13506086.080299995839596, 119288.888000001199543, 0.000000000000114 ], [ 13506084.138899996876717, 119289.230000007897615, 0.000000000000114 ], [ 13506083.719993807375431, 119289.178612550720572, 0.000000000000114 ], [ 13506083.421685926616192, 119289.142018945887685, 0.000000000000114 ], [ 13506081.701172150671482, 119288.930962540209293, 0.000000000000114 ], [ 13506079.165993995964527, 119288.952529361471534, 0.000000000000114 ], [ 13506078.666066147387028, 119289.080518760718405, 0.000000000000114 ], [ 13506077.290858544409275, 119289.432593545876443, 0.000000000000114 ], [ 13506077.1717, 119289.463100007735193, 0.000000000000114 ], [ 13506076.495679073035717, 119289.380197527818382, 0.000000000000114 ], [ 13506074.5101, 119289.136700010858476, 0.000000000000114 ], [ 13506073.620789237320423, 119289.166439433582127, 0.000000000000114 ], [ 13506073.116600006818771, 119289.183300003409386, 0.000000000000114 ], [ 13506072.604218877851963, 119289.108431763015687, 0.000000000000114 ], [ 13506071.956969022750854, 119289.013856758363545, 0.000000000000114 ], [ 13506071.167086772620678, 119289.020576293580234, 0.000000000000114 ], [ 13506067.439219661056995, 119291.757812451571226, 0.000000000000114 ], [ 13506063.98742488771677, 119294.422634907066822, 0.000000000000114 ], [ 13506061.204994209110737, 119295.923421693965793, 0.000000000000114 ], [ 13506059.11664056032896, 119300.760543145239353, 0.000000000000114 ], [ 13506058.951776392757893, 119301.458809754811227, 0.000000000000114 ], [ 13506058.354102067649364, 119304.565852918662131, 0.000000000000114 ], [ 13506059.119312234222889, 119308.252315835095942, 0.000000000000114 ], [ 13506058.670472018420696, 119313.661560215055943, 0.000000000000114 ], [ 13506059.222839377820492, 119322.498125896789134, 0.000000000000114 ], [ 13506061.89540396630764, 119329.055892865173519, 0.000000000000114 ], [ 13506062.78320000320673, 119329.976700000464916, 0.000000000000114 ], [ 13506063.14760797470808, 119330.314948710612953, 0.000000000000114 ], [ 13506063.503400027751923, 119330.645200005732477, 0.000000000000114 ], [ 13506064.263178072869778, 119332.035004679113626, 0.000000000000114 ], [ 13506064.395800016820431, 119332.277600000612438, 0.000000000000114 ], [ 13506064.814132951200008, 119333.042791760526597, 0.000000000000114 ], [ 13506065.110564902424812, 119333.585008827038109, 0.000000000000114 ], [ 13506065.217946380376816, 119333.78142518363893, 0.000000000000114 ], [ 13506065.585700027644634, 119334.454100004397333, 0.000000000000114 ], [ 13506066.160038940608501, 119335.778229281306267, 0.000000000000114 ], [ 13506066.947800010442734, 119337.59440001565963, 0.000000000000114 ], [ 13506066.954683817923069, 119337.796944215893745, 0.000000000000114 ], [ 13506066.994901821017265, 119338.977973829954863, 0.000000000000114 ], [ 13506067.11112504452467, 119339.628566784784198, 0.000000000000114 ], [ 13506067.316703468561172, 119340.779351147823036, 0.000000000000114 ], [ 13506067.339300028979778, 119340.905800018459558, 0.000000000000114 ], [ 13506067.291231766343117, 119341.066858980804682, 0.000000000000114 ], [ 13506067.2187235429883, 119341.309807007201016, 0.000000000000114 ], [ 13506066.838200017809868, 119342.584799995645881, 0.000000000000114 ], [ 13506066.086800016462803, 119345.103200014680624, 0.000000000000114 ], [ 13506065.335199996829033, 119347.621700000949204, 0.000000000000114 ], [ 13506064.959400005638599, 119348.880900012329221, 0.000000000000114 ], [ 13506063.91040001064539, 119350.85529999434948, 0.000000000000114 ], [ 13506061.933710888028145, 119352.386518524959683, 0.000000000000114 ], [ 13506060.920100003480911, 119353.171700012870133, 0.000000000000114 ], [ 13506059.698800019919872, 119354.182300017215312, 0.000000000000114 ], [ 13506058.434415318071842, 119355.771608439274132, 0.000000000000114 ], [ 13506058.227100037038326, 119356.032200010493398, 0.000000000000114 ], [ 13506057.005900003015995, 119357.042700007557869, 0.000000000000114 ], [ 13506042.28870002925396, 119363.214599993079901, 0.000000000000114 ], [ 13506042.352900058031082, 119363.324800017289817, 0.000000000000114 ], [ 13506057.296882405877113, 119386.443233506754041, 0.000000000000114 ], [ 13506059.736136972904205, 119390.216775324195623, 0.000000000000114 ], [ 13506062.212658248841763, 119391.441771183162928, 0.000000000000114 ], [ 13506062.925589330494404, 119395.150921796448529, 0.000000000000114 ], [ 13506063.944300003349781, 119396.726899999193847, 0.000000000000114 ], [ 13506063.33177649974823, 119397.202806790359318, 0.000000000000114 ], [ 13506065.633283533155918, 119398.79357903636992, 0.000000000000114 ], [ 13506067.678333900868893, 119402.412712844088674, 0.000000000000114 ], [ 13506073.238185867667198, 119410.071532142348588, 0.000000000000114 ], [ 13506099.483314342796803, 119398.997221647761762, 0.000000000000114 ], [ 13506166.073297880589962, 119367.42012288607657, 0.000000000000114 ], [ 13506172.378433831036091, 119365.20349164865911, 0.000000000000114 ], [ 13506178.18118492513895, 119362.279528400860727, 0.000000000000114 ], [ 13506182.086829252541065, 119359.952784187160432, 0.000000000000114 ], [ 13506186.615413844585419, 119355.771608439274132, 0.000000000000114 ], [ 13506186.638905875384808, 119355.749918622896075, 0.000000000000114 ], [ 13506195.171322211623192, 119351.162984286434948, 0.000000000000114 ], [ 13506206.454777099192142, 119340.212272587232292, 0.000000000000114 ], [ 13506220.23774740844965, 119331.144321519881487, 0.000000000000114 ], [ 13506228.867620743811131, 119325.466643248684704, 0.000000000000114 ], [ 13506238.095115967094898, 119322.719125726260245, 0.000000000000114 ], [ 13506243.410421721637249, 119319.965515270829201, 0.000000000000114 ], [ 13506248.321703650057316, 119317.421210566535592, 0.000000000000114 ], [ 13506264.661846406757832, 119316.891761764883995, 0.000000000000114 ], [ 13506281.020913504064083, 119308.386419271118939, 0.000000000000114 ], [ 13506318.961267665028572, 119298.51516713667661, 0.000000000000114 ], [ 13506331.06570378690958, 119292.853967227041721, 0.000000000000114 ], [ 13506346.838005870580673, 119285.325047663412988, 0.000000000000114 ], [ 13506357.404785864055157, 119283.367557290941477, 0.000000000000114 ], [ 13506366.288860462605953, 119279.543674032203853, 0.000000000000114 ], [ 13506372.904800437390804, 119278.279806970618665, 0.000000000000114 ], [ 13506504.295418083667755, 119229.91035508736968, 0.000000000000114 ], [ 13506526.446326956152916, 119221.297440240159631, 0.000000000000114 ], [ 13506540.487054325640202, 119217.044933653436601, 0.000000000000114 ], [ 13506553.94502416998148, 119212.868820714764297, 0.000000000000114 ], [ 13506556.60561191290617, 119211.846730698831379, 0.000000000000114 ], [ 13506569.745267413556576, 119206.799007277935743, 0.000000000000114 ], [ 13506584.299622915685177, 119200.560044244863093, 0.000000000000114 ], [ 13506600.125580959022045, 119192.787901173345745, 0.000000000000114 ], [ 13506609.744357265532017, 119178.839814697392285, 0.000000000000114 ], [ 13506611.848198719322681, 119175.78905623126775, 0.000000000000114 ], [ 13506615.555241607129574, 119170.413512093946338, 0.000000000000114 ], [ 13506616.528418071568012, 119145.190252620726824, 0.000000000000114 ], [ 13506608.753373824059963, 119132.034821233712137, 0.000000000000114 ], [ 13506598.64899193495512, 119097.42226904630661, 0.000000000000114 ], [ 13506598.64899193495512, 119078.109463527798653, 0.000000000000114 ], [ 13506594.013585157692432, 119053.776232886128128, 0.000000000000114 ], [ 13506590.327992260456085, 119048.119419347494841, 0.000000000000114 ], [ 13506572.492588214576244, 119028.423865388147533, 0.000000000000114 ], [ 13506545.987271368503571, 119006.003511440008879, 0.000000000000114 ], [ 13506526.560406617820263, 118994.340290099382401, 0.000000000000114 ], [ 13506512.053956963121891, 118988.757364485412836, 0.000000000000114 ], [ 13506497.416883684694767, 118986.179976645857096, 0.000000000000114 ], [ 13506455.17340625077486, 118983.637341450899839, 0.000000000000114 ] ] ] ] } },
{ "type": "Feature", "properties": { "WADMPR": "SULAWESI TENGAH", "WADMKK": "BUOL", "WADMKC": "BUNOBOGU", "WADMKD": "LONU", "POKTAN": "KT TANGGIO JAYA", "LUAS_HA": 31.007308276900002, "PAKET": "Paket Sulawesi Tengah 6" }, "geometry": { "type": "MultiPolygon", "coordinates": [ [ [ [ 13531164.67259207367897, 113608.707755164243281, 0.0 ], [ 13531147.720247313380241, 113552.411625985987484, 0.0 ], [ 13531122.29173006862402, 113505.059734889306128, 0.0 ], [ 13531127.05957704782486, 113481.383787024766207, 0.0 ], [ 13531127.05957704782486, 113437.977878581732512, 0.0 ], [ 13531121.497088924050331, 113402.463949645869434, 0.0 ], [ 13531098.452495217323303, 113342.879461105912924, 0.0 ], [ 13531077.950753197073936, 113323.701934888958931, 0.0 ], [ 13531069.368628650903702, 113310.12771818973124, 0.0 ], [ 13531067.17674345523119, 113302.959163607098162, 0.0 ], [ 13531067.231330893933773, 113302.07601276692003, 0.0 ], [ 13531044.912047572433949, 113282.780294757336378, 0.0 ], [ 13531001.24716429412365, 113242.456907539628446, 0.0 ], [ 13531000.874335035681725, 113255.97195949871093, 0.0 ], [ 13530996.901129245758057, 113289.118306636810303, 0.0 ], [ 13530993.325243979692459, 113317.924058232456446, 0.0 ], [ 13530982.200267717242241, 113343.17841393686831, 0.0 ], [ 13530957.963712260127068, 113358.567786080762744, 0.0 ], [ 13530929.356630384922028, 113371.58956201467663, 0.0 ], [ 13530908.067362450063229, 113374.801226263865829, 0.0 ], [ 13530905.97908915579319, 113392.117683844640851, 0.0 ], [ 13530888.418063573539257, 113413.323056939058006, 0.0 ], [ 13530893.4905159547925, 113429.107880732044578, 0.0 ], [ 13530949.644258745014668, 113394.996665420010686, 0.0 ], [ 13530993.349522687494755, 113416.041957508772612, 0.0 ], [ 13530993.349522687494755, 113450.240554538555443, 0.0 ], [ 13531001.295934334397316, 113476.547165439464152, 0.0 ], [ 13531061.556222498416901, 113479.835491677746177, 0.0 ], [ 13531078.111246719956398, 113506.142100429162383, 0.0 ], [ 13531082.084452547132969, 113540.998354110866785, 0.0 ], [ 13531068.178232185542583, 113566.647293352521956, 0.0 ], [ 13531047.925564371049404, 113578.852845286950469, 0.0 ], [ 13531055.556242272257805, 113595.904266799800098, 0.0 ], [ 13531057.569045454263687, 113622.557811480015516, 0.0 ], [ 13531067.646540947258472, 113623.019740666262805, 0.0 ], [ 13531081.420321069657803, 113605.867837487719953, 0.0 ], [ 13531106.107173211872578, 113607.23578071501106, 0.0 ], [ 13531120.092857681214809, 113620.073401539586484, 0.0 ], [ 13531124.330943882465363, 113630.069909210316837, 0.0 ], [ 13531123.979851938784122, 113641.315065075643361, 0.0 ], [ 13531171.944122187793255, 113616.925576003268361, 0.0 ], [ 13531164.67259207367897, 113608.707755164243281, 0.0 ] ] ], [ [ [ 13531602.079143844544888, 113971.177002666518092, 0.0 ], [ 13531619.031488686800003, 113965.78415494132787, 0.0 ], [ 13531641.811201974749565, 113967.888680905103683, 0.0 ], [ 13531678.894456245005131, 113960.917438637465239, 0.0 ], [ 13531706.177136175334454, 113965.126490583643317, 0.0 ], [ 13531722.069959402084351, 113972.886929966509342, 0.0 ], [ 13531749.617519691586494, 113970.782404064200819, 0.0 ], [ 13531770.145749785006046, 113962.364300252869725, 0.0 ], [ 13531775.708237886428833, 113938.819915138185024, 0.0 ], [ 13531775.046036899089813, 113916.853923173621297, 0.0 ], [ 13531756.504409812390804, 113905.147495767101645, 0.0 ], [ 13531753.325845152139664, 113894.493331174366176, 0.0 ], [ 13531768.688907653093338, 113879.630113349296153, 0.0 ], [ 13531796.409079931676388, 113861.317564921453595, 0.0 ], [ 13531794.431484796106815, 113860.553916903212667, 0.0 ], [ 13531790.398417271673679, 113858.99654857814312, 0.0 ], [ 13531788.471886686980724, 113855.952364806085825, 0.0 ], [ 13531785.449568673968315, 113851.176685890182853, 0.0 ], [ 13531785.137165166437626, 113850.683045319281518, 0.0 ], [ 13531784.64816489815712, 113849.910357497632504, 0.0 ], [ 13531783.301356457173824, 113847.782214565202594, 0.0 ], [ 13531783.000993378460407, 113847.30759946629405, 0.0 ], [ 13531781.209637977182865, 113844.477011102251709, 0.0 ], [ 13531779.456267923116684, 113841.706444721668959, 0.0 ], [ 13531777.979586012661457, 113836.369236300699413, 0.0 ], [ 13531775.915449246764183, 113828.908774796873331, 0.0 ], [ 13531773.95755361020565, 113821.832303549163043, 0.0 ], [ 13531769.185709089040756, 113804.585304964333773, 0.0 ], [ 13531768.893554493784904, 113792.450558368116617, 0.0 ], [ 13531768.893989063799381, 113792.447485488839447, 0.0 ], [ 13531768.894125141203403, 113792.444222764112055, 0.0 ], [ 13531768.892376825213432, 113792.402105834335089, 0.0 ], [ 13531768.892036870121956, 113792.388356525450945, 0.0 ], [ 13531768.89133333414793, 113792.360200004652143, 0.0 ], [ 13531768.893425591289997, 113792.345043081790209, 0.0 ], [ 13531768.896869570016861, 113792.320093892514706, 0.0 ], [ 13531768.902412988245487, 113792.279935630038381, 0.0 ], [ 13531768.911186620593071, 113792.216377011500299, 0.0 ], [ 13531768.912804320454597, 113792.204657750204206, 0.0 ], [ 13531768.923750497400761, 113792.125360161066055, 0.0 ], [ 13531768.924583479762077, 113792.119325687177479, 0.0 ], [ 13531768.932114258408546, 113792.064770463854074, 0.0 ], [ 13531768.938117623329163, 113792.021280220709741, 0.0 ], [ 13531768.939455360174179, 113792.011589102447033, 0.0 ], [ 13531768.946222528815269, 113791.962565701454878, 0.0 ], [ 13531768.95147143304348, 113791.92454101704061, 0.0 ], [ 13531768.95229434221983, 113791.918579609133303, 0.0 ], [ 13531768.963852748274803, 113791.834847092628479, 0.0 ], [ 13531768.964698977768421, 113791.828716670162976, 0.0 ], [ 13531768.977661080658436, 113791.734815162606537, 0.0 ], [ 13531768.983684733510017, 113791.691178052686155, 0.0 ], [ 13531768.989126659929752, 113791.651755058206618, 0.0 ], [ 13531768.991138279438019, 113791.637182088568807, 0.0 ], [ 13531769.010937072336674, 113791.49375356733799, 0.0 ], [ 13531769.018016323447227, 113791.44246921967715, 0.0 ], [ 13531769.022328667342663, 113791.411229367367923, 0.0 ], [ 13531769.0511609390378, 113791.202359361574054, 0.0 ], [ 13531769.057260639965534, 113791.158171317540109, 0.0 ], [ 13531769.084670789539814, 113790.959603656083345, 0.0 ], [ 13531769.09472369402647, 113790.886777319945395, 0.0 ], [ 13531769.112336948513985, 113790.759181382134557, 0.0 ], [ 13531769.122296079993248, 113790.687034359201789, 0.0 ], [ 13531769.14347281306982, 113790.533623644150794, 0.0 ], [ 13531769.151496969163418, 113790.475494177080691, 0.0 ], [ 13531769.1839220225811, 113790.240597008727491, 0.0 ], [ 13531769.184436276555061, 113790.23687147628516, 0.0 ], [ 13531769.220536306500435, 113789.975351701490581, 0.0 ], [ 13531769.223984338343143, 113789.950373231433332, 0.0 ], [ 13531769.251215636730194, 113789.753101239912212, 0.0 ], [ 13531769.257072076201439, 113789.710675263777375, 0.0 ], [ 13531769.279247015714645, 113789.550033139996231, 0.0 ], [ 13531769.290400892496109, 113789.469231072813272, 0.0 ], [ 13531769.308556720614433, 113789.337704579345882, 0.0 ], [ 13531769.316088661551476, 113789.283140947110951, 0.0 ], [ 13531769.341336101293564, 113789.100240555591881, 0.0 ], [ 13531769.346778653562069, 113789.060813174583018, 0.0 ], [ 13531769.371193647384644, 113788.883943248540163, 0.0 ], [ 13531769.378633439540863, 113788.830047209747136, 0.0 ], [ 13531769.395116224884987, 113788.710640821605921, 0.0 ], [ 13531769.404040031135082, 113788.645993921905756, 0.0 ], [ 13531769.420408390462399, 113788.527416488155723, 0.0 ], [ 13531769.430503413081169, 113788.454284932464361, 0.0 ], [ 13531769.445609256625175, 113788.344853627495468, 0.0 ], [ 13531769.456234335899353, 113788.267882193438709, 0.0 ], [ 13531769.474918946623802, 113788.132525079883635, 0.0 ], [ 13531769.481397159397602, 113788.085594950243831, 0.0 ], [ 13531769.497367694973946, 113787.969899367541075, 0.0 ], [ 13531769.503775760531425, 113787.923477384261787, 0.0 ], [ 13531769.51838131248951, 113787.817670274525881, 0.0 ], [ 13531769.527724303305149, 113787.749986699782312, 0.0 ], [ 13531769.543764799833298, 113787.633784483186901, 0.0 ], [ 13531769.553352974355221, 113787.564324727281928, 0.0 ], [ 13531769.570883102715015, 113787.437330982647836, 0.0 ], [ 13531769.581639423966408, 113787.35940888337791, 0.0 ], [ 13531769.599644958972931, 113787.22897116933018, 0.0 ], [ 13531769.608652777969837, 113787.163715739734471, 0.0 ], [ 13531769.627128534018993, 113787.029871816746891, 0.0 ], [ 13531769.63793059438467, 113786.951618153601885, 0.0 ], [ 13531769.654703386127949, 113786.830111018382013, 0.0 ], [ 13531769.667595148086548, 113786.736719027161598, 0.0 ], [ 13531769.681365147233009, 113786.636964784003794, 0.0 ], [ 13531769.692714251577854, 113786.554748433642089, 0.0 ], [ 13531769.709031313657761, 113786.436542505398393, 0.0 ], [ 13531769.714366987347603, 113786.397889282554388, 0.0 ], [ 13531769.742267251014709, 113786.195771193131804, 0.0 ], [ 13531769.744476228952408, 113786.179768639616668, 0.0 ], [ 13531769.745901294052601, 113786.169445094652474, 0.0 ], [ 13531769.750503182411194, 113786.13610753044486, 0.0 ], [ 13531769.753729842603207, 113786.123843105509877, 0.0 ], [ 13531769.755710236728191, 113786.09833818487823, 0.0 ], [ 13531769.761281177401543, 113786.070742501877248, 0.0 ], [ 13531769.769566141068935, 113786.012703065760434, 0.0 ], [ 13531769.770753294229507, 113786.00200748629868, 0.0 ], [ 13531769.774309776723385, 113785.977987498044968, 0.0 ], [ 13531769.777231365442276, 113785.956606862135231, 0.0 ], [ 13531769.783306121826172, 113785.911991390399635, 0.0 ], [ 13531769.787488535046577, 113785.881540677510202, 0.0 ], [ 13531769.788423486053944, 113785.874583618715405, 0.0 ], [ 13531769.797033660113811, 113785.811686187051237, 0.0 ], [ 13531769.804842248558998, 113785.754495527595282, 0.0 ], [ 13531769.811025947332382, 113785.709285847842693, 0.0 ], [ 13531769.815669402480125, 113785.675282851792872, 0.0 ], [ 13531769.81731703132391, 113785.66324539296329, 0.0 ], [ 13531769.828072920441628, 113785.584520624019206, 0.0 ], [ 13531769.838251210749149, 113785.510041800327599, 0.0 ], [ 13531769.838868416845798, 113785.505521406419575, 0.0 ], [ 13531769.848447129130363, 113785.435424488969147, 0.0 ], [ 13531769.849911592900753, 113785.424707601778209, 0.0 ], [ 13531769.855372682213783, 113785.384739621542394, 0.0 ], [ 13531769.881554327905178, 113785.193134340457618, 0.0 ], [ 13531769.969175651669502, 113784.551839116029441, 0.0 ], [ 13531736.849403820931911, 113778.990177331492305, 0.0 ], [ 13531736.206033386290073, 113779.101200005039573, 0.0 ], [ 13531735.956768594682217, 113778.840270611457527, 0.0 ], [ 13531717.978075407445431, 113775.821159167215228, 0.0 ], [ 13531666.704429268836975, 113748.459094081073999, 0.0 ], [ 13531633.395496711134911, 113709.743585106916726, 0.0 ], [ 13531633.441052190959454, 113709.703028751537204, 0.0 ], [ 13531648.786332666873932, 113686.06750173214823, 0.0 ], [ 13531621.685046032071114, 113643.146749033592641, 0.0 ], [ 13531626.548371978104115, 113621.890182517468929, 0.0 ], [ 13531618.731072045862675, 113622.731852716766298, 0.0 ], [ 13531616.553932324051857, 113623.564020909368992, 0.0 ], [ 13531527.08980143815279, 113657.759897124953568, 0.0 ], [ 13531551.442843094468117, 113771.460067987442017, 0.0 ], [ 13531471.184085704386234, 113791.979206470772624, 0.0 ], [ 13531456.174197055399418, 113719.561110999435186, 0.0 ], [ 13531434.983766049146652, 113642.943152735009789, 0.0 ], [ 13531425.050751514732838, 113618.938381355255842, 0.0 ], [ 13531412.137832656502724, 113609.073406357318163, 0.0 ], [ 13531409.33561883866787, 113603.784683549776673, 0.0 ], [ 13531380.993417382240295, 113614.307323692366481, 0.0 ], [ 13531359.337494365870953, 113629.340685293078423, 0.0 ], [ 13531359.29419531673193, 113629.132188570685685, 0.0 ], [ 13531343.070271603763103, 113619.5960463443771, 0.0 ], [ 13531310.291323617100716, 113604.798583779484034, 0.0 ], [ 13531284.796586334705353, 113560.406192471273243, 0.0 ], [ 13531299.040048129856586, 113548.426782752387226, 0.0 ], [ 13531326.030736967921257, 113582.925740792416036, 0.0 ], [ 13531349.207770861685276, 113568.45710925757885, 0.0 ], [ 13531368.146718598902225, 113544.781165527179837, 0.0 ], [ 13531332.255426064133644, 113539.782910539768636, 0.0 ], [ 13531322.606756612658501, 113524.964488149620593, 0.0 ], [ 13531326.846347838640213, 113506.806483107618988, 0.0 ], [ 13531353.996587581932545, 113508.450646075420082, 0.0 ], [ 13531362.06988238543272, 113489.632899038493633, 0.0 ], [ 13531333.539664842188358, 113474.612903906032443, 0.0 ], [ 13531303.589267157018185, 113452.930019686929882, 0.0 ], [ 13531278.31584656983614, 113429.898670113645494, 0.0 ], [ 13531268.741925060749054, 113399.135844530537724, 0.0 ], [ 13531213.180363461375237, 113394.475533786229789, 0.0 ], [ 13531183.631829172372818, 113392.467154642567039, 0.0 ], [ 13531125.469621606171131, 113352.424830588512123, 0.0 ], [ 13531111.513532996177673, 113340.359357551671565, 0.0 ], [ 13531107.15484918653965, 113343.955099523998797, 0.0 ], [ 13531108.081523649394512, 113346.148261119611561, 0.0 ], [ 13531117.463147208094597, 113363.038377016782761, 0.0 ], [ 13531123.926228642463684, 113377.875309342518449, 0.0 ], [ 13531126.301015362143517, 113385.797521963715553, 0.0 ], [ 13531150.986409045755863, 113383.052451556548476, 0.0 ], [ 13531153.847117230296135, 113399.678232938051224, 0.0 ], [ 13531130.537729002535343, 113399.771203779615462, 0.0 ], [ 13531131.337395295500755, 113401.694481168873608, 0.0 ], [ 13531135.469529360532761, 113437.050570495426655, 0.0 ], [ 13531138.489165768027306, 113478.404563487507403, 0.0 ], [ 13531137.007927276194096, 113492.527054021134973, 0.0 ], [ 13531252.282518744468689, 113487.20805979706347, 0.0 ], [ 13531259.434289216995239, 113505.35961967241019, 0.0 ], [ 13531241.95218364149332, 113585.068632747977972, 0.0 ], [ 13531212.550460644066334, 113600.589527650736272, 0.0 ], [ 13531206.156236857175827, 113630.377268261276186, 0.0 ], [ 13531220.655061967670918, 113635.454990119673312, 0.0 ], [ 13531273.896019876003265, 113648.713515507057309, 0.0 ], [ 13531306.635235771536827, 113659.920125848613679, 0.0 ], [ 13531312.356652170419693, 113666.233709004707634, 0.0 ], [ 13531325.36234624683857, 113691.639388203620911, 0.0 ], [ 13531360.751037456095219, 113678.150147861801088, 0.0 ], [ 13531388.431037932634354, 113719.977632055990398, 0.0 ], [ 13531348.723140746355057, 113741.690846336074173, 0.0 ], [ 13531364.061303809285164, 113778.457631041295826, 0.0 ], [ 13531384.059773065149784, 113827.782480306923389, 0.0 ], [ 13531392.842358462512493, 113855.646102599799633, 0.0 ], [ 13531436.087434314191341, 113845.907705971971154, 0.0 ], [ 13531442.577003836631775, 113859.324063142761588, 0.0 ], [ 13531483.103703118860722, 113851.300555473193526, 0.0 ], [ 13531489.195952013134956, 113874.318814682774246, 0.0 ], [ 13531416.353845492005348, 113889.313565589487553, 0.0 ], [ 13531418.737768970429897, 113896.284809231758118, 0.0 ], [ 13531405.040085710585117, 113898.588686323724687, 0.0 ], [ 13531406.442165799438953, 113906.386546176858246, 0.0 ], [ 13531422.970701992511749, 113952.949187595397234, 0.0 ], [ 13531428.261349134147167, 113963.708201348781586, 0.0 ], [ 13531456.191855765879154, 113956.358509199693799, 0.0 ], [ 13531445.331759877502918, 113912.42652605753392, 0.0 ], [ 13531502.545923575758934, 113901.114697200246155, 0.0 ], [ 13531492.480468824505806, 113860.339497206732631, 0.0 ], [ 13531497.778076611459255, 113854.815114921890199, 0.0 ], [ 13531561.879130348563194, 113841.135691773146391, 0.0 ], [ 13531611.411762833595276, 113897.694841893389821, 0.0 ], [ 13531596.698356769979, 113973.346716297790408, 0.0 ], [ 13531602.079143844544888, 113971.177002666518092, 0.0 ] ] ], [ [ [ 13531860.467533782124519, 114110.976796444505453, 0.0 ], [ 13531858.772299312055111, 114088.458377053029835, 0.0 ], [ 13531865.715602517127991, 114089.528404706157744, 0.0 ], [ 13531867.665216870605946, 114084.849116248078644, 0.0 ], [ 13531870.645121216773987, 114080.245467208325863, 0.0 ], [ 13531876.07516922801733, 114076.562547943554819, 0.0 ], [ 13531880.644355893135071, 114072.221964442171156, 0.0 ], [ 13531883.425599977374077, 114065.776855558156967, 0.0 ], [ 13531883.359379820525646, 114056.240724828094244, 0.0 ], [ 13531881.306556843221188, 114052.228973197750747, 0.0 ], [ 13531874.022346168756485, 114046.770360286347568, 0.0 ], [ 13531870.181580550968647, 114047.099192380905151, 0.0 ], [ 13531858.924164079129696, 114055.583060622215271, 0.0 ], [ 13531853.096795544028282, 114054.925396434031427, 0.0 ], [ 13531847.799187794327736, 114051.110944059677422, 0.0 ], [ 13531844.554403074085712, 114043.482039188034832, 0.0 ], [ 13531844.157082483172417, 114037.497294728644192, 0.0 ], [ 13531842.038039349019527, 114029.539557459764183, 0.0 ], [ 13531840.183876685798168, 114022.502549952827394, 0.0 ], [ 13531839.058135062456131, 114017.833133706822991, 0.0 ], [ 13531833.892967455089092, 114015.794374459423125, 0.0 ], [ 13531827.602058254182339, 114010.993425277993083, 0.0 ], [ 13531820.648948088288307, 114008.691600257530808, 0.0 ], [ 13531809.908048361539841, 114006.718607420101762, 0.0 ], [ 13531803.868775509297848, 114003.561818839050829, 0.0 ], [ 13531794.333081603050232, 113998.405730742961168, 0.0 ], [ 13531793.233827918767929, 113997.550547895953059, 0.0 ], [ 13531787.97595227509737, 113993.460095157846808, 0.0 ], [ 13531781.300966538488865, 113983.779276373796165, 0.0 ], [ 13531781.287281021475792, 113983.7452970482409, 0.0 ], [ 13531778.240089312195778, 113976.17950729187578, 0.0 ], [ 13531776.773277744650841, 113977.600739158689976, 0.0 ], [ 13531756.006655342876911, 113982.862053850665689, 0.0 ], [ 13531751.52130912989378, 113983.7452970482409, 0.0 ], [ 13531743.899855770170689, 113985.246094620786607, 0.0 ], [ 13531736.861822403967381, 113986.63200656697154, 0.0 ], [ 13531731.425755426287651, 113987.702463288791478, 0.0 ], [ 13531713.727445393800735, 113988.579351898282766, 0.0 ], [ 13531700.741398639976978, 113983.7452970482409, 0.0 ], [ 13531698.368683040142059, 113982.862053850665689, 0.0 ], [ 13531686.925850301980972, 113981.809790917672217, 0.0 ], [ 13531676.542539119720459, 113982.335922370664775, 0.0 ], [ 13531674.958682581782341, 113983.7452970482409, 0.0 ], [ 13531669.080485247075558, 113988.975936419330537, 0.0 ], [ 13531652.523470848798752, 113990.981343056075275, 0.0 ], [ 13531645.180701233446598, 113990.859252012334764, 0.0 ], [ 13531637.234289586544037, 113986.334521498531103, 0.0 ], [ 13531631.090755484998226, 113984.03092481661588, 0.0 ], [ 13531618.674341551959515, 113984.994308903813362, 0.0 ], [ 13531613.606959030032158, 113985.38748486712575, 0.0 ], [ 13531608.865507863461971, 113987.28759484924376, 0.0 ], [ 13531601.528413362801075, 113990.227894266135991, 0.0 ], [ 13531590.085580609738827, 113994.963077314198017, 0.0 ], [ 13531581.503456085920334, 113999.066902570426464, 0.0 ], [ 13531571.543953493237495, 113999.59303401876241, 0.0 ], [ 13531570.734302416443825, 113999.253271664492786, 0.0 ], [ 13531569.614834420382977, 113998.783497599884868, 0.0 ], [ 13531568.241115801036358, 113998.207029661163688, 0.0 ], [ 13531564.021350480616093, 113996.436245352961123, 0.0 ], [ 13531553.848177708685398, 113990.898762448690832, 0.0 ], [ 13531553.002326361835003, 113990.438346857205033, 0.0 ], [ 13531543.784488879144192, 113983.598637899383903, 0.0 ], [ 13531521.357287146151066, 113982.442934509366751, 0.0 ], [ 13531521.322632052004337, 113982.44114866387099, 0.0 ], [ 13531507.972660452127457, 113979.389586180448532, 0.0 ], [ 13531495.25840187817812, 113976.127571034245193, 0.0 ], [ 13531479.895339421927929, 113982.546374961733818, 0.0 ], [ 13531469.440095596015453, 113990.295651258900762, 0.0 ], [ 13531463.795238718390465, 113992.449606427922845, 0.0 ], [ 13531462.535078823566437, 113992.930456158705056, 0.0 ], [ 13531459.465115115046501, 113997.963780323043466, 0.0 ], [ 13531461.796372160315514, 114000.249382996931672, 0.0 ], [ 13531490.456120453774929, 114028.347869826480746, 0.0 ], [ 13531592.170189246535301, 114065.834729989990592, 0.0 ], [ 13531712.558325409889221, 114106.872972460463643, 0.0 ], [ 13531837.593845516443253, 114149.106190489605069, 0.0 ], [ 13531880.16881050914526, 114164.937346333637834, 0.0 ], [ 13531908.781716488301754, 114122.341231872327626, 0.0 ], [ 13531860.467533782124519, 114110.976796444505453, 0.0 ] ], [ [ 13531691.834414966404438, 114041.669681021943688, 0.0 ], [ 13531709.184080347418785, 114038.381359905935824, 0.0 ], [ 13531711.607336275279522, 114056.960729952901602, 0.0 ], [ 13531695.2778599858284, 114059.295081778429449, 0.0 ], [ 13531691.834414966404438, 114041.669681021943688, 0.0 ] ] ], [ [ [ 13531928.887656167149544, 113943.387159991078079, 0.0 ], [ 13531923.602206774055958, 113947.416847326792777, 0.0 ], [ 13531923.531518884003162, 113948.351495095528662, 0.0 ], [ 13531922.396950632333755, 113948.33557490631938, 0.0 ], [ 13531921.174773946404457, 113949.267348193563521, 0.0 ], [ 13531916.025134272873402, 113948.246466060169041, 0.0 ], [ 13531910.566917009651661, 113948.170292387716472, 0.0 ], [ 13531910.526396706700325, 113947.156596459448338, 0.0 ], [ 13531904.147789888083935, 113945.892378659918904, 0.0 ], [ 13531892.621435858309269, 113949.001569476909935, 0.0 ], [ 13531882.819309420883656, 113944.902120778337121, 0.0 ], [ 13531878.703159920871258, 113938.481088316999376, 0.0 ], [ 13531861.35435126721859, 113936.793105998076499, 0.0 ], [ 13531861.746641129255295, 113934.686444805935025, 0.0 ], [ 13531855.536460712552071, 113922.147084089927375, 0.0 ], [ 13531860.053137712180614, 113911.710957035422325, 0.0 ], [ 13531865.287825480103493, 113886.698788865469396, 0.0 ], [ 13531834.631328254938126, 113884.67006997205317, 0.0 ], [ 13531834.16278450936079, 113879.685502093285322, 0.0 ], [ 13531827.897278293967247, 113877.967669160105288, 0.0 ], [ 13531811.124659299850464, 113866.999983303248882, 0.0 ], [ 13531809.022713214159012, 113866.188317187130451, 0.0 ], [ 13531788.986912421882153, 113880.943359795957804, 0.0 ], [ 13531784.626945562660694, 113885.120180550031364, 0.0 ], [ 13531775.698537275195122, 113893.673539256677032, 0.0 ], [ 13531776.177296884357929, 113899.263262059539557, 0.0 ], [ 13531784.289939068257809, 113907.775175791233778, 0.0 ], [ 13531793.977258913218975, 113921.571240609511733, 0.0 ], [ 13531796.414158515632153, 113933.987945071421564, 0.0 ], [ 13531796.415291234850883, 113948.13739219494164, 0.0 ], [ 13531790.761655077338219, 113962.395033217966557, 0.0 ], [ 13531789.739172741770744, 113964.973583619110286, 0.0 ], [ 13531783.604625299572945, 113970.917506380937994, 0.0 ], [ 13531792.280258558690548, 113986.883451976813376, 0.0 ], [ 13531802.557617612183094, 113994.144066042266786, 0.0 ], [ 13531812.093311563134193, 114000.036738195456564, 0.0 ], [ 13531824.807570151984692, 114004.035337100736797, 0.0 ], [ 13531839.428967535495758, 114010.559366827830672, 0.0 ], [ 13531845.892049007117748, 114014.13706049323082, 0.0 ], [ 13531846.951570555567741, 114019.608827197924256, 0.0 ], [ 13531852.037273988127708, 114021.08199515286833, 0.0 ], [ 13531852.990843392908573, 114025.501498964615166, 0.0 ], [ 13531853.096795536577702, 114030.97326550539583, 0.0 ], [ 13531852.143226161599159, 114042.12725087814033, 0.0 ], [ 13531857.334881737828255, 114044.23177638836205, 0.0 ], [ 13531862.102728702127934, 114040.969761860556901, 0.0 ], [ 13531867.294384308159351, 114036.445031955838203, 0.0 ], [ 13531874.922939456999302, 114038.444331208243966, 0.0 ], [ 13531882.445542484521866, 114043.705645015463233, 0.0 ], [ 13531891.345523484051228, 114051.387163020670414, 0.0 ], [ 13531897.702652804553509, 114061.488885069265962, 0.0 ], [ 13531896.960987702012062, 114069.27562896348536, 0.0 ], [ 13531891.027667030692101, 114075.063073644414544, 0.0 ], [ 13531884.670537739992142, 114083.060269778594375, 0.0 ], [ 13531881.915781691670418, 114091.37314450647682, 0.0 ], [ 13531875.717580623924732, 114097.213201947510242, 0.0 ], [ 13531874.869963392615318, 114100.527829119004309, 0.0 ], [ 13531875.946107007563114, 114102.694256328977644, 0.0 ], [ 13531891.99895554035902, 114102.261416256427765, 0.0 ], [ 13531898.287875831127167, 114102.88125919457525, 0.0 ], [ 13531904.062197297811508, 114104.119288115762174, 0.0 ], [ 13531934.912369884550571, 114109.784210277721286, 0.0 ], [ 13531953.851114436984062, 114083.19706392288208, 0.0 ], [ 13531968.535782128572464, 114063.286649184301496, 0.0 ], [ 13531979.067727290093899, 114073.726700057275593, 0.0 ], [ 13531996.972977451980114, 114094.499270011670887, 0.0 ], [ 13532004.397049635648727, 114109.548149134032428, 0.0 ], [ 13532007.2510005235672, 114126.129376919008791, 0.0 ], [ 13532011.312437877058983, 114170.428037529811263, 0.0 ], [ 13532078.503059409558773, 114159.336141935549676, 0.0 ], [ 13532067.112731516361237, 114087.183826302178204, 0.0 ], [ 13532055.22158594429493, 114038.710717876441777, 0.0 ], [ 13532022.852455392479897, 114036.476599833928049, 0.0 ], [ 13532022.887267477810383, 113959.578076946549118, 0.0 ], [ 13531974.881864160299301, 113951.219561369158328, 0.0 ], [ 13531928.887656167149544, 113943.387159991078079, 0.0 ] ] ], [ [ [ 13531708.863458126783371, 114243.365191749297082, 0.0 ], [ 13531713.910683840513229, 114242.875535751692951, 0.0 ], [ 13531719.384931117296219, 114244.128254600800574, 0.0 ], [ 13531722.512452185153961, 114244.843999180942774, 0.0 ], [ 13531726.437243483960629, 114245.740725208073854, 0.0 ], [ 13531730.367712065577507, 114246.638335681520402, 0.0 ], [ 13531734.298180624842644, 114247.535835626535118, 0.0 ], [ 13531739.015678018331528, 114248.612990278750658, 0.0 ], [ 13531742.33990066498518, 114248.550083472393453, 0.0 ], [ 13531745.669355310499668, 114248.487950570881367, 0.0 ], [ 13531749.180149406194687, 114247.644955145195127, 0.0 ], [ 13531756.202294200658798, 114245.958853747695684, 0.0 ], [ 13531762.20898263156414, 114241.572181890718639, 0.0 ], [ 13531764.15495865046978, 114240.370429698377848, 0.0 ], [ 13531768.053701192140579, 114237.96692531555891, 0.0 ], [ 13531779.701059475541115, 114204.462912767194211, 0.0 ], [ 13531780.608424663543701, 114200.560589732602239, 0.0 ], [ 13531780.723195061087608, 114196.474631826393306, 0.0 ], [ 13531781.449109427630901, 114193.352950232103467, 0.0 ], [ 13531781.382540412247181, 114190.047302070073783, 0.0 ], [ 13531781.32309577614069, 114186.744307270273566, 0.0 ], [ 13531783.03574612736702, 114183.039880725555122, 0.0 ], [ 13531784.567724980413914, 114180.115542871877551, 0.0 ], [ 13531787.071745611727238, 114176.593977203592658, 0.0 ], [ 13531790.170212306082249, 114174.025632197968662, 0.0 ], [ 13531793.25454144179821, 114171.445789285935462, 0.0 ], [ 13531794.750341460108757, 114168.491711564362049, 0.0 ], [ 13531795.635999292135239, 114164.570925150997937, 0.0 ], [ 13531795.553400263190269, 114161.252341597341001, 0.0 ], [ 13531795.907507568597794, 114159.683540547266603, 0.0 ], [ 13531797.155844308435917, 114154.199923057109118, 0.0 ], [ 13531798.243547052145004, 114149.517289531417191, 0.0 ], [ 13531798.507501997053623, 114148.383304961025715, 0.0 ], [ 13531723.782114088535309, 114125.053339432924986, 0.0 ], [ 13531665.29652450978756, 114102.955825953744352, 0.0 ], [ 13531625.480570882558823, 114089.64026930462569, 0.0 ], [ 13531589.4010294303298, 114143.960591197945178, 0.0 ], [ 13531565.24393805116415, 114145.644211107864976, 0.0 ], [ 13531538.650805972516537, 114061.48398416582495, 0.0 ], [ 13531483.058817893266678, 114040.030518274754286, 0.0 ], [ 13531423.937515392899513, 113994.993669246323407, 0.0 ], [ 13531406.561361961066723, 113949.956814615987241, 0.0 ], [ 13531394.786683596670628, 113914.679873984307051, 0.0 ], [ 13531306.993220143020153, 113951.811074602417648, 0.0 ], [ 13531338.211869664490223, 113975.660902977921069, 0.0 ], [ 13531350.992348365485668, 113999.192132417112589, 0.0 ], [ 13531358.144118815660477, 114014.502557025291026, 0.0 ], [ 13531363.706606984138489, 114043.150411603040993, 0.0 ], [ 13531363.706606984138489, 114059.250031355768442, 0.0 ], [ 13531359.952170819044113, 114073.354441815055907, 0.0 ], [ 13531359.805721320211887, 114075.032065506093204, 0.0 ], [ 13531358.718909114599228, 114079.707845475524664, 0.0 ], [ 13531357.681712403893471, 114082.373647413216531, 0.0 ], [ 13531356.960103511810303, 114085.927520635537803, 0.0 ], [ 13531356.099242247641087, 114089.191726972348988, 0.0 ], [ 13531354.907280497252941, 114092.63788703083992, 0.0 ], [ 13531353.132581919431686, 114096.136660199612379, 0.0 ], [ 13531350.45728999376297, 114100.977068121545017, 0.0 ], [ 13531347.411165527999401, 114105.054585601203144, 0.0 ], [ 13531344.709385596215725, 114108.185066739097238, 0.0 ], [ 13531341.054036244750023, 114111.894292272627354, 0.0 ], [ 13531336.524581603705883, 114115.721897291019559, 0.0 ], [ 13531331.571318358182907, 114120.325545863248408, 0.0 ], [ 13531329.051384836435318, 114122.54638266377151, 0.0 ], [ 13531330.504984185099602, 114124.061804977245629, 0.0 ], [ 13531333.945424385368824, 114127.324557668529451, 0.0 ], [ 13531336.588594354689121, 114130.402238234877586, 0.0 ], [ 13531340.028589263558388, 114133.663332525640726, 0.0 ], [ 13531343.458008818328381, 114136.919341184198856, 0.0 ], [ 13531346.268380701541901, 114139.209414944052696, 0.0 ], [ 13531347.933052346110344, 114142.881780472584069, 0.0 ], [ 13531350.720937669277191, 114145.162788565270603, 0.0 ], [ 13531353.5038136318326, 114147.442027701996267, 0.0 ], [ 13531356.888371407985687, 114150.680126024410129, 0.0 ], [ 13531358.279865056276321, 114151.819745576940477, 0.0 ], [ 13531360.70985821634531, 114155.663252912461758, 0.0 ], [ 13531361.75214260071516, 114158.368025163188577, 0.0 ], [ 13531363.768695197999477, 114160.473690072074533, 0.0 ], [ 13531365.422346211969852, 114164.13953251298517, 0.0 ], [ 13531366.441587463021278, 114166.836786795407534, 0.0 ], [ 13531367.088019780814648, 114171.092449747025967, 0.0 ], [ 13531368.520478986203671, 114175.528430759906769, 0.0 ], [ 13531367.978130407631397, 114177.870244858786464, 0.0 ], [ 13531369.264093168079853, 114183.095159109681845, 0.0 ], [ 13531369.334669724106789, 114186.398927849717438, 0.0 ], [ 13531368.620443858206272, 114189.52259954623878, 0.0 ], [ 13531368.870801404118538, 114192.043847255408764, 0.0 ], [ 13531368.761930949985981, 114196.127925729379058, 0.0 ], [ 13531369.010062098503113, 114198.648731168359518, 0.0 ], [ 13531368.71773711591959, 114203.511571602895856, 0.0 ], [ 13531368.005848981440067, 114206.63413757737726, 0.0 ], [ 13531366.917589642107487, 114211.316217569634318, 0.0 ], [ 13531366.798923037946224, 114215.397642481140792, 0.0 ], [ 13531366.861707232892513, 114218.69875758793205, 0.0 ], [ 13531366.924602746963501, 114221.999762058258057, 0.0 ], [ 13531366.984603941440582, 114225.30087708029896, 0.0 ], [ 13531366.083583988249302, 114229.202868164516985, 0.0 ], [ 13531365.181673474609852, 114233.104748670943081, 0.0 ], [ 13531363.659713394939899, 114236.047770177945495, 0.0 ], [ 13531362.554867468774319, 114240.73239260353148, 0.0 ], [ 13531361.034911148250103, 114243.676187971606851, 0.0 ], [ 13531359.514732167124748, 114246.62031492870301, 0.0 ], [ 13531358.220843933522701, 114249.126283992081881, 0.0 ], [ 13531362.046469129621983, 114246.744343884289265, 0.0 ], [ 13531371.645734399557114, 114241.188399638049304, 0.0 ], [ 13531380.482144124805927, 114238.284156013280153, 0.0 ], [ 13531389.678791172802448, 114237.084577118046582, 0.0 ], [ 13531402.224497556686401, 114236.854044005274773, 0.0 ], [ 13531404.138258345425129, 114237.110532913357019, 0.0 ], [ 13531406.972478486597538, 114237.110532913357019, 0.0 ], [ 13531409.773588590323925, 114237.149992756545544, 0.0 ], [ 13531416.422086350619793, 114237.095187427476048, 0.0 ], [ 13531425.096919, 114238.180332818068564, 0.0 ], [ 13531430.526966974139214, 114239.988908433355391, 0.0 ], [ 13531441.055962361395359, 114244.789854598231614, 0.0 ], [ 13531453.604670733213425, 114250.708829221315682, 0.0 ], [ 13531462.842374265193939, 114255.444008864462376, 0.0 ], [ 13531468.305532239377499, 114259.061159926466644, 0.0 ], [ 13531472.146297849714756, 114262.415245437063277, 0.0 ], [ 13531476.764487415552139, 114267.284149897284806, 0.0 ], [ 13531478.50208704918623, 114269.824755309149623, 0.0 ], [ 13531479.024220541119576, 114269.194239193573594, 0.0 ], [ 13531480.517905473709106, 114266.252323538064957, 0.0 ], [ 13531482.805520989000797, 114263.486967009492218, 0.0 ], [ 13531484.315792545676231, 114260.535211740992963, 0.0 ], [ 13531485.656858466565609, 114258.361223354935646, 0.0 ], [ 13531490.729465, 114254.544029608368874, 0.0 ], [ 13531497.751721106469631, 114249.518892488442361, 0.0 ], [ 13531499.707270614802837, 114248.307079671882093, 0.0 ], [ 13531503.984833352267742, 114244.318633366376162, 0.0 ], [ 13531506.305065497756004, 114241.543989930301905, 0.0 ], [ 13531510.387262567877769, 114238.346687871962786, 0.0 ], [ 13531514.263295903801918, 114235.939203417859972, 0.0 ], [ 13531518.498891212046146, 114231.970767757855356, 0.0 ], [ 13531522.199151083827019, 114230.34403527341783, 0.0 ], [ 13531525.096240840852261, 114228.54118584189564, 0.0 ], [ 13531527.993998520076275, 114226.738004699349403, 0.0 ], [ 13531531.49989452958107, 114225.894566990435123, 0.0 ], [ 13531535.967034377157688, 114224.450474293902516, 0.0 ], [ 13531539.469924792647362, 114223.607036584988236, 0.0 ], [ 13531542.975375570356846, 114222.76326721534133, 0.0 ], [ 13531547.630979292094707, 114220.53610079921782, 0.0 ], [ 13531550.536084055900574, 114218.731371825560927, 0.0 ], [ 13531554.408666528761387, 114216.32587725110352, 0.0 ], [ 13531557.131318606436253, 114215.303226999007165, 0.0 ], [ 13531559.853414125740528, 114214.281018937006593, 0.0 ], [ 13531563.722879618406296, 114211.877735494635999, 0.0 ], [ 13531567.409781165421009, 114210.255977966822684, 0.0 ], [ 13531569.948310814797878, 114210.015738074667752, 0.0 ], [ 13531573.876664318144321, 114210.915228104218841, 0.0 ], [ 13531577.802791453897953, 114211.814939226023853, 0.0 ], [ 13531582.511160627007484, 114212.894305152818561, 0.0 ], [ 13531585.647142015397549, 114213.614029835909605, 0.0 ], [ 13531588.601783946156502, 114215.112848233431578, 0.0 ], [ 13531590.597408473491669, 114217.209336545318365, 0.0 ], [ 13531593.984192624688148, 114220.444006986916065, 0.0 ], [ 13531595.981820918619633, 114222.541048084385693, 0.0 ], [ 13531598.583802700042725, 114225.597722042351961, 0.0 ], [ 13531601.183780707418919, 114228.654395972378552, 0.0 ], [ 13531602.996729947626591, 114231.531415107659996, 0.0 ], [ 13531604.022761680185795, 114234.228558363392949, 0.0 ], [ 13531604.866340786218643, 114237.704242410138249, 0.0 ], [ 13531604.922445796430111, 114240.998834433965385, 0.0 ], [ 13531604.795764207839966, 114245.070419461466372, 0.0 ], [ 13531605.03465586155653, 114247.584701697342098, 0.0 ], [ 13531605.877567045390606, 114251.056737255305052, 0.0 ], [ 13531605.162561923265457, 114254.178528915159404, 0.0 ], [ 13531606.63543014228344, 114258.630429089069366, 0.0 ], [ 13531609.073994897305965, 114262.484217083081603, 0.0 ], [ 13531611.687553904950619, 114265.553936405107379, 0.0 ], [ 13531614.300890266895294, 114268.624097933992743, 0.0 ], [ 13531617.271005623042583, 114270.128443895839155, 0.0 ], [ 13531620.058668300509453, 114272.412104541435838, 0.0 ], [ 13531621.454169414937496, 114273.555372072383761, 0.0 ], [ 13531626.004242315888405, 114275.424887042492628, 0.0 ], [ 13531628.364772096276283, 114275.964735748246312, 0.0 ], [ 13531632.119244538247585, 114277.64619361795485, 0.0 ], [ 13531633.513298533856869, 114278.787913369946182, 0.0 ], [ 13531639.63197435438633, 114281.011652157641947, 0.0 ], [ 13531643.570680603384972, 114281.914127068594098, 0.0 ], [ 13531646.538124248385429, 114283.416151285171509, 0.0 ], [ 13531652.020275190472603, 114284.655160943977535, 0.0 ], [ 13531657.68131660670042, 114285.114745408296585, 0.0 ], [ 13531661.617573790252209, 114286.015783060342073, 0.0 ], [ 13531664.941462479531765, 114285.952102371491492, 0.0 ], [ 13531668.448471702635288, 114285.10910701751709, 0.0 ], [ 13531671.353353820741177, 114283.307695093564689, 0.0 ], [ 13531672.50484262406826, 114281.927836084738374, 0.0 ], [ 13531675.959754332900047, 114277.787595727480948, 0.0 ], [ 13531678.26339989900589, 114275.026993241161108, 0.0 ], [ 13531680.567490734159946, 114272.265948479995131, 0.0 ], [ 13531681.484429381787777, 114268.366390101611614, 0.0 ], [ 13531682.633023880422115, 114263.702552706003189, 0.0 ], [ 13531684.364709839224815, 114259.987624053843319, 0.0 ], [ 13531686.68405144661665, 114257.226247520186007, 0.0 ], [ 13531687.821847967803478, 114255.839202230796218, 0.0 ], [ 13531690.453774683177471, 114251.501396613195539, 0.0 ], [ 13531692.73593557626009, 114248.731286042369902, 0.0 ], [ 13531695.636698856949806, 114246.925230520777404, 0.0 ], [ 13531699.322487197816372, 114245.298829759471118, 0.0 ], [ 13531703.793300576508045, 114243.851862652227283, 0.0 ], [ 13531707.115408152341843, 114243.788181971758604, 0.0 ], [ 13531708.863458126783371, 114243.365191749297082, 0.0 ] ] ] ] } },
{ "type": "Feature", "properties": { "WADMPR": "SULAWESI TENGAH", "WADMKK": "BUOL", "WADMKC": "BOKAT", "WADMKD": "BONGO", "POKTAN": "KT TOTAGIO III", "LUAS_HA": 6.0065412004300001, "PAKET": "Paket Sulawesi Tengah 6" }, "geometry": { "type": "MultiPolygon", "coordinates": [ [ [ [ 13527929.825053304433823, 114478.425154268741608, 0.000000000000114 ], [ 13527923.980432964861393, 114475.028932323679328, 0.000000000000114 ], [ 13527922.358922630548477, 114474.600917632691562, 0.000000000000114 ], [ 13527911.947430908679962, 114473.86670579854399, 0.000000000000114 ], [ 13527887.521610416471958, 114475.059358208440244, 0.000000000000114 ], [ 13527867.55417774617672, 114472.990194205194712, 0.000000000000114 ], [ 13527850.479869671165943, 114472.307686039246619, 0.000000000000114 ], [ 13527850.340735666453838, 114481.073129863478243, 0.000000000000114 ], [ 13527850.180485881865025, 114491.168865433894098, 0.000000000000114 ], [ 13527857.609529361128807, 114494.12806137278676, 0.000000000000114 ], [ 13527882.464550971984863, 114504.028512122109532, 0.000000000000114 ], [ 13527885.399455815553665, 114505.549997122958302, 0.000000000000114 ], [ 13527892.450715608894825, 114510.378042386844754, 0.000000000000114 ], [ 13527897.522593595087528, 114514.584600497968495, 0.000000000000114 ], [ 13527900.896288901567459, 114516.708803737536073, 0.000000000000114 ], [ 13527905.245565973222256, 114518.927533308975399, 0.000000000000114 ], [ 13527913.472841359674931, 114522.561087375506759, 0.000000000000114 ], [ 13527916.0933847874403, 114523.049263125285506, 0.000000000000114 ], [ 13527920.303550988435745, 114523.187162800692022, 0.000000000000114 ], [ 13527923.002306371927261, 114522.552161546424031, 0.000000000000114 ], [ 13527924.748559862375259, 114521.837785103358328, 0.000000000000114 ], [ 13527926.574188522994518, 114520.885283203795552, 0.000000000000114 ], [ 13527930.412769876420498, 114518.595782860182226, 0.000000000000114 ], [ 13527935.258578591048717, 114512.894698495045304, 0.000000000000114 ], [ 13527937.797454781830311, 114508.462183243595064, 0.000000000000114 ], [ 13527939.68604352325201, 114502.555971017107368, 0.000000000000114 ], [ 13527939.733997456729412, 114501.26662209443748, 0.000000000000114 ], [ 13527939.290451928973198, 114497.041596817784011, 0.000000000000114 ], [ 13527938.745046198368073, 114494.532730490900576, 0.000000000000114 ], [ 13527936.578311011195183, 114487.183198570273817, 0.000000000000114 ], [ 13527933.56245194375515, 114482.14737459179014, 0.000000000000114 ], [ 13527929.825053304433823, 114478.425154268741608, 0.000000000000114 ] ] ], [ [ [ 13527871.61070341616869, 114671.601162574253976, 0.000000000000114 ], [ 13527890.172072313725948, 114646.882612169720232, 0.000000000000114 ], [ 13527902.229993261396885, 114653.936551187187433, 0.000000000000114 ], [ 13527909.64664414525032, 114633.943592187017202, 0.000000000000114 ], [ 13527902.553207233548164, 114625.92031563539058, 0.000000000000114 ], [ 13527907.634436085820198, 114617.304495046846569, 0.000000000000114 ], [ 13527899.379988715052605, 114615.338588863611221, 0.000000000000114 ], [ 13527904.223100379109383, 114602.341560530476272, 0.000000000000114 ], [ 13527935.675402723252773, 114603.649982958100736, 0.000000000000114 ], [ 13527936.128715671598911, 114594.354544478468597, 0.000000000000114 ], [ 13527937.040241941809654, 114575.663180685602129, 0.000000000000114 ], [ 13527924.162972278892994, 114543.646212077699602, 0.000000000000114 ], [ 13527917.431779749691486, 114541.283386411145329, 0.000000000000114 ], [ 13527910.188324518501759, 114546.210660544224083, 0.000000000000114 ], [ 13527893.183003649115562, 114555.838851176202297, 0.000000000000114 ], [ 13527885.713376708328724, 114562.310257855802774, 0.000000000000114 ], [ 13527877.60803684592247, 114570.675734599120915, 0.000000000000114 ], [ 13527862.509854786098003, 114577.147141009569168, 0.000000000000114 ], [ 13527843.915251582860947, 114582.197994718328118, 0.000000000000114 ], [ 13527816.261739142239094, 114584.881260715425014, 0.000000000000114 ], [ 13527801.958198197185993, 114581.25095964409411, 0.000000000000114 ], [ 13527791.807981729507446, 114567.424247444607317, 0.000000000000114 ], [ 13527779.623483896255493, 114558.374800805933774, 0.000000000000114 ], [ 13527771.041359350085258, 114547.431283628568053, 0.000000000000114 ], [ 13527751.334258519113064, 114547.220831370912492, 0.000000000000114 ], [ 13527730.461683966219425, 114548.378318790346384, 0.000000000000114 ], [ 13527723.548305869102478, 114550.344732050783932, 0.000000000000114 ], [ 13527715.072133466601372, 114554.553777110762894, 0.000000000000114 ], [ 13527707.655482582747936, 114556.658299623988569, 0.000000000000114 ], [ 13527694.411463215947151, 114557.815787019208074, 0.000000000000114 ], [ 13527687.630525298416615, 114556.973978012800217, 0.000000000000114 ], [ 13527682.756726168096066, 114553.711968095041811, 0.000000000000114 ], [ 13527677.35316626727581, 114549.187244646251202, 0.000000000000114 ], [ 13527673.432936534285545, 114543.18935530539602, 0.000000000000114 ], [ 13527672.373414985835552, 114535.613073917105794, 0.000000000000114 ], [ 13527675.446027487516403, 114525.721817401237786, 0.000000000000114 ], [ 13527677.776974879205227, 114513.936490140855312, 0.000000000000114 ], [ 13527678.094831347465515, 114505.623625153675675, 0.000000000000114 ], [ 13527679.615321584045887, 114501.848446682095528, 0.000000000000114 ], [ 13527677.277084022760391, 114492.576548615470529, 0.000000000000114 ], [ 13527674.923146985471249, 114486.416523376479745, 0.000000000000114 ], [ 13527673.856745146214962, 114484.89407489541918, 0.000000000000114 ], [ 13527668.665089540183544, 114477.002113801427186, 0.000000000000114 ], [ 13527662.731768861413002, 114473.950555490329862, 0.000000000000114 ], [ 13527651.394888274371624, 114474.68713853135705, 0.000000000000114 ], [ 13527644.825854666531086, 114482.684325815178454, 0.000000000000114 ], [ 13527638.680629685521126, 114486.998597809113562, 0.000000000000114 ], [ 13527634.442543469369411, 114494.785332516767085, 0.000000000000114 ], [ 13527626.072323232889175, 114499.730961224995553, 0.000000000000114 ], [ 13527621.728284858167171, 114501.940710212104023, 0.000000000000114 ], [ 13527615.265203431248665, 114501.7302579395473, 0.000000000000114 ], [ 13527607.848552606999874, 114499.836187371052802, 0.000000000000114 ], [ 13527602.233088336884975, 114496.153272375464439, 0.000000000000114 ], [ 13527594.180724568665028, 114490.997191340662539, 0.000000000000114 ], [ 13527587.929547421634197, 114480.579802867025137, 0.000000000000114 ], [ 13527579.877183653414249, 114469.215378726832569, 0.000000000000114 ], [ 13527572.460532799363136, 114473.00352013297379, 0.000000000000114 ], [ 13527558.38648284971714, 114476.785528155975044, 0.000000000000114 ], [ 13527572.789935760200024, 114484.068008176982403, 0.000000000000114 ], [ 13527583.310933813452721, 114516.08470606431365, 0.000000000000114 ], [ 13527583.066685497760773, 114536.807968319393694, 0.000000000000114 ], [ 13527613.093114390969276, 114540.641632018610835, 0.000000000000114 ], [ 13527638.403829678893089, 114547.214035511948168, 0.000000000000114 ], [ 13527630.13956157118082, 114571.679109493270516, 0.000000000000114 ], [ 13527664.150203332304955, 114584.779761356301606, 0.000000000000114 ], [ 13527702.769763857126236, 114602.142070275731385, 0.000000000000114 ], [ 13527739.1643291041255, 114620.451413339003921, 0.000000000000114 ], [ 13527797.173133961856365, 114644.285125741735101, 0.000000000000114 ], [ 13527845.646244868636131, 114661.8052709531039, 0.000000000000114 ], [ 13527871.61070341616869, 114671.601162574253976, 0.000000000000114 ] ] ], [ [ [ 13527811.903566725552082, 114743.089506044052541, 0.000000000000114 ], [ 13527815.100918762385845, 114707.734916298650205, 0.000000000000114 ], [ 13527825.177403807640076, 114679.587922373786569, 0.000000000000114 ], [ 13527826.610307522118092, 114678.085777751170099, 0.000000000000114 ], [ 13527826.698808200657368, 114673.427384942770004, 0.000000000000114 ], [ 13527817.49053592979908, 114670.130620090290904, 0.000000000000114 ], [ 13527769.117594383656979, 114650.613222760148346, 0.000000000000114 ], [ 13527758.237295530736446, 114645.050208063796163, 0.000000000000114 ], [ 13527691.430587567389011, 114615.469044269993901, 0.000000000000114 ], [ 13527679.943487338721752, 114609.244274625554681, 0.000000000000114 ], [ 13527661.411851659417152, 114633.147869274020195, 0.000000000000114 ], [ 13527616.723333336412907, 114616.412990567274392, 0.000000000000114 ], [ 13527627.152826093137264, 114585.884077413007617, 0.000000000000114 ], [ 13527620.120019443333149, 114583.07444058265537, 0.000000000000114 ], [ 13527569.792745813727379, 114571.236502133309841, 0.000000000000114 ], [ 13527525.650661535561085, 114567.36428037006408, 0.000000000000114 ], [ 13527498.913810841739178, 114570.448518112301826, 0.000000000000114 ], [ 13527495.514612346887589, 114570.840633701533079, 0.000000000000114 ], [ 13527493.083385594189167, 114571.131276012398303, 0.000000000000114 ], [ 13527521.266658842563629, 114659.310754814185202, 0.000000000000114 ], [ 13527562.376094989478588, 114660.363015789538622, 0.000000000000114 ], [ 13527589.923655271530151, 114691.299486421979964, 0.000000000000114 ], [ 13527601.154583692550659, 114708.977468440309167, 0.000000000000114 ], [ 13527605.816478535532951, 114724.130023782141507, 0.000000000000114 ], [ 13527613.056542471051216, 114736.792228100821376, 0.000000000000114 ], [ 13527755.60173362493515, 114723.737081273458898, 0.000000000000114 ], [ 13527765.333385847508907, 114726.715591670945287, 0.000000000000114 ], [ 13527772.447856046259403, 114748.237953718751669, 0.000000000000114 ], [ 13527773.917751185595989, 114754.190581428818405, 0.000000000000114 ], [ 13527778.844526410102844, 114754.190581428818405, 0.000000000000114 ], [ 13527787.267722725868225, 114755.295455154031515, 0.000000000000114 ], [ 13527794.737349651753902, 114755.295455154031515, 0.000000000000114 ], [ 13527799.823053099215031, 114754.348420535214245, 0.000000000000114 ], [ 13527802.785721555352211, 114752.53323021531105, 0.000000000000114 ], [ 13527807.133751779794693, 114748.192695529200137, 0.000000000000114 ], [ 13527812.033408239483833, 114746.039325094781816, 0.000000000000114 ], [ 13527811.903566725552082, 114743.089506044052541, 0.000000000000114 ] ] ] ] } },
{ "type": "Feature", "properties": { "WADMPR": "SULAWESI TENGAH", "WADMKK": "BUOL", "WADMKC": "TILOAN", "WADMKD": "PANILAN JAYA", "POKTAN": "KT PELITA HARAPAN", "LUAS_HA": 22.003402467899999, "PAKET": "Paket Sulawesi Tengah 6" }, "geometry": { "type": "MultiPolygon", "coordinates": [ [ [ [ 13501829.511659793555737, 113491.461460596881807, 0.0 ], [ 13502021.378369331359863, 113486.683185247704387, 0.0 ], [ 13502030.009135775268078, 113585.010210794396698, 0.0 ], [ 13502406.799176961183548, 113580.319101836532354, 0.0 ], [ 13502428.705516919493675, 113260.239365591667593, 0.0 ], [ 13502171.778128415346146, 113296.029343347996473, 0.0 ], [ 13502022.191004186868668, 113076.137793350033462, 0.0 ], [ 13501793.987383898347616, 113082.233692545443773, 0.0 ], [ 13501829.511659793555737, 113491.461460596881807, 0.0 ] ] ] ] } },
{ "type": "Feature", "properties": { "WADMPR": "SULAWESI TENGAH", "WADMKK": "BUOL", "WADMKC": "PALELE", "WADMKD": "TALAKI", "POKTAN": "KT TALAKI JAYA", "LUAS_HA": 11.5003769109, "PAKET": "Paket Sulawesi Tengah 6" }, "geometry": { "type": "MultiPolygon", "coordinates": [ [ [ [ 13580658.57273917645216, 111479.257818507030606, 0.000000000000114 ], [ 13580652.898363821208477, 111477.636568415910006, 0.000000000000114 ], [ 13580645.294173426926136, 111477.356078127399087, 0.000000000000114 ], [ 13580640.382598623633385, 111478.265629038214684, 0.000000000000114 ], [ 13580632.847820214927197, 111478.633179184049368, 0.000000000000114 ], [ 13580618.967184104025364, 111478.408785609528422, 0.000000000000114 ], [ 13580613.779111690819263, 111476.966621599160135, 0.000000000000114 ], [ 13580609.149357244372368, 111474.627654318697751, 0.000000000000114 ], [ 13580594.741882331669331, 111461.067677963525057, 0.000000000000114 ], [ 13580578.904066435992718, 111441.072361229918897, 0.000000000000114 ], [ 13580577.874661102890968, 111439.900968964211643, 0.000000000000114 ], [ 13580567.622036434710026, 111430.640533773228526, 0.000000000000114 ], [ 13580561.338169693946838, 111423.695207377895713, 0.000000000000114 ], [ 13580559.370384633541107, 111421.891404401510954, 0.000000000000114 ], [ 13580549.036410331726074, 111409.496936367824674, 0.000000000000114 ], [ 13580544.140218622982502, 111400.874849241226912, 0.000000000000114 ], [ 13580538.848541401326656, 111384.338357835076749, 0.000000000000114 ], [ 13580535.210513278841972, 111370.447705050930381, 0.000000000000114 ], [ 13580533.276635207235813, 111364.807227415032685, 0.000000000000114 ], [ 13580528.776769541203976, 111354.404374334029853, 0.000000000000114 ], [ 13580525.950078092515469, 111349.28099605627358, 0.000000000000114 ], [ 13580523.372421495616436, 111345.543394011445343, 0.000000000000114 ], [ 13580515.883422173559666, 111336.093935868702829, 0.000000000000114 ], [ 13580511.397965662181377, 111331.421585337258875, 0.000000000000114 ], [ 13580467.080168671905994, 111294.710574421100318, 0.000000000000114 ], [ 13580460.568940028548241, 111289.80485419370234, 0.000000000000114 ], [ 13580451.698605813086033, 111282.641651895828545, 0.000000000000114 ], [ 13580423.318639494478703, 111258.446401228196919, 0.000000000000114 ], [ 13580392.348456718027592, 111229.913986484520137, 0.000000000000114 ], [ 13580380.957950845360756, 111236.099194093607366, 0.000000000000114 ], [ 13580388.7546771094203, 111253.697519186884165, 0.000000000000114 ], [ 13580396.832356162369251, 111273.679365449585021, 0.000000000000114 ], [ 13580400.316162221133709, 111286.418720128946006, 0.000000000000114 ], [ 13580402.811019659042358, 111298.669866682030261, 0.000000000000114 ], [ 13580404.836815021932125, 111308.654143969528377, 0.000000000000114 ], [ 13580409.916825227439404, 111325.587511164136231, 0.000000000000114 ], [ 13580418.383508794009686, 111335.747531481087208, 0.000000000000114 ], [ 13580435.105208896100521, 111348.870891068130732, 0.000000000000114 ], [ 13580451.191907741129398, 111361.570916462689638, 0.000000000000114 ], [ 13580461.563595160841942, 111371.095935519784689, 0.000000000000114 ], [ 13580469.606944568455219, 111379.139284936711192, 0.000000000000114 ], [ 13580482.730304129421711, 111395.225983775220811, 0.000000000000114 ], [ 13580491.831989049911499, 111387.182634353637695, 0.000000000000114 ], [ 13580513.8453663662076, 111408.349343362264335, 0.000000000000114 ], [ 13580506.013684056699276, 111417.874362419359386, 0.000000000000114 ], [ 13580515.115368925035, 111422.107704209163785, 0.000000000000114 ], [ 13580526.757058851420879, 111426.976047288626432, 0.000000000000114 ], [ 13580538.187081731855869, 111438.406070134602487, 0.000000000000114 ], [ 13580543.478758983314037, 111447.931089191697538, 0.000000000000114 ], [ 13580545.807096995413303, 111457.032774060964584, 0.000000000000114 ], [ 13580548.982103310525417, 111475.236143798567355, 0.000000000000114 ], [ 13580552.580443844199181, 111504.446202214807272, 0.000000000000114 ], [ 13580552.580443844199181, 111541.699610057286918, 0.000000000000114 ], [ 13580554.697114765644073, 111563.289653239771724, 0.000000000000114 ], [ 13580555.278141193091869, 111581.688824605196714, 0.000000000000114 ], [ 13580591.720525145530701, 111561.879696425050497, 0.000000000000114 ], [ 13580603.642319746315479, 111555.876254581846297, 0.000000000000114 ], [ 13580617.763752952218056, 111550.221218384802341, 0.000000000000114 ], [ 13580632.655074186623096, 111542.11183830536902, 0.000000000000114 ], [ 13580647.890742279589176, 111531.827762334607542, 0.000000000000114 ], [ 13580652.950332120060921, 111526.221454103477299, 0.000000000000114 ], [ 13580659.234198845922947, 111516.630289097316563, 0.000000000000114 ], [ 13580664.525876067578793, 111507.369853896088898, 0.000000000000114 ], [ 13580667.833174362778664, 111498.770878378301859, 0.000000000000114 ], [ 13580668.494634002447128, 111491.82555197365582, 0.000000000000114 ], [ 13580667.833174362778664, 111486.203144896775484, 0.000000000000114 ], [ 13580664.901186466217041, 111482.369006906636059, 0.000000000000114 ], [ 13580660.63352907449007, 111479.807362481020391, 0.000000000000114 ], [ 13580658.57273917645216, 111479.257818507030606, 0.000000000000114 ] ] ], [ [ [ 13580516.859417535364628, 111432.612124522216618, 0.000000000000114 ], [ 13580506.540646888315678, 111428.643366597592831, 0.000000000000114 ], [ 13580502.83647283911705, 111432.082956805825233, 0.000000000000114 ], [ 13580516.330249793827534, 111444.78298220038414, 0.000000000000114 ], [ 13580521.88910960406065, 111452.750681228935719, 0.000000000000114 ], [ 13580526.71533665060997, 111464.510624432936311, 0.000000000000114 ], [ 13580528.765691347420216, 111471.505952307954431, 0.000000000000114 ], [ 13580531.146946094930172, 111481.824722961522639, 0.000000000000114 ], [ 13580533.772925280034542, 111503.532817242667079, 0.000000000000114 ], [ 13580534.814595825970173, 111521.175087310373783, 0.000000000000114 ], [ 13580533.804965578019619, 111538.027926550246775, 0.000000000000114 ], [ 13580533.600574322044849, 111541.72465942800045, 0.000000000000114 ], [ 13580533.866034530103207, 111560.547317821532488, 0.000000000000114 ], [ 13580538.632833816111088, 111595.158030456863344, 0.000000000000114 ], [ 13580542.788636066019535, 111596.654119282960892, 0.000000000000114 ], [ 13580550.660006001591682, 111599.855584015138447, 0.000000000000114 ], [ 13580548.540321558713913, 111591.553486655466259, 0.000000000000114 ], [ 13580545.805511049926281, 111573.117643191479146, 0.000000000000114 ], [ 13580543.516241684556007, 111546.806519579142332, 0.000000000000114 ], [ 13580543.516241684556007, 111519.157505952753127, 0.000000000000114 ], [ 13580543.256165616214275, 111501.040410679765046, 0.000000000000114 ], [ 13580541.664154641330242, 111489.259529488161206, 0.000000000000114 ], [ 13580538.290710397064686, 111471.770536173135042, 0.000000000000114 ], [ 13580534.689221851527691, 111452.64104796666652, 0.000000000000114 ], [ 13580532.734449312090874, 111448.487156273797154, 0.000000000000114 ], [ 13580526.384436585009098, 111440.549640400335193, 0.000000000000114 ], [ 13580518.806754775345325, 111433.585793131962419, 0.000000000000114 ], [ 13580516.859417535364628, 111432.612124522216618, 0.000000000000114 ] ] ], [ [ [ 13580546.075600020587444, 111869.140300002880394, 0.000000000000114 ], [ 13580549.980907402932644, 111827.455032262951136, 0.000000000000114 ], [ 13580552.891329906880856, 111771.098669556900859, 0.000000000000114 ], [ 13580554.478833101689816, 111727.177748375572264, 0.000000000000114 ], [ 13580553.420497611165047, 111682.463075621053576, 0.000000000000114 ], [ 13580552.891329906880856, 111658.650527990423143, 0.000000000000114 ], [ 13580553.685081474483013, 111632.985893321223557, 0.000000000000114 ], [ 13580551.568410560488701, 111608.644177979789674, 0.000000000000114 ], [ 13580538.868385158479214, 111603.881668448448181, 0.000000000000114 ], [ 13580535.645909361541271, 111601.948182973079383, 0.000000000000114 ], [ 13580538.524426147341728, 111706.842714644037187, 0.000000000000114 ], [ 13580538.636829979717731, 111718.083097469992936, 0.000000000000114 ], [ 13580536.777307078242302, 111747.99924820009619, 0.000000000000114 ], [ 13580534.750719852745533, 111763.540745451115072, 0.000000000000114 ], [ 13580528.287776857614517, 111792.996819688938558, 0.000000000000114 ], [ 13580527.006208665668964, 111798.924072430469096, 0.000000000000114 ], [ 13580525.418705500662327, 111802.0990787781775, 0.000000000000114 ], [ 13580522.24369915574789, 111805.803252846933901, 0.000000000000114 ], [ 13580518.274941213428974, 111807.390756025910378, 0.000000000000114 ], [ 13580508.22075442969799, 111809.507426920346916, 0.000000000000114 ], [ 13580503.891785003244877, 111810.940694808959961, 0.000000000000114 ], [ 13580499.030484512448311, 111814.091218067333102, 0.000000000000114 ], [ 13580497.556226722896099, 111815.384127845056355, 0.000000000000114 ], [ 13580495.56553591042757, 111818.813307620584965, 0.000000000000114 ], [ 13580493.818007566034794, 111823.967478554695845, 0.000000000000114 ], [ 13580489.491000019013882, 111848.451500007882714, 0.000000000000114 ], [ 13580500.243900030851364, 111846.835700003430247, 0.000000000000114 ], [ 13580506.286700017750263, 111847.436099999584258, 0.000000000000114 ], [ 13580507.626700021326542, 111856.550500007346272, 0.000000000000114 ], [ 13580515.074700020253658, 111857.389300001785159, 0.000000000000114 ], [ 13580521.445500008761883, 111861.929500006139278, 0.000000000000114 ], [ 13580528.613300010561943, 111863.149100004695356, 0.000000000000114 ], [ 13580533.037638209760189, 111864.660489897243679, 0.000000000000114 ], [ 13580535.119000010192394, 111865.371500006876886, 0.000000000000114 ], [ 13580538.02020001411438, 111867.504999998025596, 0.000000000000114 ], [ 13580545.101664803922176, 111868.942584661766887, 0.000000000000114 ], [ 13580546.075600020587444, 111869.140300002880394, 0.000000000000114 ] ] ], [ [ [ 13580483.3534, 111896.681900012306869, 0.000000000000114 ], [ 13580478.997900001704693, 111889.923500007018447, 0.000000000000114 ], [ 13580474.398788079619408, 111911.360244055278599, 0.000000000000114 ], [ 13580466.219832293689251, 111959.578296271152794, 0.000000000000114 ], [ 13580462.854002721607685, 111993.99008949007839, 0.000000000000114 ], [ 13580462.767332501709461, 112004.068559226579964, 0.000000000000114 ], [ 13580464.537299364805222, 112024.428456649184227, 0.000000000000114 ], [ 13580464.703331656754017, 112025.460070152767003, 0.000000000000114 ], [ 13580468.145650766789913, 112046.848340569064021, 0.000000000000114 ], [ 13580472.910083137452602, 112065.60146610531956, 0.000000000000114 ], [ 13580476.10129102319479, 112081.651542521081865, 0.000000000000114 ], [ 13580476.593677528202534, 112098.517807774245739, 0.000000000000114 ], [ 13580477.848774813115597, 112108.563188257627189, 0.000000000000114 ], [ 13580481.095578268170357, 112122.478695440106094, 0.000000000000114 ], [ 13580482.675127498805523, 112126.198653818108141, 0.000000000000114 ], [ 13580484.626488529145718, 112130.794256997294724, 0.000000000000114 ], [ 13580485.738435678184032, 112134.288948161527514, 0.000000000000114 ], [ 13580490.344768092036247, 112158.015103706158698, 0.000000000000114 ], [ 13580490.447333455085754, 112162.015152779407799, 0.000000000000114 ], [ 13580491.505668915808201, 112174.715178173966706, 0.000000000000114 ], [ 13580496.235600702464581, 112191.113134522922337, 0.000000000000114 ], [ 13580502.861200019717216, 112181.272000005468726, 0.000000000000114 ], [ 13580509.443200014531612, 112174.147499998100102, 0.000000000000114 ], [ 13580514.936774797737598, 112128.176640653982759, 0.000000000000114 ], [ 13580521.286787502467632, 112065.205681372433901, 0.000000000000114 ], [ 13580528.959719531238079, 111999.059715748764575, 0.000000000000114 ], [ 13580537.247200019657612, 111946.010899999178946, 0.000000000000114 ], [ 13580530.5331000238657, 111942.250900000333786, 0.000000000000114 ], [ 13580527.070700004696846, 111933.225800011307001, 0.000000000000114 ], [ 13580527.393400005996227, 111914.526600010693073, 0.000000000000114 ], [ 13580498.826900027692318, 111913.72420000936836, 0.000000000000114 ], [ 13580489.969600006937981, 111904.091000002808869, 0.000000000000114 ], [ 13580483.3534, 111896.681900012306869, 0.000000000000114 ] ] ], [ [ [ 13580572.206772483885288, 111666.076759348623455, 0.000000000000114 ], [ 13580567.404973790049553, 111664.934945552609861, 0.000000000000114 ], [ 13580566.627201087772846, 111708.684659307822585, 0.000000000000114 ], [ 13580564.933864377439022, 111767.739777414128184, 0.000000000000114 ], [ 13580563.45219474285841, 111809.438194142654538, 0.000000000000114 ], [ 13580560.277188420295715, 111853.041614689864218, 0.000000000000114 ], [ 13580554.350509881973267, 111906.170054279267788, 0.000000000000114 ], [ 13580548.42383136600256, 111963.531835664063692, 0.000000000000114 ], [ 13580542.073818661272526, 112013.061934737488627, 0.000000000000114 ], [ 13580540.320972129702568, 112031.068449148908257, 0.000000000000114 ], [ 13580531.381923839449883, 112111.663283359259367, 0.000000000000114 ], [ 13580531.366513222455978, 112116.982452418655157, 0.000000000000114 ], [ 13580533.527404747903347, 112124.250905710272491, 0.000000000000114 ], [ 13580537.404075615108013, 112131.700123318471014, 0.000000000000114 ], [ 13580541.518192552030087, 112137.37666252721101, 0.000000000000114 ], [ 13580553.511742129921913, 112150.214828251861036, 0.000000000000114 ], [ 13580558.153709776699543, 112156.273821782320738, 0.000000000000114 ], [ 13580561.494600035250187, 112162.11610000114888, 0.000000000000114 ], [ 13580565.697003424167633, 112175.369964112527668, 0.000000000000114 ], [ 13580568.501513443887234, 112189.514031845144928, 0.000000000000114 ], [ 13580571.151585154235363, 112209.978474399074912, 0.000000000000114 ], [ 13580574.137900024652481, 112242.610600001178682, 0.000000000000114 ], [ 13580575.596594028174877, 112257.3919025529176, 0.000000000000114 ], [ 13580594.416860908269882, 112255.665272571146488, 0.000000000000114 ], [ 13580602.543626047670841, 112251.138066548854113, 0.000000000000114 ], [ 13580614.331671506166458, 112238.553531549870968, 0.000000000000114 ], [ 13580636.345048874616623, 112215.058484559878707, 0.000000000000114 ], [ 13580647.563404627144337, 112202.993460425175726, 0.000000000000114 ], [ 13580651.727361612021923, 112197.479030936956406, 0.000000000000114 ], [ 13580658.304965935647488, 112187.42215321213007, 0.000000000000114 ], [ 13580662.955062083899975, 112179.112965017557144, 0.000000000000114 ], [ 13580668.705786764621735, 112166.742971690371633, 0.000000000000114 ], [ 13580692.693736292421818, 112118.054565983824432, 0.000000000000114 ], [ 13580694.054277710616589, 112113.450338468886912, 0.000000000000114 ], [ 13580694.341831542551517, 112111.34161046333611, 0.000000000000114 ], [ 13580693.495163172483444, 112106.261600302532315, 0.000000000000114 ], [ 13580692.877454690635204, 112104.408474893309176, 0.000000000000114 ], [ 13580688.410821251571178, 112097.058057769201696, 0.000000000000114 ], [ 13580685.875147923827171, 112094.619910360313952, 0.000000000000114 ], [ 13580683.564704537391663, 112093.217141132801771, 0.000000000000114 ], [ 13580679.157854773104191, 112092.186710670590401, 0.000000000000114 ], [ 13580672.249079026281834, 112091.233236911706626, 0.000000000000114 ], [ 13580665.766774386167526, 112091.233236911706626, 0.000000000000114 ], [ 13580659.205094590783119, 112090.809902723878622, 0.000000000000114 ], [ 13580653.784035831689835, 112090.035465752705932, 0.000000000000114 ], [ 13580646.027020037174225, 112088.142668199725449, 0.000000000000114 ], [ 13580637.622702337801456, 112084.697828583419323, 0.000000000000114 ], [ 13580630.76220727711916, 112081.025644420646131, 0.000000000000114 ], [ 13580624.781630583107471, 112076.635654719546437, 0.000000000000114 ], [ 13580617.928237304091454, 112070.473105663433671, 0.000000000000114 ], [ 13580614.343166038393974, 112066.549246517941356, 0.000000000000114 ], [ 13580611.368332244455814, 112062.869846852496266, 0.000000000000114 ], [ 13580608.217647261917591, 112058.81896613817662, 0.000000000000114 ], [ 13580597.407725602388382, 112043.530282193794847, 0.000000000000114 ], [ 13580589.98995616286993, 112031.119783338159323, 0.000000000000114 ], [ 13580584.909946002066135, 112019.689760487526655, 0.000000000000114 ], [ 13580582.067214652895927, 112009.943252984434366, 0.000000000000114 ], [ 13580579.870573006570339, 111997.673978919163346, 0.000000000000114 ], [ 13580579.406601667404175, 111992.384705875068903, 0.000000000000114 ], [ 13580579.406601667404175, 111976.509674118831754, 0.000000000000114 ], [ 13580580.445898108184338, 111966.376533939503133, 0.000000000000114 ], [ 13580582.34776595979929, 111956.064184977672994, 0.000000000000114 ], [ 13580583.851610563695431, 111951.321290411055088, 0.000000000000114 ], [ 13580588.296619430184364, 111939.891267560422421, 0.000000000000114 ], [ 13580590.836624518036842, 111933.541254845447838, 0.000000000000114 ], [ 13580595.271874092519283, 111922.238522104918957, 0.000000000000114 ], [ 13580603.6041154935956, 111905.246569838374853, 0.000000000000114 ], [ 13580611.513142608106136, 111893.409596347250044, 0.000000000000114 ], [ 13580622.553556837141514, 111880.16698314063251, 0.000000000000114 ], [ 13580625.245755828917027, 111877.31718407291919, 0.000000000000114 ], [ 13580636.376952946186066, 111865.443907154724002, 0.000000000000114 ], [ 13580644.269544199109077, 111858.256227616220713, 0.000000000000114 ], [ 13580651.884476944804192, 111851.321408024989069, 0.000000000000114 ], [ 13580654.487855508923531, 111848.414831472560763, 0.000000000000114 ], [ 13580660.660195894539356, 111839.997783462516963, 0.000000000000114 ], [ 13580668.571363307535648, 111827.376980029977858, 0.000000000000114 ], [ 13580672.209391430020332, 111818.447274663485587, 0.000000000000114 ], [ 13580674.193770386278629, 111808.856109642423689, 0.000000000000114 ], [ 13580673.863040558993816, 111797.280565679073334, 0.000000000000114 ], [ 13580669.894282646477222, 111763.876853032968938, 0.000000000000114 ], [ 13580663.94114575535059, 111747.671091455966234, 0.000000000000114 ], [ 13580654.01925090700388, 111731.796059699729085, 0.000000000000114 ], [ 13580641.782247252762318, 111715.590298118069768, 0.000000000000114 ], [ 13580637.094366461038589, 111710.421609033830464, 0.000000000000114 ], [ 13580621.23614102602005, 111695.72356507461518, 0.000000000000114 ], [ 13580604.425277039408684, 111683.314092055894434, 0.000000000000114 ], [ 13580589.005444794893265, 111673.489121637307107, 0.000000000000114 ], [ 13580585.993145860731602, 111671.845723379403353, 0.000000000000114 ], [ 13580572.206772483885288, 111666.076759348623455, 0.000000000000114 ] ] ], [ [ [ 13580662.343059204518795, 112366.62799602933228, 0.000000000000114 ], [ 13580647.790946766734123, 112362.989967919886112, 0.000000000000114 ], [ 13580635.884672962129116, 112358.359750316478312, 0.000000000000114 ], [ 13580620.340371020138264, 112351.745153761468828, 0.000000000000114 ], [ 13580610.087746359407902, 112347.114936158061028, 0.000000000000114 ], [ 13580600.496581360697746, 112348.107125646434724, 0.000000000000114 ], [ 13580605.126798920333385, 112377.542080349288881, 0.000000000000114 ], [ 13580615.710153423249722, 112426.159365087747574, 0.000000000000114 ], [ 13580628.939346566796303, 112499.581386935897171, 0.000000000000114 ], [ 13580641.507080025970936, 112582.263843970373273, 0.000000000000114 ], [ 13580663.335248686373234, 112577.633626377210021, 0.000000000000114 ], [ 13580698.723340302705765, 112572.011219295673072, 0.000000000000114 ], [ 13580725.425895527005196, 112565.388985597528517, 0.000000000000114 ], [ 13580759.650216408073902, 112554.470911798067391, 0.000000000000114 ], [ 13580796.207667231559753, 112540.868139398284256, 0.000000000000114 ], [ 13580740.387969426810741, 112449.922928808256984, 0.000000000000114 ], [ 13580711.808701738715172, 112410.304601809941232, 0.000000000000114 ], [ 13580679.987756617367268, 112372.716110401786864, 0.000000000000114 ], [ 13580677.140936866402626, 112370.931185242719948, 0.000000000000114 ], [ 13580672.196437798440456, 112368.794657276012003, 0.000000000000114 ], [ 13580662.343059204518795, 112366.62799602933228, 0.000000000000114 ] ] ] ] } },
{ "type": "Feature", "properties": { "WADMPR": "SULAWESI TENGAH", "WADMKK": "BUOL", "WADMKC": "MOMUNU", "WADMKD": "SURAYA", "POKTAN": "KT TOGANO II", "LUAS_HA": 59.109286030699998, "PAKET": "Paket Sulawesi Tengah 6" }, "geometry": { "type": "MultiPolygon", "coordinates": [ [ [ [ 13506524.287449974566698, 119677.308475587517023, 0.0 ], [ 13506527.344851683825254, 119677.292308993637562, 0.0 ], [ 13506530.645679134875536, 119677.274855242110789, 0.0 ], [ 13506707.215376362204552, 119676.341209313832223, 0.0 ], [ 13506762.772596511989832, 119694.504191404208541, 0.0 ], [ 13506827.659391857683659, 119689.76137894205749, 0.0 ], [ 13506903.877843461930752, 119672.634739881381392, 0.0 ], [ 13506921.567344356328249, 119687.461886092089117, 0.0 ], [ 13506927.840060882270336, 119692.719608494080603, 0.0 ], [ 13506923.899458087980747, 119687.785008682869375, 0.0 ], [ 13506918.897785373032093, 119681.843668041750789, 0.0 ], [ 13506912.054705329239368, 119673.714973520487547, 0.0 ], [ 13506933.605607606470585, 119654.834813185967505, 0.0 ], [ 13506972.64071998745203, 119620.637211100198328, 0.0 ], [ 13506983.9036, 119609.338200000114739, 0.0 ], [ 13507033.038473293185234, 119650.770471905358136, 0.0 ], [ 13507053.512516148388386, 119668.034912696108222, 0.0 ], [ 13507065.494817804545164, 119678.138815421611071, 0.0 ], [ 13507068.822673562914133, 119680.944981700740755, 0.0 ], [ 13507075.384800005704165, 119686.478400003165007, 0.0 ], [ 13507078.62821052968502, 119683.060321616008878, 0.0 ], [ 13507078.65279933065176, 119683.03440863173455, 0.0 ], [ 13507109.311800755560398, 119650.724323493428528, 0.0 ], [ 13507109.594500005245209, 119650.426399999298155, 0.0 ], [ 13507111.357600003480911, 119653.748300002887845, 0.0 ], [ 13507090.372456859797239, 119676.78624960873276, 0.0 ], [ 13507081.751806136220694, 119686.250188712030649, 0.0 ], [ 13507078.377694088965654, 119689.954362787306309, 0.0 ], [ 13507070.316244453191757, 119698.804398696869612, 0.0 ], [ 13507065.604269925504923, 119703.97730749938637, 0.0 ], [ 13507054.135655324906111, 119716.567803704179823, 0.0 ], [ 13507051.185033202171326, 119719.916378469206393, 0.0 ], [ 13507043.372965287417173, 119728.516898707486689, 0.0 ], [ 13507045.537153139710426, 119734.909941486082971, 0.0 ], [ 13507047.758730579167604, 119741.472513969056308, 0.0 ], [ 13507047.549801383167505, 119741.726483375765383, 0.0 ], [ 13507047.69310000538826, 119742.043800001963973, 0.0 ], [ 13507026.90237870439887, 119770.679869496263564, 0.0 ], [ 13507034.4494738727808, 119781.861207524314523, 0.0 ], [ 13507045.062967613339424, 119797.585543660447001, 0.0 ], [ 13507058.064756520092487, 119816.848239253275096, 0.0 ], [ 13507060.44015422090888, 119820.314831839874387, 0.0 ], [ 13507061.022300004959106, 119821.164400001987815, 0.0 ], [ 13507087.854795560240746, 119860.322888065129519, 0.0 ], [ 13507095.709634967148304, 119871.785990131087601, 0.0 ], [ 13507097.579516839236021, 119874.514836077578366, 0.0 ], [ 13507112.052488222718239, 119895.636228835210204, 0.0 ], [ 13507121.644319169223309, 119888.969535971991718, 0.0 ], [ 13507121.848786883056164, 119888.827423012815416, 0.0 ], [ 13507153.09591194614768, 119867.109464598819613, 0.0 ], [ 13507165.031031142920256, 119857.023751742206514, 0.0 ], [ 13507185.468176454305649, 119846.68144038785249, 0.0 ], [ 13507207.54472392052412, 119875.796435177326202, 0.0 ], [ 13507286.670617967844009, 119747.900737476535141, 0.0 ], [ 13507295.524530559778214, 119733.818946266546845, 0.0 ], [ 13507299.32174414768815, 119725.149059972725809, 0.0 ], [ 13507298.59115432202816, 119705.099346768110991, 0.0 ], [ 13507294.460978575050831, 119666.519717503339052, 0.0 ], [ 13507290.903430286794901, 119648.434122493490577, 0.0 ], [ 13507287.257716968655586, 119623.141771878115833, 0.0 ], [ 13507282.819742821156979, 119529.138755024410784, 0.0 ], [ 13507279.108684964478016, 119463.073661517351866, 0.0 ], [ 13507270.506693948060274, 119409.523952438496053, 0.0 ], [ 13507251.982462774962187, 119313.61026259418577, 0.0 ], [ 13507234.211641896516085, 119243.915821357630193, 0.0 ], [ 13507217.153599716722965, 119230.271538960747421, 0.0 ], [ 13507210.832990359514952, 119234.749356893822551, 0.0 ], [ 13507195.961151659488678, 119258.197122320532799, 0.0 ], [ 13507159.957534022629261, 119218.414712852798402, 0.0 ], [ 13507123.282214589416981, 119218.013507949188352, 0.0 ], [ 13507118.447386465966702, 119168.308319280855358, 0.0 ], [ 13507124.650331143289804, 119166.399804217740893, 0.0 ], [ 13507130.838470317423344, 119167.615469607524574, 0.0 ], [ 13507138.144257176667452, 119165.672792972996831, 0.0 ], [ 13507142.247048322111368, 119162.105507103726268, 0.0 ], [ 13507150.74707068502903, 119158.553035594522953, 0.0 ], [ 13507136.386077128350735, 119049.39287503156811, 0.0 ], [ 13507127.704715326428413, 119052.1164042185992, 0.0 ], [ 13507091.670930109918118, 119054.627446141093969, 0.0 ], [ 13507052.646212831139565, 119059.458269326016307, 0.0 ], [ 13507013.097292043268681, 119059.146061236970127, 0.0 ], [ 13506970.684900019317865, 119057.154739677906036, 0.0 ], [ 13506917.392808869481087, 119065.81132794637233, 0.0 ], [ 13506856.346647277474403, 119092.578305443748832, 0.0 ], [ 13506855.871424369513988, 119093.939019598066807, 0.0 ], [ 13506802.109787613153458, 119123.437815183773637, 0.0 ], [ 13506798.228299602866173, 119124.589911449700594, 0.0 ], [ 13506709.165582526475191, 119158.192957179620862, 0.0 ], [ 13506675.553107555955648, 119175.817341434769332, 0.0 ], [ 13506674.663442190736532, 119176.097377841360867, 0.0 ], [ 13506671.99377815797925, 119176.937708176672459, 0.0 ], [ 13506669.774067506194115, 119177.643824458122253, 0.0 ], [ 13506667.555692695081234, 119178.352041281759739, 0.0 ], [ 13506665.336983919143677, 119179.060258110053837, 0.0 ], [ 13506663.538060951977968, 119179.60087320022285, 0.0 ], [ 13506640.359784509986639, 119184.772646969184279, 0.0 ], [ 13506627.167868249118328, 119183.481251307763159, 0.0 ], [ 13506625.384418681263924, 119184.024961938150227, 0.0 ], [ 13506623.388237576931715, 119182.872202536091208, 0.0 ], [ 13506621.398179035633802, 119181.723423116840422, 0.0 ], [ 13506616.264346767216921, 119185.043728397227824, 0.0 ], [ 13506601.807841084897518, 119204.302670297212899, 0.0 ], [ 13506475.128375638276339, 119258.472515346482396, 0.0 ], [ 13506329.210119191557169, 119308.551588721573353, 0.0 ], [ 13506310.510559812188148, 119313.083577670156956, 0.0 ], [ 13506290.512347240000963, 119322.284754386171699, 0.0 ], [ 13506274.444825898855925, 119327.439721637405455, 0.0 ], [ 13506262.536868643015623, 119328.540187959559262, 0.0 ], [ 13506248.793920908123255, 119330.215099010616541, 0.0 ], [ 13506228.369354706257582, 119338.866484355181456, 0.0 ], [ 13506202.180553935468197, 119358.561226182617247, 0.0 ], [ 13506176.685941524803638, 119375.352014237083495, 0.0 ], [ 13506133.184956189244986, 119395.642867428250611, 0.0 ], [ 13506125.441795039921999, 119399.82516926061362, 0.0 ], [ 13506114.235261898487806, 119403.367688319645822, 0.0 ], [ 13506075.722502946853638, 119413.855614118278027, 0.0 ], [ 13506111.108036, 119464.204464343376458, 0.0 ], [ 13506117.681490708142519, 119473.557605523616076, 0.0 ], [ 13506117.665580283850431, 119473.57260244525969, 0.0 ], [ 13506118.47409999743104, 119474.666000000201166, 0.0 ], [ 13506106.151346080005169, 119485.805151316337287, 0.0 ], [ 13506078.325659938156605, 119510.958175581879914, 0.0 ], [ 13506070.44864934310317, 119518.078597969375551, 0.0 ], [ 13506061.095608334988356, 119526.533277803100646, 0.0 ], [ 13506058.023400001227856, 119529.310399998910725, 0.0 ], [ 13506056.386991668492556, 119527.919601417146623, 0.0 ], [ 13506033.449600003659725, 119508.424900002777576, 0.0 ], [ 13506003.46390738338232, 119482.939740113914013, 0.0 ], [ 13505996.630672663450241, 119477.770972399972379, 0.0 ], [ 13505975.283169280737638, 119490.473694238811731, 0.0 ], [ 13505969.794049635529518, 119493.739966587163508, 0.0 ], [ 13505959.174667757004499, 119500.058975031599402, 0.0 ], [ 13505958.5257, 119503.690200002864003, 0.0 ], [ 13505947.585455965250731, 119514.723392987623811, 0.0 ], [ 13505932.230780512094498, 119534.907104478217661, 0.0 ], [ 13505920.144163727760315, 119550.794954840093851, 0.0 ], [ 13506126.335801862180233, 119670.528555138036609, 0.0 ], [ 13506168.632310315966606, 119614.457227139733732, 0.0 ], [ 13506156.375811740756035, 119562.625678540207446, 0.0 ], [ 13506254.338522117584944, 119536.909563859924674, 0.0 ], [ 13506284.252963591367006, 119652.447271984070539, 0.0 ], [ 13506331.01794770359993, 119651.188712931238115, 0.0 ], [ 13506343.1860586181283, 119678.266083708032966, 0.0 ], [ 13506524.287449974566698, 119677.308475587517023, 0.0 ] ] ] ] } },
{ "type": "Feature", "properties": { "WADMPR": "SULAWESI TENGAH", "WADMKK": "BUOL", "WADMKC": "MOMUNU", "WADMKD": "SORAYA", "POKTAN": "KT CAHAYA SEJAHTERA", "LUAS_HA": 21.2058205419, "PAKET": "Paket Sulawesi Tengah 6" }, "geometry": { "type": "MultiPolygon", "coordinates": [ [ [ [ 13506845.301193445920944, 119083.669099063612521, 0.0 ], [ 13506865.479186993092299, 119074.347963533364236, 0.0 ], [ 13506873.152662120759487, 119072.026192381046712, 0.0 ], [ 13506877.886189498007298, 119067.409957154653966, 0.0 ], [ 13506887.843272682279348, 119064.11607345379889, 0.0 ], [ 13506898.920118607580662, 119057.908173869363964, 0.0 ], [ 13506915.869958251714706, 119047.86621724255383, 0.0 ], [ 13506916.587301030755043, 119047.359542425721884, 0.0 ], [ 13506933.674620263278484, 119042.776252324692905, 0.0 ], [ 13506934.733268618583679, 119042.457189806737006, 0.0 ], [ 13506937.196434997022152, 119042.002254830673337, 0.0 ], [ 13506938.520802948623896, 119041.602708069607615, 0.0 ], [ 13506940.110333971679211, 119041.122898166999221, 0.0 ], [ 13506942.045623302459717, 119040.826831132173538, 0.0 ], [ 13506943.186202801764011, 119040.770669039338827, 0.0 ], [ 13506944.937926311045885, 119040.818207815289497, 0.0 ], [ 13506952.458114538341761, 119041.7162483362481, 0.0 ], [ 13506970.092235054820776, 119042.432646536268294, 0.0 ], [ 13506970.62367432564497, 119042.272009715437889, 0.0 ], [ 13506982.085017744451761, 119041.708951692096889, 0.0 ], [ 13506994.113534010946751, 119043.863121248781681, 0.0 ], [ 13507004.373851496726274, 119043.086581001058221, 0.0 ], [ 13507025.940555695444345, 119044.945678529329598, 0.0 ], [ 13507057.325972892343998, 119043.313993196003139, 0.0 ], [ 13507072.956565238535404, 119040.277592496946454, 0.0 ], [ 13507114.011861365288496, 119036.479355360381305, 0.0 ], [ 13507120.267905443906784, 119036.896922652609646, 0.0 ], [ 13507126.512260958552361, 119036.436902151443064, 0.0 ], [ 13507133.378781098872423, 119036.080582486465573, 0.0 ], [ 13507137.617715984582901, 119035.082047200761735, 0.0 ], [ 13507141.000715337693691, 118956.610785451717675, 0.0 ], [ 13507106.709748055785894, 118832.343947724439204, 0.0 ], [ 13507094.980013310909271, 118836.733768744394183, 0.0 ], [ 13507087.918127439916134, 118820.278047821484506, 0.0 ], [ 13507102.163793995976448, 118814.97360219899565, 0.0 ], [ 13507092.194919116795063, 118784.554798512719572, 0.0 ], [ 13507085.526599887758493, 118775.666600083932281, 0.0 ], [ 13507076.001599978655577, 118764.55790011305362, 0.0 ], [ 13507068.064000137150288, 118751.86229988001287, 0.0 ], [ 13507063.377799965441227, 118745.616300102323294, 0.0 ], [ 13507053.77649999782443, 118732.818900092504919, 0.0 ], [ 13507045.839000098407269, 118724.884099945425987, 0.0 ], [ 13507039.906527694314718, 118717.47112528514117, 0.0 ], [ 13507004.588809423148632, 118728.161993109621108, 0.0 ], [ 13506998.459081940352917, 118729.987746053375304, 0.0 ], [ 13506982.412799935787916, 118736.83900002669543, 0.0 ], [ 13506944.457974031567574, 118746.369493691250682, 0.0 ], [ 13506943.003345895558596, 118746.734832292422652, 0.0 ], [ 13506942.771689172834158, 118746.793007409200072, 0.0 ], [ 13506942.063651822507381, 118747.022788120433688, 0.0 ], [ 13506941.515273321419954, 118747.200764641165733, 0.0 ], [ 13506941.170014891773462, 118747.312806729227304, 0.0 ], [ 13506940.792959380894899, 118747.435167499817908, 0.0 ], [ 13506940.134603474289179, 118747.648814915679395, 0.0 ], [ 13506939.9198326356709, 118747.718511613085866, 0.0 ], [ 13506939.430833332240582, 118747.877199999056756, 0.0 ], [ 13506939.432884655892849, 118747.631414692848921, 0.0 ], [ 13506938.096687782555819, 118747.966841862536967, 0.0 ], [ 13506934.364500015974045, 118748.904100010171533, 0.0 ], [ 13506934.356720604002476, 118749.080776010639966, 0.0 ], [ 13506933.63120486959815, 118765.557753319852054, 0.0 ], [ 13506933.404093485325575, 118770.715613454580307, 0.0 ], [ 13506932.882600001990795, 118782.559100013226271, 0.0 ], [ 13506915.600660990923643, 118781.904442218132317, 0.0 ], [ 13506913.912505146116018, 118781.905128134414554, 0.0 ], [ 13506905.377317018806934, 118781.90859610773623, 0.0 ], [ 13506905.80261692404747, 118801.720074837096035, 0.0 ], [ 13506905.916103344410658, 118807.006541383452713, 0.0 ], [ 13506905.140397980809212, 118807.012960526160896, 0.0 ], [ 13506905.154300030320883, 118808.805900007486343, 0.0 ], [ 13506878.272599995136261, 118809.440900010056794, 0.0 ], [ 13506878.425973322242498, 118807.234028516337276, 0.0 ], [ 13506878.314769551157951, 118807.23494874406606, 0.0 ], [ 13506878.523686528205872, 118803.791807373985648, 0.0 ], [ 13506881.251526467502117, 118758.834526021964848, 0.0 ], [ 13506833.107600003480911, 118763.625699998810887, 0.0 ], [ 13506798.569500010460615, 118765.335800014436245, 0.0 ], [ 13506799.042601991444826, 118727.723367624916136, 0.0 ], [ 13506798.913821369409561, 118699.425504857674241, 0.0 ], [ 13506752.608921222388744, 118704.415363298729062, 0.0 ], [ 13506727.960037767887115, 118707.281907581724226, 0.0 ], [ 13506700.73413297906518, 118710.448146780952811, 0.0 ], [ 13506700.59425925090909, 118719.555090350098908, 0.0 ], [ 13506700.685500014573336, 118766.673000008799136, 0.0 ], [ 13506688.627347197383642, 118765.266144116409123, 0.0 ], [ 13506671.585297971963882, 118763.277804142795503, 0.0 ], [ 13506663.652329847216606, 118762.479246943257749, 0.0 ], [ 13506659.399500258266926, 118782.553411207161844, 0.0 ], [ 13506654.238100007176399, 118806.91620001103729, 0.0 ], [ 13506635.648951977491379, 118804.781508109532297, 0.0 ], [ 13506624.047916892915964, 118804.352660155855119, 0.0 ], [ 13506622.485912945121527, 118804.142871581949294, 0.0 ], [ 13506617.314369220286608, 118803.448295339941978, 0.0 ], [ 13506592.705580282956362, 118800.143154514022171, 0.0 ], [ 13506567.757481794804335, 118797.756669883616269, 0.0 ], [ 13506561.036227840930223, 118794.419111401773989, 0.0 ], [ 13506551.500533856451511, 118795.208297856152058, 0.0 ], [ 13506546.57375867292285, 118796.155321633443236, 0.0 ], [ 13506539.739844657480717, 118796.628833510912955, 0.0 ], [ 13506530.522007174789906, 118796.628833510912955, 0.0 ], [ 13506521.304169680923223, 118797.102345409803092, 0.0 ], [ 13506513.198829829692841, 118796.944508105516434, 0.0 ], [ 13506508.748839311301708, 118799.627742092125118, 0.0 ], [ 13506507.318485230207443, 118807.361769363284111, 0.0 ], [ 13506506.886284355074167, 118826.117266625165939, 0.0 ], [ 13506506.598010569810867, 118828.980216099880636, 0.0 ], [ 13506500.71766596660018, 118834.662358125671744, 0.0 ], [ 13506483.712345115840435, 118843.501245516352355, 0.0 ], [ 13506481.010565135627985, 118845.237455520778894, 0.0 ], [ 13506442.731048379093409, 118875.562097230926156, 0.0 ], [ 13506427.081779725849628, 118875.644267188385129, 0.0 ], [ 13506423.033545896410942, 118868.365876369178295, 0.0 ], [ 13506408.067804004997015, 118842.78308591991663, 0.0 ], [ 13506362.785302136093378, 118771.145478861406446, 0.0 ], [ 13506357.868097569793463, 118763.018001227639616, 0.0 ], [ 13506354.982139781117439, 118755.377740897238255, 0.0 ], [ 13506350.525129996240139, 118750.639337775297463, 0.0 ], [ 13506350.093655679374933, 118750.767250336706638, 0.0 ], [ 13506344.576216422021389, 118758.468979556113482, 0.0 ], [ 13506336.98211208358407, 118761.680391848087311, 0.0 ], [ 13506335.24519407749176, 118762.19978095870465, 0.0 ], [ 13506323.795316524803638, 118768.937356586568058, 0.0 ], [ 13506313.740494843572378, 118778.103722815401852, 0.0 ], [ 13506306.537901140749454, 118783.591027579270303, 0.0 ], [ 13506296.834737744182348, 118790.842795765958726, 0.0 ], [ 13506281.766197495162487, 118799.759969651699066, 0.0 ], [ 13506319.113330084830523, 118878.987575894221663, 0.0 ], [ 13506333.262371316552162, 118877.277506058104336, 0.0 ], [ 13506341.312328953295946, 118875.159155393019319, 0.0 ], [ 13506367.12676227837801, 118863.230787815526128, 0.0 ], [ 13506367.583394821733236, 118864.538325728848577, 0.0 ], [ 13506368.615437835454941, 118866.141267518512905, 0.0 ], [ 13506369.382317785173655, 118868.334574765525758, 0.0 ], [ 13506373.26636615768075, 118875.378939383663237, 0.0 ], [ 13506373.570045702159405, 118876.254427048377693, 0.0 ], [ 13506379.417213279753923, 118880.675645205192268, 0.0 ], [ 13506380.159936934709549, 118881.421119798906147, 0.0 ], [ 13506385.77544866874814, 118893.184317097999156, 0.0 ], [ 13506386.097495928406715, 118894.094297955743968, 0.0 ], [ 13506393.319013930857182, 118902.004973548464477, 0.0 ], [ 13506399.114640586078167, 118914.098509444855154, 0.0 ], [ 13506419.937396604567766, 118940.805356564931571, 0.0 ], [ 13506420.086342088878155, 118941.236301162280142, 0.0 ], [ 13506426.56836474314332, 118947.898916819132864, 0.0 ], [ 13506430.692529231309891, 118952.996621985919774, 0.0 ], [ 13506436.116460096091032, 118964.323012850247324, 0.0 ], [ 13506436.870760973542929, 118965.110940502025187, 0.0 ], [ 13506442.346344064921141, 118971.110223889350891, 0.0 ], [ 13506443.233693368732929, 118973.085899493657053, 0.0 ], [ 13506519.582196250557899, 118975.094391111284494, 0.0 ], [ 13506552.639268610626459, 118979.303383432328701, 0.0 ], [ 13506568.108283258974552, 118986.879569500684738, 0.0 ], [ 13506578.279690138995647, 118996.349801824428141, 0.0 ], [ 13506578.279690138995647, 119009.60812665335834, 0.0 ], [ 13506581.882063407450914, 119019.709707122296095, 0.0 ], [ 13506591.841565977782011, 119029.390388160943985, 0.0 ], [ 13506603.496303029358387, 119043.911409173160791, 0.0 ], [ 13506607.946293536573648, 119052.960740808397532, 0.0 ], [ 13506610.489145249128342, 119063.062320034950972, 0.0 ], [ 13506614.515327140688896, 119083.896826234646142, 0.0 ], [ 13506614.515327140688896, 119098.417844963259995, 0.0 ], [ 13506619.601030580699444, 119116.306055602617562, 0.0 ], [ 13506627.441490050405264, 119129.564375844784081, 0.0 ], [ 13506633.374810747802258, 119148.294382948428392, 0.0 ], [ 13506631.043863330036402, 119157.975060366094112, 0.0 ], [ 13506629.212758060544729, 119170.55325374007225, 0.0 ], [ 13506646.565623465925455, 119170.730805622413754, 0.0 ], [ 13506832.221375916153193, 119089.055904261767864, 0.0 ], [ 13506845.301193445920944, 119083.669099063612521, 0.0 ] ] ] ] } },
{ "type": "Feature", "properties": { "WADMPR": "SULAWESI TENGAH", "WADMKK": "BUOL", "WADMKC": "MOMUNU", "WADMKD": "MOMUNU", "POKTAN": "KT SAKUYATI II", "LUAS_HA": 41.903261082299998, "PAKET": "Paket Sulawesi Tengah 6" }, "geometry": { "type": "MultiPolygon", "coordinates": [ [ [ [ 13507222.571173142641783, 119067.430776658467948, 0.0 ], [ 13507224.111600004136562, 119085.383700001984835, 0.0 ], [ 13507224.45610000193119, 119087.311399999074638, 0.0 ], [ 13507224.725319765508175, 119088.817858466878533, 0.0 ], [ 13507224.8006, 119089.239099999889731, 0.0 ], [ 13507224.87779088690877, 119090.066145279444754, 0.0 ], [ 13507224.931111462414265, 119090.637437092140317, 0.0 ], [ 13507224.997389048337936, 119091.347554017789662, 0.0 ], [ 13507225.01970000565052, 119091.58659999910742, 0.0 ], [ 13507224.3935, 119093.685300000011921, 0.0 ], [ 13507224.017700005322695, 119094.944600002840161, 0.0 ], [ 13507223.516799997538328, 119096.623500000685453, 0.0 ], [ 13507223.450215734541416, 119098.157064056023955, 0.0 ], [ 13507223.438499998301268, 119098.426900002174079, 0.0 ], [ 13507223.783000003546476, 119100.354700000025332, 0.0 ], [ 13507224.127300005406141, 119102.282400000840425, 0.0 ], [ 13507225.356642071157694, 119103.924420385621488, 0.0 ], [ 13507225.442500002682209, 119104.039100001566112, 0.0 ], [ 13507226.334900002926588, 119105.671500002965331, 0.0 ], [ 13507226.807054653763771, 119106.302152429707348, 0.0 ], [ 13507227.6501, 119107.428199999034405, 0.0 ], [ 13507227.91026658192277, 119107.775701993145049, 0.0 ], [ 13507228.965300008654594, 119109.184899999760091, 0.0 ], [ 13507229.184400003403425, 119111.53239999897778, 0.0 ], [ 13507228.808700002729893, 119112.791600000113249, 0.0 ], [ 13507227.884900003671646, 119114.346300000324845, 0.0 ], [ 13507225.943600002676249, 119114.688300000503659, 0.0 ], [ 13507213.4966000020504, 119117.87529999949038, 0.0 ], [ 13507212.608973752707243, 119117.942350444383919, 0.0 ], [ 13507212.475286804139614, 119117.982576815411448, 0.0 ], [ 13507212.330147825181484, 119118.048325241543353, 0.0 ], [ 13507211.49503019452095, 119118.426636230200529, 0.0 ], [ 13507209.355112813413143, 119119.396025728434324, 0.0 ], [ 13507210.159038279205561, 119122.175995497033, 0.0 ], [ 13507210.611000005155802, 119122.776200001128018, 0.0 ], [ 13507210.873799998313189, 119124.251600000075996, 0.0 ], [ 13507210.891236767172813, 119124.707933735102415, 0.0 ], [ 13507210.922400001436472, 119125.52350000012666, 0.0 ], [ 13507211.40224251896143, 119125.981201100163162, 0.0 ], [ 13507211.7806, 119126.3421, 0.0 ], [ 13507212.665758788585663, 119126.918839459307492, 0.0 ], [ 13507212.881405267864466, 119127.05934739485383, 0.0 ], [ 13507213.90782680734992, 119127.728128869086504, 0.0 ], [ 13507216.122600007802248, 119129.171200000680983, 0.0 ], [ 13507215.607356313616037, 119130.036697316914797, 0.0 ], [ 13507216.069483403116465, 119130.541443747468293, 0.0 ], [ 13507216.348537169396877, 119130.846233046613634, 0.0 ], [ 13507227.257290661334991, 119130.690239583142102, 0.0 ], [ 13507228.545880701392889, 119129.869608499109745, 0.0 ], [ 13507230.841995649039745, 119128.407341025769711, 0.0 ], [ 13507231.8147, 119127.374100000597537, 0.0 ], [ 13507233.4586, 119126.48800000268966, 0.0 ], [ 13507235.27479999884963, 119126.565699999220669, 0.0 ], [ 13507235.544551137834787, 119126.518180226907134, 0.0 ], [ 13507237.2162000015378, 119126.223699999041855, 0.0 ], [ 13507244.653000008314848, 119127.498400000855327, 0.0 ], [ 13507245.261252876371145, 119127.677361383102834, 0.0 ], [ 13507246.343899998813868, 119127.995900000445545, 0.0 ], [ 13507246.638261407613754, 119128.008493955247104, 0.0 ], [ 13507247.137841042131186, 119128.029867966659367, 0.0 ], [ 13507248.16, 119128.073600001633167, 0.0 ], [ 13507249.850900001823902, 119128.571100001223385, 0.0 ], [ 13507251.5418, 119129.068499999120831, 0.0 ], [ 13507253.758168570697308, 119129.720635257661343, 0.0 ], [ 13507254.078200004994869, 119129.814800001680851, 0.0 ], [ 13507254.165236007422209, 119129.818523750640452, 0.0 ], [ 13507255.894299998879433, 119129.892499998211861, 0.0 ], [ 13507257.835800003260374, 119129.550400000996888, 0.0 ], [ 13507259.6519, 119129.628200000151992, 0.0 ], [ 13507261.468000002205372, 119129.705900001339614, 0.0 ], [ 13507262.391221489757299, 119129.977532083168626, 0.0 ], [ 13507263.158900003880262, 119130.203400000929832, 0.0 ], [ 13507265.397799998521805, 119130.405499998480082, 0.0 ], [ 13507267.088700003921986, 119130.9029999980703, 0.0 ], [ 13507267.128784671425819, 119130.904714887030423, 0.0 ], [ 13507268.904900003224611, 119130.980699999257922, 0.0 ], [ 13507270.971500001847744, 119130.218999998643994, 0.0 ], [ 13507272.912999998778105, 119129.876900000497699, 0.0 ], [ 13507274.8543, 119129.534799999557436, 0.0 ], [ 13507276.364763103425503, 119129.599503244273365, 0.0 ], [ 13507276.670500006526709, 119129.61260000243783, 0.0 ], [ 13507278.440165489912033, 119129.300836958922446, 0.0 ], [ 13507278.611799996346235, 119129.270600002259016, 0.0 ], [ 13507278.953043088316917, 119129.37100122962147, 0.0 ], [ 13507279.096867229789495, 119129.413317459635437, 0.0 ], [ 13507279.668126586824656, 119129.581394534558058, 0.0 ], [ 13507279.676723904907703, 119129.58392405603081, 0.0 ], [ 13507280.010773088783026, 119129.682208679616451, 0.0 ], [ 13507280.302700005471706, 119129.768100001849234, 0.0 ], [ 13507282.416400004178286, 119130.38990000076592, 0.0 ], [ 13507282.576296955347061, 119130.361732307821512, 0.0 ], [ 13507284.053075131028891, 119130.101580801419914, 0.0 ], [ 13507284.3578, 119130.047900000587106, 0.0 ], [ 13507285.067041922360659, 119130.256551885977387, 0.0 ], [ 13507285.200431901961565, 119130.295793884433806, 0.0 ], [ 13507286.471400003880262, 119130.669700000435114, 0.0 ], [ 13507287.634735595434904, 119130.464705098420382, 0.0 ], [ 13507288.412800006568432, 119130.327599998563528, 0.0 ], [ 13507290.35419999808073, 119129.985599998384714, 0.0 ], [ 13507291.163067903369665, 119129.68748480360955, 0.0 ], [ 13507292.223616298288107, 119129.296610607765615, 0.0 ], [ 13507292.420900002121925, 119129.223900001496077, 0.0 ], [ 13507292.529029652476311, 119129.228526216931641, 0.0 ], [ 13507292.985278829932213, 119129.24804637953639, 0.0 ], [ 13507293.28728736564517, 119129.26096750702709, 0.0 ], [ 13507293.697857026010752, 119129.278533314354718, 0.0 ], [ 13507294.23700000718236, 119129.301599998027086, 0.0 ], [ 13507295.254700005054474, 119130.514300002716482, 0.0 ], [ 13507296.5698, 119132.270900001749396, 0.0 ], [ 13507297.041131928563118, 119132.900453519076109, 0.0 ], [ 13507297.681758917868137, 119133.756132828071713, 0.0 ], [ 13507297.713822524994612, 119133.798959878273308, 0.0 ], [ 13507297.885000005364418, 119134.02759999781847, 0.0 ], [ 13507299.4507, 119134.944900000467896, 0.0 ], [ 13507301.141600009053946, 119135.442400000058115, 0.0 ], [ 13507303.380500003695488, 119135.644500003196299, 0.0 ], [ 13507304.980126544833183, 119136.115050744265318, 0.0 ], [ 13507305.071400001645088, 119136.141900001093745, 0.0 ], [ 13507306.51180000603199, 119137.478900000452995, 0.0 ], [ 13507306.880750730633736, 119137.918551774695516, 0.0 ], [ 13507306.926346577703953, 119137.972885037772357, 0.0 ], [ 13507307.070464812219143, 119138.144620274193585, 0.0 ], [ 13507307.088431864976883, 119138.166030302643776, 0.0 ], [ 13507307.529400002211332, 119138.691499998793006, 0.0 ], [ 13507308.8446, 119140.448199999518692, 0.0 ], [ 13507309.862200003117323, 119141.660800002515316, 0.0 ], [ 13507311.3026, 119142.997800001874566, 0.0 ], [ 13507312.516304109245539, 119143.708797899074852, 0.0 ], [ 13507312.868300002068281, 119143.915000002831221, 0.0 ], [ 13507313.497739132493734, 119144.283754196017981, 0.0 ], [ 13507314.433900002390146, 119144.832199999131262, 0.0 ], [ 13507315.069743081927299, 119145.681537835858762, 0.0 ], [ 13507315.7491, 119146.589000001549721, 0.0 ], [ 13507316.364002354443073, 119147.071291240863502, 0.0 ], [ 13507316.685039475560188, 119147.323092832230031, 0.0 ], [ 13507317.43956121429801, 119147.914892851375043, 0.0 ], [ 13507317.6122, 119148.050300001166761, 0.0 ], [ 13507317.701699998229742, 119148.214000001549721, 0.0 ], [ 13507317.67170000821352, 119147.711900002323091, 0.0 ], [ 13507317.5962999984622, 119146.452899999916553, 0.0 ], [ 13507317.559760209172964, 119145.843063570559025, 0.0 ], [ 13507317.5209, 119145.194500003010035, 0.0 ], [ 13507316.822199996560812, 119144.179800000973046, 0.0 ], [ 13507315.89979999512434, 119142.967600000090897, 0.0 ], [ 13507315.401500005275011, 119141.734000001102686, 0.0 ], [ 13507316.1985, 119140.851999998092651, 0.0 ], [ 13507317.194699998944998, 119139.74930000025779, 0.0 ], [ 13507317.221277728676796, 119139.738924037665129, 0.0 ], [ 13507318.4406, 119139.262899999506772, 0.0 ], [ 13507319.9115, 119138.974099999293685, 0.0 ], [ 13507321.244463980197906, 119138.712434383109212, 0.0 ], [ 13507321.383200008422136, 119138.685200002044439, 0.0 ], [ 13507322.431200005114079, 119138.4189000017941, 0.0 ], [ 13507323.878500003367662, 119137.711099998094141, 0.0 ], [ 13507324.2516999989748, 119136.850999998860061, 0.0 ], [ 13507324.6644227206707, 119136.07225342001766, 0.0 ], [ 13507324.8244, 119135.770400002598763, 0.0 ], [ 13507325.396800003945827, 119134.690000000409782, 0.0 ], [ 13507326.393800001591444, 119133.586500002071261, 0.0 ], [ 13507327.416900005191565, 119132.901200002990663, 0.0 ], [ 13507328.82798470556736, 119131.782929513603449, 0.0 ], [ 13507328.873185385018587, 119131.736363534815609, 0.0 ], [ 13507329.437300004065037, 119131.111999998800457, 0.0 ], [ 13507329.504904288798571, 119131.085563326254487, 0.0 ], [ 13507329.619224958121777, 119131.040858197957277, 0.0 ], [ 13507330.686500009149313, 119130.623499999754131, 0.0 ], [ 13507332.104406636208296, 119130.06915039382875, 0.0 ], [ 13507332.561100002378225, 119129.890599998645484, 0.0 ], [ 13507332.960200004279613, 119129.448900001123548, 0.0 ], [ 13507334.184000007808208, 119128.541899998672307, 0.0 ], [ 13507334.9822, 119127.658499999903142, 0.0 ], [ 13507336.006700005382299, 119126.972100000828505, 0.0 ], [ 13507337.54823749139905, 119126.500255168415606, 0.0 ], [ 13507337.684, 119126.458700002171099, 0.0 ], [ 13507338.9628, 119126.387099999003112, 0.0 ], [ 13507340.2423, 119126.315399998798966, 0.0 ], [ 13507341.3226, 119126.464800000190735, 0.0 ], [ 13507342.757909193634987, 119126.584337717853487, 0.0 ], [ 13507342.830700002610683, 119126.590399999171495, 0.0 ], [ 13507344.3398, 119126.716000002808869, 0.0 ], [ 13507351.0722, 119127.812700000591576, 0.0 ], [ 13507351.168449211865664, 119128.056057962588966, 0.0 ], [ 13507354.032950572669506, 119135.298706877045333, 0.0 ], [ 13507354.788507912307978, 119137.209069572389126, 0.0 ], [ 13507356.345606360584497, 119141.146061020903289, 0.0 ], [ 13507356.798, 119142.289900001138449, 0.0 ], [ 13507363.479899998754263, 119149.401399999856949, 0.0 ], [ 13507363.3919, 119148.734199999831617, 0.0 ], [ 13507369.090900003910065, 119148.127900000661612, 0.0 ], [ 13507369.117443531751633, 119148.135709689930081, 0.0 ], [ 13507370.264586094766855, 119148.473224285058677, 0.0 ], [ 13507370.781800001859665, 119148.62540000025183, 0.0 ], [ 13507371.722937468439341, 119149.118403814733028, 0.0 ], [ 13507372.7702, 119149.667000003159046, 0.0 ], [ 13507374.758700001984835, 119150.708499998785555, 0.0 ], [ 13507376.199100006371737, 119152.045499999076128, 0.0 ], [ 13507378.062199998646975, 119153.506800002418458, 0.0 ], [ 13507379.287194557487965, 119154.643857571296394, 0.0 ], [ 13507379.5026, 119154.843800001777709, 0.0 ], [ 13507380.943000003695488, 119156.180800001136959, 0.0 ], [ 13507381.538000006228685, 119157.269100000150502, 0.0 ], [ 13507382.497134573757648, 119158.30721044074744, 0.0 ], [ 13507383.27589999884367, 119159.150100000202656, 0.0 ], [ 13507383.872572381049395, 119160.746074168011546, 0.0 ], [ 13507384.043100003153086, 119161.202200002968311, 0.0 ], [ 13507384.335276879370213, 119162.140251350589097, 0.0 ], [ 13507384.512800004333258, 119162.710200002416968, 0.0 ], [ 13507384.528603699058294, 119162.752477083355188, 0.0 ], [ 13507385.279899995774031, 119164.762300000526011, 0.0 ], [ 13507385.749700002372265, 119166.270299999974668, 0.0 ], [ 13507386.094099994748831, 119168.198000000789762, 0.0 ], [ 13507387.409200001507998, 119169.95480000320822, 0.0 ], [ 13507388.724399998784065, 119171.711499999277294, 0.0 ], [ 13507389.6169, 119173.343900000676513, 0.0 ], [ 13507390.085923340171576, 119174.20179645344615, 0.0 ], [ 13507390.5093, 119174.976199999451637, 0.0 ], [ 13507391.401700001209974, 119176.608600000850856, 0.0 ], [ 13507392.2942, 119178.240900000557303, 0.0 ], [ 13507393.660241816192865, 119179.508879665285349, 0.0 ], [ 13507393.734600003808737, 119179.577899999916553, 0.0 ], [ 13507393.991632673889399, 119179.921216065064073, 0.0 ], [ 13507394.759730387479067, 119180.947156801819801, 0.0 ], [ 13507395.049800001084805, 119181.33460000064224, 0.0 ], [ 13507395.394200004637241, 119183.262400003150105, 0.0 ], [ 13507396.161400001496077, 119185.314500001259148, 0.0 ], [ 13507396.112163182348013, 119186.448518852703273, 0.0 ], [ 13507396.083099998533726, 119187.117900001816452, 0.0 ], [ 13507395.8796, 119189.341000000014901, 0.0 ], [ 13507395.926600005477667, 119190.724600002169609, 0.0 ], [ 13507395.723000004887581, 119192.947700000368059, 0.0 ], [ 13507395.597800005227327, 119193.367400001734495, 0.0 ], [ 13507395.925049159675837, 119199.406279384158552, 0.0 ], [ 13507398.2128, 119241.623200003057718, 0.0 ], [ 13507399.055898141115904, 119241.773290708661079, 0.0 ], [ 13507410.002300009131432, 119243.722000000998378, 0.0 ], [ 13507411.521000005304813, 119243.255599998869002, 0.0 ], [ 13507414.4331, 119242.742500001564622, 0.0 ], [ 13507415.735514897853136, 119242.262483826838434, 0.0 ], [ 13507416.133823197335005, 119242.115683889947832, 0.0 ], [ 13507416.4998, 119241.980800000950694, 0.0 ], [ 13507417.362748369574547, 119241.662752982228994, 0.0 ], [ 13507418.21779441088438, 119241.34761843457818, 0.0 ], [ 13507418.566500004380941, 119241.219099999405444, 0.0 ], [ 13507420.633100003004074, 119240.457300000824034, 0.0 ], [ 13507420.911402713507414, 119240.161656334996223, 0.0 ], [ 13507421.979600008577108, 119239.026900000870228, 0.0 ], [ 13507422.030697107315063, 119238.855668621137738, 0.0 ], [ 13507422.4806, 119237.348000002093613, 0.0 ], [ 13507423.27673252671957, 119236.008097850717604, 0.0 ], [ 13507423.404300004243851, 119235.793399999849498, 0.0 ], [ 13507424.407888647168875, 119234.727352591231465, 0.0 ], [ 13507424.750799998641014, 119234.363100001588464, 0.0 ], [ 13507425.8468, 119233.772300003096461, 0.0 ], [ 13507426.324035450816154, 119226.286844901740551, 0.0 ], [ 13507426.382548850029707, 119225.369060218334198, 0.0 ], [ 13507427.013959288597107, 119215.465364925563335, 0.0 ], [ 13507427.054162677377462, 119214.834773382171988, 0.0 ], [ 13507427.183045402169228, 119212.813243279233575, 0.0 ], [ 13507427.305504120886326, 119210.892473833635449, 0.0 ], [ 13507427.729748241603374, 119204.23818970285356, 0.0 ], [ 13507427.953482076525688, 119200.728916588239372, 0.0 ], [ 13507427.989900004118681, 119200.157699999399483, 0.0 ], [ 13507434.005440380424261, 119199.81385578867048, 0.0 ], [ 13507436.305382035672665, 119199.682392679154873, 0.0 ], [ 13507445.545969590544701, 119199.154206956736743, 0.0 ], [ 13507453.715000186115503, 119198.687270694412291, 0.0 ], [ 13507459.334103107452393, 119198.366086581721902, 0.0 ], [ 13507472.71212151274085, 119197.601408110000193, 0.0 ], [ 13507480.160793226212263, 119197.175647077150643, 0.0 ], [ 13507485.756105918437243, 119196.85582279227674, 0.0 ], [ 13507486.450791761279106, 119196.81610774807632, 0.0 ], [ 13507486.466733336448669, 119196.815200000070035, 0.0 ], [ 13507486.556854996830225, 119196.883084228262305, 0.0 ], [ 13507486.670781474560499, 119196.968897790648043, 0.0 ], [ 13507486.803397309035063, 119197.06878558639437, 0.0 ], [ 13507486.82699142023921, 119197.08656043279916, 0.0 ], [ 13507489.758528620004654, 119199.295081254094839, 0.0 ], [ 13507497.729444276541471, 119205.300109819509089, 0.0 ], [ 13507523.260000009089708, 119224.533999999985099, 0.0 ], [ 13507531.245534919202328, 119236.023360211402178, 0.0 ], [ 13507533.2333, 119238.88329999987036, 0.0 ], [ 13507531.704426515847445, 119242.573758861981332, 0.0 ], [ 13507531.153458271175623, 119243.903709070757031, 0.0 ], [ 13507528.208502862602472, 119251.012365740723908, 0.0 ], [ 13507527.47958904504776, 119252.771848427131772, 0.0 ], [ 13507526.65760000795126, 119254.756000002846122, 0.0 ], [ 13507519.552789863198996, 119256.00763732008636, 0.0 ], [ 13507513.067700002342463, 119257.150100001133978, 0.0 ], [ 13507512.930617667734623, 119256.709997298195958, 0.0 ], [ 13507509.779800001531839, 119246.594300002790987, 0.0 ], [ 13507509.652970474213362, 119246.581527058035135, 0.0 ], [ 13507493.262000001966953, 119244.930799999274313, 0.0 ], [ 13507491.1329, 119264.394799998961389, 0.0 ], [ 13507490.58503682166338, 119264.460161414928734, 0.0 ], [ 13507481.784286890178919, 119265.510112336836755, 0.0 ], [ 13507447.732347697019577, 119269.572591698728502, 0.0 ], [ 13507428.1937, 119271.903600001707673, 0.0 ], [ 13507425.261005826294422, 119270.958939433097839, 0.0 ], [ 13507411.8327, 119266.633500003255904, 0.0 ], [ 13507398.996331885457039, 119267.225962998345494, 0.0 ], [ 13507386.460956204682589, 119267.804533680900931, 0.0 ], [ 13507375.630674429237843, 119268.304405693896115, 0.0 ], [ 13507364.002509161829948, 119268.841104045510292, 0.0 ], [ 13507343.880847122520208, 119269.769820025190711, 0.0 ], [ 13507335.366500001400709, 119270.162799998186529, 0.0 ], [ 13507345.005624778568745, 119308.751892819069326, 0.0 ], [ 13507345.21450000628829, 119309.58809999935329, 0.0 ], [ 13507341.331222157925367, 119310.008723556064069, 0.0 ], [ 13507310.050000004470348, 119313.396999998949468, 0.0 ], [ 13507297.247099455446005, 119303.531197603791952, 0.0 ], [ 13507286.65648727864027, 119295.658495702780783, 0.0 ], [ 13507271.443701568990946, 119284.349826765246689, 0.0 ], [ 13507274.812128603458405, 119347.03248727787286, 0.0 ], [ 13507285.001716159284115, 119417.419691307470202, 0.0 ], [ 13507311.001551292836666, 119412.384631089866161, 0.0 ], [ 13507333.050849601626396, 119408.114621519111097, 0.0 ], [ 13507350.204904213547707, 119404.573053993284702, 0.0 ], [ 13507352.415800001472235, 119404.116599999368191, 0.0 ], [ 13507352.565362732857466, 119404.335491832345724, 0.0 ], [ 13507363.891259368509054, 119420.911455627530813, 0.0 ], [ 13507363.895988639444113, 119422.281832478009164, 0.0 ], [ 13507344.179319027811289, 119430.318900060839951, 0.0 ], [ 13507314.261924475431442, 119442.51406925637275, 0.0 ], [ 13507307.405841141939163, 119445.308801137842238, 0.0 ], [ 13507294.258999709039927, 119450.667822472751141, 0.0 ], [ 13507293.504200007766485, 119450.975500002503395, 0.0 ], [ 13507293.572745908051729, 119451.283631712198257, 0.0 ], [ 13507294.816083915531635, 119456.872760543599725, 0.0 ], [ 13507296.766004513949156, 119465.638162524439394, 0.0 ], [ 13507297.105621241033077, 119467.164828357286751, 0.0 ], [ 13507298.120522618293762, 119471.727074961178005, 0.0 ], [ 13507300.59907354041934, 119482.868808215484023, 0.0 ], [ 13507303.569600004702806, 119496.222099999897182, 0.0 ], [ 13507311.479678049683571, 119539.144341639243066, 0.0 ], [ 13507373.0187, 119489.410800000652671, 0.0 ], [ 13507372.989653803408146, 119489.213239109143615, 0.0 ], [ 13507371.36540000140667, 119478.165699999779463, 0.0 ], [ 13507371.622128006070852, 119478.063896560110152, 0.0 ], [ 13507385.2232, 119472.6705, 0.0 ], [ 13507388.597636487334967, 119471.332437885925174, 0.0 ], [ 13507390.256318625062704, 119470.674722228199244, 0.0 ], [ 13507390.547400001436472, 119470.559299998916686, 0.0 ], [ 13507402.713569391518831, 119487.086491283029318, 0.0 ], [ 13507402.840999998152256, 119487.259600002318621, 0.0 ], [ 13507402.77095552533865, 119487.41823104582727, 0.0 ], [ 13507401.701300002634525, 119489.840700000524521, 0.0 ], [ 13507401.491454970091581, 119490.31593332439661, 0.0 ], [ 13507400.911487270146608, 119491.629378675483167, 0.0 ], [ 13507400.138700008392334, 119493.379499999806285, 0.0 ], [ 13507400.469500001519918, 119503.63230000063777, 0.0 ], [ 13507403.776700004935265, 119513.554200001992285, 0.0 ], [ 13507410.722, 119525.460400001145899, 0.0 ], [ 13507411.349560454487801, 119526.686948844231665, 0.0 ], [ 13507411.701600003987551, 119527.375000000931323, 0.0 ], [ 13507411.8344781473279, 119527.634720595553517, 0.0 ], [ 13507412.259690936654806, 119528.465831816196442, 0.0 ], [ 13507417.998, 119539.681799999438226, 0.0 ], [ 13507422.550197053700686, 119544.689123244024813, 0.0 ], [ 13507423.504222426563501, 119545.738531419076025, 0.0 ], [ 13507425.674353398382664, 119548.125631702132523, 0.0 ], [ 13507426.800480838865042, 119549.364349961280823, 0.0 ], [ 13507427.92000000923872, 119550.595800001174212, 0.0 ], [ 13507429.866727344691753, 119551.800912805832922, 0.0 ], [ 13507430.295322377234697, 119552.066232504323125, 0.0 ], [ 13507432.041575871407986, 119553.147242780774832, 0.0 ], [ 13507434.614147804677486, 119554.739781726151705, 0.0 ], [ 13507436.407209604978561, 119555.849768470041454, 0.0 ], [ 13507439.415764626115561, 119557.712200757116079, 0.0 ], [ 13507440.90513526648283, 119558.634188876487315, 0.0 ], [ 13507441.810633335262537, 119559.194733333773911, 0.0 ], [ 13507443.667429186403751, 119560.58019633218646, 0.0 ], [ 13507445.691983640193939, 119562.090833747759461, 0.0 ], [ 13507448.043750274926424, 119563.845623150467873, 0.0 ], [ 13507450.086195304989815, 119565.369609753601253, 0.0 ], [ 13507452.65990000218153, 119567.290000001899898, 0.0 ], [ 13507453.067159552127123, 119567.593878425657749, 0.0 ], [ 13507453.764104969799519, 119568.113907180726528, 0.0 ], [ 13507454.345995493233204, 119568.548087238334119, 0.0 ], [ 13507455.137983184307814, 119569.139032184146345, 0.0 ], [ 13507455.942006204277277, 119569.738957341760397, 0.0 ], [ 13507457.062830779701471, 119570.575265315361321, 0.0 ], [ 13507457.91787763312459, 119571.213262119330466, 0.0 ], [ 13507458.367852322757244, 119571.54901263024658, 0.0 ], [ 13507458.901688624173403, 119571.94733683206141, 0.0 ], [ 13507460.148257374763489, 119572.877469350583851, 0.0 ], [ 13507460.842411253601313, 119573.395415183156729, 0.0 ], [ 13507460.859609205275774, 119573.408247507177293, 0.0 ], [ 13507461.425818674266338, 119573.830727078951895, 0.0 ], [ 13507462.680079836398363, 119574.766599325463176, 0.0 ], [ 13507463.735635794699192, 119575.554206838831306, 0.0 ], [ 13507464.064675115048885, 119575.799720914103091, 0.0 ], [ 13507464.492790203541517, 119576.119160787202418, 0.0 ], [ 13507465.316524367779493, 119576.733793499879539, 0.0 ], [ 13507465.480830606073141, 119576.856391287408769, 0.0 ], [ 13507465.654142513871193, 119576.985708694905043, 0.0 ], [ 13507465.753881502896547, 119577.060129362158477, 0.0 ], [ 13507465.95681731775403, 119577.211550774984062, 0.0 ], [ 13507465.959084242582321, 119577.213242251425982, 0.0 ], [ 13507466.024286210536957, 119577.261892973445356, 0.0 ], [ 13507466.29293492808938, 119577.462346334941685, 0.0 ], [ 13507466.339141, 119577.496823195368052, 0.0 ], [ 13507466.350845374166965, 119577.505556462332606, 0.0 ], [ 13507466.718818847090006, 119577.780121413990855, 0.0 ], [ 13507466.729666788130999, 119577.788215652108192, 0.0 ], [ 13507467.225761529058218, 119578.15837882924825, 0.0 ], [ 13507467.231700129806995, 119578.16280993912369, 0.0 ], [ 13507467.979891449213028, 119578.721076040528715, 0.0 ], [ 13507468.217844806611538, 119578.898625938221812, 0.0 ], [ 13507469.026515733450651, 119579.502019153907895, 0.0 ], [ 13507469.087109003216028, 119579.54723107535392, 0.0 ], [ 13507469.536240112036467, 119579.882352141663432, 0.0 ], [ 13507469.696107435971498, 119580.001637812703848, 0.0 ], [ 13507469.781641643494368, 119580.065459525212646, 0.0 ], [ 13507469.986607570201159, 119580.218395712785423, 0.0 ], [ 13507470.174548681825399, 119580.358628763817251, 0.0 ], [ 13507470.677258014678955, 119580.733727446757257, 0.0 ], [ 13507470.706059575080872, 119580.755217851139605, 0.0 ], [ 13507471.189889244735241, 119581.116229397244751, 0.0 ], [ 13507471.598396368324757, 119581.421038704924285, 0.0 ], [ 13507472.020021118223667, 119581.735635781660676, 0.0 ], [ 13507472.039572197943926, 119581.750223905779421, 0.0 ], [ 13507472.664944283664227, 119582.216847914271057, 0.0 ], [ 13507473.250877380371094, 119582.654044358059764, 0.0 ], [ 13507473.392549902200699, 119582.759753908030689, 0.0 ], [ 13507474.189184989780188, 119583.354166526347399, 0.0 ], [ 13507474.460807248950005, 119583.556838614866138, 0.0 ], [ 13507474.986818328499794, 119583.949323995038867, 0.0 ], [ 13507475.423231042921543, 119584.274955182336271, 0.0 ], [ 13507475.76287991181016, 119584.528385609388351, 0.0 ], [ 13507476.170680455863476, 119584.832667706534266, 0.0 ], [ 13507476.966585904359818, 119585.426535898819566, 0.0 ], [ 13507477.023963414132595, 119585.469348369166255, 0.0 ], [ 13507477.317290976643562, 119585.688215962611139, 0.0 ], [ 13507477.791256617754698, 119586.041867417283356, 0.0 ], [ 13507478.580564565956593, 119586.630812864750624, 0.0 ], [ 13507478.763602312654257, 119586.767387247644365, 0.0 ], [ 13507479.807280499488115, 119587.546132117509842, 0.0 ], [ 13507480.112980011850595, 119587.774231092073023, 0.0 ], [ 13507480.760018318891525, 119588.25702144484967, 0.0 ], [ 13507480.976184863597155, 119588.418315021321177, 0.0 ], [ 13507481.617251940071583, 119588.896649912931025, 0.0 ], [ 13507482.17342684045434, 119589.311642157845199, 0.0 ], [ 13507482.593522597104311, 119589.625098372809589, 0.0 ], [ 13507482.963871128857136, 119589.901435488834977, 0.0 ], [ 13507483.413397818803787, 119590.236851713620126, 0.0 ], [ 13507483.833690576255322, 119590.550454927608371, 0.0 ], [ 13507483.898076761513948, 119590.598496946506202, 0.0 ], [ 13507484.766348693519831, 119591.24636170361191, 0.0 ], [ 13507484.8054, 119591.275499999523163, 0.0 ], [ 13507485.437730245292187, 119590.818274240940809, 0.0 ], [ 13507485.758307576179504, 119590.586470983922482, 0.0 ], [ 13507486.076038811355829, 119590.356725671328604, 0.0 ], [ 13507486.968998271971941, 119589.711043984629214, 0.0 ], [ 13507487.458489492535591, 119589.35710234940052, 0.0 ], [ 13507487.853285253047943, 119589.071633183397353, 0.0 ], [ 13507488.47052276879549, 119588.625320684164762, 0.0 ], [ 13507489.172164257615805, 119588.11797730345279, 0.0 ], [ 13507489.585082288831472, 119587.819404269568622, 0.0 ], [ 13507490.478647500276566, 119587.173284562304616, 0.0 ], [ 13507490.835241038352251, 119586.915438677184284, 0.0 ], [ 13507491.764315254986286, 119586.243643104098737, 0.0 ], [ 13507492.220999017357826, 119585.91342390794307, 0.0 ], [ 13507493.020513352006674, 119585.335310578346252, 0.0 ], [ 13507493.434777483344078, 119585.035764192230999, 0.0 ], [ 13507493.60883517563343, 119584.909906457178295, 0.0 ], [ 13507494.268216654658318, 119584.433120468631387, 0.0 ], [ 13507494.450989354401827, 119584.300961077213287, 0.0 ], [ 13507494.972671180963516, 119583.923743031919003, 0.0 ], [ 13507495.31619792804122, 119583.675345500931144, 0.0 ], [ 13507495.819339547306299, 119583.311533530242741, 0.0 ], [ 13507496.395578801631927, 119582.894866076298058, 0.0 ], [ 13507496.632934924215078, 119582.723238462582231, 0.0 ], [ 13507497.395438261330128, 119582.171887059696019, 0.0 ], [ 13507497.889708269387484, 119581.814489983953536, 0.0 ], [ 13507498.408495709300041, 119581.439364832825959, 0.0 ], [ 13507498.815751798450947, 119581.144885841757059, 0.0 ], [ 13507499.268201284110546, 119580.817728378809988, 0.0 ], [ 13507500.055988650768995, 119580.24809458013624, 0.0 ], [ 13507500.209778022021055, 119580.136892463080585, 0.0 ], [ 13507500.750138819217682, 119579.746168008074164, 0.0 ], [ 13507501.217842534184456, 119579.407980528660119, 0.0 ], [ 13507501.950170867145061, 119578.878448009490967, 0.0 ], [ 13507502.531501416116953, 119578.458099225535989, 0.0 ], [ 13507503.158862978219986, 119578.004465646110475, 0.0 ], [ 13507503.7459413446486, 119577.579961218871176, 0.0 ], [ 13507504.260421328246593, 119577.207947188057005, 0.0 ], [ 13507505.053843162953854, 119576.635067913681269, 0.0 ], [ 13507505.080298330634832, 119576.615119664929807, 0.0 ], [ 13507506.30290000513196, 119575.731099999509752, 0.0 ], [ 13507527.800299998372793, 119594.58290000166744, 0.0 ], [ 13507535.447631377726793, 119586.447589724324644, 0.0 ], [ 13507543.3448, 119578.046500002034009, 0.0 ], [ 13507557.584286823868752, 119593.062700335867703, 0.0 ], [ 13507561.534800004214048, 119597.228700000792742, 0.0 ], [ 13507563.718518286943436, 119595.135935588739812, 0.0 ], [ 13507569.472200002521276, 119589.62189999781549, 0.0 ], [ 13507569.906418740749359, 119590.405595617368817, 0.0 ], [ 13507583.0324, 119614.095899999141693, 0.0 ], [ 13507602.693231735378504, 119602.88907075393945, 0.0 ], [ 13507614.090912993997335, 119596.392302489839494, 0.0 ], [ 13507616.105099998414516, 119595.244199998676777, 0.0 ], [ 13507618.598880145698786, 119589.757984222844243, 0.0 ], [ 13507621.051007810980082, 119584.363402218557894, 0.0 ], [ 13507621.066100005060434, 119584.330200001597404, 0.0 ], [ 13507635.38405242562294, 119588.645153092220426, 0.0 ], [ 13507640.142200004309416, 119590.07909999974072, 0.0 ], [ 13507642.993700005114079, 119590.938500001095235, 0.0 ], [ 13507644.221524562686682, 119591.308526284061372, 0.0 ], [ 13507645.209600005298853, 119591.606299998238683, 0.0 ], [ 13507646.691556934267282, 119593.08824481908232, 0.0 ], [ 13507657.446600008755922, 119603.8432, 0.0 ], [ 13507657.594169020652771, 119603.228823145851493, 0.0 ], [ 13507667.428300004452467, 119562.286199999973178, 0.0 ], [ 13507671.741040613502264, 119544.331149178557098, 0.0 ], [ 13507673.412366166710854, 119537.372990071773529, 0.0 ], [ 13507673.652199998497963, 119536.374499998986721, 0.0 ], [ 13507657.142553068697453, 119517.400885676033795, 0.0 ], [ 13507651.49320000782609, 119510.908400001935661, 0.0 ], [ 13507653.477600004523993, 119476.842999999411404, 0.0 ], [ 13507653.063703369349241, 119476.934014366939664, 0.0 ], [ 13507650.245042465627193, 119477.553827681578696, 0.0 ], [ 13507590.488166779279709, 119490.694147950969636, 0.0 ], [ 13507590.308300003409386, 119490.733700000680983, 0.0 ], [ 13507572.118299998342991, 119453.030400001443923, 0.0 ], [ 13507572.513344638049603, 119452.919920921325684, 0.0 ], [ 13507611.144300002604723, 119442.116299998015165, 0.0 ], [ 13507628.992516241967678, 119439.659181006252766, 0.0 ], [ 13507635.886287964880466, 119438.710132810287178, 0.0 ], [ 13507651.88739999756217, 119436.507300002500415, 0.0 ], [ 13507664.484153229743242, 119385.548999049700797, 0.0 ], [ 13507664.903979286551476, 119383.850654850713909, 0.0 ], [ 13507665.053300004452467, 119383.246599999256432, 0.0 ], [ 13507685.631480745971203, 119389.237723393365741, 0.0 ], [ 13507691.440454255789518, 119390.928945639170706, 0.0 ], [ 13507693.038324017077684, 119391.394148806110024, 0.0 ], [ 13507696.035503782331944, 119392.266746536828578, 0.0 ], [ 13507696.323297716677189, 119392.547191074118018, 0.0 ], [ 13507706.328133337199688, 119402.296533334068954, 0.0 ], [ 13507706.335217695683241, 119402.333134539425373, 0.0 ], [ 13507706.342094048857689, 119402.36866114102304, 0.0 ], [ 13507706.366700362414122, 119402.495789207518101, 0.0 ], [ 13507706.390526201575994, 119402.618885111995041, 0.0 ], [ 13507706.42998381704092, 119402.822742218151689, 0.0 ], [ 13507706.440719407051802, 119402.878207480534911, 0.0 ], [ 13507706.609711792320013, 119403.751304044388235, 0.0 ], [ 13507706.616560835391283, 119403.786689505912364, 0.0 ], [ 13507706.796634085476398, 119404.717035139910877, 0.0 ], [ 13507706.841780573129654, 119404.950283775106072, 0.0 ], [ 13507706.986116949468851, 119405.69599542953074, 0.0 ], [ 13507707.041809532791376, 119405.983730223029852, 0.0 ], [ 13507707.158187884837389, 119406.584997210651636, 0.0 ], [ 13507707.245070952922106, 119407.03387722466141, 0.0 ], [ 13507707.355864610522985, 119407.606290918774903, 0.0 ], [ 13507707.376438606530428, 119407.712586116045713, 0.0 ], [ 13507707.446765173226595, 119408.075927278958261, 0.0 ], [ 13507707.542274784296751, 119408.569376179948449, 0.0 ], [ 13507707.600893996655941, 119408.872231402434409, 0.0 ], [ 13507707.764020953327417, 119409.71502430178225, 0.0 ], [ 13507707.775636840611696, 119409.775037569925189, 0.0 ], [ 13507707.890923265367746, 119410.370663110166788, 0.0 ], [ 13507707.953759878873825, 119410.695307531394064, 0.0 ], [ 13507707.978500176221132, 119410.823127846233547, 0.0 ], [ 13507708.022966261953115, 119411.052861225791276, 0.0 ], [ 13507708.467156041413546, 119413.34776075836271, 0.0 ], [ 13507708.544575151056051, 119413.7477453853935, 0.0 ], [ 13507709.011279154568911, 119416.158964310772717, 0.0 ], [ 13507709.090546790510416, 119416.568499342538416, 0.0 ], [ 13507709.57332630828023, 119419.062772214412689, 0.0 ], [ 13507709.576527066528797, 119419.079308870248497, 0.0 ], [ 13507710.114888835698366, 119421.860746571794152, 0.0 ], [ 13507710.150643177330494, 119422.045470781624317, 0.0 ], [ 13507710.570671960711479, 119424.215542953461409, 0.0 ], [ 13507710.682602234184742, 119424.793828958645463, 0.0 ], [ 13507711.054621458053589, 119426.715860464610159, 0.0 ], [ 13507711.136178631335497, 119427.137224348261952, 0.0 ], [ 13507711.570578198879957, 119429.381542912684381, 0.0 ], [ 13507711.575699351727962, 119429.408001275733113, 0.0 ], [ 13507711.642302021384239, 119429.752102920785546, 0.0 ], [ 13507712.044285368174314, 119431.82894363347441, 0.0 ], [ 13507712.110866036266088, 119432.172931613400578, 0.0 ], [ 13507712.133477192372084, 119432.289751765318215, 0.0 ], [ 13507712.18172500282526, 119432.53902336396277, 0.0 ], [ 13507712.524393994361162, 119434.309417328797281, 0.0 ], [ 13507712.608590088784695, 119434.744415151886642, 0.0 ], [ 13507713.087721433490515, 119437.219839796423912, 0.0 ], [ 13507713.122754853218794, 119437.400839399546385, 0.0 ], [ 13507713.255289770662785, 119438.085594854317605, 0.0 ], [ 13507713.37536871060729, 119438.706013179384172, 0.0 ], [ 13507713.472100008279085, 119439.20580000244081, 0.0 ], [ 13507729.846228949725628, 119436.228794761002064, 0.0 ], [ 13507735.300200004130602, 119435.237200000323355, 0.0 ], [ 13507744.27668410167098, 119467.24045401904732, 0.0 ], [ 13507744.428300004452467, 119467.780999998562038, 0.0 ], [ 13507732.056427840143442, 119469.367170246317983, 0.0 ], [ 13507731.841686751693487, 119469.394701726734638, 0.0 ], [ 13507728.950299996882677, 119469.765399998985231, 0.0 ], [ 13507728.974605701863766, 119469.940940085798502, 0.0 ], [ 13507729.035375293344259, 119470.379828962497413, 0.0 ], [ 13507732.5222, 119495.562300000339746, 0.0 ], [ 13507745.513997379690409, 119505.798468984663486, 0.0 ], [ 13507745.619, 119505.881199998781085, 0.0 ], [ 13507767.275437533855438, 119495.300566598773003, 0.0 ], [ 13507768.2214, 119494.838399999774992, 0.0 ], [ 13507777.018100004643202, 119498.395300002768636, 0.0 ], [ 13507790.401958834379911, 119503.807016986422241, 0.0 ], [ 13507797.092956516891718, 119506.512498735450208, 0.0 ], [ 13507799.2933, 119507.402200003154576, 0.0 ], [ 13507801.114407043904066, 119507.506547664292157, 0.0 ], [ 13507803.043800007551908, 119507.617100001312792, 0.0 ], [ 13507800.39080648124218, 119520.005068843252957, 0.0 ], [ 13507800.016600001603365, 119521.752399999648333, 0.0 ], [ 13507793.641199998557568, 119551.521799999289215, 0.0 ], [ 13507829.19469503685832, 119564.620664517395198, 0.0 ], [ 13507831.3442, 119565.412600002251565, 0.0 ], [ 13507840.282400004565716, 119553.791300001554191, 0.0 ], [ 13507842.07150000333786, 119551.465200001373887, 0.0 ], [ 13507853.617945358157158, 119557.622942437417805, 0.0 ], [ 13507865.177071008831263, 119563.787447299808264, 0.0 ], [ 13507871.436100002378225, 119567.12540000025183, 0.0 ], [ 13507872.876400001347065, 119566.346500001847744, 0.0 ], [ 13507873.672188896685839, 119565.356305201537907, 0.0 ], [ 13507874.567400004714727, 119564.242400000803173, 0.0 ], [ 13507877.716500002890825, 119563.431400001049042, 0.0 ], [ 13507879.816, 119562.890899999067187, 0.0 ], [ 13507882.440200001001358, 119562.215100000612438, 0.0 ], [ 13507886.114200003445148, 119561.268899999558926, 0.0 ], [ 13507887.401080422103405, 119561.541067315265536, 0.0 ], [ 13507888.48590000346303, 119561.770499999634922, 0.0 ], [ 13507890.993700001388788, 119562.793300000950694, 0.0 ], [ 13507893.890200007706881, 119563.159899999387562, 0.0 ], [ 13507896.1257, 119563.140400000847876, 0.0 ], [ 13507898.361300002783537, 119563.120900001376867, 0.0 ], [ 13507900.3442, 119564.278800001367927, 0.0 ], [ 13507902.8521, 119565.301599998027086, 0.0 ], [ 13507904.83500000461936, 119566.459599999710917, 0.0 ], [ 13507906.954, 119568.138700000941753, 0.0 ], [ 13507909.073099996894598, 119569.817800002172589, 0.0 ], [ 13507911.192200005054474, 119571.496899999678135, 0.0 ], [ 13507913.4474, 119573.697100000455976, 0.0 ], [ 13507915.041600007563829, 119575.51140000205487, 0.0 ], [ 13507915.722300004214048, 119578.117100002244115, 0.0 ], [ 13507916.02130126580596, 119579.261871227994561, 0.0 ], [ 13507916.266800004988909, 119580.201800000853837, 0.0 ], [ 13507916.947300001978874, 119582.807500001974404, 0.0 ], [ 13507916.306000009179115, 119584.641200001351535, 0.0 ], [ 13507915.936900001019239, 119587.517200001515448, 0.0 ], [ 13507915.659482192248106, 119588.810333807021379, 0.0 ], [ 13507915.431700002402067, 119589.872100001201034, 0.0 ], [ 13507915.438099998980761, 119590.591799999587238, 0.0 ], [ 13507954.445300713181496, 119611.394506759010255, 0.0 ], [ 13507956.920715074986219, 119612.714655810035765, 0.0 ], [ 13507970.466983582824469, 119619.93893866892904, 0.0 ], [ 13507972.099000006914139, 119620.809299999848008, 0.0 ], [ 13507977.10300000756979, 119623.478000000119209, 0.0 ], [ 13507977.966500002890825, 119623.393400002270937, 0.0 ], [ 13507980.338100001215935, 119623.895000002346933, 0.0 ], [ 13507982.7097, 119624.396699999459088, 0.0 ], [ 13507984.5565, 119625.033499999903142, 0.0 ], [ 13507987.064200006425381, 119626.056199999526143, 0.0 ], [ 13507989.571900002658367, 119627.079000000841916, 0.0 ], [ 13507991.030000001192093, 119628.372100002132356, 0.0 ], [ 13507993.148900005966425, 119630.051199998706579, 0.0 ], [ 13507995.131900005042553, 119631.209099998697639, 0.0 ], [ 13507997.114800002425909, 119632.36710000038147, 0.0 ], [ 13507998.708900008350611, 119634.181300000287592, 0.0 ], [ 13508000.166900005191565, 119635.474400001578033, 0.0 ], [ 13508000.471400003880262, 119635.940499997697771, 0.0 ], [ 13508009.325536243617535, 119640.662451991811395, 0.0 ], [ 13508017.841307032853365, 119645.203952121548355, 0.0 ], [ 13508032.0766, 119652.795699999667704, 0.0 ], [ 13508032.1457, 119652.823899999260902, 0.0 ], [ 13508033.992500003427267, 119653.460699999704957, 0.0 ], [ 13508036.636300005018711, 119655.004600000567734, 0.0 ], [ 13508037.266500003635883, 119655.563500001095235, 0.0 ], [ 13508050.441821482032537, 119662.589973985217512, 0.0 ], [ 13508050.598376452922821, 119662.673465641215444, 0.0 ], [ 13508055.669908445328474, 119665.378142540343106, 0.0 ], [ 13508064.0412, 119669.842600002884865, 0.0 ], [ 13508064.504400003701448, 119669.814899997785687, 0.0 ], [ 13508070.5486, 119669.453399998135865, 0.0 ], [ 13508086.0264, 119668.527500001713634, 0.0 ], [ 13508112.725604616105556, 119680.576695658266544, 0.0 ], [ 13508142.365061365067959, 119693.952809990383685, 0.0 ], [ 13508156.043700002133846, 119700.125899999402463, 0.0 ], [ 13508167.317559737712145, 119705.213722138665617, 0.0 ], [ 13508218.165568005293608, 119728.161109110340476, 0.0 ], [ 13508235.303410187363625, 119735.895309720188379, 0.0 ], [ 13508235.875300001353025, 119736.153400002978742, 0.0 ], [ 13508252.083768986165524, 119743.468177742324769, 0.0 ], [ 13508260.44051244109869, 119747.239522282034159, 0.0 ], [ 13508269.0588, 119751.128899998031557, 0.0 ], [ 13508269.134211115539074, 119751.30772649217397, 0.0 ], [ 13508270.669978395104408, 119752.013850262388587, 0.0 ], [ 13508270.857479341328144, 119752.100060507655144, 0.0 ], [ 13508271.745951753109694, 119752.501789258792996, 0.0 ], [ 13508277.319233875721693, 119755.021786105819046, 0.0 ], [ 13508285.533599261194468, 119747.404091512784362, 0.0 ], [ 13508293.817046452313662, 119726.215755705721676, 0.0 ], [ 13508290.857660878449678, 119707.850649097934365, 0.0 ], [ 13508289.641084939241409, 119706.053436988964677, 0.0 ], [ 13508282.53288071975112, 119697.55367205105722, 0.0 ], [ 13508267.664062954485416, 119685.415271412581205, 0.0 ], [ 13508268.326263915747404, 119662.528921818360686, 0.0 ], [ 13508284.748847939074039, 119645.561454742215574, 0.0 ], [ 13508296.403584990650415, 119633.19756349362433, 0.0 ], [ 13508299.317269250750542, 119619.912956426851451, 0.0 ], [ 13508295.476503632962704, 119611.758048880845308, 0.0 ], [ 13508292.827699776738882, 119604.52385653462261, 0.0 ], [ 13508295.608943834900856, 119598.078848688863218, 0.0 ], [ 13508301.43631237000227, 119584.00505559053272, 0.0 ], [ 13508313.620810184627771, 119571.90422370750457, 0.0 ], [ 13508323.15650412812829, 119567.432177021168172, 0.0 ], [ 13508351.191058769822121, 119576.604113696143031, 0.0 ], [ 13508375.753152299672365, 119554.155480179004371, 0.0 ], [ 13508397.852773413062096, 119530.735085921362042, 0.0 ], [ 13508414.769867964088917, 119526.916691798716784, 0.0 ], [ 13508419.173524886369705, 119520.113594781607389, 0.0 ], [ 13508416.632578946650028, 119514.618776764720678, 0.0 ], [ 13508424.890258774161339, 119507.194999969564378, 0.0 ], [ 13508443.31396846473217, 119494.348936032503843, 0.0 ], [ 13508470.395774193108082, 119480.270955736748874, 0.0 ], [ 13508507.03680719435215, 119475.595357839949429, 0.0 ], [ 13508529.049234628677368, 119467.25330922100693, 0.0 ], [ 13508531.352784145623446, 119458.574635650962591, 0.0 ], [ 13508529.099017348140478, 119455.151365649886429, 0.0 ], [ 13508517.785483289510012, 119449.330330370925367, 0.0 ], [ 13508491.021049432456493, 119441.663773066364229, 0.0 ], [ 13508477.672061361372471, 119448.897064744494855, 0.0 ], [ 13508445.437610384076834, 119475.884459535591304, 0.0 ], [ 13508422.675891455262899, 119485.08065692987293, 0.0 ], [ 13508383.151572275906801, 119471.192609979771078, 0.0 ], [ 13508354.581981588155031, 119454.817292822524905, 0.0 ], [ 13508349.432007972151041, 119460.29065690562129, 0.0 ], [ 13508325.398352541029453, 119480.440878961235285, 0.0 ], [ 13508298.247751399874687, 119479.407077881507576, 0.0 ], [ 13508276.661900240927935, 119481.10454145539552, 0.0 ], [ 13508244.670682325959206, 119475.176906653679907, 0.0 ], [ 13508244.617137677967548, 119474.783993672579527, 0.0 ], [ 13508230.664575327187777, 119459.713006282225251, 0.0 ], [ 13508229.904263220727444, 119459.768173309974372, 0.0 ], [ 13508203.748746961355209, 119421.90203956887126, 0.0 ], [ 13508153.36476618796587, 119411.108650109730661, 0.0 ], [ 13508126.321810983121395, 119399.357078699395061, 0.0 ], [ 13508099.543907467275858, 119377.836962792091072, 0.0 ], [ 13508106.592657625675201, 119361.568105850368738, 0.0 ], [ 13508084.985544472932816, 119347.331362892873585, 0.0 ], [ 13508079.559721175581217, 119320.19813577644527, 0.0 ], [ 13508049.490434255450964, 119309.839446146041155, 0.0 ], [ 13508012.766468223184347, 119296.472880999557674, 0.0 ], [ 13507986.421152241528034, 119296.01905192900449, 0.0 ], [ 13507985.747224029153585, 119296.069907331839204, 0.0 ], [ 13507969.239434123039246, 119285.360425325110555, 0.0 ], [ 13507956.184886112809181, 119269.412505789659917, 0.0 ], [ 13507933.271661356091499, 119271.266074334271252, 0.0 ], [ 13507911.538757178932428, 119250.132783139124513, 0.0 ], [ 13507897.917592950165272, 119249.21473266556859, 0.0 ], [ 13507860.228264279663563, 119234.471973858773708, 0.0 ], [ 13507825.510609410703182, 119201.370745715685189, 0.0 ], [ 13507793.259237855672836, 119197.950056443922222, 0.0 ], [ 13507765.708109147846699, 119180.803493038751185, 0.0 ], [ 13507734.476646788418293, 119180.051827998831868, 0.0 ], [ 13507710.011517029255629, 119180.903877176344395, 0.0 ], [ 13507695.887077394872904, 119172.645401195622981, 0.0 ], [ 13507649.350298222154379, 119141.835535145364702, 0.0 ], [ 13507615.016806915402412, 119133.910382304340601, 0.0 ], [ 13507603.991056628525257, 119119.137768656015396, 0.0 ], [ 13507603.700290117412806, 119119.160432495176792, 0.0 ], [ 13507581.203400265425444, 119107.784517941996455, 0.0 ], [ 13507534.538158390671015, 119095.360428570769727, 0.0 ], [ 13507511.972139142453671, 119091.251089543104172, 0.0 ], [ 13507497.774228639900684, 119078.711358785629272, 0.0 ], [ 13507476.759891785681248, 119063.11344769783318, 0.0 ], [ 13507475.323313735425472, 119051.13489449210465, 0.0 ], [ 13507445.396849766373634, 119043.885895638726652, 0.0 ], [ 13507438.964920904487371, 119030.031992556527257, 0.0 ], [ 13507432.403527460992336, 119016.3537612631917, 0.0 ], [ 13507409.472268968820572, 119012.60140429623425, 0.0 ], [ 13507398.890572145581245, 119009.701539111323655, 0.0 ], [ 13507359.579652447253466, 119011.028313116170466, 0.0 ], [ 13507318.498530190438032, 119011.398783888667822, 0.0 ], [ 13507268.086162947118282, 119017.379493203945458, 0.0 ], [ 13507248.93698414042592, 119019.623323248699307, 0.0 ], [ 13507222.455079153180122, 119024.82671822514385, 0.0 ], [ 13507219.854878485202789, 119030.511913027614355, 0.0 ], [ 13507224.051623314619064, 119040.030501465313137, 0.0 ], [ 13507238.283708859235048, 119045.95593264978379, 0.0 ], [ 13507246.73697704821825, 119047.383532915264368, 0.0 ], [ 13507248.085390504449606, 119047.718231941573322, 0.0 ], [ 13507248.22240000218153, 119047.730600003153086, 0.0 ], [ 13507249.615900002419949, 119047.684000000357628, 0.0 ], [ 13507251.7295, 119048.305799999274313, 0.0 ], [ 13507253.843100003898144, 119048.927700000815094, 0.0 ], [ 13507255.819526795297861, 119049.509117504581809, 0.0 ], [ 13507255.956799998879433, 119049.549500000663102, 0.0 ], [ 13507258.070300005376339, 119050.171400001272559, 0.0 ], [ 13507259.338599998503923, 119050.544400002807379, 0.0 ], [ 13507261.5775, 119050.7466000020504, 0.0 ], [ 13507261.77981947734952, 119050.755256034433842, 0.0 ], [ 13507263.3935999982059, 119050.824299998581409, 0.0 ], [ 13507264.239444144070148, 119051.073154198005795, 0.0 ], [ 13507265.274346094578505, 119051.377630728296936, 0.0 ], [ 13507265.610977079719305, 119051.476670289412141, 0.0 ], [ 13507265.653943277895451, 119051.489311295561492, 0.0 ], [ 13507265.895346336066723, 119051.560334029607475, 0.0 ], [ 13507265.970539268106222, 119051.56675957981497, 0.0 ], [ 13507266.387469261884689, 119051.528385512530804, 0.0 ], [ 13507268.294100001454353, 119051.352900001220405, 0.0 ], [ 13507270.110200006514788, 119051.430500000715256, 0.0 ], [ 13507271.926400002092123, 119051.508299998939037, 0.0 ], [ 13507273.421900365501642, 119051.948335148394108, 0.0 ], [ 13507273.617199998348951, 119052.005799998529255, 0.0 ], [ 13507274.464370775967836, 119051.856561096385121, 0.0 ], [ 13507275.558600004762411, 119051.663799999281764, 0.0 ], [ 13507277.922800004482269, 119051.44610000308603, 0.0 ], [ 13507278.733061455190182, 119051.480766219086945, 0.0 ], [ 13507279.738900002092123, 119051.52379999961704, 0.0 ], [ 13507281.8055, 119050.76209999807179, 0.0 ], [ 13507283.87220000103116, 119050.00029999949038, 0.0 ], [ 13507285.938800003379583, 119049.238500000908971, 0.0 ], [ 13507286.922081060707569, 119049.065283702686429, 0.0 ], [ 13507287.880200006067753, 119048.896500000730157, 0.0 ], [ 13507289.407816886901855, 119049.034394221380353, 0.0 ], [ 13507290.1191, 119049.098599999211729, 0.0 ], [ 13507291.935300003737211, 119049.176199998706579, 0.0 ], [ 13507292.421742219477892, 119048.996941089630127, 0.0 ], [ 13507293.517121486365795, 119048.593282675370574, 0.0 ], [ 13507294.002000007778406, 119048.414599998854101, 0.0 ], [ 13507294.619806878268719, 119048.440998224541545, 0.0 ], [ 13507295.81810000166297, 119048.492200003005564, 0.0 ], [ 13507298.056900005787611, 119048.694300001487136, 0.0 ], [ 13507300.295799996703863, 119048.896500000730157, 0.0 ], [ 13507300.674209527671337, 119049.00781403388828, 0.0 ], [ 13507300.857709743082523, 119049.061792984604836, 0.0 ], [ 13507301.986699998378754, 119049.393899998627603, 0.0 ], [ 13507304.7736000046134, 119049.300599999725819, 0.0 ], [ 13507305.633390475064516, 119049.337430577725172, 0.0 ], [ 13507306.589800003916025, 119049.378399998880923, 0.0 ], [ 13507308.828600004315376, 119049.580399999395013, 0.0 ], [ 13507310.09680000692606, 119049.953500002622604, 0.0 ], [ 13507311.376236267387867, 119050.008309834636748, 0.0 ], [ 13507311.519528657197952, 119050.014448344707489, 0.0 ], [ 13507311.9129, 119050.031300000846386, 0.0 ], [ 13507313.728999998420477, 119050.108900000341237, 0.0 ], [ 13507315.670500002801418, 119049.766900000162423, 0.0 ], [ 13507317.909300003200769, 119049.969100000336766, 0.0 ], [ 13507318.020585224032402, 119049.949491105042398, 0.0 ], [ 13507319.208078216761351, 119049.74025012832135, 0.0 ], [ 13507319.8508, 119049.627000002190471, 0.0 ], [ 13507322.214899998158216, 119049.409399999305606, 0.0 ], [ 13507323.071906056255102, 119049.446064117364585, 0.0 ], [ 13507324.031100004911423, 119049.487100000493228, 0.0 ], [ 13507325.9725, 119049.145100000314415, 0.0 ], [ 13507327.788600005209446, 119049.222800001502037, 0.0 ], [ 13507328.673203852027655, 119049.260646880604327, 0.0 ], [ 13507329.6047, 119049.300499998964369, 0.0 ], [ 13507329.768219046294689, 119049.271695718169212, 0.0 ], [ 13507330.326958332210779, 119049.173272418789566, 0.0 ], [ 13507331.546200003474951, 119048.958499998785555, 0.0 ], [ 13507331.686328124254942, 119048.999728775583208, 0.0 ], [ 13507333.237100005149841, 119049.456000002101064, 0.0 ], [ 13507335.3508, 119050.077800001949072, 0.0 ], [ 13507336.9164, 119050.994999998249114, 0.0 ], [ 13507338.356700003147125, 119052.332100000232458, 0.0 ], [ 13507339.969400003552437, 119054.632899998687208, 0.0 ], [ 13507341.159300003200769, 119056.80939999781549, 0.0 ], [ 13507342.177000001072884, 119058.022000000812113, 0.0 ], [ 13507342.944200001657009, 119060.074099998921156, 0.0 ], [ 13507343.711300004273653, 119062.126099999062717, 0.0 ], [ 13507344.729100003838539, 119063.33870000205934, 0.0 ], [ 13507345.496200002729893, 119065.390800000168383, 0.0 ], [ 13507345.743014629930258, 119066.183213139884174, 0.0 ], [ 13507345.965900007635355, 119066.89879999961704, 0.0 ], [ 13507347.155800007283688, 119069.075299998745322, 0.0 ], [ 13507347.922899998724461, 119071.127400000579655, 0.0 ], [ 13507348.252709470689297, 119072.972992707043886, 0.0 ], [ 13507348.267400003969669, 119073.05519999936223, 0.0 ], [ 13507348.189100001007318, 119074.858599999919534, 0.0 ], [ 13507348.533599998801947, 119076.786199999041855, 0.0 ], [ 13507348.032499998807907, 119078.465300000272691, 0.0 ], [ 13507348.377000004053116, 119080.392900000326335, 0.0 ], [ 13507348.298700001090765, 119082.196300000883639, 0.0 ], [ 13507348.220600001513958, 119083.999700002372265, 0.0 ], [ 13507348.564900003373623, 119085.927400003187358, 0.0 ], [ 13507348.784200005233288, 119088.274900002405047, 0.0 ], [ 13507349.128600008785725, 119090.2027000002563, 0.0 ], [ 13507349.222600001841784, 119092.969900000840425, 0.0 ], [ 13507350.114999998360872, 119094.602200000546873, 0.0 ], [ 13507350.756900005042553, 119097.074100001715124, 0.0 ], [ 13507352.072100002318621, 119098.830899999476969, 0.0 ], [ 13507352.839200001209974, 119100.88289999961853, 0.0 ], [ 13507353.6065, 119102.934999997727573, 0.0 ], [ 13507353.950900003314018, 119104.862800000235438, 0.0 ], [ 13507354.718100003898144, 119106.914900003001094, 0.0 ], [ 13507355.782699998468161, 119109.5110999988392, 0.0 ], [ 13507356.675200007855892, 119111.14340000320226, 0.0 ], [ 13507356.958830062299967, 119112.054071689024568, 0.0 ], [ 13507357.144900001585484, 119112.651499999687076, 0.0 ], [ 13507358.037300009280443, 119114.283900000154972, 0.0 ], [ 13507358.381800003349781, 119116.211600001901388, 0.0 ], [ 13507358.178300004452467, 119118.434699999168515, 0.0 ], [ 13507357.802500002086163, 119119.694000001996756, 0.0 ], [ 13507357.584297966212034, 119120.425259933806956, 0.0 ], [ 13507357.301500003784895, 119121.37300000153482, 0.0 ], [ 13507356.0803, 119122.383399999700487, 0.0 ], [ 13507355.642672713845968, 119122.517806270159781, 0.0 ], [ 13507354.561700005084276, 119122.849800001829863, 0.0 ], [ 13507353.566240236163139, 119122.556959541514516, 0.0 ], [ 13507352.447999995201826, 119122.228000001981854, 0.0 ], [ 13507350.3343, 119121.606100001372397, 0.0 ], [ 13507348.518200002610683, 119121.528500000946224, 0.0 ], [ 13507348.246626928448677, 119121.576326741836965, 0.0 ], [ 13507346.5768, 119121.870399999432266, 0.0 ], [ 13507345.955970361828804, 119121.979792645201087, 0.0 ], [ 13507344.635300002992153, 119122.212500001303852, 0.0 ], [ 13507342.56870000436902, 119122.974199998192489, 0.0 ], [ 13507340.924800001084805, 119123.860399998724461, 0.0 ], [ 13507340.290725193917751, 119124.32839394453913, 0.0 ], [ 13507340.073253057897091, 119124.488904410041869, 0.0 ], [ 13507339.1556, 119125.166199997998774, 0.0 ], [ 13507337.999244377017021, 119125.369905379600823, 0.0 ], [ 13507337.424185607582331, 119125.471208615228534, 0.0 ], [ 13507337.214200008660555, 119125.508199998177588, 0.0 ], [ 13507336.545606683939695, 119126.218453165143728, 0.0 ], [ 13507335.867700003087521, 119126.938599998131394, 0.0 ], [ 13507335.337380401790142, 119127.224422231316566, 0.0 ], [ 13507334.2238, 119127.824599999934435, 0.0 ], [ 13507333.458414237946272, 119128.020573678426445, 0.0 ], [ 13507331.7344, 119128.462000001221895, 0.0 ], [ 13507329.66780000180006, 119129.223799999803305, 0.0 ], [ 13507328.023899998515844, 119130.110000000335276, 0.0 ], [ 13507326.677400004118681, 119131.540200001560152, 0.0 ], [ 13507325.4562, 119132.550800003111362, 0.0 ], [ 13507324.775472529232502, 119132.670717999339104, 0.0 ], [ 13507323.514800004661083, 119132.892799998633564, 0.0 ], [ 13507322.986760552972555, 119132.870208366774023, 0.0 ], [ 13507322.200687550008297, 119132.836577030830085, 0.0 ], [ 13507321.6987, 119132.815100002102554, 0.0 ], [ 13507321.583403270691633, 119132.900197490118444, 0.0 ], [ 13507321.381465062499046, 119133.049242770299315, 0.0 ], [ 13507319.929499998688698, 119134.120900001376867, 0.0 ], [ 13507319.851114623248577, 119134.204163721762598, 0.0 ], [ 13507319.804562501609325, 119134.253613037057221, 0.0 ], [ 13507318.806310322135687, 119135.313991871662438, 0.0 ], [ 13507318.583000004291534, 119135.551199999637902, 0.0 ], [ 13507317.414738986641169, 119136.180881321430206, 0.0 ], [ 13507316.939, 119136.437300003133714, 0.0 ], [ 13507314.575000002980232, 119136.654900001361966, 0.0 ], [ 13507312.884, 119136.157499998807907, 0.0 ], [ 13507310.770400006324053, 119135.53560000192374, 0.0 ], [ 13507309.330000001937151, 119134.198699999600649, 0.0 ], [ 13507307.88960000500083, 119132.861700000241399, 0.0 ], [ 13507306.997200008481741, 119131.22929999884218, 0.0 ], [ 13507306.393526006489992, 119130.422978448681533, 0.0 ], [ 13507305.682, 119129.472599998116493, 0.0 ], [ 13507305.655354350805283, 119129.437006955966353, 0.0 ], [ 13507305.14207424223423, 119128.751371514052153, 0.0 ], [ 13507304.366900004446507, 119127.71590000204742, 0.0 ], [ 13507302.9265, 119126.378900002688169, 0.0 ], [ 13507301.486000001430511, 119125.041899998672307, 0.0 ], [ 13507300.152504049241543, 119124.649517160840333, 0.0 ], [ 13507299.372499998658895, 119124.420000001788139, 0.0 ], [ 13507298.942560419440269, 119124.29352205619216, 0.0 ], [ 13507297.258800003677607, 119123.798200002871454, 0.0 ], [ 13507295.567900002002716, 119123.300699998624623, 0.0 ], [ 13507295.195316471159458, 119123.191089645959437, 0.0 ], [ 13507293.454300008714199, 119122.678899998776615, 0.0 ], [ 13507291.3407, 119122.057099998928607, 0.0 ], [ 13507289.524500004947186, 119121.979300000704825, 0.0 ], [ 13507289.236585441976786, 119121.894584792666137, 0.0 ], [ 13507287.4109, 119121.357400000095367, 0.0 ], [ 13507286.078645139932632, 119121.592148593626916, 0.0 ], [ 13507285.469400003552437, 119121.699500001035631, 0.0 ], [ 13507283.825600001960993, 119122.58559999987483, 0.0 ], [ 13507283.337331499904394, 119122.671634845435619, 0.0 ], [ 13507282.077212292701006, 119122.893672850914299, 0.0 ], [ 13507281.884100008755922, 119122.927700001746416, 0.0 ], [ 13507279.817499998956919, 119123.689500000327826, 0.0 ], [ 13507277.91301741078496, 119124.024999875575304, 0.0 ], [ 13507277.909676901996136, 119124.025594560429454, 0.0 ], [ 13507277.876033335924149, 119124.031500000506639, 0.0 ], [ 13507277.851228151470423, 119124.030389197170734, 0.0 ], [ 13507276.129100900143385, 119123.956664336845279, 0.0 ], [ 13507276.059900008141994, 119123.953700002282858, 0.0 ], [ 13507274.118500005453825, 119124.295700002461672, 0.0 ], [ 13507273.674601785838604, 119124.373920655809343, 0.0 ], [ 13507272.177100002765656, 119124.637799999676645, 0.0 ], [ 13507271.71247959882021, 119124.617896105162799, 0.0 ], [ 13507271.689845394343138, 119124.61692647729069, 0.0 ], [ 13507271.052215464413166, 119124.589611013419926, 0.0 ], [ 13507270.520639106631279, 119124.566838789731264, 0.0 ], [ 13507270.361000005155802, 119124.560000001452863, 0.0 ], [ 13507269.090844009071589, 119124.505727604031563, 0.0 ], [ 13507268.5449, 119124.48240000102669, 0.0 ], [ 13507266.603400006890297, 119124.824400001205504, 0.0 ], [ 13507264.787300001829863, 119124.746599998325109, 0.0 ], [ 13507263.743728116154671, 119125.067085893824697, 0.0 ], [ 13507263.26860000193119, 119125.213000000454485, 0.0 ], [ 13507263.052290584892035, 119125.251116540282965, 0.0 ], [ 13507261.3272, 119125.555100002326071, 0.0 ], [ 13507259.511100005358458, 119125.477299999445677, 0.0 ], [ 13507257.3974, 119124.855499999597669, 0.0 ], [ 13507255.831700004637241, 119123.938200001604855, 0.0 ], [ 13507254.95980092138052, 119123.427401687949896, 0.0 ], [ 13507254.266100004315376, 119123.021000000648201, 0.0 ], [ 13507252.8257, 119121.684100002981722, 0.0 ], [ 13507252.101229157298803, 119121.2596256127581, 0.0 ], [ 13507251.848623208701611, 119121.111621376127005, 0.0 ], [ 13507251.2601, 119120.766800000332296, 0.0 ], [ 13507250.915600005537271, 119118.839099999517202, 0.0 ], [ 13507250.148500002920628, 119116.78700000140816, 0.0 ], [ 13507250.149025406688452, 119116.774899010546505, 0.0 ], [ 13507250.163419645279646, 119116.443371962755919, 0.0 ], [ 13507250.213393572717905, 119115.292375959455967, 0.0 ], [ 13507250.226800005882978, 119114.983599999919534, 0.0 ], [ 13507250.238439213484526, 119114.715198817662895, 0.0 ], [ 13507250.305000007152557, 119113.180300001055002, 0.0 ], [ 13507250.383200004696846, 119111.376899999566376, 0.0 ], [ 13507251.009500004351139, 119109.278100001625717, 0.0 ], [ 13507251.08780000731349, 119107.474800001829863, 0.0 ], [ 13507250.743299998342991, 119105.546999999321997, 0.0 ], [ 13507250.399000007659197, 119103.619300003163517, 0.0 ], [ 13507250.357910081744194, 119102.410968129523098, 0.0 ], [ 13507250.337748851627111, 119101.818086459301412, 0.0 ], [ 13507250.304900005459785, 119100.852100002579391, 0.0 ], [ 13507249.960288099944592, 119099.745702831074595, 0.0 ], [ 13507249.8352, 119099.344100003130734, 0.0 ], [ 13507249.706678673624992, 119098.624731354415417, 0.0 ], [ 13507249.490800008177757, 119097.41640000231564, 0.0 ], [ 13507249.1463, 119095.488599999807775, 0.0 ], [ 13507248.801899995654821, 119093.560899998061359, 0.0 ], [ 13507248.880199998617172, 119091.757500002160668, 0.0 ], [ 13507249.018726740032434, 119090.244257101789117, 0.0 ], [ 13507249.083700008690357, 119089.534500000998378, 0.0 ], [ 13507249.10634208470583, 119089.013009338639677, 0.0 ], [ 13507249.162, 119087.731100000441074, 0.0 ], [ 13507248.817600004374981, 119085.803300001658499, 0.0 ], [ 13507248.807035390287638, 119085.744184137322009, 0.0 ], [ 13507248.670731730759144, 119084.981477124616504, 0.0 ], [ 13507248.4731, 119083.875600000843406, 0.0 ], [ 13507248.551400002092123, 119082.072200000286102, 0.0 ], [ 13507248.629700005054474, 119080.268900000490248, 0.0 ], [ 13507248.684288442134857, 119080.085921404883265, 0.0 ], [ 13507249.13060000166297, 119078.589900000952184, 0.0 ], [ 13507248.976283419877291, 119078.177061394788325, 0.0 ], [ 13507248.3635, 119076.53770000115037, 0.0 ], [ 13507248.327786058187485, 119076.442172643728554, 0.0 ], [ 13507247.5962999984622, 119074.485599999316037, 0.0 ], [ 13507247.2518, 119072.558000000193715, 0.0 ], [ 13507246.907400008291006, 119070.63020000141114, 0.0 ], [ 13507247.011999435722828, 119069.488083184696734, 0.0 ], [ 13507247.111000008881092, 119068.4070999994874, 0.0 ], [ 13507246.7665, 119066.479300001636147, 0.0 ], [ 13507246.814812805503607, 119065.366624687798321, 0.0 ], [ 13507246.844800002872944, 119064.676000001840293, 0.0 ], [ 13507246.077600002288818, 119062.623899999074638, 0.0 ], [ 13507244.76240000128746, 119060.867199998348951, 0.0 ], [ 13507243.322, 119059.530199998989701, 0.0 ], [ 13507241.7564, 119058.612900000996888, 0.0 ], [ 13507239.517500005662441, 119058.410899999551475, 0.0 ], [ 13507237.403900001198053, 119057.788999998942018, 0.0 ], [ 13507235.165000006556511, 119057.587000002153218, 0.0 ], [ 13507233.348900001496077, 119057.509199999272823, 0.0 ], [ 13507231.532700002193451, 119057.431500002741814, 0.0 ], [ 13507229.168600004166365, 119057.649100000970066, 0.0 ], [ 13507227.775200005620718, 119057.695800001733005, 0.0 ], [ 13507225.833800002932549, 119058.037899998947978, 0.0 ], [ 13507224.064600002020597, 119059.343699998222291, 0.0 ], [ 13507223.815317805856466, 119060.179118786938488, 0.0 ], [ 13507223.5636, 119061.022699998691678, 0.0 ], [ 13507223.320727165788412, 119061.836639105342329, 0.0 ], [ 13507222.994552168995142, 119064.270977056585252, 0.0 ], [ 13507222.571173142641783, 119067.430776658467948, 0.0 ] ] ], [ [ [ 13508577.733276940882206, 119604.455947203561664, 0.0 ], [ 13508592.251607488840818, 119593.26135229319334, 0.0 ], [ 13508618.015660345554352, 119563.108804381452501, 0.0 ], [ 13508650.495785351842642, 119518.754263119772077, 0.0 ], [ 13508650.324508089572191, 119506.166775840334594, 0.0 ], [ 13508642.69595292955637, 119493.434593299403787, 0.0 ], [ 13508636.762632250785828, 119487.962911411188543, 0.0 ], [ 13508630.319614674896002, 119485.258273398503661, 0.0 ], [ 13508617.654903836548328, 119488.019990211352706, 0.0 ], [ 13508611.753554910421371, 119487.11422583181411, 0.0 ], [ 13508586.376137480139732, 119459.909052052535117, 0.0 ], [ 13508546.914226584136486, 119476.584487054497004, 0.0 ], [ 13508506.83880216255784, 119498.327539535239339, 0.0 ], [ 13508486.575452543795109, 119511.349089665338397, 0.0 ], [ 13508469.539719395339489, 119496.166471235454082, 0.0 ], [ 13508461.569660283625126, 119496.121751833707094, 0.0 ], [ 13508461.129317108541727, 119496.362587220035493, 0.0 ], [ 13508450.621091146022081, 119508.927619926631451, 0.0 ], [ 13508446.446073811501265, 119514.637359828688204, 0.0 ], [ 13508439.453231580555439, 119521.266512376256287, 0.0 ], [ 13508437.546092815697193, 119526.79080605879426, 0.0 ], [ 13508435.956810466945171, 119533.419958353042603, 0.0 ], [ 13508433.0961022824049, 119540.522621403448284, 0.0 ], [ 13508423.401480108499527, 119543.521523534320295, 0.0 ], [ 13508410.846149731427431, 119546.836099534295499, 0.0 ], [ 13508398.767604053020477, 119549.203653817996383, 0.0 ], [ 13508397.019393492490053, 119551.413371108472347, 0.0 ], [ 13508397.019393492490053, 119556.621990422718227, 0.0 ], [ 13508393.046187706291676, 119565.77653325907886, 0.0 ], [ 13508385.576560754328966, 119572.721358694136143, 0.0 ], [ 13508373.339086879044771, 119574.457565023563802, 0.0 ], [ 13508367.617670491337776, 119582.507248848676682, 0.0 ], [ 13508352.67841662466526, 119594.81852962449193, 0.0 ], [ 13508342.69764756411314, 119589.393882663920522, 0.0 ], [ 13508329.593538876622915, 119582.350920814089477, 0.0 ], [ 13508313.103560071438551, 119601.354458274319768, 0.0 ], [ 13508303.64552216231823, 119598.99941354803741, 0.0 ], [ 13508305.362291362136602, 119608.254975756630301, 0.0 ], [ 13508316.562724322080612, 119612.789883729070425, 0.0 ], [ 13508317.680297490209341, 119616.736191859468818, 0.0 ], [ 13508315.753520559519529, 119620.430739923380315, 0.0 ], [ 13508315.446835365146399, 119621.018782460130751, 0.0 ], [ 13508305.253334112465382, 119636.40564944036305, 0.0 ], [ 13508299.032853946089745, 119649.95951438229531, 0.0 ], [ 13508281.397575493901968, 119666.942689631134272, 0.0 ], [ 13508278.627687036991119, 119673.679634335450828, 0.0 ], [ 13508279.445322047919035, 119678.614219917915761, 0.0 ], [ 13508296.896778043359518, 119700.227958925068378, 0.0 ], [ 13508306.96239772066474, 119720.24074702244252, 0.0 ], [ 13508303.852687750011683, 119736.913555206730962, 0.0 ], [ 13508303.757620897144079, 119737.136765868403018, 0.0 ], [ 13508294.51598808541894, 119742.053149109706283, 0.0 ], [ 13508286.091440368443727, 119757.774519514292479, 0.0 ], [ 13508290.322026267647743, 119762.984647226519883, 0.0 ], [ 13508297.273037914186716, 119779.239555287174881, 0.0 ], [ 13508297.819291085004807, 119785.445770176127553, 0.0 ], [ 13508302.787981741130352, 119793.78560552187264, 0.0 ], [ 13508319.359492819756269, 119804.972898461855948, 0.0 ], [ 13508316.340171616524458, 119817.741199432872236, 0.0 ], [ 13508316.933019205927849, 119819.703787360340357, 0.0 ], [ 13508321.754455987364054, 119822.458334119990468, 0.0 ], [ 13508325.854793705046177, 119821.430005966685712, 0.0 ], [ 13508339.906065180897713, 119806.13450019992888, 0.0 ], [ 13508361.438594296574593, 119768.556732073426247, 0.0 ], [ 13508361.570285249501467, 119768.241539622657001, 0.0 ], [ 13508379.489494994282722, 119743.907157357782125, 0.0 ], [ 13508406.852746780961752, 119723.127763256430626, 0.0 ], [ 13508439.353570345789194, 119711.737202190794051, 0.0 ], [ 13508462.159771710634232, 119699.425925618968904, 0.0 ], [ 13508482.343657236546278, 119688.850854349322617, 0.0 ], [ 13508485.610559571534395, 119686.387461348436773, 0.0 ], [ 13508495.884754251688719, 119671.672430860809982, 0.0 ], [ 13508500.084014438092709, 119664.112933470867574, 0.0 ], [ 13508525.288750901818275, 119637.094708546996117, 0.0 ], [ 13508552.329145777970552, 119614.959589486010373, 0.0 ], [ 13508577.733276940882206, 119604.455947203561664, 0.0 ] ] ] ] } },
{ "type": "Feature", "properties": { "WADMPR": "SULAWESI TENGAH", "WADMKK": "BUOL", "WADMKC": "BUNOBOGU", "WADMKD": "BUNOBOGU", "POKTAN": "KT BUTU JAYA", "LUAS_HA": 5.0712958480800001, "PAKET": "Paket Sulawesi Tengah 6" }, "geometry": { "type": "MultiPolygon", "coordinates": [ [ [ [ 13538539.829259656369686, 115123.344029319472611, 0.0 ], [ 13538539.882393293082714, 115123.731063586659729, 0.0 ], [ 13538576.916227340698242, 115117.325211206451058, 0.0 ], [ 13538569.866517156362534, 115110.189177396707237, 0.0 ], [ 13538557.754725620150566, 115099.155260751955211, 0.0 ], [ 13538556.02868328243494, 115086.348520069383085, 0.0 ], [ 13538550.577320426702499, 115071.603222618810833, 0.0 ], [ 13538549.481595948338509, 115063.089823456481099, 0.0 ], [ 13538533.085500001907349, 115046.174747246317565, 0.0 ], [ 13538527.152179300785065, 115012.923335381783545, 0.0 ], [ 13538520.583145685493946, 114976.094236343167722, 0.0 ], [ 13538498.33162, 114961.310811122879386, 0.0 ], [ 13538486.409884855151176, 114938.614593382924795, 0.0 ], [ 13538470.335336163640022, 114926.01980884000659, 0.0 ], [ 13538463.978206872940063, 114915.602432974614203, 0.0 ], [ 13538463.937807232141495, 114911.681906615383923, 0.0 ], [ 13538460.975486591458321, 114909.741426226682961, 0.0 ], [ 13538403.773983865976334, 114917.541665901429951, 0.0 ], [ 13538403.669726513326168, 114918.421779967844486, 0.0 ], [ 13538415.673041760921478, 114972.634555383585393, 0.0 ], [ 13538454.3507000207901, 114958.189100003801286, 0.0 ], [ 13538476.741899996995926, 114962.872799995355308, 0.0 ], [ 13538479.235731929540634, 114965.541370579972863, 0.0 ], [ 13538480.149463482201099, 114966.519095830619335, 0.0 ], [ 13538488.990999989211559, 114975.98000000230968, 0.0 ], [ 13538492.948450908064842, 114990.028932994231582, 0.0 ], [ 13538493.398850217461586, 114991.627848624251783, 0.0 ], [ 13538493.493400014936924, 114991.963500001467764, 0.0 ], [ 13538502.790199995040894, 114992.293200004845858, 0.0 ], [ 13538503.088100023567677, 114994.327900001779199, 0.0 ], [ 13538507.502065666019917, 115024.481104482896626, 0.0 ], [ 13538509.970182403922081, 115041.341594276018441, 0.0 ], [ 13538515.69590001553297, 115065.917300006374717, 0.0 ], [ 13538519.543900012969971, 115092.20210000500083, 0.0 ], [ 13538533.049099996685982, 115091.193200008943677, 0.0 ], [ 13538534.10130000859499, 115098.856300004757941, 0.0 ], [ 13538534.2055, 115099.615600006654859, 0.0 ], [ 13538536.558400012552738, 115099.521700002253056, 0.0 ], [ 13538536.955068849027157, 115102.410581789910793, 0.0 ], [ 13538538.96670001745224, 115117.061000014655292, 0.0 ], [ 13538539.829259656369686, 115123.344029319472611, 0.0 ] ] ], [ [ [ 13538392.523415319621563, 114981.394172053784132, 0.0 ], [ 13538394.431174635887146, 114988.341347732581198, 0.0 ], [ 13538364.451914146542549, 114993.790017105638981, 0.0 ], [ 13538362.327051132917404, 114982.183367060497403, 0.0 ], [ 13538323.553952977061272, 114988.477998562157154, 0.0 ], [ 13538314.628455683588982, 114981.057957048527896, 0.0 ], [ 13538314.802649296820164, 114980.432178282178938, 0.0 ], [ 13538305.902668282389641, 114962.596370602026582, 0.0 ], [ 13538297.123287916183472, 114956.981375575065613, 0.0 ], [ 13538273.985191263258457, 114907.097530244849622, 0.0 ], [ 13538241.053157553076744, 114926.331659101881087, 0.0 ], [ 13538171.40473286062479, 114965.483956527896225, 0.0 ], [ 13538167.85355544090271, 114966.982568430714309, 0.0 ], [ 13538127.951490700244904, 114987.223683553747833, 0.0 ], [ 13538130.620913051068783, 115010.372813425958157, 0.0 ], [ 13538131.572211623191833, 115018.62243864312768, 0.0 ], [ 13538134.390555426478386, 115043.063008117489517, 0.0 ], [ 13538145.764872647821903, 115141.700633088126779, 0.0 ], [ 13538151.458899892866611, 115191.078999999910593, 0.0 ], [ 13538151.426612563431263, 115213.13412650115788, 0.0 ], [ 13538198.880543008446693, 115210.244303815066814, 0.0 ], [ 13538210.655214481055737, 115193.739557377062738, 0.0 ], [ 13538220.3503, 115180.149800011888146, 0.0 ], [ 13538221.259200021624565, 115179.006900007836521, 0.0 ], [ 13538217.168034009635448, 115172.324393969029188, 0.0 ], [ 13538205.782473020255566, 115172.004866779781878, 0.0 ], [ 13538204.811046339571476, 115139.704929418861866, 0.0 ], [ 13538214.02112740278244, 115138.483716781251132, 0.0 ], [ 13538214.605000011622906, 115136.697600005194545, 0.0 ], [ 13538217.110372766852379, 115129.032990009523928, 0.0 ], [ 13538217.482931278645992, 115127.893233112990856, 0.0 ], [ 13538217.708424277603626, 115127.203389347530901, 0.0 ], [ 13538218.062100023031235, 115126.121399997733533, 0.0 ], [ 13538218.767200030386448, 115122.429700001142919, 0.0 ], [ 13538219.676801204681396, 115121.436395566910505, 0.0 ], [ 13538226.045900017023087, 115114.481200003065169, 0.0 ], [ 13538225.029300011694431, 115105.0260000359267, 0.0 ], [ 13538226.129723630845547, 115104.947400620207191, 0.0 ], [ 13538235.3812, 115104.286599999293685, 0.0 ], [ 13538246.975000001490116, 115091.625700006261468, 0.0 ], [ 13538247.925300046801567, 115090.443100006319582, 0.0 ], [ 13538249.15788346529007, 115089.194696511141956, 0.0 ], [ 13538249.718100316822529, 115088.627289364114404, 0.0 ], [ 13538249.914148300886154, 115088.428725142031908, 0.0 ], [ 13538252.328985989093781, 115085.982893325388432, 0.0 ], [ 13538253.174250856041908, 115085.126779585145414, 0.0 ], [ 13538267.156014606356621, 115070.965561197139323, 0.0 ], [ 13538270.558900013566017, 115067.519000006839633, 0.0 ], [ 13538272.984503850340843, 115070.965561197139323, 0.0 ], [ 13538279.653805986046791, 115080.442029340192676, 0.0 ], [ 13538323.895773477852345, 115073.990543279796839, 0.0 ], [ 13538323.765429928898811, 115070.965561197139323, 0.0 ], [ 13538322.762500025331974, 115047.689800009131432, 0.0 ], [ 13538337.184761896729469, 115044.209988055750728, 0.0 ], [ 13538335.748721227049828, 115030.848156053572893, 0.0 ], [ 13538365.952226459980011, 115024.0896499119699, 0.0 ], [ 13538365.430566422641277, 115022.669675577431917, 0.0 ], [ 13538362.969154253602028, 115014.053430534899235, 0.0 ], [ 13538372.716752514243126, 115011.528006742708385, 0.0 ], [ 13538375.895361363887787, 115022.328607778064907, 0.0 ], [ 13538376.506182447075844, 115023.772792644798756, 0.0 ], [ 13538397.167985141277313, 115017.856056264601648, 0.0 ], [ 13538399.126967541873455, 115024.877665521577001, 0.0 ], [ 13538399.846472196280956, 115024.655263771302998, 0.0 ], [ 13538403.569618135690689, 115023.504424529150128, 0.0 ], [ 13538403.739139154553413, 115023.460409708321095, 0.0 ], [ 13538404.361666567623615, 115025.907838819548488, 0.0 ], [ 13538424.490468457341194, 115017.856318067759275, 0.0 ], [ 13538410.897603340446949, 114978.603452478535473, 0.0 ], [ 13538392.523415319621563, 114981.394172053784132, 0.0 ] ] ], [ [ [ 13538151.389100074768066, 115238.758500142022967, 0.0 ], [ 13538151.334517069160938, 115276.05102816876024, 0.0 ], [ 13538154.301357358694077, 115275.521721810102463, 0.0 ], [ 13538155.095998525619507, 115282.308793262578547, 0.0 ], [ 13538151.324352465569973, 115282.995751301757991, 0.0 ], [ 13538151.31975993514061, 115286.133493673056364, 0.0 ], [ 13538151.282803006470203, 115311.38345187716186, 0.0 ], [ 13538151.259300157427788, 115327.44119995739311, 0.0 ], [ 13538158.123200088739395, 115349.909000049345195, 0.0 ], [ 13538164.908100001513958, 115372.117600013501942, 0.0 ], [ 13538165.099052794277668, 115372.944775870069861, 0.0 ], [ 13538164.413199998438358, 115354.521500004455447, 0.0 ], [ 13538164.098200023174286, 115352.52460000757128, 0.0 ], [ 13538164.184268817305565, 115351.503680349327624, 0.0 ], [ 13538168.289000004529953, 115302.814700000919402, 0.0 ], [ 13538166.728000052273273, 115273.239900001324713, 0.0 ], [ 13538171.861700005829334, 115265.158199994824827, 0.0 ], [ 13538171.296099990606308, 115243.760399992577732, 0.0 ], [ 13538179.05400001257658, 115242.963000010699034, 0.0 ], [ 13538184.688400030136108, 115242.383900003507733, 0.0 ], [ 13538185.849620029330254, 115239.431271745823324, 0.0 ], [ 13538189.510307058691978, 115230.123261239379644, 0.0 ], [ 13538193.059313900768757, 115221.099219002760947, 0.0 ], [ 13538195.156655244529247, 115215.766319474205375, 0.0 ], [ 13538151.418231792747974, 115218.85893527418375, 0.0 ], [ 13538151.389100074768066, 115238.758500142022967, 0.0 ] ] ], [ [ [ 13538191.33060897141695, 115410.832219165749848, 0.0 ], [ 13538190.425941281020641, 115404.620603521354496, 0.0 ], [ 13538179.967978946864605, 115405.833775404840708, 0.0 ], [ 13538179.086359962821007, 115405.936047281138599, 0.0 ], [ 13538175.184946663677692, 115406.388629205524921, 0.0 ], [ 13538171.696249842643738, 115406.79333411809057, 0.0 ], [ 13538166.382100023329258, 115407.409800002351403, 0.0 ], [ 13538165.94941920042038, 115395.787193186581135, 0.0 ], [ 13538165.256174094974995, 115377.165344898588955, 0.0 ], [ 13538155.509700089693069, 115429.95909988693893, 0.0 ], [ 13538152.362083688378334, 115447.008733281865716, 0.0 ], [ 13538150.900107562541962, 115454.927791099064052, 0.0 ], [ 13538149.509187109768391, 115462.461962739937007, 0.0 ], [ 13538144.906927697360516, 115487.390930579043925, 0.0 ], [ 13538144.683703355491161, 115488.600065300241113, 0.0 ], [ 13538144.086799994111061, 115491.833299870602787, 0.0 ], [ 13538143.749799989163876, 115493.658499975688756, 0.0 ], [ 13538146.522539511322975, 115501.653875234536827, 0.0 ], [ 13538147.8011, 115501.528799999505281, 0.0 ], [ 13538155.965400040149689, 115498.35960001219064, 0.0 ], [ 13538157.592800013720989, 115495.610800006426871, 0.0 ], [ 13538162.311300009489059, 115487.639200002886355, 0.0 ], [ 13538165.29610002040863, 115482.59690001513809, 0.0 ], [ 13538169.522900007665157, 115478.61219999846071, 0.0 ], [ 13538170.151699990034103, 115472.144500007852912, 0.0 ], [ 13538171.351900018751621, 115459.800700003281236, 0.0 ], [ 13538170.908000029623508, 115456.502700003795326, 0.0 ], [ 13538170.161200031638145, 115450.952900008298457, 0.0 ], [ 13538169.513500012457371, 115446.141800001263618, 0.0 ], [ 13538169.896100006997585, 115442.722200011834502, 0.0 ], [ 13538169.640100032091141, 115439.772300014272332, 0.0 ], [ 13538168.18860000371933, 115423.048900002613664, 0.0 ], [ 13538167.796900011599064, 115416.117600002326071, 0.0 ], [ 13538169.9054, 115414.625600016675889, 0.0 ], [ 13538171.269821912050247, 115414.269101113080978, 0.0 ], [ 13538171.631134770810604, 115414.174696545116603, 0.0 ], [ 13538174.374899998307228, 115413.457800009287894, 0.0 ], [ 13538176.137239165604115, 115413.184902912937105, 0.0 ], [ 13538181.653077408671379, 115412.330778834410012, 0.0 ], [ 13538191.33060897141695, 115410.832219165749848, 0.0 ] ] ] ] } },
{ "type": "Feature", "properties": { "WADMPR": "SULAWESI TENGAH", "WADMKK": "BUOL", "WADMKC": "BUNOBOGU", "WADMKD": "DOMAG MEKAR", "POKTAN": "KT DOMAG JAYA", "LUAS_HA": 21.001970241900001, "PAKET": "Paket Sulawesi Tengah 6" }, "geometry": { "type": "MultiPolygon", "coordinates": [ [ [ [ 13535434.900349669158459, 114166.646097336895764, 0.0 ], [ 13535446.806623481214046, 114172.20235844142735, 0.0 ], [ 13535477.101475737988949, 114186.357595093548298, 0.0 ], [ 13535498.532768614590168, 114198.263868911191821, 0.0 ], [ 13535526.04949028044939, 114212.683689411729574, 0.0 ], [ 13535569.308951802551746, 114234.511858063749969, 0.0 ], [ 13535582.935020804405212, 114206.069092846475542, 0.0 ], [ 13535587.511559747159481, 114195.899006262421608, 0.0 ], [ 13535591.024171084165573, 114187.033985795453191, 0.0 ], [ 13535592.798872776329517, 114180.158722004853189, 0.0 ], [ 13535593.164186544716358, 114175.044329373165965, 0.0 ], [ 13535593.197236299514771, 114167.201465121470392, 0.0 ], [ 13535592.788655273616314, 114164.709371236152947, 0.0 ], [ 13535589.669514015316963, 114152.999442424625158, 0.0 ], [ 13535585.686248704791069, 114143.596324317157269, 0.0 ], [ 13535585.0956871509552, 114142.649492779746652, 0.0 ], [ 13535581.268050491809845, 114137.758266957476735, 0.0 ], [ 13535579.164353653788567, 114136.054844876751304, 0.0 ], [ 13535576.437240168452263, 114134.268301278352737, 0.0 ], [ 13535572.048431433737278, 114131.063016676343977, 0.0 ], [ 13535570.55927886068821, 114129.599220663309097, 0.0 ], [ 13535569.992567174136639, 114127.570741313509643, 0.0 ], [ 13535570.648125022649765, 114123.929986875504255, 0.0 ], [ 13535582.621184714138508, 114100.223328723572195, 0.0 ], [ 13535598.843826860189438, 114065.795309727080166, 0.0 ], [ 13535599.968602977693081, 114063.189234310761094, 0.0 ], [ 13535583.823249042034149, 114052.326160198077559, 0.0 ], [ 13535576.667272113263607, 114042.690984269604087, 0.0 ], [ 13535576.069179713726044, 114041.46761345025152, 0.0 ], [ 13535566.83509273827076, 114026.589180915616453, 0.0 ], [ 13535561.754146501421928, 114013.090442785061896, 0.0 ], [ 13535560.432163283228874, 114006.083931573666632, 0.0 ], [ 13535560.498309224843979, 113987.761499107815325, 0.0 ], [ 13535552.957669161260128, 113955.61455980502069, 0.0 ], [ 13535542.778466425836086, 113867.300104516558349, 0.0 ], [ 13535526.234699003398418, 113806.521553272381425, 0.0 ], [ 13535517.503431551158428, 113776.358992951922119, 0.0 ], [ 13535507.184660889208317, 113744.873513313941658, 0.0 ], [ 13535503.2159029468894, 113734.819326525554061, 0.0 ], [ 13535498.453393436968327, 113725.558891336433589, 0.0 ], [ 13535489.457542106509209, 113709.683859586715698, 0.0 ], [ 13535480.197106935083866, 113694.867163297720253, 0.0 ], [ 13535477.894412823021412, 113691.566635084338486, 0.0 ], [ 13535469.070354104042053, 113680.22833760920912, 0.0 ], [ 13535467.400957509875298, 113678.521000168286264, 0.0 ], [ 13535458.696334674954414, 113671.354134787805378, 0.0 ], [ 13535450.923816047608852, 113667.320691459812224, 0.0 ], [ 13535441.328847385942936, 113663.587429183535278, 0.0 ], [ 13535420.136570125818253, 113657.56083867046982, 0.0 ], [ 13535412.886933334171772, 113655.724264019168913, 0.0 ], [ 13535373.17981194704771, 113643.880580794997513, 0.0 ], [ 13535370.736348144710064, 113642.896407877095044, 0.0 ], [ 13535335.890997804701328, 113631.593477265909314, 0.0 ], [ 13535314.685135178267956, 113628.412137881852686, 0.0 ], [ 13535302.194607153534889, 113625.855949642136693, 0.0 ], [ 13535299.750912681221962, 113624.95087761618197, 0.0 ], [ 13535285.198800258338451, 113620.320660028606653, 0.0 ], [ 13535275.938365064561367, 113619.989930198527873, 0.0 ], [ 13535266.677929893136024, 113626.604526769369841, 0.0 ], [ 13535258.409684203565121, 113635.864961939863861, 0.0 ], [ 13535252.12581742554903, 113646.779046272858977, 0.0 ], [ 13535248.157059550285339, 113660.008239399641752, 0.0 ], [ 13535248.818519152700901, 113671.91451321169734, 0.0 ], [ 13535253.779466591775417, 113682.828597540035844, 0.0 ], [ 13535261.386252626776695, 113694.073411698453128, 0.0 ], [ 13535263.370631627738476, 113703.003117062151432, 0.0 ], [ 13535262.378442116081715, 113709.617713622748852, 0.0 ], [ 13535256.425305217504501, 113713.917201390489936, 0.0 ], [ 13535236.250785671174526, 113716.23231019359082, 0.0 ], [ 13535224.344511859118938, 113713.917201390489936, 0.0 ], [ 13535211.115318737924099, 113708.956253968179226, 0.0 ], [ 13535199.209044925868511, 113703.664576716721058, 0.0 ], [ 13535183.664743013679981, 113698.372899469919503, 0.0 ], [ 13535172.419928885996342, 113695.065601182170212, 0.0 ], [ 13535162.498033992946148, 113693.411952056922019, 0.0 ], [ 13535154.891247980296612, 113694.404141527600586, 0.0 ], [ 13535146.953732080757618, 113698.372899469919503, 0.0 ], [ 13535138.354756623506546, 113705.318225851282477, 0.0 ], [ 13535133.724538989365101, 113707.964064488187432, 0.0 ], [ 13535127.771402105689049, 113705.979685510508716, 0.0 ], [ 13535120.495345860719681, 113699.3650889582932, 0.0 ], [ 13535109.911991342902184, 113686.135895832441747, 0.0 ], [ 13535093.044770084321499, 113676.544730804860592, 0.0 ], [ 13535088.893508337438107, 113674.293099991045892, 0.0 ], [ 13535047.563600964844227, 113656.098961485549808, 0.0 ], [ 13535035.047237992286682, 113653.428712327033281, 0.0 ], [ 13535028.365861989557743, 113656.483834291808307, 0.0 ], [ 13535022.306179814040661, 113660.503011239692569, 0.0 ], [ 13534996.620317049324512, 113675.766521233133972, 0.0 ], [ 13534990.932200856506824, 113679.871313817799091, 0.0 ], [ 13534984.57817467302084, 113683.412556200288236, 0.0 ], [ 13534978.492745824158192, 113685.793810944072902, 0.0 ], [ 13534972.547140464186668, 113690.616547028534114, 0.0 ], [ 13534966.844103284180164, 113697.717150239273906, 0.0 ], [ 13534963.940633431077003, 113704.843849055469036, 0.0 ], [ 13534961.559378653764725, 113714.104284235276282, 0.0 ], [ 13534961.559378653764725, 113720.983464675955474, 0.0 ], [ 13534962.169989563524723, 113726.326310425065458, 0.0 ], [ 13534964.734892837703228, 113734.093315745703876, 0.0 ], [ 13534968.438559047877789, 113740.827254364266992, 0.0 ], [ 13534973.730236299335957, 113746.648099325597286, 0.0 ], [ 13534991.213456638157368, 113761.324553264304996, 0.0 ], [ 13534996.473338954150677, 113765.031039084307849, 0.0 ], [ 13535008.169237717986107, 113775.033937022089958, 0.0 ], [ 13535015.719450138509274, 113781.491243622265756, 0.0 ], [ 13535024.049657739698887, 113787.01396753359586, 0.0 ], [ 13535029.649760447442532, 113789.868921878747642, 0.0 ], [ 13535033.576901145279408, 113793.247104785405099, 0.0 ], [ 13535037.230363309383392, 113796.389865476638079, 0.0 ], [ 13535038.024114951491356, 113799.035704104229808, 0.0 ], [ 13535038.024114951491356, 113802.739878179505467, 0.0 ], [ 13535035.675316341221333, 113806.393564846366644, 0.0 ], [ 13535033.576901145279408, 113807.530354712158442, 0.0 ], [ 13535028.820813082158566, 113810.106905227527022, 0.0 ], [ 13535020.096072547137737, 113810.714604942128062, 0.0 ], [ 13535014.665800012648106, 113810.017198684625328, 0.0 ], [ 13535013.25369469076395, 113810.413641110993922, 0.0 ], [ 13535011.935248628258705, 113811.916669632308185, 0.0 ], [ 13535010.306802153587341, 113815.620705865323544, 0.0 ], [ 13535009.503633826971054, 113819.449629089795053, 0.0 ], [ 13535008.255626261234283, 113825.399222700856626, 0.0 ], [ 13535008.415895767509937, 113831.72913830075413, 0.0 ], [ 13535009.018470585346222, 113833.27861634735018, 0.0 ], [ 13535011.382678009569645, 113836.506673274561763, 0.0 ], [ 13535016.709679938852787, 113840.819008165039122, 0.0 ], [ 13535019.274187952280045, 113843.15037908218801, 0.0 ], [ 13535041.049968153238297, 113866.006893337704241, 0.0 ], [ 13535046.465561293065548, 113871.691262922249734, 0.0 ], [ 13535056.90492957085371, 113883.290560978464782, 0.0 ], [ 13535065.239321209490299, 113892.815580029040575, 0.0 ], [ 13535071.986209720373154, 113899.165592728182673, 0.0 ], [ 13535077.846506543457508, 113903.413132046349347, 0.0 ], [ 13535096.553249023854733, 113912.267311911098659, 0.0 ], [ 13535106.128747209906578, 113915.663511642254889, 0.0 ], [ 13535118.703116431832314, 113921.557280259206891, 0.0 ], [ 13535140.804472357034683, 113923.824808716773987, 0.0 ], [ 13535147.36615215241909, 113925.306478346697986, 0.0 ], [ 13535155.409501574933529, 113927.634816339239478, 0.0 ], [ 13535161.759514302015305, 113929.963154323399067, 0.0 ], [ 13535166.627857357263565, 113933.138160674832761, 0.0 ], [ 13535170.649532042443752, 113936.948168297298253, 0.0 ], [ 13535173.401204220950603, 113940.334841737523675, 0.0 ], [ 13535175.729542218148708, 113944.568183537572622, 0.0 ], [ 13535188.429567597806454, 113969.756567250005901, 0.0 ], [ 13535191.213779583573341, 113975.915053820237517, 0.0 ], [ 13535200.327896244823933, 113991.500177383422852, 0.0 ], [ 13535208.114606983959675, 114001.506630750373006, 0.0 ], [ 13535211.020257629454136, 114004.506012066267431, 0.0 ], [ 13535219.429941713809967, 114010.769702207297087, 0.0 ], [ 13535228.382711514830589, 114015.458711242303252, 0.0 ], [ 13535233.617200002074242, 114017.707200003787875, 0.0 ], [ 13535278.880300007760525, 114014.433400001376867, 0.0 ], [ 13535300.569600030779839, 114080.689199998043478, 0.0 ], [ 13535315.222564250230789, 114129.822748498991132, 0.0 ], [ 13535319.522052027285099, 114143.051941625773907, 0.0 ], [ 13535322.167890645563602, 114150.989457510411739, 0.0 ], [ 13535326.678289413452148, 114166.112559248693287, 0.0 ], [ 13535332.903270706534386, 114165.058594165369868, 0.0 ], [ 13535359.758532710373402, 114162.280463597737253, 0.0 ], [ 13535376.956483758985996, 114159.766916909255087, 0.0 ], [ 13535398.123192749917507, 114158.840873383916914, 0.0 ], [ 13535416.247187338769436, 114161.089836214669049, 0.0 ], [ 13535434.900349669158459, 114166.646097336895764, 0.0 ] ] ] ] } }
]
}
